date,No. of Veh,Service interval,Run time (min),Term time (min),Avg. spd (km/h),Time of Day (morning: 0-late evening: 4)*,Weekday=0/Sat=1/Sun=2,RT dist (km),Interruption,time period start,time period end,EB/WB,stop,bunch,gap,"delay time (5,19]","delay time (19,120]"
2025-01-04,16,10:00,151,9,12.0,1,1,30.13,0,2025-01-04 08:00:00,2025-01-04 12:00:00,E,Woodfield Rd,4,4,1,1
2025-01-04,16,10:00,151,9,12.0,1,1,30.13,0,2025-01-04 08:00:00,2025-01-04 12:00:00,E,Coxwell Ave at Gerrard St East,0,0,0,0
2025-01-04,16,10:00,151,9,12.0,1,1,30.13,0,2025-01-04 08:00:00,2025-01-04 12:00:00,E,Euclid Ave,0,2,2,0
2025-01-04,16,10:00,151,9,12.0,1,1,30.13,0,2025-01-04 08:00:00,2025-01-04 12:00:00,E,Bowmore Rd,2,2,0,0
2025-01-04,16,10:00,151,9,12.0,1,1,30.13,0,2025-01-04 08:00:00,2025-01-04 12:00:00,E,Bay St,2,2,2,0
2025-01-04,16,10:00,151,9,12.0,1,1,30.13,0,2025-01-04 08:00:00,2025-01-04 12:00:00,E,Lansdowne Ave,3,2,1,0
2025-01-04,16,10:00,151,9,12.0,1,1,30.13,0,2025-01-04 08:00:00,2025-01-04 12:00:00,E,Indian Rd,0,3,1,1
2025-01-04,16,10:00,151,9,12.0,1,1,30.13,0,2025-01-04 08:00:00,2025-01-04 12:00:00,E,Grace St,0,2,2,0
2025-01-04,16,10:00,151,9,12.0,1,1,30.13,0,2025-01-04 08:00:00,2025-01-04 12:00:00,E,Dufferin St,4,2,1,1
2025-01-04,16,10:00,151,9,12.0,1,1,30.13,0,2025-01-04 08:00:00,2025-01-04 12:00:00,E,Gerrard St East at Beaton Ave,2,2,0,0
2025-01-04,16,10:00,151,9,12.0,1,1,30.13,0,2025-01-04 08:00:00,2025-01-04 12:00:00,E,Bathurst St,0,2,2,0
2025-01-04,16,10:00,151,9,12.0,1,1,30.13,0,2025-01-04 08:00:00,2025-01-04 12:00:00,E,Yonge St - College Station,2,2,1,1
2025-01-04,16,10:00,151,9,12.0,1,1,30.13,0,2025-01-04 08:00:00,2025-01-04 12:00:00,E,Dundas St West at Sterling Rd,0,0,1,0
2025-01-04,16,10:00,151,9,12.0,1,1,30.13,0,2025-01-04 08:00:00,2025-01-04 12:00:00,E,Brock Ave,1,2,1,0
2025-01-04,16,10:00,151,9,12.0,1,1,30.13,0,2025-01-04 08:00:00,2025-01-04 12:00:00,E,Sackville St,0,1,2,0
2025-01-04,16,10:00,151,9,12.0,1,1,30.13,0,2025-01-04 08:00:00,2025-01-04 12:00:00,E,Carlaw Ave,2,2,1,1
2025-01-04,16,10:00,151,9,12.0,1,1,30.13,0,2025-01-04 08:00:00,2025-01-04 12:00:00,E,Borden St,1,1,2,0
2025-01-04,16,10:00,151,9,12.0,1,1,30.13,0,2025-01-04 08:00:00,2025-01-04 12:00:00,E,Dundas St West at Sorauren Ave,0,1,1,0
2025-01-04,16,10:00,151,9,12.0,1,1,30.13,0,2025-01-04 08:00:00,2025-01-04 12:00:00,E,Crawford St,0,3,3,0
2025-01-04,16,10:00,151,9,12.0,1,1,30.13,0,2025-01-04 08:00:00,2025-01-04 12:00:00,E,Pape Ave,3,2,1,1
2025-01-04,16,10:00,151,9,12.0,1,1,30.13,0,2025-01-04 08:00:00,2025-01-04 12:00:00,E,Spadina Ave,1,1,2,0
2025-01-04,16,10:00,151,9,12.0,1,1,30.13,0,2025-01-04 08:00:00,2025-01-04 12:00:00,E,River St,0,1,2,0
2025-01-04,16,10:00,151,9,12.0,1,1,30.13,0,2025-01-04 08:00:00,2025-01-04 12:00:00,E,Marjory Ave,3,3,1,1
2025-01-04,16,10:00,151,9,12.0,1,1,30.13,0,2025-01-04 08:00:00,2025-01-04 12:00:00,E,Kingsmount Park Rd,3,2,0,0
2025-01-04,16,10:00,151,9,12.0,1,1,30.13,0,2025-01-04 08:00:00,2025-01-04 12:00:00,E,Church St,0,1,1,0
2025-01-04,16,10:00,151,9,12.0,1,1,30.13,0,2025-01-04 08:00:00,2025-01-04 12:00:00,E,Ossington Ave,3,1,3,0
2025-01-04,16,10:00,151,9,12.0,1,1,30.13,0,2025-01-04 08:00:00,2025-01-04 12:00:00,E,Woodbine Ave,2,2,0,0
2025-01-04,16,10:00,151,9,12.0,1,1,30.13,0,2025-01-04 08:00:00,2025-01-04 12:00:00,E,Jones Ave,3,3,1,1
2025-01-04,16,10:00,151,9,12.0,1,1,30.13,0,2025-01-04 08:00:00,2025-01-04 12:00:00,E,Golfview Ave,3,2,0,0
2025-01-04,16,10:00,151,9,12.0,1,1,30.13,0,2025-01-04 08:00:00,2025-01-04 12:00:00,E,Leslie St,3,2,1,1
2025-01-04,16,10:00,151,9,12.0,1,1,30.13,0,2025-01-04 08:00:00,2025-01-04 12:00:00,E,St Matthews Rd,0,1,2,0
2025-01-04,16,10:00,151,9,12.0,1,1,30.13,0,2025-01-04 08:00:00,2025-01-04 12:00:00,E,Jarvis St,0,1,1,0
2025-01-04,16,10:00,151,9,12.0,1,1,30.13,0,2025-01-04 08:00:00,2025-01-04 12:00:00,E,Sherbourne St,0,1,1,0
2025-01-04,16,10:00,151,9,12.0,1,1,30.13,0,2025-01-04 08:00:00,2025-01-04 12:00:00,E,St George St,0,2,2,0
2025-01-04,16,10:00,151,9,12.0,1,1,30.13,0,2025-01-04 08:00:00,2025-01-04 12:00:00,E,Dovercourt Rd,1,2,3,0
2025-01-04,16,10:00,151,9,12.0,1,1,30.13,0,2025-01-04 08:00:00,2025-01-04 12:00:00,E,Glenmount Park Rd,3,2,0,0
2025-01-04,16,10:00,151,9,12.0,1,1,30.13,0,2025-01-04 08:00:00,2025-01-04 12:00:00,E,Prust Ave,1,2,1,1
2025-01-04,16,10:00,151,9,12.0,1,1,30.13,0,2025-01-04 08:00:00,2025-01-04 12:00:00,E,Main Street Station at Bay 7,0,0,0,0
2025-01-04,16,10:00,151,9,12.0,1,1,30.13,0,2025-01-04 08:00:00,2025-01-04 12:00:00,E,Norwood Rd,3,2,0,0
2025-01-04,16,10:00,151,9,12.0,1,1,30.13,0,2025-01-04 08:00:00,2025-01-04 12:00:00,E,McCaul St,1,2,2,0
2025-01-04,16,10:00,151,9,12.0,1,1,30.13,0,2025-01-04 08:00:00,2025-01-04 12:00:00,E,Broadview Ave,0,1,2,0
2025-01-04,16,10:00,151,9,12.0,1,1,30.13,0,2025-01-04 08:00:00,2025-01-04 12:00:00,E,Ontario St,0,1,1,0
2025-01-04,16,10:00,151,9,12.0,1,1,30.13,0,2025-01-04 08:00:00,2025-01-04 12:00:00,E,Rusholme Park Cres,0,0,1,0
2025-01-04,16,10:00,151,9,12.0,1,1,30.13,0,2025-01-04 08:00:00,2025-01-04 12:00:00,E,Havelock St,3,2,1,1
2025-01-04,16,10:00,151,9,12.0,1,1,30.13,0,2025-01-04 08:00:00,2025-01-04 12:00:00,E,High Park Loop,0,6,2,2
2025-01-04,16,10:00,151,9,12.0,1,1,30.13,0,2025-01-04 08:00:00,2025-01-04 12:00:00,E,Queens Park (Queen's Park Station),1,2,2,0
2025-01-04,16,10:00,151,9,12.0,1,1,30.13,0,2025-01-04 08:00:00,2025-01-04 12:00:00,E,Roncesvalles Ave,0,0,1,0
2025-01-04,16,10:00,151,9,12.0,1,1,30.13,0,2025-01-04 08:00:00,2025-01-04 12:00:00,E,De Grassi St,1,1,2,0
2025-01-04,16,10:00,151,9,12.0,1,1,30.13,0,2025-01-04 08:00:00,2025-01-04 12:00:00,E,Parliament St at Carlton St,0,1,1,0
2025-01-04,16,10:00,151,9,12.0,1,1,30.13,0,2025-01-04 08:00:00,2025-01-04 12:00:00,E,Parkside Dr East Side,0,3,1,1
2025-01-04,16,10:00,151,9,12.0,1,1,30.13,0,2025-01-04 08:00:00,2025-01-04 12:00:00,E,Dundas St West,0,0,0,0
2025-01-04,16,10:00,151,9,12.0,1,1,30.13,0,2025-01-04 08:00:00,2025-01-04 12:00:00,E,Howard Park Ave at Roncesvalles Ave,0,0,0,0
2025-01-04,16,10:00,151,9,12.0,1,1,30.13,0,2025-01-04 08:00:00,2025-01-04 12:00:00,E,Parliament St,0,0,0,0
2025-01-04,16,10:00,151,9,12.0,1,1,30.13,0,2025-01-04 08:00:00,2025-01-04 12:00:00,E,Parliament St at Gerrard St East,0,0,0,0
2025-01-04,16,10:00,151,9,12.0,1,1,30.13,0,2025-01-04 08:00:00,2025-01-04 12:00:00,E,Sumach St,0,0,0,0
2025-01-04,16,10:00,151,9,12.0,1,1,30.13,0,2025-01-04 08:00:00,2025-01-04 12:00:00,E,Blackburn St,0,0,0,0
2025-01-04,16,10:00,151,9,12.0,1,1,30.13,0,2025-01-04 08:00:00,2025-01-04 12:00:00,E,Logan Ave,0,0,0,0
2025-01-04,16,10:00,151,9,12.0,1,1,30.13,0,2025-01-04 08:00:00,2025-01-04 12:00:00,E,Augusta Ave,0,0,0,0
2025-01-04,16,10:00,151,9,12.0,1,1,30.13,0,2025-01-04 08:00:00,2025-01-04 12:00:00,E,Beverley St,0,0,0,0
2025-01-04,16,10:00,151,9,12.0,1,1,30.13,0,2025-01-04 08:00:00,2025-01-04 12:00:00,E,University Ave (Queen's Park Station,0,0,0,0
2025-01-04,16,10:00,151,9,12.0,1,1,30.13,0,2025-01-04 08:00:00,2025-01-04 12:00:00,E,Elizabeth St,0,0,0,0
2025-01-04,16,10:00,151,9,12.0,1,1,30.13,0,2025-01-04 08:00:00,2025-01-04 12:00:00,E,Greenwood Ave,0,0,0,0
2025-01-04,16,10:00,151,9,12.0,1,1,30.13,0,2025-01-04 08:00:00,2025-01-04 12:00:00,E,Alton Ave,0,0,0,0
2025-01-04,16,10:00,151,9,12.0,1,1,30.13,0,2025-01-04 08:00:00,2025-01-04 12:00:00,E,Coxwell Ave,0,0,0,0
2025-01-04,16,10:00,151,9,12.0,1,1,30.13,0,2025-01-04 08:00:00,2025-01-04 12:00:00,E,Gerrard St East  at Coxwell Ave,0,0,0,0
2025-01-04,16,10:00,151,9,12.0,1,1,30.13,0,2025-01-04 08:00:00,2025-01-04 12:00:00,E,Coxwell Ave at Lower Gerrard St East,0,0,0,0
2025-01-04,16,10:00,151,9,12.0,1,1,30.13,0,2025-01-04 08:00:00,2025-01-04 12:00:00,E,Ashdale Ave,0,0,0,0
2025-01-04,16,10:00,151,9,12.0,1,1,30.13,0,2025-01-04 08:00:00,2025-01-04 12:00:00,E,Howard Park Ave at Indian Rd,0,0,0,0
2025-01-04,16,10:00,151,9,12.0,1,1,30.13,0,2025-01-04 08:00:00,2025-01-04 12:00:00,E,Dundas St West at Howard Park Ave,0,0,0,0
2025-01-04,16,10:00,151,9,12.0,1,1,30.13,0,2025-01-04 08:00:00,2025-01-04 12:00:00,E,Main St at Gerrard St East,0,0,0,0
2025-01-04,16,10:00,151,9,12.0,1,1,30.13,0,2025-01-04 08:00:00,2025-01-04 12:00:00,E,Main St,0,0,0,0
2025-01-04,16,10:00,151,9,12.0,1,1,30.13,0,2025-01-04 08:00:00,2025-01-04 12:00:00,E,Main St at Danforth Ave,0,0,0,0
2025-01-04,16,10:00,151,9,12.0,1,1,30.13,0,2025-01-04 08:00:00,2025-01-04 12:00:00,E,Howard Park Ave at Parkside Dr,0,0,0,0
2025-01-04,16,10:00,151,9,12.0,1,1,30.13,0,2025-01-04 08:00:00,2025-01-04 12:00:00,W,Woodfield Rd,0,1,0,0
2025-01-04,16,10:00,151,9,12.0,1,1,30.13,0,2025-01-04 08:00:00,2025-01-04 12:00:00,W,Coxwell Ave at Gerrard St East,0,1,0,0
2025-01-04,16,10:00,151,9,12.0,1,1,30.13,0,2025-01-04 08:00:00,2025-01-04 12:00:00,W,Euclid Ave,0,0,0,0
2025-01-04,16,10:00,151,9,12.0,1,1,30.13,0,2025-01-04 08:00:00,2025-01-04 12:00:00,W,Bowmore Rd,0,2,0,0
2025-01-04,16,10:00,151,9,12.0,1,1,30.13,0,2025-01-04 08:00:00,2025-01-04 12:00:00,W,Bay St,0,0,0,0
2025-01-04,16,10:00,151,9,12.0,1,1,30.13,0,2025-01-04 08:00:00,2025-01-04 12:00:00,W,Lansdowne Ave,0,0,0,0
2025-01-04,16,10:00,151,9,12.0,1,1,30.13,0,2025-01-04 08:00:00,2025-01-04 12:00:00,W,Indian Rd,0,2,1,0
2025-01-04,16,10:00,151,9,12.0,1,1,30.13,0,2025-01-04 08:00:00,2025-01-04 12:00:00,W,Grace St,0,0,0,0
2025-01-04,16,10:00,151,9,12.0,1,1,30.13,0,2025-01-04 08:00:00,2025-01-04 12:00:00,W,Dufferin St,2,2,1,0
2025-01-04,16,10:00,151,9,12.0,1,1,30.13,0,2025-01-04 08:00:00,2025-01-04 12:00:00,W,Gerrard St East at Beaton Ave,0,0,0,0
2025-01-04,16,10:00,151,9,12.0,1,1,30.13,0,2025-01-04 08:00:00,2025-01-04 12:00:00,W,Bathurst St,0,0,0,0
2025-01-04,16,10:00,151,9,12.0,1,1,30.13,0,2025-01-04 08:00:00,2025-01-04 12:00:00,W,Yonge St - College Station,0,0,0,0
2025-01-04,16,10:00,151,9,12.0,1,1,30.13,0,2025-01-04 08:00:00,2025-01-04 12:00:00,W,Dundas St West at Sterling Rd,0,0,0,0
2025-01-04,16,10:00,151,9,12.0,1,1,30.13,0,2025-01-04 08:00:00,2025-01-04 12:00:00,W,Brock Ave,0,0,0,0
2025-01-04,16,10:00,151,9,12.0,1,1,30.13,0,2025-01-04 08:00:00,2025-01-04 12:00:00,W,Sackville St,2,1,1,0
2025-01-04,16,10:00,151,9,12.0,1,1,30.13,0,2025-01-04 08:00:00,2025-01-04 12:00:00,W,Carlaw Ave,0,0,0,0
2025-01-04,16,10:00,151,9,12.0,1,1,30.13,0,2025-01-04 08:00:00,2025-01-04 12:00:00,W,Borden St,0,0,0,0
2025-01-04,16,10:00,151,9,12.0,1,1,30.13,0,2025-01-04 08:00:00,2025-01-04 12:00:00,W,Dundas St West at Sorauren Ave,1,3,1,0
2025-01-04,16,10:00,151,9,12.0,1,1,30.13,0,2025-01-04 08:00:00,2025-01-04 12:00:00,W,Crawford St,0,0,0,0
2025-01-04,16,10:00,151,9,12.0,1,1,30.13,0,2025-01-04 08:00:00,2025-01-04 12:00:00,W,Pape Ave,0,0,0,0
2025-01-04,16,10:00,151,9,12.0,1,1,30.13,0,2025-01-04 08:00:00,2025-01-04 12:00:00,W,Spadina Ave,0,0,1,0
2025-01-04,16,10:00,151,9,12.0,1,1,30.13,0,2025-01-04 08:00:00,2025-01-04 12:00:00,W,River St,2,1,1,0
2025-01-04,16,10:00,151,9,12.0,1,1,30.13,0,2025-01-04 08:00:00,2025-01-04 12:00:00,W,Marjory Ave,0,0,0,0
2025-01-04,16,10:00,151,9,12.0,1,1,30.13,0,2025-01-04 08:00:00,2025-01-04 12:00:00,W,Kingsmount Park Rd,0,0,0,0
2025-01-04,16,10:00,151,9,12.0,1,1,30.13,0,2025-01-04 08:00:00,2025-01-04 12:00:00,W,Church St,0,0,0,0
2025-01-04,16,10:00,151,9,12.0,1,1,30.13,0,2025-01-04 08:00:00,2025-01-04 12:00:00,W,Ossington Ave,0,0,0,0
2025-01-04,16,10:00,151,9,12.0,1,1,30.13,0,2025-01-04 08:00:00,2025-01-04 12:00:00,W,Woodbine Ave,0,0,0,0
2025-01-04,16,10:00,151,9,12.0,1,1,30.13,0,2025-01-04 08:00:00,2025-01-04 12:00:00,W,Jones Ave,0,0,0,0
2025-01-04,16,10:00,151,9,12.0,1,1,30.13,0,2025-01-04 08:00:00,2025-01-04 12:00:00,W,Golfview Ave,0,0,0,0
2025-01-04,16,10:00,151,9,12.0,1,1,30.13,0,2025-01-04 08:00:00,2025-01-04 12:00:00,W,Leslie St,0,0,0,0
2025-01-04,16,10:00,151,9,12.0,1,1,30.13,0,2025-01-04 08:00:00,2025-01-04 12:00:00,W,St Matthews Rd,0,0,0,0
2025-01-04,16,10:00,151,9,12.0,1,1,30.13,0,2025-01-04 08:00:00,2025-01-04 12:00:00,W,Jarvis St,0,0,0,0
2025-01-04,16,10:00,151,9,12.0,1,1,30.13,0,2025-01-04 08:00:00,2025-01-04 12:00:00,W,Sherbourne St,0,0,0,0
2025-01-04,16,10:00,151,9,12.0,1,1,30.13,0,2025-01-04 08:00:00,2025-01-04 12:00:00,W,St George St,0,0,0,0
2025-01-04,16,10:00,151,9,12.0,1,1,30.13,0,2025-01-04 08:00:00,2025-01-04 12:00:00,W,Dovercourt Rd,0,0,0,0
2025-01-04,16,10:00,151,9,12.0,1,1,30.13,0,2025-01-04 08:00:00,2025-01-04 12:00:00,W,Glenmount Park Rd,0,0,0,0
2025-01-04,16,10:00,151,9,12.0,1,1,30.13,0,2025-01-04 08:00:00,2025-01-04 12:00:00,W,Prust Ave,0,0,0,0
2025-01-04,16,10:00,151,9,12.0,1,1,30.13,0,2025-01-04 08:00:00,2025-01-04 12:00:00,W,Main Street Station at Bay 7,0,2,0,0
2025-01-04,16,10:00,151,9,12.0,1,1,30.13,0,2025-01-04 08:00:00,2025-01-04 12:00:00,W,Norwood Rd,0,0,0,0
2025-01-04,16,10:00,151,9,12.0,1,1,30.13,0,2025-01-04 08:00:00,2025-01-04 12:00:00,W,McCaul St,0,0,0,0
2025-01-04,16,10:00,151,9,12.0,1,1,30.13,0,2025-01-04 08:00:00,2025-01-04 12:00:00,W,Broadview Ave,0,0,0,0
2025-01-04,16,10:00,151,9,12.0,1,1,30.13,0,2025-01-04 08:00:00,2025-01-04 12:00:00,W,Ontario St,0,0,0,0
2025-01-04,16,10:00,151,9,12.0,1,1,30.13,0,2025-01-04 08:00:00,2025-01-04 12:00:00,W,Rusholme Park Cres,0,0,0,0
2025-01-04,16,10:00,151,9,12.0,1,1,30.13,0,2025-01-04 08:00:00,2025-01-04 12:00:00,W,Havelock St,0,0,0,0
2025-01-04,16,10:00,151,9,12.0,1,1,30.13,0,2025-01-04 08:00:00,2025-01-04 12:00:00,W,High Park Loop,0,0,0,0
2025-01-04,16,10:00,151,9,12.0,1,1,30.13,0,2025-01-04 08:00:00,2025-01-04 12:00:00,W,Queens Park (Queen's Park Station),0,0,0,0
2025-01-04,16,10:00,151,9,12.0,1,1,30.13,0,2025-01-04 08:00:00,2025-01-04 12:00:00,W,Roncesvalles Ave,0,3,1,0
2025-01-04,16,10:00,151,9,12.0,1,1,30.13,0,2025-01-04 08:00:00,2025-01-04 12:00:00,W,De Grassi St,0,0,0,0
2025-01-04,16,10:00,151,9,12.0,1,1,30.13,0,2025-01-04 08:00:00,2025-01-04 12:00:00,W,Parliament St at Carlton St,0,0,0,0
2025-01-04,16,10:00,151,9,12.0,1,1,30.13,0,2025-01-04 08:00:00,2025-01-04 12:00:00,W,Parkside Dr East Side,0,0,0,0
2025-01-04,16,10:00,151,9,12.0,1,1,30.13,0,2025-01-04 08:00:00,2025-01-04 12:00:00,W,Dundas St West,0,0,0,0
2025-01-04,16,10:00,151,9,12.0,1,1,30.13,0,2025-01-04 08:00:00,2025-01-04 12:00:00,W,Howard Park Ave at Roncesvalles Ave,0,0,0,0
2025-01-04,16,10:00,151,9,12.0,1,1,30.13,0,2025-01-04 08:00:00,2025-01-04 12:00:00,W,Parliament St,0,0,0,0
2025-01-04,16,10:00,151,9,12.0,1,1,30.13,0,2025-01-04 08:00:00,2025-01-04 12:00:00,W,Parliament St at Gerrard St East,0,0,0,0
2025-01-04,16,10:00,151,9,12.0,1,1,30.13,0,2025-01-04 08:00:00,2025-01-04 12:00:00,W,Sumach St,0,0,0,0
2025-01-04,16,10:00,151,9,12.0,1,1,30.13,0,2025-01-04 08:00:00,2025-01-04 12:00:00,W,Blackburn St,0,0,0,0
2025-01-04,16,10:00,151,9,12.0,1,1,30.13,0,2025-01-04 08:00:00,2025-01-04 12:00:00,W,Logan Ave,0,0,0,0
2025-01-04,16,10:00,151,9,12.0,1,1,30.13,0,2025-01-04 08:00:00,2025-01-04 12:00:00,W,Augusta Ave,0,0,0,0
2025-01-04,16,10:00,151,9,12.0,1,1,30.13,0,2025-01-04 08:00:00,2025-01-04 12:00:00,W,Beverley St,0,0,0,0
2025-01-04,16,10:00,151,9,12.0,1,1,30.13,0,2025-01-04 08:00:00,2025-01-04 12:00:00,W,University Ave (Queen's Park Station,0,0,0,0
2025-01-04,16,10:00,151,9,12.0,1,1,30.13,0,2025-01-04 08:00:00,2025-01-04 12:00:00,W,Elizabeth St,0,0,0,0
2025-01-04,16,10:00,151,9,12.0,1,1,30.13,0,2025-01-04 08:00:00,2025-01-04 12:00:00,W,Greenwood Ave,0,0,0,0
2025-01-04,16,10:00,151,9,12.0,1,1,30.13,0,2025-01-04 08:00:00,2025-01-04 12:00:00,W,Alton Ave,0,0,0,0
2025-01-04,16,10:00,151,9,12.0,1,1,30.13,0,2025-01-04 08:00:00,2025-01-04 12:00:00,W,Coxwell Ave,0,0,0,0
2025-01-04,16,10:00,151,9,12.0,1,1,30.13,0,2025-01-04 08:00:00,2025-01-04 12:00:00,W,Gerrard St East  at Coxwell Ave,0,0,0,0
2025-01-04,16,10:00,151,9,12.0,1,1,30.13,0,2025-01-04 08:00:00,2025-01-04 12:00:00,W,Coxwell Ave at Lower Gerrard St East,0,0,0,0
2025-01-04,16,10:00,151,9,12.0,1,1,30.13,0,2025-01-04 08:00:00,2025-01-04 12:00:00,W,Ashdale Ave,0,0,0,0
2025-01-04,16,10:00,151,9,12.0,1,1,30.13,0,2025-01-04 08:00:00,2025-01-04 12:00:00,W,Howard Park Ave at Indian Rd,0,0,0,0
2025-01-04,16,10:00,151,9,12.0,1,1,30.13,0,2025-01-04 08:00:00,2025-01-04 12:00:00,W,Dundas St West at Howard Park Ave,0,0,0,0
2025-01-04,16,10:00,151,9,12.0,1,1,30.13,0,2025-01-04 08:00:00,2025-01-04 12:00:00,W,Main St at Gerrard St East,0,0,0,0
2025-01-04,16,10:00,151,9,12.0,1,1,30.13,0,2025-01-04 08:00:00,2025-01-04 12:00:00,W,Main St,0,0,0,0
2025-01-04,16,10:00,151,9,12.0,1,1,30.13,0,2025-01-04 08:00:00,2025-01-04 12:00:00,W,Main St at Danforth Ave,0,0,0,0
2025-01-04,16,10:00,151,9,12.0,1,1,30.13,0,2025-01-04 08:00:00,2025-01-04 12:00:00,W,Howard Park Ave at Parkside Dr,0,0,0,0
2025-01-11,16,10:00,151,9,12.0,1,1,30.13,0,2025-01-11 08:00:00,2025-01-11 12:00:00,E,Woodfield Rd,4,4,4,1
2025-01-11,16,10:00,151,9,12.0,1,1,30.13,0,2025-01-11 08:00:00,2025-01-11 12:00:00,E,Coxwell Ave at Gerrard St East,0,0,0,0
2025-01-11,16,10:00,151,9,12.0,1,1,30.13,0,2025-01-11 08:00:00,2025-01-11 12:00:00,E,Euclid Ave,4,5,4,1
2025-01-11,16,10:00,151,9,12.0,1,1,30.13,0,2025-01-11 08:00:00,2025-01-11 12:00:00,E,Bowmore Rd,2,3,5,0
2025-01-11,16,10:00,151,9,12.0,1,1,30.13,0,2025-01-11 08:00:00,2025-01-11 12:00:00,E,Bay St,5,4,6,1
2025-01-11,16,10:00,151,9,12.0,1,1,30.13,0,2025-01-11 08:00:00,2025-01-11 12:00:00,E,Lansdowne Ave,6,7,9,1
2025-01-11,16,10:00,151,9,12.0,1,1,30.13,0,2025-01-11 08:00:00,2025-01-11 12:00:00,E,Indian Rd,0,4,6,0
2025-01-11,16,10:00,151,9,12.0,1,1,30.13,0,2025-01-11 08:00:00,2025-01-11 12:00:00,E,Grace St,3,8,9,1
2025-01-11,16,10:00,151,9,12.0,1,1,30.13,0,2025-01-11 08:00:00,2025-01-11 12:00:00,E,Dufferin St,5,3,3,1
2025-01-11,16,10:00,151,9,12.0,1,1,30.13,0,2025-01-11 08:00:00,2025-01-11 12:00:00,E,Gerrard St East at Beaton Ave,3,3,5,0
2025-01-11,16,10:00,151,9,12.0,1,1,30.13,0,2025-01-11 08:00:00,2025-01-11 12:00:00,E,Bathurst St,4,5,5,1
2025-01-11,16,10:00,151,9,12.0,1,1,30.13,0,2025-01-11 08:00:00,2025-01-11 12:00:00,E,Yonge St - College Station,5,4,6,2
2025-01-11,16,10:00,151,9,12.0,1,1,30.13,0,2025-01-11 08:00:00,2025-01-11 12:00:00,E,Dundas St West at Sterling Rd,3,3,3,1
2025-01-11,16,10:00,151,9,12.0,1,1,30.13,0,2025-01-11 08:00:00,2025-01-11 12:00:00,E,Brock Ave,4,6,6,1
2025-01-11,16,10:00,151,9,12.0,1,1,30.13,0,2025-01-11 08:00:00,2025-01-11 12:00:00,E,Sackville St,3,5,3,1
2025-01-11,16,10:00,151,9,12.0,1,1,30.13,0,2025-01-11 08:00:00,2025-01-11 12:00:00,E,Carlaw Ave,4,4,4,2
2025-01-11,16,10:00,151,9,12.0,1,1,30.13,0,2025-01-11 08:00:00,2025-01-11 12:00:00,E,Borden St,3,5,5,1
2025-01-11,16,10:00,151,9,12.0,1,1,30.13,0,2025-01-11 08:00:00,2025-01-11 12:00:00,E,Dundas St West at Sorauren Ave,3,3,2,1
2025-01-11,16,10:00,151,9,12.0,1,1,30.13,0,2025-01-11 08:00:00,2025-01-11 12:00:00,E,Crawford St,3,8,7,1
2025-01-11,16,10:00,151,9,12.0,1,1,30.13,0,2025-01-11 08:00:00,2025-01-11 12:00:00,E,Pape Ave,4,5,4,2
2025-01-11,16,10:00,151,9,12.0,1,1,30.13,0,2025-01-11 08:00:00,2025-01-11 12:00:00,E,Spadina Ave,3,6,5,1
2025-01-11,16,10:00,151,9,12.0,1,1,30.13,0,2025-01-11 08:00:00,2025-01-11 12:00:00,E,River St,3,4,3,1
2025-01-11,16,10:00,151,9,12.0,1,1,30.13,0,2025-01-11 08:00:00,2025-01-11 12:00:00,E,Marjory Ave,4,5,6,2
2025-01-11,16,10:00,151,9,12.0,1,1,30.13,0,2025-01-11 08:00:00,2025-01-11 12:00:00,E,Kingsmount Park Rd,2,3,4,0
2025-01-11,16,10:00,151,9,12.0,1,1,30.13,0,2025-01-11 08:00:00,2025-01-11 12:00:00,E,Church St,3,4,2,1
2025-01-11,16,10:00,151,9,12.0,1,1,30.13,0,2025-01-11 08:00:00,2025-01-11 12:00:00,E,Ossington Ave,5,10,8,1
2025-01-11,16,10:00,151,9,12.0,1,1,30.13,0,2025-01-11 08:00:00,2025-01-11 12:00:00,E,Woodbine Ave,2,3,4,0
2025-01-11,16,10:00,151,9,12.0,1,1,30.13,0,2025-01-11 08:00:00,2025-01-11 12:00:00,E,Jones Ave,4,5,7,2
2025-01-11,16,10:00,151,9,12.0,1,1,30.13,0,2025-01-11 08:00:00,2025-01-11 12:00:00,E,Golfview Ave,2,4,6,0
2025-01-11,16,10:00,151,9,12.0,1,1,30.13,0,2025-01-11 08:00:00,2025-01-11 12:00:00,E,Leslie St,4,5,7,2
2025-01-11,16,10:00,151,9,12.0,1,1,30.13,0,2025-01-11 08:00:00,2025-01-11 12:00:00,E,St Matthews Rd,3,4,3,1
2025-01-11,16,10:00,151,9,12.0,1,1,30.13,0,2025-01-11 08:00:00,2025-01-11 12:00:00,E,Jarvis St,4,4,3,1
2025-01-11,16,10:00,151,9,12.0,1,1,30.13,0,2025-01-11 08:00:00,2025-01-11 12:00:00,E,Sherbourne St,4,4,3,1
2025-01-11,16,10:00,151,9,12.0,1,1,30.13,0,2025-01-11 08:00:00,2025-01-11 12:00:00,E,St George St,5,5,5,1
2025-01-11,16,10:00,151,9,12.0,1,1,30.13,0,2025-01-11 08:00:00,2025-01-11 12:00:00,E,Dovercourt Rd,5,6,8,1
2025-01-11,16,10:00,151,9,12.0,1,1,30.13,0,2025-01-11 08:00:00,2025-01-11 12:00:00,E,Glenmount Park Rd,2,4,6,0
2025-01-11,16,10:00,151,9,12.0,1,1,30.13,0,2025-01-11 08:00:00,2025-01-11 12:00:00,E,Prust Ave,3,5,7,1
2025-01-11,16,10:00,151,9,12.0,1,1,30.13,0,2025-01-11 08:00:00,2025-01-11 12:00:00,E,Main Street Station at Bay 7,0,0,0,0
2025-01-11,16,10:00,151,9,12.0,1,1,30.13,0,2025-01-11 08:00:00,2025-01-11 12:00:00,E,Norwood Rd,2,4,6,0
2025-01-11,16,10:00,151,9,12.0,1,1,30.13,0,2025-01-11 08:00:00,2025-01-11 12:00:00,E,McCaul St,4,4,5,1
2025-01-11,16,10:00,151,9,12.0,1,1,30.13,0,2025-01-11 08:00:00,2025-01-11 12:00:00,E,Broadview Ave,3,4,4,1
2025-01-11,16,10:00,151,9,12.0,1,1,30.13,0,2025-01-11 08:00:00,2025-01-11 12:00:00,E,Ontario St,2,4,5,1
2025-01-11,16,10:00,151,9,12.0,1,1,30.13,0,2025-01-11 08:00:00,2025-01-11 12:00:00,E,Rusholme Park Cres,2,3,3,1
2025-01-11,16,10:00,151,9,12.0,1,1,30.13,0,2025-01-11 08:00:00,2025-01-11 12:00:00,E,Havelock St,3,4,5,0
2025-01-11,16,10:00,151,9,12.0,1,1,30.13,0,2025-01-11 08:00:00,2025-01-11 12:00:00,E,High Park Loop,0,8,14,0
2025-01-11,16,10:00,151,9,12.0,1,1,30.13,0,2025-01-11 08:00:00,2025-01-11 12:00:00,E,Queens Park (Queen's Park Station),4,4,5,1
2025-01-11,16,10:00,151,9,12.0,1,1,30.13,0,2025-01-11 08:00:00,2025-01-11 12:00:00,E,Roncesvalles Ave,2,3,3,1
2025-01-11,16,10:00,151,9,12.0,1,1,30.13,0,2025-01-11 08:00:00,2025-01-11 12:00:00,E,De Grassi St,5,4,3,1
2025-01-11,16,10:00,151,9,12.0,1,1,30.13,0,2025-01-11 08:00:00,2025-01-11 12:00:00,E,Parliament St at Carlton St,3,4,4,1
2025-01-11,16,10:00,151,9,12.0,1,1,30.13,0,2025-01-11 08:00:00,2025-01-11 12:00:00,E,Parkside Dr East Side,0,4,7,0
2025-01-11,16,10:00,151,9,12.0,1,1,30.13,0,2025-01-11 08:00:00,2025-01-11 12:00:00,E,Dundas St West,0,0,0,0
2025-01-11,16,10:00,151,9,12.0,1,1,30.13,0,2025-01-11 08:00:00,2025-01-11 12:00:00,E,Howard Park Ave at Roncesvalles Ave,0,0,0,0
2025-01-11,16,10:00,151,9,12.0,1,1,30.13,0,2025-01-11 08:00:00,2025-01-11 12:00:00,E,Parliament St,0,0,0,0
2025-01-11,16,10:00,151,9,12.0,1,1,30.13,0,2025-01-11 08:00:00,2025-01-11 12:00:00,E,Parliament St at Gerrard St East,0,0,0,0
2025-01-11,16,10:00,151,9,12.0,1,1,30.13,0,2025-01-11 08:00:00,2025-01-11 12:00:00,E,Sumach St,0,0,0,0
2025-01-11,16,10:00,151,9,12.0,1,1,30.13,0,2025-01-11 08:00:00,2025-01-11 12:00:00,E,Blackburn St,0,0,0,0
2025-01-11,16,10:00,151,9,12.0,1,1,30.13,0,2025-01-11 08:00:00,2025-01-11 12:00:00,E,Logan Ave,0,0,0,0
2025-01-11,16,10:00,151,9,12.0,1,1,30.13,0,2025-01-11 08:00:00,2025-01-11 12:00:00,E,Augusta Ave,0,0,0,0
2025-01-11,16,10:00,151,9,12.0,1,1,30.13,0,2025-01-11 08:00:00,2025-01-11 12:00:00,E,Beverley St,0,0,0,0
2025-01-11,16,10:00,151,9,12.0,1,1,30.13,0,2025-01-11 08:00:00,2025-01-11 12:00:00,E,University Ave (Queen's Park Station,0,0,0,0
2025-01-11,16,10:00,151,9,12.0,1,1,30.13,0,2025-01-11 08:00:00,2025-01-11 12:00:00,E,Elizabeth St,0,0,0,0
2025-01-11,16,10:00,151,9,12.0,1,1,30.13,0,2025-01-11 08:00:00,2025-01-11 12:00:00,E,Greenwood Ave,0,0,0,0
2025-01-11,16,10:00,151,9,12.0,1,1,30.13,0,2025-01-11 08:00:00,2025-01-11 12:00:00,E,Alton Ave,0,0,0,0
2025-01-11,16,10:00,151,9,12.0,1,1,30.13,0,2025-01-11 08:00:00,2025-01-11 12:00:00,E,Coxwell Ave,0,0,0,0
2025-01-11,16,10:00,151,9,12.0,1,1,30.13,0,2025-01-11 08:00:00,2025-01-11 12:00:00,E,Gerrard St East  at Coxwell Ave,0,0,0,0
2025-01-11,16,10:00,151,9,12.0,1,1,30.13,0,2025-01-11 08:00:00,2025-01-11 12:00:00,E,Coxwell Ave at Lower Gerrard St East,0,0,0,0
2025-01-11,16,10:00,151,9,12.0,1,1,30.13,0,2025-01-11 08:00:00,2025-01-11 12:00:00,E,Ashdale Ave,0,0,0,0
2025-01-11,16,10:00,151,9,12.0,1,1,30.13,0,2025-01-11 08:00:00,2025-01-11 12:00:00,E,Howard Park Ave at Indian Rd,0,0,0,0
2025-01-11,16,10:00,151,9,12.0,1,1,30.13,0,2025-01-11 08:00:00,2025-01-11 12:00:00,E,Dundas St West at Howard Park Ave,0,0,0,0
2025-01-11,16,10:00,151,9,12.0,1,1,30.13,0,2025-01-11 08:00:00,2025-01-11 12:00:00,E,Main St at Gerrard St East,0,0,0,0
2025-01-11,16,10:00,151,9,12.0,1,1,30.13,0,2025-01-11 08:00:00,2025-01-11 12:00:00,E,Main St,0,0,0,0
2025-01-11,16,10:00,151,9,12.0,1,1,30.13,0,2025-01-11 08:00:00,2025-01-11 12:00:00,E,Main St at Danforth Ave,0,0,0,0
2025-01-11,16,10:00,151,9,12.0,1,1,30.13,0,2025-01-11 08:00:00,2025-01-11 12:00:00,E,Howard Park Ave at Parkside Dr,0,0,0,0
2025-01-11,16,10:00,151,9,12.0,1,1,30.13,0,2025-01-11 08:00:00,2025-01-11 12:00:00,W,Woodfield Rd,3,4,6,1
2025-01-11,16,10:00,151,9,12.0,1,1,30.13,0,2025-01-11 08:00:00,2025-01-11 12:00:00,W,Coxwell Ave at Gerrard St East,2,4,7,1
2025-01-11,16,10:00,151,9,12.0,1,1,30.13,0,2025-01-11 08:00:00,2025-01-11 12:00:00,W,Euclid Ave,0,0,0,0
2025-01-11,16,10:00,151,9,12.0,1,1,30.13,0,2025-01-11 08:00:00,2025-01-11 12:00:00,W,Bowmore Rd,1,3,7,2
2025-01-11,16,10:00,151,9,12.0,1,1,30.13,0,2025-01-11 08:00:00,2025-01-11 12:00:00,W,Bay St,1,3,5,1
2025-01-11,16,10:00,151,9,12.0,1,1,30.13,0,2025-01-11 08:00:00,2025-01-11 12:00:00,W,Lansdowne Ave,0,0,0,0
2025-01-11,16,10:00,151,9,12.0,1,1,30.13,0,2025-01-11 08:00:00,2025-01-11 12:00:00,W,Indian Rd,4,4,4,0
2025-01-11,16,10:00,151,9,12.0,1,1,30.13,0,2025-01-11 08:00:00,2025-01-11 12:00:00,W,Grace St,0,0,0,0
2025-01-11,16,10:00,151,9,12.0,1,1,30.13,0,2025-01-11 08:00:00,2025-01-11 12:00:00,W,Dufferin St,7,4,6,0
2025-01-11,16,10:00,151,9,12.0,1,1,30.13,0,2025-01-11 08:00:00,2025-01-11 12:00:00,W,Gerrard St East at Beaton Ave,2,5,8,1
2025-01-11,16,10:00,151,9,12.0,1,1,30.13,0,2025-01-11 08:00:00,2025-01-11 12:00:00,W,Bathurst St,0,0,0,0
2025-01-11,16,10:00,151,9,12.0,1,1,30.13,0,2025-01-11 08:00:00,2025-01-11 12:00:00,W,Yonge St - College Station,0,0,0,0
2025-01-11,16,10:00,151,9,12.0,1,1,30.13,0,2025-01-11 08:00:00,2025-01-11 12:00:00,W,Dundas St West at Sterling Rd,0,0,0,0
2025-01-11,16,10:00,151,9,12.0,1,1,30.13,0,2025-01-11 08:00:00,2025-01-11 12:00:00,W,Brock Ave,0,0,0,0
2025-01-11,16,10:00,151,9,12.0,1,1,30.13,0,2025-01-11 08:00:00,2025-01-11 12:00:00,W,Sackville St,5,5,6,1
2025-01-11,16,10:00,151,9,12.0,1,1,30.13,0,2025-01-11 08:00:00,2025-01-11 12:00:00,W,Carlaw Ave,0,0,0,0
2025-01-11,16,10:00,151,9,12.0,1,1,30.13,0,2025-01-11 08:00:00,2025-01-11 12:00:00,W,Borden St,0,0,0,0
2025-01-11,16,10:00,151,9,12.0,1,1,30.13,0,2025-01-11 08:00:00,2025-01-11 12:00:00,W,Dundas St West at Sorauren Ave,3,4,3,0
2025-01-11,16,10:00,151,9,12.0,1,1,30.13,0,2025-01-11 08:00:00,2025-01-11 12:00:00,W,Crawford St,0,0,0,0
2025-01-11,16,10:00,151,9,12.0,1,1,30.13,0,2025-01-11 08:00:00,2025-01-11 12:00:00,W,Pape Ave,0,0,0,0
2025-01-11,16,10:00,151,9,12.0,1,1,30.13,0,2025-01-11 08:00:00,2025-01-11 12:00:00,W,Spadina Ave,4,4,6,1
2025-01-11,16,10:00,151,9,12.0,1,1,30.13,0,2025-01-11 08:00:00,2025-01-11 12:00:00,W,River St,6,5,6,1
2025-01-11,16,10:00,151,9,12.0,1,1,30.13,0,2025-01-11 08:00:00,2025-01-11 12:00:00,W,Marjory Ave,0,0,0,0
2025-01-11,16,10:00,151,9,12.0,1,1,30.13,0,2025-01-11 08:00:00,2025-01-11 12:00:00,W,Kingsmount Park Rd,0,0,0,0
2025-01-11,16,10:00,151,9,12.0,1,1,30.13,0,2025-01-11 08:00:00,2025-01-11 12:00:00,W,Church St,0,0,0,0
2025-01-11,16,10:00,151,9,12.0,1,1,30.13,0,2025-01-11 08:00:00,2025-01-11 12:00:00,W,Ossington Ave,0,0,0,0
2025-01-11,16,10:00,151,9,12.0,1,1,30.13,0,2025-01-11 08:00:00,2025-01-11 12:00:00,W,Woodbine Ave,0,0,0,0
2025-01-11,16,10:00,151,9,12.0,1,1,30.13,0,2025-01-11 08:00:00,2025-01-11 12:00:00,W,Jones Ave,0,0,0,0
2025-01-11,16,10:00,151,9,12.0,1,1,30.13,0,2025-01-11 08:00:00,2025-01-11 12:00:00,W,Golfview Ave,0,0,0,0
2025-01-11,16,10:00,151,9,12.0,1,1,30.13,0,2025-01-11 08:00:00,2025-01-11 12:00:00,W,Leslie St,0,0,0,0
2025-01-11,16,10:00,151,9,12.0,1,1,30.13,0,2025-01-11 08:00:00,2025-01-11 12:00:00,W,St Matthews Rd,0,0,0,0
2025-01-11,16,10:00,151,9,12.0,1,1,30.13,0,2025-01-11 08:00:00,2025-01-11 12:00:00,W,Jarvis St,0,0,0,0
2025-01-11,16,10:00,151,9,12.0,1,1,30.13,0,2025-01-11 08:00:00,2025-01-11 12:00:00,W,Sherbourne St,0,0,0,0
2025-01-11,16,10:00,151,9,12.0,1,1,30.13,0,2025-01-11 08:00:00,2025-01-11 12:00:00,W,St George St,0,0,0,0
2025-01-11,16,10:00,151,9,12.0,1,1,30.13,0,2025-01-11 08:00:00,2025-01-11 12:00:00,W,Dovercourt Rd,0,0,0,0
2025-01-11,16,10:00,151,9,12.0,1,1,30.13,0,2025-01-11 08:00:00,2025-01-11 12:00:00,W,Glenmount Park Rd,0,0,0,0
2025-01-11,16,10:00,151,9,12.0,1,1,30.13,0,2025-01-11 08:00:00,2025-01-11 12:00:00,W,Prust Ave,0,0,0,0
2025-01-11,16,10:00,151,9,12.0,1,1,30.13,0,2025-01-11 08:00:00,2025-01-11 12:00:00,W,Main Street Station at Bay 7,1,3,9,2
2025-01-11,16,10:00,151,9,12.0,1,1,30.13,0,2025-01-11 08:00:00,2025-01-11 12:00:00,W,Norwood Rd,0,0,0,0
2025-01-11,16,10:00,151,9,12.0,1,1,30.13,0,2025-01-11 08:00:00,2025-01-11 12:00:00,W,McCaul St,0,0,0,0
2025-01-11,16,10:00,151,9,12.0,1,1,30.13,0,2025-01-11 08:00:00,2025-01-11 12:00:00,W,Broadview Ave,0,0,0,0
2025-01-11,16,10:00,151,9,12.0,1,1,30.13,0,2025-01-11 08:00:00,2025-01-11 12:00:00,W,Ontario St,0,0,0,0
2025-01-11,16,10:00,151,9,12.0,1,1,30.13,0,2025-01-11 08:00:00,2025-01-11 12:00:00,W,Rusholme Park Cres,0,0,0,0
2025-01-11,16,10:00,151,9,12.0,1,1,30.13,0,2025-01-11 08:00:00,2025-01-11 12:00:00,W,Havelock St,0,0,0,0
2025-01-11,16,10:00,151,9,12.0,1,1,30.13,0,2025-01-11 08:00:00,2025-01-11 12:00:00,W,High Park Loop,0,0,0,0
2025-01-11,16,10:00,151,9,12.0,1,1,30.13,0,2025-01-11 08:00:00,2025-01-11 12:00:00,W,Queens Park (Queen's Park Station),0,0,0,0
2025-01-11,16,10:00,151,9,12.0,1,1,30.13,0,2025-01-11 08:00:00,2025-01-11 12:00:00,W,Roncesvalles Ave,3,4,4,0
2025-01-11,16,10:00,151,9,12.0,1,1,30.13,0,2025-01-11 08:00:00,2025-01-11 12:00:00,W,De Grassi St,0,0,0,0
2025-01-11,16,10:00,151,9,12.0,1,1,30.13,0,2025-01-11 08:00:00,2025-01-11 12:00:00,W,Parliament St at Carlton St,0,0,0,0
2025-01-11,16,10:00,151,9,12.0,1,1,30.13,0,2025-01-11 08:00:00,2025-01-11 12:00:00,W,Parkside Dr East Side,0,0,0,0
2025-01-11,16,10:00,151,9,12.0,1,1,30.13,0,2025-01-11 08:00:00,2025-01-11 12:00:00,W,Dundas St West,2,4,4,0
2025-01-11,16,10:00,151,9,12.0,1,1,30.13,0,2025-01-11 08:00:00,2025-01-11 12:00:00,W,Howard Park Ave at Roncesvalles Ave,0,0,0,0
2025-01-11,16,10:00,151,9,12.0,1,1,30.13,0,2025-01-11 08:00:00,2025-01-11 12:00:00,W,Parliament St,0,0,0,0
2025-01-11,16,10:00,151,9,12.0,1,1,30.13,0,2025-01-11 08:00:00,2025-01-11 12:00:00,W,Parliament St at Gerrard St East,0,0,0,0
2025-01-11,16,10:00,151,9,12.0,1,1,30.13,0,2025-01-11 08:00:00,2025-01-11 12:00:00,W,Sumach St,0,0,0,0
2025-01-11,16,10:00,151,9,12.0,1,1,30.13,0,2025-01-11 08:00:00,2025-01-11 12:00:00,W,Blackburn St,0,0,0,0
2025-01-11,16,10:00,151,9,12.0,1,1,30.13,0,2025-01-11 08:00:00,2025-01-11 12:00:00,W,Logan Ave,0,0,0,0
2025-01-11,16,10:00,151,9,12.0,1,1,30.13,0,2025-01-11 08:00:00,2025-01-11 12:00:00,W,Augusta Ave,0,0,0,0
2025-01-11,16,10:00,151,9,12.0,1,1,30.13,0,2025-01-11 08:00:00,2025-01-11 12:00:00,W,Beverley St,0,0,0,0
2025-01-11,16,10:00,151,9,12.0,1,1,30.13,0,2025-01-11 08:00:00,2025-01-11 12:00:00,W,University Ave (Queen's Park Station,0,0,0,0
2025-01-11,16,10:00,151,9,12.0,1,1,30.13,0,2025-01-11 08:00:00,2025-01-11 12:00:00,W,Elizabeth St,0,0,0,0
2025-01-11,16,10:00,151,9,12.0,1,1,30.13,0,2025-01-11 08:00:00,2025-01-11 12:00:00,W,Greenwood Ave,0,0,0,0
2025-01-11,16,10:00,151,9,12.0,1,1,30.13,0,2025-01-11 08:00:00,2025-01-11 12:00:00,W,Alton Ave,0,0,0,0
2025-01-11,16,10:00,151,9,12.0,1,1,30.13,0,2025-01-11 08:00:00,2025-01-11 12:00:00,W,Coxwell Ave,0,0,0,0
2025-01-11,16,10:00,151,9,12.0,1,1,30.13,0,2025-01-11 08:00:00,2025-01-11 12:00:00,W,Gerrard St East  at Coxwell Ave,0,0,0,0
2025-01-11,16,10:00,151,9,12.0,1,1,30.13,0,2025-01-11 08:00:00,2025-01-11 12:00:00,W,Coxwell Ave at Lower Gerrard St East,0,0,0,0
2025-01-11,16,10:00,151,9,12.0,1,1,30.13,0,2025-01-11 08:00:00,2025-01-11 12:00:00,W,Ashdale Ave,0,0,0,0
2025-01-11,16,10:00,151,9,12.0,1,1,30.13,0,2025-01-11 08:00:00,2025-01-11 12:00:00,W,Howard Park Ave at Indian Rd,0,0,0,0
2025-01-11,16,10:00,151,9,12.0,1,1,30.13,0,2025-01-11 08:00:00,2025-01-11 12:00:00,W,Dundas St West at Howard Park Ave,0,0,0,0
2025-01-11,16,10:00,151,9,12.0,1,1,30.13,0,2025-01-11 08:00:00,2025-01-11 12:00:00,W,Main St at Gerrard St East,0,0,0,0
2025-01-11,16,10:00,151,9,12.0,1,1,30.13,0,2025-01-11 08:00:00,2025-01-11 12:00:00,W,Main St,0,0,0,0
2025-01-11,16,10:00,151,9,12.0,1,1,30.13,0,2025-01-11 08:00:00,2025-01-11 12:00:00,W,Main St at Danforth Ave,0,0,0,0
2025-01-11,16,10:00,151,9,12.0,1,1,30.13,0,2025-01-11 08:00:00,2025-01-11 12:00:00,W,Howard Park Ave at Parkside Dr,0,0,0,0
2025-01-18,16,10:00,151,9,12.0,1,1,30.13,0,2025-01-18 08:00:00,2025-01-18 12:00:00,E,Woodfield Rd,2,1,1,0
2025-01-18,16,10:00,151,9,12.0,1,1,30.13,0,2025-01-18 08:00:00,2025-01-18 12:00:00,E,Coxwell Ave at Gerrard St East,0,0,0,0
2025-01-18,16,10:00,151,9,12.0,1,1,30.13,0,2025-01-18 08:00:00,2025-01-18 12:00:00,E,Euclid Ave,2,0,0,0
2025-01-18,16,10:00,151,9,12.0,1,1,30.13,0,2025-01-18 08:00:00,2025-01-18 12:00:00,E,Bowmore Rd,2,1,1,0
2025-01-18,16,10:00,151,9,12.0,1,1,30.13,0,2025-01-18 08:00:00,2025-01-18 12:00:00,E,Bay St,2,0,0,0
2025-01-18,16,10:00,151,9,12.0,1,1,30.13,0,2025-01-18 08:00:00,2025-01-18 12:00:00,E,Lansdowne Ave,4,1,1,0
2025-01-18,16,10:00,151,9,12.0,1,1,30.13,0,2025-01-18 08:00:00,2025-01-18 12:00:00,E,Indian Rd,1,0,2,0
2025-01-18,16,10:00,151,9,12.0,1,1,30.13,0,2025-01-18 08:00:00,2025-01-18 12:00:00,E,Grace St,2,0,0,0
2025-01-18,16,10:00,151,9,12.0,1,1,30.13,0,2025-01-18 08:00:00,2025-01-18 12:00:00,E,Dufferin St,3,1,1,0
2025-01-18,16,10:00,151,9,12.0,1,1,30.13,0,2025-01-18 08:00:00,2025-01-18 12:00:00,E,Gerrard St East at Beaton Ave,2,1,1,0
2025-01-18,16,10:00,151,9,12.0,1,1,30.13,0,2025-01-18 08:00:00,2025-01-18 12:00:00,E,Bathurst St,1,0,0,0
2025-01-18,16,10:00,151,9,12.0,1,1,30.13,0,2025-01-18 08:00:00,2025-01-18 12:00:00,E,Yonge St - College Station,0,0,0,0
2025-01-18,16,10:00,151,9,12.0,1,1,30.13,0,2025-01-18 08:00:00,2025-01-18 12:00:00,E,Dundas St West at Sterling Rd,0,0,0,0
2025-01-18,16,10:00,151,9,12.0,1,1,30.13,0,2025-01-18 08:00:00,2025-01-18 12:00:00,E,Brock Ave,3,1,2,0
2025-01-18,16,10:00,151,9,12.0,1,1,30.13,0,2025-01-18 08:00:00,2025-01-18 12:00:00,E,Sackville St,1,0,0,0
2025-01-18,16,10:00,151,9,12.0,1,1,30.13,0,2025-01-18 08:00:00,2025-01-18 12:00:00,E,Carlaw Ave,1,0,0,0
2025-01-18,16,10:00,151,9,12.0,1,1,30.13,0,2025-01-18 08:00:00,2025-01-18 12:00:00,E,Borden St,2,0,0,0
2025-01-18,16,10:00,151,9,12.0,1,1,30.13,0,2025-01-18 08:00:00,2025-01-18 12:00:00,E,Dundas St West at Sorauren Ave,0,0,1,0
2025-01-18,16,10:00,151,9,12.0,1,1,30.13,0,2025-01-18 08:00:00,2025-01-18 12:00:00,E,Crawford St,2,0,0,0
2025-01-18,16,10:00,151,9,12.0,1,1,30.13,0,2025-01-18 08:00:00,2025-01-18 12:00:00,E,Pape Ave,1,0,0,0
2025-01-18,16,10:00,151,9,12.0,1,1,30.13,0,2025-01-18 08:00:00,2025-01-18 12:00:00,E,Spadina Ave,2,0,0,0
2025-01-18,16,10:00,151,9,12.0,1,1,30.13,0,2025-01-18 08:00:00,2025-01-18 12:00:00,E,River St,1,0,0,0
2025-01-18,16,10:00,151,9,12.0,1,1,30.13,0,2025-01-18 08:00:00,2025-01-18 12:00:00,E,Marjory Ave,1,0,0,0
2025-01-18,16,10:00,151,9,12.0,1,1,30.13,0,2025-01-18 08:00:00,2025-01-18 12:00:00,E,Kingsmount Park Rd,2,1,1,0
2025-01-18,16,10:00,151,9,12.0,1,1,30.13,0,2025-01-18 08:00:00,2025-01-18 12:00:00,E,Church St,0,0,1,0
2025-01-18,16,10:00,151,9,12.0,1,1,30.13,0,2025-01-18 08:00:00,2025-01-18 12:00:00,E,Ossington Ave,3,0,0,0
2025-01-18,16,10:00,151,9,12.0,1,1,30.13,0,2025-01-18 08:00:00,2025-01-18 12:00:00,E,Woodbine Ave,4,1,1,0
2025-01-18,16,10:00,151,9,12.0,1,1,30.13,0,2025-01-18 08:00:00,2025-01-18 12:00:00,E,Jones Ave,1,0,1,0
2025-01-18,16,10:00,151,9,12.0,1,1,30.13,0,2025-01-18 08:00:00,2025-01-18 12:00:00,E,Golfview Ave,4,1,1,0
2025-01-18,16,10:00,151,9,12.0,1,1,30.13,0,2025-01-18 08:00:00,2025-01-18 12:00:00,E,Leslie St,1,0,1,0
2025-01-18,16,10:00,151,9,12.0,1,1,30.13,0,2025-01-18 08:00:00,2025-01-18 12:00:00,E,St Matthews Rd,1,0,0,0
2025-01-18,16,10:00,151,9,12.0,1,1,30.13,0,2025-01-18 08:00:00,2025-01-18 12:00:00,E,Jarvis St,1,0,0,0
2025-01-18,16,10:00,151,9,12.0,1,1,30.13,0,2025-01-18 08:00:00,2025-01-18 12:00:00,E,Sherbourne St,1,0,0,0
2025-01-18,16,10:00,151,9,12.0,1,1,30.13,0,2025-01-18 08:00:00,2025-01-18 12:00:00,E,St George St,2,0,0,0
2025-01-18,16,10:00,151,9,12.0,1,1,30.13,0,2025-01-18 08:00:00,2025-01-18 12:00:00,E,Dovercourt Rd,3,0,0,0
2025-01-18,16,10:00,151,9,12.0,1,1,30.13,0,2025-01-18 08:00:00,2025-01-18 12:00:00,E,Glenmount Park Rd,4,2,1,0
2025-01-18,16,10:00,151,9,12.0,1,1,30.13,0,2025-01-18 08:00:00,2025-01-18 12:00:00,E,Prust Ave,2,1,1,0
2025-01-18,16,10:00,151,9,12.0,1,1,30.13,0,2025-01-18 08:00:00,2025-01-18 12:00:00,E,Main Street Station at Bay 7,0,0,0,0
2025-01-18,16,10:00,151,9,12.0,1,1,30.13,0,2025-01-18 08:00:00,2025-01-18 12:00:00,E,Norwood Rd,3,2,1,0
2025-01-18,16,10:00,151,9,12.0,1,1,30.13,0,2025-01-18 08:00:00,2025-01-18 12:00:00,E,McCaul St,2,0,0,0
2025-01-18,16,10:00,151,9,12.0,1,1,30.13,0,2025-01-18 08:00:00,2025-01-18 12:00:00,E,Broadview Ave,1,0,0,0
2025-01-18,16,10:00,151,9,12.0,1,1,30.13,0,2025-01-18 08:00:00,2025-01-18 12:00:00,E,Ontario St,1,1,1,0
2025-01-18,16,10:00,151,9,12.0,1,1,30.13,0,2025-01-18 08:00:00,2025-01-18 12:00:00,E,Rusholme Park Cres,0,0,0,0
2025-01-18,16,10:00,151,9,12.0,1,1,30.13,0,2025-01-18 08:00:00,2025-01-18 12:00:00,E,Havelock St,1,1,1,0
2025-01-18,16,10:00,151,9,12.0,1,1,30.13,0,2025-01-18 08:00:00,2025-01-18 12:00:00,E,High Park Loop,1,0,3,0
2025-01-18,16,10:00,151,9,12.0,1,1,30.13,0,2025-01-18 08:00:00,2025-01-18 12:00:00,E,Queens Park (Queen's Park Station),2,0,0,0
2025-01-18,16,10:00,151,9,12.0,1,1,30.13,0,2025-01-18 08:00:00,2025-01-18 12:00:00,E,Roncesvalles Ave,1,0,0,0
2025-01-18,16,10:00,151,9,12.0,1,1,30.13,0,2025-01-18 08:00:00,2025-01-18 12:00:00,E,De Grassi St,1,0,0,0
2025-01-18,16,10:00,151,9,12.0,1,1,30.13,0,2025-01-18 08:00:00,2025-01-18 12:00:00,E,Parliament St at Carlton St,1,0,0,0
2025-01-18,16,10:00,151,9,12.0,1,1,30.13,0,2025-01-18 08:00:00,2025-01-18 12:00:00,E,Parkside Dr East Side,1,0,2,0
2025-01-18,16,10:00,151,9,12.0,1,1,30.13,0,2025-01-18 08:00:00,2025-01-18 12:00:00,E,Dundas St West,0,0,0,0
2025-01-18,16,10:00,151,9,12.0,1,1,30.13,0,2025-01-18 08:00:00,2025-01-18 12:00:00,E,Howard Park Ave at Roncesvalles Ave,0,0,0,0
2025-01-18,16,10:00,151,9,12.0,1,1,30.13,0,2025-01-18 08:00:00,2025-01-18 12:00:00,E,Parliament St,0,0,0,0
2025-01-18,16,10:00,151,9,12.0,1,1,30.13,0,2025-01-18 08:00:00,2025-01-18 12:00:00,E,Parliament St at Gerrard St East,0,0,0,0
2025-01-18,16,10:00,151,9,12.0,1,1,30.13,0,2025-01-18 08:00:00,2025-01-18 12:00:00,E,Sumach St,0,0,0,0
2025-01-18,16,10:00,151,9,12.0,1,1,30.13,0,2025-01-18 08:00:00,2025-01-18 12:00:00,E,Blackburn St,0,0,0,0
2025-01-18,16,10:00,151,9,12.0,1,1,30.13,0,2025-01-18 08:00:00,2025-01-18 12:00:00,E,Logan Ave,0,0,0,0
2025-01-18,16,10:00,151,9,12.0,1,1,30.13,0,2025-01-18 08:00:00,2025-01-18 12:00:00,E,Augusta Ave,0,0,0,0
2025-01-18,16,10:00,151,9,12.0,1,1,30.13,0,2025-01-18 08:00:00,2025-01-18 12:00:00,E,Beverley St,0,0,0,0
2025-01-18,16,10:00,151,9,12.0,1,1,30.13,0,2025-01-18 08:00:00,2025-01-18 12:00:00,E,University Ave (Queen's Park Station,0,0,0,0
2025-01-18,16,10:00,151,9,12.0,1,1,30.13,0,2025-01-18 08:00:00,2025-01-18 12:00:00,E,Elizabeth St,0,0,0,0
2025-01-18,16,10:00,151,9,12.0,1,1,30.13,0,2025-01-18 08:00:00,2025-01-18 12:00:00,E,Greenwood Ave,0,0,0,0
2025-01-18,16,10:00,151,9,12.0,1,1,30.13,0,2025-01-18 08:00:00,2025-01-18 12:00:00,E,Alton Ave,0,0,0,0
2025-01-18,16,10:00,151,9,12.0,1,1,30.13,0,2025-01-18 08:00:00,2025-01-18 12:00:00,E,Coxwell Ave,0,0,0,0
2025-01-18,16,10:00,151,9,12.0,1,1,30.13,0,2025-01-18 08:00:00,2025-01-18 12:00:00,E,Gerrard St East  at Coxwell Ave,0,0,0,0
2025-01-18,16,10:00,151,9,12.0,1,1,30.13,0,2025-01-18 08:00:00,2025-01-18 12:00:00,E,Coxwell Ave at Lower Gerrard St East,0,0,0,0
2025-01-18,16,10:00,151,9,12.0,1,1,30.13,0,2025-01-18 08:00:00,2025-01-18 12:00:00,E,Ashdale Ave,0,0,0,0
2025-01-18,16,10:00,151,9,12.0,1,1,30.13,0,2025-01-18 08:00:00,2025-01-18 12:00:00,E,Howard Park Ave at Indian Rd,0,0,0,0
2025-01-18,16,10:00,151,9,12.0,1,1,30.13,0,2025-01-18 08:00:00,2025-01-18 12:00:00,E,Dundas St West at Howard Park Ave,0,0,0,0
2025-01-18,16,10:00,151,9,12.0,1,1,30.13,0,2025-01-18 08:00:00,2025-01-18 12:00:00,E,Main St at Gerrard St East,0,0,0,0
2025-01-18,16,10:00,151,9,12.0,1,1,30.13,0,2025-01-18 08:00:00,2025-01-18 12:00:00,E,Main St,0,0,0,0
2025-01-18,16,10:00,151,9,12.0,1,1,30.13,0,2025-01-18 08:00:00,2025-01-18 12:00:00,E,Main St at Danforth Ave,0,0,0,0
2025-01-18,16,10:00,151,9,12.0,1,1,30.13,0,2025-01-18 08:00:00,2025-01-18 12:00:00,E,Howard Park Ave at Parkside Dr,0,0,0,0
2025-01-18,16,10:00,151,9,12.0,1,1,30.13,0,2025-01-18 08:00:00,2025-01-18 12:00:00,W,Woodfield Rd,0,0,0,0
2025-01-18,16,10:00,151,9,12.0,1,1,30.13,0,2025-01-18 08:00:00,2025-01-18 12:00:00,W,Coxwell Ave at Gerrard St East,0,0,1,0
2025-01-18,16,10:00,151,9,12.0,1,1,30.13,0,2025-01-18 08:00:00,2025-01-18 12:00:00,W,Euclid Ave,0,0,0,0
2025-01-18,16,10:00,151,9,12.0,1,1,30.13,0,2025-01-18 08:00:00,2025-01-18 12:00:00,W,Bowmore Rd,0,0,0,0
2025-01-18,16,10:00,151,9,12.0,1,1,30.13,0,2025-01-18 08:00:00,2025-01-18 12:00:00,W,Bay St,0,0,1,0
2025-01-18,16,10:00,151,9,12.0,1,1,30.13,0,2025-01-18 08:00:00,2025-01-18 12:00:00,W,Lansdowne Ave,0,0,0,0
2025-01-18,16,10:00,151,9,12.0,1,1,30.13,0,2025-01-18 08:00:00,2025-01-18 12:00:00,W,Indian Rd,3,2,1,0
2025-01-18,16,10:00,151,9,12.0,1,1,30.13,0,2025-01-18 08:00:00,2025-01-18 12:00:00,W,Grace St,0,0,0,0
2025-01-18,16,10:00,151,9,12.0,1,1,30.13,0,2025-01-18 08:00:00,2025-01-18 12:00:00,W,Dufferin St,4,1,1,0
2025-01-18,16,10:00,151,9,12.0,1,1,30.13,0,2025-01-18 08:00:00,2025-01-18 12:00:00,W,Gerrard St East at Beaton Ave,0,0,0,0
2025-01-18,16,10:00,151,9,12.0,1,1,30.13,0,2025-01-18 08:00:00,2025-01-18 12:00:00,W,Bathurst St,0,0,0,0
2025-01-18,16,10:00,151,9,12.0,1,1,30.13,0,2025-01-18 08:00:00,2025-01-18 12:00:00,W,Yonge St - College Station,0,0,0,0
2025-01-18,16,10:00,151,9,12.0,1,1,30.13,0,2025-01-18 08:00:00,2025-01-18 12:00:00,W,Dundas St West at Sterling Rd,0,0,0,0
2025-01-18,16,10:00,151,9,12.0,1,1,30.13,0,2025-01-18 08:00:00,2025-01-18 12:00:00,W,Brock Ave,0,0,0,0
2025-01-18,16,10:00,151,9,12.0,1,1,30.13,0,2025-01-18 08:00:00,2025-01-18 12:00:00,W,Sackville St,2,0,1,0
2025-01-18,16,10:00,151,9,12.0,1,1,30.13,0,2025-01-18 08:00:00,2025-01-18 12:00:00,W,Carlaw Ave,0,0,0,0
2025-01-18,16,10:00,151,9,12.0,1,1,30.13,0,2025-01-18 08:00:00,2025-01-18 12:00:00,W,Borden St,0,0,0,0
2025-01-18,16,10:00,151,9,12.0,1,1,30.13,0,2025-01-18 08:00:00,2025-01-18 12:00:00,W,Dundas St West at Sorauren Ave,4,1,1,0
2025-01-18,16,10:00,151,9,12.0,1,1,30.13,0,2025-01-18 08:00:00,2025-01-18 12:00:00,W,Crawford St,0,0,0,0
2025-01-18,16,10:00,151,9,12.0,1,1,30.13,0,2025-01-18 08:00:00,2025-01-18 12:00:00,W,Pape Ave,0,0,0,0
2025-01-18,16,10:00,151,9,12.0,1,1,30.13,0,2025-01-18 08:00:00,2025-01-18 12:00:00,W,Spadina Ave,0,0,0,0
2025-01-18,16,10:00,151,9,12.0,1,1,30.13,0,2025-01-18 08:00:00,2025-01-18 12:00:00,W,River St,2,0,1,0
2025-01-18,16,10:00,151,9,12.0,1,1,30.13,0,2025-01-18 08:00:00,2025-01-18 12:00:00,W,Marjory Ave,0,0,0,0
2025-01-18,16,10:00,151,9,12.0,1,1,30.13,0,2025-01-18 08:00:00,2025-01-18 12:00:00,W,Kingsmount Park Rd,0,0,0,0
2025-01-18,16,10:00,151,9,12.0,1,1,30.13,0,2025-01-18 08:00:00,2025-01-18 12:00:00,W,Church St,0,0,0,0
2025-01-18,16,10:00,151,9,12.0,1,1,30.13,0,2025-01-18 08:00:00,2025-01-18 12:00:00,W,Ossington Ave,0,0,0,0
2025-01-18,16,10:00,151,9,12.0,1,1,30.13,0,2025-01-18 08:00:00,2025-01-18 12:00:00,W,Woodbine Ave,0,0,0,0
2025-01-18,16,10:00,151,9,12.0,1,1,30.13,0,2025-01-18 08:00:00,2025-01-18 12:00:00,W,Jones Ave,0,0,0,0
2025-01-18,16,10:00,151,9,12.0,1,1,30.13,0,2025-01-18 08:00:00,2025-01-18 12:00:00,W,Golfview Ave,0,0,0,0
2025-01-18,16,10:00,151,9,12.0,1,1,30.13,0,2025-01-18 08:00:00,2025-01-18 12:00:00,W,Leslie St,0,0,0,0
2025-01-18,16,10:00,151,9,12.0,1,1,30.13,0,2025-01-18 08:00:00,2025-01-18 12:00:00,W,St Matthews Rd,0,0,0,0
2025-01-18,16,10:00,151,9,12.0,1,1,30.13,0,2025-01-18 08:00:00,2025-01-18 12:00:00,W,Jarvis St,0,0,0,0
2025-01-18,16,10:00,151,9,12.0,1,1,30.13,0,2025-01-18 08:00:00,2025-01-18 12:00:00,W,Sherbourne St,0,0,0,0
2025-01-18,16,10:00,151,9,12.0,1,1,30.13,0,2025-01-18 08:00:00,2025-01-18 12:00:00,W,St George St,0,0,0,0
2025-01-18,16,10:00,151,9,12.0,1,1,30.13,0,2025-01-18 08:00:00,2025-01-18 12:00:00,W,Dovercourt Rd,0,0,0,0
2025-01-18,16,10:00,151,9,12.0,1,1,30.13,0,2025-01-18 08:00:00,2025-01-18 12:00:00,W,Glenmount Park Rd,0,0,0,0
2025-01-18,16,10:00,151,9,12.0,1,1,30.13,0,2025-01-18 08:00:00,2025-01-18 12:00:00,W,Prust Ave,0,0,0,0
2025-01-18,16,10:00,151,9,12.0,1,1,30.13,0,2025-01-18 08:00:00,2025-01-18 12:00:00,W,Main Street Station at Bay 7,0,0,0,0
2025-01-18,16,10:00,151,9,12.0,1,1,30.13,0,2025-01-18 08:00:00,2025-01-18 12:00:00,W,Norwood Rd,0,0,0,0
2025-01-18,16,10:00,151,9,12.0,1,1,30.13,0,2025-01-18 08:00:00,2025-01-18 12:00:00,W,McCaul St,0,0,0,0
2025-01-18,16,10:00,151,9,12.0,1,1,30.13,0,2025-01-18 08:00:00,2025-01-18 12:00:00,W,Broadview Ave,0,0,0,0
2025-01-18,16,10:00,151,9,12.0,1,1,30.13,0,2025-01-18 08:00:00,2025-01-18 12:00:00,W,Ontario St,0,0,0,0
2025-01-18,16,10:00,151,9,12.0,1,1,30.13,0,2025-01-18 08:00:00,2025-01-18 12:00:00,W,Rusholme Park Cres,0,0,0,0
2025-01-18,16,10:00,151,9,12.0,1,1,30.13,0,2025-01-18 08:00:00,2025-01-18 12:00:00,W,Havelock St,0,0,0,0
2025-01-18,16,10:00,151,9,12.0,1,1,30.13,0,2025-01-18 08:00:00,2025-01-18 12:00:00,W,High Park Loop,0,0,0,0
2025-01-18,16,10:00,151,9,12.0,1,1,30.13,0,2025-01-18 08:00:00,2025-01-18 12:00:00,W,Queens Park (Queen's Park Station),0,0,0,0
2025-01-18,16,10:00,151,9,12.0,1,1,30.13,0,2025-01-18 08:00:00,2025-01-18 12:00:00,W,Roncesvalles Ave,3,2,1,0
2025-01-18,16,10:00,151,9,12.0,1,1,30.13,0,2025-01-18 08:00:00,2025-01-18 12:00:00,W,De Grassi St,0,0,0,0
2025-01-18,16,10:00,151,9,12.0,1,1,30.13,0,2025-01-18 08:00:00,2025-01-18 12:00:00,W,Parliament St at Carlton St,0,0,0,0
2025-01-18,16,10:00,151,9,12.0,1,1,30.13,0,2025-01-18 08:00:00,2025-01-18 12:00:00,W,Parkside Dr East Side,0,0,0,0
2025-01-18,16,10:00,151,9,12.0,1,1,30.13,0,2025-01-18 08:00:00,2025-01-18 12:00:00,W,Dundas St West,3,1,1,0
2025-01-18,16,10:00,151,9,12.0,1,1,30.13,0,2025-01-18 08:00:00,2025-01-18 12:00:00,W,Howard Park Ave at Roncesvalles Ave,0,0,0,0
2025-01-18,16,10:00,151,9,12.0,1,1,30.13,0,2025-01-18 08:00:00,2025-01-18 12:00:00,W,Parliament St,0,0,0,0
2025-01-18,16,10:00,151,9,12.0,1,1,30.13,0,2025-01-18 08:00:00,2025-01-18 12:00:00,W,Parliament St at Gerrard St East,0,0,0,0
2025-01-18,16,10:00,151,9,12.0,1,1,30.13,0,2025-01-18 08:00:00,2025-01-18 12:00:00,W,Sumach St,0,0,0,0
2025-01-18,16,10:00,151,9,12.0,1,1,30.13,0,2025-01-18 08:00:00,2025-01-18 12:00:00,W,Blackburn St,0,0,0,0
2025-01-18,16,10:00,151,9,12.0,1,1,30.13,0,2025-01-18 08:00:00,2025-01-18 12:00:00,W,Logan Ave,0,0,0,0
2025-01-18,16,10:00,151,9,12.0,1,1,30.13,0,2025-01-18 08:00:00,2025-01-18 12:00:00,W,Augusta Ave,0,0,0,0
2025-01-18,16,10:00,151,9,12.0,1,1,30.13,0,2025-01-18 08:00:00,2025-01-18 12:00:00,W,Beverley St,0,0,0,0
2025-01-18,16,10:00,151,9,12.0,1,1,30.13,0,2025-01-18 08:00:00,2025-01-18 12:00:00,W,University Ave (Queen's Park Station,0,0,0,0
2025-01-18,16,10:00,151,9,12.0,1,1,30.13,0,2025-01-18 08:00:00,2025-01-18 12:00:00,W,Elizabeth St,0,0,0,0
2025-01-18,16,10:00,151,9,12.0,1,1,30.13,0,2025-01-18 08:00:00,2025-01-18 12:00:00,W,Greenwood Ave,0,0,0,0
2025-01-18,16,10:00,151,9,12.0,1,1,30.13,0,2025-01-18 08:00:00,2025-01-18 12:00:00,W,Alton Ave,0,0,0,0
2025-01-18,16,10:00,151,9,12.0,1,1,30.13,0,2025-01-18 08:00:00,2025-01-18 12:00:00,W,Coxwell Ave,0,0,0,0
2025-01-18,16,10:00,151,9,12.0,1,1,30.13,0,2025-01-18 08:00:00,2025-01-18 12:00:00,W,Gerrard St East  at Coxwell Ave,0,0,0,0
2025-01-18,16,10:00,151,9,12.0,1,1,30.13,0,2025-01-18 08:00:00,2025-01-18 12:00:00,W,Coxwell Ave at Lower Gerrard St East,0,0,0,0
2025-01-18,16,10:00,151,9,12.0,1,1,30.13,0,2025-01-18 08:00:00,2025-01-18 12:00:00,W,Ashdale Ave,0,0,0,0
2025-01-18,16,10:00,151,9,12.0,1,1,30.13,0,2025-01-18 08:00:00,2025-01-18 12:00:00,W,Howard Park Ave at Indian Rd,0,0,0,0
2025-01-18,16,10:00,151,9,12.0,1,1,30.13,0,2025-01-18 08:00:00,2025-01-18 12:00:00,W,Dundas St West at Howard Park Ave,0,0,0,0
2025-01-18,16,10:00,151,9,12.0,1,1,30.13,0,2025-01-18 08:00:00,2025-01-18 12:00:00,W,Main St at Gerrard St East,0,0,0,0
2025-01-18,16,10:00,151,9,12.0,1,1,30.13,0,2025-01-18 08:00:00,2025-01-18 12:00:00,W,Main St,0,0,0,0
2025-01-18,16,10:00,151,9,12.0,1,1,30.13,0,2025-01-18 08:00:00,2025-01-18 12:00:00,W,Main St at Danforth Ave,0,0,0,0
2025-01-18,16,10:00,151,9,12.0,1,1,30.13,0,2025-01-18 08:00:00,2025-01-18 12:00:00,W,Howard Park Ave at Parkside Dr,0,0,0,0
2025-01-25,16,10:00,151,9,12.0,1,1,30.13,0,2025-01-25 08:00:00,2025-01-25 12:00:00,E,Woodfield Rd,1,1,2,0
2025-01-25,16,10:00,151,9,12.0,1,1,30.13,0,2025-01-25 08:00:00,2025-01-25 12:00:00,E,Coxwell Ave at Gerrard St East,0,0,0,0
2025-01-25,16,10:00,151,9,12.0,1,1,30.13,0,2025-01-25 08:00:00,2025-01-25 12:00:00,E,Euclid Ave,1,1,1,0
2025-01-25,16,10:00,151,9,12.0,1,1,30.13,0,2025-01-25 08:00:00,2025-01-25 12:00:00,E,Bowmore Rd,1,3,4,0
2025-01-25,16,10:00,151,9,12.0,1,1,30.13,0,2025-01-25 08:00:00,2025-01-25 12:00:00,E,Bay St,1,1,0,0
2025-01-25,16,10:00,151,9,12.0,1,1,30.13,0,2025-01-25 08:00:00,2025-01-25 12:00:00,E,Lansdowne Ave,1,4,4,0
2025-01-25,16,10:00,151,9,12.0,1,1,30.13,0,2025-01-25 08:00:00,2025-01-25 12:00:00,E,Indian Rd,0,0,1,0
2025-01-25,16,10:00,151,9,12.0,1,1,30.13,0,2025-01-25 08:00:00,2025-01-25 12:00:00,E,Grace St,1,0,0,0
2025-01-25,16,10:00,151,9,12.0,1,1,30.13,0,2025-01-25 08:00:00,2025-01-25 12:00:00,E,Dufferin St,1,3,3,0
2025-01-25,16,10:00,151,9,12.0,1,1,30.13,0,2025-01-25 08:00:00,2025-01-25 12:00:00,E,Gerrard St East at Beaton Ave,1,3,4,0
2025-01-25,16,10:00,151,9,12.0,1,1,30.13,0,2025-01-25 08:00:00,2025-01-25 12:00:00,E,Bathurst St,0,1,0,0
2025-01-25,16,10:00,151,9,12.0,1,1,30.13,0,2025-01-25 08:00:00,2025-01-25 12:00:00,E,Yonge St - College Station,1,2,1,0
2025-01-25,16,10:00,151,9,12.0,1,1,30.13,0,2025-01-25 08:00:00,2025-01-25 12:00:00,E,Dundas St West at Sterling Rd,0,0,0,0
2025-01-25,16,10:00,151,9,12.0,1,1,30.13,0,2025-01-25 08:00:00,2025-01-25 12:00:00,E,Brock Ave,1,3,4,0
2025-01-25,16,10:00,151,9,12.0,1,1,30.13,0,2025-01-25 08:00:00,2025-01-25 12:00:00,E,Sackville St,1,0,0,0
2025-01-25,16,10:00,151,9,12.0,1,1,30.13,0,2025-01-25 08:00:00,2025-01-25 12:00:00,E,Carlaw Ave,1,2,1,0
2025-01-25,16,10:00,151,9,12.0,1,1,30.13,0,2025-01-25 08:00:00,2025-01-25 12:00:00,E,Borden St,1,1,1,0
2025-01-25,16,10:00,151,9,12.0,1,1,30.13,0,2025-01-25 08:00:00,2025-01-25 12:00:00,E,Dundas St West at Sorauren Ave,0,0,0,0
2025-01-25,16,10:00,151,9,12.0,1,1,30.13,0,2025-01-25 08:00:00,2025-01-25 12:00:00,E,Crawford St,1,0,0,0
2025-01-25,16,10:00,151,9,12.0,1,1,30.13,0,2025-01-25 08:00:00,2025-01-25 12:00:00,E,Pape Ave,1,2,1,0
2025-01-25,16,10:00,151,9,12.0,1,1,30.13,0,2025-01-25 08:00:00,2025-01-25 12:00:00,E,Spadina Ave,2,1,0,0
2025-01-25,16,10:00,151,9,12.0,1,1,30.13,0,2025-01-25 08:00:00,2025-01-25 12:00:00,E,River St,1,0,0,0
2025-01-25,16,10:00,151,9,12.0,1,1,30.13,0,2025-01-25 08:00:00,2025-01-25 12:00:00,E,Marjory Ave,1,2,2,0
2025-01-25,16,10:00,151,9,12.0,1,1,30.13,0,2025-01-25 08:00:00,2025-01-25 12:00:00,E,Kingsmount Park Rd,1,3,4,0
2025-01-25,16,10:00,151,9,12.0,1,1,30.13,0,2025-01-25 08:00:00,2025-01-25 12:00:00,E,Church St,0,0,0,0
2025-01-25,16,10:00,151,9,12.0,1,1,30.13,0,2025-01-25 08:00:00,2025-01-25 12:00:00,E,Ossington Ave,1,1,0,0
2025-01-25,16,10:00,151,9,12.0,1,1,30.13,0,2025-01-25 08:00:00,2025-01-25 12:00:00,E,Woodbine Ave,1,3,4,0
2025-01-25,16,10:00,151,9,12.0,1,1,30.13,0,2025-01-25 08:00:00,2025-01-25 12:00:00,E,Jones Ave,1,2,3,0
2025-01-25,16,10:00,151,9,12.0,1,1,30.13,0,2025-01-25 08:00:00,2025-01-25 12:00:00,E,Golfview Ave,1,3,4,0
2025-01-25,16,10:00,151,9,12.0,1,1,30.13,0,2025-01-25 08:00:00,2025-01-25 12:00:00,E,Leslie St,1,1,3,0
2025-01-25,16,10:00,151,9,12.0,1,1,30.13,0,2025-01-25 08:00:00,2025-01-25 12:00:00,E,St Matthews Rd,1,0,0,0
2025-01-25,16,10:00,151,9,12.0,1,1,30.13,0,2025-01-25 08:00:00,2025-01-25 12:00:00,E,Jarvis St,1,0,0,0
2025-01-25,16,10:00,151,9,12.0,1,1,30.13,0,2025-01-25 08:00:00,2025-01-25 12:00:00,E,Sherbourne St,1,0,0,0
2025-01-25,16,10:00,151,9,12.0,1,1,30.13,0,2025-01-25 08:00:00,2025-01-25 12:00:00,E,St George St,1,1,0,0
2025-01-25,16,10:00,151,9,12.0,1,1,30.13,0,2025-01-25 08:00:00,2025-01-25 12:00:00,E,Dovercourt Rd,1,1,0,0
2025-01-25,16,10:00,151,9,12.0,1,1,30.13,0,2025-01-25 08:00:00,2025-01-25 12:00:00,E,Glenmount Park Rd,1,3,4,0
2025-01-25,16,10:00,151,9,12.0,1,1,30.13,0,2025-01-25 08:00:00,2025-01-25 12:00:00,E,Prust Ave,1,1,3,0
2025-01-25,16,10:00,151,9,12.0,1,1,30.13,0,2025-01-25 08:00:00,2025-01-25 12:00:00,E,Main Street Station at Bay 7,0,0,0,0
2025-01-25,16,10:00,151,9,12.0,1,1,30.13,0,2025-01-25 08:00:00,2025-01-25 12:00:00,E,Norwood Rd,1,4,4,0
2025-01-25,16,10:00,151,9,12.0,1,1,30.13,0,2025-01-25 08:00:00,2025-01-25 12:00:00,E,McCaul St,1,1,0,0
2025-01-25,16,10:00,151,9,12.0,1,1,30.13,0,2025-01-25 08:00:00,2025-01-25 12:00:00,E,Broadview Ave,1,0,0,0
2025-01-25,16,10:00,151,9,12.0,1,1,30.13,0,2025-01-25 08:00:00,2025-01-25 12:00:00,E,Ontario St,1,0,0,0
2025-01-25,16,10:00,151,9,12.0,1,1,30.13,0,2025-01-25 08:00:00,2025-01-25 12:00:00,E,Rusholme Park Cres,0,0,0,0
2025-01-25,16,10:00,151,9,12.0,1,1,30.13,0,2025-01-25 08:00:00,2025-01-25 12:00:00,E,Havelock St,1,1,2,0
2025-01-25,16,10:00,151,9,12.0,1,1,30.13,0,2025-01-25 08:00:00,2025-01-25 12:00:00,E,High Park Loop,0,0,4,0
2025-01-25,16,10:00,151,9,12.0,1,1,30.13,0,2025-01-25 08:00:00,2025-01-25 12:00:00,E,Queens Park (Queen's Park Station),1,1,0,0
2025-01-25,16,10:00,151,9,12.0,1,1,30.13,0,2025-01-25 08:00:00,2025-01-25 12:00:00,E,Roncesvalles Ave,0,0,0,0
2025-01-25,16,10:00,151,9,12.0,1,1,30.13,0,2025-01-25 08:00:00,2025-01-25 12:00:00,E,De Grassi St,1,1,0,0
2025-01-25,16,10:00,151,9,12.0,1,1,30.13,0,2025-01-25 08:00:00,2025-01-25 12:00:00,E,Parliament St at Carlton St,1,0,0,0
2025-01-25,16,10:00,151,9,12.0,1,1,30.13,0,2025-01-25 08:00:00,2025-01-25 12:00:00,E,Parkside Dr East Side,0,0,4,0
2025-01-25,16,10:00,151,9,12.0,1,1,30.13,0,2025-01-25 08:00:00,2025-01-25 12:00:00,E,Dundas St West,0,0,0,0
2025-01-25,16,10:00,151,9,12.0,1,1,30.13,0,2025-01-25 08:00:00,2025-01-25 12:00:00,E,Howard Park Ave at Roncesvalles Ave,0,0,0,0
2025-01-25,16,10:00,151,9,12.0,1,1,30.13,0,2025-01-25 08:00:00,2025-01-25 12:00:00,E,Parliament St,0,0,0,0
2025-01-25,16,10:00,151,9,12.0,1,1,30.13,0,2025-01-25 08:00:00,2025-01-25 12:00:00,E,Parliament St at Gerrard St East,0,0,0,0
2025-01-25,16,10:00,151,9,12.0,1,1,30.13,0,2025-01-25 08:00:00,2025-01-25 12:00:00,E,Sumach St,0,0,0,0
2025-01-25,16,10:00,151,9,12.0,1,1,30.13,0,2025-01-25 08:00:00,2025-01-25 12:00:00,E,Blackburn St,0,0,0,0
2025-01-25,16,10:00,151,9,12.0,1,1,30.13,0,2025-01-25 08:00:00,2025-01-25 12:00:00,E,Logan Ave,0,0,0,0
2025-01-25,16,10:00,151,9,12.0,1,1,30.13,0,2025-01-25 08:00:00,2025-01-25 12:00:00,E,Augusta Ave,0,0,0,0
2025-01-25,16,10:00,151,9,12.0,1,1,30.13,0,2025-01-25 08:00:00,2025-01-25 12:00:00,E,Beverley St,0,0,0,0
2025-01-25,16,10:00,151,9,12.0,1,1,30.13,0,2025-01-25 08:00:00,2025-01-25 12:00:00,E,University Ave (Queen's Park Station,0,0,0,0
2025-01-25,16,10:00,151,9,12.0,1,1,30.13,0,2025-01-25 08:00:00,2025-01-25 12:00:00,E,Elizabeth St,0,0,0,0
2025-01-25,16,10:00,151,9,12.0,1,1,30.13,0,2025-01-25 08:00:00,2025-01-25 12:00:00,E,Greenwood Ave,0,0,0,0
2025-01-25,16,10:00,151,9,12.0,1,1,30.13,0,2025-01-25 08:00:00,2025-01-25 12:00:00,E,Alton Ave,0,0,0,0
2025-01-25,16,10:00,151,9,12.0,1,1,30.13,0,2025-01-25 08:00:00,2025-01-25 12:00:00,E,Coxwell Ave,0,0,0,0
2025-01-25,16,10:00,151,9,12.0,1,1,30.13,0,2025-01-25 08:00:00,2025-01-25 12:00:00,E,Gerrard St East  at Coxwell Ave,0,0,0,0
2025-01-25,16,10:00,151,9,12.0,1,1,30.13,0,2025-01-25 08:00:00,2025-01-25 12:00:00,E,Coxwell Ave at Lower Gerrard St East,0,0,0,0
2025-01-25,16,10:00,151,9,12.0,1,1,30.13,0,2025-01-25 08:00:00,2025-01-25 12:00:00,E,Ashdale Ave,0,0,0,0
2025-01-25,16,10:00,151,9,12.0,1,1,30.13,0,2025-01-25 08:00:00,2025-01-25 12:00:00,E,Howard Park Ave at Indian Rd,0,0,0,0
2025-01-25,16,10:00,151,9,12.0,1,1,30.13,0,2025-01-25 08:00:00,2025-01-25 12:00:00,E,Dundas St West at Howard Park Ave,0,0,0,0
2025-01-25,16,10:00,151,9,12.0,1,1,30.13,0,2025-01-25 08:00:00,2025-01-25 12:00:00,E,Main St at Gerrard St East,0,0,0,0
2025-01-25,16,10:00,151,9,12.0,1,1,30.13,0,2025-01-25 08:00:00,2025-01-25 12:00:00,E,Main St,0,0,0,0
2025-01-25,16,10:00,151,9,12.0,1,1,30.13,0,2025-01-25 08:00:00,2025-01-25 12:00:00,E,Main St at Danforth Ave,0,0,0,0
2025-01-25,16,10:00,151,9,12.0,1,1,30.13,0,2025-01-25 08:00:00,2025-01-25 12:00:00,E,Howard Park Ave at Parkside Dr,0,0,0,0
2025-01-25,16,10:00,151,9,12.0,1,1,30.13,0,2025-01-25 08:00:00,2025-01-25 12:00:00,W,Woodfield Rd,0,0,0,0
2025-01-25,16,10:00,151,9,12.0,1,1,30.13,0,2025-01-25 08:00:00,2025-01-25 12:00:00,W,Coxwell Ave at Gerrard St East,0,0,0,0
2025-01-25,16,10:00,151,9,12.0,1,1,30.13,0,2025-01-25 08:00:00,2025-01-25 12:00:00,W,Euclid Ave,0,0,0,0
2025-01-25,16,10:00,151,9,12.0,1,1,30.13,0,2025-01-25 08:00:00,2025-01-25 12:00:00,W,Bowmore Rd,0,0,0,0
2025-01-25,16,10:00,151,9,12.0,1,1,30.13,0,2025-01-25 08:00:00,2025-01-25 12:00:00,W,Bay St,1,0,1,0
2025-01-25,16,10:00,151,9,12.0,1,1,30.13,0,2025-01-25 08:00:00,2025-01-25 12:00:00,W,Lansdowne Ave,0,0,0,0
2025-01-25,16,10:00,151,9,12.0,1,1,30.13,0,2025-01-25 08:00:00,2025-01-25 12:00:00,W,Indian Rd,3,2,2,0
2025-01-25,16,10:00,151,9,12.0,1,1,30.13,0,2025-01-25 08:00:00,2025-01-25 12:00:00,W,Grace St,0,0,0,0
2025-01-25,16,10:00,151,9,12.0,1,1,30.13,0,2025-01-25 08:00:00,2025-01-25 12:00:00,W,Dufferin St,4,2,4,0
2025-01-25,16,10:00,151,9,12.0,1,1,30.13,0,2025-01-25 08:00:00,2025-01-25 12:00:00,W,Gerrard St East at Beaton Ave,0,0,0,0
2025-01-25,16,10:00,151,9,12.0,1,1,30.13,0,2025-01-25 08:00:00,2025-01-25 12:00:00,W,Bathurst St,0,0,0,0
2025-01-25,16,10:00,151,9,12.0,1,1,30.13,0,2025-01-25 08:00:00,2025-01-25 12:00:00,W,Yonge St - College Station,0,0,0,0
2025-01-25,16,10:00,151,9,12.0,1,1,30.13,0,2025-01-25 08:00:00,2025-01-25 12:00:00,W,Dundas St West at Sterling Rd,0,0,0,0
2025-01-25,16,10:00,151,9,12.0,1,1,30.13,0,2025-01-25 08:00:00,2025-01-25 12:00:00,W,Brock Ave,0,0,0,0
2025-01-25,16,10:00,151,9,12.0,1,1,30.13,0,2025-01-25 08:00:00,2025-01-25 12:00:00,W,Sackville St,4,1,5,0
2025-01-25,16,10:00,151,9,12.0,1,1,30.13,0,2025-01-25 08:00:00,2025-01-25 12:00:00,W,Carlaw Ave,0,0,0,0
2025-01-25,16,10:00,151,9,12.0,1,1,30.13,0,2025-01-25 08:00:00,2025-01-25 12:00:00,W,Borden St,0,0,0,0
2025-01-25,16,10:00,151,9,12.0,1,1,30.13,0,2025-01-25 08:00:00,2025-01-25 12:00:00,W,Dundas St West at Sorauren Ave,4,2,1,0
2025-01-25,16,10:00,151,9,12.0,1,1,30.13,0,2025-01-25 08:00:00,2025-01-25 12:00:00,W,Crawford St,0,0,0,0
2025-01-25,16,10:00,151,9,12.0,1,1,30.13,0,2025-01-25 08:00:00,2025-01-25 12:00:00,W,Pape Ave,0,0,0,0
2025-01-25,16,10:00,151,9,12.0,1,1,30.13,0,2025-01-25 08:00:00,2025-01-25 12:00:00,W,Spadina Ave,2,0,2,0
2025-01-25,16,10:00,151,9,12.0,1,1,30.13,0,2025-01-25 08:00:00,2025-01-25 12:00:00,W,River St,3,1,4,0
2025-01-25,16,10:00,151,9,12.0,1,1,30.13,0,2025-01-25 08:00:00,2025-01-25 12:00:00,W,Marjory Ave,0,0,0,0
2025-01-25,16,10:00,151,9,12.0,1,1,30.13,0,2025-01-25 08:00:00,2025-01-25 12:00:00,W,Kingsmount Park Rd,0,0,0,0
2025-01-25,16,10:00,151,9,12.0,1,1,30.13,0,2025-01-25 08:00:00,2025-01-25 12:00:00,W,Church St,0,0,0,0
2025-01-25,16,10:00,151,9,12.0,1,1,30.13,0,2025-01-25 08:00:00,2025-01-25 12:00:00,W,Ossington Ave,0,0,0,0
2025-01-25,16,10:00,151,9,12.0,1,1,30.13,0,2025-01-25 08:00:00,2025-01-25 12:00:00,W,Woodbine Ave,0,0,0,0
2025-01-25,16,10:00,151,9,12.0,1,1,30.13,0,2025-01-25 08:00:00,2025-01-25 12:00:00,W,Jones Ave,0,0,0,0
2025-01-25,16,10:00,151,9,12.0,1,1,30.13,0,2025-01-25 08:00:00,2025-01-25 12:00:00,W,Golfview Ave,0,0,0,0
2025-01-25,16,10:00,151,9,12.0,1,1,30.13,0,2025-01-25 08:00:00,2025-01-25 12:00:00,W,Leslie St,0,0,0,0
2025-01-25,16,10:00,151,9,12.0,1,1,30.13,0,2025-01-25 08:00:00,2025-01-25 12:00:00,W,St Matthews Rd,0,0,0,0
2025-01-25,16,10:00,151,9,12.0,1,1,30.13,0,2025-01-25 08:00:00,2025-01-25 12:00:00,W,Jarvis St,0,0,0,0
2025-01-25,16,10:00,151,9,12.0,1,1,30.13,0,2025-01-25 08:00:00,2025-01-25 12:00:00,W,Sherbourne St,0,0,0,0
2025-01-25,16,10:00,151,9,12.0,1,1,30.13,0,2025-01-25 08:00:00,2025-01-25 12:00:00,W,St George St,0,0,0,0
2025-01-25,16,10:00,151,9,12.0,1,1,30.13,0,2025-01-25 08:00:00,2025-01-25 12:00:00,W,Dovercourt Rd,0,0,0,0
2025-01-25,16,10:00,151,9,12.0,1,1,30.13,0,2025-01-25 08:00:00,2025-01-25 12:00:00,W,Glenmount Park Rd,0,0,0,0
2025-01-25,16,10:00,151,9,12.0,1,1,30.13,0,2025-01-25 08:00:00,2025-01-25 12:00:00,W,Prust Ave,0,0,0,0
2025-01-25,16,10:00,151,9,12.0,1,1,30.13,0,2025-01-25 08:00:00,2025-01-25 12:00:00,W,Main Street Station at Bay 7,0,0,1,0
2025-01-25,16,10:00,151,9,12.0,1,1,30.13,0,2025-01-25 08:00:00,2025-01-25 12:00:00,W,Norwood Rd,0,0,0,0
2025-01-25,16,10:00,151,9,12.0,1,1,30.13,0,2025-01-25 08:00:00,2025-01-25 12:00:00,W,McCaul St,0,0,0,0
2025-01-25,16,10:00,151,9,12.0,1,1,30.13,0,2025-01-25 08:00:00,2025-01-25 12:00:00,W,Broadview Ave,0,0,0,0
2025-01-25,16,10:00,151,9,12.0,1,1,30.13,0,2025-01-25 08:00:00,2025-01-25 12:00:00,W,Ontario St,0,0,0,0
2025-01-25,16,10:00,151,9,12.0,1,1,30.13,0,2025-01-25 08:00:00,2025-01-25 12:00:00,W,Rusholme Park Cres,0,0,0,0
2025-01-25,16,10:00,151,9,12.0,1,1,30.13,0,2025-01-25 08:00:00,2025-01-25 12:00:00,W,Havelock St,0,0,0,0
2025-01-25,16,10:00,151,9,12.0,1,1,30.13,0,2025-01-25 08:00:00,2025-01-25 12:00:00,W,High Park Loop,0,0,0,0
2025-01-25,16,10:00,151,9,12.0,1,1,30.13,0,2025-01-25 08:00:00,2025-01-25 12:00:00,W,Queens Park (Queen's Park Station),0,0,0,0
2025-01-25,16,10:00,151,9,12.0,1,1,30.13,0,2025-01-25 08:00:00,2025-01-25 12:00:00,W,Roncesvalles Ave,3,3,2,0
2025-01-25,16,10:00,151,9,12.0,1,1,30.13,0,2025-01-25 08:00:00,2025-01-25 12:00:00,W,De Grassi St,0,0,0,0
2025-01-25,16,10:00,151,9,12.0,1,1,30.13,0,2025-01-25 08:00:00,2025-01-25 12:00:00,W,Parliament St at Carlton St,0,0,0,0
2025-01-25,16,10:00,151,9,12.0,1,1,30.13,0,2025-01-25 08:00:00,2025-01-25 12:00:00,W,Parkside Dr East Side,0,0,0,0
2025-01-25,16,10:00,151,9,12.0,1,1,30.13,0,2025-01-25 08:00:00,2025-01-25 12:00:00,W,Dundas St West,4,2,2,0
2025-01-25,16,10:00,151,9,12.0,1,1,30.13,0,2025-01-25 08:00:00,2025-01-25 12:00:00,W,Howard Park Ave at Roncesvalles Ave,0,0,0,0
2025-01-25,16,10:00,151,9,12.0,1,1,30.13,0,2025-01-25 08:00:00,2025-01-25 12:00:00,W,Parliament St,0,0,0,0
2025-01-25,16,10:00,151,9,12.0,1,1,30.13,0,2025-01-25 08:00:00,2025-01-25 12:00:00,W,Parliament St at Gerrard St East,0,0,0,0
2025-01-25,16,10:00,151,9,12.0,1,1,30.13,0,2025-01-25 08:00:00,2025-01-25 12:00:00,W,Sumach St,0,0,0,0
2025-01-25,16,10:00,151,9,12.0,1,1,30.13,0,2025-01-25 08:00:00,2025-01-25 12:00:00,W,Blackburn St,0,0,0,0
2025-01-25,16,10:00,151,9,12.0,1,1,30.13,0,2025-01-25 08:00:00,2025-01-25 12:00:00,W,Logan Ave,0,0,0,0
2025-01-25,16,10:00,151,9,12.0,1,1,30.13,0,2025-01-25 08:00:00,2025-01-25 12:00:00,W,Augusta Ave,0,0,0,0
2025-01-25,16,10:00,151,9,12.0,1,1,30.13,0,2025-01-25 08:00:00,2025-01-25 12:00:00,W,Beverley St,0,0,0,0
2025-01-25,16,10:00,151,9,12.0,1,1,30.13,0,2025-01-25 08:00:00,2025-01-25 12:00:00,W,University Ave (Queen's Park Station,0,0,0,0
2025-01-25,16,10:00,151,9,12.0,1,1,30.13,0,2025-01-25 08:00:00,2025-01-25 12:00:00,W,Elizabeth St,0,0,0,0
2025-01-25,16,10:00,151,9,12.0,1,1,30.13,0,2025-01-25 08:00:00,2025-01-25 12:00:00,W,Greenwood Ave,0,0,0,0
2025-01-25,16,10:00,151,9,12.0,1,1,30.13,0,2025-01-25 08:00:00,2025-01-25 12:00:00,W,Alton Ave,0,0,0,0
2025-01-25,16,10:00,151,9,12.0,1,1,30.13,0,2025-01-25 08:00:00,2025-01-25 12:00:00,W,Coxwell Ave,0,0,0,0
2025-01-25,16,10:00,151,9,12.0,1,1,30.13,0,2025-01-25 08:00:00,2025-01-25 12:00:00,W,Gerrard St East  at Coxwell Ave,0,0,0,0
2025-01-25,16,10:00,151,9,12.0,1,1,30.13,0,2025-01-25 08:00:00,2025-01-25 12:00:00,W,Coxwell Ave at Lower Gerrard St East,0,0,0,0
2025-01-25,16,10:00,151,9,12.0,1,1,30.13,0,2025-01-25 08:00:00,2025-01-25 12:00:00,W,Ashdale Ave,0,0,0,0
2025-01-25,16,10:00,151,9,12.0,1,1,30.13,0,2025-01-25 08:00:00,2025-01-25 12:00:00,W,Howard Park Ave at Indian Rd,0,0,0,0
2025-01-25,16,10:00,151,9,12.0,1,1,30.13,0,2025-01-25 08:00:00,2025-01-25 12:00:00,W,Dundas St West at Howard Park Ave,0,0,0,0
2025-01-25,16,10:00,151,9,12.0,1,1,30.13,0,2025-01-25 08:00:00,2025-01-25 12:00:00,W,Main St at Gerrard St East,0,0,0,0
2025-01-25,16,10:00,151,9,12.0,1,1,30.13,0,2025-01-25 08:00:00,2025-01-25 12:00:00,W,Main St,0,0,0,0
2025-01-25,16,10:00,151,9,12.0,1,1,30.13,0,2025-01-25 08:00:00,2025-01-25 12:00:00,W,Main St at Danforth Ave,0,0,0,0
2025-01-25,16,10:00,151,9,12.0,1,1,30.13,0,2025-01-25 08:00:00,2025-01-25 12:00:00,W,Howard Park Ave at Parkside Dr,0,0,0,0
2025-02-01,16,10:00,151,9,12.0,1,1,30.13,0,2025-02-01 08:00:00,2025-02-01 12:00:00,E,Woodfield Rd,0,0,3,0
2025-02-01,16,10:00,151,9,12.0,1,1,30.13,0,2025-02-01 08:00:00,2025-02-01 12:00:00,E,Coxwell Ave at Gerrard St East,0,0,0,0
2025-02-01,16,10:00,151,9,12.0,1,1,30.13,0,2025-02-01 08:00:00,2025-02-01 12:00:00,E,Euclid Ave,1,0,1,0
2025-02-01,16,10:00,151,9,12.0,1,1,30.13,0,2025-02-01 08:00:00,2025-02-01 12:00:00,E,Bowmore Rd,1,1,2,0
2025-02-01,16,10:00,151,9,12.0,1,1,30.13,0,2025-02-01 08:00:00,2025-02-01 12:00:00,E,Bay St,1,0,2,0
2025-02-01,16,10:00,151,9,12.0,1,1,30.13,0,2025-02-01 08:00:00,2025-02-01 12:00:00,E,Lansdowne Ave,0,1,4,0
2025-02-01,16,10:00,151,9,12.0,1,1,30.13,0,2025-02-01 08:00:00,2025-02-01 12:00:00,E,Indian Rd,1,0,5,0
2025-02-01,16,10:00,151,9,12.0,1,1,30.13,0,2025-02-01 08:00:00,2025-02-01 12:00:00,E,Grace St,2,0,5,0
2025-02-01,16,10:00,151,9,12.0,1,1,30.13,0,2025-02-01 08:00:00,2025-02-01 12:00:00,E,Dufferin St,0,0,3,0
2025-02-01,16,10:00,151,9,12.0,1,1,30.13,0,2025-02-01 08:00:00,2025-02-01 12:00:00,E,Gerrard St East at Beaton Ave,1,1,2,0
2025-02-01,16,10:00,151,9,12.0,1,1,30.13,0,2025-02-01 08:00:00,2025-02-01 12:00:00,E,Bathurst St,1,0,2,0
2025-02-01,16,10:00,151,9,12.0,1,1,30.13,0,2025-02-01 08:00:00,2025-02-01 12:00:00,E,Yonge St - College Station,0,0,1,0
2025-02-01,16,10:00,151,9,12.0,1,1,30.13,0,2025-02-01 08:00:00,2025-02-01 12:00:00,E,Dundas St West at Sterling Rd,0,0,1,0
2025-02-01,16,10:00,151,9,12.0,1,1,30.13,0,2025-02-01 08:00:00,2025-02-01 12:00:00,E,Brock Ave,0,0,5,0
2025-02-01,16,10:00,151,9,12.0,1,1,30.13,0,2025-02-01 08:00:00,2025-02-01 12:00:00,E,Sackville St,2,0,1,0
2025-02-01,16,10:00,151,9,12.0,1,1,30.13,0,2025-02-01 08:00:00,2025-02-01 12:00:00,E,Carlaw Ave,0,0,1,0
2025-02-01,16,10:00,151,9,12.0,1,1,30.13,0,2025-02-01 08:00:00,2025-02-01 12:00:00,E,Borden St,1,1,2,0
2025-02-01,16,10:00,151,9,12.0,1,1,30.13,0,2025-02-01 08:00:00,2025-02-01 12:00:00,E,Dundas St West at Sorauren Ave,1,0,0,0
2025-02-01,16,10:00,151,9,12.0,1,1,30.13,0,2025-02-01 08:00:00,2025-02-01 12:00:00,E,Crawford St,3,0,4,0
2025-02-01,16,10:00,151,9,12.0,1,1,30.13,0,2025-02-01 08:00:00,2025-02-01 12:00:00,E,Pape Ave,0,0,1,0
2025-02-01,16,10:00,151,9,12.0,1,1,30.13,0,2025-02-01 08:00:00,2025-02-01 12:00:00,E,Spadina Ave,1,0,1,0
2025-02-01,16,10:00,151,9,12.0,1,1,30.13,0,2025-02-01 08:00:00,2025-02-01 12:00:00,E,River St,1,0,1,0
2025-02-01,16,10:00,151,9,12.0,1,1,30.13,0,2025-02-01 08:00:00,2025-02-01 12:00:00,E,Marjory Ave,0,0,3,0
2025-02-01,16,10:00,151,9,12.0,1,1,30.13,0,2025-02-01 08:00:00,2025-02-01 12:00:00,E,Kingsmount Park Rd,1,1,2,0
2025-02-01,16,10:00,151,9,12.0,1,1,30.13,0,2025-02-01 08:00:00,2025-02-01 12:00:00,E,Church St,0,0,0,0
2025-02-01,16,10:00,151,9,12.0,1,1,30.13,0,2025-02-01 08:00:00,2025-02-01 12:00:00,E,Ossington Ave,2,0,1,0
2025-02-01,16,10:00,151,9,12.0,1,1,30.13,0,2025-02-01 08:00:00,2025-02-01 12:00:00,E,Woodbine Ave,1,1,2,0
2025-02-01,16,10:00,151,9,12.0,1,1,30.13,0,2025-02-01 08:00:00,2025-02-01 12:00:00,E,Jones Ave,0,0,3,0
2025-02-01,16,10:00,151,9,12.0,1,1,30.13,0,2025-02-01 08:00:00,2025-02-01 12:00:00,E,Golfview Ave,0,1,2,0
2025-02-01,16,10:00,151,9,12.0,1,1,30.13,0,2025-02-01 08:00:00,2025-02-01 12:00:00,E,Leslie St,0,0,3,0
2025-02-01,16,10:00,151,9,12.0,1,1,30.13,0,2025-02-01 08:00:00,2025-02-01 12:00:00,E,St Matthews Rd,3,0,0,0
2025-02-01,16,10:00,151,9,12.0,1,1,30.13,0,2025-02-01 08:00:00,2025-02-01 12:00:00,E,Jarvis St,0,0,1,0
2025-02-01,16,10:00,151,9,12.0,1,1,30.13,0,2025-02-01 08:00:00,2025-02-01 12:00:00,E,Sherbourne St,0,0,1,0
2025-02-01,16,10:00,151,9,12.0,1,1,30.13,0,2025-02-01 08:00:00,2025-02-01 12:00:00,E,St George St,1,0,1,0
2025-02-01,16,10:00,151,9,12.0,1,1,30.13,0,2025-02-01 08:00:00,2025-02-01 12:00:00,E,Dovercourt Rd,2,0,2,0
2025-02-01,16,10:00,151,9,12.0,1,1,30.13,0,2025-02-01 08:00:00,2025-02-01 12:00:00,E,Glenmount Park Rd,0,1,2,0
2025-02-01,16,10:00,151,9,12.0,1,1,30.13,0,2025-02-01 08:00:00,2025-02-01 12:00:00,E,Prust Ave,0,0,3,0
2025-02-01,16,10:00,151,9,12.0,1,1,30.13,0,2025-02-01 08:00:00,2025-02-01 12:00:00,E,Main Street Station at Bay 7,0,0,0,0
2025-02-01,16,10:00,151,9,12.0,1,1,30.13,0,2025-02-01 08:00:00,2025-02-01 12:00:00,E,Norwood Rd,0,1,2,0
2025-02-01,16,10:00,151,9,12.0,1,1,30.13,0,2025-02-01 08:00:00,2025-02-01 12:00:00,E,McCaul St,1,0,1,0
2025-02-01,16,10:00,151,9,12.0,1,1,30.13,0,2025-02-01 08:00:00,2025-02-01 12:00:00,E,Broadview Ave,3,0,1,0
2025-02-01,16,10:00,151,9,12.0,1,1,30.13,0,2025-02-01 08:00:00,2025-02-01 12:00:00,E,Ontario St,0,0,1,0
2025-02-01,16,10:00,151,9,12.0,1,1,30.13,0,2025-02-01 08:00:00,2025-02-01 12:00:00,E,Rusholme Park Cres,0,0,1,0
2025-02-01,16,10:00,151,9,12.0,1,1,30.13,0,2025-02-01 08:00:00,2025-02-01 12:00:00,E,Havelock St,0,0,3,0
2025-02-01,16,10:00,151,9,12.0,1,1,30.13,0,2025-02-01 08:00:00,2025-02-01 12:00:00,E,High Park Loop,2,0,12,0
2025-02-01,16,10:00,151,9,12.0,1,1,30.13,0,2025-02-01 08:00:00,2025-02-01 12:00:00,E,Queens Park (Queen's Park Station),1,0,1,0
2025-02-01,16,10:00,151,9,12.0,1,1,30.13,0,2025-02-01 08:00:00,2025-02-01 12:00:00,E,Roncesvalles Ave,0,0,1,0
2025-02-01,16,10:00,151,9,12.0,1,1,30.13,0,2025-02-01 08:00:00,2025-02-01 12:00:00,E,De Grassi St,3,0,1,0
2025-02-01,16,10:00,151,9,12.0,1,1,30.13,0,2025-02-01 08:00:00,2025-02-01 12:00:00,E,Parliament St at Carlton St,2,0,1,0
2025-02-01,16,10:00,151,9,12.0,1,1,30.13,0,2025-02-01 08:00:00,2025-02-01 12:00:00,E,Parkside Dr East Side,1,0,7,0
2025-02-01,16,10:00,151,9,12.0,1,1,30.13,0,2025-02-01 08:00:00,2025-02-01 12:00:00,E,Dundas St West,0,0,0,0
2025-02-01,16,10:00,151,9,12.0,1,1,30.13,0,2025-02-01 08:00:00,2025-02-01 12:00:00,E,Howard Park Ave at Roncesvalles Ave,0,0,0,0
2025-02-01,16,10:00,151,9,12.0,1,1,30.13,0,2025-02-01 08:00:00,2025-02-01 12:00:00,E,Parliament St,0,0,0,0
2025-02-01,16,10:00,151,9,12.0,1,1,30.13,0,2025-02-01 08:00:00,2025-02-01 12:00:00,E,Parliament St at Gerrard St East,0,0,0,0
2025-02-01,16,10:00,151,9,12.0,1,1,30.13,0,2025-02-01 08:00:00,2025-02-01 12:00:00,E,Sumach St,0,0,0,0
2025-02-01,16,10:00,151,9,12.0,1,1,30.13,0,2025-02-01 08:00:00,2025-02-01 12:00:00,E,Blackburn St,0,0,0,0
2025-02-01,16,10:00,151,9,12.0,1,1,30.13,0,2025-02-01 08:00:00,2025-02-01 12:00:00,E,Logan Ave,0,0,0,0
2025-02-01,16,10:00,151,9,12.0,1,1,30.13,0,2025-02-01 08:00:00,2025-02-01 12:00:00,E,Augusta Ave,0,0,0,0
2025-02-01,16,10:00,151,9,12.0,1,1,30.13,0,2025-02-01 08:00:00,2025-02-01 12:00:00,E,Beverley St,0,0,0,0
2025-02-01,16,10:00,151,9,12.0,1,1,30.13,0,2025-02-01 08:00:00,2025-02-01 12:00:00,E,University Ave (Queen's Park Station,0,0,0,0
2025-02-01,16,10:00,151,9,12.0,1,1,30.13,0,2025-02-01 08:00:00,2025-02-01 12:00:00,E,Elizabeth St,0,0,0,0
2025-02-01,16,10:00,151,9,12.0,1,1,30.13,0,2025-02-01 08:00:00,2025-02-01 12:00:00,E,Greenwood Ave,0,0,0,0
2025-02-01,16,10:00,151,9,12.0,1,1,30.13,0,2025-02-01 08:00:00,2025-02-01 12:00:00,E,Alton Ave,0,0,0,0
2025-02-01,16,10:00,151,9,12.0,1,1,30.13,0,2025-02-01 08:00:00,2025-02-01 12:00:00,E,Coxwell Ave,0,0,0,0
2025-02-01,16,10:00,151,9,12.0,1,1,30.13,0,2025-02-01 08:00:00,2025-02-01 12:00:00,E,Gerrard St East  at Coxwell Ave,0,0,0,0
2025-02-01,16,10:00,151,9,12.0,1,1,30.13,0,2025-02-01 08:00:00,2025-02-01 12:00:00,E,Coxwell Ave at Lower Gerrard St East,0,0,0,0
2025-02-01,16,10:00,151,9,12.0,1,1,30.13,0,2025-02-01 08:00:00,2025-02-01 12:00:00,E,Ashdale Ave,0,0,0,0
2025-02-01,16,10:00,151,9,12.0,1,1,30.13,0,2025-02-01 08:00:00,2025-02-01 12:00:00,E,Howard Park Ave at Indian Rd,0,0,0,0
2025-02-01,16,10:00,151,9,12.0,1,1,30.13,0,2025-02-01 08:00:00,2025-02-01 12:00:00,E,Dundas St West at Howard Park Ave,0,0,0,0
2025-02-01,16,10:00,151,9,12.0,1,1,30.13,0,2025-02-01 08:00:00,2025-02-01 12:00:00,E,Main St at Gerrard St East,0,0,0,0
2025-02-01,16,10:00,151,9,12.0,1,1,30.13,0,2025-02-01 08:00:00,2025-02-01 12:00:00,E,Main St,0,0,0,0
2025-02-01,16,10:00,151,9,12.0,1,1,30.13,0,2025-02-01 08:00:00,2025-02-01 12:00:00,E,Main St at Danforth Ave,0,0,0,0
2025-02-01,16,10:00,151,9,12.0,1,1,30.13,0,2025-02-01 08:00:00,2025-02-01 12:00:00,E,Howard Park Ave at Parkside Dr,0,0,0,0
2025-02-01,16,10:00,151,9,12.0,1,1,30.13,0,2025-02-01 08:00:00,2025-02-01 12:00:00,W,Woodfield Rd,1,0,0,0
2025-02-01,16,10:00,151,9,12.0,1,1,30.13,0,2025-02-01 08:00:00,2025-02-01 12:00:00,W,Coxwell Ave at Gerrard St East,1,1,2,0
2025-02-01,16,10:00,151,9,12.0,1,1,30.13,0,2025-02-01 08:00:00,2025-02-01 12:00:00,W,Euclid Ave,0,0,0,0
2025-02-01,16,10:00,151,9,12.0,1,1,30.13,0,2025-02-01 08:00:00,2025-02-01 12:00:00,W,Bowmore Rd,1,1,1,0
2025-02-01,16,10:00,151,9,12.0,1,1,30.13,0,2025-02-01 08:00:00,2025-02-01 12:00:00,W,Bay St,1,0,0,0
2025-02-01,16,10:00,151,9,12.0,1,1,30.13,0,2025-02-01 08:00:00,2025-02-01 12:00:00,W,Lansdowne Ave,0,0,0,0
2025-02-01,16,10:00,151,9,12.0,1,1,30.13,0,2025-02-01 08:00:00,2025-02-01 12:00:00,W,Indian Rd,1,1,2,0
2025-02-01,16,10:00,151,9,12.0,1,1,30.13,0,2025-02-01 08:00:00,2025-02-01 12:00:00,W,Grace St,0,0,0,0
2025-02-01,16,10:00,151,9,12.0,1,1,30.13,0,2025-02-01 08:00:00,2025-02-01 12:00:00,W,Dufferin St,3,1,3,0
2025-02-01,16,10:00,151,9,12.0,1,1,30.13,0,2025-02-01 08:00:00,2025-02-01 12:00:00,W,Gerrard St East at Beaton Ave,1,1,2,0
2025-02-01,16,10:00,151,9,12.0,1,1,30.13,0,2025-02-01 08:00:00,2025-02-01 12:00:00,W,Bathurst St,0,0,0,0
2025-02-01,16,10:00,151,9,12.0,1,1,30.13,0,2025-02-01 08:00:00,2025-02-01 12:00:00,W,Yonge St - College Station,0,0,0,0
2025-02-01,16,10:00,151,9,12.0,1,1,30.13,0,2025-02-01 08:00:00,2025-02-01 12:00:00,W,Dundas St West at Sterling Rd,0,0,0,0
2025-02-01,16,10:00,151,9,12.0,1,1,30.13,0,2025-02-01 08:00:00,2025-02-01 12:00:00,W,Brock Ave,0,0,0,0
2025-02-01,16,10:00,151,9,12.0,1,1,30.13,0,2025-02-01 08:00:00,2025-02-01 12:00:00,W,Sackville St,4,1,2,0
2025-02-01,16,10:00,151,9,12.0,1,1,30.13,0,2025-02-01 08:00:00,2025-02-01 12:00:00,W,Carlaw Ave,0,0,0,0
2025-02-01,16,10:00,151,9,12.0,1,1,30.13,0,2025-02-01 08:00:00,2025-02-01 12:00:00,W,Borden St,0,0,0,0
2025-02-01,16,10:00,151,9,12.0,1,1,30.13,0,2025-02-01 08:00:00,2025-02-01 12:00:00,W,Dundas St West at Sorauren Ave,2,1,3,0
2025-02-01,16,10:00,151,9,12.0,1,1,30.13,0,2025-02-01 08:00:00,2025-02-01 12:00:00,W,Crawford St,0,0,0,0
2025-02-01,16,10:00,151,9,12.0,1,1,30.13,0,2025-02-01 08:00:00,2025-02-01 12:00:00,W,Pape Ave,0,0,0,0
2025-02-01,16,10:00,151,9,12.0,1,1,30.13,0,2025-02-01 08:00:00,2025-02-01 12:00:00,W,Spadina Ave,1,0,0,0
2025-02-01,16,10:00,151,9,12.0,1,1,30.13,0,2025-02-01 08:00:00,2025-02-01 12:00:00,W,River St,5,1,2,0
2025-02-01,16,10:00,151,9,12.0,1,1,30.13,0,2025-02-01 08:00:00,2025-02-01 12:00:00,W,Marjory Ave,0,0,0,0
2025-02-01,16,10:00,151,9,12.0,1,1,30.13,0,2025-02-01 08:00:00,2025-02-01 12:00:00,W,Kingsmount Park Rd,0,0,0,0
2025-02-01,16,10:00,151,9,12.0,1,1,30.13,0,2025-02-01 08:00:00,2025-02-01 12:00:00,W,Church St,0,0,0,0
2025-02-01,16,10:00,151,9,12.0,1,1,30.13,0,2025-02-01 08:00:00,2025-02-01 12:00:00,W,Ossington Ave,0,0,0,0
2025-02-01,16,10:00,151,9,12.0,1,1,30.13,0,2025-02-01 08:00:00,2025-02-01 12:00:00,W,Woodbine Ave,0,0,0,0
2025-02-01,16,10:00,151,9,12.0,1,1,30.13,0,2025-02-01 08:00:00,2025-02-01 12:00:00,W,Jones Ave,0,0,0,0
2025-02-01,16,10:00,151,9,12.0,1,1,30.13,0,2025-02-01 08:00:00,2025-02-01 12:00:00,W,Golfview Ave,0,0,0,0
2025-02-01,16,10:00,151,9,12.0,1,1,30.13,0,2025-02-01 08:00:00,2025-02-01 12:00:00,W,Leslie St,0,0,0,0
2025-02-01,16,10:00,151,9,12.0,1,1,30.13,0,2025-02-01 08:00:00,2025-02-01 12:00:00,W,St Matthews Rd,0,0,0,0
2025-02-01,16,10:00,151,9,12.0,1,1,30.13,0,2025-02-01 08:00:00,2025-02-01 12:00:00,W,Jarvis St,0,0,0,0
2025-02-01,16,10:00,151,9,12.0,1,1,30.13,0,2025-02-01 08:00:00,2025-02-01 12:00:00,W,Sherbourne St,0,0,0,0
2025-02-01,16,10:00,151,9,12.0,1,1,30.13,0,2025-02-01 08:00:00,2025-02-01 12:00:00,W,St George St,0,0,0,0
2025-02-01,16,10:00,151,9,12.0,1,1,30.13,0,2025-02-01 08:00:00,2025-02-01 12:00:00,W,Dovercourt Rd,0,0,0,0
2025-02-01,16,10:00,151,9,12.0,1,1,30.13,0,2025-02-01 08:00:00,2025-02-01 12:00:00,W,Glenmount Park Rd,0,0,0,0
2025-02-01,16,10:00,151,9,12.0,1,1,30.13,0,2025-02-01 08:00:00,2025-02-01 12:00:00,W,Prust Ave,0,0,0,0
2025-02-01,16,10:00,151,9,12.0,1,1,30.13,0,2025-02-01 08:00:00,2025-02-01 12:00:00,W,Main Street Station at Bay 7,0,0,2,0
2025-02-01,16,10:00,151,9,12.0,1,1,30.13,0,2025-02-01 08:00:00,2025-02-01 12:00:00,W,Norwood Rd,0,0,0,0
2025-02-01,16,10:00,151,9,12.0,1,1,30.13,0,2025-02-01 08:00:00,2025-02-01 12:00:00,W,McCaul St,0,0,0,0
2025-02-01,16,10:00,151,9,12.0,1,1,30.13,0,2025-02-01 08:00:00,2025-02-01 12:00:00,W,Broadview Ave,0,0,0,0
2025-02-01,16,10:00,151,9,12.0,1,1,30.13,0,2025-02-01 08:00:00,2025-02-01 12:00:00,W,Ontario St,0,0,0,0
2025-02-01,16,10:00,151,9,12.0,1,1,30.13,0,2025-02-01 08:00:00,2025-02-01 12:00:00,W,Rusholme Park Cres,0,0,0,0
2025-02-01,16,10:00,151,9,12.0,1,1,30.13,0,2025-02-01 08:00:00,2025-02-01 12:00:00,W,Havelock St,0,0,0,0
2025-02-01,16,10:00,151,9,12.0,1,1,30.13,0,2025-02-01 08:00:00,2025-02-01 12:00:00,W,High Park Loop,0,0,0,0
2025-02-01,16,10:00,151,9,12.0,1,1,30.13,0,2025-02-01 08:00:00,2025-02-01 12:00:00,W,Queens Park (Queen's Park Station),0,0,0,0
2025-02-01,16,10:00,151,9,12.0,1,1,30.13,0,2025-02-01 08:00:00,2025-02-01 12:00:00,W,Roncesvalles Ave,1,1,2,0
2025-02-01,16,10:00,151,9,12.0,1,1,30.13,0,2025-02-01 08:00:00,2025-02-01 12:00:00,W,De Grassi St,0,0,0,0
2025-02-01,16,10:00,151,9,12.0,1,1,30.13,0,2025-02-01 08:00:00,2025-02-01 12:00:00,W,Parliament St at Carlton St,0,0,0,0
2025-02-01,16,10:00,151,9,12.0,1,1,30.13,0,2025-02-01 08:00:00,2025-02-01 12:00:00,W,Parkside Dr East Side,0,0,0,0
2025-02-01,16,10:00,151,9,12.0,1,1,30.13,0,2025-02-01 08:00:00,2025-02-01 12:00:00,W,Dundas St West,3,0,3,0
2025-02-01,16,10:00,151,9,12.0,1,1,30.13,0,2025-02-01 08:00:00,2025-02-01 12:00:00,W,Howard Park Ave at Roncesvalles Ave,0,0,0,0
2025-02-01,16,10:00,151,9,12.0,1,1,30.13,0,2025-02-01 08:00:00,2025-02-01 12:00:00,W,Parliament St,0,0,0,0
2025-02-01,16,10:00,151,9,12.0,1,1,30.13,0,2025-02-01 08:00:00,2025-02-01 12:00:00,W,Parliament St at Gerrard St East,0,0,0,0
2025-02-01,16,10:00,151,9,12.0,1,1,30.13,0,2025-02-01 08:00:00,2025-02-01 12:00:00,W,Sumach St,0,0,0,0
2025-02-01,16,10:00,151,9,12.0,1,1,30.13,0,2025-02-01 08:00:00,2025-02-01 12:00:00,W,Blackburn St,0,0,0,0
2025-02-01,16,10:00,151,9,12.0,1,1,30.13,0,2025-02-01 08:00:00,2025-02-01 12:00:00,W,Logan Ave,0,0,0,0
2025-02-01,16,10:00,151,9,12.0,1,1,30.13,0,2025-02-01 08:00:00,2025-02-01 12:00:00,W,Augusta Ave,0,0,0,0
2025-02-01,16,10:00,151,9,12.0,1,1,30.13,0,2025-02-01 08:00:00,2025-02-01 12:00:00,W,Beverley St,0,0,0,0
2025-02-01,16,10:00,151,9,12.0,1,1,30.13,0,2025-02-01 08:00:00,2025-02-01 12:00:00,W,University Ave (Queen's Park Station,0,0,0,0
2025-02-01,16,10:00,151,9,12.0,1,1,30.13,0,2025-02-01 08:00:00,2025-02-01 12:00:00,W,Elizabeth St,0,0,0,0
2025-02-01,16,10:00,151,9,12.0,1,1,30.13,0,2025-02-01 08:00:00,2025-02-01 12:00:00,W,Greenwood Ave,0,0,0,0
2025-02-01,16,10:00,151,9,12.0,1,1,30.13,0,2025-02-01 08:00:00,2025-02-01 12:00:00,W,Alton Ave,0,0,0,0
2025-02-01,16,10:00,151,9,12.0,1,1,30.13,0,2025-02-01 08:00:00,2025-02-01 12:00:00,W,Coxwell Ave,0,0,0,0
2025-02-01,16,10:00,151,9,12.0,1,1,30.13,0,2025-02-01 08:00:00,2025-02-01 12:00:00,W,Gerrard St East  at Coxwell Ave,0,0,0,0
2025-02-01,16,10:00,151,9,12.0,1,1,30.13,0,2025-02-01 08:00:00,2025-02-01 12:00:00,W,Coxwell Ave at Lower Gerrard St East,0,0,0,0
2025-02-01,16,10:00,151,9,12.0,1,1,30.13,0,2025-02-01 08:00:00,2025-02-01 12:00:00,W,Ashdale Ave,0,0,0,0
2025-02-01,16,10:00,151,9,12.0,1,1,30.13,0,2025-02-01 08:00:00,2025-02-01 12:00:00,W,Howard Park Ave at Indian Rd,0,0,0,0
2025-02-01,16,10:00,151,9,12.0,1,1,30.13,0,2025-02-01 08:00:00,2025-02-01 12:00:00,W,Dundas St West at Howard Park Ave,0,0,0,0
2025-02-01,16,10:00,151,9,12.0,1,1,30.13,0,2025-02-01 08:00:00,2025-02-01 12:00:00,W,Main St at Gerrard St East,0,0,0,0
2025-02-01,16,10:00,151,9,12.0,1,1,30.13,0,2025-02-01 08:00:00,2025-02-01 12:00:00,W,Main St,0,0,0,0
2025-02-01,16,10:00,151,9,12.0,1,1,30.13,0,2025-02-01 08:00:00,2025-02-01 12:00:00,W,Main St at Danforth Ave,0,0,0,0
2025-02-01,16,10:00,151,9,12.0,1,1,30.13,0,2025-02-01 08:00:00,2025-02-01 12:00:00,W,Howard Park Ave at Parkside Dr,0,0,0,0
2025-02-08,16,10:00,151,9,12.0,1,1,30.13,0,2025-02-08 08:00:00,2025-02-08 12:00:00,E,Woodfield Rd,3,1,2,0
2025-02-08,16,10:00,151,9,12.0,1,1,30.13,0,2025-02-08 08:00:00,2025-02-08 12:00:00,E,Coxwell Ave at Gerrard St East,0,0,0,0
2025-02-08,16,10:00,151,9,12.0,1,1,30.13,0,2025-02-08 08:00:00,2025-02-08 12:00:00,E,Euclid Ave,3,0,2,0
2025-02-08,16,10:00,151,9,12.0,1,1,30.13,0,2025-02-08 08:00:00,2025-02-08 12:00:00,E,Bowmore Rd,2,3,5,0
2025-02-08,16,10:00,151,9,12.0,1,1,30.13,0,2025-02-08 08:00:00,2025-02-08 12:00:00,E,Bay St,2,0,2,0
2025-02-08,16,10:00,151,9,12.0,1,1,30.13,0,2025-02-08 08:00:00,2025-02-08 12:00:00,E,Lansdowne Ave,6,4,5,0
2025-02-08,16,10:00,151,9,12.0,1,1,30.13,0,2025-02-08 08:00:00,2025-02-08 12:00:00,E,Indian Rd,1,1,3,0
2025-02-08,16,10:00,151,9,12.0,1,1,30.13,0,2025-02-08 08:00:00,2025-02-08 12:00:00,E,Grace St,4,1,3,0
2025-02-08,16,10:00,151,9,12.0,1,1,30.13,0,2025-02-08 08:00:00,2025-02-08 12:00:00,E,Dufferin St,3,1,4,0
2025-02-08,16,10:00,151,9,12.0,1,1,30.13,0,2025-02-08 08:00:00,2025-02-08 12:00:00,E,Gerrard St East at Beaton Ave,1,3,5,0
2025-02-08,16,10:00,151,9,12.0,1,1,30.13,0,2025-02-08 08:00:00,2025-02-08 12:00:00,E,Bathurst St,3,0,2,0
2025-02-08,16,10:00,151,9,12.0,1,1,30.13,0,2025-02-08 08:00:00,2025-02-08 12:00:00,E,Yonge St - College Station,3,1,2,0
2025-02-08,16,10:00,151,9,12.0,1,1,30.13,0,2025-02-08 08:00:00,2025-02-08 12:00:00,E,Dundas St West at Sterling Rd,1,0,0,0
2025-02-08,16,10:00,151,9,12.0,1,1,30.13,0,2025-02-08 08:00:00,2025-02-08 12:00:00,E,Brock Ave,2,2,4,0
2025-02-08,16,10:00,151,9,12.0,1,1,30.13,0,2025-02-08 08:00:00,2025-02-08 12:00:00,E,Sackville St,3,0,2,0
2025-02-08,16,10:00,151,9,12.0,1,1,30.13,0,2025-02-08 08:00:00,2025-02-08 12:00:00,E,Carlaw Ave,2,1,2,0
2025-02-08,16,10:00,151,9,12.0,1,1,30.13,0,2025-02-08 08:00:00,2025-02-08 12:00:00,E,Borden St,3,0,2,0
2025-02-08,16,10:00,151,9,12.0,1,1,30.13,0,2025-02-08 08:00:00,2025-02-08 12:00:00,E,Dundas St West at Sorauren Ave,1,0,0,0
2025-02-08,16,10:00,151,9,12.0,1,1,30.13,0,2025-02-08 08:00:00,2025-02-08 12:00:00,E,Crawford St,5,1,2,0
2025-02-08,16,10:00,151,9,12.0,1,1,30.13,0,2025-02-08 08:00:00,2025-02-08 12:00:00,E,Pape Ave,2,1,2,0
2025-02-08,16,10:00,151,9,12.0,1,1,30.13,0,2025-02-08 08:00:00,2025-02-08 12:00:00,E,Spadina Ave,2,1,2,0
2025-02-08,16,10:00,151,9,12.0,1,1,30.13,0,2025-02-08 08:00:00,2025-02-08 12:00:00,E,River St,4,1,2,0
2025-02-08,16,10:00,151,9,12.0,1,1,30.13,0,2025-02-08 08:00:00,2025-02-08 12:00:00,E,Marjory Ave,3,1,2,0
2025-02-08,16,10:00,151,9,12.0,1,1,30.13,0,2025-02-08 08:00:00,2025-02-08 12:00:00,E,Kingsmount Park Rd,2,3,5,0
2025-02-08,16,10:00,151,9,12.0,1,1,30.13,0,2025-02-08 08:00:00,2025-02-08 12:00:00,E,Church St,1,0,0,0
2025-02-08,16,10:00,151,9,12.0,1,1,30.13,0,2025-02-08 08:00:00,2025-02-08 12:00:00,E,Ossington Ave,3,1,2,0
2025-02-08,16,10:00,151,9,12.0,1,1,30.13,0,2025-02-08 08:00:00,2025-02-08 12:00:00,E,Woodbine Ave,3,3,5,0
2025-02-08,16,10:00,151,9,12.0,1,1,30.13,0,2025-02-08 08:00:00,2025-02-08 12:00:00,E,Jones Ave,3,1,2,0
2025-02-08,16,10:00,151,9,12.0,1,1,30.13,0,2025-02-08 08:00:00,2025-02-08 12:00:00,E,Golfview Ave,2,4,5,0
2025-02-08,16,10:00,151,9,12.0,1,1,30.13,0,2025-02-08 08:00:00,2025-02-08 12:00:00,E,Leslie St,3,1,2,0
2025-02-08,16,10:00,151,9,12.0,1,1,30.13,0,2025-02-08 08:00:00,2025-02-08 12:00:00,E,St Matthews Rd,3,1,2,0
2025-02-08,16,10:00,151,9,12.0,1,1,30.13,0,2025-02-08 08:00:00,2025-02-08 12:00:00,E,Jarvis St,1,0,0,0
2025-02-08,16,10:00,151,9,12.0,1,1,30.13,0,2025-02-08 08:00:00,2025-02-08 12:00:00,E,Sherbourne St,1,0,0,0
2025-02-08,16,10:00,151,9,12.0,1,1,30.13,0,2025-02-08 08:00:00,2025-02-08 12:00:00,E,St George St,2,1,2,0
2025-02-08,16,10:00,151,9,12.0,1,1,30.13,0,2025-02-08 08:00:00,2025-02-08 12:00:00,E,Dovercourt Rd,1,0,2,0
2025-02-08,16,10:00,151,9,12.0,1,1,30.13,0,2025-02-08 08:00:00,2025-02-08 12:00:00,E,Glenmount Park Rd,2,4,5,0
2025-02-08,16,10:00,151,9,12.0,1,1,30.13,0,2025-02-08 08:00:00,2025-02-08 12:00:00,E,Prust Ave,3,1,3,0
2025-02-08,16,10:00,151,9,12.0,1,1,30.13,0,2025-02-08 08:00:00,2025-02-08 12:00:00,E,Main Street Station at Bay 7,0,0,0,0
2025-02-08,16,10:00,151,9,12.0,1,1,30.13,0,2025-02-08 08:00:00,2025-02-08 12:00:00,E,Norwood Rd,3,4,5,0
2025-02-08,16,10:00,151,9,12.0,1,1,30.13,0,2025-02-08 08:00:00,2025-02-08 12:00:00,E,McCaul St,2,0,2,0
2025-02-08,16,10:00,151,9,12.0,1,1,30.13,0,2025-02-08 08:00:00,2025-02-08 12:00:00,E,Broadview Ave,3,0,2,0
2025-02-08,16,10:00,151,9,12.0,1,1,30.13,0,2025-02-08 08:00:00,2025-02-08 12:00:00,E,Ontario St,1,1,0,0
2025-02-08,16,10:00,151,9,12.0,1,1,30.13,0,2025-02-08 08:00:00,2025-02-08 12:00:00,E,Rusholme Park Cres,1,0,0,0
2025-02-08,16,10:00,151,9,12.0,1,1,30.13,0,2025-02-08 08:00:00,2025-02-08 12:00:00,E,Havelock St,4,1,2,0
2025-02-08,16,10:00,151,9,12.0,1,1,30.13,0,2025-02-08 08:00:00,2025-02-08 12:00:00,E,High Park Loop,1,2,6,0
2025-02-08,16,10:00,151,9,12.0,1,1,30.13,0,2025-02-08 08:00:00,2025-02-08 12:00:00,E,Queens Park (Queen's Park Station),1,0,2,0
2025-02-08,16,10:00,151,9,12.0,1,1,30.13,0,2025-02-08 08:00:00,2025-02-08 12:00:00,E,Roncesvalles Ave,1,0,0,0
2025-02-08,16,10:00,151,9,12.0,1,1,30.13,0,2025-02-08 08:00:00,2025-02-08 12:00:00,E,De Grassi St,3,0,2,0
2025-02-08,16,10:00,151,9,12.0,1,1,30.13,0,2025-02-08 08:00:00,2025-02-08 12:00:00,E,Parliament St at Carlton St,1,0,1,0
2025-02-08,16,10:00,151,9,12.0,1,1,30.13,0,2025-02-08 08:00:00,2025-02-08 12:00:00,E,Parkside Dr East Side,1,1,3,0
2025-02-08,16,10:00,151,9,12.0,1,1,30.13,0,2025-02-08 08:00:00,2025-02-08 12:00:00,E,Dundas St West,0,0,0,0
2025-02-08,16,10:00,151,9,12.0,1,1,30.13,0,2025-02-08 08:00:00,2025-02-08 12:00:00,E,Howard Park Ave at Roncesvalles Ave,0,0,0,0
2025-02-08,16,10:00,151,9,12.0,1,1,30.13,0,2025-02-08 08:00:00,2025-02-08 12:00:00,E,Parliament St,0,0,0,0
2025-02-08,16,10:00,151,9,12.0,1,1,30.13,0,2025-02-08 08:00:00,2025-02-08 12:00:00,E,Parliament St at Gerrard St East,0,0,0,0
2025-02-08,16,10:00,151,9,12.0,1,1,30.13,0,2025-02-08 08:00:00,2025-02-08 12:00:00,E,Sumach St,0,0,0,0
2025-02-08,16,10:00,151,9,12.0,1,1,30.13,0,2025-02-08 08:00:00,2025-02-08 12:00:00,E,Blackburn St,0,0,0,0
2025-02-08,16,10:00,151,9,12.0,1,1,30.13,0,2025-02-08 08:00:00,2025-02-08 12:00:00,E,Logan Ave,0,0,0,0
2025-02-08,16,10:00,151,9,12.0,1,1,30.13,0,2025-02-08 08:00:00,2025-02-08 12:00:00,E,Augusta Ave,0,0,0,0
2025-02-08,16,10:00,151,9,12.0,1,1,30.13,0,2025-02-08 08:00:00,2025-02-08 12:00:00,E,Beverley St,0,0,0,0
2025-02-08,16,10:00,151,9,12.0,1,1,30.13,0,2025-02-08 08:00:00,2025-02-08 12:00:00,E,University Ave (Queen's Park Station,0,0,0,0
2025-02-08,16,10:00,151,9,12.0,1,1,30.13,0,2025-02-08 08:00:00,2025-02-08 12:00:00,E,Elizabeth St,0,0,0,0
2025-02-08,16,10:00,151,9,12.0,1,1,30.13,0,2025-02-08 08:00:00,2025-02-08 12:00:00,E,Greenwood Ave,0,0,0,0
2025-02-08,16,10:00,151,9,12.0,1,1,30.13,0,2025-02-08 08:00:00,2025-02-08 12:00:00,E,Alton Ave,0,0,0,0
2025-02-08,16,10:00,151,9,12.0,1,1,30.13,0,2025-02-08 08:00:00,2025-02-08 12:00:00,E,Coxwell Ave,0,0,0,0
2025-02-08,16,10:00,151,9,12.0,1,1,30.13,0,2025-02-08 08:00:00,2025-02-08 12:00:00,E,Gerrard St East  at Coxwell Ave,0,0,0,0
2025-02-08,16,10:00,151,9,12.0,1,1,30.13,0,2025-02-08 08:00:00,2025-02-08 12:00:00,E,Coxwell Ave at Lower Gerrard St East,0,0,0,0
2025-02-08,16,10:00,151,9,12.0,1,1,30.13,0,2025-02-08 08:00:00,2025-02-08 12:00:00,E,Ashdale Ave,0,0,0,0
2025-02-08,16,10:00,151,9,12.0,1,1,30.13,0,2025-02-08 08:00:00,2025-02-08 12:00:00,E,Howard Park Ave at Indian Rd,0,0,0,0
2025-02-08,16,10:00,151,9,12.0,1,1,30.13,0,2025-02-08 08:00:00,2025-02-08 12:00:00,E,Dundas St West at Howard Park Ave,0,0,0,0
2025-02-08,16,10:00,151,9,12.0,1,1,30.13,0,2025-02-08 08:00:00,2025-02-08 12:00:00,E,Main St at Gerrard St East,0,0,0,0
2025-02-08,16,10:00,151,9,12.0,1,1,30.13,0,2025-02-08 08:00:00,2025-02-08 12:00:00,E,Main St,0,0,0,0
2025-02-08,16,10:00,151,9,12.0,1,1,30.13,0,2025-02-08 08:00:00,2025-02-08 12:00:00,E,Main St at Danforth Ave,0,0,0,0
2025-02-08,16,10:00,151,9,12.0,1,1,30.13,0,2025-02-08 08:00:00,2025-02-08 12:00:00,E,Howard Park Ave at Parkside Dr,0,0,0,0
2025-02-08,16,10:00,151,9,12.0,1,1,30.13,0,2025-02-08 08:00:00,2025-02-08 12:00:00,W,Woodfield Rd,1,1,3,0
2025-02-08,16,10:00,151,9,12.0,1,1,30.13,0,2025-02-08 08:00:00,2025-02-08 12:00:00,W,Coxwell Ave at Gerrard St East,1,1,4,0
2025-02-08,16,10:00,151,9,12.0,1,1,30.13,0,2025-02-08 08:00:00,2025-02-08 12:00:00,W,Euclid Ave,0,0,0,0
2025-02-08,16,10:00,151,9,12.0,1,1,30.13,0,2025-02-08 08:00:00,2025-02-08 12:00:00,W,Bowmore Rd,1,2,4,0
2025-02-08,16,10:00,151,9,12.0,1,1,30.13,0,2025-02-08 08:00:00,2025-02-08 12:00:00,W,Bay St,1,1,3,0
2025-02-08,16,10:00,151,9,12.0,1,1,30.13,0,2025-02-08 08:00:00,2025-02-08 12:00:00,W,Lansdowne Ave,0,0,0,0
2025-02-08,16,10:00,151,9,12.0,1,1,30.13,0,2025-02-08 08:00:00,2025-02-08 12:00:00,W,Indian Rd,4,3,0,0
2025-02-08,16,10:00,151,9,12.0,1,1,30.13,0,2025-02-08 08:00:00,2025-02-08 12:00:00,W,Grace St,0,0,0,0
2025-02-08,16,10:00,151,9,12.0,1,1,30.13,0,2025-02-08 08:00:00,2025-02-08 12:00:00,W,Dufferin St,4,4,1,0
2025-02-08,16,10:00,151,9,12.0,1,1,30.13,0,2025-02-08 08:00:00,2025-02-08 12:00:00,W,Gerrard St East at Beaton Ave,0,2,3,0
2025-02-08,16,10:00,151,9,12.0,1,1,30.13,0,2025-02-08 08:00:00,2025-02-08 12:00:00,W,Bathurst St,0,0,0,0
2025-02-08,16,10:00,151,9,12.0,1,1,30.13,0,2025-02-08 08:00:00,2025-02-08 12:00:00,W,Yonge St - College Station,0,0,0,0
2025-02-08,16,10:00,151,9,12.0,1,1,30.13,0,2025-02-08 08:00:00,2025-02-08 12:00:00,W,Dundas St West at Sterling Rd,0,0,0,0
2025-02-08,16,10:00,151,9,12.0,1,1,30.13,0,2025-02-08 08:00:00,2025-02-08 12:00:00,W,Brock Ave,0,0,0,0
2025-02-08,16,10:00,151,9,12.0,1,1,30.13,0,2025-02-08 08:00:00,2025-02-08 12:00:00,W,Sackville St,5,4,2,0
2025-02-08,16,10:00,151,9,12.0,1,1,30.13,0,2025-02-08 08:00:00,2025-02-08 12:00:00,W,Carlaw Ave,0,0,0,0
2025-02-08,16,10:00,151,9,12.0,1,1,30.13,0,2025-02-08 08:00:00,2025-02-08 12:00:00,W,Borden St,0,0,0,0
2025-02-08,16,10:00,151,9,12.0,1,1,30.13,0,2025-02-08 08:00:00,2025-02-08 12:00:00,W,Dundas St West at Sorauren Ave,5,3,1,0
2025-02-08,16,10:00,151,9,12.0,1,1,30.13,0,2025-02-08 08:00:00,2025-02-08 12:00:00,W,Crawford St,0,0,0,0
2025-02-08,16,10:00,151,9,12.0,1,1,30.13,0,2025-02-08 08:00:00,2025-02-08 12:00:00,W,Pape Ave,0,0,0,0
2025-02-08,16,10:00,151,9,12.0,1,1,30.13,0,2025-02-08 08:00:00,2025-02-08 12:00:00,W,Spadina Ave,2,1,2,0
2025-02-08,16,10:00,151,9,12.0,1,1,30.13,0,2025-02-08 08:00:00,2025-02-08 12:00:00,W,River St,5,3,3,0
2025-02-08,16,10:00,151,9,12.0,1,1,30.13,0,2025-02-08 08:00:00,2025-02-08 12:00:00,W,Marjory Ave,0,0,0,0
2025-02-08,16,10:00,151,9,12.0,1,1,30.13,0,2025-02-08 08:00:00,2025-02-08 12:00:00,W,Kingsmount Park Rd,0,0,0,0
2025-02-08,16,10:00,151,9,12.0,1,1,30.13,0,2025-02-08 08:00:00,2025-02-08 12:00:00,W,Church St,0,0,0,0
2025-02-08,16,10:00,151,9,12.0,1,1,30.13,0,2025-02-08 08:00:00,2025-02-08 12:00:00,W,Ossington Ave,0,0,0,0
2025-02-08,16,10:00,151,9,12.0,1,1,30.13,0,2025-02-08 08:00:00,2025-02-08 12:00:00,W,Woodbine Ave,0,0,0,0
2025-02-08,16,10:00,151,9,12.0,1,1,30.13,0,2025-02-08 08:00:00,2025-02-08 12:00:00,W,Jones Ave,0,0,0,0
2025-02-08,16,10:00,151,9,12.0,1,1,30.13,0,2025-02-08 08:00:00,2025-02-08 12:00:00,W,Golfview Ave,0,0,0,0
2025-02-08,16,10:00,151,9,12.0,1,1,30.13,0,2025-02-08 08:00:00,2025-02-08 12:00:00,W,Leslie St,0,0,0,0
2025-02-08,16,10:00,151,9,12.0,1,1,30.13,0,2025-02-08 08:00:00,2025-02-08 12:00:00,W,St Matthews Rd,0,0,0,0
2025-02-08,16,10:00,151,9,12.0,1,1,30.13,0,2025-02-08 08:00:00,2025-02-08 12:00:00,W,Jarvis St,0,0,0,0
2025-02-08,16,10:00,151,9,12.0,1,1,30.13,0,2025-02-08 08:00:00,2025-02-08 12:00:00,W,Sherbourne St,0,0,0,0
2025-02-08,16,10:00,151,9,12.0,1,1,30.13,0,2025-02-08 08:00:00,2025-02-08 12:00:00,W,St George St,0,0,0,0
2025-02-08,16,10:00,151,9,12.0,1,1,30.13,0,2025-02-08 08:00:00,2025-02-08 12:00:00,W,Dovercourt Rd,0,0,0,0
2025-02-08,16,10:00,151,9,12.0,1,1,30.13,0,2025-02-08 08:00:00,2025-02-08 12:00:00,W,Glenmount Park Rd,0,0,0,0
2025-02-08,16,10:00,151,9,12.0,1,1,30.13,0,2025-02-08 08:00:00,2025-02-08 12:00:00,W,Prust Ave,0,0,0,0
2025-02-08,16,10:00,151,9,12.0,1,1,30.13,0,2025-02-08 08:00:00,2025-02-08 12:00:00,W,Main Street Station at Bay 7,0,1,6,0
2025-02-08,16,10:00,151,9,12.0,1,1,30.13,0,2025-02-08 08:00:00,2025-02-08 12:00:00,W,Norwood Rd,0,0,0,0
2025-02-08,16,10:00,151,9,12.0,1,1,30.13,0,2025-02-08 08:00:00,2025-02-08 12:00:00,W,McCaul St,0,0,0,0
2025-02-08,16,10:00,151,9,12.0,1,1,30.13,0,2025-02-08 08:00:00,2025-02-08 12:00:00,W,Broadview Ave,0,0,0,0
2025-02-08,16,10:00,151,9,12.0,1,1,30.13,0,2025-02-08 08:00:00,2025-02-08 12:00:00,W,Ontario St,0,0,0,0
2025-02-08,16,10:00,151,9,12.0,1,1,30.13,0,2025-02-08 08:00:00,2025-02-08 12:00:00,W,Rusholme Park Cres,0,0,0,0
2025-02-08,16,10:00,151,9,12.0,1,1,30.13,0,2025-02-08 08:00:00,2025-02-08 12:00:00,W,Havelock St,0,0,0,0
2025-02-08,16,10:00,151,9,12.0,1,1,30.13,0,2025-02-08 08:00:00,2025-02-08 12:00:00,W,High Park Loop,0,0,0,0
2025-02-08,16,10:00,151,9,12.0,1,1,30.13,0,2025-02-08 08:00:00,2025-02-08 12:00:00,W,Queens Park (Queen's Park Station),0,0,0,0
2025-02-08,16,10:00,151,9,12.0,1,1,30.13,0,2025-02-08 08:00:00,2025-02-08 12:00:00,W,Roncesvalles Ave,4,3,1,0
2025-02-08,16,10:00,151,9,12.0,1,1,30.13,0,2025-02-08 08:00:00,2025-02-08 12:00:00,W,De Grassi St,0,0,0,0
2025-02-08,16,10:00,151,9,12.0,1,1,30.13,0,2025-02-08 08:00:00,2025-02-08 12:00:00,W,Parliament St at Carlton St,0,0,0,0
2025-02-08,16,10:00,151,9,12.0,1,1,30.13,0,2025-02-08 08:00:00,2025-02-08 12:00:00,W,Parkside Dr East Side,0,0,0,0
2025-02-08,16,10:00,151,9,12.0,1,1,30.13,0,2025-02-08 08:00:00,2025-02-08 12:00:00,W,Dundas St West,6,3,1,0
2025-02-08,16,10:00,151,9,12.0,1,1,30.13,0,2025-02-08 08:00:00,2025-02-08 12:00:00,W,Howard Park Ave at Roncesvalles Ave,0,0,0,0
2025-02-08,16,10:00,151,9,12.0,1,1,30.13,0,2025-02-08 08:00:00,2025-02-08 12:00:00,W,Parliament St,0,0,0,0
2025-02-08,16,10:00,151,9,12.0,1,1,30.13,0,2025-02-08 08:00:00,2025-02-08 12:00:00,W,Parliament St at Gerrard St East,0,0,0,0
2025-02-08,16,10:00,151,9,12.0,1,1,30.13,0,2025-02-08 08:00:00,2025-02-08 12:00:00,W,Sumach St,0,0,0,0
2025-02-08,16,10:00,151,9,12.0,1,1,30.13,0,2025-02-08 08:00:00,2025-02-08 12:00:00,W,Blackburn St,0,0,0,0
2025-02-08,16,10:00,151,9,12.0,1,1,30.13,0,2025-02-08 08:00:00,2025-02-08 12:00:00,W,Logan Ave,0,0,0,0
2025-02-08,16,10:00,151,9,12.0,1,1,30.13,0,2025-02-08 08:00:00,2025-02-08 12:00:00,W,Augusta Ave,0,0,0,0
2025-02-08,16,10:00,151,9,12.0,1,1,30.13,0,2025-02-08 08:00:00,2025-02-08 12:00:00,W,Beverley St,0,0,0,0
2025-02-08,16,10:00,151,9,12.0,1,1,30.13,0,2025-02-08 08:00:00,2025-02-08 12:00:00,W,University Ave (Queen's Park Station,0,0,0,0
2025-02-08,16,10:00,151,9,12.0,1,1,30.13,0,2025-02-08 08:00:00,2025-02-08 12:00:00,W,Elizabeth St,0,0,0,0
2025-02-08,16,10:00,151,9,12.0,1,1,30.13,0,2025-02-08 08:00:00,2025-02-08 12:00:00,W,Greenwood Ave,0,0,0,0
2025-02-08,16,10:00,151,9,12.0,1,1,30.13,0,2025-02-08 08:00:00,2025-02-08 12:00:00,W,Alton Ave,0,0,0,0
2025-02-08,16,10:00,151,9,12.0,1,1,30.13,0,2025-02-08 08:00:00,2025-02-08 12:00:00,W,Coxwell Ave,0,0,0,0
2025-02-08,16,10:00,151,9,12.0,1,1,30.13,0,2025-02-08 08:00:00,2025-02-08 12:00:00,W,Gerrard St East  at Coxwell Ave,0,0,0,0
2025-02-08,16,10:00,151,9,12.0,1,1,30.13,0,2025-02-08 08:00:00,2025-02-08 12:00:00,W,Coxwell Ave at Lower Gerrard St East,0,0,0,0
2025-02-08,16,10:00,151,9,12.0,1,1,30.13,0,2025-02-08 08:00:00,2025-02-08 12:00:00,W,Ashdale Ave,0,0,0,0
2025-02-08,16,10:00,151,9,12.0,1,1,30.13,0,2025-02-08 08:00:00,2025-02-08 12:00:00,W,Howard Park Ave at Indian Rd,0,0,0,0
2025-02-08,16,10:00,151,9,12.0,1,1,30.13,0,2025-02-08 08:00:00,2025-02-08 12:00:00,W,Dundas St West at Howard Park Ave,0,0,0,0
2025-02-08,16,10:00,151,9,12.0,1,1,30.13,0,2025-02-08 08:00:00,2025-02-08 12:00:00,W,Main St at Gerrard St East,0,0,0,0
2025-02-08,16,10:00,151,9,12.0,1,1,30.13,0,2025-02-08 08:00:00,2025-02-08 12:00:00,W,Main St,0,0,0,0
2025-02-08,16,10:00,151,9,12.0,1,1,30.13,0,2025-02-08 08:00:00,2025-02-08 12:00:00,W,Main St at Danforth Ave,0,0,0,0
2025-02-08,16,10:00,151,9,12.0,1,1,30.13,0,2025-02-08 08:00:00,2025-02-08 12:00:00,W,Howard Park Ave at Parkside Dr,0,0,0,0
2025-02-15,16,10:00,151,9,12.9,1,1,32.49,0,2025-02-15 08:00:00,2025-02-15 12:00:00,E,Woodfield Rd,4,5,4,2
2025-02-15,16,10:00,151,9,12.9,1,1,32.49,0,2025-02-15 08:00:00,2025-02-15 12:00:00,E,Coxwell Ave at Gerrard St East,0,0,0,0
2025-02-15,16,10:00,151,9,12.9,1,1,32.49,0,2025-02-15 08:00:00,2025-02-15 12:00:00,E,Euclid Ave,1,2,3,1
2025-02-15,16,10:00,151,9,12.9,1,1,32.49,0,2025-02-15 08:00:00,2025-02-15 12:00:00,E,Bowmore Rd,5,5,6,2
2025-02-15,16,10:00,151,9,12.9,1,1,32.49,0,2025-02-15 08:00:00,2025-02-15 12:00:00,E,Bay St,3,5,3,2
2025-02-15,16,10:00,151,9,12.9,1,1,32.49,0,2025-02-15 08:00:00,2025-02-15 12:00:00,E,Lansdowne Ave,6,7,9,4
2025-02-15,16,10:00,151,9,12.9,1,1,32.49,0,2025-02-15 08:00:00,2025-02-15 12:00:00,E,Indian Rd,0,5,4,2
2025-02-15,16,10:00,151,9,12.9,1,1,32.49,0,2025-02-15 08:00:00,2025-02-15 12:00:00,E,Grace St,0,8,6,2
2025-02-15,16,10:00,151,9,12.9,1,1,32.49,0,2025-02-15 08:00:00,2025-02-15 12:00:00,E,Dufferin St,5,5,3,2
2025-02-15,16,10:00,151,9,12.9,1,1,32.49,0,2025-02-15 08:00:00,2025-02-15 12:00:00,E,Gerrard St East at Beaton Ave,4,5,3,2
2025-02-15,16,10:00,151,9,12.9,1,1,32.49,0,2025-02-15 08:00:00,2025-02-15 12:00:00,E,Bathurst St,1,2,4,1
2025-02-15,16,10:00,151,9,12.9,1,1,32.49,0,2025-02-15 08:00:00,2025-02-15 12:00:00,E,Yonge St - College Station,2,5,2,3
2025-02-15,16,10:00,151,9,12.9,1,1,32.49,0,2025-02-15 08:00:00,2025-02-15 12:00:00,E,Dundas St West at Sterling Rd,1,2,2,2
2025-02-15,16,10:00,151,9,12.9,1,1,32.49,0,2025-02-15 08:00:00,2025-02-15 12:00:00,E,Brock Ave,6,7,5,4
2025-02-15,16,10:00,151,9,12.9,1,1,32.49,0,2025-02-15 08:00:00,2025-02-15 12:00:00,E,Sackville St,0,3,3,1
2025-02-15,16,10:00,151,9,12.9,1,1,32.49,0,2025-02-15 08:00:00,2025-02-15 12:00:00,E,Carlaw Ave,1,4,2,2
2025-02-15,16,10:00,151,9,12.9,1,1,32.49,0,2025-02-15 08:00:00,2025-02-15 12:00:00,E,Borden St,0,2,5,1
2025-02-15,16,10:00,151,9,12.9,1,1,32.49,0,2025-02-15 08:00:00,2025-02-15 12:00:00,E,Dundas St West at Sorauren Ave,0,1,2,2
2025-02-15,16,10:00,151,9,12.9,1,1,32.49,0,2025-02-15 08:00:00,2025-02-15 12:00:00,E,Crawford St,2,7,6,2
2025-02-15,16,10:00,151,9,12.9,1,1,32.49,0,2025-02-15 08:00:00,2025-02-15 12:00:00,E,Pape Ave,1,4,2,2
2025-02-15,16,10:00,151,9,12.9,1,1,32.49,0,2025-02-15 08:00:00,2025-02-15 12:00:00,E,Spadina Ave,2,2,3,2
2025-02-15,16,10:00,151,9,12.9,1,1,32.49,0,2025-02-15 08:00:00,2025-02-15 12:00:00,E,River St,0,4,3,1
2025-02-15,16,10:00,151,9,12.9,1,1,32.49,0,2025-02-15 08:00:00,2025-02-15 12:00:00,E,Marjory Ave,2,4,2,2
2025-02-15,16,10:00,151,9,12.9,1,1,32.49,0,2025-02-15 08:00:00,2025-02-15 12:00:00,E,Kingsmount Park Rd,4,5,6,2
2025-02-15,16,10:00,151,9,12.9,1,1,32.49,0,2025-02-15 08:00:00,2025-02-15 12:00:00,E,Church St,0,0,0,0
2025-02-15,16,10:00,151,9,12.9,1,1,32.49,0,2025-02-15 08:00:00,2025-02-15 12:00:00,E,Ossington Ave,3,6,5,3
2025-02-15,16,10:00,151,9,12.9,1,1,32.49,0,2025-02-15 08:00:00,2025-02-15 12:00:00,E,Woodbine Ave,5,5,7,2
2025-02-15,16,10:00,151,9,12.9,1,1,32.49,0,2025-02-15 08:00:00,2025-02-15 12:00:00,E,Jones Ave,1,4,2,2
2025-02-15,16,10:00,151,9,12.9,1,1,32.49,0,2025-02-15 08:00:00,2025-02-15 12:00:00,E,Golfview Ave,5,5,7,2
2025-02-15,16,10:00,151,9,12.9,1,1,32.49,0,2025-02-15 08:00:00,2025-02-15 12:00:00,E,Leslie St,2,4,2,2
2025-02-15,16,10:00,151,9,12.9,1,1,32.49,0,2025-02-15 08:00:00,2025-02-15 12:00:00,E,St Matthews Rd,1,3,3,1
2025-02-15,16,10:00,151,9,12.9,1,1,32.49,0,2025-02-15 08:00:00,2025-02-15 12:00:00,E,Jarvis St,0,2,2,2
2025-02-15,16,10:00,151,9,12.9,1,1,32.49,0,2025-02-15 08:00:00,2025-02-15 12:00:00,E,Sherbourne St,0,2,2,2
2025-02-15,16,10:00,151,9,12.9,1,1,32.49,0,2025-02-15 08:00:00,2025-02-15 12:00:00,E,St George St,1,4,3,2
2025-02-15,16,10:00,151,9,12.9,1,1,32.49,0,2025-02-15 08:00:00,2025-02-15 12:00:00,E,Dovercourt Rd,3,8,6,3
2025-02-15,16,10:00,151,9,12.9,1,1,32.49,0,2025-02-15 08:00:00,2025-02-15 12:00:00,E,Glenmount Park Rd,5,5,6,2
2025-02-15,16,10:00,151,9,12.9,1,1,32.49,0,2025-02-15 08:00:00,2025-02-15 12:00:00,E,Prust Ave,3,5,4,2
2025-02-15,16,10:00,151,9,12.9,1,1,32.49,0,2025-02-15 08:00:00,2025-02-15 12:00:00,E,Main Street Station at Bay 7,0,0,0,0
2025-02-15,16,10:00,151,9,12.9,1,1,32.49,0,2025-02-15 08:00:00,2025-02-15 12:00:00,E,Norwood Rd,5,5,6,2
2025-02-15,16,10:00,151,9,12.9,1,1,32.49,0,2025-02-15 08:00:00,2025-02-15 12:00:00,E,McCaul St,2,4,3,2
2025-02-15,16,10:00,151,9,12.9,1,1,32.49,0,2025-02-15 08:00:00,2025-02-15 12:00:00,E,Broadview Ave,0,3,3,1
2025-02-15,16,10:00,151,9,12.9,1,1,32.49,0,2025-02-15 08:00:00,2025-02-15 12:00:00,E,Ontario St,0,3,2,2
2025-02-15,16,10:00,151,9,12.9,1,1,32.49,0,2025-02-15 08:00:00,2025-02-15 12:00:00,E,Rusholme Park Cres,1,3,3,1
2025-02-15,16,10:00,151,9,12.9,1,1,32.49,0,2025-02-15 08:00:00,2025-02-15 12:00:00,E,Havelock St,3,5,4,2
2025-02-15,16,10:00,151,9,12.9,1,1,32.49,0,2025-02-15 08:00:00,2025-02-15 12:00:00,E,High Park Loop,0,10,6,4
2025-02-15,16,10:00,151,9,12.9,1,1,32.49,0,2025-02-15 08:00:00,2025-02-15 12:00:00,E,Queens Park (Queen's Park Station),2,4,3,2
2025-02-15,16,10:00,151,9,12.9,1,1,32.49,0,2025-02-15 08:00:00,2025-02-15 12:00:00,E,Roncesvalles Ave,1,3,3,1
2025-02-15,16,10:00,151,9,12.9,1,1,32.49,0,2025-02-15 08:00:00,2025-02-15 12:00:00,E,De Grassi St,2,2,3,1
2025-02-15,16,10:00,151,9,12.9,1,1,32.49,0,2025-02-15 08:00:00,2025-02-15 12:00:00,E,Parliament St at Carlton St,0,3,2,1
2025-02-15,16,10:00,151,9,12.9,1,1,32.49,0,2025-02-15 08:00:00,2025-02-15 12:00:00,E,Parkside Dr East Side,0,4,4,2
2025-02-15,16,10:00,151,9,12.9,1,1,32.49,0,2025-02-15 08:00:00,2025-02-15 12:00:00,E,Dundas St West,0,1,2,2
2025-02-15,16,10:00,151,9,12.9,1,1,32.49,0,2025-02-15 08:00:00,2025-02-15 12:00:00,E,Howard Park Ave at Roncesvalles Ave,0,0,0,0
2025-02-15,16,10:00,151,9,12.9,1,1,32.49,0,2025-02-15 08:00:00,2025-02-15 12:00:00,E,Parliament St,0,0,0,0
2025-02-15,16,10:00,151,9,12.9,1,1,32.49,0,2025-02-15 08:00:00,2025-02-15 12:00:00,E,Parliament St at Gerrard St East,0,0,0,0
2025-02-15,16,10:00,151,9,12.9,1,1,32.49,0,2025-02-15 08:00:00,2025-02-15 12:00:00,E,Sumach St,0,0,0,0
2025-02-15,16,10:00,151,9,12.9,1,1,32.49,0,2025-02-15 08:00:00,2025-02-15 12:00:00,E,Blackburn St,0,0,0,0
2025-02-15,16,10:00,151,9,12.9,1,1,32.49,0,2025-02-15 08:00:00,2025-02-15 12:00:00,E,Logan Ave,0,0,0,0
2025-02-15,16,10:00,151,9,12.9,1,1,32.49,0,2025-02-15 08:00:00,2025-02-15 12:00:00,E,Augusta Ave,0,0,0,0
2025-02-15,16,10:00,151,9,12.9,1,1,32.49,0,2025-02-15 08:00:00,2025-02-15 12:00:00,E,Beverley St,0,0,0,0
2025-02-15,16,10:00,151,9,12.9,1,1,32.49,0,2025-02-15 08:00:00,2025-02-15 12:00:00,E,University Ave (Queen's Park Station,0,0,0,0
2025-02-15,16,10:00,151,9,12.9,1,1,32.49,0,2025-02-15 08:00:00,2025-02-15 12:00:00,E,Elizabeth St,0,0,0,0
2025-02-15,16,10:00,151,9,12.9,1,1,32.49,0,2025-02-15 08:00:00,2025-02-15 12:00:00,E,Greenwood Ave,0,0,0,0
2025-02-15,16,10:00,151,9,12.9,1,1,32.49,0,2025-02-15 08:00:00,2025-02-15 12:00:00,E,Alton Ave,0,0,0,0
2025-02-15,16,10:00,151,9,12.9,1,1,32.49,0,2025-02-15 08:00:00,2025-02-15 12:00:00,E,Coxwell Ave,0,0,0,0
2025-02-15,16,10:00,151,9,12.9,1,1,32.49,0,2025-02-15 08:00:00,2025-02-15 12:00:00,E,Gerrard St East  at Coxwell Ave,0,0,0,0
2025-02-15,16,10:00,151,9,12.9,1,1,32.49,0,2025-02-15 08:00:00,2025-02-15 12:00:00,E,Coxwell Ave at Lower Gerrard St East,0,0,0,0
2025-02-15,16,10:00,151,9,12.9,1,1,32.49,0,2025-02-15 08:00:00,2025-02-15 12:00:00,E,Ashdale Ave,0,0,0,0
2025-02-15,16,10:00,151,9,12.9,1,1,32.49,0,2025-02-15 08:00:00,2025-02-15 12:00:00,E,Howard Park Ave at Indian Rd,0,0,0,0
2025-02-15,16,10:00,151,9,12.9,1,1,32.49,0,2025-02-15 08:00:00,2025-02-15 12:00:00,E,Dundas St West at Howard Park Ave,0,0,0,0
2025-02-15,16,10:00,151,9,12.9,1,1,32.49,0,2025-02-15 08:00:00,2025-02-15 12:00:00,E,Main St at Gerrard St East,0,0,0,0
2025-02-15,16,10:00,151,9,12.9,1,1,32.49,0,2025-02-15 08:00:00,2025-02-15 12:00:00,E,Main St,0,0,0,0
2025-02-15,16,10:00,151,9,12.9,1,1,32.49,0,2025-02-15 08:00:00,2025-02-15 12:00:00,E,Main St at Danforth Ave,0,0,0,0
2025-02-15,16,10:00,151,9,12.9,1,1,32.49,0,2025-02-15 08:00:00,2025-02-15 12:00:00,E,Howard Park Ave at Parkside Dr,0,0,0,0
2025-02-15,16,10:00,151,9,12.9,1,1,32.49,0,2025-02-15 08:00:00,2025-02-15 12:00:00,W,Woodfield Rd,4,5,7,3
2025-02-15,16,10:00,151,9,12.9,1,1,32.49,0,2025-02-15 08:00:00,2025-02-15 12:00:00,W,Coxwell Ave at Gerrard St East,3,3,8,3
2025-02-15,16,10:00,151,9,12.9,1,1,32.49,0,2025-02-15 08:00:00,2025-02-15 12:00:00,W,Euclid Ave,0,0,0,0
2025-02-15,16,10:00,151,9,12.9,1,1,32.49,0,2025-02-15 08:00:00,2025-02-15 12:00:00,W,Bowmore Rd,3,3,7,1
2025-02-15,16,10:00,151,9,12.9,1,1,32.49,0,2025-02-15 08:00:00,2025-02-15 12:00:00,W,Bay St,2,5,7,3
2025-02-15,16,10:00,151,9,12.9,1,1,32.49,0,2025-02-15 08:00:00,2025-02-15 12:00:00,W,Lansdowne Ave,0,0,0,0
2025-02-15,16,10:00,151,9,12.9,1,1,32.49,0,2025-02-15 08:00:00,2025-02-15 12:00:00,W,Indian Rd,1,6,4,1
2025-02-15,16,10:00,151,9,12.9,1,1,32.49,0,2025-02-15 08:00:00,2025-02-15 12:00:00,W,Grace St,0,0,0,0
2025-02-15,16,10:00,151,9,12.9,1,1,32.49,0,2025-02-15 08:00:00,2025-02-15 12:00:00,W,Dufferin St,1,7,5,2
2025-02-15,16,10:00,151,9,12.9,1,1,32.49,0,2025-02-15 08:00:00,2025-02-15 12:00:00,W,Gerrard St East at Beaton Ave,2,3,8,2
2025-02-15,16,10:00,151,9,12.9,1,1,32.49,0,2025-02-15 08:00:00,2025-02-15 12:00:00,W,Bathurst St,0,0,0,0
2025-02-15,16,10:00,151,9,12.9,1,1,32.49,0,2025-02-15 08:00:00,2025-02-15 12:00:00,W,Yonge St - College Station,0,0,0,0
2025-02-15,16,10:00,151,9,12.9,1,1,32.49,0,2025-02-15 08:00:00,2025-02-15 12:00:00,W,Dundas St West at Sterling Rd,0,0,0,0
2025-02-15,16,10:00,151,9,12.9,1,1,32.49,0,2025-02-15 08:00:00,2025-02-15 12:00:00,W,Brock Ave,0,0,0,0
2025-02-15,16,10:00,151,9,12.9,1,1,32.49,0,2025-02-15 08:00:00,2025-02-15 12:00:00,W,Sackville St,3,4,5,3
2025-02-15,16,10:00,151,9,12.9,1,1,32.49,0,2025-02-15 08:00:00,2025-02-15 12:00:00,W,Carlaw Ave,0,0,0,0
2025-02-15,16,10:00,151,9,12.9,1,1,32.49,0,2025-02-15 08:00:00,2025-02-15 12:00:00,W,Borden St,0,0,0,0
2025-02-15,16,10:00,151,9,12.9,1,1,32.49,0,2025-02-15 08:00:00,2025-02-15 12:00:00,W,Dundas St West at Sorauren Ave,1,6,2,1
2025-02-15,16,10:00,151,9,12.9,1,1,32.49,0,2025-02-15 08:00:00,2025-02-15 12:00:00,W,Crawford St,0,0,0,0
2025-02-15,16,10:00,151,9,12.9,1,1,32.49,0,2025-02-15 08:00:00,2025-02-15 12:00:00,W,Pape Ave,0,0,0,0
2025-02-15,16,10:00,151,9,12.9,1,1,32.49,0,2025-02-15 08:00:00,2025-02-15 12:00:00,W,Spadina Ave,5,6,7,3
2025-02-15,16,10:00,151,9,12.9,1,1,32.49,0,2025-02-15 08:00:00,2025-02-15 12:00:00,W,River St,4,5,6,4
2025-02-15,16,10:00,151,9,12.9,1,1,32.49,0,2025-02-15 08:00:00,2025-02-15 12:00:00,W,Marjory Ave,0,0,0,0
2025-02-15,16,10:00,151,9,12.9,1,1,32.49,0,2025-02-15 08:00:00,2025-02-15 12:00:00,W,Kingsmount Park Rd,0,0,0,0
2025-02-15,16,10:00,151,9,12.9,1,1,32.49,0,2025-02-15 08:00:00,2025-02-15 12:00:00,W,Church St,0,0,0,0
2025-02-15,16,10:00,151,9,12.9,1,1,32.49,0,2025-02-15 08:00:00,2025-02-15 12:00:00,W,Ossington Ave,0,0,0,0
2025-02-15,16,10:00,151,9,12.9,1,1,32.49,0,2025-02-15 08:00:00,2025-02-15 12:00:00,W,Woodbine Ave,0,0,0,0
2025-02-15,16,10:00,151,9,12.9,1,1,32.49,0,2025-02-15 08:00:00,2025-02-15 12:00:00,W,Jones Ave,0,0,0,0
2025-02-15,16,10:00,151,9,12.9,1,1,32.49,0,2025-02-15 08:00:00,2025-02-15 12:00:00,W,Golfview Ave,0,0,0,0
2025-02-15,16,10:00,151,9,12.9,1,1,32.49,0,2025-02-15 08:00:00,2025-02-15 12:00:00,W,Leslie St,0,0,0,0
2025-02-15,16,10:00,151,9,12.9,1,1,32.49,0,2025-02-15 08:00:00,2025-02-15 12:00:00,W,St Matthews Rd,0,0,0,0
2025-02-15,16,10:00,151,9,12.9,1,1,32.49,0,2025-02-15 08:00:00,2025-02-15 12:00:00,W,Jarvis St,0,0,0,0
2025-02-15,16,10:00,151,9,12.9,1,1,32.49,0,2025-02-15 08:00:00,2025-02-15 12:00:00,W,Sherbourne St,0,0,0,0
2025-02-15,16,10:00,151,9,12.9,1,1,32.49,0,2025-02-15 08:00:00,2025-02-15 12:00:00,W,St George St,0,0,0,0
2025-02-15,16,10:00,151,9,12.9,1,1,32.49,0,2025-02-15 08:00:00,2025-02-15 12:00:00,W,Dovercourt Rd,0,0,0,0
2025-02-15,16,10:00,151,9,12.9,1,1,32.49,0,2025-02-15 08:00:00,2025-02-15 12:00:00,W,Glenmount Park Rd,0,0,0,0
2025-02-15,16,10:00,151,9,12.9,1,1,32.49,0,2025-02-15 08:00:00,2025-02-15 12:00:00,W,Prust Ave,0,0,0,0
2025-02-15,16,10:00,151,9,12.9,1,1,32.49,0,2025-02-15 08:00:00,2025-02-15 12:00:00,W,Main Street Station at Bay 7,2,3,6,1
2025-02-15,16,10:00,151,9,12.9,1,1,32.49,0,2025-02-15 08:00:00,2025-02-15 12:00:00,W,Norwood Rd,0,0,0,0
2025-02-15,16,10:00,151,9,12.9,1,1,32.49,0,2025-02-15 08:00:00,2025-02-15 12:00:00,W,McCaul St,0,0,0,0
2025-02-15,16,10:00,151,9,12.9,1,1,32.49,0,2025-02-15 08:00:00,2025-02-15 12:00:00,W,Broadview Ave,0,0,0,0
2025-02-15,16,10:00,151,9,12.9,1,1,32.49,0,2025-02-15 08:00:00,2025-02-15 12:00:00,W,Ontario St,0,0,0,0
2025-02-15,16,10:00,151,9,12.9,1,1,32.49,0,2025-02-15 08:00:00,2025-02-15 12:00:00,W,Rusholme Park Cres,0,0,0,0
2025-02-15,16,10:00,151,9,12.9,1,1,32.49,0,2025-02-15 08:00:00,2025-02-15 12:00:00,W,Havelock St,0,0,0,0
2025-02-15,16,10:00,151,9,12.9,1,1,32.49,0,2025-02-15 08:00:00,2025-02-15 12:00:00,W,High Park Loop,0,0,0,0
2025-02-15,16,10:00,151,9,12.9,1,1,32.49,0,2025-02-15 08:00:00,2025-02-15 12:00:00,W,Queens Park (Queen's Park Station),0,0,0,0
2025-02-15,16,10:00,151,9,12.9,1,1,32.49,0,2025-02-15 08:00:00,2025-02-15 12:00:00,W,Roncesvalles Ave,1,6,4,1
2025-02-15,16,10:00,151,9,12.9,1,1,32.49,0,2025-02-15 08:00:00,2025-02-15 12:00:00,W,De Grassi St,0,0,0,0
2025-02-15,16,10:00,151,9,12.9,1,1,32.49,0,2025-02-15 08:00:00,2025-02-15 12:00:00,W,Parliament St at Carlton St,0,0,0,0
2025-02-15,16,10:00,151,9,12.9,1,1,32.49,0,2025-02-15 08:00:00,2025-02-15 12:00:00,W,Parkside Dr East Side,0,0,0,0
2025-02-15,16,10:00,151,9,12.9,1,1,32.49,0,2025-02-15 08:00:00,2025-02-15 12:00:00,W,Dundas St West,1,6,3,1
2025-02-15,16,10:00,151,9,12.9,1,1,32.49,0,2025-02-15 08:00:00,2025-02-15 12:00:00,W,Howard Park Ave at Roncesvalles Ave,0,0,0,0
2025-02-15,16,10:00,151,9,12.9,1,1,32.49,0,2025-02-15 08:00:00,2025-02-15 12:00:00,W,Parliament St,0,0,0,0
2025-02-15,16,10:00,151,9,12.9,1,1,32.49,0,2025-02-15 08:00:00,2025-02-15 12:00:00,W,Parliament St at Gerrard St East,0,0,0,0
2025-02-15,16,10:00,151,9,12.9,1,1,32.49,0,2025-02-15 08:00:00,2025-02-15 12:00:00,W,Sumach St,0,0,0,0
2025-02-15,16,10:00,151,9,12.9,1,1,32.49,0,2025-02-15 08:00:00,2025-02-15 12:00:00,W,Blackburn St,0,0,0,0
2025-02-15,16,10:00,151,9,12.9,1,1,32.49,0,2025-02-15 08:00:00,2025-02-15 12:00:00,W,Logan Ave,0,0,0,0
2025-02-15,16,10:00,151,9,12.9,1,1,32.49,0,2025-02-15 08:00:00,2025-02-15 12:00:00,W,Augusta Ave,0,0,0,0
2025-02-15,16,10:00,151,9,12.9,1,1,32.49,0,2025-02-15 08:00:00,2025-02-15 12:00:00,W,Beverley St,0,0,0,0
2025-02-15,16,10:00,151,9,12.9,1,1,32.49,0,2025-02-15 08:00:00,2025-02-15 12:00:00,W,University Ave (Queen's Park Station,0,0,0,0
2025-02-15,16,10:00,151,9,12.9,1,1,32.49,0,2025-02-15 08:00:00,2025-02-15 12:00:00,W,Elizabeth St,0,0,0,0
2025-02-15,16,10:00,151,9,12.9,1,1,32.49,0,2025-02-15 08:00:00,2025-02-15 12:00:00,W,Greenwood Ave,0,0,0,0
2025-02-15,16,10:00,151,9,12.9,1,1,32.49,0,2025-02-15 08:00:00,2025-02-15 12:00:00,W,Alton Ave,0,0,0,0
2025-02-15,16,10:00,151,9,12.9,1,1,32.49,0,2025-02-15 08:00:00,2025-02-15 12:00:00,W,Coxwell Ave,0,0,0,0
2025-02-15,16,10:00,151,9,12.9,1,1,32.49,0,2025-02-15 08:00:00,2025-02-15 12:00:00,W,Gerrard St East  at Coxwell Ave,0,0,0,0
2025-02-15,16,10:00,151,9,12.9,1,1,32.49,0,2025-02-15 08:00:00,2025-02-15 12:00:00,W,Coxwell Ave at Lower Gerrard St East,0,0,0,0
2025-02-15,16,10:00,151,9,12.9,1,1,32.49,0,2025-02-15 08:00:00,2025-02-15 12:00:00,W,Ashdale Ave,0,0,0,0
2025-02-15,16,10:00,151,9,12.9,1,1,32.49,0,2025-02-15 08:00:00,2025-02-15 12:00:00,W,Howard Park Ave at Indian Rd,0,0,0,0
2025-02-15,16,10:00,151,9,12.9,1,1,32.49,0,2025-02-15 08:00:00,2025-02-15 12:00:00,W,Dundas St West at Howard Park Ave,0,0,0,0
2025-02-15,16,10:00,151,9,12.9,1,1,32.49,0,2025-02-15 08:00:00,2025-02-15 12:00:00,W,Main St at Gerrard St East,0,0,0,0
2025-02-15,16,10:00,151,9,12.9,1,1,32.49,0,2025-02-15 08:00:00,2025-02-15 12:00:00,W,Main St,0,0,0,0
2025-02-15,16,10:00,151,9,12.9,1,1,32.49,0,2025-02-15 08:00:00,2025-02-15 12:00:00,W,Main St at Danforth Ave,0,0,0,0
2025-02-15,16,10:00,151,9,12.9,1,1,32.49,0,2025-02-15 08:00:00,2025-02-15 12:00:00,W,Howard Park Ave at Parkside Dr,0,0,0,0
2025-02-22,16,10:00,151,9,12.0,1,1,30.13,0,2025-02-22 08:00:00,2025-02-22 12:00:00,E,Woodfield Rd,2,1,2,0
2025-02-22,16,10:00,151,9,12.0,1,1,30.13,0,2025-02-22 08:00:00,2025-02-22 12:00:00,E,Coxwell Ave at Gerrard St East,0,0,0,0
2025-02-22,16,10:00,151,9,12.0,1,1,30.13,0,2025-02-22 08:00:00,2025-02-22 12:00:00,E,Euclid Ave,2,1,3,0
2025-02-22,16,10:00,151,9,12.0,1,1,30.13,0,2025-02-22 08:00:00,2025-02-22 12:00:00,E,Bowmore Rd,1,3,1,1
2025-02-22,16,10:00,151,9,12.0,1,1,30.13,0,2025-02-22 08:00:00,2025-02-22 12:00:00,E,Bay St,1,2,1,0
2025-02-22,16,10:00,151,9,12.0,1,1,30.13,0,2025-02-22 08:00:00,2025-02-22 12:00:00,E,Lansdowne Ave,1,6,2,0
2025-02-22,16,10:00,151,9,12.0,1,1,30.13,0,2025-02-22 08:00:00,2025-02-22 12:00:00,E,Indian Rd,0,2,2,0
2025-02-22,16,10:00,151,9,12.0,1,1,30.13,0,2025-02-22 08:00:00,2025-02-22 12:00:00,E,Grace St,1,4,4,0
2025-02-22,16,10:00,151,9,12.0,1,1,30.13,0,2025-02-22 08:00:00,2025-02-22 12:00:00,E,Dufferin St,4,1,3,0
2025-02-22,16,10:00,151,9,12.0,1,1,30.13,0,2025-02-22 08:00:00,2025-02-22 12:00:00,E,Gerrard St East at Beaton Ave,1,1,0,0
2025-02-22,16,10:00,151,9,12.0,1,1,30.13,0,2025-02-22 08:00:00,2025-02-22 12:00:00,E,Bathurst St,2,1,4,0
2025-02-22,16,10:00,151,9,12.0,1,1,30.13,0,2025-02-22 08:00:00,2025-02-22 12:00:00,E,Yonge St - College Station,1,0,1,0
2025-02-22,16,10:00,151,9,12.0,1,1,30.13,0,2025-02-22 08:00:00,2025-02-22 12:00:00,E,Dundas St West at Sterling Rd,0,4,1,0
2025-02-22,16,10:00,151,9,12.0,1,1,30.13,0,2025-02-22 08:00:00,2025-02-22 12:00:00,E,Brock Ave,1,3,2,0
2025-02-22,16,10:00,151,9,12.0,1,1,30.13,0,2025-02-22 08:00:00,2025-02-22 12:00:00,E,Sackville St,2,3,2,0
2025-02-22,16,10:00,151,9,12.0,1,1,30.13,0,2025-02-22 08:00:00,2025-02-22 12:00:00,E,Carlaw Ave,1,1,1,0
2025-02-22,16,10:00,151,9,12.0,1,1,30.13,0,2025-02-22 08:00:00,2025-02-22 12:00:00,E,Borden St,2,1,4,0
2025-02-22,16,10:00,151,9,12.0,1,1,30.13,0,2025-02-22 08:00:00,2025-02-22 12:00:00,E,Dundas St West at Sorauren Ave,0,4,2,0
2025-02-22,16,10:00,151,9,12.0,1,1,30.13,0,2025-02-22 08:00:00,2025-02-22 12:00:00,E,Crawford St,2,6,3,0
2025-02-22,16,10:00,151,9,12.0,1,1,30.13,0,2025-02-22 08:00:00,2025-02-22 12:00:00,E,Pape Ave,1,1,2,0
2025-02-22,16,10:00,151,9,12.0,1,1,30.13,0,2025-02-22 08:00:00,2025-02-22 12:00:00,E,Spadina Ave,2,1,2,0
2025-02-22,16,10:00,151,9,12.0,1,1,30.13,0,2025-02-22 08:00:00,2025-02-22 12:00:00,E,River St,2,3,2,0
2025-02-22,16,10:00,151,9,12.0,1,1,30.13,0,2025-02-22 08:00:00,2025-02-22 12:00:00,E,Marjory Ave,1,1,2,0
2025-02-22,16,10:00,151,9,12.0,1,1,30.13,0,2025-02-22 08:00:00,2025-02-22 12:00:00,E,Kingsmount Park Rd,1,3,1,0
2025-02-22,16,10:00,151,9,12.0,1,1,30.13,0,2025-02-22 08:00:00,2025-02-22 12:00:00,E,Church St,0,0,0,0
2025-02-22,16,10:00,151,9,12.0,1,1,30.13,0,2025-02-22 08:00:00,2025-02-22 12:00:00,E,Ossington Ave,1,3,3,0
2025-02-22,16,10:00,151,9,12.0,1,1,30.13,0,2025-02-22 08:00:00,2025-02-22 12:00:00,E,Woodbine Ave,1,3,1,0
2025-02-22,16,10:00,151,9,12.0,1,1,30.13,0,2025-02-22 08:00:00,2025-02-22 12:00:00,E,Jones Ave,3,1,2,0
2025-02-22,16,10:00,151,9,12.0,1,1,30.13,0,2025-02-22 08:00:00,2025-02-22 12:00:00,E,Golfview Ave,1,3,1,0
2025-02-22,16,10:00,151,9,12.0,1,1,30.13,0,2025-02-22 08:00:00,2025-02-22 12:00:00,E,Leslie St,2,1,2,0
2025-02-22,16,10:00,151,9,12.0,1,1,30.13,0,2025-02-22 08:00:00,2025-02-22 12:00:00,E,St Matthews Rd,3,2,2,1
2025-02-22,16,10:00,151,9,12.0,1,1,30.13,0,2025-02-22 08:00:00,2025-02-22 12:00:00,E,Jarvis St,0,3,3,0
2025-02-22,16,10:00,151,9,12.0,1,1,30.13,0,2025-02-22 08:00:00,2025-02-22 12:00:00,E,Sherbourne St,0,3,3,0
2025-02-22,16,10:00,151,9,12.0,1,1,30.13,0,2025-02-22 08:00:00,2025-02-22 12:00:00,E,St George St,1,1,2,0
2025-02-22,16,10:00,151,9,12.0,1,1,30.13,0,2025-02-22 08:00:00,2025-02-22 12:00:00,E,Dovercourt Rd,1,4,2,0
2025-02-22,16,10:00,151,9,12.0,1,1,30.13,0,2025-02-22 08:00:00,2025-02-22 12:00:00,E,Glenmount Park Rd,1,3,1,0
2025-02-22,16,10:00,151,9,12.0,1,1,30.13,0,2025-02-22 08:00:00,2025-02-22 12:00:00,E,Prust Ave,2,1,2,0
2025-02-22,16,10:00,151,9,12.0,1,1,30.13,0,2025-02-22 08:00:00,2025-02-22 12:00:00,E,Main Street Station at Bay 7,0,0,0,0
2025-02-22,16,10:00,151,9,12.0,1,1,30.13,0,2025-02-22 08:00:00,2025-02-22 12:00:00,E,Norwood Rd,1,3,1,0
2025-02-22,16,10:00,151,9,12.0,1,1,30.13,0,2025-02-22 08:00:00,2025-02-22 12:00:00,E,McCaul St,1,1,1,0
2025-02-22,16,10:00,151,9,12.0,1,1,30.13,0,2025-02-22 08:00:00,2025-02-22 12:00:00,E,Broadview Ave,2,1,2,0
2025-02-22,16,10:00,151,9,12.0,1,1,30.13,0,2025-02-22 08:00:00,2025-02-22 12:00:00,E,Ontario St,0,3,3,0
2025-02-22,16,10:00,151,9,12.0,1,1,30.13,0,2025-02-22 08:00:00,2025-02-22 12:00:00,E,Rusholme Park Cres,0,2,1,0
2025-02-22,16,10:00,151,9,12.0,1,1,30.13,0,2025-02-22 08:00:00,2025-02-22 12:00:00,E,Havelock St,2,1,2,0
2025-02-22,16,10:00,151,9,12.0,1,1,30.13,0,2025-02-22 08:00:00,2025-02-22 12:00:00,E,High Park Loop,0,3,6,0
2025-02-22,16,10:00,151,9,12.0,1,1,30.13,0,2025-02-22 08:00:00,2025-02-22 12:00:00,E,Queens Park (Queen's Park Station),1,2,1,0
2025-02-22,16,10:00,151,9,12.0,1,1,30.13,0,2025-02-22 08:00:00,2025-02-22 12:00:00,E,Roncesvalles Ave,0,2,1,0
2025-02-22,16,10:00,151,9,12.0,1,1,30.13,0,2025-02-22 08:00:00,2025-02-22 12:00:00,E,De Grassi St,2,1,3,0
2025-02-22,16,10:00,151,9,12.0,1,1,30.13,0,2025-02-22 08:00:00,2025-02-22 12:00:00,E,Parliament St at Carlton St,1,2,2,0
2025-02-22,16,10:00,151,9,12.0,1,1,30.13,0,2025-02-22 08:00:00,2025-02-22 12:00:00,E,Parkside Dr East Side,0,1,3,0
2025-02-22,16,10:00,151,9,12.0,1,1,30.13,0,2025-02-22 08:00:00,2025-02-22 12:00:00,E,Dundas St West,0,3,1,0
2025-02-22,16,10:00,151,9,12.0,1,1,30.13,0,2025-02-22 08:00:00,2025-02-22 12:00:00,E,Howard Park Ave at Roncesvalles Ave,0,0,0,0
2025-02-22,16,10:00,151,9,12.0,1,1,30.13,0,2025-02-22 08:00:00,2025-02-22 12:00:00,E,Parliament St,0,0,0,0
2025-02-22,16,10:00,151,9,12.0,1,1,30.13,0,2025-02-22 08:00:00,2025-02-22 12:00:00,E,Parliament St at Gerrard St East,0,0,0,0
2025-02-22,16,10:00,151,9,12.0,1,1,30.13,0,2025-02-22 08:00:00,2025-02-22 12:00:00,E,Sumach St,0,0,0,0
2025-02-22,16,10:00,151,9,12.0,1,1,30.13,0,2025-02-22 08:00:00,2025-02-22 12:00:00,E,Blackburn St,0,0,0,0
2025-02-22,16,10:00,151,9,12.0,1,1,30.13,0,2025-02-22 08:00:00,2025-02-22 12:00:00,E,Logan Ave,0,0,0,0
2025-02-22,16,10:00,151,9,12.0,1,1,30.13,0,2025-02-22 08:00:00,2025-02-22 12:00:00,E,Augusta Ave,0,0,0,0
2025-02-22,16,10:00,151,9,12.0,1,1,30.13,0,2025-02-22 08:00:00,2025-02-22 12:00:00,E,Beverley St,0,0,0,0
2025-02-22,16,10:00,151,9,12.0,1,1,30.13,0,2025-02-22 08:00:00,2025-02-22 12:00:00,E,University Ave (Queen's Park Station,0,0,0,0
2025-02-22,16,10:00,151,9,12.0,1,1,30.13,0,2025-02-22 08:00:00,2025-02-22 12:00:00,E,Elizabeth St,0,0,0,0
2025-02-22,16,10:00,151,9,12.0,1,1,30.13,0,2025-02-22 08:00:00,2025-02-22 12:00:00,E,Greenwood Ave,0,0,0,0
2025-02-22,16,10:00,151,9,12.0,1,1,30.13,0,2025-02-22 08:00:00,2025-02-22 12:00:00,E,Alton Ave,0,0,0,0
2025-02-22,16,10:00,151,9,12.0,1,1,30.13,0,2025-02-22 08:00:00,2025-02-22 12:00:00,E,Coxwell Ave,0,0,0,0
2025-02-22,16,10:00,151,9,12.0,1,1,30.13,0,2025-02-22 08:00:00,2025-02-22 12:00:00,E,Gerrard St East  at Coxwell Ave,0,0,0,0
2025-02-22,16,10:00,151,9,12.0,1,1,30.13,0,2025-02-22 08:00:00,2025-02-22 12:00:00,E,Coxwell Ave at Lower Gerrard St East,0,0,0,0
2025-02-22,16,10:00,151,9,12.0,1,1,30.13,0,2025-02-22 08:00:00,2025-02-22 12:00:00,E,Ashdale Ave,0,0,0,0
2025-02-22,16,10:00,151,9,12.0,1,1,30.13,0,2025-02-22 08:00:00,2025-02-22 12:00:00,E,Howard Park Ave at Indian Rd,0,0,0,0
2025-02-22,16,10:00,151,9,12.0,1,1,30.13,0,2025-02-22 08:00:00,2025-02-22 12:00:00,E,Dundas St West at Howard Park Ave,0,0,0,0
2025-02-22,16,10:00,151,9,12.0,1,1,30.13,0,2025-02-22 08:00:00,2025-02-22 12:00:00,E,Main St at Gerrard St East,0,0,0,0
2025-02-22,16,10:00,151,9,12.0,1,1,30.13,0,2025-02-22 08:00:00,2025-02-22 12:00:00,E,Main St,0,0,0,0
2025-02-22,16,10:00,151,9,12.0,1,1,30.13,0,2025-02-22 08:00:00,2025-02-22 12:00:00,E,Main St at Danforth Ave,0,0,0,0
2025-02-22,16,10:00,151,9,12.0,1,1,30.13,0,2025-02-22 08:00:00,2025-02-22 12:00:00,E,Howard Park Ave at Parkside Dr,0,0,0,0
2025-02-22,16,10:00,151,9,12.0,1,1,30.13,0,2025-02-22 08:00:00,2025-02-22 12:00:00,W,Woodfield Rd,0,2,0,1
2025-02-22,16,10:00,151,9,12.0,1,1,30.13,0,2025-02-22 08:00:00,2025-02-22 12:00:00,W,Coxwell Ave at Gerrard St East,0,1,0,1
2025-02-22,16,10:00,151,9,12.0,1,1,30.13,0,2025-02-22 08:00:00,2025-02-22 12:00:00,W,Euclid Ave,0,0,0,0
2025-02-22,16,10:00,151,9,12.0,1,1,30.13,0,2025-02-22 08:00:00,2025-02-22 12:00:00,W,Bowmore Rd,0,2,1,0
2025-02-22,16,10:00,151,9,12.0,1,1,30.13,0,2025-02-22 08:00:00,2025-02-22 12:00:00,W,Bay St,1,2,1,1
2025-02-22,16,10:00,151,9,12.0,1,1,30.13,0,2025-02-22 08:00:00,2025-02-22 12:00:00,W,Lansdowne Ave,0,0,0,0
2025-02-22,16,10:00,151,9,12.0,1,1,30.13,0,2025-02-22 08:00:00,2025-02-22 12:00:00,W,Indian Rd,1,1,1,0
2025-02-22,16,10:00,151,9,12.0,1,1,30.13,0,2025-02-22 08:00:00,2025-02-22 12:00:00,W,Grace St,0,0,0,0
2025-02-22,16,10:00,151,9,12.0,1,1,30.13,0,2025-02-22 08:00:00,2025-02-22 12:00:00,W,Dufferin St,0,3,3,2
2025-02-22,16,10:00,151,9,12.0,1,1,30.13,0,2025-02-22 08:00:00,2025-02-22 12:00:00,W,Gerrard St East at Beaton Ave,0,2,1,0
2025-02-22,16,10:00,151,9,12.0,1,1,30.13,0,2025-02-22 08:00:00,2025-02-22 12:00:00,W,Bathurst St,0,0,0,0
2025-02-22,16,10:00,151,9,12.0,1,1,30.13,0,2025-02-22 08:00:00,2025-02-22 12:00:00,W,Yonge St - College Station,0,0,0,0
2025-02-22,16,10:00,151,9,12.0,1,1,30.13,0,2025-02-22 08:00:00,2025-02-22 12:00:00,W,Dundas St West at Sterling Rd,0,0,0,0
2025-02-22,16,10:00,151,9,12.0,1,1,30.13,0,2025-02-22 08:00:00,2025-02-22 12:00:00,W,Brock Ave,0,0,0,0
2025-02-22,16,10:00,151,9,12.0,1,1,30.13,0,2025-02-22 08:00:00,2025-02-22 12:00:00,W,Sackville St,2,2,4,1
2025-02-22,16,10:00,151,9,12.0,1,1,30.13,0,2025-02-22 08:00:00,2025-02-22 12:00:00,W,Carlaw Ave,0,0,0,0
2025-02-22,16,10:00,151,9,12.0,1,1,30.13,0,2025-02-22 08:00:00,2025-02-22 12:00:00,W,Borden St,0,0,0,0
2025-02-22,16,10:00,151,9,12.0,1,1,30.13,0,2025-02-22 08:00:00,2025-02-22 12:00:00,W,Dundas St West at Sorauren Ave,1,1,0,0
2025-02-22,16,10:00,151,9,12.0,1,1,30.13,0,2025-02-22 08:00:00,2025-02-22 12:00:00,W,Crawford St,0,0,0,0
2025-02-22,16,10:00,151,9,12.0,1,1,30.13,0,2025-02-22 08:00:00,2025-02-22 12:00:00,W,Pape Ave,0,0,0,0
2025-02-22,16,10:00,151,9,12.0,1,1,30.13,0,2025-02-22 08:00:00,2025-02-22 12:00:00,W,Spadina Ave,3,3,4,2
2025-02-22,16,10:00,151,9,12.0,1,1,30.13,0,2025-02-22 08:00:00,2025-02-22 12:00:00,W,River St,4,4,4,1
2025-02-22,16,10:00,151,9,12.0,1,1,30.13,0,2025-02-22 08:00:00,2025-02-22 12:00:00,W,Marjory Ave,0,0,0,0
2025-02-22,16,10:00,151,9,12.0,1,1,30.13,0,2025-02-22 08:00:00,2025-02-22 12:00:00,W,Kingsmount Park Rd,0,0,0,0
2025-02-22,16,10:00,151,9,12.0,1,1,30.13,0,2025-02-22 08:00:00,2025-02-22 12:00:00,W,Church St,0,0,0,0
2025-02-22,16,10:00,151,9,12.0,1,1,30.13,0,2025-02-22 08:00:00,2025-02-22 12:00:00,W,Ossington Ave,0,0,0,0
2025-02-22,16,10:00,151,9,12.0,1,1,30.13,0,2025-02-22 08:00:00,2025-02-22 12:00:00,W,Woodbine Ave,0,0,0,0
2025-02-22,16,10:00,151,9,12.0,1,1,30.13,0,2025-02-22 08:00:00,2025-02-22 12:00:00,W,Jones Ave,0,0,0,0
2025-02-22,16,10:00,151,9,12.0,1,1,30.13,0,2025-02-22 08:00:00,2025-02-22 12:00:00,W,Golfview Ave,0,0,0,0
2025-02-22,16,10:00,151,9,12.0,1,1,30.13,0,2025-02-22 08:00:00,2025-02-22 12:00:00,W,Leslie St,0,0,0,0
2025-02-22,16,10:00,151,9,12.0,1,1,30.13,0,2025-02-22 08:00:00,2025-02-22 12:00:00,W,St Matthews Rd,0,0,0,0
2025-02-22,16,10:00,151,9,12.0,1,1,30.13,0,2025-02-22 08:00:00,2025-02-22 12:00:00,W,Jarvis St,0,0,0,0
2025-02-22,16,10:00,151,9,12.0,1,1,30.13,0,2025-02-22 08:00:00,2025-02-22 12:00:00,W,Sherbourne St,0,0,0,0
2025-02-22,16,10:00,151,9,12.0,1,1,30.13,0,2025-02-22 08:00:00,2025-02-22 12:00:00,W,St George St,0,0,0,0
2025-02-22,16,10:00,151,9,12.0,1,1,30.13,0,2025-02-22 08:00:00,2025-02-22 12:00:00,W,Dovercourt Rd,0,0,0,0
2025-02-22,16,10:00,151,9,12.0,1,1,30.13,0,2025-02-22 08:00:00,2025-02-22 12:00:00,W,Glenmount Park Rd,0,0,0,0
2025-02-22,16,10:00,151,9,12.0,1,1,30.13,0,2025-02-22 08:00:00,2025-02-22 12:00:00,W,Prust Ave,0,0,0,0
2025-02-22,16,10:00,151,9,12.0,1,1,30.13,0,2025-02-22 08:00:00,2025-02-22 12:00:00,W,Main Street Station at Bay 7,0,2,1,0
2025-02-22,16,10:00,151,9,12.0,1,1,30.13,0,2025-02-22 08:00:00,2025-02-22 12:00:00,W,Norwood Rd,0,0,0,0
2025-02-22,16,10:00,151,9,12.0,1,1,30.13,0,2025-02-22 08:00:00,2025-02-22 12:00:00,W,McCaul St,0,0,0,0
2025-02-22,16,10:00,151,9,12.0,1,1,30.13,0,2025-02-22 08:00:00,2025-02-22 12:00:00,W,Broadview Ave,0,0,0,0
2025-02-22,16,10:00,151,9,12.0,1,1,30.13,0,2025-02-22 08:00:00,2025-02-22 12:00:00,W,Ontario St,0,0,0,0
2025-02-22,16,10:00,151,9,12.0,1,1,30.13,0,2025-02-22 08:00:00,2025-02-22 12:00:00,W,Rusholme Park Cres,0,0,0,0
2025-02-22,16,10:00,151,9,12.0,1,1,30.13,0,2025-02-22 08:00:00,2025-02-22 12:00:00,W,Havelock St,0,0,0,0
2025-02-22,16,10:00,151,9,12.0,1,1,30.13,0,2025-02-22 08:00:00,2025-02-22 12:00:00,W,High Park Loop,0,0,0,0
2025-02-22,16,10:00,151,9,12.0,1,1,30.13,0,2025-02-22 08:00:00,2025-02-22 12:00:00,W,Queens Park (Queen's Park Station),0,0,0,0
2025-02-22,16,10:00,151,9,12.0,1,1,30.13,0,2025-02-22 08:00:00,2025-02-22 12:00:00,W,Roncesvalles Ave,1,1,1,0
2025-02-22,16,10:00,151,9,12.0,1,1,30.13,0,2025-02-22 08:00:00,2025-02-22 12:00:00,W,De Grassi St,0,0,0,0
2025-02-22,16,10:00,151,9,12.0,1,1,30.13,0,2025-02-22 08:00:00,2025-02-22 12:00:00,W,Parliament St at Carlton St,0,0,0,0
2025-02-22,16,10:00,151,9,12.0,1,1,30.13,0,2025-02-22 08:00:00,2025-02-22 12:00:00,W,Parkside Dr East Side,0,0,0,0
2025-02-22,16,10:00,151,9,12.0,1,1,30.13,0,2025-02-22 08:00:00,2025-02-22 12:00:00,W,Dundas St West,1,1,1,0
2025-02-22,16,10:00,151,9,12.0,1,1,30.13,0,2025-02-22 08:00:00,2025-02-22 12:00:00,W,Howard Park Ave at Roncesvalles Ave,0,0,0,0
2025-02-22,16,10:00,151,9,12.0,1,1,30.13,0,2025-02-22 08:00:00,2025-02-22 12:00:00,W,Parliament St,0,0,0,0
2025-02-22,16,10:00,151,9,12.0,1,1,30.13,0,2025-02-22 08:00:00,2025-02-22 12:00:00,W,Parliament St at Gerrard St East,0,0,0,0
2025-02-22,16,10:00,151,9,12.0,1,1,30.13,0,2025-02-22 08:00:00,2025-02-22 12:00:00,W,Sumach St,0,0,0,0
2025-02-22,16,10:00,151,9,12.0,1,1,30.13,0,2025-02-22 08:00:00,2025-02-22 12:00:00,W,Blackburn St,0,0,0,0
2025-02-22,16,10:00,151,9,12.0,1,1,30.13,0,2025-02-22 08:00:00,2025-02-22 12:00:00,W,Logan Ave,0,0,0,0
2025-02-22,16,10:00,151,9,12.0,1,1,30.13,0,2025-02-22 08:00:00,2025-02-22 12:00:00,W,Augusta Ave,0,0,0,0
2025-02-22,16,10:00,151,9,12.0,1,1,30.13,0,2025-02-22 08:00:00,2025-02-22 12:00:00,W,Beverley St,0,0,0,0
2025-02-22,16,10:00,151,9,12.0,1,1,30.13,0,2025-02-22 08:00:00,2025-02-22 12:00:00,W,University Ave (Queen's Park Station,0,0,0,0
2025-02-22,16,10:00,151,9,12.0,1,1,30.13,0,2025-02-22 08:00:00,2025-02-22 12:00:00,W,Elizabeth St,0,0,0,0
2025-02-22,16,10:00,151,9,12.0,1,1,30.13,0,2025-02-22 08:00:00,2025-02-22 12:00:00,W,Greenwood Ave,0,0,0,0
2025-02-22,16,10:00,151,9,12.0,1,1,30.13,0,2025-02-22 08:00:00,2025-02-22 12:00:00,W,Alton Ave,0,0,0,0
2025-02-22,16,10:00,151,9,12.0,1,1,30.13,0,2025-02-22 08:00:00,2025-02-22 12:00:00,W,Coxwell Ave,0,0,0,0
2025-02-22,16,10:00,151,9,12.0,1,1,30.13,0,2025-02-22 08:00:00,2025-02-22 12:00:00,W,Gerrard St East  at Coxwell Ave,0,0,0,0
2025-02-22,16,10:00,151,9,12.0,1,1,30.13,0,2025-02-22 08:00:00,2025-02-22 12:00:00,W,Coxwell Ave at Lower Gerrard St East,0,0,0,0
2025-02-22,16,10:00,151,9,12.0,1,1,30.13,0,2025-02-22 08:00:00,2025-02-22 12:00:00,W,Ashdale Ave,0,0,0,0
2025-02-22,16,10:00,151,9,12.0,1,1,30.13,0,2025-02-22 08:00:00,2025-02-22 12:00:00,W,Howard Park Ave at Indian Rd,0,0,0,0
2025-02-22,16,10:00,151,9,12.0,1,1,30.13,0,2025-02-22 08:00:00,2025-02-22 12:00:00,W,Dundas St West at Howard Park Ave,0,0,0,0
2025-02-22,16,10:00,151,9,12.0,1,1,30.13,0,2025-02-22 08:00:00,2025-02-22 12:00:00,W,Main St at Gerrard St East,0,0,0,0
2025-02-22,16,10:00,151,9,12.0,1,1,30.13,0,2025-02-22 08:00:00,2025-02-22 12:00:00,W,Main St,0,0,0,0
2025-02-22,16,10:00,151,9,12.0,1,1,30.13,0,2025-02-22 08:00:00,2025-02-22 12:00:00,W,Main St at Danforth Ave,0,0,0,0
2025-02-22,16,10:00,151,9,12.0,1,1,30.13,0,2025-02-22 08:00:00,2025-02-22 12:00:00,W,Howard Park Ave at Parkside Dr,0,0,0,0
2025-03-01,16,10:00,151,9,12.0,1,1,30.13,0,2025-03-01 08:00:00,2025-03-01 12:00:00,E,Woodfield Rd,1,2,0,0
2025-03-01,16,10:00,151,9,12.0,1,1,30.13,0,2025-03-01 08:00:00,2025-03-01 12:00:00,E,Coxwell Ave at Gerrard St East,0,0,0,0
2025-03-01,16,10:00,151,9,12.0,1,1,30.13,0,2025-03-01 08:00:00,2025-03-01 12:00:00,E,Euclid Ave,1,2,1,0
2025-03-01,16,10:00,151,9,12.0,1,1,30.13,0,2025-03-01 08:00:00,2025-03-01 12:00:00,E,Bowmore Rd,0,1,1,0
2025-03-01,16,10:00,151,9,12.0,1,1,30.13,0,2025-03-01 08:00:00,2025-03-01 12:00:00,E,Bay St,1,1,0,0
2025-03-01,16,10:00,151,9,12.0,1,1,30.13,0,2025-03-01 08:00:00,2025-03-01 12:00:00,E,Lansdowne Ave,1,0,1,0
2025-03-01,16,10:00,151,9,12.0,1,1,30.13,0,2025-03-01 08:00:00,2025-03-01 12:00:00,E,Indian Rd,0,2,1,0
2025-03-01,16,10:00,151,9,12.0,1,1,30.13,0,2025-03-01 08:00:00,2025-03-01 12:00:00,E,Grace St,0,3,1,0
2025-03-01,16,10:00,151,9,12.0,1,1,30.13,0,2025-03-01 08:00:00,2025-03-01 12:00:00,E,Dufferin St,0,0,0,0
2025-03-01,16,10:00,151,9,12.0,1,1,30.13,0,2025-03-01 08:00:00,2025-03-01 12:00:00,E,Gerrard St East at Beaton Ave,0,2,1,0
2025-03-01,16,10:00,151,9,12.0,1,1,30.13,0,2025-03-01 08:00:00,2025-03-01 12:00:00,E,Bathurst St,0,2,1,0
2025-03-01,16,10:00,151,9,12.0,1,1,30.13,0,2025-03-01 08:00:00,2025-03-01 12:00:00,E,Yonge St - College Station,0,3,1,0
2025-03-01,16,10:00,151,9,12.0,1,1,30.13,0,2025-03-01 08:00:00,2025-03-01 12:00:00,E,Dundas St West at Sterling Rd,0,1,1,0
2025-03-01,16,10:00,151,9,12.0,1,1,30.13,0,2025-03-01 08:00:00,2025-03-01 12:00:00,E,Brock Ave,0,2,2,0
2025-03-01,16,10:00,151,9,12.0,1,1,30.13,0,2025-03-01 08:00:00,2025-03-01 12:00:00,E,Sackville St,0,1,0,0
2025-03-01,16,10:00,151,9,12.0,1,1,30.13,0,2025-03-01 08:00:00,2025-03-01 12:00:00,E,Carlaw Ave,0,2,0,0
2025-03-01,16,10:00,151,9,12.0,1,1,30.13,0,2025-03-01 08:00:00,2025-03-01 12:00:00,E,Borden St,0,3,1,0
2025-03-01,16,10:00,151,9,12.0,1,1,30.13,0,2025-03-01 08:00:00,2025-03-01 12:00:00,E,Dundas St West at Sorauren Ave,0,1,1,0
2025-03-01,16,10:00,151,9,12.0,1,1,30.13,0,2025-03-01 08:00:00,2025-03-01 12:00:00,E,Crawford St,0,3,1,0
2025-03-01,16,10:00,151,9,12.0,1,1,30.13,0,2025-03-01 08:00:00,2025-03-01 12:00:00,E,Pape Ave,0,2,0,0
2025-03-01,16,10:00,151,9,12.0,1,1,30.13,0,2025-03-01 08:00:00,2025-03-01 12:00:00,E,Spadina Ave,1,1,0,0
2025-03-01,16,10:00,151,9,12.0,1,1,30.13,0,2025-03-01 08:00:00,2025-03-01 12:00:00,E,River St,0,1,0,0
2025-03-01,16,10:00,151,9,12.0,1,1,30.13,0,2025-03-01 08:00:00,2025-03-01 12:00:00,E,Marjory Ave,0,2,0,0
2025-03-01,16,10:00,151,9,12.0,1,1,30.13,0,2025-03-01 08:00:00,2025-03-01 12:00:00,E,Kingsmount Park Rd,1,2,1,0
2025-03-01,16,10:00,151,9,12.0,1,1,30.13,0,2025-03-01 08:00:00,2025-03-01 12:00:00,E,Church St,0,0,0,0
2025-03-01,16,10:00,151,9,12.0,1,1,30.13,0,2025-03-01 08:00:00,2025-03-01 12:00:00,E,Ossington Ave,1,3,1,0
2025-03-01,16,10:00,151,9,12.0,1,1,30.13,0,2025-03-01 08:00:00,2025-03-01 12:00:00,E,Woodbine Ave,1,1,1,0
2025-03-01,16,10:00,151,9,12.0,1,1,30.13,0,2025-03-01 08:00:00,2025-03-01 12:00:00,E,Jones Ave,0,2,0,0
2025-03-01,16,10:00,151,9,12.0,1,1,30.13,0,2025-03-01 08:00:00,2025-03-01 12:00:00,E,Golfview Ave,1,1,0,0
2025-03-01,16,10:00,151,9,12.0,1,1,30.13,0,2025-03-01 08:00:00,2025-03-01 12:00:00,E,Leslie St,0,2,0,0
2025-03-01,16,10:00,151,9,12.0,1,1,30.13,0,2025-03-01 08:00:00,2025-03-01 12:00:00,E,St Matthews Rd,0,1,0,0
2025-03-01,16,10:00,151,9,12.0,1,1,30.13,0,2025-03-01 08:00:00,2025-03-01 12:00:00,E,Jarvis St,0,1,1,0
2025-03-01,16,10:00,151,9,12.0,1,1,30.13,0,2025-03-01 08:00:00,2025-03-01 12:00:00,E,Sherbourne St,0,1,1,0
2025-03-01,16,10:00,151,9,12.0,1,1,30.13,0,2025-03-01 08:00:00,2025-03-01 12:00:00,E,St George St,1,1,0,0
2025-03-01,16,10:00,151,9,12.0,1,1,30.13,0,2025-03-01 08:00:00,2025-03-01 12:00:00,E,Dovercourt Rd,0,2,1,0
2025-03-01,16,10:00,151,9,12.0,1,1,30.13,0,2025-03-01 08:00:00,2025-03-01 12:00:00,E,Glenmount Park Rd,1,1,0,0
2025-03-01,16,10:00,151,9,12.0,1,1,30.13,0,2025-03-01 08:00:00,2025-03-01 12:00:00,E,Prust Ave,0,3,0,0
2025-03-01,16,10:00,151,9,12.0,1,1,30.13,0,2025-03-01 08:00:00,2025-03-01 12:00:00,E,Main Street Station at Bay 7,0,0,0,0
2025-03-01,16,10:00,151,9,12.0,1,1,30.13,0,2025-03-01 08:00:00,2025-03-01 12:00:00,E,Norwood Rd,1,1,0,0
2025-03-01,16,10:00,151,9,12.0,1,1,30.13,0,2025-03-01 08:00:00,2025-03-01 12:00:00,E,McCaul St,0,1,0,0
2025-03-01,16,10:00,151,9,12.0,1,1,30.13,0,2025-03-01 08:00:00,2025-03-01 12:00:00,E,Broadview Ave,0,1,0,0
2025-03-01,16,10:00,151,9,12.0,1,1,30.13,0,2025-03-01 08:00:00,2025-03-01 12:00:00,E,Ontario St,0,1,1,0
2025-03-01,16,10:00,151,9,12.0,1,1,30.13,0,2025-03-01 08:00:00,2025-03-01 12:00:00,E,Rusholme Park Cres,1,0,1,0
2025-03-01,16,10:00,151,9,12.0,1,1,30.13,0,2025-03-01 08:00:00,2025-03-01 12:00:00,E,Havelock St,0,3,0,0
2025-03-01,16,10:00,151,9,12.0,1,1,30.13,0,2025-03-01 08:00:00,2025-03-01 12:00:00,E,High Park Loop,0,2,5,0
2025-03-01,16,10:00,151,9,12.0,1,1,30.13,0,2025-03-01 08:00:00,2025-03-01 12:00:00,E,Queens Park (Queen's Park Station),0,2,0,0
2025-03-01,16,10:00,151,9,12.0,1,1,30.13,0,2025-03-01 08:00:00,2025-03-01 12:00:00,E,Roncesvalles Ave,0,0,1,0
2025-03-01,16,10:00,151,9,12.0,1,1,30.13,0,2025-03-01 08:00:00,2025-03-01 12:00:00,E,De Grassi St,1,1,0,0
2025-03-01,16,10:00,151,9,12.0,1,1,30.13,0,2025-03-01 08:00:00,2025-03-01 12:00:00,E,Parliament St at Carlton St,0,1,0,0
2025-03-01,16,10:00,151,9,12.0,1,1,30.13,0,2025-03-01 08:00:00,2025-03-01 12:00:00,E,Parkside Dr East Side,0,1,5,0
2025-03-01,16,10:00,151,9,12.0,1,1,30.13,0,2025-03-01 08:00:00,2025-03-01 12:00:00,E,Dundas St West,0,1,1,0
2025-03-01,16,10:00,151,9,12.0,1,1,30.13,0,2025-03-01 08:00:00,2025-03-01 12:00:00,E,Howard Park Ave at Roncesvalles Ave,0,0,0,0
2025-03-01,16,10:00,151,9,12.0,1,1,30.13,0,2025-03-01 08:00:00,2025-03-01 12:00:00,E,Parliament St,0,0,0,0
2025-03-01,16,10:00,151,9,12.0,1,1,30.13,0,2025-03-01 08:00:00,2025-03-01 12:00:00,E,Parliament St at Gerrard St East,0,0,0,0
2025-03-01,16,10:00,151,9,12.0,1,1,30.13,0,2025-03-01 08:00:00,2025-03-01 12:00:00,E,Sumach St,0,0,0,0
2025-03-01,16,10:00,151,9,12.0,1,1,30.13,0,2025-03-01 08:00:00,2025-03-01 12:00:00,E,Blackburn St,0,0,0,0
2025-03-01,16,10:00,151,9,12.0,1,1,30.13,0,2025-03-01 08:00:00,2025-03-01 12:00:00,E,Logan Ave,0,0,0,0
2025-03-01,16,10:00,151,9,12.0,1,1,30.13,0,2025-03-01 08:00:00,2025-03-01 12:00:00,E,Augusta Ave,0,0,0,0
2025-03-01,16,10:00,151,9,12.0,1,1,30.13,0,2025-03-01 08:00:00,2025-03-01 12:00:00,E,Beverley St,0,0,0,0
2025-03-01,16,10:00,151,9,12.0,1,1,30.13,0,2025-03-01 08:00:00,2025-03-01 12:00:00,E,University Ave (Queen's Park Station,0,0,0,0
2025-03-01,16,10:00,151,9,12.0,1,1,30.13,0,2025-03-01 08:00:00,2025-03-01 12:00:00,E,Elizabeth St,0,0,0,0
2025-03-01,16,10:00,151,9,12.0,1,1,30.13,0,2025-03-01 08:00:00,2025-03-01 12:00:00,E,Greenwood Ave,0,0,0,0
2025-03-01,16,10:00,151,9,12.0,1,1,30.13,0,2025-03-01 08:00:00,2025-03-01 12:00:00,E,Alton Ave,0,0,0,0
2025-03-01,16,10:00,151,9,12.0,1,1,30.13,0,2025-03-01 08:00:00,2025-03-01 12:00:00,E,Coxwell Ave,0,0,0,0
2025-03-01,16,10:00,151,9,12.0,1,1,30.13,0,2025-03-01 08:00:00,2025-03-01 12:00:00,E,Gerrard St East  at Coxwell Ave,0,0,0,0
2025-03-01,16,10:00,151,9,12.0,1,1,30.13,0,2025-03-01 08:00:00,2025-03-01 12:00:00,E,Coxwell Ave at Lower Gerrard St East,0,0,0,0
2025-03-01,16,10:00,151,9,12.0,1,1,30.13,0,2025-03-01 08:00:00,2025-03-01 12:00:00,E,Ashdale Ave,0,0,0,0
2025-03-01,16,10:00,151,9,12.0,1,1,30.13,0,2025-03-01 08:00:00,2025-03-01 12:00:00,E,Howard Park Ave at Indian Rd,0,0,0,0
2025-03-01,16,10:00,151,9,12.0,1,1,30.13,0,2025-03-01 08:00:00,2025-03-01 12:00:00,E,Dundas St West at Howard Park Ave,0,0,0,0
2025-03-01,16,10:00,151,9,12.0,1,1,30.13,0,2025-03-01 08:00:00,2025-03-01 12:00:00,E,Main St at Gerrard St East,0,0,0,0
2025-03-01,16,10:00,151,9,12.0,1,1,30.13,0,2025-03-01 08:00:00,2025-03-01 12:00:00,E,Main St,0,0,0,0
2025-03-01,16,10:00,151,9,12.0,1,1,30.13,0,2025-03-01 08:00:00,2025-03-01 12:00:00,E,Main St at Danforth Ave,0,0,0,0
2025-03-01,16,10:00,151,9,12.0,1,1,30.13,0,2025-03-01 08:00:00,2025-03-01 12:00:00,E,Howard Park Ave at Parkside Dr,0,0,0,0
2025-03-01,16,10:00,151,9,12.0,1,1,30.13,0,2025-03-01 08:00:00,2025-03-01 12:00:00,W,Woodfield Rd,2,0,1,0
2025-03-01,16,10:00,151,9,12.0,1,1,30.13,0,2025-03-01 08:00:00,2025-03-01 12:00:00,W,Coxwell Ave at Gerrard St East,1,0,1,0
2025-03-01,16,10:00,151,9,12.0,1,1,30.13,0,2025-03-01 08:00:00,2025-03-01 12:00:00,W,Euclid Ave,0,0,0,0
2025-03-01,16,10:00,151,9,12.0,1,1,30.13,0,2025-03-01 08:00:00,2025-03-01 12:00:00,W,Bowmore Rd,0,0,1,0
2025-03-01,16,10:00,151,9,12.0,1,1,30.13,0,2025-03-01 08:00:00,2025-03-01 12:00:00,W,Bay St,1,0,4,0
2025-03-01,16,10:00,151,9,12.0,1,1,30.13,0,2025-03-01 08:00:00,2025-03-01 12:00:00,W,Lansdowne Ave,0,0,0,0
2025-03-01,16,10:00,151,9,12.0,1,1,30.13,0,2025-03-01 08:00:00,2025-03-01 12:00:00,W,Indian Rd,1,1,3,0
2025-03-01,16,10:00,151,9,12.0,1,1,30.13,0,2025-03-01 08:00:00,2025-03-01 12:00:00,W,Grace St,0,0,0,0
2025-03-01,16,10:00,151,9,12.0,1,1,30.13,0,2025-03-01 08:00:00,2025-03-01 12:00:00,W,Dufferin St,2,1,4,0
2025-03-01,16,10:00,151,9,12.0,1,1,30.13,0,2025-03-01 08:00:00,2025-03-01 12:00:00,W,Gerrard St East at Beaton Ave,0,0,1,0
2025-03-01,16,10:00,151,9,12.0,1,1,30.13,0,2025-03-01 08:00:00,2025-03-01 12:00:00,W,Bathurst St,0,0,0,0
2025-03-01,16,10:00,151,9,12.0,1,1,30.13,0,2025-03-01 08:00:00,2025-03-01 12:00:00,W,Yonge St - College Station,0,0,0,0
2025-03-01,16,10:00,151,9,12.0,1,1,30.13,0,2025-03-01 08:00:00,2025-03-01 12:00:00,W,Dundas St West at Sterling Rd,0,0,0,0
2025-03-01,16,10:00,151,9,12.0,1,1,30.13,0,2025-03-01 08:00:00,2025-03-01 12:00:00,W,Brock Ave,0,0,0,0
2025-03-01,16,10:00,151,9,12.0,1,1,30.13,0,2025-03-01 08:00:00,2025-03-01 12:00:00,W,Sackville St,2,0,4,0
2025-03-01,16,10:00,151,9,12.0,1,1,30.13,0,2025-03-01 08:00:00,2025-03-01 12:00:00,W,Carlaw Ave,0,0,0,0
2025-03-01,16,10:00,151,9,12.0,1,1,30.13,0,2025-03-01 08:00:00,2025-03-01 12:00:00,W,Borden St,0,0,0,0
2025-03-01,16,10:00,151,9,12.0,1,1,30.13,0,2025-03-01 08:00:00,2025-03-01 12:00:00,W,Dundas St West at Sorauren Ave,0,1,3,0
2025-03-01,16,10:00,151,9,12.0,1,1,30.13,0,2025-03-01 08:00:00,2025-03-01 12:00:00,W,Crawford St,0,0,0,0
2025-03-01,16,10:00,151,9,12.0,1,1,30.13,0,2025-03-01 08:00:00,2025-03-01 12:00:00,W,Pape Ave,0,0,0,0
2025-03-01,16,10:00,151,9,12.0,1,1,30.13,0,2025-03-01 08:00:00,2025-03-01 12:00:00,W,Spadina Ave,2,0,3,0
2025-03-01,16,10:00,151,9,12.0,1,1,30.13,0,2025-03-01 08:00:00,2025-03-01 12:00:00,W,River St,3,0,3,0
2025-03-01,16,10:00,151,9,12.0,1,1,30.13,0,2025-03-01 08:00:00,2025-03-01 12:00:00,W,Marjory Ave,0,0,0,0
2025-03-01,16,10:00,151,9,12.0,1,1,30.13,0,2025-03-01 08:00:00,2025-03-01 12:00:00,W,Kingsmount Park Rd,0,0,0,0
2025-03-01,16,10:00,151,9,12.0,1,1,30.13,0,2025-03-01 08:00:00,2025-03-01 12:00:00,W,Church St,0,0,0,0
2025-03-01,16,10:00,151,9,12.0,1,1,30.13,0,2025-03-01 08:00:00,2025-03-01 12:00:00,W,Ossington Ave,0,0,0,0
2025-03-01,16,10:00,151,9,12.0,1,1,30.13,0,2025-03-01 08:00:00,2025-03-01 12:00:00,W,Woodbine Ave,0,0,0,0
2025-03-01,16,10:00,151,9,12.0,1,1,30.13,0,2025-03-01 08:00:00,2025-03-01 12:00:00,W,Jones Ave,0,0,0,0
2025-03-01,16,10:00,151,9,12.0,1,1,30.13,0,2025-03-01 08:00:00,2025-03-01 12:00:00,W,Golfview Ave,0,0,0,0
2025-03-01,16,10:00,151,9,12.0,1,1,30.13,0,2025-03-01 08:00:00,2025-03-01 12:00:00,W,Leslie St,0,0,0,0
2025-03-01,16,10:00,151,9,12.0,1,1,30.13,0,2025-03-01 08:00:00,2025-03-01 12:00:00,W,St Matthews Rd,0,0,0,0
2025-03-01,16,10:00,151,9,12.0,1,1,30.13,0,2025-03-01 08:00:00,2025-03-01 12:00:00,W,Jarvis St,0,0,0,0
2025-03-01,16,10:00,151,9,12.0,1,1,30.13,0,2025-03-01 08:00:00,2025-03-01 12:00:00,W,Sherbourne St,0,0,0,0
2025-03-01,16,10:00,151,9,12.0,1,1,30.13,0,2025-03-01 08:00:00,2025-03-01 12:00:00,W,St George St,0,0,0,0
2025-03-01,16,10:00,151,9,12.0,1,1,30.13,0,2025-03-01 08:00:00,2025-03-01 12:00:00,W,Dovercourt Rd,0,0,0,0
2025-03-01,16,10:00,151,9,12.0,1,1,30.13,0,2025-03-01 08:00:00,2025-03-01 12:00:00,W,Glenmount Park Rd,0,0,0,0
2025-03-01,16,10:00,151,9,12.0,1,1,30.13,0,2025-03-01 08:00:00,2025-03-01 12:00:00,W,Prust Ave,0,0,0,0
2025-03-01,16,10:00,151,9,12.0,1,1,30.13,0,2025-03-01 08:00:00,2025-03-01 12:00:00,W,Main Street Station at Bay 7,0,0,1,0
2025-03-01,16,10:00,151,9,12.0,1,1,30.13,0,2025-03-01 08:00:00,2025-03-01 12:00:00,W,Norwood Rd,0,0,0,0
2025-03-01,16,10:00,151,9,12.0,1,1,30.13,0,2025-03-01 08:00:00,2025-03-01 12:00:00,W,McCaul St,0,0,0,0
2025-03-01,16,10:00,151,9,12.0,1,1,30.13,0,2025-03-01 08:00:00,2025-03-01 12:00:00,W,Broadview Ave,0,0,0,0
2025-03-01,16,10:00,151,9,12.0,1,1,30.13,0,2025-03-01 08:00:00,2025-03-01 12:00:00,W,Ontario St,0,0,0,0
2025-03-01,16,10:00,151,9,12.0,1,1,30.13,0,2025-03-01 08:00:00,2025-03-01 12:00:00,W,Rusholme Park Cres,0,0,0,0
2025-03-01,16,10:00,151,9,12.0,1,1,30.13,0,2025-03-01 08:00:00,2025-03-01 12:00:00,W,Havelock St,0,0,0,0
2025-03-01,16,10:00,151,9,12.0,1,1,30.13,0,2025-03-01 08:00:00,2025-03-01 12:00:00,W,High Park Loop,0,0,0,0
2025-03-01,16,10:00,151,9,12.0,1,1,30.13,0,2025-03-01 08:00:00,2025-03-01 12:00:00,W,Queens Park (Queen's Park Station),0,0,0,0
2025-03-01,16,10:00,151,9,12.0,1,1,30.13,0,2025-03-01 08:00:00,2025-03-01 12:00:00,W,Roncesvalles Ave,1,3,3,0
2025-03-01,16,10:00,151,9,12.0,1,1,30.13,0,2025-03-01 08:00:00,2025-03-01 12:00:00,W,De Grassi St,0,0,0,0
2025-03-01,16,10:00,151,9,12.0,1,1,30.13,0,2025-03-01 08:00:00,2025-03-01 12:00:00,W,Parliament St at Carlton St,0,0,0,0
2025-03-01,16,10:00,151,9,12.0,1,1,30.13,0,2025-03-01 08:00:00,2025-03-01 12:00:00,W,Parkside Dr East Side,0,0,0,0
2025-03-01,16,10:00,151,9,12.0,1,1,30.13,0,2025-03-01 08:00:00,2025-03-01 12:00:00,W,Dundas St West,1,2,3,0
2025-03-01,16,10:00,151,9,12.0,1,1,30.13,0,2025-03-01 08:00:00,2025-03-01 12:00:00,W,Howard Park Ave at Roncesvalles Ave,0,0,0,0
2025-03-01,16,10:00,151,9,12.0,1,1,30.13,0,2025-03-01 08:00:00,2025-03-01 12:00:00,W,Parliament St,0,0,0,0
2025-03-01,16,10:00,151,9,12.0,1,1,30.13,0,2025-03-01 08:00:00,2025-03-01 12:00:00,W,Parliament St at Gerrard St East,0,0,0,0
2025-03-01,16,10:00,151,9,12.0,1,1,30.13,0,2025-03-01 08:00:00,2025-03-01 12:00:00,W,Sumach St,0,0,0,0
2025-03-01,16,10:00,151,9,12.0,1,1,30.13,0,2025-03-01 08:00:00,2025-03-01 12:00:00,W,Blackburn St,0,0,0,0
2025-03-01,16,10:00,151,9,12.0,1,1,30.13,0,2025-03-01 08:00:00,2025-03-01 12:00:00,W,Logan Ave,0,0,0,0
2025-03-01,16,10:00,151,9,12.0,1,1,30.13,0,2025-03-01 08:00:00,2025-03-01 12:00:00,W,Augusta Ave,0,0,0,0
2025-03-01,16,10:00,151,9,12.0,1,1,30.13,0,2025-03-01 08:00:00,2025-03-01 12:00:00,W,Beverley St,0,0,0,0
2025-03-01,16,10:00,151,9,12.0,1,1,30.13,0,2025-03-01 08:00:00,2025-03-01 12:00:00,W,University Ave (Queen's Park Station,0,0,0,0
2025-03-01,16,10:00,151,9,12.0,1,1,30.13,0,2025-03-01 08:00:00,2025-03-01 12:00:00,W,Elizabeth St,0,0,0,0
2025-03-01,16,10:00,151,9,12.0,1,1,30.13,0,2025-03-01 08:00:00,2025-03-01 12:00:00,W,Greenwood Ave,0,0,0,0
2025-03-01,16,10:00,151,9,12.0,1,1,30.13,0,2025-03-01 08:00:00,2025-03-01 12:00:00,W,Alton Ave,0,0,0,0
2025-03-01,16,10:00,151,9,12.0,1,1,30.13,0,2025-03-01 08:00:00,2025-03-01 12:00:00,W,Coxwell Ave,0,0,0,0
2025-03-01,16,10:00,151,9,12.0,1,1,30.13,0,2025-03-01 08:00:00,2025-03-01 12:00:00,W,Gerrard St East  at Coxwell Ave,0,0,0,0
2025-03-01,16,10:00,151,9,12.0,1,1,30.13,0,2025-03-01 08:00:00,2025-03-01 12:00:00,W,Coxwell Ave at Lower Gerrard St East,0,0,0,0
2025-03-01,16,10:00,151,9,12.0,1,1,30.13,0,2025-03-01 08:00:00,2025-03-01 12:00:00,W,Ashdale Ave,0,0,0,0
2025-03-01,16,10:00,151,9,12.0,1,1,30.13,0,2025-03-01 08:00:00,2025-03-01 12:00:00,W,Howard Park Ave at Indian Rd,0,0,0,0
2025-03-01,16,10:00,151,9,12.0,1,1,30.13,0,2025-03-01 08:00:00,2025-03-01 12:00:00,W,Dundas St West at Howard Park Ave,0,0,0,0
2025-03-01,16,10:00,151,9,12.0,1,1,30.13,0,2025-03-01 08:00:00,2025-03-01 12:00:00,W,Main St at Gerrard St East,0,0,0,0
2025-03-01,16,10:00,151,9,12.0,1,1,30.13,0,2025-03-01 08:00:00,2025-03-01 12:00:00,W,Main St,0,0,0,0
2025-03-01,16,10:00,151,9,12.0,1,1,30.13,0,2025-03-01 08:00:00,2025-03-01 12:00:00,W,Main St at Danforth Ave,0,0,0,0
2025-03-01,16,10:00,151,9,12.0,1,1,30.13,0,2025-03-01 08:00:00,2025-03-01 12:00:00,W,Howard Park Ave at Parkside Dr,0,0,0,0
2025-03-08,16,10:00,151,9,12.0,1,1,30.13,0,2025-03-08 08:00:00,2025-03-08 12:00:00,E,Woodfield Rd,1,2,1,0
2025-03-08,16,10:00,151,9,12.0,1,1,30.13,0,2025-03-08 08:00:00,2025-03-08 12:00:00,E,Coxwell Ave at Gerrard St East,0,0,0,0
2025-03-08,16,10:00,151,9,12.0,1,1,30.13,0,2025-03-08 08:00:00,2025-03-08 12:00:00,E,Euclid Ave,0,1,1,0
2025-03-08,16,10:00,151,9,12.0,1,1,30.13,0,2025-03-08 08:00:00,2025-03-08 12:00:00,E,Bowmore Rd,1,3,0,0
2025-03-08,16,10:00,151,9,12.0,1,1,30.13,0,2025-03-08 08:00:00,2025-03-08 12:00:00,E,Bay St,0,1,2,0
2025-03-08,16,10:00,151,9,12.0,1,1,30.13,0,2025-03-08 08:00:00,2025-03-08 12:00:00,E,Lansdowne Ave,1,2,2,0
2025-03-08,16,10:00,151,9,12.0,1,1,30.13,0,2025-03-08 08:00:00,2025-03-08 12:00:00,E,Indian Rd,1,0,3,0
2025-03-08,16,10:00,151,9,12.0,1,1,30.13,0,2025-03-08 08:00:00,2025-03-08 12:00:00,E,Grace St,1,1,3,0
2025-03-08,16,10:00,151,9,12.0,1,1,30.13,0,2025-03-08 08:00:00,2025-03-08 12:00:00,E,Dufferin St,1,1,0,0
2025-03-08,16,10:00,151,9,12.0,1,1,30.13,0,2025-03-08 08:00:00,2025-03-08 12:00:00,E,Gerrard St East at Beaton Ave,1,3,0,0
2025-03-08,16,10:00,151,9,12.0,1,1,30.13,0,2025-03-08 08:00:00,2025-03-08 12:00:00,E,Bathurst St,0,1,1,0
2025-03-08,16,10:00,151,9,12.0,1,1,30.13,0,2025-03-08 08:00:00,2025-03-08 12:00:00,E,Yonge St - College Station,0,1,1,0
2025-03-08,16,10:00,151,9,12.0,1,1,30.13,0,2025-03-08 08:00:00,2025-03-08 12:00:00,E,Dundas St West at Sterling Rd,0,1,1,0
2025-03-08,16,10:00,151,9,12.0,1,1,30.13,0,2025-03-08 08:00:00,2025-03-08 12:00:00,E,Brock Ave,1,2,1,0
2025-03-08,16,10:00,151,9,12.0,1,1,30.13,0,2025-03-08 08:00:00,2025-03-08 12:00:00,E,Sackville St,0,1,1,0
2025-03-08,16,10:00,151,9,12.0,1,1,30.13,0,2025-03-08 08:00:00,2025-03-08 12:00:00,E,Carlaw Ave,0,1,1,0
2025-03-08,16,10:00,151,9,12.0,1,1,30.13,0,2025-03-08 08:00:00,2025-03-08 12:00:00,E,Borden St,0,1,1,0
2025-03-08,16,10:00,151,9,12.0,1,1,30.13,0,2025-03-08 08:00:00,2025-03-08 12:00:00,E,Dundas St West at Sorauren Ave,0,1,1,0
2025-03-08,16,10:00,151,9,12.0,1,1,30.13,0,2025-03-08 08:00:00,2025-03-08 12:00:00,E,Crawford St,1,1,2,0
2025-03-08,16,10:00,151,9,12.0,1,1,30.13,0,2025-03-08 08:00:00,2025-03-08 12:00:00,E,Pape Ave,0,1,1,0
2025-03-08,16,10:00,151,9,12.0,1,1,30.13,0,2025-03-08 08:00:00,2025-03-08 12:00:00,E,Spadina Ave,0,1,2,0
2025-03-08,16,10:00,151,9,12.0,1,1,30.13,0,2025-03-08 08:00:00,2025-03-08 12:00:00,E,River St,1,1,1,0
2025-03-08,16,10:00,151,9,12.0,1,1,30.13,0,2025-03-08 08:00:00,2025-03-08 12:00:00,E,Marjory Ave,1,1,1,0
2025-03-08,16,10:00,151,9,12.0,1,1,30.13,0,2025-03-08 08:00:00,2025-03-08 12:00:00,E,Kingsmount Park Rd,1,2,0,0
2025-03-08,16,10:00,151,9,12.0,1,1,30.13,0,2025-03-08 08:00:00,2025-03-08 12:00:00,E,Church St,0,0,0,0
2025-03-08,16,10:00,151,9,12.0,1,1,30.13,0,2025-03-08 08:00:00,2025-03-08 12:00:00,E,Ossington Ave,0,2,4,0
2025-03-08,16,10:00,151,9,12.0,1,1,30.13,0,2025-03-08 08:00:00,2025-03-08 12:00:00,E,Woodbine Ave,1,1,0,0
2025-03-08,16,10:00,151,9,12.0,1,1,30.13,0,2025-03-08 08:00:00,2025-03-08 12:00:00,E,Jones Ave,0,2,1,0
2025-03-08,16,10:00,151,9,12.0,1,1,30.13,0,2025-03-08 08:00:00,2025-03-08 12:00:00,E,Golfview Ave,1,1,0,0
2025-03-08,16,10:00,151,9,12.0,1,1,30.13,0,2025-03-08 08:00:00,2025-03-08 12:00:00,E,Leslie St,0,2,1,0
2025-03-08,16,10:00,151,9,12.0,1,1,30.13,0,2025-03-08 08:00:00,2025-03-08 12:00:00,E,St Matthews Rd,0,1,1,0
2025-03-08,16,10:00,151,9,12.0,1,1,30.13,0,2025-03-08 08:00:00,2025-03-08 12:00:00,E,Jarvis St,0,1,1,0
2025-03-08,16,10:00,151,9,12.0,1,1,30.13,0,2025-03-08 08:00:00,2025-03-08 12:00:00,E,Sherbourne St,0,1,1,0
2025-03-08,16,10:00,151,9,12.0,1,1,30.13,0,2025-03-08 08:00:00,2025-03-08 12:00:00,E,St George St,0,1,2,0
2025-03-08,16,10:00,151,9,12.0,1,1,30.13,0,2025-03-08 08:00:00,2025-03-08 12:00:00,E,Dovercourt Rd,0,2,4,0
2025-03-08,16,10:00,151,9,12.0,1,1,30.13,0,2025-03-08 08:00:00,2025-03-08 12:00:00,E,Glenmount Park Rd,1,1,0,0
2025-03-08,16,10:00,151,9,12.0,1,1,30.13,0,2025-03-08 08:00:00,2025-03-08 12:00:00,E,Prust Ave,1,2,1,0
2025-03-08,16,10:00,151,9,12.0,1,1,30.13,0,2025-03-08 08:00:00,2025-03-08 12:00:00,E,Main Street Station at Bay 7,0,0,0,0
2025-03-08,16,10:00,151,9,12.0,1,1,30.13,0,2025-03-08 08:00:00,2025-03-08 12:00:00,E,Norwood Rd,1,1,0,0
2025-03-08,16,10:00,151,9,12.0,1,1,30.13,0,2025-03-08 08:00:00,2025-03-08 12:00:00,E,McCaul St,0,1,2,0
2025-03-08,16,10:00,151,9,12.0,1,1,30.13,0,2025-03-08 08:00:00,2025-03-08 12:00:00,E,Broadview Ave,0,1,1,0
2025-03-08,16,10:00,151,9,12.0,1,1,30.13,0,2025-03-08 08:00:00,2025-03-08 12:00:00,E,Ontario St,0,1,1,0
2025-03-08,16,10:00,151,9,12.0,1,1,30.13,0,2025-03-08 08:00:00,2025-03-08 12:00:00,E,Rusholme Park Cres,0,1,2,0
2025-03-08,16,10:00,151,9,12.0,1,1,30.13,0,2025-03-08 08:00:00,2025-03-08 12:00:00,E,Havelock St,1,2,1,0
2025-03-08,16,10:00,151,9,12.0,1,1,30.13,0,2025-03-08 08:00:00,2025-03-08 12:00:00,E,High Park Loop,0,0,4,0
2025-03-08,16,10:00,151,9,12.0,1,1,30.13,0,2025-03-08 08:00:00,2025-03-08 12:00:00,E,Queens Park (Queen's Park Station),0,1,2,0
2025-03-08,16,10:00,151,9,12.0,1,1,30.13,0,2025-03-08 08:00:00,2025-03-08 12:00:00,E,Roncesvalles Ave,0,1,2,0
2025-03-08,16,10:00,151,9,12.0,1,1,30.13,0,2025-03-08 08:00:00,2025-03-08 12:00:00,E,De Grassi St,0,1,1,0
2025-03-08,16,10:00,151,9,12.0,1,1,30.13,0,2025-03-08 08:00:00,2025-03-08 12:00:00,E,Parliament St at Carlton St,0,1,1,0
2025-03-08,16,10:00,151,9,12.0,1,1,30.13,0,2025-03-08 08:00:00,2025-03-08 12:00:00,E,Parkside Dr East Side,1,0,3,0
2025-03-08,16,10:00,151,9,12.0,1,1,30.13,0,2025-03-08 08:00:00,2025-03-08 12:00:00,E,Dundas St West,0,1,1,0
2025-03-08,16,10:00,151,9,12.0,1,1,30.13,0,2025-03-08 08:00:00,2025-03-08 12:00:00,E,Howard Park Ave at Roncesvalles Ave,0,0,0,0
2025-03-08,16,10:00,151,9,12.0,1,1,30.13,0,2025-03-08 08:00:00,2025-03-08 12:00:00,E,Parliament St,0,0,0,0
2025-03-08,16,10:00,151,9,12.0,1,1,30.13,0,2025-03-08 08:00:00,2025-03-08 12:00:00,E,Parliament St at Gerrard St East,0,0,0,0
2025-03-08,16,10:00,151,9,12.0,1,1,30.13,0,2025-03-08 08:00:00,2025-03-08 12:00:00,E,Sumach St,0,0,0,0
2025-03-08,16,10:00,151,9,12.0,1,1,30.13,0,2025-03-08 08:00:00,2025-03-08 12:00:00,E,Blackburn St,0,0,0,0
2025-03-08,16,10:00,151,9,12.0,1,1,30.13,0,2025-03-08 08:00:00,2025-03-08 12:00:00,E,Logan Ave,0,0,0,0
2025-03-08,16,10:00,151,9,12.0,1,1,30.13,0,2025-03-08 08:00:00,2025-03-08 12:00:00,E,Augusta Ave,0,0,0,0
2025-03-08,16,10:00,151,9,12.0,1,1,30.13,0,2025-03-08 08:00:00,2025-03-08 12:00:00,E,Beverley St,0,0,0,0
2025-03-08,16,10:00,151,9,12.0,1,1,30.13,0,2025-03-08 08:00:00,2025-03-08 12:00:00,E,University Ave (Queen's Park Station,0,0,0,0
2025-03-08,16,10:00,151,9,12.0,1,1,30.13,0,2025-03-08 08:00:00,2025-03-08 12:00:00,E,Elizabeth St,0,0,0,0
2025-03-08,16,10:00,151,9,12.0,1,1,30.13,0,2025-03-08 08:00:00,2025-03-08 12:00:00,E,Greenwood Ave,0,0,0,0
2025-03-08,16,10:00,151,9,12.0,1,1,30.13,0,2025-03-08 08:00:00,2025-03-08 12:00:00,E,Alton Ave,0,0,0,0
2025-03-08,16,10:00,151,9,12.0,1,1,30.13,0,2025-03-08 08:00:00,2025-03-08 12:00:00,E,Coxwell Ave,0,0,0,0
2025-03-08,16,10:00,151,9,12.0,1,1,30.13,0,2025-03-08 08:00:00,2025-03-08 12:00:00,E,Gerrard St East  at Coxwell Ave,0,0,0,0
2025-03-08,16,10:00,151,9,12.0,1,1,30.13,0,2025-03-08 08:00:00,2025-03-08 12:00:00,E,Coxwell Ave at Lower Gerrard St East,0,0,0,0
2025-03-08,16,10:00,151,9,12.0,1,1,30.13,0,2025-03-08 08:00:00,2025-03-08 12:00:00,E,Ashdale Ave,0,0,0,0
2025-03-08,16,10:00,151,9,12.0,1,1,30.13,0,2025-03-08 08:00:00,2025-03-08 12:00:00,E,Howard Park Ave at Indian Rd,0,0,0,0
2025-03-08,16,10:00,151,9,12.0,1,1,30.13,0,2025-03-08 08:00:00,2025-03-08 12:00:00,E,Dundas St West at Howard Park Ave,0,0,0,0
2025-03-08,16,10:00,151,9,12.0,1,1,30.13,0,2025-03-08 08:00:00,2025-03-08 12:00:00,E,Main St at Gerrard St East,0,0,0,0
2025-03-08,16,10:00,151,9,12.0,1,1,30.13,0,2025-03-08 08:00:00,2025-03-08 12:00:00,E,Main St,0,0,0,0
2025-03-08,16,10:00,151,9,12.0,1,1,30.13,0,2025-03-08 08:00:00,2025-03-08 12:00:00,E,Main St at Danforth Ave,0,0,0,0
2025-03-08,16,10:00,151,9,12.0,1,1,30.13,0,2025-03-08 08:00:00,2025-03-08 12:00:00,E,Howard Park Ave at Parkside Dr,0,0,0,0
2025-03-08,16,10:00,151,9,12.0,1,1,30.13,0,2025-03-08 08:00:00,2025-03-08 12:00:00,W,Woodfield Rd,1,0,1,0
2025-03-08,16,10:00,151,9,12.0,1,1,30.13,0,2025-03-08 08:00:00,2025-03-08 12:00:00,W,Coxwell Ave at Gerrard St East,0,0,1,0
2025-03-08,16,10:00,151,9,12.0,1,1,30.13,0,2025-03-08 08:00:00,2025-03-08 12:00:00,W,Euclid Ave,0,0,0,0
2025-03-08,16,10:00,151,9,12.0,1,1,30.13,0,2025-03-08 08:00:00,2025-03-08 12:00:00,W,Bowmore Rd,0,0,0,0
2025-03-08,16,10:00,151,9,12.0,1,1,30.13,0,2025-03-08 08:00:00,2025-03-08 12:00:00,W,Bay St,2,1,2,0
2025-03-08,16,10:00,151,9,12.0,1,1,30.13,0,2025-03-08 08:00:00,2025-03-08 12:00:00,W,Lansdowne Ave,0,0,0,0
2025-03-08,16,10:00,151,9,12.0,1,1,30.13,0,2025-03-08 08:00:00,2025-03-08 12:00:00,W,Indian Rd,2,2,2,0
2025-03-08,16,10:00,151,9,12.0,1,1,30.13,0,2025-03-08 08:00:00,2025-03-08 12:00:00,W,Grace St,0,0,0,0
2025-03-08,16,10:00,151,9,12.0,1,1,30.13,0,2025-03-08 08:00:00,2025-03-08 12:00:00,W,Dufferin St,3,2,1,0
2025-03-08,16,10:00,151,9,12.0,1,1,30.13,0,2025-03-08 08:00:00,2025-03-08 12:00:00,W,Gerrard St East at Beaton Ave,0,0,1,0
2025-03-08,16,10:00,151,9,12.0,1,1,30.13,0,2025-03-08 08:00:00,2025-03-08 12:00:00,W,Bathurst St,0,0,0,0
2025-03-08,16,10:00,151,9,12.0,1,1,30.13,0,2025-03-08 08:00:00,2025-03-08 12:00:00,W,Yonge St - College Station,0,0,0,0
2025-03-08,16,10:00,151,9,12.0,1,1,30.13,0,2025-03-08 08:00:00,2025-03-08 12:00:00,W,Dundas St West at Sterling Rd,0,0,0,0
2025-03-08,16,10:00,151,9,12.0,1,1,30.13,0,2025-03-08 08:00:00,2025-03-08 12:00:00,W,Brock Ave,0,0,0,0
2025-03-08,16,10:00,151,9,12.0,1,1,30.13,0,2025-03-08 08:00:00,2025-03-08 12:00:00,W,Sackville St,3,1,0,0
2025-03-08,16,10:00,151,9,12.0,1,1,30.13,0,2025-03-08 08:00:00,2025-03-08 12:00:00,W,Carlaw Ave,0,0,0,0
2025-03-08,16,10:00,151,9,12.0,1,1,30.13,0,2025-03-08 08:00:00,2025-03-08 12:00:00,W,Borden St,0,0,0,0
2025-03-08,16,10:00,151,9,12.0,1,1,30.13,0,2025-03-08 08:00:00,2025-03-08 12:00:00,W,Dundas St West at Sorauren Ave,2,2,1,0
2025-03-08,16,10:00,151,9,12.0,1,1,30.13,0,2025-03-08 08:00:00,2025-03-08 12:00:00,W,Crawford St,0,0,0,0
2025-03-08,16,10:00,151,9,12.0,1,1,30.13,0,2025-03-08 08:00:00,2025-03-08 12:00:00,W,Pape Ave,0,0,0,0
2025-03-08,16,10:00,151,9,12.0,1,1,30.13,0,2025-03-08 08:00:00,2025-03-08 12:00:00,W,Spadina Ave,3,1,1,0
2025-03-08,16,10:00,151,9,12.0,1,1,30.13,0,2025-03-08 08:00:00,2025-03-08 12:00:00,W,River St,3,1,0,0
2025-03-08,16,10:00,151,9,12.0,1,1,30.13,0,2025-03-08 08:00:00,2025-03-08 12:00:00,W,Marjory Ave,0,0,0,0
2025-03-08,16,10:00,151,9,12.0,1,1,30.13,0,2025-03-08 08:00:00,2025-03-08 12:00:00,W,Kingsmount Park Rd,0,0,0,0
2025-03-08,16,10:00,151,9,12.0,1,1,30.13,0,2025-03-08 08:00:00,2025-03-08 12:00:00,W,Church St,0,0,0,0
2025-03-08,16,10:00,151,9,12.0,1,1,30.13,0,2025-03-08 08:00:00,2025-03-08 12:00:00,W,Ossington Ave,0,0,0,0
2025-03-08,16,10:00,151,9,12.0,1,1,30.13,0,2025-03-08 08:00:00,2025-03-08 12:00:00,W,Woodbine Ave,0,0,0,0
2025-03-08,16,10:00,151,9,12.0,1,1,30.13,0,2025-03-08 08:00:00,2025-03-08 12:00:00,W,Jones Ave,0,0,0,0
2025-03-08,16,10:00,151,9,12.0,1,1,30.13,0,2025-03-08 08:00:00,2025-03-08 12:00:00,W,Golfview Ave,0,0,0,0
2025-03-08,16,10:00,151,9,12.0,1,1,30.13,0,2025-03-08 08:00:00,2025-03-08 12:00:00,W,Leslie St,0,0,0,0
2025-03-08,16,10:00,151,9,12.0,1,1,30.13,0,2025-03-08 08:00:00,2025-03-08 12:00:00,W,St Matthews Rd,0,0,0,0
2025-03-08,16,10:00,151,9,12.0,1,1,30.13,0,2025-03-08 08:00:00,2025-03-08 12:00:00,W,Jarvis St,0,0,0,0
2025-03-08,16,10:00,151,9,12.0,1,1,30.13,0,2025-03-08 08:00:00,2025-03-08 12:00:00,W,Sherbourne St,0,0,0,0
2025-03-08,16,10:00,151,9,12.0,1,1,30.13,0,2025-03-08 08:00:00,2025-03-08 12:00:00,W,St George St,0,0,0,0
2025-03-08,16,10:00,151,9,12.0,1,1,30.13,0,2025-03-08 08:00:00,2025-03-08 12:00:00,W,Dovercourt Rd,0,0,0,0
2025-03-08,16,10:00,151,9,12.0,1,1,30.13,0,2025-03-08 08:00:00,2025-03-08 12:00:00,W,Glenmount Park Rd,0,0,0,0
2025-03-08,16,10:00,151,9,12.0,1,1,30.13,0,2025-03-08 08:00:00,2025-03-08 12:00:00,W,Prust Ave,0,0,0,0
2025-03-08,16,10:00,151,9,12.0,1,1,30.13,0,2025-03-08 08:00:00,2025-03-08 12:00:00,W,Main Street Station at Bay 7,0,0,1,0
2025-03-08,16,10:00,151,9,12.0,1,1,30.13,0,2025-03-08 08:00:00,2025-03-08 12:00:00,W,Norwood Rd,0,0,0,0
2025-03-08,16,10:00,151,9,12.0,1,1,30.13,0,2025-03-08 08:00:00,2025-03-08 12:00:00,W,McCaul St,0,0,0,0
2025-03-08,16,10:00,151,9,12.0,1,1,30.13,0,2025-03-08 08:00:00,2025-03-08 12:00:00,W,Broadview Ave,0,0,0,0
2025-03-08,16,10:00,151,9,12.0,1,1,30.13,0,2025-03-08 08:00:00,2025-03-08 12:00:00,W,Ontario St,0,0,0,0
2025-03-08,16,10:00,151,9,12.0,1,1,30.13,0,2025-03-08 08:00:00,2025-03-08 12:00:00,W,Rusholme Park Cres,0,0,0,0
2025-03-08,16,10:00,151,9,12.0,1,1,30.13,0,2025-03-08 08:00:00,2025-03-08 12:00:00,W,Havelock St,0,0,0,0
2025-03-08,16,10:00,151,9,12.0,1,1,30.13,0,2025-03-08 08:00:00,2025-03-08 12:00:00,W,High Park Loop,0,0,0,0
2025-03-08,16,10:00,151,9,12.0,1,1,30.13,0,2025-03-08 08:00:00,2025-03-08 12:00:00,W,Queens Park (Queen's Park Station),0,0,0,0
2025-03-08,16,10:00,151,9,12.0,1,1,30.13,0,2025-03-08 08:00:00,2025-03-08 12:00:00,W,Roncesvalles Ave,1,2,2,0
2025-03-08,16,10:00,151,9,12.0,1,1,30.13,0,2025-03-08 08:00:00,2025-03-08 12:00:00,W,De Grassi St,0,0,0,0
2025-03-08,16,10:00,151,9,12.0,1,1,30.13,0,2025-03-08 08:00:00,2025-03-08 12:00:00,W,Parliament St at Carlton St,0,0,0,0
2025-03-08,16,10:00,151,9,12.0,1,1,30.13,0,2025-03-08 08:00:00,2025-03-08 12:00:00,W,Parkside Dr East Side,0,0,0,0
2025-03-08,16,10:00,151,9,12.0,1,1,30.13,0,2025-03-08 08:00:00,2025-03-08 12:00:00,W,Dundas St West,3,2,2,0
2025-03-08,16,10:00,151,9,12.0,1,1,30.13,0,2025-03-08 08:00:00,2025-03-08 12:00:00,W,Howard Park Ave at Roncesvalles Ave,0,0,0,0
2025-03-08,16,10:00,151,9,12.0,1,1,30.13,0,2025-03-08 08:00:00,2025-03-08 12:00:00,W,Parliament St,0,0,0,0
2025-03-08,16,10:00,151,9,12.0,1,1,30.13,0,2025-03-08 08:00:00,2025-03-08 12:00:00,W,Parliament St at Gerrard St East,0,0,0,0
2025-03-08,16,10:00,151,9,12.0,1,1,30.13,0,2025-03-08 08:00:00,2025-03-08 12:00:00,W,Sumach St,0,0,0,0
2025-03-08,16,10:00,151,9,12.0,1,1,30.13,0,2025-03-08 08:00:00,2025-03-08 12:00:00,W,Blackburn St,0,0,0,0
2025-03-08,16,10:00,151,9,12.0,1,1,30.13,0,2025-03-08 08:00:00,2025-03-08 12:00:00,W,Logan Ave,0,0,0,0
2025-03-08,16,10:00,151,9,12.0,1,1,30.13,0,2025-03-08 08:00:00,2025-03-08 12:00:00,W,Augusta Ave,0,0,0,0
2025-03-08,16,10:00,151,9,12.0,1,1,30.13,0,2025-03-08 08:00:00,2025-03-08 12:00:00,W,Beverley St,0,0,0,0
2025-03-08,16,10:00,151,9,12.0,1,1,30.13,0,2025-03-08 08:00:00,2025-03-08 12:00:00,W,University Ave (Queen's Park Station,0,0,0,0
2025-03-08,16,10:00,151,9,12.0,1,1,30.13,0,2025-03-08 08:00:00,2025-03-08 12:00:00,W,Elizabeth St,0,0,0,0
2025-03-08,16,10:00,151,9,12.0,1,1,30.13,0,2025-03-08 08:00:00,2025-03-08 12:00:00,W,Greenwood Ave,0,0,0,0
2025-03-08,16,10:00,151,9,12.0,1,1,30.13,0,2025-03-08 08:00:00,2025-03-08 12:00:00,W,Alton Ave,0,0,0,0
2025-03-08,16,10:00,151,9,12.0,1,1,30.13,0,2025-03-08 08:00:00,2025-03-08 12:00:00,W,Coxwell Ave,0,0,0,0
2025-03-08,16,10:00,151,9,12.0,1,1,30.13,0,2025-03-08 08:00:00,2025-03-08 12:00:00,W,Gerrard St East  at Coxwell Ave,0,0,0,0
2025-03-08,16,10:00,151,9,12.0,1,1,30.13,0,2025-03-08 08:00:00,2025-03-08 12:00:00,W,Coxwell Ave at Lower Gerrard St East,0,0,0,0
2025-03-08,16,10:00,151,9,12.0,1,1,30.13,0,2025-03-08 08:00:00,2025-03-08 12:00:00,W,Ashdale Ave,0,0,0,0
2025-03-08,16,10:00,151,9,12.0,1,1,30.13,0,2025-03-08 08:00:00,2025-03-08 12:00:00,W,Howard Park Ave at Indian Rd,0,0,0,0
2025-03-08,16,10:00,151,9,12.0,1,1,30.13,0,2025-03-08 08:00:00,2025-03-08 12:00:00,W,Dundas St West at Howard Park Ave,0,0,0,0
2025-03-08,16,10:00,151,9,12.0,1,1,30.13,0,2025-03-08 08:00:00,2025-03-08 12:00:00,W,Main St at Gerrard St East,0,0,0,0
2025-03-08,16,10:00,151,9,12.0,1,1,30.13,0,2025-03-08 08:00:00,2025-03-08 12:00:00,W,Main St,0,0,0,0
2025-03-08,16,10:00,151,9,12.0,1,1,30.13,0,2025-03-08 08:00:00,2025-03-08 12:00:00,W,Main St at Danforth Ave,0,0,0,0
2025-03-08,16,10:00,151,9,12.0,1,1,30.13,0,2025-03-08 08:00:00,2025-03-08 12:00:00,W,Howard Park Ave at Parkside Dr,0,0,0,0
2025-03-15,16,10:00,151,9,12.0,1,1,30.13,0,2025-03-15 08:00:00,2025-03-15 12:00:00,E,Woodfield Rd,0,0,0,0
2025-03-15,16,10:00,151,9,12.0,1,1,30.13,0,2025-03-15 08:00:00,2025-03-15 12:00:00,E,Coxwell Ave at Gerrard St East,0,0,0,0
2025-03-15,16,10:00,151,9,12.0,1,1,30.13,0,2025-03-15 08:00:00,2025-03-15 12:00:00,E,Euclid Ave,0,0,0,0
2025-03-15,16,10:00,151,9,12.0,1,1,30.13,0,2025-03-15 08:00:00,2025-03-15 12:00:00,E,Bowmore Rd,1,0,0,0
2025-03-15,16,10:00,151,9,12.0,1,1,30.13,0,2025-03-15 08:00:00,2025-03-15 12:00:00,E,Bay St,0,0,0,0
2025-03-15,16,10:00,151,9,12.0,1,1,30.13,0,2025-03-15 08:00:00,2025-03-15 12:00:00,E,Lansdowne Ave,1,0,0,0
2025-03-15,16,10:00,151,9,12.0,1,1,30.13,0,2025-03-15 08:00:00,2025-03-15 12:00:00,E,Indian Rd,0,0,2,0
2025-03-15,16,10:00,151,9,12.0,1,1,30.13,0,2025-03-15 08:00:00,2025-03-15 12:00:00,E,Grace St,0,0,2,0
2025-03-15,16,10:00,151,9,12.0,1,1,30.13,0,2025-03-15 08:00:00,2025-03-15 12:00:00,E,Dufferin St,0,0,0,0
2025-03-15,16,10:00,151,9,12.0,1,1,30.13,0,2025-03-15 08:00:00,2025-03-15 12:00:00,E,Gerrard St East at Beaton Ave,0,0,0,0
2025-03-15,16,10:00,151,9,12.0,1,1,30.13,0,2025-03-15 08:00:00,2025-03-15 12:00:00,E,Bathurst St,0,0,0,0
2025-03-15,16,10:00,151,9,12.0,1,1,30.13,0,2025-03-15 08:00:00,2025-03-15 12:00:00,E,Yonge St - College Station,0,0,0,0
2025-03-15,16,10:00,151,9,12.0,1,1,30.13,0,2025-03-15 08:00:00,2025-03-15 12:00:00,E,Dundas St West at Sterling Rd,0,0,0,0
2025-03-15,16,10:00,151,9,12.0,1,1,30.13,0,2025-03-15 08:00:00,2025-03-15 12:00:00,E,Brock Ave,0,0,0,0
2025-03-15,16,10:00,151,9,12.0,1,1,30.13,0,2025-03-15 08:00:00,2025-03-15 12:00:00,E,Sackville St,0,0,0,0
2025-03-15,16,10:00,151,9,12.0,1,1,30.13,0,2025-03-15 08:00:00,2025-03-15 12:00:00,E,Carlaw Ave,0,0,0,0
2025-03-15,16,10:00,151,9,12.0,1,1,30.13,0,2025-03-15 08:00:00,2025-03-15 12:00:00,E,Borden St,0,0,0,0
2025-03-15,16,10:00,151,9,12.0,1,1,30.13,0,2025-03-15 08:00:00,2025-03-15 12:00:00,E,Dundas St West at Sorauren Ave,0,0,0,0
2025-03-15,16,10:00,151,9,12.0,1,1,30.13,0,2025-03-15 08:00:00,2025-03-15 12:00:00,E,Crawford St,0,0,1,0
2025-03-15,16,10:00,151,9,12.0,1,1,30.13,0,2025-03-15 08:00:00,2025-03-15 12:00:00,E,Pape Ave,0,0,0,0
2025-03-15,16,10:00,151,9,12.0,1,1,30.13,0,2025-03-15 08:00:00,2025-03-15 12:00:00,E,Spadina Ave,0,0,0,0
2025-03-15,16,10:00,151,9,12.0,1,1,30.13,0,2025-03-15 08:00:00,2025-03-15 12:00:00,E,River St,0,0,0,0
2025-03-15,16,10:00,151,9,12.0,1,1,30.13,0,2025-03-15 08:00:00,2025-03-15 12:00:00,E,Marjory Ave,0,0,0,0
2025-03-15,16,10:00,151,9,12.0,1,1,30.13,0,2025-03-15 08:00:00,2025-03-15 12:00:00,E,Kingsmount Park Rd,1,0,0,0
2025-03-15,16,10:00,151,9,12.0,1,1,30.13,0,2025-03-15 08:00:00,2025-03-15 12:00:00,E,Church St,0,0,0,0
2025-03-15,16,10:00,151,9,12.0,1,1,30.13,0,2025-03-15 08:00:00,2025-03-15 12:00:00,E,Ossington Ave,0,0,1,0
2025-03-15,16,10:00,151,9,12.0,1,1,30.13,0,2025-03-15 08:00:00,2025-03-15 12:00:00,E,Woodbine Ave,1,0,0,0
2025-03-15,16,10:00,151,9,12.0,1,1,30.13,0,2025-03-15 08:00:00,2025-03-15 12:00:00,E,Jones Ave,0,0,0,0
2025-03-15,16,10:00,151,9,12.0,1,1,30.13,0,2025-03-15 08:00:00,2025-03-15 12:00:00,E,Golfview Ave,1,0,0,0
2025-03-15,16,10:00,151,9,12.0,1,1,30.13,0,2025-03-15 08:00:00,2025-03-15 12:00:00,E,Leslie St,0,0,0,0
2025-03-15,16,10:00,151,9,12.0,1,1,30.13,0,2025-03-15 08:00:00,2025-03-15 12:00:00,E,St Matthews Rd,0,0,0,0
2025-03-15,16,10:00,151,9,12.0,1,1,30.13,0,2025-03-15 08:00:00,2025-03-15 12:00:00,E,Jarvis St,0,0,0,0
2025-03-15,16,10:00,151,9,12.0,1,1,30.13,0,2025-03-15 08:00:00,2025-03-15 12:00:00,E,Sherbourne St,0,0,0,0
2025-03-15,16,10:00,151,9,12.0,1,1,30.13,0,2025-03-15 08:00:00,2025-03-15 12:00:00,E,St George St,0,0,0,0
2025-03-15,16,10:00,151,9,12.0,1,1,30.13,0,2025-03-15 08:00:00,2025-03-15 12:00:00,E,Dovercourt Rd,0,0,0,0
2025-03-15,16,10:00,151,9,12.0,1,1,30.13,0,2025-03-15 08:00:00,2025-03-15 12:00:00,E,Glenmount Park Rd,1,0,0,0
2025-03-15,16,10:00,151,9,12.0,1,1,30.13,0,2025-03-15 08:00:00,2025-03-15 12:00:00,E,Prust Ave,0,0,0,0
2025-03-15,16,10:00,151,9,12.0,1,1,30.13,0,2025-03-15 08:00:00,2025-03-15 12:00:00,E,Main Street Station at Bay 7,0,0,0,0
2025-03-15,16,10:00,151,9,12.0,1,1,30.13,0,2025-03-15 08:00:00,2025-03-15 12:00:00,E,Norwood Rd,1,0,0,0
2025-03-15,16,10:00,151,9,12.0,1,1,30.13,0,2025-03-15 08:00:00,2025-03-15 12:00:00,E,McCaul St,0,0,0,0
2025-03-15,16,10:00,151,9,12.0,1,1,30.13,0,2025-03-15 08:00:00,2025-03-15 12:00:00,E,Broadview Ave,0,0,0,0
2025-03-15,16,10:00,151,9,12.0,1,1,30.13,0,2025-03-15 08:00:00,2025-03-15 12:00:00,E,Ontario St,0,0,0,0
2025-03-15,16,10:00,151,9,12.0,1,1,30.13,0,2025-03-15 08:00:00,2025-03-15 12:00:00,E,Rusholme Park Cres,0,0,0,0
2025-03-15,16,10:00,151,9,12.0,1,1,30.13,0,2025-03-15 08:00:00,2025-03-15 12:00:00,E,Havelock St,0,0,0,0
2025-03-15,16,10:00,151,9,12.0,1,1,30.13,0,2025-03-15 08:00:00,2025-03-15 12:00:00,E,High Park Loop,0,0,8,0
2025-03-15,16,10:00,151,9,12.0,1,1,30.13,0,2025-03-15 08:00:00,2025-03-15 12:00:00,E,Queens Park (Queen's Park Station),0,0,0,0
2025-03-15,16,10:00,151,9,12.0,1,1,30.13,0,2025-03-15 08:00:00,2025-03-15 12:00:00,E,Roncesvalles Ave,0,0,0,0
2025-03-15,16,10:00,151,9,12.0,1,1,30.13,0,2025-03-15 08:00:00,2025-03-15 12:00:00,E,De Grassi St,0,0,0,0
2025-03-15,16,10:00,151,9,12.0,1,1,30.13,0,2025-03-15 08:00:00,2025-03-15 12:00:00,E,Parliament St at Carlton St,0,0,0,0
2025-03-15,16,10:00,151,9,12.0,1,1,30.13,0,2025-03-15 08:00:00,2025-03-15 12:00:00,E,Parkside Dr East Side,0,0,4,0
2025-03-15,16,10:00,151,9,12.0,1,1,30.13,0,2025-03-15 08:00:00,2025-03-15 12:00:00,E,Dundas St West,0,0,0,0
2025-03-15,16,10:00,151,9,12.0,1,1,30.13,0,2025-03-15 08:00:00,2025-03-15 12:00:00,E,Howard Park Ave at Roncesvalles Ave,0,0,0,0
2025-03-15,16,10:00,151,9,12.0,1,1,30.13,0,2025-03-15 08:00:00,2025-03-15 12:00:00,E,Parliament St,0,0,0,0
2025-03-15,16,10:00,151,9,12.0,1,1,30.13,0,2025-03-15 08:00:00,2025-03-15 12:00:00,E,Parliament St at Gerrard St East,0,0,0,0
2025-03-15,16,10:00,151,9,12.0,1,1,30.13,0,2025-03-15 08:00:00,2025-03-15 12:00:00,E,Sumach St,0,0,0,0
2025-03-15,16,10:00,151,9,12.0,1,1,30.13,0,2025-03-15 08:00:00,2025-03-15 12:00:00,E,Blackburn St,0,0,0,0
2025-03-15,16,10:00,151,9,12.0,1,1,30.13,0,2025-03-15 08:00:00,2025-03-15 12:00:00,E,Logan Ave,0,0,0,0
2025-03-15,16,10:00,151,9,12.0,1,1,30.13,0,2025-03-15 08:00:00,2025-03-15 12:00:00,E,Augusta Ave,0,0,0,0
2025-03-15,16,10:00,151,9,12.0,1,1,30.13,0,2025-03-15 08:00:00,2025-03-15 12:00:00,E,Beverley St,0,0,0,0
2025-03-15,16,10:00,151,9,12.0,1,1,30.13,0,2025-03-15 08:00:00,2025-03-15 12:00:00,E,University Ave (Queen's Park Station,0,0,0,0
2025-03-15,16,10:00,151,9,12.0,1,1,30.13,0,2025-03-15 08:00:00,2025-03-15 12:00:00,E,Elizabeth St,0,0,0,0
2025-03-15,16,10:00,151,9,12.0,1,1,30.13,0,2025-03-15 08:00:00,2025-03-15 12:00:00,E,Greenwood Ave,0,0,0,0
2025-03-15,16,10:00,151,9,12.0,1,1,30.13,0,2025-03-15 08:00:00,2025-03-15 12:00:00,E,Alton Ave,0,0,0,0
2025-03-15,16,10:00,151,9,12.0,1,1,30.13,0,2025-03-15 08:00:00,2025-03-15 12:00:00,E,Coxwell Ave,0,0,0,0
2025-03-15,16,10:00,151,9,12.0,1,1,30.13,0,2025-03-15 08:00:00,2025-03-15 12:00:00,E,Gerrard St East  at Coxwell Ave,0,0,0,0
2025-03-15,16,10:00,151,9,12.0,1,1,30.13,0,2025-03-15 08:00:00,2025-03-15 12:00:00,E,Coxwell Ave at Lower Gerrard St East,0,0,0,0
2025-03-15,16,10:00,151,9,12.0,1,1,30.13,0,2025-03-15 08:00:00,2025-03-15 12:00:00,E,Ashdale Ave,0,0,0,0
2025-03-15,16,10:00,151,9,12.0,1,1,30.13,0,2025-03-15 08:00:00,2025-03-15 12:00:00,E,Howard Park Ave at Indian Rd,0,0,0,0
2025-03-15,16,10:00,151,9,12.0,1,1,30.13,0,2025-03-15 08:00:00,2025-03-15 12:00:00,E,Dundas St West at Howard Park Ave,0,0,0,0
2025-03-15,16,10:00,151,9,12.0,1,1,30.13,0,2025-03-15 08:00:00,2025-03-15 12:00:00,E,Main St at Gerrard St East,0,0,0,0
2025-03-15,16,10:00,151,9,12.0,1,1,30.13,0,2025-03-15 08:00:00,2025-03-15 12:00:00,E,Main St,0,0,0,0
2025-03-15,16,10:00,151,9,12.0,1,1,30.13,0,2025-03-15 08:00:00,2025-03-15 12:00:00,E,Main St at Danforth Ave,0,0,0,0
2025-03-15,16,10:00,151,9,12.0,1,1,30.13,0,2025-03-15 08:00:00,2025-03-15 12:00:00,E,Howard Park Ave at Parkside Dr,0,0,0,0
2025-03-15,16,10:00,151,9,12.0,1,1,30.13,0,2025-03-15 08:00:00,2025-03-15 12:00:00,W,Woodfield Rd,2,0,0,0
2025-03-15,16,10:00,151,9,12.0,1,1,30.13,0,2025-03-15 08:00:00,2025-03-15 12:00:00,W,Coxwell Ave at Gerrard St East,0,0,0,0
2025-03-15,16,10:00,151,9,12.0,1,1,30.13,0,2025-03-15 08:00:00,2025-03-15 12:00:00,W,Euclid Ave,0,0,0,0
2025-03-15,16,10:00,151,9,12.0,1,1,30.13,0,2025-03-15 08:00:00,2025-03-15 12:00:00,W,Bowmore Rd,0,0,0,0
2025-03-15,16,10:00,151,9,12.0,1,1,30.13,0,2025-03-15 08:00:00,2025-03-15 12:00:00,W,Bay St,2,1,1,0
2025-03-15,16,10:00,151,9,12.0,1,1,30.13,0,2025-03-15 08:00:00,2025-03-15 12:00:00,W,Lansdowne Ave,0,0,0,0
2025-03-15,16,10:00,151,9,12.0,1,1,30.13,0,2025-03-15 08:00:00,2025-03-15 12:00:00,W,Indian Rd,2,0,1,0
2025-03-15,16,10:00,151,9,12.0,1,1,30.13,0,2025-03-15 08:00:00,2025-03-15 12:00:00,W,Grace St,0,0,0,0
2025-03-15,16,10:00,151,9,12.0,1,1,30.13,0,2025-03-15 08:00:00,2025-03-15 12:00:00,W,Dufferin St,2,1,2,0
2025-03-15,16,10:00,151,9,12.0,1,1,30.13,0,2025-03-15 08:00:00,2025-03-15 12:00:00,W,Gerrard St East at Beaton Ave,0,0,1,0
2025-03-15,16,10:00,151,9,12.0,1,1,30.13,0,2025-03-15 08:00:00,2025-03-15 12:00:00,W,Bathurst St,0,0,0,0
2025-03-15,16,10:00,151,9,12.0,1,1,30.13,0,2025-03-15 08:00:00,2025-03-15 12:00:00,W,Yonge St - College Station,0,0,0,0
2025-03-15,16,10:00,151,9,12.0,1,1,30.13,0,2025-03-15 08:00:00,2025-03-15 12:00:00,W,Dundas St West at Sterling Rd,0,0,0,0
2025-03-15,16,10:00,151,9,12.0,1,1,30.13,0,2025-03-15 08:00:00,2025-03-15 12:00:00,W,Brock Ave,0,0,0,0
2025-03-15,16,10:00,151,9,12.0,1,1,30.13,0,2025-03-15 08:00:00,2025-03-15 12:00:00,W,Sackville St,4,1,1,0
2025-03-15,16,10:00,151,9,12.0,1,1,30.13,0,2025-03-15 08:00:00,2025-03-15 12:00:00,W,Carlaw Ave,0,0,0,0
2025-03-15,16,10:00,151,9,12.0,1,1,30.13,0,2025-03-15 08:00:00,2025-03-15 12:00:00,W,Borden St,0,0,0,0
2025-03-15,16,10:00,151,9,12.0,1,1,30.13,0,2025-03-15 08:00:00,2025-03-15 12:00:00,W,Dundas St West at Sorauren Ave,2,0,1,0
2025-03-15,16,10:00,151,9,12.0,1,1,30.13,0,2025-03-15 08:00:00,2025-03-15 12:00:00,W,Crawford St,0,0,0,0
2025-03-15,16,10:00,151,9,12.0,1,1,30.13,0,2025-03-15 08:00:00,2025-03-15 12:00:00,W,Pape Ave,0,0,0,0
2025-03-15,16,10:00,151,9,12.0,1,1,30.13,0,2025-03-15 08:00:00,2025-03-15 12:00:00,W,Spadina Ave,5,1,1,0
2025-03-15,16,10:00,151,9,12.0,1,1,30.13,0,2025-03-15 08:00:00,2025-03-15 12:00:00,W,River St,4,1,2,0
2025-03-15,16,10:00,151,9,12.0,1,1,30.13,0,2025-03-15 08:00:00,2025-03-15 12:00:00,W,Marjory Ave,0,0,0,0
2025-03-15,16,10:00,151,9,12.0,1,1,30.13,0,2025-03-15 08:00:00,2025-03-15 12:00:00,W,Kingsmount Park Rd,0,0,0,0
2025-03-15,16,10:00,151,9,12.0,1,1,30.13,0,2025-03-15 08:00:00,2025-03-15 12:00:00,W,Church St,0,0,0,0
2025-03-15,16,10:00,151,9,12.0,1,1,30.13,0,2025-03-15 08:00:00,2025-03-15 12:00:00,W,Ossington Ave,0,0,0,0
2025-03-15,16,10:00,151,9,12.0,1,1,30.13,0,2025-03-15 08:00:00,2025-03-15 12:00:00,W,Woodbine Ave,0,0,0,0
2025-03-15,16,10:00,151,9,12.0,1,1,30.13,0,2025-03-15 08:00:00,2025-03-15 12:00:00,W,Jones Ave,0,0,0,0
2025-03-15,16,10:00,151,9,12.0,1,1,30.13,0,2025-03-15 08:00:00,2025-03-15 12:00:00,W,Golfview Ave,0,0,0,0
2025-03-15,16,10:00,151,9,12.0,1,1,30.13,0,2025-03-15 08:00:00,2025-03-15 12:00:00,W,Leslie St,0,0,0,0
2025-03-15,16,10:00,151,9,12.0,1,1,30.13,0,2025-03-15 08:00:00,2025-03-15 12:00:00,W,St Matthews Rd,0,0,0,0
2025-03-15,16,10:00,151,9,12.0,1,1,30.13,0,2025-03-15 08:00:00,2025-03-15 12:00:00,W,Jarvis St,0,0,0,0
2025-03-15,16,10:00,151,9,12.0,1,1,30.13,0,2025-03-15 08:00:00,2025-03-15 12:00:00,W,Sherbourne St,0,0,0,0
2025-03-15,16,10:00,151,9,12.0,1,1,30.13,0,2025-03-15 08:00:00,2025-03-15 12:00:00,W,St George St,0,0,0,0
2025-03-15,16,10:00,151,9,12.0,1,1,30.13,0,2025-03-15 08:00:00,2025-03-15 12:00:00,W,Dovercourt Rd,0,0,0,0
2025-03-15,16,10:00,151,9,12.0,1,1,30.13,0,2025-03-15 08:00:00,2025-03-15 12:00:00,W,Glenmount Park Rd,0,0,0,0
2025-03-15,16,10:00,151,9,12.0,1,1,30.13,0,2025-03-15 08:00:00,2025-03-15 12:00:00,W,Prust Ave,0,0,0,0
2025-03-15,16,10:00,151,9,12.0,1,1,30.13,0,2025-03-15 08:00:00,2025-03-15 12:00:00,W,Main Street Station at Bay 7,0,0,0,0
2025-03-15,16,10:00,151,9,12.0,1,1,30.13,0,2025-03-15 08:00:00,2025-03-15 12:00:00,W,Norwood Rd,0,0,0,0
2025-03-15,16,10:00,151,9,12.0,1,1,30.13,0,2025-03-15 08:00:00,2025-03-15 12:00:00,W,McCaul St,0,0,0,0
2025-03-15,16,10:00,151,9,12.0,1,1,30.13,0,2025-03-15 08:00:00,2025-03-15 12:00:00,W,Broadview Ave,0,0,0,0
2025-03-15,16,10:00,151,9,12.0,1,1,30.13,0,2025-03-15 08:00:00,2025-03-15 12:00:00,W,Ontario St,0,0,0,0
2025-03-15,16,10:00,151,9,12.0,1,1,30.13,0,2025-03-15 08:00:00,2025-03-15 12:00:00,W,Rusholme Park Cres,0,0,0,0
2025-03-15,16,10:00,151,9,12.0,1,1,30.13,0,2025-03-15 08:00:00,2025-03-15 12:00:00,W,Havelock St,0,0,0,0
2025-03-15,16,10:00,151,9,12.0,1,1,30.13,0,2025-03-15 08:00:00,2025-03-15 12:00:00,W,High Park Loop,0,0,0,0
2025-03-15,16,10:00,151,9,12.0,1,1,30.13,0,2025-03-15 08:00:00,2025-03-15 12:00:00,W,Queens Park (Queen's Park Station),0,0,0,0
2025-03-15,16,10:00,151,9,12.0,1,1,30.13,0,2025-03-15 08:00:00,2025-03-15 12:00:00,W,Roncesvalles Ave,1,0,1,0
2025-03-15,16,10:00,151,9,12.0,1,1,30.13,0,2025-03-15 08:00:00,2025-03-15 12:00:00,W,De Grassi St,0,0,0,0
2025-03-15,16,10:00,151,9,12.0,1,1,30.13,0,2025-03-15 08:00:00,2025-03-15 12:00:00,W,Parliament St at Carlton St,0,0,0,0
2025-03-15,16,10:00,151,9,12.0,1,1,30.13,0,2025-03-15 08:00:00,2025-03-15 12:00:00,W,Parkside Dr East Side,0,0,0,0
2025-03-15,16,10:00,151,9,12.0,1,1,30.13,0,2025-03-15 08:00:00,2025-03-15 12:00:00,W,Dundas St West,1,0,1,0
2025-03-15,16,10:00,151,9,12.0,1,1,30.13,0,2025-03-15 08:00:00,2025-03-15 12:00:00,W,Howard Park Ave at Roncesvalles Ave,0,0,0,0
2025-03-15,16,10:00,151,9,12.0,1,1,30.13,0,2025-03-15 08:00:00,2025-03-15 12:00:00,W,Parliament St,0,0,0,0
2025-03-15,16,10:00,151,9,12.0,1,1,30.13,0,2025-03-15 08:00:00,2025-03-15 12:00:00,W,Parliament St at Gerrard St East,0,0,0,0
2025-03-15,16,10:00,151,9,12.0,1,1,30.13,0,2025-03-15 08:00:00,2025-03-15 12:00:00,W,Sumach St,0,0,0,0
2025-03-15,16,10:00,151,9,12.0,1,1,30.13,0,2025-03-15 08:00:00,2025-03-15 12:00:00,W,Blackburn St,0,0,0,0
2025-03-15,16,10:00,151,9,12.0,1,1,30.13,0,2025-03-15 08:00:00,2025-03-15 12:00:00,W,Logan Ave,0,0,0,0
2025-03-15,16,10:00,151,9,12.0,1,1,30.13,0,2025-03-15 08:00:00,2025-03-15 12:00:00,W,Augusta Ave,0,0,0,0
2025-03-15,16,10:00,151,9,12.0,1,1,30.13,0,2025-03-15 08:00:00,2025-03-15 12:00:00,W,Beverley St,0,0,0,0
2025-03-15,16,10:00,151,9,12.0,1,1,30.13,0,2025-03-15 08:00:00,2025-03-15 12:00:00,W,University Ave (Queen's Park Station,0,0,0,0
2025-03-15,16,10:00,151,9,12.0,1,1,30.13,0,2025-03-15 08:00:00,2025-03-15 12:00:00,W,Elizabeth St,0,0,0,0
2025-03-15,16,10:00,151,9,12.0,1,1,30.13,0,2025-03-15 08:00:00,2025-03-15 12:00:00,W,Greenwood Ave,0,0,0,0
2025-03-15,16,10:00,151,9,12.0,1,1,30.13,0,2025-03-15 08:00:00,2025-03-15 12:00:00,W,Alton Ave,0,0,0,0
2025-03-15,16,10:00,151,9,12.0,1,1,30.13,0,2025-03-15 08:00:00,2025-03-15 12:00:00,W,Coxwell Ave,0,0,0,0
2025-03-15,16,10:00,151,9,12.0,1,1,30.13,0,2025-03-15 08:00:00,2025-03-15 12:00:00,W,Gerrard St East  at Coxwell Ave,0,0,0,0
2025-03-15,16,10:00,151,9,12.0,1,1,30.13,0,2025-03-15 08:00:00,2025-03-15 12:00:00,W,Coxwell Ave at Lower Gerrard St East,0,0,0,0
2025-03-15,16,10:00,151,9,12.0,1,1,30.13,0,2025-03-15 08:00:00,2025-03-15 12:00:00,W,Ashdale Ave,0,0,0,0
2025-03-15,16,10:00,151,9,12.0,1,1,30.13,0,2025-03-15 08:00:00,2025-03-15 12:00:00,W,Howard Park Ave at Indian Rd,0,0,0,0
2025-03-15,16,10:00,151,9,12.0,1,1,30.13,0,2025-03-15 08:00:00,2025-03-15 12:00:00,W,Dundas St West at Howard Park Ave,0,0,0,0
2025-03-15,16,10:00,151,9,12.0,1,1,30.13,0,2025-03-15 08:00:00,2025-03-15 12:00:00,W,Main St at Gerrard St East,0,0,0,0
2025-03-15,16,10:00,151,9,12.0,1,1,30.13,0,2025-03-15 08:00:00,2025-03-15 12:00:00,W,Main St,0,0,0,0
2025-03-15,16,10:00,151,9,12.0,1,1,30.13,0,2025-03-15 08:00:00,2025-03-15 12:00:00,W,Main St at Danforth Ave,0,0,0,0
2025-03-15,16,10:00,151,9,12.0,1,1,30.13,0,2025-03-15 08:00:00,2025-03-15 12:00:00,W,Howard Park Ave at Parkside Dr,0,0,0,0
2025-03-22,16,10:00,151,9,12.0,1,1,30.13,0,2025-03-22 08:00:00,2025-03-22 12:00:00,E,Woodfield Rd,2,0,1,0
2025-03-22,16,10:00,151,9,12.0,1,1,30.13,0,2025-03-22 08:00:00,2025-03-22 12:00:00,E,Coxwell Ave at Gerrard St East,0,0,0,0
2025-03-22,16,10:00,151,9,12.0,1,1,30.13,0,2025-03-22 08:00:00,2025-03-22 12:00:00,E,Euclid Ave,2,0,0,0
2025-03-22,16,10:00,151,9,12.0,1,1,30.13,0,2025-03-22 08:00:00,2025-03-22 12:00:00,E,Bowmore Rd,2,1,1,0
2025-03-22,16,10:00,151,9,12.0,1,1,30.13,0,2025-03-22 08:00:00,2025-03-22 12:00:00,E,Bay St,2,1,0,0
2025-03-22,16,10:00,151,9,12.0,1,1,30.13,0,2025-03-22 08:00:00,2025-03-22 12:00:00,E,Lansdowne Ave,1,1,1,0
2025-03-22,16,10:00,151,9,12.0,1,1,30.13,0,2025-03-22 08:00:00,2025-03-22 12:00:00,E,Indian Rd,0,0,0,0
2025-03-22,16,10:00,151,9,12.0,1,1,30.13,0,2025-03-22 08:00:00,2025-03-22 12:00:00,E,Grace St,1,0,0,0
2025-03-22,16,10:00,151,9,12.0,1,1,30.13,0,2025-03-22 08:00:00,2025-03-22 12:00:00,E,Dufferin St,3,0,0,0
2025-03-22,16,10:00,151,9,12.0,1,1,30.13,0,2025-03-22 08:00:00,2025-03-22 12:00:00,E,Gerrard St East at Beaton Ave,2,1,1,0
2025-03-22,16,10:00,151,9,12.0,1,1,30.13,0,2025-03-22 08:00:00,2025-03-22 12:00:00,E,Bathurst St,1,0,0,0
2025-03-22,16,10:00,151,9,12.0,1,1,30.13,0,2025-03-22 08:00:00,2025-03-22 12:00:00,E,Yonge St - College Station,1,1,0,0
2025-03-22,16,10:00,151,9,12.0,1,1,30.13,0,2025-03-22 08:00:00,2025-03-22 12:00:00,E,Dundas St West at Sterling Rd,0,0,0,0
2025-03-22,16,10:00,151,9,12.0,1,1,30.13,0,2025-03-22 08:00:00,2025-03-22 12:00:00,E,Brock Ave,2,1,1,0
2025-03-22,16,10:00,151,9,12.0,1,1,30.13,0,2025-03-22 08:00:00,2025-03-22 12:00:00,E,Sackville St,1,0,0,0
2025-03-22,16,10:00,151,9,12.0,1,1,30.13,0,2025-03-22 08:00:00,2025-03-22 12:00:00,E,Carlaw Ave,1,1,0,0
2025-03-22,16,10:00,151,9,12.0,1,1,30.13,0,2025-03-22 08:00:00,2025-03-22 12:00:00,E,Borden St,0,0,0,0
2025-03-22,16,10:00,151,9,12.0,1,1,30.13,0,2025-03-22 08:00:00,2025-03-22 12:00:00,E,Dundas St West at Sorauren Ave,0,0,0,0
2025-03-22,16,10:00,151,9,12.0,1,1,30.13,0,2025-03-22 08:00:00,2025-03-22 12:00:00,E,Crawford St,2,0,0,0
2025-03-22,16,10:00,151,9,12.0,1,1,30.13,0,2025-03-22 08:00:00,2025-03-22 12:00:00,E,Pape Ave,1,1,1,0
2025-03-22,16,10:00,151,9,12.0,1,1,30.13,0,2025-03-22 08:00:00,2025-03-22 12:00:00,E,Spadina Ave,0,1,0,0
2025-03-22,16,10:00,151,9,12.0,1,1,30.13,0,2025-03-22 08:00:00,2025-03-22 12:00:00,E,River St,2,0,0,0
2025-03-22,16,10:00,151,9,12.0,1,1,30.13,0,2025-03-22 08:00:00,2025-03-22 12:00:00,E,Marjory Ave,2,1,1,0
2025-03-22,16,10:00,151,9,12.0,1,1,30.13,0,2025-03-22 08:00:00,2025-03-22 12:00:00,E,Kingsmount Park Rd,2,1,1,0
2025-03-22,16,10:00,151,9,12.0,1,1,30.13,0,2025-03-22 08:00:00,2025-03-22 12:00:00,E,Church St,0,0,0,0
2025-03-22,16,10:00,151,9,12.0,1,1,30.13,0,2025-03-22 08:00:00,2025-03-22 12:00:00,E,Ossington Ave,1,1,0,0
2025-03-22,16,10:00,151,9,12.0,1,1,30.13,0,2025-03-22 08:00:00,2025-03-22 12:00:00,E,Woodbine Ave,2,1,1,0
2025-03-22,16,10:00,151,9,12.0,1,1,30.13,0,2025-03-22 08:00:00,2025-03-22 12:00:00,E,Jones Ave,1,1,1,0
2025-03-22,16,10:00,151,9,12.0,1,1,30.13,0,2025-03-22 08:00:00,2025-03-22 12:00:00,E,Golfview Ave,1,1,1,0
2025-03-22,16,10:00,151,9,12.0,1,1,30.13,0,2025-03-22 08:00:00,2025-03-22 12:00:00,E,Leslie St,2,0,1,0
2025-03-22,16,10:00,151,9,12.0,1,1,30.13,0,2025-03-22 08:00:00,2025-03-22 12:00:00,E,St Matthews Rd,2,0,0,0
2025-03-22,16,10:00,151,9,12.0,1,1,30.13,0,2025-03-22 08:00:00,2025-03-22 12:00:00,E,Jarvis St,1,0,0,0
2025-03-22,16,10:00,151,9,12.0,1,1,30.13,0,2025-03-22 08:00:00,2025-03-22 12:00:00,E,Sherbourne St,1,0,0,0
2025-03-22,16,10:00,151,9,12.0,1,1,30.13,0,2025-03-22 08:00:00,2025-03-22 12:00:00,E,St George St,1,2,0,0
2025-03-22,16,10:00,151,9,12.0,1,1,30.13,0,2025-03-22 08:00:00,2025-03-22 12:00:00,E,Dovercourt Rd,2,2,0,0
2025-03-22,16,10:00,151,9,12.0,1,1,30.13,0,2025-03-22 08:00:00,2025-03-22 12:00:00,E,Glenmount Park Rd,1,1,1,0
2025-03-22,16,10:00,151,9,12.0,1,1,30.13,0,2025-03-22 08:00:00,2025-03-22 12:00:00,E,Prust Ave,2,1,1,0
2025-03-22,16,10:00,151,9,12.0,1,1,30.13,0,2025-03-22 08:00:00,2025-03-22 12:00:00,E,Main Street Station at Bay 7,0,0,0,0
2025-03-22,16,10:00,151,9,12.0,1,1,30.13,0,2025-03-22 08:00:00,2025-03-22 12:00:00,E,Norwood Rd,1,1,1,0
2025-03-22,16,10:00,151,9,12.0,1,1,30.13,0,2025-03-22 08:00:00,2025-03-22 12:00:00,E,McCaul St,1,2,0,0
2025-03-22,16,10:00,151,9,12.0,1,1,30.13,0,2025-03-22 08:00:00,2025-03-22 12:00:00,E,Broadview Ave,2,0,0,0
2025-03-22,16,10:00,151,9,12.0,1,1,30.13,0,2025-03-22 08:00:00,2025-03-22 12:00:00,E,Ontario St,0,0,0,0
2025-03-22,16,10:00,151,9,12.0,1,1,30.13,0,2025-03-22 08:00:00,2025-03-22 12:00:00,E,Rusholme Park Cres,0,0,0,0
2025-03-22,16,10:00,151,9,12.0,1,1,30.13,0,2025-03-22 08:00:00,2025-03-22 12:00:00,E,Havelock St,2,0,1,0
2025-03-22,16,10:00,151,9,12.0,1,1,30.13,0,2025-03-22 08:00:00,2025-03-22 12:00:00,E,High Park Loop,0,0,4,0
2025-03-22,16,10:00,151,9,12.0,1,1,30.13,0,2025-03-22 08:00:00,2025-03-22 12:00:00,E,Queens Park (Queen's Park Station),1,2,0,0
2025-03-22,16,10:00,151,9,12.0,1,1,30.13,0,2025-03-22 08:00:00,2025-03-22 12:00:00,E,Roncesvalles Ave,0,0,0,0
2025-03-22,16,10:00,151,9,12.0,1,1,30.13,0,2025-03-22 08:00:00,2025-03-22 12:00:00,E,De Grassi St,2,0,0,0
2025-03-22,16,10:00,151,9,12.0,1,1,30.13,0,2025-03-22 08:00:00,2025-03-22 12:00:00,E,Parliament St at Carlton St,1,0,0,0
2025-03-22,16,10:00,151,9,12.0,1,1,30.13,0,2025-03-22 08:00:00,2025-03-22 12:00:00,E,Parkside Dr East Side,0,0,2,0
2025-03-22,16,10:00,151,9,12.0,1,1,30.13,0,2025-03-22 08:00:00,2025-03-22 12:00:00,E,Dundas St West,0,0,0,0
2025-03-22,16,10:00,151,9,12.0,1,1,30.13,0,2025-03-22 08:00:00,2025-03-22 12:00:00,E,Howard Park Ave at Roncesvalles Ave,0,0,0,0
2025-03-22,16,10:00,151,9,12.0,1,1,30.13,0,2025-03-22 08:00:00,2025-03-22 12:00:00,E,Parliament St,0,0,0,0
2025-03-22,16,10:00,151,9,12.0,1,1,30.13,0,2025-03-22 08:00:00,2025-03-22 12:00:00,E,Parliament St at Gerrard St East,0,0,0,0
2025-03-22,16,10:00,151,9,12.0,1,1,30.13,0,2025-03-22 08:00:00,2025-03-22 12:00:00,E,Sumach St,0,0,0,0
2025-03-22,16,10:00,151,9,12.0,1,1,30.13,0,2025-03-22 08:00:00,2025-03-22 12:00:00,E,Blackburn St,0,0,0,0
2025-03-22,16,10:00,151,9,12.0,1,1,30.13,0,2025-03-22 08:00:00,2025-03-22 12:00:00,E,Logan Ave,0,0,0,0
2025-03-22,16,10:00,151,9,12.0,1,1,30.13,0,2025-03-22 08:00:00,2025-03-22 12:00:00,E,Augusta Ave,0,0,0,0
2025-03-22,16,10:00,151,9,12.0,1,1,30.13,0,2025-03-22 08:00:00,2025-03-22 12:00:00,E,Beverley St,0,0,0,0
2025-03-22,16,10:00,151,9,12.0,1,1,30.13,0,2025-03-22 08:00:00,2025-03-22 12:00:00,E,University Ave (Queen's Park Station,0,0,0,0
2025-03-22,16,10:00,151,9,12.0,1,1,30.13,0,2025-03-22 08:00:00,2025-03-22 12:00:00,E,Elizabeth St,0,0,0,0
2025-03-22,16,10:00,151,9,12.0,1,1,30.13,0,2025-03-22 08:00:00,2025-03-22 12:00:00,E,Greenwood Ave,0,0,0,0
2025-03-22,16,10:00,151,9,12.0,1,1,30.13,0,2025-03-22 08:00:00,2025-03-22 12:00:00,E,Alton Ave,0,0,0,0
2025-03-22,16,10:00,151,9,12.0,1,1,30.13,0,2025-03-22 08:00:00,2025-03-22 12:00:00,E,Coxwell Ave,0,0,0,0
2025-03-22,16,10:00,151,9,12.0,1,1,30.13,0,2025-03-22 08:00:00,2025-03-22 12:00:00,E,Gerrard St East  at Coxwell Ave,0,0,0,0
2025-03-22,16,10:00,151,9,12.0,1,1,30.13,0,2025-03-22 08:00:00,2025-03-22 12:00:00,E,Coxwell Ave at Lower Gerrard St East,0,0,0,0
2025-03-22,16,10:00,151,9,12.0,1,1,30.13,0,2025-03-22 08:00:00,2025-03-22 12:00:00,E,Ashdale Ave,0,0,0,0
2025-03-22,16,10:00,151,9,12.0,1,1,30.13,0,2025-03-22 08:00:00,2025-03-22 12:00:00,E,Howard Park Ave at Indian Rd,0,0,0,0
2025-03-22,16,10:00,151,9,12.0,1,1,30.13,0,2025-03-22 08:00:00,2025-03-22 12:00:00,E,Dundas St West at Howard Park Ave,0,0,0,0
2025-03-22,16,10:00,151,9,12.0,1,1,30.13,0,2025-03-22 08:00:00,2025-03-22 12:00:00,E,Main St at Gerrard St East,0,0,0,0
2025-03-22,16,10:00,151,9,12.0,1,1,30.13,0,2025-03-22 08:00:00,2025-03-22 12:00:00,E,Main St,0,0,0,0
2025-03-22,16,10:00,151,9,12.0,1,1,30.13,0,2025-03-22 08:00:00,2025-03-22 12:00:00,E,Main St at Danforth Ave,0,0,0,0
2025-03-22,16,10:00,151,9,12.0,1,1,30.13,0,2025-03-22 08:00:00,2025-03-22 12:00:00,E,Howard Park Ave at Parkside Dr,0,0,0,0
2025-03-22,16,10:00,151,9,12.0,1,1,30.13,0,2025-03-22 08:00:00,2025-03-22 12:00:00,W,Woodfield Rd,0,0,0,0
2025-03-22,16,10:00,151,9,12.0,1,1,30.13,0,2025-03-22 08:00:00,2025-03-22 12:00:00,W,Coxwell Ave at Gerrard St East,1,0,0,0
2025-03-22,16,10:00,151,9,12.0,1,1,30.13,0,2025-03-22 08:00:00,2025-03-22 12:00:00,W,Euclid Ave,0,0,0,0
2025-03-22,16,10:00,151,9,12.0,1,1,30.13,0,2025-03-22 08:00:00,2025-03-22 12:00:00,W,Bowmore Rd,0,0,0,0
2025-03-22,16,10:00,151,9,12.0,1,1,30.13,0,2025-03-22 08:00:00,2025-03-22 12:00:00,W,Bay St,2,0,1,0
2025-03-22,16,10:00,151,9,12.0,1,1,30.13,0,2025-03-22 08:00:00,2025-03-22 12:00:00,W,Lansdowne Ave,0,0,0,0
2025-03-22,16,10:00,151,9,12.0,1,1,30.13,0,2025-03-22 08:00:00,2025-03-22 12:00:00,W,Indian Rd,3,4,2,0
2025-03-22,16,10:00,151,9,12.0,1,1,30.13,0,2025-03-22 08:00:00,2025-03-22 12:00:00,W,Grace St,0,0,0,0
2025-03-22,16,10:00,151,9,12.0,1,1,30.13,0,2025-03-22 08:00:00,2025-03-22 12:00:00,W,Dufferin St,4,3,0,0
2025-03-22,16,10:00,151,9,12.0,1,1,30.13,0,2025-03-22 08:00:00,2025-03-22 12:00:00,W,Gerrard St East at Beaton Ave,0,0,0,0
2025-03-22,16,10:00,151,9,12.0,1,1,30.13,0,2025-03-22 08:00:00,2025-03-22 12:00:00,W,Bathurst St,0,0,0,0
2025-03-22,16,10:00,151,9,12.0,1,1,30.13,0,2025-03-22 08:00:00,2025-03-22 12:00:00,W,Yonge St - College Station,0,0,0,0
2025-03-22,16,10:00,151,9,12.0,1,1,30.13,0,2025-03-22 08:00:00,2025-03-22 12:00:00,W,Dundas St West at Sterling Rd,0,0,0,0
2025-03-22,16,10:00,151,9,12.0,1,1,30.13,0,2025-03-22 08:00:00,2025-03-22 12:00:00,W,Brock Ave,0,0,0,0
2025-03-22,16,10:00,151,9,12.0,1,1,30.13,0,2025-03-22 08:00:00,2025-03-22 12:00:00,W,Sackville St,4,2,0,0
2025-03-22,16,10:00,151,9,12.0,1,1,30.13,0,2025-03-22 08:00:00,2025-03-22 12:00:00,W,Carlaw Ave,0,0,0,0
2025-03-22,16,10:00,151,9,12.0,1,1,30.13,0,2025-03-22 08:00:00,2025-03-22 12:00:00,W,Borden St,0,0,0,0
2025-03-22,16,10:00,151,9,12.0,1,1,30.13,0,2025-03-22 08:00:00,2025-03-22 12:00:00,W,Dundas St West at Sorauren Ave,5,3,1,0
2025-03-22,16,10:00,151,9,12.0,1,1,30.13,0,2025-03-22 08:00:00,2025-03-22 12:00:00,W,Crawford St,0,0,0,0
2025-03-22,16,10:00,151,9,12.0,1,1,30.13,0,2025-03-22 08:00:00,2025-03-22 12:00:00,W,Pape Ave,0,0,0,0
2025-03-22,16,10:00,151,9,12.0,1,1,30.13,0,2025-03-22 08:00:00,2025-03-22 12:00:00,W,Spadina Ave,3,2,1,0
2025-03-22,16,10:00,151,9,12.0,1,1,30.13,0,2025-03-22 08:00:00,2025-03-22 12:00:00,W,River St,5,3,1,0
2025-03-22,16,10:00,151,9,12.0,1,1,30.13,0,2025-03-22 08:00:00,2025-03-22 12:00:00,W,Marjory Ave,0,0,0,0
2025-03-22,16,10:00,151,9,12.0,1,1,30.13,0,2025-03-22 08:00:00,2025-03-22 12:00:00,W,Kingsmount Park Rd,0,0,0,0
2025-03-22,16,10:00,151,9,12.0,1,1,30.13,0,2025-03-22 08:00:00,2025-03-22 12:00:00,W,Church St,0,0,0,0
2025-03-22,16,10:00,151,9,12.0,1,1,30.13,0,2025-03-22 08:00:00,2025-03-22 12:00:00,W,Ossington Ave,0,0,0,0
2025-03-22,16,10:00,151,9,12.0,1,1,30.13,0,2025-03-22 08:00:00,2025-03-22 12:00:00,W,Woodbine Ave,0,0,0,0
2025-03-22,16,10:00,151,9,12.0,1,1,30.13,0,2025-03-22 08:00:00,2025-03-22 12:00:00,W,Jones Ave,0,0,0,0
2025-03-22,16,10:00,151,9,12.0,1,1,30.13,0,2025-03-22 08:00:00,2025-03-22 12:00:00,W,Golfview Ave,0,0,0,0
2025-03-22,16,10:00,151,9,12.0,1,1,30.13,0,2025-03-22 08:00:00,2025-03-22 12:00:00,W,Leslie St,0,0,0,0
2025-03-22,16,10:00,151,9,12.0,1,1,30.13,0,2025-03-22 08:00:00,2025-03-22 12:00:00,W,St Matthews Rd,0,0,0,0
2025-03-22,16,10:00,151,9,12.0,1,1,30.13,0,2025-03-22 08:00:00,2025-03-22 12:00:00,W,Jarvis St,0,0,0,0
2025-03-22,16,10:00,151,9,12.0,1,1,30.13,0,2025-03-22 08:00:00,2025-03-22 12:00:00,W,Sherbourne St,0,0,0,0
2025-03-22,16,10:00,151,9,12.0,1,1,30.13,0,2025-03-22 08:00:00,2025-03-22 12:00:00,W,St George St,0,0,0,0
2025-03-22,16,10:00,151,9,12.0,1,1,30.13,0,2025-03-22 08:00:00,2025-03-22 12:00:00,W,Dovercourt Rd,0,0,0,0
2025-03-22,16,10:00,151,9,12.0,1,1,30.13,0,2025-03-22 08:00:00,2025-03-22 12:00:00,W,Glenmount Park Rd,0,0,0,0
2025-03-22,16,10:00,151,9,12.0,1,1,30.13,0,2025-03-22 08:00:00,2025-03-22 12:00:00,W,Prust Ave,0,0,0,0
2025-03-22,16,10:00,151,9,12.0,1,1,30.13,0,2025-03-22 08:00:00,2025-03-22 12:00:00,W,Main Street Station at Bay 7,1,0,1,0
2025-03-22,16,10:00,151,9,12.0,1,1,30.13,0,2025-03-22 08:00:00,2025-03-22 12:00:00,W,Norwood Rd,0,0,0,0
2025-03-22,16,10:00,151,9,12.0,1,1,30.13,0,2025-03-22 08:00:00,2025-03-22 12:00:00,W,McCaul St,0,0,0,0
2025-03-22,16,10:00,151,9,12.0,1,1,30.13,0,2025-03-22 08:00:00,2025-03-22 12:00:00,W,Broadview Ave,0,0,0,0
2025-03-22,16,10:00,151,9,12.0,1,1,30.13,0,2025-03-22 08:00:00,2025-03-22 12:00:00,W,Ontario St,0,0,0,0
2025-03-22,16,10:00,151,9,12.0,1,1,30.13,0,2025-03-22 08:00:00,2025-03-22 12:00:00,W,Rusholme Park Cres,0,0,0,0
2025-03-22,16,10:00,151,9,12.0,1,1,30.13,0,2025-03-22 08:00:00,2025-03-22 12:00:00,W,Havelock St,0,0,0,0
2025-03-22,16,10:00,151,9,12.0,1,1,30.13,0,2025-03-22 08:00:00,2025-03-22 12:00:00,W,High Park Loop,0,0,0,0
2025-03-22,16,10:00,151,9,12.0,1,1,30.13,0,2025-03-22 08:00:00,2025-03-22 12:00:00,W,Queens Park (Queen's Park Station),0,0,0,0
2025-03-22,16,10:00,151,9,12.0,1,1,30.13,0,2025-03-22 08:00:00,2025-03-22 12:00:00,W,Roncesvalles Ave,2,3,2,0
2025-03-22,16,10:00,151,9,12.0,1,1,30.13,0,2025-03-22 08:00:00,2025-03-22 12:00:00,W,De Grassi St,0,0,0,0
2025-03-22,16,10:00,151,9,12.0,1,1,30.13,0,2025-03-22 08:00:00,2025-03-22 12:00:00,W,Parliament St at Carlton St,0,0,0,0
2025-03-22,16,10:00,151,9,12.0,1,1,30.13,0,2025-03-22 08:00:00,2025-03-22 12:00:00,W,Parkside Dr East Side,0,0,0,0
2025-03-22,16,10:00,151,9,12.0,1,1,30.13,0,2025-03-22 08:00:00,2025-03-22 12:00:00,W,Dundas St West,4,3,2,0
2025-03-22,16,10:00,151,9,12.0,1,1,30.13,0,2025-03-22 08:00:00,2025-03-22 12:00:00,W,Howard Park Ave at Roncesvalles Ave,0,0,0,0
2025-03-22,16,10:00,151,9,12.0,1,1,30.13,0,2025-03-22 08:00:00,2025-03-22 12:00:00,W,Parliament St,0,0,0,0
2025-03-22,16,10:00,151,9,12.0,1,1,30.13,0,2025-03-22 08:00:00,2025-03-22 12:00:00,W,Parliament St at Gerrard St East,0,0,0,0
2025-03-22,16,10:00,151,9,12.0,1,1,30.13,0,2025-03-22 08:00:00,2025-03-22 12:00:00,W,Sumach St,0,0,0,0
2025-03-22,16,10:00,151,9,12.0,1,1,30.13,0,2025-03-22 08:00:00,2025-03-22 12:00:00,W,Blackburn St,0,0,0,0
2025-03-22,16,10:00,151,9,12.0,1,1,30.13,0,2025-03-22 08:00:00,2025-03-22 12:00:00,W,Logan Ave,0,0,0,0
2025-03-22,16,10:00,151,9,12.0,1,1,30.13,0,2025-03-22 08:00:00,2025-03-22 12:00:00,W,Augusta Ave,0,0,0,0
2025-03-22,16,10:00,151,9,12.0,1,1,30.13,0,2025-03-22 08:00:00,2025-03-22 12:00:00,W,Beverley St,0,0,0,0
2025-03-22,16,10:00,151,9,12.0,1,1,30.13,0,2025-03-22 08:00:00,2025-03-22 12:00:00,W,University Ave (Queen's Park Station,0,0,0,0
2025-03-22,16,10:00,151,9,12.0,1,1,30.13,0,2025-03-22 08:00:00,2025-03-22 12:00:00,W,Elizabeth St,0,0,0,0
2025-03-22,16,10:00,151,9,12.0,1,1,30.13,0,2025-03-22 08:00:00,2025-03-22 12:00:00,W,Greenwood Ave,0,0,0,0
2025-03-22,16,10:00,151,9,12.0,1,1,30.13,0,2025-03-22 08:00:00,2025-03-22 12:00:00,W,Alton Ave,0,0,0,0
2025-03-22,16,10:00,151,9,12.0,1,1,30.13,0,2025-03-22 08:00:00,2025-03-22 12:00:00,W,Coxwell Ave,0,0,0,0
2025-03-22,16,10:00,151,9,12.0,1,1,30.13,0,2025-03-22 08:00:00,2025-03-22 12:00:00,W,Gerrard St East  at Coxwell Ave,0,0,0,0
2025-03-22,16,10:00,151,9,12.0,1,1,30.13,0,2025-03-22 08:00:00,2025-03-22 12:00:00,W,Coxwell Ave at Lower Gerrard St East,0,0,0,0
2025-03-22,16,10:00,151,9,12.0,1,1,30.13,0,2025-03-22 08:00:00,2025-03-22 12:00:00,W,Ashdale Ave,0,0,0,0
2025-03-22,16,10:00,151,9,12.0,1,1,30.13,0,2025-03-22 08:00:00,2025-03-22 12:00:00,W,Howard Park Ave at Indian Rd,0,0,0,0
2025-03-22,16,10:00,151,9,12.0,1,1,30.13,0,2025-03-22 08:00:00,2025-03-22 12:00:00,W,Dundas St West at Howard Park Ave,0,0,0,0
2025-03-22,16,10:00,151,9,12.0,1,1,30.13,0,2025-03-22 08:00:00,2025-03-22 12:00:00,W,Main St at Gerrard St East,0,0,0,0
2025-03-22,16,10:00,151,9,12.0,1,1,30.13,0,2025-03-22 08:00:00,2025-03-22 12:00:00,W,Main St,0,0,0,0
2025-03-22,16,10:00,151,9,12.0,1,1,30.13,0,2025-03-22 08:00:00,2025-03-22 12:00:00,W,Main St at Danforth Ave,0,0,0,0
2025-03-22,16,10:00,151,9,12.0,1,1,30.13,0,2025-03-22 08:00:00,2025-03-22 12:00:00,W,Howard Park Ave at Parkside Dr,0,0,0,0
2025-03-29,16,10:00,151,9,12.0,1,1,30.13,0,2025-03-29 08:00:00,2025-03-29 12:00:00,E,Woodfield Rd,0,1,0,0
2025-03-29,16,10:00,151,9,12.0,1,1,30.13,0,2025-03-29 08:00:00,2025-03-29 12:00:00,E,Coxwell Ave at Gerrard St East,0,0,0,0
2025-03-29,16,10:00,151,9,12.0,1,1,30.13,0,2025-03-29 08:00:00,2025-03-29 12:00:00,E,Euclid Ave,0,0,0,0
2025-03-29,16,10:00,151,9,12.0,1,1,30.13,0,2025-03-29 08:00:00,2025-03-29 12:00:00,E,Bowmore Rd,0,0,0,0
2025-03-29,16,10:00,151,9,12.0,1,1,30.13,0,2025-03-29 08:00:00,2025-03-29 12:00:00,E,Bay St,1,0,0,0
2025-03-29,16,10:00,151,9,12.0,1,1,30.13,0,2025-03-29 08:00:00,2025-03-29 12:00:00,E,Lansdowne Ave,1,1,0,0
2025-03-29,16,10:00,151,9,12.0,1,1,30.13,0,2025-03-29 08:00:00,2025-03-29 12:00:00,E,Indian Rd,0,1,1,0
2025-03-29,16,10:00,151,9,12.0,1,1,30.13,0,2025-03-29 08:00:00,2025-03-29 12:00:00,E,Grace St,0,1,0,0
2025-03-29,16,10:00,151,9,12.0,1,1,30.13,0,2025-03-29 08:00:00,2025-03-29 12:00:00,E,Dufferin St,0,0,0,0
2025-03-29,16,10:00,151,9,12.0,1,1,30.13,0,2025-03-29 08:00:00,2025-03-29 12:00:00,E,Gerrard St East at Beaton Ave,0,0,0,0
2025-03-29,16,10:00,151,9,12.0,1,1,30.13,0,2025-03-29 08:00:00,2025-03-29 12:00:00,E,Bathurst St,0,0,0,0
2025-03-29,16,10:00,151,9,12.0,1,1,30.13,0,2025-03-29 08:00:00,2025-03-29 12:00:00,E,Yonge St - College Station,1,0,0,0
2025-03-29,16,10:00,151,9,12.0,1,1,30.13,0,2025-03-29 08:00:00,2025-03-29 12:00:00,E,Dundas St West at Sterling Rd,0,0,0,0
2025-03-29,16,10:00,151,9,12.0,1,1,30.13,0,2025-03-29 08:00:00,2025-03-29 12:00:00,E,Brock Ave,0,0,0,0
2025-03-29,16,10:00,151,9,12.0,1,1,30.13,0,2025-03-29 08:00:00,2025-03-29 12:00:00,E,Sackville St,0,0,0,0
2025-03-29,16,10:00,151,9,12.0,1,1,30.13,0,2025-03-29 08:00:00,2025-03-29 12:00:00,E,Carlaw Ave,0,0,0,0
2025-03-29,16,10:00,151,9,12.0,1,1,30.13,0,2025-03-29 08:00:00,2025-03-29 12:00:00,E,Borden St,0,0,0,0
2025-03-29,16,10:00,151,9,12.0,1,1,30.13,0,2025-03-29 08:00:00,2025-03-29 12:00:00,E,Dundas St West at Sorauren Ave,0,0,0,0
2025-03-29,16,10:00,151,9,12.0,1,1,30.13,0,2025-03-29 08:00:00,2025-03-29 12:00:00,E,Crawford St,0,1,0,0
2025-03-29,16,10:00,151,9,12.0,1,1,30.13,0,2025-03-29 08:00:00,2025-03-29 12:00:00,E,Pape Ave,0,0,0,0
2025-03-29,16,10:00,151,9,12.0,1,1,30.13,0,2025-03-29 08:00:00,2025-03-29 12:00:00,E,Spadina Ave,0,0,0,0
2025-03-29,16,10:00,151,9,12.0,1,1,30.13,0,2025-03-29 08:00:00,2025-03-29 12:00:00,E,River St,0,0,0,0
2025-03-29,16,10:00,151,9,12.0,1,1,30.13,0,2025-03-29 08:00:00,2025-03-29 12:00:00,E,Marjory Ave,0,1,0,0
2025-03-29,16,10:00,151,9,12.0,1,1,30.13,0,2025-03-29 08:00:00,2025-03-29 12:00:00,E,Kingsmount Park Rd,0,0,0,0
2025-03-29,16,10:00,151,9,12.0,1,1,30.13,0,2025-03-29 08:00:00,2025-03-29 12:00:00,E,Church St,0,0,0,0
2025-03-29,16,10:00,151,9,12.0,1,1,30.13,0,2025-03-29 08:00:00,2025-03-29 12:00:00,E,Ossington Ave,0,1,0,0
2025-03-29,16,10:00,151,9,12.0,1,1,30.13,0,2025-03-29 08:00:00,2025-03-29 12:00:00,E,Woodbine Ave,1,0,0,0
2025-03-29,16,10:00,151,9,12.0,1,1,30.13,0,2025-03-29 08:00:00,2025-03-29 12:00:00,E,Jones Ave,0,0,0,0
2025-03-29,16,10:00,151,9,12.0,1,1,30.13,0,2025-03-29 08:00:00,2025-03-29 12:00:00,E,Golfview Ave,1,0,0,0
2025-03-29,16,10:00,151,9,12.0,1,1,30.13,0,2025-03-29 08:00:00,2025-03-29 12:00:00,E,Leslie St,0,1,0,0
2025-03-29,16,10:00,151,9,12.0,1,1,30.13,0,2025-03-29 08:00:00,2025-03-29 12:00:00,E,St Matthews Rd,0,0,0,0
2025-03-29,16,10:00,151,9,12.0,1,1,30.13,0,2025-03-29 08:00:00,2025-03-29 12:00:00,E,Jarvis St,0,0,0,0
2025-03-29,16,10:00,151,9,12.0,1,1,30.13,0,2025-03-29 08:00:00,2025-03-29 12:00:00,E,Sherbourne St,0,0,0,0
2025-03-29,16,10:00,151,9,12.0,1,1,30.13,0,2025-03-29 08:00:00,2025-03-29 12:00:00,E,St George St,0,0,0,0
2025-03-29,16,10:00,151,9,12.0,1,1,30.13,0,2025-03-29 08:00:00,2025-03-29 12:00:00,E,Dovercourt Rd,0,0,0,0
2025-03-29,16,10:00,151,9,12.0,1,1,30.13,0,2025-03-29 08:00:00,2025-03-29 12:00:00,E,Glenmount Park Rd,1,0,0,0
2025-03-29,16,10:00,151,9,12.0,1,1,30.13,0,2025-03-29 08:00:00,2025-03-29 12:00:00,E,Prust Ave,0,1,0,0
2025-03-29,16,10:00,151,9,12.0,1,1,30.13,0,2025-03-29 08:00:00,2025-03-29 12:00:00,E,Main Street Station at Bay 7,0,0,0,0
2025-03-29,16,10:00,151,9,12.0,1,1,30.13,0,2025-03-29 08:00:00,2025-03-29 12:00:00,E,Norwood Rd,1,0,0,0
2025-03-29,16,10:00,151,9,12.0,1,1,30.13,0,2025-03-29 08:00:00,2025-03-29 12:00:00,E,McCaul St,0,0,0,0
2025-03-29,16,10:00,151,9,12.0,1,1,30.13,0,2025-03-29 08:00:00,2025-03-29 12:00:00,E,Broadview Ave,0,0,0,0
2025-03-29,16,10:00,151,9,12.0,1,1,30.13,0,2025-03-29 08:00:00,2025-03-29 12:00:00,E,Ontario St,0,0,0,0
2025-03-29,16,10:00,151,9,12.0,1,1,30.13,0,2025-03-29 08:00:00,2025-03-29 12:00:00,E,Rusholme Park Cres,0,0,0,0
2025-03-29,16,10:00,151,9,12.0,1,1,30.13,0,2025-03-29 08:00:00,2025-03-29 12:00:00,E,Havelock St,0,2,0,0
2025-03-29,16,10:00,151,9,12.0,1,1,30.13,0,2025-03-29 08:00:00,2025-03-29 12:00:00,E,High Park Loop,0,2,2,0
2025-03-29,16,10:00,151,9,12.0,1,1,30.13,0,2025-03-29 08:00:00,2025-03-29 12:00:00,E,Queens Park (Queen's Park Station),0,0,0,0
2025-03-29,16,10:00,151,9,12.0,1,1,30.13,0,2025-03-29 08:00:00,2025-03-29 12:00:00,E,Roncesvalles Ave,0,0,0,0
2025-03-29,16,10:00,151,9,12.0,1,1,30.13,0,2025-03-29 08:00:00,2025-03-29 12:00:00,E,De Grassi St,0,0,0,0
2025-03-29,16,10:00,151,9,12.0,1,1,30.13,0,2025-03-29 08:00:00,2025-03-29 12:00:00,E,Parliament St at Carlton St,0,0,0,0
2025-03-29,16,10:00,151,9,12.0,1,1,30.13,0,2025-03-29 08:00:00,2025-03-29 12:00:00,E,Parkside Dr East Side,0,1,1,0
2025-03-29,16,10:00,151,9,12.0,1,1,30.13,0,2025-03-29 08:00:00,2025-03-29 12:00:00,E,Dundas St West,0,0,0,0
2025-03-29,16,10:00,151,9,12.0,1,1,30.13,0,2025-03-29 08:00:00,2025-03-29 12:00:00,E,Howard Park Ave at Roncesvalles Ave,0,0,0,0
2025-03-29,16,10:00,151,9,12.0,1,1,30.13,0,2025-03-29 08:00:00,2025-03-29 12:00:00,E,Parliament St,0,0,0,0
2025-03-29,16,10:00,151,9,12.0,1,1,30.13,0,2025-03-29 08:00:00,2025-03-29 12:00:00,E,Parliament St at Gerrard St East,0,0,0,0
2025-03-29,16,10:00,151,9,12.0,1,1,30.13,0,2025-03-29 08:00:00,2025-03-29 12:00:00,E,Sumach St,0,0,0,0
2025-03-29,16,10:00,151,9,12.0,1,1,30.13,0,2025-03-29 08:00:00,2025-03-29 12:00:00,E,Blackburn St,0,0,0,0
2025-03-29,16,10:00,151,9,12.0,1,1,30.13,0,2025-03-29 08:00:00,2025-03-29 12:00:00,E,Logan Ave,0,0,0,0
2025-03-29,16,10:00,151,9,12.0,1,1,30.13,0,2025-03-29 08:00:00,2025-03-29 12:00:00,E,Augusta Ave,0,0,0,0
2025-03-29,16,10:00,151,9,12.0,1,1,30.13,0,2025-03-29 08:00:00,2025-03-29 12:00:00,E,Beverley St,0,0,0,0
2025-03-29,16,10:00,151,9,12.0,1,1,30.13,0,2025-03-29 08:00:00,2025-03-29 12:00:00,E,University Ave (Queen's Park Station,0,0,0,0
2025-03-29,16,10:00,151,9,12.0,1,1,30.13,0,2025-03-29 08:00:00,2025-03-29 12:00:00,E,Elizabeth St,0,0,0,0
2025-03-29,16,10:00,151,9,12.0,1,1,30.13,0,2025-03-29 08:00:00,2025-03-29 12:00:00,E,Greenwood Ave,0,0,0,0
2025-03-29,16,10:00,151,9,12.0,1,1,30.13,0,2025-03-29 08:00:00,2025-03-29 12:00:00,E,Alton Ave,0,0,0,0
2025-03-29,16,10:00,151,9,12.0,1,1,30.13,0,2025-03-29 08:00:00,2025-03-29 12:00:00,E,Coxwell Ave,0,0,0,0
2025-03-29,16,10:00,151,9,12.0,1,1,30.13,0,2025-03-29 08:00:00,2025-03-29 12:00:00,E,Gerrard St East  at Coxwell Ave,0,0,0,0
2025-03-29,16,10:00,151,9,12.0,1,1,30.13,0,2025-03-29 08:00:00,2025-03-29 12:00:00,E,Coxwell Ave at Lower Gerrard St East,0,0,0,0
2025-03-29,16,10:00,151,9,12.0,1,1,30.13,0,2025-03-29 08:00:00,2025-03-29 12:00:00,E,Ashdale Ave,0,0,0,0
2025-03-29,16,10:00,151,9,12.0,1,1,30.13,0,2025-03-29 08:00:00,2025-03-29 12:00:00,E,Howard Park Ave at Indian Rd,0,0,0,0
2025-03-29,16,10:00,151,9,12.0,1,1,30.13,0,2025-03-29 08:00:00,2025-03-29 12:00:00,E,Dundas St West at Howard Park Ave,0,0,0,0
2025-03-29,16,10:00,151,9,12.0,1,1,30.13,0,2025-03-29 08:00:00,2025-03-29 12:00:00,E,Main St at Gerrard St East,0,0,0,0
2025-03-29,16,10:00,151,9,12.0,1,1,30.13,0,2025-03-29 08:00:00,2025-03-29 12:00:00,E,Main St,0,0,0,0
2025-03-29,16,10:00,151,9,12.0,1,1,30.13,0,2025-03-29 08:00:00,2025-03-29 12:00:00,E,Main St at Danforth Ave,0,0,0,0
2025-03-29,16,10:00,151,9,12.0,1,1,30.13,0,2025-03-29 08:00:00,2025-03-29 12:00:00,E,Howard Park Ave at Parkside Dr,0,0,0,0
2025-03-29,16,10:00,151,9,12.0,1,1,30.13,0,2025-03-29 08:00:00,2025-03-29 12:00:00,W,Woodfield Rd,1,0,1,0
2025-03-29,16,10:00,151,9,12.0,1,1,30.13,0,2025-03-29 08:00:00,2025-03-29 12:00:00,W,Coxwell Ave at Gerrard St East,1,0,1,0
2025-03-29,16,10:00,151,9,12.0,1,1,30.13,0,2025-03-29 08:00:00,2025-03-29 12:00:00,W,Euclid Ave,0,0,0,0
2025-03-29,16,10:00,151,9,12.0,1,1,30.13,0,2025-03-29 08:00:00,2025-03-29 12:00:00,W,Bowmore Rd,0,0,0,0
2025-03-29,16,10:00,151,9,12.0,1,1,30.13,0,2025-03-29 08:00:00,2025-03-29 12:00:00,W,Bay St,1,0,1,0
2025-03-29,16,10:00,151,9,12.0,1,1,30.13,0,2025-03-29 08:00:00,2025-03-29 12:00:00,W,Lansdowne Ave,0,0,0,0
2025-03-29,16,10:00,151,9,12.0,1,1,30.13,0,2025-03-29 08:00:00,2025-03-29 12:00:00,W,Indian Rd,2,2,1,0
2025-03-29,16,10:00,151,9,12.0,1,1,30.13,0,2025-03-29 08:00:00,2025-03-29 12:00:00,W,Grace St,0,0,0,0
2025-03-29,16,10:00,151,9,12.0,1,1,30.13,0,2025-03-29 08:00:00,2025-03-29 12:00:00,W,Dufferin St,4,1,2,0
2025-03-29,16,10:00,151,9,12.0,1,1,30.13,0,2025-03-29 08:00:00,2025-03-29 12:00:00,W,Gerrard St East at Beaton Ave,1,0,1,0
2025-03-29,16,10:00,151,9,12.0,1,1,30.13,0,2025-03-29 08:00:00,2025-03-29 12:00:00,W,Bathurst St,0,0,0,0
2025-03-29,16,10:00,151,9,12.0,1,1,30.13,0,2025-03-29 08:00:00,2025-03-29 12:00:00,W,Yonge St - College Station,0,0,0,0
2025-03-29,16,10:00,151,9,12.0,1,1,30.13,0,2025-03-29 08:00:00,2025-03-29 12:00:00,W,Dundas St West at Sterling Rd,0,0,0,0
2025-03-29,16,10:00,151,9,12.0,1,1,30.13,0,2025-03-29 08:00:00,2025-03-29 12:00:00,W,Brock Ave,0,0,0,0
2025-03-29,16,10:00,151,9,12.0,1,1,30.13,0,2025-03-29 08:00:00,2025-03-29 12:00:00,W,Sackville St,2,0,0,0
2025-03-29,16,10:00,151,9,12.0,1,1,30.13,0,2025-03-29 08:00:00,2025-03-29 12:00:00,W,Carlaw Ave,0,0,0,0
2025-03-29,16,10:00,151,9,12.0,1,1,30.13,0,2025-03-29 08:00:00,2025-03-29 12:00:00,W,Borden St,0,0,0,0
2025-03-29,16,10:00,151,9,12.0,1,1,30.13,0,2025-03-29 08:00:00,2025-03-29 12:00:00,W,Dundas St West at Sorauren Ave,2,2,1,0
2025-03-29,16,10:00,151,9,12.0,1,1,30.13,0,2025-03-29 08:00:00,2025-03-29 12:00:00,W,Crawford St,0,0,0,0
2025-03-29,16,10:00,151,9,12.0,1,1,30.13,0,2025-03-29 08:00:00,2025-03-29 12:00:00,W,Pape Ave,0,0,0,0
2025-03-29,16,10:00,151,9,12.0,1,1,30.13,0,2025-03-29 08:00:00,2025-03-29 12:00:00,W,Spadina Ave,2,0,0,0
2025-03-29,16,10:00,151,9,12.0,1,1,30.13,0,2025-03-29 08:00:00,2025-03-29 12:00:00,W,River St,2,0,1,0
2025-03-29,16,10:00,151,9,12.0,1,1,30.13,0,2025-03-29 08:00:00,2025-03-29 12:00:00,W,Marjory Ave,0,0,0,0
2025-03-29,16,10:00,151,9,12.0,1,1,30.13,0,2025-03-29 08:00:00,2025-03-29 12:00:00,W,Kingsmount Park Rd,0,0,0,0
2025-03-29,16,10:00,151,9,12.0,1,1,30.13,0,2025-03-29 08:00:00,2025-03-29 12:00:00,W,Church St,0,0,0,0
2025-03-29,16,10:00,151,9,12.0,1,1,30.13,0,2025-03-29 08:00:00,2025-03-29 12:00:00,W,Ossington Ave,0,0,0,0
2025-03-29,16,10:00,151,9,12.0,1,1,30.13,0,2025-03-29 08:00:00,2025-03-29 12:00:00,W,Woodbine Ave,0,0,0,0
2025-03-29,16,10:00,151,9,12.0,1,1,30.13,0,2025-03-29 08:00:00,2025-03-29 12:00:00,W,Jones Ave,0,0,0,0
2025-03-29,16,10:00,151,9,12.0,1,1,30.13,0,2025-03-29 08:00:00,2025-03-29 12:00:00,W,Golfview Ave,0,0,0,0
2025-03-29,16,10:00,151,9,12.0,1,1,30.13,0,2025-03-29 08:00:00,2025-03-29 12:00:00,W,Leslie St,0,0,0,0
2025-03-29,16,10:00,151,9,12.0,1,1,30.13,0,2025-03-29 08:00:00,2025-03-29 12:00:00,W,St Matthews Rd,0,0,0,0
2025-03-29,16,10:00,151,9,12.0,1,1,30.13,0,2025-03-29 08:00:00,2025-03-29 12:00:00,W,Jarvis St,0,0,0,0
2025-03-29,16,10:00,151,9,12.0,1,1,30.13,0,2025-03-29 08:00:00,2025-03-29 12:00:00,W,Sherbourne St,0,0,0,0
2025-03-29,16,10:00,151,9,12.0,1,1,30.13,0,2025-03-29 08:00:00,2025-03-29 12:00:00,W,St George St,0,0,0,0
2025-03-29,16,10:00,151,9,12.0,1,1,30.13,0,2025-03-29 08:00:00,2025-03-29 12:00:00,W,Dovercourt Rd,0,0,0,0
2025-03-29,16,10:00,151,9,12.0,1,1,30.13,0,2025-03-29 08:00:00,2025-03-29 12:00:00,W,Glenmount Park Rd,0,0,0,0
2025-03-29,16,10:00,151,9,12.0,1,1,30.13,0,2025-03-29 08:00:00,2025-03-29 12:00:00,W,Prust Ave,0,0,0,0
2025-03-29,16,10:00,151,9,12.0,1,1,30.13,0,2025-03-29 08:00:00,2025-03-29 12:00:00,W,Main Street Station at Bay 7,0,0,0,0
2025-03-29,16,10:00,151,9,12.0,1,1,30.13,0,2025-03-29 08:00:00,2025-03-29 12:00:00,W,Norwood Rd,0,0,0,0
2025-03-29,16,10:00,151,9,12.0,1,1,30.13,0,2025-03-29 08:00:00,2025-03-29 12:00:00,W,McCaul St,0,0,0,0
2025-03-29,16,10:00,151,9,12.0,1,1,30.13,0,2025-03-29 08:00:00,2025-03-29 12:00:00,W,Broadview Ave,0,0,0,0
2025-03-29,16,10:00,151,9,12.0,1,1,30.13,0,2025-03-29 08:00:00,2025-03-29 12:00:00,W,Ontario St,0,0,0,0
2025-03-29,16,10:00,151,9,12.0,1,1,30.13,0,2025-03-29 08:00:00,2025-03-29 12:00:00,W,Rusholme Park Cres,0,0,0,0
2025-03-29,16,10:00,151,9,12.0,1,1,30.13,0,2025-03-29 08:00:00,2025-03-29 12:00:00,W,Havelock St,0,0,0,0
2025-03-29,16,10:00,151,9,12.0,1,1,30.13,0,2025-03-29 08:00:00,2025-03-29 12:00:00,W,High Park Loop,0,0,0,0
2025-03-29,16,10:00,151,9,12.0,1,1,30.13,0,2025-03-29 08:00:00,2025-03-29 12:00:00,W,Queens Park (Queen's Park Station),0,0,0,0
2025-03-29,16,10:00,151,9,12.0,1,1,30.13,0,2025-03-29 08:00:00,2025-03-29 12:00:00,W,Roncesvalles Ave,1,2,2,0
2025-03-29,16,10:00,151,9,12.0,1,1,30.13,0,2025-03-29 08:00:00,2025-03-29 12:00:00,W,De Grassi St,0,0,0,0
2025-03-29,16,10:00,151,9,12.0,1,1,30.13,0,2025-03-29 08:00:00,2025-03-29 12:00:00,W,Parliament St at Carlton St,0,0,0,0
2025-03-29,16,10:00,151,9,12.0,1,1,30.13,0,2025-03-29 08:00:00,2025-03-29 12:00:00,W,Parkside Dr East Side,0,0,0,0
2025-03-29,16,10:00,151,9,12.0,1,1,30.13,0,2025-03-29 08:00:00,2025-03-29 12:00:00,W,Dundas St West,2,2,2,0
2025-03-29,16,10:00,151,9,12.0,1,1,30.13,0,2025-03-29 08:00:00,2025-03-29 12:00:00,W,Howard Park Ave at Roncesvalles Ave,0,0,0,0
2025-03-29,16,10:00,151,9,12.0,1,1,30.13,0,2025-03-29 08:00:00,2025-03-29 12:00:00,W,Parliament St,0,0,0,0
2025-03-29,16,10:00,151,9,12.0,1,1,30.13,0,2025-03-29 08:00:00,2025-03-29 12:00:00,W,Parliament St at Gerrard St East,0,0,0,0
2025-03-29,16,10:00,151,9,12.0,1,1,30.13,0,2025-03-29 08:00:00,2025-03-29 12:00:00,W,Sumach St,0,0,0,0
2025-03-29,16,10:00,151,9,12.0,1,1,30.13,0,2025-03-29 08:00:00,2025-03-29 12:00:00,W,Blackburn St,0,0,0,0
2025-03-29,16,10:00,151,9,12.0,1,1,30.13,0,2025-03-29 08:00:00,2025-03-29 12:00:00,W,Logan Ave,0,0,0,0
2025-03-29,16,10:00,151,9,12.0,1,1,30.13,0,2025-03-29 08:00:00,2025-03-29 12:00:00,W,Augusta Ave,0,0,0,0
2025-03-29,16,10:00,151,9,12.0,1,1,30.13,0,2025-03-29 08:00:00,2025-03-29 12:00:00,W,Beverley St,0,0,0,0
2025-03-29,16,10:00,151,9,12.0,1,1,30.13,0,2025-03-29 08:00:00,2025-03-29 12:00:00,W,University Ave (Queen's Park Station,0,0,0,0
2025-03-29,16,10:00,151,9,12.0,1,1,30.13,0,2025-03-29 08:00:00,2025-03-29 12:00:00,W,Elizabeth St,0,0,0,0
2025-03-29,16,10:00,151,9,12.0,1,1,30.13,0,2025-03-29 08:00:00,2025-03-29 12:00:00,W,Greenwood Ave,0,0,0,0
2025-03-29,16,10:00,151,9,12.0,1,1,30.13,0,2025-03-29 08:00:00,2025-03-29 12:00:00,W,Alton Ave,0,0,0,0
2025-03-29,16,10:00,151,9,12.0,1,1,30.13,0,2025-03-29 08:00:00,2025-03-29 12:00:00,W,Coxwell Ave,0,0,0,0
2025-03-29,16,10:00,151,9,12.0,1,1,30.13,0,2025-03-29 08:00:00,2025-03-29 12:00:00,W,Gerrard St East  at Coxwell Ave,0,0,0,0
2025-03-29,16,10:00,151,9,12.0,1,1,30.13,0,2025-03-29 08:00:00,2025-03-29 12:00:00,W,Coxwell Ave at Lower Gerrard St East,0,0,0,0
2025-03-29,16,10:00,151,9,12.0,1,1,30.13,0,2025-03-29 08:00:00,2025-03-29 12:00:00,W,Ashdale Ave,0,0,0,0
2025-03-29,16,10:00,151,9,12.0,1,1,30.13,0,2025-03-29 08:00:00,2025-03-29 12:00:00,W,Howard Park Ave at Indian Rd,0,0,0,0
2025-03-29,16,10:00,151,9,12.0,1,1,30.13,0,2025-03-29 08:00:00,2025-03-29 12:00:00,W,Dundas St West at Howard Park Ave,0,0,0,0
2025-03-29,16,10:00,151,9,12.0,1,1,30.13,0,2025-03-29 08:00:00,2025-03-29 12:00:00,W,Main St at Gerrard St East,0,0,0,0
2025-03-29,16,10:00,151,9,12.0,1,1,30.13,0,2025-03-29 08:00:00,2025-03-29 12:00:00,W,Main St,0,0,0,0
2025-03-29,16,10:00,151,9,12.0,1,1,30.13,0,2025-03-29 08:00:00,2025-03-29 12:00:00,W,Main St at Danforth Ave,0,0,0,0
2025-03-29,16,10:00,151,9,12.0,1,1,30.13,0,2025-03-29 08:00:00,2025-03-29 12:00:00,W,Howard Park Ave at Parkside Dr,0,0,0,0
2025-04-05,16,10:00,151,9,12.0,1,1,30.13,0,2025-04-05 08:00:00,2025-04-05 12:00:00,E,Woodfield Rd,2,0,1,0
2025-04-05,16,10:00,151,9,12.0,1,1,30.13,0,2025-04-05 08:00:00,2025-04-05 12:00:00,E,Coxwell Ave at Gerrard St East,0,0,0,0
2025-04-05,16,10:00,151,9,12.0,1,1,30.13,0,2025-04-05 08:00:00,2025-04-05 12:00:00,E,Euclid Ave,1,0,0,0
2025-04-05,16,10:00,151,9,12.0,1,1,30.13,0,2025-04-05 08:00:00,2025-04-05 12:00:00,E,Bowmore Rd,3,0,1,0
2025-04-05,16,10:00,151,9,12.0,1,1,30.13,0,2025-04-05 08:00:00,2025-04-05 12:00:00,E,Bay St,2,0,0,0
2025-04-05,16,10:00,151,9,12.0,1,1,30.13,0,2025-04-05 08:00:00,2025-04-05 12:00:00,E,Lansdowne Ave,4,1,3,0
2025-04-05,16,10:00,151,9,12.0,1,1,30.13,0,2025-04-05 08:00:00,2025-04-05 12:00:00,E,Indian Rd,1,2,3,0
2025-04-05,16,10:00,151,9,12.0,1,1,30.13,0,2025-04-05 08:00:00,2025-04-05 12:00:00,E,Grace St,2,3,3,0
2025-04-05,16,10:00,151,9,12.0,1,1,30.13,0,2025-04-05 08:00:00,2025-04-05 12:00:00,E,Dufferin St,2,0,1,0
2025-04-05,16,10:00,151,9,12.0,1,1,30.13,0,2025-04-05 08:00:00,2025-04-05 12:00:00,E,Gerrard St East at Beaton Ave,3,0,1,0
2025-04-05,16,10:00,151,9,12.0,1,1,30.13,0,2025-04-05 08:00:00,2025-04-05 12:00:00,E,Bathurst St,1,0,0,0
2025-04-05,16,10:00,151,9,12.0,1,1,30.13,0,2025-04-05 08:00:00,2025-04-05 12:00:00,E,Yonge St - College Station,1,0,1,0
2025-04-05,16,10:00,151,9,12.0,1,1,30.13,0,2025-04-05 08:00:00,2025-04-05 12:00:00,E,Dundas St West at Sterling Rd,0,1,1,0
2025-04-05,16,10:00,151,9,12.0,1,1,30.13,0,2025-04-05 08:00:00,2025-04-05 12:00:00,E,Brock Ave,4,1,2,0
2025-04-05,16,10:00,151,9,12.0,1,1,30.13,0,2025-04-05 08:00:00,2025-04-05 12:00:00,E,Sackville St,1,1,0,0
2025-04-05,16,10:00,151,9,12.0,1,1,30.13,0,2025-04-05 08:00:00,2025-04-05 12:00:00,E,Carlaw Ave,2,0,1,0
2025-04-05,16,10:00,151,9,12.0,1,1,30.13,0,2025-04-05 08:00:00,2025-04-05 12:00:00,E,Borden St,1,0,0,0
2025-04-05,16,10:00,151,9,12.0,1,1,30.13,0,2025-04-05 08:00:00,2025-04-05 12:00:00,E,Dundas St West at Sorauren Ave,0,1,1,0
2025-04-05,16,10:00,151,9,12.0,1,1,30.13,0,2025-04-05 08:00:00,2025-04-05 12:00:00,E,Crawford St,2,2,2,0
2025-04-05,16,10:00,151,9,12.0,1,1,30.13,0,2025-04-05 08:00:00,2025-04-05 12:00:00,E,Pape Ave,1,0,1,0
2025-04-05,16,10:00,151,9,12.0,1,1,30.13,0,2025-04-05 08:00:00,2025-04-05 12:00:00,E,Spadina Ave,1,0,0,0
2025-04-05,16,10:00,151,9,12.0,1,1,30.13,0,2025-04-05 08:00:00,2025-04-05 12:00:00,E,River St,1,0,0,0
2025-04-05,16,10:00,151,9,12.0,1,1,30.13,0,2025-04-05 08:00:00,2025-04-05 12:00:00,E,Marjory Ave,0,1,1,0
2025-04-05,16,10:00,151,9,12.0,1,1,30.13,0,2025-04-05 08:00:00,2025-04-05 12:00:00,E,Kingsmount Park Rd,3,0,1,0
2025-04-05,16,10:00,151,9,12.0,1,1,30.13,0,2025-04-05 08:00:00,2025-04-05 12:00:00,E,Church St,0,0,0,0
2025-04-05,16,10:00,151,9,12.0,1,1,30.13,0,2025-04-05 08:00:00,2025-04-05 12:00:00,E,Ossington Ave,2,1,0,0
2025-04-05,16,10:00,151,9,12.0,1,1,30.13,0,2025-04-05 08:00:00,2025-04-05 12:00:00,E,Woodbine Ave,4,0,2,0
2025-04-05,16,10:00,151,9,12.0,1,1,30.13,0,2025-04-05 08:00:00,2025-04-05 12:00:00,E,Jones Ave,0,1,1,0
2025-04-05,16,10:00,151,9,12.0,1,1,30.13,0,2025-04-05 08:00:00,2025-04-05 12:00:00,E,Golfview Ave,4,0,1,0
2025-04-05,16,10:00,151,9,12.0,1,1,30.13,0,2025-04-05 08:00:00,2025-04-05 12:00:00,E,Leslie St,0,0,1,0
2025-04-05,16,10:00,151,9,12.0,1,1,30.13,0,2025-04-05 08:00:00,2025-04-05 12:00:00,E,St Matthews Rd,1,0,0,0
2025-04-05,16,10:00,151,9,12.0,1,1,30.13,0,2025-04-05 08:00:00,2025-04-05 12:00:00,E,Jarvis St,2,1,1,0
2025-04-05,16,10:00,151,9,12.0,1,1,30.13,0,2025-04-05 08:00:00,2025-04-05 12:00:00,E,Sherbourne St,2,1,1,0
2025-04-05,16,10:00,151,9,12.0,1,1,30.13,0,2025-04-05 08:00:00,2025-04-05 12:00:00,E,St George St,1,0,0,0
2025-04-05,16,10:00,151,9,12.0,1,1,30.13,0,2025-04-05 08:00:00,2025-04-05 12:00:00,E,Dovercourt Rd,2,0,1,0
2025-04-05,16,10:00,151,9,12.0,1,1,30.13,0,2025-04-05 08:00:00,2025-04-05 12:00:00,E,Glenmount Park Rd,4,0,2,0
2025-04-05,16,10:00,151,9,12.0,1,1,30.13,0,2025-04-05 08:00:00,2025-04-05 12:00:00,E,Prust Ave,0,0,2,0
2025-04-05,16,10:00,151,9,12.0,1,1,30.13,0,2025-04-05 08:00:00,2025-04-05 12:00:00,E,Main Street Station at Bay 7,0,0,0,0
2025-04-05,16,10:00,151,9,12.0,1,1,30.13,0,2025-04-05 08:00:00,2025-04-05 12:00:00,E,Norwood Rd,4,0,1,0
2025-04-05,16,10:00,151,9,12.0,1,1,30.13,0,2025-04-05 08:00:00,2025-04-05 12:00:00,E,McCaul St,1,0,0,0
2025-04-05,16,10:00,151,9,12.0,1,1,30.13,0,2025-04-05 08:00:00,2025-04-05 12:00:00,E,Broadview Ave,1,0,0,0
2025-04-05,16,10:00,151,9,12.0,1,1,30.13,0,2025-04-05 08:00:00,2025-04-05 12:00:00,E,Ontario St,1,1,1,0
2025-04-05,16,10:00,151,9,12.0,1,1,30.13,0,2025-04-05 08:00:00,2025-04-05 12:00:00,E,Rusholme Park Cres,0,0,0,0
2025-04-05,16,10:00,151,9,12.0,1,1,30.13,0,2025-04-05 08:00:00,2025-04-05 12:00:00,E,Havelock St,0,0,1,0
2025-04-05,16,10:00,151,9,12.0,1,1,30.13,0,2025-04-05 08:00:00,2025-04-05 12:00:00,E,High Park Loop,1,4,6,0
2025-04-05,16,10:00,151,9,12.0,1,1,30.13,0,2025-04-05 08:00:00,2025-04-05 12:00:00,E,Queens Park (Queen's Park Station),1,0,0,0
2025-04-05,16,10:00,151,9,12.0,1,1,30.13,0,2025-04-05 08:00:00,2025-04-05 12:00:00,E,Roncesvalles Ave,0,0,0,0
2025-04-05,16,10:00,151,9,12.0,1,1,30.13,0,2025-04-05 08:00:00,2025-04-05 12:00:00,E,De Grassi St,1,0,0,0
2025-04-05,16,10:00,151,9,12.0,1,1,30.13,0,2025-04-05 08:00:00,2025-04-05 12:00:00,E,Parliament St at Carlton St,0,1,1,0
2025-04-05,16,10:00,151,9,12.0,1,1,30.13,0,2025-04-05 08:00:00,2025-04-05 12:00:00,E,Parkside Dr East Side,1,2,4,0
2025-04-05,16,10:00,151,9,12.0,1,1,30.13,0,2025-04-05 08:00:00,2025-04-05 12:00:00,E,Dundas St West,1,1,1,0
2025-04-05,16,10:00,151,9,12.0,1,1,30.13,0,2025-04-05 08:00:00,2025-04-05 12:00:00,E,Howard Park Ave at Roncesvalles Ave,0,0,0,0
2025-04-05,16,10:00,151,9,12.0,1,1,30.13,0,2025-04-05 08:00:00,2025-04-05 12:00:00,E,Parliament St,0,0,0,0
2025-04-05,16,10:00,151,9,12.0,1,1,30.13,0,2025-04-05 08:00:00,2025-04-05 12:00:00,E,Parliament St at Gerrard St East,0,0,0,0
2025-04-05,16,10:00,151,9,12.0,1,1,30.13,0,2025-04-05 08:00:00,2025-04-05 12:00:00,E,Sumach St,0,0,0,0
2025-04-05,16,10:00,151,9,12.0,1,1,30.13,0,2025-04-05 08:00:00,2025-04-05 12:00:00,E,Blackburn St,0,0,0,0
2025-04-05,16,10:00,151,9,12.0,1,1,30.13,0,2025-04-05 08:00:00,2025-04-05 12:00:00,E,Logan Ave,0,0,0,0
2025-04-05,16,10:00,151,9,12.0,1,1,30.13,0,2025-04-05 08:00:00,2025-04-05 12:00:00,E,Augusta Ave,0,0,0,0
2025-04-05,16,10:00,151,9,12.0,1,1,30.13,0,2025-04-05 08:00:00,2025-04-05 12:00:00,E,Beverley St,0,0,0,0
2025-04-05,16,10:00,151,9,12.0,1,1,30.13,0,2025-04-05 08:00:00,2025-04-05 12:00:00,E,University Ave (Queen's Park Station,0,0,0,0
2025-04-05,16,10:00,151,9,12.0,1,1,30.13,0,2025-04-05 08:00:00,2025-04-05 12:00:00,E,Elizabeth St,0,0,0,0
2025-04-05,16,10:00,151,9,12.0,1,1,30.13,0,2025-04-05 08:00:00,2025-04-05 12:00:00,E,Greenwood Ave,0,0,0,0
2025-04-05,16,10:00,151,9,12.0,1,1,30.13,0,2025-04-05 08:00:00,2025-04-05 12:00:00,E,Alton Ave,0,0,0,0
2025-04-05,16,10:00,151,9,12.0,1,1,30.13,0,2025-04-05 08:00:00,2025-04-05 12:00:00,E,Coxwell Ave,0,0,0,0
2025-04-05,16,10:00,151,9,12.0,1,1,30.13,0,2025-04-05 08:00:00,2025-04-05 12:00:00,E,Gerrard St East  at Coxwell Ave,0,0,0,0
2025-04-05,16,10:00,151,9,12.0,1,1,30.13,0,2025-04-05 08:00:00,2025-04-05 12:00:00,E,Coxwell Ave at Lower Gerrard St East,0,0,0,0
2025-04-05,16,10:00,151,9,12.0,1,1,30.13,0,2025-04-05 08:00:00,2025-04-05 12:00:00,E,Ashdale Ave,0,0,0,0
2025-04-05,16,10:00,151,9,12.0,1,1,30.13,0,2025-04-05 08:00:00,2025-04-05 12:00:00,E,Howard Park Ave at Indian Rd,0,0,0,0
2025-04-05,16,10:00,151,9,12.0,1,1,30.13,0,2025-04-05 08:00:00,2025-04-05 12:00:00,E,Dundas St West at Howard Park Ave,0,0,0,0
2025-04-05,16,10:00,151,9,12.0,1,1,30.13,0,2025-04-05 08:00:00,2025-04-05 12:00:00,E,Main St at Gerrard St East,0,0,0,0
2025-04-05,16,10:00,151,9,12.0,1,1,30.13,0,2025-04-05 08:00:00,2025-04-05 12:00:00,E,Main St,0,0,0,0
2025-04-05,16,10:00,151,9,12.0,1,1,30.13,0,2025-04-05 08:00:00,2025-04-05 12:00:00,E,Main St at Danforth Ave,0,0,0,0
2025-04-05,16,10:00,151,9,12.0,1,1,30.13,0,2025-04-05 08:00:00,2025-04-05 12:00:00,E,Howard Park Ave at Parkside Dr,0,0,0,0
2025-04-05,16,10:00,151,9,12.0,1,1,30.13,0,2025-04-05 08:00:00,2025-04-05 12:00:00,W,Woodfield Rd,2,0,0,0
2025-04-05,16,10:00,151,9,12.0,1,1,30.13,0,2025-04-05 08:00:00,2025-04-05 12:00:00,W,Coxwell Ave at Gerrard St East,1,0,0,0
2025-04-05,16,10:00,151,9,12.0,1,1,30.13,0,2025-04-05 08:00:00,2025-04-05 12:00:00,W,Euclid Ave,0,0,0,0
2025-04-05,16,10:00,151,9,12.0,1,1,30.13,0,2025-04-05 08:00:00,2025-04-05 12:00:00,W,Bowmore Rd,0,0,0,0
2025-04-05,16,10:00,151,9,12.0,1,1,30.13,0,2025-04-05 08:00:00,2025-04-05 12:00:00,W,Bay St,1,0,2,0
2025-04-05,16,10:00,151,9,12.0,1,1,30.13,0,2025-04-05 08:00:00,2025-04-05 12:00:00,W,Lansdowne Ave,0,0,0,0
2025-04-05,16,10:00,151,9,12.0,1,1,30.13,0,2025-04-05 08:00:00,2025-04-05 12:00:00,W,Indian Rd,3,3,3,0
2025-04-05,16,10:00,151,9,12.0,1,1,30.13,0,2025-04-05 08:00:00,2025-04-05 12:00:00,W,Grace St,0,0,0,0
2025-04-05,16,10:00,151,9,12.0,1,1,30.13,0,2025-04-05 08:00:00,2025-04-05 12:00:00,W,Dufferin St,2,3,5,0
2025-04-05,16,10:00,151,9,12.0,1,1,30.13,0,2025-04-05 08:00:00,2025-04-05 12:00:00,W,Gerrard St East at Beaton Ave,0,0,0,0
2025-04-05,16,10:00,151,9,12.0,1,1,30.13,0,2025-04-05 08:00:00,2025-04-05 12:00:00,W,Bathurst St,0,0,0,0
2025-04-05,16,10:00,151,9,12.0,1,1,30.13,0,2025-04-05 08:00:00,2025-04-05 12:00:00,W,Yonge St - College Station,0,0,0,0
2025-04-05,16,10:00,151,9,12.0,1,1,30.13,0,2025-04-05 08:00:00,2025-04-05 12:00:00,W,Dundas St West at Sterling Rd,0,0,0,0
2025-04-05,16,10:00,151,9,12.0,1,1,30.13,0,2025-04-05 08:00:00,2025-04-05 12:00:00,W,Brock Ave,0,0,0,0
2025-04-05,16,10:00,151,9,12.0,1,1,30.13,0,2025-04-05 08:00:00,2025-04-05 12:00:00,W,Sackville St,1,3,5,0
2025-04-05,16,10:00,151,9,12.0,1,1,30.13,0,2025-04-05 08:00:00,2025-04-05 12:00:00,W,Carlaw Ave,0,0,0,0
2025-04-05,16,10:00,151,9,12.0,1,1,30.13,0,2025-04-05 08:00:00,2025-04-05 12:00:00,W,Borden St,0,0,0,0
2025-04-05,16,10:00,151,9,12.0,1,1,30.13,0,2025-04-05 08:00:00,2025-04-05 12:00:00,W,Dundas St West at Sorauren Ave,1,3,4,0
2025-04-05,16,10:00,151,9,12.0,1,1,30.13,0,2025-04-05 08:00:00,2025-04-05 12:00:00,W,Crawford St,0,0,0,0
2025-04-05,16,10:00,151,9,12.0,1,1,30.13,0,2025-04-05 08:00:00,2025-04-05 12:00:00,W,Pape Ave,0,0,0,0
2025-04-05,16,10:00,151,9,12.0,1,1,30.13,0,2025-04-05 08:00:00,2025-04-05 12:00:00,W,Spadina Ave,1,0,1,0
2025-04-05,16,10:00,151,9,12.0,1,1,30.13,0,2025-04-05 08:00:00,2025-04-05 12:00:00,W,River St,1,2,5,0
2025-04-05,16,10:00,151,9,12.0,1,1,30.13,0,2025-04-05 08:00:00,2025-04-05 12:00:00,W,Marjory Ave,0,0,0,0
2025-04-05,16,10:00,151,9,12.0,1,1,30.13,0,2025-04-05 08:00:00,2025-04-05 12:00:00,W,Kingsmount Park Rd,0,0,0,0
2025-04-05,16,10:00,151,9,12.0,1,1,30.13,0,2025-04-05 08:00:00,2025-04-05 12:00:00,W,Church St,0,0,0,0
2025-04-05,16,10:00,151,9,12.0,1,1,30.13,0,2025-04-05 08:00:00,2025-04-05 12:00:00,W,Ossington Ave,0,0,0,0
2025-04-05,16,10:00,151,9,12.0,1,1,30.13,0,2025-04-05 08:00:00,2025-04-05 12:00:00,W,Woodbine Ave,0,0,0,0
2025-04-05,16,10:00,151,9,12.0,1,1,30.13,0,2025-04-05 08:00:00,2025-04-05 12:00:00,W,Jones Ave,0,0,0,0
2025-04-05,16,10:00,151,9,12.0,1,1,30.13,0,2025-04-05 08:00:00,2025-04-05 12:00:00,W,Golfview Ave,0,0,0,0
2025-04-05,16,10:00,151,9,12.0,1,1,30.13,0,2025-04-05 08:00:00,2025-04-05 12:00:00,W,Leslie St,0,0,0,0
2025-04-05,16,10:00,151,9,12.0,1,1,30.13,0,2025-04-05 08:00:00,2025-04-05 12:00:00,W,St Matthews Rd,0,0,0,0
2025-04-05,16,10:00,151,9,12.0,1,1,30.13,0,2025-04-05 08:00:00,2025-04-05 12:00:00,W,Jarvis St,0,0,0,0
2025-04-05,16,10:00,151,9,12.0,1,1,30.13,0,2025-04-05 08:00:00,2025-04-05 12:00:00,W,Sherbourne St,0,0,0,0
2025-04-05,16,10:00,151,9,12.0,1,1,30.13,0,2025-04-05 08:00:00,2025-04-05 12:00:00,W,St George St,0,0,0,0
2025-04-05,16,10:00,151,9,12.0,1,1,30.13,0,2025-04-05 08:00:00,2025-04-05 12:00:00,W,Dovercourt Rd,0,0,0,0
2025-04-05,16,10:00,151,9,12.0,1,1,30.13,0,2025-04-05 08:00:00,2025-04-05 12:00:00,W,Glenmount Park Rd,0,0,0,0
2025-04-05,16,10:00,151,9,12.0,1,1,30.13,0,2025-04-05 08:00:00,2025-04-05 12:00:00,W,Prust Ave,0,0,0,0
2025-04-05,16,10:00,151,9,12.0,1,1,30.13,0,2025-04-05 08:00:00,2025-04-05 12:00:00,W,Main Street Station at Bay 7,0,0,1,0
2025-04-05,16,10:00,151,9,12.0,1,1,30.13,0,2025-04-05 08:00:00,2025-04-05 12:00:00,W,Norwood Rd,0,0,0,0
2025-04-05,16,10:00,151,9,12.0,1,1,30.13,0,2025-04-05 08:00:00,2025-04-05 12:00:00,W,McCaul St,0,0,0,0
2025-04-05,16,10:00,151,9,12.0,1,1,30.13,0,2025-04-05 08:00:00,2025-04-05 12:00:00,W,Broadview Ave,0,0,0,0
2025-04-05,16,10:00,151,9,12.0,1,1,30.13,0,2025-04-05 08:00:00,2025-04-05 12:00:00,W,Ontario St,0,0,0,0
2025-04-05,16,10:00,151,9,12.0,1,1,30.13,0,2025-04-05 08:00:00,2025-04-05 12:00:00,W,Rusholme Park Cres,0,0,0,0
2025-04-05,16,10:00,151,9,12.0,1,1,30.13,0,2025-04-05 08:00:00,2025-04-05 12:00:00,W,Havelock St,0,0,0,0
2025-04-05,16,10:00,151,9,12.0,1,1,30.13,0,2025-04-05 08:00:00,2025-04-05 12:00:00,W,High Park Loop,0,0,0,0
2025-04-05,16,10:00,151,9,12.0,1,1,30.13,0,2025-04-05 08:00:00,2025-04-05 12:00:00,W,Queens Park (Queen's Park Station),0,0,0,0
2025-04-05,16,10:00,151,9,12.0,1,1,30.13,0,2025-04-05 08:00:00,2025-04-05 12:00:00,W,Roncesvalles Ave,3,3,3,0
2025-04-05,16,10:00,151,9,12.0,1,1,30.13,0,2025-04-05 08:00:00,2025-04-05 12:00:00,W,De Grassi St,0,0,0,0
2025-04-05,16,10:00,151,9,12.0,1,1,30.13,0,2025-04-05 08:00:00,2025-04-05 12:00:00,W,Parliament St at Carlton St,0,0,0,0
2025-04-05,16,10:00,151,9,12.0,1,1,30.13,0,2025-04-05 08:00:00,2025-04-05 12:00:00,W,Parkside Dr East Side,0,0,0,0
2025-04-05,16,10:00,151,9,12.0,1,1,30.13,0,2025-04-05 08:00:00,2025-04-05 12:00:00,W,Dundas St West,1,3,4,0
2025-04-05,16,10:00,151,9,12.0,1,1,30.13,0,2025-04-05 08:00:00,2025-04-05 12:00:00,W,Howard Park Ave at Roncesvalles Ave,0,0,0,0
2025-04-05,16,10:00,151,9,12.0,1,1,30.13,0,2025-04-05 08:00:00,2025-04-05 12:00:00,W,Parliament St,0,0,0,0
2025-04-05,16,10:00,151,9,12.0,1,1,30.13,0,2025-04-05 08:00:00,2025-04-05 12:00:00,W,Parliament St at Gerrard St East,0,0,0,0
2025-04-05,16,10:00,151,9,12.0,1,1,30.13,0,2025-04-05 08:00:00,2025-04-05 12:00:00,W,Sumach St,0,0,0,0
2025-04-05,16,10:00,151,9,12.0,1,1,30.13,0,2025-04-05 08:00:00,2025-04-05 12:00:00,W,Blackburn St,0,0,0,0
2025-04-05,16,10:00,151,9,12.0,1,1,30.13,0,2025-04-05 08:00:00,2025-04-05 12:00:00,W,Logan Ave,0,0,0,0
2025-04-05,16,10:00,151,9,12.0,1,1,30.13,0,2025-04-05 08:00:00,2025-04-05 12:00:00,W,Augusta Ave,0,0,0,0
2025-04-05,16,10:00,151,9,12.0,1,1,30.13,0,2025-04-05 08:00:00,2025-04-05 12:00:00,W,Beverley St,0,0,0,0
2025-04-05,16,10:00,151,9,12.0,1,1,30.13,0,2025-04-05 08:00:00,2025-04-05 12:00:00,W,University Ave (Queen's Park Station,0,0,0,0
2025-04-05,16,10:00,151,9,12.0,1,1,30.13,0,2025-04-05 08:00:00,2025-04-05 12:00:00,W,Elizabeth St,0,0,0,0
2025-04-05,16,10:00,151,9,12.0,1,1,30.13,0,2025-04-05 08:00:00,2025-04-05 12:00:00,W,Greenwood Ave,0,0,0,0
2025-04-05,16,10:00,151,9,12.0,1,1,30.13,0,2025-04-05 08:00:00,2025-04-05 12:00:00,W,Alton Ave,0,0,0,0
2025-04-05,16,10:00,151,9,12.0,1,1,30.13,0,2025-04-05 08:00:00,2025-04-05 12:00:00,W,Coxwell Ave,0,0,0,0
2025-04-05,16,10:00,151,9,12.0,1,1,30.13,0,2025-04-05 08:00:00,2025-04-05 12:00:00,W,Gerrard St East  at Coxwell Ave,0,0,0,0
2025-04-05,16,10:00,151,9,12.0,1,1,30.13,0,2025-04-05 08:00:00,2025-04-05 12:00:00,W,Coxwell Ave at Lower Gerrard St East,0,0,0,0
2025-04-05,16,10:00,151,9,12.0,1,1,30.13,0,2025-04-05 08:00:00,2025-04-05 12:00:00,W,Ashdale Ave,0,0,0,0
2025-04-05,16,10:00,151,9,12.0,1,1,30.13,0,2025-04-05 08:00:00,2025-04-05 12:00:00,W,Howard Park Ave at Indian Rd,0,0,0,0
2025-04-05,16,10:00,151,9,12.0,1,1,30.13,0,2025-04-05 08:00:00,2025-04-05 12:00:00,W,Dundas St West at Howard Park Ave,0,0,0,0
2025-04-05,16,10:00,151,9,12.0,1,1,30.13,0,2025-04-05 08:00:00,2025-04-05 12:00:00,W,Main St at Gerrard St East,0,0,0,0
2025-04-05,16,10:00,151,9,12.0,1,1,30.13,0,2025-04-05 08:00:00,2025-04-05 12:00:00,W,Main St,0,0,0,0
2025-04-05,16,10:00,151,9,12.0,1,1,30.13,0,2025-04-05 08:00:00,2025-04-05 12:00:00,W,Main St at Danforth Ave,0,0,0,0
2025-04-05,16,10:00,151,9,12.0,1,1,30.13,0,2025-04-05 08:00:00,2025-04-05 12:00:00,W,Howard Park Ave at Parkside Dr,0,0,0,0
2025-04-12,16,10:00,151,9,12.0,1,1,30.13,0,2025-04-12 08:00:00,2025-04-12 12:00:00,E,Woodfield Rd,3,2,3,0
2025-04-12,16,10:00,151,9,12.0,1,1,30.13,0,2025-04-12 08:00:00,2025-04-12 12:00:00,E,Coxwell Ave at Gerrard St East,0,0,0,0
2025-04-12,16,10:00,151,9,12.0,1,1,30.13,0,2025-04-12 08:00:00,2025-04-12 12:00:00,E,Euclid Ave,3,2,4,0
2025-04-12,16,10:00,151,9,12.0,1,1,30.13,0,2025-04-12 08:00:00,2025-04-12 12:00:00,E,Bowmore Rd,3,2,1,1
2025-04-12,16,10:00,151,9,12.0,1,1,30.13,0,2025-04-12 08:00:00,2025-04-12 12:00:00,E,Bay St,3,1,4,0
2025-04-12,16,10:00,151,9,12.0,1,1,30.13,0,2025-04-12 08:00:00,2025-04-12 12:00:00,E,Lansdowne Ave,5,2,4,1
2025-04-12,16,10:00,151,9,12.0,1,1,30.13,0,2025-04-12 08:00:00,2025-04-12 12:00:00,E,Indian Rd,0,1,4,1
2025-04-12,16,10:00,151,9,12.0,1,1,30.13,0,2025-04-12 08:00:00,2025-04-12 12:00:00,E,Grace St,1,1,7,0
2025-04-12,16,10:00,151,9,12.0,1,1,30.13,0,2025-04-12 08:00:00,2025-04-12 12:00:00,E,Dufferin St,2,2,2,0
2025-04-12,16,10:00,151,9,12.0,1,1,30.13,0,2025-04-12 08:00:00,2025-04-12 12:00:00,E,Gerrard St East at Beaton Ave,3,2,2,1
2025-04-12,16,10:00,151,9,12.0,1,1,30.13,0,2025-04-12 08:00:00,2025-04-12 12:00:00,E,Bathurst St,3,2,4,0
2025-04-12,16,10:00,151,9,12.0,1,1,30.13,0,2025-04-12 08:00:00,2025-04-12 12:00:00,E,Yonge St - College Station,3,2,3,0
2025-04-12,16,10:00,151,9,12.0,1,1,30.13,0,2025-04-12 08:00:00,2025-04-12 12:00:00,E,Dundas St West at Sterling Rd,0,0,2,0
2025-04-12,16,10:00,151,9,12.0,1,1,30.13,0,2025-04-12 08:00:00,2025-04-12 12:00:00,E,Brock Ave,2,2,3,1
2025-04-12,16,10:00,151,9,12.0,1,1,30.13,0,2025-04-12 08:00:00,2025-04-12 12:00:00,E,Sackville St,1,1,4,0
2025-04-12,16,10:00,151,9,12.0,1,1,30.13,0,2025-04-12 08:00:00,2025-04-12 12:00:00,E,Carlaw Ave,4,1,3,0
2025-04-12,16,10:00,151,9,12.0,1,1,30.13,0,2025-04-12 08:00:00,2025-04-12 12:00:00,E,Borden St,3,2,4,0
2025-04-12,16,10:00,151,9,12.0,1,1,30.13,0,2025-04-12 08:00:00,2025-04-12 12:00:00,E,Dundas St West at Sorauren Ave,0,0,2,0
2025-04-12,16,10:00,151,9,12.0,1,1,30.13,0,2025-04-12 08:00:00,2025-04-12 12:00:00,E,Crawford St,2,2,5,0
2025-04-12,16,10:00,151,9,12.0,1,1,30.13,0,2025-04-12 08:00:00,2025-04-12 12:00:00,E,Pape Ave,4,1,3,0
2025-04-12,16,10:00,151,9,12.0,1,1,30.13,0,2025-04-12 08:00:00,2025-04-12 12:00:00,E,Spadina Ave,3,2,3,0
2025-04-12,16,10:00,151,9,12.0,1,1,30.13,0,2025-04-12 08:00:00,2025-04-12 12:00:00,E,River St,1,2,3,0
2025-04-12,16,10:00,151,9,12.0,1,1,30.13,0,2025-04-12 08:00:00,2025-04-12 12:00:00,E,Marjory Ave,3,2,3,0
2025-04-12,16,10:00,151,9,12.0,1,1,30.13,0,2025-04-12 08:00:00,2025-04-12 12:00:00,E,Kingsmount Park Rd,4,2,1,1
2025-04-12,16,10:00,151,9,12.0,1,1,30.13,0,2025-04-12 08:00:00,2025-04-12 12:00:00,E,Church St,0,0,0,0
2025-04-12,16,10:00,151,9,12.0,1,1,30.13,0,2025-04-12 08:00:00,2025-04-12 12:00:00,E,Ossington Ave,4,3,5,0
2025-04-12,16,10:00,151,9,12.0,1,1,30.13,0,2025-04-12 08:00:00,2025-04-12 12:00:00,E,Woodbine Ave,4,3,3,1
2025-04-12,16,10:00,151,9,12.0,1,1,30.13,0,2025-04-12 08:00:00,2025-04-12 12:00:00,E,Jones Ave,2,2,3,0
2025-04-12,16,10:00,151,9,12.0,1,1,30.13,0,2025-04-12 08:00:00,2025-04-12 12:00:00,E,Golfview Ave,4,3,3,1
2025-04-12,16,10:00,151,9,12.0,1,1,30.13,0,2025-04-12 08:00:00,2025-04-12 12:00:00,E,Leslie St,4,2,3,0
2025-04-12,16,10:00,151,9,12.0,1,1,30.13,0,2025-04-12 08:00:00,2025-04-12 12:00:00,E,St Matthews Rd,3,2,3,0
2025-04-12,16,10:00,151,9,12.0,1,1,30.13,0,2025-04-12 08:00:00,2025-04-12 12:00:00,E,Jarvis St,0,0,3,0
2025-04-12,16,10:00,151,9,12.0,1,1,30.13,0,2025-04-12 08:00:00,2025-04-12 12:00:00,E,Sherbourne St,0,0,3,0
2025-04-12,16,10:00,151,9,12.0,1,1,30.13,0,2025-04-12 08:00:00,2025-04-12 12:00:00,E,St George St,3,3,3,0
2025-04-12,16,10:00,151,9,12.0,1,1,30.13,0,2025-04-12 08:00:00,2025-04-12 12:00:00,E,Dovercourt Rd,3,4,6,0
2025-04-12,16,10:00,151,9,12.0,1,1,30.13,0,2025-04-12 08:00:00,2025-04-12 12:00:00,E,Glenmount Park Rd,5,2,2,1
2025-04-12,16,10:00,151,9,12.0,1,1,30.13,0,2025-04-12 08:00:00,2025-04-12 12:00:00,E,Prust Ave,3,2,3,0
2025-04-12,16,10:00,151,9,12.0,1,1,30.13,0,2025-04-12 08:00:00,2025-04-12 12:00:00,E,Main Street Station at Bay 7,0,0,0,0
2025-04-12,16,10:00,151,9,12.0,1,1,30.13,0,2025-04-12 08:00:00,2025-04-12 12:00:00,E,Norwood Rd,5,2,1,1
2025-04-12,16,10:00,151,9,12.0,1,1,30.13,0,2025-04-12 08:00:00,2025-04-12 12:00:00,E,McCaul St,3,3,3,0
2025-04-12,16,10:00,151,9,12.0,1,1,30.13,0,2025-04-12 08:00:00,2025-04-12 12:00:00,E,Broadview Ave,2,2,3,0
2025-04-12,16,10:00,151,9,12.0,1,1,30.13,0,2025-04-12 08:00:00,2025-04-12 12:00:00,E,Ontario St,0,1,3,0
2025-04-12,16,10:00,151,9,12.0,1,1,30.13,0,2025-04-12 08:00:00,2025-04-12 12:00:00,E,Rusholme Park Cres,0,1,3,0
2025-04-12,16,10:00,151,9,12.0,1,1,30.13,0,2025-04-12 08:00:00,2025-04-12 12:00:00,E,Havelock St,3,2,3,0
2025-04-12,16,10:00,151,9,12.0,1,1,30.13,0,2025-04-12 08:00:00,2025-04-12 12:00:00,E,High Park Loop,0,2,10,2
2025-04-12,16,10:00,151,9,12.0,1,1,30.13,0,2025-04-12 08:00:00,2025-04-12 12:00:00,E,Queens Park (Queen's Park Station),3,2,3,0
2025-04-12,16,10:00,151,9,12.0,1,1,30.13,0,2025-04-12 08:00:00,2025-04-12 12:00:00,E,Roncesvalles Ave,0,0,3,0
2025-04-12,16,10:00,151,9,12.0,1,1,30.13,0,2025-04-12 08:00:00,2025-04-12 12:00:00,E,De Grassi St,4,2,3,0
2025-04-12,16,10:00,151,9,12.0,1,1,30.13,0,2025-04-12 08:00:00,2025-04-12 12:00:00,E,Parliament St at Carlton St,1,1,3,0
2025-04-12,16,10:00,151,9,12.0,1,1,30.13,0,2025-04-12 08:00:00,2025-04-12 12:00:00,E,Parkside Dr East Side,0,1,6,1
2025-04-12,16,10:00,151,9,12.0,1,1,30.13,0,2025-04-12 08:00:00,2025-04-12 12:00:00,E,Dundas St West,0,0,2,0
2025-04-12,16,10:00,151,9,12.0,1,1,30.13,0,2025-04-12 08:00:00,2025-04-12 12:00:00,E,Howard Park Ave at Roncesvalles Ave,0,0,0,0
2025-04-12,16,10:00,151,9,12.0,1,1,30.13,0,2025-04-12 08:00:00,2025-04-12 12:00:00,E,Parliament St,0,0,0,0
2025-04-12,16,10:00,151,9,12.0,1,1,30.13,0,2025-04-12 08:00:00,2025-04-12 12:00:00,E,Parliament St at Gerrard St East,0,0,0,0
2025-04-12,16,10:00,151,9,12.0,1,1,30.13,0,2025-04-12 08:00:00,2025-04-12 12:00:00,E,Sumach St,0,0,0,0
2025-04-12,16,10:00,151,9,12.0,1,1,30.13,0,2025-04-12 08:00:00,2025-04-12 12:00:00,E,Blackburn St,0,0,0,0
2025-04-12,16,10:00,151,9,12.0,1,1,30.13,0,2025-04-12 08:00:00,2025-04-12 12:00:00,E,Logan Ave,0,0,0,0
2025-04-12,16,10:00,151,9,12.0,1,1,30.13,0,2025-04-12 08:00:00,2025-04-12 12:00:00,E,Augusta Ave,0,0,0,0
2025-04-12,16,10:00,151,9,12.0,1,1,30.13,0,2025-04-12 08:00:00,2025-04-12 12:00:00,E,Beverley St,0,0,0,0
2025-04-12,16,10:00,151,9,12.0,1,1,30.13,0,2025-04-12 08:00:00,2025-04-12 12:00:00,E,University Ave (Queen's Park Station,0,0,0,0
2025-04-12,16,10:00,151,9,12.0,1,1,30.13,0,2025-04-12 08:00:00,2025-04-12 12:00:00,E,Elizabeth St,0,0,0,0
2025-04-12,16,10:00,151,9,12.0,1,1,30.13,0,2025-04-12 08:00:00,2025-04-12 12:00:00,E,Greenwood Ave,0,0,0,0
2025-04-12,16,10:00,151,9,12.0,1,1,30.13,0,2025-04-12 08:00:00,2025-04-12 12:00:00,E,Alton Ave,0,0,0,0
2025-04-12,16,10:00,151,9,12.0,1,1,30.13,0,2025-04-12 08:00:00,2025-04-12 12:00:00,E,Coxwell Ave,0,0,0,0
2025-04-12,16,10:00,151,9,12.0,1,1,30.13,0,2025-04-12 08:00:00,2025-04-12 12:00:00,E,Gerrard St East  at Coxwell Ave,0,0,0,0
2025-04-12,16,10:00,151,9,12.0,1,1,30.13,0,2025-04-12 08:00:00,2025-04-12 12:00:00,E,Coxwell Ave at Lower Gerrard St East,0,0,0,0
2025-04-12,16,10:00,151,9,12.0,1,1,30.13,0,2025-04-12 08:00:00,2025-04-12 12:00:00,E,Ashdale Ave,0,0,0,0
2025-04-12,16,10:00,151,9,12.0,1,1,30.13,0,2025-04-12 08:00:00,2025-04-12 12:00:00,E,Howard Park Ave at Indian Rd,0,0,0,0
2025-04-12,16,10:00,151,9,12.0,1,1,30.13,0,2025-04-12 08:00:00,2025-04-12 12:00:00,E,Dundas St West at Howard Park Ave,0,0,0,0
2025-04-12,16,10:00,151,9,12.0,1,1,30.13,0,2025-04-12 08:00:00,2025-04-12 12:00:00,E,Main St at Gerrard St East,0,0,0,0
2025-04-12,16,10:00,151,9,12.0,1,1,30.13,0,2025-04-12 08:00:00,2025-04-12 12:00:00,E,Main St,0,0,0,0
2025-04-12,16,10:00,151,9,12.0,1,1,30.13,0,2025-04-12 08:00:00,2025-04-12 12:00:00,E,Main St at Danforth Ave,0,0,0,0
2025-04-12,16,10:00,151,9,12.0,1,1,30.13,0,2025-04-12 08:00:00,2025-04-12 12:00:00,E,Howard Park Ave at Parkside Dr,0,0,0,0
2025-04-12,16,10:00,151,9,12.0,1,1,30.13,0,2025-04-12 08:00:00,2025-04-12 12:00:00,W,Woodfield Rd,5,1,5,0
2025-04-12,16,10:00,151,9,12.0,1,1,30.13,0,2025-04-12 08:00:00,2025-04-12 12:00:00,W,Coxwell Ave at Gerrard St East,5,1,5,0
2025-04-12,16,10:00,151,9,12.0,1,1,30.13,0,2025-04-12 08:00:00,2025-04-12 12:00:00,W,Euclid Ave,0,0,0,0
2025-04-12,16,10:00,151,9,12.0,1,1,30.13,0,2025-04-12 08:00:00,2025-04-12 12:00:00,W,Bowmore Rd,3,1,5,0
2025-04-12,16,10:00,151,9,12.0,1,1,30.13,0,2025-04-12 08:00:00,2025-04-12 12:00:00,W,Bay St,5,0,5,1
2025-04-12,16,10:00,151,9,12.0,1,1,30.13,0,2025-04-12 08:00:00,2025-04-12 12:00:00,W,Lansdowne Ave,0,0,0,0
2025-04-12,16,10:00,151,9,12.0,1,1,30.13,0,2025-04-12 08:00:00,2025-04-12 12:00:00,W,Indian Rd,2,3,4,1
2025-04-12,16,10:00,151,9,12.0,1,1,30.13,0,2025-04-12 08:00:00,2025-04-12 12:00:00,W,Grace St,0,0,0,0
2025-04-12,16,10:00,151,9,12.0,1,1,30.13,0,2025-04-12 08:00:00,2025-04-12 12:00:00,W,Dufferin St,5,2,7,2
2025-04-12,16,10:00,151,9,12.0,1,1,30.13,0,2025-04-12 08:00:00,2025-04-12 12:00:00,W,Gerrard St East at Beaton Ave,2,1,6,0
2025-04-12,16,10:00,151,9,12.0,1,1,30.13,0,2025-04-12 08:00:00,2025-04-12 12:00:00,W,Bathurst St,0,0,0,0
2025-04-12,16,10:00,151,9,12.0,1,1,30.13,0,2025-04-12 08:00:00,2025-04-12 12:00:00,W,Yonge St - College Station,0,0,0,0
2025-04-12,16,10:00,151,9,12.0,1,1,30.13,0,2025-04-12 08:00:00,2025-04-12 12:00:00,W,Dundas St West at Sterling Rd,0,0,0,0
2025-04-12,16,10:00,151,9,12.0,1,1,30.13,0,2025-04-12 08:00:00,2025-04-12 12:00:00,W,Brock Ave,0,0,0,0
2025-04-12,16,10:00,151,9,12.0,1,1,30.13,0,2025-04-12 08:00:00,2025-04-12 12:00:00,W,Sackville St,6,2,9,2
2025-04-12,16,10:00,151,9,12.0,1,1,30.13,0,2025-04-12 08:00:00,2025-04-12 12:00:00,W,Carlaw Ave,0,0,0,0
2025-04-12,16,10:00,151,9,12.0,1,1,30.13,0,2025-04-12 08:00:00,2025-04-12 12:00:00,W,Borden St,0,0,0,0
2025-04-12,16,10:00,151,9,12.0,1,1,30.13,0,2025-04-12 08:00:00,2025-04-12 12:00:00,W,Dundas St West at Sorauren Ave,2,4,5,0
2025-04-12,16,10:00,151,9,12.0,1,1,30.13,0,2025-04-12 08:00:00,2025-04-12 12:00:00,W,Crawford St,0,0,0,0
2025-04-12,16,10:00,151,9,12.0,1,1,30.13,0,2025-04-12 08:00:00,2025-04-12 12:00:00,W,Pape Ave,0,0,0,0
2025-04-12,16,10:00,151,9,12.0,1,1,30.13,0,2025-04-12 08:00:00,2025-04-12 12:00:00,W,Spadina Ave,6,1,6,1
2025-04-12,16,10:00,151,9,12.0,1,1,30.13,0,2025-04-12 08:00:00,2025-04-12 12:00:00,W,River St,8,1,11,1
2025-04-12,16,10:00,151,9,12.0,1,1,30.13,0,2025-04-12 08:00:00,2025-04-12 12:00:00,W,Marjory Ave,0,0,0,0
2025-04-12,16,10:00,151,9,12.0,1,1,30.13,0,2025-04-12 08:00:00,2025-04-12 12:00:00,W,Kingsmount Park Rd,0,0,0,0
2025-04-12,16,10:00,151,9,12.0,1,1,30.13,0,2025-04-12 08:00:00,2025-04-12 12:00:00,W,Church St,0,0,0,0
2025-04-12,16,10:00,151,9,12.0,1,1,30.13,0,2025-04-12 08:00:00,2025-04-12 12:00:00,W,Ossington Ave,0,0,0,0
2025-04-12,16,10:00,151,9,12.0,1,1,30.13,0,2025-04-12 08:00:00,2025-04-12 12:00:00,W,Woodbine Ave,0,0,0,0
2025-04-12,16,10:00,151,9,12.0,1,1,30.13,0,2025-04-12 08:00:00,2025-04-12 12:00:00,W,Jones Ave,0,0,0,0
2025-04-12,16,10:00,151,9,12.0,1,1,30.13,0,2025-04-12 08:00:00,2025-04-12 12:00:00,W,Golfview Ave,0,0,0,0
2025-04-12,16,10:00,151,9,12.0,1,1,30.13,0,2025-04-12 08:00:00,2025-04-12 12:00:00,W,Leslie St,0,0,0,0
2025-04-12,16,10:00,151,9,12.0,1,1,30.13,0,2025-04-12 08:00:00,2025-04-12 12:00:00,W,St Matthews Rd,0,0,0,0
2025-04-12,16,10:00,151,9,12.0,1,1,30.13,0,2025-04-12 08:00:00,2025-04-12 12:00:00,W,Jarvis St,0,0,0,0
2025-04-12,16,10:00,151,9,12.0,1,1,30.13,0,2025-04-12 08:00:00,2025-04-12 12:00:00,W,Sherbourne St,0,0,0,0
2025-04-12,16,10:00,151,9,12.0,1,1,30.13,0,2025-04-12 08:00:00,2025-04-12 12:00:00,W,St George St,0,0,0,0
2025-04-12,16,10:00,151,9,12.0,1,1,30.13,0,2025-04-12 08:00:00,2025-04-12 12:00:00,W,Dovercourt Rd,0,0,0,0
2025-04-12,16,10:00,151,9,12.0,1,1,30.13,0,2025-04-12 08:00:00,2025-04-12 12:00:00,W,Glenmount Park Rd,0,0,0,0
2025-04-12,16,10:00,151,9,12.0,1,1,30.13,0,2025-04-12 08:00:00,2025-04-12 12:00:00,W,Prust Ave,0,0,0,0
2025-04-12,16,10:00,151,9,12.0,1,1,30.13,0,2025-04-12 08:00:00,2025-04-12 12:00:00,W,Main Street Station at Bay 7,1,2,4,0
2025-04-12,16,10:00,151,9,12.0,1,1,30.13,0,2025-04-12 08:00:00,2025-04-12 12:00:00,W,Norwood Rd,0,0,0,0
2025-04-12,16,10:00,151,9,12.0,1,1,30.13,0,2025-04-12 08:00:00,2025-04-12 12:00:00,W,McCaul St,0,0,0,0
2025-04-12,16,10:00,151,9,12.0,1,1,30.13,0,2025-04-12 08:00:00,2025-04-12 12:00:00,W,Broadview Ave,0,0,0,0
2025-04-12,16,10:00,151,9,12.0,1,1,30.13,0,2025-04-12 08:00:00,2025-04-12 12:00:00,W,Ontario St,0,0,0,0
2025-04-12,16,10:00,151,9,12.0,1,1,30.13,0,2025-04-12 08:00:00,2025-04-12 12:00:00,W,Rusholme Park Cres,0,0,0,0
2025-04-12,16,10:00,151,9,12.0,1,1,30.13,0,2025-04-12 08:00:00,2025-04-12 12:00:00,W,Havelock St,0,0,0,0
2025-04-12,16,10:00,151,9,12.0,1,1,30.13,0,2025-04-12 08:00:00,2025-04-12 12:00:00,W,High Park Loop,0,0,0,0
2025-04-12,16,10:00,151,9,12.0,1,1,30.13,0,2025-04-12 08:00:00,2025-04-12 12:00:00,W,Queens Park (Queen's Park Station),0,0,0,0
2025-04-12,16,10:00,151,9,12.0,1,1,30.13,0,2025-04-12 08:00:00,2025-04-12 12:00:00,W,Roncesvalles Ave,2,3,4,1
2025-04-12,16,10:00,151,9,12.0,1,1,30.13,0,2025-04-12 08:00:00,2025-04-12 12:00:00,W,De Grassi St,0,0,0,0
2025-04-12,16,10:00,151,9,12.0,1,1,30.13,0,2025-04-12 08:00:00,2025-04-12 12:00:00,W,Parliament St at Carlton St,0,0,0,0
2025-04-12,16,10:00,151,9,12.0,1,1,30.13,0,2025-04-12 08:00:00,2025-04-12 12:00:00,W,Parkside Dr East Side,0,0,0,0
2025-04-12,16,10:00,151,9,12.0,1,1,30.13,0,2025-04-12 08:00:00,2025-04-12 12:00:00,W,Dundas St West,2,3,5,0
2025-04-12,16,10:00,151,9,12.0,1,1,30.13,0,2025-04-12 08:00:00,2025-04-12 12:00:00,W,Howard Park Ave at Roncesvalles Ave,0,0,0,0
2025-04-12,16,10:00,151,9,12.0,1,1,30.13,0,2025-04-12 08:00:00,2025-04-12 12:00:00,W,Parliament St,0,0,0,0
2025-04-12,16,10:00,151,9,12.0,1,1,30.13,0,2025-04-12 08:00:00,2025-04-12 12:00:00,W,Parliament St at Gerrard St East,0,0,0,0
2025-04-12,16,10:00,151,9,12.0,1,1,30.13,0,2025-04-12 08:00:00,2025-04-12 12:00:00,W,Sumach St,0,0,0,0
2025-04-12,16,10:00,151,9,12.0,1,1,30.13,0,2025-04-12 08:00:00,2025-04-12 12:00:00,W,Blackburn St,0,0,0,0
2025-04-12,16,10:00,151,9,12.0,1,1,30.13,0,2025-04-12 08:00:00,2025-04-12 12:00:00,W,Logan Ave,0,0,0,0
2025-04-12,16,10:00,151,9,12.0,1,1,30.13,0,2025-04-12 08:00:00,2025-04-12 12:00:00,W,Augusta Ave,0,0,0,0
2025-04-12,16,10:00,151,9,12.0,1,1,30.13,0,2025-04-12 08:00:00,2025-04-12 12:00:00,W,Beverley St,0,0,0,0
2025-04-12,16,10:00,151,9,12.0,1,1,30.13,0,2025-04-12 08:00:00,2025-04-12 12:00:00,W,University Ave (Queen's Park Station,0,0,0,0
2025-04-12,16,10:00,151,9,12.0,1,1,30.13,0,2025-04-12 08:00:00,2025-04-12 12:00:00,W,Elizabeth St,0,0,0,0
2025-04-12,16,10:00,151,9,12.0,1,1,30.13,0,2025-04-12 08:00:00,2025-04-12 12:00:00,W,Greenwood Ave,0,0,0,0
2025-04-12,16,10:00,151,9,12.0,1,1,30.13,0,2025-04-12 08:00:00,2025-04-12 12:00:00,W,Alton Ave,0,0,0,0
2025-04-12,16,10:00,151,9,12.0,1,1,30.13,0,2025-04-12 08:00:00,2025-04-12 12:00:00,W,Coxwell Ave,0,0,0,0
2025-04-12,16,10:00,151,9,12.0,1,1,30.13,0,2025-04-12 08:00:00,2025-04-12 12:00:00,W,Gerrard St East  at Coxwell Ave,0,0,0,0
2025-04-12,16,10:00,151,9,12.0,1,1,30.13,0,2025-04-12 08:00:00,2025-04-12 12:00:00,W,Coxwell Ave at Lower Gerrard St East,0,0,0,0
2025-04-12,16,10:00,151,9,12.0,1,1,30.13,0,2025-04-12 08:00:00,2025-04-12 12:00:00,W,Ashdale Ave,0,0,0,0
2025-04-12,16,10:00,151,9,12.0,1,1,30.13,0,2025-04-12 08:00:00,2025-04-12 12:00:00,W,Howard Park Ave at Indian Rd,0,0,0,0
2025-04-12,16,10:00,151,9,12.0,1,1,30.13,0,2025-04-12 08:00:00,2025-04-12 12:00:00,W,Dundas St West at Howard Park Ave,0,0,0,0
2025-04-12,16,10:00,151,9,12.0,1,1,30.13,0,2025-04-12 08:00:00,2025-04-12 12:00:00,W,Main St at Gerrard St East,0,0,0,0
2025-04-12,16,10:00,151,9,12.0,1,1,30.13,0,2025-04-12 08:00:00,2025-04-12 12:00:00,W,Main St,0,0,0,0
2025-04-12,16,10:00,151,9,12.0,1,1,30.13,0,2025-04-12 08:00:00,2025-04-12 12:00:00,W,Main St at Danforth Ave,0,0,0,0
2025-04-12,16,10:00,151,9,12.0,1,1,30.13,0,2025-04-12 08:00:00,2025-04-12 12:00:00,W,Howard Park Ave at Parkside Dr,0,0,0,0
2025-04-19,16,10:00,151,9,12.0,1,1,30.13,0,2025-04-19 08:00:00,2025-04-19 12:00:00,E,Woodfield Rd,2,3,2,0
2025-04-19,16,10:00,151,9,12.0,1,1,30.13,0,2025-04-19 08:00:00,2025-04-19 12:00:00,E,Coxwell Ave at Gerrard St East,0,0,0,0
2025-04-19,16,10:00,151,9,12.0,1,1,30.13,0,2025-04-19 08:00:00,2025-04-19 12:00:00,E,Euclid Ave,0,2,1,0
2025-04-19,16,10:00,151,9,12.0,1,1,30.13,0,2025-04-19 08:00:00,2025-04-19 12:00:00,E,Bowmore Rd,1,1,0,0
2025-04-19,16,10:00,151,9,12.0,1,1,30.13,0,2025-04-19 08:00:00,2025-04-19 12:00:00,E,Bay St,3,2,1,0
2025-04-19,16,10:00,151,9,12.0,1,1,30.13,0,2025-04-19 08:00:00,2025-04-19 12:00:00,E,Lansdowne Ave,2,3,1,0
2025-04-19,16,10:00,151,9,12.0,1,1,30.13,0,2025-04-19 08:00:00,2025-04-19 12:00:00,E,Indian Rd,1,2,2,0
2025-04-19,16,10:00,151,9,12.0,1,1,30.13,0,2025-04-19 08:00:00,2025-04-19 12:00:00,E,Grace St,2,3,1,0
2025-04-19,16,10:00,151,9,12.0,1,1,30.13,0,2025-04-19 08:00:00,2025-04-19 12:00:00,E,Dufferin St,2,1,0,0
2025-04-19,16,10:00,151,9,12.0,1,1,30.13,0,2025-04-19 08:00:00,2025-04-19 12:00:00,E,Gerrard St East at Beaton Ave,1,1,0,0
2025-04-19,16,10:00,151,9,12.0,1,1,30.13,0,2025-04-19 08:00:00,2025-04-19 12:00:00,E,Bathurst St,0,3,1,0
2025-04-19,16,10:00,151,9,12.0,1,1,30.13,0,2025-04-19 08:00:00,2025-04-19 12:00:00,E,Yonge St - College Station,2,3,1,0
2025-04-19,16,10:00,151,9,12.0,1,1,30.13,0,2025-04-19 08:00:00,2025-04-19 12:00:00,E,Dundas St West at Sterling Rd,1,2,1,0
2025-04-19,16,10:00,151,9,12.0,1,1,30.13,0,2025-04-19 08:00:00,2025-04-19 12:00:00,E,Brock Ave,3,3,1,0
2025-04-19,16,10:00,151,9,12.0,1,1,30.13,0,2025-04-19 08:00:00,2025-04-19 12:00:00,E,Sackville St,1,2,1,0
2025-04-19,16,10:00,151,9,12.0,1,1,30.13,0,2025-04-19 08:00:00,2025-04-19 12:00:00,E,Carlaw Ave,3,3,1,0
2025-04-19,16,10:00,151,9,12.0,1,1,30.13,0,2025-04-19 08:00:00,2025-04-19 12:00:00,E,Borden St,0,3,1,0
2025-04-19,16,10:00,151,9,12.0,1,1,30.13,0,2025-04-19 08:00:00,2025-04-19 12:00:00,E,Dundas St West at Sorauren Ave,0,2,1,0
2025-04-19,16,10:00,151,9,12.0,1,1,30.13,0,2025-04-19 08:00:00,2025-04-19 12:00:00,E,Crawford St,2,3,2,0
2025-04-19,16,10:00,151,9,12.0,1,1,30.13,0,2025-04-19 08:00:00,2025-04-19 12:00:00,E,Pape Ave,2,3,1,0
2025-04-19,16,10:00,151,9,12.0,1,1,30.13,0,2025-04-19 08:00:00,2025-04-19 12:00:00,E,Spadina Ave,0,3,1,0
2025-04-19,16,10:00,151,9,12.0,1,1,30.13,0,2025-04-19 08:00:00,2025-04-19 12:00:00,E,River St,0,2,1,0
2025-04-19,16,10:00,151,9,12.0,1,1,30.13,0,2025-04-19 08:00:00,2025-04-19 12:00:00,E,Marjory Ave,3,3,1,0
2025-04-19,16,10:00,151,9,12.0,1,1,30.13,0,2025-04-19 08:00:00,2025-04-19 12:00:00,E,Kingsmount Park Rd,1,1,0,0
2025-04-19,16,10:00,151,9,12.0,1,1,30.13,0,2025-04-19 08:00:00,2025-04-19 12:00:00,E,Church St,0,0,0,0
2025-04-19,16,10:00,151,9,12.0,1,1,30.13,0,2025-04-19 08:00:00,2025-04-19 12:00:00,E,Ossington Ave,1,4,2,0
2025-04-19,16,10:00,151,9,12.0,1,1,30.13,0,2025-04-19 08:00:00,2025-04-19 12:00:00,E,Woodbine Ave,1,1,0,0
2025-04-19,16,10:00,151,9,12.0,1,1,30.13,0,2025-04-19 08:00:00,2025-04-19 12:00:00,E,Jones Ave,3,3,2,0
2025-04-19,16,10:00,151,9,12.0,1,1,30.13,0,2025-04-19 08:00:00,2025-04-19 12:00:00,E,Golfview Ave,1,1,0,0
2025-04-19,16,10:00,151,9,12.0,1,1,30.13,0,2025-04-19 08:00:00,2025-04-19 12:00:00,E,Leslie St,3,3,2,0
2025-04-19,16,10:00,151,9,12.0,1,1,30.13,0,2025-04-19 08:00:00,2025-04-19 12:00:00,E,St Matthews Rd,0,2,1,0
2025-04-19,16,10:00,151,9,12.0,1,1,30.13,0,2025-04-19 08:00:00,2025-04-19 12:00:00,E,Jarvis St,1,2,1,0
2025-04-19,16,10:00,151,9,12.0,1,1,30.13,0,2025-04-19 08:00:00,2025-04-19 12:00:00,E,Sherbourne St,1,2,1,0
2025-04-19,16,10:00,151,9,12.0,1,1,30.13,0,2025-04-19 08:00:00,2025-04-19 12:00:00,E,St George St,1,3,1,0
2025-04-19,16,10:00,151,9,12.0,1,1,30.13,0,2025-04-19 08:00:00,2025-04-19 12:00:00,E,Dovercourt Rd,3,3,1,0
2025-04-19,16,10:00,151,9,12.0,1,1,30.13,0,2025-04-19 08:00:00,2025-04-19 12:00:00,E,Glenmount Park Rd,1,1,0,0
2025-04-19,16,10:00,151,9,12.0,1,1,30.13,0,2025-04-19 08:00:00,2025-04-19 12:00:00,E,Prust Ave,2,3,2,0
2025-04-19,16,10:00,151,9,12.0,1,1,30.13,0,2025-04-19 08:00:00,2025-04-19 12:00:00,E,Main Street Station at Bay 7,0,0,0,0
2025-04-19,16,10:00,151,9,12.0,1,1,30.13,0,2025-04-19 08:00:00,2025-04-19 12:00:00,E,Norwood Rd,1,1,0,0
2025-04-19,16,10:00,151,9,12.0,1,1,30.13,0,2025-04-19 08:00:00,2025-04-19 12:00:00,E,McCaul St,2,3,1,0
2025-04-19,16,10:00,151,9,12.0,1,1,30.13,0,2025-04-19 08:00:00,2025-04-19 12:00:00,E,Broadview Ave,1,2,1,0
2025-04-19,16,10:00,151,9,12.0,1,1,30.13,0,2025-04-19 08:00:00,2025-04-19 12:00:00,E,Ontario St,1,2,1,0
2025-04-19,16,10:00,151,9,12.0,1,1,30.13,0,2025-04-19 08:00:00,2025-04-19 12:00:00,E,Rusholme Park Cres,1,1,0,0
2025-04-19,16,10:00,151,9,12.0,1,1,30.13,0,2025-04-19 08:00:00,2025-04-19 12:00:00,E,Havelock St,2,3,2,0
2025-04-19,16,10:00,151,9,12.0,1,1,30.13,0,2025-04-19 08:00:00,2025-04-19 12:00:00,E,High Park Loop,2,6,4,0
2025-04-19,16,10:00,151,9,12.0,1,1,30.13,0,2025-04-19 08:00:00,2025-04-19 12:00:00,E,Queens Park (Queen's Park Station),2,3,1,0
2025-04-19,16,10:00,151,9,12.0,1,1,30.13,0,2025-04-19 08:00:00,2025-04-19 12:00:00,E,Roncesvalles Ave,1,2,1,0
2025-04-19,16,10:00,151,9,12.0,1,1,30.13,0,2025-04-19 08:00:00,2025-04-19 12:00:00,E,De Grassi St,2,2,1,0
2025-04-19,16,10:00,151,9,12.0,1,1,30.13,0,2025-04-19 08:00:00,2025-04-19 12:00:00,E,Parliament St at Carlton St,1,2,1,0
2025-04-19,16,10:00,151,9,12.0,1,1,30.13,0,2025-04-19 08:00:00,2025-04-19 12:00:00,E,Parkside Dr East Side,1,2,3,0
2025-04-19,16,10:00,151,9,12.0,1,1,30.13,0,2025-04-19 08:00:00,2025-04-19 12:00:00,E,Dundas St West,1,2,0,0
2025-04-19,16,10:00,151,9,12.0,1,1,30.13,0,2025-04-19 08:00:00,2025-04-19 12:00:00,E,Howard Park Ave at Roncesvalles Ave,0,0,0,0
2025-04-19,16,10:00,151,9,12.0,1,1,30.13,0,2025-04-19 08:00:00,2025-04-19 12:00:00,E,Parliament St,0,0,0,0
2025-04-19,16,10:00,151,9,12.0,1,1,30.13,0,2025-04-19 08:00:00,2025-04-19 12:00:00,E,Parliament St at Gerrard St East,0,0,0,0
2025-04-19,16,10:00,151,9,12.0,1,1,30.13,0,2025-04-19 08:00:00,2025-04-19 12:00:00,E,Sumach St,0,0,0,0
2025-04-19,16,10:00,151,9,12.0,1,1,30.13,0,2025-04-19 08:00:00,2025-04-19 12:00:00,E,Blackburn St,0,0,0,0
2025-04-19,16,10:00,151,9,12.0,1,1,30.13,0,2025-04-19 08:00:00,2025-04-19 12:00:00,E,Logan Ave,0,0,0,0
2025-04-19,16,10:00,151,9,12.0,1,1,30.13,0,2025-04-19 08:00:00,2025-04-19 12:00:00,E,Augusta Ave,0,0,0,0
2025-04-19,16,10:00,151,9,12.0,1,1,30.13,0,2025-04-19 08:00:00,2025-04-19 12:00:00,E,Beverley St,0,0,0,0
2025-04-19,16,10:00,151,9,12.0,1,1,30.13,0,2025-04-19 08:00:00,2025-04-19 12:00:00,E,University Ave (Queen's Park Station,0,0,0,0
2025-04-19,16,10:00,151,9,12.0,1,1,30.13,0,2025-04-19 08:00:00,2025-04-19 12:00:00,E,Elizabeth St,0,0,0,0
2025-04-19,16,10:00,151,9,12.0,1,1,30.13,0,2025-04-19 08:00:00,2025-04-19 12:00:00,E,Greenwood Ave,0,0,0,0
2025-04-19,16,10:00,151,9,12.0,1,1,30.13,0,2025-04-19 08:00:00,2025-04-19 12:00:00,E,Alton Ave,0,0,0,0
2025-04-19,16,10:00,151,9,12.0,1,1,30.13,0,2025-04-19 08:00:00,2025-04-19 12:00:00,E,Coxwell Ave,0,0,0,0
2025-04-19,16,10:00,151,9,12.0,1,1,30.13,0,2025-04-19 08:00:00,2025-04-19 12:00:00,E,Gerrard St East  at Coxwell Ave,0,0,0,0
2025-04-19,16,10:00,151,9,12.0,1,1,30.13,0,2025-04-19 08:00:00,2025-04-19 12:00:00,E,Coxwell Ave at Lower Gerrard St East,0,0,0,0
2025-04-19,16,10:00,151,9,12.0,1,1,30.13,0,2025-04-19 08:00:00,2025-04-19 12:00:00,E,Ashdale Ave,0,0,0,0
2025-04-19,16,10:00,151,9,12.0,1,1,30.13,0,2025-04-19 08:00:00,2025-04-19 12:00:00,E,Howard Park Ave at Indian Rd,0,0,0,0
2025-04-19,16,10:00,151,9,12.0,1,1,30.13,0,2025-04-19 08:00:00,2025-04-19 12:00:00,E,Dundas St West at Howard Park Ave,0,0,0,0
2025-04-19,16,10:00,151,9,12.0,1,1,30.13,0,2025-04-19 08:00:00,2025-04-19 12:00:00,E,Main St at Gerrard St East,0,0,0,0
2025-04-19,16,10:00,151,9,12.0,1,1,30.13,0,2025-04-19 08:00:00,2025-04-19 12:00:00,E,Main St,0,0,0,0
2025-04-19,16,10:00,151,9,12.0,1,1,30.13,0,2025-04-19 08:00:00,2025-04-19 12:00:00,E,Main St at Danforth Ave,0,0,0,0
2025-04-19,16,10:00,151,9,12.0,1,1,30.13,0,2025-04-19 08:00:00,2025-04-19 12:00:00,E,Howard Park Ave at Parkside Dr,0,0,0,0
2025-04-19,16,10:00,151,9,12.0,1,1,30.13,0,2025-04-19 08:00:00,2025-04-19 12:00:00,W,Woodfield Rd,4,1,1,0
2025-04-19,16,10:00,151,9,12.0,1,1,30.13,0,2025-04-19 08:00:00,2025-04-19 12:00:00,W,Coxwell Ave at Gerrard St East,3,1,0,0
2025-04-19,16,10:00,151,9,12.0,1,1,30.13,0,2025-04-19 08:00:00,2025-04-19 12:00:00,W,Euclid Ave,0,0,0,0
2025-04-19,16,10:00,151,9,12.0,1,1,30.13,0,2025-04-19 08:00:00,2025-04-19 12:00:00,W,Bowmore Rd,1,1,0,0
2025-04-19,16,10:00,151,9,12.0,1,1,30.13,0,2025-04-19 08:00:00,2025-04-19 12:00:00,W,Bay St,4,2,2,0
2025-04-19,16,10:00,151,9,12.0,1,1,30.13,0,2025-04-19 08:00:00,2025-04-19 12:00:00,W,Lansdowne Ave,0,0,0,0
2025-04-19,16,10:00,151,9,12.0,1,1,30.13,0,2025-04-19 08:00:00,2025-04-19 12:00:00,W,Indian Rd,5,3,4,0
2025-04-19,16,10:00,151,9,12.0,1,1,30.13,0,2025-04-19 08:00:00,2025-04-19 12:00:00,W,Grace St,0,0,0,0
2025-04-19,16,10:00,151,9,12.0,1,1,30.13,0,2025-04-19 08:00:00,2025-04-19 12:00:00,W,Dufferin St,5,3,5,0
2025-04-19,16,10:00,151,9,12.0,1,1,30.13,0,2025-04-19 08:00:00,2025-04-19 12:00:00,W,Gerrard St East at Beaton Ave,1,1,0,0
2025-04-19,16,10:00,151,9,12.0,1,1,30.13,0,2025-04-19 08:00:00,2025-04-19 12:00:00,W,Bathurst St,0,0,0,0
2025-04-19,16,10:00,151,9,12.0,1,1,30.13,0,2025-04-19 08:00:00,2025-04-19 12:00:00,W,Yonge St - College Station,0,0,0,0
2025-04-19,16,10:00,151,9,12.0,1,1,30.13,0,2025-04-19 08:00:00,2025-04-19 12:00:00,W,Dundas St West at Sterling Rd,0,0,0,0
2025-04-19,16,10:00,151,9,12.0,1,1,30.13,0,2025-04-19 08:00:00,2025-04-19 12:00:00,W,Brock Ave,0,0,0,0
2025-04-19,16,10:00,151,9,12.0,1,1,30.13,0,2025-04-19 08:00:00,2025-04-19 12:00:00,W,Sackville St,6,2,5,0
2025-04-19,16,10:00,151,9,12.0,1,1,30.13,0,2025-04-19 08:00:00,2025-04-19 12:00:00,W,Carlaw Ave,0,0,0,0
2025-04-19,16,10:00,151,9,12.0,1,1,30.13,0,2025-04-19 08:00:00,2025-04-19 12:00:00,W,Borden St,0,0,0,0
2025-04-19,16,10:00,151,9,12.0,1,1,30.13,0,2025-04-19 08:00:00,2025-04-19 12:00:00,W,Dundas St West at Sorauren Ave,3,3,4,0
2025-04-19,16,10:00,151,9,12.0,1,1,30.13,0,2025-04-19 08:00:00,2025-04-19 12:00:00,W,Crawford St,0,0,0,0
2025-04-19,16,10:00,151,9,12.0,1,1,30.13,0,2025-04-19 08:00:00,2025-04-19 12:00:00,W,Pape Ave,0,0,0,0
2025-04-19,16,10:00,151,9,12.0,1,1,30.13,0,2025-04-19 08:00:00,2025-04-19 12:00:00,W,Spadina Ave,6,2,2,0
2025-04-19,16,10:00,151,9,12.0,1,1,30.13,0,2025-04-19 08:00:00,2025-04-19 12:00:00,W,River St,7,2,3,0
2025-04-19,16,10:00,151,9,12.0,1,1,30.13,0,2025-04-19 08:00:00,2025-04-19 12:00:00,W,Marjory Ave,0,0,0,0
2025-04-19,16,10:00,151,9,12.0,1,1,30.13,0,2025-04-19 08:00:00,2025-04-19 12:00:00,W,Kingsmount Park Rd,0,0,0,0
2025-04-19,16,10:00,151,9,12.0,1,1,30.13,0,2025-04-19 08:00:00,2025-04-19 12:00:00,W,Church St,0,0,0,0
2025-04-19,16,10:00,151,9,12.0,1,1,30.13,0,2025-04-19 08:00:00,2025-04-19 12:00:00,W,Ossington Ave,0,0,0,0
2025-04-19,16,10:00,151,9,12.0,1,1,30.13,0,2025-04-19 08:00:00,2025-04-19 12:00:00,W,Woodbine Ave,0,0,0,0
2025-04-19,16,10:00,151,9,12.0,1,1,30.13,0,2025-04-19 08:00:00,2025-04-19 12:00:00,W,Jones Ave,0,0,0,0
2025-04-19,16,10:00,151,9,12.0,1,1,30.13,0,2025-04-19 08:00:00,2025-04-19 12:00:00,W,Golfview Ave,0,0,0,0
2025-04-19,16,10:00,151,9,12.0,1,1,30.13,0,2025-04-19 08:00:00,2025-04-19 12:00:00,W,Leslie St,0,0,0,0
2025-04-19,16,10:00,151,9,12.0,1,1,30.13,0,2025-04-19 08:00:00,2025-04-19 12:00:00,W,St Matthews Rd,0,0,0,0
2025-04-19,16,10:00,151,9,12.0,1,1,30.13,0,2025-04-19 08:00:00,2025-04-19 12:00:00,W,Jarvis St,0,0,0,0
2025-04-19,16,10:00,151,9,12.0,1,1,30.13,0,2025-04-19 08:00:00,2025-04-19 12:00:00,W,Sherbourne St,0,0,0,0
2025-04-19,16,10:00,151,9,12.0,1,1,30.13,0,2025-04-19 08:00:00,2025-04-19 12:00:00,W,St George St,0,0,0,0
2025-04-19,16,10:00,151,9,12.0,1,1,30.13,0,2025-04-19 08:00:00,2025-04-19 12:00:00,W,Dovercourt Rd,0,0,0,0
2025-04-19,16,10:00,151,9,12.0,1,1,30.13,0,2025-04-19 08:00:00,2025-04-19 12:00:00,W,Glenmount Park Rd,0,0,0,0
2025-04-19,16,10:00,151,9,12.0,1,1,30.13,0,2025-04-19 08:00:00,2025-04-19 12:00:00,W,Prust Ave,0,0,0,0
2025-04-19,16,10:00,151,9,12.0,1,1,30.13,0,2025-04-19 08:00:00,2025-04-19 12:00:00,W,Main Street Station at Bay 7,0,1,0,0
2025-04-19,16,10:00,151,9,12.0,1,1,30.13,0,2025-04-19 08:00:00,2025-04-19 12:00:00,W,Norwood Rd,0,0,0,0
2025-04-19,16,10:00,151,9,12.0,1,1,30.13,0,2025-04-19 08:00:00,2025-04-19 12:00:00,W,McCaul St,0,0,0,0
2025-04-19,16,10:00,151,9,12.0,1,1,30.13,0,2025-04-19 08:00:00,2025-04-19 12:00:00,W,Broadview Ave,0,0,0,0
2025-04-19,16,10:00,151,9,12.0,1,1,30.13,0,2025-04-19 08:00:00,2025-04-19 12:00:00,W,Ontario St,0,0,0,0
2025-04-19,16,10:00,151,9,12.0,1,1,30.13,0,2025-04-19 08:00:00,2025-04-19 12:00:00,W,Rusholme Park Cres,0,0,0,0
2025-04-19,16,10:00,151,9,12.0,1,1,30.13,0,2025-04-19 08:00:00,2025-04-19 12:00:00,W,Havelock St,0,0,0,0
2025-04-19,16,10:00,151,9,12.0,1,1,30.13,0,2025-04-19 08:00:00,2025-04-19 12:00:00,W,High Park Loop,0,0,0,0
2025-04-19,16,10:00,151,9,12.0,1,1,30.13,0,2025-04-19 08:00:00,2025-04-19 12:00:00,W,Queens Park (Queen's Park Station),0,0,0,0
2025-04-19,16,10:00,151,9,12.0,1,1,30.13,0,2025-04-19 08:00:00,2025-04-19 12:00:00,W,Roncesvalles Ave,4,3,4,0
2025-04-19,16,10:00,151,9,12.0,1,1,30.13,0,2025-04-19 08:00:00,2025-04-19 12:00:00,W,De Grassi St,0,0,0,0
2025-04-19,16,10:00,151,9,12.0,1,1,30.13,0,2025-04-19 08:00:00,2025-04-19 12:00:00,W,Parliament St at Carlton St,0,0,0,0
2025-04-19,16,10:00,151,9,12.0,1,1,30.13,0,2025-04-19 08:00:00,2025-04-19 12:00:00,W,Parkside Dr East Side,0,0,0,0
2025-04-19,16,10:00,151,9,12.0,1,1,30.13,0,2025-04-19 08:00:00,2025-04-19 12:00:00,W,Dundas St West,4,3,4,0
2025-04-19,16,10:00,151,9,12.0,1,1,30.13,0,2025-04-19 08:00:00,2025-04-19 12:00:00,W,Howard Park Ave at Roncesvalles Ave,0,0,0,0
2025-04-19,16,10:00,151,9,12.0,1,1,30.13,0,2025-04-19 08:00:00,2025-04-19 12:00:00,W,Parliament St,0,0,0,0
2025-04-19,16,10:00,151,9,12.0,1,1,30.13,0,2025-04-19 08:00:00,2025-04-19 12:00:00,W,Parliament St at Gerrard St East,0,0,0,0
2025-04-19,16,10:00,151,9,12.0,1,1,30.13,0,2025-04-19 08:00:00,2025-04-19 12:00:00,W,Sumach St,0,0,0,0
2025-04-19,16,10:00,151,9,12.0,1,1,30.13,0,2025-04-19 08:00:00,2025-04-19 12:00:00,W,Blackburn St,0,0,0,0
2025-04-19,16,10:00,151,9,12.0,1,1,30.13,0,2025-04-19 08:00:00,2025-04-19 12:00:00,W,Logan Ave,0,0,0,0
2025-04-19,16,10:00,151,9,12.0,1,1,30.13,0,2025-04-19 08:00:00,2025-04-19 12:00:00,W,Augusta Ave,0,0,0,0
2025-04-19,16,10:00,151,9,12.0,1,1,30.13,0,2025-04-19 08:00:00,2025-04-19 12:00:00,W,Beverley St,0,0,0,0
2025-04-19,16,10:00,151,9,12.0,1,1,30.13,0,2025-04-19 08:00:00,2025-04-19 12:00:00,W,University Ave (Queen's Park Station,0,0,0,0
2025-04-19,16,10:00,151,9,12.0,1,1,30.13,0,2025-04-19 08:00:00,2025-04-19 12:00:00,W,Elizabeth St,0,0,0,0
2025-04-19,16,10:00,151,9,12.0,1,1,30.13,0,2025-04-19 08:00:00,2025-04-19 12:00:00,W,Greenwood Ave,0,0,0,0
2025-04-19,16,10:00,151,9,12.0,1,1,30.13,0,2025-04-19 08:00:00,2025-04-19 12:00:00,W,Alton Ave,0,0,0,0
2025-04-19,16,10:00,151,9,12.0,1,1,30.13,0,2025-04-19 08:00:00,2025-04-19 12:00:00,W,Coxwell Ave,0,0,0,0
2025-04-19,16,10:00,151,9,12.0,1,1,30.13,0,2025-04-19 08:00:00,2025-04-19 12:00:00,W,Gerrard St East  at Coxwell Ave,0,0,0,0
2025-04-19,16,10:00,151,9,12.0,1,1,30.13,0,2025-04-19 08:00:00,2025-04-19 12:00:00,W,Coxwell Ave at Lower Gerrard St East,0,0,0,0
2025-04-19,16,10:00,151,9,12.0,1,1,30.13,0,2025-04-19 08:00:00,2025-04-19 12:00:00,W,Ashdale Ave,0,0,0,0
2025-04-19,16,10:00,151,9,12.0,1,1,30.13,0,2025-04-19 08:00:00,2025-04-19 12:00:00,W,Howard Park Ave at Indian Rd,0,0,0,0
2025-04-19,16,10:00,151,9,12.0,1,1,30.13,0,2025-04-19 08:00:00,2025-04-19 12:00:00,W,Dundas St West at Howard Park Ave,0,0,0,0
2025-04-19,16,10:00,151,9,12.0,1,1,30.13,0,2025-04-19 08:00:00,2025-04-19 12:00:00,W,Main St at Gerrard St East,0,0,0,0
2025-04-19,16,10:00,151,9,12.0,1,1,30.13,0,2025-04-19 08:00:00,2025-04-19 12:00:00,W,Main St,0,0,0,0
2025-04-19,16,10:00,151,9,12.0,1,1,30.13,0,2025-04-19 08:00:00,2025-04-19 12:00:00,W,Main St at Danforth Ave,0,0,0,0
2025-04-19,16,10:00,151,9,12.0,1,1,30.13,0,2025-04-19 08:00:00,2025-04-19 12:00:00,W,Howard Park Ave at Parkside Dr,0,0,0,0
2025-04-26,16,10:00,151,9,12.0,1,1,30.13,0,2025-04-26 08:00:00,2025-04-26 12:00:00,E,Woodfield Rd,0,0,0,0
2025-04-26,16,10:00,151,9,12.0,1,1,30.13,0,2025-04-26 08:00:00,2025-04-26 12:00:00,E,Coxwell Ave at Gerrard St East,0,0,0,0
2025-04-26,16,10:00,151,9,12.0,1,1,30.13,0,2025-04-26 08:00:00,2025-04-26 12:00:00,E,Euclid Ave,3,3,8,1
2025-04-26,16,10:00,151,9,12.0,1,1,30.13,0,2025-04-26 08:00:00,2025-04-26 12:00:00,E,Bowmore Rd,2,2,12,0
2025-04-26,16,10:00,151,9,12.0,1,1,30.13,0,2025-04-26 08:00:00,2025-04-26 12:00:00,E,Bay St,0,0,0,0
2025-04-26,16,10:00,151,9,12.0,1,1,30.13,0,2025-04-26 08:00:00,2025-04-26 12:00:00,E,Lansdowne Ave,2,6,20,0
2025-04-26,16,10:00,151,9,12.0,1,1,30.13,0,2025-04-26 08:00:00,2025-04-26 12:00:00,E,Indian Rd,1,4,7,2
2025-04-26,16,10:00,151,9,12.0,1,1,30.13,0,2025-04-26 08:00:00,2025-04-26 12:00:00,E,Grace St,4,6,13,2
2025-04-26,16,10:00,151,9,12.0,1,1,30.13,0,2025-04-26 08:00:00,2025-04-26 12:00:00,E,Dufferin St,1,3,12,0
2025-04-26,16,10:00,151,9,12.0,1,1,30.13,0,2025-04-26 08:00:00,2025-04-26 12:00:00,E,Gerrard St East at Beaton Ave,2,3,12,0
2025-04-26,16,10:00,151,9,12.0,1,1,30.13,0,2025-04-26 08:00:00,2025-04-26 12:00:00,E,Bathurst St,3,4,9,1
2025-04-26,16,10:00,151,9,12.0,1,1,30.13,0,2025-04-26 08:00:00,2025-04-26 12:00:00,E,Yonge St - College Station,0,0,0,0
2025-04-26,16,10:00,151,9,12.0,1,1,30.13,0,2025-04-26 08:00:00,2025-04-26 12:00:00,E,Dundas St West at Sterling Rd,0,3,7,0
2025-04-26,16,10:00,151,9,12.0,1,1,30.13,0,2025-04-26 08:00:00,2025-04-26 12:00:00,E,Brock Ave,2,5,20,1
2025-04-26,16,10:00,151,9,12.0,1,1,30.13,0,2025-04-26 08:00:00,2025-04-26 12:00:00,E,Sackville St,3,2,7,1
2025-04-26,16,10:00,151,9,12.0,1,1,30.13,0,2025-04-26 08:00:00,2025-04-26 12:00:00,E,Carlaw Ave,0,0,0,0
2025-04-26,16,10:00,151,9,12.0,1,1,30.13,0,2025-04-26 08:00:00,2025-04-26 12:00:00,E,Borden St,3,4,9,1
2025-04-26,16,10:00,151,9,12.0,1,1,30.13,0,2025-04-26 08:00:00,2025-04-26 12:00:00,E,Dundas St West at Sorauren Ave,0,0,6,0
2025-04-26,16,10:00,151,9,12.0,1,1,30.13,0,2025-04-26 08:00:00,2025-04-26 12:00:00,E,Crawford St,3,7,14,2
2025-04-26,16,10:00,151,9,12.0,1,1,30.13,0,2025-04-26 08:00:00,2025-04-26 12:00:00,E,Pape Ave,0,0,0,0
2025-04-26,16,10:00,151,9,12.0,1,1,30.13,0,2025-04-26 08:00:00,2025-04-26 12:00:00,E,Spadina Ave,3,3,9,1
2025-04-26,16,10:00,151,9,12.0,1,1,30.13,0,2025-04-26 08:00:00,2025-04-26 12:00:00,E,River St,3,2,9,1
2025-04-26,16,10:00,151,9,12.0,1,1,30.13,0,2025-04-26 08:00:00,2025-04-26 12:00:00,E,Marjory Ave,0,0,0,0
2025-04-26,16,10:00,151,9,12.0,1,1,30.13,0,2025-04-26 08:00:00,2025-04-26 12:00:00,E,Kingsmount Park Rd,2,3,12,0
2025-04-26,16,10:00,151,9,12.0,1,1,30.13,0,2025-04-26 08:00:00,2025-04-26 12:00:00,E,Church St,0,0,0,0
2025-04-26,16,10:00,151,9,12.0,1,1,30.13,0,2025-04-26 08:00:00,2025-04-26 12:00:00,E,Ossington Ave,8,4,17,1
2025-04-26,16,10:00,151,9,12.0,1,1,30.13,0,2025-04-26 08:00:00,2025-04-26 12:00:00,E,Woodbine Ave,2,2,12,0
2025-04-26,16,10:00,151,9,12.0,1,1,30.13,0,2025-04-26 08:00:00,2025-04-26 12:00:00,E,Jones Ave,0,0,0,0
2025-04-26,16,10:00,151,9,12.0,1,1,30.13,0,2025-04-26 08:00:00,2025-04-26 12:00:00,E,Golfview Ave,2,4,13,0
2025-04-26,16,10:00,151,9,12.0,1,1,30.13,0,2025-04-26 08:00:00,2025-04-26 12:00:00,E,Leslie St,0,0,0,0
2025-04-26,16,10:00,151,9,12.0,1,1,30.13,0,2025-04-26 08:00:00,2025-04-26 12:00:00,E,St Matthews Rd,3,3,8,1
2025-04-26,16,10:00,151,9,12.0,1,1,30.13,0,2025-04-26 08:00:00,2025-04-26 12:00:00,E,Jarvis St,1,0,6,1
2025-04-26,16,10:00,151,9,12.0,1,1,30.13,0,2025-04-26 08:00:00,2025-04-26 12:00:00,E,Sherbourne St,1,0,6,1
2025-04-26,16,10:00,151,9,12.0,1,1,30.13,0,2025-04-26 08:00:00,2025-04-26 12:00:00,E,St George St,0,0,0,0
2025-04-26,16,10:00,151,9,12.0,1,1,30.13,0,2025-04-26 08:00:00,2025-04-26 12:00:00,E,Dovercourt Rd,1,1,8,0
2025-04-26,16,10:00,151,9,12.0,1,1,30.13,0,2025-04-26 08:00:00,2025-04-26 12:00:00,E,Glenmount Park Rd,2,4,13,0
2025-04-26,16,10:00,151,9,12.0,1,1,30.13,0,2025-04-26 08:00:00,2025-04-26 12:00:00,E,Prust Ave,0,0,0,0
2025-04-26,16,10:00,151,9,12.0,1,1,30.13,0,2025-04-26 08:00:00,2025-04-26 12:00:00,E,Main Street Station at Bay 7,0,0,0,0
2025-04-26,16,10:00,151,9,12.0,1,1,30.13,0,2025-04-26 08:00:00,2025-04-26 12:00:00,E,Norwood Rd,2,5,13,0
2025-04-26,16,10:00,151,9,12.0,1,1,30.13,0,2025-04-26 08:00:00,2025-04-26 12:00:00,E,McCaul St,0,0,0,0
2025-04-26,16,10:00,151,9,12.0,1,1,30.13,0,2025-04-26 08:00:00,2025-04-26 12:00:00,E,Broadview Ave,3,3,8,1
2025-04-26,16,10:00,151,9,12.0,1,1,30.13,0,2025-04-26 08:00:00,2025-04-26 12:00:00,E,Ontario St,1,2,5,1
2025-04-26,16,10:00,151,9,12.0,1,1,30.13,0,2025-04-26 08:00:00,2025-04-26 12:00:00,E,Rusholme Park Cres,0,2,6,1
2025-04-26,16,10:00,151,9,12.0,1,1,30.13,0,2025-04-26 08:00:00,2025-04-26 12:00:00,E,Havelock St,0,0,0,0
2025-04-26,16,10:00,151,9,12.0,1,1,30.13,0,2025-04-26 08:00:00,2025-04-26 12:00:00,E,High Park Loop,2,10,14,4
2025-04-26,16,10:00,151,9,12.0,1,1,30.13,0,2025-04-26 08:00:00,2025-04-26 12:00:00,E,Queens Park (Queen's Park Station),0,0,0,0
2025-04-26,16,10:00,151,9,12.0,1,1,30.13,0,2025-04-26 08:00:00,2025-04-26 12:00:00,E,Roncesvalles Ave,0,2,7,1
2025-04-26,16,10:00,151,9,12.0,1,1,30.13,0,2025-04-26 08:00:00,2025-04-26 12:00:00,E,De Grassi St,3,2,8,1
2025-04-26,16,10:00,151,9,12.0,1,1,30.13,0,2025-04-26 08:00:00,2025-04-26 12:00:00,E,Parliament St at Carlton St,3,1,5,1
2025-04-26,16,10:00,151,9,12.0,1,1,30.13,0,2025-04-26 08:00:00,2025-04-26 12:00:00,E,Parkside Dr East Side,2,5,8,2
2025-04-26,16,10:00,151,9,12.0,1,1,30.13,0,2025-04-26 08:00:00,2025-04-26 12:00:00,E,Dundas St West,1,0,6,0
2025-04-26,16,10:00,151,9,12.0,1,1,30.13,0,2025-04-26 08:00:00,2025-04-26 12:00:00,E,Howard Park Ave at Roncesvalles Ave,0,0,0,0
2025-04-26,16,10:00,151,9,12.0,1,1,30.13,0,2025-04-26 08:00:00,2025-04-26 12:00:00,E,Parliament St,0,0,0,0
2025-04-26,16,10:00,151,9,12.0,1,1,30.13,0,2025-04-26 08:00:00,2025-04-26 12:00:00,E,Parliament St at Gerrard St East,0,0,0,0
2025-04-26,16,10:00,151,9,12.0,1,1,30.13,0,2025-04-26 08:00:00,2025-04-26 12:00:00,E,Sumach St,0,0,0,0
2025-04-26,16,10:00,151,9,12.0,1,1,30.13,0,2025-04-26 08:00:00,2025-04-26 12:00:00,E,Blackburn St,0,0,0,0
2025-04-26,16,10:00,151,9,12.0,1,1,30.13,0,2025-04-26 08:00:00,2025-04-26 12:00:00,E,Logan Ave,0,0,0,0
2025-04-26,16,10:00,151,9,12.0,1,1,30.13,0,2025-04-26 08:00:00,2025-04-26 12:00:00,E,Augusta Ave,0,0,0,0
2025-04-26,16,10:00,151,9,12.0,1,1,30.13,0,2025-04-26 08:00:00,2025-04-26 12:00:00,E,Beverley St,0,0,0,0
2025-04-26,16,10:00,151,9,12.0,1,1,30.13,0,2025-04-26 08:00:00,2025-04-26 12:00:00,E,University Ave (Queen's Park Station,0,0,0,0
2025-04-26,16,10:00,151,9,12.0,1,1,30.13,0,2025-04-26 08:00:00,2025-04-26 12:00:00,E,Elizabeth St,0,0,0,0
2025-04-26,16,10:00,151,9,12.0,1,1,30.13,0,2025-04-26 08:00:00,2025-04-26 12:00:00,E,Greenwood Ave,0,0,0,0
2025-04-26,16,10:00,151,9,12.0,1,1,30.13,0,2025-04-26 08:00:00,2025-04-26 12:00:00,E,Alton Ave,0,0,0,0
2025-04-26,16,10:00,151,9,12.0,1,1,30.13,0,2025-04-26 08:00:00,2025-04-26 12:00:00,E,Coxwell Ave,0,0,0,0
2025-04-26,16,10:00,151,9,12.0,1,1,30.13,0,2025-04-26 08:00:00,2025-04-26 12:00:00,E,Gerrard St East  at Coxwell Ave,0,0,0,0
2025-04-26,16,10:00,151,9,12.0,1,1,30.13,0,2025-04-26 08:00:00,2025-04-26 12:00:00,E,Coxwell Ave at Lower Gerrard St East,0,0,0,0
2025-04-26,16,10:00,151,9,12.0,1,1,30.13,0,2025-04-26 08:00:00,2025-04-26 12:00:00,E,Ashdale Ave,0,0,0,0
2025-04-26,16,10:00,151,9,12.0,1,1,30.13,0,2025-04-26 08:00:00,2025-04-26 12:00:00,E,Howard Park Ave at Indian Rd,0,0,0,0
2025-04-26,16,10:00,151,9,12.0,1,1,30.13,0,2025-04-26 08:00:00,2025-04-26 12:00:00,E,Dundas St West at Howard Park Ave,0,0,0,0
2025-04-26,16,10:00,151,9,12.0,1,1,30.13,0,2025-04-26 08:00:00,2025-04-26 12:00:00,E,Main St at Gerrard St East,0,0,0,0
2025-04-26,16,10:00,151,9,12.0,1,1,30.13,0,2025-04-26 08:00:00,2025-04-26 12:00:00,E,Main St,0,0,0,0
2025-04-26,16,10:00,151,9,12.0,1,1,30.13,0,2025-04-26 08:00:00,2025-04-26 12:00:00,E,Main St at Danforth Ave,0,0,0,0
2025-04-26,16,10:00,151,9,12.0,1,1,30.13,0,2025-04-26 08:00:00,2025-04-26 12:00:00,E,Howard Park Ave at Parkside Dr,0,0,0,0
2025-04-26,16,10:00,151,9,12.0,1,1,30.13,0,2025-04-26 08:00:00,2025-04-26 12:00:00,W,Woodfield Rd,0,0,0,0
2025-04-26,16,10:00,151,9,12.0,1,1,30.13,0,2025-04-26 08:00:00,2025-04-26 12:00:00,W,Coxwell Ave at Gerrard St East,0,0,0,0
2025-04-26,16,10:00,151,9,12.0,1,1,30.13,0,2025-04-26 08:00:00,2025-04-26 12:00:00,W,Euclid Ave,0,0,0,0
2025-04-26,16,10:00,151,9,12.0,1,1,30.13,0,2025-04-26 08:00:00,2025-04-26 12:00:00,W,Bowmore Rd,3,4,16,2
2025-04-26,16,10:00,151,9,12.0,1,1,30.13,0,2025-04-26 08:00:00,2025-04-26 12:00:00,W,Bay St,0,0,0,0
2025-04-26,16,10:00,151,9,12.0,1,1,30.13,0,2025-04-26 08:00:00,2025-04-26 12:00:00,W,Lansdowne Ave,0,0,0,0
2025-04-26,16,10:00,151,9,12.0,1,1,30.13,0,2025-04-26 08:00:00,2025-04-26 12:00:00,W,Indian Rd,2,5,8,1
2025-04-26,16,10:00,151,9,12.0,1,1,30.13,0,2025-04-26 08:00:00,2025-04-26 12:00:00,W,Grace St,0,0,0,0
2025-04-26,16,10:00,151,9,12.0,1,1,30.13,0,2025-04-26 08:00:00,2025-04-26 12:00:00,W,Dufferin St,7,5,13,8
2025-04-26,16,10:00,151,9,12.0,1,1,30.13,0,2025-04-26 08:00:00,2025-04-26 12:00:00,W,Gerrard St East at Beaton Ave,5,2,16,3
2025-04-26,16,10:00,151,9,12.0,1,1,30.13,0,2025-04-26 08:00:00,2025-04-26 12:00:00,W,Bathurst St,0,0,0,0
2025-04-26,16,10:00,151,9,12.0,1,1,30.13,0,2025-04-26 08:00:00,2025-04-26 12:00:00,W,Yonge St - College Station,0,0,0,0
2025-04-26,16,10:00,151,9,12.0,1,1,30.13,0,2025-04-26 08:00:00,2025-04-26 12:00:00,W,Dundas St West at Sterling Rd,0,0,0,0
2025-04-26,16,10:00,151,9,12.0,1,1,30.13,0,2025-04-26 08:00:00,2025-04-26 12:00:00,W,Brock Ave,0,0,0,0
2025-04-26,16,10:00,151,9,12.0,1,1,30.13,0,2025-04-26 08:00:00,2025-04-26 12:00:00,W,Sackville St,5,3,11,11
2025-04-26,16,10:00,151,9,12.0,1,1,30.13,0,2025-04-26 08:00:00,2025-04-26 12:00:00,W,Carlaw Ave,0,0,0,0
2025-04-26,16,10:00,151,9,12.0,1,1,30.13,0,2025-04-26 08:00:00,2025-04-26 12:00:00,W,Borden St,0,0,0,0
2025-04-26,16,10:00,151,9,12.0,1,1,30.13,0,2025-04-26 08:00:00,2025-04-26 12:00:00,W,Dundas St West at Sorauren Ave,2,5,5,2
2025-04-26,16,10:00,151,9,12.0,1,1,30.13,0,2025-04-26 08:00:00,2025-04-26 12:00:00,W,Crawford St,0,0,0,0
2025-04-26,16,10:00,151,9,12.0,1,1,30.13,0,2025-04-26 08:00:00,2025-04-26 12:00:00,W,Pape Ave,0,0,0,0
2025-04-26,16,10:00,151,9,12.0,1,1,30.13,0,2025-04-26 08:00:00,2025-04-26 12:00:00,W,Spadina Ave,8,1,13,10
2025-04-26,16,10:00,151,9,12.0,1,1,30.13,0,2025-04-26 08:00:00,2025-04-26 12:00:00,W,River St,8,5,10,12
2025-04-26,16,10:00,151,9,12.0,1,1,30.13,0,2025-04-26 08:00:00,2025-04-26 12:00:00,W,Marjory Ave,0,0,0,0
2025-04-26,16,10:00,151,9,12.0,1,1,30.13,0,2025-04-26 08:00:00,2025-04-26 12:00:00,W,Kingsmount Park Rd,0,0,0,0
2025-04-26,16,10:00,151,9,12.0,1,1,30.13,0,2025-04-26 08:00:00,2025-04-26 12:00:00,W,Church St,0,0,0,0
2025-04-26,16,10:00,151,9,12.0,1,1,30.13,0,2025-04-26 08:00:00,2025-04-26 12:00:00,W,Ossington Ave,0,0,0,0
2025-04-26,16,10:00,151,9,12.0,1,1,30.13,0,2025-04-26 08:00:00,2025-04-26 12:00:00,W,Woodbine Ave,0,0,0,0
2025-04-26,16,10:00,151,9,12.0,1,1,30.13,0,2025-04-26 08:00:00,2025-04-26 12:00:00,W,Jones Ave,0,0,0,0
2025-04-26,16,10:00,151,9,12.0,1,1,30.13,0,2025-04-26 08:00:00,2025-04-26 12:00:00,W,Golfview Ave,0,0,0,0
2025-04-26,16,10:00,151,9,12.0,1,1,30.13,0,2025-04-26 08:00:00,2025-04-26 12:00:00,W,Leslie St,0,0,0,0
2025-04-26,16,10:00,151,9,12.0,1,1,30.13,0,2025-04-26 08:00:00,2025-04-26 12:00:00,W,St Matthews Rd,0,0,0,0
2025-04-26,16,10:00,151,9,12.0,1,1,30.13,0,2025-04-26 08:00:00,2025-04-26 12:00:00,W,Jarvis St,0,0,0,0
2025-04-26,16,10:00,151,9,12.0,1,1,30.13,0,2025-04-26 08:00:00,2025-04-26 12:00:00,W,Sherbourne St,0,0,0,0
2025-04-26,16,10:00,151,9,12.0,1,1,30.13,0,2025-04-26 08:00:00,2025-04-26 12:00:00,W,St George St,0,0,0,0
2025-04-26,16,10:00,151,9,12.0,1,1,30.13,0,2025-04-26 08:00:00,2025-04-26 12:00:00,W,Dovercourt Rd,0,0,0,0
2025-04-26,16,10:00,151,9,12.0,1,1,30.13,0,2025-04-26 08:00:00,2025-04-26 12:00:00,W,Glenmount Park Rd,0,0,0,0
2025-04-26,16,10:00,151,9,12.0,1,1,30.13,0,2025-04-26 08:00:00,2025-04-26 12:00:00,W,Prust Ave,0,0,0,0
2025-04-26,16,10:00,151,9,12.0,1,1,30.13,0,2025-04-26 08:00:00,2025-04-26 12:00:00,W,Main Street Station at Bay 7,3,3,15,5
2025-04-26,16,10:00,151,9,12.0,1,1,30.13,0,2025-04-26 08:00:00,2025-04-26 12:00:00,W,Norwood Rd,0,0,0,0
2025-04-26,16,10:00,151,9,12.0,1,1,30.13,0,2025-04-26 08:00:00,2025-04-26 12:00:00,W,McCaul St,0,0,0,0
2025-04-26,16,10:00,151,9,12.0,1,1,30.13,0,2025-04-26 08:00:00,2025-04-26 12:00:00,W,Broadview Ave,0,0,0,0
2025-04-26,16,10:00,151,9,12.0,1,1,30.13,0,2025-04-26 08:00:00,2025-04-26 12:00:00,W,Ontario St,0,0,0,0
2025-04-26,16,10:00,151,9,12.0,1,1,30.13,0,2025-04-26 08:00:00,2025-04-26 12:00:00,W,Rusholme Park Cres,0,0,0,0
2025-04-26,16,10:00,151,9,12.0,1,1,30.13,0,2025-04-26 08:00:00,2025-04-26 12:00:00,W,Havelock St,0,0,0,0
2025-04-26,16,10:00,151,9,12.0,1,1,30.13,0,2025-04-26 08:00:00,2025-04-26 12:00:00,W,High Park Loop,0,0,0,0
2025-04-26,16,10:00,151,9,12.0,1,1,30.13,0,2025-04-26 08:00:00,2025-04-26 12:00:00,W,Queens Park (Queen's Park Station),0,0,0,0
2025-04-26,16,10:00,151,9,12.0,1,1,30.13,0,2025-04-26 08:00:00,2025-04-26 12:00:00,W,Roncesvalles Ave,1,5,7,2
2025-04-26,16,10:00,151,9,12.0,1,1,30.13,0,2025-04-26 08:00:00,2025-04-26 12:00:00,W,De Grassi St,0,0,0,0
2025-04-26,16,10:00,151,9,12.0,1,1,30.13,0,2025-04-26 08:00:00,2025-04-26 12:00:00,W,Parliament St at Carlton St,0,0,0,0
2025-04-26,16,10:00,151,9,12.0,1,1,30.13,0,2025-04-26 08:00:00,2025-04-26 12:00:00,W,Parkside Dr East Side,0,0,0,0
2025-04-26,16,10:00,151,9,12.0,1,1,30.13,0,2025-04-26 08:00:00,2025-04-26 12:00:00,W,Dundas St West,1,5,7,2
2025-04-26,16,10:00,151,9,12.0,1,1,30.13,0,2025-04-26 08:00:00,2025-04-26 12:00:00,W,Howard Park Ave at Roncesvalles Ave,0,0,0,0
2025-04-26,16,10:00,151,9,12.0,1,1,30.13,0,2025-04-26 08:00:00,2025-04-26 12:00:00,W,Parliament St,0,0,0,0
2025-04-26,16,10:00,151,9,12.0,1,1,30.13,0,2025-04-26 08:00:00,2025-04-26 12:00:00,W,Parliament St at Gerrard St East,0,0,0,0
2025-04-26,16,10:00,151,9,12.0,1,1,30.13,0,2025-04-26 08:00:00,2025-04-26 12:00:00,W,Sumach St,0,0,0,0
2025-04-26,16,10:00,151,9,12.0,1,1,30.13,0,2025-04-26 08:00:00,2025-04-26 12:00:00,W,Blackburn St,0,0,0,0
2025-04-26,16,10:00,151,9,12.0,1,1,30.13,0,2025-04-26 08:00:00,2025-04-26 12:00:00,W,Logan Ave,0,0,0,0
2025-04-26,16,10:00,151,9,12.0,1,1,30.13,0,2025-04-26 08:00:00,2025-04-26 12:00:00,W,Augusta Ave,0,0,0,0
2025-04-26,16,10:00,151,9,12.0,1,1,30.13,0,2025-04-26 08:00:00,2025-04-26 12:00:00,W,Beverley St,0,0,0,0
2025-04-26,16,10:00,151,9,12.0,1,1,30.13,0,2025-04-26 08:00:00,2025-04-26 12:00:00,W,University Ave (Queen's Park Station,0,0,0,0
2025-04-26,16,10:00,151,9,12.0,1,1,30.13,0,2025-04-26 08:00:00,2025-04-26 12:00:00,W,Elizabeth St,0,0,0,0
2025-04-26,16,10:00,151,9,12.0,1,1,30.13,0,2025-04-26 08:00:00,2025-04-26 12:00:00,W,Greenwood Ave,0,0,0,0
2025-04-26,16,10:00,151,9,12.0,1,1,30.13,0,2025-04-26 08:00:00,2025-04-26 12:00:00,W,Alton Ave,0,0,0,0
2025-04-26,16,10:00,151,9,12.0,1,1,30.13,0,2025-04-26 08:00:00,2025-04-26 12:00:00,W,Coxwell Ave,0,0,0,0
2025-04-26,16,10:00,151,9,12.0,1,1,30.13,0,2025-04-26 08:00:00,2025-04-26 12:00:00,W,Gerrard St East  at Coxwell Ave,0,0,0,0
2025-04-26,16,10:00,151,9,12.0,1,1,30.13,0,2025-04-26 08:00:00,2025-04-26 12:00:00,W,Coxwell Ave at Lower Gerrard St East,0,0,0,0
2025-04-26,16,10:00,151,9,12.0,1,1,30.13,0,2025-04-26 08:00:00,2025-04-26 12:00:00,W,Ashdale Ave,0,0,0,0
2025-04-26,16,10:00,151,9,12.0,1,1,30.13,0,2025-04-26 08:00:00,2025-04-26 12:00:00,W,Howard Park Ave at Indian Rd,0,0,0,0
2025-04-26,16,10:00,151,9,12.0,1,1,30.13,0,2025-04-26 08:00:00,2025-04-26 12:00:00,W,Dundas St West at Howard Park Ave,0,0,0,0
2025-04-26,16,10:00,151,9,12.0,1,1,30.13,0,2025-04-26 08:00:00,2025-04-26 12:00:00,W,Main St at Gerrard St East,0,0,0,0
2025-04-26,16,10:00,151,9,12.0,1,1,30.13,0,2025-04-26 08:00:00,2025-04-26 12:00:00,W,Main St,0,0,0,0
2025-04-26,16,10:00,151,9,12.0,1,1,30.13,0,2025-04-26 08:00:00,2025-04-26 12:00:00,W,Main St at Danforth Ave,0,0,0,0
2025-04-26,16,10:00,151,9,12.0,1,1,30.13,0,2025-04-26 08:00:00,2025-04-26 12:00:00,W,Howard Park Ave at Parkside Dr,0,0,0,0
2025-05-03,16,10:00,151,9,12.0,1,1,30.13,0,2025-05-03 08:00:00,2025-05-03 12:00:00,E,Woodfield Rd,1,2,4,0
2025-05-03,16,10:00,151,9,12.0,1,1,30.13,0,2025-05-03 08:00:00,2025-05-03 12:00:00,E,Coxwell Ave at Gerrard St East,0,0,0,0
2025-05-03,16,10:00,151,9,12.0,1,1,30.13,0,2025-05-03 08:00:00,2025-05-03 12:00:00,E,Euclid Ave,1,0,5,1
2025-05-03,16,10:00,151,9,12.0,1,1,30.13,0,2025-05-03 08:00:00,2025-05-03 12:00:00,E,Bowmore Rd,2,1,5,0
2025-05-03,16,10:00,151,9,12.0,1,1,30.13,0,2025-05-03 08:00:00,2025-05-03 12:00:00,E,Bay St,2,0,7,0
2025-05-03,16,10:00,151,9,12.0,1,1,30.13,0,2025-05-03 08:00:00,2025-05-03 12:00:00,E,Lansdowne Ave,3,1,7,0
2025-05-03,16,10:00,151,9,12.0,1,1,30.13,0,2025-05-03 08:00:00,2025-05-03 12:00:00,E,Indian Rd,3,2,6,2
2025-05-03,16,10:00,151,9,12.0,1,1,30.13,0,2025-05-03 08:00:00,2025-05-03 12:00:00,E,Grace St,3,0,10,1
2025-05-03,16,10:00,151,9,12.0,1,1,30.13,0,2025-05-03 08:00:00,2025-05-03 12:00:00,E,Dufferin St,1,2,5,0
2025-05-03,16,10:00,151,9,12.0,1,1,30.13,0,2025-05-03 08:00:00,2025-05-03 12:00:00,E,Gerrard St East at Beaton Ave,1,1,5,0
2025-05-03,16,10:00,151,9,12.0,1,1,30.13,0,2025-05-03 08:00:00,2025-05-03 12:00:00,E,Bathurst St,1,0,6,0
2025-05-03,16,10:00,151,9,12.0,1,1,30.13,0,2025-05-03 08:00:00,2025-05-03 12:00:00,E,Yonge St - College Station,2,0,5,0
2025-05-03,16,10:00,151,9,12.0,1,1,30.13,0,2025-05-03 08:00:00,2025-05-03 12:00:00,E,Dundas St West at Sterling Rd,3,0,4,0
2025-05-03,16,10:00,151,9,12.0,1,1,30.13,0,2025-05-03 08:00:00,2025-05-03 12:00:00,E,Brock Ave,3,1,9,0
2025-05-03,16,10:00,151,9,12.0,1,1,30.13,0,2025-05-03 08:00:00,2025-05-03 12:00:00,E,Sackville St,2,0,6,0
2025-05-03,16,10:00,151,9,12.0,1,1,30.13,0,2025-05-03 08:00:00,2025-05-03 12:00:00,E,Carlaw Ave,2,0,5,0
2025-05-03,16,10:00,151,9,12.0,1,1,30.13,0,2025-05-03 08:00:00,2025-05-03 12:00:00,E,Borden St,2,0,6,0
2025-05-03,16,10:00,151,9,12.0,1,1,30.13,0,2025-05-03 08:00:00,2025-05-03 12:00:00,E,Dundas St West at Sorauren Ave,3,0,4,0
2025-05-03,16,10:00,151,9,12.0,1,1,30.13,0,2025-05-03 08:00:00,2025-05-03 12:00:00,E,Crawford St,6,1,10,1
2025-05-03,16,10:00,151,9,12.0,1,1,30.13,0,2025-05-03 08:00:00,2025-05-03 12:00:00,E,Pape Ave,2,0,5,0
2025-05-03,16,10:00,151,9,12.0,1,1,30.13,0,2025-05-03 08:00:00,2025-05-03 12:00:00,E,Spadina Ave,2,0,6,0
2025-05-03,16,10:00,151,9,12.0,1,1,30.13,0,2025-05-03 08:00:00,2025-05-03 12:00:00,E,River St,1,0,5,0
2025-05-03,16,10:00,151,9,12.0,1,1,30.13,0,2025-05-03 08:00:00,2025-05-03 12:00:00,E,Marjory Ave,1,1,6,0
2025-05-03,16,10:00,151,9,12.0,1,1,30.13,0,2025-05-03 08:00:00,2025-05-03 12:00:00,E,Kingsmount Park Rd,1,1,4,0
2025-05-03,16,10:00,151,9,12.0,1,1,30.13,0,2025-05-03 08:00:00,2025-05-03 12:00:00,E,Church St,0,0,0,0
2025-05-03,16,10:00,151,9,12.0,1,1,30.13,0,2025-05-03 08:00:00,2025-05-03 12:00:00,E,Ossington Ave,4,0,11,1
2025-05-03,16,10:00,151,9,12.0,1,1,30.13,0,2025-05-03 08:00:00,2025-05-03 12:00:00,E,Woodbine Ave,2,2,5,0
2025-05-03,16,10:00,151,9,12.0,1,1,30.13,0,2025-05-03 08:00:00,2025-05-03 12:00:00,E,Jones Ave,1,0,6,0
2025-05-03,16,10:00,151,9,12.0,1,1,30.13,0,2025-05-03 08:00:00,2025-05-03 12:00:00,E,Golfview Ave,1,2,5,0
2025-05-03,16,10:00,151,9,12.0,1,1,30.13,0,2025-05-03 08:00:00,2025-05-03 12:00:00,E,Leslie St,1,0,6,0
2025-05-03,16,10:00,151,9,12.0,1,1,30.13,0,2025-05-03 08:00:00,2025-05-03 12:00:00,E,St Matthews Rd,1,0,5,0
2025-05-03,16,10:00,151,9,12.0,1,1,30.13,0,2025-05-03 08:00:00,2025-05-03 12:00:00,E,Jarvis St,1,0,3,1
2025-05-03,16,10:00,151,9,12.0,1,1,30.13,0,2025-05-03 08:00:00,2025-05-03 12:00:00,E,Sherbourne St,1,0,3,1
2025-05-03,16,10:00,151,9,12.0,1,1,30.13,0,2025-05-03 08:00:00,2025-05-03 12:00:00,E,St George St,1,1,7,0
2025-05-03,16,10:00,151,9,12.0,1,1,30.13,0,2025-05-03 08:00:00,2025-05-03 12:00:00,E,Dovercourt Rd,2,2,10,1
2025-05-03,16,10:00,151,9,12.0,1,1,30.13,0,2025-05-03 08:00:00,2025-05-03 12:00:00,E,Glenmount Park Rd,1,2,3,0
2025-05-03,16,10:00,151,9,12.0,1,1,30.13,0,2025-05-03 08:00:00,2025-05-03 12:00:00,E,Prust Ave,1,0,5,0
2025-05-03,16,10:00,151,9,12.0,1,1,30.13,0,2025-05-03 08:00:00,2025-05-03 12:00:00,E,Main Street Station at Bay 7,0,0,0,0
2025-05-03,16,10:00,151,9,12.0,1,1,30.13,0,2025-05-03 08:00:00,2025-05-03 12:00:00,E,Norwood Rd,2,1,3,0
2025-05-03,16,10:00,151,9,12.0,1,1,30.13,0,2025-05-03 08:00:00,2025-05-03 12:00:00,E,McCaul St,1,1,6,0
2025-05-03,16,10:00,151,9,12.0,1,1,30.13,0,2025-05-03 08:00:00,2025-05-03 12:00:00,E,Broadview Ave,1,0,6,0
2025-05-03,16,10:00,151,9,12.0,1,1,30.13,0,2025-05-03 08:00:00,2025-05-03 12:00:00,E,Ontario St,2,0,4,1
2025-05-03,16,10:00,151,9,12.0,1,1,30.13,0,2025-05-03 08:00:00,2025-05-03 12:00:00,E,Rusholme Park Cres,2,0,5,0
2025-05-03,16,10:00,151,9,12.0,1,1,30.13,0,2025-05-03 08:00:00,2025-05-03 12:00:00,E,Havelock St,1,1,5,0
2025-05-03,16,10:00,151,9,12.0,1,1,30.13,0,2025-05-03 08:00:00,2025-05-03 12:00:00,E,High Park Loop,8,4,13,4
2025-05-03,16,10:00,151,9,12.0,1,1,30.13,0,2025-05-03 08:00:00,2025-05-03 12:00:00,E,Queens Park (Queen's Park Station),1,1,6,0
2025-05-03,16,10:00,151,9,12.0,1,1,30.13,0,2025-05-03 08:00:00,2025-05-03 12:00:00,E,Roncesvalles Ave,2,0,5,0
2025-05-03,16,10:00,151,9,12.0,1,1,30.13,0,2025-05-03 08:00:00,2025-05-03 12:00:00,E,De Grassi St,2,0,4,0
2025-05-03,16,10:00,151,9,12.0,1,1,30.13,0,2025-05-03 08:00:00,2025-05-03 12:00:00,E,Parliament St at Carlton St,0,0,5,0
2025-05-03,16,10:00,151,9,12.0,1,1,30.13,0,2025-05-03 08:00:00,2025-05-03 12:00:00,E,Parkside Dr East Side,3,2,7,2
2025-05-03,16,10:00,151,9,12.0,1,1,30.13,0,2025-05-03 08:00:00,2025-05-03 12:00:00,E,Dundas St West,3,0,4,0
2025-05-03,16,10:00,151,9,12.0,1,1,30.13,0,2025-05-03 08:00:00,2025-05-03 12:00:00,E,Howard Park Ave at Roncesvalles Ave,0,0,0,0
2025-05-03,16,10:00,151,9,12.0,1,1,30.13,0,2025-05-03 08:00:00,2025-05-03 12:00:00,E,Parliament St,0,0,0,0
2025-05-03,16,10:00,151,9,12.0,1,1,30.13,0,2025-05-03 08:00:00,2025-05-03 12:00:00,E,Parliament St at Gerrard St East,0,0,0,0
2025-05-03,16,10:00,151,9,12.0,1,1,30.13,0,2025-05-03 08:00:00,2025-05-03 12:00:00,E,Sumach St,0,0,0,0
2025-05-03,16,10:00,151,9,12.0,1,1,30.13,0,2025-05-03 08:00:00,2025-05-03 12:00:00,E,Blackburn St,0,0,0,0
2025-05-03,16,10:00,151,9,12.0,1,1,30.13,0,2025-05-03 08:00:00,2025-05-03 12:00:00,E,Logan Ave,0,0,0,0
2025-05-03,16,10:00,151,9,12.0,1,1,30.13,0,2025-05-03 08:00:00,2025-05-03 12:00:00,E,Augusta Ave,0,0,0,0
2025-05-03,16,10:00,151,9,12.0,1,1,30.13,0,2025-05-03 08:00:00,2025-05-03 12:00:00,E,Beverley St,0,0,0,0
2025-05-03,16,10:00,151,9,12.0,1,1,30.13,0,2025-05-03 08:00:00,2025-05-03 12:00:00,E,University Ave (Queen's Park Station,0,0,0,0
2025-05-03,16,10:00,151,9,12.0,1,1,30.13,0,2025-05-03 08:00:00,2025-05-03 12:00:00,E,Elizabeth St,0,0,0,0
2025-05-03,16,10:00,151,9,12.0,1,1,30.13,0,2025-05-03 08:00:00,2025-05-03 12:00:00,E,Greenwood Ave,0,0,0,0
2025-05-03,16,10:00,151,9,12.0,1,1,30.13,0,2025-05-03 08:00:00,2025-05-03 12:00:00,E,Alton Ave,0,0,0,0
2025-05-03,16,10:00,151,9,12.0,1,1,30.13,0,2025-05-03 08:00:00,2025-05-03 12:00:00,E,Coxwell Ave,0,0,0,0
2025-05-03,16,10:00,151,9,12.0,1,1,30.13,0,2025-05-03 08:00:00,2025-05-03 12:00:00,E,Gerrard St East  at Coxwell Ave,0,0,0,0
2025-05-03,16,10:00,151,9,12.0,1,1,30.13,0,2025-05-03 08:00:00,2025-05-03 12:00:00,E,Coxwell Ave at Lower Gerrard St East,0,0,0,0
2025-05-03,16,10:00,151,9,12.0,1,1,30.13,0,2025-05-03 08:00:00,2025-05-03 12:00:00,E,Ashdale Ave,0,0,0,0
2025-05-03,16,10:00,151,9,12.0,1,1,30.13,0,2025-05-03 08:00:00,2025-05-03 12:00:00,E,Howard Park Ave at Indian Rd,0,0,0,0
2025-05-03,16,10:00,151,9,12.0,1,1,30.13,0,2025-05-03 08:00:00,2025-05-03 12:00:00,E,Dundas St West at Howard Park Ave,0,0,0,0
2025-05-03,16,10:00,151,9,12.0,1,1,30.13,0,2025-05-03 08:00:00,2025-05-03 12:00:00,E,Main St at Gerrard St East,0,0,0,0
2025-05-03,16,10:00,151,9,12.0,1,1,30.13,0,2025-05-03 08:00:00,2025-05-03 12:00:00,E,Main St,0,0,0,0
2025-05-03,16,10:00,151,9,12.0,1,1,30.13,0,2025-05-03 08:00:00,2025-05-03 12:00:00,E,Main St at Danforth Ave,0,0,0,0
2025-05-03,16,10:00,151,9,12.0,1,1,30.13,0,2025-05-03 08:00:00,2025-05-03 12:00:00,E,Howard Park Ave at Parkside Dr,0,0,0,0
2025-05-03,16,10:00,151,9,12.0,1,1,30.13,0,2025-05-03 08:00:00,2025-05-03 12:00:00,W,Woodfield Rd,5,0,4,0
2025-05-03,16,10:00,151,9,12.0,1,1,30.13,0,2025-05-03 08:00:00,2025-05-03 12:00:00,W,Coxwell Ave at Gerrard St East,3,0,4,0
2025-05-03,16,10:00,151,9,12.0,1,1,30.13,0,2025-05-03 08:00:00,2025-05-03 12:00:00,W,Euclid Ave,0,0,0,0
2025-05-03,16,10:00,151,9,12.0,1,1,30.13,0,2025-05-03 08:00:00,2025-05-03 12:00:00,W,Bowmore Rd,2,1,1,0
2025-05-03,16,10:00,151,9,12.0,1,1,30.13,0,2025-05-03 08:00:00,2025-05-03 12:00:00,W,Bay St,3,1,7,0
2025-05-03,16,10:00,151,9,12.0,1,1,30.13,0,2025-05-03 08:00:00,2025-05-03 12:00:00,W,Lansdowne Ave,0,0,0,0
2025-05-03,16,10:00,151,9,12.0,1,1,30.13,0,2025-05-03 08:00:00,2025-05-03 12:00:00,W,Indian Rd,4,3,5,1
2025-05-03,16,10:00,151,9,12.0,1,1,30.13,0,2025-05-03 08:00:00,2025-05-03 12:00:00,W,Grace St,0,0,0,0
2025-05-03,16,10:00,151,9,12.0,1,1,30.13,0,2025-05-03 08:00:00,2025-05-03 12:00:00,W,Dufferin St,6,3,7,0
2025-05-03,16,10:00,151,9,12.0,1,1,30.13,0,2025-05-03 08:00:00,2025-05-03 12:00:00,W,Gerrard St East at Beaton Ave,3,0,4,0
2025-05-03,16,10:00,151,9,12.0,1,1,30.13,0,2025-05-03 08:00:00,2025-05-03 12:00:00,W,Bathurst St,0,0,0,0
2025-05-03,16,10:00,151,9,12.0,1,1,30.13,0,2025-05-03 08:00:00,2025-05-03 12:00:00,W,Yonge St - College Station,0,0,0,0
2025-05-03,16,10:00,151,9,12.0,1,1,30.13,0,2025-05-03 08:00:00,2025-05-03 12:00:00,W,Dundas St West at Sterling Rd,0,0,0,0
2025-05-03,16,10:00,151,9,12.0,1,1,30.13,0,2025-05-03 08:00:00,2025-05-03 12:00:00,W,Brock Ave,0,0,0,0
2025-05-03,16,10:00,151,9,12.0,1,1,30.13,0,2025-05-03 08:00:00,2025-05-03 12:00:00,W,Sackville St,7,2,7,0
2025-05-03,16,10:00,151,9,12.0,1,1,30.13,0,2025-05-03 08:00:00,2025-05-03 12:00:00,W,Carlaw Ave,0,0,0,0
2025-05-03,16,10:00,151,9,12.0,1,1,30.13,0,2025-05-03 08:00:00,2025-05-03 12:00:00,W,Borden St,0,0,0,0
2025-05-03,16,10:00,151,9,12.0,1,1,30.13,0,2025-05-03 08:00:00,2025-05-03 12:00:00,W,Dundas St West at Sorauren Ave,3,5,4,0
2025-05-03,16,10:00,151,9,12.0,1,1,30.13,0,2025-05-03 08:00:00,2025-05-03 12:00:00,W,Crawford St,0,0,0,0
2025-05-03,16,10:00,151,9,12.0,1,1,30.13,0,2025-05-03 08:00:00,2025-05-03 12:00:00,W,Pape Ave,0,0,0,0
2025-05-03,16,10:00,151,9,12.0,1,1,30.13,0,2025-05-03 08:00:00,2025-05-03 12:00:00,W,Spadina Ave,4,2,7,0
2025-05-03,16,10:00,151,9,12.0,1,1,30.13,0,2025-05-03 08:00:00,2025-05-03 12:00:00,W,River St,7,1,7,0
2025-05-03,16,10:00,151,9,12.0,1,1,30.13,0,2025-05-03 08:00:00,2025-05-03 12:00:00,W,Marjory Ave,0,0,0,0
2025-05-03,16,10:00,151,9,12.0,1,1,30.13,0,2025-05-03 08:00:00,2025-05-03 12:00:00,W,Kingsmount Park Rd,0,0,0,0
2025-05-03,16,10:00,151,9,12.0,1,1,30.13,0,2025-05-03 08:00:00,2025-05-03 12:00:00,W,Church St,0,0,0,0
2025-05-03,16,10:00,151,9,12.0,1,1,30.13,0,2025-05-03 08:00:00,2025-05-03 12:00:00,W,Ossington Ave,0,0,0,0
2025-05-03,16,10:00,151,9,12.0,1,1,30.13,0,2025-05-03 08:00:00,2025-05-03 12:00:00,W,Woodbine Ave,0,0,0,0
2025-05-03,16,10:00,151,9,12.0,1,1,30.13,0,2025-05-03 08:00:00,2025-05-03 12:00:00,W,Jones Ave,0,0,0,0
2025-05-03,16,10:00,151,9,12.0,1,1,30.13,0,2025-05-03 08:00:00,2025-05-03 12:00:00,W,Golfview Ave,0,0,0,0
2025-05-03,16,10:00,151,9,12.0,1,1,30.13,0,2025-05-03 08:00:00,2025-05-03 12:00:00,W,Leslie St,0,0,0,0
2025-05-03,16,10:00,151,9,12.0,1,1,30.13,0,2025-05-03 08:00:00,2025-05-03 12:00:00,W,St Matthews Rd,0,0,0,0
2025-05-03,16,10:00,151,9,12.0,1,1,30.13,0,2025-05-03 08:00:00,2025-05-03 12:00:00,W,Jarvis St,0,0,0,0
2025-05-03,16,10:00,151,9,12.0,1,1,30.13,0,2025-05-03 08:00:00,2025-05-03 12:00:00,W,Sherbourne St,0,0,0,0
2025-05-03,16,10:00,151,9,12.0,1,1,30.13,0,2025-05-03 08:00:00,2025-05-03 12:00:00,W,St George St,0,0,0,0
2025-05-03,16,10:00,151,9,12.0,1,1,30.13,0,2025-05-03 08:00:00,2025-05-03 12:00:00,W,Dovercourt Rd,0,0,0,0
2025-05-03,16,10:00,151,9,12.0,1,1,30.13,0,2025-05-03 08:00:00,2025-05-03 12:00:00,W,Glenmount Park Rd,0,0,0,0
2025-05-03,16,10:00,151,9,12.0,1,1,30.13,0,2025-05-03 08:00:00,2025-05-03 12:00:00,W,Prust Ave,0,0,0,0
2025-05-03,16,10:00,151,9,12.0,1,1,30.13,0,2025-05-03 08:00:00,2025-05-03 12:00:00,W,Main Street Station at Bay 7,1,0,1,0
2025-05-03,16,10:00,151,9,12.0,1,1,30.13,0,2025-05-03 08:00:00,2025-05-03 12:00:00,W,Norwood Rd,0,0,0,0
2025-05-03,16,10:00,151,9,12.0,1,1,30.13,0,2025-05-03 08:00:00,2025-05-03 12:00:00,W,McCaul St,0,0,0,0
2025-05-03,16,10:00,151,9,12.0,1,1,30.13,0,2025-05-03 08:00:00,2025-05-03 12:00:00,W,Broadview Ave,0,0,0,0
2025-05-03,16,10:00,151,9,12.0,1,1,30.13,0,2025-05-03 08:00:00,2025-05-03 12:00:00,W,Ontario St,0,0,0,0
2025-05-03,16,10:00,151,9,12.0,1,1,30.13,0,2025-05-03 08:00:00,2025-05-03 12:00:00,W,Rusholme Park Cres,0,0,0,0
2025-05-03,16,10:00,151,9,12.0,1,1,30.13,0,2025-05-03 08:00:00,2025-05-03 12:00:00,W,Havelock St,0,0,0,0
2025-05-03,16,10:00,151,9,12.0,1,1,30.13,0,2025-05-03 08:00:00,2025-05-03 12:00:00,W,High Park Loop,0,0,0,0
2025-05-03,16,10:00,151,9,12.0,1,1,30.13,0,2025-05-03 08:00:00,2025-05-03 12:00:00,W,Queens Park (Queen's Park Station),0,0,0,0
2025-05-03,16,10:00,151,9,12.0,1,1,30.13,0,2025-05-03 08:00:00,2025-05-03 12:00:00,W,Roncesvalles Ave,3,3,3,1
2025-05-03,16,10:00,151,9,12.0,1,1,30.13,0,2025-05-03 08:00:00,2025-05-03 12:00:00,W,De Grassi St,0,0,0,0
2025-05-03,16,10:00,151,9,12.0,1,1,30.13,0,2025-05-03 08:00:00,2025-05-03 12:00:00,W,Parliament St at Carlton St,0,0,0,0
2025-05-03,16,10:00,151,9,12.0,1,1,30.13,0,2025-05-03 08:00:00,2025-05-03 12:00:00,W,Parkside Dr East Side,0,0,0,0
2025-05-03,16,10:00,151,9,12.0,1,1,30.13,0,2025-05-03 08:00:00,2025-05-03 12:00:00,W,Dundas St West,2,5,4,0
2025-05-03,16,10:00,151,9,12.0,1,1,30.13,0,2025-05-03 08:00:00,2025-05-03 12:00:00,W,Howard Park Ave at Roncesvalles Ave,0,0,0,0
2025-05-03,16,10:00,151,9,12.0,1,1,30.13,0,2025-05-03 08:00:00,2025-05-03 12:00:00,W,Parliament St,0,0,0,0
2025-05-03,16,10:00,151,9,12.0,1,1,30.13,0,2025-05-03 08:00:00,2025-05-03 12:00:00,W,Parliament St at Gerrard St East,0,0,0,0
2025-05-03,16,10:00,151,9,12.0,1,1,30.13,0,2025-05-03 08:00:00,2025-05-03 12:00:00,W,Sumach St,0,0,0,0
2025-05-03,16,10:00,151,9,12.0,1,1,30.13,0,2025-05-03 08:00:00,2025-05-03 12:00:00,W,Blackburn St,0,0,0,0
2025-05-03,16,10:00,151,9,12.0,1,1,30.13,0,2025-05-03 08:00:00,2025-05-03 12:00:00,W,Logan Ave,0,0,0,0
2025-05-03,16,10:00,151,9,12.0,1,1,30.13,0,2025-05-03 08:00:00,2025-05-03 12:00:00,W,Augusta Ave,0,0,0,0
2025-05-03,16,10:00,151,9,12.0,1,1,30.13,0,2025-05-03 08:00:00,2025-05-03 12:00:00,W,Beverley St,0,0,0,0
2025-05-03,16,10:00,151,9,12.0,1,1,30.13,0,2025-05-03 08:00:00,2025-05-03 12:00:00,W,University Ave (Queen's Park Station,0,0,0,0
2025-05-03,16,10:00,151,9,12.0,1,1,30.13,0,2025-05-03 08:00:00,2025-05-03 12:00:00,W,Elizabeth St,0,0,0,0
2025-05-03,16,10:00,151,9,12.0,1,1,30.13,0,2025-05-03 08:00:00,2025-05-03 12:00:00,W,Greenwood Ave,0,0,0,0
2025-05-03,16,10:00,151,9,12.0,1,1,30.13,0,2025-05-03 08:00:00,2025-05-03 12:00:00,W,Alton Ave,0,0,0,0
2025-05-03,16,10:00,151,9,12.0,1,1,30.13,0,2025-05-03 08:00:00,2025-05-03 12:00:00,W,Coxwell Ave,0,0,0,0
2025-05-03,16,10:00,151,9,12.0,1,1,30.13,0,2025-05-03 08:00:00,2025-05-03 12:00:00,W,Gerrard St East  at Coxwell Ave,1,0,0,2
2025-05-03,16,10:00,151,9,12.0,1,1,30.13,0,2025-05-03 08:00:00,2025-05-03 12:00:00,W,Coxwell Ave at Lower Gerrard St East,2,0,0,3
2025-05-03,16,10:00,151,9,12.0,1,1,30.13,0,2025-05-03 08:00:00,2025-05-03 12:00:00,W,Ashdale Ave,0,0,0,0
2025-05-03,16,10:00,151,9,12.0,1,1,30.13,0,2025-05-03 08:00:00,2025-05-03 12:00:00,W,Howard Park Ave at Indian Rd,0,0,0,0
2025-05-03,16,10:00,151,9,12.0,1,1,30.13,0,2025-05-03 08:00:00,2025-05-03 12:00:00,W,Dundas St West at Howard Park Ave,0,0,0,0
2025-05-03,16,10:00,151,9,12.0,1,1,30.13,0,2025-05-03 08:00:00,2025-05-03 12:00:00,W,Main St at Gerrard St East,1,0,0,1
2025-05-03,16,10:00,151,9,12.0,1,1,30.13,0,2025-05-03 08:00:00,2025-05-03 12:00:00,W,Main St,0,0,0,0
2025-05-03,16,10:00,151,9,12.0,1,1,30.13,0,2025-05-03 08:00:00,2025-05-03 12:00:00,W,Main St at Danforth Ave,0,0,0,0
2025-05-03,16,10:00,151,9,12.0,1,1,30.13,0,2025-05-03 08:00:00,2025-05-03 12:00:00,W,Howard Park Ave at Parkside Dr,0,0,0,0
2025-05-10,16,10:00,151,9,12.0,1,1,30.13,0,2025-05-10 08:00:00,2025-05-10 12:00:00,E,Woodfield Rd,4,1,4,1
2025-05-10,16,10:00,151,9,12.0,1,1,30.13,0,2025-05-10 08:00:00,2025-05-10 12:00:00,E,Coxwell Ave at Gerrard St East,0,0,0,0
2025-05-10,16,10:00,151,9,12.0,1,1,30.13,0,2025-05-10 08:00:00,2025-05-10 12:00:00,E,Euclid Ave,3,3,2,2
2025-05-10,16,10:00,151,9,12.0,1,1,30.13,0,2025-05-10 08:00:00,2025-05-10 12:00:00,E,Bowmore Rd,0,0,0,0
2025-05-10,16,10:00,151,9,12.0,1,1,30.13,0,2025-05-10 08:00:00,2025-05-10 12:00:00,E,Bay St,3,3,3,2
2025-05-10,16,10:00,151,9,12.0,1,1,30.13,0,2025-05-10 08:00:00,2025-05-10 12:00:00,E,Lansdowne Ave,1,2,1,2
2025-05-10,16,10:00,151,9,12.0,1,1,30.13,0,2025-05-10 08:00:00,2025-05-10 12:00:00,E,Indian Rd,1,3,0,1
2025-05-10,16,10:00,151,9,12.0,1,1,30.13,0,2025-05-10 08:00:00,2025-05-10 12:00:00,E,Grace St,4,5,1,4
2025-05-10,16,10:00,151,9,12.0,1,1,30.13,0,2025-05-10 08:00:00,2025-05-10 12:00:00,E,Dufferin St,11,1,3,1
2025-05-10,16,10:00,151,9,12.0,1,1,30.13,0,2025-05-10 08:00:00,2025-05-10 12:00:00,E,Gerrard St East at Beaton Ave,0,0,0,0
2025-05-10,16,10:00,151,9,12.0,1,1,30.13,0,2025-05-10 08:00:00,2025-05-10 12:00:00,E,Bathurst St,2,3,3,2
2025-05-10,16,10:00,151,9,12.0,1,1,30.13,0,2025-05-10 08:00:00,2025-05-10 12:00:00,E,Yonge St - College Station,2,3,3,1
2025-05-10,16,10:00,151,9,12.0,1,1,30.13,0,2025-05-10 08:00:00,2025-05-10 12:00:00,E,Dundas St West at Sterling Rd,1,2,1,2
2025-05-10,16,10:00,151,9,12.0,1,1,30.13,0,2025-05-10 08:00:00,2025-05-10 12:00:00,E,Brock Ave,1,2,1,3
2025-05-10,16,10:00,151,9,12.0,1,1,30.13,0,2025-05-10 08:00:00,2025-05-10 12:00:00,E,Sackville St,3,2,1,3
2025-05-10,16,10:00,151,9,12.0,1,1,30.13,0,2025-05-10 08:00:00,2025-05-10 12:00:00,E,Carlaw Ave,1,3,3,1
2025-05-10,16,10:00,151,9,12.0,1,1,30.13,0,2025-05-10 08:00:00,2025-05-10 12:00:00,E,Borden St,2,3,3,2
2025-05-10,16,10:00,151,9,12.0,1,1,30.13,0,2025-05-10 08:00:00,2025-05-10 12:00:00,E,Dundas St West at Sorauren Ave,1,2,0,3
2025-05-10,16,10:00,151,9,12.0,1,1,30.13,0,2025-05-10 08:00:00,2025-05-10 12:00:00,E,Crawford St,4,5,1,4
2025-05-10,16,10:00,151,9,12.0,1,1,30.13,0,2025-05-10 08:00:00,2025-05-10 12:00:00,E,Pape Ave,2,3,3,1
2025-05-10,16,10:00,151,9,12.0,1,1,30.13,0,2025-05-10 08:00:00,2025-05-10 12:00:00,E,Spadina Ave,3,3,3,2
2025-05-10,16,10:00,151,9,12.0,1,1,30.13,0,2025-05-10 08:00:00,2025-05-10 12:00:00,E,River St,3,3,2,2
2025-05-10,16,10:00,151,9,12.0,1,1,30.13,0,2025-05-10 08:00:00,2025-05-10 12:00:00,E,Marjory Ave,1,3,4,1
2025-05-10,16,10:00,151,9,12.0,1,1,30.13,0,2025-05-10 08:00:00,2025-05-10 12:00:00,E,Kingsmount Park Rd,0,0,0,0
2025-05-10,16,10:00,151,9,12.0,1,1,30.13,0,2025-05-10 08:00:00,2025-05-10 12:00:00,E,Church St,0,0,0,0
2025-05-10,16,10:00,151,9,12.0,1,1,30.13,0,2025-05-10 08:00:00,2025-05-10 12:00:00,E,Ossington Ave,4,4,5,2
2025-05-10,16,10:00,151,9,12.0,1,1,30.13,0,2025-05-10 08:00:00,2025-05-10 12:00:00,E,Woodbine Ave,0,0,0,0
2025-05-10,16,10:00,151,9,12.0,1,1,30.13,0,2025-05-10 08:00:00,2025-05-10 12:00:00,E,Jones Ave,3,3,4,1
2025-05-10,16,10:00,151,9,12.0,1,1,30.13,0,2025-05-10 08:00:00,2025-05-10 12:00:00,E,Golfview Ave,0,0,0,0
2025-05-10,16,10:00,151,9,12.0,1,1,30.13,0,2025-05-10 08:00:00,2025-05-10 12:00:00,E,Leslie St,2,3,4,1
2025-05-10,16,10:00,151,9,12.0,1,1,30.13,0,2025-05-10 08:00:00,2025-05-10 12:00:00,E,St Matthews Rd,3,3,1,2
2025-05-10,16,10:00,151,9,12.0,1,1,30.13,0,2025-05-10 08:00:00,2025-05-10 12:00:00,E,Jarvis St,1,2,1,3
2025-05-10,16,10:00,151,9,12.0,1,1,30.13,0,2025-05-10 08:00:00,2025-05-10 12:00:00,E,Sherbourne St,1,2,1,3
2025-05-10,16,10:00,151,9,12.0,1,1,30.13,0,2025-05-10 08:00:00,2025-05-10 12:00:00,E,St George St,1,3,3,2
2025-05-10,16,10:00,151,9,12.0,1,1,30.13,0,2025-05-10 08:00:00,2025-05-10 12:00:00,E,Dovercourt Rd,3,5,4,3
2025-05-10,16,10:00,151,9,12.0,1,1,30.13,0,2025-05-10 08:00:00,2025-05-10 12:00:00,E,Glenmount Park Rd,0,0,0,0
2025-05-10,16,10:00,151,9,12.0,1,1,30.13,0,2025-05-10 08:00:00,2025-05-10 12:00:00,E,Prust Ave,2,3,4,1
2025-05-10,16,10:00,151,9,12.0,1,1,30.13,0,2025-05-10 08:00:00,2025-05-10 12:00:00,E,Main Street Station at Bay 7,0,0,0,0
2025-05-10,16,10:00,151,9,12.0,1,1,30.13,0,2025-05-10 08:00:00,2025-05-10 12:00:00,E,Norwood Rd,0,0,0,0
2025-05-10,16,10:00,151,9,12.0,1,1,30.13,0,2025-05-10 08:00:00,2025-05-10 12:00:00,E,McCaul St,3,3,3,2
2025-05-10,16,10:00,151,9,12.0,1,1,30.13,0,2025-05-10 08:00:00,2025-05-10 12:00:00,E,Broadview Ave,3,2,1,2
2025-05-10,16,10:00,151,9,12.0,1,1,30.13,0,2025-05-10 08:00:00,2025-05-10 12:00:00,E,Ontario St,1,2,1,3
2025-05-10,16,10:00,151,9,12.0,1,1,30.13,0,2025-05-10 08:00:00,2025-05-10 12:00:00,E,Rusholme Park Cres,1,1,0,2
2025-05-10,16,10:00,151,9,12.0,1,1,30.13,0,2025-05-10 08:00:00,2025-05-10 12:00:00,E,Havelock St,3,3,3,1
2025-05-10,16,10:00,151,9,12.0,1,1,30.13,0,2025-05-10 08:00:00,2025-05-10 12:00:00,E,High Park Loop,2,6,2,2
2025-05-10,16,10:00,151,9,12.0,1,1,30.13,0,2025-05-10 08:00:00,2025-05-10 12:00:00,E,Queens Park (Queen's Park Station),2,3,3,2
2025-05-10,16,10:00,151,9,12.0,1,1,30.13,0,2025-05-10 08:00:00,2025-05-10 12:00:00,E,Roncesvalles Ave,0,2,0,3
2025-05-10,16,10:00,151,9,12.0,1,1,30.13,0,2025-05-10 08:00:00,2025-05-10 12:00:00,E,De Grassi St,4,3,1,2
2025-05-10,16,10:00,151,9,12.0,1,1,30.13,0,2025-05-10 08:00:00,2025-05-10 12:00:00,E,Parliament St at Carlton St,2,2,1,3
2025-05-10,16,10:00,151,9,12.0,1,1,30.13,0,2025-05-10 08:00:00,2025-05-10 12:00:00,E,Parkside Dr East Side,1,3,4,1
2025-05-10,16,10:00,151,9,12.0,1,1,30.13,0,2025-05-10 08:00:00,2025-05-10 12:00:00,E,Dundas St West,2,2,1,3
2025-05-10,16,10:00,151,9,12.0,1,1,30.13,0,2025-05-10 08:00:00,2025-05-10 12:00:00,E,Howard Park Ave at Roncesvalles Ave,0,0,0,0
2025-05-10,16,10:00,151,9,12.0,1,1,30.13,0,2025-05-10 08:00:00,2025-05-10 12:00:00,E,Parliament St,0,0,0,0
2025-05-10,16,10:00,151,9,12.0,1,1,30.13,0,2025-05-10 08:00:00,2025-05-10 12:00:00,E,Parliament St at Gerrard St East,0,0,0,0
2025-05-10,16,10:00,151,9,12.0,1,1,30.13,0,2025-05-10 08:00:00,2025-05-10 12:00:00,E,Sumach St,0,0,0,0
2025-05-10,16,10:00,151,9,12.0,1,1,30.13,0,2025-05-10 08:00:00,2025-05-10 12:00:00,E,Blackburn St,0,0,0,0
2025-05-10,16,10:00,151,9,12.0,1,1,30.13,0,2025-05-10 08:00:00,2025-05-10 12:00:00,E,Logan Ave,0,0,0,0
2025-05-10,16,10:00,151,9,12.0,1,1,30.13,0,2025-05-10 08:00:00,2025-05-10 12:00:00,E,Augusta Ave,0,0,0,0
2025-05-10,16,10:00,151,9,12.0,1,1,30.13,0,2025-05-10 08:00:00,2025-05-10 12:00:00,E,Beverley St,0,0,0,0
2025-05-10,16,10:00,151,9,12.0,1,1,30.13,0,2025-05-10 08:00:00,2025-05-10 12:00:00,E,University Ave (Queen's Park Station,0,0,0,0
2025-05-10,16,10:00,151,9,12.0,1,1,30.13,0,2025-05-10 08:00:00,2025-05-10 12:00:00,E,Elizabeth St,0,0,0,0
2025-05-10,16,10:00,151,9,12.0,1,1,30.13,0,2025-05-10 08:00:00,2025-05-10 12:00:00,E,Greenwood Ave,0,0,0,0
2025-05-10,16,10:00,151,9,12.0,1,1,30.13,0,2025-05-10 08:00:00,2025-05-10 12:00:00,E,Alton Ave,0,0,0,0
2025-05-10,16,10:00,151,9,12.0,1,1,30.13,0,2025-05-10 08:00:00,2025-05-10 12:00:00,E,Coxwell Ave,0,0,0,0
2025-05-10,16,10:00,151,9,12.0,1,1,30.13,0,2025-05-10 08:00:00,2025-05-10 12:00:00,E,Gerrard St East  at Coxwell Ave,0,0,0,0
2025-05-10,16,10:00,151,9,12.0,1,1,30.13,0,2025-05-10 08:00:00,2025-05-10 12:00:00,E,Coxwell Ave at Lower Gerrard St East,0,0,0,0
2025-05-10,16,10:00,151,9,12.0,1,1,30.13,0,2025-05-10 08:00:00,2025-05-10 12:00:00,E,Ashdale Ave,0,0,0,0
2025-05-10,16,10:00,151,9,12.0,1,1,30.13,0,2025-05-10 08:00:00,2025-05-10 12:00:00,E,Howard Park Ave at Indian Rd,0,0,0,0
2025-05-10,16,10:00,151,9,12.0,1,1,30.13,0,2025-05-10 08:00:00,2025-05-10 12:00:00,E,Dundas St West at Howard Park Ave,0,0,0,0
2025-05-10,16,10:00,151,9,12.0,1,1,30.13,0,2025-05-10 08:00:00,2025-05-10 12:00:00,E,Main St at Gerrard St East,0,0,0,0
2025-05-10,16,10:00,151,9,12.0,1,1,30.13,0,2025-05-10 08:00:00,2025-05-10 12:00:00,E,Main St,0,0,0,0
2025-05-10,16,10:00,151,9,12.0,1,1,30.13,0,2025-05-10 08:00:00,2025-05-10 12:00:00,E,Main St at Danforth Ave,0,0,0,0
2025-05-10,16,10:00,151,9,12.0,1,1,30.13,0,2025-05-10 08:00:00,2025-05-10 12:00:00,E,Howard Park Ave at Parkside Dr,0,0,0,0
2025-05-10,16,10:00,151,9,12.0,1,1,30.13,0,2025-05-10 08:00:00,2025-05-10 12:00:00,W,Woodfield Rd,3,0,1,0
2025-05-10,16,10:00,151,9,12.0,1,1,30.13,0,2025-05-10 08:00:00,2025-05-10 12:00:00,W,Coxwell Ave at Gerrard St East,3,1,1,0
2025-05-10,16,10:00,151,9,12.0,1,1,30.13,0,2025-05-10 08:00:00,2025-05-10 12:00:00,W,Euclid Ave,0,0,0,0
2025-05-10,16,10:00,151,9,12.0,1,1,30.13,0,2025-05-10 08:00:00,2025-05-10 12:00:00,W,Bowmore Rd,0,0,0,0
2025-05-10,16,10:00,151,9,12.0,1,1,30.13,0,2025-05-10 08:00:00,2025-05-10 12:00:00,W,Bay St,1,2,2,0
2025-05-10,16,10:00,151,9,12.0,1,1,30.13,0,2025-05-10 08:00:00,2025-05-10 12:00:00,W,Lansdowne Ave,0,0,0,0
2025-05-10,16,10:00,151,9,12.0,1,1,30.13,0,2025-05-10 08:00:00,2025-05-10 12:00:00,W,Indian Rd,0,5,3,0
2025-05-10,16,10:00,151,9,12.0,1,1,30.13,0,2025-05-10 08:00:00,2025-05-10 12:00:00,W,Grace St,0,0,0,0
2025-05-10,16,10:00,151,9,12.0,1,1,30.13,0,2025-05-10 08:00:00,2025-05-10 12:00:00,W,Dufferin St,4,4,4,1
2025-05-10,16,10:00,151,9,12.0,1,1,30.13,0,2025-05-10 08:00:00,2025-05-10 12:00:00,W,Gerrard St East at Beaton Ave,2,2,1,0
2025-05-10,16,10:00,151,9,12.0,1,1,30.13,0,2025-05-10 08:00:00,2025-05-10 12:00:00,W,Bathurst St,0,0,0,0
2025-05-10,16,10:00,151,9,12.0,1,1,30.13,0,2025-05-10 08:00:00,2025-05-10 12:00:00,W,Yonge St - College Station,0,0,0,0
2025-05-10,16,10:00,151,9,12.0,1,1,30.13,0,2025-05-10 08:00:00,2025-05-10 12:00:00,W,Dundas St West at Sterling Rd,0,0,0,0
2025-05-10,16,10:00,151,9,12.0,1,1,30.13,0,2025-05-10 08:00:00,2025-05-10 12:00:00,W,Brock Ave,0,0,0,0
2025-05-10,16,10:00,151,9,12.0,1,1,30.13,0,2025-05-10 08:00:00,2025-05-10 12:00:00,W,Sackville St,5,3,6,0
2025-05-10,16,10:00,151,9,12.0,1,1,30.13,0,2025-05-10 08:00:00,2025-05-10 12:00:00,W,Carlaw Ave,0,0,0,0
2025-05-10,16,10:00,151,9,12.0,1,1,30.13,0,2025-05-10 08:00:00,2025-05-10 12:00:00,W,Borden St,0,0,0,0
2025-05-10,16,10:00,151,9,12.0,1,1,30.13,0,2025-05-10 08:00:00,2025-05-10 12:00:00,W,Dundas St West at Sorauren Ave,0,4,1,0
2025-05-10,16,10:00,151,9,12.0,1,1,30.13,0,2025-05-10 08:00:00,2025-05-10 12:00:00,W,Crawford St,0,0,0,0
2025-05-10,16,10:00,151,9,12.0,1,1,30.13,0,2025-05-10 08:00:00,2025-05-10 12:00:00,W,Pape Ave,0,0,0,0
2025-05-10,16,10:00,151,9,12.0,1,1,30.13,0,2025-05-10 08:00:00,2025-05-10 12:00:00,W,Spadina Ave,6,2,4,0
2025-05-10,16,10:00,151,9,12.0,1,1,30.13,0,2025-05-10 08:00:00,2025-05-10 12:00:00,W,River St,6,3,6,0
2025-05-10,16,10:00,151,9,12.0,1,1,30.13,0,2025-05-10 08:00:00,2025-05-10 12:00:00,W,Marjory Ave,0,0,0,0
2025-05-10,16,10:00,151,9,12.0,1,1,30.13,0,2025-05-10 08:00:00,2025-05-10 12:00:00,W,Kingsmount Park Rd,0,0,0,0
2025-05-10,16,10:00,151,9,12.0,1,1,30.13,0,2025-05-10 08:00:00,2025-05-10 12:00:00,W,Church St,0,0,0,0
2025-05-10,16,10:00,151,9,12.0,1,1,30.13,0,2025-05-10 08:00:00,2025-05-10 12:00:00,W,Ossington Ave,0,0,0,0
2025-05-10,16,10:00,151,9,12.0,1,1,30.13,0,2025-05-10 08:00:00,2025-05-10 12:00:00,W,Woodbine Ave,0,0,0,0
2025-05-10,16,10:00,151,9,12.0,1,1,30.13,0,2025-05-10 08:00:00,2025-05-10 12:00:00,W,Jones Ave,0,0,0,0
2025-05-10,16,10:00,151,9,12.0,1,1,30.13,0,2025-05-10 08:00:00,2025-05-10 12:00:00,W,Golfview Ave,0,0,0,0
2025-05-10,16,10:00,151,9,12.0,1,1,30.13,0,2025-05-10 08:00:00,2025-05-10 12:00:00,W,Leslie St,0,0,0,0
2025-05-10,16,10:00,151,9,12.0,1,1,30.13,0,2025-05-10 08:00:00,2025-05-10 12:00:00,W,St Matthews Rd,0,0,0,0
2025-05-10,16,10:00,151,9,12.0,1,1,30.13,0,2025-05-10 08:00:00,2025-05-10 12:00:00,W,Jarvis St,0,0,0,0
2025-05-10,16,10:00,151,9,12.0,1,1,30.13,0,2025-05-10 08:00:00,2025-05-10 12:00:00,W,Sherbourne St,0,0,0,0
2025-05-10,16,10:00,151,9,12.0,1,1,30.13,0,2025-05-10 08:00:00,2025-05-10 12:00:00,W,St George St,0,0,0,0
2025-05-10,16,10:00,151,9,12.0,1,1,30.13,0,2025-05-10 08:00:00,2025-05-10 12:00:00,W,Dovercourt Rd,0,0,0,0
2025-05-10,16,10:00,151,9,12.0,1,1,30.13,0,2025-05-10 08:00:00,2025-05-10 12:00:00,W,Glenmount Park Rd,0,0,0,0
2025-05-10,16,10:00,151,9,12.0,1,1,30.13,0,2025-05-10 08:00:00,2025-05-10 12:00:00,W,Prust Ave,0,0,0,0
2025-05-10,16,10:00,151,9,12.0,1,1,30.13,0,2025-05-10 08:00:00,2025-05-10 12:00:00,W,Main Street Station at Bay 7,0,0,0,0
2025-05-10,16,10:00,151,9,12.0,1,1,30.13,0,2025-05-10 08:00:00,2025-05-10 12:00:00,W,Norwood Rd,0,0,0,0
2025-05-10,16,10:00,151,9,12.0,1,1,30.13,0,2025-05-10 08:00:00,2025-05-10 12:00:00,W,McCaul St,0,0,0,0
2025-05-10,16,10:00,151,9,12.0,1,1,30.13,0,2025-05-10 08:00:00,2025-05-10 12:00:00,W,Broadview Ave,0,0,0,0
2025-05-10,16,10:00,151,9,12.0,1,1,30.13,0,2025-05-10 08:00:00,2025-05-10 12:00:00,W,Ontario St,0,0,0,0
2025-05-10,16,10:00,151,9,12.0,1,1,30.13,0,2025-05-10 08:00:00,2025-05-10 12:00:00,W,Rusholme Park Cres,0,0,0,0
2025-05-10,16,10:00,151,9,12.0,1,1,30.13,0,2025-05-10 08:00:00,2025-05-10 12:00:00,W,Havelock St,0,0,0,0
2025-05-10,16,10:00,151,9,12.0,1,1,30.13,0,2025-05-10 08:00:00,2025-05-10 12:00:00,W,High Park Loop,0,0,0,0
2025-05-10,16,10:00,151,9,12.0,1,1,30.13,0,2025-05-10 08:00:00,2025-05-10 12:00:00,W,Queens Park (Queen's Park Station),0,0,0,0
2025-05-10,16,10:00,151,9,12.0,1,1,30.13,0,2025-05-10 08:00:00,2025-05-10 12:00:00,W,Roncesvalles Ave,0,5,3,0
2025-05-10,16,10:00,151,9,12.0,1,1,30.13,0,2025-05-10 08:00:00,2025-05-10 12:00:00,W,De Grassi St,0,0,0,0
2025-05-10,16,10:00,151,9,12.0,1,1,30.13,0,2025-05-10 08:00:00,2025-05-10 12:00:00,W,Parliament St at Carlton St,0,0,0,0
2025-05-10,16,10:00,151,9,12.0,1,1,30.13,0,2025-05-10 08:00:00,2025-05-10 12:00:00,W,Parkside Dr East Side,0,0,0,0
2025-05-10,16,10:00,151,9,12.0,1,1,30.13,0,2025-05-10 08:00:00,2025-05-10 12:00:00,W,Dundas St West,1,4,2,0
2025-05-10,16,10:00,151,9,12.0,1,1,30.13,0,2025-05-10 08:00:00,2025-05-10 12:00:00,W,Howard Park Ave at Roncesvalles Ave,0,0,0,0
2025-05-10,16,10:00,151,9,12.0,1,1,30.13,0,2025-05-10 08:00:00,2025-05-10 12:00:00,W,Parliament St,0,0,0,0
2025-05-10,16,10:00,151,9,12.0,1,1,30.13,0,2025-05-10 08:00:00,2025-05-10 12:00:00,W,Parliament St at Gerrard St East,0,0,0,0
2025-05-10,16,10:00,151,9,12.0,1,1,30.13,0,2025-05-10 08:00:00,2025-05-10 12:00:00,W,Sumach St,0,0,0,0
2025-05-10,16,10:00,151,9,12.0,1,1,30.13,0,2025-05-10 08:00:00,2025-05-10 12:00:00,W,Blackburn St,0,0,0,0
2025-05-10,16,10:00,151,9,12.0,1,1,30.13,0,2025-05-10 08:00:00,2025-05-10 12:00:00,W,Logan Ave,0,0,0,0
2025-05-10,16,10:00,151,9,12.0,1,1,30.13,0,2025-05-10 08:00:00,2025-05-10 12:00:00,W,Augusta Ave,0,0,0,0
2025-05-10,16,10:00,151,9,12.0,1,1,30.13,0,2025-05-10 08:00:00,2025-05-10 12:00:00,W,Beverley St,0,0,0,0
2025-05-10,16,10:00,151,9,12.0,1,1,30.13,0,2025-05-10 08:00:00,2025-05-10 12:00:00,W,University Ave (Queen's Park Station,0,0,0,0
2025-05-10,16,10:00,151,9,12.0,1,1,30.13,0,2025-05-10 08:00:00,2025-05-10 12:00:00,W,Elizabeth St,0,0,0,0
2025-05-10,16,10:00,151,9,12.0,1,1,30.13,0,2025-05-10 08:00:00,2025-05-10 12:00:00,W,Greenwood Ave,0,0,0,0
2025-05-10,16,10:00,151,9,12.0,1,1,30.13,0,2025-05-10 08:00:00,2025-05-10 12:00:00,W,Alton Ave,0,0,0,0
2025-05-10,16,10:00,151,9,12.0,1,1,30.13,0,2025-05-10 08:00:00,2025-05-10 12:00:00,W,Coxwell Ave,0,0,0,0
2025-05-10,16,10:00,151,9,12.0,1,1,30.13,0,2025-05-10 08:00:00,2025-05-10 12:00:00,W,Gerrard St East  at Coxwell Ave,0,0,0,0
2025-05-10,16,10:00,151,9,12.0,1,1,30.13,0,2025-05-10 08:00:00,2025-05-10 12:00:00,W,Coxwell Ave at Lower Gerrard St East,0,0,0,0
2025-05-10,16,10:00,151,9,12.0,1,1,30.13,0,2025-05-10 08:00:00,2025-05-10 12:00:00,W,Ashdale Ave,0,0,0,0
2025-05-10,16,10:00,151,9,12.0,1,1,30.13,0,2025-05-10 08:00:00,2025-05-10 12:00:00,W,Howard Park Ave at Indian Rd,0,0,0,0
2025-05-10,16,10:00,151,9,12.0,1,1,30.13,0,2025-05-10 08:00:00,2025-05-10 12:00:00,W,Dundas St West at Howard Park Ave,0,0,0,0
2025-05-10,16,10:00,151,9,12.0,1,1,30.13,0,2025-05-10 08:00:00,2025-05-10 12:00:00,W,Main St at Gerrard St East,0,0,0,0
2025-05-10,16,10:00,151,9,12.0,1,1,30.13,0,2025-05-10 08:00:00,2025-05-10 12:00:00,W,Main St,0,0,0,0
2025-05-10,16,10:00,151,9,12.0,1,1,30.13,0,2025-05-10 08:00:00,2025-05-10 12:00:00,W,Main St at Danforth Ave,0,0,0,0
2025-05-10,16,10:00,151,9,12.0,1,1,30.13,0,2025-05-10 08:00:00,2025-05-10 12:00:00,W,Howard Park Ave at Parkside Dr,0,0,0,0
2025-05-17,16,10:00,151,9,12.0,1,1,30.13,0,2025-05-17 08:00:00,2025-05-17 12:00:00,E,Woodfield Rd,5,4,6,0
2025-05-17,16,10:00,151,9,12.0,1,1,30.13,0,2025-05-17 08:00:00,2025-05-17 12:00:00,E,Coxwell Ave at Gerrard St East,0,0,0,0
2025-05-17,16,10:00,151,9,12.0,1,1,30.13,0,2025-05-17 08:00:00,2025-05-17 12:00:00,E,Euclid Ave,2,2,2,1
2025-05-17,16,10:00,151,9,12.0,1,1,30.13,0,2025-05-17 08:00:00,2025-05-17 12:00:00,E,Bowmore Rd,1,4,3,1
2025-05-17,16,10:00,151,9,12.0,1,1,30.13,0,2025-05-17 08:00:00,2025-05-17 12:00:00,E,Bay St,4,3,5,0
2025-05-17,16,10:00,151,9,12.0,1,1,30.13,0,2025-05-17 08:00:00,2025-05-17 12:00:00,E,Lansdowne Ave,5,6,7,1
2025-05-17,16,10:00,151,9,12.0,1,1,30.13,0,2025-05-17 08:00:00,2025-05-17 12:00:00,E,Indian Rd,2,3,4,0
2025-05-17,16,10:00,151,9,12.0,1,1,30.13,0,2025-05-17 08:00:00,2025-05-17 12:00:00,E,Grace St,4,6,8,0
2025-05-17,16,10:00,151,9,12.0,1,1,30.13,0,2025-05-17 08:00:00,2025-05-17 12:00:00,E,Dufferin St,6,4,7,0
2025-05-17,16,10:00,151,9,12.0,1,1,30.13,0,2025-05-17 08:00:00,2025-05-17 12:00:00,E,Gerrard St East at Beaton Ave,1,4,3,1
2025-05-17,16,10:00,151,9,12.0,1,1,30.13,0,2025-05-17 08:00:00,2025-05-17 12:00:00,E,Bathurst St,4,3,3,1
2025-05-17,16,10:00,151,9,12.0,1,1,30.13,0,2025-05-17 08:00:00,2025-05-17 12:00:00,E,Yonge St - College Station,4,4,6,0
2025-05-17,16,10:00,151,9,12.0,1,1,30.13,0,2025-05-17 08:00:00,2025-05-17 12:00:00,E,Dundas St West at Sterling Rd,2,2,4,0
2025-05-17,16,10:00,151,9,12.0,1,1,30.13,0,2025-05-17 08:00:00,2025-05-17 12:00:00,E,Brock Ave,3,6,8,1
2025-05-17,16,10:00,151,9,12.0,1,1,30.13,0,2025-05-17 08:00:00,2025-05-17 12:00:00,E,Sackville St,2,3,4,0
2025-05-17,16,10:00,151,9,12.0,1,1,30.13,0,2025-05-17 08:00:00,2025-05-17 12:00:00,E,Carlaw Ave,4,4,6,0
2025-05-17,16,10:00,151,9,12.0,1,1,30.13,0,2025-05-17 08:00:00,2025-05-17 12:00:00,E,Borden St,3,3,4,1
2025-05-17,16,10:00,151,9,12.0,1,1,30.13,0,2025-05-17 08:00:00,2025-05-17 12:00:00,E,Dundas St West at Sorauren Ave,2,2,3,0
2025-05-17,16,10:00,151,9,12.0,1,1,30.13,0,2025-05-17 08:00:00,2025-05-17 12:00:00,E,Crawford St,5,4,8,0
2025-05-17,16,10:00,151,9,12.0,1,1,30.13,0,2025-05-17 08:00:00,2025-05-17 12:00:00,E,Pape Ave,5,4,6,0
2025-05-17,16,10:00,151,9,12.0,1,1,30.13,0,2025-05-17 08:00:00,2025-05-17 12:00:00,E,Spadina Ave,4,3,4,1
2025-05-17,16,10:00,151,9,12.0,1,1,30.13,0,2025-05-17 08:00:00,2025-05-17 12:00:00,E,River St,2,3,3,0
2025-05-17,16,10:00,151,9,12.0,1,1,30.13,0,2025-05-17 08:00:00,2025-05-17 12:00:00,E,Marjory Ave,4,4,6,0
2025-05-17,16,10:00,151,9,12.0,1,1,30.13,0,2025-05-17 08:00:00,2025-05-17 12:00:00,E,Kingsmount Park Rd,1,4,3,1
2025-05-17,16,10:00,151,9,12.0,1,1,30.13,0,2025-05-17 08:00:00,2025-05-17 12:00:00,E,Church St,0,0,0,0
2025-05-17,16,10:00,151,9,12.0,1,1,30.13,0,2025-05-17 08:00:00,2025-05-17 12:00:00,E,Ossington Ave,6,5,8,1
2025-05-17,16,10:00,151,9,12.0,1,1,30.13,0,2025-05-17 08:00:00,2025-05-17 12:00:00,E,Woodbine Ave,2,4,4,1
2025-05-17,16,10:00,151,9,12.0,1,1,30.13,0,2025-05-17 08:00:00,2025-05-17 12:00:00,E,Jones Ave,5,4,6,0
2025-05-17,16,10:00,151,9,12.0,1,1,30.13,0,2025-05-17 08:00:00,2025-05-17 12:00:00,E,Golfview Ave,2,4,4,1
2025-05-17,16,10:00,151,9,12.0,1,1,30.13,0,2025-05-17 08:00:00,2025-05-17 12:00:00,E,Leslie St,5,4,6,0
2025-05-17,16,10:00,151,9,12.0,1,1,30.13,0,2025-05-17 08:00:00,2025-05-17 12:00:00,E,St Matthews Rd,4,2,3,0
2025-05-17,16,10:00,151,9,12.0,1,1,30.13,0,2025-05-17 08:00:00,2025-05-17 12:00:00,E,Jarvis St,2,0,4,0
2025-05-17,16,10:00,151,9,12.0,1,1,30.13,0,2025-05-17 08:00:00,2025-05-17 12:00:00,E,Sherbourne St,2,0,4,0
2025-05-17,16,10:00,151,9,12.0,1,1,30.13,0,2025-05-17 08:00:00,2025-05-17 12:00:00,E,St George St,4,3,5,1
2025-05-17,16,10:00,151,9,12.0,1,1,30.13,0,2025-05-17 08:00:00,2025-05-17 12:00:00,E,Dovercourt Rd,6,4,9,0
2025-05-17,16,10:00,151,9,12.0,1,1,30.13,0,2025-05-17 08:00:00,2025-05-17 12:00:00,E,Glenmount Park Rd,2,4,3,1
2025-05-17,16,10:00,151,9,12.0,1,1,30.13,0,2025-05-17 08:00:00,2025-05-17 12:00:00,E,Prust Ave,4,4,6,0
2025-05-17,16,10:00,151,9,12.0,1,1,30.13,0,2025-05-17 08:00:00,2025-05-17 12:00:00,E,Main Street Station at Bay 7,0,0,0,0
2025-05-17,16,10:00,151,9,12.0,1,1,30.13,0,2025-05-17 08:00:00,2025-05-17 12:00:00,E,Norwood Rd,3,4,3,1
2025-05-17,16,10:00,151,9,12.0,1,1,30.13,0,2025-05-17 08:00:00,2025-05-17 12:00:00,E,McCaul St,4,3,5,1
2025-05-17,16,10:00,151,9,12.0,1,1,30.13,0,2025-05-17 08:00:00,2025-05-17 12:00:00,E,Broadview Ave,3,2,3,0
2025-05-17,16,10:00,151,9,12.0,1,1,30.13,0,2025-05-17 08:00:00,2025-05-17 12:00:00,E,Ontario St,2,2,4,0
2025-05-17,16,10:00,151,9,12.0,1,1,30.13,0,2025-05-17 08:00:00,2025-05-17 12:00:00,E,Rusholme Park Cres,2,1,5,0
2025-05-17,16,10:00,151,9,12.0,1,1,30.13,0,2025-05-17 08:00:00,2025-05-17 12:00:00,E,Havelock St,4,4,6,0
2025-05-17,16,10:00,151,9,12.0,1,1,30.13,0,2025-05-17 08:00:00,2025-05-17 12:00:00,E,High Park Loop,2,6,10,0
2025-05-17,16,10:00,151,9,12.0,1,1,30.13,0,2025-05-17 08:00:00,2025-05-17 12:00:00,E,Queens Park (Queen's Park Station),4,3,4,0
2025-05-17,16,10:00,151,9,12.0,1,1,30.13,0,2025-05-17 08:00:00,2025-05-17 12:00:00,E,Roncesvalles Ave,3,2,5,0
2025-05-17,16,10:00,151,9,12.0,1,1,30.13,0,2025-05-17 08:00:00,2025-05-17 12:00:00,E,De Grassi St,2,2,3,0
2025-05-17,16,10:00,151,9,12.0,1,1,30.13,0,2025-05-17 08:00:00,2025-05-17 12:00:00,E,Parliament St at Carlton St,2,1,4,0
2025-05-17,16,10:00,151,9,12.0,1,1,30.13,0,2025-05-17 08:00:00,2025-05-17 12:00:00,E,Parkside Dr East Side,2,3,5,0
2025-05-17,16,10:00,151,9,12.0,1,1,30.13,0,2025-05-17 08:00:00,2025-05-17 12:00:00,E,Dundas St West,2,1,3,0
2025-05-17,16,10:00,151,9,12.0,1,1,30.13,0,2025-05-17 08:00:00,2025-05-17 12:00:00,E,Howard Park Ave at Roncesvalles Ave,0,0,0,0
2025-05-17,16,10:00,151,9,12.0,1,1,30.13,0,2025-05-17 08:00:00,2025-05-17 12:00:00,E,Parliament St,0,0,0,0
2025-05-17,16,10:00,151,9,12.0,1,1,30.13,0,2025-05-17 08:00:00,2025-05-17 12:00:00,E,Parliament St at Gerrard St East,0,0,0,0
2025-05-17,16,10:00,151,9,12.0,1,1,30.13,0,2025-05-17 08:00:00,2025-05-17 12:00:00,E,Sumach St,0,0,0,0
2025-05-17,16,10:00,151,9,12.0,1,1,30.13,0,2025-05-17 08:00:00,2025-05-17 12:00:00,E,Blackburn St,0,0,0,0
2025-05-17,16,10:00,151,9,12.0,1,1,30.13,0,2025-05-17 08:00:00,2025-05-17 12:00:00,E,Logan Ave,0,0,0,0
2025-05-17,16,10:00,151,9,12.0,1,1,30.13,0,2025-05-17 08:00:00,2025-05-17 12:00:00,E,Augusta Ave,0,0,0,0
2025-05-17,16,10:00,151,9,12.0,1,1,30.13,0,2025-05-17 08:00:00,2025-05-17 12:00:00,E,Beverley St,0,0,0,0
2025-05-17,16,10:00,151,9,12.0,1,1,30.13,0,2025-05-17 08:00:00,2025-05-17 12:00:00,E,University Ave (Queen's Park Station,0,0,0,0
2025-05-17,16,10:00,151,9,12.0,1,1,30.13,0,2025-05-17 08:00:00,2025-05-17 12:00:00,E,Elizabeth St,0,0,0,0
2025-05-17,16,10:00,151,9,12.0,1,1,30.13,0,2025-05-17 08:00:00,2025-05-17 12:00:00,E,Greenwood Ave,0,0,0,0
2025-05-17,16,10:00,151,9,12.0,1,1,30.13,0,2025-05-17 08:00:00,2025-05-17 12:00:00,E,Alton Ave,0,0,0,0
2025-05-17,16,10:00,151,9,12.0,1,1,30.13,0,2025-05-17 08:00:00,2025-05-17 12:00:00,E,Coxwell Ave,0,0,0,0
2025-05-17,16,10:00,151,9,12.0,1,1,30.13,0,2025-05-17 08:00:00,2025-05-17 12:00:00,E,Gerrard St East  at Coxwell Ave,0,0,0,0
2025-05-17,16,10:00,151,9,12.0,1,1,30.13,0,2025-05-17 08:00:00,2025-05-17 12:00:00,E,Coxwell Ave at Lower Gerrard St East,0,0,0,0
2025-05-17,16,10:00,151,9,12.0,1,1,30.13,0,2025-05-17 08:00:00,2025-05-17 12:00:00,E,Ashdale Ave,0,0,0,0
2025-05-17,16,10:00,151,9,12.0,1,1,30.13,0,2025-05-17 08:00:00,2025-05-17 12:00:00,E,Howard Park Ave at Indian Rd,0,0,0,0
2025-05-17,16,10:00,151,9,12.0,1,1,30.13,0,2025-05-17 08:00:00,2025-05-17 12:00:00,E,Dundas St West at Howard Park Ave,0,0,0,0
2025-05-17,16,10:00,151,9,12.0,1,1,30.13,0,2025-05-17 08:00:00,2025-05-17 12:00:00,E,Main St at Gerrard St East,0,0,0,0
2025-05-17,16,10:00,151,9,12.0,1,1,30.13,0,2025-05-17 08:00:00,2025-05-17 12:00:00,E,Main St,0,0,0,0
2025-05-17,16,10:00,151,9,12.0,1,1,30.13,0,2025-05-17 08:00:00,2025-05-17 12:00:00,E,Main St at Danforth Ave,0,0,0,0
2025-05-17,16,10:00,151,9,12.0,1,1,30.13,0,2025-05-17 08:00:00,2025-05-17 12:00:00,E,Howard Park Ave at Parkside Dr,0,0,0,0
2025-05-17,16,10:00,151,9,12.0,1,1,30.13,0,2025-05-17 08:00:00,2025-05-17 12:00:00,W,Woodfield Rd,3,1,6,0
2025-05-17,16,10:00,151,9,12.0,1,1,30.13,0,2025-05-17 08:00:00,2025-05-17 12:00:00,W,Coxwell Ave at Gerrard St East,1,1,7,0
2025-05-17,16,10:00,151,9,12.0,1,1,30.13,0,2025-05-17 08:00:00,2025-05-17 12:00:00,W,Euclid Ave,0,0,0,0
2025-05-17,16,10:00,151,9,12.0,1,1,30.13,0,2025-05-17 08:00:00,2025-05-17 12:00:00,W,Bowmore Rd,3,3,5,0
2025-05-17,16,10:00,151,9,12.0,1,1,30.13,0,2025-05-17 08:00:00,2025-05-17 12:00:00,W,Bay St,3,2,5,0
2025-05-17,16,10:00,151,9,12.0,1,1,30.13,0,2025-05-17 08:00:00,2025-05-17 12:00:00,W,Lansdowne Ave,0,0,0,0
2025-05-17,16,10:00,151,9,12.0,1,1,30.13,0,2025-05-17 08:00:00,2025-05-17 12:00:00,W,Indian Rd,1,3,4,0
2025-05-17,16,10:00,151,9,12.0,1,1,30.13,0,2025-05-17 08:00:00,2025-05-17 12:00:00,W,Grace St,0,0,0,0
2025-05-17,16,10:00,151,9,12.0,1,1,30.13,0,2025-05-17 08:00:00,2025-05-17 12:00:00,W,Dufferin St,5,3,5,0
2025-05-17,16,10:00,151,9,12.0,1,1,30.13,0,2025-05-17 08:00:00,2025-05-17 12:00:00,W,Gerrard St East at Beaton Ave,1,2,7,0
2025-05-17,16,10:00,151,9,12.0,1,1,30.13,0,2025-05-17 08:00:00,2025-05-17 12:00:00,W,Bathurst St,0,0,0,0
2025-05-17,16,10:00,151,9,12.0,1,1,30.13,0,2025-05-17 08:00:00,2025-05-17 12:00:00,W,Yonge St - College Station,0,0,0,0
2025-05-17,16,10:00,151,9,12.0,1,1,30.13,0,2025-05-17 08:00:00,2025-05-17 12:00:00,W,Dundas St West at Sterling Rd,0,0,0,0
2025-05-17,16,10:00,151,9,12.0,1,1,30.13,0,2025-05-17 08:00:00,2025-05-17 12:00:00,W,Brock Ave,0,0,0,0
2025-05-17,16,10:00,151,9,12.0,1,1,30.13,0,2025-05-17 08:00:00,2025-05-17 12:00:00,W,Sackville St,4,3,5,0
2025-05-17,16,10:00,151,9,12.0,1,1,30.13,0,2025-05-17 08:00:00,2025-05-17 12:00:00,W,Carlaw Ave,0,0,0,0
2025-05-17,16,10:00,151,9,12.0,1,1,30.13,0,2025-05-17 08:00:00,2025-05-17 12:00:00,W,Borden St,0,0,0,0
2025-05-17,16,10:00,151,9,12.0,1,1,30.13,0,2025-05-17 08:00:00,2025-05-17 12:00:00,W,Dundas St West at Sorauren Ave,1,3,4,0
2025-05-17,16,10:00,151,9,12.0,1,1,30.13,0,2025-05-17 08:00:00,2025-05-17 12:00:00,W,Crawford St,0,0,0,0
2025-05-17,16,10:00,151,9,12.0,1,1,30.13,0,2025-05-17 08:00:00,2025-05-17 12:00:00,W,Pape Ave,0,0,0,0
2025-05-17,16,10:00,151,9,12.0,1,1,30.13,0,2025-05-17 08:00:00,2025-05-17 12:00:00,W,Spadina Ave,2,1,5,0
2025-05-17,16,10:00,151,9,12.0,1,1,30.13,0,2025-05-17 08:00:00,2025-05-17 12:00:00,W,River St,2,4,5,1
2025-05-17,16,10:00,151,9,12.0,1,1,30.13,0,2025-05-17 08:00:00,2025-05-17 12:00:00,W,Marjory Ave,0,0,0,0
2025-05-17,16,10:00,151,9,12.0,1,1,30.13,0,2025-05-17 08:00:00,2025-05-17 12:00:00,W,Kingsmount Park Rd,0,0,0,0
2025-05-17,16,10:00,151,9,12.0,1,1,30.13,0,2025-05-17 08:00:00,2025-05-17 12:00:00,W,Church St,0,0,0,0
2025-05-17,16,10:00,151,9,12.0,1,1,30.13,0,2025-05-17 08:00:00,2025-05-17 12:00:00,W,Ossington Ave,0,0,0,0
2025-05-17,16,10:00,151,9,12.0,1,1,30.13,0,2025-05-17 08:00:00,2025-05-17 12:00:00,W,Woodbine Ave,0,0,0,0
2025-05-17,16,10:00,151,9,12.0,1,1,30.13,0,2025-05-17 08:00:00,2025-05-17 12:00:00,W,Jones Ave,0,0,0,0
2025-05-17,16,10:00,151,9,12.0,1,1,30.13,0,2025-05-17 08:00:00,2025-05-17 12:00:00,W,Golfview Ave,0,0,0,0
2025-05-17,16,10:00,151,9,12.0,1,1,30.13,0,2025-05-17 08:00:00,2025-05-17 12:00:00,W,Leslie St,0,0,0,0
2025-05-17,16,10:00,151,9,12.0,1,1,30.13,0,2025-05-17 08:00:00,2025-05-17 12:00:00,W,St Matthews Rd,0,0,0,0
2025-05-17,16,10:00,151,9,12.0,1,1,30.13,0,2025-05-17 08:00:00,2025-05-17 12:00:00,W,Jarvis St,0,0,0,0
2025-05-17,16,10:00,151,9,12.0,1,1,30.13,0,2025-05-17 08:00:00,2025-05-17 12:00:00,W,Sherbourne St,0,0,0,0
2025-05-17,16,10:00,151,9,12.0,1,1,30.13,0,2025-05-17 08:00:00,2025-05-17 12:00:00,W,St George St,0,0,0,0
2025-05-17,16,10:00,151,9,12.0,1,1,30.13,0,2025-05-17 08:00:00,2025-05-17 12:00:00,W,Dovercourt Rd,0,0,0,0
2025-05-17,16,10:00,151,9,12.0,1,1,30.13,0,2025-05-17 08:00:00,2025-05-17 12:00:00,W,Glenmount Park Rd,0,0,0,0
2025-05-17,16,10:00,151,9,12.0,1,1,30.13,0,2025-05-17 08:00:00,2025-05-17 12:00:00,W,Prust Ave,0,0,0,0
2025-05-17,16,10:00,151,9,12.0,1,1,30.13,0,2025-05-17 08:00:00,2025-05-17 12:00:00,W,Main Street Station at Bay 7,0,2,7,1
2025-05-17,16,10:00,151,9,12.0,1,1,30.13,0,2025-05-17 08:00:00,2025-05-17 12:00:00,W,Norwood Rd,0,0,0,0
2025-05-17,16,10:00,151,9,12.0,1,1,30.13,0,2025-05-17 08:00:00,2025-05-17 12:00:00,W,McCaul St,0,0,0,0
2025-05-17,16,10:00,151,9,12.0,1,1,30.13,0,2025-05-17 08:00:00,2025-05-17 12:00:00,W,Broadview Ave,0,0,0,0
2025-05-17,16,10:00,151,9,12.0,1,1,30.13,0,2025-05-17 08:00:00,2025-05-17 12:00:00,W,Ontario St,0,0,0,0
2025-05-17,16,10:00,151,9,12.0,1,1,30.13,0,2025-05-17 08:00:00,2025-05-17 12:00:00,W,Rusholme Park Cres,0,0,0,0
2025-05-17,16,10:00,151,9,12.0,1,1,30.13,0,2025-05-17 08:00:00,2025-05-17 12:00:00,W,Havelock St,0,0,0,0
2025-05-17,16,10:00,151,9,12.0,1,1,30.13,0,2025-05-17 08:00:00,2025-05-17 12:00:00,W,High Park Loop,0,0,0,0
2025-05-17,16,10:00,151,9,12.0,1,1,30.13,0,2025-05-17 08:00:00,2025-05-17 12:00:00,W,Queens Park (Queen's Park Station),0,0,0,0
2025-05-17,16,10:00,151,9,12.0,1,1,30.13,0,2025-05-17 08:00:00,2025-05-17 12:00:00,W,Roncesvalles Ave,1,3,4,0
2025-05-17,16,10:00,151,9,12.0,1,1,30.13,0,2025-05-17 08:00:00,2025-05-17 12:00:00,W,De Grassi St,0,0,0,0
2025-05-17,16,10:00,151,9,12.0,1,1,30.13,0,2025-05-17 08:00:00,2025-05-17 12:00:00,W,Parliament St at Carlton St,0,0,0,0
2025-05-17,16,10:00,151,9,12.0,1,1,30.13,0,2025-05-17 08:00:00,2025-05-17 12:00:00,W,Parkside Dr East Side,0,0,0,0
2025-05-17,16,10:00,151,9,12.0,1,1,30.13,0,2025-05-17 08:00:00,2025-05-17 12:00:00,W,Dundas St West,2,3,4,0
2025-05-17,16,10:00,151,9,12.0,1,1,30.13,0,2025-05-17 08:00:00,2025-05-17 12:00:00,W,Howard Park Ave at Roncesvalles Ave,0,0,0,0
2025-05-17,16,10:00,151,9,12.0,1,1,30.13,0,2025-05-17 08:00:00,2025-05-17 12:00:00,W,Parliament St,0,0,0,0
2025-05-17,16,10:00,151,9,12.0,1,1,30.13,0,2025-05-17 08:00:00,2025-05-17 12:00:00,W,Parliament St at Gerrard St East,0,0,0,0
2025-05-17,16,10:00,151,9,12.0,1,1,30.13,0,2025-05-17 08:00:00,2025-05-17 12:00:00,W,Sumach St,0,0,0,0
2025-05-17,16,10:00,151,9,12.0,1,1,30.13,0,2025-05-17 08:00:00,2025-05-17 12:00:00,W,Blackburn St,0,0,0,0
2025-05-17,16,10:00,151,9,12.0,1,1,30.13,0,2025-05-17 08:00:00,2025-05-17 12:00:00,W,Logan Ave,0,0,0,0
2025-05-17,16,10:00,151,9,12.0,1,1,30.13,0,2025-05-17 08:00:00,2025-05-17 12:00:00,W,Augusta Ave,0,0,0,0
2025-05-17,16,10:00,151,9,12.0,1,1,30.13,0,2025-05-17 08:00:00,2025-05-17 12:00:00,W,Beverley St,0,0,0,0
2025-05-17,16,10:00,151,9,12.0,1,1,30.13,0,2025-05-17 08:00:00,2025-05-17 12:00:00,W,University Ave (Queen's Park Station,0,0,0,0
2025-05-17,16,10:00,151,9,12.0,1,1,30.13,0,2025-05-17 08:00:00,2025-05-17 12:00:00,W,Elizabeth St,0,0,0,0
2025-05-17,16,10:00,151,9,12.0,1,1,30.13,0,2025-05-17 08:00:00,2025-05-17 12:00:00,W,Greenwood Ave,0,0,0,0
2025-05-17,16,10:00,151,9,12.0,1,1,30.13,0,2025-05-17 08:00:00,2025-05-17 12:00:00,W,Alton Ave,0,0,0,0
2025-05-17,16,10:00,151,9,12.0,1,1,30.13,0,2025-05-17 08:00:00,2025-05-17 12:00:00,W,Coxwell Ave,0,0,0,0
2025-05-17,16,10:00,151,9,12.0,1,1,30.13,0,2025-05-17 08:00:00,2025-05-17 12:00:00,W,Gerrard St East  at Coxwell Ave,0,0,0,0
2025-05-17,16,10:00,151,9,12.0,1,1,30.13,0,2025-05-17 08:00:00,2025-05-17 12:00:00,W,Coxwell Ave at Lower Gerrard St East,0,0,0,0
2025-05-17,16,10:00,151,9,12.0,1,1,30.13,0,2025-05-17 08:00:00,2025-05-17 12:00:00,W,Ashdale Ave,0,0,0,0
2025-05-17,16,10:00,151,9,12.0,1,1,30.13,0,2025-05-17 08:00:00,2025-05-17 12:00:00,W,Howard Park Ave at Indian Rd,0,0,0,0
2025-05-17,16,10:00,151,9,12.0,1,1,30.13,0,2025-05-17 08:00:00,2025-05-17 12:00:00,W,Dundas St West at Howard Park Ave,0,0,0,0
2025-05-17,16,10:00,151,9,12.0,1,1,30.13,0,2025-05-17 08:00:00,2025-05-17 12:00:00,W,Main St at Gerrard St East,0,0,0,0
2025-05-17,16,10:00,151,9,12.0,1,1,30.13,0,2025-05-17 08:00:00,2025-05-17 12:00:00,W,Main St,0,0,0,0
2025-05-17,16,10:00,151,9,12.0,1,1,30.13,0,2025-05-17 08:00:00,2025-05-17 12:00:00,W,Main St at Danforth Ave,0,0,0,0
2025-05-17,16,10:00,151,9,12.0,1,1,30.13,0,2025-05-17 08:00:00,2025-05-17 12:00:00,W,Howard Park Ave at Parkside Dr,0,0,0,0
2025-05-24,16,10:00,151,9,12.0,1,1,30.13,0,2025-05-24 08:00:00,2025-05-24 12:00:00,E,Woodfield Rd,1,3,2,0
2025-05-24,16,10:00,151,9,12.0,1,1,30.13,0,2025-05-24 08:00:00,2025-05-24 12:00:00,E,Coxwell Ave at Gerrard St East,0,0,0,0
2025-05-24,16,10:00,151,9,12.0,1,1,30.13,0,2025-05-24 08:00:00,2025-05-24 12:00:00,E,Euclid Ave,0,0,0,0
2025-05-24,16,10:00,151,9,12.0,1,1,30.13,0,2025-05-24 08:00:00,2025-05-24 12:00:00,E,Bowmore Rd,2,3,1,0
2025-05-24,16,10:00,151,9,12.0,1,1,30.13,0,2025-05-24 08:00:00,2025-05-24 12:00:00,E,Bay St,3,2,2,0
2025-05-24,16,10:00,151,9,12.0,1,1,30.13,0,2025-05-24 08:00:00,2025-05-24 12:00:00,E,Lansdowne Ave,2,3,3,0
2025-05-24,16,10:00,151,9,12.0,1,1,30.13,0,2025-05-24 08:00:00,2025-05-24 12:00:00,E,Indian Rd,0,2,4,4
2025-05-24,16,10:00,151,9,12.0,1,1,30.13,0,2025-05-24 08:00:00,2025-05-24 12:00:00,E,Grace St,0,4,5,2
2025-05-24,16,10:00,151,9,12.0,1,1,30.13,0,2025-05-24 08:00:00,2025-05-24 12:00:00,E,Dufferin St,3,2,1,0
2025-05-24,16,10:00,151,9,12.0,1,1,30.13,0,2025-05-24 08:00:00,2025-05-24 12:00:00,E,Gerrard St East at Beaton Ave,2,3,1,0
2025-05-24,16,10:00,151,9,12.0,1,1,30.13,0,2025-05-24 08:00:00,2025-05-24 12:00:00,E,Bathurst St,1,2,3,0
2025-05-24,16,10:00,151,9,12.0,1,1,30.13,0,2025-05-24 08:00:00,2025-05-24 12:00:00,E,Yonge St - College Station,1,2,1,0
2025-05-24,16,10:00,151,9,12.0,1,1,30.13,0,2025-05-24 08:00:00,2025-05-24 12:00:00,E,Dundas St West at Sterling Rd,0,0,1,0
2025-05-24,16,10:00,151,9,12.0,1,1,30.13,0,2025-05-24 08:00:00,2025-05-24 12:00:00,E,Brock Ave,2,3,3,0
2025-05-24,16,10:00,151,9,12.0,1,1,30.13,0,2025-05-24 08:00:00,2025-05-24 12:00:00,E,Sackville St,0,2,3,0
2025-05-24,16,10:00,151,9,12.0,1,1,30.13,0,2025-05-24 08:00:00,2025-05-24 12:00:00,E,Carlaw Ave,1,2,1,0
2025-05-24,16,10:00,151,9,12.0,1,1,30.13,0,2025-05-24 08:00:00,2025-05-24 12:00:00,E,Borden St,1,2,3,0
2025-05-24,16,10:00,151,9,12.0,1,1,30.13,0,2025-05-24 08:00:00,2025-05-24 12:00:00,E,Dundas St West at Sorauren Ave,0,0,1,0
2025-05-24,16,10:00,151,9,12.0,1,1,30.13,0,2025-05-24 08:00:00,2025-05-24 12:00:00,E,Crawford St,0,4,5,1
2025-05-24,16,10:00,151,9,12.0,1,1,30.13,0,2025-05-24 08:00:00,2025-05-24 12:00:00,E,Pape Ave,1,2,1,0
2025-05-24,16,10:00,151,9,12.0,1,1,30.13,0,2025-05-24 08:00:00,2025-05-24 12:00:00,E,Spadina Ave,1,2,2,0
2025-05-24,16,10:00,151,9,12.0,1,1,30.13,0,2025-05-24 08:00:00,2025-05-24 12:00:00,E,River St,0,2,2,0
2025-05-24,16,10:00,151,9,12.0,1,1,30.13,0,2025-05-24 08:00:00,2025-05-24 12:00:00,E,Marjory Ave,1,3,2,0
2025-05-24,16,10:00,151,9,12.0,1,1,30.13,0,2025-05-24 08:00:00,2025-05-24 12:00:00,E,Kingsmount Park Rd,2,3,1,0
2025-05-24,16,10:00,151,9,12.0,1,1,30.13,0,2025-05-24 08:00:00,2025-05-24 12:00:00,E,Church St,0,0,0,0
2025-05-24,16,10:00,151,9,12.0,1,1,30.13,0,2025-05-24 08:00:00,2025-05-24 12:00:00,E,Ossington Ave,4,3,2,1
2025-05-24,16,10:00,151,9,12.0,1,1,30.13,0,2025-05-24 08:00:00,2025-05-24 12:00:00,E,Woodbine Ave,2,3,2,0
2025-05-24,16,10:00,151,9,12.0,1,1,30.13,0,2025-05-24 08:00:00,2025-05-24 12:00:00,E,Jones Ave,1,3,2,0
2025-05-24,16,10:00,151,9,12.0,1,1,30.13,0,2025-05-24 08:00:00,2025-05-24 12:00:00,E,Golfview Ave,2,3,2,0
2025-05-24,16,10:00,151,9,12.0,1,1,30.13,0,2025-05-24 08:00:00,2025-05-24 12:00:00,E,Leslie St,1,3,2,0
2025-05-24,16,10:00,151,9,12.0,1,1,30.13,0,2025-05-24 08:00:00,2025-05-24 12:00:00,E,St Matthews Rd,0,2,2,0
2025-05-24,16,10:00,151,9,12.0,1,1,30.13,0,2025-05-24 08:00:00,2025-05-24 12:00:00,E,Jarvis St,0,1,3,0
2025-05-24,16,10:00,151,9,12.0,1,1,30.13,0,2025-05-24 08:00:00,2025-05-24 12:00:00,E,Sherbourne St,0,1,3,0
2025-05-24,16,10:00,151,9,12.0,1,1,30.13,0,2025-05-24 08:00:00,2025-05-24 12:00:00,E,St George St,2,2,1,0
2025-05-24,16,10:00,151,9,12.0,1,1,30.13,0,2025-05-24 08:00:00,2025-05-24 12:00:00,E,Dovercourt Rd,3,2,2,0
2025-05-24,16,10:00,151,9,12.0,1,1,30.13,0,2025-05-24 08:00:00,2025-05-24 12:00:00,E,Glenmount Park Rd,2,3,1,0
2025-05-24,16,10:00,151,9,12.0,1,1,30.13,0,2025-05-24 08:00:00,2025-05-24 12:00:00,E,Prust Ave,2,3,2,0
2025-05-24,16,10:00,151,9,12.0,1,1,30.13,0,2025-05-24 08:00:00,2025-05-24 12:00:00,E,Main Street Station at Bay 7,0,0,0,0
2025-05-24,16,10:00,151,9,12.0,1,1,30.13,0,2025-05-24 08:00:00,2025-05-24 12:00:00,E,Norwood Rd,2,3,1,0
2025-05-24,16,10:00,151,9,12.0,1,1,30.13,0,2025-05-24 08:00:00,2025-05-24 12:00:00,E,McCaul St,1,2,1,0
2025-05-24,16,10:00,151,9,12.0,1,1,30.13,0,2025-05-24 08:00:00,2025-05-24 12:00:00,E,Broadview Ave,0,2,2,0
2025-05-24,16,10:00,151,9,12.0,1,1,30.13,0,2025-05-24 08:00:00,2025-05-24 12:00:00,E,Ontario St,0,1,3,0
2025-05-24,16,10:00,151,9,12.0,1,1,30.13,0,2025-05-24 08:00:00,2025-05-24 12:00:00,E,Rusholme Park Cres,0,0,1,0
2025-05-24,16,10:00,151,9,12.0,1,1,30.13,0,2025-05-24 08:00:00,2025-05-24 12:00:00,E,Havelock St,2,3,2,0
2025-05-24,16,10:00,151,9,12.0,1,1,30.13,0,2025-05-24 08:00:00,2025-05-24 12:00:00,E,High Park Loop,0,6,10,9
2025-05-24,16,10:00,151,9,12.0,1,1,30.13,0,2025-05-24 08:00:00,2025-05-24 12:00:00,E,Queens Park (Queen's Park Station),2,2,2,0
2025-05-24,16,10:00,151,9,12.0,1,1,30.13,0,2025-05-24 08:00:00,2025-05-24 12:00:00,E,Roncesvalles Ave,0,0,1,0
2025-05-24,16,10:00,151,9,12.0,1,1,30.13,0,2025-05-24 08:00:00,2025-05-24 12:00:00,E,De Grassi St,1,2,2,0
2025-05-24,16,10:00,151,9,12.0,1,1,30.13,0,2025-05-24 08:00:00,2025-05-24 12:00:00,E,Parliament St at Carlton St,1,2,3,0
2025-05-24,16,10:00,151,9,12.0,1,1,30.13,0,2025-05-24 08:00:00,2025-05-24 12:00:00,E,Parkside Dr East Side,0,2,5,5
2025-05-24,16,10:00,151,9,12.0,1,1,30.13,0,2025-05-24 08:00:00,2025-05-24 12:00:00,E,Dundas St West,0,0,2,0
2025-05-24,16,10:00,151,9,12.0,1,1,30.13,0,2025-05-24 08:00:00,2025-05-24 12:00:00,E,Howard Park Ave at Roncesvalles Ave,0,0,0,0
2025-05-24,16,10:00,151,9,12.0,1,1,30.13,0,2025-05-24 08:00:00,2025-05-24 12:00:00,E,Parliament St,0,0,0,0
2025-05-24,16,10:00,151,9,12.0,1,1,30.13,0,2025-05-24 08:00:00,2025-05-24 12:00:00,E,Parliament St at Gerrard St East,0,0,0,0
2025-05-24,16,10:00,151,9,12.0,1,1,30.13,0,2025-05-24 08:00:00,2025-05-24 12:00:00,E,Sumach St,0,0,0,0
2025-05-24,16,10:00,151,9,12.0,1,1,30.13,0,2025-05-24 08:00:00,2025-05-24 12:00:00,E,Blackburn St,0,0,0,0
2025-05-24,16,10:00,151,9,12.0,1,1,30.13,0,2025-05-24 08:00:00,2025-05-24 12:00:00,E,Logan Ave,0,2,3,0
2025-05-24,16,10:00,151,9,12.0,1,1,30.13,0,2025-05-24 08:00:00,2025-05-24 12:00:00,E,Augusta Ave,0,0,0,0
2025-05-24,16,10:00,151,9,12.0,1,1,30.13,0,2025-05-24 08:00:00,2025-05-24 12:00:00,E,Beverley St,0,0,0,0
2025-05-24,16,10:00,151,9,12.0,1,1,30.13,0,2025-05-24 08:00:00,2025-05-24 12:00:00,E,University Ave (Queen's Park Station,0,0,0,0
2025-05-24,16,10:00,151,9,12.0,1,1,30.13,0,2025-05-24 08:00:00,2025-05-24 12:00:00,E,Elizabeth St,0,0,0,0
2025-05-24,16,10:00,151,9,12.0,1,1,30.13,0,2025-05-24 08:00:00,2025-05-24 12:00:00,E,Greenwood Ave,0,0,0,0
2025-05-24,16,10:00,151,9,12.0,1,1,30.13,0,2025-05-24 08:00:00,2025-05-24 12:00:00,E,Alton Ave,0,0,0,0
2025-05-24,16,10:00,151,9,12.0,1,1,30.13,0,2025-05-24 08:00:00,2025-05-24 12:00:00,E,Coxwell Ave,0,0,0,0
2025-05-24,16,10:00,151,9,12.0,1,1,30.13,0,2025-05-24 08:00:00,2025-05-24 12:00:00,E,Gerrard St East  at Coxwell Ave,0,0,0,0
2025-05-24,16,10:00,151,9,12.0,1,1,30.13,0,2025-05-24 08:00:00,2025-05-24 12:00:00,E,Coxwell Ave at Lower Gerrard St East,0,0,0,0
2025-05-24,16,10:00,151,9,12.0,1,1,30.13,0,2025-05-24 08:00:00,2025-05-24 12:00:00,E,Ashdale Ave,0,0,0,0
2025-05-24,16,10:00,151,9,12.0,1,1,30.13,0,2025-05-24 08:00:00,2025-05-24 12:00:00,E,Howard Park Ave at Indian Rd,0,0,0,0
2025-05-24,16,10:00,151,9,12.0,1,1,30.13,0,2025-05-24 08:00:00,2025-05-24 12:00:00,E,Dundas St West at Howard Park Ave,0,0,0,0
2025-05-24,16,10:00,151,9,12.0,1,1,30.13,0,2025-05-24 08:00:00,2025-05-24 12:00:00,E,Main St at Gerrard St East,0,0,0,0
2025-05-24,16,10:00,151,9,12.0,1,1,30.13,0,2025-05-24 08:00:00,2025-05-24 12:00:00,E,Main St,0,0,0,0
2025-05-24,16,10:00,151,9,12.0,1,1,30.13,0,2025-05-24 08:00:00,2025-05-24 12:00:00,E,Main St at Danforth Ave,0,0,0,0
2025-05-24,16,10:00,151,9,12.0,1,1,30.13,0,2025-05-24 08:00:00,2025-05-24 12:00:00,E,Howard Park Ave at Parkside Dr,0,0,0,0
2025-05-24,16,10:00,151,9,12.0,1,1,30.13,0,2025-05-24 08:00:00,2025-05-24 12:00:00,W,Woodfield Rd,2,1,4,0
2025-05-24,16,10:00,151,9,12.0,1,1,30.13,0,2025-05-24 08:00:00,2025-05-24 12:00:00,W,Coxwell Ave at Gerrard St East,2,2,2,0
2025-05-24,16,10:00,151,9,12.0,1,1,30.13,0,2025-05-24 08:00:00,2025-05-24 12:00:00,W,Euclid Ave,0,0,0,0
2025-05-24,16,10:00,151,9,12.0,1,1,30.13,0,2025-05-24 08:00:00,2025-05-24 12:00:00,W,Bowmore Rd,1,2,2,0
2025-05-24,16,10:00,151,9,12.0,1,1,30.13,0,2025-05-24 08:00:00,2025-05-24 12:00:00,W,Bay St,1,2,8,0
2025-05-24,16,10:00,151,9,12.0,1,1,30.13,0,2025-05-24 08:00:00,2025-05-24 12:00:00,W,Lansdowne Ave,0,0,0,0
2025-05-24,16,10:00,151,9,12.0,1,1,30.13,0,2025-05-24 08:00:00,2025-05-24 12:00:00,W,Indian Rd,0,4,3,0
2025-05-24,16,10:00,151,9,12.0,1,1,30.13,0,2025-05-24 08:00:00,2025-05-24 12:00:00,W,Grace St,0,0,0,0
2025-05-24,16,10:00,151,9,12.0,1,1,30.13,0,2025-05-24 08:00:00,2025-05-24 12:00:00,W,Dufferin St,3,4,6,0
2025-05-24,16,10:00,151,9,12.0,1,1,30.13,0,2025-05-24 08:00:00,2025-05-24 12:00:00,W,Gerrard St East at Beaton Ave,1,2,2,0
2025-05-24,16,10:00,151,9,12.0,1,1,30.13,0,2025-05-24 08:00:00,2025-05-24 12:00:00,W,Bathurst St,0,0,0,0
2025-05-24,16,10:00,151,9,12.0,1,1,30.13,0,2025-05-24 08:00:00,2025-05-24 12:00:00,W,Yonge St - College Station,0,0,0,0
2025-05-24,16,10:00,151,9,12.0,1,1,30.13,0,2025-05-24 08:00:00,2025-05-24 12:00:00,W,Dundas St West at Sterling Rd,0,0,0,0
2025-05-24,16,10:00,151,9,12.0,1,1,30.13,0,2025-05-24 08:00:00,2025-05-24 12:00:00,W,Brock Ave,0,0,0,0
2025-05-24,16,10:00,151,9,12.0,1,1,30.13,0,2025-05-24 08:00:00,2025-05-24 12:00:00,W,Sackville St,4,2,6,0
2025-05-24,16,10:00,151,9,12.0,1,1,30.13,0,2025-05-24 08:00:00,2025-05-24 12:00:00,W,Carlaw Ave,0,0,0,0
2025-05-24,16,10:00,151,9,12.0,1,1,30.13,0,2025-05-24 08:00:00,2025-05-24 12:00:00,W,Borden St,0,0,0,0
2025-05-24,16,10:00,151,9,12.0,1,1,30.13,0,2025-05-24 08:00:00,2025-05-24 12:00:00,W,Dundas St West at Sorauren Ave,1,4,4,0
2025-05-24,16,10:00,151,9,12.0,1,1,30.13,0,2025-05-24 08:00:00,2025-05-24 12:00:00,W,Crawford St,0,0,0,0
2025-05-24,16,10:00,151,9,12.0,1,1,30.13,0,2025-05-24 08:00:00,2025-05-24 12:00:00,W,Pape Ave,0,0,0,0
2025-05-24,16,10:00,151,9,12.0,1,1,30.13,0,2025-05-24 08:00:00,2025-05-24 12:00:00,W,Spadina Ave,4,2,6,0
2025-05-24,16,10:00,151,9,12.0,1,1,30.13,0,2025-05-24 08:00:00,2025-05-24 12:00:00,W,River St,5,2,7,0
2025-05-24,16,10:00,151,9,12.0,1,1,30.13,0,2025-05-24 08:00:00,2025-05-24 12:00:00,W,Marjory Ave,0,0,0,0
2025-05-24,16,10:00,151,9,12.0,1,1,30.13,0,2025-05-24 08:00:00,2025-05-24 12:00:00,W,Kingsmount Park Rd,0,0,0,0
2025-05-24,16,10:00,151,9,12.0,1,1,30.13,0,2025-05-24 08:00:00,2025-05-24 12:00:00,W,Church St,0,0,0,0
2025-05-24,16,10:00,151,9,12.0,1,1,30.13,0,2025-05-24 08:00:00,2025-05-24 12:00:00,W,Ossington Ave,0,0,0,0
2025-05-24,16,10:00,151,9,12.0,1,1,30.13,0,2025-05-24 08:00:00,2025-05-24 12:00:00,W,Woodbine Ave,0,0,0,0
2025-05-24,16,10:00,151,9,12.0,1,1,30.13,0,2025-05-24 08:00:00,2025-05-24 12:00:00,W,Jones Ave,0,0,0,0
2025-05-24,16,10:00,151,9,12.0,1,1,30.13,0,2025-05-24 08:00:00,2025-05-24 12:00:00,W,Golfview Ave,0,0,0,0
2025-05-24,16,10:00,151,9,12.0,1,1,30.13,0,2025-05-24 08:00:00,2025-05-24 12:00:00,W,Leslie St,0,0,0,0
2025-05-24,16,10:00,151,9,12.0,1,1,30.13,0,2025-05-24 08:00:00,2025-05-24 12:00:00,W,St Matthews Rd,0,0,0,0
2025-05-24,16,10:00,151,9,12.0,1,1,30.13,0,2025-05-24 08:00:00,2025-05-24 12:00:00,W,Jarvis St,0,0,0,0
2025-05-24,16,10:00,151,9,12.0,1,1,30.13,0,2025-05-24 08:00:00,2025-05-24 12:00:00,W,Sherbourne St,0,0,0,0
2025-05-24,16,10:00,151,9,12.0,1,1,30.13,0,2025-05-24 08:00:00,2025-05-24 12:00:00,W,St George St,0,0,0,0
2025-05-24,16,10:00,151,9,12.0,1,1,30.13,0,2025-05-24 08:00:00,2025-05-24 12:00:00,W,Dovercourt Rd,0,0,0,0
2025-05-24,16,10:00,151,9,12.0,1,1,30.13,0,2025-05-24 08:00:00,2025-05-24 12:00:00,W,Glenmount Park Rd,0,0,0,0
2025-05-24,16,10:00,151,9,12.0,1,1,30.13,0,2025-05-24 08:00:00,2025-05-24 12:00:00,W,Prust Ave,0,0,0,0
2025-05-24,16,10:00,151,9,12.0,1,1,30.13,0,2025-05-24 08:00:00,2025-05-24 12:00:00,W,Main Street Station at Bay 7,1,1,2,0
2025-05-24,16,10:00,151,9,12.0,1,1,30.13,0,2025-05-24 08:00:00,2025-05-24 12:00:00,W,Norwood Rd,0,0,0,0
2025-05-24,16,10:00,151,9,12.0,1,1,30.13,0,2025-05-24 08:00:00,2025-05-24 12:00:00,W,McCaul St,0,0,0,0
2025-05-24,16,10:00,151,9,12.0,1,1,30.13,0,2025-05-24 08:00:00,2025-05-24 12:00:00,W,Broadview Ave,0,0,0,0
2025-05-24,16,10:00,151,9,12.0,1,1,30.13,0,2025-05-24 08:00:00,2025-05-24 12:00:00,W,Ontario St,0,0,0,0
2025-05-24,16,10:00,151,9,12.0,1,1,30.13,0,2025-05-24 08:00:00,2025-05-24 12:00:00,W,Rusholme Park Cres,0,0,0,0
2025-05-24,16,10:00,151,9,12.0,1,1,30.13,0,2025-05-24 08:00:00,2025-05-24 12:00:00,W,Havelock St,0,0,0,0
2025-05-24,16,10:00,151,9,12.0,1,1,30.13,0,2025-05-24 08:00:00,2025-05-24 12:00:00,W,High Park Loop,0,0,0,0
2025-05-24,16,10:00,151,9,12.0,1,1,30.13,0,2025-05-24 08:00:00,2025-05-24 12:00:00,W,Queens Park (Queen's Park Station),0,0,0,0
2025-05-24,16,10:00,151,9,12.0,1,1,30.13,0,2025-05-24 08:00:00,2025-05-24 12:00:00,W,Roncesvalles Ave,0,4,3,0
2025-05-24,16,10:00,151,9,12.0,1,1,30.13,0,2025-05-24 08:00:00,2025-05-24 12:00:00,W,De Grassi St,0,0,0,0
2025-05-24,16,10:00,151,9,12.0,1,1,30.13,0,2025-05-24 08:00:00,2025-05-24 12:00:00,W,Parliament St at Carlton St,0,0,0,0
2025-05-24,16,10:00,151,9,12.0,1,1,30.13,0,2025-05-24 08:00:00,2025-05-24 12:00:00,W,Parkside Dr East Side,0,0,0,0
2025-05-24,16,10:00,151,9,12.0,1,1,30.13,0,2025-05-24 08:00:00,2025-05-24 12:00:00,W,Dundas St West,0,4,5,0
2025-05-24,16,10:00,151,9,12.0,1,1,30.13,0,2025-05-24 08:00:00,2025-05-24 12:00:00,W,Howard Park Ave at Roncesvalles Ave,0,0,0,0
2025-05-24,16,10:00,151,9,12.0,1,1,30.13,0,2025-05-24 08:00:00,2025-05-24 12:00:00,W,Parliament St,0,0,0,0
2025-05-24,16,10:00,151,9,12.0,1,1,30.13,0,2025-05-24 08:00:00,2025-05-24 12:00:00,W,Parliament St at Gerrard St East,0,0,0,0
2025-05-24,16,10:00,151,9,12.0,1,1,30.13,0,2025-05-24 08:00:00,2025-05-24 12:00:00,W,Sumach St,0,0,0,0
2025-05-24,16,10:00,151,9,12.0,1,1,30.13,0,2025-05-24 08:00:00,2025-05-24 12:00:00,W,Blackburn St,0,0,0,0
2025-05-24,16,10:00,151,9,12.0,1,1,30.13,0,2025-05-24 08:00:00,2025-05-24 12:00:00,W,Logan Ave,0,0,0,0
2025-05-24,16,10:00,151,9,12.0,1,1,30.13,0,2025-05-24 08:00:00,2025-05-24 12:00:00,W,Augusta Ave,0,0,0,0
2025-05-24,16,10:00,151,9,12.0,1,1,30.13,0,2025-05-24 08:00:00,2025-05-24 12:00:00,W,Beverley St,0,0,0,0
2025-05-24,16,10:00,151,9,12.0,1,1,30.13,0,2025-05-24 08:00:00,2025-05-24 12:00:00,W,University Ave (Queen's Park Station,0,0,0,0
2025-05-24,16,10:00,151,9,12.0,1,1,30.13,0,2025-05-24 08:00:00,2025-05-24 12:00:00,W,Elizabeth St,0,0,0,0
2025-05-24,16,10:00,151,9,12.0,1,1,30.13,0,2025-05-24 08:00:00,2025-05-24 12:00:00,W,Greenwood Ave,0,0,0,0
2025-05-24,16,10:00,151,9,12.0,1,1,30.13,0,2025-05-24 08:00:00,2025-05-24 12:00:00,W,Alton Ave,0,0,0,0
2025-05-24,16,10:00,151,9,12.0,1,1,30.13,0,2025-05-24 08:00:00,2025-05-24 12:00:00,W,Coxwell Ave,0,0,0,0
2025-05-24,16,10:00,151,9,12.0,1,1,30.13,0,2025-05-24 08:00:00,2025-05-24 12:00:00,W,Gerrard St East  at Coxwell Ave,0,0,0,0
2025-05-24,16,10:00,151,9,12.0,1,1,30.13,0,2025-05-24 08:00:00,2025-05-24 12:00:00,W,Coxwell Ave at Lower Gerrard St East,0,0,0,0
2025-05-24,16,10:00,151,9,12.0,1,1,30.13,0,2025-05-24 08:00:00,2025-05-24 12:00:00,W,Ashdale Ave,0,0,0,0
2025-05-24,16,10:00,151,9,12.0,1,1,30.13,0,2025-05-24 08:00:00,2025-05-24 12:00:00,W,Howard Park Ave at Indian Rd,0,0,0,0
2025-05-24,16,10:00,151,9,12.0,1,1,30.13,0,2025-05-24 08:00:00,2025-05-24 12:00:00,W,Dundas St West at Howard Park Ave,0,0,0,0
2025-05-24,16,10:00,151,9,12.0,1,1,30.13,0,2025-05-24 08:00:00,2025-05-24 12:00:00,W,Main St at Gerrard St East,0,0,0,0
2025-05-24,16,10:00,151,9,12.0,1,1,30.13,0,2025-05-24 08:00:00,2025-05-24 12:00:00,W,Main St,0,0,0,0
2025-05-24,16,10:00,151,9,12.0,1,1,30.13,0,2025-05-24 08:00:00,2025-05-24 12:00:00,W,Main St at Danforth Ave,0,0,0,0
2025-05-24,16,10:00,151,9,12.0,1,1,30.13,0,2025-05-24 08:00:00,2025-05-24 12:00:00,W,Howard Park Ave at Parkside Dr,0,0,0,0
2025-05-31,16,10:00,151,9,12.0,1,1,30.13,0,2025-05-31 08:00:00,2025-05-31 12:00:00,E,Woodfield Rd,1,1,1,0
2025-05-31,16,10:00,151,9,12.0,1,1,30.13,0,2025-05-31 08:00:00,2025-05-31 12:00:00,E,Coxwell Ave at Gerrard St East,0,0,0,0
2025-05-31,16,10:00,151,9,12.0,1,1,30.13,0,2025-05-31 08:00:00,2025-05-31 12:00:00,E,Euclid Ave,0,0,0,0
2025-05-31,16,10:00,151,9,12.0,1,1,30.13,0,2025-05-31 08:00:00,2025-05-31 12:00:00,E,Bowmore Rd,2,1,1,0
2025-05-31,16,10:00,151,9,12.0,1,1,30.13,0,2025-05-31 08:00:00,2025-05-31 12:00:00,E,Bay St,1,1,0,0
2025-05-31,16,10:00,151,9,12.0,1,1,30.13,0,2025-05-31 08:00:00,2025-05-31 12:00:00,E,Lansdowne Ave,3,1,2,1
2025-05-31,16,10:00,151,9,12.0,1,1,30.13,0,2025-05-31 08:00:00,2025-05-31 12:00:00,E,Indian Rd,0,1,2,1
2025-05-31,16,10:00,151,9,12.0,1,1,30.13,0,2025-05-31 08:00:00,2025-05-31 12:00:00,E,Grace St,1,1,1,1
2025-05-31,16,10:00,151,9,12.0,1,1,30.13,0,2025-05-31 08:00:00,2025-05-31 12:00:00,E,Dufferin St,1,0,0,0
2025-05-31,16,10:00,151,9,12.0,1,1,30.13,0,2025-05-31 08:00:00,2025-05-31 12:00:00,E,Gerrard St East at Beaton Ave,1,1,1,0
2025-05-31,16,10:00,151,9,12.0,1,1,30.13,0,2025-05-31 08:00:00,2025-05-31 12:00:00,E,Bathurst St,1,1,0,0
2025-05-31,16,10:00,151,9,12.0,1,1,30.13,0,2025-05-31 08:00:00,2025-05-31 12:00:00,E,Yonge St - College Station,1,1,0,0
2025-05-31,16,10:00,151,9,12.0,1,1,30.13,0,2025-05-31 08:00:00,2025-05-31 12:00:00,E,Dundas St West at Sterling Rd,0,0,1,1
2025-05-31,16,10:00,151,9,12.0,1,1,30.13,0,2025-05-31 08:00:00,2025-05-31 12:00:00,E,Brock Ave,2,1,2,1
2025-05-31,16,10:00,151,9,12.0,1,1,30.13,0,2025-05-31 08:00:00,2025-05-31 12:00:00,E,Sackville St,0,0,0,0
2025-05-31,16,10:00,151,9,12.0,1,1,30.13,0,2025-05-31 08:00:00,2025-05-31 12:00:00,E,Carlaw Ave,1,1,0,0
2025-05-31,16,10:00,151,9,12.0,1,1,30.13,0,2025-05-31 08:00:00,2025-05-31 12:00:00,E,Borden St,1,1,0,0
2025-05-31,16,10:00,151,9,12.0,1,1,30.13,0,2025-05-31 08:00:00,2025-05-31 12:00:00,E,Dundas St West at Sorauren Ave,0,0,1,0
2025-05-31,16,10:00,151,9,12.0,1,1,30.13,0,2025-05-31 08:00:00,2025-05-31 12:00:00,E,Crawford St,1,1,1,1
2025-05-31,16,10:00,151,9,12.0,1,1,30.13,0,2025-05-31 08:00:00,2025-05-31 12:00:00,E,Pape Ave,1,1,0,0
2025-05-31,16,10:00,151,9,12.0,1,1,30.13,0,2025-05-31 08:00:00,2025-05-31 12:00:00,E,Spadina Ave,1,1,0,0
2025-05-31,16,10:00,151,9,12.0,1,1,30.13,0,2025-05-31 08:00:00,2025-05-31 12:00:00,E,River St,1,0,0,0
2025-05-31,16,10:00,151,9,12.0,1,1,30.13,0,2025-05-31 08:00:00,2025-05-31 12:00:00,E,Marjory Ave,1,1,1,0
2025-05-31,16,10:00,151,9,12.0,1,1,30.13,0,2025-05-31 08:00:00,2025-05-31 12:00:00,E,Kingsmount Park Rd,2,1,1,0
2025-05-31,16,10:00,151,9,12.0,1,1,30.13,0,2025-05-31 08:00:00,2025-05-31 12:00:00,E,Church St,0,0,0,0
2025-05-31,16,10:00,151,9,12.0,1,1,30.13,0,2025-05-31 08:00:00,2025-05-31 12:00:00,E,Ossington Ave,1,2,1,1
2025-05-31,16,10:00,151,9,12.0,1,1,30.13,0,2025-05-31 08:00:00,2025-05-31 12:00:00,E,Woodbine Ave,1,1,1,0
2025-05-31,16,10:00,151,9,12.0,1,1,30.13,0,2025-05-31 08:00:00,2025-05-31 12:00:00,E,Jones Ave,1,1,1,0
2025-05-31,16,10:00,151,9,12.0,1,1,30.13,0,2025-05-31 08:00:00,2025-05-31 12:00:00,E,Golfview Ave,1,1,1,0
2025-05-31,16,10:00,151,9,12.0,1,1,30.13,0,2025-05-31 08:00:00,2025-05-31 12:00:00,E,Leslie St,1,1,1,0
2025-05-31,16,10:00,151,9,12.0,1,1,30.13,0,2025-05-31 08:00:00,2025-05-31 12:00:00,E,St Matthews Rd,1,0,0,0
2025-05-31,16,10:00,151,9,12.0,1,1,30.13,0,2025-05-31 08:00:00,2025-05-31 12:00:00,E,Jarvis St,0,0,0,0
2025-05-31,16,10:00,151,9,12.0,1,1,30.13,0,2025-05-31 08:00:00,2025-05-31 12:00:00,E,Sherbourne St,0,0,0,0
2025-05-31,16,10:00,151,9,12.0,1,1,30.13,0,2025-05-31 08:00:00,2025-05-31 12:00:00,E,St George St,1,1,0,0
2025-05-31,16,10:00,151,9,12.0,1,1,30.13,0,2025-05-31 08:00:00,2025-05-31 12:00:00,E,Dovercourt Rd,1,1,1,1
2025-05-31,16,10:00,151,9,12.0,1,1,30.13,0,2025-05-31 08:00:00,2025-05-31 12:00:00,E,Glenmount Park Rd,2,1,1,0
2025-05-31,16,10:00,151,9,12.0,1,1,30.13,0,2025-05-31 08:00:00,2025-05-31 12:00:00,E,Prust Ave,1,2,1,0
2025-05-31,16,10:00,151,9,12.0,1,1,30.13,0,2025-05-31 08:00:00,2025-05-31 12:00:00,E,Main Street Station at Bay 7,0,0,0,0
2025-05-31,16,10:00,151,9,12.0,1,1,30.13,0,2025-05-31 08:00:00,2025-05-31 12:00:00,E,Norwood Rd,2,1,1,0
2025-05-31,16,10:00,151,9,12.0,1,1,30.13,0,2025-05-31 08:00:00,2025-05-31 12:00:00,E,McCaul St,1,1,0,0
2025-05-31,16,10:00,151,9,12.0,1,1,30.13,0,2025-05-31 08:00:00,2025-05-31 12:00:00,E,Broadview Ave,1,1,0,0
2025-05-31,16,10:00,151,9,12.0,1,1,30.13,0,2025-05-31 08:00:00,2025-05-31 12:00:00,E,Ontario St,1,0,1,0
2025-05-31,16,10:00,151,9,12.0,1,1,30.13,0,2025-05-31 08:00:00,2025-05-31 12:00:00,E,Rusholme Park Cres,0,0,1,1
2025-05-31,16,10:00,151,9,12.0,1,1,30.13,0,2025-05-31 08:00:00,2025-05-31 12:00:00,E,Havelock St,1,2,1,0
2025-05-31,16,10:00,151,9,12.0,1,1,30.13,0,2025-05-31 08:00:00,2025-05-31 12:00:00,E,High Park Loop,0,2,6,2
2025-05-31,16,10:00,151,9,12.0,1,1,30.13,0,2025-05-31 08:00:00,2025-05-31 12:00:00,E,Queens Park (Queen's Park Station),1,1,0,0
2025-05-31,16,10:00,151,9,12.0,1,1,30.13,0,2025-05-31 08:00:00,2025-05-31 12:00:00,E,Roncesvalles Ave,0,0,1,1
2025-05-31,16,10:00,151,9,12.0,1,1,30.13,0,2025-05-31 08:00:00,2025-05-31 12:00:00,E,De Grassi St,1,1,0,0
2025-05-31,16,10:00,151,9,12.0,1,1,30.13,0,2025-05-31 08:00:00,2025-05-31 12:00:00,E,Parliament St at Carlton St,2,0,0,0
2025-05-31,16,10:00,151,9,12.0,1,1,30.13,0,2025-05-31 08:00:00,2025-05-31 12:00:00,E,Parkside Dr East Side,0,1,4,1
2025-05-31,16,10:00,151,9,12.0,1,1,30.13,0,2025-05-31 08:00:00,2025-05-31 12:00:00,E,Dundas St West,0,0,1,0
2025-05-31,16,10:00,151,9,12.0,1,1,30.13,0,2025-05-31 08:00:00,2025-05-31 12:00:00,E,Howard Park Ave at Roncesvalles Ave,0,0,0,0
2025-05-31,16,10:00,151,9,12.0,1,1,30.13,0,2025-05-31 08:00:00,2025-05-31 12:00:00,E,Parliament St,0,0,0,0
2025-05-31,16,10:00,151,9,12.0,1,1,30.13,0,2025-05-31 08:00:00,2025-05-31 12:00:00,E,Parliament St at Gerrard St East,0,0,0,0
2025-05-31,16,10:00,151,9,12.0,1,1,30.13,0,2025-05-31 08:00:00,2025-05-31 12:00:00,E,Sumach St,0,0,0,0
2025-05-31,16,10:00,151,9,12.0,1,1,30.13,0,2025-05-31 08:00:00,2025-05-31 12:00:00,E,Blackburn St,0,0,0,0
2025-05-31,16,10:00,151,9,12.0,1,1,30.13,0,2025-05-31 08:00:00,2025-05-31 12:00:00,E,Logan Ave,1,1,0,0
2025-05-31,16,10:00,151,9,12.0,1,1,30.13,0,2025-05-31 08:00:00,2025-05-31 12:00:00,E,Augusta Ave,0,0,0,0
2025-05-31,16,10:00,151,9,12.0,1,1,30.13,0,2025-05-31 08:00:00,2025-05-31 12:00:00,E,Beverley St,0,0,0,0
2025-05-31,16,10:00,151,9,12.0,1,1,30.13,0,2025-05-31 08:00:00,2025-05-31 12:00:00,E,University Ave (Queen's Park Station,0,0,0,0
2025-05-31,16,10:00,151,9,12.0,1,1,30.13,0,2025-05-31 08:00:00,2025-05-31 12:00:00,E,Elizabeth St,0,0,0,0
2025-05-31,16,10:00,151,9,12.0,1,1,30.13,0,2025-05-31 08:00:00,2025-05-31 12:00:00,E,Greenwood Ave,0,0,0,0
2025-05-31,16,10:00,151,9,12.0,1,1,30.13,0,2025-05-31 08:00:00,2025-05-31 12:00:00,E,Alton Ave,0,0,0,0
2025-05-31,16,10:00,151,9,12.0,1,1,30.13,0,2025-05-31 08:00:00,2025-05-31 12:00:00,E,Coxwell Ave,0,0,0,0
2025-05-31,16,10:00,151,9,12.0,1,1,30.13,0,2025-05-31 08:00:00,2025-05-31 12:00:00,E,Gerrard St East  at Coxwell Ave,0,0,0,0
2025-05-31,16,10:00,151,9,12.0,1,1,30.13,0,2025-05-31 08:00:00,2025-05-31 12:00:00,E,Coxwell Ave at Lower Gerrard St East,0,0,0,0
2025-05-31,16,10:00,151,9,12.0,1,1,30.13,0,2025-05-31 08:00:00,2025-05-31 12:00:00,E,Ashdale Ave,0,0,0,0
2025-05-31,16,10:00,151,9,12.0,1,1,30.13,0,2025-05-31 08:00:00,2025-05-31 12:00:00,E,Howard Park Ave at Indian Rd,0,0,0,0
2025-05-31,16,10:00,151,9,12.0,1,1,30.13,0,2025-05-31 08:00:00,2025-05-31 12:00:00,E,Dundas St West at Howard Park Ave,0,0,0,0
2025-05-31,16,10:00,151,9,12.0,1,1,30.13,0,2025-05-31 08:00:00,2025-05-31 12:00:00,E,Main St at Gerrard St East,0,0,0,0
2025-05-31,16,10:00,151,9,12.0,1,1,30.13,0,2025-05-31 08:00:00,2025-05-31 12:00:00,E,Main St,0,0,0,0
2025-05-31,16,10:00,151,9,12.0,1,1,30.13,0,2025-05-31 08:00:00,2025-05-31 12:00:00,E,Main St at Danforth Ave,0,0,0,0
2025-05-31,16,10:00,151,9,12.0,1,1,30.13,0,2025-05-31 08:00:00,2025-05-31 12:00:00,E,Howard Park Ave at Parkside Dr,0,0,0,0
2025-05-31,16,10:00,151,9,12.0,1,1,30.13,0,2025-05-31 08:00:00,2025-05-31 12:00:00,W,Woodfield Rd,0,0,1,0
2025-05-31,16,10:00,151,9,12.0,1,1,30.13,0,2025-05-31 08:00:00,2025-05-31 12:00:00,W,Coxwell Ave at Gerrard St East,0,0,1,0
2025-05-31,16,10:00,151,9,12.0,1,1,30.13,0,2025-05-31 08:00:00,2025-05-31 12:00:00,W,Euclid Ave,0,0,0,0
2025-05-31,16,10:00,151,9,12.0,1,1,30.13,0,2025-05-31 08:00:00,2025-05-31 12:00:00,W,Bowmore Rd,0,1,1,0
2025-05-31,16,10:00,151,9,12.0,1,1,30.13,0,2025-05-31 08:00:00,2025-05-31 12:00:00,W,Bay St,1,0,2,0
2025-05-31,16,10:00,151,9,12.0,1,1,30.13,0,2025-05-31 08:00:00,2025-05-31 12:00:00,W,Lansdowne Ave,0,0,0,0
2025-05-31,16,10:00,151,9,12.0,1,1,30.13,0,2025-05-31 08:00:00,2025-05-31 12:00:00,W,Indian Rd,1,3,4,1
2025-05-31,16,10:00,151,9,12.0,1,1,30.13,0,2025-05-31 08:00:00,2025-05-31 12:00:00,W,Grace St,0,0,0,0
2025-05-31,16,10:00,151,9,12.0,1,1,30.13,0,2025-05-31 08:00:00,2025-05-31 12:00:00,W,Dufferin St,2,2,6,1
2025-05-31,16,10:00,151,9,12.0,1,1,30.13,0,2025-05-31 08:00:00,2025-05-31 12:00:00,W,Gerrard St East at Beaton Ave,0,1,2,0
2025-05-31,16,10:00,151,9,12.0,1,1,30.13,0,2025-05-31 08:00:00,2025-05-31 12:00:00,W,Bathurst St,0,0,0,0
2025-05-31,16,10:00,151,9,12.0,1,1,30.13,0,2025-05-31 08:00:00,2025-05-31 12:00:00,W,Yonge St - College Station,0,0,0,0
2025-05-31,16,10:00,151,9,12.0,1,1,30.13,0,2025-05-31 08:00:00,2025-05-31 12:00:00,W,Dundas St West at Sterling Rd,0,0,0,0
2025-05-31,16,10:00,151,9,12.0,1,1,30.13,0,2025-05-31 08:00:00,2025-05-31 12:00:00,W,Brock Ave,0,0,0,0
2025-05-31,16,10:00,151,9,12.0,1,1,30.13,0,2025-05-31 08:00:00,2025-05-31 12:00:00,W,Sackville St,2,1,2,0
2025-05-31,16,10:00,151,9,12.0,1,1,30.13,0,2025-05-31 08:00:00,2025-05-31 12:00:00,W,Carlaw Ave,0,0,0,0
2025-05-31,16,10:00,151,9,12.0,1,1,30.13,0,2025-05-31 08:00:00,2025-05-31 12:00:00,W,Borden St,0,0,0,0
2025-05-31,16,10:00,151,9,12.0,1,1,30.13,0,2025-05-31 08:00:00,2025-05-31 12:00:00,W,Dundas St West at Sorauren Ave,1,2,4,1
2025-05-31,16,10:00,151,9,12.0,1,1,30.13,0,2025-05-31 08:00:00,2025-05-31 12:00:00,W,Crawford St,0,0,0,0
2025-05-31,16,10:00,151,9,12.0,1,1,30.13,0,2025-05-31 08:00:00,2025-05-31 12:00:00,W,Pape Ave,0,0,0,0
2025-05-31,16,10:00,151,9,12.0,1,1,30.13,0,2025-05-31 08:00:00,2025-05-31 12:00:00,W,Spadina Ave,1,0,2,0
2025-05-31,16,10:00,151,9,12.0,1,1,30.13,0,2025-05-31 08:00:00,2025-05-31 12:00:00,W,River St,2,1,3,0
2025-05-31,16,10:00,151,9,12.0,1,1,30.13,0,2025-05-31 08:00:00,2025-05-31 12:00:00,W,Marjory Ave,0,0,0,0
2025-05-31,16,10:00,151,9,12.0,1,1,30.13,0,2025-05-31 08:00:00,2025-05-31 12:00:00,W,Kingsmount Park Rd,0,0,0,0
2025-05-31,16,10:00,151,9,12.0,1,1,30.13,0,2025-05-31 08:00:00,2025-05-31 12:00:00,W,Church St,0,0,0,0
2025-05-31,16,10:00,151,9,12.0,1,1,30.13,0,2025-05-31 08:00:00,2025-05-31 12:00:00,W,Ossington Ave,0,0,0,0
2025-05-31,16,10:00,151,9,12.0,1,1,30.13,0,2025-05-31 08:00:00,2025-05-31 12:00:00,W,Woodbine Ave,0,0,0,0
2025-05-31,16,10:00,151,9,12.0,1,1,30.13,0,2025-05-31 08:00:00,2025-05-31 12:00:00,W,Jones Ave,0,0,0,0
2025-05-31,16,10:00,151,9,12.0,1,1,30.13,0,2025-05-31 08:00:00,2025-05-31 12:00:00,W,Golfview Ave,0,0,0,0
2025-05-31,16,10:00,151,9,12.0,1,1,30.13,0,2025-05-31 08:00:00,2025-05-31 12:00:00,W,Leslie St,0,0,0,0
2025-05-31,16,10:00,151,9,12.0,1,1,30.13,0,2025-05-31 08:00:00,2025-05-31 12:00:00,W,St Matthews Rd,0,0,0,0
2025-05-31,16,10:00,151,9,12.0,1,1,30.13,0,2025-05-31 08:00:00,2025-05-31 12:00:00,W,Jarvis St,0,0,0,0
2025-05-31,16,10:00,151,9,12.0,1,1,30.13,0,2025-05-31 08:00:00,2025-05-31 12:00:00,W,Sherbourne St,0,0,0,0
2025-05-31,16,10:00,151,9,12.0,1,1,30.13,0,2025-05-31 08:00:00,2025-05-31 12:00:00,W,St George St,0,0,0,0
2025-05-31,16,10:00,151,9,12.0,1,1,30.13,0,2025-05-31 08:00:00,2025-05-31 12:00:00,W,Dovercourt Rd,0,0,0,0
2025-05-31,16,10:00,151,9,12.0,1,1,30.13,0,2025-05-31 08:00:00,2025-05-31 12:00:00,W,Glenmount Park Rd,0,0,0,0
2025-05-31,16,10:00,151,9,12.0,1,1,30.13,0,2025-05-31 08:00:00,2025-05-31 12:00:00,W,Prust Ave,0,0,0,0
2025-05-31,16,10:00,151,9,12.0,1,1,30.13,0,2025-05-31 08:00:00,2025-05-31 12:00:00,W,Main Street Station at Bay 7,0,1,2,0
2025-05-31,16,10:00,151,9,12.0,1,1,30.13,0,2025-05-31 08:00:00,2025-05-31 12:00:00,W,Norwood Rd,0,0,0,0
2025-05-31,16,10:00,151,9,12.0,1,1,30.13,0,2025-05-31 08:00:00,2025-05-31 12:00:00,W,McCaul St,0,0,0,0
2025-05-31,16,10:00,151,9,12.0,1,1,30.13,0,2025-05-31 08:00:00,2025-05-31 12:00:00,W,Broadview Ave,0,0,0,0
2025-05-31,16,10:00,151,9,12.0,1,1,30.13,0,2025-05-31 08:00:00,2025-05-31 12:00:00,W,Ontario St,0,0,0,0
2025-05-31,16,10:00,151,9,12.0,1,1,30.13,0,2025-05-31 08:00:00,2025-05-31 12:00:00,W,Rusholme Park Cres,0,0,0,0
2025-05-31,16,10:00,151,9,12.0,1,1,30.13,0,2025-05-31 08:00:00,2025-05-31 12:00:00,W,Havelock St,0,0,0,0
2025-05-31,16,10:00,151,9,12.0,1,1,30.13,0,2025-05-31 08:00:00,2025-05-31 12:00:00,W,High Park Loop,0,0,0,0
2025-05-31,16,10:00,151,9,12.0,1,1,30.13,0,2025-05-31 08:00:00,2025-05-31 12:00:00,W,Queens Park (Queen's Park Station),0,0,0,0
2025-05-31,16,10:00,151,9,12.0,1,1,30.13,0,2025-05-31 08:00:00,2025-05-31 12:00:00,W,Roncesvalles Ave,0,3,4,1
2025-05-31,16,10:00,151,9,12.0,1,1,30.13,0,2025-05-31 08:00:00,2025-05-31 12:00:00,W,De Grassi St,0,0,0,0
2025-05-31,16,10:00,151,9,12.0,1,1,30.13,0,2025-05-31 08:00:00,2025-05-31 12:00:00,W,Parliament St at Carlton St,0,0,0,0
2025-05-31,16,10:00,151,9,12.0,1,1,30.13,0,2025-05-31 08:00:00,2025-05-31 12:00:00,W,Parkside Dr East Side,0,0,0,0
2025-05-31,16,10:00,151,9,12.0,1,1,30.13,0,2025-05-31 08:00:00,2025-05-31 12:00:00,W,Dundas St West,1,3,4,1
2025-05-31,16,10:00,151,9,12.0,1,1,30.13,0,2025-05-31 08:00:00,2025-05-31 12:00:00,W,Howard Park Ave at Roncesvalles Ave,0,0,0,0
2025-05-31,16,10:00,151,9,12.0,1,1,30.13,0,2025-05-31 08:00:00,2025-05-31 12:00:00,W,Parliament St,0,0,0,0
2025-05-31,16,10:00,151,9,12.0,1,1,30.13,0,2025-05-31 08:00:00,2025-05-31 12:00:00,W,Parliament St at Gerrard St East,0,0,0,0
2025-05-31,16,10:00,151,9,12.0,1,1,30.13,0,2025-05-31 08:00:00,2025-05-31 12:00:00,W,Sumach St,0,0,0,0
2025-05-31,16,10:00,151,9,12.0,1,1,30.13,0,2025-05-31 08:00:00,2025-05-31 12:00:00,W,Blackburn St,0,0,0,0
2025-05-31,16,10:00,151,9,12.0,1,1,30.13,0,2025-05-31 08:00:00,2025-05-31 12:00:00,W,Logan Ave,0,0,0,0
2025-05-31,16,10:00,151,9,12.0,1,1,30.13,0,2025-05-31 08:00:00,2025-05-31 12:00:00,W,Augusta Ave,0,0,0,0
2025-05-31,16,10:00,151,9,12.0,1,1,30.13,0,2025-05-31 08:00:00,2025-05-31 12:00:00,W,Beverley St,0,0,0,0
2025-05-31,16,10:00,151,9,12.0,1,1,30.13,0,2025-05-31 08:00:00,2025-05-31 12:00:00,W,University Ave (Queen's Park Station,0,0,0,0
2025-05-31,16,10:00,151,9,12.0,1,1,30.13,0,2025-05-31 08:00:00,2025-05-31 12:00:00,W,Elizabeth St,0,0,0,0
2025-05-31,16,10:00,151,9,12.0,1,1,30.13,0,2025-05-31 08:00:00,2025-05-31 12:00:00,W,Greenwood Ave,0,0,0,0
2025-05-31,16,10:00,151,9,12.0,1,1,30.13,0,2025-05-31 08:00:00,2025-05-31 12:00:00,W,Alton Ave,0,0,0,0
2025-05-31,16,10:00,151,9,12.0,1,1,30.13,0,2025-05-31 08:00:00,2025-05-31 12:00:00,W,Coxwell Ave,0,0,0,0
2025-05-31,16,10:00,151,9,12.0,1,1,30.13,0,2025-05-31 08:00:00,2025-05-31 12:00:00,W,Gerrard St East  at Coxwell Ave,0,0,0,0
2025-05-31,16,10:00,151,9,12.0,1,1,30.13,0,2025-05-31 08:00:00,2025-05-31 12:00:00,W,Coxwell Ave at Lower Gerrard St East,0,0,0,0
2025-05-31,16,10:00,151,9,12.0,1,1,30.13,0,2025-05-31 08:00:00,2025-05-31 12:00:00,W,Ashdale Ave,0,0,0,0
2025-05-31,16,10:00,151,9,12.0,1,1,30.13,0,2025-05-31 08:00:00,2025-05-31 12:00:00,W,Howard Park Ave at Indian Rd,0,0,0,0
2025-05-31,16,10:00,151,9,12.0,1,1,30.13,0,2025-05-31 08:00:00,2025-05-31 12:00:00,W,Dundas St West at Howard Park Ave,0,0,0,0
2025-05-31,16,10:00,151,9,12.0,1,1,30.13,0,2025-05-31 08:00:00,2025-05-31 12:00:00,W,Main St at Gerrard St East,0,0,0,0
2025-05-31,16,10:00,151,9,12.0,1,1,30.13,0,2025-05-31 08:00:00,2025-05-31 12:00:00,W,Main St,0,0,0,0
2025-05-31,16,10:00,151,9,12.0,1,1,30.13,0,2025-05-31 08:00:00,2025-05-31 12:00:00,W,Main St at Danforth Ave,0,0,0,0
2025-05-31,16,10:00,151,9,12.0,1,1,30.13,0,2025-05-31 08:00:00,2025-05-31 12:00:00,W,Howard Park Ave at Parkside Dr,0,0,0,0
2025-06-07,16,10:00,151,9,12.0,1,1,30.13,0,2025-06-07 08:00:00,2025-06-07 12:00:00,E,Woodfield Rd,5,2,7,0
2025-06-07,16,10:00,151,9,12.0,1,1,30.13,0,2025-06-07 08:00:00,2025-06-07 12:00:00,E,Coxwell Ave at Gerrard St East,0,0,0,0
2025-06-07,16,10:00,151,9,12.0,1,1,30.13,0,2025-06-07 08:00:00,2025-06-07 12:00:00,E,Euclid Ave,0,0,0,0
2025-06-07,16,10:00,151,9,12.0,1,1,30.13,0,2025-06-07 08:00:00,2025-06-07 12:00:00,E,Bowmore Rd,3,4,9,0
2025-06-07,16,10:00,151,9,12.0,1,1,30.13,0,2025-06-07 08:00:00,2025-06-07 12:00:00,E,Bay St,4,2,5,0
2025-06-07,16,10:00,151,9,12.0,1,1,30.13,0,2025-06-07 08:00:00,2025-06-07 12:00:00,E,Lansdowne Ave,5,5,10,0
2025-06-07,16,10:00,151,9,12.0,1,1,30.13,0,2025-06-07 08:00:00,2025-06-07 12:00:00,E,Indian Rd,0,5,6,0
2025-06-07,16,10:00,151,9,12.0,1,1,30.13,0,2025-06-07 08:00:00,2025-06-07 12:00:00,E,Grace St,1,6,9,0
2025-06-07,16,10:00,151,9,12.0,1,1,30.13,0,2025-06-07 08:00:00,2025-06-07 12:00:00,E,Dufferin St,5,2,10,0
2025-06-07,16,10:00,151,9,12.0,1,1,30.13,0,2025-06-07 08:00:00,2025-06-07 12:00:00,E,Gerrard St East at Beaton Ave,2,4,9,0
2025-06-07,16,10:00,151,9,12.0,1,1,30.13,0,2025-06-07 08:00:00,2025-06-07 12:00:00,E,Bathurst St,4,2,5,0
2025-06-07,16,10:00,151,9,12.0,1,1,30.13,0,2025-06-07 08:00:00,2025-06-07 12:00:00,E,Yonge St - College Station,4,1,8,0
2025-06-07,16,10:00,151,9,12.0,1,1,30.13,0,2025-06-07 08:00:00,2025-06-07 12:00:00,E,Dundas St West at Sterling Rd,2,1,4,0
2025-06-07,16,10:00,151,9,12.0,1,1,30.13,0,2025-06-07 08:00:00,2025-06-07 12:00:00,E,Brock Ave,4,5,12,0
2025-06-07,16,10:00,151,9,12.0,1,1,30.13,0,2025-06-07 08:00:00,2025-06-07 12:00:00,E,Sackville St,1,2,4,0
2025-06-07,16,10:00,151,9,12.0,1,1,30.13,0,2025-06-07 08:00:00,2025-06-07 12:00:00,E,Carlaw Ave,5,2,7,0
2025-06-07,16,10:00,151,9,12.0,1,1,30.13,0,2025-06-07 08:00:00,2025-06-07 12:00:00,E,Borden St,3,2,6,0
2025-06-07,16,10:00,151,9,12.0,1,1,30.13,0,2025-06-07 08:00:00,2025-06-07 12:00:00,E,Dundas St West at Sorauren Ave,2,2,4,0
2025-06-07,16,10:00,151,9,12.0,1,1,30.13,0,2025-06-07 08:00:00,2025-06-07 12:00:00,E,Crawford St,3,5,9,0
2025-06-07,16,10:00,151,9,12.0,1,1,30.13,0,2025-06-07 08:00:00,2025-06-07 12:00:00,E,Pape Ave,5,2,7,0
2025-06-07,16,10:00,151,9,12.0,1,1,30.13,0,2025-06-07 08:00:00,2025-06-07 12:00:00,E,Spadina Ave,3,2,5,0
2025-06-07,16,10:00,151,9,12.0,1,1,30.13,0,2025-06-07 08:00:00,2025-06-07 12:00:00,E,River St,2,2,5,0
2025-06-07,16,10:00,151,9,12.0,1,1,30.13,0,2025-06-07 08:00:00,2025-06-07 12:00:00,E,Marjory Ave,5,2,8,0
2025-06-07,16,10:00,151,9,12.0,1,1,30.13,0,2025-06-07 08:00:00,2025-06-07 12:00:00,E,Kingsmount Park Rd,3,4,8,0
2025-06-07,16,10:00,151,9,12.0,1,1,30.13,0,2025-06-07 08:00:00,2025-06-07 12:00:00,E,Church St,0,0,0,0
2025-06-07,16,10:00,151,9,12.0,1,1,30.13,0,2025-06-07 08:00:00,2025-06-07 12:00:00,E,Ossington Ave,4,3,7,0
2025-06-07,16,10:00,151,9,12.0,1,1,30.13,0,2025-06-07 08:00:00,2025-06-07 12:00:00,E,Woodbine Ave,4,4,9,0
2025-06-07,16,10:00,151,9,12.0,1,1,30.13,0,2025-06-07 08:00:00,2025-06-07 12:00:00,E,Jones Ave,4,2,9,0
2025-06-07,16,10:00,151,9,12.0,1,1,30.13,0,2025-06-07 08:00:00,2025-06-07 12:00:00,E,Golfview Ave,4,4,8,0
2025-06-07,16,10:00,151,9,12.0,1,1,30.13,0,2025-06-07 08:00:00,2025-06-07 12:00:00,E,Leslie St,4,2,10,0
2025-06-07,16,10:00,151,9,12.0,1,1,30.13,0,2025-06-07 08:00:00,2025-06-07 12:00:00,E,St Matthews Rd,2,2,5,0
2025-06-07,16,10:00,151,9,12.0,1,1,30.13,0,2025-06-07 08:00:00,2025-06-07 12:00:00,E,Jarvis St,2,2,4,0
2025-06-07,16,10:00,151,9,12.0,1,1,30.13,0,2025-06-07 08:00:00,2025-06-07 12:00:00,E,Sherbourne St,2,2,4,0
2025-06-07,16,10:00,151,9,12.0,1,1,30.13,0,2025-06-07 08:00:00,2025-06-07 12:00:00,E,St George St,3,2,5,0
2025-06-07,16,10:00,151,9,12.0,1,1,30.13,0,2025-06-07 08:00:00,2025-06-07 12:00:00,E,Dovercourt Rd,4,4,6,0
2025-06-07,16,10:00,151,9,12.0,1,1,30.13,0,2025-06-07 08:00:00,2025-06-07 12:00:00,E,Glenmount Park Rd,4,4,7,0
2025-06-07,16,10:00,151,9,12.0,1,1,30.13,0,2025-06-07 08:00:00,2025-06-07 12:00:00,E,Prust Ave,5,2,10,0
2025-06-07,16,10:00,151,9,12.0,1,1,30.13,0,2025-06-07 08:00:00,2025-06-07 12:00:00,E,Main Street Station at Bay 7,0,0,0,0
2025-06-07,16,10:00,151,9,12.0,1,1,30.13,0,2025-06-07 08:00:00,2025-06-07 12:00:00,E,Norwood Rd,3,4,6,0
2025-06-07,16,10:00,151,9,12.0,1,1,30.13,0,2025-06-07 08:00:00,2025-06-07 12:00:00,E,McCaul St,2,2,4,0
2025-06-07,16,10:00,151,9,12.0,1,1,30.13,0,2025-06-07 08:00:00,2025-06-07 12:00:00,E,Broadview Ave,2,2,5,0
2025-06-07,16,10:00,151,9,12.0,1,1,30.13,0,2025-06-07 08:00:00,2025-06-07 12:00:00,E,Ontario St,1,2,4,0
2025-06-07,16,10:00,151,9,12.0,1,1,30.13,0,2025-06-07 08:00:00,2025-06-07 12:00:00,E,Rusholme Park Cres,1,1,3,0
2025-06-07,16,10:00,151,9,12.0,1,1,30.13,0,2025-06-07 08:00:00,2025-06-07 12:00:00,E,Havelock St,5,2,7,0
2025-06-07,16,10:00,151,9,12.0,1,1,30.13,0,2025-06-07 08:00:00,2025-06-07 12:00:00,E,High Park Loop,2,9,16,0
2025-06-07,16,10:00,151,9,12.0,1,1,30.13,0,2025-06-07 08:00:00,2025-06-07 12:00:00,E,Queens Park (Queen's Park Station),3,2,4,0
2025-06-07,16,10:00,151,9,12.0,1,1,30.13,0,2025-06-07 08:00:00,2025-06-07 12:00:00,E,Roncesvalles Ave,2,1,3,0
2025-06-07,16,10:00,151,9,12.0,1,1,30.13,0,2025-06-07 08:00:00,2025-06-07 12:00:00,E,De Grassi St,4,2,5,0
2025-06-07,16,10:00,151,9,12.0,1,1,30.13,0,2025-06-07 08:00:00,2025-06-07 12:00:00,E,Parliament St at Carlton St,3,2,4,0
2025-06-07,16,10:00,151,9,12.0,1,1,30.13,0,2025-06-07 08:00:00,2025-06-07 12:00:00,E,Parkside Dr East Side,0,5,10,0
2025-06-07,16,10:00,151,9,12.0,1,1,30.13,0,2025-06-07 08:00:00,2025-06-07 12:00:00,E,Dundas St West,2,2,4,0
2025-06-07,16,10:00,151,9,12.0,1,1,30.13,0,2025-06-07 08:00:00,2025-06-07 12:00:00,E,Howard Park Ave at Roncesvalles Ave,0,0,0,0
2025-06-07,16,10:00,151,9,12.0,1,1,30.13,0,2025-06-07 08:00:00,2025-06-07 12:00:00,E,Parliament St,0,0,0,0
2025-06-07,16,10:00,151,9,12.0,1,1,30.13,0,2025-06-07 08:00:00,2025-06-07 12:00:00,E,Parliament St at Gerrard St East,0,0,0,0
2025-06-07,16,10:00,151,9,12.0,1,1,30.13,0,2025-06-07 08:00:00,2025-06-07 12:00:00,E,Sumach St,0,0,0,0
2025-06-07,16,10:00,151,9,12.0,1,1,30.13,0,2025-06-07 08:00:00,2025-06-07 12:00:00,E,Blackburn St,0,0,0,0
2025-06-07,16,10:00,151,9,12.0,1,1,30.13,0,2025-06-07 08:00:00,2025-06-07 12:00:00,E,Logan Ave,2,2,5,0
2025-06-07,16,10:00,151,9,12.0,1,1,30.13,0,2025-06-07 08:00:00,2025-06-07 12:00:00,E,Augusta Ave,0,0,0,0
2025-06-07,16,10:00,151,9,12.0,1,1,30.13,0,2025-06-07 08:00:00,2025-06-07 12:00:00,E,Beverley St,0,0,0,0
2025-06-07,16,10:00,151,9,12.0,1,1,30.13,0,2025-06-07 08:00:00,2025-06-07 12:00:00,E,University Ave (Queen's Park Station,0,0,0,0
2025-06-07,16,10:00,151,9,12.0,1,1,30.13,0,2025-06-07 08:00:00,2025-06-07 12:00:00,E,Elizabeth St,0,0,0,0
2025-06-07,16,10:00,151,9,12.0,1,1,30.13,0,2025-06-07 08:00:00,2025-06-07 12:00:00,E,Greenwood Ave,0,0,0,0
2025-06-07,16,10:00,151,9,12.0,1,1,30.13,0,2025-06-07 08:00:00,2025-06-07 12:00:00,E,Alton Ave,0,0,0,0
2025-06-07,16,10:00,151,9,12.0,1,1,30.13,0,2025-06-07 08:00:00,2025-06-07 12:00:00,E,Coxwell Ave,0,0,0,0
2025-06-07,16,10:00,151,9,12.0,1,1,30.13,0,2025-06-07 08:00:00,2025-06-07 12:00:00,E,Gerrard St East  at Coxwell Ave,0,0,0,0
2025-06-07,16,10:00,151,9,12.0,1,1,30.13,0,2025-06-07 08:00:00,2025-06-07 12:00:00,E,Coxwell Ave at Lower Gerrard St East,0,0,0,0
2025-06-07,16,10:00,151,9,12.0,1,1,30.13,0,2025-06-07 08:00:00,2025-06-07 12:00:00,E,Ashdale Ave,0,0,0,0
2025-06-07,16,10:00,151,9,12.0,1,1,30.13,0,2025-06-07 08:00:00,2025-06-07 12:00:00,E,Howard Park Ave at Indian Rd,0,0,0,0
2025-06-07,16,10:00,151,9,12.0,1,1,30.13,0,2025-06-07 08:00:00,2025-06-07 12:00:00,E,Dundas St West at Howard Park Ave,0,0,0,0
2025-06-07,16,10:00,151,9,12.0,1,1,30.13,0,2025-06-07 08:00:00,2025-06-07 12:00:00,E,Main St at Gerrard St East,0,0,0,0
2025-06-07,16,10:00,151,9,12.0,1,1,30.13,0,2025-06-07 08:00:00,2025-06-07 12:00:00,E,Main St,0,0,0,0
2025-06-07,16,10:00,151,9,12.0,1,1,30.13,0,2025-06-07 08:00:00,2025-06-07 12:00:00,E,Main St at Danforth Ave,0,0,0,0
2025-06-07,16,10:00,151,9,12.0,1,1,30.13,0,2025-06-07 08:00:00,2025-06-07 12:00:00,E,Howard Park Ave at Parkside Dr,0,0,0,0
2025-06-07,16,10:00,151,9,12.0,1,1,30.13,0,2025-06-07 08:00:00,2025-06-07 12:00:00,W,Woodfield Rd,1,2,5,0
2025-06-07,16,10:00,151,9,12.0,1,1,30.13,0,2025-06-07 08:00:00,2025-06-07 12:00:00,W,Coxwell Ave at Gerrard St East,2,2,7,0
2025-06-07,16,10:00,151,9,12.0,1,1,30.13,0,2025-06-07 08:00:00,2025-06-07 12:00:00,W,Euclid Ave,0,0,0,0
2025-06-07,16,10:00,151,9,12.0,1,1,30.13,0,2025-06-07 08:00:00,2025-06-07 12:00:00,W,Bowmore Rd,1,4,5,0
2025-06-07,16,10:00,151,9,12.0,1,1,30.13,0,2025-06-07 08:00:00,2025-06-07 12:00:00,W,Bay St,3,1,5,0
2025-06-07,16,10:00,151,9,12.0,1,1,30.13,0,2025-06-07 08:00:00,2025-06-07 12:00:00,W,Lansdowne Ave,0,0,0,0
2025-06-07,16,10:00,151,9,12.0,1,1,30.13,0,2025-06-07 08:00:00,2025-06-07 12:00:00,W,Indian Rd,2,4,7,0
2025-06-07,16,10:00,151,9,12.0,1,1,30.13,0,2025-06-07 08:00:00,2025-06-07 12:00:00,W,Grace St,0,0,0,0
2025-06-07,16,10:00,151,9,12.0,1,1,30.13,0,2025-06-07 08:00:00,2025-06-07 12:00:00,W,Dufferin St,2,3,10,1
2025-06-07,16,10:00,151,9,12.0,1,1,30.13,0,2025-06-07 08:00:00,2025-06-07 12:00:00,W,Gerrard St East at Beaton Ave,2,2,5,0
2025-06-07,16,10:00,151,9,12.0,1,1,30.13,0,2025-06-07 08:00:00,2025-06-07 12:00:00,W,Bathurst St,0,0,0,0
2025-06-07,16,10:00,151,9,12.0,1,1,30.13,0,2025-06-07 08:00:00,2025-06-07 12:00:00,W,Yonge St - College Station,0,0,0,0
2025-06-07,16,10:00,151,9,12.0,1,1,30.13,0,2025-06-07 08:00:00,2025-06-07 12:00:00,W,Dundas St West at Sterling Rd,0,0,0,0
2025-06-07,16,10:00,151,9,12.0,1,1,30.13,0,2025-06-07 08:00:00,2025-06-07 12:00:00,W,Brock Ave,0,0,0,0
2025-06-07,16,10:00,151,9,12.0,1,1,30.13,0,2025-06-07 08:00:00,2025-06-07 12:00:00,W,Sackville St,3,1,10,2
2025-06-07,16,10:00,151,9,12.0,1,1,30.13,0,2025-06-07 08:00:00,2025-06-07 12:00:00,W,Carlaw Ave,0,0,0,0
2025-06-07,16,10:00,151,9,12.0,1,1,30.13,0,2025-06-07 08:00:00,2025-06-07 12:00:00,W,Borden St,0,0,0,0
2025-06-07,16,10:00,151,9,12.0,1,1,30.13,0,2025-06-07 08:00:00,2025-06-07 12:00:00,W,Dundas St West at Sorauren Ave,1,4,7,0
2025-06-07,16,10:00,151,9,12.0,1,1,30.13,0,2025-06-07 08:00:00,2025-06-07 12:00:00,W,Crawford St,0,0,0,0
2025-06-07,16,10:00,151,9,12.0,1,1,30.13,0,2025-06-07 08:00:00,2025-06-07 12:00:00,W,Pape Ave,0,0,0,0
2025-06-07,16,10:00,151,9,12.0,1,1,30.13,0,2025-06-07 08:00:00,2025-06-07 12:00:00,W,Spadina Ave,2,1,6,0
2025-06-07,16,10:00,151,9,12.0,1,1,30.13,0,2025-06-07 08:00:00,2025-06-07 12:00:00,W,River St,3,1,10,2
2025-06-07,16,10:00,151,9,12.0,1,1,30.13,0,2025-06-07 08:00:00,2025-06-07 12:00:00,W,Marjory Ave,0,0,0,0
2025-06-07,16,10:00,151,9,12.0,1,1,30.13,0,2025-06-07 08:00:00,2025-06-07 12:00:00,W,Kingsmount Park Rd,0,0,0,0
2025-06-07,16,10:00,151,9,12.0,1,1,30.13,0,2025-06-07 08:00:00,2025-06-07 12:00:00,W,Church St,0,0,0,0
2025-06-07,16,10:00,151,9,12.0,1,1,30.13,0,2025-06-07 08:00:00,2025-06-07 12:00:00,W,Ossington Ave,0,0,0,0
2025-06-07,16,10:00,151,9,12.0,1,1,30.13,0,2025-06-07 08:00:00,2025-06-07 12:00:00,W,Woodbine Ave,0,0,0,0
2025-06-07,16,10:00,151,9,12.0,1,1,30.13,0,2025-06-07 08:00:00,2025-06-07 12:00:00,W,Jones Ave,0,0,0,0
2025-06-07,16,10:00,151,9,12.0,1,1,30.13,0,2025-06-07 08:00:00,2025-06-07 12:00:00,W,Golfview Ave,0,0,0,0
2025-06-07,16,10:00,151,9,12.0,1,1,30.13,0,2025-06-07 08:00:00,2025-06-07 12:00:00,W,Leslie St,0,0,0,0
2025-06-07,16,10:00,151,9,12.0,1,1,30.13,0,2025-06-07 08:00:00,2025-06-07 12:00:00,W,St Matthews Rd,0,0,0,0
2025-06-07,16,10:00,151,9,12.0,1,1,30.13,0,2025-06-07 08:00:00,2025-06-07 12:00:00,W,Jarvis St,0,0,0,0
2025-06-07,16,10:00,151,9,12.0,1,1,30.13,0,2025-06-07 08:00:00,2025-06-07 12:00:00,W,Sherbourne St,0,0,0,0
2025-06-07,16,10:00,151,9,12.0,1,1,30.13,0,2025-06-07 08:00:00,2025-06-07 12:00:00,W,St George St,0,0,0,0
2025-06-07,16,10:00,151,9,12.0,1,1,30.13,0,2025-06-07 08:00:00,2025-06-07 12:00:00,W,Dovercourt Rd,0,0,0,0
2025-06-07,16,10:00,151,9,12.0,1,1,30.13,0,2025-06-07 08:00:00,2025-06-07 12:00:00,W,Glenmount Park Rd,0,0,0,0
2025-06-07,16,10:00,151,9,12.0,1,1,30.13,0,2025-06-07 08:00:00,2025-06-07 12:00:00,W,Prust Ave,0,0,0,0
2025-06-07,16,10:00,151,9,12.0,1,1,30.13,0,2025-06-07 08:00:00,2025-06-07 12:00:00,W,Main Street Station at Bay 7,1,3,6,0
2025-06-07,16,10:00,151,9,12.0,1,1,30.13,0,2025-06-07 08:00:00,2025-06-07 12:00:00,W,Norwood Rd,0,0,0,0
2025-06-07,16,10:00,151,9,12.0,1,1,30.13,0,2025-06-07 08:00:00,2025-06-07 12:00:00,W,McCaul St,0,0,0,0
2025-06-07,16,10:00,151,9,12.0,1,1,30.13,0,2025-06-07 08:00:00,2025-06-07 12:00:00,W,Broadview Ave,0,0,0,0
2025-06-07,16,10:00,151,9,12.0,1,1,30.13,0,2025-06-07 08:00:00,2025-06-07 12:00:00,W,Ontario St,0,0,0,0
2025-06-07,16,10:00,151,9,12.0,1,1,30.13,0,2025-06-07 08:00:00,2025-06-07 12:00:00,W,Rusholme Park Cres,0,0,0,0
2025-06-07,16,10:00,151,9,12.0,1,1,30.13,0,2025-06-07 08:00:00,2025-06-07 12:00:00,W,Havelock St,0,0,0,0
2025-06-07,16,10:00,151,9,12.0,1,1,30.13,0,2025-06-07 08:00:00,2025-06-07 12:00:00,W,High Park Loop,0,0,0,0
2025-06-07,16,10:00,151,9,12.0,1,1,30.13,0,2025-06-07 08:00:00,2025-06-07 12:00:00,W,Queens Park (Queen's Park Station),0,0,0,0
2025-06-07,16,10:00,151,9,12.0,1,1,30.13,0,2025-06-07 08:00:00,2025-06-07 12:00:00,W,Roncesvalles Ave,1,4,7,0
2025-06-07,16,10:00,151,9,12.0,1,1,30.13,0,2025-06-07 08:00:00,2025-06-07 12:00:00,W,De Grassi St,0,0,0,0
2025-06-07,16,10:00,151,9,12.0,1,1,30.13,0,2025-06-07 08:00:00,2025-06-07 12:00:00,W,Parliament St at Carlton St,0,0,0,0
2025-06-07,16,10:00,151,9,12.0,1,1,30.13,0,2025-06-07 08:00:00,2025-06-07 12:00:00,W,Parkside Dr East Side,0,0,0,0
2025-06-07,16,10:00,151,9,12.0,1,1,30.13,0,2025-06-07 08:00:00,2025-06-07 12:00:00,W,Dundas St West,1,3,8,0
2025-06-07,16,10:00,151,9,12.0,1,1,30.13,0,2025-06-07 08:00:00,2025-06-07 12:00:00,W,Howard Park Ave at Roncesvalles Ave,0,0,0,0
2025-06-07,16,10:00,151,9,12.0,1,1,30.13,0,2025-06-07 08:00:00,2025-06-07 12:00:00,W,Parliament St,0,0,0,0
2025-06-07,16,10:00,151,9,12.0,1,1,30.13,0,2025-06-07 08:00:00,2025-06-07 12:00:00,W,Parliament St at Gerrard St East,0,0,0,0
2025-06-07,16,10:00,151,9,12.0,1,1,30.13,0,2025-06-07 08:00:00,2025-06-07 12:00:00,W,Sumach St,0,0,0,0
2025-06-07,16,10:00,151,9,12.0,1,1,30.13,0,2025-06-07 08:00:00,2025-06-07 12:00:00,W,Blackburn St,0,0,0,0
2025-06-07,16,10:00,151,9,12.0,1,1,30.13,0,2025-06-07 08:00:00,2025-06-07 12:00:00,W,Logan Ave,0,0,0,0
2025-06-07,16,10:00,151,9,12.0,1,1,30.13,0,2025-06-07 08:00:00,2025-06-07 12:00:00,W,Augusta Ave,0,0,0,0
2025-06-07,16,10:00,151,9,12.0,1,1,30.13,0,2025-06-07 08:00:00,2025-06-07 12:00:00,W,Beverley St,0,0,0,0
2025-06-07,16,10:00,151,9,12.0,1,1,30.13,0,2025-06-07 08:00:00,2025-06-07 12:00:00,W,University Ave (Queen's Park Station,0,0,0,0
2025-06-07,16,10:00,151,9,12.0,1,1,30.13,0,2025-06-07 08:00:00,2025-06-07 12:00:00,W,Elizabeth St,0,0,0,0
2025-06-07,16,10:00,151,9,12.0,1,1,30.13,0,2025-06-07 08:00:00,2025-06-07 12:00:00,W,Greenwood Ave,0,0,0,0
2025-06-07,16,10:00,151,9,12.0,1,1,30.13,0,2025-06-07 08:00:00,2025-06-07 12:00:00,W,Alton Ave,0,0,0,0
2025-06-07,16,10:00,151,9,12.0,1,1,30.13,0,2025-06-07 08:00:00,2025-06-07 12:00:00,W,Coxwell Ave,0,0,0,0
2025-06-07,16,10:00,151,9,12.0,1,1,30.13,0,2025-06-07 08:00:00,2025-06-07 12:00:00,W,Gerrard St East  at Coxwell Ave,0,0,0,0
2025-06-07,16,10:00,151,9,12.0,1,1,30.13,0,2025-06-07 08:00:00,2025-06-07 12:00:00,W,Coxwell Ave at Lower Gerrard St East,0,0,0,0
2025-06-07,16,10:00,151,9,12.0,1,1,30.13,0,2025-06-07 08:00:00,2025-06-07 12:00:00,W,Ashdale Ave,0,0,0,0
2025-06-07,16,10:00,151,9,12.0,1,1,30.13,0,2025-06-07 08:00:00,2025-06-07 12:00:00,W,Howard Park Ave at Indian Rd,0,0,0,0
2025-06-07,16,10:00,151,9,12.0,1,1,30.13,0,2025-06-07 08:00:00,2025-06-07 12:00:00,W,Dundas St West at Howard Park Ave,0,0,0,0
2025-06-07,16,10:00,151,9,12.0,1,1,30.13,0,2025-06-07 08:00:00,2025-06-07 12:00:00,W,Main St at Gerrard St East,0,0,0,0
2025-06-07,16,10:00,151,9,12.0,1,1,30.13,0,2025-06-07 08:00:00,2025-06-07 12:00:00,W,Main St,0,0,0,0
2025-06-07,16,10:00,151,9,12.0,1,1,30.13,0,2025-06-07 08:00:00,2025-06-07 12:00:00,W,Main St at Danforth Ave,0,0,0,0
2025-06-07,16,10:00,151,9,12.0,1,1,30.13,0,2025-06-07 08:00:00,2025-06-07 12:00:00,W,Howard Park Ave at Parkside Dr,0,0,0,0
2025-06-14,16,10:00,151,9,12.0,1,1,30.13,0,2025-06-14 08:00:00,2025-06-14 12:00:00,E,Woodfield Rd,5,7,6,3
2025-06-14,16,10:00,151,9,12.0,1,1,30.13,0,2025-06-14 08:00:00,2025-06-14 12:00:00,E,Coxwell Ave at Gerrard St East,0,0,0,0
2025-06-14,16,10:00,151,9,12.0,1,1,30.13,0,2025-06-14 08:00:00,2025-06-14 12:00:00,E,Euclid Ave,0,0,0,0
2025-06-14,16,10:00,151,9,12.0,1,1,30.13,0,2025-06-14 08:00:00,2025-06-14 12:00:00,E,Bowmore Rd,1,6,6,1
2025-06-14,16,10:00,151,9,12.0,1,1,30.13,0,2025-06-14 08:00:00,2025-06-14 12:00:00,E,Bay St,5,5,7,4
2025-06-14,16,10:00,151,9,12.0,1,1,30.13,0,2025-06-14 08:00:00,2025-06-14 12:00:00,E,Lansdowne Ave,3,8,8,3
2025-06-14,16,10:00,151,9,12.0,1,1,30.13,0,2025-06-14 08:00:00,2025-06-14 12:00:00,E,Indian Rd,1,5,6,3
2025-06-14,16,10:00,151,9,12.0,1,1,30.13,0,2025-06-14 08:00:00,2025-06-14 12:00:00,E,Grace St,3,7,11,8
2025-06-14,16,10:00,151,9,12.0,1,1,30.13,0,2025-06-14 08:00:00,2025-06-14 12:00:00,E,Dufferin St,4,7,5,1
2025-06-14,16,10:00,151,9,12.0,1,1,30.13,0,2025-06-14 08:00:00,2025-06-14 12:00:00,E,Gerrard St East at Beaton Ave,2,6,7,1
2025-06-14,16,10:00,151,9,12.0,1,1,30.13,0,2025-06-14 08:00:00,2025-06-14 12:00:00,E,Bathurst St,5,3,7,6
2025-06-14,16,10:00,151,9,12.0,1,1,30.13,0,2025-06-14 08:00:00,2025-06-14 12:00:00,E,Yonge St - College Station,3,5,7,3
2025-06-14,16,10:00,151,9,12.0,1,1,30.13,0,2025-06-14 08:00:00,2025-06-14 12:00:00,E,Dundas St West at Sterling Rd,0,0,0,0
2025-06-14,16,10:00,151,9,12.0,1,1,30.13,0,2025-06-14 08:00:00,2025-06-14 12:00:00,E,Brock Ave,2,8,11,2
2025-06-14,16,10:00,151,9,12.0,1,1,30.13,0,2025-06-14 08:00:00,2025-06-14 12:00:00,E,Sackville St,3,2,6,5
2025-06-14,16,10:00,151,9,12.0,1,1,30.13,0,2025-06-14 08:00:00,2025-06-14 12:00:00,E,Carlaw Ave,4,6,5,3
2025-06-14,16,10:00,151,9,12.0,1,1,30.13,0,2025-06-14 08:00:00,2025-06-14 12:00:00,E,Borden St,5,3,6,6
2025-06-14,16,10:00,151,9,12.0,1,1,30.13,0,2025-06-14 08:00:00,2025-06-14 12:00:00,E,Dundas St West at Sorauren Ave,0,4,4,1
2025-06-14,16,10:00,151,9,12.0,1,1,30.13,0,2025-06-14 08:00:00,2025-06-14 12:00:00,E,Crawford St,5,7,12,9
2025-06-14,16,10:00,151,9,12.0,1,1,30.13,0,2025-06-14 08:00:00,2025-06-14 12:00:00,E,Pape Ave,5,6,7,3
2025-06-14,16,10:00,151,9,12.0,1,1,30.13,0,2025-06-14 08:00:00,2025-06-14 12:00:00,E,Spadina Ave,3,3,7,5
2025-06-14,16,10:00,151,9,12.0,1,1,30.13,0,2025-06-14 08:00:00,2025-06-14 12:00:00,E,River St,2,3,6,5
2025-06-14,16,10:00,151,9,12.0,1,1,30.13,0,2025-06-14 08:00:00,2025-06-14 12:00:00,E,Marjory Ave,4,6,7,3
2025-06-14,16,10:00,151,9,12.0,1,1,30.13,0,2025-06-14 08:00:00,2025-06-14 12:00:00,E,Kingsmount Park Rd,2,7,5,1
2025-06-14,16,10:00,151,9,12.0,1,1,30.13,0,2025-06-14 08:00:00,2025-06-14 12:00:00,E,Church St,0,0,0,0
2025-06-14,16,10:00,151,9,12.0,1,1,30.13,0,2025-06-14 08:00:00,2025-06-14 12:00:00,E,Ossington Ave,9,7,11,9
2025-06-14,16,10:00,151,9,12.0,1,1,30.13,0,2025-06-14 08:00:00,2025-06-14 12:00:00,E,Woodbine Ave,2,7,5,1
2025-06-14,16,10:00,151,9,12.0,1,1,30.13,0,2025-06-14 08:00:00,2025-06-14 12:00:00,E,Jones Ave,3,6,7,3
2025-06-14,16,10:00,151,9,12.0,1,1,30.13,0,2025-06-14 08:00:00,2025-06-14 12:00:00,E,Golfview Ave,2,7,5,1
2025-06-14,16,10:00,151,9,12.0,1,1,30.13,0,2025-06-14 08:00:00,2025-06-14 12:00:00,E,Leslie St,3,6,7,3
2025-06-14,16,10:00,151,9,12.0,1,1,30.13,0,2025-06-14 08:00:00,2025-06-14 12:00:00,E,St Matthews Rd,4,3,5,5
2025-06-14,16,10:00,151,9,12.0,1,1,30.13,0,2025-06-14 08:00:00,2025-06-14 12:00:00,E,Jarvis St,0,4,9,8
2025-06-14,16,10:00,151,9,12.0,1,1,30.13,0,2025-06-14 08:00:00,2025-06-14 12:00:00,E,Sherbourne St,0,4,9,8
2025-06-14,16,10:00,151,9,12.0,1,1,30.13,0,2025-06-14 08:00:00,2025-06-14 12:00:00,E,St George St,3,4,7,4
2025-06-14,16,10:00,151,9,12.0,1,1,30.13,0,2025-06-14 08:00:00,2025-06-14 12:00:00,E,Dovercourt Rd,6,8,13,9
2025-06-14,16,10:00,151,9,12.0,1,1,30.13,0,2025-06-14 08:00:00,2025-06-14 12:00:00,E,Glenmount Park Rd,2,7,6,1
2025-06-14,16,10:00,151,9,12.0,1,1,30.13,0,2025-06-14 08:00:00,2025-06-14 12:00:00,E,Prust Ave,3,7,6,3
2025-06-14,16,10:00,151,9,12.0,1,1,30.13,0,2025-06-14 08:00:00,2025-06-14 12:00:00,E,Main Street Station at Bay 7,0,0,0,0
2025-06-14,16,10:00,151,9,12.0,1,1,30.13,0,2025-06-14 08:00:00,2025-06-14 12:00:00,E,Norwood Rd,2,7,4,1
2025-06-14,16,10:00,151,9,12.0,1,1,30.13,0,2025-06-14 08:00:00,2025-06-14 12:00:00,E,McCaul St,4,5,7,4
2025-06-14,16,10:00,151,9,12.0,1,1,30.13,0,2025-06-14 08:00:00,2025-06-14 12:00:00,E,Broadview Ave,6,3,6,5
2025-06-14,16,10:00,151,9,12.0,1,1,30.13,0,2025-06-14 08:00:00,2025-06-14 12:00:00,E,Ontario St,3,2,5,6
2025-06-14,16,10:00,151,9,12.0,1,1,30.13,0,2025-06-14 08:00:00,2025-06-14 12:00:00,E,Rusholme Park Cres,3,2,5,2
2025-06-14,16,10:00,151,9,12.0,1,1,30.13,0,2025-06-14 08:00:00,2025-06-14 12:00:00,E,Havelock St,4,7,6,3
2025-06-14,16,10:00,151,9,12.0,1,1,30.13,0,2025-06-14 08:00:00,2025-06-14 12:00:00,E,High Park Loop,2,11,18,10
2025-06-14,16,10:00,151,9,12.0,1,1,30.13,0,2025-06-14 08:00:00,2025-06-14 12:00:00,E,Queens Park (Queen's Park Station),4,5,7,4
2025-06-14,16,10:00,151,9,12.0,1,1,30.13,0,2025-06-14 08:00:00,2025-06-14 12:00:00,E,Roncesvalles Ave,2,2,5,2
2025-06-14,16,10:00,151,9,12.0,1,1,30.13,0,2025-06-14 08:00:00,2025-06-14 12:00:00,E,De Grassi St,5,3,5,5
2025-06-14,16,10:00,151,9,12.0,1,1,30.13,0,2025-06-14 08:00:00,2025-06-14 12:00:00,E,Parliament St at Carlton St,3,2,5,5
2025-06-14,16,10:00,151,9,12.0,1,1,30.13,0,2025-06-14 08:00:00,2025-06-14 12:00:00,E,Parkside Dr East Side,3,5,9,4
2025-06-14,16,10:00,151,9,12.0,1,1,30.13,0,2025-06-14 08:00:00,2025-06-14 12:00:00,E,Dundas St West,0,3,3,1
2025-06-14,16,10:00,151,9,12.0,1,1,30.13,0,2025-06-14 08:00:00,2025-06-14 12:00:00,E,Howard Park Ave at Roncesvalles Ave,0,0,0,0
2025-06-14,16,10:00,151,9,12.0,1,1,30.13,0,2025-06-14 08:00:00,2025-06-14 12:00:00,E,Parliament St,0,0,0,0
2025-06-14,16,10:00,151,9,12.0,1,1,30.13,0,2025-06-14 08:00:00,2025-06-14 12:00:00,E,Parliament St at Gerrard St East,0,0,0,0
2025-06-14,16,10:00,151,9,12.0,1,1,30.13,0,2025-06-14 08:00:00,2025-06-14 12:00:00,E,Sumach St,0,0,0,0
2025-06-14,16,10:00,151,9,12.0,1,1,30.13,0,2025-06-14 08:00:00,2025-06-14 12:00:00,E,Blackburn St,0,0,0,0
2025-06-14,16,10:00,151,9,12.0,1,1,30.13,0,2025-06-14 08:00:00,2025-06-14 12:00:00,E,Logan Ave,5,3,7,6
2025-06-14,16,10:00,151,9,12.0,1,1,30.13,0,2025-06-14 08:00:00,2025-06-14 12:00:00,E,Augusta Ave,0,0,0,0
2025-06-14,16,10:00,151,9,12.0,1,1,30.13,0,2025-06-14 08:00:00,2025-06-14 12:00:00,E,Beverley St,0,0,0,0
2025-06-14,16,10:00,151,9,12.0,1,1,30.13,0,2025-06-14 08:00:00,2025-06-14 12:00:00,E,University Ave (Queen's Park Station,0,0,0,0
2025-06-14,16,10:00,151,9,12.0,1,1,30.13,0,2025-06-14 08:00:00,2025-06-14 12:00:00,E,Elizabeth St,0,0,0,0
2025-06-14,16,10:00,151,9,12.0,1,1,30.13,0,2025-06-14 08:00:00,2025-06-14 12:00:00,E,Greenwood Ave,0,0,0,0
2025-06-14,16,10:00,151,9,12.0,1,1,30.13,0,2025-06-14 08:00:00,2025-06-14 12:00:00,E,Alton Ave,0,0,0,0
2025-06-14,16,10:00,151,9,12.0,1,1,30.13,0,2025-06-14 08:00:00,2025-06-14 12:00:00,E,Coxwell Ave,0,0,0,0
2025-06-14,16,10:00,151,9,12.0,1,1,30.13,0,2025-06-14 08:00:00,2025-06-14 12:00:00,E,Gerrard St East  at Coxwell Ave,0,0,0,0
2025-06-14,16,10:00,151,9,12.0,1,1,30.13,0,2025-06-14 08:00:00,2025-06-14 12:00:00,E,Coxwell Ave at Lower Gerrard St East,0,0,0,0
2025-06-14,16,10:00,151,9,12.0,1,1,30.13,0,2025-06-14 08:00:00,2025-06-14 12:00:00,E,Ashdale Ave,0,0,0,0
2025-06-14,16,10:00,151,9,12.0,1,1,30.13,0,2025-06-14 08:00:00,2025-06-14 12:00:00,E,Howard Park Ave at Indian Rd,0,0,0,0
2025-06-14,16,10:00,151,9,12.0,1,1,30.13,0,2025-06-14 08:00:00,2025-06-14 12:00:00,E,Dundas St West at Howard Park Ave,0,0,0,0
2025-06-14,16,10:00,151,9,12.0,1,1,30.13,0,2025-06-14 08:00:00,2025-06-14 12:00:00,E,Main St at Gerrard St East,0,0,0,0
2025-06-14,16,10:00,151,9,12.0,1,1,30.13,0,2025-06-14 08:00:00,2025-06-14 12:00:00,E,Main St,0,0,0,0
2025-06-14,16,10:00,151,9,12.0,1,1,30.13,0,2025-06-14 08:00:00,2025-06-14 12:00:00,E,Main St at Danforth Ave,0,0,0,0
2025-06-14,16,10:00,151,9,12.0,1,1,30.13,0,2025-06-14 08:00:00,2025-06-14 12:00:00,E,Howard Park Ave at Parkside Dr,0,0,0,0
2025-06-14,16,10:00,151,9,12.0,1,1,30.13,0,2025-06-14 08:00:00,2025-06-14 12:00:00,W,Woodfield Rd,3,2,3,2
2025-06-14,16,10:00,151,9,12.0,1,1,30.13,0,2025-06-14 08:00:00,2025-06-14 12:00:00,W,Coxwell Ave at Gerrard St East,4,2,3,2
2025-06-14,16,10:00,151,9,12.0,1,1,30.13,0,2025-06-14 08:00:00,2025-06-14 12:00:00,W,Euclid Ave,0,0,0,0
2025-06-14,16,10:00,151,9,12.0,1,1,30.13,0,2025-06-14 08:00:00,2025-06-14 12:00:00,W,Bowmore Rd,1,4,2,0
2025-06-14,16,10:00,151,9,12.0,1,1,30.13,0,2025-06-14 08:00:00,2025-06-14 12:00:00,W,Bay St,1,2,3,3
2025-06-14,16,10:00,151,9,12.0,1,1,30.13,0,2025-06-14 08:00:00,2025-06-14 12:00:00,W,Lansdowne Ave,0,0,0,0
2025-06-14,16,10:00,151,9,12.0,1,1,30.13,0,2025-06-14 08:00:00,2025-06-14 12:00:00,W,Indian Rd,2,3,5,0
2025-06-14,16,10:00,151,9,12.0,1,1,30.13,0,2025-06-14 08:00:00,2025-06-14 12:00:00,W,Grace St,0,0,0,0
2025-06-14,16,10:00,151,9,12.0,1,1,30.13,0,2025-06-14 08:00:00,2025-06-14 12:00:00,W,Dufferin St,2,3,7,0
2025-06-14,16,10:00,151,9,12.0,1,1,30.13,0,2025-06-14 08:00:00,2025-06-14 12:00:00,W,Gerrard St East at Beaton Ave,1,2,3,1
2025-06-14,16,10:00,151,9,12.0,1,1,30.13,0,2025-06-14 08:00:00,2025-06-14 12:00:00,W,Bathurst St,0,0,0,0
2025-06-14,16,10:00,151,9,12.0,1,1,30.13,0,2025-06-14 08:00:00,2025-06-14 12:00:00,W,Yonge St - College Station,0,0,0,0
2025-06-14,16,10:00,151,9,12.0,1,1,30.13,0,2025-06-14 08:00:00,2025-06-14 12:00:00,W,Dundas St West at Sterling Rd,0,0,0,0
2025-06-14,16,10:00,151,9,12.0,1,1,30.13,0,2025-06-14 08:00:00,2025-06-14 12:00:00,W,Brock Ave,0,0,0,0
2025-06-14,16,10:00,151,9,12.0,1,1,30.13,0,2025-06-14 08:00:00,2025-06-14 12:00:00,W,Sackville St,6,1,5,2
2025-06-14,16,10:00,151,9,12.0,1,1,30.13,0,2025-06-14 08:00:00,2025-06-14 12:00:00,W,Carlaw Ave,0,0,0,0
2025-06-14,16,10:00,151,9,12.0,1,1,30.13,0,2025-06-14 08:00:00,2025-06-14 12:00:00,W,Borden St,0,0,0,0
2025-06-14,16,10:00,151,9,12.0,1,1,30.13,0,2025-06-14 08:00:00,2025-06-14 12:00:00,W,Dundas St West at Sorauren Ave,2,3,3,0
2025-06-14,16,10:00,151,9,12.0,1,1,30.13,0,2025-06-14 08:00:00,2025-06-14 12:00:00,W,Crawford St,0,0,0,0
2025-06-14,16,10:00,151,9,12.0,1,1,30.13,0,2025-06-14 08:00:00,2025-06-14 12:00:00,W,Pape Ave,0,0,0,0
2025-06-14,16,10:00,151,9,12.0,1,1,30.13,0,2025-06-14 08:00:00,2025-06-14 12:00:00,W,Spadina Ave,2,2,5,3
2025-06-14,16,10:00,151,9,12.0,1,1,30.13,0,2025-06-14 08:00:00,2025-06-14 12:00:00,W,River St,4,1,5,2
2025-06-14,16,10:00,151,9,12.0,1,1,30.13,0,2025-06-14 08:00:00,2025-06-14 12:00:00,W,Marjory Ave,0,0,0,0
2025-06-14,16,10:00,151,9,12.0,1,1,30.13,0,2025-06-14 08:00:00,2025-06-14 12:00:00,W,Kingsmount Park Rd,0,0,0,0
2025-06-14,16,10:00,151,9,12.0,1,1,30.13,0,2025-06-14 08:00:00,2025-06-14 12:00:00,W,Church St,0,0,0,0
2025-06-14,16,10:00,151,9,12.0,1,1,30.13,0,2025-06-14 08:00:00,2025-06-14 12:00:00,W,Ossington Ave,0,0,0,0
2025-06-14,16,10:00,151,9,12.0,1,1,30.13,0,2025-06-14 08:00:00,2025-06-14 12:00:00,W,Woodbine Ave,0,0,0,0
2025-06-14,16,10:00,151,9,12.0,1,1,30.13,0,2025-06-14 08:00:00,2025-06-14 12:00:00,W,Jones Ave,0,0,0,0
2025-06-14,16,10:00,151,9,12.0,1,1,30.13,0,2025-06-14 08:00:00,2025-06-14 12:00:00,W,Golfview Ave,0,0,0,0
2025-06-14,16,10:00,151,9,12.0,1,1,30.13,0,2025-06-14 08:00:00,2025-06-14 12:00:00,W,Leslie St,0,0,0,0
2025-06-14,16,10:00,151,9,12.0,1,1,30.13,0,2025-06-14 08:00:00,2025-06-14 12:00:00,W,St Matthews Rd,0,0,0,0
2025-06-14,16,10:00,151,9,12.0,1,1,30.13,0,2025-06-14 08:00:00,2025-06-14 12:00:00,W,Jarvis St,0,0,0,0
2025-06-14,16,10:00,151,9,12.0,1,1,30.13,0,2025-06-14 08:00:00,2025-06-14 12:00:00,W,Sherbourne St,0,0,0,0
2025-06-14,16,10:00,151,9,12.0,1,1,30.13,0,2025-06-14 08:00:00,2025-06-14 12:00:00,W,St George St,0,0,0,0
2025-06-14,16,10:00,151,9,12.0,1,1,30.13,0,2025-06-14 08:00:00,2025-06-14 12:00:00,W,Dovercourt Rd,0,0,0,0
2025-06-14,16,10:00,151,9,12.0,1,1,30.13,0,2025-06-14 08:00:00,2025-06-14 12:00:00,W,Glenmount Park Rd,0,0,0,0
2025-06-14,16,10:00,151,9,12.0,1,1,30.13,0,2025-06-14 08:00:00,2025-06-14 12:00:00,W,Prust Ave,0,0,0,0
2025-06-14,16,10:00,151,9,12.0,1,1,30.13,0,2025-06-14 08:00:00,2025-06-14 12:00:00,W,Main Street Station at Bay 7,0,4,2,1
2025-06-14,16,10:00,151,9,12.0,1,1,30.13,0,2025-06-14 08:00:00,2025-06-14 12:00:00,W,Norwood Rd,0,0,0,0
2025-06-14,16,10:00,151,9,12.0,1,1,30.13,0,2025-06-14 08:00:00,2025-06-14 12:00:00,W,McCaul St,0,0,0,0
2025-06-14,16,10:00,151,9,12.0,1,1,30.13,0,2025-06-14 08:00:00,2025-06-14 12:00:00,W,Broadview Ave,0,0,0,0
2025-06-14,16,10:00,151,9,12.0,1,1,30.13,0,2025-06-14 08:00:00,2025-06-14 12:00:00,W,Ontario St,0,0,0,0
2025-06-14,16,10:00,151,9,12.0,1,1,30.13,0,2025-06-14 08:00:00,2025-06-14 12:00:00,W,Rusholme Park Cres,0,0,0,0
2025-06-14,16,10:00,151,9,12.0,1,1,30.13,0,2025-06-14 08:00:00,2025-06-14 12:00:00,W,Havelock St,0,0,0,0
2025-06-14,16,10:00,151,9,12.0,1,1,30.13,0,2025-06-14 08:00:00,2025-06-14 12:00:00,W,High Park Loop,0,0,0,0
2025-06-14,16,10:00,151,9,12.0,1,1,30.13,0,2025-06-14 08:00:00,2025-06-14 12:00:00,W,Queens Park (Queen's Park Station),0,0,0,0
2025-06-14,16,10:00,151,9,12.0,1,1,30.13,0,2025-06-14 08:00:00,2025-06-14 12:00:00,W,Roncesvalles Ave,2,3,5,0
2025-06-14,16,10:00,151,9,12.0,1,1,30.13,0,2025-06-14 08:00:00,2025-06-14 12:00:00,W,De Grassi St,0,0,0,0
2025-06-14,16,10:00,151,9,12.0,1,1,30.13,0,2025-06-14 08:00:00,2025-06-14 12:00:00,W,Parliament St at Carlton St,0,0,0,0
2025-06-14,16,10:00,151,9,12.0,1,1,30.13,0,2025-06-14 08:00:00,2025-06-14 12:00:00,W,Parkside Dr East Side,0,0,0,0
2025-06-14,16,10:00,151,9,12.0,1,1,30.13,0,2025-06-14 08:00:00,2025-06-14 12:00:00,W,Dundas St West,2,3,4,0
2025-06-14,16,10:00,151,9,12.0,1,1,30.13,0,2025-06-14 08:00:00,2025-06-14 12:00:00,W,Howard Park Ave at Roncesvalles Ave,0,0,0,0
2025-06-14,16,10:00,151,9,12.0,1,1,30.13,0,2025-06-14 08:00:00,2025-06-14 12:00:00,W,Parliament St,0,0,0,0
2025-06-14,16,10:00,151,9,12.0,1,1,30.13,0,2025-06-14 08:00:00,2025-06-14 12:00:00,W,Parliament St at Gerrard St East,0,0,0,0
2025-06-14,16,10:00,151,9,12.0,1,1,30.13,0,2025-06-14 08:00:00,2025-06-14 12:00:00,W,Sumach St,0,0,0,0
2025-06-14,16,10:00,151,9,12.0,1,1,30.13,0,2025-06-14 08:00:00,2025-06-14 12:00:00,W,Blackburn St,0,0,0,0
2025-06-14,16,10:00,151,9,12.0,1,1,30.13,0,2025-06-14 08:00:00,2025-06-14 12:00:00,W,Logan Ave,0,0,0,0
2025-06-14,16,10:00,151,9,12.0,1,1,30.13,0,2025-06-14 08:00:00,2025-06-14 12:00:00,W,Augusta Ave,0,0,0,0
2025-06-14,16,10:00,151,9,12.0,1,1,30.13,0,2025-06-14 08:00:00,2025-06-14 12:00:00,W,Beverley St,0,0,0,0
2025-06-14,16,10:00,151,9,12.0,1,1,30.13,0,2025-06-14 08:00:00,2025-06-14 12:00:00,W,University Ave (Queen's Park Station,0,0,0,0
2025-06-14,16,10:00,151,9,12.0,1,1,30.13,0,2025-06-14 08:00:00,2025-06-14 12:00:00,W,Elizabeth St,0,0,0,0
2025-06-14,16,10:00,151,9,12.0,1,1,30.13,0,2025-06-14 08:00:00,2025-06-14 12:00:00,W,Greenwood Ave,0,0,0,0
2025-06-14,16,10:00,151,9,12.0,1,1,30.13,0,2025-06-14 08:00:00,2025-06-14 12:00:00,W,Alton Ave,0,0,0,0
2025-06-14,16,10:00,151,9,12.0,1,1,30.13,0,2025-06-14 08:00:00,2025-06-14 12:00:00,W,Coxwell Ave,0,0,0,0
2025-06-14,16,10:00,151,9,12.0,1,1,30.13,0,2025-06-14 08:00:00,2025-06-14 12:00:00,W,Gerrard St East  at Coxwell Ave,0,0,0,0
2025-06-14,16,10:00,151,9,12.0,1,1,30.13,0,2025-06-14 08:00:00,2025-06-14 12:00:00,W,Coxwell Ave at Lower Gerrard St East,0,0,0,0
2025-06-14,16,10:00,151,9,12.0,1,1,30.13,0,2025-06-14 08:00:00,2025-06-14 12:00:00,W,Ashdale Ave,0,0,0,0
2025-06-14,16,10:00,151,9,12.0,1,1,30.13,0,2025-06-14 08:00:00,2025-06-14 12:00:00,W,Howard Park Ave at Indian Rd,0,0,0,0
2025-06-14,16,10:00,151,9,12.0,1,1,30.13,0,2025-06-14 08:00:00,2025-06-14 12:00:00,W,Dundas St West at Howard Park Ave,0,0,0,0
2025-06-14,16,10:00,151,9,12.0,1,1,30.13,0,2025-06-14 08:00:00,2025-06-14 12:00:00,W,Main St at Gerrard St East,0,0,0,0
2025-06-14,16,10:00,151,9,12.0,1,1,30.13,0,2025-06-14 08:00:00,2025-06-14 12:00:00,W,Main St,0,0,0,0
2025-06-14,16,10:00,151,9,12.0,1,1,30.13,0,2025-06-14 08:00:00,2025-06-14 12:00:00,W,Main St at Danforth Ave,0,0,0,0
2025-06-14,16,10:00,151,9,12.0,1,1,30.13,0,2025-06-14 08:00:00,2025-06-14 12:00:00,W,Howard Park Ave at Parkside Dr,0,0,0,0
2025-06-21,16,10:00,151,9,12.0,1,1,30.13,0,2025-06-21 08:00:00,2025-06-21 12:00:00,E,Woodfield Rd,3,1,2,0
2025-06-21,16,10:00,151,9,12.0,1,1,30.13,0,2025-06-21 08:00:00,2025-06-21 12:00:00,E,Coxwell Ave at Gerrard St East,0,0,0,0
2025-06-21,16,10:00,151,9,12.0,1,1,30.13,0,2025-06-21 08:00:00,2025-06-21 12:00:00,E,Euclid Ave,0,0,0,0
2025-06-21,16,10:00,151,9,12.0,1,1,30.13,0,2025-06-21 08:00:00,2025-06-21 12:00:00,E,Bowmore Rd,2,2,1,0
2025-06-21,16,10:00,151,9,12.0,1,1,30.13,0,2025-06-21 08:00:00,2025-06-21 12:00:00,E,Bay St,4,2,1,0
2025-06-21,16,10:00,151,9,12.0,1,1,30.13,0,2025-06-21 08:00:00,2025-06-21 12:00:00,E,Lansdowne Ave,3,3,3,0
2025-06-21,16,10:00,151,9,12.0,1,1,30.13,0,2025-06-21 08:00:00,2025-06-21 12:00:00,E,Indian Rd,0,1,2,0
2025-06-21,16,10:00,151,9,12.0,1,1,30.13,0,2025-06-21 08:00:00,2025-06-21 12:00:00,E,Grace St,1,2,4,0
2025-06-21,16,10:00,151,9,12.0,1,1,30.13,0,2025-06-21 08:00:00,2025-06-21 12:00:00,E,Dufferin St,3,1,2,0
2025-06-21,16,10:00,151,9,12.0,1,1,30.13,0,2025-06-21 08:00:00,2025-06-21 12:00:00,E,Gerrard St East at Beaton Ave,2,1,1,0
2025-06-21,16,10:00,151,9,12.0,1,1,30.13,0,2025-06-21 08:00:00,2025-06-21 12:00:00,E,Bathurst St,0,0,1,0
2025-06-21,16,10:00,151,9,12.0,1,1,30.13,0,2025-06-21 08:00:00,2025-06-21 12:00:00,E,Yonge St - College Station,2,1,1,0
2025-06-21,16,10:00,151,9,12.0,1,1,30.13,0,2025-06-21 08:00:00,2025-06-21 12:00:00,E,Dundas St West at Sterling Rd,0,1,2,0
2025-06-21,16,10:00,151,9,12.0,1,1,30.13,0,2025-06-21 08:00:00,2025-06-21 12:00:00,E,Brock Ave,2,2,3,0
2025-06-21,16,10:00,151,9,12.0,1,1,30.13,0,2025-06-21 08:00:00,2025-06-21 12:00:00,E,Sackville St,1,1,1,0
2025-06-21,16,10:00,151,9,12.0,1,1,30.13,0,2025-06-21 08:00:00,2025-06-21 12:00:00,E,Carlaw Ave,2,1,1,0
2025-06-21,16,10:00,151,9,12.0,1,1,30.13,0,2025-06-21 08:00:00,2025-06-21 12:00:00,E,Borden St,1,0,1,0
2025-06-21,16,10:00,151,9,12.0,1,1,30.13,0,2025-06-21 08:00:00,2025-06-21 12:00:00,E,Dundas St West at Sorauren Ave,0,1,2,0
2025-06-21,16,10:00,151,9,12.0,1,1,30.13,0,2025-06-21 08:00:00,2025-06-21 12:00:00,E,Crawford St,1,1,3,0
2025-06-21,16,10:00,151,9,12.0,1,1,30.13,0,2025-06-21 08:00:00,2025-06-21 12:00:00,E,Pape Ave,2,1,1,0
2025-06-21,16,10:00,151,9,12.0,1,1,30.13,0,2025-06-21 08:00:00,2025-06-21 12:00:00,E,Spadina Ave,1,0,1,0
2025-06-21,16,10:00,151,9,12.0,1,1,30.13,0,2025-06-21 08:00:00,2025-06-21 12:00:00,E,River St,0,0,1,0
2025-06-21,16,10:00,151,9,12.0,1,1,30.13,0,2025-06-21 08:00:00,2025-06-21 12:00:00,E,Marjory Ave,2,1,1,0
2025-06-21,16,10:00,151,9,12.0,1,1,30.13,0,2025-06-21 08:00:00,2025-06-21 12:00:00,E,Kingsmount Park Rd,2,2,1,0
2025-06-21,16,10:00,151,9,12.0,1,1,30.13,0,2025-06-21 08:00:00,2025-06-21 12:00:00,E,Church St,0,0,0,0
2025-06-21,16,10:00,151,9,12.0,1,1,30.13,0,2025-06-21 08:00:00,2025-06-21 12:00:00,E,Ossington Ave,1,2,3,0
2025-06-21,16,10:00,151,9,12.0,1,1,30.13,0,2025-06-21 08:00:00,2025-06-21 12:00:00,E,Woodbine Ave,2,1,1,0
2025-06-21,16,10:00,151,9,12.0,1,1,30.13,0,2025-06-21 08:00:00,2025-06-21 12:00:00,E,Jones Ave,2,1,2,0
2025-06-21,16,10:00,151,9,12.0,1,1,30.13,0,2025-06-21 08:00:00,2025-06-21 12:00:00,E,Golfview Ave,2,1,1,0
2025-06-21,16,10:00,151,9,12.0,1,1,30.13,0,2025-06-21 08:00:00,2025-06-21 12:00:00,E,Leslie St,2,1,2,0
2025-06-21,16,10:00,151,9,12.0,1,1,30.13,0,2025-06-21 08:00:00,2025-06-21 12:00:00,E,St Matthews Rd,0,0,1,0
2025-06-21,16,10:00,151,9,12.0,1,1,30.13,0,2025-06-21 08:00:00,2025-06-21 12:00:00,E,Jarvis St,0,1,2,0
2025-06-21,16,10:00,151,9,12.0,1,1,30.13,0,2025-06-21 08:00:00,2025-06-21 12:00:00,E,Sherbourne St,0,1,2,0
2025-06-21,16,10:00,151,9,12.0,1,1,30.13,0,2025-06-21 08:00:00,2025-06-21 12:00:00,E,St George St,1,1,1,0
2025-06-21,16,10:00,151,9,12.0,1,1,30.13,0,2025-06-21 08:00:00,2025-06-21 12:00:00,E,Dovercourt Rd,1,3,3,0
2025-06-21,16,10:00,151,9,12.0,1,1,30.13,0,2025-06-21 08:00:00,2025-06-21 12:00:00,E,Glenmount Park Rd,2,1,1,0
2025-06-21,16,10:00,151,9,12.0,1,1,30.13,0,2025-06-21 08:00:00,2025-06-21 12:00:00,E,Prust Ave,2,1,2,0
2025-06-21,16,10:00,151,9,12.0,1,1,30.13,0,2025-06-21 08:00:00,2025-06-21 12:00:00,E,Main Street Station at Bay 7,0,0,0,0
2025-06-21,16,10:00,151,9,12.0,1,1,30.13,0,2025-06-21 08:00:00,2025-06-21 12:00:00,E,Norwood Rd,2,2,1,0
2025-06-21,16,10:00,151,9,12.0,1,1,30.13,0,2025-06-21 08:00:00,2025-06-21 12:00:00,E,McCaul St,1,2,1,0
2025-06-21,16,10:00,151,9,12.0,1,1,30.13,0,2025-06-21 08:00:00,2025-06-21 12:00:00,E,Broadview Ave,0,0,1,0
2025-06-21,16,10:00,151,9,12.0,1,1,30.13,0,2025-06-21 08:00:00,2025-06-21 12:00:00,E,Ontario St,0,0,2,0
2025-06-21,16,10:00,151,9,12.0,1,1,30.13,0,2025-06-21 08:00:00,2025-06-21 12:00:00,E,Rusholme Park Cres,0,1,2,0
2025-06-21,16,10:00,151,9,12.0,1,1,30.13,0,2025-06-21 08:00:00,2025-06-21 12:00:00,E,Havelock St,3,1,1,0
2025-06-21,16,10:00,151,9,12.0,1,1,30.13,0,2025-06-21 08:00:00,2025-06-21 12:00:00,E,High Park Loop,0,2,5,0
2025-06-21,16,10:00,151,9,12.0,1,1,30.13,0,2025-06-21 08:00:00,2025-06-21 12:00:00,E,Queens Park (Queen's Park Station),1,2,1,0
2025-06-21,16,10:00,151,9,12.0,1,1,30.13,0,2025-06-21 08:00:00,2025-06-21 12:00:00,E,Roncesvalles Ave,0,1,2,0
2025-06-21,16,10:00,151,9,12.0,1,1,30.13,0,2025-06-21 08:00:00,2025-06-21 12:00:00,E,De Grassi St,0,0,1,0
2025-06-21,16,10:00,151,9,12.0,1,1,30.13,0,2025-06-21 08:00:00,2025-06-21 12:00:00,E,Parliament St at Carlton St,1,0,2,0
2025-06-21,16,10:00,151,9,12.0,1,1,30.13,0,2025-06-21 08:00:00,2025-06-21 12:00:00,E,Parkside Dr East Side,0,1,3,0
2025-06-21,16,10:00,151,9,12.0,1,1,30.13,0,2025-06-21 08:00:00,2025-06-21 12:00:00,E,Dundas St West,0,1,2,0
2025-06-21,16,10:00,151,9,12.0,1,1,30.13,0,2025-06-21 08:00:00,2025-06-21 12:00:00,E,Howard Park Ave at Roncesvalles Ave,0,0,0,0
2025-06-21,16,10:00,151,9,12.0,1,1,30.13,0,2025-06-21 08:00:00,2025-06-21 12:00:00,E,Parliament St,0,0,0,0
2025-06-21,16,10:00,151,9,12.0,1,1,30.13,0,2025-06-21 08:00:00,2025-06-21 12:00:00,E,Parliament St at Gerrard St East,0,0,0,0
2025-06-21,16,10:00,151,9,12.0,1,1,30.13,0,2025-06-21 08:00:00,2025-06-21 12:00:00,E,Sumach St,0,0,0,0
2025-06-21,16,10:00,151,9,12.0,1,1,30.13,0,2025-06-21 08:00:00,2025-06-21 12:00:00,E,Blackburn St,0,0,0,0
2025-06-21,16,10:00,151,9,12.0,1,1,30.13,0,2025-06-21 08:00:00,2025-06-21 12:00:00,E,Logan Ave,0,0,1,0
2025-06-21,16,10:00,151,9,12.0,1,1,30.13,0,2025-06-21 08:00:00,2025-06-21 12:00:00,E,Augusta Ave,0,0,0,0
2025-06-21,16,10:00,151,9,12.0,1,1,30.13,0,2025-06-21 08:00:00,2025-06-21 12:00:00,E,Beverley St,0,0,0,0
2025-06-21,16,10:00,151,9,12.0,1,1,30.13,0,2025-06-21 08:00:00,2025-06-21 12:00:00,E,University Ave (Queen's Park Station,0,0,0,0
2025-06-21,16,10:00,151,9,12.0,1,1,30.13,0,2025-06-21 08:00:00,2025-06-21 12:00:00,E,Elizabeth St,0,0,0,0
2025-06-21,16,10:00,151,9,12.0,1,1,30.13,0,2025-06-21 08:00:00,2025-06-21 12:00:00,E,Greenwood Ave,0,0,0,0
2025-06-21,16,10:00,151,9,12.0,1,1,30.13,0,2025-06-21 08:00:00,2025-06-21 12:00:00,E,Alton Ave,0,0,0,0
2025-06-21,16,10:00,151,9,12.0,1,1,30.13,0,2025-06-21 08:00:00,2025-06-21 12:00:00,E,Coxwell Ave,0,0,0,0
2025-06-21,16,10:00,151,9,12.0,1,1,30.13,0,2025-06-21 08:00:00,2025-06-21 12:00:00,E,Gerrard St East  at Coxwell Ave,0,0,0,0
2025-06-21,16,10:00,151,9,12.0,1,1,30.13,0,2025-06-21 08:00:00,2025-06-21 12:00:00,E,Coxwell Ave at Lower Gerrard St East,0,0,0,0
2025-06-21,16,10:00,151,9,12.0,1,1,30.13,0,2025-06-21 08:00:00,2025-06-21 12:00:00,E,Ashdale Ave,0,0,0,0
2025-06-21,16,10:00,151,9,12.0,1,1,30.13,0,2025-06-21 08:00:00,2025-06-21 12:00:00,E,Howard Park Ave at Indian Rd,0,0,0,0
2025-06-21,16,10:00,151,9,12.0,1,1,30.13,0,2025-06-21 08:00:00,2025-06-21 12:00:00,E,Dundas St West at Howard Park Ave,0,0,0,0
2025-06-21,16,10:00,151,9,12.0,1,1,30.13,0,2025-06-21 08:00:00,2025-06-21 12:00:00,E,Main St at Gerrard St East,0,0,0,0
2025-06-21,16,10:00,151,9,12.0,1,1,30.13,0,2025-06-21 08:00:00,2025-06-21 12:00:00,E,Main St,0,0,0,0
2025-06-21,16,10:00,151,9,12.0,1,1,30.13,0,2025-06-21 08:00:00,2025-06-21 12:00:00,E,Main St at Danforth Ave,0,0,0,0
2025-06-21,16,10:00,151,9,12.0,1,1,30.13,0,2025-06-21 08:00:00,2025-06-21 12:00:00,E,Howard Park Ave at Parkside Dr,0,0,0,0
2025-06-21,16,10:00,151,9,12.0,1,1,30.13,0,2025-06-21 08:00:00,2025-06-21 12:00:00,W,Woodfield Rd,1,0,0,0
2025-06-21,16,10:00,151,9,12.0,1,1,30.13,0,2025-06-21 08:00:00,2025-06-21 12:00:00,W,Coxwell Ave at Gerrard St East,1,0,0,1
2025-06-21,16,10:00,151,9,12.0,1,1,30.13,0,2025-06-21 08:00:00,2025-06-21 12:00:00,W,Euclid Ave,0,0,0,0
2025-06-21,16,10:00,151,9,12.0,1,1,30.13,0,2025-06-21 08:00:00,2025-06-21 12:00:00,W,Bowmore Rd,0,0,1,0
2025-06-21,16,10:00,151,9,12.0,1,1,30.13,0,2025-06-21 08:00:00,2025-06-21 12:00:00,W,Bay St,1,0,0,0
2025-06-21,16,10:00,151,9,12.0,1,1,30.13,0,2025-06-21 08:00:00,2025-06-21 12:00:00,W,Lansdowne Ave,0,0,0,0
2025-06-21,16,10:00,151,9,12.0,1,1,30.13,0,2025-06-21 08:00:00,2025-06-21 12:00:00,W,Indian Rd,1,1,2,0
2025-06-21,16,10:00,151,9,12.0,1,1,30.13,0,2025-06-21 08:00:00,2025-06-21 12:00:00,W,Grace St,0,0,0,0
2025-06-21,16,10:00,151,9,12.0,1,1,30.13,0,2025-06-21 08:00:00,2025-06-21 12:00:00,W,Dufferin St,0,1,1,0
2025-06-21,16,10:00,151,9,12.0,1,1,30.13,0,2025-06-21 08:00:00,2025-06-21 12:00:00,W,Gerrard St East at Beaton Ave,0,0,0,1
2025-06-21,16,10:00,151,9,12.0,1,1,30.13,0,2025-06-21 08:00:00,2025-06-21 12:00:00,W,Bathurst St,0,0,0,0
2025-06-21,16,10:00,151,9,12.0,1,1,30.13,0,2025-06-21 08:00:00,2025-06-21 12:00:00,W,Yonge St - College Station,0,0,0,0
2025-06-21,16,10:00,151,9,12.0,1,1,30.13,0,2025-06-21 08:00:00,2025-06-21 12:00:00,W,Dundas St West at Sterling Rd,0,0,0,0
2025-06-21,16,10:00,151,9,12.0,1,1,30.13,0,2025-06-21 08:00:00,2025-06-21 12:00:00,W,Brock Ave,0,0,0,0
2025-06-21,16,10:00,151,9,12.0,1,1,30.13,0,2025-06-21 08:00:00,2025-06-21 12:00:00,W,Sackville St,3,1,1,0
2025-06-21,16,10:00,151,9,12.0,1,1,30.13,0,2025-06-21 08:00:00,2025-06-21 12:00:00,W,Carlaw Ave,0,0,0,0
2025-06-21,16,10:00,151,9,12.0,1,1,30.13,0,2025-06-21 08:00:00,2025-06-21 12:00:00,W,Borden St,0,0,0,0
2025-06-21,16,10:00,151,9,12.0,1,1,30.13,0,2025-06-21 08:00:00,2025-06-21 12:00:00,W,Dundas St West at Sorauren Ave,1,1,2,0
2025-06-21,16,10:00,151,9,12.0,1,1,30.13,0,2025-06-21 08:00:00,2025-06-21 12:00:00,W,Crawford St,0,0,0,0
2025-06-21,16,10:00,151,9,12.0,1,1,30.13,0,2025-06-21 08:00:00,2025-06-21 12:00:00,W,Pape Ave,0,0,0,0
2025-06-21,16,10:00,151,9,12.0,1,1,30.13,0,2025-06-21 08:00:00,2025-06-21 12:00:00,W,Spadina Ave,5,0,1,0
2025-06-21,16,10:00,151,9,12.0,1,1,30.13,0,2025-06-21 08:00:00,2025-06-21 12:00:00,W,River St,3,1,1,0
2025-06-21,16,10:00,151,9,12.0,1,1,30.13,0,2025-06-21 08:00:00,2025-06-21 12:00:00,W,Marjory Ave,0,0,0,0
2025-06-21,16,10:00,151,9,12.0,1,1,30.13,0,2025-06-21 08:00:00,2025-06-21 12:00:00,W,Kingsmount Park Rd,0,0,0,0
2025-06-21,16,10:00,151,9,12.0,1,1,30.13,0,2025-06-21 08:00:00,2025-06-21 12:00:00,W,Church St,0,0,0,0
2025-06-21,16,10:00,151,9,12.0,1,1,30.13,0,2025-06-21 08:00:00,2025-06-21 12:00:00,W,Ossington Ave,0,0,0,0
2025-06-21,16,10:00,151,9,12.0,1,1,30.13,0,2025-06-21 08:00:00,2025-06-21 12:00:00,W,Woodbine Ave,0,0,0,0
2025-06-21,16,10:00,151,9,12.0,1,1,30.13,0,2025-06-21 08:00:00,2025-06-21 12:00:00,W,Jones Ave,0,0,0,0
2025-06-21,16,10:00,151,9,12.0,1,1,30.13,0,2025-06-21 08:00:00,2025-06-21 12:00:00,W,Golfview Ave,0,0,0,0
2025-06-21,16,10:00,151,9,12.0,1,1,30.13,0,2025-06-21 08:00:00,2025-06-21 12:00:00,W,Leslie St,0,0,0,0
2025-06-21,16,10:00,151,9,12.0,1,1,30.13,0,2025-06-21 08:00:00,2025-06-21 12:00:00,W,St Matthews Rd,0,0,0,0
2025-06-21,16,10:00,151,9,12.0,1,1,30.13,0,2025-06-21 08:00:00,2025-06-21 12:00:00,W,Jarvis St,0,0,0,0
2025-06-21,16,10:00,151,9,12.0,1,1,30.13,0,2025-06-21 08:00:00,2025-06-21 12:00:00,W,Sherbourne St,0,0,0,0
2025-06-21,16,10:00,151,9,12.0,1,1,30.13,0,2025-06-21 08:00:00,2025-06-21 12:00:00,W,St George St,0,0,0,0
2025-06-21,16,10:00,151,9,12.0,1,1,30.13,0,2025-06-21 08:00:00,2025-06-21 12:00:00,W,Dovercourt Rd,0,0,0,0
2025-06-21,16,10:00,151,9,12.0,1,1,30.13,0,2025-06-21 08:00:00,2025-06-21 12:00:00,W,Glenmount Park Rd,0,0,0,0
2025-06-21,16,10:00,151,9,12.0,1,1,30.13,0,2025-06-21 08:00:00,2025-06-21 12:00:00,W,Prust Ave,0,0,0,0
2025-06-21,16,10:00,151,9,12.0,1,1,30.13,0,2025-06-21 08:00:00,2025-06-21 12:00:00,W,Main Street Station at Bay 7,1,0,1,0
2025-06-21,16,10:00,151,9,12.0,1,1,30.13,0,2025-06-21 08:00:00,2025-06-21 12:00:00,W,Norwood Rd,0,0,0,0
2025-06-21,16,10:00,151,9,12.0,1,1,30.13,0,2025-06-21 08:00:00,2025-06-21 12:00:00,W,McCaul St,0,0,0,0
2025-06-21,16,10:00,151,9,12.0,1,1,30.13,0,2025-06-21 08:00:00,2025-06-21 12:00:00,W,Broadview Ave,0,0,0,0
2025-06-21,16,10:00,151,9,12.0,1,1,30.13,0,2025-06-21 08:00:00,2025-06-21 12:00:00,W,Ontario St,0,0,0,0
2025-06-21,16,10:00,151,9,12.0,1,1,30.13,0,2025-06-21 08:00:00,2025-06-21 12:00:00,W,Rusholme Park Cres,0,0,0,0
2025-06-21,16,10:00,151,9,12.0,1,1,30.13,0,2025-06-21 08:00:00,2025-06-21 12:00:00,W,Havelock St,0,0,0,0
2025-06-21,16,10:00,151,9,12.0,1,1,30.13,0,2025-06-21 08:00:00,2025-06-21 12:00:00,W,High Park Loop,0,0,0,0
2025-06-21,16,10:00,151,9,12.0,1,1,30.13,0,2025-06-21 08:00:00,2025-06-21 12:00:00,W,Queens Park (Queen's Park Station),0,0,0,0
2025-06-21,16,10:00,151,9,12.0,1,1,30.13,0,2025-06-21 08:00:00,2025-06-21 12:00:00,W,Roncesvalles Ave,0,1,2,0
2025-06-21,16,10:00,151,9,12.0,1,1,30.13,0,2025-06-21 08:00:00,2025-06-21 12:00:00,W,De Grassi St,0,0,0,0
2025-06-21,16,10:00,151,9,12.0,1,1,30.13,0,2025-06-21 08:00:00,2025-06-21 12:00:00,W,Parliament St at Carlton St,0,0,0,0
2025-06-21,16,10:00,151,9,12.0,1,1,30.13,0,2025-06-21 08:00:00,2025-06-21 12:00:00,W,Parkside Dr East Side,0,0,0,0
2025-06-21,16,10:00,151,9,12.0,1,1,30.13,0,2025-06-21 08:00:00,2025-06-21 12:00:00,W,Dundas St West,1,1,2,0
2025-06-21,16,10:00,151,9,12.0,1,1,30.13,0,2025-06-21 08:00:00,2025-06-21 12:00:00,W,Howard Park Ave at Roncesvalles Ave,0,0,0,0
2025-06-21,16,10:00,151,9,12.0,1,1,30.13,0,2025-06-21 08:00:00,2025-06-21 12:00:00,W,Parliament St,0,0,0,0
2025-06-21,16,10:00,151,9,12.0,1,1,30.13,0,2025-06-21 08:00:00,2025-06-21 12:00:00,W,Parliament St at Gerrard St East,0,0,0,0
2025-06-21,16,10:00,151,9,12.0,1,1,30.13,0,2025-06-21 08:00:00,2025-06-21 12:00:00,W,Sumach St,0,0,0,0
2025-06-21,16,10:00,151,9,12.0,1,1,30.13,0,2025-06-21 08:00:00,2025-06-21 12:00:00,W,Blackburn St,0,0,0,0
2025-06-21,16,10:00,151,9,12.0,1,1,30.13,0,2025-06-21 08:00:00,2025-06-21 12:00:00,W,Logan Ave,0,0,0,0
2025-06-21,16,10:00,151,9,12.0,1,1,30.13,0,2025-06-21 08:00:00,2025-06-21 12:00:00,W,Augusta Ave,0,0,0,0
2025-06-21,16,10:00,151,9,12.0,1,1,30.13,0,2025-06-21 08:00:00,2025-06-21 12:00:00,W,Beverley St,0,0,0,0
2025-06-21,16,10:00,151,9,12.0,1,1,30.13,0,2025-06-21 08:00:00,2025-06-21 12:00:00,W,University Ave (Queen's Park Station,0,0,0,0
2025-06-21,16,10:00,151,9,12.0,1,1,30.13,0,2025-06-21 08:00:00,2025-06-21 12:00:00,W,Elizabeth St,0,0,0,0
2025-06-21,16,10:00,151,9,12.0,1,1,30.13,0,2025-06-21 08:00:00,2025-06-21 12:00:00,W,Greenwood Ave,0,0,0,0
2025-06-21,16,10:00,151,9,12.0,1,1,30.13,0,2025-06-21 08:00:00,2025-06-21 12:00:00,W,Alton Ave,0,0,0,0
2025-06-21,16,10:00,151,9,12.0,1,1,30.13,0,2025-06-21 08:00:00,2025-06-21 12:00:00,W,Coxwell Ave,0,0,0,0
2025-06-21,16,10:00,151,9,12.0,1,1,30.13,0,2025-06-21 08:00:00,2025-06-21 12:00:00,W,Gerrard St East  at Coxwell Ave,0,0,0,0
2025-06-21,16,10:00,151,9,12.0,1,1,30.13,0,2025-06-21 08:00:00,2025-06-21 12:00:00,W,Coxwell Ave at Lower Gerrard St East,0,0,0,0
2025-06-21,16,10:00,151,9,12.0,1,1,30.13,0,2025-06-21 08:00:00,2025-06-21 12:00:00,W,Ashdale Ave,0,0,0,0
2025-06-21,16,10:00,151,9,12.0,1,1,30.13,0,2025-06-21 08:00:00,2025-06-21 12:00:00,W,Howard Park Ave at Indian Rd,0,0,0,0
2025-06-21,16,10:00,151,9,12.0,1,1,30.13,0,2025-06-21 08:00:00,2025-06-21 12:00:00,W,Dundas St West at Howard Park Ave,0,0,0,0
2025-06-21,16,10:00,151,9,12.0,1,1,30.13,0,2025-06-21 08:00:00,2025-06-21 12:00:00,W,Main St at Gerrard St East,0,0,0,0
2025-06-21,16,10:00,151,9,12.0,1,1,30.13,0,2025-06-21 08:00:00,2025-06-21 12:00:00,W,Main St,0,0,0,0
2025-06-21,16,10:00,151,9,12.0,1,1,30.13,0,2025-06-21 08:00:00,2025-06-21 12:00:00,W,Main St at Danforth Ave,0,0,0,0
2025-06-21,16,10:00,151,9,12.0,1,1,30.13,0,2025-06-21 08:00:00,2025-06-21 12:00:00,W,Howard Park Ave at Parkside Dr,0,0,0,0
2025-06-28,16,10:00,151,9,12.0,1,1,30.13,0,2025-06-28 08:00:00,2025-06-28 12:00:00,E,Woodfield Rd,2,1,0,0
2025-06-28,16,10:00,151,9,12.0,1,1,30.13,0,2025-06-28 08:00:00,2025-06-28 12:00:00,E,Coxwell Ave at Gerrard St East,0,0,0,0
2025-06-28,16,10:00,151,9,12.0,1,1,30.13,0,2025-06-28 08:00:00,2025-06-28 12:00:00,E,Euclid Ave,0,0,0,0
2025-06-28,16,10:00,151,9,12.0,1,1,30.13,0,2025-06-28 08:00:00,2025-06-28 12:00:00,E,Bowmore Rd,2,0,2,0
2025-06-28,16,10:00,151,9,12.0,1,1,30.13,0,2025-06-28 08:00:00,2025-06-28 12:00:00,E,Bay St,2,0,0,0
2025-06-28,16,10:00,151,9,12.0,1,1,30.13,0,2025-06-28 08:00:00,2025-06-28 12:00:00,E,Lansdowne Ave,3,2,5,0
2025-06-28,16,10:00,151,9,12.0,1,1,30.13,0,2025-06-28 08:00:00,2025-06-28 12:00:00,E,Indian Rd,0,1,2,0
2025-06-28,16,10:00,151,9,12.0,1,1,30.13,0,2025-06-28 08:00:00,2025-06-28 12:00:00,E,Grace St,1,1,4,0
2025-06-28,16,10:00,151,9,12.0,1,1,30.13,0,2025-06-28 08:00:00,2025-06-28 12:00:00,E,Dufferin St,2,1,0,0
2025-06-28,16,10:00,151,9,12.0,1,1,30.13,0,2025-06-28 08:00:00,2025-06-28 12:00:00,E,Gerrard St East at Beaton Ave,2,0,2,0
2025-06-28,16,10:00,151,9,12.0,1,1,30.13,0,2025-06-28 08:00:00,2025-06-28 12:00:00,E,Bathurst St,2,1,1,0
2025-06-28,16,10:00,151,9,12.0,1,1,30.13,0,2025-06-28 08:00:00,2025-06-28 12:00:00,E,Yonge St - College Station,1,0,0,0
2025-06-28,16,10:00,151,9,12.0,1,1,30.13,0,2025-06-28 08:00:00,2025-06-28 12:00:00,E,Dundas St West at Sterling Rd,0,0,2,0
2025-06-28,16,10:00,151,9,12.0,1,1,30.13,0,2025-06-28 08:00:00,2025-06-28 12:00:00,E,Brock Ave,2,0,4,0
2025-06-28,16,10:00,151,9,12.0,1,1,30.13,0,2025-06-28 08:00:00,2025-06-28 12:00:00,E,Sackville St,1,1,2,0
2025-06-28,16,10:00,151,9,12.0,1,1,30.13,0,2025-06-28 08:00:00,2025-06-28 12:00:00,E,Carlaw Ave,2,1,0,0
2025-06-28,16,10:00,151,9,12.0,1,1,30.13,0,2025-06-28 08:00:00,2025-06-28 12:00:00,E,Borden St,1,1,1,0
2025-06-28,16,10:00,151,9,12.0,1,1,30.13,0,2025-06-28 08:00:00,2025-06-28 12:00:00,E,Dundas St West at Sorauren Ave,1,0,2,0
2025-06-28,16,10:00,151,9,12.0,1,1,30.13,0,2025-06-28 08:00:00,2025-06-28 12:00:00,E,Crawford St,1,2,4,0
2025-06-28,16,10:00,151,9,12.0,1,1,30.13,0,2025-06-28 08:00:00,2025-06-28 12:00:00,E,Pape Ave,3,1,0,0
2025-06-28,16,10:00,151,9,12.0,1,1,30.13,0,2025-06-28 08:00:00,2025-06-28 12:00:00,E,Spadina Ave,2,1,1,0
2025-06-28,16,10:00,151,9,12.0,1,1,30.13,0,2025-06-28 08:00:00,2025-06-28 12:00:00,E,River St,1,1,1,0
2025-06-28,16,10:00,151,9,12.0,1,1,30.13,0,2025-06-28 08:00:00,2025-06-28 12:00:00,E,Marjory Ave,1,2,0,0
2025-06-28,16,10:00,151,9,12.0,1,1,30.13,0,2025-06-28 08:00:00,2025-06-28 12:00:00,E,Kingsmount Park Rd,2,0,2,0
2025-06-28,16,10:00,151,9,12.0,1,1,30.13,0,2025-06-28 08:00:00,2025-06-28 12:00:00,E,Church St,0,0,0,0
2025-06-28,16,10:00,151,9,12.0,1,1,30.13,0,2025-06-28 08:00:00,2025-06-28 12:00:00,E,Ossington Ave,3,1,3,0
2025-06-28,16,10:00,151,9,12.0,1,1,30.13,0,2025-06-28 08:00:00,2025-06-28 12:00:00,E,Woodbine Ave,3,0,2,0
2025-06-28,16,10:00,151,9,12.0,1,1,30.13,0,2025-06-28 08:00:00,2025-06-28 12:00:00,E,Jones Ave,2,1,0,0
2025-06-28,16,10:00,151,9,12.0,1,1,30.13,0,2025-06-28 08:00:00,2025-06-28 12:00:00,E,Golfview Ave,3,2,3,0
2025-06-28,16,10:00,151,9,12.0,1,1,30.13,0,2025-06-28 08:00:00,2025-06-28 12:00:00,E,Leslie St,2,1,0,0
2025-06-28,16,10:00,151,9,12.0,1,1,30.13,0,2025-06-28 08:00:00,2025-06-28 12:00:00,E,St Matthews Rd,1,1,1,0
2025-06-28,16,10:00,151,9,12.0,1,1,30.13,0,2025-06-28 08:00:00,2025-06-28 12:00:00,E,Jarvis St,1,0,2,0
2025-06-28,16,10:00,151,9,12.0,1,1,30.13,0,2025-06-28 08:00:00,2025-06-28 12:00:00,E,Sherbourne St,1,0,2,0
2025-06-28,16,10:00,151,9,12.0,1,1,30.13,0,2025-06-28 08:00:00,2025-06-28 12:00:00,E,St George St,2,0,1,0
2025-06-28,16,10:00,151,9,12.0,1,1,30.13,0,2025-06-28 08:00:00,2025-06-28 12:00:00,E,Dovercourt Rd,1,0,2,0
2025-06-28,16,10:00,151,9,12.0,1,1,30.13,0,2025-06-28 08:00:00,2025-06-28 12:00:00,E,Glenmount Park Rd,3,2,3,0
2025-06-28,16,10:00,151,9,12.0,1,1,30.13,0,2025-06-28 08:00:00,2025-06-28 12:00:00,E,Prust Ave,2,1,0,0
2025-06-28,16,10:00,151,9,12.0,1,1,30.13,0,2025-06-28 08:00:00,2025-06-28 12:00:00,E,Main Street Station at Bay 7,0,0,0,0
2025-06-28,16,10:00,151,9,12.0,1,1,30.13,0,2025-06-28 08:00:00,2025-06-28 12:00:00,E,Norwood Rd,3,2,3,0
2025-06-28,16,10:00,151,9,12.0,1,1,30.13,0,2025-06-28 08:00:00,2025-06-28 12:00:00,E,McCaul St,2,0,1,0
2025-06-28,16,10:00,151,9,12.0,1,1,30.13,0,2025-06-28 08:00:00,2025-06-28 12:00:00,E,Broadview Ave,1,1,1,0
2025-06-28,16,10:00,151,9,12.0,1,1,30.13,0,2025-06-28 08:00:00,2025-06-28 12:00:00,E,Ontario St,1,0,2,0
2025-06-28,16,10:00,151,9,12.0,1,1,30.13,0,2025-06-28 08:00:00,2025-06-28 12:00:00,E,Rusholme Park Cres,0,0,2,0
2025-06-28,16,10:00,151,9,12.0,1,1,30.13,0,2025-06-28 08:00:00,2025-06-28 12:00:00,E,Havelock St,2,1,0,0
2025-06-28,16,10:00,151,9,12.0,1,1,30.13,0,2025-06-28 08:00:00,2025-06-28 12:00:00,E,High Park Loop,0,2,4,0
2025-06-28,16,10:00,151,9,12.0,1,1,30.13,0,2025-06-28 08:00:00,2025-06-28 12:00:00,E,Queens Park (Queen's Park Station),2,0,1,0
2025-06-28,16,10:00,151,9,12.0,1,1,30.13,0,2025-06-28 08:00:00,2025-06-28 12:00:00,E,Roncesvalles Ave,1,0,2,0
2025-06-28,16,10:00,151,9,12.0,1,1,30.13,0,2025-06-28 08:00:00,2025-06-28 12:00:00,E,De Grassi St,2,1,1,0
2025-06-28,16,10:00,151,9,12.0,1,1,30.13,0,2025-06-28 08:00:00,2025-06-28 12:00:00,E,Parliament St at Carlton St,1,0,2,0
2025-06-28,16,10:00,151,9,12.0,1,1,30.13,0,2025-06-28 08:00:00,2025-06-28 12:00:00,E,Parkside Dr East Side,0,1,2,0
2025-06-28,16,10:00,151,9,12.0,1,1,30.13,0,2025-06-28 08:00:00,2025-06-28 12:00:00,E,Dundas St West,0,0,2,0
2025-06-28,16,10:00,151,9,12.0,1,1,30.13,0,2025-06-28 08:00:00,2025-06-28 12:00:00,E,Howard Park Ave at Roncesvalles Ave,0,0,0,0
2025-06-28,16,10:00,151,9,12.0,1,1,30.13,0,2025-06-28 08:00:00,2025-06-28 12:00:00,E,Parliament St,0,0,0,0
2025-06-28,16,10:00,151,9,12.0,1,1,30.13,0,2025-06-28 08:00:00,2025-06-28 12:00:00,E,Parliament St at Gerrard St East,0,0,0,0
2025-06-28,16,10:00,151,9,12.0,1,1,30.13,0,2025-06-28 08:00:00,2025-06-28 12:00:00,E,Sumach St,0,0,0,0
2025-06-28,16,10:00,151,9,12.0,1,1,30.13,0,2025-06-28 08:00:00,2025-06-28 12:00:00,E,Blackburn St,0,0,0,0
2025-06-28,16,10:00,151,9,12.0,1,1,30.13,0,2025-06-28 08:00:00,2025-06-28 12:00:00,E,Logan Ave,1,0,1,0
2025-06-28,16,10:00,151,9,12.0,1,1,30.13,0,2025-06-28 08:00:00,2025-06-28 12:00:00,E,Augusta Ave,0,0,0,0
2025-06-28,16,10:00,151,9,12.0,1,1,30.13,0,2025-06-28 08:00:00,2025-06-28 12:00:00,E,Beverley St,0,0,0,0
2025-06-28,16,10:00,151,9,12.0,1,1,30.13,0,2025-06-28 08:00:00,2025-06-28 12:00:00,E,University Ave (Queen's Park Station,0,0,0,0
2025-06-28,16,10:00,151,9,12.0,1,1,30.13,0,2025-06-28 08:00:00,2025-06-28 12:00:00,E,Elizabeth St,0,0,0,0
2025-06-28,16,10:00,151,9,12.0,1,1,30.13,0,2025-06-28 08:00:00,2025-06-28 12:00:00,E,Greenwood Ave,0,0,0,0
2025-06-28,16,10:00,151,9,12.0,1,1,30.13,0,2025-06-28 08:00:00,2025-06-28 12:00:00,E,Alton Ave,0,0,0,0
2025-06-28,16,10:00,151,9,12.0,1,1,30.13,0,2025-06-28 08:00:00,2025-06-28 12:00:00,E,Coxwell Ave,0,0,0,0
2025-06-28,16,10:00,151,9,12.0,1,1,30.13,0,2025-06-28 08:00:00,2025-06-28 12:00:00,E,Gerrard St East  at Coxwell Ave,0,0,0,0
2025-06-28,16,10:00,151,9,12.0,1,1,30.13,0,2025-06-28 08:00:00,2025-06-28 12:00:00,E,Coxwell Ave at Lower Gerrard St East,0,0,0,0
2025-06-28,16,10:00,151,9,12.0,1,1,30.13,0,2025-06-28 08:00:00,2025-06-28 12:00:00,E,Ashdale Ave,0,0,0,0
2025-06-28,16,10:00,151,9,12.0,1,1,30.13,0,2025-06-28 08:00:00,2025-06-28 12:00:00,E,Howard Park Ave at Indian Rd,0,0,0,0
2025-06-28,16,10:00,151,9,12.0,1,1,30.13,0,2025-06-28 08:00:00,2025-06-28 12:00:00,E,Dundas St West at Howard Park Ave,0,0,0,0
2025-06-28,16,10:00,151,9,12.0,1,1,30.13,0,2025-06-28 08:00:00,2025-06-28 12:00:00,E,Main St at Gerrard St East,0,0,0,0
2025-06-28,16,10:00,151,9,12.0,1,1,30.13,0,2025-06-28 08:00:00,2025-06-28 12:00:00,E,Main St,0,0,0,0
2025-06-28,16,10:00,151,9,12.0,1,1,30.13,0,2025-06-28 08:00:00,2025-06-28 12:00:00,E,Main St at Danforth Ave,0,0,0,0
2025-06-28,16,10:00,151,9,12.0,1,1,30.13,0,2025-06-28 08:00:00,2025-06-28 12:00:00,E,Howard Park Ave at Parkside Dr,0,0,0,0
2025-06-28,16,10:00,151,9,12.0,1,1,30.13,0,2025-06-28 08:00:00,2025-06-28 12:00:00,W,Woodfield Rd,2,1,5,0
2025-06-28,16,10:00,151,9,12.0,1,1,30.13,0,2025-06-28 08:00:00,2025-06-28 12:00:00,W,Coxwell Ave at Gerrard St East,2,1,6,0
2025-06-28,16,10:00,151,9,12.0,1,1,30.13,0,2025-06-28 08:00:00,2025-06-28 12:00:00,W,Euclid Ave,0,0,0,0
2025-06-28,16,10:00,151,9,12.0,1,1,30.13,0,2025-06-28 08:00:00,2025-06-28 12:00:00,W,Bowmore Rd,2,2,4,0
2025-06-28,16,10:00,151,9,12.0,1,1,30.13,0,2025-06-28 08:00:00,2025-06-28 12:00:00,W,Bay St,3,2,7,0
2025-06-28,16,10:00,151,9,12.0,1,1,30.13,0,2025-06-28 08:00:00,2025-06-28 12:00:00,W,Lansdowne Ave,0,0,0,0
2025-06-28,16,10:00,151,9,12.0,1,1,30.13,0,2025-06-28 08:00:00,2025-06-28 12:00:00,W,Indian Rd,1,1,2,1
2025-06-28,16,10:00,151,9,12.0,1,1,30.13,0,2025-06-28 08:00:00,2025-06-28 12:00:00,W,Grace St,0,0,0,0
2025-06-28,16,10:00,151,9,12.0,1,1,30.13,0,2025-06-28 08:00:00,2025-06-28 12:00:00,W,Dufferin St,2,1,2,1
2025-06-28,16,10:00,151,9,12.0,1,1,30.13,0,2025-06-28 08:00:00,2025-06-28 12:00:00,W,Gerrard St East at Beaton Ave,2,2,5,0
2025-06-28,16,10:00,151,9,12.0,1,1,30.13,0,2025-06-28 08:00:00,2025-06-28 12:00:00,W,Bathurst St,0,0,0,0
2025-06-28,16,10:00,151,9,12.0,1,1,30.13,0,2025-06-28 08:00:00,2025-06-28 12:00:00,W,Yonge St - College Station,0,0,0,0
2025-06-28,16,10:00,151,9,12.0,1,1,30.13,0,2025-06-28 08:00:00,2025-06-28 12:00:00,W,Dundas St West at Sterling Rd,0,0,0,0
2025-06-28,16,10:00,151,9,12.0,1,1,30.13,0,2025-06-28 08:00:00,2025-06-28 12:00:00,W,Brock Ave,0,0,0,0
2025-06-28,16,10:00,151,9,12.0,1,1,30.13,0,2025-06-28 08:00:00,2025-06-28 12:00:00,W,Sackville St,2,1,3,1
2025-06-28,16,10:00,151,9,12.0,1,1,30.13,0,2025-06-28 08:00:00,2025-06-28 12:00:00,W,Carlaw Ave,0,0,0,0
2025-06-28,16,10:00,151,9,12.0,1,1,30.13,0,2025-06-28 08:00:00,2025-06-28 12:00:00,W,Borden St,0,0,0,0
2025-06-28,16,10:00,151,9,12.0,1,1,30.13,0,2025-06-28 08:00:00,2025-06-28 12:00:00,W,Dundas St West at Sorauren Ave,1,1,2,1
2025-06-28,16,10:00,151,9,12.0,1,1,30.13,0,2025-06-28 08:00:00,2025-06-28 12:00:00,W,Crawford St,0,0,0,0
2025-06-28,16,10:00,151,9,12.0,1,1,30.13,0,2025-06-28 08:00:00,2025-06-28 12:00:00,W,Pape Ave,0,0,0,0
2025-06-28,16,10:00,151,9,12.0,1,1,30.13,0,2025-06-28 08:00:00,2025-06-28 12:00:00,W,Spadina Ave,4,1,6,0
2025-06-28,16,10:00,151,9,12.0,1,1,30.13,0,2025-06-28 08:00:00,2025-06-28 12:00:00,W,River St,3,2,5,1
2025-06-28,16,10:00,151,9,12.0,1,1,30.13,0,2025-06-28 08:00:00,2025-06-28 12:00:00,W,Marjory Ave,0,0,0,0
2025-06-28,16,10:00,151,9,12.0,1,1,30.13,0,2025-06-28 08:00:00,2025-06-28 12:00:00,W,Kingsmount Park Rd,0,0,0,0
2025-06-28,16,10:00,151,9,12.0,1,1,30.13,0,2025-06-28 08:00:00,2025-06-28 12:00:00,W,Church St,0,0,0,0
2025-06-28,16,10:00,151,9,12.0,1,1,30.13,0,2025-06-28 08:00:00,2025-06-28 12:00:00,W,Ossington Ave,0,0,0,0
2025-06-28,16,10:00,151,9,12.0,1,1,30.13,0,2025-06-28 08:00:00,2025-06-28 12:00:00,W,Woodbine Ave,0,0,0,0
2025-06-28,16,10:00,151,9,12.0,1,1,30.13,0,2025-06-28 08:00:00,2025-06-28 12:00:00,W,Jones Ave,0,0,0,0
2025-06-28,16,10:00,151,9,12.0,1,1,30.13,0,2025-06-28 08:00:00,2025-06-28 12:00:00,W,Golfview Ave,0,0,0,0
2025-06-28,16,10:00,151,9,12.0,1,1,30.13,0,2025-06-28 08:00:00,2025-06-28 12:00:00,W,Leslie St,0,0,0,0
2025-06-28,16,10:00,151,9,12.0,1,1,30.13,0,2025-06-28 08:00:00,2025-06-28 12:00:00,W,St Matthews Rd,0,0,0,0
2025-06-28,16,10:00,151,9,12.0,1,1,30.13,0,2025-06-28 08:00:00,2025-06-28 12:00:00,W,Jarvis St,0,0,0,0
2025-06-28,16,10:00,151,9,12.0,1,1,30.13,0,2025-06-28 08:00:00,2025-06-28 12:00:00,W,Sherbourne St,0,0,0,0
2025-06-28,16,10:00,151,9,12.0,1,1,30.13,0,2025-06-28 08:00:00,2025-06-28 12:00:00,W,St George St,0,0,0,0
2025-06-28,16,10:00,151,9,12.0,1,1,30.13,0,2025-06-28 08:00:00,2025-06-28 12:00:00,W,Dovercourt Rd,0,0,0,0
2025-06-28,16,10:00,151,9,12.0,1,1,30.13,0,2025-06-28 08:00:00,2025-06-28 12:00:00,W,Glenmount Park Rd,0,0,0,0
2025-06-28,16,10:00,151,9,12.0,1,1,30.13,0,2025-06-28 08:00:00,2025-06-28 12:00:00,W,Prust Ave,0,0,0,0
2025-06-28,16,10:00,151,9,12.0,1,1,30.13,0,2025-06-28 08:00:00,2025-06-28 12:00:00,W,Main Street Station at Bay 7,1,1,4,0
2025-06-28,16,10:00,151,9,12.0,1,1,30.13,0,2025-06-28 08:00:00,2025-06-28 12:00:00,W,Norwood Rd,0,0,0,0
2025-06-28,16,10:00,151,9,12.0,1,1,30.13,0,2025-06-28 08:00:00,2025-06-28 12:00:00,W,McCaul St,0,0,0,0
2025-06-28,16,10:00,151,9,12.0,1,1,30.13,0,2025-06-28 08:00:00,2025-06-28 12:00:00,W,Broadview Ave,0,0,0,0
2025-06-28,16,10:00,151,9,12.0,1,1,30.13,0,2025-06-28 08:00:00,2025-06-28 12:00:00,W,Ontario St,0,0,0,0
2025-06-28,16,10:00,151,9,12.0,1,1,30.13,0,2025-06-28 08:00:00,2025-06-28 12:00:00,W,Rusholme Park Cres,0,0,0,0
2025-06-28,16,10:00,151,9,12.0,1,1,30.13,0,2025-06-28 08:00:00,2025-06-28 12:00:00,W,Havelock St,0,0,0,0
2025-06-28,16,10:00,151,9,12.0,1,1,30.13,0,2025-06-28 08:00:00,2025-06-28 12:00:00,W,High Park Loop,0,0,0,0
2025-06-28,16,10:00,151,9,12.0,1,1,30.13,0,2025-06-28 08:00:00,2025-06-28 12:00:00,W,Queens Park (Queen's Park Station),0,0,0,0
2025-06-28,16,10:00,151,9,12.0,1,1,30.13,0,2025-06-28 08:00:00,2025-06-28 12:00:00,W,Roncesvalles Ave,1,1,2,1
2025-06-28,16,10:00,151,9,12.0,1,1,30.13,0,2025-06-28 08:00:00,2025-06-28 12:00:00,W,De Grassi St,0,0,0,0
2025-06-28,16,10:00,151,9,12.0,1,1,30.13,0,2025-06-28 08:00:00,2025-06-28 12:00:00,W,Parliament St at Carlton St,0,0,0,0
2025-06-28,16,10:00,151,9,12.0,1,1,30.13,0,2025-06-28 08:00:00,2025-06-28 12:00:00,W,Parkside Dr East Side,0,0,0,0
2025-06-28,16,10:00,151,9,12.0,1,1,30.13,0,2025-06-28 08:00:00,2025-06-28 12:00:00,W,Dundas St West,1,1,2,1
2025-06-28,16,10:00,151,9,12.0,1,1,30.13,0,2025-06-28 08:00:00,2025-06-28 12:00:00,W,Howard Park Ave at Roncesvalles Ave,0,0,0,0
2025-06-28,16,10:00,151,9,12.0,1,1,30.13,0,2025-06-28 08:00:00,2025-06-28 12:00:00,W,Parliament St,0,0,0,0
2025-06-28,16,10:00,151,9,12.0,1,1,30.13,0,2025-06-28 08:00:00,2025-06-28 12:00:00,W,Parliament St at Gerrard St East,0,0,0,0
2025-06-28,16,10:00,151,9,12.0,1,1,30.13,0,2025-06-28 08:00:00,2025-06-28 12:00:00,W,Sumach St,0,0,0,0
2025-06-28,16,10:00,151,9,12.0,1,1,30.13,0,2025-06-28 08:00:00,2025-06-28 12:00:00,W,Blackburn St,0,0,0,0
2025-06-28,16,10:00,151,9,12.0,1,1,30.13,0,2025-06-28 08:00:00,2025-06-28 12:00:00,W,Logan Ave,0,0,0,0
2025-06-28,16,10:00,151,9,12.0,1,1,30.13,0,2025-06-28 08:00:00,2025-06-28 12:00:00,W,Augusta Ave,0,0,0,0
2025-06-28,16,10:00,151,9,12.0,1,1,30.13,0,2025-06-28 08:00:00,2025-06-28 12:00:00,W,Beverley St,0,0,0,0
2025-06-28,16,10:00,151,9,12.0,1,1,30.13,0,2025-06-28 08:00:00,2025-06-28 12:00:00,W,University Ave (Queen's Park Station,0,0,0,0
2025-06-28,16,10:00,151,9,12.0,1,1,30.13,0,2025-06-28 08:00:00,2025-06-28 12:00:00,W,Elizabeth St,0,0,0,0
2025-06-28,16,10:00,151,9,12.0,1,1,30.13,0,2025-06-28 08:00:00,2025-06-28 12:00:00,W,Greenwood Ave,0,0,0,0
2025-06-28,16,10:00,151,9,12.0,1,1,30.13,0,2025-06-28 08:00:00,2025-06-28 12:00:00,W,Alton Ave,0,0,0,0
2025-06-28,16,10:00,151,9,12.0,1,1,30.13,0,2025-06-28 08:00:00,2025-06-28 12:00:00,W,Coxwell Ave,0,0,0,0
2025-06-28,16,10:00,151,9,12.0,1,1,30.13,0,2025-06-28 08:00:00,2025-06-28 12:00:00,W,Gerrard St East  at Coxwell Ave,0,0,0,0
2025-06-28,16,10:00,151,9,12.0,1,1,30.13,0,2025-06-28 08:00:00,2025-06-28 12:00:00,W,Coxwell Ave at Lower Gerrard St East,0,0,0,0
2025-06-28,16,10:00,151,9,12.0,1,1,30.13,0,2025-06-28 08:00:00,2025-06-28 12:00:00,W,Ashdale Ave,0,0,0,0
2025-06-28,16,10:00,151,9,12.0,1,1,30.13,0,2025-06-28 08:00:00,2025-06-28 12:00:00,W,Howard Park Ave at Indian Rd,0,0,0,0
2025-06-28,16,10:00,151,9,12.0,1,1,30.13,0,2025-06-28 08:00:00,2025-06-28 12:00:00,W,Dundas St West at Howard Park Ave,0,0,0,0
2025-06-28,16,10:00,151,9,12.0,1,1,30.13,0,2025-06-28 08:00:00,2025-06-28 12:00:00,W,Main St at Gerrard St East,0,0,0,0
2025-06-28,16,10:00,151,9,12.0,1,1,30.13,0,2025-06-28 08:00:00,2025-06-28 12:00:00,W,Main St,0,0,0,0
2025-06-28,16,10:00,151,9,12.0,1,1,30.13,0,2025-06-28 08:00:00,2025-06-28 12:00:00,W,Main St at Danforth Ave,0,0,0,0
2025-06-28,16,10:00,151,9,12.0,1,1,30.13,0,2025-06-28 08:00:00,2025-06-28 12:00:00,W,Howard Park Ave at Parkside Dr,0,0,0,0
2025-07-05,16,10:00,151,9,12.0,1,1,30.13,0,2025-07-05 08:00:00,2025-07-05 12:00:00,E,Woodfield Rd,1,1,0,0
2025-07-05,16,10:00,151,9,12.0,1,1,30.13,0,2025-07-05 08:00:00,2025-07-05 12:00:00,E,Coxwell Ave at Gerrard St East,0,0,0,0
2025-07-05,16,10:00,151,9,12.0,1,1,30.13,0,2025-07-05 08:00:00,2025-07-05 12:00:00,E,Euclid Ave,0,0,0,0
2025-07-05,16,10:00,151,9,12.0,1,1,30.13,0,2025-07-05 08:00:00,2025-07-05 12:00:00,E,Bowmore Rd,4,1,0,0
2025-07-05,16,10:00,151,9,12.0,1,1,30.13,0,2025-07-05 08:00:00,2025-07-05 12:00:00,E,Bay St,1,0,1,0
2025-07-05,16,10:00,151,9,12.0,1,1,30.13,0,2025-07-05 08:00:00,2025-07-05 12:00:00,E,Lansdowne Ave,5,1,2,0
2025-07-05,16,10:00,151,9,12.0,1,1,30.13,0,2025-07-05 08:00:00,2025-07-05 12:00:00,E,Indian Rd,0,1,3,0
2025-07-05,16,10:00,151,9,12.0,1,1,30.13,0,2025-07-05 08:00:00,2025-07-05 12:00:00,E,Grace St,0,1,3,0
2025-07-05,16,10:00,151,9,12.0,1,1,30.13,0,2025-07-05 08:00:00,2025-07-05 12:00:00,E,Dufferin St,3,1,0,0
2025-07-05,16,10:00,151,9,12.0,1,1,30.13,0,2025-07-05 08:00:00,2025-07-05 12:00:00,E,Gerrard St East at Beaton Ave,3,1,0,0
2025-07-05,16,10:00,151,9,12.0,1,1,30.13,0,2025-07-05 08:00:00,2025-07-05 12:00:00,E,Bathurst St,0,0,1,0
2025-07-05,16,10:00,151,9,12.0,1,1,30.13,0,2025-07-05 08:00:00,2025-07-05 12:00:00,E,Yonge St - College Station,1,1,1,0
2025-07-05,16,10:00,151,9,12.0,1,1,30.13,0,2025-07-05 08:00:00,2025-07-05 12:00:00,E,Dundas St West at Sterling Rd,0,0,1,0
2025-07-05,16,10:00,151,9,12.0,1,1,30.13,0,2025-07-05 08:00:00,2025-07-05 12:00:00,E,Brock Ave,1,1,1,0
2025-07-05,16,10:00,151,9,12.0,1,1,30.13,0,2025-07-05 08:00:00,2025-07-05 12:00:00,E,Sackville St,0,0,1,0
2025-07-05,16,10:00,151,9,12.0,1,1,30.13,0,2025-07-05 08:00:00,2025-07-05 12:00:00,E,Carlaw Ave,1,1,0,0
2025-07-05,16,10:00,151,9,12.0,1,1,30.13,0,2025-07-05 08:00:00,2025-07-05 12:00:00,E,Borden St,0,0,1,0
2025-07-05,16,10:00,151,9,12.0,1,1,30.13,0,2025-07-05 08:00:00,2025-07-05 12:00:00,E,Dundas St West at Sorauren Ave,0,0,1,0
2025-07-05,16,10:00,151,9,12.0,1,1,30.13,0,2025-07-05 08:00:00,2025-07-05 12:00:00,E,Crawford St,0,1,2,0
2025-07-05,16,10:00,151,9,12.0,1,1,30.13,0,2025-07-05 08:00:00,2025-07-05 12:00:00,E,Pape Ave,1,1,0,0
2025-07-05,16,10:00,151,9,12.0,1,1,30.13,0,2025-07-05 08:00:00,2025-07-05 12:00:00,E,Spadina Ave,0,0,1,0
2025-07-05,16,10:00,151,9,12.0,1,1,30.13,0,2025-07-05 08:00:00,2025-07-05 12:00:00,E,River St,0,0,1,0
2025-07-05,16,10:00,151,9,12.0,1,1,30.13,0,2025-07-05 08:00:00,2025-07-05 12:00:00,E,Marjory Ave,1,1,0,0
2025-07-05,16,10:00,151,9,12.0,1,1,30.13,0,2025-07-05 08:00:00,2025-07-05 12:00:00,E,Kingsmount Park Rd,4,1,0,0
2025-07-05,16,10:00,151,9,12.0,1,1,30.13,0,2025-07-05 08:00:00,2025-07-05 12:00:00,E,Church St,0,0,0,0
2025-07-05,16,10:00,151,9,12.0,1,1,30.13,0,2025-07-05 08:00:00,2025-07-05 12:00:00,E,Ossington Ave,0,0,1,0
2025-07-05,16,10:00,151,9,12.0,1,1,30.13,0,2025-07-05 08:00:00,2025-07-05 12:00:00,E,Woodbine Ave,4,2,0,0
2025-07-05,16,10:00,151,9,12.0,1,1,30.13,0,2025-07-05 08:00:00,2025-07-05 12:00:00,E,Jones Ave,1,1,0,0
2025-07-05,16,10:00,151,9,12.0,1,1,30.13,0,2025-07-05 08:00:00,2025-07-05 12:00:00,E,Golfview Ave,4,2,1,0
2025-07-05,16,10:00,151,9,12.0,1,1,30.13,0,2025-07-05 08:00:00,2025-07-05 12:00:00,E,Leslie St,1,1,0,0
2025-07-05,16,10:00,151,9,12.0,1,1,30.13,0,2025-07-05 08:00:00,2025-07-05 12:00:00,E,St Matthews Rd,0,0,1,0
2025-07-05,16,10:00,151,9,12.0,1,1,30.13,0,2025-07-05 08:00:00,2025-07-05 12:00:00,E,Jarvis St,0,0,1,0
2025-07-05,16,10:00,151,9,12.0,1,1,30.13,0,2025-07-05 08:00:00,2025-07-05 12:00:00,E,Sherbourne St,0,0,1,0
2025-07-05,16,10:00,151,9,12.0,1,1,30.13,0,2025-07-05 08:00:00,2025-07-05 12:00:00,E,St George St,0,0,1,0
2025-07-05,16,10:00,151,9,12.0,1,1,30.13,0,2025-07-05 08:00:00,2025-07-05 12:00:00,E,Dovercourt Rd,1,0,1,0
2025-07-05,16,10:00,151,9,12.0,1,1,30.13,0,2025-07-05 08:00:00,2025-07-05 12:00:00,E,Glenmount Park Rd,4,2,1,0
2025-07-05,16,10:00,151,9,12.0,1,1,30.13,0,2025-07-05 08:00:00,2025-07-05 12:00:00,E,Prust Ave,1,1,0,0
2025-07-05,16,10:00,151,9,12.0,1,1,30.13,0,2025-07-05 08:00:00,2025-07-05 12:00:00,E,Main Street Station at Bay 7,0,0,0,0
2025-07-05,16,10:00,151,9,12.0,1,1,30.13,0,2025-07-05 08:00:00,2025-07-05 12:00:00,E,Norwood Rd,4,3,1,0
2025-07-05,16,10:00,151,9,12.0,1,1,30.13,0,2025-07-05 08:00:00,2025-07-05 12:00:00,E,McCaul St,1,0,1,0
2025-07-05,16,10:00,151,9,12.0,1,1,30.13,0,2025-07-05 08:00:00,2025-07-05 12:00:00,E,Broadview Ave,0,0,1,0
2025-07-05,16,10:00,151,9,12.0,1,1,30.13,0,2025-07-05 08:00:00,2025-07-05 12:00:00,E,Ontario St,0,0,1,0
2025-07-05,16,10:00,151,9,12.0,1,1,30.13,0,2025-07-05 08:00:00,2025-07-05 12:00:00,E,Rusholme Park Cres,0,0,1,0
2025-07-05,16,10:00,151,9,12.0,1,1,30.13,0,2025-07-05 08:00:00,2025-07-05 12:00:00,E,Havelock St,1,1,0,0
2025-07-05,16,10:00,151,9,12.0,1,1,30.13,0,2025-07-05 08:00:00,2025-07-05 12:00:00,E,High Park Loop,0,2,6,0
2025-07-05,16,10:00,151,9,12.0,1,1,30.13,0,2025-07-05 08:00:00,2025-07-05 12:00:00,E,Queens Park (Queen's Park Station),1,0,1,0
2025-07-05,16,10:00,151,9,12.0,1,1,30.13,0,2025-07-05 08:00:00,2025-07-05 12:00:00,E,Roncesvalles Ave,0,0,1,0
2025-07-05,16,10:00,151,9,12.0,1,1,30.13,0,2025-07-05 08:00:00,2025-07-05 12:00:00,E,De Grassi St,0,0,1,0
2025-07-05,16,10:00,151,9,12.0,1,1,30.13,0,2025-07-05 08:00:00,2025-07-05 12:00:00,E,Parliament St at Carlton St,0,0,1,0
2025-07-05,16,10:00,151,9,12.0,1,1,30.13,0,2025-07-05 08:00:00,2025-07-05 12:00:00,E,Parkside Dr East Side,0,1,3,0
2025-07-05,16,10:00,151,9,12.0,1,1,30.13,0,2025-07-05 08:00:00,2025-07-05 12:00:00,E,Dundas St West,0,0,1,0
2025-07-05,16,10:00,151,9,12.0,1,1,30.13,0,2025-07-05 08:00:00,2025-07-05 12:00:00,E,Howard Park Ave at Roncesvalles Ave,0,0,0,0
2025-07-05,16,10:00,151,9,12.0,1,1,30.13,0,2025-07-05 08:00:00,2025-07-05 12:00:00,E,Parliament St,0,0,0,0
2025-07-05,16,10:00,151,9,12.0,1,1,30.13,0,2025-07-05 08:00:00,2025-07-05 12:00:00,E,Parliament St at Gerrard St East,0,0,0,0
2025-07-05,16,10:00,151,9,12.0,1,1,30.13,0,2025-07-05 08:00:00,2025-07-05 12:00:00,E,Sumach St,0,0,0,0
2025-07-05,16,10:00,151,9,12.0,1,1,30.13,0,2025-07-05 08:00:00,2025-07-05 12:00:00,E,Blackburn St,0,0,0,0
2025-07-05,16,10:00,151,9,12.0,1,1,30.13,0,2025-07-05 08:00:00,2025-07-05 12:00:00,E,Logan Ave,0,0,1,0
2025-07-05,16,10:00,151,9,12.0,1,1,30.13,0,2025-07-05 08:00:00,2025-07-05 12:00:00,E,Augusta Ave,0,0,0,0
2025-07-05,16,10:00,151,9,12.0,1,1,30.13,0,2025-07-05 08:00:00,2025-07-05 12:00:00,E,Beverley St,0,0,0,0
2025-07-05,16,10:00,151,9,12.0,1,1,30.13,0,2025-07-05 08:00:00,2025-07-05 12:00:00,E,University Ave (Queen's Park Station,0,0,0,0
2025-07-05,16,10:00,151,9,12.0,1,1,30.13,0,2025-07-05 08:00:00,2025-07-05 12:00:00,E,Elizabeth St,0,0,0,0
2025-07-05,16,10:00,151,9,12.0,1,1,30.13,0,2025-07-05 08:00:00,2025-07-05 12:00:00,E,Greenwood Ave,0,0,0,0
2025-07-05,16,10:00,151,9,12.0,1,1,30.13,0,2025-07-05 08:00:00,2025-07-05 12:00:00,E,Alton Ave,0,0,0,0
2025-07-05,16,10:00,151,9,12.0,1,1,30.13,0,2025-07-05 08:00:00,2025-07-05 12:00:00,E,Coxwell Ave,0,0,0,0
2025-07-05,16,10:00,151,9,12.0,1,1,30.13,0,2025-07-05 08:00:00,2025-07-05 12:00:00,E,Gerrard St East  at Coxwell Ave,0,0,0,0
2025-07-05,16,10:00,151,9,12.0,1,1,30.13,0,2025-07-05 08:00:00,2025-07-05 12:00:00,E,Coxwell Ave at Lower Gerrard St East,0,0,0,0
2025-07-05,16,10:00,151,9,12.0,1,1,30.13,0,2025-07-05 08:00:00,2025-07-05 12:00:00,E,Ashdale Ave,0,0,0,0
2025-07-05,16,10:00,151,9,12.0,1,1,30.13,0,2025-07-05 08:00:00,2025-07-05 12:00:00,E,Howard Park Ave at Indian Rd,0,0,0,0
2025-07-05,16,10:00,151,9,12.0,1,1,30.13,0,2025-07-05 08:00:00,2025-07-05 12:00:00,E,Dundas St West at Howard Park Ave,0,0,0,0
2025-07-05,16,10:00,151,9,12.0,1,1,30.13,0,2025-07-05 08:00:00,2025-07-05 12:00:00,E,Main St at Gerrard St East,0,0,0,0
2025-07-05,16,10:00,151,9,12.0,1,1,30.13,0,2025-07-05 08:00:00,2025-07-05 12:00:00,E,Main St,0,0,0,0
2025-07-05,16,10:00,151,9,12.0,1,1,30.13,0,2025-07-05 08:00:00,2025-07-05 12:00:00,E,Main St at Danforth Ave,0,0,0,0
2025-07-05,16,10:00,151,9,12.0,1,1,30.13,0,2025-07-05 08:00:00,2025-07-05 12:00:00,E,Howard Park Ave at Parkside Dr,0,0,0,0
2025-07-05,16,10:00,151,9,12.0,1,1,30.13,0,2025-07-05 08:00:00,2025-07-05 12:00:00,W,Woodfield Rd,2,0,1,0
2025-07-05,16,10:00,151,9,12.0,1,1,30.13,0,2025-07-05 08:00:00,2025-07-05 12:00:00,W,Coxwell Ave at Gerrard St East,1,0,1,0
2025-07-05,16,10:00,151,9,12.0,1,1,30.13,0,2025-07-05 08:00:00,2025-07-05 12:00:00,W,Euclid Ave,0,0,0,0
2025-07-05,16,10:00,151,9,12.0,1,1,30.13,0,2025-07-05 08:00:00,2025-07-05 12:00:00,W,Bowmore Rd,1,0,1,0
2025-07-05,16,10:00,151,9,12.0,1,1,30.13,0,2025-07-05 08:00:00,2025-07-05 12:00:00,W,Bay St,2,0,1,0
2025-07-05,16,10:00,151,9,12.0,1,1,30.13,0,2025-07-05 08:00:00,2025-07-05 12:00:00,W,Lansdowne Ave,0,0,0,0
2025-07-05,16,10:00,151,9,12.0,1,1,30.13,0,2025-07-05 08:00:00,2025-07-05 12:00:00,W,Indian Rd,2,1,2,0
2025-07-05,16,10:00,151,9,12.0,1,1,30.13,0,2025-07-05 08:00:00,2025-07-05 12:00:00,W,Grace St,0,0,0,0
2025-07-05,16,10:00,151,9,12.0,1,1,30.13,0,2025-07-05 08:00:00,2025-07-05 12:00:00,W,Dufferin St,5,1,4,0
2025-07-05,16,10:00,151,9,12.0,1,1,30.13,0,2025-07-05 08:00:00,2025-07-05 12:00:00,W,Gerrard St East at Beaton Ave,1,0,1,0
2025-07-05,16,10:00,151,9,12.0,1,1,30.13,0,2025-07-05 08:00:00,2025-07-05 12:00:00,W,Bathurst St,0,0,0,0
2025-07-05,16,10:00,151,9,12.0,1,1,30.13,0,2025-07-05 08:00:00,2025-07-05 12:00:00,W,Yonge St - College Station,0,0,0,0
2025-07-05,16,10:00,151,9,12.0,1,1,30.13,0,2025-07-05 08:00:00,2025-07-05 12:00:00,W,Dundas St West at Sterling Rd,0,0,0,0
2025-07-05,16,10:00,151,9,12.0,1,1,30.13,0,2025-07-05 08:00:00,2025-07-05 12:00:00,W,Brock Ave,0,0,0,0
2025-07-05,16,10:00,151,9,12.0,1,1,30.13,0,2025-07-05 08:00:00,2025-07-05 12:00:00,W,Sackville St,3,0,5,0
2025-07-05,16,10:00,151,9,12.0,1,1,30.13,0,2025-07-05 08:00:00,2025-07-05 12:00:00,W,Carlaw Ave,0,0,0,0
2025-07-05,16,10:00,151,9,12.0,1,1,30.13,0,2025-07-05 08:00:00,2025-07-05 12:00:00,W,Borden St,0,0,0,0
2025-07-05,16,10:00,151,9,12.0,1,1,30.13,0,2025-07-05 08:00:00,2025-07-05 12:00:00,W,Dundas St West at Sorauren Ave,2,1,2,0
2025-07-05,16,10:00,151,9,12.0,1,1,30.13,0,2025-07-05 08:00:00,2025-07-05 12:00:00,W,Crawford St,0,0,0,0
2025-07-05,16,10:00,151,9,12.0,1,1,30.13,0,2025-07-05 08:00:00,2025-07-05 12:00:00,W,Pape Ave,0,0,0,0
2025-07-05,16,10:00,151,9,12.0,1,1,30.13,0,2025-07-05 08:00:00,2025-07-05 12:00:00,W,Spadina Ave,5,0,1,0
2025-07-05,16,10:00,151,9,12.0,1,1,30.13,0,2025-07-05 08:00:00,2025-07-05 12:00:00,W,River St,4,0,5,0
2025-07-05,16,10:00,151,9,12.0,1,1,30.13,0,2025-07-05 08:00:00,2025-07-05 12:00:00,W,Marjory Ave,0,0,0,0
2025-07-05,16,10:00,151,9,12.0,1,1,30.13,0,2025-07-05 08:00:00,2025-07-05 12:00:00,W,Kingsmount Park Rd,0,0,0,0
2025-07-05,16,10:00,151,9,12.0,1,1,30.13,0,2025-07-05 08:00:00,2025-07-05 12:00:00,W,Church St,0,0,0,0
2025-07-05,16,10:00,151,9,12.0,1,1,30.13,0,2025-07-05 08:00:00,2025-07-05 12:00:00,W,Ossington Ave,0,0,0,0
2025-07-05,16,10:00,151,9,12.0,1,1,30.13,0,2025-07-05 08:00:00,2025-07-05 12:00:00,W,Woodbine Ave,0,0,0,0
2025-07-05,16,10:00,151,9,12.0,1,1,30.13,0,2025-07-05 08:00:00,2025-07-05 12:00:00,W,Jones Ave,0,0,0,0
2025-07-05,16,10:00,151,9,12.0,1,1,30.13,0,2025-07-05 08:00:00,2025-07-05 12:00:00,W,Golfview Ave,0,0,0,0
2025-07-05,16,10:00,151,9,12.0,1,1,30.13,0,2025-07-05 08:00:00,2025-07-05 12:00:00,W,Leslie St,0,0,0,0
2025-07-05,16,10:00,151,9,12.0,1,1,30.13,0,2025-07-05 08:00:00,2025-07-05 12:00:00,W,St Matthews Rd,0,0,0,0
2025-07-05,16,10:00,151,9,12.0,1,1,30.13,0,2025-07-05 08:00:00,2025-07-05 12:00:00,W,Jarvis St,0,0,0,0
2025-07-05,16,10:00,151,9,12.0,1,1,30.13,0,2025-07-05 08:00:00,2025-07-05 12:00:00,W,Sherbourne St,0,0,0,0
2025-07-05,16,10:00,151,9,12.0,1,1,30.13,0,2025-07-05 08:00:00,2025-07-05 12:00:00,W,St George St,0,0,0,0
2025-07-05,16,10:00,151,9,12.0,1,1,30.13,0,2025-07-05 08:00:00,2025-07-05 12:00:00,W,Dovercourt Rd,0,0,0,0
2025-07-05,16,10:00,151,9,12.0,1,1,30.13,0,2025-07-05 08:00:00,2025-07-05 12:00:00,W,Glenmount Park Rd,0,0,0,0
2025-07-05,16,10:00,151,9,12.0,1,1,30.13,0,2025-07-05 08:00:00,2025-07-05 12:00:00,W,Prust Ave,0,0,0,0
2025-07-05,16,10:00,151,9,12.0,1,1,30.13,0,2025-07-05 08:00:00,2025-07-05 12:00:00,W,Main Street Station at Bay 7,0,0,1,0
2025-07-05,16,10:00,151,9,12.0,1,1,30.13,0,2025-07-05 08:00:00,2025-07-05 12:00:00,W,Norwood Rd,0,0,0,0
2025-07-05,16,10:00,151,9,12.0,1,1,30.13,0,2025-07-05 08:00:00,2025-07-05 12:00:00,W,McCaul St,0,0,0,0
2025-07-05,16,10:00,151,9,12.0,1,1,30.13,0,2025-07-05 08:00:00,2025-07-05 12:00:00,W,Broadview Ave,0,0,0,0
2025-07-05,16,10:00,151,9,12.0,1,1,30.13,0,2025-07-05 08:00:00,2025-07-05 12:00:00,W,Ontario St,0,0,0,0
2025-07-05,16,10:00,151,9,12.0,1,1,30.13,0,2025-07-05 08:00:00,2025-07-05 12:00:00,W,Rusholme Park Cres,0,0,0,0
2025-07-05,16,10:00,151,9,12.0,1,1,30.13,0,2025-07-05 08:00:00,2025-07-05 12:00:00,W,Havelock St,0,0,0,0
2025-07-05,16,10:00,151,9,12.0,1,1,30.13,0,2025-07-05 08:00:00,2025-07-05 12:00:00,W,High Park Loop,0,0,0,0
2025-07-05,16,10:00,151,9,12.0,1,1,30.13,0,2025-07-05 08:00:00,2025-07-05 12:00:00,W,Queens Park (Queen's Park Station),0,0,0,0
2025-07-05,16,10:00,151,9,12.0,1,1,30.13,0,2025-07-05 08:00:00,2025-07-05 12:00:00,W,Roncesvalles Ave,2,1,2,0
2025-07-05,16,10:00,151,9,12.0,1,1,30.13,0,2025-07-05 08:00:00,2025-07-05 12:00:00,W,De Grassi St,0,0,0,0
2025-07-05,16,10:00,151,9,12.0,1,1,30.13,0,2025-07-05 08:00:00,2025-07-05 12:00:00,W,Parliament St at Carlton St,0,0,0,0
2025-07-05,16,10:00,151,9,12.0,1,1,30.13,0,2025-07-05 08:00:00,2025-07-05 12:00:00,W,Parkside Dr East Side,0,0,0,0
2025-07-05,16,10:00,151,9,12.0,1,1,30.13,0,2025-07-05 08:00:00,2025-07-05 12:00:00,W,Dundas St West,2,1,2,0
2025-07-05,16,10:00,151,9,12.0,1,1,30.13,0,2025-07-05 08:00:00,2025-07-05 12:00:00,W,Howard Park Ave at Roncesvalles Ave,0,0,0,0
2025-07-05,16,10:00,151,9,12.0,1,1,30.13,0,2025-07-05 08:00:00,2025-07-05 12:00:00,W,Parliament St,0,0,0,0
2025-07-05,16,10:00,151,9,12.0,1,1,30.13,0,2025-07-05 08:00:00,2025-07-05 12:00:00,W,Parliament St at Gerrard St East,0,0,0,0
2025-07-05,16,10:00,151,9,12.0,1,1,30.13,0,2025-07-05 08:00:00,2025-07-05 12:00:00,W,Sumach St,0,0,0,0
2025-07-05,16,10:00,151,9,12.0,1,1,30.13,0,2025-07-05 08:00:00,2025-07-05 12:00:00,W,Blackburn St,0,0,0,0
2025-07-05,16,10:00,151,9,12.0,1,1,30.13,0,2025-07-05 08:00:00,2025-07-05 12:00:00,W,Logan Ave,0,0,0,0
2025-07-05,16,10:00,151,9,12.0,1,1,30.13,0,2025-07-05 08:00:00,2025-07-05 12:00:00,W,Augusta Ave,0,0,0,0
2025-07-05,16,10:00,151,9,12.0,1,1,30.13,0,2025-07-05 08:00:00,2025-07-05 12:00:00,W,Beverley St,0,0,0,0
2025-07-05,16,10:00,151,9,12.0,1,1,30.13,0,2025-07-05 08:00:00,2025-07-05 12:00:00,W,University Ave (Queen's Park Station,0,0,0,0
2025-07-05,16,10:00,151,9,12.0,1,1,30.13,0,2025-07-05 08:00:00,2025-07-05 12:00:00,W,Elizabeth St,0,0,0,0
2025-07-05,16,10:00,151,9,12.0,1,1,30.13,0,2025-07-05 08:00:00,2025-07-05 12:00:00,W,Greenwood Ave,0,0,0,0
2025-07-05,16,10:00,151,9,12.0,1,1,30.13,0,2025-07-05 08:00:00,2025-07-05 12:00:00,W,Alton Ave,0,0,0,0
2025-07-05,16,10:00,151,9,12.0,1,1,30.13,0,2025-07-05 08:00:00,2025-07-05 12:00:00,W,Coxwell Ave,0,0,0,0
2025-07-05,16,10:00,151,9,12.0,1,1,30.13,0,2025-07-05 08:00:00,2025-07-05 12:00:00,W,Gerrard St East  at Coxwell Ave,0,0,0,0
2025-07-05,16,10:00,151,9,12.0,1,1,30.13,0,2025-07-05 08:00:00,2025-07-05 12:00:00,W,Coxwell Ave at Lower Gerrard St East,0,0,0,0
2025-07-05,16,10:00,151,9,12.0,1,1,30.13,0,2025-07-05 08:00:00,2025-07-05 12:00:00,W,Ashdale Ave,0,0,0,0
2025-07-05,16,10:00,151,9,12.0,1,1,30.13,0,2025-07-05 08:00:00,2025-07-05 12:00:00,W,Howard Park Ave at Indian Rd,0,0,0,0
2025-07-05,16,10:00,151,9,12.0,1,1,30.13,0,2025-07-05 08:00:00,2025-07-05 12:00:00,W,Dundas St West at Howard Park Ave,0,0,0,0
2025-07-05,16,10:00,151,9,12.0,1,1,30.13,0,2025-07-05 08:00:00,2025-07-05 12:00:00,W,Main St at Gerrard St East,0,0,0,0
2025-07-05,16,10:00,151,9,12.0,1,1,30.13,0,2025-07-05 08:00:00,2025-07-05 12:00:00,W,Main St,0,0,0,0
2025-07-05,16,10:00,151,9,12.0,1,1,30.13,0,2025-07-05 08:00:00,2025-07-05 12:00:00,W,Main St at Danforth Ave,0,0,0,0
2025-07-05,16,10:00,151,9,12.0,1,1,30.13,0,2025-07-05 08:00:00,2025-07-05 12:00:00,W,Howard Park Ave at Parkside Dr,0,0,0,0
2025-07-12,16,10:00,151,9,12.0,1,1,30.13,0,2025-07-12 08:00:00,2025-07-12 12:00:00,E,Woodfield Rd,2,3,2,0
2025-07-12,16,10:00,151,9,12.0,1,1,30.13,0,2025-07-12 08:00:00,2025-07-12 12:00:00,E,Coxwell Ave at Gerrard St East,0,0,0,0
2025-07-12,16,10:00,151,9,12.0,1,1,30.13,0,2025-07-12 08:00:00,2025-07-12 12:00:00,E,Euclid Ave,0,0,0,0
2025-07-12,16,10:00,151,9,12.0,1,1,30.13,0,2025-07-12 08:00:00,2025-07-12 12:00:00,E,Bowmore Rd,3,3,2,0
2025-07-12,16,10:00,151,9,12.0,1,1,30.13,0,2025-07-12 08:00:00,2025-07-12 12:00:00,E,Bay St,2,0,1,0
2025-07-12,16,10:00,151,9,12.0,1,1,30.13,0,2025-07-12 08:00:00,2025-07-12 12:00:00,E,Lansdowne Ave,4,4,2,0
2025-07-12,16,10:00,151,9,12.0,1,1,30.13,0,2025-07-12 08:00:00,2025-07-12 12:00:00,E,Indian Rd,0,1,1,0
2025-07-12,16,10:00,151,9,12.0,1,1,30.13,0,2025-07-12 08:00:00,2025-07-12 12:00:00,E,Grace St,2,2,1,0
2025-07-12,16,10:00,151,9,12.0,1,1,30.13,0,2025-07-12 08:00:00,2025-07-12 12:00:00,E,Dufferin St,3,2,1,0
2025-07-12,16,10:00,151,9,12.0,1,1,30.13,0,2025-07-12 08:00:00,2025-07-12 12:00:00,E,Gerrard St East at Beaton Ave,3,4,1,0
2025-07-12,16,10:00,151,9,12.0,1,1,30.13,0,2025-07-12 08:00:00,2025-07-12 12:00:00,E,Bathurst St,1,0,0,0
2025-07-12,16,10:00,151,9,12.0,1,1,30.13,0,2025-07-12 08:00:00,2025-07-12 12:00:00,E,Yonge St - College Station,2,1,1,0
2025-07-12,16,10:00,151,9,12.0,1,1,30.13,0,2025-07-12 08:00:00,2025-07-12 12:00:00,E,Dundas St West at Sterling Rd,1,1,0,0
2025-07-12,16,10:00,151,9,12.0,1,1,30.13,0,2025-07-12 08:00:00,2025-07-12 12:00:00,E,Brock Ave,3,5,1,0
2025-07-12,16,10:00,151,9,12.0,1,1,30.13,0,2025-07-12 08:00:00,2025-07-12 12:00:00,E,Sackville St,2,1,0,0
2025-07-12,16,10:00,151,9,12.0,1,1,30.13,0,2025-07-12 08:00:00,2025-07-12 12:00:00,E,Carlaw Ave,2,3,1,0
2025-07-12,16,10:00,151,9,12.0,1,1,30.13,0,2025-07-12 08:00:00,2025-07-12 12:00:00,E,Borden St,2,0,0,0
2025-07-12,16,10:00,151,9,12.0,1,1,30.13,0,2025-07-12 08:00:00,2025-07-12 12:00:00,E,Dundas St West at Sorauren Ave,0,1,0,0
2025-07-12,16,10:00,151,9,12.0,1,1,30.13,0,2025-07-12 08:00:00,2025-07-12 12:00:00,E,Crawford St,2,0,0,0
2025-07-12,16,10:00,151,9,12.0,1,1,30.13,0,2025-07-12 08:00:00,2025-07-12 12:00:00,E,Pape Ave,2,3,1,0
2025-07-12,16,10:00,151,9,12.0,1,1,30.13,0,2025-07-12 08:00:00,2025-07-12 12:00:00,E,Spadina Ave,1,0,0,0
2025-07-12,16,10:00,151,9,12.0,1,1,30.13,0,2025-07-12 08:00:00,2025-07-12 12:00:00,E,River St,1,0,0,0
2025-07-12,16,10:00,151,9,12.0,1,1,30.13,0,2025-07-12 08:00:00,2025-07-12 12:00:00,E,Marjory Ave,2,3,1,0
2025-07-12,16,10:00,151,9,12.0,1,1,30.13,0,2025-07-12 08:00:00,2025-07-12 12:00:00,E,Kingsmount Park Rd,4,3,1,0
2025-07-12,16,10:00,151,9,12.0,1,1,30.13,0,2025-07-12 08:00:00,2025-07-12 12:00:00,E,Church St,0,0,0,0
2025-07-12,16,10:00,151,9,12.0,1,1,30.13,0,2025-07-12 08:00:00,2025-07-12 12:00:00,E,Ossington Ave,2,1,0,0
2025-07-12,16,10:00,151,9,12.0,1,1,30.13,0,2025-07-12 08:00:00,2025-07-12 12:00:00,E,Woodbine Ave,4,3,3,0
2025-07-12,16,10:00,151,9,12.0,1,1,30.13,0,2025-07-12 08:00:00,2025-07-12 12:00:00,E,Jones Ave,2,3,1,0
2025-07-12,16,10:00,151,9,12.0,1,1,30.13,0,2025-07-12 08:00:00,2025-07-12 12:00:00,E,Golfview Ave,4,3,3,0
2025-07-12,16,10:00,151,9,12.0,1,1,30.13,0,2025-07-12 08:00:00,2025-07-12 12:00:00,E,Leslie St,2,3,1,0
2025-07-12,16,10:00,151,9,12.0,1,1,30.13,0,2025-07-12 08:00:00,2025-07-12 12:00:00,E,St Matthews Rd,2,0,0,0
2025-07-12,16,10:00,151,9,12.0,1,1,30.13,0,2025-07-12 08:00:00,2025-07-12 12:00:00,E,Jarvis St,3,1,0,0
2025-07-12,16,10:00,151,9,12.0,1,1,30.13,0,2025-07-12 08:00:00,2025-07-12 12:00:00,E,Sherbourne St,3,1,0,0
2025-07-12,16,10:00,151,9,12.0,1,1,30.13,0,2025-07-12 08:00:00,2025-07-12 12:00:00,E,St George St,1,0,0,0
2025-07-12,16,10:00,151,9,12.0,1,1,30.13,0,2025-07-12 08:00:00,2025-07-12 12:00:00,E,Dovercourt Rd,3,1,0,0
2025-07-12,16,10:00,151,9,12.0,1,1,30.13,0,2025-07-12 08:00:00,2025-07-12 12:00:00,E,Glenmount Park Rd,4,3,3,0
2025-07-12,16,10:00,151,9,12.0,1,1,30.13,0,2025-07-12 08:00:00,2025-07-12 12:00:00,E,Prust Ave,2,3,2,0
2025-07-12,16,10:00,151,9,12.0,1,1,30.13,0,2025-07-12 08:00:00,2025-07-12 12:00:00,E,Main Street Station at Bay 7,0,0,0,0
2025-07-12,16,10:00,151,9,12.0,1,1,30.13,0,2025-07-12 08:00:00,2025-07-12 12:00:00,E,Norwood Rd,4,3,2,0
2025-07-12,16,10:00,151,9,12.0,1,1,30.13,0,2025-07-12 08:00:00,2025-07-12 12:00:00,E,McCaul St,1,1,0,0
2025-07-12,16,10:00,151,9,12.0,1,1,30.13,0,2025-07-12 08:00:00,2025-07-12 12:00:00,E,Broadview Ave,1,0,0,0
2025-07-12,16,10:00,151,9,12.0,1,1,30.13,0,2025-07-12 08:00:00,2025-07-12 12:00:00,E,Ontario St,2,1,0,0
2025-07-12,16,10:00,151,9,12.0,1,1,30.13,0,2025-07-12 08:00:00,2025-07-12 12:00:00,E,Rusholme Park Cres,0,0,0,0
2025-07-12,16,10:00,151,9,12.0,1,1,30.13,0,2025-07-12 08:00:00,2025-07-12 12:00:00,E,Havelock St,2,3,2,0
2025-07-12,16,10:00,151,9,12.0,1,1,30.13,0,2025-07-12 08:00:00,2025-07-12 12:00:00,E,High Park Loop,0,0,2,0
2025-07-12,16,10:00,151,9,12.0,1,1,30.13,0,2025-07-12 08:00:00,2025-07-12 12:00:00,E,Queens Park (Queen's Park Station),2,0,0,0
2025-07-12,16,10:00,151,9,12.0,1,1,30.13,0,2025-07-12 08:00:00,2025-07-12 12:00:00,E,Roncesvalles Ave,0,0,0,0
2025-07-12,16,10:00,151,9,12.0,1,1,30.13,0,2025-07-12 08:00:00,2025-07-12 12:00:00,E,De Grassi St,1,1,0,0
2025-07-12,16,10:00,151,9,12.0,1,1,30.13,0,2025-07-12 08:00:00,2025-07-12 12:00:00,E,Parliament St at Carlton St,2,1,0,0
2025-07-12,16,10:00,151,9,12.0,1,1,30.13,0,2025-07-12 08:00:00,2025-07-12 12:00:00,E,Parkside Dr East Side,0,1,1,0
2025-07-12,16,10:00,151,9,12.0,1,1,30.13,0,2025-07-12 08:00:00,2025-07-12 12:00:00,E,Dundas St West,1,0,0,0
2025-07-12,16,10:00,151,9,12.0,1,1,30.13,0,2025-07-12 08:00:00,2025-07-12 12:00:00,E,Howard Park Ave at Roncesvalles Ave,0,0,0,0
2025-07-12,16,10:00,151,9,12.0,1,1,30.13,0,2025-07-12 08:00:00,2025-07-12 12:00:00,E,Parliament St,0,0,0,0
2025-07-12,16,10:00,151,9,12.0,1,1,30.13,0,2025-07-12 08:00:00,2025-07-12 12:00:00,E,Parliament St at Gerrard St East,0,0,0,0
2025-07-12,16,10:00,151,9,12.0,1,1,30.13,0,2025-07-12 08:00:00,2025-07-12 12:00:00,E,Sumach St,0,0,0,0
2025-07-12,16,10:00,151,9,12.0,1,1,30.13,0,2025-07-12 08:00:00,2025-07-12 12:00:00,E,Blackburn St,0,0,0,0
2025-07-12,16,10:00,151,9,12.0,1,1,30.13,0,2025-07-12 08:00:00,2025-07-12 12:00:00,E,Logan Ave,1,1,0,0
2025-07-12,16,10:00,151,9,12.0,1,1,30.13,0,2025-07-12 08:00:00,2025-07-12 12:00:00,E,Augusta Ave,0,0,0,0
2025-07-12,16,10:00,151,9,12.0,1,1,30.13,0,2025-07-12 08:00:00,2025-07-12 12:00:00,E,Beverley St,0,0,0,0
2025-07-12,16,10:00,151,9,12.0,1,1,30.13,0,2025-07-12 08:00:00,2025-07-12 12:00:00,E,University Ave (Queen's Park Station,0,0,0,0
2025-07-12,16,10:00,151,9,12.0,1,1,30.13,0,2025-07-12 08:00:00,2025-07-12 12:00:00,E,Elizabeth St,0,0,0,0
2025-07-12,16,10:00,151,9,12.0,1,1,30.13,0,2025-07-12 08:00:00,2025-07-12 12:00:00,E,Greenwood Ave,0,0,0,0
2025-07-12,16,10:00,151,9,12.0,1,1,30.13,0,2025-07-12 08:00:00,2025-07-12 12:00:00,E,Alton Ave,0,0,0,0
2025-07-12,16,10:00,151,9,12.0,1,1,30.13,0,2025-07-12 08:00:00,2025-07-12 12:00:00,E,Coxwell Ave,0,0,0,0
2025-07-12,16,10:00,151,9,12.0,1,1,30.13,0,2025-07-12 08:00:00,2025-07-12 12:00:00,E,Gerrard St East  at Coxwell Ave,0,0,0,0
2025-07-12,16,10:00,151,9,12.0,1,1,30.13,0,2025-07-12 08:00:00,2025-07-12 12:00:00,E,Coxwell Ave at Lower Gerrard St East,0,0,0,0
2025-07-12,16,10:00,151,9,12.0,1,1,30.13,0,2025-07-12 08:00:00,2025-07-12 12:00:00,E,Ashdale Ave,0,0,0,0
2025-07-12,16,10:00,151,9,12.0,1,1,30.13,0,2025-07-12 08:00:00,2025-07-12 12:00:00,E,Howard Park Ave at Indian Rd,0,0,0,0
2025-07-12,16,10:00,151,9,12.0,1,1,30.13,0,2025-07-12 08:00:00,2025-07-12 12:00:00,E,Dundas St West at Howard Park Ave,0,0,0,0
2025-07-12,16,10:00,151,9,12.0,1,1,30.13,0,2025-07-12 08:00:00,2025-07-12 12:00:00,E,Main St at Gerrard St East,0,0,0,0
2025-07-12,16,10:00,151,9,12.0,1,1,30.13,0,2025-07-12 08:00:00,2025-07-12 12:00:00,E,Main St,0,0,0,0
2025-07-12,16,10:00,151,9,12.0,1,1,30.13,0,2025-07-12 08:00:00,2025-07-12 12:00:00,E,Main St at Danforth Ave,0,0,0,0
2025-07-12,16,10:00,151,9,12.0,1,1,30.13,0,2025-07-12 08:00:00,2025-07-12 12:00:00,E,Howard Park Ave at Parkside Dr,0,0,0,0
2025-07-12,16,10:00,151,9,12.0,1,1,30.13,0,2025-07-12 08:00:00,2025-07-12 12:00:00,W,Woodfield Rd,2,1,2,0
2025-07-12,16,10:00,151,9,12.0,1,1,30.13,0,2025-07-12 08:00:00,2025-07-12 12:00:00,W,Coxwell Ave at Gerrard St East,3,1,2,0
2025-07-12,16,10:00,151,9,12.0,1,1,30.13,0,2025-07-12 08:00:00,2025-07-12 12:00:00,W,Euclid Ave,0,0,0,0
2025-07-12,16,10:00,151,9,12.0,1,1,30.13,0,2025-07-12 08:00:00,2025-07-12 12:00:00,W,Bowmore Rd,0,1,2,0
2025-07-12,16,10:00,151,9,12.0,1,1,30.13,0,2025-07-12 08:00:00,2025-07-12 12:00:00,W,Bay St,2,1,2,0
2025-07-12,16,10:00,151,9,12.0,1,1,30.13,0,2025-07-12 08:00:00,2025-07-12 12:00:00,W,Lansdowne Ave,0,0,0,0
2025-07-12,16,10:00,151,9,12.0,1,1,30.13,0,2025-07-12 08:00:00,2025-07-12 12:00:00,W,Indian Rd,1,1,4,0
2025-07-12,16,10:00,151,9,12.0,1,1,30.13,0,2025-07-12 08:00:00,2025-07-12 12:00:00,W,Grace St,0,0,0,0
2025-07-12,16,10:00,151,9,12.0,1,1,30.13,0,2025-07-12 08:00:00,2025-07-12 12:00:00,W,Dufferin St,4,0,1,0
2025-07-12,16,10:00,151,9,12.0,1,1,30.13,0,2025-07-12 08:00:00,2025-07-12 12:00:00,W,Gerrard St East at Beaton Ave,1,2,2,0
2025-07-12,16,10:00,151,9,12.0,1,1,30.13,0,2025-07-12 08:00:00,2025-07-12 12:00:00,W,Bathurst St,0,0,0,0
2025-07-12,16,10:00,151,9,12.0,1,1,30.13,0,2025-07-12 08:00:00,2025-07-12 12:00:00,W,Yonge St - College Station,0,0,0,0
2025-07-12,16,10:00,151,9,12.0,1,1,30.13,0,2025-07-12 08:00:00,2025-07-12 12:00:00,W,Dundas St West at Sterling Rd,0,0,0,0
2025-07-12,16,10:00,151,9,12.0,1,1,30.13,0,2025-07-12 08:00:00,2025-07-12 12:00:00,W,Brock Ave,0,0,0,0
2025-07-12,16,10:00,151,9,12.0,1,1,30.13,0,2025-07-12 08:00:00,2025-07-12 12:00:00,W,Sackville St,2,0,1,0
2025-07-12,16,10:00,151,9,12.0,1,1,30.13,0,2025-07-12 08:00:00,2025-07-12 12:00:00,W,Carlaw Ave,0,0,0,0
2025-07-12,16,10:00,151,9,12.0,1,1,30.13,0,2025-07-12 08:00:00,2025-07-12 12:00:00,W,Borden St,0,0,0,0
2025-07-12,16,10:00,151,9,12.0,1,1,30.13,0,2025-07-12 08:00:00,2025-07-12 12:00:00,W,Dundas St West at Sorauren Ave,1,2,4,0
2025-07-12,16,10:00,151,9,12.0,1,1,30.13,0,2025-07-12 08:00:00,2025-07-12 12:00:00,W,Crawford St,0,0,0,0
2025-07-12,16,10:00,151,9,12.0,1,1,30.13,0,2025-07-12 08:00:00,2025-07-12 12:00:00,W,Pape Ave,0,0,0,0
2025-07-12,16,10:00,151,9,12.0,1,1,30.13,0,2025-07-12 08:00:00,2025-07-12 12:00:00,W,Spadina Ave,3,0,2,0
2025-07-12,16,10:00,151,9,12.0,1,1,30.13,0,2025-07-12 08:00:00,2025-07-12 12:00:00,W,River St,3,0,1,0
2025-07-12,16,10:00,151,9,12.0,1,1,30.13,0,2025-07-12 08:00:00,2025-07-12 12:00:00,W,Marjory Ave,0,0,0,0
2025-07-12,16,10:00,151,9,12.0,1,1,30.13,0,2025-07-12 08:00:00,2025-07-12 12:00:00,W,Kingsmount Park Rd,0,0,0,0
2025-07-12,16,10:00,151,9,12.0,1,1,30.13,0,2025-07-12 08:00:00,2025-07-12 12:00:00,W,Church St,0,0,0,0
2025-07-12,16,10:00,151,9,12.0,1,1,30.13,0,2025-07-12 08:00:00,2025-07-12 12:00:00,W,Ossington Ave,0,0,0,0
2025-07-12,16,10:00,151,9,12.0,1,1,30.13,0,2025-07-12 08:00:00,2025-07-12 12:00:00,W,Woodbine Ave,0,0,0,0
2025-07-12,16,10:00,151,9,12.0,1,1,30.13,0,2025-07-12 08:00:00,2025-07-12 12:00:00,W,Jones Ave,0,0,0,0
2025-07-12,16,10:00,151,9,12.0,1,1,30.13,0,2025-07-12 08:00:00,2025-07-12 12:00:00,W,Golfview Ave,0,0,0,0
2025-07-12,16,10:00,151,9,12.0,1,1,30.13,0,2025-07-12 08:00:00,2025-07-12 12:00:00,W,Leslie St,0,0,0,0
2025-07-12,16,10:00,151,9,12.0,1,1,30.13,0,2025-07-12 08:00:00,2025-07-12 12:00:00,W,St Matthews Rd,0,0,0,0
2025-07-12,16,10:00,151,9,12.0,1,1,30.13,0,2025-07-12 08:00:00,2025-07-12 12:00:00,W,Jarvis St,0,0,0,0
2025-07-12,16,10:00,151,9,12.0,1,1,30.13,0,2025-07-12 08:00:00,2025-07-12 12:00:00,W,Sherbourne St,0,0,0,0
2025-07-12,16,10:00,151,9,12.0,1,1,30.13,0,2025-07-12 08:00:00,2025-07-12 12:00:00,W,St George St,0,0,0,0
2025-07-12,16,10:00,151,9,12.0,1,1,30.13,0,2025-07-12 08:00:00,2025-07-12 12:00:00,W,Dovercourt Rd,0,0,0,0
2025-07-12,16,10:00,151,9,12.0,1,1,30.13,0,2025-07-12 08:00:00,2025-07-12 12:00:00,W,Glenmount Park Rd,0,0,0,0
2025-07-12,16,10:00,151,9,12.0,1,1,30.13,0,2025-07-12 08:00:00,2025-07-12 12:00:00,W,Prust Ave,0,0,0,0
2025-07-12,16,10:00,151,9,12.0,1,1,30.13,0,2025-07-12 08:00:00,2025-07-12 12:00:00,W,Main Street Station at Bay 7,0,2,2,0
2025-07-12,16,10:00,151,9,12.0,1,1,30.13,0,2025-07-12 08:00:00,2025-07-12 12:00:00,W,Norwood Rd,0,0,0,0
2025-07-12,16,10:00,151,9,12.0,1,1,30.13,0,2025-07-12 08:00:00,2025-07-12 12:00:00,W,McCaul St,0,0,0,0
2025-07-12,16,10:00,151,9,12.0,1,1,30.13,0,2025-07-12 08:00:00,2025-07-12 12:00:00,W,Broadview Ave,0,0,0,0
2025-07-12,16,10:00,151,9,12.0,1,1,30.13,0,2025-07-12 08:00:00,2025-07-12 12:00:00,W,Ontario St,0,0,0,0
2025-07-12,16,10:00,151,9,12.0,1,1,30.13,0,2025-07-12 08:00:00,2025-07-12 12:00:00,W,Rusholme Park Cres,0,0,0,0
2025-07-12,16,10:00,151,9,12.0,1,1,30.13,0,2025-07-12 08:00:00,2025-07-12 12:00:00,W,Havelock St,0,0,0,0
2025-07-12,16,10:00,151,9,12.0,1,1,30.13,0,2025-07-12 08:00:00,2025-07-12 12:00:00,W,High Park Loop,0,0,0,0
2025-07-12,16,10:00,151,9,12.0,1,1,30.13,0,2025-07-12 08:00:00,2025-07-12 12:00:00,W,Queens Park (Queen's Park Station),0,0,0,0
2025-07-12,16,10:00,151,9,12.0,1,1,30.13,0,2025-07-12 08:00:00,2025-07-12 12:00:00,W,Roncesvalles Ave,1,1,4,0
2025-07-12,16,10:00,151,9,12.0,1,1,30.13,0,2025-07-12 08:00:00,2025-07-12 12:00:00,W,De Grassi St,0,0,0,0
2025-07-12,16,10:00,151,9,12.0,1,1,30.13,0,2025-07-12 08:00:00,2025-07-12 12:00:00,W,Parliament St at Carlton St,0,0,0,0
2025-07-12,16,10:00,151,9,12.0,1,1,30.13,0,2025-07-12 08:00:00,2025-07-12 12:00:00,W,Parkside Dr East Side,0,0,0,0
2025-07-12,16,10:00,151,9,12.0,1,1,30.13,0,2025-07-12 08:00:00,2025-07-12 12:00:00,W,Dundas St West,1,2,4,0
2025-07-12,16,10:00,151,9,12.0,1,1,30.13,0,2025-07-12 08:00:00,2025-07-12 12:00:00,W,Howard Park Ave at Roncesvalles Ave,0,0,0,0
2025-07-12,16,10:00,151,9,12.0,1,1,30.13,0,2025-07-12 08:00:00,2025-07-12 12:00:00,W,Parliament St,0,0,0,0
2025-07-12,16,10:00,151,9,12.0,1,1,30.13,0,2025-07-12 08:00:00,2025-07-12 12:00:00,W,Parliament St at Gerrard St East,0,0,0,0
2025-07-12,16,10:00,151,9,12.0,1,1,30.13,0,2025-07-12 08:00:00,2025-07-12 12:00:00,W,Sumach St,0,0,0,0
2025-07-12,16,10:00,151,9,12.0,1,1,30.13,0,2025-07-12 08:00:00,2025-07-12 12:00:00,W,Blackburn St,0,0,0,0
2025-07-12,16,10:00,151,9,12.0,1,1,30.13,0,2025-07-12 08:00:00,2025-07-12 12:00:00,W,Logan Ave,0,0,0,0
2025-07-12,16,10:00,151,9,12.0,1,1,30.13,0,2025-07-12 08:00:00,2025-07-12 12:00:00,W,Augusta Ave,0,0,0,0
2025-07-12,16,10:00,151,9,12.0,1,1,30.13,0,2025-07-12 08:00:00,2025-07-12 12:00:00,W,Beverley St,0,0,0,0
2025-07-12,16,10:00,151,9,12.0,1,1,30.13,0,2025-07-12 08:00:00,2025-07-12 12:00:00,W,University Ave (Queen's Park Station,0,0,0,0
2025-07-12,16,10:00,151,9,12.0,1,1,30.13,0,2025-07-12 08:00:00,2025-07-12 12:00:00,W,Elizabeth St,0,0,0,0
2025-07-12,16,10:00,151,9,12.0,1,1,30.13,0,2025-07-12 08:00:00,2025-07-12 12:00:00,W,Greenwood Ave,0,0,0,0
2025-07-12,16,10:00,151,9,12.0,1,1,30.13,0,2025-07-12 08:00:00,2025-07-12 12:00:00,W,Alton Ave,0,0,0,0
2025-07-12,16,10:00,151,9,12.0,1,1,30.13,0,2025-07-12 08:00:00,2025-07-12 12:00:00,W,Coxwell Ave,0,0,0,0
2025-07-12,16,10:00,151,9,12.0,1,1,30.13,0,2025-07-12 08:00:00,2025-07-12 12:00:00,W,Gerrard St East  at Coxwell Ave,0,0,0,0
2025-07-12,16,10:00,151,9,12.0,1,1,30.13,0,2025-07-12 08:00:00,2025-07-12 12:00:00,W,Coxwell Ave at Lower Gerrard St East,0,0,0,0
2025-07-12,16,10:00,151,9,12.0,1,1,30.13,0,2025-07-12 08:00:00,2025-07-12 12:00:00,W,Ashdale Ave,0,0,0,0
2025-07-12,16,10:00,151,9,12.0,1,1,30.13,0,2025-07-12 08:00:00,2025-07-12 12:00:00,W,Howard Park Ave at Indian Rd,0,0,0,0
2025-07-12,16,10:00,151,9,12.0,1,1,30.13,0,2025-07-12 08:00:00,2025-07-12 12:00:00,W,Dundas St West at Howard Park Ave,0,0,0,0
2025-07-12,16,10:00,151,9,12.0,1,1,30.13,0,2025-07-12 08:00:00,2025-07-12 12:00:00,W,Main St at Gerrard St East,0,0,0,0
2025-07-12,16,10:00,151,9,12.0,1,1,30.13,0,2025-07-12 08:00:00,2025-07-12 12:00:00,W,Main St,0,0,0,0
2025-07-12,16,10:00,151,9,12.0,1,1,30.13,0,2025-07-12 08:00:00,2025-07-12 12:00:00,W,Main St at Danforth Ave,0,0,0,0
2025-07-12,16,10:00,151,9,12.0,1,1,30.13,0,2025-07-12 08:00:00,2025-07-12 12:00:00,W,Howard Park Ave at Parkside Dr,0,0,0,0
2025-07-19,16,10:00,151,9,12.0,1,1,30.13,0,2025-07-19 08:00:00,2025-07-19 12:00:00,E,Woodfield Rd,0,0,0,0
2025-07-19,16,10:00,151,9,12.0,1,1,30.13,0,2025-07-19 08:00:00,2025-07-19 12:00:00,E,Coxwell Ave at Gerrard St East,0,0,0,0
2025-07-19,16,10:00,151,9,12.0,1,1,30.13,0,2025-07-19 08:00:00,2025-07-19 12:00:00,E,Euclid Ave,0,0,0,0
2025-07-19,16,10:00,151,9,12.0,1,1,30.13,0,2025-07-19 08:00:00,2025-07-19 12:00:00,E,Bowmore Rd,1,5,7,0
2025-07-19,16,10:00,151,9,12.0,1,1,30.13,0,2025-07-19 08:00:00,2025-07-19 12:00:00,E,Bay St,3,2,2,0
2025-07-19,16,10:00,151,9,12.0,1,1,30.13,0,2025-07-19 08:00:00,2025-07-19 12:00:00,E,Lansdowne Ave,3,7,10,3
2025-07-19,16,10:00,151,9,12.0,1,1,30.13,0,2025-07-19 08:00:00,2025-07-19 12:00:00,E,Indian Rd,0,3,5,5
2025-07-19,16,10:00,151,9,12.0,1,1,30.13,0,2025-07-19 08:00:00,2025-07-19 12:00:00,E,Grace St,2,4,7,3
2025-07-19,16,10:00,151,9,12.0,1,1,30.13,0,2025-07-19 08:00:00,2025-07-19 12:00:00,E,Dufferin St,0,5,7,0
2025-07-19,16,10:00,151,9,12.0,1,1,30.13,0,2025-07-19 08:00:00,2025-07-19 12:00:00,E,Gerrard St East at Beaton Ave,2,5,8,0
2025-07-19,16,10:00,151,9,12.0,1,1,30.13,0,2025-07-19 08:00:00,2025-07-19 12:00:00,E,Bathurst St,2,1,3,0
2025-07-19,16,10:00,151,9,12.0,1,1,30.13,0,2025-07-19 08:00:00,2025-07-19 12:00:00,E,Yonge St - College Station,0,0,0,0
2025-07-19,16,10:00,151,9,12.0,1,1,30.13,0,2025-07-19 08:00:00,2025-07-19 12:00:00,E,Dundas St West at Sterling Rd,0,1,2,1
2025-07-19,16,10:00,151,9,12.0,1,1,30.13,0,2025-07-19 08:00:00,2025-07-19 12:00:00,E,Brock Ave,2,8,10,1
2025-07-19,16,10:00,151,9,12.0,1,1,30.13,0,2025-07-19 08:00:00,2025-07-19 12:00:00,E,Sackville St,0,1,2,0
2025-07-19,16,10:00,151,9,12.0,1,1,30.13,0,2025-07-19 08:00:00,2025-07-19 12:00:00,E,Carlaw Ave,0,0,0,0
2025-07-19,16,10:00,151,9,12.0,1,1,30.13,0,2025-07-19 08:00:00,2025-07-19 12:00:00,E,Borden St,2,1,3,0
2025-07-19,16,10:00,151,9,12.0,1,1,30.13,0,2025-07-19 08:00:00,2025-07-19 12:00:00,E,Dundas St West at Sorauren Ave,0,3,1,0
2025-07-19,16,10:00,151,9,12.0,1,1,30.13,0,2025-07-19 08:00:00,2025-07-19 12:00:00,E,Crawford St,0,6,6,3
2025-07-19,16,10:00,151,9,12.0,1,1,30.13,0,2025-07-19 08:00:00,2025-07-19 12:00:00,E,Pape Ave,0,0,0,0
2025-07-19,16,10:00,151,9,12.0,1,1,30.13,0,2025-07-19 08:00:00,2025-07-19 12:00:00,E,Spadina Ave,1,1,3,0
2025-07-19,16,10:00,151,9,12.0,1,1,30.13,0,2025-07-19 08:00:00,2025-07-19 12:00:00,E,River St,1,1,2,0
2025-07-19,16,10:00,151,9,12.0,1,1,30.13,0,2025-07-19 08:00:00,2025-07-19 12:00:00,E,Marjory Ave,0,0,0,0
2025-07-19,16,10:00,151,9,12.0,1,1,30.13,0,2025-07-19 08:00:00,2025-07-19 12:00:00,E,Kingsmount Park Rd,1,5,7,0
2025-07-19,16,10:00,151,9,12.0,1,1,30.13,0,2025-07-19 08:00:00,2025-07-19 12:00:00,E,Church St,0,0,0,0
2025-07-19,16,10:00,151,9,12.0,1,1,30.13,0,2025-07-19 08:00:00,2025-07-19 12:00:00,E,Ossington Ave,3,5,5,2
2025-07-19,16,10:00,151,9,12.0,1,1,30.13,0,2025-07-19 08:00:00,2025-07-19 12:00:00,E,Woodbine Ave,1,6,7,0
2025-07-19,16,10:00,151,9,12.0,1,1,30.13,0,2025-07-19 08:00:00,2025-07-19 12:00:00,E,Jones Ave,0,0,0,0
2025-07-19,16,10:00,151,9,12.0,1,1,30.13,0,2025-07-19 08:00:00,2025-07-19 12:00:00,E,Golfview Ave,1,6,7,0
2025-07-19,16,10:00,151,9,12.0,1,1,30.13,0,2025-07-19 08:00:00,2025-07-19 12:00:00,E,Leslie St,0,0,0,0
2025-07-19,16,10:00,151,9,12.0,1,1,30.13,0,2025-07-19 08:00:00,2025-07-19 12:00:00,E,St Matthews Rd,1,1,2,0
2025-07-19,16,10:00,151,9,12.0,1,1,30.13,0,2025-07-19 08:00:00,2025-07-19 12:00:00,E,Jarvis St,1,2,2,0
2025-07-19,16,10:00,151,9,12.0,1,1,30.13,0,2025-07-19 08:00:00,2025-07-19 12:00:00,E,Sherbourne St,1,2,2,0
2025-07-19,16,10:00,151,9,12.0,1,1,30.13,0,2025-07-19 08:00:00,2025-07-19 12:00:00,E,St George St,2,3,3,0
2025-07-19,16,10:00,151,9,12.0,1,1,30.13,0,2025-07-19 08:00:00,2025-07-19 12:00:00,E,Dovercourt Rd,4,5,4,2
2025-07-19,16,10:00,151,9,12.0,1,1,30.13,0,2025-07-19 08:00:00,2025-07-19 12:00:00,E,Glenmount Park Rd,1,6,7,0
2025-07-19,16,10:00,151,9,12.0,1,1,30.13,0,2025-07-19 08:00:00,2025-07-19 12:00:00,E,Prust Ave,0,0,0,0
2025-07-19,16,10:00,151,9,12.0,1,1,30.13,0,2025-07-19 08:00:00,2025-07-19 12:00:00,E,Main Street Station at Bay 7,0,0,0,0
2025-07-19,16,10:00,151,9,12.0,1,1,30.13,0,2025-07-19 08:00:00,2025-07-19 12:00:00,E,Norwood Rd,2,6,8,0
2025-07-19,16,10:00,151,9,12.0,1,1,30.13,0,2025-07-19 08:00:00,2025-07-19 12:00:00,E,McCaul St,2,3,3,0
2025-07-19,16,10:00,151,9,12.0,1,1,30.13,0,2025-07-19 08:00:00,2025-07-19 12:00:00,E,Broadview Ave,1,2,2,0
2025-07-19,16,10:00,151,9,12.0,1,1,30.13,0,2025-07-19 08:00:00,2025-07-19 12:00:00,E,Ontario St,1,2,2,0
2025-07-19,16,10:00,151,9,12.0,1,1,30.13,0,2025-07-19 08:00:00,2025-07-19 12:00:00,E,Rusholme Park Cres,1,2,1,2
2025-07-19,16,10:00,151,9,12.0,1,1,30.13,0,2025-07-19 08:00:00,2025-07-19 12:00:00,E,Havelock St,0,0,0,0
2025-07-19,16,10:00,151,9,12.0,1,1,30.13,0,2025-07-19 08:00:00,2025-07-19 12:00:00,E,High Park Loop,2,6,9,9
2025-07-19,16,10:00,151,9,12.0,1,1,30.13,0,2025-07-19 08:00:00,2025-07-19 12:00:00,E,Queens Park (Queen's Park Station),2,3,2,0
2025-07-19,16,10:00,151,9,12.0,1,1,30.13,0,2025-07-19 08:00:00,2025-07-19 12:00:00,E,Roncesvalles Ave,1,2,2,4
2025-07-19,16,10:00,151,9,12.0,1,1,30.13,0,2025-07-19 08:00:00,2025-07-19 12:00:00,E,De Grassi St,2,1,2,0
2025-07-19,16,10:00,151,9,12.0,1,1,30.13,0,2025-07-19 08:00:00,2025-07-19 12:00:00,E,Parliament St at Carlton St,1,0,3,0
2025-07-19,16,10:00,151,9,12.0,1,1,30.13,0,2025-07-19 08:00:00,2025-07-19 12:00:00,E,Parkside Dr East Side,1,3,5,5
2025-07-19,16,10:00,151,9,12.0,1,1,30.13,0,2025-07-19 08:00:00,2025-07-19 12:00:00,E,Dundas St West,1,1,1,0
2025-07-19,16,10:00,151,9,12.0,1,1,30.13,0,2025-07-19 08:00:00,2025-07-19 12:00:00,E,Howard Park Ave at Roncesvalles Ave,0,0,0,0
2025-07-19,16,10:00,151,9,12.0,1,1,30.13,0,2025-07-19 08:00:00,2025-07-19 12:00:00,E,Parliament St,0,0,0,0
2025-07-19,16,10:00,151,9,12.0,1,1,30.13,0,2025-07-19 08:00:00,2025-07-19 12:00:00,E,Parliament St at Gerrard St East,0,0,0,0
2025-07-19,16,10:00,151,9,12.0,1,1,30.13,0,2025-07-19 08:00:00,2025-07-19 12:00:00,E,Sumach St,0,0,0,0
2025-07-19,16,10:00,151,9,12.0,1,1,30.13,0,2025-07-19 08:00:00,2025-07-19 12:00:00,E,Blackburn St,0,0,0,0
2025-07-19,16,10:00,151,9,12.0,1,1,30.13,0,2025-07-19 08:00:00,2025-07-19 12:00:00,E,Logan Ave,2,1,2,0
2025-07-19,16,10:00,151,9,12.0,1,1,30.13,0,2025-07-19 08:00:00,2025-07-19 12:00:00,E,Augusta Ave,0,0,0,0
2025-07-19,16,10:00,151,9,12.0,1,1,30.13,0,2025-07-19 08:00:00,2025-07-19 12:00:00,E,Beverley St,0,0,0,0
2025-07-19,16,10:00,151,9,12.0,1,1,30.13,0,2025-07-19 08:00:00,2025-07-19 12:00:00,E,University Ave (Queen's Park Station,0,0,0,0
2025-07-19,16,10:00,151,9,12.0,1,1,30.13,0,2025-07-19 08:00:00,2025-07-19 12:00:00,E,Elizabeth St,0,0,0,0
2025-07-19,16,10:00,151,9,12.0,1,1,30.13,0,2025-07-19 08:00:00,2025-07-19 12:00:00,E,Greenwood Ave,0,0,0,0
2025-07-19,16,10:00,151,9,12.0,1,1,30.13,0,2025-07-19 08:00:00,2025-07-19 12:00:00,E,Alton Ave,0,0,0,0
2025-07-19,16,10:00,151,9,12.0,1,1,30.13,0,2025-07-19 08:00:00,2025-07-19 12:00:00,E,Coxwell Ave,0,0,0,0
2025-07-19,16,10:00,151,9,12.0,1,1,30.13,0,2025-07-19 08:00:00,2025-07-19 12:00:00,E,Gerrard St East  at Coxwell Ave,0,0,0,0
2025-07-19,16,10:00,151,9,12.0,1,1,30.13,0,2025-07-19 08:00:00,2025-07-19 12:00:00,E,Coxwell Ave at Lower Gerrard St East,0,0,0,0
2025-07-19,16,10:00,151,9,12.0,1,1,30.13,0,2025-07-19 08:00:00,2025-07-19 12:00:00,E,Ashdale Ave,0,0,0,0
2025-07-19,16,10:00,151,9,12.0,1,1,30.13,0,2025-07-19 08:00:00,2025-07-19 12:00:00,E,Howard Park Ave at Indian Rd,0,0,0,0
2025-07-19,16,10:00,151,9,12.0,1,1,30.13,0,2025-07-19 08:00:00,2025-07-19 12:00:00,E,Dundas St West at Howard Park Ave,0,0,0,0
2025-07-19,16,10:00,151,9,12.0,1,1,30.13,0,2025-07-19 08:00:00,2025-07-19 12:00:00,E,Main St at Gerrard St East,0,0,0,0
2025-07-19,16,10:00,151,9,12.0,1,1,30.13,0,2025-07-19 08:00:00,2025-07-19 12:00:00,E,Main St,0,0,0,0
2025-07-19,16,10:00,151,9,12.0,1,1,30.13,0,2025-07-19 08:00:00,2025-07-19 12:00:00,E,Main St at Danforth Ave,0,0,0,0
2025-07-19,16,10:00,151,9,12.0,1,1,30.13,0,2025-07-19 08:00:00,2025-07-19 12:00:00,E,Howard Park Ave at Parkside Dr,0,0,0,0
2025-07-19,16,10:00,151,9,12.0,1,1,30.13,0,2025-07-19 08:00:00,2025-07-19 12:00:00,W,Woodfield Rd,0,0,0,0
2025-07-19,16,10:00,151,9,12.0,1,1,30.13,0,2025-07-19 08:00:00,2025-07-19 12:00:00,W,Coxwell Ave at Gerrard St East,0,0,0,0
2025-07-19,16,10:00,151,9,12.0,1,1,30.13,0,2025-07-19 08:00:00,2025-07-19 12:00:00,W,Euclid Ave,0,0,0,0
2025-07-19,16,10:00,151,9,12.0,1,1,30.13,0,2025-07-19 08:00:00,2025-07-19 12:00:00,W,Bowmore Rd,3,6,10,1
2025-07-19,16,10:00,151,9,12.0,1,1,30.13,0,2025-07-19 08:00:00,2025-07-19 12:00:00,W,Bay St,0,0,0,0
2025-07-19,16,10:00,151,9,12.0,1,1,30.13,0,2025-07-19 08:00:00,2025-07-19 12:00:00,W,Lansdowne Ave,0,0,0,0
2025-07-19,16,10:00,151,9,12.0,1,1,30.13,0,2025-07-19 08:00:00,2025-07-19 12:00:00,W,Indian Rd,2,5,4,0
2025-07-19,16,10:00,151,9,12.0,1,1,30.13,0,2025-07-19 08:00:00,2025-07-19 12:00:00,W,Grace St,0,0,0,0
2025-07-19,16,10:00,151,9,12.0,1,1,30.13,0,2025-07-19 08:00:00,2025-07-19 12:00:00,W,Dufferin St,4,5,10,4
2025-07-19,16,10:00,151,9,12.0,1,1,30.13,0,2025-07-19 08:00:00,2025-07-19 12:00:00,W,Gerrard St East at Beaton Ave,3,5,11,2
2025-07-19,16,10:00,151,9,12.0,1,1,30.13,0,2025-07-19 08:00:00,2025-07-19 12:00:00,W,Bathurst St,0,0,0,0
2025-07-19,16,10:00,151,9,12.0,1,1,30.13,0,2025-07-19 08:00:00,2025-07-19 12:00:00,W,Yonge St - College Station,0,0,0,0
2025-07-19,16,10:00,151,9,12.0,1,1,30.13,0,2025-07-19 08:00:00,2025-07-19 12:00:00,W,Dundas St West at Sterling Rd,0,0,0,0
2025-07-19,16,10:00,151,9,12.0,1,1,30.13,0,2025-07-19 08:00:00,2025-07-19 12:00:00,W,Brock Ave,0,0,0,0
2025-07-19,16,10:00,151,9,12.0,1,1,30.13,0,2025-07-19 08:00:00,2025-07-19 12:00:00,W,Sackville St,4,6,9,7
2025-07-19,16,10:00,151,9,12.0,1,1,30.13,0,2025-07-19 08:00:00,2025-07-19 12:00:00,W,Carlaw Ave,0,0,0,0
2025-07-19,16,10:00,151,9,12.0,1,1,30.13,0,2025-07-19 08:00:00,2025-07-19 12:00:00,W,Borden St,0,0,0,0
2025-07-19,16,10:00,151,9,12.0,1,1,30.13,0,2025-07-19 08:00:00,2025-07-19 12:00:00,W,Dundas St West at Sorauren Ave,2,5,5,0
2025-07-19,16,10:00,151,9,12.0,1,1,30.13,0,2025-07-19 08:00:00,2025-07-19 12:00:00,W,Crawford St,0,0,0,0
2025-07-19,16,10:00,151,9,12.0,1,1,30.13,0,2025-07-19 08:00:00,2025-07-19 12:00:00,W,Pape Ave,0,0,0,0
2025-07-19,16,10:00,151,9,12.0,1,1,30.13,0,2025-07-19 08:00:00,2025-07-19 12:00:00,W,Spadina Ave,5,3,10,8
2025-07-19,16,10:00,151,9,12.0,1,1,30.13,0,2025-07-19 08:00:00,2025-07-19 12:00:00,W,River St,6,5,10,9
2025-07-19,16,10:00,151,9,12.0,1,1,30.13,0,2025-07-19 08:00:00,2025-07-19 12:00:00,W,Marjory Ave,0,0,0,0
2025-07-19,16,10:00,151,9,12.0,1,1,30.13,0,2025-07-19 08:00:00,2025-07-19 12:00:00,W,Kingsmount Park Rd,0,0,0,0
2025-07-19,16,10:00,151,9,12.0,1,1,30.13,0,2025-07-19 08:00:00,2025-07-19 12:00:00,W,Church St,0,0,0,0
2025-07-19,16,10:00,151,9,12.0,1,1,30.13,0,2025-07-19 08:00:00,2025-07-19 12:00:00,W,Ossington Ave,0,0,0,0
2025-07-19,16,10:00,151,9,12.0,1,1,30.13,0,2025-07-19 08:00:00,2025-07-19 12:00:00,W,Woodbine Ave,0,0,0,0
2025-07-19,16,10:00,151,9,12.0,1,1,30.13,0,2025-07-19 08:00:00,2025-07-19 12:00:00,W,Jones Ave,0,0,0,0
2025-07-19,16,10:00,151,9,12.0,1,1,30.13,0,2025-07-19 08:00:00,2025-07-19 12:00:00,W,Golfview Ave,0,0,0,0
2025-07-19,16,10:00,151,9,12.0,1,1,30.13,0,2025-07-19 08:00:00,2025-07-19 12:00:00,W,Leslie St,0,0,0,0
2025-07-19,16,10:00,151,9,12.0,1,1,30.13,0,2025-07-19 08:00:00,2025-07-19 12:00:00,W,St Matthews Rd,0,0,0,0
2025-07-19,16,10:00,151,9,12.0,1,1,30.13,0,2025-07-19 08:00:00,2025-07-19 12:00:00,W,Jarvis St,0,0,0,0
2025-07-19,16,10:00,151,9,12.0,1,1,30.13,0,2025-07-19 08:00:00,2025-07-19 12:00:00,W,Sherbourne St,0,0,0,0
2025-07-19,16,10:00,151,9,12.0,1,1,30.13,0,2025-07-19 08:00:00,2025-07-19 12:00:00,W,St George St,0,0,0,0
2025-07-19,16,10:00,151,9,12.0,1,1,30.13,0,2025-07-19 08:00:00,2025-07-19 12:00:00,W,Dovercourt Rd,0,0,0,0
2025-07-19,16,10:00,151,9,12.0,1,1,30.13,0,2025-07-19 08:00:00,2025-07-19 12:00:00,W,Glenmount Park Rd,0,0,0,0
2025-07-19,16,10:00,151,9,12.0,1,1,30.13,0,2025-07-19 08:00:00,2025-07-19 12:00:00,W,Prust Ave,0,0,0,0
2025-07-19,16,10:00,151,9,12.0,1,1,30.13,0,2025-07-19 08:00:00,2025-07-19 12:00:00,W,Main Street Station at Bay 7,5,3,12,2
2025-07-19,16,10:00,151,9,12.0,1,1,30.13,0,2025-07-19 08:00:00,2025-07-19 12:00:00,W,Norwood Rd,0,0,0,0
2025-07-19,16,10:00,151,9,12.0,1,1,30.13,0,2025-07-19 08:00:00,2025-07-19 12:00:00,W,McCaul St,0,0,0,0
2025-07-19,16,10:00,151,9,12.0,1,1,30.13,0,2025-07-19 08:00:00,2025-07-19 12:00:00,W,Broadview Ave,0,0,0,0
2025-07-19,16,10:00,151,9,12.0,1,1,30.13,0,2025-07-19 08:00:00,2025-07-19 12:00:00,W,Ontario St,0,0,0,0
2025-07-19,16,10:00,151,9,12.0,1,1,30.13,0,2025-07-19 08:00:00,2025-07-19 12:00:00,W,Rusholme Park Cres,0,0,0,0
2025-07-19,16,10:00,151,9,12.0,1,1,30.13,0,2025-07-19 08:00:00,2025-07-19 12:00:00,W,Havelock St,0,0,0,0
2025-07-19,16,10:00,151,9,12.0,1,1,30.13,0,2025-07-19 08:00:00,2025-07-19 12:00:00,W,High Park Loop,0,0,0,0
2025-07-19,16,10:00,151,9,12.0,1,1,30.13,0,2025-07-19 08:00:00,2025-07-19 12:00:00,W,Queens Park (Queen's Park Station),0,0,0,0
2025-07-19,16,10:00,151,9,12.0,1,1,30.13,0,2025-07-19 08:00:00,2025-07-19 12:00:00,W,Roncesvalles Ave,2,5,4,0
2025-07-19,16,10:00,151,9,12.0,1,1,30.13,0,2025-07-19 08:00:00,2025-07-19 12:00:00,W,De Grassi St,0,0,0,0
2025-07-19,16,10:00,151,9,12.0,1,1,30.13,0,2025-07-19 08:00:00,2025-07-19 12:00:00,W,Parliament St at Carlton St,0,0,0,0
2025-07-19,16,10:00,151,9,12.0,1,1,30.13,0,2025-07-19 08:00:00,2025-07-19 12:00:00,W,Parkside Dr East Side,0,0,0,0
2025-07-19,16,10:00,151,9,12.0,1,1,30.13,0,2025-07-19 08:00:00,2025-07-19 12:00:00,W,Dundas St West,2,5,4,0
2025-07-19,16,10:00,151,9,12.0,1,1,30.13,0,2025-07-19 08:00:00,2025-07-19 12:00:00,W,Howard Park Ave at Roncesvalles Ave,0,0,0,0
2025-07-19,16,10:00,151,9,12.0,1,1,30.13,0,2025-07-19 08:00:00,2025-07-19 12:00:00,W,Parliament St,0,0,0,0
2025-07-19,16,10:00,151,9,12.0,1,1,30.13,0,2025-07-19 08:00:00,2025-07-19 12:00:00,W,Parliament St at Gerrard St East,0,0,0,0
2025-07-19,16,10:00,151,9,12.0,1,1,30.13,0,2025-07-19 08:00:00,2025-07-19 12:00:00,W,Sumach St,0,0,0,0
2025-07-19,16,10:00,151,9,12.0,1,1,30.13,0,2025-07-19 08:00:00,2025-07-19 12:00:00,W,Blackburn St,0,0,0,0
2025-07-19,16,10:00,151,9,12.0,1,1,30.13,0,2025-07-19 08:00:00,2025-07-19 12:00:00,W,Logan Ave,0,0,0,0
2025-07-19,16,10:00,151,9,12.0,1,1,30.13,0,2025-07-19 08:00:00,2025-07-19 12:00:00,W,Augusta Ave,0,0,0,0
2025-07-19,16,10:00,151,9,12.0,1,1,30.13,0,2025-07-19 08:00:00,2025-07-19 12:00:00,W,Beverley St,0,0,0,0
2025-07-19,16,10:00,151,9,12.0,1,1,30.13,0,2025-07-19 08:00:00,2025-07-19 12:00:00,W,University Ave (Queen's Park Station,0,0,0,0
2025-07-19,16,10:00,151,9,12.0,1,1,30.13,0,2025-07-19 08:00:00,2025-07-19 12:00:00,W,Elizabeth St,0,0,0,0
2025-07-19,16,10:00,151,9,12.0,1,1,30.13,0,2025-07-19 08:00:00,2025-07-19 12:00:00,W,Greenwood Ave,0,0,0,0
2025-07-19,16,10:00,151,9,12.0,1,1,30.13,0,2025-07-19 08:00:00,2025-07-19 12:00:00,W,Alton Ave,0,0,0,0
2025-07-19,16,10:00,151,9,12.0,1,1,30.13,0,2025-07-19 08:00:00,2025-07-19 12:00:00,W,Coxwell Ave,0,0,0,0
2025-07-19,16,10:00,151,9,12.0,1,1,30.13,0,2025-07-19 08:00:00,2025-07-19 12:00:00,W,Gerrard St East  at Coxwell Ave,0,0,0,0
2025-07-19,16,10:00,151,9,12.0,1,1,30.13,0,2025-07-19 08:00:00,2025-07-19 12:00:00,W,Coxwell Ave at Lower Gerrard St East,0,0,0,0
2025-07-19,16,10:00,151,9,12.0,1,1,30.13,0,2025-07-19 08:00:00,2025-07-19 12:00:00,W,Ashdale Ave,0,0,0,0
2025-07-19,16,10:00,151,9,12.0,1,1,30.13,0,2025-07-19 08:00:00,2025-07-19 12:00:00,W,Howard Park Ave at Indian Rd,0,0,0,0
2025-07-19,16,10:00,151,9,12.0,1,1,30.13,0,2025-07-19 08:00:00,2025-07-19 12:00:00,W,Dundas St West at Howard Park Ave,0,0,0,0
2025-07-19,16,10:00,151,9,12.0,1,1,30.13,0,2025-07-19 08:00:00,2025-07-19 12:00:00,W,Main St at Gerrard St East,0,0,0,0
2025-07-19,16,10:00,151,9,12.0,1,1,30.13,0,2025-07-19 08:00:00,2025-07-19 12:00:00,W,Main St,0,0,0,0
2025-07-19,16,10:00,151,9,12.0,1,1,30.13,0,2025-07-19 08:00:00,2025-07-19 12:00:00,W,Main St at Danforth Ave,0,0,0,0
2025-07-19,16,10:00,151,9,12.0,1,1,30.13,0,2025-07-19 08:00:00,2025-07-19 12:00:00,W,Howard Park Ave at Parkside Dr,0,0,0,0
2025-07-26,16,10:00,151,9,12.0,1,1,30.13,0,2025-07-26 08:00:00,2025-07-26 12:00:00,E,Woodfield Rd,0,3,2,0
2025-07-26,16,10:00,151,9,12.0,1,1,30.13,0,2025-07-26 08:00:00,2025-07-26 12:00:00,E,Coxwell Ave at Gerrard St East,0,0,0,0
2025-07-26,16,10:00,151,9,12.0,1,1,30.13,0,2025-07-26 08:00:00,2025-07-26 12:00:00,E,Euclid Ave,0,0,0,0
2025-07-26,16,10:00,151,9,12.0,1,1,30.13,0,2025-07-26 08:00:00,2025-07-26 12:00:00,E,Bowmore Rd,3,2,3,0
2025-07-26,16,10:00,151,9,12.0,1,1,30.13,0,2025-07-26 08:00:00,2025-07-26 12:00:00,E,Bay St,0,2,3,0
2025-07-26,16,10:00,151,9,12.0,1,1,30.13,0,2025-07-26 08:00:00,2025-07-26 12:00:00,E,Lansdowne Ave,2,5,3,1
2025-07-26,16,10:00,151,9,12.0,1,1,30.13,0,2025-07-26 08:00:00,2025-07-26 12:00:00,E,Indian Rd,0,3,2,0
2025-07-26,16,10:00,151,9,12.0,1,1,30.13,0,2025-07-26 08:00:00,2025-07-26 12:00:00,E,Grace St,0,4,1,0
2025-07-26,16,10:00,151,9,12.0,1,1,30.13,0,2025-07-26 08:00:00,2025-07-26 12:00:00,E,Dufferin St,2,2,2,0
2025-07-26,16,10:00,151,9,12.0,1,1,30.13,0,2025-07-26 08:00:00,2025-07-26 12:00:00,E,Gerrard St East at Beaton Ave,3,2,2,0
2025-07-26,16,10:00,151,9,12.0,1,1,30.13,0,2025-07-26 08:00:00,2025-07-26 12:00:00,E,Bathurst St,0,3,2,0
2025-07-26,16,10:00,151,9,12.0,1,1,30.13,0,2025-07-26 08:00:00,2025-07-26 12:00:00,E,Yonge St - College Station,0,2,2,0
2025-07-26,16,10:00,151,9,12.0,1,1,30.13,0,2025-07-26 08:00:00,2025-07-26 12:00:00,E,Dundas St West at Sterling Rd,0,1,1,1
2025-07-26,16,10:00,151,9,12.0,1,1,30.13,0,2025-07-26 08:00:00,2025-07-26 12:00:00,E,Brock Ave,3,4,3,1
2025-07-26,16,10:00,151,9,12.0,1,1,30.13,0,2025-07-26 08:00:00,2025-07-26 12:00:00,E,Sackville St,0,2,0,0
2025-07-26,16,10:00,151,9,12.0,1,1,30.13,0,2025-07-26 08:00:00,2025-07-26 12:00:00,E,Carlaw Ave,0,2,2,0
2025-07-26,16,10:00,151,9,12.0,1,1,30.13,0,2025-07-26 08:00:00,2025-07-26 12:00:00,E,Borden St,0,3,2,0
2025-07-26,16,10:00,151,9,12.0,1,1,30.13,0,2025-07-26 08:00:00,2025-07-26 12:00:00,E,Dundas St West at Sorauren Ave,1,1,0,1
2025-07-26,16,10:00,151,9,12.0,1,1,30.13,0,2025-07-26 08:00:00,2025-07-26 12:00:00,E,Crawford St,0,4,2,0
2025-07-26,16,10:00,151,9,12.0,1,1,30.13,0,2025-07-26 08:00:00,2025-07-26 12:00:00,E,Pape Ave,0,2,2,0
2025-07-26,16,10:00,151,9,12.0,1,1,30.13,0,2025-07-26 08:00:00,2025-07-26 12:00:00,E,Spadina Ave,0,2,1,0
2025-07-26,16,10:00,151,9,12.0,1,1,30.13,0,2025-07-26 08:00:00,2025-07-26 12:00:00,E,River St,0,2,1,0
2025-07-26,16,10:00,151,9,12.0,1,1,30.13,0,2025-07-26 08:00:00,2025-07-26 12:00:00,E,Marjory Ave,0,2,3,0
2025-07-26,16,10:00,151,9,12.0,1,1,30.13,0,2025-07-26 08:00:00,2025-07-26 12:00:00,E,Kingsmount Park Rd,3,2,3,0
2025-07-26,16,10:00,151,9,12.0,1,1,30.13,0,2025-07-26 08:00:00,2025-07-26 12:00:00,E,Church St,0,0,0,0
2025-07-26,16,10:00,151,9,12.0,1,1,30.13,0,2025-07-26 08:00:00,2025-07-26 12:00:00,E,Ossington Ave,1,4,2,0
2025-07-26,16,10:00,151,9,12.0,1,1,30.13,0,2025-07-26 08:00:00,2025-07-26 12:00:00,E,Woodbine Ave,3,2,3,0
2025-07-26,16,10:00,151,9,12.0,1,1,30.13,0,2025-07-26 08:00:00,2025-07-26 12:00:00,E,Jones Ave,0,2,3,0
2025-07-26,16,10:00,151,9,12.0,1,1,30.13,0,2025-07-26 08:00:00,2025-07-26 12:00:00,E,Golfview Ave,2,2,2,0
2025-07-26,16,10:00,151,9,12.0,1,1,30.13,0,2025-07-26 08:00:00,2025-07-26 12:00:00,E,Leslie St,0,2,3,0
2025-07-26,16,10:00,151,9,12.0,1,1,30.13,0,2025-07-26 08:00:00,2025-07-26 12:00:00,E,St Matthews Rd,0,2,1,0
2025-07-26,16,10:00,151,9,12.0,1,1,30.13,0,2025-07-26 08:00:00,2025-07-26 12:00:00,E,Jarvis St,0,2,1,1
2025-07-26,16,10:00,151,9,12.0,1,1,30.13,0,2025-07-26 08:00:00,2025-07-26 12:00:00,E,Sherbourne St,0,2,1,1
2025-07-26,16,10:00,151,9,12.0,1,1,30.13,0,2025-07-26 08:00:00,2025-07-26 12:00:00,E,St George St,0,2,2,0
2025-07-26,16,10:00,151,9,12.0,1,1,30.13,0,2025-07-26 08:00:00,2025-07-26 12:00:00,E,Dovercourt Rd,2,4,3,1
2025-07-26,16,10:00,151,9,12.0,1,1,30.13,0,2025-07-26 08:00:00,2025-07-26 12:00:00,E,Glenmount Park Rd,2,2,2,0
2025-07-26,16,10:00,151,9,12.0,1,1,30.13,0,2025-07-26 08:00:00,2025-07-26 12:00:00,E,Prust Ave,0,3,3,0
2025-07-26,16,10:00,151,9,12.0,1,1,30.13,0,2025-07-26 08:00:00,2025-07-26 12:00:00,E,Main Street Station at Bay 7,0,0,0,0
2025-07-26,16,10:00,151,9,12.0,1,1,30.13,0,2025-07-26 08:00:00,2025-07-26 12:00:00,E,Norwood Rd,2,3,2,0
2025-07-26,16,10:00,151,9,12.0,1,1,30.13,0,2025-07-26 08:00:00,2025-07-26 12:00:00,E,McCaul St,0,2,2,0
2025-07-26,16,10:00,151,9,12.0,1,1,30.13,0,2025-07-26 08:00:00,2025-07-26 12:00:00,E,Broadview Ave,0,2,0,0
2025-07-26,16,10:00,151,9,12.0,1,1,30.13,0,2025-07-26 08:00:00,2025-07-26 12:00:00,E,Ontario St,0,2,0,0
2025-07-26,16,10:00,151,9,12.0,1,1,30.13,0,2025-07-26 08:00:00,2025-07-26 12:00:00,E,Rusholme Park Cres,1,2,2,1
2025-07-26,16,10:00,151,9,12.0,1,1,30.13,0,2025-07-26 08:00:00,2025-07-26 12:00:00,E,Havelock St,0,3,3,0
2025-07-26,16,10:00,151,9,12.0,1,1,30.13,0,2025-07-26 08:00:00,2025-07-26 12:00:00,E,High Park Loop,0,5,9,0
2025-07-26,16,10:00,151,9,12.0,1,1,30.13,0,2025-07-26 08:00:00,2025-07-26 12:00:00,E,Queens Park (Queen's Park Station),0,2,2,0
2025-07-26,16,10:00,151,9,12.0,1,1,30.13,0,2025-07-26 08:00:00,2025-07-26 12:00:00,E,Roncesvalles Ave,0,3,1,1
2025-07-26,16,10:00,151,9,12.0,1,1,30.13,0,2025-07-26 08:00:00,2025-07-26 12:00:00,E,De Grassi St,0,2,1,0
2025-07-26,16,10:00,151,9,12.0,1,1,30.13,0,2025-07-26 08:00:00,2025-07-26 12:00:00,E,Parliament St at Carlton St,0,2,1,0
2025-07-26,16,10:00,151,9,12.0,1,1,30.13,0,2025-07-26 08:00:00,2025-07-26 12:00:00,E,Parkside Dr East Side,0,2,5,0
2025-07-26,16,10:00,151,9,12.0,1,1,30.13,0,2025-07-26 08:00:00,2025-07-26 12:00:00,E,Dundas St West,0,2,0,1
2025-07-26,16,10:00,151,9,12.0,1,1,30.13,0,2025-07-26 08:00:00,2025-07-26 12:00:00,E,Howard Park Ave at Roncesvalles Ave,0,0,0,0
2025-07-26,16,10:00,151,9,12.0,1,1,30.13,0,2025-07-26 08:00:00,2025-07-26 12:00:00,E,Parliament St,0,0,0,0
2025-07-26,16,10:00,151,9,12.0,1,1,30.13,0,2025-07-26 08:00:00,2025-07-26 12:00:00,E,Parliament St at Gerrard St East,0,0,0,0
2025-07-26,16,10:00,151,9,12.0,1,1,30.13,0,2025-07-26 08:00:00,2025-07-26 12:00:00,E,Sumach St,0,0,0,0
2025-07-26,16,10:00,151,9,12.0,1,1,30.13,0,2025-07-26 08:00:00,2025-07-26 12:00:00,E,Blackburn St,0,0,0,0
2025-07-26,16,10:00,151,9,12.0,1,1,30.13,0,2025-07-26 08:00:00,2025-07-26 12:00:00,E,Logan Ave,0,2,2,0
2025-07-26,16,10:00,151,9,12.0,1,1,30.13,0,2025-07-26 08:00:00,2025-07-26 12:00:00,E,Augusta Ave,0,0,0,0
2025-07-26,16,10:00,151,9,12.0,1,1,30.13,0,2025-07-26 08:00:00,2025-07-26 12:00:00,E,Beverley St,0,0,0,0
2025-07-26,16,10:00,151,9,12.0,1,1,30.13,0,2025-07-26 08:00:00,2025-07-26 12:00:00,E,University Ave (Queen's Park Station,0,0,0,0
2025-07-26,16,10:00,151,9,12.0,1,1,30.13,0,2025-07-26 08:00:00,2025-07-26 12:00:00,E,Elizabeth St,0,0,0,0
2025-07-26,16,10:00,151,9,12.0,1,1,30.13,0,2025-07-26 08:00:00,2025-07-26 12:00:00,E,Greenwood Ave,0,0,0,0
2025-07-26,16,10:00,151,9,12.0,1,1,30.13,0,2025-07-26 08:00:00,2025-07-26 12:00:00,E,Alton Ave,0,0,0,0
2025-07-26,16,10:00,151,9,12.0,1,1,30.13,0,2025-07-26 08:00:00,2025-07-26 12:00:00,E,Coxwell Ave,0,0,0,0
2025-07-26,16,10:00,151,9,12.0,1,1,30.13,0,2025-07-26 08:00:00,2025-07-26 12:00:00,E,Gerrard St East  at Coxwell Ave,0,0,0,0
2025-07-26,16,10:00,151,9,12.0,1,1,30.13,0,2025-07-26 08:00:00,2025-07-26 12:00:00,E,Coxwell Ave at Lower Gerrard St East,0,0,0,0
2025-07-26,16,10:00,151,9,12.0,1,1,30.13,0,2025-07-26 08:00:00,2025-07-26 12:00:00,E,Ashdale Ave,0,0,0,0
2025-07-26,16,10:00,151,9,12.0,1,1,30.13,0,2025-07-26 08:00:00,2025-07-26 12:00:00,E,Howard Park Ave at Indian Rd,0,0,0,0
2025-07-26,16,10:00,151,9,12.0,1,1,30.13,0,2025-07-26 08:00:00,2025-07-26 12:00:00,E,Dundas St West at Howard Park Ave,0,0,0,0
2025-07-26,16,10:00,151,9,12.0,1,1,30.13,0,2025-07-26 08:00:00,2025-07-26 12:00:00,E,Main St at Gerrard St East,0,0,0,0
2025-07-26,16,10:00,151,9,12.0,1,1,30.13,0,2025-07-26 08:00:00,2025-07-26 12:00:00,E,Main St,0,0,0,0
2025-07-26,16,10:00,151,9,12.0,1,1,30.13,0,2025-07-26 08:00:00,2025-07-26 12:00:00,E,Main St at Danforth Ave,0,0,0,0
2025-07-26,16,10:00,151,9,12.0,1,1,30.13,0,2025-07-26 08:00:00,2025-07-26 12:00:00,E,Howard Park Ave at Parkside Dr,0,0,0,0
2025-07-26,16,10:00,151,9,12.0,1,1,30.13,0,2025-07-26 08:00:00,2025-07-26 12:00:00,W,Woodfield Rd,2,2,2,1
2025-07-26,16,10:00,151,9,12.0,1,1,30.13,0,2025-07-26 08:00:00,2025-07-26 12:00:00,W,Coxwell Ave at Gerrard St East,1,1,3,1
2025-07-26,16,10:00,151,9,12.0,1,1,30.13,0,2025-07-26 08:00:00,2025-07-26 12:00:00,W,Euclid Ave,0,0,0,0
2025-07-26,16,10:00,151,9,12.0,1,1,30.13,0,2025-07-26 08:00:00,2025-07-26 12:00:00,W,Bowmore Rd,0,2,3,0
2025-07-26,16,10:00,151,9,12.0,1,1,30.13,0,2025-07-26 08:00:00,2025-07-26 12:00:00,W,Bay St,4,2,2,1
2025-07-26,16,10:00,151,9,12.0,1,1,30.13,0,2025-07-26 08:00:00,2025-07-26 12:00:00,W,Lansdowne Ave,0,0,0,0
2025-07-26,16,10:00,151,9,12.0,1,1,30.13,0,2025-07-26 08:00:00,2025-07-26 12:00:00,W,Indian Rd,2,1,5,0
2025-07-26,16,10:00,151,9,12.0,1,1,30.13,0,2025-07-26 08:00:00,2025-07-26 12:00:00,W,Grace St,0,0,0,0
2025-07-26,16,10:00,151,9,12.0,1,1,30.13,0,2025-07-26 08:00:00,2025-07-26 12:00:00,W,Dufferin St,3,3,6,0
2025-07-26,16,10:00,151,9,12.0,1,1,30.13,0,2025-07-26 08:00:00,2025-07-26 12:00:00,W,Gerrard St East at Beaton Ave,0,1,3,1
2025-07-26,16,10:00,151,9,12.0,1,1,30.13,0,2025-07-26 08:00:00,2025-07-26 12:00:00,W,Bathurst St,0,0,0,0
2025-07-26,16,10:00,151,9,12.0,1,1,30.13,0,2025-07-26 08:00:00,2025-07-26 12:00:00,W,Yonge St - College Station,0,0,0,0
2025-07-26,16,10:00,151,9,12.0,1,1,30.13,0,2025-07-26 08:00:00,2025-07-26 12:00:00,W,Dundas St West at Sterling Rd,0,0,0,0
2025-07-26,16,10:00,151,9,12.0,1,1,30.13,0,2025-07-26 08:00:00,2025-07-26 12:00:00,W,Brock Ave,0,0,0,0
2025-07-26,16,10:00,151,9,12.0,1,1,30.13,0,2025-07-26 08:00:00,2025-07-26 12:00:00,W,Sackville St,4,2,5,0
2025-07-26,16,10:00,151,9,12.0,1,1,30.13,0,2025-07-26 08:00:00,2025-07-26 12:00:00,W,Carlaw Ave,0,0,0,0
2025-07-26,16,10:00,151,9,12.0,1,1,30.13,0,2025-07-26 08:00:00,2025-07-26 12:00:00,W,Borden St,0,0,0,0
2025-07-26,16,10:00,151,9,12.0,1,1,30.13,0,2025-07-26 08:00:00,2025-07-26 12:00:00,W,Dundas St West at Sorauren Ave,2,2,5,0
2025-07-26,16,10:00,151,9,12.0,1,1,30.13,0,2025-07-26 08:00:00,2025-07-26 12:00:00,W,Crawford St,0,0,0,0
2025-07-26,16,10:00,151,9,12.0,1,1,30.13,0,2025-07-26 08:00:00,2025-07-26 12:00:00,W,Pape Ave,0,0,0,0
2025-07-26,16,10:00,151,9,12.0,1,1,30.13,0,2025-07-26 08:00:00,2025-07-26 12:00:00,W,Spadina Ave,5,1,2,0
2025-07-26,16,10:00,151,9,12.0,1,1,30.13,0,2025-07-26 08:00:00,2025-07-26 12:00:00,W,River St,3,3,5,0
2025-07-26,16,10:00,151,9,12.0,1,1,30.13,0,2025-07-26 08:00:00,2025-07-26 12:00:00,W,Marjory Ave,0,0,0,0
2025-07-26,16,10:00,151,9,12.0,1,1,30.13,0,2025-07-26 08:00:00,2025-07-26 12:00:00,W,Kingsmount Park Rd,0,0,0,0
2025-07-26,16,10:00,151,9,12.0,1,1,30.13,0,2025-07-26 08:00:00,2025-07-26 12:00:00,W,Church St,0,0,0,0
2025-07-26,16,10:00,151,9,12.0,1,1,30.13,0,2025-07-26 08:00:00,2025-07-26 12:00:00,W,Ossington Ave,0,0,0,0
2025-07-26,16,10:00,151,9,12.0,1,1,30.13,0,2025-07-26 08:00:00,2025-07-26 12:00:00,W,Woodbine Ave,0,0,0,0
2025-07-26,16,10:00,151,9,12.0,1,1,30.13,0,2025-07-26 08:00:00,2025-07-26 12:00:00,W,Jones Ave,0,0,0,0
2025-07-26,16,10:00,151,9,12.0,1,1,30.13,0,2025-07-26 08:00:00,2025-07-26 12:00:00,W,Golfview Ave,0,0,0,0
2025-07-26,16,10:00,151,9,12.0,1,1,30.13,0,2025-07-26 08:00:00,2025-07-26 12:00:00,W,Leslie St,0,0,0,0
2025-07-26,16,10:00,151,9,12.0,1,1,30.13,0,2025-07-26 08:00:00,2025-07-26 12:00:00,W,St Matthews Rd,0,0,0,0
2025-07-26,16,10:00,151,9,12.0,1,1,30.13,0,2025-07-26 08:00:00,2025-07-26 12:00:00,W,Jarvis St,0,0,0,0
2025-07-26,16,10:00,151,9,12.0,1,1,30.13,0,2025-07-26 08:00:00,2025-07-26 12:00:00,W,Sherbourne St,0,0,0,0
2025-07-26,16,10:00,151,9,12.0,1,1,30.13,0,2025-07-26 08:00:00,2025-07-26 12:00:00,W,St George St,0,0,0,0
2025-07-26,16,10:00,151,9,12.0,1,1,30.13,0,2025-07-26 08:00:00,2025-07-26 12:00:00,W,Dovercourt Rd,0,0,0,0
2025-07-26,16,10:00,151,9,12.0,1,1,30.13,0,2025-07-26 08:00:00,2025-07-26 12:00:00,W,Glenmount Park Rd,0,0,0,0
2025-07-26,16,10:00,151,9,12.0,1,1,30.13,0,2025-07-26 08:00:00,2025-07-26 12:00:00,W,Prust Ave,0,0,0,0
2025-07-26,16,10:00,151,9,12.0,1,1,30.13,0,2025-07-26 08:00:00,2025-07-26 12:00:00,W,Main Street Station at Bay 7,0,2,4,1
2025-07-26,16,10:00,151,9,12.0,1,1,30.13,0,2025-07-26 08:00:00,2025-07-26 12:00:00,W,Norwood Rd,0,0,0,0
2025-07-26,16,10:00,151,9,12.0,1,1,30.13,0,2025-07-26 08:00:00,2025-07-26 12:00:00,W,McCaul St,0,0,0,0
2025-07-26,16,10:00,151,9,12.0,1,1,30.13,0,2025-07-26 08:00:00,2025-07-26 12:00:00,W,Broadview Ave,0,0,0,0
2025-07-26,16,10:00,151,9,12.0,1,1,30.13,0,2025-07-26 08:00:00,2025-07-26 12:00:00,W,Ontario St,0,0,0,0
2025-07-26,16,10:00,151,9,12.0,1,1,30.13,0,2025-07-26 08:00:00,2025-07-26 12:00:00,W,Rusholme Park Cres,0,0,0,0
2025-07-26,16,10:00,151,9,12.0,1,1,30.13,0,2025-07-26 08:00:00,2025-07-26 12:00:00,W,Havelock St,0,0,0,0
2025-07-26,16,10:00,151,9,12.0,1,1,30.13,0,2025-07-26 08:00:00,2025-07-26 12:00:00,W,High Park Loop,0,0,0,0
2025-07-26,16,10:00,151,9,12.0,1,1,30.13,0,2025-07-26 08:00:00,2025-07-26 12:00:00,W,Queens Park (Queen's Park Station),0,0,0,0
2025-07-26,16,10:00,151,9,12.0,1,1,30.13,0,2025-07-26 08:00:00,2025-07-26 12:00:00,W,Roncesvalles Ave,1,2,5,0
2025-07-26,16,10:00,151,9,12.0,1,1,30.13,0,2025-07-26 08:00:00,2025-07-26 12:00:00,W,De Grassi St,0,0,0,0
2025-07-26,16,10:00,151,9,12.0,1,1,30.13,0,2025-07-26 08:00:00,2025-07-26 12:00:00,W,Parliament St at Carlton St,0,0,0,0
2025-07-26,16,10:00,151,9,12.0,1,1,30.13,0,2025-07-26 08:00:00,2025-07-26 12:00:00,W,Parkside Dr East Side,0,0,0,0
2025-07-26,16,10:00,151,9,12.0,1,1,30.13,0,2025-07-26 08:00:00,2025-07-26 12:00:00,W,Dundas St West,2,1,6,0
2025-07-26,16,10:00,151,9,12.0,1,1,30.13,0,2025-07-26 08:00:00,2025-07-26 12:00:00,W,Howard Park Ave at Roncesvalles Ave,0,0,0,0
2025-07-26,16,10:00,151,9,12.0,1,1,30.13,0,2025-07-26 08:00:00,2025-07-26 12:00:00,W,Parliament St,0,0,0,0
2025-07-26,16,10:00,151,9,12.0,1,1,30.13,0,2025-07-26 08:00:00,2025-07-26 12:00:00,W,Parliament St at Gerrard St East,0,0,0,0
2025-07-26,16,10:00,151,9,12.0,1,1,30.13,0,2025-07-26 08:00:00,2025-07-26 12:00:00,W,Sumach St,0,0,0,0
2025-07-26,16,10:00,151,9,12.0,1,1,30.13,0,2025-07-26 08:00:00,2025-07-26 12:00:00,W,Blackburn St,0,0,0,0
2025-07-26,16,10:00,151,9,12.0,1,1,30.13,0,2025-07-26 08:00:00,2025-07-26 12:00:00,W,Logan Ave,0,0,0,0
2025-07-26,16,10:00,151,9,12.0,1,1,30.13,0,2025-07-26 08:00:00,2025-07-26 12:00:00,W,Augusta Ave,0,0,0,0
2025-07-26,16,10:00,151,9,12.0,1,1,30.13,0,2025-07-26 08:00:00,2025-07-26 12:00:00,W,Beverley St,0,0,0,0
2025-07-26,16,10:00,151,9,12.0,1,1,30.13,0,2025-07-26 08:00:00,2025-07-26 12:00:00,W,University Ave (Queen's Park Station,0,0,0,0
2025-07-26,16,10:00,151,9,12.0,1,1,30.13,0,2025-07-26 08:00:00,2025-07-26 12:00:00,W,Elizabeth St,0,0,0,0
2025-07-26,16,10:00,151,9,12.0,1,1,30.13,0,2025-07-26 08:00:00,2025-07-26 12:00:00,W,Greenwood Ave,0,0,0,0
2025-07-26,16,10:00,151,9,12.0,1,1,30.13,0,2025-07-26 08:00:00,2025-07-26 12:00:00,W,Alton Ave,0,0,0,0
2025-07-26,16,10:00,151,9,12.0,1,1,30.13,0,2025-07-26 08:00:00,2025-07-26 12:00:00,W,Coxwell Ave,0,0,0,0
2025-07-26,16,10:00,151,9,12.0,1,1,30.13,0,2025-07-26 08:00:00,2025-07-26 12:00:00,W,Gerrard St East  at Coxwell Ave,0,0,0,0
2025-07-26,16,10:00,151,9,12.0,1,1,30.13,0,2025-07-26 08:00:00,2025-07-26 12:00:00,W,Coxwell Ave at Lower Gerrard St East,0,0,0,0
2025-07-26,16,10:00,151,9,12.0,1,1,30.13,0,2025-07-26 08:00:00,2025-07-26 12:00:00,W,Ashdale Ave,0,0,0,0
2025-07-26,16,10:00,151,9,12.0,1,1,30.13,0,2025-07-26 08:00:00,2025-07-26 12:00:00,W,Howard Park Ave at Indian Rd,0,0,0,0
2025-07-26,16,10:00,151,9,12.0,1,1,30.13,0,2025-07-26 08:00:00,2025-07-26 12:00:00,W,Dundas St West at Howard Park Ave,0,0,0,0
2025-07-26,16,10:00,151,9,12.0,1,1,30.13,0,2025-07-26 08:00:00,2025-07-26 12:00:00,W,Main St at Gerrard St East,0,0,0,0
2025-07-26,16,10:00,151,9,12.0,1,1,30.13,0,2025-07-26 08:00:00,2025-07-26 12:00:00,W,Main St,0,0,0,0
2025-07-26,16,10:00,151,9,12.0,1,1,30.13,0,2025-07-26 08:00:00,2025-07-26 12:00:00,W,Main St at Danforth Ave,0,0,0,0
2025-07-26,16,10:00,151,9,12.0,1,1,30.13,0,2025-07-26 08:00:00,2025-07-26 12:00:00,W,Howard Park Ave at Parkside Dr,0,0,0,0
2025-08-02,16,10:00,151,9,12.0,1,1,30.13,0,2025-08-02 08:00:00,2025-08-02 12:00:00,E,Woodfield Rd,2,0,2,0
2025-08-02,16,10:00,151,9,12.0,1,1,30.13,0,2025-08-02 08:00:00,2025-08-02 12:00:00,E,Coxwell Ave at Gerrard St East,0,0,0,0
2025-08-02,16,10:00,151,9,12.0,1,1,30.13,0,2025-08-02 08:00:00,2025-08-02 12:00:00,E,Euclid Ave,0,0,0,0
2025-08-02,16,10:00,151,9,12.0,1,1,30.13,0,2025-08-02 08:00:00,2025-08-02 12:00:00,E,Bowmore Rd,1,0,0,0
2025-08-02,16,10:00,151,9,12.0,1,1,30.13,0,2025-08-02 08:00:00,2025-08-02 12:00:00,E,Bay St,2,1,0,0
2025-08-02,16,10:00,151,9,12.0,1,1,30.13,0,2025-08-02 08:00:00,2025-08-02 12:00:00,E,Lansdowne Ave,4,1,0,1
2025-08-02,16,10:00,151,9,12.0,1,1,30.13,0,2025-08-02 08:00:00,2025-08-02 12:00:00,E,Indian Rd,0,1,2,0
2025-08-02,16,10:00,151,9,12.0,1,1,30.13,0,2025-08-02 08:00:00,2025-08-02 12:00:00,E,Grace St,2,2,0,0
2025-08-02,16,10:00,151,9,12.0,1,1,30.13,0,2025-08-02 08:00:00,2025-08-02 12:00:00,E,Dufferin St,2,0,1,0
2025-08-02,16,10:00,151,9,12.0,1,1,30.13,0,2025-08-02 08:00:00,2025-08-02 12:00:00,E,Gerrard St East at Beaton Ave,1,0,0,0
2025-08-02,16,10:00,151,9,12.0,1,1,30.13,0,2025-08-02 08:00:00,2025-08-02 12:00:00,E,Bathurst St,2,1,0,0
2025-08-02,16,10:00,151,9,12.0,1,1,30.13,0,2025-08-02 08:00:00,2025-08-02 12:00:00,E,Yonge St - College Station,0,1,2,0
2025-08-02,16,10:00,151,9,12.0,1,1,30.13,0,2025-08-02 08:00:00,2025-08-02 12:00:00,E,Dundas St West at Sterling Rd,1,1,0,0
2025-08-02,16,10:00,151,9,12.0,1,1,30.13,0,2025-08-02 08:00:00,2025-08-02 12:00:00,E,Brock Ave,2,1,0,0
2025-08-02,16,10:00,151,9,12.0,1,1,30.13,0,2025-08-02 08:00:00,2025-08-02 12:00:00,E,Sackville St,2,1,0,0
2025-08-02,16,10:00,151,9,12.0,1,1,30.13,0,2025-08-02 08:00:00,2025-08-02 12:00:00,E,Carlaw Ave,1,1,2,0
2025-08-02,16,10:00,151,9,12.0,1,1,30.13,0,2025-08-02 08:00:00,2025-08-02 12:00:00,E,Borden St,1,1,0,0
2025-08-02,16,10:00,151,9,12.0,1,1,30.13,0,2025-08-02 08:00:00,2025-08-02 12:00:00,E,Dundas St West at Sorauren Ave,1,1,0,0
2025-08-02,16,10:00,151,9,12.0,1,1,30.13,0,2025-08-02 08:00:00,2025-08-02 12:00:00,E,Crawford St,3,2,0,0
2025-08-02,16,10:00,151,9,12.0,1,1,30.13,0,2025-08-02 08:00:00,2025-08-02 12:00:00,E,Pape Ave,1,1,2,0
2025-08-02,16,10:00,151,9,12.0,1,1,30.13,0,2025-08-02 08:00:00,2025-08-02 12:00:00,E,Spadina Ave,1,1,1,0
2025-08-02,16,10:00,151,9,12.0,1,1,30.13,0,2025-08-02 08:00:00,2025-08-02 12:00:00,E,River St,1,1,0,0
2025-08-02,16,10:00,151,9,12.0,1,1,30.13,0,2025-08-02 08:00:00,2025-08-02 12:00:00,E,Marjory Ave,1,0,2,0
2025-08-02,16,10:00,151,9,12.0,1,1,30.13,0,2025-08-02 08:00:00,2025-08-02 12:00:00,E,Kingsmount Park Rd,1,0,0,0
2025-08-02,16,10:00,151,9,12.0,1,1,30.13,0,2025-08-02 08:00:00,2025-08-02 12:00:00,E,Church St,0,0,0,0
2025-08-02,16,10:00,151,9,12.0,1,1,30.13,0,2025-08-02 08:00:00,2025-08-02 12:00:00,E,Ossington Ave,4,2,0,0
2025-08-02,16,10:00,151,9,12.0,1,1,30.13,0,2025-08-02 08:00:00,2025-08-02 12:00:00,E,Woodbine Ave,2,0,0,0
2025-08-02,16,10:00,151,9,12.0,1,1,30.13,0,2025-08-02 08:00:00,2025-08-02 12:00:00,E,Jones Ave,1,0,2,0
2025-08-02,16,10:00,151,9,12.0,1,1,30.13,0,2025-08-02 08:00:00,2025-08-02 12:00:00,E,Golfview Ave,2,0,0,1
2025-08-02,16,10:00,151,9,12.0,1,1,30.13,0,2025-08-02 08:00:00,2025-08-02 12:00:00,E,Leslie St,1,0,2,0
2025-08-02,16,10:00,151,9,12.0,1,1,30.13,0,2025-08-02 08:00:00,2025-08-02 12:00:00,E,St Matthews Rd,1,1,0,0
2025-08-02,16,10:00,151,9,12.0,1,1,30.13,0,2025-08-02 08:00:00,2025-08-02 12:00:00,E,Jarvis St,0,1,0,0
2025-08-02,16,10:00,151,9,12.0,1,1,30.13,0,2025-08-02 08:00:00,2025-08-02 12:00:00,E,Sherbourne St,0,1,0,0
2025-08-02,16,10:00,151,9,12.0,1,1,30.13,0,2025-08-02 08:00:00,2025-08-02 12:00:00,E,St George St,2,1,0,0
2025-08-02,16,10:00,151,9,12.0,1,1,30.13,0,2025-08-02 08:00:00,2025-08-02 12:00:00,E,Dovercourt Rd,2,2,0,0
2025-08-02,16,10:00,151,9,12.0,1,1,30.13,0,2025-08-02 08:00:00,2025-08-02 12:00:00,E,Glenmount Park Rd,2,0,0,1
2025-08-02,16,10:00,151,9,12.0,1,1,30.13,0,2025-08-02 08:00:00,2025-08-02 12:00:00,E,Prust Ave,1,0,2,0
2025-08-02,16,10:00,151,9,12.0,1,1,30.13,0,2025-08-02 08:00:00,2025-08-02 12:00:00,E,Main Street Station at Bay 7,0,0,0,0
2025-08-02,16,10:00,151,9,12.0,1,1,30.13,0,2025-08-02 08:00:00,2025-08-02 12:00:00,E,Norwood Rd,2,0,0,1
2025-08-02,16,10:00,151,9,12.0,1,1,30.13,0,2025-08-02 08:00:00,2025-08-02 12:00:00,E,McCaul St,3,1,0,0
2025-08-02,16,10:00,151,9,12.0,1,1,30.13,0,2025-08-02 08:00:00,2025-08-02 12:00:00,E,Broadview Ave,1,1,0,0
2025-08-02,16,10:00,151,9,12.0,1,1,30.13,0,2025-08-02 08:00:00,2025-08-02 12:00:00,E,Ontario St,0,1,0,0
2025-08-02,16,10:00,151,9,12.0,1,1,30.13,0,2025-08-02 08:00:00,2025-08-02 12:00:00,E,Rusholme Park Cres,1,1,0,0
2025-08-02,16,10:00,151,9,12.0,1,1,30.13,0,2025-08-02 08:00:00,2025-08-02 12:00:00,E,Havelock St,1,0,2,0
2025-08-02,16,10:00,151,9,12.0,1,1,30.13,0,2025-08-02 08:00:00,2025-08-02 12:00:00,E,High Park Loop,0,2,6,0
2025-08-02,16,10:00,151,9,12.0,1,1,30.13,0,2025-08-02 08:00:00,2025-08-02 12:00:00,E,Queens Park (Queen's Park Station),3,1,0,0
2025-08-02,16,10:00,151,9,12.0,1,1,30.13,0,2025-08-02 08:00:00,2025-08-02 12:00:00,E,Roncesvalles Ave,1,1,0,0
2025-08-02,16,10:00,151,9,12.0,1,1,30.13,0,2025-08-02 08:00:00,2025-08-02 12:00:00,E,De Grassi St,2,1,0,0
2025-08-02,16,10:00,151,9,12.0,1,1,30.13,0,2025-08-02 08:00:00,2025-08-02 12:00:00,E,Parliament St at Carlton St,2,1,0,0
2025-08-02,16,10:00,151,9,12.0,1,1,30.13,0,2025-08-02 08:00:00,2025-08-02 12:00:00,E,Parkside Dr East Side,0,1,4,0
2025-08-02,16,10:00,151,9,12.0,1,1,30.13,0,2025-08-02 08:00:00,2025-08-02 12:00:00,E,Dundas St West,0,1,0,0
2025-08-02,16,10:00,151,9,12.0,1,1,30.13,0,2025-08-02 08:00:00,2025-08-02 12:00:00,E,Howard Park Ave at Roncesvalles Ave,0,0,0,0
2025-08-02,16,10:00,151,9,12.0,1,1,30.13,0,2025-08-02 08:00:00,2025-08-02 12:00:00,E,Parliament St,0,0,0,0
2025-08-02,16,10:00,151,9,12.0,1,1,30.13,0,2025-08-02 08:00:00,2025-08-02 12:00:00,E,Parliament St at Gerrard St East,0,0,0,0
2025-08-02,16,10:00,151,9,12.0,1,1,30.13,0,2025-08-02 08:00:00,2025-08-02 12:00:00,E,Sumach St,0,0,0,0
2025-08-02,16,10:00,151,9,12.0,1,1,30.13,0,2025-08-02 08:00:00,2025-08-02 12:00:00,E,Blackburn St,0,0,0,0
2025-08-02,16,10:00,151,9,12.0,1,1,30.13,0,2025-08-02 08:00:00,2025-08-02 12:00:00,E,Logan Ave,0,1,0,0
2025-08-02,16,10:00,151,9,12.0,1,1,30.13,0,2025-08-02 08:00:00,2025-08-02 12:00:00,E,Augusta Ave,0,0,0,0
2025-08-02,16,10:00,151,9,12.0,1,1,30.13,0,2025-08-02 08:00:00,2025-08-02 12:00:00,E,Beverley St,0,0,0,0
2025-08-02,16,10:00,151,9,12.0,1,1,30.13,0,2025-08-02 08:00:00,2025-08-02 12:00:00,E,University Ave (Queen's Park Station,0,0,0,0
2025-08-02,16,10:00,151,9,12.0,1,1,30.13,0,2025-08-02 08:00:00,2025-08-02 12:00:00,E,Elizabeth St,0,0,0,0
2025-08-02,16,10:00,151,9,12.0,1,1,30.13,0,2025-08-02 08:00:00,2025-08-02 12:00:00,E,Greenwood Ave,0,0,0,0
2025-08-02,16,10:00,151,9,12.0,1,1,30.13,0,2025-08-02 08:00:00,2025-08-02 12:00:00,E,Alton Ave,0,0,0,0
2025-08-02,16,10:00,151,9,12.0,1,1,30.13,0,2025-08-02 08:00:00,2025-08-02 12:00:00,E,Coxwell Ave,0,0,0,0
2025-08-02,16,10:00,151,9,12.0,1,1,30.13,0,2025-08-02 08:00:00,2025-08-02 12:00:00,E,Gerrard St East  at Coxwell Ave,0,0,0,0
2025-08-02,16,10:00,151,9,12.0,1,1,30.13,0,2025-08-02 08:00:00,2025-08-02 12:00:00,E,Coxwell Ave at Lower Gerrard St East,0,0,0,0
2025-08-02,16,10:00,151,9,12.0,1,1,30.13,0,2025-08-02 08:00:00,2025-08-02 12:00:00,E,Ashdale Ave,0,0,0,0
2025-08-02,16,10:00,151,9,12.0,1,1,30.13,0,2025-08-02 08:00:00,2025-08-02 12:00:00,E,Howard Park Ave at Indian Rd,0,0,0,0
2025-08-02,16,10:00,151,9,12.0,1,1,30.13,0,2025-08-02 08:00:00,2025-08-02 12:00:00,E,Dundas St West at Howard Park Ave,0,0,0,0
2025-08-02,16,10:00,151,9,12.0,1,1,30.13,0,2025-08-02 08:00:00,2025-08-02 12:00:00,E,Main St at Gerrard St East,0,0,0,0
2025-08-02,16,10:00,151,9,12.0,1,1,30.13,0,2025-08-02 08:00:00,2025-08-02 12:00:00,E,Main St,0,0,0,0
2025-08-02,16,10:00,151,9,12.0,1,1,30.13,0,2025-08-02 08:00:00,2025-08-02 12:00:00,E,Main St at Danforth Ave,0,0,0,0
2025-08-02,16,10:00,151,9,12.0,1,1,30.13,0,2025-08-02 08:00:00,2025-08-02 12:00:00,E,Howard Park Ave at Parkside Dr,0,0,0,0
2025-08-02,16,10:00,151,9,12.0,1,1,30.13,0,2025-08-02 08:00:00,2025-08-02 12:00:00,W,Woodfield Rd,3,0,0,1
2025-08-02,16,10:00,151,9,12.0,1,1,30.13,0,2025-08-02 08:00:00,2025-08-02 12:00:00,W,Coxwell Ave at Gerrard St East,2,0,0,1
2025-08-02,16,10:00,151,9,12.0,1,1,30.13,0,2025-08-02 08:00:00,2025-08-02 12:00:00,W,Euclid Ave,0,0,0,0
2025-08-02,16,10:00,151,9,12.0,1,1,30.13,0,2025-08-02 08:00:00,2025-08-02 12:00:00,W,Bowmore Rd,0,0,1,0
2025-08-02,16,10:00,151,9,12.0,1,1,30.13,0,2025-08-02 08:00:00,2025-08-02 12:00:00,W,Bay St,2,0,1,1
2025-08-02,16,10:00,151,9,12.0,1,1,30.13,0,2025-08-02 08:00:00,2025-08-02 12:00:00,W,Lansdowne Ave,0,0,0,0
2025-08-02,16,10:00,151,9,12.0,1,1,30.13,0,2025-08-02 08:00:00,2025-08-02 12:00:00,W,Indian Rd,1,0,2,0
2025-08-02,16,10:00,151,9,12.0,1,1,30.13,0,2025-08-02 08:00:00,2025-08-02 12:00:00,W,Grace St,0,0,0,0
2025-08-02,16,10:00,151,9,12.0,1,1,30.13,0,2025-08-02 08:00:00,2025-08-02 12:00:00,W,Dufferin St,1,0,1,0
2025-08-02,16,10:00,151,9,12.0,1,1,30.13,0,2025-08-02 08:00:00,2025-08-02 12:00:00,W,Gerrard St East at Beaton Ave,1,0,1,0
2025-08-02,16,10:00,151,9,12.0,1,1,30.13,0,2025-08-02 08:00:00,2025-08-02 12:00:00,W,Bathurst St,0,0,0,0
2025-08-02,16,10:00,151,9,12.0,1,1,30.13,0,2025-08-02 08:00:00,2025-08-02 12:00:00,W,Yonge St - College Station,0,0,0,0
2025-08-02,16,10:00,151,9,12.0,1,1,30.13,0,2025-08-02 08:00:00,2025-08-02 12:00:00,W,Dundas St West at Sterling Rd,0,0,0,0
2025-08-02,16,10:00,151,9,12.0,1,1,30.13,0,2025-08-02 08:00:00,2025-08-02 12:00:00,W,Brock Ave,0,0,0,0
2025-08-02,16,10:00,151,9,12.0,1,1,30.13,0,2025-08-02 08:00:00,2025-08-02 12:00:00,W,Sackville St,3,0,1,1
2025-08-02,16,10:00,151,9,12.0,1,1,30.13,0,2025-08-02 08:00:00,2025-08-02 12:00:00,W,Carlaw Ave,0,0,0,0
2025-08-02,16,10:00,151,9,12.0,1,1,30.13,0,2025-08-02 08:00:00,2025-08-02 12:00:00,W,Borden St,0,0,0,0
2025-08-02,16,10:00,151,9,12.0,1,1,30.13,0,2025-08-02 08:00:00,2025-08-02 12:00:00,W,Dundas St West at Sorauren Ave,2,1,2,0
2025-08-02,16,10:00,151,9,12.0,1,1,30.13,0,2025-08-02 08:00:00,2025-08-02 12:00:00,W,Crawford St,0,0,0,0
2025-08-02,16,10:00,151,9,12.0,1,1,30.13,0,2025-08-02 08:00:00,2025-08-02 12:00:00,W,Pape Ave,0,0,0,0
2025-08-02,16,10:00,151,9,12.0,1,1,30.13,0,2025-08-02 08:00:00,2025-08-02 12:00:00,W,Spadina Ave,3,0,2,1
2025-08-02,16,10:00,151,9,12.0,1,1,30.13,0,2025-08-02 08:00:00,2025-08-02 12:00:00,W,River St,2,0,2,1
2025-08-02,16,10:00,151,9,12.0,1,1,30.13,0,2025-08-02 08:00:00,2025-08-02 12:00:00,W,Marjory Ave,0,0,0,0
2025-08-02,16,10:00,151,9,12.0,1,1,30.13,0,2025-08-02 08:00:00,2025-08-02 12:00:00,W,Kingsmount Park Rd,0,0,0,0
2025-08-02,16,10:00,151,9,12.0,1,1,30.13,0,2025-08-02 08:00:00,2025-08-02 12:00:00,W,Church St,0,0,0,0
2025-08-02,16,10:00,151,9,12.0,1,1,30.13,0,2025-08-02 08:00:00,2025-08-02 12:00:00,W,Ossington Ave,0,0,0,0
2025-08-02,16,10:00,151,9,12.0,1,1,30.13,0,2025-08-02 08:00:00,2025-08-02 12:00:00,W,Woodbine Ave,0,0,0,0
2025-08-02,16,10:00,151,9,12.0,1,1,30.13,0,2025-08-02 08:00:00,2025-08-02 12:00:00,W,Jones Ave,0,0,0,0
2025-08-02,16,10:00,151,9,12.0,1,1,30.13,0,2025-08-02 08:00:00,2025-08-02 12:00:00,W,Golfview Ave,0,0,0,0
2025-08-02,16,10:00,151,9,12.0,1,1,30.13,0,2025-08-02 08:00:00,2025-08-02 12:00:00,W,Leslie St,0,0,0,0
2025-08-02,16,10:00,151,9,12.0,1,1,30.13,0,2025-08-02 08:00:00,2025-08-02 12:00:00,W,St Matthews Rd,0,0,0,0
2025-08-02,16,10:00,151,9,12.0,1,1,30.13,0,2025-08-02 08:00:00,2025-08-02 12:00:00,W,Jarvis St,0,0,0,0
2025-08-02,16,10:00,151,9,12.0,1,1,30.13,0,2025-08-02 08:00:00,2025-08-02 12:00:00,W,Sherbourne St,0,0,0,0
2025-08-02,16,10:00,151,9,12.0,1,1,30.13,0,2025-08-02 08:00:00,2025-08-02 12:00:00,W,St George St,0,0,0,0
2025-08-02,16,10:00,151,9,12.0,1,1,30.13,0,2025-08-02 08:00:00,2025-08-02 12:00:00,W,Dovercourt Rd,0,0,0,0
2025-08-02,16,10:00,151,9,12.0,1,1,30.13,0,2025-08-02 08:00:00,2025-08-02 12:00:00,W,Glenmount Park Rd,0,0,0,0
2025-08-02,16,10:00,151,9,12.0,1,1,30.13,0,2025-08-02 08:00:00,2025-08-02 12:00:00,W,Prust Ave,0,0,0,0
2025-08-02,16,10:00,151,9,12.0,1,1,30.13,0,2025-08-02 08:00:00,2025-08-02 12:00:00,W,Main Street Station at Bay 7,0,0,1,1
2025-08-02,16,10:00,151,9,12.0,1,1,30.13,0,2025-08-02 08:00:00,2025-08-02 12:00:00,W,Norwood Rd,0,0,0,0
2025-08-02,16,10:00,151,9,12.0,1,1,30.13,0,2025-08-02 08:00:00,2025-08-02 12:00:00,W,McCaul St,0,0,0,0
2025-08-02,16,10:00,151,9,12.0,1,1,30.13,0,2025-08-02 08:00:00,2025-08-02 12:00:00,W,Broadview Ave,0,0,0,0
2025-08-02,16,10:00,151,9,12.0,1,1,30.13,0,2025-08-02 08:00:00,2025-08-02 12:00:00,W,Ontario St,0,0,0,0
2025-08-02,16,10:00,151,9,12.0,1,1,30.13,0,2025-08-02 08:00:00,2025-08-02 12:00:00,W,Rusholme Park Cres,0,0,0,0
2025-08-02,16,10:00,151,9,12.0,1,1,30.13,0,2025-08-02 08:00:00,2025-08-02 12:00:00,W,Havelock St,0,0,0,0
2025-08-02,16,10:00,151,9,12.0,1,1,30.13,0,2025-08-02 08:00:00,2025-08-02 12:00:00,W,High Park Loop,0,0,0,0
2025-08-02,16,10:00,151,9,12.0,1,1,30.13,0,2025-08-02 08:00:00,2025-08-02 12:00:00,W,Queens Park (Queen's Park Station),0,0,0,0
2025-08-02,16,10:00,151,9,12.0,1,1,30.13,0,2025-08-02 08:00:00,2025-08-02 12:00:00,W,Roncesvalles Ave,2,0,2,0
2025-08-02,16,10:00,151,9,12.0,1,1,30.13,0,2025-08-02 08:00:00,2025-08-02 12:00:00,W,De Grassi St,0,0,0,0
2025-08-02,16,10:00,151,9,12.0,1,1,30.13,0,2025-08-02 08:00:00,2025-08-02 12:00:00,W,Parliament St at Carlton St,0,0,0,0
2025-08-02,16,10:00,151,9,12.0,1,1,30.13,0,2025-08-02 08:00:00,2025-08-02 12:00:00,W,Parkside Dr East Side,0,0,0,0
2025-08-02,16,10:00,151,9,12.0,1,1,30.13,0,2025-08-02 08:00:00,2025-08-02 12:00:00,W,Dundas St West,2,0,2,0
2025-08-02,16,10:00,151,9,12.0,1,1,30.13,0,2025-08-02 08:00:00,2025-08-02 12:00:00,W,Howard Park Ave at Roncesvalles Ave,0,0,0,0
2025-08-02,16,10:00,151,9,12.0,1,1,30.13,0,2025-08-02 08:00:00,2025-08-02 12:00:00,W,Parliament St,0,0,0,0
2025-08-02,16,10:00,151,9,12.0,1,1,30.13,0,2025-08-02 08:00:00,2025-08-02 12:00:00,W,Parliament St at Gerrard St East,0,0,0,0
2025-08-02,16,10:00,151,9,12.0,1,1,30.13,0,2025-08-02 08:00:00,2025-08-02 12:00:00,W,Sumach St,0,0,0,0
2025-08-02,16,10:00,151,9,12.0,1,1,30.13,0,2025-08-02 08:00:00,2025-08-02 12:00:00,W,Blackburn St,0,0,0,0
2025-08-02,16,10:00,151,9,12.0,1,1,30.13,0,2025-08-02 08:00:00,2025-08-02 12:00:00,W,Logan Ave,0,0,0,0
2025-08-02,16,10:00,151,9,12.0,1,1,30.13,0,2025-08-02 08:00:00,2025-08-02 12:00:00,W,Augusta Ave,0,0,0,0
2025-08-02,16,10:00,151,9,12.0,1,1,30.13,0,2025-08-02 08:00:00,2025-08-02 12:00:00,W,Beverley St,0,0,0,0
2025-08-02,16,10:00,151,9,12.0,1,1,30.13,0,2025-08-02 08:00:00,2025-08-02 12:00:00,W,University Ave (Queen's Park Station,0,0,0,0
2025-08-02,16,10:00,151,9,12.0,1,1,30.13,0,2025-08-02 08:00:00,2025-08-02 12:00:00,W,Elizabeth St,0,0,0,0
2025-08-02,16,10:00,151,9,12.0,1,1,30.13,0,2025-08-02 08:00:00,2025-08-02 12:00:00,W,Greenwood Ave,0,0,0,0
2025-08-02,16,10:00,151,9,12.0,1,1,30.13,0,2025-08-02 08:00:00,2025-08-02 12:00:00,W,Alton Ave,0,0,0,0
2025-08-02,16,10:00,151,9,12.0,1,1,30.13,0,2025-08-02 08:00:00,2025-08-02 12:00:00,W,Coxwell Ave,0,0,0,0
2025-08-02,16,10:00,151,9,12.0,1,1,30.13,0,2025-08-02 08:00:00,2025-08-02 12:00:00,W,Gerrard St East  at Coxwell Ave,0,0,0,0
2025-08-02,16,10:00,151,9,12.0,1,1,30.13,0,2025-08-02 08:00:00,2025-08-02 12:00:00,W,Coxwell Ave at Lower Gerrard St East,0,0,0,0
2025-08-02,16,10:00,151,9,12.0,1,1,30.13,0,2025-08-02 08:00:00,2025-08-02 12:00:00,W,Ashdale Ave,0,0,0,0
2025-08-02,16,10:00,151,9,12.0,1,1,30.13,0,2025-08-02 08:00:00,2025-08-02 12:00:00,W,Howard Park Ave at Indian Rd,0,0,0,0
2025-08-02,16,10:00,151,9,12.0,1,1,30.13,0,2025-08-02 08:00:00,2025-08-02 12:00:00,W,Dundas St West at Howard Park Ave,0,0,0,0
2025-08-02,16,10:00,151,9,12.0,1,1,30.13,0,2025-08-02 08:00:00,2025-08-02 12:00:00,W,Main St at Gerrard St East,0,0,0,0
2025-08-02,16,10:00,151,9,12.0,1,1,30.13,0,2025-08-02 08:00:00,2025-08-02 12:00:00,W,Main St,0,0,0,0
2025-08-02,16,10:00,151,9,12.0,1,1,30.13,0,2025-08-02 08:00:00,2025-08-02 12:00:00,W,Main St at Danforth Ave,0,0,0,0
2025-08-02,16,10:00,151,9,12.0,1,1,30.13,0,2025-08-02 08:00:00,2025-08-02 12:00:00,W,Howard Park Ave at Parkside Dr,0,0,0,0
2025-08-09,16,10:00,151,9,12.0,1,1,30.13,0,2025-08-09 08:00:00,2025-08-09 12:00:00,E,Woodfield Rd,2,1,1,0
2025-08-09,16,10:00,151,9,12.0,1,1,30.13,0,2025-08-09 08:00:00,2025-08-09 12:00:00,E,Coxwell Ave at Gerrard St East,0,0,0,0
2025-08-09,16,10:00,151,9,12.0,1,1,30.13,0,2025-08-09 08:00:00,2025-08-09 12:00:00,E,Euclid Ave,0,0,0,0
2025-08-09,16,10:00,151,9,12.0,1,1,30.13,0,2025-08-09 08:00:00,2025-08-09 12:00:00,E,Bowmore Rd,3,0,0,0
2025-08-09,16,10:00,151,9,12.0,1,1,30.13,0,2025-08-09 08:00:00,2025-08-09 12:00:00,E,Bay St,3,1,2,0
2025-08-09,16,10:00,151,9,12.0,1,1,30.13,0,2025-08-09 08:00:00,2025-08-09 12:00:00,E,Lansdowne Ave,6,2,1,0
2025-08-09,16,10:00,151,9,12.0,1,1,30.13,0,2025-08-09 08:00:00,2025-08-09 12:00:00,E,Indian Rd,0,1,2,0
2025-08-09,16,10:00,151,9,12.0,1,1,30.13,0,2025-08-09 08:00:00,2025-08-09 12:00:00,E,Grace St,1,2,3,0
2025-08-09,16,10:00,151,9,12.0,1,1,30.13,0,2025-08-09 08:00:00,2025-08-09 12:00:00,E,Dufferin St,3,0,0,0
2025-08-09,16,10:00,151,9,12.0,1,1,30.13,0,2025-08-09 08:00:00,2025-08-09 12:00:00,E,Gerrard St East at Beaton Ave,2,0,0,0
2025-08-09,16,10:00,151,9,12.0,1,1,30.13,0,2025-08-09 08:00:00,2025-08-09 12:00:00,E,Bathurst St,4,1,1,0
2025-08-09,16,10:00,151,9,12.0,1,1,30.13,0,2025-08-09 08:00:00,2025-08-09 12:00:00,E,Yonge St - College Station,2,1,1,0
2025-08-09,16,10:00,151,9,12.0,1,1,30.13,0,2025-08-09 08:00:00,2025-08-09 12:00:00,E,Dundas St West at Sterling Rd,1,1,1,0
2025-08-09,16,10:00,151,9,12.0,1,1,30.13,0,2025-08-09 08:00:00,2025-08-09 12:00:00,E,Brock Ave,4,1,1,0
2025-08-09,16,10:00,151,9,12.0,1,1,30.13,0,2025-08-09 08:00:00,2025-08-09 12:00:00,E,Sackville St,1,1,1,0
2025-08-09,16,10:00,151,9,12.0,1,1,30.13,0,2025-08-09 08:00:00,2025-08-09 12:00:00,E,Carlaw Ave,1,2,1,0
2025-08-09,16,10:00,151,9,12.0,1,1,30.13,0,2025-08-09 08:00:00,2025-08-09 12:00:00,E,Borden St,3,1,1,0
2025-08-09,16,10:00,151,9,12.0,1,1,30.13,0,2025-08-09 08:00:00,2025-08-09 12:00:00,E,Dundas St West at Sorauren Ave,1,1,1,0
2025-08-09,16,10:00,151,9,12.0,1,1,30.13,0,2025-08-09 08:00:00,2025-08-09 12:00:00,E,Crawford St,3,2,2,0
2025-08-09,16,10:00,151,9,12.0,1,1,30.13,0,2025-08-09 08:00:00,2025-08-09 12:00:00,E,Pape Ave,2,2,1,0
2025-08-09,16,10:00,151,9,12.0,1,1,30.13,0,2025-08-09 08:00:00,2025-08-09 12:00:00,E,Spadina Ave,3,1,1,0
2025-08-09,16,10:00,151,9,12.0,1,1,30.13,0,2025-08-09 08:00:00,2025-08-09 12:00:00,E,River St,2,1,1,0
2025-08-09,16,10:00,151,9,12.0,1,1,30.13,0,2025-08-09 08:00:00,2025-08-09 12:00:00,E,Marjory Ave,3,2,1,0
2025-08-09,16,10:00,151,9,12.0,1,1,30.13,0,2025-08-09 08:00:00,2025-08-09 12:00:00,E,Kingsmount Park Rd,5,1,0,0
2025-08-09,16,10:00,151,9,12.0,1,1,30.13,0,2025-08-09 08:00:00,2025-08-09 12:00:00,E,Church St,0,0,0,0
2025-08-09,16,10:00,151,9,12.0,1,1,30.13,0,2025-08-09 08:00:00,2025-08-09 12:00:00,E,Ossington Ave,4,2,1,0
2025-08-09,16,10:00,151,9,12.0,1,1,30.13,0,2025-08-09 08:00:00,2025-08-09 12:00:00,E,Woodbine Ave,4,1,0,0
2025-08-09,16,10:00,151,9,12.0,1,1,30.13,0,2025-08-09 08:00:00,2025-08-09 12:00:00,E,Jones Ave,2,1,1,0
2025-08-09,16,10:00,151,9,12.0,1,1,30.13,0,2025-08-09 08:00:00,2025-08-09 12:00:00,E,Golfview Ave,5,0,0,0
2025-08-09,16,10:00,151,9,12.0,1,1,30.13,0,2025-08-09 08:00:00,2025-08-09 12:00:00,E,Leslie St,1,1,1,0
2025-08-09,16,10:00,151,9,12.0,1,1,30.13,0,2025-08-09 08:00:00,2025-08-09 12:00:00,E,St Matthews Rd,3,1,1,0
2025-08-09,16,10:00,151,9,12.0,1,1,30.13,0,2025-08-09 08:00:00,2025-08-09 12:00:00,E,Jarvis St,1,1,1,0
2025-08-09,16,10:00,151,9,12.0,1,1,30.13,0,2025-08-09 08:00:00,2025-08-09 12:00:00,E,Sherbourne St,1,1,1,0
2025-08-09,16,10:00,151,9,12.0,1,1,30.13,0,2025-08-09 08:00:00,2025-08-09 12:00:00,E,St George St,3,1,1,0
2025-08-09,16,10:00,151,9,12.0,1,1,30.13,0,2025-08-09 08:00:00,2025-08-09 12:00:00,E,Dovercourt Rd,4,2,2,0
2025-08-09,16,10:00,151,9,12.0,1,1,30.13,0,2025-08-09 08:00:00,2025-08-09 12:00:00,E,Glenmount Park Rd,5,0,0,0
2025-08-09,16,10:00,151,9,12.0,1,1,30.13,0,2025-08-09 08:00:00,2025-08-09 12:00:00,E,Prust Ave,2,1,1,0
2025-08-09,16,10:00,151,9,12.0,1,1,30.13,0,2025-08-09 08:00:00,2025-08-09 12:00:00,E,Main Street Station at Bay 7,0,0,0,0
2025-08-09,16,10:00,151,9,12.0,1,1,30.13,0,2025-08-09 08:00:00,2025-08-09 12:00:00,E,Norwood Rd,4,1,0,0
2025-08-09,16,10:00,151,9,12.0,1,1,30.13,0,2025-08-09 08:00:00,2025-08-09 12:00:00,E,McCaul St,3,1,1,0
2025-08-09,16,10:00,151,9,12.0,1,1,30.13,0,2025-08-09 08:00:00,2025-08-09 12:00:00,E,Broadview Ave,2,1,1,0
2025-08-09,16,10:00,151,9,12.0,1,1,30.13,0,2025-08-09 08:00:00,2025-08-09 12:00:00,E,Ontario St,1,1,1,0
2025-08-09,16,10:00,151,9,12.0,1,1,30.13,0,2025-08-09 08:00:00,2025-08-09 12:00:00,E,Rusholme Park Cres,1,1,1,0
2025-08-09,16,10:00,151,9,12.0,1,1,30.13,0,2025-08-09 08:00:00,2025-08-09 12:00:00,E,Havelock St,2,1,1,0
2025-08-09,16,10:00,151,9,12.0,1,1,30.13,0,2025-08-09 08:00:00,2025-08-09 12:00:00,E,High Park Loop,0,2,4,0
2025-08-09,16,10:00,151,9,12.0,1,1,30.13,0,2025-08-09 08:00:00,2025-08-09 12:00:00,E,Queens Park (Queen's Park Station),3,2,1,0
2025-08-09,16,10:00,151,9,12.0,1,1,30.13,0,2025-08-09 08:00:00,2025-08-09 12:00:00,E,Roncesvalles Ave,1,1,1,0
2025-08-09,16,10:00,151,9,12.0,1,1,30.13,0,2025-08-09 08:00:00,2025-08-09 12:00:00,E,De Grassi St,3,1,1,0
2025-08-09,16,10:00,151,9,12.0,1,1,30.13,0,2025-08-09 08:00:00,2025-08-09 12:00:00,E,Parliament St at Carlton St,1,1,1,0
2025-08-09,16,10:00,151,9,12.0,1,1,30.13,0,2025-08-09 08:00:00,2025-08-09 12:00:00,E,Parkside Dr East Side,0,1,2,0
2025-08-09,16,10:00,151,9,12.0,1,1,30.13,0,2025-08-09 08:00:00,2025-08-09 12:00:00,E,Dundas St West,1,1,1,0
2025-08-09,16,10:00,151,9,12.0,1,1,30.13,0,2025-08-09 08:00:00,2025-08-09 12:00:00,E,Howard Park Ave at Roncesvalles Ave,0,0,0,0
2025-08-09,16,10:00,151,9,12.0,1,1,30.13,0,2025-08-09 08:00:00,2025-08-09 12:00:00,E,Parliament St,0,0,0,0
2025-08-09,16,10:00,151,9,12.0,1,1,30.13,0,2025-08-09 08:00:00,2025-08-09 12:00:00,E,Parliament St at Gerrard St East,0,0,0,0
2025-08-09,16,10:00,151,9,12.0,1,1,30.13,0,2025-08-09 08:00:00,2025-08-09 12:00:00,E,Sumach St,0,0,0,0
2025-08-09,16,10:00,151,9,12.0,1,1,30.13,0,2025-08-09 08:00:00,2025-08-09 12:00:00,E,Blackburn St,0,0,0,0
2025-08-09,16,10:00,151,9,12.0,1,1,30.13,0,2025-08-09 08:00:00,2025-08-09 12:00:00,E,Logan Ave,4,1,1,0
2025-08-09,16,10:00,151,9,12.0,1,1,30.13,0,2025-08-09 08:00:00,2025-08-09 12:00:00,E,Augusta Ave,0,0,0,0
2025-08-09,16,10:00,151,9,12.0,1,1,30.13,0,2025-08-09 08:00:00,2025-08-09 12:00:00,E,Beverley St,0,0,0,0
2025-08-09,16,10:00,151,9,12.0,1,1,30.13,0,2025-08-09 08:00:00,2025-08-09 12:00:00,E,University Ave (Queen's Park Station,0,0,0,0
2025-08-09,16,10:00,151,9,12.0,1,1,30.13,0,2025-08-09 08:00:00,2025-08-09 12:00:00,E,Elizabeth St,0,0,0,0
2025-08-09,16,10:00,151,9,12.0,1,1,30.13,0,2025-08-09 08:00:00,2025-08-09 12:00:00,E,Greenwood Ave,0,0,0,0
2025-08-09,16,10:00,151,9,12.0,1,1,30.13,0,2025-08-09 08:00:00,2025-08-09 12:00:00,E,Alton Ave,0,0,0,0
2025-08-09,16,10:00,151,9,12.0,1,1,30.13,0,2025-08-09 08:00:00,2025-08-09 12:00:00,E,Coxwell Ave,0,0,0,0
2025-08-09,16,10:00,151,9,12.0,1,1,30.13,0,2025-08-09 08:00:00,2025-08-09 12:00:00,E,Gerrard St East  at Coxwell Ave,0,0,0,0
2025-08-09,16,10:00,151,9,12.0,1,1,30.13,0,2025-08-09 08:00:00,2025-08-09 12:00:00,E,Coxwell Ave at Lower Gerrard St East,0,0,0,0
2025-08-09,16,10:00,151,9,12.0,1,1,30.13,0,2025-08-09 08:00:00,2025-08-09 12:00:00,E,Ashdale Ave,0,0,0,0
2025-08-09,16,10:00,151,9,12.0,1,1,30.13,0,2025-08-09 08:00:00,2025-08-09 12:00:00,E,Howard Park Ave at Indian Rd,0,0,0,0
2025-08-09,16,10:00,151,9,12.0,1,1,30.13,0,2025-08-09 08:00:00,2025-08-09 12:00:00,E,Dundas St West at Howard Park Ave,0,0,0,0
2025-08-09,16,10:00,151,9,12.0,1,1,30.13,0,2025-08-09 08:00:00,2025-08-09 12:00:00,E,Main St at Gerrard St East,0,0,0,0
2025-08-09,16,10:00,151,9,12.0,1,1,30.13,0,2025-08-09 08:00:00,2025-08-09 12:00:00,E,Main St,0,0,0,0
2025-08-09,16,10:00,151,9,12.0,1,1,30.13,0,2025-08-09 08:00:00,2025-08-09 12:00:00,E,Main St at Danforth Ave,0,0,0,0
2025-08-09,16,10:00,151,9,12.0,1,1,30.13,0,2025-08-09 08:00:00,2025-08-09 12:00:00,E,Howard Park Ave at Parkside Dr,0,0,0,0
2025-08-09,16,10:00,151,9,12.0,1,1,30.13,0,2025-08-09 08:00:00,2025-08-09 12:00:00,W,Woodfield Rd,2,0,0,0
2025-08-09,16,10:00,151,9,12.0,1,1,30.13,0,2025-08-09 08:00:00,2025-08-09 12:00:00,W,Coxwell Ave at Gerrard St East,2,0,0,0
2025-08-09,16,10:00,151,9,12.0,1,1,30.13,0,2025-08-09 08:00:00,2025-08-09 12:00:00,W,Euclid Ave,0,0,0,0
2025-08-09,16,10:00,151,9,12.0,1,1,30.13,0,2025-08-09 08:00:00,2025-08-09 12:00:00,W,Bowmore Rd,0,0,0,0
2025-08-09,16,10:00,151,9,12.0,1,1,30.13,0,2025-08-09 08:00:00,2025-08-09 12:00:00,W,Bay St,2,1,2,0
2025-08-09,16,10:00,151,9,12.0,1,1,30.13,0,2025-08-09 08:00:00,2025-08-09 12:00:00,W,Lansdowne Ave,0,0,0,0
2025-08-09,16,10:00,151,9,12.0,1,1,30.13,0,2025-08-09 08:00:00,2025-08-09 12:00:00,W,Indian Rd,3,2,1,0
2025-08-09,16,10:00,151,9,12.0,1,1,30.13,0,2025-08-09 08:00:00,2025-08-09 12:00:00,W,Grace St,0,0,0,0
2025-08-09,16,10:00,151,9,12.0,1,1,30.13,0,2025-08-09 08:00:00,2025-08-09 12:00:00,W,Dufferin St,4,2,2,0
2025-08-09,16,10:00,151,9,12.0,1,1,30.13,0,2025-08-09 08:00:00,2025-08-09 12:00:00,W,Gerrard St East at Beaton Ave,0,0,0,0
2025-08-09,16,10:00,151,9,12.0,1,1,30.13,0,2025-08-09 08:00:00,2025-08-09 12:00:00,W,Bathurst St,0,0,0,0
2025-08-09,16,10:00,151,9,12.0,1,1,30.13,0,2025-08-09 08:00:00,2025-08-09 12:00:00,W,Yonge St - College Station,0,0,0,0
2025-08-09,16,10:00,151,9,12.0,1,1,30.13,0,2025-08-09 08:00:00,2025-08-09 12:00:00,W,Dundas St West at Sterling Rd,0,0,0,0
2025-08-09,16,10:00,151,9,12.0,1,1,30.13,0,2025-08-09 08:00:00,2025-08-09 12:00:00,W,Brock Ave,0,0,0,0
2025-08-09,16,10:00,151,9,12.0,1,1,30.13,0,2025-08-09 08:00:00,2025-08-09 12:00:00,W,Sackville St,2,2,4,0
2025-08-09,16,10:00,151,9,12.0,1,1,30.13,0,2025-08-09 08:00:00,2025-08-09 12:00:00,W,Carlaw Ave,0,0,0,0
2025-08-09,16,10:00,151,9,12.0,1,1,30.13,0,2025-08-09 08:00:00,2025-08-09 12:00:00,W,Borden St,0,0,0,0
2025-08-09,16,10:00,151,9,12.0,1,1,30.13,0,2025-08-09 08:00:00,2025-08-09 12:00:00,W,Dundas St West at Sorauren Ave,5,2,0,0
2025-08-09,16,10:00,151,9,12.0,1,1,30.13,0,2025-08-09 08:00:00,2025-08-09 12:00:00,W,Crawford St,0,0,0,0
2025-08-09,16,10:00,151,9,12.0,1,1,30.13,0,2025-08-09 08:00:00,2025-08-09 12:00:00,W,Pape Ave,0,0,0,0
2025-08-09,16,10:00,151,9,12.0,1,1,30.13,0,2025-08-09 08:00:00,2025-08-09 12:00:00,W,Spadina Ave,4,1,3,0
2025-08-09,16,10:00,151,9,12.0,1,1,30.13,0,2025-08-09 08:00:00,2025-08-09 12:00:00,W,River St,3,2,3,0
2025-08-09,16,10:00,151,9,12.0,1,1,30.13,0,2025-08-09 08:00:00,2025-08-09 12:00:00,W,Marjory Ave,0,0,0,0
2025-08-09,16,10:00,151,9,12.0,1,1,30.13,0,2025-08-09 08:00:00,2025-08-09 12:00:00,W,Kingsmount Park Rd,0,0,0,0
2025-08-09,16,10:00,151,9,12.0,1,1,30.13,0,2025-08-09 08:00:00,2025-08-09 12:00:00,W,Church St,0,0,0,0
2025-08-09,16,10:00,151,9,12.0,1,1,30.13,0,2025-08-09 08:00:00,2025-08-09 12:00:00,W,Ossington Ave,0,0,0,0
2025-08-09,16,10:00,151,9,12.0,1,1,30.13,0,2025-08-09 08:00:00,2025-08-09 12:00:00,W,Woodbine Ave,0,0,0,0
2025-08-09,16,10:00,151,9,12.0,1,1,30.13,0,2025-08-09 08:00:00,2025-08-09 12:00:00,W,Jones Ave,0,0,0,0
2025-08-09,16,10:00,151,9,12.0,1,1,30.13,0,2025-08-09 08:00:00,2025-08-09 12:00:00,W,Golfview Ave,0,0,0,0
2025-08-09,16,10:00,151,9,12.0,1,1,30.13,0,2025-08-09 08:00:00,2025-08-09 12:00:00,W,Leslie St,0,0,0,0
2025-08-09,16,10:00,151,9,12.0,1,1,30.13,0,2025-08-09 08:00:00,2025-08-09 12:00:00,W,St Matthews Rd,0,0,0,0
2025-08-09,16,10:00,151,9,12.0,1,1,30.13,0,2025-08-09 08:00:00,2025-08-09 12:00:00,W,Jarvis St,0,0,0,0
2025-08-09,16,10:00,151,9,12.0,1,1,30.13,0,2025-08-09 08:00:00,2025-08-09 12:00:00,W,Sherbourne St,0,0,0,0
2025-08-09,16,10:00,151,9,12.0,1,1,30.13,0,2025-08-09 08:00:00,2025-08-09 12:00:00,W,St George St,0,0,0,0
2025-08-09,16,10:00,151,9,12.0,1,1,30.13,0,2025-08-09 08:00:00,2025-08-09 12:00:00,W,Dovercourt Rd,0,0,0,0
2025-08-09,16,10:00,151,9,12.0,1,1,30.13,0,2025-08-09 08:00:00,2025-08-09 12:00:00,W,Glenmount Park Rd,0,0,0,0
2025-08-09,16,10:00,151,9,12.0,1,1,30.13,0,2025-08-09 08:00:00,2025-08-09 12:00:00,W,Prust Ave,0,0,0,0
2025-08-09,16,10:00,151,9,12.0,1,1,30.13,0,2025-08-09 08:00:00,2025-08-09 12:00:00,W,Main Street Station at Bay 7,0,0,1,0
2025-08-09,16,10:00,151,9,12.0,1,1,30.13,0,2025-08-09 08:00:00,2025-08-09 12:00:00,W,Norwood Rd,0,0,0,0
2025-08-09,16,10:00,151,9,12.0,1,1,30.13,0,2025-08-09 08:00:00,2025-08-09 12:00:00,W,McCaul St,0,0,0,0
2025-08-09,16,10:00,151,9,12.0,1,1,30.13,0,2025-08-09 08:00:00,2025-08-09 12:00:00,W,Broadview Ave,0,0,0,0
2025-08-09,16,10:00,151,9,12.0,1,1,30.13,0,2025-08-09 08:00:00,2025-08-09 12:00:00,W,Ontario St,0,0,0,0
2025-08-09,16,10:00,151,9,12.0,1,1,30.13,0,2025-08-09 08:00:00,2025-08-09 12:00:00,W,Rusholme Park Cres,0,0,0,0
2025-08-09,16,10:00,151,9,12.0,1,1,30.13,0,2025-08-09 08:00:00,2025-08-09 12:00:00,W,Havelock St,0,0,0,0
2025-08-09,16,10:00,151,9,12.0,1,1,30.13,0,2025-08-09 08:00:00,2025-08-09 12:00:00,W,High Park Loop,0,0,0,0
2025-08-09,16,10:00,151,9,12.0,1,1,30.13,0,2025-08-09 08:00:00,2025-08-09 12:00:00,W,Queens Park (Queen's Park Station),0,0,0,0
2025-08-09,16,10:00,151,9,12.0,1,1,30.13,0,2025-08-09 08:00:00,2025-08-09 12:00:00,W,Roncesvalles Ave,3,2,0,0
2025-08-09,16,10:00,151,9,12.0,1,1,30.13,0,2025-08-09 08:00:00,2025-08-09 12:00:00,W,De Grassi St,0,0,0,0
2025-08-09,16,10:00,151,9,12.0,1,1,30.13,0,2025-08-09 08:00:00,2025-08-09 12:00:00,W,Parliament St at Carlton St,0,0,0,0
2025-08-09,16,10:00,151,9,12.0,1,1,30.13,0,2025-08-09 08:00:00,2025-08-09 12:00:00,W,Parkside Dr East Side,0,0,0,0
2025-08-09,16,10:00,151,9,12.0,1,1,30.13,0,2025-08-09 08:00:00,2025-08-09 12:00:00,W,Dundas St West,4,2,0,0
2025-08-09,16,10:00,151,9,12.0,1,1,30.13,0,2025-08-09 08:00:00,2025-08-09 12:00:00,W,Howard Park Ave at Roncesvalles Ave,0,0,0,0
2025-08-09,16,10:00,151,9,12.0,1,1,30.13,0,2025-08-09 08:00:00,2025-08-09 12:00:00,W,Parliament St,0,0,0,0
2025-08-09,16,10:00,151,9,12.0,1,1,30.13,0,2025-08-09 08:00:00,2025-08-09 12:00:00,W,Parliament St at Gerrard St East,0,0,0,0
2025-08-09,16,10:00,151,9,12.0,1,1,30.13,0,2025-08-09 08:00:00,2025-08-09 12:00:00,W,Sumach St,0,0,0,0
2025-08-09,16,10:00,151,9,12.0,1,1,30.13,0,2025-08-09 08:00:00,2025-08-09 12:00:00,W,Blackburn St,0,0,0,0
2025-08-09,16,10:00,151,9,12.0,1,1,30.13,0,2025-08-09 08:00:00,2025-08-09 12:00:00,W,Logan Ave,0,0,0,0
2025-08-09,16,10:00,151,9,12.0,1,1,30.13,0,2025-08-09 08:00:00,2025-08-09 12:00:00,W,Augusta Ave,0,0,0,0
2025-08-09,16,10:00,151,9,12.0,1,1,30.13,0,2025-08-09 08:00:00,2025-08-09 12:00:00,W,Beverley St,0,0,0,0
2025-08-09,16,10:00,151,9,12.0,1,1,30.13,0,2025-08-09 08:00:00,2025-08-09 12:00:00,W,University Ave (Queen's Park Station,0,0,0,0
2025-08-09,16,10:00,151,9,12.0,1,1,30.13,0,2025-08-09 08:00:00,2025-08-09 12:00:00,W,Elizabeth St,0,0,0,0
2025-08-09,16,10:00,151,9,12.0,1,1,30.13,0,2025-08-09 08:00:00,2025-08-09 12:00:00,W,Greenwood Ave,0,0,0,0
2025-08-09,16,10:00,151,9,12.0,1,1,30.13,0,2025-08-09 08:00:00,2025-08-09 12:00:00,W,Alton Ave,0,0,0,0
2025-08-09,16,10:00,151,9,12.0,1,1,30.13,0,2025-08-09 08:00:00,2025-08-09 12:00:00,W,Coxwell Ave,0,0,0,0
2025-08-09,16,10:00,151,9,12.0,1,1,30.13,0,2025-08-09 08:00:00,2025-08-09 12:00:00,W,Gerrard St East  at Coxwell Ave,0,0,0,0
2025-08-09,16,10:00,151,9,12.0,1,1,30.13,0,2025-08-09 08:00:00,2025-08-09 12:00:00,W,Coxwell Ave at Lower Gerrard St East,0,0,0,0
2025-08-09,16,10:00,151,9,12.0,1,1,30.13,0,2025-08-09 08:00:00,2025-08-09 12:00:00,W,Ashdale Ave,0,0,0,0
2025-08-09,16,10:00,151,9,12.0,1,1,30.13,0,2025-08-09 08:00:00,2025-08-09 12:00:00,W,Howard Park Ave at Indian Rd,0,0,0,0
2025-08-09,16,10:00,151,9,12.0,1,1,30.13,0,2025-08-09 08:00:00,2025-08-09 12:00:00,W,Dundas St West at Howard Park Ave,0,0,0,0
2025-08-09,16,10:00,151,9,12.0,1,1,30.13,0,2025-08-09 08:00:00,2025-08-09 12:00:00,W,Main St at Gerrard St East,0,0,0,0
2025-08-09,16,10:00,151,9,12.0,1,1,30.13,0,2025-08-09 08:00:00,2025-08-09 12:00:00,W,Main St,0,0,0,0
2025-08-09,16,10:00,151,9,12.0,1,1,30.13,0,2025-08-09 08:00:00,2025-08-09 12:00:00,W,Main St at Danforth Ave,0,0,0,0
2025-08-09,16,10:00,151,9,12.0,1,1,30.13,0,2025-08-09 08:00:00,2025-08-09 12:00:00,W,Howard Park Ave at Parkside Dr,0,0,0,0
2025-08-16,16,10:00,151,9,12.0,1,1,30.13,0,2025-08-16 08:00:00,2025-08-16 12:00:00,E,Woodfield Rd,0,0,0,0
2025-08-16,16,10:00,151,9,12.0,1,1,30.13,0,2025-08-16 08:00:00,2025-08-16 12:00:00,E,Coxwell Ave at Gerrard St East,0,0,0,0
2025-08-16,16,10:00,151,9,12.0,1,1,30.13,0,2025-08-16 08:00:00,2025-08-16 12:00:00,E,Euclid Ave,0,0,0,0
2025-08-16,16,10:00,151,9,12.0,1,1,30.13,0,2025-08-16 08:00:00,2025-08-16 12:00:00,E,Bowmore Rd,2,5,12,0
2025-08-16,16,10:00,151,9,12.0,1,1,30.13,0,2025-08-16 08:00:00,2025-08-16 12:00:00,E,Bay St,5,4,5,1
2025-08-16,16,10:00,151,9,12.0,1,1,30.13,0,2025-08-16 08:00:00,2025-08-16 12:00:00,E,Lansdowne Ave,6,9,13,2
2025-08-16,16,10:00,151,9,12.0,1,1,30.13,0,2025-08-16 08:00:00,2025-08-16 12:00:00,E,Indian Rd,1,4,3,1
2025-08-16,16,10:00,151,9,12.0,1,1,30.13,0,2025-08-16 08:00:00,2025-08-16 12:00:00,E,Grace St,5,8,7,1
2025-08-16,16,10:00,151,9,12.0,1,1,30.13,0,2025-08-16 08:00:00,2025-08-16 12:00:00,E,Dufferin St,6,5,13,0
2025-08-16,16,10:00,151,9,12.0,1,1,30.13,0,2025-08-16 08:00:00,2025-08-16 12:00:00,E,Gerrard St East at Beaton Ave,2,5,12,0
2025-08-16,16,10:00,151,9,12.0,1,1,30.13,0,2025-08-16 08:00:00,2025-08-16 12:00:00,E,Bathurst St,5,3,6,0
2025-08-16,16,10:00,151,9,12.0,1,1,30.13,0,2025-08-16 08:00:00,2025-08-16 12:00:00,E,Yonge St - College Station,0,0,0,0
2025-08-16,16,10:00,151,9,12.0,1,1,30.13,0,2025-08-16 08:00:00,2025-08-16 12:00:00,E,Dundas St West at Sterling Rd,3,7,2,1
2025-08-16,16,10:00,151,9,12.0,1,1,30.13,0,2025-08-16 08:00:00,2025-08-16 12:00:00,E,Brock Ave,6,9,15,1
2025-08-16,16,10:00,151,9,12.0,1,1,30.13,0,2025-08-16 08:00:00,2025-08-16 12:00:00,E,Sackville St,4,3,5,0
2025-08-16,16,10:00,151,9,12.0,1,1,30.13,0,2025-08-16 08:00:00,2025-08-16 12:00:00,E,Carlaw Ave,0,0,0,0
2025-08-16,16,10:00,151,9,12.0,1,1,30.13,0,2025-08-16 08:00:00,2025-08-16 12:00:00,E,Borden St,6,4,6,0
2025-08-16,16,10:00,151,9,12.0,1,1,30.13,0,2025-08-16 08:00:00,2025-08-16 12:00:00,E,Dundas St West at Sorauren Ave,3,6,3,0
2025-08-16,16,10:00,151,9,12.0,1,1,30.13,0,2025-08-16 08:00:00,2025-08-16 12:00:00,E,Crawford St,6,9,7,1
2025-08-16,16,10:00,151,9,12.0,1,1,30.13,0,2025-08-16 08:00:00,2025-08-16 12:00:00,E,Pape Ave,0,0,0,0
2025-08-16,16,10:00,151,9,12.0,1,1,30.13,0,2025-08-16 08:00:00,2025-08-16 12:00:00,E,Spadina Ave,4,4,5,0
2025-08-16,16,10:00,151,9,12.0,1,1,30.13,0,2025-08-16 08:00:00,2025-08-16 12:00:00,E,River St,5,3,5,0
2025-08-16,16,10:00,151,9,12.0,1,1,30.13,0,2025-08-16 08:00:00,2025-08-16 12:00:00,E,Marjory Ave,0,0,0,0
2025-08-16,16,10:00,151,9,12.0,1,1,30.13,0,2025-08-16 08:00:00,2025-08-16 12:00:00,E,Kingsmount Park Rd,3,6,12,0
2025-08-16,16,10:00,151,9,12.0,1,1,30.13,0,2025-08-16 08:00:00,2025-08-16 12:00:00,E,Church St,0,0,0,0
2025-08-16,16,10:00,151,9,12.0,1,1,30.13,0,2025-08-16 08:00:00,2025-08-16 12:00:00,E,Ossington Ave,7,8,7,3
2025-08-16,16,10:00,151,9,12.0,1,1,30.13,0,2025-08-16 08:00:00,2025-08-16 12:00:00,E,Woodbine Ave,2,5,12,0
2025-08-16,16,10:00,151,9,12.0,1,1,30.13,0,2025-08-16 08:00:00,2025-08-16 12:00:00,E,Jones Ave,0,0,0,0
2025-08-16,16,10:00,151,9,12.0,1,1,30.13,0,2025-08-16 08:00:00,2025-08-16 12:00:00,E,Golfview Ave,2,6,12,0
2025-08-16,16,10:00,151,9,12.0,1,1,30.13,0,2025-08-16 08:00:00,2025-08-16 12:00:00,E,Leslie St,0,0,0,0
2025-08-16,16,10:00,151,9,12.0,1,1,30.13,0,2025-08-16 08:00:00,2025-08-16 12:00:00,E,St Matthews Rd,5,3,5,0
2025-08-16,16,10:00,151,9,12.0,1,1,30.13,0,2025-08-16 08:00:00,2025-08-16 12:00:00,E,Jarvis St,3,4,3,0
2025-08-16,16,10:00,151,9,12.0,1,1,30.13,0,2025-08-16 08:00:00,2025-08-16 12:00:00,E,Sherbourne St,3,4,3,0
2025-08-16,16,10:00,151,9,12.0,1,1,30.13,0,2025-08-16 08:00:00,2025-08-16 12:00:00,E,St George St,4,4,6,0
2025-08-16,16,10:00,151,9,12.0,1,1,30.13,0,2025-08-16 08:00:00,2025-08-16 12:00:00,E,Dovercourt Rd,7,9,9,1
2025-08-16,16,10:00,151,9,12.0,1,1,30.13,0,2025-08-16 08:00:00,2025-08-16 12:00:00,E,Glenmount Park Rd,2,6,12,0
2025-08-16,16,10:00,151,9,12.0,1,1,30.13,0,2025-08-16 08:00:00,2025-08-16 12:00:00,E,Prust Ave,0,0,0,0
2025-08-16,16,10:00,151,9,12.0,1,1,30.13,0,2025-08-16 08:00:00,2025-08-16 12:00:00,E,Main Street Station at Bay 7,0,0,0,0
2025-08-16,16,10:00,151,9,12.0,1,1,30.13,0,2025-08-16 08:00:00,2025-08-16 12:00:00,E,Norwood Rd,2,6,11,0
2025-08-16,16,10:00,151,9,12.0,1,1,30.13,0,2025-08-16 08:00:00,2025-08-16 12:00:00,E,McCaul St,4,4,6,0
2025-08-16,16,10:00,151,9,12.0,1,1,30.13,0,2025-08-16 08:00:00,2025-08-16 12:00:00,E,Broadview Ave,6,3,5,0
2025-08-16,16,10:00,151,9,12.0,1,1,30.13,0,2025-08-16 08:00:00,2025-08-16 12:00:00,E,Ontario St,6,4,4,0
2025-08-16,16,10:00,151,9,12.0,1,1,30.13,0,2025-08-16 08:00:00,2025-08-16 12:00:00,E,Rusholme Park Cres,3,4,3,1
2025-08-16,16,10:00,151,9,12.0,1,1,30.13,0,2025-08-16 08:00:00,2025-08-16 12:00:00,E,Havelock St,0,0,0,0
2025-08-16,16,10:00,151,9,12.0,1,1,30.13,0,2025-08-16 08:00:00,2025-08-16 12:00:00,E,High Park Loop,1,8,4,3
2025-08-16,16,10:00,151,9,12.0,1,1,30.13,0,2025-08-16 08:00:00,2025-08-16 12:00:00,E,Queens Park (Queen's Park Station),4,4,6,0
2025-08-16,16,10:00,151,9,12.0,1,1,30.13,0,2025-08-16 08:00:00,2025-08-16 12:00:00,E,Roncesvalles Ave,3,4,4,1
2025-08-16,16,10:00,151,9,12.0,1,1,30.13,0,2025-08-16 08:00:00,2025-08-16 12:00:00,E,De Grassi St,5,3,5,0
2025-08-16,16,10:00,151,9,12.0,1,1,30.13,0,2025-08-16 08:00:00,2025-08-16 12:00:00,E,Parliament St at Carlton St,7,2,4,0
2025-08-16,16,10:00,151,9,12.0,1,1,30.13,0,2025-08-16 08:00:00,2025-08-16 12:00:00,E,Parkside Dr East Side,2,4,2,1
2025-08-16,16,10:00,151,9,12.0,1,1,30.13,0,2025-08-16 08:00:00,2025-08-16 12:00:00,E,Dundas St West,3,5,3,0
2025-08-16,16,10:00,151,9,12.0,1,1,30.13,0,2025-08-16 08:00:00,2025-08-16 12:00:00,E,Howard Park Ave at Roncesvalles Ave,0,0,0,0
2025-08-16,16,10:00,151,9,12.0,1,1,30.13,0,2025-08-16 08:00:00,2025-08-16 12:00:00,E,Parliament St,0,0,0,0
2025-08-16,16,10:00,151,9,12.0,1,1,30.13,0,2025-08-16 08:00:00,2025-08-16 12:00:00,E,Parliament St at Gerrard St East,0,0,0,0
2025-08-16,16,10:00,151,9,12.0,1,1,30.13,0,2025-08-16 08:00:00,2025-08-16 12:00:00,E,Sumach St,0,0,0,0
2025-08-16,16,10:00,151,9,12.0,1,1,30.13,0,2025-08-16 08:00:00,2025-08-16 12:00:00,E,Blackburn St,0,0,0,0
2025-08-16,16,10:00,151,9,12.0,1,1,30.13,0,2025-08-16 08:00:00,2025-08-16 12:00:00,E,Logan Ave,5,3,5,0
2025-08-16,16,10:00,151,9,12.0,1,1,30.13,0,2025-08-16 08:00:00,2025-08-16 12:00:00,E,Augusta Ave,0,0,0,0
2025-08-16,16,10:00,151,9,12.0,1,1,30.13,0,2025-08-16 08:00:00,2025-08-16 12:00:00,E,Beverley St,0,0,0,0
2025-08-16,16,10:00,151,9,12.0,1,1,30.13,0,2025-08-16 08:00:00,2025-08-16 12:00:00,E,University Ave (Queen's Park Station,0,0,0,0
2025-08-16,16,10:00,151,9,12.0,1,1,30.13,0,2025-08-16 08:00:00,2025-08-16 12:00:00,E,Elizabeth St,0,0,0,0
2025-08-16,16,10:00,151,9,12.0,1,1,30.13,0,2025-08-16 08:00:00,2025-08-16 12:00:00,E,Greenwood Ave,0,0,0,0
2025-08-16,16,10:00,151,9,12.0,1,1,30.13,0,2025-08-16 08:00:00,2025-08-16 12:00:00,E,Alton Ave,0,0,0,0
2025-08-16,16,10:00,151,9,12.0,1,1,30.13,0,2025-08-16 08:00:00,2025-08-16 12:00:00,E,Coxwell Ave,0,0,0,0
2025-08-16,16,10:00,151,9,12.0,1,1,30.13,0,2025-08-16 08:00:00,2025-08-16 12:00:00,E,Gerrard St East  at Coxwell Ave,0,0,0,0
2025-08-16,16,10:00,151,9,12.0,1,1,30.13,0,2025-08-16 08:00:00,2025-08-16 12:00:00,E,Coxwell Ave at Lower Gerrard St East,0,0,0,0
2025-08-16,16,10:00,151,9,12.0,1,1,30.13,0,2025-08-16 08:00:00,2025-08-16 12:00:00,E,Ashdale Ave,0,0,0,0
2025-08-16,16,10:00,151,9,12.0,1,1,30.13,0,2025-08-16 08:00:00,2025-08-16 12:00:00,E,Howard Park Ave at Indian Rd,0,0,0,0
2025-08-16,16,10:00,151,9,12.0,1,1,30.13,0,2025-08-16 08:00:00,2025-08-16 12:00:00,E,Dundas St West at Howard Park Ave,0,0,0,0
2025-08-16,16,10:00,151,9,12.0,1,1,30.13,0,2025-08-16 08:00:00,2025-08-16 12:00:00,E,Main St at Gerrard St East,0,0,0,0
2025-08-16,16,10:00,151,9,12.0,1,1,30.13,0,2025-08-16 08:00:00,2025-08-16 12:00:00,E,Main St,0,0,0,0
2025-08-16,16,10:00,151,9,12.0,1,1,30.13,0,2025-08-16 08:00:00,2025-08-16 12:00:00,E,Main St at Danforth Ave,0,0,0,0
2025-08-16,16,10:00,151,9,12.0,1,1,30.13,0,2025-08-16 08:00:00,2025-08-16 12:00:00,E,Howard Park Ave at Parkside Dr,0,0,0,0
2025-08-16,16,10:00,151,9,12.0,1,1,30.13,0,2025-08-16 08:00:00,2025-08-16 12:00:00,W,Woodfield Rd,0,0,0,0
2025-08-16,16,10:00,151,9,12.0,1,1,30.13,0,2025-08-16 08:00:00,2025-08-16 12:00:00,W,Coxwell Ave at Gerrard St East,0,0,0,0
2025-08-16,16,10:00,151,9,12.0,1,1,30.13,0,2025-08-16 08:00:00,2025-08-16 12:00:00,W,Euclid Ave,0,0,0,0
2025-08-16,16,10:00,151,9,12.0,1,1,30.13,0,2025-08-16 08:00:00,2025-08-16 12:00:00,W,Bowmore Rd,6,3,13,5
2025-08-16,16,10:00,151,9,12.0,1,1,30.13,0,2025-08-16 08:00:00,2025-08-16 12:00:00,W,Bay St,0,0,0,0
2025-08-16,16,10:00,151,9,12.0,1,1,30.13,0,2025-08-16 08:00:00,2025-08-16 12:00:00,W,Lansdowne Ave,0,0,0,0
2025-08-16,16,10:00,151,9,12.0,1,1,30.13,0,2025-08-16 08:00:00,2025-08-16 12:00:00,W,Indian Rd,2,6,2,0
2025-08-16,16,10:00,151,9,12.0,1,1,30.13,0,2025-08-16 08:00:00,2025-08-16 12:00:00,W,Grace St,0,0,0,0
2025-08-16,16,10:00,151,9,12.0,1,1,30.13,0,2025-08-16 08:00:00,2025-08-16 12:00:00,W,Dufferin St,2,6,7,4
2025-08-16,16,10:00,151,9,12.0,1,1,30.13,0,2025-08-16 08:00:00,2025-08-16 12:00:00,W,Gerrard St East at Beaton Ave,11,2,11,7
2025-08-16,16,10:00,151,9,12.0,1,1,30.13,0,2025-08-16 08:00:00,2025-08-16 12:00:00,W,Bathurst St,0,0,0,0
2025-08-16,16,10:00,151,9,12.0,1,1,30.13,0,2025-08-16 08:00:00,2025-08-16 12:00:00,W,Yonge St - College Station,0,0,0,0
2025-08-16,16,10:00,151,9,12.0,1,1,30.13,0,2025-08-16 08:00:00,2025-08-16 12:00:00,W,Dundas St West at Sterling Rd,0,0,0,0
2025-08-16,16,10:00,151,9,12.0,1,1,30.13,0,2025-08-16 08:00:00,2025-08-16 12:00:00,W,Brock Ave,0,0,0,0
2025-08-16,16,10:00,151,9,12.0,1,1,30.13,0,2025-08-16 08:00:00,2025-08-16 12:00:00,W,Sackville St,8,4,8,12
2025-08-16,16,10:00,151,9,12.0,1,1,30.13,0,2025-08-16 08:00:00,2025-08-16 12:00:00,W,Carlaw Ave,0,0,0,0
2025-08-16,16,10:00,151,9,12.0,1,1,30.13,0,2025-08-16 08:00:00,2025-08-16 12:00:00,W,Borden St,0,0,0,0
2025-08-16,16,10:00,151,9,12.0,1,1,30.13,0,2025-08-16 08:00:00,2025-08-16 12:00:00,W,Dundas St West at Sorauren Ave,0,6,2,0
2025-08-16,16,10:00,151,9,12.0,1,1,30.13,0,2025-08-16 08:00:00,2025-08-16 12:00:00,W,Crawford St,0,0,0,0
2025-08-16,16,10:00,151,9,12.0,1,1,30.13,0,2025-08-16 08:00:00,2025-08-16 12:00:00,W,Pape Ave,0,0,0,0
2025-08-16,16,10:00,151,9,12.0,1,1,30.13,0,2025-08-16 08:00:00,2025-08-16 12:00:00,W,Spadina Ave,9,1,7,14
2025-08-16,16,10:00,151,9,12.0,1,1,30.13,0,2025-08-16 08:00:00,2025-08-16 12:00:00,W,River St,8,5,8,12
2025-08-16,16,10:00,151,9,12.0,1,1,30.13,0,2025-08-16 08:00:00,2025-08-16 12:00:00,W,Marjory Ave,0,0,0,0
2025-08-16,16,10:00,151,9,12.0,1,1,30.13,0,2025-08-16 08:00:00,2025-08-16 12:00:00,W,Kingsmount Park Rd,0,0,0,0
2025-08-16,16,10:00,151,9,12.0,1,1,30.13,0,2025-08-16 08:00:00,2025-08-16 12:00:00,W,Church St,0,0,0,0
2025-08-16,16,10:00,151,9,12.0,1,1,30.13,0,2025-08-16 08:00:00,2025-08-16 12:00:00,W,Ossington Ave,0,0,0,0
2025-08-16,16,10:00,151,9,12.0,1,1,30.13,0,2025-08-16 08:00:00,2025-08-16 12:00:00,W,Woodbine Ave,0,0,0,0
2025-08-16,16,10:00,151,9,12.0,1,1,30.13,0,2025-08-16 08:00:00,2025-08-16 12:00:00,W,Jones Ave,0,0,0,0
2025-08-16,16,10:00,151,9,12.0,1,1,30.13,0,2025-08-16 08:00:00,2025-08-16 12:00:00,W,Golfview Ave,0,0,0,0
2025-08-16,16,10:00,151,9,12.0,1,1,30.13,0,2025-08-16 08:00:00,2025-08-16 12:00:00,W,Leslie St,0,0,0,0
2025-08-16,16,10:00,151,9,12.0,1,1,30.13,0,2025-08-16 08:00:00,2025-08-16 12:00:00,W,St Matthews Rd,0,0,0,0
2025-08-16,16,10:00,151,9,12.0,1,1,30.13,0,2025-08-16 08:00:00,2025-08-16 12:00:00,W,Jarvis St,0,0,0,0
2025-08-16,16,10:00,151,9,12.0,1,1,30.13,0,2025-08-16 08:00:00,2025-08-16 12:00:00,W,Sherbourne St,0,0,0,0
2025-08-16,16,10:00,151,9,12.0,1,1,30.13,0,2025-08-16 08:00:00,2025-08-16 12:00:00,W,St George St,0,0,0,0
2025-08-16,16,10:00,151,9,12.0,1,1,30.13,0,2025-08-16 08:00:00,2025-08-16 12:00:00,W,Dovercourt Rd,0,0,0,0
2025-08-16,16,10:00,151,9,12.0,1,1,30.13,0,2025-08-16 08:00:00,2025-08-16 12:00:00,W,Glenmount Park Rd,0,0,0,0
2025-08-16,16,10:00,151,9,12.0,1,1,30.13,0,2025-08-16 08:00:00,2025-08-16 12:00:00,W,Prust Ave,0,0,0,0
2025-08-16,16,10:00,151,9,12.0,1,1,30.13,0,2025-08-16 08:00:00,2025-08-16 12:00:00,W,Main Street Station at Bay 7,4,3,14,6
2025-08-16,16,10:00,151,9,12.0,1,1,30.13,0,2025-08-16 08:00:00,2025-08-16 12:00:00,W,Norwood Rd,0,0,0,0
2025-08-16,16,10:00,151,9,12.0,1,1,30.13,0,2025-08-16 08:00:00,2025-08-16 12:00:00,W,McCaul St,0,0,0,0
2025-08-16,16,10:00,151,9,12.0,1,1,30.13,0,2025-08-16 08:00:00,2025-08-16 12:00:00,W,Broadview Ave,0,0,0,0
2025-08-16,16,10:00,151,9,12.0,1,1,30.13,0,2025-08-16 08:00:00,2025-08-16 12:00:00,W,Ontario St,0,0,0,0
2025-08-16,16,10:00,151,9,12.0,1,1,30.13,0,2025-08-16 08:00:00,2025-08-16 12:00:00,W,Rusholme Park Cres,0,0,0,0
2025-08-16,16,10:00,151,9,12.0,1,1,30.13,0,2025-08-16 08:00:00,2025-08-16 12:00:00,W,Havelock St,0,0,0,0
2025-08-16,16,10:00,151,9,12.0,1,1,30.13,0,2025-08-16 08:00:00,2025-08-16 12:00:00,W,High Park Loop,0,0,0,0
2025-08-16,16,10:00,151,9,12.0,1,1,30.13,0,2025-08-16 08:00:00,2025-08-16 12:00:00,W,Queens Park (Queen's Park Station),0,0,0,0
2025-08-16,16,10:00,151,9,12.0,1,1,30.13,0,2025-08-16 08:00:00,2025-08-16 12:00:00,W,Roncesvalles Ave,0,6,2,0
2025-08-16,16,10:00,151,9,12.0,1,1,30.13,0,2025-08-16 08:00:00,2025-08-16 12:00:00,W,De Grassi St,0,0,0,0
2025-08-16,16,10:00,151,9,12.0,1,1,30.13,0,2025-08-16 08:00:00,2025-08-16 12:00:00,W,Parliament St at Carlton St,0,0,0,0
2025-08-16,16,10:00,151,9,12.0,1,1,30.13,0,2025-08-16 08:00:00,2025-08-16 12:00:00,W,Parkside Dr East Side,0,0,0,0
2025-08-16,16,10:00,151,9,12.0,1,1,30.13,0,2025-08-16 08:00:00,2025-08-16 12:00:00,W,Dundas St West,0,6,2,0
2025-08-16,16,10:00,151,9,12.0,1,1,30.13,0,2025-08-16 08:00:00,2025-08-16 12:00:00,W,Howard Park Ave at Roncesvalles Ave,0,0,0,0
2025-08-16,16,10:00,151,9,12.0,1,1,30.13,0,2025-08-16 08:00:00,2025-08-16 12:00:00,W,Parliament St,0,0,0,0
2025-08-16,16,10:00,151,9,12.0,1,1,30.13,0,2025-08-16 08:00:00,2025-08-16 12:00:00,W,Parliament St at Gerrard St East,0,0,0,0
2025-08-16,16,10:00,151,9,12.0,1,1,30.13,0,2025-08-16 08:00:00,2025-08-16 12:00:00,W,Sumach St,0,0,0,0
2025-08-16,16,10:00,151,9,12.0,1,1,30.13,0,2025-08-16 08:00:00,2025-08-16 12:00:00,W,Blackburn St,0,0,0,0
2025-08-16,16,10:00,151,9,12.0,1,1,30.13,0,2025-08-16 08:00:00,2025-08-16 12:00:00,W,Logan Ave,0,0,0,0
2025-08-16,16,10:00,151,9,12.0,1,1,30.13,0,2025-08-16 08:00:00,2025-08-16 12:00:00,W,Augusta Ave,0,0,0,0
2025-08-16,16,10:00,151,9,12.0,1,1,30.13,0,2025-08-16 08:00:00,2025-08-16 12:00:00,W,Beverley St,0,0,0,0
2025-08-16,16,10:00,151,9,12.0,1,1,30.13,0,2025-08-16 08:00:00,2025-08-16 12:00:00,W,University Ave (Queen's Park Station,0,0,0,0
2025-08-16,16,10:00,151,9,12.0,1,1,30.13,0,2025-08-16 08:00:00,2025-08-16 12:00:00,W,Elizabeth St,0,0,0,0
2025-08-16,16,10:00,151,9,12.0,1,1,30.13,0,2025-08-16 08:00:00,2025-08-16 12:00:00,W,Greenwood Ave,0,0,0,0
2025-08-16,16,10:00,151,9,12.0,1,1,30.13,0,2025-08-16 08:00:00,2025-08-16 12:00:00,W,Alton Ave,0,0,0,0
2025-08-16,16,10:00,151,9,12.0,1,1,30.13,0,2025-08-16 08:00:00,2025-08-16 12:00:00,W,Coxwell Ave,0,0,0,0
2025-08-16,16,10:00,151,9,12.0,1,1,30.13,0,2025-08-16 08:00:00,2025-08-16 12:00:00,W,Gerrard St East  at Coxwell Ave,0,0,0,0
2025-08-16,16,10:00,151,9,12.0,1,1,30.13,0,2025-08-16 08:00:00,2025-08-16 12:00:00,W,Coxwell Ave at Lower Gerrard St East,0,0,0,0
2025-08-16,16,10:00,151,9,12.0,1,1,30.13,0,2025-08-16 08:00:00,2025-08-16 12:00:00,W,Ashdale Ave,0,0,0,0
2025-08-16,16,10:00,151,9,12.0,1,1,30.13,0,2025-08-16 08:00:00,2025-08-16 12:00:00,W,Howard Park Ave at Indian Rd,0,0,0,0
2025-08-16,16,10:00,151,9,12.0,1,1,30.13,0,2025-08-16 08:00:00,2025-08-16 12:00:00,W,Dundas St West at Howard Park Ave,0,0,0,0
2025-08-16,16,10:00,151,9,12.0,1,1,30.13,0,2025-08-16 08:00:00,2025-08-16 12:00:00,W,Main St at Gerrard St East,0,0,0,0
2025-08-16,16,10:00,151,9,12.0,1,1,30.13,0,2025-08-16 08:00:00,2025-08-16 12:00:00,W,Main St,0,0,0,0
2025-08-16,16,10:00,151,9,12.0,1,1,30.13,0,2025-08-16 08:00:00,2025-08-16 12:00:00,W,Main St at Danforth Ave,0,0,0,0
2025-08-16,16,10:00,151,9,12.0,1,1,30.13,0,2025-08-16 08:00:00,2025-08-16 12:00:00,W,Howard Park Ave at Parkside Dr,0,0,0,0
2025-08-23,16,10:00,151,9,12.0,1,1,30.13,0,2025-08-23 08:00:00,2025-08-23 12:00:00,E,Woodfield Rd,5,2,5,0
2025-08-23,16,10:00,151,9,12.0,1,1,30.13,0,2025-08-23 08:00:00,2025-08-23 12:00:00,E,Coxwell Ave at Gerrard St East,0,0,0,0
2025-08-23,16,10:00,151,9,12.0,1,1,30.13,0,2025-08-23 08:00:00,2025-08-23 12:00:00,E,Euclid Ave,0,0,0,0
2025-08-23,16,10:00,151,9,12.0,1,1,30.13,0,2025-08-23 08:00:00,2025-08-23 12:00:00,E,Bowmore Rd,5,2,5,0
2025-08-23,16,10:00,151,9,12.0,1,1,30.13,0,2025-08-23 08:00:00,2025-08-23 12:00:00,E,Bay St,3,5,9,0
2025-08-23,16,10:00,151,9,12.0,1,1,30.13,0,2025-08-23 08:00:00,2025-08-23 12:00:00,E,Lansdowne Ave,10,5,7,1
2025-08-23,16,10:00,151,9,12.0,1,1,30.13,0,2025-08-23 08:00:00,2025-08-23 12:00:00,E,Indian Rd,4,3,4,1
2025-08-23,16,10:00,151,9,12.0,1,1,30.13,0,2025-08-23 08:00:00,2025-08-23 12:00:00,E,Grace St,8,6,5,2
2025-08-23,16,10:00,151,9,12.0,1,1,30.13,0,2025-08-23 08:00:00,2025-08-23 12:00:00,E,Dufferin St,7,2,5,0
2025-08-23,16,10:00,151,9,12.0,1,1,30.13,0,2025-08-23 08:00:00,2025-08-23 12:00:00,E,Gerrard St East at Beaton Ave,5,2,6,0
2025-08-23,16,10:00,151,9,12.0,1,1,30.13,0,2025-08-23 08:00:00,2025-08-23 12:00:00,E,Bathurst St,0,0,0,0
2025-08-23,16,10:00,151,9,12.0,1,1,30.13,0,2025-08-23 08:00:00,2025-08-23 12:00:00,E,Yonge St - College Station,6,2,5,0
2025-08-23,16,10:00,151,9,12.0,1,1,30.13,0,2025-08-23 08:00:00,2025-08-23 12:00:00,E,Dundas St West at Sterling Rd,4,3,2,1
2025-08-23,16,10:00,151,9,12.0,1,1,30.13,0,2025-08-23 08:00:00,2025-08-23 12:00:00,E,Brock Ave,8,5,8,1
2025-08-23,16,10:00,151,9,12.0,1,1,30.13,0,2025-08-23 08:00:00,2025-08-23 12:00:00,E,Sackville St,4,3,1,1
2025-08-23,16,10:00,151,9,12.0,1,1,30.13,0,2025-08-23 08:00:00,2025-08-23 12:00:00,E,Carlaw Ave,4,3,5,0
2025-08-23,16,10:00,151,9,12.0,1,1,30.13,0,2025-08-23 08:00:00,2025-08-23 12:00:00,E,Borden St,0,0,0,0
2025-08-23,16,10:00,151,9,12.0,1,1,30.13,0,2025-08-23 08:00:00,2025-08-23 12:00:00,E,Dundas St West at Sorauren Ave,3,3,2,0
2025-08-23,16,10:00,151,9,12.0,1,1,30.13,0,2025-08-23 08:00:00,2025-08-23 12:00:00,E,Crawford St,8,5,3,2
2025-08-23,16,10:00,151,9,12.0,1,1,30.13,0,2025-08-23 08:00:00,2025-08-23 12:00:00,E,Pape Ave,4,4,5,0
2025-08-23,16,10:00,151,9,12.0,1,1,30.13,0,2025-08-23 08:00:00,2025-08-23 12:00:00,E,Spadina Ave,0,0,0,0
2025-08-23,16,10:00,151,9,12.0,1,1,30.13,0,2025-08-23 08:00:00,2025-08-23 12:00:00,E,River St,3,3,0,1
2025-08-23,16,10:00,151,9,12.0,1,1,30.13,0,2025-08-23 08:00:00,2025-08-23 12:00:00,E,Marjory Ave,4,2,5,0
2025-08-23,16,10:00,151,9,12.0,1,1,30.13,0,2025-08-23 08:00:00,2025-08-23 12:00:00,E,Kingsmount Park Rd,4,2,5,0
2025-08-23,16,10:00,151,9,12.0,1,1,30.13,0,2025-08-23 08:00:00,2025-08-23 12:00:00,E,Church St,0,0,0,0
2025-08-23,16,10:00,151,9,12.0,1,1,30.13,0,2025-08-23 08:00:00,2025-08-23 12:00:00,E,Ossington Ave,5,1,2,1
2025-08-23,16,10:00,151,9,12.0,1,1,30.13,0,2025-08-23 08:00:00,2025-08-23 12:00:00,E,Woodbine Ave,3,2,6,0
2025-08-23,16,10:00,151,9,12.0,1,1,30.13,0,2025-08-23 08:00:00,2025-08-23 12:00:00,E,Jones Ave,4,3,5,0
2025-08-23,16,10:00,151,9,12.0,1,1,30.13,0,2025-08-23 08:00:00,2025-08-23 12:00:00,E,Golfview Ave,4,2,6,0
2025-08-23,16,10:00,151,9,12.0,1,1,30.13,0,2025-08-23 08:00:00,2025-08-23 12:00:00,E,Leslie St,4,2,5,0
2025-08-23,16,10:00,151,9,12.0,1,1,30.13,0,2025-08-23 08:00:00,2025-08-23 12:00:00,E,St Matthews Rd,3,3,0,1
2025-08-23,16,10:00,151,9,12.0,1,1,30.13,0,2025-08-23 08:00:00,2025-08-23 12:00:00,E,Jarvis St,5,2,2,0
2025-08-23,16,10:00,151,9,12.0,1,1,30.13,0,2025-08-23 08:00:00,2025-08-23 12:00:00,E,Sherbourne St,5,2,2,0
2025-08-23,16,10:00,151,9,12.0,1,1,30.13,0,2025-08-23 08:00:00,2025-08-23 12:00:00,E,St George St,4,3,3,1
2025-08-23,16,10:00,151,9,12.0,1,1,30.13,0,2025-08-23 08:00:00,2025-08-23 12:00:00,E,Dovercourt Rd,6,6,6,1
2025-08-23,16,10:00,151,9,12.0,1,1,30.13,0,2025-08-23 08:00:00,2025-08-23 12:00:00,E,Glenmount Park Rd,5,2,5,0
2025-08-23,16,10:00,151,9,12.0,1,1,30.13,0,2025-08-23 08:00:00,2025-08-23 12:00:00,E,Prust Ave,4,2,6,0
2025-08-23,16,10:00,151,9,12.0,1,1,30.13,0,2025-08-23 08:00:00,2025-08-23 12:00:00,E,Main Street Station at Bay 7,0,0,0,0
2025-08-23,16,10:00,151,9,12.0,1,1,30.13,0,2025-08-23 08:00:00,2025-08-23 12:00:00,E,Norwood Rd,6,2,5,0
2025-08-23,16,10:00,151,9,12.0,1,1,30.13,0,2025-08-23 08:00:00,2025-08-23 12:00:00,E,McCaul St,5,4,4,0
2025-08-23,16,10:00,151,9,12.0,1,1,30.13,0,2025-08-23 08:00:00,2025-08-23 12:00:00,E,Broadview Ave,5,3,0,1
2025-08-23,16,10:00,151,9,12.0,1,1,30.13,0,2025-08-23 08:00:00,2025-08-23 12:00:00,E,Ontario St,4,3,1,1
2025-08-23,16,10:00,151,9,12.0,1,1,30.13,0,2025-08-23 08:00:00,2025-08-23 12:00:00,E,Rusholme Park Cres,3,2,2,1
2025-08-23,16,10:00,151,9,12.0,1,1,30.13,0,2025-08-23 08:00:00,2025-08-23 12:00:00,E,Havelock St,4,2,5,0
2025-08-23,16,10:00,151,9,12.0,1,1,30.13,0,2025-08-23 08:00:00,2025-08-23 12:00:00,E,High Park Loop,6,6,12,2
2025-08-23,16,10:00,151,9,12.0,1,1,30.13,0,2025-08-23 08:00:00,2025-08-23 12:00:00,E,Queens Park (Queen's Park Station),6,3,7,0
2025-08-23,16,10:00,151,9,12.0,1,1,30.13,0,2025-08-23 08:00:00,2025-08-23 12:00:00,E,Roncesvalles Ave,3,2,2,1
2025-08-23,16,10:00,151,9,12.0,1,1,30.13,0,2025-08-23 08:00:00,2025-08-23 12:00:00,E,De Grassi St,5,3,0,1
2025-08-23,16,10:00,151,9,12.0,1,1,30.13,0,2025-08-23 08:00:00,2025-08-23 12:00:00,E,Parliament St at Carlton St,5,3,1,1
2025-08-23,16,10:00,151,9,12.0,1,1,30.13,0,2025-08-23 08:00:00,2025-08-23 12:00:00,E,Parkside Dr East Side,4,3,6,1
2025-08-23,16,10:00,151,9,12.0,1,1,30.13,0,2025-08-23 08:00:00,2025-08-23 12:00:00,E,Dundas St West,4,2,2,0
2025-08-23,16,10:00,151,9,12.0,1,1,30.13,0,2025-08-23 08:00:00,2025-08-23 12:00:00,E,Howard Park Ave at Roncesvalles Ave,0,0,0,0
2025-08-23,16,10:00,151,9,12.0,1,1,30.13,0,2025-08-23 08:00:00,2025-08-23 12:00:00,E,Parliament St,0,0,0,0
2025-08-23,16,10:00,151,9,12.0,1,1,30.13,0,2025-08-23 08:00:00,2025-08-23 12:00:00,E,Parliament St at Gerrard St East,0,0,0,0
2025-08-23,16,10:00,151,9,12.0,1,1,30.13,0,2025-08-23 08:00:00,2025-08-23 12:00:00,E,Sumach St,0,0,0,0
2025-08-23,16,10:00,151,9,12.0,1,1,30.13,0,2025-08-23 08:00:00,2025-08-23 12:00:00,E,Blackburn St,0,0,0,0
2025-08-23,16,10:00,151,9,12.0,1,1,30.13,0,2025-08-23 08:00:00,2025-08-23 12:00:00,E,Logan Ave,0,0,0,0
2025-08-23,16,10:00,151,9,12.0,1,1,30.13,0,2025-08-23 08:00:00,2025-08-23 12:00:00,E,Augusta Ave,0,0,0,0
2025-08-23,16,10:00,151,9,12.0,1,1,30.13,0,2025-08-23 08:00:00,2025-08-23 12:00:00,E,Beverley St,0,0,0,0
2025-08-23,16,10:00,151,9,12.0,1,1,30.13,0,2025-08-23 08:00:00,2025-08-23 12:00:00,E,University Ave (Queen's Park Station,0,0,0,0
2025-08-23,16,10:00,151,9,12.0,1,1,30.13,0,2025-08-23 08:00:00,2025-08-23 12:00:00,E,Elizabeth St,0,0,0,0
2025-08-23,16,10:00,151,9,12.0,1,1,30.13,0,2025-08-23 08:00:00,2025-08-23 12:00:00,E,Greenwood Ave,0,0,0,0
2025-08-23,16,10:00,151,9,12.0,1,1,30.13,0,2025-08-23 08:00:00,2025-08-23 12:00:00,E,Alton Ave,0,0,0,0
2025-08-23,16,10:00,151,9,12.0,1,1,30.13,0,2025-08-23 08:00:00,2025-08-23 12:00:00,E,Coxwell Ave,0,0,0,0
2025-08-23,16,10:00,151,9,12.0,1,1,30.13,0,2025-08-23 08:00:00,2025-08-23 12:00:00,E,Gerrard St East  at Coxwell Ave,0,0,0,0
2025-08-23,16,10:00,151,9,12.0,1,1,30.13,0,2025-08-23 08:00:00,2025-08-23 12:00:00,E,Coxwell Ave at Lower Gerrard St East,0,0,0,0
2025-08-23,16,10:00,151,9,12.0,1,1,30.13,0,2025-08-23 08:00:00,2025-08-23 12:00:00,E,Ashdale Ave,0,0,0,0
2025-08-23,16,10:00,151,9,12.0,1,1,30.13,0,2025-08-23 08:00:00,2025-08-23 12:00:00,E,Howard Park Ave at Indian Rd,0,0,0,0
2025-08-23,16,10:00,151,9,12.0,1,1,30.13,0,2025-08-23 08:00:00,2025-08-23 12:00:00,E,Dundas St West at Howard Park Ave,0,0,0,0
2025-08-23,16,10:00,151,9,12.0,1,1,30.13,0,2025-08-23 08:00:00,2025-08-23 12:00:00,E,Main St at Gerrard St East,0,0,0,0
2025-08-23,16,10:00,151,9,12.0,1,1,30.13,0,2025-08-23 08:00:00,2025-08-23 12:00:00,E,Main St,0,0,0,0
2025-08-23,16,10:00,151,9,12.0,1,1,30.13,0,2025-08-23 08:00:00,2025-08-23 12:00:00,E,Main St at Danforth Ave,0,0,0,0
2025-08-23,16,10:00,151,9,12.0,1,1,30.13,0,2025-08-23 08:00:00,2025-08-23 12:00:00,E,Howard Park Ave at Parkside Dr,0,0,0,0
2025-08-23,16,10:00,151,9,12.0,1,1,30.13,0,2025-08-23 08:00:00,2025-08-23 12:00:00,W,Woodfield Rd,1,0,4,1
2025-08-23,16,10:00,151,9,12.0,1,1,30.13,0,2025-08-23 08:00:00,2025-08-23 12:00:00,W,Coxwell Ave at Gerrard St East,3,0,5,1
2025-08-23,16,10:00,151,9,12.0,1,1,30.13,0,2025-08-23 08:00:00,2025-08-23 12:00:00,W,Euclid Ave,0,0,0,0
2025-08-23,16,10:00,151,9,12.0,1,1,30.13,0,2025-08-23 08:00:00,2025-08-23 12:00:00,W,Bowmore Rd,3,0,4,0
2025-08-23,16,10:00,151,9,12.0,1,1,30.13,0,2025-08-23 08:00:00,2025-08-23 12:00:00,W,Bay St,0,0,0,0
2025-08-23,16,10:00,151,9,12.0,1,1,30.13,0,2025-08-23 08:00:00,2025-08-23 12:00:00,W,Lansdowne Ave,0,0,0,0
2025-08-23,16,10:00,151,9,12.0,1,1,30.13,0,2025-08-23 08:00:00,2025-08-23 12:00:00,W,Indian Rd,4,6,7,1
2025-08-23,16,10:00,151,9,12.0,1,1,30.13,0,2025-08-23 08:00:00,2025-08-23 12:00:00,W,Grace St,0,0,0,0
2025-08-23,16,10:00,151,9,12.0,1,1,30.13,0,2025-08-23 08:00:00,2025-08-23 12:00:00,W,Dufferin St,7,6,9,2
2025-08-23,16,10:00,151,9,12.0,1,1,30.13,0,2025-08-23 08:00:00,2025-08-23 12:00:00,W,Gerrard St East at Beaton Ave,1,0,5,1
2025-08-23,16,10:00,151,9,12.0,1,1,30.13,0,2025-08-23 08:00:00,2025-08-23 12:00:00,W,Bathurst St,0,0,0,0
2025-08-23,16,10:00,151,9,12.0,1,1,30.13,0,2025-08-23 08:00:00,2025-08-23 12:00:00,W,Yonge St - College Station,0,0,0,0
2025-08-23,16,10:00,151,9,12.0,1,1,30.13,0,2025-08-23 08:00:00,2025-08-23 12:00:00,W,Dundas St West at Sterling Rd,0,0,0,0
2025-08-23,16,10:00,151,9,12.0,1,1,30.13,0,2025-08-23 08:00:00,2025-08-23 12:00:00,W,Brock Ave,0,0,0,0
2025-08-23,16,10:00,151,9,12.0,1,1,30.13,0,2025-08-23 08:00:00,2025-08-23 12:00:00,W,Sackville St,3,5,6,2
2025-08-23,16,10:00,151,9,12.0,1,1,30.13,0,2025-08-23 08:00:00,2025-08-23 12:00:00,W,Carlaw Ave,0,0,0,0
2025-08-23,16,10:00,151,9,12.0,1,1,30.13,0,2025-08-23 08:00:00,2025-08-23 12:00:00,W,Borden St,0,0,0,0
2025-08-23,16,10:00,151,9,12.0,1,1,30.13,0,2025-08-23 08:00:00,2025-08-23 12:00:00,W,Dundas St West at Sorauren Ave,3,6,7,1
2025-08-23,16,10:00,151,9,12.0,1,1,30.13,0,2025-08-23 08:00:00,2025-08-23 12:00:00,W,Crawford St,0,0,0,0
2025-08-23,16,10:00,151,9,12.0,1,1,30.13,0,2025-08-23 08:00:00,2025-08-23 12:00:00,W,Pape Ave,0,0,0,0
2025-08-23,16,10:00,151,9,12.0,1,1,30.13,0,2025-08-23 08:00:00,2025-08-23 12:00:00,W,Spadina Ave,11,2,5,1
2025-08-23,16,10:00,151,9,12.0,1,1,30.13,0,2025-08-23 08:00:00,2025-08-23 12:00:00,W,River St,7,5,7,2
2025-08-23,16,10:00,151,9,12.0,1,1,30.13,0,2025-08-23 08:00:00,2025-08-23 12:00:00,W,Marjory Ave,0,0,0,0
2025-08-23,16,10:00,151,9,12.0,1,1,30.13,0,2025-08-23 08:00:00,2025-08-23 12:00:00,W,Kingsmount Park Rd,0,0,0,0
2025-08-23,16,10:00,151,9,12.0,1,1,30.13,0,2025-08-23 08:00:00,2025-08-23 12:00:00,W,Church St,0,0,0,0
2025-08-23,16,10:00,151,9,12.0,1,1,30.13,0,2025-08-23 08:00:00,2025-08-23 12:00:00,W,Ossington Ave,0,0,0,0
2025-08-23,16,10:00,151,9,12.0,1,1,30.13,0,2025-08-23 08:00:00,2025-08-23 12:00:00,W,Woodbine Ave,0,0,0,0
2025-08-23,16,10:00,151,9,12.0,1,1,30.13,0,2025-08-23 08:00:00,2025-08-23 12:00:00,W,Jones Ave,0,0,0,0
2025-08-23,16,10:00,151,9,12.0,1,1,30.13,0,2025-08-23 08:00:00,2025-08-23 12:00:00,W,Golfview Ave,0,0,0,0
2025-08-23,16,10:00,151,9,12.0,1,1,30.13,0,2025-08-23 08:00:00,2025-08-23 12:00:00,W,Leslie St,0,0,0,0
2025-08-23,16,10:00,151,9,12.0,1,1,30.13,0,2025-08-23 08:00:00,2025-08-23 12:00:00,W,St Matthews Rd,0,0,0,0
2025-08-23,16,10:00,151,9,12.0,1,1,30.13,0,2025-08-23 08:00:00,2025-08-23 12:00:00,W,Jarvis St,0,0,0,0
2025-08-23,16,10:00,151,9,12.0,1,1,30.13,0,2025-08-23 08:00:00,2025-08-23 12:00:00,W,Sherbourne St,0,0,0,0
2025-08-23,16,10:00,151,9,12.0,1,1,30.13,0,2025-08-23 08:00:00,2025-08-23 12:00:00,W,St George St,0,0,0,0
2025-08-23,16,10:00,151,9,12.0,1,1,30.13,0,2025-08-23 08:00:00,2025-08-23 12:00:00,W,Dovercourt Rd,0,0,0,0
2025-08-23,16,10:00,151,9,12.0,1,1,30.13,0,2025-08-23 08:00:00,2025-08-23 12:00:00,W,Glenmount Park Rd,0,0,0,0
2025-08-23,16,10:00,151,9,12.0,1,1,30.13,0,2025-08-23 08:00:00,2025-08-23 12:00:00,W,Prust Ave,0,0,0,0
2025-08-23,16,10:00,151,9,12.0,1,1,30.13,0,2025-08-23 08:00:00,2025-08-23 12:00:00,W,Main Street Station at Bay 7,2,0,6,0
2025-08-23,16,10:00,151,9,12.0,1,1,30.13,0,2025-08-23 08:00:00,2025-08-23 12:00:00,W,Norwood Rd,0,0,0,0
2025-08-23,16,10:00,151,9,12.0,1,1,30.13,0,2025-08-23 08:00:00,2025-08-23 12:00:00,W,McCaul St,0,0,0,0
2025-08-23,16,10:00,151,9,12.0,1,1,30.13,0,2025-08-23 08:00:00,2025-08-23 12:00:00,W,Broadview Ave,0,0,0,0
2025-08-23,16,10:00,151,9,12.0,1,1,30.13,0,2025-08-23 08:00:00,2025-08-23 12:00:00,W,Ontario St,0,0,0,0
2025-08-23,16,10:00,151,9,12.0,1,1,30.13,0,2025-08-23 08:00:00,2025-08-23 12:00:00,W,Rusholme Park Cres,0,0,0,0
2025-08-23,16,10:00,151,9,12.0,1,1,30.13,0,2025-08-23 08:00:00,2025-08-23 12:00:00,W,Havelock St,0,0,0,0
2025-08-23,16,10:00,151,9,12.0,1,1,30.13,0,2025-08-23 08:00:00,2025-08-23 12:00:00,W,High Park Loop,0,0,0,0
2025-08-23,16,10:00,151,9,12.0,1,1,30.13,0,2025-08-23 08:00:00,2025-08-23 12:00:00,W,Queens Park (Queen's Park Station),0,0,0,0
2025-08-23,16,10:00,151,9,12.0,1,1,30.13,0,2025-08-23 08:00:00,2025-08-23 12:00:00,W,Roncesvalles Ave,4,6,7,1
2025-08-23,16,10:00,151,9,12.0,1,1,30.13,0,2025-08-23 08:00:00,2025-08-23 12:00:00,W,De Grassi St,0,0,0,0
2025-08-23,16,10:00,151,9,12.0,1,1,30.13,0,2025-08-23 08:00:00,2025-08-23 12:00:00,W,Parliament St at Carlton St,0,0,0,0
2025-08-23,16,10:00,151,9,12.0,1,1,30.13,0,2025-08-23 08:00:00,2025-08-23 12:00:00,W,Parkside Dr East Side,0,0,0,0
2025-08-23,16,10:00,151,9,12.0,1,1,30.13,0,2025-08-23 08:00:00,2025-08-23 12:00:00,W,Dundas St West,4,6,7,1
2025-08-23,16,10:00,151,9,12.0,1,1,30.13,0,2025-08-23 08:00:00,2025-08-23 12:00:00,W,Howard Park Ave at Roncesvalles Ave,0,0,0,0
2025-08-23,16,10:00,151,9,12.0,1,1,30.13,0,2025-08-23 08:00:00,2025-08-23 12:00:00,W,Parliament St,0,0,0,0
2025-08-23,16,10:00,151,9,12.0,1,1,30.13,0,2025-08-23 08:00:00,2025-08-23 12:00:00,W,Parliament St at Gerrard St East,0,0,0,0
2025-08-23,16,10:00,151,9,12.0,1,1,30.13,0,2025-08-23 08:00:00,2025-08-23 12:00:00,W,Sumach St,0,0,0,0
2025-08-23,16,10:00,151,9,12.0,1,1,30.13,0,2025-08-23 08:00:00,2025-08-23 12:00:00,W,Blackburn St,0,0,0,0
2025-08-23,16,10:00,151,9,12.0,1,1,30.13,0,2025-08-23 08:00:00,2025-08-23 12:00:00,W,Logan Ave,0,0,0,0
2025-08-23,16,10:00,151,9,12.0,1,1,30.13,0,2025-08-23 08:00:00,2025-08-23 12:00:00,W,Augusta Ave,0,0,0,0
2025-08-23,16,10:00,151,9,12.0,1,1,30.13,0,2025-08-23 08:00:00,2025-08-23 12:00:00,W,Beverley St,0,0,0,0
2025-08-23,16,10:00,151,9,12.0,1,1,30.13,0,2025-08-23 08:00:00,2025-08-23 12:00:00,W,University Ave (Queen's Park Station,0,0,0,0
2025-08-23,16,10:00,151,9,12.0,1,1,30.13,0,2025-08-23 08:00:00,2025-08-23 12:00:00,W,Elizabeth St,0,0,0,0
2025-08-23,16,10:00,151,9,12.0,1,1,30.13,0,2025-08-23 08:00:00,2025-08-23 12:00:00,W,Greenwood Ave,0,0,0,0
2025-08-23,16,10:00,151,9,12.0,1,1,30.13,0,2025-08-23 08:00:00,2025-08-23 12:00:00,W,Alton Ave,0,0,0,0
2025-08-23,16,10:00,151,9,12.0,1,1,30.13,0,2025-08-23 08:00:00,2025-08-23 12:00:00,W,Coxwell Ave,0,0,0,0
2025-08-23,16,10:00,151,9,12.0,1,1,30.13,0,2025-08-23 08:00:00,2025-08-23 12:00:00,W,Gerrard St East  at Coxwell Ave,0,0,0,0
2025-08-23,16,10:00,151,9,12.0,1,1,30.13,0,2025-08-23 08:00:00,2025-08-23 12:00:00,W,Coxwell Ave at Lower Gerrard St East,0,0,0,0
2025-08-23,16,10:00,151,9,12.0,1,1,30.13,0,2025-08-23 08:00:00,2025-08-23 12:00:00,W,Ashdale Ave,0,0,0,0
2025-08-23,16,10:00,151,9,12.0,1,1,30.13,0,2025-08-23 08:00:00,2025-08-23 12:00:00,W,Howard Park Ave at Indian Rd,0,0,0,0
2025-08-23,16,10:00,151,9,12.0,1,1,30.13,0,2025-08-23 08:00:00,2025-08-23 12:00:00,W,Dundas St West at Howard Park Ave,0,0,0,0
2025-08-23,16,10:00,151,9,12.0,1,1,30.13,0,2025-08-23 08:00:00,2025-08-23 12:00:00,W,Main St at Gerrard St East,0,0,0,0
2025-08-23,16,10:00,151,9,12.0,1,1,30.13,0,2025-08-23 08:00:00,2025-08-23 12:00:00,W,Main St,0,0,0,0
2025-08-23,16,10:00,151,9,12.0,1,1,30.13,0,2025-08-23 08:00:00,2025-08-23 12:00:00,W,Main St at Danforth Ave,0,0,0,0
2025-08-23,16,10:00,151,9,12.0,1,1,30.13,0,2025-08-23 08:00:00,2025-08-23 12:00:00,W,Howard Park Ave at Parkside Dr,0,0,0,0
2025-08-30,16,10:00,151,9,12.0,1,1,30.13,0,2025-08-30 08:00:00,2025-08-30 12:00:00,E,Woodfield Rd,2,1,1,0
2025-08-30,16,10:00,151,9,12.0,1,1,30.13,0,2025-08-30 08:00:00,2025-08-30 12:00:00,E,Coxwell Ave at Gerrard St East,0,0,0,0
2025-08-30,16,10:00,151,9,12.0,1,1,30.13,0,2025-08-30 08:00:00,2025-08-30 12:00:00,E,Euclid Ave,0,0,0,0
2025-08-30,16,10:00,151,9,12.0,1,1,30.13,0,2025-08-30 08:00:00,2025-08-30 12:00:00,E,Bowmore Rd,3,1,1,0
2025-08-30,16,10:00,151,9,12.0,1,1,30.13,0,2025-08-30 08:00:00,2025-08-30 12:00:00,E,Bay St,0,0,0,0
2025-08-30,16,10:00,151,9,12.0,1,1,30.13,0,2025-08-30 08:00:00,2025-08-30 12:00:00,E,Lansdowne Ave,2,1,3,0
2025-08-30,16,10:00,151,9,12.0,1,1,30.13,0,2025-08-30 08:00:00,2025-08-30 12:00:00,E,Indian Rd,0,1,1,0
2025-08-30,16,10:00,151,9,12.0,1,1,30.13,0,2025-08-30 08:00:00,2025-08-30 12:00:00,E,Grace St,0,1,2,0
2025-08-30,16,10:00,151,9,12.0,1,1,30.13,0,2025-08-30 08:00:00,2025-08-30 12:00:00,E,Dufferin St,2,1,0,0
2025-08-30,16,10:00,151,9,12.0,1,1,30.13,0,2025-08-30 08:00:00,2025-08-30 12:00:00,E,Gerrard St East at Beaton Ave,3,1,1,0
2025-08-30,16,10:00,151,9,12.0,1,1,30.13,0,2025-08-30 08:00:00,2025-08-30 12:00:00,E,Bathurst St,1,0,1,0
2025-08-30,16,10:00,151,9,12.0,1,1,30.13,0,2025-08-30 08:00:00,2025-08-30 12:00:00,E,Yonge St - College Station,0,0,0,0
2025-08-30,16,10:00,151,9,12.0,1,1,30.13,0,2025-08-30 08:00:00,2025-08-30 12:00:00,E,Dundas St West at Sterling Rd,0,0,1,0
2025-08-30,16,10:00,151,9,12.0,1,1,30.13,0,2025-08-30 08:00:00,2025-08-30 12:00:00,E,Brock Ave,4,1,2,0
2025-08-30,16,10:00,151,9,12.0,1,1,30.13,0,2025-08-30 08:00:00,2025-08-30 12:00:00,E,Sackville St,0,0,1,0
2025-08-30,16,10:00,151,9,12.0,1,1,30.13,0,2025-08-30 08:00:00,2025-08-30 12:00:00,E,Carlaw Ave,1,0,0,0
2025-08-30,16,10:00,151,9,12.0,1,1,30.13,0,2025-08-30 08:00:00,2025-08-30 12:00:00,E,Borden St,0,0,1,0
2025-08-30,16,10:00,151,9,12.0,1,1,30.13,0,2025-08-30 08:00:00,2025-08-30 12:00:00,E,Dundas St West at Sorauren Ave,0,0,1,0
2025-08-30,16,10:00,151,9,12.0,1,1,30.13,0,2025-08-30 08:00:00,2025-08-30 12:00:00,E,Crawford St,2,2,2,0
2025-08-30,16,10:00,151,9,12.0,1,1,30.13,0,2025-08-30 08:00:00,2025-08-30 12:00:00,E,Pape Ave,0,1,0,0
2025-08-30,16,10:00,151,9,12.0,1,1,30.13,0,2025-08-30 08:00:00,2025-08-30 12:00:00,E,Spadina Ave,1,0,0,0
2025-08-30,16,10:00,151,9,12.0,1,1,30.13,0,2025-08-30 08:00:00,2025-08-30 12:00:00,E,River St,1,0,1,0
2025-08-30,16,10:00,151,9,12.0,1,1,30.13,0,2025-08-30 08:00:00,2025-08-30 12:00:00,E,Marjory Ave,1,1,0,0
2025-08-30,16,10:00,151,9,12.0,1,1,30.13,0,2025-08-30 08:00:00,2025-08-30 12:00:00,E,Kingsmount Park Rd,3,1,1,0
2025-08-30,16,10:00,151,9,12.0,1,1,30.13,0,2025-08-30 08:00:00,2025-08-30 12:00:00,E,Church St,0,0,0,0
2025-08-30,16,10:00,151,9,12.0,1,1,30.13,0,2025-08-30 08:00:00,2025-08-30 12:00:00,E,Ossington Ave,3,0,1,0
2025-08-30,16,10:00,151,9,12.0,1,1,30.13,0,2025-08-30 08:00:00,2025-08-30 12:00:00,E,Woodbine Ave,3,1,1,0
2025-08-30,16,10:00,151,9,12.0,1,1,30.13,0,2025-08-30 08:00:00,2025-08-30 12:00:00,E,Jones Ave,0,1,1,0
2025-08-30,16,10:00,151,9,12.0,1,1,30.13,0,2025-08-30 08:00:00,2025-08-30 12:00:00,E,Golfview Ave,2,1,2,0
2025-08-30,16,10:00,151,9,12.0,1,1,30.13,0,2025-08-30 08:00:00,2025-08-30 12:00:00,E,Leslie St,0,1,1,0
2025-08-30,16,10:00,151,9,12.0,1,1,30.13,0,2025-08-30 08:00:00,2025-08-30 12:00:00,E,St Matthews Rd,1,0,1,0
2025-08-30,16,10:00,151,9,12.0,1,1,30.13,0,2025-08-30 08:00:00,2025-08-30 12:00:00,E,Jarvis St,1,0,1,0
2025-08-30,16,10:00,151,9,12.0,1,1,30.13,0,2025-08-30 08:00:00,2025-08-30 12:00:00,E,Sherbourne St,1,0,1,0
2025-08-30,16,10:00,151,9,12.0,1,1,30.13,0,2025-08-30 08:00:00,2025-08-30 12:00:00,E,St George St,1,0,0,0
2025-08-30,16,10:00,151,9,12.0,1,1,30.13,0,2025-08-30 08:00:00,2025-08-30 12:00:00,E,Dovercourt Rd,1,0,1,0
2025-08-30,16,10:00,151,9,12.0,1,1,30.13,0,2025-08-30 08:00:00,2025-08-30 12:00:00,E,Glenmount Park Rd,2,1,2,0
2025-08-30,16,10:00,151,9,12.0,1,1,30.13,0,2025-08-30 08:00:00,2025-08-30 12:00:00,E,Prust Ave,0,1,1,0
2025-08-30,16,10:00,151,9,12.0,1,1,30.13,0,2025-08-30 08:00:00,2025-08-30 12:00:00,E,Main Street Station at Bay 7,0,0,0,0
2025-08-30,16,10:00,151,9,12.0,1,1,30.13,0,2025-08-30 08:00:00,2025-08-30 12:00:00,E,Norwood Rd,2,1,2,0
2025-08-30,16,10:00,151,9,12.0,1,1,30.13,0,2025-08-30 08:00:00,2025-08-30 12:00:00,E,McCaul St,0,0,0,0
2025-08-30,16,10:00,151,9,12.0,1,1,30.13,0,2025-08-30 08:00:00,2025-08-30 12:00:00,E,Broadview Ave,1,0,1,0
2025-08-30,16,10:00,151,9,12.0,1,1,30.13,0,2025-08-30 08:00:00,2025-08-30 12:00:00,E,Ontario St,0,0,1,0
2025-08-30,16,10:00,151,9,12.0,1,1,30.13,0,2025-08-30 08:00:00,2025-08-30 12:00:00,E,Rusholme Park Cres,2,0,1,0
2025-08-30,16,10:00,151,9,12.0,1,1,30.13,0,2025-08-30 08:00:00,2025-08-30 12:00:00,E,Havelock St,0,1,1,0
2025-08-30,16,10:00,151,9,12.0,1,1,30.13,0,2025-08-30 08:00:00,2025-08-30 12:00:00,E,High Park Loop,0,1,2,0
2025-08-30,16,10:00,151,9,12.0,1,1,30.13,0,2025-08-30 08:00:00,2025-08-30 12:00:00,E,Queens Park (Queen's Park Station),0,0,0,0
2025-08-30,16,10:00,151,9,12.0,1,1,30.13,0,2025-08-30 08:00:00,2025-08-30 12:00:00,E,Roncesvalles Ave,1,0,1,0
2025-08-30,16,10:00,151,9,12.0,1,1,30.13,0,2025-08-30 08:00:00,2025-08-30 12:00:00,E,De Grassi St,1,0,1,0
2025-08-30,16,10:00,151,9,12.0,1,1,30.13,0,2025-08-30 08:00:00,2025-08-30 12:00:00,E,Parliament St at Carlton St,0,0,1,0
2025-08-30,16,10:00,151,9,12.0,1,1,30.13,0,2025-08-30 08:00:00,2025-08-30 12:00:00,E,Parkside Dr East Side,1,1,1,0
2025-08-30,16,10:00,151,9,12.0,1,1,30.13,0,2025-08-30 08:00:00,2025-08-30 12:00:00,E,Dundas St West,0,0,1,0
2025-08-30,16,10:00,151,9,12.0,1,1,30.13,0,2025-08-30 08:00:00,2025-08-30 12:00:00,E,Howard Park Ave at Roncesvalles Ave,0,0,0,0
2025-08-30,16,10:00,151,9,12.0,1,1,30.13,0,2025-08-30 08:00:00,2025-08-30 12:00:00,E,Parliament St,0,0,0,0
2025-08-30,16,10:00,151,9,12.0,1,1,30.13,0,2025-08-30 08:00:00,2025-08-30 12:00:00,E,Parliament St at Gerrard St East,0,0,0,0
2025-08-30,16,10:00,151,9,12.0,1,1,30.13,0,2025-08-30 08:00:00,2025-08-30 12:00:00,E,Sumach St,0,0,0,0
2025-08-30,16,10:00,151,9,12.0,1,1,30.13,0,2025-08-30 08:00:00,2025-08-30 12:00:00,E,Blackburn St,0,0,0,0
2025-08-30,16,10:00,151,9,12.0,1,1,30.13,0,2025-08-30 08:00:00,2025-08-30 12:00:00,E,Logan Ave,2,0,1,0
2025-08-30,16,10:00,151,9,12.0,1,1,30.13,0,2025-08-30 08:00:00,2025-08-30 12:00:00,E,Augusta Ave,0,0,0,0
2025-08-30,16,10:00,151,9,12.0,1,1,30.13,0,2025-08-30 08:00:00,2025-08-30 12:00:00,E,Beverley St,0,0,0,0
2025-08-30,16,10:00,151,9,12.0,1,1,30.13,0,2025-08-30 08:00:00,2025-08-30 12:00:00,E,University Ave (Queen's Park Station,0,0,0,0
2025-08-30,16,10:00,151,9,12.0,1,1,30.13,0,2025-08-30 08:00:00,2025-08-30 12:00:00,E,Elizabeth St,0,0,0,0
2025-08-30,16,10:00,151,9,12.0,1,1,30.13,0,2025-08-30 08:00:00,2025-08-30 12:00:00,E,Greenwood Ave,0,0,0,0
2025-08-30,16,10:00,151,9,12.0,1,1,30.13,0,2025-08-30 08:00:00,2025-08-30 12:00:00,E,Alton Ave,0,0,0,0
2025-08-30,16,10:00,151,9,12.0,1,1,30.13,0,2025-08-30 08:00:00,2025-08-30 12:00:00,E,Coxwell Ave,0,0,0,0
2025-08-30,16,10:00,151,9,12.0,1,1,30.13,0,2025-08-30 08:00:00,2025-08-30 12:00:00,E,Gerrard St East  at Coxwell Ave,0,0,0,0
2025-08-30,16,10:00,151,9,12.0,1,1,30.13,0,2025-08-30 08:00:00,2025-08-30 12:00:00,E,Coxwell Ave at Lower Gerrard St East,0,0,0,0
2025-08-30,16,10:00,151,9,12.0,1,1,30.13,0,2025-08-30 08:00:00,2025-08-30 12:00:00,E,Ashdale Ave,0,0,0,0
2025-08-30,16,10:00,151,9,12.0,1,1,30.13,0,2025-08-30 08:00:00,2025-08-30 12:00:00,E,Howard Park Ave at Indian Rd,0,0,0,0
2025-08-30,16,10:00,151,9,12.0,1,1,30.13,0,2025-08-30 08:00:00,2025-08-30 12:00:00,E,Dundas St West at Howard Park Ave,0,0,0,0
2025-08-30,16,10:00,151,9,12.0,1,1,30.13,0,2025-08-30 08:00:00,2025-08-30 12:00:00,E,Main St at Gerrard St East,0,0,0,0
2025-08-30,16,10:00,151,9,12.0,1,1,30.13,0,2025-08-30 08:00:00,2025-08-30 12:00:00,E,Main St,0,0,0,0
2025-08-30,16,10:00,151,9,12.0,1,1,30.13,0,2025-08-30 08:00:00,2025-08-30 12:00:00,E,Main St at Danforth Ave,0,0,0,0
2025-08-30,16,10:00,151,9,12.0,1,1,30.13,0,2025-08-30 08:00:00,2025-08-30 12:00:00,E,Howard Park Ave at Parkside Dr,0,0,0,0
2025-08-30,16,10:00,151,9,12.0,1,1,30.13,0,2025-08-30 08:00:00,2025-08-30 12:00:00,W,Woodfield Rd,1,0,1,0
2025-08-30,16,10:00,151,9,12.0,1,1,30.13,0,2025-08-30 08:00:00,2025-08-30 12:00:00,W,Coxwell Ave at Gerrard St East,1,0,1,0
2025-08-30,16,10:00,151,9,12.0,1,1,30.13,0,2025-08-30 08:00:00,2025-08-30 12:00:00,W,Euclid Ave,0,0,0,0
2025-08-30,16,10:00,151,9,12.0,1,1,30.13,0,2025-08-30 08:00:00,2025-08-30 12:00:00,W,Bowmore Rd,0,0,1,0
2025-08-30,16,10:00,151,9,12.0,1,1,30.13,0,2025-08-30 08:00:00,2025-08-30 12:00:00,W,Bay St,3,0,2,0
2025-08-30,16,10:00,151,9,12.0,1,1,30.13,0,2025-08-30 08:00:00,2025-08-30 12:00:00,W,Lansdowne Ave,0,0,0,0
2025-08-30,16,10:00,151,9,12.0,1,1,30.13,0,2025-08-30 08:00:00,2025-08-30 12:00:00,W,Indian Rd,3,1,2,0
2025-08-30,16,10:00,151,9,12.0,1,1,30.13,0,2025-08-30 08:00:00,2025-08-30 12:00:00,W,Grace St,0,0,0,0
2025-08-30,16,10:00,151,9,12.0,1,1,30.13,0,2025-08-30 08:00:00,2025-08-30 12:00:00,W,Dufferin St,4,1,4,0
2025-08-30,16,10:00,151,9,12.0,1,1,30.13,0,2025-08-30 08:00:00,2025-08-30 12:00:00,W,Gerrard St East at Beaton Ave,0,0,1,0
2025-08-30,16,10:00,151,9,12.0,1,1,30.13,0,2025-08-30 08:00:00,2025-08-30 12:00:00,W,Bathurst St,0,0,0,0
2025-08-30,16,10:00,151,9,12.0,1,1,30.13,0,2025-08-30 08:00:00,2025-08-30 12:00:00,W,Yonge St - College Station,0,0,0,0
2025-08-30,16,10:00,151,9,12.0,1,1,30.13,0,2025-08-30 08:00:00,2025-08-30 12:00:00,W,Dundas St West at Sterling Rd,0,0,0,0
2025-08-30,16,10:00,151,9,12.0,1,1,30.13,0,2025-08-30 08:00:00,2025-08-30 12:00:00,W,Brock Ave,0,0,0,0
2025-08-30,16,10:00,151,9,12.0,1,1,30.13,0,2025-08-30 08:00:00,2025-08-30 12:00:00,W,Sackville St,4,2,3,0
2025-08-30,16,10:00,151,9,12.0,1,1,30.13,0,2025-08-30 08:00:00,2025-08-30 12:00:00,W,Carlaw Ave,0,0,0,0
2025-08-30,16,10:00,151,9,12.0,1,1,30.13,0,2025-08-30 08:00:00,2025-08-30 12:00:00,W,Borden St,0,0,0,0
2025-08-30,16,10:00,151,9,12.0,1,1,30.13,0,2025-08-30 08:00:00,2025-08-30 12:00:00,W,Dundas St West at Sorauren Ave,2,2,2,0
2025-08-30,16,10:00,151,9,12.0,1,1,30.13,0,2025-08-30 08:00:00,2025-08-30 12:00:00,W,Crawford St,0,0,0,0
2025-08-30,16,10:00,151,9,12.0,1,1,30.13,0,2025-08-30 08:00:00,2025-08-30 12:00:00,W,Pape Ave,0,0,0,0
2025-08-30,16,10:00,151,9,12.0,1,1,30.13,0,2025-08-30 08:00:00,2025-08-30 12:00:00,W,Spadina Ave,5,0,2,0
2025-08-30,16,10:00,151,9,12.0,1,1,30.13,0,2025-08-30 08:00:00,2025-08-30 12:00:00,W,River St,5,2,3,0
2025-08-30,16,10:00,151,9,12.0,1,1,30.13,0,2025-08-30 08:00:00,2025-08-30 12:00:00,W,Marjory Ave,0,0,0,0
2025-08-30,16,10:00,151,9,12.0,1,1,30.13,0,2025-08-30 08:00:00,2025-08-30 12:00:00,W,Kingsmount Park Rd,0,0,0,0
2025-08-30,16,10:00,151,9,12.0,1,1,30.13,0,2025-08-30 08:00:00,2025-08-30 12:00:00,W,Church St,0,0,0,0
2025-08-30,16,10:00,151,9,12.0,1,1,30.13,0,2025-08-30 08:00:00,2025-08-30 12:00:00,W,Ossington Ave,0,0,0,0
2025-08-30,16,10:00,151,9,12.0,1,1,30.13,0,2025-08-30 08:00:00,2025-08-30 12:00:00,W,Woodbine Ave,0,0,0,0
2025-08-30,16,10:00,151,9,12.0,1,1,30.13,0,2025-08-30 08:00:00,2025-08-30 12:00:00,W,Jones Ave,0,0,0,0
2025-08-30,16,10:00,151,9,12.0,1,1,30.13,0,2025-08-30 08:00:00,2025-08-30 12:00:00,W,Golfview Ave,0,0,0,0
2025-08-30,16,10:00,151,9,12.0,1,1,30.13,0,2025-08-30 08:00:00,2025-08-30 12:00:00,W,Leslie St,0,0,0,0
2025-08-30,16,10:00,151,9,12.0,1,1,30.13,0,2025-08-30 08:00:00,2025-08-30 12:00:00,W,St Matthews Rd,0,0,0,0
2025-08-30,16,10:00,151,9,12.0,1,1,30.13,0,2025-08-30 08:00:00,2025-08-30 12:00:00,W,Jarvis St,0,0,0,0
2025-08-30,16,10:00,151,9,12.0,1,1,30.13,0,2025-08-30 08:00:00,2025-08-30 12:00:00,W,Sherbourne St,0,0,0,0
2025-08-30,16,10:00,151,9,12.0,1,1,30.13,0,2025-08-30 08:00:00,2025-08-30 12:00:00,W,St George St,0,0,0,0
2025-08-30,16,10:00,151,9,12.0,1,1,30.13,0,2025-08-30 08:00:00,2025-08-30 12:00:00,W,Dovercourt Rd,0,0,0,0
2025-08-30,16,10:00,151,9,12.0,1,1,30.13,0,2025-08-30 08:00:00,2025-08-30 12:00:00,W,Glenmount Park Rd,0,0,0,0
2025-08-30,16,10:00,151,9,12.0,1,1,30.13,0,2025-08-30 08:00:00,2025-08-30 12:00:00,W,Prust Ave,0,0,0,0
2025-08-30,16,10:00,151,9,12.0,1,1,30.13,0,2025-08-30 08:00:00,2025-08-30 12:00:00,W,Main Street Station at Bay 7,0,1,2,0
2025-08-30,16,10:00,151,9,12.0,1,1,30.13,0,2025-08-30 08:00:00,2025-08-30 12:00:00,W,Norwood Rd,0,0,0,0
2025-08-30,16,10:00,151,9,12.0,1,1,30.13,0,2025-08-30 08:00:00,2025-08-30 12:00:00,W,McCaul St,0,0,0,0
2025-08-30,16,10:00,151,9,12.0,1,1,30.13,0,2025-08-30 08:00:00,2025-08-30 12:00:00,W,Broadview Ave,0,0,0,0
2025-08-30,16,10:00,151,9,12.0,1,1,30.13,0,2025-08-30 08:00:00,2025-08-30 12:00:00,W,Ontario St,0,0,0,0
2025-08-30,16,10:00,151,9,12.0,1,1,30.13,0,2025-08-30 08:00:00,2025-08-30 12:00:00,W,Rusholme Park Cres,0,0,0,0
2025-08-30,16,10:00,151,9,12.0,1,1,30.13,0,2025-08-30 08:00:00,2025-08-30 12:00:00,W,Havelock St,0,0,0,0
2025-08-30,16,10:00,151,9,12.0,1,1,30.13,0,2025-08-30 08:00:00,2025-08-30 12:00:00,W,High Park Loop,0,0,0,0
2025-08-30,16,10:00,151,9,12.0,1,1,30.13,0,2025-08-30 08:00:00,2025-08-30 12:00:00,W,Queens Park (Queen's Park Station),0,0,0,0
2025-08-30,16,10:00,151,9,12.0,1,1,30.13,0,2025-08-30 08:00:00,2025-08-30 12:00:00,W,Roncesvalles Ave,3,2,2,0
2025-08-30,16,10:00,151,9,12.0,1,1,30.13,0,2025-08-30 08:00:00,2025-08-30 12:00:00,W,De Grassi St,0,0,0,0
2025-08-30,16,10:00,151,9,12.0,1,1,30.13,0,2025-08-30 08:00:00,2025-08-30 12:00:00,W,Parliament St at Carlton St,0,0,0,0
2025-08-30,16,10:00,151,9,12.0,1,1,30.13,0,2025-08-30 08:00:00,2025-08-30 12:00:00,W,Parkside Dr East Side,0,0,0,0
2025-08-30,16,10:00,151,9,12.0,1,1,30.13,0,2025-08-30 08:00:00,2025-08-30 12:00:00,W,Dundas St West,3,1,2,0
2025-08-30,16,10:00,151,9,12.0,1,1,30.13,0,2025-08-30 08:00:00,2025-08-30 12:00:00,W,Howard Park Ave at Roncesvalles Ave,0,0,0,0
2025-08-30,16,10:00,151,9,12.0,1,1,30.13,0,2025-08-30 08:00:00,2025-08-30 12:00:00,W,Parliament St,0,0,0,0
2025-08-30,16,10:00,151,9,12.0,1,1,30.13,0,2025-08-30 08:00:00,2025-08-30 12:00:00,W,Parliament St at Gerrard St East,0,0,0,0
2025-08-30,16,10:00,151,9,12.0,1,1,30.13,0,2025-08-30 08:00:00,2025-08-30 12:00:00,W,Sumach St,0,0,0,0
2025-08-30,16,10:00,151,9,12.0,1,1,30.13,0,2025-08-30 08:00:00,2025-08-30 12:00:00,W,Blackburn St,0,0,0,0
2025-08-30,16,10:00,151,9,12.0,1,1,30.13,0,2025-08-30 08:00:00,2025-08-30 12:00:00,W,Logan Ave,0,0,0,0
2025-08-30,16,10:00,151,9,12.0,1,1,30.13,0,2025-08-30 08:00:00,2025-08-30 12:00:00,W,Augusta Ave,0,0,0,0
2025-08-30,16,10:00,151,9,12.0,1,1,30.13,0,2025-08-30 08:00:00,2025-08-30 12:00:00,W,Beverley St,0,0,0,0
2025-08-30,16,10:00,151,9,12.0,1,1,30.13,0,2025-08-30 08:00:00,2025-08-30 12:00:00,W,University Ave (Queen's Park Station,0,0,0,0
2025-08-30,16,10:00,151,9,12.0,1,1,30.13,0,2025-08-30 08:00:00,2025-08-30 12:00:00,W,Elizabeth St,0,0,0,0
2025-08-30,16,10:00,151,9,12.0,1,1,30.13,0,2025-08-30 08:00:00,2025-08-30 12:00:00,W,Greenwood Ave,0,0,0,0
2025-08-30,16,10:00,151,9,12.0,1,1,30.13,0,2025-08-30 08:00:00,2025-08-30 12:00:00,W,Alton Ave,0,0,0,0
2025-08-30,16,10:00,151,9,12.0,1,1,30.13,0,2025-08-30 08:00:00,2025-08-30 12:00:00,W,Coxwell Ave,0,0,0,0
2025-08-30,16,10:00,151,9,12.0,1,1,30.13,0,2025-08-30 08:00:00,2025-08-30 12:00:00,W,Gerrard St East  at Coxwell Ave,0,0,0,0
2025-08-30,16,10:00,151,9,12.0,1,1,30.13,0,2025-08-30 08:00:00,2025-08-30 12:00:00,W,Coxwell Ave at Lower Gerrard St East,0,0,0,0
2025-08-30,16,10:00,151,9,12.0,1,1,30.13,0,2025-08-30 08:00:00,2025-08-30 12:00:00,W,Ashdale Ave,0,0,0,0
2025-08-30,16,10:00,151,9,12.0,1,1,30.13,0,2025-08-30 08:00:00,2025-08-30 12:00:00,W,Howard Park Ave at Indian Rd,0,0,0,0
2025-08-30,16,10:00,151,9,12.0,1,1,30.13,0,2025-08-30 08:00:00,2025-08-30 12:00:00,W,Dundas St West at Howard Park Ave,0,0,0,0
2025-08-30,16,10:00,151,9,12.0,1,1,30.13,0,2025-08-30 08:00:00,2025-08-30 12:00:00,W,Main St at Gerrard St East,0,0,0,0
2025-08-30,16,10:00,151,9,12.0,1,1,30.13,0,2025-08-30 08:00:00,2025-08-30 12:00:00,W,Main St,0,0,0,0
2025-08-30,16,10:00,151,9,12.0,1,1,30.13,0,2025-08-30 08:00:00,2025-08-30 12:00:00,W,Main St at Danforth Ave,0,0,0,0
2025-08-30,16,10:00,151,9,12.0,1,1,30.13,0,2025-08-30 08:00:00,2025-08-30 12:00:00,W,Howard Park Ave at Parkside Dr,0,0,0,0
2025-09-06,16,10:00,151,9,12.0,1,1,30.13,0,2025-09-06 08:00:00,2025-09-06 12:00:00,E,Woodfield Rd,4,2,4,1
2025-09-06,16,10:00,151,9,12.0,1,1,30.13,0,2025-09-06 08:00:00,2025-09-06 12:00:00,E,Coxwell Ave at Gerrard St East,0,0,0,0
2025-09-06,16,10:00,151,9,12.0,1,1,30.13,0,2025-09-06 08:00:00,2025-09-06 12:00:00,E,Euclid Ave,0,0,0,0
2025-09-06,16,10:00,151,9,12.0,1,1,30.13,0,2025-09-06 08:00:00,2025-09-06 12:00:00,E,Bowmore Rd,2,2,2,2
2025-09-06,16,10:00,151,9,12.0,1,1,30.13,0,2025-09-06 08:00:00,2025-09-06 12:00:00,E,Bay St,4,2,4,1
2025-09-06,16,10:00,151,9,12.0,1,1,30.13,0,2025-09-06 08:00:00,2025-09-06 12:00:00,E,Lansdowne Ave,4,5,4,2
2025-09-06,16,10:00,151,9,12.0,1,1,30.13,0,2025-09-06 08:00:00,2025-09-06 12:00:00,E,Indian Rd,0,1,4,0
2025-09-06,16,10:00,151,9,12.0,1,1,30.13,0,2025-09-06 08:00:00,2025-09-06 12:00:00,E,Grace St,2,5,6,0
2025-09-06,16,10:00,151,9,12.0,1,1,30.13,0,2025-09-06 08:00:00,2025-09-06 12:00:00,E,Dufferin St,4,2,2,1
2025-09-06,16,10:00,151,9,12.0,1,1,30.13,0,2025-09-06 08:00:00,2025-09-06 12:00:00,E,Gerrard St East at Beaton Ave,2,2,2,2
2025-09-06,16,10:00,151,9,12.0,1,1,30.13,0,2025-09-06 08:00:00,2025-09-06 12:00:00,E,Bathurst St,0,0,0,0
2025-09-06,16,10:00,151,9,12.0,1,1,30.13,0,2025-09-06 08:00:00,2025-09-06 12:00:00,E,Yonge St - College Station,3,2,4,1
2025-09-06,16,10:00,151,9,12.0,1,1,30.13,0,2025-09-06 08:00:00,2025-09-06 12:00:00,E,Dundas St West at Sterling Rd,0,2,2,0
2025-09-06,16,10:00,151,9,12.0,1,1,30.13,0,2025-09-06 08:00:00,2025-09-06 12:00:00,E,Brock Ave,3,4,4,2
2025-09-06,16,10:00,151,9,12.0,1,1,30.13,0,2025-09-06 08:00:00,2025-09-06 12:00:00,E,Sackville St,2,2,2,0
2025-09-06,16,10:00,151,9,12.0,1,1,30.13,0,2025-09-06 08:00:00,2025-09-06 12:00:00,E,Carlaw Ave,4,2,4,1
2025-09-06,16,10:00,151,9,12.0,1,1,30.13,0,2025-09-06 08:00:00,2025-09-06 12:00:00,E,Borden St,0,0,0,0
2025-09-06,16,10:00,151,9,12.0,1,1,30.13,0,2025-09-06 08:00:00,2025-09-06 12:00:00,E,Dundas St West at Sorauren Ave,0,2,2,0
2025-09-06,16,10:00,151,9,12.0,1,1,30.13,0,2025-09-06 08:00:00,2025-09-06 12:00:00,E,Crawford St,2,5,5,0
2025-09-06,16,10:00,151,9,12.0,1,1,30.13,0,2025-09-06 08:00:00,2025-09-06 12:00:00,E,Pape Ave,4,2,3,2
2025-09-06,16,10:00,151,9,12.0,1,1,30.13,0,2025-09-06 08:00:00,2025-09-06 12:00:00,E,Spadina Ave,0,0,0,0
2025-09-06,16,10:00,151,9,12.0,1,1,30.13,0,2025-09-06 08:00:00,2025-09-06 12:00:00,E,River St,1,2,1,0
2025-09-06,16,10:00,151,9,12.0,1,1,30.13,0,2025-09-06 08:00:00,2025-09-06 12:00:00,E,Marjory Ave,4,3,3,2
2025-09-06,16,10:00,151,9,12.0,1,1,30.13,0,2025-09-06 08:00:00,2025-09-06 12:00:00,E,Kingsmount Park Rd,2,3,1,2
2025-09-06,16,10:00,151,9,12.0,1,1,30.13,0,2025-09-06 08:00:00,2025-09-06 12:00:00,E,Church St,0,0,0,0
2025-09-06,16,10:00,151,9,12.0,1,1,30.13,0,2025-09-06 08:00:00,2025-09-06 12:00:00,E,Ossington Ave,0,3,3,0
2025-09-06,16,10:00,151,9,12.0,1,1,30.13,0,2025-09-06 08:00:00,2025-09-06 12:00:00,E,Woodbine Ave,3,4,2,2
2025-09-06,16,10:00,151,9,12.0,1,1,30.13,0,2025-09-06 08:00:00,2025-09-06 12:00:00,E,Jones Ave,5,3,3,2
2025-09-06,16,10:00,151,9,12.0,1,1,30.13,0,2025-09-06 08:00:00,2025-09-06 12:00:00,E,Golfview Ave,3,3,3,2
2025-09-06,16,10:00,151,9,12.0,1,1,30.13,0,2025-09-06 08:00:00,2025-09-06 12:00:00,E,Leslie St,4,3,3,2
2025-09-06,16,10:00,151,9,12.0,1,1,30.13,0,2025-09-06 08:00:00,2025-09-06 12:00:00,E,St Matthews Rd,2,2,1,0
2025-09-06,16,10:00,151,9,12.0,1,1,30.13,0,2025-09-06 08:00:00,2025-09-06 12:00:00,E,Jarvis St,2,2,2,0
2025-09-06,16,10:00,151,9,12.0,1,1,30.13,0,2025-09-06 08:00:00,2025-09-06 12:00:00,E,Sherbourne St,2,2,2,0
2025-09-06,16,10:00,151,9,12.0,1,1,30.13,0,2025-09-06 08:00:00,2025-09-06 12:00:00,E,St George St,2,2,4,1
2025-09-06,16,10:00,151,9,12.0,1,1,30.13,0,2025-09-06 08:00:00,2025-09-06 12:00:00,E,Dovercourt Rd,3,4,7,1
2025-09-06,16,10:00,151,9,12.0,1,1,30.13,0,2025-09-06 08:00:00,2025-09-06 12:00:00,E,Glenmount Park Rd,3,3,3,2
2025-09-06,16,10:00,151,9,12.0,1,1,30.13,0,2025-09-06 08:00:00,2025-09-06 12:00:00,E,Prust Ave,4,2,3,2
2025-09-06,16,10:00,151,9,12.0,1,1,30.13,0,2025-09-06 08:00:00,2025-09-06 12:00:00,E,Main Street Station at Bay 7,0,0,0,0
2025-09-06,16,10:00,151,9,12.0,1,1,30.13,0,2025-09-06 08:00:00,2025-09-06 12:00:00,E,Norwood Rd,4,3,2,2
2025-09-06,16,10:00,151,9,12.0,1,1,30.13,0,2025-09-06 08:00:00,2025-09-06 12:00:00,E,McCaul St,3,2,3,2
2025-09-06,16,10:00,151,9,12.0,1,1,30.13,0,2025-09-06 08:00:00,2025-09-06 12:00:00,E,Broadview Ave,2,2,2,0
2025-09-06,16,10:00,151,9,12.0,1,1,30.13,0,2025-09-06 08:00:00,2025-09-06 12:00:00,E,Ontario St,1,2,2,0
2025-09-06,16,10:00,151,9,12.0,1,1,30.13,0,2025-09-06 08:00:00,2025-09-06 12:00:00,E,Rusholme Park Cres,0,2,3,0
2025-09-06,16,10:00,151,9,12.0,1,1,30.13,0,2025-09-06 08:00:00,2025-09-06 12:00:00,E,Havelock St,4,2,3,2
2025-09-06,16,10:00,151,9,12.0,1,1,30.13,0,2025-09-06 08:00:00,2025-09-06 12:00:00,E,High Park Loop,2,3,9,0
2025-09-06,16,10:00,151,9,12.0,1,1,30.13,0,2025-09-06 08:00:00,2025-09-06 12:00:00,E,Queens Park (Queen's Park Station),3,2,3,2
2025-09-06,16,10:00,151,9,12.0,1,1,30.13,0,2025-09-06 08:00:00,2025-09-06 12:00:00,E,Roncesvalles Ave,0,2,3,0
2025-09-06,16,10:00,151,9,12.0,1,1,30.13,0,2025-09-06 08:00:00,2025-09-06 12:00:00,E,De Grassi St,1,2,2,0
2025-09-06,16,10:00,151,9,12.0,1,1,30.13,0,2025-09-06 08:00:00,2025-09-06 12:00:00,E,Parliament St at Carlton St,2,2,2,0
2025-09-06,16,10:00,151,9,12.0,1,1,30.13,0,2025-09-06 08:00:00,2025-09-06 12:00:00,E,Parkside Dr East Side,1,1,5,0
2025-09-06,16,10:00,151,9,12.0,1,1,30.13,0,2025-09-06 08:00:00,2025-09-06 12:00:00,E,Dundas St West,0,2,2,0
2025-09-06,16,10:00,151,9,12.0,1,1,30.13,0,2025-09-06 08:00:00,2025-09-06 12:00:00,E,Howard Park Ave at Roncesvalles Ave,0,0,0,0
2025-09-06,16,10:00,151,9,12.0,1,1,30.13,0,2025-09-06 08:00:00,2025-09-06 12:00:00,E,Parliament St,0,0,0,0
2025-09-06,16,10:00,151,9,12.0,1,1,30.13,0,2025-09-06 08:00:00,2025-09-06 12:00:00,E,Parliament St at Gerrard St East,0,0,0,0
2025-09-06,16,10:00,151,9,12.0,1,1,30.13,0,2025-09-06 08:00:00,2025-09-06 12:00:00,E,Sumach St,0,0,0,0
2025-09-06,16,10:00,151,9,12.0,1,1,30.13,0,2025-09-06 08:00:00,2025-09-06 12:00:00,E,Blackburn St,0,0,0,0
2025-09-06,16,10:00,151,9,12.0,1,1,30.13,0,2025-09-06 08:00:00,2025-09-06 12:00:00,E,Logan Ave,0,0,0,0
2025-09-06,16,10:00,151,9,12.0,1,1,30.13,0,2025-09-06 08:00:00,2025-09-06 12:00:00,E,Augusta Ave,0,0,0,0
2025-09-06,16,10:00,151,9,12.0,1,1,30.13,0,2025-09-06 08:00:00,2025-09-06 12:00:00,E,Beverley St,0,0,0,0
2025-09-06,16,10:00,151,9,12.0,1,1,30.13,0,2025-09-06 08:00:00,2025-09-06 12:00:00,E,University Ave (Queen's Park Station,0,0,0,0
2025-09-06,16,10:00,151,9,12.0,1,1,30.13,0,2025-09-06 08:00:00,2025-09-06 12:00:00,E,Elizabeth St,0,0,0,0
2025-09-06,16,10:00,151,9,12.0,1,1,30.13,0,2025-09-06 08:00:00,2025-09-06 12:00:00,E,Greenwood Ave,0,0,0,0
2025-09-06,16,10:00,151,9,12.0,1,1,30.13,0,2025-09-06 08:00:00,2025-09-06 12:00:00,E,Alton Ave,0,0,0,0
2025-09-06,16,10:00,151,9,12.0,1,1,30.13,0,2025-09-06 08:00:00,2025-09-06 12:00:00,E,Coxwell Ave,0,0,0,0
2025-09-06,16,10:00,151,9,12.0,1,1,30.13,0,2025-09-06 08:00:00,2025-09-06 12:00:00,E,Gerrard St East  at Coxwell Ave,0,0,0,0
2025-09-06,16,10:00,151,9,12.0,1,1,30.13,0,2025-09-06 08:00:00,2025-09-06 12:00:00,E,Coxwell Ave at Lower Gerrard St East,0,0,0,0
2025-09-06,16,10:00,151,9,12.0,1,1,30.13,0,2025-09-06 08:00:00,2025-09-06 12:00:00,E,Ashdale Ave,0,0,0,0
2025-09-06,16,10:00,151,9,12.0,1,1,30.13,0,2025-09-06 08:00:00,2025-09-06 12:00:00,E,Howard Park Ave at Indian Rd,0,0,0,0
2025-09-06,16,10:00,151,9,12.0,1,1,30.13,0,2025-09-06 08:00:00,2025-09-06 12:00:00,E,Dundas St West at Howard Park Ave,0,0,0,0
2025-09-06,16,10:00,151,9,12.0,1,1,30.13,0,2025-09-06 08:00:00,2025-09-06 12:00:00,E,Main St at Gerrard St East,0,0,0,0
2025-09-06,16,10:00,151,9,12.0,1,1,30.13,0,2025-09-06 08:00:00,2025-09-06 12:00:00,E,Main St,0,0,0,0
2025-09-06,16,10:00,151,9,12.0,1,1,30.13,0,2025-09-06 08:00:00,2025-09-06 12:00:00,E,Main St at Danforth Ave,0,0,0,0
2025-09-06,16,10:00,151,9,12.0,1,1,30.13,0,2025-09-06 08:00:00,2025-09-06 12:00:00,E,Howard Park Ave at Parkside Dr,0,0,0,0
2025-09-06,16,10:00,151,9,12.0,1,1,30.13,0,2025-09-06 08:00:00,2025-09-06 12:00:00,W,Woodfield Rd,0,1,4,0
2025-09-06,16,10:00,151,9,12.0,1,1,30.13,0,2025-09-06 08:00:00,2025-09-06 12:00:00,W,Coxwell Ave at Gerrard St East,0,1,4,0
2025-09-06,16,10:00,151,9,12.0,1,1,30.13,0,2025-09-06 08:00:00,2025-09-06 12:00:00,W,Euclid Ave,0,0,0,0
2025-09-06,16,10:00,151,9,12.0,1,1,30.13,0,2025-09-06 08:00:00,2025-09-06 12:00:00,W,Bowmore Rd,0,0,1,0
2025-09-06,16,10:00,151,9,12.0,1,1,30.13,0,2025-09-06 08:00:00,2025-09-06 12:00:00,W,Bay St,1,2,4,0
2025-09-06,16,10:00,151,9,12.0,1,1,30.13,0,2025-09-06 08:00:00,2025-09-06 12:00:00,W,Lansdowne Ave,0,0,0,0
2025-09-06,16,10:00,151,9,12.0,1,1,30.13,0,2025-09-06 08:00:00,2025-09-06 12:00:00,W,Indian Rd,1,2,5,0
2025-09-06,16,10:00,151,9,12.0,1,1,30.13,0,2025-09-06 08:00:00,2025-09-06 12:00:00,W,Grace St,0,0,0,0
2025-09-06,16,10:00,151,9,12.0,1,1,30.13,0,2025-09-06 08:00:00,2025-09-06 12:00:00,W,Dufferin St,3,2,5,0
2025-09-06,16,10:00,151,9,12.0,1,1,30.13,0,2025-09-06 08:00:00,2025-09-06 12:00:00,W,Gerrard St East at Beaton Ave,0,1,3,0
2025-09-06,16,10:00,151,9,12.0,1,1,30.13,0,2025-09-06 08:00:00,2025-09-06 12:00:00,W,Bathurst St,0,0,0,0
2025-09-06,16,10:00,151,9,12.0,1,1,30.13,0,2025-09-06 08:00:00,2025-09-06 12:00:00,W,Yonge St - College Station,0,0,0,0
2025-09-06,16,10:00,151,9,12.0,1,1,30.13,0,2025-09-06 08:00:00,2025-09-06 12:00:00,W,Dundas St West at Sterling Rd,0,0,0,0
2025-09-06,16,10:00,151,9,12.0,1,1,30.13,0,2025-09-06 08:00:00,2025-09-06 12:00:00,W,Brock Ave,0,0,0,0
2025-09-06,16,10:00,151,9,12.0,1,1,30.13,0,2025-09-06 08:00:00,2025-09-06 12:00:00,W,Sackville St,3,2,6,0
2025-09-06,16,10:00,151,9,12.0,1,1,30.13,0,2025-09-06 08:00:00,2025-09-06 12:00:00,W,Carlaw Ave,0,0,0,0
2025-09-06,16,10:00,151,9,12.0,1,1,30.13,0,2025-09-06 08:00:00,2025-09-06 12:00:00,W,Borden St,0,0,0,0
2025-09-06,16,10:00,151,9,12.0,1,1,30.13,0,2025-09-06 08:00:00,2025-09-06 12:00:00,W,Dundas St West at Sorauren Ave,2,3,4,0
2025-09-06,16,10:00,151,9,12.0,1,1,30.13,0,2025-09-06 08:00:00,2025-09-06 12:00:00,W,Crawford St,0,0,0,0
2025-09-06,16,10:00,151,9,12.0,1,1,30.13,0,2025-09-06 08:00:00,2025-09-06 12:00:00,W,Pape Ave,0,0,0,0
2025-09-06,16,10:00,151,9,12.0,1,1,30.13,0,2025-09-06 08:00:00,2025-09-06 12:00:00,W,Spadina Ave,0,0,0,0
2025-09-06,16,10:00,151,9,12.0,1,1,30.13,0,2025-09-06 08:00:00,2025-09-06 12:00:00,W,River St,4,2,9,0
2025-09-06,16,10:00,151,9,12.0,1,1,30.13,0,2025-09-06 08:00:00,2025-09-06 12:00:00,W,Marjory Ave,0,0,0,0
2025-09-06,16,10:00,151,9,12.0,1,1,30.13,0,2025-09-06 08:00:00,2025-09-06 12:00:00,W,Kingsmount Park Rd,0,0,0,0
2025-09-06,16,10:00,151,9,12.0,1,1,30.13,0,2025-09-06 08:00:00,2025-09-06 12:00:00,W,Church St,0,0,0,0
2025-09-06,16,10:00,151,9,12.0,1,1,30.13,0,2025-09-06 08:00:00,2025-09-06 12:00:00,W,Ossington Ave,0,0,0,0
2025-09-06,16,10:00,151,9,12.0,1,1,30.13,0,2025-09-06 08:00:00,2025-09-06 12:00:00,W,Woodbine Ave,0,0,0,0
2025-09-06,16,10:00,151,9,12.0,1,1,30.13,0,2025-09-06 08:00:00,2025-09-06 12:00:00,W,Jones Ave,0,0,0,0
2025-09-06,16,10:00,151,9,12.0,1,1,30.13,0,2025-09-06 08:00:00,2025-09-06 12:00:00,W,Golfview Ave,0,0,0,0
2025-09-06,16,10:00,151,9,12.0,1,1,30.13,0,2025-09-06 08:00:00,2025-09-06 12:00:00,W,Leslie St,0,0,0,0
2025-09-06,16,10:00,151,9,12.0,1,1,30.13,0,2025-09-06 08:00:00,2025-09-06 12:00:00,W,St Matthews Rd,0,0,0,0
2025-09-06,16,10:00,151,9,12.0,1,1,30.13,0,2025-09-06 08:00:00,2025-09-06 12:00:00,W,Jarvis St,0,0,0,0
2025-09-06,16,10:00,151,9,12.0,1,1,30.13,0,2025-09-06 08:00:00,2025-09-06 12:00:00,W,Sherbourne St,0,0,0,0
2025-09-06,16,10:00,151,9,12.0,1,1,30.13,0,2025-09-06 08:00:00,2025-09-06 12:00:00,W,St George St,0,0,0,0
2025-09-06,16,10:00,151,9,12.0,1,1,30.13,0,2025-09-06 08:00:00,2025-09-06 12:00:00,W,Dovercourt Rd,0,0,0,0
2025-09-06,16,10:00,151,9,12.0,1,1,30.13,0,2025-09-06 08:00:00,2025-09-06 12:00:00,W,Glenmount Park Rd,0,0,0,0
2025-09-06,16,10:00,151,9,12.0,1,1,30.13,0,2025-09-06 08:00:00,2025-09-06 12:00:00,W,Prust Ave,0,0,0,0
2025-09-06,16,10:00,151,9,12.0,1,1,30.13,0,2025-09-06 08:00:00,2025-09-06 12:00:00,W,Main Street Station at Bay 7,0,0,1,2
2025-09-06,16,10:00,151,9,12.0,1,1,30.13,0,2025-09-06 08:00:00,2025-09-06 12:00:00,W,Norwood Rd,0,0,0,0
2025-09-06,16,10:00,151,9,12.0,1,1,30.13,0,2025-09-06 08:00:00,2025-09-06 12:00:00,W,McCaul St,0,0,0,0
2025-09-06,16,10:00,151,9,12.0,1,1,30.13,0,2025-09-06 08:00:00,2025-09-06 12:00:00,W,Broadview Ave,0,0,0,0
2025-09-06,16,10:00,151,9,12.0,1,1,30.13,0,2025-09-06 08:00:00,2025-09-06 12:00:00,W,Ontario St,0,0,0,0
2025-09-06,16,10:00,151,9,12.0,1,1,30.13,0,2025-09-06 08:00:00,2025-09-06 12:00:00,W,Rusholme Park Cres,0,0,0,0
2025-09-06,16,10:00,151,9,12.0,1,1,30.13,0,2025-09-06 08:00:00,2025-09-06 12:00:00,W,Havelock St,0,0,0,0
2025-09-06,16,10:00,151,9,12.0,1,1,30.13,0,2025-09-06 08:00:00,2025-09-06 12:00:00,W,High Park Loop,0,0,0,0
2025-09-06,16,10:00,151,9,12.0,1,1,30.13,0,2025-09-06 08:00:00,2025-09-06 12:00:00,W,Queens Park (Queen's Park Station),0,0,0,0
2025-09-06,16,10:00,151,9,12.0,1,1,30.13,0,2025-09-06 08:00:00,2025-09-06 12:00:00,W,Roncesvalles Ave,2,3,5,0
2025-09-06,16,10:00,151,9,12.0,1,1,30.13,0,2025-09-06 08:00:00,2025-09-06 12:00:00,W,De Grassi St,0,0,0,0
2025-09-06,16,10:00,151,9,12.0,1,1,30.13,0,2025-09-06 08:00:00,2025-09-06 12:00:00,W,Parliament St at Carlton St,0,0,0,0
2025-09-06,16,10:00,151,9,12.0,1,1,30.13,0,2025-09-06 08:00:00,2025-09-06 12:00:00,W,Parkside Dr East Side,0,0,0,0
2025-09-06,16,10:00,151,9,12.0,1,1,30.13,0,2025-09-06 08:00:00,2025-09-06 12:00:00,W,Dundas St West,1,2,4,0
2025-09-06,16,10:00,151,9,12.0,1,1,30.13,0,2025-09-06 08:00:00,2025-09-06 12:00:00,W,Howard Park Ave at Roncesvalles Ave,0,0,0,0
2025-09-06,16,10:00,151,9,12.0,1,1,30.13,0,2025-09-06 08:00:00,2025-09-06 12:00:00,W,Parliament St,0,0,0,0
2025-09-06,16,10:00,151,9,12.0,1,1,30.13,0,2025-09-06 08:00:00,2025-09-06 12:00:00,W,Parliament St at Gerrard St East,0,0,0,0
2025-09-06,16,10:00,151,9,12.0,1,1,30.13,0,2025-09-06 08:00:00,2025-09-06 12:00:00,W,Sumach St,0,0,0,0
2025-09-06,16,10:00,151,9,12.0,1,1,30.13,0,2025-09-06 08:00:00,2025-09-06 12:00:00,W,Blackburn St,0,0,0,0
2025-09-06,16,10:00,151,9,12.0,1,1,30.13,0,2025-09-06 08:00:00,2025-09-06 12:00:00,W,Logan Ave,0,0,0,0
2025-09-06,16,10:00,151,9,12.0,1,1,30.13,0,2025-09-06 08:00:00,2025-09-06 12:00:00,W,Augusta Ave,0,0,0,0
2025-09-06,16,10:00,151,9,12.0,1,1,30.13,0,2025-09-06 08:00:00,2025-09-06 12:00:00,W,Beverley St,0,0,0,0
2025-09-06,16,10:00,151,9,12.0,1,1,30.13,0,2025-09-06 08:00:00,2025-09-06 12:00:00,W,University Ave (Queen's Park Station,0,0,0,0
2025-09-06,16,10:00,151,9,12.0,1,1,30.13,0,2025-09-06 08:00:00,2025-09-06 12:00:00,W,Elizabeth St,0,0,0,0
2025-09-06,16,10:00,151,9,12.0,1,1,30.13,0,2025-09-06 08:00:00,2025-09-06 12:00:00,W,Greenwood Ave,0,0,0,0
2025-09-06,16,10:00,151,9,12.0,1,1,30.13,0,2025-09-06 08:00:00,2025-09-06 12:00:00,W,Alton Ave,0,0,0,0
2025-09-06,16,10:00,151,9,12.0,1,1,30.13,0,2025-09-06 08:00:00,2025-09-06 12:00:00,W,Coxwell Ave,0,0,0,0
2025-09-06,16,10:00,151,9,12.0,1,1,30.13,0,2025-09-06 08:00:00,2025-09-06 12:00:00,W,Gerrard St East  at Coxwell Ave,0,0,0,0
2025-09-06,16,10:00,151,9,12.0,1,1,30.13,0,2025-09-06 08:00:00,2025-09-06 12:00:00,W,Coxwell Ave at Lower Gerrard St East,0,0,0,0
2025-09-06,16,10:00,151,9,12.0,1,1,30.13,0,2025-09-06 08:00:00,2025-09-06 12:00:00,W,Ashdale Ave,0,0,0,0
2025-09-06,16,10:00,151,9,12.0,1,1,30.13,0,2025-09-06 08:00:00,2025-09-06 12:00:00,W,Howard Park Ave at Indian Rd,0,0,0,0
2025-09-06,16,10:00,151,9,12.0,1,1,30.13,0,2025-09-06 08:00:00,2025-09-06 12:00:00,W,Dundas St West at Howard Park Ave,0,0,0,0
2025-09-06,16,10:00,151,9,12.0,1,1,30.13,0,2025-09-06 08:00:00,2025-09-06 12:00:00,W,Main St at Gerrard St East,0,0,0,0
2025-09-06,16,10:00,151,9,12.0,1,1,30.13,0,2025-09-06 08:00:00,2025-09-06 12:00:00,W,Main St,0,0,0,0
2025-09-06,16,10:00,151,9,12.0,1,1,30.13,0,2025-09-06 08:00:00,2025-09-06 12:00:00,W,Main St at Danforth Ave,0,0,0,0
2025-09-06,16,10:00,151,9,12.0,1,1,30.13,0,2025-09-06 08:00:00,2025-09-06 12:00:00,W,Howard Park Ave at Parkside Dr,0,0,0,0
2025-09-13,16,10:00,151,9,12.0,1,1,30.13,0,2025-09-13 08:00:00,2025-09-13 12:00:00,E,Woodfield Rd,1,0,0,0
2025-09-13,16,10:00,151,9,12.0,1,1,30.13,0,2025-09-13 08:00:00,2025-09-13 12:00:00,E,Coxwell Ave at Gerrard St East,0,0,0,0
2025-09-13,16,10:00,151,9,12.0,1,1,30.13,0,2025-09-13 08:00:00,2025-09-13 12:00:00,E,Euclid Ave,0,0,0,0
2025-09-13,16,10:00,151,9,12.0,1,1,30.13,0,2025-09-13 08:00:00,2025-09-13 12:00:00,E,Bowmore Rd,1,1,0,0
2025-09-13,16,10:00,151,9,12.0,1,1,30.13,0,2025-09-13 08:00:00,2025-09-13 12:00:00,E,Bay St,2,0,0,0
2025-09-13,16,10:00,151,9,12.0,1,1,30.13,0,2025-09-13 08:00:00,2025-09-13 12:00:00,E,Lansdowne Ave,1,3,0,0
2025-09-13,16,10:00,151,9,12.0,1,1,30.13,0,2025-09-13 08:00:00,2025-09-13 12:00:00,E,Indian Rd,0,2,0,2
2025-09-13,16,10:00,151,9,12.0,1,1,30.13,0,2025-09-13 08:00:00,2025-09-13 12:00:00,E,Grace St,1,5,0,1
2025-09-13,16,10:00,151,9,12.0,1,1,30.13,0,2025-09-13 08:00:00,2025-09-13 12:00:00,E,Dufferin St,1,1,0,0
2025-09-13,16,10:00,151,9,12.0,1,1,30.13,0,2025-09-13 08:00:00,2025-09-13 12:00:00,E,Gerrard St East at Beaton Ave,1,1,1,0
2025-09-13,16,10:00,151,9,12.0,1,1,30.13,0,2025-09-13 08:00:00,2025-09-13 12:00:00,E,Bathurst St,2,4,0,0
2025-09-13,16,10:00,151,9,12.0,1,1,30.13,0,2025-09-13 08:00:00,2025-09-13 12:00:00,E,Yonge St - College Station,1,1,0,0
2025-09-13,16,10:00,151,9,12.0,1,1,30.13,0,2025-09-13 08:00:00,2025-09-13 12:00:00,E,Dundas St West at Sterling Rd,1,2,0,0
2025-09-13,16,10:00,151,9,12.0,1,1,30.13,0,2025-09-13 08:00:00,2025-09-13 12:00:00,E,Brock Ave,1,3,0,0
2025-09-13,16,10:00,151,9,12.0,1,1,30.13,0,2025-09-13 08:00:00,2025-09-13 12:00:00,E,Sackville St,0,3,0,0
2025-09-13,16,10:00,151,9,12.0,1,1,30.13,0,2025-09-13 08:00:00,2025-09-13 12:00:00,E,Carlaw Ave,1,1,0,0
2025-09-13,16,10:00,151,9,12.0,1,1,30.13,0,2025-09-13 08:00:00,2025-09-13 12:00:00,E,Borden St,2,4,0,0
2025-09-13,16,10:00,151,9,12.0,1,1,30.13,0,2025-09-13 08:00:00,2025-09-13 12:00:00,E,Dundas St West at Sorauren Ave,2,2,0,0
2025-09-13,16,10:00,151,9,12.0,1,1,30.13,0,2025-09-13 08:00:00,2025-09-13 12:00:00,E,Crawford St,0,4,0,0
2025-09-13,16,10:00,151,9,12.0,1,1,30.13,0,2025-09-13 08:00:00,2025-09-13 12:00:00,E,Pape Ave,1,1,0,0
2025-09-13,16,10:00,151,9,12.0,1,1,30.13,0,2025-09-13 08:00:00,2025-09-13 12:00:00,E,Spadina Ave,2,2,0,0
2025-09-13,16,10:00,151,9,12.0,1,1,30.13,0,2025-09-13 08:00:00,2025-09-13 12:00:00,E,River St,0,2,0,0
2025-09-13,16,10:00,151,9,12.0,1,1,30.13,0,2025-09-13 08:00:00,2025-09-13 12:00:00,E,Marjory Ave,1,1,0,0
2025-09-13,16,10:00,151,9,12.0,1,1,30.13,0,2025-09-13 08:00:00,2025-09-13 12:00:00,E,Kingsmount Park Rd,0,1,0,0
2025-09-13,16,10:00,151,9,12.0,1,1,30.13,0,2025-09-13 08:00:00,2025-09-13 12:00:00,E,Church St,0,0,0,0
2025-09-13,16,10:00,151,9,12.0,1,1,30.13,0,2025-09-13 08:00:00,2025-09-13 12:00:00,E,Ossington Ave,3,5,0,0
2025-09-13,16,10:00,151,9,12.0,1,1,30.13,0,2025-09-13 08:00:00,2025-09-13 12:00:00,E,Woodbine Ave,1,1,0,0
2025-09-13,16,10:00,151,9,12.0,1,1,30.13,0,2025-09-13 08:00:00,2025-09-13 12:00:00,E,Jones Ave,0,0,0,0
2025-09-13,16,10:00,151,9,12.0,1,1,30.13,0,2025-09-13 08:00:00,2025-09-13 12:00:00,E,Golfview Ave,0,1,1,0
2025-09-13,16,10:00,151,9,12.0,1,1,30.13,0,2025-09-13 08:00:00,2025-09-13 12:00:00,E,Leslie St,0,0,0,0
2025-09-13,16,10:00,151,9,12.0,1,1,30.13,0,2025-09-13 08:00:00,2025-09-13 12:00:00,E,St Matthews Rd,0,2,0,0
2025-09-13,16,10:00,151,9,12.0,1,1,30.13,0,2025-09-13 08:00:00,2025-09-13 12:00:00,E,Jarvis St,1,2,0,0
2025-09-13,16,10:00,151,9,12.0,1,1,30.13,0,2025-09-13 08:00:00,2025-09-13 12:00:00,E,Sherbourne St,1,2,0,0
2025-09-13,16,10:00,151,9,12.0,1,1,30.13,0,2025-09-13 08:00:00,2025-09-13 12:00:00,E,St George St,2,3,0,0
2025-09-13,16,10:00,151,9,12.0,1,1,30.13,0,2025-09-13 08:00:00,2025-09-13 12:00:00,E,Dovercourt Rd,2,4,0,0
2025-09-13,16,10:00,151,9,12.0,1,1,30.13,0,2025-09-13 08:00:00,2025-09-13 12:00:00,E,Glenmount Park Rd,0,1,0,0
2025-09-13,16,10:00,151,9,12.0,1,1,30.13,0,2025-09-13 08:00:00,2025-09-13 12:00:00,E,Prust Ave,1,0,0,0
2025-09-13,16,10:00,151,9,12.0,1,1,30.13,0,2025-09-13 08:00:00,2025-09-13 12:00:00,E,Main Street Station at Bay 7,0,0,0,0
2025-09-13,16,10:00,151,9,12.0,1,1,30.13,0,2025-09-13 08:00:00,2025-09-13 12:00:00,E,Norwood Rd,0,1,0,0
2025-09-13,16,10:00,151,9,12.0,1,1,30.13,0,2025-09-13 08:00:00,2025-09-13 12:00:00,E,McCaul St,2,3,0,0
2025-09-13,16,10:00,151,9,12.0,1,1,30.13,0,2025-09-13 08:00:00,2025-09-13 12:00:00,E,Broadview Ave,1,3,0,0
2025-09-13,16,10:00,151,9,12.0,1,1,30.13,0,2025-09-13 08:00:00,2025-09-13 12:00:00,E,Ontario St,1,3,0,0
2025-09-13,16,10:00,151,9,12.0,1,1,30.13,0,2025-09-13 08:00:00,2025-09-13 12:00:00,E,Rusholme Park Cres,1,2,0,0
2025-09-13,16,10:00,151,9,12.0,1,1,30.13,0,2025-09-13 08:00:00,2025-09-13 12:00:00,E,Havelock St,1,0,0,0
2025-09-13,16,10:00,151,9,12.0,1,1,30.13,0,2025-09-13 08:00:00,2025-09-13 12:00:00,E,High Park Loop,0,3,4,8
2025-09-13,16,10:00,151,9,12.0,1,1,30.13,0,2025-09-13 08:00:00,2025-09-13 12:00:00,E,Queens Park (Queen's Park Station),2,3,0,0
2025-09-13,16,10:00,151,9,12.0,1,1,30.13,0,2025-09-13 08:00:00,2025-09-13 12:00:00,E,Roncesvalles Ave,0,2,0,0
2025-09-13,16,10:00,151,9,12.0,1,1,30.13,0,2025-09-13 08:00:00,2025-09-13 12:00:00,E,De Grassi St,1,3,0,0
2025-09-13,16,10:00,151,9,12.0,1,1,30.13,0,2025-09-13 08:00:00,2025-09-13 12:00:00,E,Parliament St at Carlton St,1,1,0,0
2025-09-13,16,10:00,151,9,12.0,1,1,30.13,0,2025-09-13 08:00:00,2025-09-13 12:00:00,E,Parkside Dr East Side,0,1,2,3
2025-09-13,16,10:00,151,9,12.0,1,1,30.13,0,2025-09-13 08:00:00,2025-09-13 12:00:00,E,Dundas St West,1,2,0,0
2025-09-13,16,10:00,151,9,12.0,1,1,30.13,0,2025-09-13 08:00:00,2025-09-13 12:00:00,E,Howard Park Ave at Roncesvalles Ave,0,0,0,0
2025-09-13,16,10:00,151,9,12.0,1,1,30.13,0,2025-09-13 08:00:00,2025-09-13 12:00:00,E,Parliament St,0,0,0,0
2025-09-13,16,10:00,151,9,12.0,1,1,30.13,0,2025-09-13 08:00:00,2025-09-13 12:00:00,E,Parliament St at Gerrard St East,0,0,0,0
2025-09-13,16,10:00,151,9,12.0,1,1,30.13,0,2025-09-13 08:00:00,2025-09-13 12:00:00,E,Sumach St,0,0,0,0
2025-09-13,16,10:00,151,9,12.0,1,1,30.13,0,2025-09-13 08:00:00,2025-09-13 12:00:00,E,Blackburn St,0,0,0,0
2025-09-13,16,10:00,151,9,12.0,1,1,30.13,0,2025-09-13 08:00:00,2025-09-13 12:00:00,E,Logan Ave,2,4,0,0
2025-09-13,16,10:00,151,9,12.0,1,1,30.13,0,2025-09-13 08:00:00,2025-09-13 12:00:00,E,Augusta Ave,0,0,0,0
2025-09-13,16,10:00,151,9,12.0,1,1,30.13,0,2025-09-13 08:00:00,2025-09-13 12:00:00,E,Beverley St,0,0,0,0
2025-09-13,16,10:00,151,9,12.0,1,1,30.13,0,2025-09-13 08:00:00,2025-09-13 12:00:00,E,University Ave (Queen's Park Station,0,0,0,0
2025-09-13,16,10:00,151,9,12.0,1,1,30.13,0,2025-09-13 08:00:00,2025-09-13 12:00:00,E,Elizabeth St,0,0,0,0
2025-09-13,16,10:00,151,9,12.0,1,1,30.13,0,2025-09-13 08:00:00,2025-09-13 12:00:00,E,Greenwood Ave,0,0,0,0
2025-09-13,16,10:00,151,9,12.0,1,1,30.13,0,2025-09-13 08:00:00,2025-09-13 12:00:00,E,Alton Ave,0,0,0,0
2025-09-13,16,10:00,151,9,12.0,1,1,30.13,0,2025-09-13 08:00:00,2025-09-13 12:00:00,E,Coxwell Ave,0,0,0,0
2025-09-13,16,10:00,151,9,12.0,1,1,30.13,0,2025-09-13 08:00:00,2025-09-13 12:00:00,E,Gerrard St East  at Coxwell Ave,0,0,0,0
2025-09-13,16,10:00,151,9,12.0,1,1,30.13,0,2025-09-13 08:00:00,2025-09-13 12:00:00,E,Coxwell Ave at Lower Gerrard St East,0,0,0,0
2025-09-13,16,10:00,151,9,12.0,1,1,30.13,0,2025-09-13 08:00:00,2025-09-13 12:00:00,E,Ashdale Ave,0,0,0,0
2025-09-13,16,10:00,151,9,12.0,1,1,30.13,0,2025-09-13 08:00:00,2025-09-13 12:00:00,E,Howard Park Ave at Indian Rd,0,0,0,0
2025-09-13,16,10:00,151,9,12.0,1,1,30.13,0,2025-09-13 08:00:00,2025-09-13 12:00:00,E,Dundas St West at Howard Park Ave,0,0,0,0
2025-09-13,16,10:00,151,9,12.0,1,1,30.13,0,2025-09-13 08:00:00,2025-09-13 12:00:00,E,Main St at Gerrard St East,0,0,0,0
2025-09-13,16,10:00,151,9,12.0,1,1,30.13,0,2025-09-13 08:00:00,2025-09-13 12:00:00,E,Main St,0,0,0,0
2025-09-13,16,10:00,151,9,12.0,1,1,30.13,0,2025-09-13 08:00:00,2025-09-13 12:00:00,E,Main St at Danforth Ave,0,0,0,0
2025-09-13,16,10:00,151,9,12.0,1,1,30.13,0,2025-09-13 08:00:00,2025-09-13 12:00:00,E,Howard Park Ave at Parkside Dr,0,0,0,0
2025-09-13,16,10:00,151,9,12.0,1,1,30.13,0,2025-09-13 08:00:00,2025-09-13 12:00:00,W,Woodfield Rd,2,0,2,0
2025-09-13,16,10:00,151,9,12.0,1,1,30.13,0,2025-09-13 08:00:00,2025-09-13 12:00:00,W,Coxwell Ave at Gerrard St East,3,0,1,0
2025-09-13,16,10:00,151,9,12.0,1,1,30.13,0,2025-09-13 08:00:00,2025-09-13 12:00:00,W,Euclid Ave,0,0,0,0
2025-09-13,16,10:00,151,9,12.0,1,1,30.13,0,2025-09-13 08:00:00,2025-09-13 12:00:00,W,Bowmore Rd,0,0,0,0
2025-09-13,16,10:00,151,9,12.0,1,1,30.13,0,2025-09-13 08:00:00,2025-09-13 12:00:00,W,Bay St,2,1,2,0
2025-09-13,16,10:00,151,9,12.0,1,1,30.13,0,2025-09-13 08:00:00,2025-09-13 12:00:00,W,Lansdowne Ave,0,0,0,0
2025-09-13,16,10:00,151,9,12.0,1,1,30.13,0,2025-09-13 08:00:00,2025-09-13 12:00:00,W,Indian Rd,1,3,1,0
2025-09-13,16,10:00,151,9,12.0,1,1,30.13,0,2025-09-13 08:00:00,2025-09-13 12:00:00,W,Grace St,0,0,0,0
2025-09-13,16,10:00,151,9,12.0,1,1,30.13,0,2025-09-13 08:00:00,2025-09-13 12:00:00,W,Dufferin St,6,2,3,0
2025-09-13,16,10:00,151,9,12.0,1,1,30.13,0,2025-09-13 08:00:00,2025-09-13 12:00:00,W,Gerrard St East at Beaton Ave,0,0,1,0
2025-09-13,16,10:00,151,9,12.0,1,1,30.13,0,2025-09-13 08:00:00,2025-09-13 12:00:00,W,Bathurst St,0,0,0,0
2025-09-13,16,10:00,151,9,12.0,1,1,30.13,0,2025-09-13 08:00:00,2025-09-13 12:00:00,W,Yonge St - College Station,0,0,0,0
2025-09-13,16,10:00,151,9,12.0,1,1,30.13,0,2025-09-13 08:00:00,2025-09-13 12:00:00,W,Dundas St West at Sterling Rd,0,0,0,0
2025-09-13,16,10:00,151,9,12.0,1,1,30.13,0,2025-09-13 08:00:00,2025-09-13 12:00:00,W,Brock Ave,0,0,0,0
2025-09-13,16,10:00,151,9,12.0,1,1,30.13,0,2025-09-13 08:00:00,2025-09-13 12:00:00,W,Sackville St,3,2,1,0
2025-09-13,16,10:00,151,9,12.0,1,1,30.13,0,2025-09-13 08:00:00,2025-09-13 12:00:00,W,Carlaw Ave,0,0,0,0
2025-09-13,16,10:00,151,9,12.0,1,1,30.13,0,2025-09-13 08:00:00,2025-09-13 12:00:00,W,Borden St,0,0,0,0
2025-09-13,16,10:00,151,9,12.0,1,1,30.13,0,2025-09-13 08:00:00,2025-09-13 12:00:00,W,Dundas St West at Sorauren Ave,1,3,2,0
2025-09-13,16,10:00,151,9,12.0,1,1,30.13,0,2025-09-13 08:00:00,2025-09-13 12:00:00,W,Crawford St,0,0,0,0
2025-09-13,16,10:00,151,9,12.0,1,1,30.13,0,2025-09-13 08:00:00,2025-09-13 12:00:00,W,Pape Ave,0,0,0,0
2025-09-13,16,10:00,151,9,12.0,1,1,30.13,0,2025-09-13 08:00:00,2025-09-13 12:00:00,W,Spadina Ave,3,1,2,0
2025-09-13,16,10:00,151,9,12.0,1,1,30.13,0,2025-09-13 08:00:00,2025-09-13 12:00:00,W,River St,4,2,2,0
2025-09-13,16,10:00,151,9,12.0,1,1,30.13,0,2025-09-13 08:00:00,2025-09-13 12:00:00,W,Marjory Ave,0,0,0,0
2025-09-13,16,10:00,151,9,12.0,1,1,30.13,0,2025-09-13 08:00:00,2025-09-13 12:00:00,W,Kingsmount Park Rd,0,0,0,0
2025-09-13,16,10:00,151,9,12.0,1,1,30.13,0,2025-09-13 08:00:00,2025-09-13 12:00:00,W,Church St,0,0,0,0
2025-09-13,16,10:00,151,9,12.0,1,1,30.13,0,2025-09-13 08:00:00,2025-09-13 12:00:00,W,Ossington Ave,0,0,0,0
2025-09-13,16,10:00,151,9,12.0,1,1,30.13,0,2025-09-13 08:00:00,2025-09-13 12:00:00,W,Woodbine Ave,0,0,0,0
2025-09-13,16,10:00,151,9,12.0,1,1,30.13,0,2025-09-13 08:00:00,2025-09-13 12:00:00,W,Jones Ave,0,0,0,0
2025-09-13,16,10:00,151,9,12.0,1,1,30.13,0,2025-09-13 08:00:00,2025-09-13 12:00:00,W,Golfview Ave,0,0,0,0
2025-09-13,16,10:00,151,9,12.0,1,1,30.13,0,2025-09-13 08:00:00,2025-09-13 12:00:00,W,Leslie St,0,0,0,0
2025-09-13,16,10:00,151,9,12.0,1,1,30.13,0,2025-09-13 08:00:00,2025-09-13 12:00:00,W,St Matthews Rd,0,0,0,0
2025-09-13,16,10:00,151,9,12.0,1,1,30.13,0,2025-09-13 08:00:00,2025-09-13 12:00:00,W,Jarvis St,0,0,0,0
2025-09-13,16,10:00,151,9,12.0,1,1,30.13,0,2025-09-13 08:00:00,2025-09-13 12:00:00,W,Sherbourne St,0,0,0,0
2025-09-13,16,10:00,151,9,12.0,1,1,30.13,0,2025-09-13 08:00:00,2025-09-13 12:00:00,W,St George St,0,0,0,0
2025-09-13,16,10:00,151,9,12.0,1,1,30.13,0,2025-09-13 08:00:00,2025-09-13 12:00:00,W,Dovercourt Rd,0,0,0,0
2025-09-13,16,10:00,151,9,12.0,1,1,30.13,0,2025-09-13 08:00:00,2025-09-13 12:00:00,W,Glenmount Park Rd,0,0,0,0
2025-09-13,16,10:00,151,9,12.0,1,1,30.13,0,2025-09-13 08:00:00,2025-09-13 12:00:00,W,Prust Ave,0,0,0,0
2025-09-13,16,10:00,151,9,12.0,1,1,30.13,0,2025-09-13 08:00:00,2025-09-13 12:00:00,W,Main Street Station at Bay 7,0,0,0,0
2025-09-13,16,10:00,151,9,12.0,1,1,30.13,0,2025-09-13 08:00:00,2025-09-13 12:00:00,W,Norwood Rd,0,0,0,0
2025-09-13,16,10:00,151,9,12.0,1,1,30.13,0,2025-09-13 08:00:00,2025-09-13 12:00:00,W,McCaul St,0,0,0,0
2025-09-13,16,10:00,151,9,12.0,1,1,30.13,0,2025-09-13 08:00:00,2025-09-13 12:00:00,W,Broadview Ave,0,0,0,0
2025-09-13,16,10:00,151,9,12.0,1,1,30.13,0,2025-09-13 08:00:00,2025-09-13 12:00:00,W,Ontario St,0,0,0,0
2025-09-13,16,10:00,151,9,12.0,1,1,30.13,0,2025-09-13 08:00:00,2025-09-13 12:00:00,W,Rusholme Park Cres,0,0,0,0
2025-09-13,16,10:00,151,9,12.0,1,1,30.13,0,2025-09-13 08:00:00,2025-09-13 12:00:00,W,Havelock St,0,0,0,0
2025-09-13,16,10:00,151,9,12.0,1,1,30.13,0,2025-09-13 08:00:00,2025-09-13 12:00:00,W,High Park Loop,0,0,0,0
2025-09-13,16,10:00,151,9,12.0,1,1,30.13,0,2025-09-13 08:00:00,2025-09-13 12:00:00,W,Queens Park (Queen's Park Station),0,0,0,0
2025-09-13,16,10:00,151,9,12.0,1,1,30.13,0,2025-09-13 08:00:00,2025-09-13 12:00:00,W,Roncesvalles Ave,1,3,1,0
2025-09-13,16,10:00,151,9,12.0,1,1,30.13,0,2025-09-13 08:00:00,2025-09-13 12:00:00,W,De Grassi St,0,0,0,0
2025-09-13,16,10:00,151,9,12.0,1,1,30.13,0,2025-09-13 08:00:00,2025-09-13 12:00:00,W,Parliament St at Carlton St,0,0,0,0
2025-09-13,16,10:00,151,9,12.0,1,1,30.13,0,2025-09-13 08:00:00,2025-09-13 12:00:00,W,Parkside Dr East Side,0,0,0,0
2025-09-13,16,10:00,151,9,12.0,1,1,30.13,0,2025-09-13 08:00:00,2025-09-13 12:00:00,W,Dundas St West,2,3,2,0
2025-09-13,16,10:00,151,9,12.0,1,1,30.13,0,2025-09-13 08:00:00,2025-09-13 12:00:00,W,Howard Park Ave at Roncesvalles Ave,0,0,0,0
2025-09-13,16,10:00,151,9,12.0,1,1,30.13,0,2025-09-13 08:00:00,2025-09-13 12:00:00,W,Parliament St,0,0,0,0
2025-09-13,16,10:00,151,9,12.0,1,1,30.13,0,2025-09-13 08:00:00,2025-09-13 12:00:00,W,Parliament St at Gerrard St East,0,0,0,0
2025-09-13,16,10:00,151,9,12.0,1,1,30.13,0,2025-09-13 08:00:00,2025-09-13 12:00:00,W,Sumach St,0,0,0,0
2025-09-13,16,10:00,151,9,12.0,1,1,30.13,0,2025-09-13 08:00:00,2025-09-13 12:00:00,W,Blackburn St,0,0,0,0
2025-09-13,16,10:00,151,9,12.0,1,1,30.13,0,2025-09-13 08:00:00,2025-09-13 12:00:00,W,Logan Ave,0,0,0,0
2025-09-13,16,10:00,151,9,12.0,1,1,30.13,0,2025-09-13 08:00:00,2025-09-13 12:00:00,W,Augusta Ave,0,0,0,0
2025-09-13,16,10:00,151,9,12.0,1,1,30.13,0,2025-09-13 08:00:00,2025-09-13 12:00:00,W,Beverley St,0,0,0,0
2025-09-13,16,10:00,151,9,12.0,1,1,30.13,0,2025-09-13 08:00:00,2025-09-13 12:00:00,W,University Ave (Queen's Park Station,0,0,0,0
2025-09-13,16,10:00,151,9,12.0,1,1,30.13,0,2025-09-13 08:00:00,2025-09-13 12:00:00,W,Elizabeth St,0,0,0,0
2025-09-13,16,10:00,151,9,12.0,1,1,30.13,0,2025-09-13 08:00:00,2025-09-13 12:00:00,W,Greenwood Ave,0,0,0,0
2025-09-13,16,10:00,151,9,12.0,1,1,30.13,0,2025-09-13 08:00:00,2025-09-13 12:00:00,W,Alton Ave,0,0,0,0
2025-09-13,16,10:00,151,9,12.0,1,1,30.13,0,2025-09-13 08:00:00,2025-09-13 12:00:00,W,Coxwell Ave,0,0,0,0
2025-09-13,16,10:00,151,9,12.0,1,1,30.13,0,2025-09-13 08:00:00,2025-09-13 12:00:00,W,Gerrard St East  at Coxwell Ave,0,0,0,0
2025-09-13,16,10:00,151,9,12.0,1,1,30.13,0,2025-09-13 08:00:00,2025-09-13 12:00:00,W,Coxwell Ave at Lower Gerrard St East,0,0,0,0
2025-09-13,16,10:00,151,9,12.0,1,1,30.13,0,2025-09-13 08:00:00,2025-09-13 12:00:00,W,Ashdale Ave,0,0,0,0
2025-09-13,16,10:00,151,9,12.0,1,1,30.13,0,2025-09-13 08:00:00,2025-09-13 12:00:00,W,Howard Park Ave at Indian Rd,0,0,0,0
2025-09-13,16,10:00,151,9,12.0,1,1,30.13,0,2025-09-13 08:00:00,2025-09-13 12:00:00,W,Dundas St West at Howard Park Ave,0,0,0,0
2025-09-13,16,10:00,151,9,12.0,1,1,30.13,0,2025-09-13 08:00:00,2025-09-13 12:00:00,W,Main St at Gerrard St East,0,0,0,0
2025-09-13,16,10:00,151,9,12.0,1,1,30.13,0,2025-09-13 08:00:00,2025-09-13 12:00:00,W,Main St,0,0,0,0
2025-09-13,16,10:00,151,9,12.0,1,1,30.13,0,2025-09-13 08:00:00,2025-09-13 12:00:00,W,Main St at Danforth Ave,0,0,0,0
2025-09-13,16,10:00,151,9,12.0,1,1,30.13,0,2025-09-13 08:00:00,2025-09-13 12:00:00,W,Howard Park Ave at Parkside Dr,0,0,0,0
2025-09-20,16,10:00,151,9,12.0,1,1,30.13,0,2025-09-20 08:00:00,2025-09-20 12:00:00,E,Woodfield Rd,4,2,1,0
2025-09-20,16,10:00,151,9,12.0,1,1,30.13,0,2025-09-20 08:00:00,2025-09-20 12:00:00,E,Coxwell Ave at Gerrard St East,0,0,0,0
2025-09-20,16,10:00,151,9,12.0,1,1,30.13,0,2025-09-20 08:00:00,2025-09-20 12:00:00,E,Euclid Ave,0,0,0,0
2025-09-20,16,10:00,151,9,12.0,1,1,30.13,0,2025-09-20 08:00:00,2025-09-20 12:00:00,E,Bowmore Rd,1,3,1,0
2025-09-20,16,10:00,151,9,12.0,1,1,30.13,0,2025-09-20 08:00:00,2025-09-20 12:00:00,E,Bay St,1,1,1,0
2025-09-20,16,10:00,151,9,12.0,1,1,30.13,0,2025-09-20 08:00:00,2025-09-20 12:00:00,E,Lansdowne Ave,2,4,2,0
2025-09-20,16,10:00,151,9,12.0,1,1,30.13,0,2025-09-20 08:00:00,2025-09-20 12:00:00,E,Indian Rd,0,1,0,0
2025-09-20,16,10:00,151,9,12.0,1,1,30.13,0,2025-09-20 08:00:00,2025-09-20 12:00:00,E,Grace St,0,4,0,0
2025-09-20,16,10:00,151,9,12.0,1,1,30.13,0,2025-09-20 08:00:00,2025-09-20 12:00:00,E,Dufferin St,4,2,2,0
2025-09-20,16,10:00,151,9,12.0,1,1,30.13,0,2025-09-20 08:00:00,2025-09-20 12:00:00,E,Gerrard St East at Beaton Ave,1,2,1,0
2025-09-20,16,10:00,151,9,12.0,1,1,30.13,0,2025-09-20 08:00:00,2025-09-20 12:00:00,E,Bathurst St,0,1,0,0
2025-09-20,16,10:00,151,9,12.0,1,1,30.13,0,2025-09-20 08:00:00,2025-09-20 12:00:00,E,Yonge St - College Station,2,1,1,0
2025-09-20,16,10:00,151,9,12.0,1,1,30.13,0,2025-09-20 08:00:00,2025-09-20 12:00:00,E,Dundas St West at Sterling Rd,0,0,0,0
2025-09-20,16,10:00,151,9,12.0,1,1,30.13,0,2025-09-20 08:00:00,2025-09-20 12:00:00,E,Brock Ave,1,3,0,0
2025-09-20,16,10:00,151,9,12.0,1,1,30.13,0,2025-09-20 08:00:00,2025-09-20 12:00:00,E,Sackville St,1,2,0,0
2025-09-20,16,10:00,151,9,12.0,1,1,30.13,0,2025-09-20 08:00:00,2025-09-20 12:00:00,E,Carlaw Ave,1,1,1,0
2025-09-20,16,10:00,151,9,12.0,1,1,30.13,0,2025-09-20 08:00:00,2025-09-20 12:00:00,E,Borden St,0,1,0,0
2025-09-20,16,10:00,151,9,12.0,1,1,30.13,0,2025-09-20 08:00:00,2025-09-20 12:00:00,E,Dundas St West at Sorauren Ave,0,0,0,0
2025-09-20,16,10:00,151,9,12.0,1,1,30.13,0,2025-09-20 08:00:00,2025-09-20 12:00:00,E,Crawford St,1,4,0,0
2025-09-20,16,10:00,151,9,12.0,1,1,30.13,0,2025-09-20 08:00:00,2025-09-20 12:00:00,E,Pape Ave,1,1,1,0
2025-09-20,16,10:00,151,9,12.0,1,1,30.13,0,2025-09-20 08:00:00,2025-09-20 12:00:00,E,Spadina Ave,0,1,0,0
2025-09-20,16,10:00,151,9,12.0,1,1,30.13,0,2025-09-20 08:00:00,2025-09-20 12:00:00,E,River St,2,1,0,0
2025-09-20,16,10:00,151,9,12.0,1,1,30.13,0,2025-09-20 08:00:00,2025-09-20 12:00:00,E,Marjory Ave,2,1,1,0
2025-09-20,16,10:00,151,9,12.0,1,1,30.13,0,2025-09-20 08:00:00,2025-09-20 12:00:00,E,Kingsmount Park Rd,1,3,0,0
2025-09-20,16,10:00,151,9,12.0,1,1,30.13,0,2025-09-20 08:00:00,2025-09-20 12:00:00,E,Church St,0,0,0,0
2025-09-20,16,10:00,151,9,12.0,1,1,30.13,0,2025-09-20 08:00:00,2025-09-20 12:00:00,E,Ossington Ave,0,3,0,0
2025-09-20,16,10:00,151,9,12.0,1,1,30.13,0,2025-09-20 08:00:00,2025-09-20 12:00:00,E,Woodbine Ave,1,3,0,0
2025-09-20,16,10:00,151,9,12.0,1,1,30.13,0,2025-09-20 08:00:00,2025-09-20 12:00:00,E,Jones Ave,3,1,1,0
2025-09-20,16,10:00,151,9,12.0,1,1,30.13,0,2025-09-20 08:00:00,2025-09-20 12:00:00,E,Golfview Ave,1,4,1,0
2025-09-20,16,10:00,151,9,12.0,1,1,30.13,0,2025-09-20 08:00:00,2025-09-20 12:00:00,E,Leslie St,4,2,1,0
2025-09-20,16,10:00,151,9,12.0,1,1,30.13,0,2025-09-20 08:00:00,2025-09-20 12:00:00,E,St Matthews Rd,1,1,0,0
2025-09-20,16,10:00,151,9,12.0,1,1,30.13,0,2025-09-20 08:00:00,2025-09-20 12:00:00,E,Jarvis St,0,0,0,0
2025-09-20,16,10:00,151,9,12.0,1,1,30.13,0,2025-09-20 08:00:00,2025-09-20 12:00:00,E,Sherbourne St,0,0,0,0
2025-09-20,16,10:00,151,9,12.0,1,1,30.13,0,2025-09-20 08:00:00,2025-09-20 12:00:00,E,St George St,1,1,0,0
2025-09-20,16,10:00,151,9,12.0,1,1,30.13,0,2025-09-20 08:00:00,2025-09-20 12:00:00,E,Dovercourt Rd,1,2,0,0
2025-09-20,16,10:00,151,9,12.0,1,1,30.13,0,2025-09-20 08:00:00,2025-09-20 12:00:00,E,Glenmount Park Rd,1,4,1,0
2025-09-20,16,10:00,151,9,12.0,1,1,30.13,0,2025-09-20 08:00:00,2025-09-20 12:00:00,E,Prust Ave,4,2,1,0
2025-09-20,16,10:00,151,9,12.0,1,1,30.13,0,2025-09-20 08:00:00,2025-09-20 12:00:00,E,Main Street Station at Bay 7,0,0,0,0
2025-09-20,16,10:00,151,9,12.0,1,1,30.13,0,2025-09-20 08:00:00,2025-09-20 12:00:00,E,Norwood Rd,2,4,1,0
2025-09-20,16,10:00,151,9,12.0,1,1,30.13,0,2025-09-20 08:00:00,2025-09-20 12:00:00,E,McCaul St,1,1,0,0
2025-09-20,16,10:00,151,9,12.0,1,1,30.13,0,2025-09-20 08:00:00,2025-09-20 12:00:00,E,Broadview Ave,1,1,0,0
2025-09-20,16,10:00,151,9,12.0,1,1,30.13,0,2025-09-20 08:00:00,2025-09-20 12:00:00,E,Ontario St,0,2,0,0
2025-09-20,16,10:00,151,9,12.0,1,1,30.13,0,2025-09-20 08:00:00,2025-09-20 12:00:00,E,Rusholme Park Cres,0,1,0,0
2025-09-20,16,10:00,151,9,12.0,1,1,30.13,0,2025-09-20 08:00:00,2025-09-20 12:00:00,E,Havelock St,4,2,1,0
2025-09-20,16,10:00,151,9,12.0,1,1,30.13,0,2025-09-20 08:00:00,2025-09-20 12:00:00,E,High Park Loop,0,2,0,0
2025-09-20,16,10:00,151,9,12.0,1,1,30.13,0,2025-09-20 08:00:00,2025-09-20 12:00:00,E,Queens Park (Queen's Park Station),2,1,0,0
2025-09-20,16,10:00,151,9,12.0,1,1,30.13,0,2025-09-20 08:00:00,2025-09-20 12:00:00,E,Roncesvalles Ave,0,2,0,0
2025-09-20,16,10:00,151,9,12.0,1,1,30.13,0,2025-09-20 08:00:00,2025-09-20 12:00:00,E,De Grassi St,1,1,0,0
2025-09-20,16,10:00,151,9,12.0,1,1,30.13,0,2025-09-20 08:00:00,2025-09-20 12:00:00,E,Parliament St at Carlton St,0,2,0,0
2025-09-20,16,10:00,151,9,12.0,1,1,30.13,0,2025-09-20 08:00:00,2025-09-20 12:00:00,E,Parkside Dr East Side,0,1,0,0
2025-09-20,16,10:00,151,9,12.0,1,1,30.13,0,2025-09-20 08:00:00,2025-09-20 12:00:00,E,Dundas St West,0,0,0,0
2025-09-20,16,10:00,151,9,12.0,1,1,30.13,0,2025-09-20 08:00:00,2025-09-20 12:00:00,E,Howard Park Ave at Roncesvalles Ave,0,0,0,0
2025-09-20,16,10:00,151,9,12.0,1,1,30.13,0,2025-09-20 08:00:00,2025-09-20 12:00:00,E,Parliament St,0,0,0,0
2025-09-20,16,10:00,151,9,12.0,1,1,30.13,0,2025-09-20 08:00:00,2025-09-20 12:00:00,E,Parliament St at Gerrard St East,0,0,0,0
2025-09-20,16,10:00,151,9,12.0,1,1,30.13,0,2025-09-20 08:00:00,2025-09-20 12:00:00,E,Sumach St,0,0,0,0
2025-09-20,16,10:00,151,9,12.0,1,1,30.13,0,2025-09-20 08:00:00,2025-09-20 12:00:00,E,Blackburn St,0,0,0,0
2025-09-20,16,10:00,151,9,12.0,1,1,30.13,0,2025-09-20 08:00:00,2025-09-20 12:00:00,E,Logan Ave,0,1,0,0
2025-09-20,16,10:00,151,9,12.0,1,1,30.13,0,2025-09-20 08:00:00,2025-09-20 12:00:00,E,Augusta Ave,0,0,0,0
2025-09-20,16,10:00,151,9,12.0,1,1,30.13,0,2025-09-20 08:00:00,2025-09-20 12:00:00,E,Beverley St,0,0,0,0
2025-09-20,16,10:00,151,9,12.0,1,1,30.13,0,2025-09-20 08:00:00,2025-09-20 12:00:00,E,University Ave (Queen's Park Station,0,0,0,0
2025-09-20,16,10:00,151,9,12.0,1,1,30.13,0,2025-09-20 08:00:00,2025-09-20 12:00:00,E,Elizabeth St,0,0,0,0
2025-09-20,16,10:00,151,9,12.0,1,1,30.13,0,2025-09-20 08:00:00,2025-09-20 12:00:00,E,Greenwood Ave,0,0,0,0
2025-09-20,16,10:00,151,9,12.0,1,1,30.13,0,2025-09-20 08:00:00,2025-09-20 12:00:00,E,Alton Ave,0,0,0,0
2025-09-20,16,10:00,151,9,12.0,1,1,30.13,0,2025-09-20 08:00:00,2025-09-20 12:00:00,E,Coxwell Ave,0,0,0,0
2025-09-20,16,10:00,151,9,12.0,1,1,30.13,0,2025-09-20 08:00:00,2025-09-20 12:00:00,E,Gerrard St East  at Coxwell Ave,0,0,0,0
2025-09-20,16,10:00,151,9,12.0,1,1,30.13,0,2025-09-20 08:00:00,2025-09-20 12:00:00,E,Coxwell Ave at Lower Gerrard St East,0,0,0,0
2025-09-20,16,10:00,151,9,12.0,1,1,30.13,0,2025-09-20 08:00:00,2025-09-20 12:00:00,E,Ashdale Ave,0,0,0,0
2025-09-20,16,10:00,151,9,12.0,1,1,30.13,0,2025-09-20 08:00:00,2025-09-20 12:00:00,E,Howard Park Ave at Indian Rd,0,0,0,0
2025-09-20,16,10:00,151,9,12.0,1,1,30.13,0,2025-09-20 08:00:00,2025-09-20 12:00:00,E,Dundas St West at Howard Park Ave,0,0,0,0
2025-09-20,16,10:00,151,9,12.0,1,1,30.13,0,2025-09-20 08:00:00,2025-09-20 12:00:00,E,Main St at Gerrard St East,0,0,0,0
2025-09-20,16,10:00,151,9,12.0,1,1,30.13,0,2025-09-20 08:00:00,2025-09-20 12:00:00,E,Main St,0,0,0,0
2025-09-20,16,10:00,151,9,12.0,1,1,30.13,0,2025-09-20 08:00:00,2025-09-20 12:00:00,E,Main St at Danforth Ave,0,0,0,0
2025-09-20,16,10:00,151,9,12.0,1,1,30.13,0,2025-09-20 08:00:00,2025-09-20 12:00:00,E,Howard Park Ave at Parkside Dr,0,0,0,0
2025-09-20,16,10:00,151,9,12.0,1,1,30.13,0,2025-09-20 08:00:00,2025-09-20 12:00:00,W,Woodfield Rd,3,2,1,0
2025-09-20,16,10:00,151,9,12.0,1,1,30.13,0,2025-09-20 08:00:00,2025-09-20 12:00:00,W,Coxwell Ave at Gerrard St East,2,2,1,0
2025-09-20,16,10:00,151,9,12.0,1,1,30.13,0,2025-09-20 08:00:00,2025-09-20 12:00:00,W,Euclid Ave,0,0,0,0
2025-09-20,16,10:00,151,9,12.0,1,1,30.13,0,2025-09-20 08:00:00,2025-09-20 12:00:00,W,Bowmore Rd,0,3,1,0
2025-09-20,16,10:00,151,9,12.0,1,1,30.13,0,2025-09-20 08:00:00,2025-09-20 12:00:00,W,Bay St,2,2,1,0
2025-09-20,16,10:00,151,9,12.0,1,1,30.13,0,2025-09-20 08:00:00,2025-09-20 12:00:00,W,Lansdowne Ave,0,0,0,0
2025-09-20,16,10:00,151,9,12.0,1,1,30.13,0,2025-09-20 08:00:00,2025-09-20 12:00:00,W,Indian Rd,2,4,0,0
2025-09-20,16,10:00,151,9,12.0,1,1,30.13,0,2025-09-20 08:00:00,2025-09-20 12:00:00,W,Grace St,0,0,0,0
2025-09-20,16,10:00,151,9,12.0,1,1,30.13,0,2025-09-20 08:00:00,2025-09-20 12:00:00,W,Dufferin St,3,2,0,0
2025-09-20,16,10:00,151,9,12.0,1,1,30.13,0,2025-09-20 08:00:00,2025-09-20 12:00:00,W,Gerrard St East at Beaton Ave,0,3,1,0
2025-09-20,16,10:00,151,9,12.0,1,1,30.13,0,2025-09-20 08:00:00,2025-09-20 12:00:00,W,Bathurst St,0,0,0,0
2025-09-20,16,10:00,151,9,12.0,1,1,30.13,0,2025-09-20 08:00:00,2025-09-20 12:00:00,W,Yonge St - College Station,0,0,0,0
2025-09-20,16,10:00,151,9,12.0,1,1,30.13,0,2025-09-20 08:00:00,2025-09-20 12:00:00,W,Dundas St West at Sterling Rd,0,0,0,0
2025-09-20,16,10:00,151,9,12.0,1,1,30.13,0,2025-09-20 08:00:00,2025-09-20 12:00:00,W,Brock Ave,0,0,0,0
2025-09-20,16,10:00,151,9,12.0,1,1,30.13,0,2025-09-20 08:00:00,2025-09-20 12:00:00,W,Sackville St,4,2,0,0
2025-09-20,16,10:00,151,9,12.0,1,1,30.13,0,2025-09-20 08:00:00,2025-09-20 12:00:00,W,Carlaw Ave,0,0,0,0
2025-09-20,16,10:00,151,9,12.0,1,1,30.13,0,2025-09-20 08:00:00,2025-09-20 12:00:00,W,Borden St,0,0,0,0
2025-09-20,16,10:00,151,9,12.0,1,1,30.13,0,2025-09-20 08:00:00,2025-09-20 12:00:00,W,Dundas St West at Sorauren Ave,2,2,0,0
2025-09-20,16,10:00,151,9,12.0,1,1,30.13,0,2025-09-20 08:00:00,2025-09-20 12:00:00,W,Crawford St,0,0,0,0
2025-09-20,16,10:00,151,9,12.0,1,1,30.13,0,2025-09-20 08:00:00,2025-09-20 12:00:00,W,Pape Ave,0,0,0,0
2025-09-20,16,10:00,151,9,12.0,1,1,30.13,0,2025-09-20 08:00:00,2025-09-20 12:00:00,W,Spadina Ave,4,2,1,1
2025-09-20,16,10:00,151,9,12.0,1,1,30.13,0,2025-09-20 08:00:00,2025-09-20 12:00:00,W,River St,5,2,0,0
2025-09-20,16,10:00,151,9,12.0,1,1,30.13,0,2025-09-20 08:00:00,2025-09-20 12:00:00,W,Marjory Ave,0,0,0,0
2025-09-20,16,10:00,151,9,12.0,1,1,30.13,0,2025-09-20 08:00:00,2025-09-20 12:00:00,W,Kingsmount Park Rd,0,0,0,0
2025-09-20,16,10:00,151,9,12.0,1,1,30.13,0,2025-09-20 08:00:00,2025-09-20 12:00:00,W,Church St,0,0,0,0
2025-09-20,16,10:00,151,9,12.0,1,1,30.13,0,2025-09-20 08:00:00,2025-09-20 12:00:00,W,Ossington Ave,0,0,0,0
2025-09-20,16,10:00,151,9,12.0,1,1,30.13,0,2025-09-20 08:00:00,2025-09-20 12:00:00,W,Woodbine Ave,0,0,0,0
2025-09-20,16,10:00,151,9,12.0,1,1,30.13,0,2025-09-20 08:00:00,2025-09-20 12:00:00,W,Jones Ave,0,0,0,0
2025-09-20,16,10:00,151,9,12.0,1,1,30.13,0,2025-09-20 08:00:00,2025-09-20 12:00:00,W,Golfview Ave,0,0,0,0
2025-09-20,16,10:00,151,9,12.0,1,1,30.13,0,2025-09-20 08:00:00,2025-09-20 12:00:00,W,Leslie St,0,0,0,0
2025-09-20,16,10:00,151,9,12.0,1,1,30.13,0,2025-09-20 08:00:00,2025-09-20 12:00:00,W,St Matthews Rd,0,0,0,0
2025-09-20,16,10:00,151,9,12.0,1,1,30.13,0,2025-09-20 08:00:00,2025-09-20 12:00:00,W,Jarvis St,0,0,0,0
2025-09-20,16,10:00,151,9,12.0,1,1,30.13,0,2025-09-20 08:00:00,2025-09-20 12:00:00,W,Sherbourne St,0,0,0,0
2025-09-20,16,10:00,151,9,12.0,1,1,30.13,0,2025-09-20 08:00:00,2025-09-20 12:00:00,W,St George St,0,0,0,0
2025-09-20,16,10:00,151,9,12.0,1,1,30.13,0,2025-09-20 08:00:00,2025-09-20 12:00:00,W,Dovercourt Rd,0,0,0,0
2025-09-20,16,10:00,151,9,12.0,1,1,30.13,0,2025-09-20 08:00:00,2025-09-20 12:00:00,W,Glenmount Park Rd,0,0,0,0
2025-09-20,16,10:00,151,9,12.0,1,1,30.13,0,2025-09-20 08:00:00,2025-09-20 12:00:00,W,Prust Ave,0,0,0,0
2025-09-20,16,10:00,151,9,12.0,1,1,30.13,0,2025-09-20 08:00:00,2025-09-20 12:00:00,W,Main Street Station at Bay 7,0,2,1,0
2025-09-20,16,10:00,151,9,12.0,1,1,30.13,0,2025-09-20 08:00:00,2025-09-20 12:00:00,W,Norwood Rd,0,0,0,0
2025-09-20,16,10:00,151,9,12.0,1,1,30.13,0,2025-09-20 08:00:00,2025-09-20 12:00:00,W,McCaul St,0,0,0,0
2025-09-20,16,10:00,151,9,12.0,1,1,30.13,0,2025-09-20 08:00:00,2025-09-20 12:00:00,W,Broadview Ave,0,0,0,0
2025-09-20,16,10:00,151,9,12.0,1,1,30.13,0,2025-09-20 08:00:00,2025-09-20 12:00:00,W,Ontario St,0,0,0,0
2025-09-20,16,10:00,151,9,12.0,1,1,30.13,0,2025-09-20 08:00:00,2025-09-20 12:00:00,W,Rusholme Park Cres,0,0,0,0
2025-09-20,16,10:00,151,9,12.0,1,1,30.13,0,2025-09-20 08:00:00,2025-09-20 12:00:00,W,Havelock St,0,0,0,0
2025-09-20,16,10:00,151,9,12.0,1,1,30.13,0,2025-09-20 08:00:00,2025-09-20 12:00:00,W,High Park Loop,0,0,0,0
2025-09-20,16,10:00,151,9,12.0,1,1,30.13,0,2025-09-20 08:00:00,2025-09-20 12:00:00,W,Queens Park (Queen's Park Station),0,0,0,0
2025-09-20,16,10:00,151,9,12.0,1,1,30.13,0,2025-09-20 08:00:00,2025-09-20 12:00:00,W,Roncesvalles Ave,2,3,0,0
2025-09-20,16,10:00,151,9,12.0,1,1,30.13,0,2025-09-20 08:00:00,2025-09-20 12:00:00,W,De Grassi St,0,0,0,0
2025-09-20,16,10:00,151,9,12.0,1,1,30.13,0,2025-09-20 08:00:00,2025-09-20 12:00:00,W,Parliament St at Carlton St,0,0,0,0
2025-09-20,16,10:00,151,9,12.0,1,1,30.13,0,2025-09-20 08:00:00,2025-09-20 12:00:00,W,Parkside Dr East Side,0,0,0,0
2025-09-20,16,10:00,151,9,12.0,1,1,30.13,0,2025-09-20 08:00:00,2025-09-20 12:00:00,W,Dundas St West,2,2,0,0
2025-09-20,16,10:00,151,9,12.0,1,1,30.13,0,2025-09-20 08:00:00,2025-09-20 12:00:00,W,Howard Park Ave at Roncesvalles Ave,0,0,0,0
2025-09-20,16,10:00,151,9,12.0,1,1,30.13,0,2025-09-20 08:00:00,2025-09-20 12:00:00,W,Parliament St,0,0,0,0
2025-09-20,16,10:00,151,9,12.0,1,1,30.13,0,2025-09-20 08:00:00,2025-09-20 12:00:00,W,Parliament St at Gerrard St East,0,0,0,0
2025-09-20,16,10:00,151,9,12.0,1,1,30.13,0,2025-09-20 08:00:00,2025-09-20 12:00:00,W,Sumach St,0,0,0,0
2025-09-20,16,10:00,151,9,12.0,1,1,30.13,0,2025-09-20 08:00:00,2025-09-20 12:00:00,W,Blackburn St,0,0,0,0
2025-09-20,16,10:00,151,9,12.0,1,1,30.13,0,2025-09-20 08:00:00,2025-09-20 12:00:00,W,Logan Ave,0,0,0,0
2025-09-20,16,10:00,151,9,12.0,1,1,30.13,0,2025-09-20 08:00:00,2025-09-20 12:00:00,W,Augusta Ave,0,0,0,0
2025-09-20,16,10:00,151,9,12.0,1,1,30.13,0,2025-09-20 08:00:00,2025-09-20 12:00:00,W,Beverley St,0,0,0,0
2025-09-20,16,10:00,151,9,12.0,1,1,30.13,0,2025-09-20 08:00:00,2025-09-20 12:00:00,W,University Ave (Queen's Park Station,0,0,0,0
2025-09-20,16,10:00,151,9,12.0,1,1,30.13,0,2025-09-20 08:00:00,2025-09-20 12:00:00,W,Elizabeth St,0,0,0,0
2025-09-20,16,10:00,151,9,12.0,1,1,30.13,0,2025-09-20 08:00:00,2025-09-20 12:00:00,W,Greenwood Ave,0,0,0,0
2025-09-20,16,10:00,151,9,12.0,1,1,30.13,0,2025-09-20 08:00:00,2025-09-20 12:00:00,W,Alton Ave,0,0,0,0
2025-09-20,16,10:00,151,9,12.0,1,1,30.13,0,2025-09-20 08:00:00,2025-09-20 12:00:00,W,Coxwell Ave,0,0,0,0
2025-09-20,16,10:00,151,9,12.0,1,1,30.13,0,2025-09-20 08:00:00,2025-09-20 12:00:00,W,Gerrard St East  at Coxwell Ave,0,0,0,0
2025-09-20,16,10:00,151,9,12.0,1,1,30.13,0,2025-09-20 08:00:00,2025-09-20 12:00:00,W,Coxwell Ave at Lower Gerrard St East,0,0,0,0
2025-09-20,16,10:00,151,9,12.0,1,1,30.13,0,2025-09-20 08:00:00,2025-09-20 12:00:00,W,Ashdale Ave,0,0,0,0
2025-09-20,16,10:00,151,9,12.0,1,1,30.13,0,2025-09-20 08:00:00,2025-09-20 12:00:00,W,Howard Park Ave at Indian Rd,0,0,0,0
2025-09-20,16,10:00,151,9,12.0,1,1,30.13,0,2025-09-20 08:00:00,2025-09-20 12:00:00,W,Dundas St West at Howard Park Ave,0,0,0,0
2025-09-20,16,10:00,151,9,12.0,1,1,30.13,0,2025-09-20 08:00:00,2025-09-20 12:00:00,W,Main St at Gerrard St East,0,0,0,0
2025-09-20,16,10:00,151,9,12.0,1,1,30.13,0,2025-09-20 08:00:00,2025-09-20 12:00:00,W,Main St,0,0,0,0
2025-09-20,16,10:00,151,9,12.0,1,1,30.13,0,2025-09-20 08:00:00,2025-09-20 12:00:00,W,Main St at Danforth Ave,0,0,0,0
2025-09-20,16,10:00,151,9,12.0,1,1,30.13,0,2025-09-20 08:00:00,2025-09-20 12:00:00,W,Howard Park Ave at Parkside Dr,0,0,0,0
2025-09-27,16,10:00,151,9,12.0,1,1,30.13,0,2025-09-27 08:00:00,2025-09-27 12:00:00,E,Woodfield Rd,1,2,1,0
2025-09-27,16,10:00,151,9,12.0,1,1,30.13,0,2025-09-27 08:00:00,2025-09-27 12:00:00,E,Coxwell Ave at Gerrard St East,0,0,0,0
2025-09-27,16,10:00,151,9,12.0,1,1,30.13,0,2025-09-27 08:00:00,2025-09-27 12:00:00,E,Euclid Ave,0,0,0,0
2025-09-27,16,10:00,151,9,12.0,1,1,30.13,0,2025-09-27 08:00:00,2025-09-27 12:00:00,E,Bowmore Rd,1,2,2,0
2025-09-27,16,10:00,151,9,12.0,1,1,30.13,0,2025-09-27 08:00:00,2025-09-27 12:00:00,E,Bay St,1,0,0,0
2025-09-27,16,10:00,151,9,12.0,1,1,30.13,0,2025-09-27 08:00:00,2025-09-27 12:00:00,E,Lansdowne Ave,1,4,1,0
2025-09-27,16,10:00,151,9,12.0,1,1,30.13,0,2025-09-27 08:00:00,2025-09-27 12:00:00,E,Indian Rd,2,3,1,2
2025-09-27,16,10:00,151,9,12.0,1,1,30.13,0,2025-09-27 08:00:00,2025-09-27 12:00:00,E,Grace St,0,4,1,1
2025-09-27,16,10:00,151,9,12.0,1,1,30.13,0,2025-09-27 08:00:00,2025-09-27 12:00:00,E,Dufferin St,3,1,2,0
2025-09-27,16,10:00,151,9,12.0,1,1,30.13,0,2025-09-27 08:00:00,2025-09-27 12:00:00,E,Gerrard St East at Beaton Ave,1,2,2,0
2025-09-27,16,10:00,151,9,12.0,1,1,30.13,0,2025-09-27 08:00:00,2025-09-27 12:00:00,E,Bathurst St,1,2,0,0
2025-09-27,16,10:00,151,9,12.0,1,1,30.13,0,2025-09-27 08:00:00,2025-09-27 12:00:00,E,Yonge St - College Station,1,3,0,0
2025-09-27,16,10:00,151,9,12.0,1,1,30.13,0,2025-09-27 08:00:00,2025-09-27 12:00:00,E,Dundas St West at Sterling Rd,0,1,0,0
2025-09-27,16,10:00,151,9,12.0,1,1,30.13,0,2025-09-27 08:00:00,2025-09-27 12:00:00,E,Brock Ave,1,3,2,0
2025-09-27,16,10:00,151,9,12.0,1,1,30.13,0,2025-09-27 08:00:00,2025-09-27 12:00:00,E,Sackville St,1,1,0,0
2025-09-27,16,10:00,151,9,12.0,1,1,30.13,0,2025-09-27 08:00:00,2025-09-27 12:00:00,E,Carlaw Ave,1,3,0,0
2025-09-27,16,10:00,151,9,12.0,1,1,30.13,0,2025-09-27 08:00:00,2025-09-27 12:00:00,E,Borden St,0,3,0,0
2025-09-27,16,10:00,151,9,12.0,1,1,30.13,0,2025-09-27 08:00:00,2025-09-27 12:00:00,E,Dundas St West at Sorauren Ave,0,1,0,0
2025-09-27,16,10:00,151,9,12.0,1,1,30.13,0,2025-09-27 08:00:00,2025-09-27 12:00:00,E,Crawford St,1,4,1,1
2025-09-27,16,10:00,151,9,12.0,1,1,30.13,0,2025-09-27 08:00:00,2025-09-27 12:00:00,E,Pape Ave,1,3,0,0
2025-09-27,16,10:00,151,9,12.0,1,1,30.13,0,2025-09-27 08:00:00,2025-09-27 12:00:00,E,Spadina Ave,0,2,0,0
2025-09-27,16,10:00,151,9,12.0,1,1,30.13,0,2025-09-27 08:00:00,2025-09-27 12:00:00,E,River St,1,1,0,0
2025-09-27,16,10:00,151,9,12.0,1,1,30.13,0,2025-09-27 08:00:00,2025-09-27 12:00:00,E,Marjory Ave,1,3,0,0
2025-09-27,16,10:00,151,9,12.0,1,1,30.13,0,2025-09-27 08:00:00,2025-09-27 12:00:00,E,Kingsmount Park Rd,1,2,2,0
2025-09-27,16,10:00,151,9,12.0,1,1,30.13,0,2025-09-27 08:00:00,2025-09-27 12:00:00,E,Church St,0,0,0,0
2025-09-27,16,10:00,151,9,12.0,1,1,30.13,0,2025-09-27 08:00:00,2025-09-27 12:00:00,E,Ossington Ave,1,6,1,2
2025-09-27,16,10:00,151,9,12.0,1,1,30.13,0,2025-09-27 08:00:00,2025-09-27 12:00:00,E,Woodbine Ave,1,2,2,0
2025-09-27,16,10:00,151,9,12.0,1,1,30.13,0,2025-09-27 08:00:00,2025-09-27 12:00:00,E,Jones Ave,1,3,1,1
2025-09-27,16,10:00,151,9,12.0,1,1,30.13,0,2025-09-27 08:00:00,2025-09-27 12:00:00,E,Golfview Ave,1,3,1,0
2025-09-27,16,10:00,151,9,12.0,1,1,30.13,0,2025-09-27 08:00:00,2025-09-27 12:00:00,E,Leslie St,1,3,2,1
2025-09-27,16,10:00,151,9,12.0,1,1,30.13,0,2025-09-27 08:00:00,2025-09-27 12:00:00,E,St Matthews Rd,1,1,0,0
2025-09-27,16,10:00,151,9,12.0,1,1,30.13,0,2025-09-27 08:00:00,2025-09-27 12:00:00,E,Jarvis St,0,1,0,0
2025-09-27,16,10:00,151,9,12.0,1,1,30.13,0,2025-09-27 08:00:00,2025-09-27 12:00:00,E,Sherbourne St,0,1,0,0
2025-09-27,16,10:00,151,9,12.0,1,1,30.13,0,2025-09-27 08:00:00,2025-09-27 12:00:00,E,St George St,0,2,0,0
2025-09-27,16,10:00,151,9,12.0,1,1,30.13,0,2025-09-27 08:00:00,2025-09-27 12:00:00,E,Dovercourt Rd,0,5,0,0
2025-09-27,16,10:00,151,9,12.0,1,1,30.13,0,2025-09-27 08:00:00,2025-09-27 12:00:00,E,Glenmount Park Rd,1,3,1,0
2025-09-27,16,10:00,151,9,12.0,1,1,30.13,0,2025-09-27 08:00:00,2025-09-27 12:00:00,E,Prust Ave,2,3,3,0
2025-09-27,16,10:00,151,9,12.0,1,1,30.13,0,2025-09-27 08:00:00,2025-09-27 12:00:00,E,Main Street Station at Bay 7,0,0,0,0
2025-09-27,16,10:00,151,9,12.0,1,1,30.13,0,2025-09-27 08:00:00,2025-09-27 12:00:00,E,Norwood Rd,1,3,1,0
2025-09-27,16,10:00,151,9,12.0,1,1,30.13,0,2025-09-27 08:00:00,2025-09-27 12:00:00,E,McCaul St,0,2,0,0
2025-09-27,16,10:00,151,9,12.0,1,1,30.13,0,2025-09-27 08:00:00,2025-09-27 12:00:00,E,Broadview Ave,0,1,0,0
2025-09-27,16,10:00,151,9,12.0,1,1,30.13,0,2025-09-27 08:00:00,2025-09-27 12:00:00,E,Ontario St,0,1,0,0
2025-09-27,16,10:00,151,9,12.0,1,1,30.13,0,2025-09-27 08:00:00,2025-09-27 12:00:00,E,Rusholme Park Cres,0,2,0,0
2025-09-27,16,10:00,151,9,12.0,1,1,30.13,0,2025-09-27 08:00:00,2025-09-27 12:00:00,E,Havelock St,1,3,2,0
2025-09-27,16,10:00,151,9,12.0,1,1,30.13,0,2025-09-27 08:00:00,2025-09-27 12:00:00,E,High Park Loop,3,4,1,6
2025-09-27,16,10:00,151,9,12.0,1,1,30.13,0,2025-09-27 08:00:00,2025-09-27 12:00:00,E,Queens Park (Queen's Park Station),0,2,0,0
2025-09-27,16,10:00,151,9,12.0,1,1,30.13,0,2025-09-27 08:00:00,2025-09-27 12:00:00,E,Roncesvalles Ave,0,1,0,0
2025-09-27,16,10:00,151,9,12.0,1,1,30.13,0,2025-09-27 08:00:00,2025-09-27 12:00:00,E,De Grassi St,0,1,0,0
2025-09-27,16,10:00,151,9,12.0,1,1,30.13,0,2025-09-27 08:00:00,2025-09-27 12:00:00,E,Parliament St at Carlton St,0,1,0,0
2025-09-27,16,10:00,151,9,12.0,1,1,30.13,0,2025-09-27 08:00:00,2025-09-27 12:00:00,E,Parkside Dr East Side,2,2,1,3
2025-09-27,16,10:00,151,9,12.0,1,1,30.13,0,2025-09-27 08:00:00,2025-09-27 12:00:00,E,Dundas St West,0,1,0,0
2025-09-27,16,10:00,151,9,12.0,1,1,30.13,0,2025-09-27 08:00:00,2025-09-27 12:00:00,E,Howard Park Ave at Roncesvalles Ave,0,0,0,0
2025-09-27,16,10:00,151,9,12.0,1,1,30.13,0,2025-09-27 08:00:00,2025-09-27 12:00:00,E,Parliament St,0,0,0,0
2025-09-27,16,10:00,151,9,12.0,1,1,30.13,0,2025-09-27 08:00:00,2025-09-27 12:00:00,E,Parliament St at Gerrard St East,0,0,0,0
2025-09-27,16,10:00,151,9,12.0,1,1,30.13,0,2025-09-27 08:00:00,2025-09-27 12:00:00,E,Sumach St,0,0,0,0
2025-09-27,16,10:00,151,9,12.0,1,1,30.13,0,2025-09-27 08:00:00,2025-09-27 12:00:00,E,Blackburn St,0,0,0,0
2025-09-27,16,10:00,151,9,12.0,1,1,30.13,0,2025-09-27 08:00:00,2025-09-27 12:00:00,E,Logan Ave,1,2,0,0
2025-09-27,16,10:00,151,9,12.0,1,1,30.13,0,2025-09-27 08:00:00,2025-09-27 12:00:00,E,Augusta Ave,0,0,0,0
2025-09-27,16,10:00,151,9,12.0,1,1,30.13,0,2025-09-27 08:00:00,2025-09-27 12:00:00,E,Beverley St,0,0,0,0
2025-09-27,16,10:00,151,9,12.0,1,1,30.13,0,2025-09-27 08:00:00,2025-09-27 12:00:00,E,University Ave (Queen's Park Station,0,0,0,0
2025-09-27,16,10:00,151,9,12.0,1,1,30.13,0,2025-09-27 08:00:00,2025-09-27 12:00:00,E,Elizabeth St,0,0,0,0
2025-09-27,16,10:00,151,9,12.0,1,1,30.13,0,2025-09-27 08:00:00,2025-09-27 12:00:00,E,Greenwood Ave,0,0,0,0
2025-09-27,16,10:00,151,9,12.0,1,1,30.13,0,2025-09-27 08:00:00,2025-09-27 12:00:00,E,Alton Ave,0,0,0,0
2025-09-27,16,10:00,151,9,12.0,1,1,30.13,0,2025-09-27 08:00:00,2025-09-27 12:00:00,E,Coxwell Ave,0,0,0,0
2025-09-27,16,10:00,151,9,12.0,1,1,30.13,0,2025-09-27 08:00:00,2025-09-27 12:00:00,E,Gerrard St East  at Coxwell Ave,0,0,0,0
2025-09-27,16,10:00,151,9,12.0,1,1,30.13,0,2025-09-27 08:00:00,2025-09-27 12:00:00,E,Coxwell Ave at Lower Gerrard St East,0,0,0,0
2025-09-27,16,10:00,151,9,12.0,1,1,30.13,0,2025-09-27 08:00:00,2025-09-27 12:00:00,E,Ashdale Ave,0,0,0,0
2025-09-27,16,10:00,151,9,12.0,1,1,30.13,0,2025-09-27 08:00:00,2025-09-27 12:00:00,E,Howard Park Ave at Indian Rd,0,0,0,0
2025-09-27,16,10:00,151,9,12.0,1,1,30.13,0,2025-09-27 08:00:00,2025-09-27 12:00:00,E,Dundas St West at Howard Park Ave,0,0,0,0
2025-09-27,16,10:00,151,9,12.0,1,1,30.13,0,2025-09-27 08:00:00,2025-09-27 12:00:00,E,Main St at Gerrard St East,0,0,0,0
2025-09-27,16,10:00,151,9,12.0,1,1,30.13,0,2025-09-27 08:00:00,2025-09-27 12:00:00,E,Main St,0,0,0,0
2025-09-27,16,10:00,151,9,12.0,1,1,30.13,0,2025-09-27 08:00:00,2025-09-27 12:00:00,E,Main St at Danforth Ave,0,0,0,0
2025-09-27,16,10:00,151,9,12.0,1,1,30.13,0,2025-09-27 08:00:00,2025-09-27 12:00:00,E,Howard Park Ave at Parkside Dr,0,0,0,0
2025-09-27,16,10:00,151,9,12.0,1,1,30.13,0,2025-09-27 08:00:00,2025-09-27 12:00:00,W,Woodfield Rd,1,2,1,1
2025-09-27,16,10:00,151,9,12.0,1,1,30.13,0,2025-09-27 08:00:00,2025-09-27 12:00:00,W,Coxwell Ave at Gerrard St East,0,2,1,2
2025-09-27,16,10:00,151,9,12.0,1,1,30.13,0,2025-09-27 08:00:00,2025-09-27 12:00:00,W,Euclid Ave,0,0,0,0
2025-09-27,16,10:00,151,9,12.0,1,1,30.13,0,2025-09-27 08:00:00,2025-09-27 12:00:00,W,Bowmore Rd,0,1,1,1
2025-09-27,16,10:00,151,9,12.0,1,1,30.13,0,2025-09-27 08:00:00,2025-09-27 12:00:00,W,Bay St,2,1,1,1
2025-09-27,16,10:00,151,9,12.0,1,1,30.13,0,2025-09-27 08:00:00,2025-09-27 12:00:00,W,Lansdowne Ave,0,0,0,0
2025-09-27,16,10:00,151,9,12.0,1,1,30.13,0,2025-09-27 08:00:00,2025-09-27 12:00:00,W,Indian Rd,1,3,1,0
2025-09-27,16,10:00,151,9,12.0,1,1,30.13,0,2025-09-27 08:00:00,2025-09-27 12:00:00,W,Grace St,0,0,0,0
2025-09-27,16,10:00,151,9,12.0,1,1,30.13,0,2025-09-27 08:00:00,2025-09-27 12:00:00,W,Dufferin St,3,2,3,0
2025-09-27,16,10:00,151,9,12.0,1,1,30.13,0,2025-09-27 08:00:00,2025-09-27 12:00:00,W,Gerrard St East at Beaton Ave,0,2,1,1
2025-09-27,16,10:00,151,9,12.0,1,1,30.13,0,2025-09-27 08:00:00,2025-09-27 12:00:00,W,Bathurst St,0,0,0,0
2025-09-27,16,10:00,151,9,12.0,1,1,30.13,0,2025-09-27 08:00:00,2025-09-27 12:00:00,W,Yonge St - College Station,0,0,0,0
2025-09-27,16,10:00,151,9,12.0,1,1,30.13,0,2025-09-27 08:00:00,2025-09-27 12:00:00,W,Dundas St West at Sterling Rd,0,0,0,0
2025-09-27,16,10:00,151,9,12.0,1,1,30.13,0,2025-09-27 08:00:00,2025-09-27 12:00:00,W,Brock Ave,0,0,0,0
2025-09-27,16,10:00,151,9,12.0,1,1,30.13,0,2025-09-27 08:00:00,2025-09-27 12:00:00,W,Sackville St,5,0,2,0
2025-09-27,16,10:00,151,9,12.0,1,1,30.13,0,2025-09-27 08:00:00,2025-09-27 12:00:00,W,Carlaw Ave,0,0,0,0
2025-09-27,16,10:00,151,9,12.0,1,1,30.13,0,2025-09-27 08:00:00,2025-09-27 12:00:00,W,Borden St,0,0,0,0
2025-09-27,16,10:00,151,9,12.0,1,1,30.13,0,2025-09-27 08:00:00,2025-09-27 12:00:00,W,Dundas St West at Sorauren Ave,0,3,0,0
2025-09-27,16,10:00,151,9,12.0,1,1,30.13,0,2025-09-27 08:00:00,2025-09-27 12:00:00,W,Crawford St,0,0,0,0
2025-09-27,16,10:00,151,9,12.0,1,1,30.13,0,2025-09-27 08:00:00,2025-09-27 12:00:00,W,Pape Ave,0,0,0,0
2025-09-27,16,10:00,151,9,12.0,1,1,30.13,0,2025-09-27 08:00:00,2025-09-27 12:00:00,W,Spadina Ave,1,0,1,0
2025-09-27,16,10:00,151,9,12.0,1,1,30.13,0,2025-09-27 08:00:00,2025-09-27 12:00:00,W,River St,4,0,2,0
2025-09-27,16,10:00,151,9,12.0,1,1,30.13,0,2025-09-27 08:00:00,2025-09-27 12:00:00,W,Marjory Ave,0,0,0,0
2025-09-27,16,10:00,151,9,12.0,1,1,30.13,0,2025-09-27 08:00:00,2025-09-27 12:00:00,W,Kingsmount Park Rd,0,0,0,0
2025-09-27,16,10:00,151,9,12.0,1,1,30.13,0,2025-09-27 08:00:00,2025-09-27 12:00:00,W,Church St,0,0,0,0
2025-09-27,16,10:00,151,9,12.0,1,1,30.13,0,2025-09-27 08:00:00,2025-09-27 12:00:00,W,Ossington Ave,0,0,0,0
2025-09-27,16,10:00,151,9,12.0,1,1,30.13,0,2025-09-27 08:00:00,2025-09-27 12:00:00,W,Woodbine Ave,0,0,0,0
2025-09-27,16,10:00,151,9,12.0,1,1,30.13,0,2025-09-27 08:00:00,2025-09-27 12:00:00,W,Jones Ave,0,0,0,0
2025-09-27,16,10:00,151,9,12.0,1,1,30.13,0,2025-09-27 08:00:00,2025-09-27 12:00:00,W,Golfview Ave,0,0,0,0
2025-09-27,16,10:00,151,9,12.0,1,1,30.13,0,2025-09-27 08:00:00,2025-09-27 12:00:00,W,Leslie St,0,0,0,0
2025-09-27,16,10:00,151,9,12.0,1,1,30.13,0,2025-09-27 08:00:00,2025-09-27 12:00:00,W,St Matthews Rd,0,0,0,0
2025-09-27,16,10:00,151,9,12.0,1,1,30.13,0,2025-09-27 08:00:00,2025-09-27 12:00:00,W,Jarvis St,0,0,0,0
2025-09-27,16,10:00,151,9,12.0,1,1,30.13,0,2025-09-27 08:00:00,2025-09-27 12:00:00,W,Sherbourne St,0,0,0,0
2025-09-27,16,10:00,151,9,12.0,1,1,30.13,0,2025-09-27 08:00:00,2025-09-27 12:00:00,W,St George St,0,0,0,0
2025-09-27,16,10:00,151,9,12.0,1,1,30.13,0,2025-09-27 08:00:00,2025-09-27 12:00:00,W,Dovercourt Rd,0,0,0,0
2025-09-27,16,10:00,151,9,12.0,1,1,30.13,0,2025-09-27 08:00:00,2025-09-27 12:00:00,W,Glenmount Park Rd,0,0,0,0
2025-09-27,16,10:00,151,9,12.0,1,1,30.13,0,2025-09-27 08:00:00,2025-09-27 12:00:00,W,Prust Ave,0,0,0,0
2025-09-27,16,10:00,151,9,12.0,1,1,30.13,0,2025-09-27 08:00:00,2025-09-27 12:00:00,W,Main Street Station at Bay 7,1,2,1,2
2025-09-27,16,10:00,151,9,12.0,1,1,30.13,0,2025-09-27 08:00:00,2025-09-27 12:00:00,W,Norwood Rd,0,0,0,0
2025-09-27,16,10:00,151,9,12.0,1,1,30.13,0,2025-09-27 08:00:00,2025-09-27 12:00:00,W,McCaul St,0,0,0,0
2025-09-27,16,10:00,151,9,12.0,1,1,30.13,0,2025-09-27 08:00:00,2025-09-27 12:00:00,W,Broadview Ave,0,0,0,0
2025-09-27,16,10:00,151,9,12.0,1,1,30.13,0,2025-09-27 08:00:00,2025-09-27 12:00:00,W,Ontario St,0,0,0,0
2025-09-27,16,10:00,151,9,12.0,1,1,30.13,0,2025-09-27 08:00:00,2025-09-27 12:00:00,W,Rusholme Park Cres,0,0,0,0
2025-09-27,16,10:00,151,9,12.0,1,1,30.13,0,2025-09-27 08:00:00,2025-09-27 12:00:00,W,Havelock St,0,0,0,0
2025-09-27,16,10:00,151,9,12.0,1,1,30.13,0,2025-09-27 08:00:00,2025-09-27 12:00:00,W,High Park Loop,0,0,0,0
2025-09-27,16,10:00,151,9,12.0,1,1,30.13,0,2025-09-27 08:00:00,2025-09-27 12:00:00,W,Queens Park (Queen's Park Station),0,0,0,0
2025-09-27,16,10:00,151,9,12.0,1,1,30.13,0,2025-09-27 08:00:00,2025-09-27 12:00:00,W,Roncesvalles Ave,2,4,1,0
2025-09-27,16,10:00,151,9,12.0,1,1,30.13,0,2025-09-27 08:00:00,2025-09-27 12:00:00,W,De Grassi St,0,0,0,0
2025-09-27,16,10:00,151,9,12.0,1,1,30.13,0,2025-09-27 08:00:00,2025-09-27 12:00:00,W,Parliament St at Carlton St,0,0,0,0
2025-09-27,16,10:00,151,9,12.0,1,1,30.13,0,2025-09-27 08:00:00,2025-09-27 12:00:00,W,Parkside Dr East Side,0,0,0,0
2025-09-27,16,10:00,151,9,12.0,1,1,30.13,0,2025-09-27 08:00:00,2025-09-27 12:00:00,W,Dundas St West,2,3,1,0
2025-09-27,16,10:00,151,9,12.0,1,1,30.13,0,2025-09-27 08:00:00,2025-09-27 12:00:00,W,Howard Park Ave at Roncesvalles Ave,0,0,0,0
2025-09-27,16,10:00,151,9,12.0,1,1,30.13,0,2025-09-27 08:00:00,2025-09-27 12:00:00,W,Parliament St,0,0,0,0
2025-09-27,16,10:00,151,9,12.0,1,1,30.13,0,2025-09-27 08:00:00,2025-09-27 12:00:00,W,Parliament St at Gerrard St East,0,0,0,0
2025-09-27,16,10:00,151,9,12.0,1,1,30.13,0,2025-09-27 08:00:00,2025-09-27 12:00:00,W,Sumach St,0,0,0,0
2025-09-27,16,10:00,151,9,12.0,1,1,30.13,0,2025-09-27 08:00:00,2025-09-27 12:00:00,W,Blackburn St,0,0,0,0
2025-09-27,16,10:00,151,9,12.0,1,1,30.13,0,2025-09-27 08:00:00,2025-09-27 12:00:00,W,Logan Ave,0,0,0,0
2025-09-27,16,10:00,151,9,12.0,1,1,30.13,0,2025-09-27 08:00:00,2025-09-27 12:00:00,W,Augusta Ave,0,0,0,0
2025-09-27,16,10:00,151,9,12.0,1,1,30.13,0,2025-09-27 08:00:00,2025-09-27 12:00:00,W,Beverley St,0,0,0,0
2025-09-27,16,10:00,151,9,12.0,1,1,30.13,0,2025-09-27 08:00:00,2025-09-27 12:00:00,W,University Ave (Queen's Park Station,0,0,0,0
2025-09-27,16,10:00,151,9,12.0,1,1,30.13,0,2025-09-27 08:00:00,2025-09-27 12:00:00,W,Elizabeth St,0,0,0,0
2025-09-27,16,10:00,151,9,12.0,1,1,30.13,0,2025-09-27 08:00:00,2025-09-27 12:00:00,W,Greenwood Ave,0,0,0,0
2025-09-27,16,10:00,151,9,12.0,1,1,30.13,0,2025-09-27 08:00:00,2025-09-27 12:00:00,W,Alton Ave,0,0,0,0
2025-09-27,16,10:00,151,9,12.0,1,1,30.13,0,2025-09-27 08:00:00,2025-09-27 12:00:00,W,Coxwell Ave,0,0,0,0
2025-09-27,16,10:00,151,9,12.0,1,1,30.13,0,2025-09-27 08:00:00,2025-09-27 12:00:00,W,Gerrard St East  at Coxwell Ave,0,0,0,0
2025-09-27,16,10:00,151,9,12.0,1,1,30.13,0,2025-09-27 08:00:00,2025-09-27 12:00:00,W,Coxwell Ave at Lower Gerrard St East,0,0,0,0
2025-09-27,16,10:00,151,9,12.0,1,1,30.13,0,2025-09-27 08:00:00,2025-09-27 12:00:00,W,Ashdale Ave,0,0,0,0
2025-09-27,16,10:00,151,9,12.0,1,1,30.13,0,2025-09-27 08:00:00,2025-09-27 12:00:00,W,Howard Park Ave at Indian Rd,0,0,0,0
2025-09-27,16,10:00,151,9,12.0,1,1,30.13,0,2025-09-27 08:00:00,2025-09-27 12:00:00,W,Dundas St West at Howard Park Ave,0,0,0,0
2025-09-27,16,10:00,151,9,12.0,1,1,30.13,0,2025-09-27 08:00:00,2025-09-27 12:00:00,W,Main St at Gerrard St East,0,0,0,0
2025-09-27,16,10:00,151,9,12.0,1,1,30.13,0,2025-09-27 08:00:00,2025-09-27 12:00:00,W,Main St,0,0,0,0
2025-09-27,16,10:00,151,9,12.0,1,1,30.13,0,2025-09-27 08:00:00,2025-09-27 12:00:00,W,Main St at Danforth Ave,0,0,0,0
2025-09-27,16,10:00,151,9,12.0,1,1,30.13,0,2025-09-27 08:00:00,2025-09-27 12:00:00,W,Howard Park Ave at Parkside Dr,0,0,0,0
2025-10-04,16,10:00,151,9,12.0,1,1,30.13,0,2025-10-04 08:00:00,2025-10-04 12:00:00,E,Woodfield Rd,1,4,2,0
2025-10-04,16,10:00,151,9,12.0,1,1,30.13,0,2025-10-04 08:00:00,2025-10-04 12:00:00,E,Coxwell Ave at Gerrard St East,0,0,0,0
2025-10-04,16,10:00,151,9,12.0,1,1,30.13,0,2025-10-04 08:00:00,2025-10-04 12:00:00,E,Euclid Ave,0,0,0,0
2025-10-04,16,10:00,151,9,12.0,1,1,30.13,0,2025-10-04 08:00:00,2025-10-04 12:00:00,E,Bowmore Rd,0,1,1,0
2025-10-04,16,10:00,151,9,12.0,1,1,30.13,0,2025-10-04 08:00:00,2025-10-04 12:00:00,E,Bay St,3,4,3,1
2025-10-04,16,10:00,151,9,12.0,1,1,30.13,0,2025-10-04 08:00:00,2025-10-04 12:00:00,E,Lansdowne Ave,1,6,2,0
2025-10-04,16,10:00,151,9,12.0,1,1,30.13,0,2025-10-04 08:00:00,2025-10-04 12:00:00,E,Indian Rd,0,4,0,0
2025-10-04,16,10:00,151,9,12.0,1,1,30.13,0,2025-10-04 08:00:00,2025-10-04 12:00:00,E,Grace St,0,6,1,0
2025-10-04,16,10:00,151,9,12.0,1,1,30.13,0,2025-10-04 08:00:00,2025-10-04 12:00:00,E,Dufferin St,3,2,3,0
2025-10-04,16,10:00,151,9,12.0,1,1,30.13,0,2025-10-04 08:00:00,2025-10-04 12:00:00,E,Gerrard St East at Beaton Ave,1,1,1,0
2025-10-04,16,10:00,151,9,12.0,1,1,30.13,0,2025-10-04 08:00:00,2025-10-04 12:00:00,E,Bathurst St,1,4,4,2
2025-10-04,16,10:00,151,9,12.0,1,1,30.13,0,2025-10-04 08:00:00,2025-10-04 12:00:00,E,Yonge St - College Station,1,2,3,0
2025-10-04,16,10:00,151,9,12.0,1,1,30.13,0,2025-10-04 08:00:00,2025-10-04 12:00:00,E,Dundas St West at Sterling Rd,0,2,0,0
2025-10-04,16,10:00,151,9,12.0,1,1,30.13,0,2025-10-04 08:00:00,2025-10-04 12:00:00,E,Brock Ave,2,6,1,0
2025-10-04,16,10:00,151,9,12.0,1,1,30.13,0,2025-10-04 08:00:00,2025-10-04 12:00:00,E,Sackville St,1,2,4,1
2025-10-04,16,10:00,151,9,12.0,1,1,30.13,0,2025-10-04 08:00:00,2025-10-04 12:00:00,E,Carlaw Ave,1,2,2,0
2025-10-04,16,10:00,151,9,12.0,1,1,30.13,0,2025-10-04 08:00:00,2025-10-04 12:00:00,E,Borden St,1,4,4,2
2025-10-04,16,10:00,151,9,12.0,1,1,30.13,0,2025-10-04 08:00:00,2025-10-04 12:00:00,E,Dundas St West at Sorauren Ave,0,3,0,0
2025-10-04,16,10:00,151,9,12.0,1,1,30.13,0,2025-10-04 08:00:00,2025-10-04 12:00:00,E,Crawford St,2,7,4,1
2025-10-04,16,10:00,151,9,12.0,1,1,30.13,0,2025-10-04 08:00:00,2025-10-04 12:00:00,E,Pape Ave,0,2,2,0
2025-10-04,16,10:00,151,9,12.0,1,1,30.13,0,2025-10-04 08:00:00,2025-10-04 12:00:00,E,Spadina Ave,1,4,3,2
2025-10-04,16,10:00,151,9,12.0,1,1,30.13,0,2025-10-04 08:00:00,2025-10-04 12:00:00,E,River St,1,3,4,1
2025-10-04,16,10:00,151,9,12.0,1,1,30.13,0,2025-10-04 08:00:00,2025-10-04 12:00:00,E,Marjory Ave,2,3,2,0
2025-10-04,16,10:00,151,9,12.0,1,1,30.13,0,2025-10-04 08:00:00,2025-10-04 12:00:00,E,Kingsmount Park Rd,0,1,1,0
2025-10-04,16,10:00,151,9,12.0,1,1,30.13,0,2025-10-04 08:00:00,2025-10-04 12:00:00,E,Church St,0,0,0,0
2025-10-04,16,10:00,151,9,12.0,1,1,30.13,0,2025-10-04 08:00:00,2025-10-04 12:00:00,E,Ossington Ave,2,8,3,2
2025-10-04,16,10:00,151,9,12.0,1,1,30.13,0,2025-10-04 08:00:00,2025-10-04 12:00:00,E,Woodbine Ave,1,1,3,0
2025-10-04,16,10:00,151,9,12.0,1,1,30.13,0,2025-10-04 08:00:00,2025-10-04 12:00:00,E,Jones Ave,1,4,1,0
2025-10-04,16,10:00,151,9,12.0,1,1,30.13,0,2025-10-04 08:00:00,2025-10-04 12:00:00,E,Golfview Ave,1,2,2,0
2025-10-04,16,10:00,151,9,12.0,1,1,30.13,0,2025-10-04 08:00:00,2025-10-04 12:00:00,E,Leslie St,1,4,1,0
2025-10-04,16,10:00,151,9,12.0,1,1,30.13,0,2025-10-04 08:00:00,2025-10-04 12:00:00,E,St Matthews Rd,1,3,4,1
2025-10-04,16,10:00,151,9,12.0,1,1,30.13,0,2025-10-04 08:00:00,2025-10-04 12:00:00,E,Jarvis St,2,4,0,0
2025-10-04,16,10:00,151,9,12.0,1,1,30.13,0,2025-10-04 08:00:00,2025-10-04 12:00:00,E,Sherbourne St,2,4,0,0
2025-10-04,16,10:00,151,9,12.0,1,1,30.13,0,2025-10-04 08:00:00,2025-10-04 12:00:00,E,St George St,1,4,3,2
2025-10-04,16,10:00,151,9,12.0,1,1,30.13,0,2025-10-04 08:00:00,2025-10-04 12:00:00,E,Dovercourt Rd,1,10,3,1
2025-10-04,16,10:00,151,9,12.0,1,1,30.13,0,2025-10-04 08:00:00,2025-10-04 12:00:00,E,Glenmount Park Rd,1,2,2,0
2025-10-04,16,10:00,151,9,12.0,1,1,30.13,0,2025-10-04 08:00:00,2025-10-04 12:00:00,E,Prust Ave,1,4,1,0
2025-10-04,16,10:00,151,9,12.0,1,1,30.13,0,2025-10-04 08:00:00,2025-10-04 12:00:00,E,Main Street Station at Bay 7,0,0,0,0
2025-10-04,16,10:00,151,9,12.0,1,1,30.13,0,2025-10-04 08:00:00,2025-10-04 12:00:00,E,Norwood Rd,1,2,2,0
2025-10-04,16,10:00,151,9,12.0,1,1,30.13,0,2025-10-04 08:00:00,2025-10-04 12:00:00,E,McCaul St,2,4,3,2
2025-10-04,16,10:00,151,9,12.0,1,1,30.13,0,2025-10-04 08:00:00,2025-10-04 12:00:00,E,Broadview Ave,1,3,4,1
2025-10-04,16,10:00,151,9,12.0,1,1,30.13,0,2025-10-04 08:00:00,2025-10-04 12:00:00,E,Ontario St,0,2,0,0
2025-10-04,16,10:00,151,9,12.0,1,1,30.13,0,2025-10-04 08:00:00,2025-10-04 12:00:00,E,Rusholme Park Cres,1,4,0,0
2025-10-04,16,10:00,151,9,12.0,1,1,30.13,0,2025-10-04 08:00:00,2025-10-04 12:00:00,E,Havelock St,1,4,1,0
2025-10-04,16,10:00,151,9,12.0,1,1,30.13,0,2025-10-04 08:00:00,2025-10-04 12:00:00,E,High Park Loop,2,7,2,0
2025-10-04,16,10:00,151,9,12.0,1,1,30.13,0,2025-10-04 08:00:00,2025-10-04 12:00:00,E,Queens Park (Queen's Park Station),1,4,3,1
2025-10-04,16,10:00,151,9,12.0,1,1,30.13,0,2025-10-04 08:00:00,2025-10-04 12:00:00,E,Roncesvalles Ave,0,4,0,0
2025-10-04,16,10:00,151,9,12.0,1,1,30.13,0,2025-10-04 08:00:00,2025-10-04 12:00:00,E,De Grassi St,1,3,4,1
2025-10-04,16,10:00,151,9,12.0,1,1,30.13,0,2025-10-04 08:00:00,2025-10-04 12:00:00,E,Parliament St at Carlton St,0,2,0,0
2025-10-04,16,10:00,151,9,12.0,1,1,30.13,0,2025-10-04 08:00:00,2025-10-04 12:00:00,E,Parkside Dr East Side,1,4,2,0
2025-10-04,16,10:00,151,9,12.0,1,1,30.13,0,2025-10-04 08:00:00,2025-10-04 12:00:00,E,Dundas St West,0,3,0,0
2025-10-04,16,10:00,151,9,12.0,1,1,30.13,0,2025-10-04 08:00:00,2025-10-04 12:00:00,E,Howard Park Ave at Roncesvalles Ave,0,0,0,0
2025-10-04,16,10:00,151,9,12.0,1,1,30.13,0,2025-10-04 08:00:00,2025-10-04 12:00:00,E,Parliament St,0,0,0,0
2025-10-04,16,10:00,151,9,12.0,1,1,30.13,0,2025-10-04 08:00:00,2025-10-04 12:00:00,E,Parliament St at Gerrard St East,0,0,0,0
2025-10-04,16,10:00,151,9,12.0,1,1,30.13,0,2025-10-04 08:00:00,2025-10-04 12:00:00,E,Sumach St,0,0,0,0
2025-10-04,16,10:00,151,9,12.0,1,1,30.13,0,2025-10-04 08:00:00,2025-10-04 12:00:00,E,Blackburn St,0,0,0,0
2025-10-04,16,10:00,151,9,12.0,1,1,30.13,0,2025-10-04 08:00:00,2025-10-04 12:00:00,E,Logan Ave,1,4,4,1
2025-10-04,16,10:00,151,9,12.0,1,1,30.13,0,2025-10-04 08:00:00,2025-10-04 12:00:00,E,Augusta Ave,0,0,0,0
2025-10-04,16,10:00,151,9,12.0,1,1,30.13,0,2025-10-04 08:00:00,2025-10-04 12:00:00,E,Beverley St,0,0,0,0
2025-10-04,16,10:00,151,9,12.0,1,1,30.13,0,2025-10-04 08:00:00,2025-10-04 12:00:00,E,University Ave (Queen's Park Station,0,0,0,0
2025-10-04,16,10:00,151,9,12.0,1,1,30.13,0,2025-10-04 08:00:00,2025-10-04 12:00:00,E,Elizabeth St,0,0,0,0
2025-10-04,16,10:00,151,9,12.0,1,1,30.13,0,2025-10-04 08:00:00,2025-10-04 12:00:00,E,Greenwood Ave,0,0,0,0
2025-10-04,16,10:00,151,9,12.0,1,1,30.13,0,2025-10-04 08:00:00,2025-10-04 12:00:00,E,Alton Ave,0,0,0,0
2025-10-04,16,10:00,151,9,12.0,1,1,30.13,0,2025-10-04 08:00:00,2025-10-04 12:00:00,E,Coxwell Ave,0,0,0,0
2025-10-04,16,10:00,151,9,12.0,1,1,30.13,0,2025-10-04 08:00:00,2025-10-04 12:00:00,E,Gerrard St East  at Coxwell Ave,0,0,0,0
2025-10-04,16,10:00,151,9,12.0,1,1,30.13,0,2025-10-04 08:00:00,2025-10-04 12:00:00,E,Coxwell Ave at Lower Gerrard St East,0,0,0,0
2025-10-04,16,10:00,151,9,12.0,1,1,30.13,0,2025-10-04 08:00:00,2025-10-04 12:00:00,E,Ashdale Ave,0,0,0,0
2025-10-04,16,10:00,151,9,12.0,1,1,30.13,0,2025-10-04 08:00:00,2025-10-04 12:00:00,E,Howard Park Ave at Indian Rd,0,0,0,0
2025-10-04,16,10:00,151,9,12.0,1,1,30.13,0,2025-10-04 08:00:00,2025-10-04 12:00:00,E,Dundas St West at Howard Park Ave,0,0,0,0
2025-10-04,16,10:00,151,9,12.0,1,1,30.13,0,2025-10-04 08:00:00,2025-10-04 12:00:00,E,Main St at Gerrard St East,0,0,0,0
2025-10-04,16,10:00,151,9,12.0,1,1,30.13,0,2025-10-04 08:00:00,2025-10-04 12:00:00,E,Main St,0,0,0,0
2025-10-04,16,10:00,151,9,12.0,1,1,30.13,0,2025-10-04 08:00:00,2025-10-04 12:00:00,E,Main St at Danforth Ave,0,0,0,0
2025-10-04,16,10:00,151,9,12.0,1,1,30.13,0,2025-10-04 08:00:00,2025-10-04 12:00:00,E,Howard Park Ave at Parkside Dr,0,0,0,0
2025-10-04,16,10:00,151,9,12.0,1,1,30.13,0,2025-10-04 08:00:00,2025-10-04 12:00:00,W,Woodfield Rd,1,2,1,2
2025-10-04,16,10:00,151,9,12.0,1,1,30.13,0,2025-10-04 08:00:00,2025-10-04 12:00:00,W,Coxwell Ave at Gerrard St East,2,2,3,1
2025-10-04,16,10:00,151,9,12.0,1,1,30.13,0,2025-10-04 08:00:00,2025-10-04 12:00:00,W,Euclid Ave,0,0,0,0
2025-10-04,16,10:00,151,9,12.0,1,1,30.13,0,2025-10-04 08:00:00,2025-10-04 12:00:00,W,Bowmore Rd,1,2,1,1
2025-10-04,16,10:00,151,9,12.0,1,1,30.13,0,2025-10-04 08:00:00,2025-10-04 12:00:00,W,Bay St,5,2,4,3
2025-10-04,16,10:00,151,9,12.0,1,1,30.13,0,2025-10-04 08:00:00,2025-10-04 12:00:00,W,Lansdowne Ave,0,0,0,0
2025-10-04,16,10:00,151,9,12.0,1,1,30.13,0,2025-10-04 08:00:00,2025-10-04 12:00:00,W,Indian Rd,1,4,2,0
2025-10-04,16,10:00,151,9,12.0,1,1,30.13,0,2025-10-04 08:00:00,2025-10-04 12:00:00,W,Grace St,0,0,0,0
2025-10-04,16,10:00,151,9,12.0,1,1,30.13,0,2025-10-04 08:00:00,2025-10-04 12:00:00,W,Dufferin St,4,4,6,1
2025-10-04,16,10:00,151,9,12.0,1,1,30.13,0,2025-10-04 08:00:00,2025-10-04 12:00:00,W,Gerrard St East at Beaton Ave,1,3,3,1
2025-10-04,16,10:00,151,9,12.0,1,1,30.13,0,2025-10-04 08:00:00,2025-10-04 12:00:00,W,Bathurst St,0,0,0,0
2025-10-04,16,10:00,151,9,12.0,1,1,30.13,0,2025-10-04 08:00:00,2025-10-04 12:00:00,W,Yonge St - College Station,0,0,0,0
2025-10-04,16,10:00,151,9,12.0,1,1,30.13,0,2025-10-04 08:00:00,2025-10-04 12:00:00,W,Dundas St West at Sterling Rd,0,0,0,0
2025-10-04,16,10:00,151,9,12.0,1,1,30.13,0,2025-10-04 08:00:00,2025-10-04 12:00:00,W,Brock Ave,0,0,0,0
2025-10-04,16,10:00,151,9,12.0,1,1,30.13,0,2025-10-04 08:00:00,2025-10-04 12:00:00,W,Sackville St,3,3,3,1
2025-10-04,16,10:00,151,9,12.0,1,1,30.13,0,2025-10-04 08:00:00,2025-10-04 12:00:00,W,Carlaw Ave,0,0,0,0
2025-10-04,16,10:00,151,9,12.0,1,1,30.13,0,2025-10-04 08:00:00,2025-10-04 12:00:00,W,Borden St,0,0,0,0
2025-10-04,16,10:00,151,9,12.0,1,1,30.13,0,2025-10-04 08:00:00,2025-10-04 12:00:00,W,Dundas St West at Sorauren Ave,1,4,2,0
2025-10-04,16,10:00,151,9,12.0,1,1,30.13,0,2025-10-04 08:00:00,2025-10-04 12:00:00,W,Crawford St,0,0,0,0
2025-10-04,16,10:00,151,9,12.0,1,1,30.13,0,2025-10-04 08:00:00,2025-10-04 12:00:00,W,Pape Ave,0,0,0,0
2025-10-04,16,10:00,151,9,12.0,1,1,30.13,0,2025-10-04 08:00:00,2025-10-04 12:00:00,W,Spadina Ave,6,3,4,1
2025-10-04,16,10:00,151,9,12.0,1,1,30.13,0,2025-10-04 08:00:00,2025-10-04 12:00:00,W,River St,8,3,5,2
2025-10-04,16,10:00,151,9,12.0,1,1,30.13,0,2025-10-04 08:00:00,2025-10-04 12:00:00,W,Marjory Ave,0,0,0,0
2025-10-04,16,10:00,151,9,12.0,1,1,30.13,0,2025-10-04 08:00:00,2025-10-04 12:00:00,W,Kingsmount Park Rd,0,0,0,0
2025-10-04,16,10:00,151,9,12.0,1,1,30.13,0,2025-10-04 08:00:00,2025-10-04 12:00:00,W,Church St,0,0,0,0
2025-10-04,16,10:00,151,9,12.0,1,1,30.13,0,2025-10-04 08:00:00,2025-10-04 12:00:00,W,Ossington Ave,0,0,0,0
2025-10-04,16,10:00,151,9,12.0,1,1,30.13,0,2025-10-04 08:00:00,2025-10-04 12:00:00,W,Woodbine Ave,0,0,0,0
2025-10-04,16,10:00,151,9,12.0,1,1,30.13,0,2025-10-04 08:00:00,2025-10-04 12:00:00,W,Jones Ave,0,0,0,0
2025-10-04,16,10:00,151,9,12.0,1,1,30.13,0,2025-10-04 08:00:00,2025-10-04 12:00:00,W,Golfview Ave,0,0,0,0
2025-10-04,16,10:00,151,9,12.0,1,1,30.13,0,2025-10-04 08:00:00,2025-10-04 12:00:00,W,Leslie St,0,0,0,0
2025-10-04,16,10:00,151,9,12.0,1,1,30.13,0,2025-10-04 08:00:00,2025-10-04 12:00:00,W,St Matthews Rd,0,0,0,0
2025-10-04,16,10:00,151,9,12.0,1,1,30.13,0,2025-10-04 08:00:00,2025-10-04 12:00:00,W,Jarvis St,0,0,0,0
2025-10-04,16,10:00,151,9,12.0,1,1,30.13,0,2025-10-04 08:00:00,2025-10-04 12:00:00,W,Sherbourne St,0,0,0,0
2025-10-04,16,10:00,151,9,12.0,1,1,30.13,0,2025-10-04 08:00:00,2025-10-04 12:00:00,W,St George St,0,0,0,0
2025-10-04,16,10:00,151,9,12.0,1,1,30.13,0,2025-10-04 08:00:00,2025-10-04 12:00:00,W,Dovercourt Rd,0,0,0,0
2025-10-04,16,10:00,151,9,12.0,1,1,30.13,0,2025-10-04 08:00:00,2025-10-04 12:00:00,W,Glenmount Park Rd,0,0,0,0
2025-10-04,16,10:00,151,9,12.0,1,1,30.13,0,2025-10-04 08:00:00,2025-10-04 12:00:00,W,Prust Ave,0,0,0,0
2025-10-04,16,10:00,151,9,12.0,1,1,30.13,0,2025-10-04 08:00:00,2025-10-04 12:00:00,W,Main Street Station at Bay 7,1,2,3,1
2025-10-04,16,10:00,151,9,12.0,1,1,30.13,0,2025-10-04 08:00:00,2025-10-04 12:00:00,W,Norwood Rd,0,0,0,0
2025-10-04,16,10:00,151,9,12.0,1,1,30.13,0,2025-10-04 08:00:00,2025-10-04 12:00:00,W,McCaul St,0,0,0,0
2025-10-04,16,10:00,151,9,12.0,1,1,30.13,0,2025-10-04 08:00:00,2025-10-04 12:00:00,W,Broadview Ave,0,0,0,0
2025-10-04,16,10:00,151,9,12.0,1,1,30.13,0,2025-10-04 08:00:00,2025-10-04 12:00:00,W,Ontario St,0,0,0,0
2025-10-04,16,10:00,151,9,12.0,1,1,30.13,0,2025-10-04 08:00:00,2025-10-04 12:00:00,W,Rusholme Park Cres,0,0,0,0
2025-10-04,16,10:00,151,9,12.0,1,1,30.13,0,2025-10-04 08:00:00,2025-10-04 12:00:00,W,Havelock St,0,0,0,0
2025-10-04,16,10:00,151,9,12.0,1,1,30.13,0,2025-10-04 08:00:00,2025-10-04 12:00:00,W,High Park Loop,0,0,0,0
2025-10-04,16,10:00,151,9,12.0,1,1,30.13,0,2025-10-04 08:00:00,2025-10-04 12:00:00,W,Queens Park (Queen's Park Station),0,0,0,0
2025-10-04,16,10:00,151,9,12.0,1,1,30.13,0,2025-10-04 08:00:00,2025-10-04 12:00:00,W,Roncesvalles Ave,0,4,2,0
2025-10-04,16,10:00,151,9,12.0,1,1,30.13,0,2025-10-04 08:00:00,2025-10-04 12:00:00,W,De Grassi St,0,0,0,0
2025-10-04,16,10:00,151,9,12.0,1,1,30.13,0,2025-10-04 08:00:00,2025-10-04 12:00:00,W,Parliament St at Carlton St,0,0,0,0
2025-10-04,16,10:00,151,9,12.0,1,1,30.13,0,2025-10-04 08:00:00,2025-10-04 12:00:00,W,Parkside Dr East Side,0,0,0,0
2025-10-04,16,10:00,151,9,12.0,1,1,30.13,0,2025-10-04 08:00:00,2025-10-04 12:00:00,W,Dundas St West,0,4,2,0
2025-10-04,16,10:00,151,9,12.0,1,1,30.13,0,2025-10-04 08:00:00,2025-10-04 12:00:00,W,Howard Park Ave at Roncesvalles Ave,0,0,0,0
2025-10-04,16,10:00,151,9,12.0,1,1,30.13,0,2025-10-04 08:00:00,2025-10-04 12:00:00,W,Parliament St,0,0,0,0
2025-10-04,16,10:00,151,9,12.0,1,1,30.13,0,2025-10-04 08:00:00,2025-10-04 12:00:00,W,Parliament St at Gerrard St East,0,0,0,0
2025-10-04,16,10:00,151,9,12.0,1,1,30.13,0,2025-10-04 08:00:00,2025-10-04 12:00:00,W,Sumach St,0,0,0,0
2025-10-04,16,10:00,151,9,12.0,1,1,30.13,0,2025-10-04 08:00:00,2025-10-04 12:00:00,W,Blackburn St,0,0,0,0
2025-10-04,16,10:00,151,9,12.0,1,1,30.13,0,2025-10-04 08:00:00,2025-10-04 12:00:00,W,Logan Ave,0,0,0,0
2025-10-04,16,10:00,151,9,12.0,1,1,30.13,0,2025-10-04 08:00:00,2025-10-04 12:00:00,W,Augusta Ave,0,0,0,0
2025-10-04,16,10:00,151,9,12.0,1,1,30.13,0,2025-10-04 08:00:00,2025-10-04 12:00:00,W,Beverley St,0,0,0,0
2025-10-04,16,10:00,151,9,12.0,1,1,30.13,0,2025-10-04 08:00:00,2025-10-04 12:00:00,W,University Ave (Queen's Park Station,0,0,0,0
2025-10-04,16,10:00,151,9,12.0,1,1,30.13,0,2025-10-04 08:00:00,2025-10-04 12:00:00,W,Elizabeth St,0,0,0,0
2025-10-04,16,10:00,151,9,12.0,1,1,30.13,0,2025-10-04 08:00:00,2025-10-04 12:00:00,W,Greenwood Ave,0,0,0,0
2025-10-04,16,10:00,151,9,12.0,1,1,30.13,0,2025-10-04 08:00:00,2025-10-04 12:00:00,W,Alton Ave,0,0,0,0
2025-10-04,16,10:00,151,9,12.0,1,1,30.13,0,2025-10-04 08:00:00,2025-10-04 12:00:00,W,Coxwell Ave,0,0,0,0
2025-10-04,16,10:00,151,9,12.0,1,1,30.13,0,2025-10-04 08:00:00,2025-10-04 12:00:00,W,Gerrard St East  at Coxwell Ave,0,0,0,0
2025-10-04,16,10:00,151,9,12.0,1,1,30.13,0,2025-10-04 08:00:00,2025-10-04 12:00:00,W,Coxwell Ave at Lower Gerrard St East,0,0,0,0
2025-10-04,16,10:00,151,9,12.0,1,1,30.13,0,2025-10-04 08:00:00,2025-10-04 12:00:00,W,Ashdale Ave,0,0,0,0
2025-10-04,16,10:00,151,9,12.0,1,1,30.13,0,2025-10-04 08:00:00,2025-10-04 12:00:00,W,Howard Park Ave at Indian Rd,0,0,0,0
2025-10-04,16,10:00,151,9,12.0,1,1,30.13,0,2025-10-04 08:00:00,2025-10-04 12:00:00,W,Dundas St West at Howard Park Ave,0,0,0,0
2025-10-04,16,10:00,151,9,12.0,1,1,30.13,0,2025-10-04 08:00:00,2025-10-04 12:00:00,W,Main St at Gerrard St East,0,0,0,0
2025-10-04,16,10:00,151,9,12.0,1,1,30.13,0,2025-10-04 08:00:00,2025-10-04 12:00:00,W,Main St,0,0,0,0
2025-10-04,16,10:00,151,9,12.0,1,1,30.13,0,2025-10-04 08:00:00,2025-10-04 12:00:00,W,Main St at Danforth Ave,0,0,0,0
2025-10-04,16,10:00,151,9,12.0,1,1,30.13,0,2025-10-04 08:00:00,2025-10-04 12:00:00,W,Howard Park Ave at Parkside Dr,0,0,0,0
2025-10-11,16,10:00,151,9,12.0,1,1,30.13,0,2025-10-11 08:00:00,2025-10-11 12:00:00,E,Woodfield Rd,0,1,0,0
2025-10-11,16,10:00,151,9,12.0,1,1,30.13,0,2025-10-11 08:00:00,2025-10-11 12:00:00,E,Coxwell Ave at Gerrard St East,0,0,0,0
2025-10-11,16,10:00,151,9,12.0,1,1,30.13,0,2025-10-11 08:00:00,2025-10-11 12:00:00,E,Euclid Ave,0,0,0,0
2025-10-11,16,10:00,151,9,12.0,1,1,30.13,0,2025-10-11 08:00:00,2025-10-11 12:00:00,E,Bowmore Rd,2,1,0,0
2025-10-11,16,10:00,151,9,12.0,1,1,30.13,0,2025-10-11 08:00:00,2025-10-11 12:00:00,E,Bay St,0,0,0,0
2025-10-11,16,10:00,151,9,12.0,1,1,30.13,0,2025-10-11 08:00:00,2025-10-11 12:00:00,E,Lansdowne Ave,3,1,0,0
2025-10-11,16,10:00,151,9,12.0,1,1,30.13,0,2025-10-11 08:00:00,2025-10-11 12:00:00,E,Indian Rd,0,0,0,0
2025-10-11,16,10:00,151,9,12.0,1,1,30.13,0,2025-10-11 08:00:00,2025-10-11 12:00:00,E,Grace St,0,0,0,0
2025-10-11,16,10:00,151,9,12.0,1,1,30.13,0,2025-10-11 08:00:00,2025-10-11 12:00:00,E,Dufferin St,0,1,0,0
2025-10-11,16,10:00,151,9,12.0,1,1,30.13,0,2025-10-11 08:00:00,2025-10-11 12:00:00,E,Gerrard St East at Beaton Ave,2,1,0,0
2025-10-11,16,10:00,151,9,12.0,1,1,30.13,0,2025-10-11 08:00:00,2025-10-11 12:00:00,E,Bathurst St,0,1,0,0
2025-10-11,16,10:00,151,9,12.0,1,1,30.13,0,2025-10-11 08:00:00,2025-10-11 12:00:00,E,Yonge St - College Station,0,1,0,0
2025-10-11,16,10:00,151,9,12.0,1,1,30.13,0,2025-10-11 08:00:00,2025-10-11 12:00:00,E,Dundas St West at Sterling Rd,0,0,0,0
2025-10-11,16,10:00,151,9,12.0,1,1,30.13,0,2025-10-11 08:00:00,2025-10-11 12:00:00,E,Brock Ave,2,0,0,0
2025-10-11,16,10:00,151,9,12.0,1,1,30.13,0,2025-10-11 08:00:00,2025-10-11 12:00:00,E,Sackville St,0,0,0,0
2025-10-11,16,10:00,151,9,12.0,1,1,30.13,0,2025-10-11 08:00:00,2025-10-11 12:00:00,E,Carlaw Ave,0,1,0,0
2025-10-11,16,10:00,151,9,12.0,1,1,30.13,0,2025-10-11 08:00:00,2025-10-11 12:00:00,E,Borden St,1,1,0,0
2025-10-11,16,10:00,151,9,12.0,1,1,30.13,0,2025-10-11 08:00:00,2025-10-11 12:00:00,E,Dundas St West at Sorauren Ave,0,0,0,0
2025-10-11,16,10:00,151,9,12.0,1,1,30.13,0,2025-10-11 08:00:00,2025-10-11 12:00:00,E,Crawford St,0,0,0,0
2025-10-11,16,10:00,151,9,12.0,1,1,30.13,0,2025-10-11 08:00:00,2025-10-11 12:00:00,E,Pape Ave,0,1,0,0
2025-10-11,16,10:00,151,9,12.0,1,1,30.13,0,2025-10-11 08:00:00,2025-10-11 12:00:00,E,Spadina Ave,1,1,0,0
2025-10-11,16,10:00,151,9,12.0,1,1,30.13,0,2025-10-11 08:00:00,2025-10-11 12:00:00,E,River St,0,0,0,0
2025-10-11,16,10:00,151,9,12.0,1,1,30.13,0,2025-10-11 08:00:00,2025-10-11 12:00:00,E,Marjory Ave,0,1,0,0
2025-10-11,16,10:00,151,9,12.0,1,1,30.13,0,2025-10-11 08:00:00,2025-10-11 12:00:00,E,Kingsmount Park Rd,2,1,0,0
2025-10-11,16,10:00,151,9,12.0,1,1,30.13,0,2025-10-11 08:00:00,2025-10-11 12:00:00,E,Church St,0,0,0,0
2025-10-11,16,10:00,151,9,12.0,1,1,30.13,0,2025-10-11 08:00:00,2025-10-11 12:00:00,E,Ossington Ave,2,1,0,0
2025-10-11,16,10:00,151,9,12.0,1,1,30.13,0,2025-10-11 08:00:00,2025-10-11 12:00:00,E,Woodbine Ave,2,1,0,0
2025-10-11,16,10:00,151,9,12.0,1,1,30.13,0,2025-10-11 08:00:00,2025-10-11 12:00:00,E,Jones Ave,1,1,0,0
2025-10-11,16,10:00,151,9,12.0,1,1,30.13,0,2025-10-11 08:00:00,2025-10-11 12:00:00,E,Golfview Ave,2,1,1,0
2025-10-11,16,10:00,151,9,12.0,1,1,30.13,0,2025-10-11 08:00:00,2025-10-11 12:00:00,E,Leslie St,1,1,0,0
2025-10-11,16,10:00,151,9,12.0,1,1,30.13,0,2025-10-11 08:00:00,2025-10-11 12:00:00,E,St Matthews Rd,0,0,0,0
2025-10-11,16,10:00,151,9,12.0,1,1,30.13,0,2025-10-11 08:00:00,2025-10-11 12:00:00,E,Jarvis St,0,0,0,0
2025-10-11,16,10:00,151,9,12.0,1,1,30.13,0,2025-10-11 08:00:00,2025-10-11 12:00:00,E,Sherbourne St,0,0,0,0
2025-10-11,16,10:00,151,9,12.0,1,1,30.13,0,2025-10-11 08:00:00,2025-10-11 12:00:00,E,St George St,1,1,0,0
2025-10-11,16,10:00,151,9,12.0,1,1,30.13,0,2025-10-11 08:00:00,2025-10-11 12:00:00,E,Dovercourt Rd,1,1,0,0
2025-10-11,16,10:00,151,9,12.0,1,1,30.13,0,2025-10-11 08:00:00,2025-10-11 12:00:00,E,Glenmount Park Rd,2,1,1,0
2025-10-11,16,10:00,151,9,12.0,1,1,30.13,0,2025-10-11 08:00:00,2025-10-11 12:00:00,E,Prust Ave,1,1,0,0
2025-10-11,16,10:00,151,9,12.0,1,1,30.13,0,2025-10-11 08:00:00,2025-10-11 12:00:00,E,Main Street Station at Bay 7,0,0,0,0
2025-10-11,16,10:00,151,9,12.0,1,1,30.13,0,2025-10-11 08:00:00,2025-10-11 12:00:00,E,Norwood Rd,3,1,0,0
2025-10-11,16,10:00,151,9,12.0,1,1,30.13,0,2025-10-11 08:00:00,2025-10-11 12:00:00,E,McCaul St,1,1,0,0
2025-10-11,16,10:00,151,9,12.0,1,1,30.13,0,2025-10-11 08:00:00,2025-10-11 12:00:00,E,Broadview Ave,1,0,0,0
2025-10-11,16,10:00,151,9,12.0,1,1,30.13,0,2025-10-11 08:00:00,2025-10-11 12:00:00,E,Ontario St,0,0,0,0
2025-10-11,16,10:00,151,9,12.0,1,1,30.13,0,2025-10-11 08:00:00,2025-10-11 12:00:00,E,Rusholme Park Cres,0,0,0,0
2025-10-11,16,10:00,151,9,12.0,1,1,30.13,0,2025-10-11 08:00:00,2025-10-11 12:00:00,E,Havelock St,1,1,0,0
2025-10-11,16,10:00,151,9,12.0,1,1,30.13,0,2025-10-11 08:00:00,2025-10-11 12:00:00,E,High Park Loop,0,0,0,0
2025-10-11,16,10:00,151,9,12.0,1,1,30.13,0,2025-10-11 08:00:00,2025-10-11 12:00:00,E,Queens Park (Queen's Park Station),1,1,0,0
2025-10-11,16,10:00,151,9,12.0,1,1,30.13,0,2025-10-11 08:00:00,2025-10-11 12:00:00,E,Roncesvalles Ave,0,0,0,0
2025-10-11,16,10:00,151,9,12.0,1,1,30.13,0,2025-10-11 08:00:00,2025-10-11 12:00:00,E,De Grassi St,1,0,0,0
2025-10-11,16,10:00,151,9,12.0,1,1,30.13,0,2025-10-11 08:00:00,2025-10-11 12:00:00,E,Parliament St at Carlton St,0,0,0,0
2025-10-11,16,10:00,151,9,12.0,1,1,30.13,0,2025-10-11 08:00:00,2025-10-11 12:00:00,E,Parkside Dr East Side,0,0,0,0
2025-10-11,16,10:00,151,9,12.0,1,1,30.13,0,2025-10-11 08:00:00,2025-10-11 12:00:00,E,Dundas St West,0,0,0,0
2025-10-11,16,10:00,151,9,12.0,1,1,30.13,0,2025-10-11 08:00:00,2025-10-11 12:00:00,E,Howard Park Ave at Roncesvalles Ave,0,0,0,0
2025-10-11,16,10:00,151,9,12.0,1,1,30.13,0,2025-10-11 08:00:00,2025-10-11 12:00:00,E,Parliament St,0,0,0,0
2025-10-11,16,10:00,151,9,12.0,1,1,30.13,0,2025-10-11 08:00:00,2025-10-11 12:00:00,E,Parliament St at Gerrard St East,0,0,0,0
2025-10-11,16,10:00,151,9,12.0,1,1,30.13,0,2025-10-11 08:00:00,2025-10-11 12:00:00,E,Sumach St,0,0,0,0
2025-10-11,16,10:00,151,9,12.0,1,1,30.13,0,2025-10-11 08:00:00,2025-10-11 12:00:00,E,Blackburn St,0,0,0,0
2025-10-11,16,10:00,151,9,12.0,1,1,30.13,0,2025-10-11 08:00:00,2025-10-11 12:00:00,E,Logan Ave,1,1,0,0
2025-10-11,16,10:00,151,9,12.0,1,1,30.13,0,2025-10-11 08:00:00,2025-10-11 12:00:00,E,Augusta Ave,0,0,0,0
2025-10-11,16,10:00,151,9,12.0,1,1,30.13,0,2025-10-11 08:00:00,2025-10-11 12:00:00,E,Beverley St,0,0,0,0
2025-10-11,16,10:00,151,9,12.0,1,1,30.13,0,2025-10-11 08:00:00,2025-10-11 12:00:00,E,University Ave (Queen's Park Station,0,0,0,0
2025-10-11,16,10:00,151,9,12.0,1,1,30.13,0,2025-10-11 08:00:00,2025-10-11 12:00:00,E,Elizabeth St,0,0,0,0
2025-10-11,16,10:00,151,9,12.0,1,1,30.13,0,2025-10-11 08:00:00,2025-10-11 12:00:00,E,Greenwood Ave,0,0,0,0
2025-10-11,16,10:00,151,9,12.0,1,1,30.13,0,2025-10-11 08:00:00,2025-10-11 12:00:00,E,Alton Ave,0,0,0,0
2025-10-11,16,10:00,151,9,12.0,1,1,30.13,0,2025-10-11 08:00:00,2025-10-11 12:00:00,E,Coxwell Ave,0,0,0,0
2025-10-11,16,10:00,151,9,12.0,1,1,30.13,0,2025-10-11 08:00:00,2025-10-11 12:00:00,E,Gerrard St East  at Coxwell Ave,0,0,0,0
2025-10-11,16,10:00,151,9,12.0,1,1,30.13,0,2025-10-11 08:00:00,2025-10-11 12:00:00,E,Coxwell Ave at Lower Gerrard St East,0,0,0,0
2025-10-11,16,10:00,151,9,12.0,1,1,30.13,0,2025-10-11 08:00:00,2025-10-11 12:00:00,E,Ashdale Ave,0,0,0,0
2025-10-11,16,10:00,151,9,12.0,1,1,30.13,0,2025-10-11 08:00:00,2025-10-11 12:00:00,E,Howard Park Ave at Indian Rd,0,0,0,0
2025-10-11,16,10:00,151,9,12.0,1,1,30.13,0,2025-10-11 08:00:00,2025-10-11 12:00:00,E,Dundas St West at Howard Park Ave,0,0,0,0
2025-10-11,16,10:00,151,9,12.0,1,1,30.13,0,2025-10-11 08:00:00,2025-10-11 12:00:00,E,Main St at Gerrard St East,0,0,0,0
2025-10-11,16,10:00,151,9,12.0,1,1,30.13,0,2025-10-11 08:00:00,2025-10-11 12:00:00,E,Main St,0,0,0,0
2025-10-11,16,10:00,151,9,12.0,1,1,30.13,0,2025-10-11 08:00:00,2025-10-11 12:00:00,E,Main St at Danforth Ave,0,0,0,0
2025-10-11,16,10:00,151,9,12.0,1,1,30.13,0,2025-10-11 08:00:00,2025-10-11 12:00:00,E,Howard Park Ave at Parkside Dr,0,0,0,0
2025-10-11,16,10:00,151,9,12.0,1,1,30.13,0,2025-10-11 08:00:00,2025-10-11 12:00:00,W,Woodfield Rd,2,0,1,0
2025-10-11,16,10:00,151,9,12.0,1,1,30.13,0,2025-10-11 08:00:00,2025-10-11 12:00:00,W,Coxwell Ave at Gerrard St East,3,0,1,0
2025-10-11,16,10:00,151,9,12.0,1,1,30.13,0,2025-10-11 08:00:00,2025-10-11 12:00:00,W,Euclid Ave,0,0,0,0
2025-10-11,16,10:00,151,9,12.0,1,1,30.13,0,2025-10-11 08:00:00,2025-10-11 12:00:00,W,Bowmore Rd,2,0,1,0
2025-10-11,16,10:00,151,9,12.0,1,1,30.13,0,2025-10-11 08:00:00,2025-10-11 12:00:00,W,Bay St,5,0,0,0
2025-10-11,16,10:00,151,9,12.0,1,1,30.13,0,2025-10-11 08:00:00,2025-10-11 12:00:00,W,Lansdowne Ave,0,0,0,0
2025-10-11,16,10:00,151,9,12.0,1,1,30.13,0,2025-10-11 08:00:00,2025-10-11 12:00:00,W,Indian Rd,1,1,0,0
2025-10-11,16,10:00,151,9,12.0,1,1,30.13,0,2025-10-11 08:00:00,2025-10-11 12:00:00,W,Grace St,0,0,0,0
2025-10-11,16,10:00,151,9,12.0,1,1,30.13,0,2025-10-11 08:00:00,2025-10-11 12:00:00,W,Dufferin St,1,0,0,0
2025-10-11,16,10:00,151,9,12.0,1,1,30.13,0,2025-10-11 08:00:00,2025-10-11 12:00:00,W,Gerrard St East at Beaton Ave,2,0,1,0
2025-10-11,16,10:00,151,9,12.0,1,1,30.13,0,2025-10-11 08:00:00,2025-10-11 12:00:00,W,Bathurst St,0,0,0,0
2025-10-11,16,10:00,151,9,12.0,1,1,30.13,0,2025-10-11 08:00:00,2025-10-11 12:00:00,W,Yonge St - College Station,0,0,0,0
2025-10-11,16,10:00,151,9,12.0,1,1,30.13,0,2025-10-11 08:00:00,2025-10-11 12:00:00,W,Dundas St West at Sterling Rd,0,0,0,0
2025-10-11,16,10:00,151,9,12.0,1,1,30.13,0,2025-10-11 08:00:00,2025-10-11 12:00:00,W,Brock Ave,0,0,0,0
2025-10-11,16,10:00,151,9,12.0,1,1,30.13,0,2025-10-11 08:00:00,2025-10-11 12:00:00,W,Sackville St,1,0,0,0
2025-10-11,16,10:00,151,9,12.0,1,1,30.13,0,2025-10-11 08:00:00,2025-10-11 12:00:00,W,Carlaw Ave,0,0,0,0
2025-10-11,16,10:00,151,9,12.0,1,1,30.13,0,2025-10-11 08:00:00,2025-10-11 12:00:00,W,Borden St,0,0,0,0
2025-10-11,16,10:00,151,9,12.0,1,1,30.13,0,2025-10-11 08:00:00,2025-10-11 12:00:00,W,Dundas St West at Sorauren Ave,3,1,0,0
2025-10-11,16,10:00,151,9,12.0,1,1,30.13,0,2025-10-11 08:00:00,2025-10-11 12:00:00,W,Crawford St,0,0,0,0
2025-10-11,16,10:00,151,9,12.0,1,1,30.13,0,2025-10-11 08:00:00,2025-10-11 12:00:00,W,Pape Ave,0,0,0,0
2025-10-11,16,10:00,151,9,12.0,1,1,30.13,0,2025-10-11 08:00:00,2025-10-11 12:00:00,W,Spadina Ave,5,0,0,0
2025-10-11,16,10:00,151,9,12.0,1,1,30.13,0,2025-10-11 08:00:00,2025-10-11 12:00:00,W,River St,2,0,0,0
2025-10-11,16,10:00,151,9,12.0,1,1,30.13,0,2025-10-11 08:00:00,2025-10-11 12:00:00,W,Marjory Ave,0,0,0,0
2025-10-11,16,10:00,151,9,12.0,1,1,30.13,0,2025-10-11 08:00:00,2025-10-11 12:00:00,W,Kingsmount Park Rd,0,0,0,0
2025-10-11,16,10:00,151,9,12.0,1,1,30.13,0,2025-10-11 08:00:00,2025-10-11 12:00:00,W,Church St,0,0,0,0
2025-10-11,16,10:00,151,9,12.0,1,1,30.13,0,2025-10-11 08:00:00,2025-10-11 12:00:00,W,Ossington Ave,0,0,0,0
2025-10-11,16,10:00,151,9,12.0,1,1,30.13,0,2025-10-11 08:00:00,2025-10-11 12:00:00,W,Woodbine Ave,0,0,0,0
2025-10-11,16,10:00,151,9,12.0,1,1,30.13,0,2025-10-11 08:00:00,2025-10-11 12:00:00,W,Jones Ave,0,0,0,0
2025-10-11,16,10:00,151,9,12.0,1,1,30.13,0,2025-10-11 08:00:00,2025-10-11 12:00:00,W,Golfview Ave,0,0,0,0
2025-10-11,16,10:00,151,9,12.0,1,1,30.13,0,2025-10-11 08:00:00,2025-10-11 12:00:00,W,Leslie St,0,0,0,0
2025-10-11,16,10:00,151,9,12.0,1,1,30.13,0,2025-10-11 08:00:00,2025-10-11 12:00:00,W,St Matthews Rd,0,0,0,0
2025-10-11,16,10:00,151,9,12.0,1,1,30.13,0,2025-10-11 08:00:00,2025-10-11 12:00:00,W,Jarvis St,0,0,0,0
2025-10-11,16,10:00,151,9,12.0,1,1,30.13,0,2025-10-11 08:00:00,2025-10-11 12:00:00,W,Sherbourne St,0,0,0,0
2025-10-11,16,10:00,151,9,12.0,1,1,30.13,0,2025-10-11 08:00:00,2025-10-11 12:00:00,W,St George St,0,0,0,0
2025-10-11,16,10:00,151,9,12.0,1,1,30.13,0,2025-10-11 08:00:00,2025-10-11 12:00:00,W,Dovercourt Rd,0,0,0,0
2025-10-11,16,10:00,151,9,12.0,1,1,30.13,0,2025-10-11 08:00:00,2025-10-11 12:00:00,W,Glenmount Park Rd,0,0,0,0
2025-10-11,16,10:00,151,9,12.0,1,1,30.13,0,2025-10-11 08:00:00,2025-10-11 12:00:00,W,Prust Ave,0,0,0,0
2025-10-11,16,10:00,151,9,12.0,1,1,30.13,0,2025-10-11 08:00:00,2025-10-11 12:00:00,W,Main Street Station at Bay 7,1,0,1,0
2025-10-11,16,10:00,151,9,12.0,1,1,30.13,0,2025-10-11 08:00:00,2025-10-11 12:00:00,W,Norwood Rd,0,0,0,0
2025-10-11,16,10:00,151,9,12.0,1,1,30.13,0,2025-10-11 08:00:00,2025-10-11 12:00:00,W,McCaul St,0,0,0,0
2025-10-11,16,10:00,151,9,12.0,1,1,30.13,0,2025-10-11 08:00:00,2025-10-11 12:00:00,W,Broadview Ave,0,0,0,0
2025-10-11,16,10:00,151,9,12.0,1,1,30.13,0,2025-10-11 08:00:00,2025-10-11 12:00:00,W,Ontario St,0,0,0,0
2025-10-11,16,10:00,151,9,12.0,1,1,30.13,0,2025-10-11 08:00:00,2025-10-11 12:00:00,W,Rusholme Park Cres,0,0,0,0
2025-10-11,16,10:00,151,9,12.0,1,1,30.13,0,2025-10-11 08:00:00,2025-10-11 12:00:00,W,Havelock St,0,0,0,0
2025-10-11,16,10:00,151,9,12.0,1,1,30.13,0,2025-10-11 08:00:00,2025-10-11 12:00:00,W,High Park Loop,0,0,0,0
2025-10-11,16,10:00,151,9,12.0,1,1,30.13,0,2025-10-11 08:00:00,2025-10-11 12:00:00,W,Queens Park (Queen's Park Station),0,0,0,0
2025-10-11,16,10:00,151,9,12.0,1,1,30.13,0,2025-10-11 08:00:00,2025-10-11 12:00:00,W,Roncesvalles Ave,1,2,0,0
2025-10-11,16,10:00,151,9,12.0,1,1,30.13,0,2025-10-11 08:00:00,2025-10-11 12:00:00,W,De Grassi St,0,0,0,0
2025-10-11,16,10:00,151,9,12.0,1,1,30.13,0,2025-10-11 08:00:00,2025-10-11 12:00:00,W,Parliament St at Carlton St,0,0,0,0
2025-10-11,16,10:00,151,9,12.0,1,1,30.13,0,2025-10-11 08:00:00,2025-10-11 12:00:00,W,Parkside Dr East Side,0,0,0,0
2025-10-11,16,10:00,151,9,12.0,1,1,30.13,0,2025-10-11 08:00:00,2025-10-11 12:00:00,W,Dundas St West,2,0,0,0
2025-10-11,16,10:00,151,9,12.0,1,1,30.13,0,2025-10-11 08:00:00,2025-10-11 12:00:00,W,Howard Park Ave at Roncesvalles Ave,0,0,0,0
2025-10-11,16,10:00,151,9,12.0,1,1,30.13,0,2025-10-11 08:00:00,2025-10-11 12:00:00,W,Parliament St,0,0,0,0
2025-10-11,16,10:00,151,9,12.0,1,1,30.13,0,2025-10-11 08:00:00,2025-10-11 12:00:00,W,Parliament St at Gerrard St East,0,0,0,0
2025-10-11,16,10:00,151,9,12.0,1,1,30.13,0,2025-10-11 08:00:00,2025-10-11 12:00:00,W,Sumach St,0,0,0,0
2025-10-11,16,10:00,151,9,12.0,1,1,30.13,0,2025-10-11 08:00:00,2025-10-11 12:00:00,W,Blackburn St,0,0,0,0
2025-10-11,16,10:00,151,9,12.0,1,1,30.13,0,2025-10-11 08:00:00,2025-10-11 12:00:00,W,Logan Ave,0,0,0,0
2025-10-11,16,10:00,151,9,12.0,1,1,30.13,0,2025-10-11 08:00:00,2025-10-11 12:00:00,W,Augusta Ave,0,0,0,0
2025-10-11,16,10:00,151,9,12.0,1,1,30.13,0,2025-10-11 08:00:00,2025-10-11 12:00:00,W,Beverley St,0,0,0,0
2025-10-11,16,10:00,151,9,12.0,1,1,30.13,0,2025-10-11 08:00:00,2025-10-11 12:00:00,W,University Ave (Queen's Park Station,0,0,0,0
2025-10-11,16,10:00,151,9,12.0,1,1,30.13,0,2025-10-11 08:00:00,2025-10-11 12:00:00,W,Elizabeth St,0,0,0,0
2025-10-11,16,10:00,151,9,12.0,1,1,30.13,0,2025-10-11 08:00:00,2025-10-11 12:00:00,W,Greenwood Ave,0,0,0,0
2025-10-11,16,10:00,151,9,12.0,1,1,30.13,0,2025-10-11 08:00:00,2025-10-11 12:00:00,W,Alton Ave,0,0,0,0
2025-10-11,16,10:00,151,9,12.0,1,1,30.13,0,2025-10-11 08:00:00,2025-10-11 12:00:00,W,Coxwell Ave,0,0,0,0
2025-10-11,16,10:00,151,9,12.0,1,1,30.13,0,2025-10-11 08:00:00,2025-10-11 12:00:00,W,Gerrard St East  at Coxwell Ave,0,0,0,0
2025-10-11,16,10:00,151,9,12.0,1,1,30.13,0,2025-10-11 08:00:00,2025-10-11 12:00:00,W,Coxwell Ave at Lower Gerrard St East,0,0,0,0
2025-10-11,16,10:00,151,9,12.0,1,1,30.13,0,2025-10-11 08:00:00,2025-10-11 12:00:00,W,Ashdale Ave,0,0,0,0
2025-10-11,16,10:00,151,9,12.0,1,1,30.13,0,2025-10-11 08:00:00,2025-10-11 12:00:00,W,Howard Park Ave at Indian Rd,0,0,0,0
2025-10-11,16,10:00,151,9,12.0,1,1,30.13,0,2025-10-11 08:00:00,2025-10-11 12:00:00,W,Dundas St West at Howard Park Ave,0,0,0,0
2025-10-11,16,10:00,151,9,12.0,1,1,30.13,0,2025-10-11 08:00:00,2025-10-11 12:00:00,W,Main St at Gerrard St East,0,0,0,0
2025-10-11,16,10:00,151,9,12.0,1,1,30.13,0,2025-10-11 08:00:00,2025-10-11 12:00:00,W,Main St,0,0,0,0
2025-10-11,16,10:00,151,9,12.0,1,1,30.13,0,2025-10-11 08:00:00,2025-10-11 12:00:00,W,Main St at Danforth Ave,0,0,0,0
2025-10-11,16,10:00,151,9,12.0,1,1,30.13,0,2025-10-11 08:00:00,2025-10-11 12:00:00,W,Howard Park Ave at Parkside Dr,0,0,0,0
2025-10-18,18,10:00,172,8,11.3,1,1,32.49,1,2025-10-18 08:00:00,2025-10-18 12:00:00,E,Woodfield Rd,1,2,3,0
2025-10-18,18,10:00,172,8,11.3,1,1,32.49,1,2025-10-18 08:00:00,2025-10-18 12:00:00,E,Coxwell Ave at Gerrard St East,0,0,0,0
2025-10-18,18,10:00,172,8,11.3,1,1,32.49,1,2025-10-18 08:00:00,2025-10-18 12:00:00,E,Euclid Ave,0,1,0,0
2025-10-18,18,10:00,172,8,11.3,1,1,32.49,1,2025-10-18 08:00:00,2025-10-18 12:00:00,E,Bowmore Rd,0,2,3,0
2025-10-18,18,10:00,172,8,11.3,1,1,32.49,1,2025-10-18 08:00:00,2025-10-18 12:00:00,E,Bay St,2,1,1,0
2025-10-18,18,10:00,172,8,11.3,1,1,32.49,1,2025-10-18 08:00:00,2025-10-18 12:00:00,E,Lansdowne Ave,2,3,2,0
2025-10-18,18,10:00,172,8,11.3,1,1,32.49,1,2025-10-18 08:00:00,2025-10-18 12:00:00,E,Indian Rd,0,3,1,1
2025-10-18,18,10:00,172,8,11.3,1,1,32.49,1,2025-10-18 08:00:00,2025-10-18 12:00:00,E,Grace St,0,3,1,1
2025-10-18,18,10:00,172,8,11.3,1,1,32.49,1,2025-10-18 08:00:00,2025-10-18 12:00:00,E,Dufferin St,1,2,3,0
2025-10-18,18,10:00,172,8,11.3,1,1,32.49,1,2025-10-18 08:00:00,2025-10-18 12:00:00,E,Gerrard St East at Beaton Ave,0,2,3,0
2025-10-18,18,10:00,172,8,11.3,1,1,32.49,1,2025-10-18 08:00:00,2025-10-18 12:00:00,E,Bathurst St,1,1,2,0
2025-10-18,18,10:00,172,8,11.3,1,1,32.49,1,2025-10-18 08:00:00,2025-10-18 12:00:00,E,Yonge St - College Station,1,1,1,0
2025-10-18,18,10:00,172,8,11.3,1,1,32.49,1,2025-10-18 08:00:00,2025-10-18 12:00:00,E,Dundas St West at Sterling Rd,0,1,0,0
2025-10-18,18,10:00,172,8,11.3,1,1,32.49,1,2025-10-18 08:00:00,2025-10-18 12:00:00,E,Brock Ave,0,3,3,0
2025-10-18,18,10:00,172,8,11.3,1,1,32.49,1,2025-10-18 08:00:00,2025-10-18 12:00:00,E,Sackville St,0,0,0,0
2025-10-18,18,10:00,172,8,11.3,1,1,32.49,1,2025-10-18 08:00:00,2025-10-18 12:00:00,E,Carlaw Ave,1,2,1,0
2025-10-18,18,10:00,172,8,11.3,1,1,32.49,1,2025-10-18 08:00:00,2025-10-18 12:00:00,E,Borden St,1,1,2,0
2025-10-18,18,10:00,172,8,11.3,1,1,32.49,1,2025-10-18 08:00:00,2025-10-18 12:00:00,E,Dundas St West at Sorauren Ave,0,1,0,0
2025-10-18,18,10:00,172,8,11.3,1,1,32.49,1,2025-10-18 08:00:00,2025-10-18 12:00:00,E,Crawford St,0,2,2,1
2025-10-18,18,10:00,172,8,11.3,1,1,32.49,1,2025-10-18 08:00:00,2025-10-18 12:00:00,E,Pape Ave,1,2,1,0
2025-10-18,18,10:00,172,8,11.3,1,1,32.49,1,2025-10-18 08:00:00,2025-10-18 12:00:00,E,Spadina Ave,1,1,2,0
2025-10-18,18,10:00,172,8,11.3,1,1,32.49,1,2025-10-18 08:00:00,2025-10-18 12:00:00,E,River St,0,0,0,0
2025-10-18,18,10:00,172,8,11.3,1,1,32.49,1,2025-10-18 08:00:00,2025-10-18 12:00:00,E,Marjory Ave,1,2,2,0
2025-10-18,18,10:00,172,8,11.3,1,1,32.49,1,2025-10-18 08:00:00,2025-10-18 12:00:00,E,Kingsmount Park Rd,0,2,2,0
2025-10-18,18,10:00,172,8,11.3,1,1,32.49,1,2025-10-18 08:00:00,2025-10-18 12:00:00,E,Church St,0,0,0,0
2025-10-18,18,10:00,172,8,11.3,1,1,32.49,1,2025-10-18 08:00:00,2025-10-18 12:00:00,E,Ossington Ave,2,2,3,2
2025-10-18,18,10:00,172,8,11.3,1,1,32.49,1,2025-10-18 08:00:00,2025-10-18 12:00:00,E,Woodbine Ave,0,2,2,0
2025-10-18,18,10:00,172,8,11.3,1,1,32.49,1,2025-10-18 08:00:00,2025-10-18 12:00:00,E,Jones Ave,1,2,2,0
2025-10-18,18,10:00,172,8,11.3,1,1,32.49,1,2025-10-18 08:00:00,2025-10-18 12:00:00,E,Golfview Ave,0,2,2,0
2025-10-18,18,10:00,172,8,11.3,1,1,32.49,1,2025-10-18 08:00:00,2025-10-18 12:00:00,E,Leslie St,1,2,3,0
2025-10-18,18,10:00,172,8,11.3,1,1,32.49,1,2025-10-18 08:00:00,2025-10-18 12:00:00,E,St Matthews Rd,0,0,0,0
2025-10-18,18,10:00,172,8,11.3,1,1,32.49,1,2025-10-18 08:00:00,2025-10-18 12:00:00,E,Jarvis St,1,1,0,0
2025-10-18,18,10:00,172,8,11.3,1,1,32.49,1,2025-10-18 08:00:00,2025-10-18 12:00:00,E,Sherbourne St,1,1,0,0
2025-10-18,18,10:00,172,8,11.3,1,1,32.49,1,2025-10-18 08:00:00,2025-10-18 12:00:00,E,St George St,2,1,2,0
2025-10-18,18,10:00,172,8,11.3,1,1,32.49,1,2025-10-18 08:00:00,2025-10-18 12:00:00,E,Dovercourt Rd,1,2,1,1
2025-10-18,18,10:00,172,8,11.3,1,1,32.49,1,2025-10-18 08:00:00,2025-10-18 12:00:00,E,Glenmount Park Rd,0,2,2,0
2025-10-18,18,10:00,172,8,11.3,1,1,32.49,1,2025-10-18 08:00:00,2025-10-18 12:00:00,E,Prust Ave,0,2,3,0
2025-10-18,18,10:00,172,8,11.3,1,1,32.49,1,2025-10-18 08:00:00,2025-10-18 12:00:00,E,Main Street Station at Bay 7,0,0,0,0
2025-10-18,18,10:00,172,8,11.3,1,1,32.49,1,2025-10-18 08:00:00,2025-10-18 12:00:00,E,Norwood Rd,1,2,2,0
2025-10-18,18,10:00,172,8,11.3,1,1,32.49,1,2025-10-18 08:00:00,2025-10-18 12:00:00,E,McCaul St,1,1,1,0
2025-10-18,18,10:00,172,8,11.3,1,1,32.49,1,2025-10-18 08:00:00,2025-10-18 12:00:00,E,Broadview Ave,2,1,2,0
2025-10-18,18,10:00,172,8,11.3,1,1,32.49,1,2025-10-18 08:00:00,2025-10-18 12:00:00,E,Ontario St,0,1,0,0
2025-10-18,18,10:00,172,8,11.3,1,1,32.49,1,2025-10-18 08:00:00,2025-10-18 12:00:00,E,Rusholme Park Cres,0,1,0,1
2025-10-18,18,10:00,172,8,11.3,1,1,32.49,1,2025-10-18 08:00:00,2025-10-18 12:00:00,E,Havelock St,1,2,3,0
2025-10-18,18,10:00,172,8,11.3,1,1,32.49,1,2025-10-18 08:00:00,2025-10-18 12:00:00,E,High Park Loop,1,8,4,9
2025-10-18,18,10:00,172,8,11.3,1,1,32.49,1,2025-10-18 08:00:00,2025-10-18 12:00:00,E,Queens Park (Queen's Park Station),1,1,1,0
2025-10-18,18,10:00,172,8,11.3,1,1,32.49,1,2025-10-18 08:00:00,2025-10-18 12:00:00,E,Roncesvalles Ave,0,0,0,0
2025-10-18,18,10:00,172,8,11.3,1,1,32.49,1,2025-10-18 08:00:00,2025-10-18 12:00:00,E,De Grassi St,2,1,2,0
2025-10-18,18,10:00,172,8,11.3,1,1,32.49,1,2025-10-18 08:00:00,2025-10-18 12:00:00,E,Parliament St at Carlton St,2,1,0,0
2025-10-18,18,10:00,172,8,11.3,1,1,32.49,1,2025-10-18 08:00:00,2025-10-18 12:00:00,E,Parkside Dr East Side,1,4,2,3
2025-10-18,18,10:00,172,8,11.3,1,1,32.49,1,2025-10-18 08:00:00,2025-10-18 12:00:00,E,Dundas St West,1,1,0,0
2025-10-18,18,10:00,172,8,11.3,1,1,32.49,1,2025-10-18 08:00:00,2025-10-18 12:00:00,E,Howard Park Ave at Roncesvalles Ave,0,0,0,0
2025-10-18,18,10:00,172,8,11.3,1,1,32.49,1,2025-10-18 08:00:00,2025-10-18 12:00:00,E,Parliament St,0,0,0,0
2025-10-18,18,10:00,172,8,11.3,1,1,32.49,1,2025-10-18 08:00:00,2025-10-18 12:00:00,E,Parliament St at Gerrard St East,0,0,0,0
2025-10-18,18,10:00,172,8,11.3,1,1,32.49,1,2025-10-18 08:00:00,2025-10-18 12:00:00,E,Sumach St,0,0,0,0
2025-10-18,18,10:00,172,8,11.3,1,1,32.49,1,2025-10-18 08:00:00,2025-10-18 12:00:00,E,Blackburn St,0,0,0,0
2025-10-18,18,10:00,172,8,11.3,1,1,32.49,1,2025-10-18 08:00:00,2025-10-18 12:00:00,E,Logan Ave,1,1,2,0
2025-10-18,18,10:00,172,8,11.3,1,1,32.49,1,2025-10-18 08:00:00,2025-10-18 12:00:00,E,Augusta Ave,0,0,0,0
2025-10-18,18,10:00,172,8,11.3,1,1,32.49,1,2025-10-18 08:00:00,2025-10-18 12:00:00,E,Beverley St,0,0,0,0
2025-10-18,18,10:00,172,8,11.3,1,1,32.49,1,2025-10-18 08:00:00,2025-10-18 12:00:00,E,University Ave (Queen's Park Station,0,0,0,0
2025-10-18,18,10:00,172,8,11.3,1,1,32.49,1,2025-10-18 08:00:00,2025-10-18 12:00:00,E,Elizabeth St,0,0,0,0
2025-10-18,18,10:00,172,8,11.3,1,1,32.49,1,2025-10-18 08:00:00,2025-10-18 12:00:00,E,Greenwood Ave,0,0,0,0
2025-10-18,18,10:00,172,8,11.3,1,1,32.49,1,2025-10-18 08:00:00,2025-10-18 12:00:00,E,Alton Ave,0,0,0,0
2025-10-18,18,10:00,172,8,11.3,1,1,32.49,1,2025-10-18 08:00:00,2025-10-18 12:00:00,E,Coxwell Ave,0,0,0,0
2025-10-18,18,10:00,172,8,11.3,1,1,32.49,1,2025-10-18 08:00:00,2025-10-18 12:00:00,E,Gerrard St East  at Coxwell Ave,0,0,0,0
2025-10-18,18,10:00,172,8,11.3,1,1,32.49,1,2025-10-18 08:00:00,2025-10-18 12:00:00,E,Coxwell Ave at Lower Gerrard St East,0,0,0,0
2025-10-18,18,10:00,172,8,11.3,1,1,32.49,1,2025-10-18 08:00:00,2025-10-18 12:00:00,E,Ashdale Ave,0,0,0,0
2025-10-18,18,10:00,172,8,11.3,1,1,32.49,1,2025-10-18 08:00:00,2025-10-18 12:00:00,E,Howard Park Ave at Indian Rd,0,0,0,0
2025-10-18,18,10:00,172,8,11.3,1,1,32.49,1,2025-10-18 08:00:00,2025-10-18 12:00:00,E,Dundas St West at Howard Park Ave,0,0,0,0
2025-10-18,18,10:00,172,8,11.3,1,1,32.49,1,2025-10-18 08:00:00,2025-10-18 12:00:00,E,Main St at Gerrard St East,0,0,0,0
2025-10-18,18,10:00,172,8,11.3,1,1,32.49,1,2025-10-18 08:00:00,2025-10-18 12:00:00,E,Main St,0,0,0,0
2025-10-18,18,10:00,172,8,11.3,1,1,32.49,1,2025-10-18 08:00:00,2025-10-18 12:00:00,E,Main St at Danforth Ave,0,0,0,0
2025-10-18,18,10:00,172,8,11.3,1,1,32.49,1,2025-10-18 08:00:00,2025-10-18 12:00:00,E,Howard Park Ave at Parkside Dr,0,0,0,0
2025-10-18,18,10:00,172,8,11.3,1,1,32.49,1,2025-10-18 08:00:00,2025-10-18 12:00:00,W,Woodfield Rd,3,1,4,0
2025-10-18,18,10:00,172,8,11.3,1,1,32.49,1,2025-10-18 08:00:00,2025-10-18 12:00:00,W,Coxwell Ave at Gerrard St East,2,1,4,0
2025-10-18,18,10:00,172,8,11.3,1,1,32.49,1,2025-10-18 08:00:00,2025-10-18 12:00:00,W,Euclid Ave,0,0,0,0
2025-10-18,18,10:00,172,8,11.3,1,1,32.49,1,2025-10-18 08:00:00,2025-10-18 12:00:00,W,Bowmore Rd,0,2,4,0
2025-10-18,18,10:00,172,8,11.3,1,1,32.49,1,2025-10-18 08:00:00,2025-10-18 12:00:00,W,Bay St,1,2,4,0
2025-10-18,18,10:00,172,8,11.3,1,1,32.49,1,2025-10-18 08:00:00,2025-10-18 12:00:00,W,Lansdowne Ave,0,0,0,0
2025-10-18,18,10:00,172,8,11.3,1,1,32.49,1,2025-10-18 08:00:00,2025-10-18 12:00:00,W,Indian Rd,0,3,2,0
2025-10-18,18,10:00,172,8,11.3,1,1,32.49,1,2025-10-18 08:00:00,2025-10-18 12:00:00,W,Grace St,0,0,0,0
2025-10-18,18,10:00,172,8,11.3,1,1,32.49,1,2025-10-18 08:00:00,2025-10-18 12:00:00,W,Dufferin St,4,3,9,3
2025-10-18,18,10:00,172,8,11.3,1,1,32.49,1,2025-10-18 08:00:00,2025-10-18 12:00:00,W,Gerrard St East at Beaton Ave,1,1,4,0
2025-10-18,18,10:00,172,8,11.3,1,1,32.49,1,2025-10-18 08:00:00,2025-10-18 12:00:00,W,Bathurst St,0,0,0,0
2025-10-18,18,10:00,172,8,11.3,1,1,32.49,1,2025-10-18 08:00:00,2025-10-18 12:00:00,W,Yonge St - College Station,0,0,0,0
2025-10-18,18,10:00,172,8,11.3,1,1,32.49,1,2025-10-18 08:00:00,2025-10-18 12:00:00,W,Dundas St West at Sterling Rd,0,0,0,0
2025-10-18,18,10:00,172,8,11.3,1,1,32.49,1,2025-10-18 08:00:00,2025-10-18 12:00:00,W,Brock Ave,0,0,0,0
2025-10-18,18,10:00,172,8,11.3,1,1,32.49,1,2025-10-18 08:00:00,2025-10-18 12:00:00,W,Sackville St,0,0,0,0
2025-10-18,18,10:00,172,8,11.3,1,1,32.49,1,2025-10-18 08:00:00,2025-10-18 12:00:00,W,Carlaw Ave,0,0,0,0
2025-10-18,18,10:00,172,8,11.3,1,1,32.49,1,2025-10-18 08:00:00,2025-10-18 12:00:00,W,Borden St,0,0,0,0
2025-10-18,18,10:00,172,8,11.3,1,1,32.49,1,2025-10-18 08:00:00,2025-10-18 12:00:00,W,Dundas St West at Sorauren Ave,0,4,2,1
2025-10-18,18,10:00,172,8,11.3,1,1,32.49,1,2025-10-18 08:00:00,2025-10-18 12:00:00,W,Crawford St,0,0,0,0
2025-10-18,18,10:00,172,8,11.3,1,1,32.49,1,2025-10-18 08:00:00,2025-10-18 12:00:00,W,Pape Ave,0,0,0,0
2025-10-18,18,10:00,172,8,11.3,1,1,32.49,1,2025-10-18 08:00:00,2025-10-18 12:00:00,W,Spadina Ave,2,1,3,0
2025-10-18,18,10:00,172,8,11.3,1,1,32.49,1,2025-10-18 08:00:00,2025-10-18 12:00:00,W,River St,0,0,0,0
2025-10-18,18,10:00,172,8,11.3,1,1,32.49,1,2025-10-18 08:00:00,2025-10-18 12:00:00,W,Marjory Ave,0,0,0,0
2025-10-18,18,10:00,172,8,11.3,1,1,32.49,1,2025-10-18 08:00:00,2025-10-18 12:00:00,W,Kingsmount Park Rd,0,0,0,0
2025-10-18,18,10:00,172,8,11.3,1,1,32.49,1,2025-10-18 08:00:00,2025-10-18 12:00:00,W,Church St,0,0,0,0
2025-10-18,18,10:00,172,8,11.3,1,1,32.49,1,2025-10-18 08:00:00,2025-10-18 12:00:00,W,Ossington Ave,0,0,0,0
2025-10-18,18,10:00,172,8,11.3,1,1,32.49,1,2025-10-18 08:00:00,2025-10-18 12:00:00,W,Woodbine Ave,0,0,0,0
2025-10-18,18,10:00,172,8,11.3,1,1,32.49,1,2025-10-18 08:00:00,2025-10-18 12:00:00,W,Jones Ave,0,0,0,0
2025-10-18,18,10:00,172,8,11.3,1,1,32.49,1,2025-10-18 08:00:00,2025-10-18 12:00:00,W,Golfview Ave,0,0,0,0
2025-10-18,18,10:00,172,8,11.3,1,1,32.49,1,2025-10-18 08:00:00,2025-10-18 12:00:00,W,Leslie St,0,0,0,0
2025-10-18,18,10:00,172,8,11.3,1,1,32.49,1,2025-10-18 08:00:00,2025-10-18 12:00:00,W,St Matthews Rd,0,0,0,0
2025-10-18,18,10:00,172,8,11.3,1,1,32.49,1,2025-10-18 08:00:00,2025-10-18 12:00:00,W,Jarvis St,0,0,0,0
2025-10-18,18,10:00,172,8,11.3,1,1,32.49,1,2025-10-18 08:00:00,2025-10-18 12:00:00,W,Sherbourne St,0,0,0,0
2025-10-18,18,10:00,172,8,11.3,1,1,32.49,1,2025-10-18 08:00:00,2025-10-18 12:00:00,W,St George St,0,0,0,0
2025-10-18,18,10:00,172,8,11.3,1,1,32.49,1,2025-10-18 08:00:00,2025-10-18 12:00:00,W,Dovercourt Rd,0,0,0,0
2025-10-18,18,10:00,172,8,11.3,1,1,32.49,1,2025-10-18 08:00:00,2025-10-18 12:00:00,W,Glenmount Park Rd,0,0,0,0
2025-10-18,18,10:00,172,8,11.3,1,1,32.49,1,2025-10-18 08:00:00,2025-10-18 12:00:00,W,Prust Ave,0,0,0,0
2025-10-18,18,10:00,172,8,11.3,1,1,32.49,1,2025-10-18 08:00:00,2025-10-18 12:00:00,W,Main Street Station at Bay 7,0,2,4,0
2025-10-18,18,10:00,172,8,11.3,1,1,32.49,1,2025-10-18 08:00:00,2025-10-18 12:00:00,W,Norwood Rd,0,0,0,0
2025-10-18,18,10:00,172,8,11.3,1,1,32.49,1,2025-10-18 08:00:00,2025-10-18 12:00:00,W,McCaul St,0,0,0,0
2025-10-18,18,10:00,172,8,11.3,1,1,32.49,1,2025-10-18 08:00:00,2025-10-18 12:00:00,W,Broadview Ave,0,0,0,0
2025-10-18,18,10:00,172,8,11.3,1,1,32.49,1,2025-10-18 08:00:00,2025-10-18 12:00:00,W,Ontario St,0,0,0,0
2025-10-18,18,10:00,172,8,11.3,1,1,32.49,1,2025-10-18 08:00:00,2025-10-18 12:00:00,W,Rusholme Park Cres,0,0,0,0
2025-10-18,18,10:00,172,8,11.3,1,1,32.49,1,2025-10-18 08:00:00,2025-10-18 12:00:00,W,Havelock St,0,0,0,0
2025-10-18,18,10:00,172,8,11.3,1,1,32.49,1,2025-10-18 08:00:00,2025-10-18 12:00:00,W,High Park Loop,0,0,0,0
2025-10-18,18,10:00,172,8,11.3,1,1,32.49,1,2025-10-18 08:00:00,2025-10-18 12:00:00,W,Queens Park (Queen's Park Station),0,0,0,0
2025-10-18,18,10:00,172,8,11.3,1,1,32.49,1,2025-10-18 08:00:00,2025-10-18 12:00:00,W,Roncesvalles Ave,0,3,2,0
2025-10-18,18,10:00,172,8,11.3,1,1,32.49,1,2025-10-18 08:00:00,2025-10-18 12:00:00,W,De Grassi St,0,0,0,0
2025-10-18,18,10:00,172,8,11.3,1,1,32.49,1,2025-10-18 08:00:00,2025-10-18 12:00:00,W,Parliament St at Carlton St,0,0,0,0
2025-10-18,18,10:00,172,8,11.3,1,1,32.49,1,2025-10-18 08:00:00,2025-10-18 12:00:00,W,Parkside Dr East Side,0,0,0,0
2025-10-18,18,10:00,172,8,11.3,1,1,32.49,1,2025-10-18 08:00:00,2025-10-18 12:00:00,W,Dundas St West,0,4,2,1
2025-10-18,18,10:00,172,8,11.3,1,1,32.49,1,2025-10-18 08:00:00,2025-10-18 12:00:00,W,Howard Park Ave at Roncesvalles Ave,0,0,0,0
2025-10-18,18,10:00,172,8,11.3,1,1,32.49,1,2025-10-18 08:00:00,2025-10-18 12:00:00,W,Parliament St,0,0,0,0
2025-10-18,18,10:00,172,8,11.3,1,1,32.49,1,2025-10-18 08:00:00,2025-10-18 12:00:00,W,Parliament St at Gerrard St East,0,0,0,0
2025-10-18,18,10:00,172,8,11.3,1,1,32.49,1,2025-10-18 08:00:00,2025-10-18 12:00:00,W,Sumach St,0,0,0,0
2025-10-18,18,10:00,172,8,11.3,1,1,32.49,1,2025-10-18 08:00:00,2025-10-18 12:00:00,W,Blackburn St,0,0,0,0
2025-10-18,18,10:00,172,8,11.3,1,1,32.49,1,2025-10-18 08:00:00,2025-10-18 12:00:00,W,Logan Ave,0,0,0,0
2025-10-18,18,10:00,172,8,11.3,1,1,32.49,1,2025-10-18 08:00:00,2025-10-18 12:00:00,W,Augusta Ave,0,0,0,0
2025-10-18,18,10:00,172,8,11.3,1,1,32.49,1,2025-10-18 08:00:00,2025-10-18 12:00:00,W,Beverley St,0,0,0,0
2025-10-18,18,10:00,172,8,11.3,1,1,32.49,1,2025-10-18 08:00:00,2025-10-18 12:00:00,W,University Ave (Queen's Park Station,0,0,0,0
2025-10-18,18,10:00,172,8,11.3,1,1,32.49,1,2025-10-18 08:00:00,2025-10-18 12:00:00,W,Elizabeth St,0,0,0,0
2025-10-18,18,10:00,172,8,11.3,1,1,32.49,1,2025-10-18 08:00:00,2025-10-18 12:00:00,W,Greenwood Ave,0,0,0,0
2025-10-18,18,10:00,172,8,11.3,1,1,32.49,1,2025-10-18 08:00:00,2025-10-18 12:00:00,W,Alton Ave,0,0,0,0
2025-10-18,18,10:00,172,8,11.3,1,1,32.49,1,2025-10-18 08:00:00,2025-10-18 12:00:00,W,Coxwell Ave,0,0,0,0
2025-10-18,18,10:00,172,8,11.3,1,1,32.49,1,2025-10-18 08:00:00,2025-10-18 12:00:00,W,Gerrard St East  at Coxwell Ave,0,0,0,0
2025-10-18,18,10:00,172,8,11.3,1,1,32.49,1,2025-10-18 08:00:00,2025-10-18 12:00:00,W,Coxwell Ave at Lower Gerrard St East,0,0,0,0
2025-10-18,18,10:00,172,8,11.3,1,1,32.49,1,2025-10-18 08:00:00,2025-10-18 12:00:00,W,Ashdale Ave,0,0,0,0
2025-10-18,18,10:00,172,8,11.3,1,1,32.49,1,2025-10-18 08:00:00,2025-10-18 12:00:00,W,Howard Park Ave at Indian Rd,0,0,0,0
2025-10-18,18,10:00,172,8,11.3,1,1,32.49,1,2025-10-18 08:00:00,2025-10-18 12:00:00,W,Dundas St West at Howard Park Ave,0,0,0,0
2025-10-18,18,10:00,172,8,11.3,1,1,32.49,1,2025-10-18 08:00:00,2025-10-18 12:00:00,W,Main St at Gerrard St East,0,0,0,0
2025-10-18,18,10:00,172,8,11.3,1,1,32.49,1,2025-10-18 08:00:00,2025-10-18 12:00:00,W,Main St,0,0,0,0
2025-10-18,18,10:00,172,8,11.3,1,1,32.49,1,2025-10-18 08:00:00,2025-10-18 12:00:00,W,Main St at Danforth Ave,0,0,0,0
2025-10-18,18,10:00,172,8,11.3,1,1,32.49,1,2025-10-18 08:00:00,2025-10-18 12:00:00,W,Howard Park Ave at Parkside Dr,0,0,0,0
2025-10-25,18,10:00,172,8,11.3,1,1,32.49,1,2025-10-25 08:00:00,2025-10-25 12:00:00,E,Woodfield Rd,0,0,0,0
2025-10-25,18,10:00,172,8,11.3,1,1,32.49,1,2025-10-25 08:00:00,2025-10-25 12:00:00,E,Coxwell Ave at Gerrard St East,0,0,0,0
2025-10-25,18,10:00,172,8,11.3,1,1,32.49,1,2025-10-25 08:00:00,2025-10-25 12:00:00,E,Euclid Ave,0,0,9,0
2025-10-25,18,10:00,172,8,11.3,1,1,32.49,1,2025-10-25 08:00:00,2025-10-25 12:00:00,E,Bowmore Rd,0,0,0,0
2025-10-25,18,10:00,172,8,11.3,1,1,32.49,1,2025-10-25 08:00:00,2025-10-25 12:00:00,E,Bay St,9,1,10,1
2025-10-25,18,10:00,172,8,11.3,1,1,32.49,1,2025-10-25 08:00:00,2025-10-25 12:00:00,E,Lansdowne Ave,1,0,7,0
2025-10-25,18,10:00,172,8,11.3,1,1,32.49,1,2025-10-25 08:00:00,2025-10-25 12:00:00,E,Indian Rd,0,1,10,0
2025-10-25,18,10:00,172,8,11.3,1,1,32.49,1,2025-10-25 08:00:00,2025-10-25 12:00:00,E,Grace St,0,1,10,0
2025-10-25,18,10:00,172,8,11.3,1,1,32.49,1,2025-10-25 08:00:00,2025-10-25 12:00:00,E,Dufferin St,0,0,0,0
2025-10-25,18,10:00,172,8,11.3,1,1,32.49,1,2025-10-25 08:00:00,2025-10-25 12:00:00,E,Gerrard St East at Beaton Ave,0,0,0,0
2025-10-25,18,10:00,172,8,11.3,1,1,32.49,1,2025-10-25 08:00:00,2025-10-25 12:00:00,E,Bathurst St,4,2,8,0
2025-10-25,18,10:00,172,8,11.3,1,1,32.49,1,2025-10-25 08:00:00,2025-10-25 12:00:00,E,Yonge St - College Station,0,0,0,0
2025-10-25,18,10:00,172,8,11.3,1,1,32.49,1,2025-10-25 08:00:00,2025-10-25 12:00:00,E,Dundas St West at Sterling Rd,1,0,7,0
2025-10-25,18,10:00,172,8,11.3,1,1,32.49,1,2025-10-25 08:00:00,2025-10-25 12:00:00,E,Brock Ave,1,0,8,0
2025-10-25,18,10:00,172,8,11.3,1,1,32.49,1,2025-10-25 08:00:00,2025-10-25 12:00:00,E,Sackville St,0,0,0,0
2025-10-25,18,10:00,172,8,11.3,1,1,32.49,1,2025-10-25 08:00:00,2025-10-25 12:00:00,E,Carlaw Ave,0,0,0,0
2025-10-25,18,10:00,172,8,11.3,1,1,32.49,1,2025-10-25 08:00:00,2025-10-25 12:00:00,E,Borden St,4,4,8,0
2025-10-25,18,10:00,172,8,11.3,1,1,32.49,1,2025-10-25 08:00:00,2025-10-25 12:00:00,E,Dundas St West at Sorauren Ave,1,0,7,0
2025-10-25,18,10:00,172,8,11.3,1,1,32.49,1,2025-10-25 08:00:00,2025-10-25 12:00:00,E,Crawford St,0,0,8,0
2025-10-25,18,10:00,172,8,11.3,1,1,32.49,1,2025-10-25 08:00:00,2025-10-25 12:00:00,E,Pape Ave,0,0,0,0
2025-10-25,18,10:00,172,8,11.3,1,1,32.49,1,2025-10-25 08:00:00,2025-10-25 12:00:00,E,Spadina Ave,4,4,9,0
2025-10-25,18,10:00,172,8,11.3,1,1,32.49,1,2025-10-25 08:00:00,2025-10-25 12:00:00,E,River St,0,0,0,0
2025-10-25,18,10:00,172,8,11.3,1,1,32.49,1,2025-10-25 08:00:00,2025-10-25 12:00:00,E,Marjory Ave,0,0,0,0
2025-10-25,18,10:00,172,8,11.3,1,1,32.49,1,2025-10-25 08:00:00,2025-10-25 12:00:00,E,Kingsmount Park Rd,0,0,0,0
2025-10-25,18,10:00,172,8,11.3,1,1,32.49,1,2025-10-25 08:00:00,2025-10-25 12:00:00,E,Church St,0,0,0,0
2025-10-25,18,10:00,172,8,11.3,1,1,32.49,1,2025-10-25 08:00:00,2025-10-25 12:00:00,E,Ossington Ave,19,0,15,4
2025-10-25,18,10:00,172,8,11.3,1,1,32.49,1,2025-10-25 08:00:00,2025-10-25 12:00:00,E,Woodbine Ave,0,0,0,0
2025-10-25,18,10:00,172,8,11.3,1,1,32.49,1,2025-10-25 08:00:00,2025-10-25 12:00:00,E,Jones Ave,0,0,0,0
2025-10-25,18,10:00,172,8,11.3,1,1,32.49,1,2025-10-25 08:00:00,2025-10-25 12:00:00,E,Golfview Ave,0,0,0,0
2025-10-25,18,10:00,172,8,11.3,1,1,32.49,1,2025-10-25 08:00:00,2025-10-25 12:00:00,E,Leslie St,0,0,0,0
2025-10-25,18,10:00,172,8,11.3,1,1,32.49,1,2025-10-25 08:00:00,2025-10-25 12:00:00,E,St Matthews Rd,0,0,0,0
2025-10-25,18,10:00,172,8,11.3,1,1,32.49,1,2025-10-25 08:00:00,2025-10-25 12:00:00,E,Jarvis St,1,0,7,0
2025-10-25,18,10:00,172,8,11.3,1,1,32.49,1,2025-10-25 08:00:00,2025-10-25 12:00:00,E,Sherbourne St,1,0,7,0
2025-10-25,18,10:00,172,8,11.3,1,1,32.49,1,2025-10-25 08:00:00,2025-10-25 12:00:00,E,St George St,10,1,7,1
2025-10-25,18,10:00,172,8,11.3,1,1,32.49,1,2025-10-25 08:00:00,2025-10-25 12:00:00,E,Dovercourt Rd,9,2,14,1
2025-10-25,18,10:00,172,8,11.3,1,1,32.49,1,2025-10-25 08:00:00,2025-10-25 12:00:00,E,Glenmount Park Rd,0,0,0,0
2025-10-25,18,10:00,172,8,11.3,1,1,32.49,1,2025-10-25 08:00:00,2025-10-25 12:00:00,E,Prust Ave,0,0,0,0
2025-10-25,18,10:00,172,8,11.3,1,1,32.49,1,2025-10-25 08:00:00,2025-10-25 12:00:00,E,Main Street Station at Bay 7,0,0,0,0
2025-10-25,18,10:00,172,8,11.3,1,1,32.49,1,2025-10-25 08:00:00,2025-10-25 12:00:00,E,Norwood Rd,0,0,0,0
2025-10-25,18,10:00,172,8,11.3,1,1,32.49,1,2025-10-25 08:00:00,2025-10-25 12:00:00,E,McCaul St,7,2,7,1
2025-10-25,18,10:00,172,8,11.3,1,1,32.49,1,2025-10-25 08:00:00,2025-10-25 12:00:00,E,Broadview Ave,2,2,6,0
2025-10-25,18,10:00,172,8,11.3,1,1,32.49,1,2025-10-25 08:00:00,2025-10-25 12:00:00,E,Ontario St,1,1,8,0
2025-10-25,18,10:00,172,8,11.3,1,1,32.49,1,2025-10-25 08:00:00,2025-10-25 12:00:00,E,Rusholme Park Cres,0,0,8,0
2025-10-25,18,10:00,172,8,11.3,1,1,32.49,1,2025-10-25 08:00:00,2025-10-25 12:00:00,E,Havelock St,0,0,0,0
2025-10-25,18,10:00,172,8,11.3,1,1,32.49,1,2025-10-25 08:00:00,2025-10-25 12:00:00,E,High Park Loop,0,4,21,1
2025-10-25,18,10:00,172,8,11.3,1,1,32.49,1,2025-10-25 08:00:00,2025-10-25 12:00:00,E,Queens Park (Queen's Park Station),9,3,7,1
2025-10-25,18,10:00,172,8,11.3,1,1,32.49,1,2025-10-25 08:00:00,2025-10-25 12:00:00,E,Roncesvalles Ave,0,0,0,0
2025-10-25,18,10:00,172,8,11.3,1,1,32.49,1,2025-10-25 08:00:00,2025-10-25 12:00:00,E,De Grassi St,3,2,7,0
2025-10-25,18,10:00,172,8,11.3,1,1,32.49,1,2025-10-25 08:00:00,2025-10-25 12:00:00,E,Parliament St at Carlton St,2,1,8,0
2025-10-25,18,10:00,172,8,11.3,1,1,32.49,1,2025-10-25 08:00:00,2025-10-25 12:00:00,E,Parkside Dr East Side,0,2,10,1
2025-10-25,18,10:00,172,8,11.3,1,1,32.49,1,2025-10-25 08:00:00,2025-10-25 12:00:00,E,Dundas St West,1,0,7,0
2025-10-25,18,10:00,172,8,11.3,1,1,32.49,1,2025-10-25 08:00:00,2025-10-25 12:00:00,E,Howard Park Ave at Roncesvalles Ave,0,0,0,0
2025-10-25,18,10:00,172,8,11.3,1,1,32.49,1,2025-10-25 08:00:00,2025-10-25 12:00:00,E,Parliament St,0,0,0,0
2025-10-25,18,10:00,172,8,11.3,1,1,32.49,1,2025-10-25 08:00:00,2025-10-25 12:00:00,E,Parliament St at Gerrard St East,0,0,0,0
2025-10-25,18,10:00,172,8,11.3,1,1,32.49,1,2025-10-25 08:00:00,2025-10-25 12:00:00,E,Sumach St,0,0,0,0
2025-10-25,18,10:00,172,8,11.3,1,1,32.49,1,2025-10-25 08:00:00,2025-10-25 12:00:00,E,Blackburn St,0,0,0,0
2025-10-25,18,10:00,172,8,11.3,1,1,32.49,1,2025-10-25 08:00:00,2025-10-25 12:00:00,E,Logan Ave,3,3,8,0
2025-10-25,18,10:00,172,8,11.3,1,1,32.49,1,2025-10-25 08:00:00,2025-10-25 12:00:00,E,Augusta Ave,0,0,0,0
2025-10-25,18,10:00,172,8,11.3,1,1,32.49,1,2025-10-25 08:00:00,2025-10-25 12:00:00,E,Beverley St,0,0,0,0
2025-10-25,18,10:00,172,8,11.3,1,1,32.49,1,2025-10-25 08:00:00,2025-10-25 12:00:00,E,University Ave (Queen's Park Station,0,0,0,0
2025-10-25,18,10:00,172,8,11.3,1,1,32.49,1,2025-10-25 08:00:00,2025-10-25 12:00:00,E,Elizabeth St,0,0,0,0
2025-10-25,18,10:00,172,8,11.3,1,1,32.49,1,2025-10-25 08:00:00,2025-10-25 12:00:00,E,Greenwood Ave,0,0,0,0
2025-10-25,18,10:00,172,8,11.3,1,1,32.49,1,2025-10-25 08:00:00,2025-10-25 12:00:00,E,Alton Ave,0,0,0,0
2025-10-25,18,10:00,172,8,11.3,1,1,32.49,1,2025-10-25 08:00:00,2025-10-25 12:00:00,E,Coxwell Ave,0,0,0,0
2025-10-25,18,10:00,172,8,11.3,1,1,32.49,1,2025-10-25 08:00:00,2025-10-25 12:00:00,E,Gerrard St East  at Coxwell Ave,0,0,0,0
2025-10-25,18,10:00,172,8,11.3,1,1,32.49,1,2025-10-25 08:00:00,2025-10-25 12:00:00,E,Coxwell Ave at Lower Gerrard St East,0,0,0,0
2025-10-25,18,10:00,172,8,11.3,1,1,32.49,1,2025-10-25 08:00:00,2025-10-25 12:00:00,E,Ashdale Ave,0,0,0,0
2025-10-25,18,10:00,172,8,11.3,1,1,32.49,1,2025-10-25 08:00:00,2025-10-25 12:00:00,E,Howard Park Ave at Indian Rd,0,0,0,0
2025-10-25,18,10:00,172,8,11.3,1,1,32.49,1,2025-10-25 08:00:00,2025-10-25 12:00:00,E,Dundas St West at Howard Park Ave,0,0,0,0
2025-10-25,18,10:00,172,8,11.3,1,1,32.49,1,2025-10-25 08:00:00,2025-10-25 12:00:00,E,Main St at Gerrard St East,0,0,0,0
2025-10-25,18,10:00,172,8,11.3,1,1,32.49,1,2025-10-25 08:00:00,2025-10-25 12:00:00,E,Main St,0,0,0,0
2025-10-25,18,10:00,172,8,11.3,1,1,32.49,1,2025-10-25 08:00:00,2025-10-25 12:00:00,E,Main St at Danforth Ave,0,0,0,0
2025-10-25,18,10:00,172,8,11.3,1,1,32.49,1,2025-10-25 08:00:00,2025-10-25 12:00:00,E,Howard Park Ave at Parkside Dr,0,0,0,0
2025-10-25,18,10:00,172,8,11.3,1,1,32.49,1,2025-10-25 08:00:00,2025-10-25 12:00:00,W,Woodfield Rd,0,0,0,0
2025-10-25,18,10:00,172,8,11.3,1,1,32.49,1,2025-10-25 08:00:00,2025-10-25 12:00:00,W,Coxwell Ave at Gerrard St East,0,0,0,0
2025-10-25,18,10:00,172,8,11.3,1,1,32.49,1,2025-10-25 08:00:00,2025-10-25 12:00:00,W,Euclid Ave,0,0,0,0
2025-10-25,18,10:00,172,8,11.3,1,1,32.49,1,2025-10-25 08:00:00,2025-10-25 12:00:00,W,Bowmore Rd,0,0,0,0
2025-10-25,18,10:00,172,8,11.3,1,1,32.49,1,2025-10-25 08:00:00,2025-10-25 12:00:00,W,Bay St,0,0,0,0
2025-10-25,18,10:00,172,8,11.3,1,1,32.49,1,2025-10-25 08:00:00,2025-10-25 12:00:00,W,Lansdowne Ave,0,0,0,0
2025-10-25,18,10:00,172,8,11.3,1,1,32.49,1,2025-10-25 08:00:00,2025-10-25 12:00:00,W,Indian Rd,6,1,0,0
2025-10-25,18,10:00,172,8,11.3,1,1,32.49,1,2025-10-25 08:00:00,2025-10-25 12:00:00,W,Grace St,0,0,0,0
2025-10-25,18,10:00,172,8,11.3,1,1,32.49,1,2025-10-25 08:00:00,2025-10-25 12:00:00,W,Dufferin St,3,1,1,0
2025-10-25,18,10:00,172,8,11.3,1,1,32.49,1,2025-10-25 08:00:00,2025-10-25 12:00:00,W,Gerrard St East at Beaton Ave,0,0,0,0
2025-10-25,18,10:00,172,8,11.3,1,1,32.49,1,2025-10-25 08:00:00,2025-10-25 12:00:00,W,Bathurst St,0,0,0,0
2025-10-25,18,10:00,172,8,11.3,1,1,32.49,1,2025-10-25 08:00:00,2025-10-25 12:00:00,W,Yonge St - College Station,0,0,0,0
2025-10-25,18,10:00,172,8,11.3,1,1,32.49,1,2025-10-25 08:00:00,2025-10-25 12:00:00,W,Dundas St West at Sterling Rd,0,0,0,0
2025-10-25,18,10:00,172,8,11.3,1,1,32.49,1,2025-10-25 08:00:00,2025-10-25 12:00:00,W,Brock Ave,0,0,0,0
2025-10-25,18,10:00,172,8,11.3,1,1,32.49,1,2025-10-25 08:00:00,2025-10-25 12:00:00,W,Sackville St,0,0,0,0
2025-10-25,18,10:00,172,8,11.3,1,1,32.49,1,2025-10-25 08:00:00,2025-10-25 12:00:00,W,Carlaw Ave,0,0,0,0
2025-10-25,18,10:00,172,8,11.3,1,1,32.49,1,2025-10-25 08:00:00,2025-10-25 12:00:00,W,Borden St,0,0,0,0
2025-10-25,18,10:00,172,8,11.3,1,1,32.49,1,2025-10-25 08:00:00,2025-10-25 12:00:00,W,Dundas St West at Sorauren Ave,4,2,0,0
2025-10-25,18,10:00,172,8,11.3,1,1,32.49,1,2025-10-25 08:00:00,2025-10-25 12:00:00,W,Crawford St,0,0,0,0
2025-10-25,18,10:00,172,8,11.3,1,1,32.49,1,2025-10-25 08:00:00,2025-10-25 12:00:00,W,Pape Ave,0,0,0,0
2025-10-25,18,10:00,172,8,11.3,1,1,32.49,1,2025-10-25 08:00:00,2025-10-25 12:00:00,W,Spadina Ave,3,0,1,0
2025-10-25,18,10:00,172,8,11.3,1,1,32.49,1,2025-10-25 08:00:00,2025-10-25 12:00:00,W,River St,0,0,0,0
2025-10-25,18,10:00,172,8,11.3,1,1,32.49,1,2025-10-25 08:00:00,2025-10-25 12:00:00,W,Marjory Ave,0,0,0,0
2025-10-25,18,10:00,172,8,11.3,1,1,32.49,1,2025-10-25 08:00:00,2025-10-25 12:00:00,W,Kingsmount Park Rd,0,0,0,0
2025-10-25,18,10:00,172,8,11.3,1,1,32.49,1,2025-10-25 08:00:00,2025-10-25 12:00:00,W,Church St,0,0,0,0
2025-10-25,18,10:00,172,8,11.3,1,1,32.49,1,2025-10-25 08:00:00,2025-10-25 12:00:00,W,Ossington Ave,0,0,0,0
2025-10-25,18,10:00,172,8,11.3,1,1,32.49,1,2025-10-25 08:00:00,2025-10-25 12:00:00,W,Woodbine Ave,0,0,0,0
2025-10-25,18,10:00,172,8,11.3,1,1,32.49,1,2025-10-25 08:00:00,2025-10-25 12:00:00,W,Jones Ave,0,0,0,0
2025-10-25,18,10:00,172,8,11.3,1,1,32.49,1,2025-10-25 08:00:00,2025-10-25 12:00:00,W,Golfview Ave,0,0,0,0
2025-10-25,18,10:00,172,8,11.3,1,1,32.49,1,2025-10-25 08:00:00,2025-10-25 12:00:00,W,Leslie St,0,0,0,0
2025-10-25,18,10:00,172,8,11.3,1,1,32.49,1,2025-10-25 08:00:00,2025-10-25 12:00:00,W,St Matthews Rd,0,0,0,0
2025-10-25,18,10:00,172,8,11.3,1,1,32.49,1,2025-10-25 08:00:00,2025-10-25 12:00:00,W,Jarvis St,0,0,0,0
2025-10-25,18,10:00,172,8,11.3,1,1,32.49,1,2025-10-25 08:00:00,2025-10-25 12:00:00,W,Sherbourne St,0,0,0,0
2025-10-25,18,10:00,172,8,11.3,1,1,32.49,1,2025-10-25 08:00:00,2025-10-25 12:00:00,W,St George St,0,0,0,0
2025-10-25,18,10:00,172,8,11.3,1,1,32.49,1,2025-10-25 08:00:00,2025-10-25 12:00:00,W,Dovercourt Rd,0,0,0,0
2025-10-25,18,10:00,172,8,11.3,1,1,32.49,1,2025-10-25 08:00:00,2025-10-25 12:00:00,W,Glenmount Park Rd,0,0,0,0
2025-10-25,18,10:00,172,8,11.3,1,1,32.49,1,2025-10-25 08:00:00,2025-10-25 12:00:00,W,Prust Ave,0,0,0,0
2025-10-25,18,10:00,172,8,11.3,1,1,32.49,1,2025-10-25 08:00:00,2025-10-25 12:00:00,W,Main Street Station at Bay 7,0,0,0,0
2025-10-25,18,10:00,172,8,11.3,1,1,32.49,1,2025-10-25 08:00:00,2025-10-25 12:00:00,W,Norwood Rd,0,0,0,0
2025-10-25,18,10:00,172,8,11.3,1,1,32.49,1,2025-10-25 08:00:00,2025-10-25 12:00:00,W,McCaul St,0,0,0,0
2025-10-25,18,10:00,172,8,11.3,1,1,32.49,1,2025-10-25 08:00:00,2025-10-25 12:00:00,W,Broadview Ave,0,0,0,0
2025-10-25,18,10:00,172,8,11.3,1,1,32.49,1,2025-10-25 08:00:00,2025-10-25 12:00:00,W,Ontario St,0,0,0,0
2025-10-25,18,10:00,172,8,11.3,1,1,32.49,1,2025-10-25 08:00:00,2025-10-25 12:00:00,W,Rusholme Park Cres,0,0,0,0
2025-10-25,18,10:00,172,8,11.3,1,1,32.49,1,2025-10-25 08:00:00,2025-10-25 12:00:00,W,Havelock St,0,0,0,0
2025-10-25,18,10:00,172,8,11.3,1,1,32.49,1,2025-10-25 08:00:00,2025-10-25 12:00:00,W,High Park Loop,0,0,0,0
2025-10-25,18,10:00,172,8,11.3,1,1,32.49,1,2025-10-25 08:00:00,2025-10-25 12:00:00,W,Queens Park (Queen's Park Station),0,0,0,0
2025-10-25,18,10:00,172,8,11.3,1,1,32.49,1,2025-10-25 08:00:00,2025-10-25 12:00:00,W,Roncesvalles Ave,4,2,0,0
2025-10-25,18,10:00,172,8,11.3,1,1,32.49,1,2025-10-25 08:00:00,2025-10-25 12:00:00,W,De Grassi St,0,0,0,0
2025-10-25,18,10:00,172,8,11.3,1,1,32.49,1,2025-10-25 08:00:00,2025-10-25 12:00:00,W,Parliament St at Carlton St,0,0,0,0
2025-10-25,18,10:00,172,8,11.3,1,1,32.49,1,2025-10-25 08:00:00,2025-10-25 12:00:00,W,Parkside Dr East Side,0,0,0,0
2025-10-25,18,10:00,172,8,11.3,1,1,32.49,1,2025-10-25 08:00:00,2025-10-25 12:00:00,W,Dundas St West,3,2,0,0
2025-10-25,18,10:00,172,8,11.3,1,1,32.49,1,2025-10-25 08:00:00,2025-10-25 12:00:00,W,Howard Park Ave at Roncesvalles Ave,0,0,0,0
2025-10-25,18,10:00,172,8,11.3,1,1,32.49,1,2025-10-25 08:00:00,2025-10-25 12:00:00,W,Parliament St,0,0,0,0
2025-10-25,18,10:00,172,8,11.3,1,1,32.49,1,2025-10-25 08:00:00,2025-10-25 12:00:00,W,Parliament St at Gerrard St East,0,0,0,0
2025-10-25,18,10:00,172,8,11.3,1,1,32.49,1,2025-10-25 08:00:00,2025-10-25 12:00:00,W,Sumach St,0,0,0,0
2025-10-25,18,10:00,172,8,11.3,1,1,32.49,1,2025-10-25 08:00:00,2025-10-25 12:00:00,W,Blackburn St,0,0,0,0
2025-10-25,18,10:00,172,8,11.3,1,1,32.49,1,2025-10-25 08:00:00,2025-10-25 12:00:00,W,Logan Ave,0,0,0,0
2025-10-25,18,10:00,172,8,11.3,1,1,32.49,1,2025-10-25 08:00:00,2025-10-25 12:00:00,W,Augusta Ave,0,0,0,0
2025-10-25,18,10:00,172,8,11.3,1,1,32.49,1,2025-10-25 08:00:00,2025-10-25 12:00:00,W,Beverley St,0,0,0,0
2025-10-25,18,10:00,172,8,11.3,1,1,32.49,1,2025-10-25 08:00:00,2025-10-25 12:00:00,W,University Ave (Queen's Park Station,0,0,0,0
2025-10-25,18,10:00,172,8,11.3,1,1,32.49,1,2025-10-25 08:00:00,2025-10-25 12:00:00,W,Elizabeth St,0,0,0,0
2025-10-25,18,10:00,172,8,11.3,1,1,32.49,1,2025-10-25 08:00:00,2025-10-25 12:00:00,W,Greenwood Ave,0,0,0,0
2025-10-25,18,10:00,172,8,11.3,1,1,32.49,1,2025-10-25 08:00:00,2025-10-25 12:00:00,W,Alton Ave,0,0,0,0
2025-10-25,18,10:00,172,8,11.3,1,1,32.49,1,2025-10-25 08:00:00,2025-10-25 12:00:00,W,Coxwell Ave,0,0,0,0
2025-10-25,18,10:00,172,8,11.3,1,1,32.49,1,2025-10-25 08:00:00,2025-10-25 12:00:00,W,Gerrard St East  at Coxwell Ave,0,0,0,0
2025-10-25,18,10:00,172,8,11.3,1,1,32.49,1,2025-10-25 08:00:00,2025-10-25 12:00:00,W,Coxwell Ave at Lower Gerrard St East,0,0,0,0
2025-10-25,18,10:00,172,8,11.3,1,1,32.49,1,2025-10-25 08:00:00,2025-10-25 12:00:00,W,Ashdale Ave,0,0,0,0
2025-10-25,18,10:00,172,8,11.3,1,1,32.49,1,2025-10-25 08:00:00,2025-10-25 12:00:00,W,Howard Park Ave at Indian Rd,0,0,0,0
2025-10-25,18,10:00,172,8,11.3,1,1,32.49,1,2025-10-25 08:00:00,2025-10-25 12:00:00,W,Dundas St West at Howard Park Ave,0,0,0,0
2025-10-25,18,10:00,172,8,11.3,1,1,32.49,1,2025-10-25 08:00:00,2025-10-25 12:00:00,W,Main St at Gerrard St East,0,0,0,0
2025-10-25,18,10:00,172,8,11.3,1,1,32.49,1,2025-10-25 08:00:00,2025-10-25 12:00:00,W,Main St,0,0,0,0
2025-10-25,18,10:00,172,8,11.3,1,1,32.49,1,2025-10-25 08:00:00,2025-10-25 12:00:00,W,Main St at Danforth Ave,0,0,0,0
2025-10-25,18,10:00,172,8,11.3,1,1,32.49,1,2025-10-25 08:00:00,2025-10-25 12:00:00,W,Howard Park Ave at Parkside Dr,0,0,0,0
2025-11-01,18,10:00,172,8,11.3,1,1,32.49,1,2025-11-01 08:00:00,2025-11-01 12:00:00,E,Woodfield Rd,1,1,1,0
2025-11-01,18,10:00,172,8,11.3,1,1,32.49,1,2025-11-01 08:00:00,2025-11-01 12:00:00,E,Coxwell Ave at Gerrard St East,0,0,0,0
2025-11-01,18,10:00,172,8,11.3,1,1,32.49,1,2025-11-01 08:00:00,2025-11-01 12:00:00,E,Euclid Ave,1,0,1,0
2025-11-01,18,10:00,172,8,11.3,1,1,32.49,1,2025-11-01 08:00:00,2025-11-01 12:00:00,E,Bowmore Rd,0,2,1,0
2025-11-01,18,10:00,172,8,11.3,1,1,32.49,1,2025-11-01 08:00:00,2025-11-01 12:00:00,E,Bay St,0,2,0,0
2025-11-01,18,10:00,172,8,11.3,1,1,32.49,1,2025-11-01 08:00:00,2025-11-01 12:00:00,E,Lansdowne Ave,1,2,1,0
2025-11-01,18,10:00,172,8,11.3,1,1,32.49,1,2025-11-01 08:00:00,2025-11-01 12:00:00,E,Indian Rd,0,0,1,0
2025-11-01,18,10:00,172,8,11.3,1,1,32.49,1,2025-11-01 08:00:00,2025-11-01 12:00:00,E,Grace St,1,0,2,0
2025-11-01,18,10:00,172,8,11.3,1,1,32.49,1,2025-11-01 08:00:00,2025-11-01 12:00:00,E,Dufferin St,1,1,1,0
2025-11-01,18,10:00,172,8,11.3,1,1,32.49,1,2025-11-01 08:00:00,2025-11-01 12:00:00,E,Gerrard St East at Beaton Ave,0,2,1,0
2025-11-01,18,10:00,172,8,11.3,1,1,32.49,1,2025-11-01 08:00:00,2025-11-01 12:00:00,E,Bathurst St,1,1,0,0
2025-11-01,18,10:00,172,8,11.3,1,1,32.49,1,2025-11-01 08:00:00,2025-11-01 12:00:00,E,Yonge St - College Station,0,2,1,0
2025-11-01,18,10:00,172,8,11.3,1,1,32.49,1,2025-11-01 08:00:00,2025-11-01 12:00:00,E,Dundas St West at Sterling Rd,1,0,0,0
2025-11-01,18,10:00,172,8,11.3,1,1,32.49,1,2025-11-01 08:00:00,2025-11-01 12:00:00,E,Brock Ave,1,1,1,0
2025-11-01,18,10:00,172,8,11.3,1,1,32.49,1,2025-11-01 08:00:00,2025-11-01 12:00:00,E,Sackville St,0,0,0,0
2025-11-01,18,10:00,172,8,11.3,1,1,32.49,1,2025-11-01 08:00:00,2025-11-01 12:00:00,E,Carlaw Ave,0,2,1,0
2025-11-01,18,10:00,172,8,11.3,1,1,32.49,1,2025-11-01 08:00:00,2025-11-01 12:00:00,E,Borden St,0,2,0,0
2025-11-01,18,10:00,172,8,11.3,1,1,32.49,1,2025-11-01 08:00:00,2025-11-01 12:00:00,E,Dundas St West at Sorauren Ave,1,0,0,0
2025-11-01,18,10:00,172,8,11.3,1,1,32.49,1,2025-11-01 08:00:00,2025-11-01 12:00:00,E,Crawford St,0,0,2,0
2025-11-01,18,10:00,172,8,11.3,1,1,32.49,1,2025-11-01 08:00:00,2025-11-01 12:00:00,E,Pape Ave,0,2,1,0
2025-11-01,18,10:00,172,8,11.3,1,1,32.49,1,2025-11-01 08:00:00,2025-11-01 12:00:00,E,Spadina Ave,1,1,0,0
2025-11-01,18,10:00,172,8,11.3,1,1,32.49,1,2025-11-01 08:00:00,2025-11-01 12:00:00,E,River St,0,0,0,0
2025-11-01,18,10:00,172,8,11.3,1,1,32.49,1,2025-11-01 08:00:00,2025-11-01 12:00:00,E,Marjory Ave,0,2,1,0
2025-11-01,18,10:00,172,8,11.3,1,1,32.49,1,2025-11-01 08:00:00,2025-11-01 12:00:00,E,Kingsmount Park Rd,0,2,1,0
2025-11-01,18,10:00,172,8,11.3,1,1,32.49,1,2025-11-01 08:00:00,2025-11-01 12:00:00,E,Church St,0,0,0,0
2025-11-01,18,10:00,172,8,11.3,1,1,32.49,1,2025-11-01 08:00:00,2025-11-01 12:00:00,E,Ossington Ave,1,1,1,0
2025-11-01,18,10:00,172,8,11.3,1,1,32.49,1,2025-11-01 08:00:00,2025-11-01 12:00:00,E,Woodbine Ave,0,2,1,0
2025-11-01,18,10:00,172,8,11.3,1,1,32.49,1,2025-11-01 08:00:00,2025-11-01 12:00:00,E,Jones Ave,0,2,1,0
2025-11-01,18,10:00,172,8,11.3,1,1,32.49,1,2025-11-01 08:00:00,2025-11-01 12:00:00,E,Golfview Ave,0,2,1,0
2025-11-01,18,10:00,172,8,11.3,1,1,32.49,1,2025-11-01 08:00:00,2025-11-01 12:00:00,E,Leslie St,0,2,1,0
2025-11-01,18,10:00,172,8,11.3,1,1,32.49,1,2025-11-01 08:00:00,2025-11-01 12:00:00,E,St Matthews Rd,0,0,0,0
2025-11-01,18,10:00,172,8,11.3,1,1,32.49,1,2025-11-01 08:00:00,2025-11-01 12:00:00,E,Jarvis St,0,1,0,0
2025-11-01,18,10:00,172,8,11.3,1,1,32.49,1,2025-11-01 08:00:00,2025-11-01 12:00:00,E,Sherbourne St,0,1,0,0
2025-11-01,18,10:00,172,8,11.3,1,1,32.49,1,2025-11-01 08:00:00,2025-11-01 12:00:00,E,St George St,0,2,0,0
2025-11-01,18,10:00,172,8,11.3,1,1,32.49,1,2025-11-01 08:00:00,2025-11-01 12:00:00,E,Dovercourt Rd,0,2,1,0
2025-11-01,18,10:00,172,8,11.3,1,1,32.49,1,2025-11-01 08:00:00,2025-11-01 12:00:00,E,Glenmount Park Rd,0,2,1,0
2025-11-01,18,10:00,172,8,11.3,1,1,32.49,1,2025-11-01 08:00:00,2025-11-01 12:00:00,E,Prust Ave,0,2,1,0
2025-11-01,18,10:00,172,8,11.3,1,1,32.49,1,2025-11-01 08:00:00,2025-11-01 12:00:00,E,Main Street Station at Bay 7,0,0,0,0
2025-11-01,18,10:00,172,8,11.3,1,1,32.49,1,2025-11-01 08:00:00,2025-11-01 12:00:00,E,Norwood Rd,0,2,1,0
2025-11-01,18,10:00,172,8,11.3,1,1,32.49,1,2025-11-01 08:00:00,2025-11-01 12:00:00,E,McCaul St,1,2,0,0
2025-11-01,18,10:00,172,8,11.3,1,1,32.49,1,2025-11-01 08:00:00,2025-11-01 12:00:00,E,Broadview Ave,1,2,0,0
2025-11-01,18,10:00,172,8,11.3,1,1,32.49,1,2025-11-01 08:00:00,2025-11-01 12:00:00,E,Ontario St,0,1,0,0
2025-11-01,18,10:00,172,8,11.3,1,1,32.49,1,2025-11-01 08:00:00,2025-11-01 12:00:00,E,Rusholme Park Cres,1,0,0,0
2025-11-01,18,10:00,172,8,11.3,1,1,32.49,1,2025-11-01 08:00:00,2025-11-01 12:00:00,E,Havelock St,0,1,1,0
2025-11-01,18,10:00,172,8,11.3,1,1,32.49,1,2025-11-01 08:00:00,2025-11-01 12:00:00,E,High Park Loop,2,2,2,0
2025-11-01,18,10:00,172,8,11.3,1,1,32.49,1,2025-11-01 08:00:00,2025-11-01 12:00:00,E,Queens Park (Queen's Park Station),1,2,0,0
2025-11-01,18,10:00,172,8,11.3,1,1,32.49,1,2025-11-01 08:00:00,2025-11-01 12:00:00,E,Roncesvalles Ave,0,0,0,0
2025-11-01,18,10:00,172,8,11.3,1,1,32.49,1,2025-11-01 08:00:00,2025-11-01 12:00:00,E,De Grassi St,1,1,0,0
2025-11-01,18,10:00,172,8,11.3,1,1,32.49,1,2025-11-01 08:00:00,2025-11-01 12:00:00,E,Parliament St at Carlton St,0,1,0,0
2025-11-01,18,10:00,172,8,11.3,1,1,32.49,1,2025-11-01 08:00:00,2025-11-01 12:00:00,E,Parkside Dr East Side,1,1,1,0
2025-11-01,18,10:00,172,8,11.3,1,1,32.49,1,2025-11-01 08:00:00,2025-11-01 12:00:00,E,Dundas St West,1,0,0,0
2025-11-01,18,10:00,172,8,11.3,1,1,32.49,1,2025-11-01 08:00:00,2025-11-01 12:00:00,E,Howard Park Ave at Roncesvalles Ave,0,0,0,0
2025-11-01,18,10:00,172,8,11.3,1,1,32.49,1,2025-11-01 08:00:00,2025-11-01 12:00:00,E,Parliament St,0,0,0,0
2025-11-01,18,10:00,172,8,11.3,1,1,32.49,1,2025-11-01 08:00:00,2025-11-01 12:00:00,E,Parliament St at Gerrard St East,0,0,0,0
2025-11-01,18,10:00,172,8,11.3,1,1,32.49,1,2025-11-01 08:00:00,2025-11-01 12:00:00,E,Sumach St,0,0,0,0
2025-11-01,18,10:00,172,8,11.3,1,1,32.49,1,2025-11-01 08:00:00,2025-11-01 12:00:00,E,Blackburn St,0,0,0,0
2025-11-01,18,10:00,172,8,11.3,1,1,32.49,1,2025-11-01 08:00:00,2025-11-01 12:00:00,E,Logan Ave,1,2,0,0
2025-11-01,18,10:00,172,8,11.3,1,1,32.49,1,2025-11-01 08:00:00,2025-11-01 12:00:00,E,Augusta Ave,0,0,0,0
2025-11-01,18,10:00,172,8,11.3,1,1,32.49,1,2025-11-01 08:00:00,2025-11-01 12:00:00,E,Beverley St,0,0,0,0
2025-11-01,18,10:00,172,8,11.3,1,1,32.49,1,2025-11-01 08:00:00,2025-11-01 12:00:00,E,University Ave (Queen's Park Station,0,0,0,0
2025-11-01,18,10:00,172,8,11.3,1,1,32.49,1,2025-11-01 08:00:00,2025-11-01 12:00:00,E,Elizabeth St,0,0,0,0
2025-11-01,18,10:00,172,8,11.3,1,1,32.49,1,2025-11-01 08:00:00,2025-11-01 12:00:00,E,Greenwood Ave,0,0,0,0
2025-11-01,18,10:00,172,8,11.3,1,1,32.49,1,2025-11-01 08:00:00,2025-11-01 12:00:00,E,Alton Ave,0,0,0,0
2025-11-01,18,10:00,172,8,11.3,1,1,32.49,1,2025-11-01 08:00:00,2025-11-01 12:00:00,E,Coxwell Ave,0,0,0,0
2025-11-01,18,10:00,172,8,11.3,1,1,32.49,1,2025-11-01 08:00:00,2025-11-01 12:00:00,E,Gerrard St East  at Coxwell Ave,0,0,0,0
2025-11-01,18,10:00,172,8,11.3,1,1,32.49,1,2025-11-01 08:00:00,2025-11-01 12:00:00,E,Coxwell Ave at Lower Gerrard St East,0,0,0,0
2025-11-01,18,10:00,172,8,11.3,1,1,32.49,1,2025-11-01 08:00:00,2025-11-01 12:00:00,E,Ashdale Ave,0,0,0,0
2025-11-01,18,10:00,172,8,11.3,1,1,32.49,1,2025-11-01 08:00:00,2025-11-01 12:00:00,E,Howard Park Ave at Indian Rd,0,0,0,0
2025-11-01,18,10:00,172,8,11.3,1,1,32.49,1,2025-11-01 08:00:00,2025-11-01 12:00:00,E,Dundas St West at Howard Park Ave,0,0,0,0
2025-11-01,18,10:00,172,8,11.3,1,1,32.49,1,2025-11-01 08:00:00,2025-11-01 12:00:00,E,Main St at Gerrard St East,0,0,0,0
2025-11-01,18,10:00,172,8,11.3,1,1,32.49,1,2025-11-01 08:00:00,2025-11-01 12:00:00,E,Main St,0,0,0,0
2025-11-01,18,10:00,172,8,11.3,1,1,32.49,1,2025-11-01 08:00:00,2025-11-01 12:00:00,E,Main St at Danforth Ave,0,0,0,0
2025-11-01,18,10:00,172,8,11.3,1,1,32.49,1,2025-11-01 08:00:00,2025-11-01 12:00:00,E,Howard Park Ave at Parkside Dr,0,0,0,0
2025-11-01,18,10:00,172,8,11.3,1,1,32.49,1,2025-11-01 08:00:00,2025-11-01 12:00:00,W,Woodfield Rd,2,0,1,0
2025-11-01,18,10:00,172,8,11.3,1,1,32.49,1,2025-11-01 08:00:00,2025-11-01 12:00:00,W,Coxwell Ave at Gerrard St East,1,0,2,0
2025-11-01,18,10:00,172,8,11.3,1,1,32.49,1,2025-11-01 08:00:00,2025-11-01 12:00:00,W,Euclid Ave,0,0,0,0
2025-11-01,18,10:00,172,8,11.3,1,1,32.49,1,2025-11-01 08:00:00,2025-11-01 12:00:00,W,Bowmore Rd,0,0,1,0
2025-11-01,18,10:00,172,8,11.3,1,1,32.49,1,2025-11-01 08:00:00,2025-11-01 12:00:00,W,Bay St,1,1,3,0
2025-11-01,18,10:00,172,8,11.3,1,1,32.49,1,2025-11-01 08:00:00,2025-11-01 12:00:00,W,Lansdowne Ave,0,0,0,0
2025-11-01,18,10:00,172,8,11.3,1,1,32.49,1,2025-11-01 08:00:00,2025-11-01 12:00:00,W,Indian Rd,2,4,1,0
2025-11-01,18,10:00,172,8,11.3,1,1,32.49,1,2025-11-01 08:00:00,2025-11-01 12:00:00,W,Grace St,0,0,0,0
2025-11-01,18,10:00,172,8,11.3,1,1,32.49,1,2025-11-01 08:00:00,2025-11-01 12:00:00,W,Dufferin St,5,2,2,0
2025-11-01,18,10:00,172,8,11.3,1,1,32.49,1,2025-11-01 08:00:00,2025-11-01 12:00:00,W,Gerrard St East at Beaton Ave,0,0,2,0
2025-11-01,18,10:00,172,8,11.3,1,1,32.49,1,2025-11-01 08:00:00,2025-11-01 12:00:00,W,Bathurst St,0,0,0,0
2025-11-01,18,10:00,172,8,11.3,1,1,32.49,1,2025-11-01 08:00:00,2025-11-01 12:00:00,W,Yonge St - College Station,0,0,0,0
2025-11-01,18,10:00,172,8,11.3,1,1,32.49,1,2025-11-01 08:00:00,2025-11-01 12:00:00,W,Dundas St West at Sterling Rd,0,0,0,0
2025-11-01,18,10:00,172,8,11.3,1,1,32.49,1,2025-11-01 08:00:00,2025-11-01 12:00:00,W,Brock Ave,0,0,0,0
2025-11-01,18,10:00,172,8,11.3,1,1,32.49,1,2025-11-01 08:00:00,2025-11-01 12:00:00,W,Sackville St,0,0,0,0
2025-11-01,18,10:00,172,8,11.3,1,1,32.49,1,2025-11-01 08:00:00,2025-11-01 12:00:00,W,Carlaw Ave,0,0,0,0
2025-11-01,18,10:00,172,8,11.3,1,1,32.49,1,2025-11-01 08:00:00,2025-11-01 12:00:00,W,Borden St,0,0,0,0
2025-11-01,18,10:00,172,8,11.3,1,1,32.49,1,2025-11-01 08:00:00,2025-11-01 12:00:00,W,Dundas St West at Sorauren Ave,2,4,1,0
2025-11-01,18,10:00,172,8,11.3,1,1,32.49,1,2025-11-01 08:00:00,2025-11-01 12:00:00,W,Crawford St,0,0,0,0
2025-11-01,18,10:00,172,8,11.3,1,1,32.49,1,2025-11-01 08:00:00,2025-11-01 12:00:00,W,Pape Ave,0,0,0,0
2025-11-01,18,10:00,172,8,11.3,1,1,32.49,1,2025-11-01 08:00:00,2025-11-01 12:00:00,W,Spadina Ave,2,1,3,0
2025-11-01,18,10:00,172,8,11.3,1,1,32.49,1,2025-11-01 08:00:00,2025-11-01 12:00:00,W,River St,0,0,0,0
2025-11-01,18,10:00,172,8,11.3,1,1,32.49,1,2025-11-01 08:00:00,2025-11-01 12:00:00,W,Marjory Ave,0,0,0,0
2025-11-01,18,10:00,172,8,11.3,1,1,32.49,1,2025-11-01 08:00:00,2025-11-01 12:00:00,W,Kingsmount Park Rd,0,0,0,0
2025-11-01,18,10:00,172,8,11.3,1,1,32.49,1,2025-11-01 08:00:00,2025-11-01 12:00:00,W,Church St,0,0,0,0
2025-11-01,18,10:00,172,8,11.3,1,1,32.49,1,2025-11-01 08:00:00,2025-11-01 12:00:00,W,Ossington Ave,0,0,0,0
2025-11-01,18,10:00,172,8,11.3,1,1,32.49,1,2025-11-01 08:00:00,2025-11-01 12:00:00,W,Woodbine Ave,0,0,0,0
2025-11-01,18,10:00,172,8,11.3,1,1,32.49,1,2025-11-01 08:00:00,2025-11-01 12:00:00,W,Jones Ave,0,0,0,0
2025-11-01,18,10:00,172,8,11.3,1,1,32.49,1,2025-11-01 08:00:00,2025-11-01 12:00:00,W,Golfview Ave,0,0,0,0
2025-11-01,18,10:00,172,8,11.3,1,1,32.49,1,2025-11-01 08:00:00,2025-11-01 12:00:00,W,Leslie St,0,0,0,0
2025-11-01,18,10:00,172,8,11.3,1,1,32.49,1,2025-11-01 08:00:00,2025-11-01 12:00:00,W,St Matthews Rd,0,0,0,0
2025-11-01,18,10:00,172,8,11.3,1,1,32.49,1,2025-11-01 08:00:00,2025-11-01 12:00:00,W,Jarvis St,0,0,0,0
2025-11-01,18,10:00,172,8,11.3,1,1,32.49,1,2025-11-01 08:00:00,2025-11-01 12:00:00,W,Sherbourne St,0,0,0,0
2025-11-01,18,10:00,172,8,11.3,1,1,32.49,1,2025-11-01 08:00:00,2025-11-01 12:00:00,W,St George St,0,0,0,0
2025-11-01,18,10:00,172,8,11.3,1,1,32.49,1,2025-11-01 08:00:00,2025-11-01 12:00:00,W,Dovercourt Rd,0,0,0,0
2025-11-01,18,10:00,172,8,11.3,1,1,32.49,1,2025-11-01 08:00:00,2025-11-01 12:00:00,W,Glenmount Park Rd,0,0,0,0
2025-11-01,18,10:00,172,8,11.3,1,1,32.49,1,2025-11-01 08:00:00,2025-11-01 12:00:00,W,Prust Ave,0,0,0,0
2025-11-01,18,10:00,172,8,11.3,1,1,32.49,1,2025-11-01 08:00:00,2025-11-01 12:00:00,W,Main Street Station at Bay 7,0,0,1,0
2025-11-01,18,10:00,172,8,11.3,1,1,32.49,1,2025-11-01 08:00:00,2025-11-01 12:00:00,W,Norwood Rd,0,0,0,0
2025-11-01,18,10:00,172,8,11.3,1,1,32.49,1,2025-11-01 08:00:00,2025-11-01 12:00:00,W,McCaul St,0,0,0,0
2025-11-01,18,10:00,172,8,11.3,1,1,32.49,1,2025-11-01 08:00:00,2025-11-01 12:00:00,W,Broadview Ave,0,0,0,0
2025-11-01,18,10:00,172,8,11.3,1,1,32.49,1,2025-11-01 08:00:00,2025-11-01 12:00:00,W,Ontario St,0,0,0,0
2025-11-01,18,10:00,172,8,11.3,1,1,32.49,1,2025-11-01 08:00:00,2025-11-01 12:00:00,W,Rusholme Park Cres,0,0,0,0
2025-11-01,18,10:00,172,8,11.3,1,1,32.49,1,2025-11-01 08:00:00,2025-11-01 12:00:00,W,Havelock St,0,0,0,0
2025-11-01,18,10:00,172,8,11.3,1,1,32.49,1,2025-11-01 08:00:00,2025-11-01 12:00:00,W,High Park Loop,0,0,0,0
2025-11-01,18,10:00,172,8,11.3,1,1,32.49,1,2025-11-01 08:00:00,2025-11-01 12:00:00,W,Queens Park (Queen's Park Station),0,0,0,0
2025-11-01,18,10:00,172,8,11.3,1,1,32.49,1,2025-11-01 08:00:00,2025-11-01 12:00:00,W,Roncesvalles Ave,2,4,1,0
2025-11-01,18,10:00,172,8,11.3,1,1,32.49,1,2025-11-01 08:00:00,2025-11-01 12:00:00,W,De Grassi St,0,0,0,0
2025-11-01,18,10:00,172,8,11.3,1,1,32.49,1,2025-11-01 08:00:00,2025-11-01 12:00:00,W,Parliament St at Carlton St,0,0,0,0
2025-11-01,18,10:00,172,8,11.3,1,1,32.49,1,2025-11-01 08:00:00,2025-11-01 12:00:00,W,Parkside Dr East Side,0,0,0,0
2025-11-01,18,10:00,172,8,11.3,1,1,32.49,1,2025-11-01 08:00:00,2025-11-01 12:00:00,W,Dundas St West,2,4,1,0
2025-11-01,18,10:00,172,8,11.3,1,1,32.49,1,2025-11-01 08:00:00,2025-11-01 12:00:00,W,Howard Park Ave at Roncesvalles Ave,0,0,0,0
2025-11-01,18,10:00,172,8,11.3,1,1,32.49,1,2025-11-01 08:00:00,2025-11-01 12:00:00,W,Parliament St,0,0,0,0
2025-11-01,18,10:00,172,8,11.3,1,1,32.49,1,2025-11-01 08:00:00,2025-11-01 12:00:00,W,Parliament St at Gerrard St East,0,0,0,0
2025-11-01,18,10:00,172,8,11.3,1,1,32.49,1,2025-11-01 08:00:00,2025-11-01 12:00:00,W,Sumach St,0,0,0,0
2025-11-01,18,10:00,172,8,11.3,1,1,32.49,1,2025-11-01 08:00:00,2025-11-01 12:00:00,W,Blackburn St,0,0,0,0
2025-11-01,18,10:00,172,8,11.3,1,1,32.49,1,2025-11-01 08:00:00,2025-11-01 12:00:00,W,Logan Ave,0,0,0,0
2025-11-01,18,10:00,172,8,11.3,1,1,32.49,1,2025-11-01 08:00:00,2025-11-01 12:00:00,W,Augusta Ave,0,0,0,0
2025-11-01,18,10:00,172,8,11.3,1,1,32.49,1,2025-11-01 08:00:00,2025-11-01 12:00:00,W,Beverley St,0,0,0,0
2025-11-01,18,10:00,172,8,11.3,1,1,32.49,1,2025-11-01 08:00:00,2025-11-01 12:00:00,W,University Ave (Queen's Park Station,0,0,0,0
2025-11-01,18,10:00,172,8,11.3,1,1,32.49,1,2025-11-01 08:00:00,2025-11-01 12:00:00,W,Elizabeth St,0,0,0,0
2025-11-01,18,10:00,172,8,11.3,1,1,32.49,1,2025-11-01 08:00:00,2025-11-01 12:00:00,W,Greenwood Ave,0,0,0,0
2025-11-01,18,10:00,172,8,11.3,1,1,32.49,1,2025-11-01 08:00:00,2025-11-01 12:00:00,W,Alton Ave,0,0,0,0
2025-11-01,18,10:00,172,8,11.3,1,1,32.49,1,2025-11-01 08:00:00,2025-11-01 12:00:00,W,Coxwell Ave,0,0,0,0
2025-11-01,18,10:00,172,8,11.3,1,1,32.49,1,2025-11-01 08:00:00,2025-11-01 12:00:00,W,Gerrard St East  at Coxwell Ave,0,0,0,0
2025-11-01,18,10:00,172,8,11.3,1,1,32.49,1,2025-11-01 08:00:00,2025-11-01 12:00:00,W,Coxwell Ave at Lower Gerrard St East,0,0,0,0
2025-11-01,18,10:00,172,8,11.3,1,1,32.49,1,2025-11-01 08:00:00,2025-11-01 12:00:00,W,Ashdale Ave,0,0,0,0
2025-11-01,18,10:00,172,8,11.3,1,1,32.49,1,2025-11-01 08:00:00,2025-11-01 12:00:00,W,Howard Park Ave at Indian Rd,0,0,0,0
2025-11-01,18,10:00,172,8,11.3,1,1,32.49,1,2025-11-01 08:00:00,2025-11-01 12:00:00,W,Dundas St West at Howard Park Ave,0,0,0,0
2025-11-01,18,10:00,172,8,11.3,1,1,32.49,1,2025-11-01 08:00:00,2025-11-01 12:00:00,W,Main St at Gerrard St East,0,0,0,0
2025-11-01,18,10:00,172,8,11.3,1,1,32.49,1,2025-11-01 08:00:00,2025-11-01 12:00:00,W,Main St,0,0,0,0
2025-11-01,18,10:00,172,8,11.3,1,1,32.49,1,2025-11-01 08:00:00,2025-11-01 12:00:00,W,Main St at Danforth Ave,0,0,0,0
2025-11-01,18,10:00,172,8,11.3,1,1,32.49,1,2025-11-01 08:00:00,2025-11-01 12:00:00,W,Howard Park Ave at Parkside Dr,0,0,0,0
2025-11-08,18,10:00,172,8,11.3,1,1,32.49,1,2025-11-08 08:00:00,2025-11-08 12:00:00,E,Woodfield Rd,0,3,3,0
2025-11-08,18,10:00,172,8,11.3,1,1,32.49,1,2025-11-08 08:00:00,2025-11-08 12:00:00,E,Coxwell Ave at Gerrard St East,0,0,0,0
2025-11-08,18,10:00,172,8,11.3,1,1,32.49,1,2025-11-08 08:00:00,2025-11-08 12:00:00,E,Euclid Ave,0,0,0,0
2025-11-08,18,10:00,172,8,11.3,1,1,32.49,1,2025-11-08 08:00:00,2025-11-08 12:00:00,E,Bowmore Rd,1,1,3,0
2025-11-08,18,10:00,172,8,11.3,1,1,32.49,1,2025-11-08 08:00:00,2025-11-08 12:00:00,E,Bay St,1,3,0,0
2025-11-08,18,10:00,172,8,11.3,1,1,32.49,1,2025-11-08 08:00:00,2025-11-08 12:00:00,E,Lansdowne Ave,1,2,2,0
2025-11-08,18,10:00,172,8,11.3,1,1,32.49,1,2025-11-08 08:00:00,2025-11-08 12:00:00,E,Indian Rd,0,0,0,0
2025-11-08,18,10:00,172,8,11.3,1,1,32.49,1,2025-11-08 08:00:00,2025-11-08 12:00:00,E,Grace St,0,0,0,0
2025-11-08,18,10:00,172,8,11.3,1,1,32.49,1,2025-11-08 08:00:00,2025-11-08 12:00:00,E,Dufferin St,0,1,3,0
2025-11-08,18,10:00,172,8,11.3,1,1,32.49,1,2025-11-08 08:00:00,2025-11-08 12:00:00,E,Gerrard St East at Beaton Ave,0,1,3,0
2025-11-08,18,10:00,172,8,11.3,1,1,32.49,1,2025-11-08 08:00:00,2025-11-08 12:00:00,E,Bathurst St,0,2,0,0
2025-11-08,18,10:00,172,8,11.3,1,1,32.49,1,2025-11-08 08:00:00,2025-11-08 12:00:00,E,Yonge St - College Station,0,4,1,0
2025-11-08,18,10:00,172,8,11.3,1,1,32.49,1,2025-11-08 08:00:00,2025-11-08 12:00:00,E,Dundas St West at Sterling Rd,0,0,0,0
2025-11-08,18,10:00,172,8,11.3,1,1,32.49,1,2025-11-08 08:00:00,2025-11-08 12:00:00,E,Brock Ave,0,2,3,0
2025-11-08,18,10:00,172,8,11.3,1,1,32.49,1,2025-11-08 08:00:00,2025-11-08 12:00:00,E,Sackville St,0,0,0,0
2025-11-08,18,10:00,172,8,11.3,1,1,32.49,1,2025-11-08 08:00:00,2025-11-08 12:00:00,E,Carlaw Ave,0,3,2,0
2025-11-08,18,10:00,172,8,11.3,1,1,32.49,1,2025-11-08 08:00:00,2025-11-08 12:00:00,E,Borden St,0,3,0,0
2025-11-08,18,10:00,172,8,11.3,1,1,32.49,1,2025-11-08 08:00:00,2025-11-08 12:00:00,E,Dundas St West at Sorauren Ave,0,0,0,0
2025-11-08,18,10:00,172,8,11.3,1,1,32.49,1,2025-11-08 08:00:00,2025-11-08 12:00:00,E,Crawford St,0,0,0,0
2025-11-08,18,10:00,172,8,11.3,1,1,32.49,1,2025-11-08 08:00:00,2025-11-08 12:00:00,E,Pape Ave,0,3,2,0
2025-11-08,18,10:00,172,8,11.3,1,1,32.49,1,2025-11-08 08:00:00,2025-11-08 12:00:00,E,Spadina Ave,0,3,0,0
2025-11-08,18,10:00,172,8,11.3,1,1,32.49,1,2025-11-08 08:00:00,2025-11-08 12:00:00,E,River St,0,0,0,0
2025-11-08,18,10:00,172,8,11.3,1,1,32.49,1,2025-11-08 08:00:00,2025-11-08 12:00:00,E,Marjory Ave,0,3,2,0
2025-11-08,18,10:00,172,8,11.3,1,1,32.49,1,2025-11-08 08:00:00,2025-11-08 12:00:00,E,Kingsmount Park Rd,1,2,3,0
2025-11-08,18,10:00,172,8,11.3,1,1,32.49,1,2025-11-08 08:00:00,2025-11-08 12:00:00,E,Church St,0,0,0,0
2025-11-08,18,10:00,172,8,11.3,1,1,32.49,1,2025-11-08 08:00:00,2025-11-08 12:00:00,E,Ossington Ave,0,4,0,0
2025-11-08,18,10:00,172,8,11.3,1,1,32.49,1,2025-11-08 08:00:00,2025-11-08 12:00:00,E,Woodbine Ave,1,2,3,0
2025-11-08,18,10:00,172,8,11.3,1,1,32.49,1,2025-11-08 08:00:00,2025-11-08 12:00:00,E,Jones Ave,0,3,2,0
2025-11-08,18,10:00,172,8,11.3,1,1,32.49,1,2025-11-08 08:00:00,2025-11-08 12:00:00,E,Golfview Ave,1,2,3,0
2025-11-08,18,10:00,172,8,11.3,1,1,32.49,1,2025-11-08 08:00:00,2025-11-08 12:00:00,E,Leslie St,0,3,2,0
2025-11-08,18,10:00,172,8,11.3,1,1,32.49,1,2025-11-08 08:00:00,2025-11-08 12:00:00,E,St Matthews Rd,0,0,0,0
2025-11-08,18,10:00,172,8,11.3,1,1,32.49,1,2025-11-08 08:00:00,2025-11-08 12:00:00,E,Jarvis St,0,0,0,0
2025-11-08,18,10:00,172,8,11.3,1,1,32.49,1,2025-11-08 08:00:00,2025-11-08 12:00:00,E,Sherbourne St,0,0,0,0
2025-11-08,18,10:00,172,8,11.3,1,1,32.49,1,2025-11-08 08:00:00,2025-11-08 12:00:00,E,St George St,2,3,0,0
2025-11-08,18,10:00,172,8,11.3,1,1,32.49,1,2025-11-08 08:00:00,2025-11-08 12:00:00,E,Dovercourt Rd,0,4,0,0
2025-11-08,18,10:00,172,8,11.3,1,1,32.49,1,2025-11-08 08:00:00,2025-11-08 12:00:00,E,Glenmount Park Rd,1,2,3,0
2025-11-08,18,10:00,172,8,11.3,1,1,32.49,1,2025-11-08 08:00:00,2025-11-08 12:00:00,E,Prust Ave,0,3,3,0
2025-11-08,18,10:00,172,8,11.3,1,1,32.49,1,2025-11-08 08:00:00,2025-11-08 12:00:00,E,Main Street Station at Bay 7,0,0,0,0
2025-11-08,18,10:00,172,8,11.3,1,1,32.49,1,2025-11-08 08:00:00,2025-11-08 12:00:00,E,Norwood Rd,1,2,2,0
2025-11-08,18,10:00,172,8,11.3,1,1,32.49,1,2025-11-08 08:00:00,2025-11-08 12:00:00,E,McCaul St,1,3,0,0
2025-11-08,18,10:00,172,8,11.3,1,1,32.49,1,2025-11-08 08:00:00,2025-11-08 12:00:00,E,Broadview Ave,0,2,1,0
2025-11-08,18,10:00,172,8,11.3,1,1,32.49,1,2025-11-08 08:00:00,2025-11-08 12:00:00,E,Ontario St,0,1,1,0
2025-11-08,18,10:00,172,8,11.3,1,1,32.49,1,2025-11-08 08:00:00,2025-11-08 12:00:00,E,Rusholme Park Cres,0,0,0,0
2025-11-08,18,10:00,172,8,11.3,1,1,32.49,1,2025-11-08 08:00:00,2025-11-08 12:00:00,E,Havelock St,0,3,3,0
2025-11-08,18,10:00,172,8,11.3,1,1,32.49,1,2025-11-08 08:00:00,2025-11-08 12:00:00,E,High Park Loop,0,0,0,0
2025-11-08,18,10:00,172,8,11.3,1,1,32.49,1,2025-11-08 08:00:00,2025-11-08 12:00:00,E,Queens Park (Queen's Park Station),1,3,0,0
2025-11-08,18,10:00,172,8,11.3,1,1,32.49,1,2025-11-08 08:00:00,2025-11-08 12:00:00,E,Roncesvalles Ave,0,0,0,0
2025-11-08,18,10:00,172,8,11.3,1,1,32.49,1,2025-11-08 08:00:00,2025-11-08 12:00:00,E,De Grassi St,0,2,0,0
2025-11-08,18,10:00,172,8,11.3,1,1,32.49,1,2025-11-08 08:00:00,2025-11-08 12:00:00,E,Parliament St at Carlton St,0,0,1,0
2025-11-08,18,10:00,172,8,11.3,1,1,32.49,1,2025-11-08 08:00:00,2025-11-08 12:00:00,E,Parkside Dr East Side,0,0,0,0
2025-11-08,18,10:00,172,8,11.3,1,1,32.49,1,2025-11-08 08:00:00,2025-11-08 12:00:00,E,Dundas St West,0,0,0,0
2025-11-08,18,10:00,172,8,11.3,1,1,32.49,1,2025-11-08 08:00:00,2025-11-08 12:00:00,E,Howard Park Ave at Roncesvalles Ave,0,0,0,0
2025-11-08,18,10:00,172,8,11.3,1,1,32.49,1,2025-11-08 08:00:00,2025-11-08 12:00:00,E,Parliament St,0,0,0,0
2025-11-08,18,10:00,172,8,11.3,1,1,32.49,1,2025-11-08 08:00:00,2025-11-08 12:00:00,E,Parliament St at Gerrard St East,0,0,0,0
2025-11-08,18,10:00,172,8,11.3,1,1,32.49,1,2025-11-08 08:00:00,2025-11-08 12:00:00,E,Sumach St,0,0,0,0
2025-11-08,18,10:00,172,8,11.3,1,1,32.49,1,2025-11-08 08:00:00,2025-11-08 12:00:00,E,Blackburn St,0,0,0,0
2025-11-08,18,10:00,172,8,11.3,1,1,32.49,1,2025-11-08 08:00:00,2025-11-08 12:00:00,E,Logan Ave,0,2,0,0
2025-11-08,18,10:00,172,8,11.3,1,1,32.49,1,2025-11-08 08:00:00,2025-11-08 12:00:00,E,Augusta Ave,0,0,0,0
2025-11-08,18,10:00,172,8,11.3,1,1,32.49,1,2025-11-08 08:00:00,2025-11-08 12:00:00,E,Beverley St,0,0,0,0
2025-11-08,18,10:00,172,8,11.3,1,1,32.49,1,2025-11-08 08:00:00,2025-11-08 12:00:00,E,University Ave (Queen's Park Station,0,0,0,0
2025-11-08,18,10:00,172,8,11.3,1,1,32.49,1,2025-11-08 08:00:00,2025-11-08 12:00:00,E,Elizabeth St,0,0,0,0
2025-11-08,18,10:00,172,8,11.3,1,1,32.49,1,2025-11-08 08:00:00,2025-11-08 12:00:00,E,Greenwood Ave,0,0,0,0
2025-11-08,18,10:00,172,8,11.3,1,1,32.49,1,2025-11-08 08:00:00,2025-11-08 12:00:00,E,Alton Ave,0,0,0,0
2025-11-08,18,10:00,172,8,11.3,1,1,32.49,1,2025-11-08 08:00:00,2025-11-08 12:00:00,E,Coxwell Ave,0,0,0,0
2025-11-08,18,10:00,172,8,11.3,1,1,32.49,1,2025-11-08 08:00:00,2025-11-08 12:00:00,E,Gerrard St East  at Coxwell Ave,0,0,0,0
2025-11-08,18,10:00,172,8,11.3,1,1,32.49,1,2025-11-08 08:00:00,2025-11-08 12:00:00,E,Coxwell Ave at Lower Gerrard St East,0,0,0,0
2025-11-08,18,10:00,172,8,11.3,1,1,32.49,1,2025-11-08 08:00:00,2025-11-08 12:00:00,E,Ashdale Ave,0,0,0,0
2025-11-08,18,10:00,172,8,11.3,1,1,32.49,1,2025-11-08 08:00:00,2025-11-08 12:00:00,E,Howard Park Ave at Indian Rd,0,0,0,0
2025-11-08,18,10:00,172,8,11.3,1,1,32.49,1,2025-11-08 08:00:00,2025-11-08 12:00:00,E,Dundas St West at Howard Park Ave,0,0,0,0
2025-11-08,18,10:00,172,8,11.3,1,1,32.49,1,2025-11-08 08:00:00,2025-11-08 12:00:00,E,Main St at Gerrard St East,0,0,0,0
2025-11-08,18,10:00,172,8,11.3,1,1,32.49,1,2025-11-08 08:00:00,2025-11-08 12:00:00,E,Main St,0,0,0,0
2025-11-08,18,10:00,172,8,11.3,1,1,32.49,1,2025-11-08 08:00:00,2025-11-08 12:00:00,E,Main St at Danforth Ave,0,0,0,0
2025-11-08,18,10:00,172,8,11.3,1,1,32.49,1,2025-11-08 08:00:00,2025-11-08 12:00:00,E,Howard Park Ave at Parkside Dr,0,0,0,0
2025-11-08,18,10:00,172,8,11.3,1,1,32.49,1,2025-11-08 08:00:00,2025-11-08 12:00:00,W,Woodfield Rd,5,1,3,0
2025-11-08,18,10:00,172,8,11.3,1,1,32.49,1,2025-11-08 08:00:00,2025-11-08 12:00:00,W,Coxwell Ave at Gerrard St East,5,1,3,0
2025-11-08,18,10:00,172,8,11.3,1,1,32.49,1,2025-11-08 08:00:00,2025-11-08 12:00:00,W,Euclid Ave,0,0,0,0
2025-11-08,18,10:00,172,8,11.3,1,1,32.49,1,2025-11-08 08:00:00,2025-11-08 12:00:00,W,Bowmore Rd,1,1,2,0
2025-11-08,18,10:00,172,8,11.3,1,1,32.49,1,2025-11-08 08:00:00,2025-11-08 12:00:00,W,Bay St,5,2,6,0
2025-11-08,18,10:00,172,8,11.3,1,1,32.49,1,2025-11-08 08:00:00,2025-11-08 12:00:00,W,Lansdowne Ave,0,0,0,0
2025-11-08,18,10:00,172,8,11.3,1,1,32.49,1,2025-11-08 08:00:00,2025-11-08 12:00:00,W,Indian Rd,1,1,1,0
2025-11-08,18,10:00,172,8,11.3,1,1,32.49,1,2025-11-08 08:00:00,2025-11-08 12:00:00,W,Grace St,0,0,0,0
2025-11-08,18,10:00,172,8,11.3,1,1,32.49,1,2025-11-08 08:00:00,2025-11-08 12:00:00,W,Dufferin St,3,1,0,0
2025-11-08,18,10:00,172,8,11.3,1,1,32.49,1,2025-11-08 08:00:00,2025-11-08 12:00:00,W,Gerrard St East at Beaton Ave,1,1,2,0
2025-11-08,18,10:00,172,8,11.3,1,1,32.49,1,2025-11-08 08:00:00,2025-11-08 12:00:00,W,Bathurst St,0,0,0,0
2025-11-08,18,10:00,172,8,11.3,1,1,32.49,1,2025-11-08 08:00:00,2025-11-08 12:00:00,W,Yonge St - College Station,0,0,0,0
2025-11-08,18,10:00,172,8,11.3,1,1,32.49,1,2025-11-08 08:00:00,2025-11-08 12:00:00,W,Dundas St West at Sterling Rd,0,0,0,0
2025-11-08,18,10:00,172,8,11.3,1,1,32.49,1,2025-11-08 08:00:00,2025-11-08 12:00:00,W,Brock Ave,0,0,0,0
2025-11-08,18,10:00,172,8,11.3,1,1,32.49,1,2025-11-08 08:00:00,2025-11-08 12:00:00,W,Sackville St,0,0,0,0
2025-11-08,18,10:00,172,8,11.3,1,1,32.49,1,2025-11-08 08:00:00,2025-11-08 12:00:00,W,Carlaw Ave,0,0,0,0
2025-11-08,18,10:00,172,8,11.3,1,1,32.49,1,2025-11-08 08:00:00,2025-11-08 12:00:00,W,Borden St,0,0,0,0
2025-11-08,18,10:00,172,8,11.3,1,1,32.49,1,2025-11-08 08:00:00,2025-11-08 12:00:00,W,Dundas St West at Sorauren Ave,1,2,1,0
2025-11-08,18,10:00,172,8,11.3,1,1,32.49,1,2025-11-08 08:00:00,2025-11-08 12:00:00,W,Crawford St,0,0,0,0
2025-11-08,18,10:00,172,8,11.3,1,1,32.49,1,2025-11-08 08:00:00,2025-11-08 12:00:00,W,Pape Ave,0,0,0,0
2025-11-08,18,10:00,172,8,11.3,1,1,32.49,1,2025-11-08 08:00:00,2025-11-08 12:00:00,W,Spadina Ave,4,2,5,0
2025-11-08,18,10:00,172,8,11.3,1,1,32.49,1,2025-11-08 08:00:00,2025-11-08 12:00:00,W,River St,0,0,0,0
2025-11-08,18,10:00,172,8,11.3,1,1,32.49,1,2025-11-08 08:00:00,2025-11-08 12:00:00,W,Marjory Ave,0,0,0,0
2025-11-08,18,10:00,172,8,11.3,1,1,32.49,1,2025-11-08 08:00:00,2025-11-08 12:00:00,W,Kingsmount Park Rd,0,0,0,0
2025-11-08,18,10:00,172,8,11.3,1,1,32.49,1,2025-11-08 08:00:00,2025-11-08 12:00:00,W,Church St,0,0,0,0
2025-11-08,18,10:00,172,8,11.3,1,1,32.49,1,2025-11-08 08:00:00,2025-11-08 12:00:00,W,Ossington Ave,0,0,0,0
2025-11-08,18,10:00,172,8,11.3,1,1,32.49,1,2025-11-08 08:00:00,2025-11-08 12:00:00,W,Woodbine Ave,0,0,0,0
2025-11-08,18,10:00,172,8,11.3,1,1,32.49,1,2025-11-08 08:00:00,2025-11-08 12:00:00,W,Jones Ave,0,0,0,0
2025-11-08,18,10:00,172,8,11.3,1,1,32.49,1,2025-11-08 08:00:00,2025-11-08 12:00:00,W,Golfview Ave,0,0,0,0
2025-11-08,18,10:00,172,8,11.3,1,1,32.49,1,2025-11-08 08:00:00,2025-11-08 12:00:00,W,Leslie St,0,0,0,0
2025-11-08,18,10:00,172,8,11.3,1,1,32.49,1,2025-11-08 08:00:00,2025-11-08 12:00:00,W,St Matthews Rd,0,0,0,0
2025-11-08,18,10:00,172,8,11.3,1,1,32.49,1,2025-11-08 08:00:00,2025-11-08 12:00:00,W,Jarvis St,0,0,0,0
2025-11-08,18,10:00,172,8,11.3,1,1,32.49,1,2025-11-08 08:00:00,2025-11-08 12:00:00,W,Sherbourne St,0,0,0,0
2025-11-08,18,10:00,172,8,11.3,1,1,32.49,1,2025-11-08 08:00:00,2025-11-08 12:00:00,W,St George St,0,0,0,0
2025-11-08,18,10:00,172,8,11.3,1,1,32.49,1,2025-11-08 08:00:00,2025-11-08 12:00:00,W,Dovercourt Rd,0,0,0,0
2025-11-08,18,10:00,172,8,11.3,1,1,32.49,1,2025-11-08 08:00:00,2025-11-08 12:00:00,W,Glenmount Park Rd,0,0,0,0
2025-11-08,18,10:00,172,8,11.3,1,1,32.49,1,2025-11-08 08:00:00,2025-11-08 12:00:00,W,Prust Ave,0,0,0,0
2025-11-08,18,10:00,172,8,11.3,1,1,32.49,1,2025-11-08 08:00:00,2025-11-08 12:00:00,W,Main Street Station at Bay 7,1,1,2,0
2025-11-08,18,10:00,172,8,11.3,1,1,32.49,1,2025-11-08 08:00:00,2025-11-08 12:00:00,W,Norwood Rd,0,0,0,0
2025-11-08,18,10:00,172,8,11.3,1,1,32.49,1,2025-11-08 08:00:00,2025-11-08 12:00:00,W,McCaul St,0,0,0,0
2025-11-08,18,10:00,172,8,11.3,1,1,32.49,1,2025-11-08 08:00:00,2025-11-08 12:00:00,W,Broadview Ave,0,0,0,0
2025-11-08,18,10:00,172,8,11.3,1,1,32.49,1,2025-11-08 08:00:00,2025-11-08 12:00:00,W,Ontario St,0,0,0,0
2025-11-08,18,10:00,172,8,11.3,1,1,32.49,1,2025-11-08 08:00:00,2025-11-08 12:00:00,W,Rusholme Park Cres,0,0,0,0
2025-11-08,18,10:00,172,8,11.3,1,1,32.49,1,2025-11-08 08:00:00,2025-11-08 12:00:00,W,Havelock St,0,0,0,0
2025-11-08,18,10:00,172,8,11.3,1,1,32.49,1,2025-11-08 08:00:00,2025-11-08 12:00:00,W,High Park Loop,0,0,0,0
2025-11-08,18,10:00,172,8,11.3,1,1,32.49,1,2025-11-08 08:00:00,2025-11-08 12:00:00,W,Queens Park (Queen's Park Station),0,0,0,0
2025-11-08,18,10:00,172,8,11.3,1,1,32.49,1,2025-11-08 08:00:00,2025-11-08 12:00:00,W,Roncesvalles Ave,1,2,1,0
2025-11-08,18,10:00,172,8,11.3,1,1,32.49,1,2025-11-08 08:00:00,2025-11-08 12:00:00,W,De Grassi St,0,0,0,0
2025-11-08,18,10:00,172,8,11.3,1,1,32.49,1,2025-11-08 08:00:00,2025-11-08 12:00:00,W,Parliament St at Carlton St,0,0,0,0
2025-11-08,18,10:00,172,8,11.3,1,1,32.49,1,2025-11-08 08:00:00,2025-11-08 12:00:00,W,Parkside Dr East Side,0,0,0,0
2025-11-08,18,10:00,172,8,11.3,1,1,32.49,1,2025-11-08 08:00:00,2025-11-08 12:00:00,W,Dundas St West,1,2,1,0
2025-11-08,18,10:00,172,8,11.3,1,1,32.49,1,2025-11-08 08:00:00,2025-11-08 12:00:00,W,Howard Park Ave at Roncesvalles Ave,0,0,0,0
2025-11-08,18,10:00,172,8,11.3,1,1,32.49,1,2025-11-08 08:00:00,2025-11-08 12:00:00,W,Parliament St,0,0,0,0
2025-11-08,18,10:00,172,8,11.3,1,1,32.49,1,2025-11-08 08:00:00,2025-11-08 12:00:00,W,Parliament St at Gerrard St East,0,0,0,0
2025-11-08,18,10:00,172,8,11.3,1,1,32.49,1,2025-11-08 08:00:00,2025-11-08 12:00:00,W,Sumach St,0,0,0,0
2025-11-08,18,10:00,172,8,11.3,1,1,32.49,1,2025-11-08 08:00:00,2025-11-08 12:00:00,W,Blackburn St,0,0,0,0
2025-11-08,18,10:00,172,8,11.3,1,1,32.49,1,2025-11-08 08:00:00,2025-11-08 12:00:00,W,Logan Ave,0,0,0,0
2025-11-08,18,10:00,172,8,11.3,1,1,32.49,1,2025-11-08 08:00:00,2025-11-08 12:00:00,W,Augusta Ave,0,0,0,0
2025-11-08,18,10:00,172,8,11.3,1,1,32.49,1,2025-11-08 08:00:00,2025-11-08 12:00:00,W,Beverley St,0,0,0,0
2025-11-08,18,10:00,172,8,11.3,1,1,32.49,1,2025-11-08 08:00:00,2025-11-08 12:00:00,W,University Ave (Queen's Park Station,0,0,0,0
2025-11-08,18,10:00,172,8,11.3,1,1,32.49,1,2025-11-08 08:00:00,2025-11-08 12:00:00,W,Elizabeth St,0,0,0,0
2025-11-08,18,10:00,172,8,11.3,1,1,32.49,1,2025-11-08 08:00:00,2025-11-08 12:00:00,W,Greenwood Ave,0,0,0,0
2025-11-08,18,10:00,172,8,11.3,1,1,32.49,1,2025-11-08 08:00:00,2025-11-08 12:00:00,W,Alton Ave,0,0,0,0
2025-11-08,18,10:00,172,8,11.3,1,1,32.49,1,2025-11-08 08:00:00,2025-11-08 12:00:00,W,Coxwell Ave,0,0,0,0
2025-11-08,18,10:00,172,8,11.3,1,1,32.49,1,2025-11-08 08:00:00,2025-11-08 12:00:00,W,Gerrard St East  at Coxwell Ave,0,0,0,0
2025-11-08,18,10:00,172,8,11.3,1,1,32.49,1,2025-11-08 08:00:00,2025-11-08 12:00:00,W,Coxwell Ave at Lower Gerrard St East,0,0,0,0
2025-11-08,18,10:00,172,8,11.3,1,1,32.49,1,2025-11-08 08:00:00,2025-11-08 12:00:00,W,Ashdale Ave,0,0,0,0
2025-11-08,18,10:00,172,8,11.3,1,1,32.49,1,2025-11-08 08:00:00,2025-11-08 12:00:00,W,Howard Park Ave at Indian Rd,0,0,0,0
2025-11-08,18,10:00,172,8,11.3,1,1,32.49,1,2025-11-08 08:00:00,2025-11-08 12:00:00,W,Dundas St West at Howard Park Ave,0,0,0,0
2025-11-08,18,10:00,172,8,11.3,1,1,32.49,1,2025-11-08 08:00:00,2025-11-08 12:00:00,W,Main St at Gerrard St East,0,0,0,0
2025-11-08,18,10:00,172,8,11.3,1,1,32.49,1,2025-11-08 08:00:00,2025-11-08 12:00:00,W,Main St,0,0,0,0
2025-11-08,18,10:00,172,8,11.3,1,1,32.49,1,2025-11-08 08:00:00,2025-11-08 12:00:00,W,Main St at Danforth Ave,0,0,0,0
2025-11-08,18,10:00,172,8,11.3,1,1,32.49,1,2025-11-08 08:00:00,2025-11-08 12:00:00,W,Howard Park Ave at Parkside Dr,0,0,0,0
2025-11-15,18,10:00,172,8,11.3,1,1,32.49,1,2025-11-15 08:00:00,2025-11-15 12:00:00,E,Woodfield Rd,1,3,1,0
2025-11-15,18,10:00,172,8,11.3,1,1,32.49,1,2025-11-15 08:00:00,2025-11-15 12:00:00,E,Coxwell Ave at Gerrard St East,0,0,0,0
2025-11-15,18,10:00,172,8,11.3,1,1,32.49,1,2025-11-15 08:00:00,2025-11-15 12:00:00,E,Euclid Ave,0,0,0,0
2025-11-15,18,10:00,172,8,11.3,1,1,32.49,1,2025-11-15 08:00:00,2025-11-15 12:00:00,E,Bowmore Rd,2,2,2,0
2025-11-15,18,10:00,172,8,11.3,1,1,32.49,1,2025-11-15 08:00:00,2025-11-15 12:00:00,E,Bay St,1,1,1,0
2025-11-15,18,10:00,172,8,11.3,1,1,32.49,1,2025-11-15 08:00:00,2025-11-15 12:00:00,E,Lansdowne Ave,3,2,2,0
2025-11-15,18,10:00,172,8,11.3,1,1,32.49,1,2025-11-15 08:00:00,2025-11-15 12:00:00,E,Indian Rd,0,1,0,0
2025-11-15,18,10:00,172,8,11.3,1,1,32.49,1,2025-11-15 08:00:00,2025-11-15 12:00:00,E,Grace St,0,1,0,0
2025-11-15,18,10:00,172,8,11.3,1,1,32.49,1,2025-11-15 08:00:00,2025-11-15 12:00:00,E,Dufferin St,2,2,1,0
2025-11-15,18,10:00,172,8,11.3,1,1,32.49,1,2025-11-15 08:00:00,2025-11-15 12:00:00,E,Gerrard St East at Beaton Ave,2,2,2,0
2025-11-15,18,10:00,172,8,11.3,1,1,32.49,1,2025-11-15 08:00:00,2025-11-15 12:00:00,E,Bathurst St,1,0,1,0
2025-11-15,18,10:00,172,8,11.3,1,1,32.49,1,2025-11-15 08:00:00,2025-11-15 12:00:00,E,Yonge St - College Station,1,1,1,0
2025-11-15,18,10:00,172,8,11.3,1,1,32.49,1,2025-11-15 08:00:00,2025-11-15 12:00:00,E,Dundas St West at Sterling Rd,1,0,0,0
2025-11-15,18,10:00,172,8,11.3,1,1,32.49,1,2025-11-15 08:00:00,2025-11-15 12:00:00,E,Brock Ave,1,2,2,0
2025-11-15,18,10:00,172,8,11.3,1,1,32.49,1,2025-11-15 08:00:00,2025-11-15 12:00:00,E,Sackville St,0,0,0,0
2025-11-15,18,10:00,172,8,11.3,1,1,32.49,1,2025-11-15 08:00:00,2025-11-15 12:00:00,E,Carlaw Ave,1,1,1,0
2025-11-15,18,10:00,172,8,11.3,1,1,32.49,1,2025-11-15 08:00:00,2025-11-15 12:00:00,E,Borden St,1,1,1,0
2025-11-15,18,10:00,172,8,11.3,1,1,32.49,1,2025-11-15 08:00:00,2025-11-15 12:00:00,E,Dundas St West at Sorauren Ave,0,0,0,0
2025-11-15,18,10:00,172,8,11.3,1,1,32.49,1,2025-11-15 08:00:00,2025-11-15 12:00:00,E,Crawford St,0,1,0,0
2025-11-15,18,10:00,172,8,11.3,1,1,32.49,1,2025-11-15 08:00:00,2025-11-15 12:00:00,E,Pape Ave,1,2,1,0
2025-11-15,18,10:00,172,8,11.3,1,1,32.49,1,2025-11-15 08:00:00,2025-11-15 12:00:00,E,Spadina Ave,1,1,1,0
2025-11-15,18,10:00,172,8,11.3,1,1,32.49,1,2025-11-15 08:00:00,2025-11-15 12:00:00,E,River St,0,0,0,0
2025-11-15,18,10:00,172,8,11.3,1,1,32.49,1,2025-11-15 08:00:00,2025-11-15 12:00:00,E,Marjory Ave,1,3,1,0
2025-11-15,18,10:00,172,8,11.3,1,1,32.49,1,2025-11-15 08:00:00,2025-11-15 12:00:00,E,Kingsmount Park Rd,3,2,2,0
2025-11-15,18,10:00,172,8,11.3,1,1,32.49,1,2025-11-15 08:00:00,2025-11-15 12:00:00,E,Church St,0,0,0,0
2025-11-15,18,10:00,172,8,11.3,1,1,32.49,1,2025-11-15 08:00:00,2025-11-15 12:00:00,E,Ossington Ave,2,0,1,0
2025-11-15,18,10:00,172,8,11.3,1,1,32.49,1,2025-11-15 08:00:00,2025-11-15 12:00:00,E,Woodbine Ave,3,2,2,0
2025-11-15,18,10:00,172,8,11.3,1,1,32.49,1,2025-11-15 08:00:00,2025-11-15 12:00:00,E,Jones Ave,1,3,1,0
2025-11-15,18,10:00,172,8,11.3,1,1,32.49,1,2025-11-15 08:00:00,2025-11-15 12:00:00,E,Golfview Ave,3,2,2,0
2025-11-15,18,10:00,172,8,11.3,1,1,32.49,1,2025-11-15 08:00:00,2025-11-15 12:00:00,E,Leslie St,1,3,1,0
2025-11-15,18,10:00,172,8,11.3,1,1,32.49,1,2025-11-15 08:00:00,2025-11-15 12:00:00,E,St Matthews Rd,0,0,0,0
2025-11-15,18,10:00,172,8,11.3,1,1,32.49,1,2025-11-15 08:00:00,2025-11-15 12:00:00,E,Jarvis St,0,0,1,0
2025-11-15,18,10:00,172,8,11.3,1,1,32.49,1,2025-11-15 08:00:00,2025-11-15 12:00:00,E,Sherbourne St,0,0,1,0
2025-11-15,18,10:00,172,8,11.3,1,1,32.49,1,2025-11-15 08:00:00,2025-11-15 12:00:00,E,St George St,1,1,1,0
2025-11-15,18,10:00,172,8,11.3,1,1,32.49,1,2025-11-15 08:00:00,2025-11-15 12:00:00,E,Dovercourt Rd,1,1,1,0
2025-11-15,18,10:00,172,8,11.3,1,1,32.49,1,2025-11-15 08:00:00,2025-11-15 12:00:00,E,Glenmount Park Rd,2,2,2,0
2025-11-15,18,10:00,172,8,11.3,1,1,32.49,1,2025-11-15 08:00:00,2025-11-15 12:00:00,E,Prust Ave,1,3,1,0
2025-11-15,18,10:00,172,8,11.3,1,1,32.49,1,2025-11-15 08:00:00,2025-11-15 12:00:00,E,Main Street Station at Bay 7,0,0,0,0
2025-11-15,18,10:00,172,8,11.3,1,1,32.49,1,2025-11-15 08:00:00,2025-11-15 12:00:00,E,Norwood Rd,2,2,2,0
2025-11-15,18,10:00,172,8,11.3,1,1,32.49,1,2025-11-15 08:00:00,2025-11-15 12:00:00,E,McCaul St,1,0,1,0
2025-11-15,18,10:00,172,8,11.3,1,1,32.49,1,2025-11-15 08:00:00,2025-11-15 12:00:00,E,Broadview Ave,1,1,1,0
2025-11-15,18,10:00,172,8,11.3,1,1,32.49,1,2025-11-15 08:00:00,2025-11-15 12:00:00,E,Ontario St,0,0,1,0
2025-11-15,18,10:00,172,8,11.3,1,1,32.49,1,2025-11-15 08:00:00,2025-11-15 12:00:00,E,Rusholme Park Cres,0,0,0,0
2025-11-15,18,10:00,172,8,11.3,1,1,32.49,1,2025-11-15 08:00:00,2025-11-15 12:00:00,E,Havelock St,1,3,1,0
2025-11-15,18,10:00,172,8,11.3,1,1,32.49,1,2025-11-15 08:00:00,2025-11-15 12:00:00,E,High Park Loop,0,2,0,0
2025-11-15,18,10:00,172,8,11.3,1,1,32.49,1,2025-11-15 08:00:00,2025-11-15 12:00:00,E,Queens Park (Queen's Park Station),1,0,1,0
2025-11-15,18,10:00,172,8,11.3,1,1,32.49,1,2025-11-15 08:00:00,2025-11-15 12:00:00,E,Roncesvalles Ave,0,0,0,0
2025-11-15,18,10:00,172,8,11.3,1,1,32.49,1,2025-11-15 08:00:00,2025-11-15 12:00:00,E,De Grassi St,0,1,1,0
2025-11-15,18,10:00,172,8,11.3,1,1,32.49,1,2025-11-15 08:00:00,2025-11-15 12:00:00,E,Parliament St at Carlton St,1,0,1,0
2025-11-15,18,10:00,172,8,11.3,1,1,32.49,1,2025-11-15 08:00:00,2025-11-15 12:00:00,E,Parkside Dr East Side,0,1,1,0
2025-11-15,18,10:00,172,8,11.3,1,1,32.49,1,2025-11-15 08:00:00,2025-11-15 12:00:00,E,Dundas St West,1,0,1,0
2025-11-15,18,10:00,172,8,11.3,1,1,32.49,1,2025-11-15 08:00:00,2025-11-15 12:00:00,E,Howard Park Ave at Roncesvalles Ave,0,0,0,0
2025-11-15,18,10:00,172,8,11.3,1,1,32.49,1,2025-11-15 08:00:00,2025-11-15 12:00:00,E,Parliament St,0,0,0,0
2025-11-15,18,10:00,172,8,11.3,1,1,32.49,1,2025-11-15 08:00:00,2025-11-15 12:00:00,E,Parliament St at Gerrard St East,0,0,0,0
2025-11-15,18,10:00,172,8,11.3,1,1,32.49,1,2025-11-15 08:00:00,2025-11-15 12:00:00,E,Sumach St,0,0,0,0
2025-11-15,18,10:00,172,8,11.3,1,1,32.49,1,2025-11-15 08:00:00,2025-11-15 12:00:00,E,Blackburn St,0,0,0,0
2025-11-15,18,10:00,172,8,11.3,1,1,32.49,1,2025-11-15 08:00:00,2025-11-15 12:00:00,E,Logan Ave,0,1,1,0
2025-11-15,18,10:00,172,8,11.3,1,1,32.49,1,2025-11-15 08:00:00,2025-11-15 12:00:00,E,Augusta Ave,0,0,0,0
2025-11-15,18,10:00,172,8,11.3,1,1,32.49,1,2025-11-15 08:00:00,2025-11-15 12:00:00,E,Beverley St,0,0,0,0
2025-11-15,18,10:00,172,8,11.3,1,1,32.49,1,2025-11-15 08:00:00,2025-11-15 12:00:00,E,University Ave (Queen's Park Station,0,0,0,0
2025-11-15,18,10:00,172,8,11.3,1,1,32.49,1,2025-11-15 08:00:00,2025-11-15 12:00:00,E,Elizabeth St,0,0,0,0
2025-11-15,18,10:00,172,8,11.3,1,1,32.49,1,2025-11-15 08:00:00,2025-11-15 12:00:00,E,Greenwood Ave,0,0,0,0
2025-11-15,18,10:00,172,8,11.3,1,1,32.49,1,2025-11-15 08:00:00,2025-11-15 12:00:00,E,Alton Ave,0,0,0,0
2025-11-15,18,10:00,172,8,11.3,1,1,32.49,1,2025-11-15 08:00:00,2025-11-15 12:00:00,E,Coxwell Ave,0,0,0,0
2025-11-15,18,10:00,172,8,11.3,1,1,32.49,1,2025-11-15 08:00:00,2025-11-15 12:00:00,E,Gerrard St East  at Coxwell Ave,0,0,0,0
2025-11-15,18,10:00,172,8,11.3,1,1,32.49,1,2025-11-15 08:00:00,2025-11-15 12:00:00,E,Coxwell Ave at Lower Gerrard St East,0,0,0,0
2025-11-15,18,10:00,172,8,11.3,1,1,32.49,1,2025-11-15 08:00:00,2025-11-15 12:00:00,E,Ashdale Ave,0,0,0,0
2025-11-15,18,10:00,172,8,11.3,1,1,32.49,1,2025-11-15 08:00:00,2025-11-15 12:00:00,E,Howard Park Ave at Indian Rd,0,0,0,0
2025-11-15,18,10:00,172,8,11.3,1,1,32.49,1,2025-11-15 08:00:00,2025-11-15 12:00:00,E,Dundas St West at Howard Park Ave,0,0,0,0
2025-11-15,18,10:00,172,8,11.3,1,1,32.49,1,2025-11-15 08:00:00,2025-11-15 12:00:00,E,Main St at Gerrard St East,0,0,0,0
2025-11-15,18,10:00,172,8,11.3,1,1,32.49,1,2025-11-15 08:00:00,2025-11-15 12:00:00,E,Main St,0,0,0,0
2025-11-15,18,10:00,172,8,11.3,1,1,32.49,1,2025-11-15 08:00:00,2025-11-15 12:00:00,E,Main St at Danforth Ave,0,0,0,0
2025-11-15,18,10:00,172,8,11.3,1,1,32.49,1,2025-11-15 08:00:00,2025-11-15 12:00:00,E,Howard Park Ave at Parkside Dr,0,0,0,0
2025-11-15,18,10:00,172,8,11.3,1,1,32.49,1,2025-11-15 08:00:00,2025-11-15 12:00:00,W,Woodfield Rd,1,0,1,0
2025-11-15,18,10:00,172,8,11.3,1,1,32.49,1,2025-11-15 08:00:00,2025-11-15 12:00:00,W,Coxwell Ave at Gerrard St East,1,0,1,0
2025-11-15,18,10:00,172,8,11.3,1,1,32.49,1,2025-11-15 08:00:00,2025-11-15 12:00:00,W,Euclid Ave,0,0,0,0
2025-11-15,18,10:00,172,8,11.3,1,1,32.49,1,2025-11-15 08:00:00,2025-11-15 12:00:00,W,Bowmore Rd,0,0,0,0
2025-11-15,18,10:00,172,8,11.3,1,1,32.49,1,2025-11-15 08:00:00,2025-11-15 12:00:00,W,Bay St,1,0,2,0
2025-11-15,18,10:00,172,8,11.3,1,1,32.49,1,2025-11-15 08:00:00,2025-11-15 12:00:00,W,Lansdowne Ave,0,0,0,0
2025-11-15,18,10:00,172,8,11.3,1,1,32.49,1,2025-11-15 08:00:00,2025-11-15 12:00:00,W,Indian Rd,2,2,0,0
2025-11-15,18,10:00,172,8,11.3,1,1,32.49,1,2025-11-15 08:00:00,2025-11-15 12:00:00,W,Grace St,0,0,0,0
2025-11-15,18,10:00,172,8,11.3,1,1,32.49,1,2025-11-15 08:00:00,2025-11-15 12:00:00,W,Dufferin St,3,2,1,0
2025-11-15,18,10:00,172,8,11.3,1,1,32.49,1,2025-11-15 08:00:00,2025-11-15 12:00:00,W,Gerrard St East at Beaton Ave,0,0,0,0
2025-11-15,18,10:00,172,8,11.3,1,1,32.49,1,2025-11-15 08:00:00,2025-11-15 12:00:00,W,Bathurst St,0,0,0,0
2025-11-15,18,10:00,172,8,11.3,1,1,32.49,1,2025-11-15 08:00:00,2025-11-15 12:00:00,W,Yonge St - College Station,0,0,0,0
2025-11-15,18,10:00,172,8,11.3,1,1,32.49,1,2025-11-15 08:00:00,2025-11-15 12:00:00,W,Dundas St West at Sterling Rd,0,0,0,0
2025-11-15,18,10:00,172,8,11.3,1,1,32.49,1,2025-11-15 08:00:00,2025-11-15 12:00:00,W,Brock Ave,0,0,0,0
2025-11-15,18,10:00,172,8,11.3,1,1,32.49,1,2025-11-15 08:00:00,2025-11-15 12:00:00,W,Sackville St,0,0,0,0
2025-11-15,18,10:00,172,8,11.3,1,1,32.49,1,2025-11-15 08:00:00,2025-11-15 12:00:00,W,Carlaw Ave,0,0,0,0
2025-11-15,18,10:00,172,8,11.3,1,1,32.49,1,2025-11-15 08:00:00,2025-11-15 12:00:00,W,Borden St,0,0,0,0
2025-11-15,18,10:00,172,8,11.3,1,1,32.49,1,2025-11-15 08:00:00,2025-11-15 12:00:00,W,Dundas St West at Sorauren Ave,4,3,0,0
2025-11-15,18,10:00,172,8,11.3,1,1,32.49,1,2025-11-15 08:00:00,2025-11-15 12:00:00,W,Crawford St,0,0,0,0
2025-11-15,18,10:00,172,8,11.3,1,1,32.49,1,2025-11-15 08:00:00,2025-11-15 12:00:00,W,Pape Ave,0,0,0,0
2025-11-15,18,10:00,172,8,11.3,1,1,32.49,1,2025-11-15 08:00:00,2025-11-15 12:00:00,W,Spadina Ave,3,0,2,0
2025-11-15,18,10:00,172,8,11.3,1,1,32.49,1,2025-11-15 08:00:00,2025-11-15 12:00:00,W,River St,0,0,0,0
2025-11-15,18,10:00,172,8,11.3,1,1,32.49,1,2025-11-15 08:00:00,2025-11-15 12:00:00,W,Marjory Ave,0,0,0,0
2025-11-15,18,10:00,172,8,11.3,1,1,32.49,1,2025-11-15 08:00:00,2025-11-15 12:00:00,W,Kingsmount Park Rd,0,0,0,0
2025-11-15,18,10:00,172,8,11.3,1,1,32.49,1,2025-11-15 08:00:00,2025-11-15 12:00:00,W,Church St,0,0,0,0
2025-11-15,18,10:00,172,8,11.3,1,1,32.49,1,2025-11-15 08:00:00,2025-11-15 12:00:00,W,Ossington Ave,0,0,0,0
2025-11-15,18,10:00,172,8,11.3,1,1,32.49,1,2025-11-15 08:00:00,2025-11-15 12:00:00,W,Woodbine Ave,0,0,0,0
2025-11-15,18,10:00,172,8,11.3,1,1,32.49,1,2025-11-15 08:00:00,2025-11-15 12:00:00,W,Jones Ave,0,0,0,0
2025-11-15,18,10:00,172,8,11.3,1,1,32.49,1,2025-11-15 08:00:00,2025-11-15 12:00:00,W,Golfview Ave,0,0,0,0
2025-11-15,18,10:00,172,8,11.3,1,1,32.49,1,2025-11-15 08:00:00,2025-11-15 12:00:00,W,Leslie St,0,0,0,0
2025-11-15,18,10:00,172,8,11.3,1,1,32.49,1,2025-11-15 08:00:00,2025-11-15 12:00:00,W,St Matthews Rd,0,0,0,0
2025-11-15,18,10:00,172,8,11.3,1,1,32.49,1,2025-11-15 08:00:00,2025-11-15 12:00:00,W,Jarvis St,0,0,0,0
2025-11-15,18,10:00,172,8,11.3,1,1,32.49,1,2025-11-15 08:00:00,2025-11-15 12:00:00,W,Sherbourne St,0,0,0,0
2025-11-15,18,10:00,172,8,11.3,1,1,32.49,1,2025-11-15 08:00:00,2025-11-15 12:00:00,W,St George St,0,0,0,0
2025-11-15,18,10:00,172,8,11.3,1,1,32.49,1,2025-11-15 08:00:00,2025-11-15 12:00:00,W,Dovercourt Rd,0,0,0,0
2025-11-15,18,10:00,172,8,11.3,1,1,32.49,1,2025-11-15 08:00:00,2025-11-15 12:00:00,W,Glenmount Park Rd,0,0,0,0
2025-11-15,18,10:00,172,8,11.3,1,1,32.49,1,2025-11-15 08:00:00,2025-11-15 12:00:00,W,Prust Ave,0,0,0,0
2025-11-15,18,10:00,172,8,11.3,1,1,32.49,1,2025-11-15 08:00:00,2025-11-15 12:00:00,W,Main Street Station at Bay 7,0,0,0,0
2025-11-15,18,10:00,172,8,11.3,1,1,32.49,1,2025-11-15 08:00:00,2025-11-15 12:00:00,W,Norwood Rd,0,0,0,0
2025-11-15,18,10:00,172,8,11.3,1,1,32.49,1,2025-11-15 08:00:00,2025-11-15 12:00:00,W,McCaul St,0,0,0,0
2025-11-15,18,10:00,172,8,11.3,1,1,32.49,1,2025-11-15 08:00:00,2025-11-15 12:00:00,W,Broadview Ave,0,0,0,0
2025-11-15,18,10:00,172,8,11.3,1,1,32.49,1,2025-11-15 08:00:00,2025-11-15 12:00:00,W,Ontario St,0,0,0,0
2025-11-15,18,10:00,172,8,11.3,1,1,32.49,1,2025-11-15 08:00:00,2025-11-15 12:00:00,W,Rusholme Park Cres,0,0,0,0
2025-11-15,18,10:00,172,8,11.3,1,1,32.49,1,2025-11-15 08:00:00,2025-11-15 12:00:00,W,Havelock St,0,0,0,0
2025-11-15,18,10:00,172,8,11.3,1,1,32.49,1,2025-11-15 08:00:00,2025-11-15 12:00:00,W,High Park Loop,0,0,0,0
2025-11-15,18,10:00,172,8,11.3,1,1,32.49,1,2025-11-15 08:00:00,2025-11-15 12:00:00,W,Queens Park (Queen's Park Station),0,0,0,0
2025-11-15,18,10:00,172,8,11.3,1,1,32.49,1,2025-11-15 08:00:00,2025-11-15 12:00:00,W,Roncesvalles Ave,2,3,0,0
2025-11-15,18,10:00,172,8,11.3,1,1,32.49,1,2025-11-15 08:00:00,2025-11-15 12:00:00,W,De Grassi St,0,0,0,0
2025-11-15,18,10:00,172,8,11.3,1,1,32.49,1,2025-11-15 08:00:00,2025-11-15 12:00:00,W,Parliament St at Carlton St,0,0,0,0
2025-11-15,18,10:00,172,8,11.3,1,1,32.49,1,2025-11-15 08:00:00,2025-11-15 12:00:00,W,Parkside Dr East Side,0,0,0,0
2025-11-15,18,10:00,172,8,11.3,1,1,32.49,1,2025-11-15 08:00:00,2025-11-15 12:00:00,W,Dundas St West,3,3,0,0
2025-11-15,18,10:00,172,8,11.3,1,1,32.49,1,2025-11-15 08:00:00,2025-11-15 12:00:00,W,Howard Park Ave at Roncesvalles Ave,0,0,0,0
2025-11-15,18,10:00,172,8,11.3,1,1,32.49,1,2025-11-15 08:00:00,2025-11-15 12:00:00,W,Parliament St,0,0,0,0
2025-11-15,18,10:00,172,8,11.3,1,1,32.49,1,2025-11-15 08:00:00,2025-11-15 12:00:00,W,Parliament St at Gerrard St East,0,0,0,0
2025-11-15,18,10:00,172,8,11.3,1,1,32.49,1,2025-11-15 08:00:00,2025-11-15 12:00:00,W,Sumach St,0,0,0,0
2025-11-15,18,10:00,172,8,11.3,1,1,32.49,1,2025-11-15 08:00:00,2025-11-15 12:00:00,W,Blackburn St,0,0,0,0
2025-11-15,18,10:00,172,8,11.3,1,1,32.49,1,2025-11-15 08:00:00,2025-11-15 12:00:00,W,Logan Ave,0,0,0,0
2025-11-15,18,10:00,172,8,11.3,1,1,32.49,1,2025-11-15 08:00:00,2025-11-15 12:00:00,W,Augusta Ave,0,0,0,0
2025-11-15,18,10:00,172,8,11.3,1,1,32.49,1,2025-11-15 08:00:00,2025-11-15 12:00:00,W,Beverley St,0,0,0,0
2025-11-15,18,10:00,172,8,11.3,1,1,32.49,1,2025-11-15 08:00:00,2025-11-15 12:00:00,W,University Ave (Queen's Park Station,0,0,0,0
2025-11-15,18,10:00,172,8,11.3,1,1,32.49,1,2025-11-15 08:00:00,2025-11-15 12:00:00,W,Elizabeth St,0,0,0,0
2025-11-15,18,10:00,172,8,11.3,1,1,32.49,1,2025-11-15 08:00:00,2025-11-15 12:00:00,W,Greenwood Ave,0,0,0,0
2025-11-15,18,10:00,172,8,11.3,1,1,32.49,1,2025-11-15 08:00:00,2025-11-15 12:00:00,W,Alton Ave,0,0,0,0
2025-11-15,18,10:00,172,8,11.3,1,1,32.49,1,2025-11-15 08:00:00,2025-11-15 12:00:00,W,Coxwell Ave,0,0,0,0
2025-11-15,18,10:00,172,8,11.3,1,1,32.49,1,2025-11-15 08:00:00,2025-11-15 12:00:00,W,Gerrard St East  at Coxwell Ave,0,0,0,0
2025-11-15,18,10:00,172,8,11.3,1,1,32.49,1,2025-11-15 08:00:00,2025-11-15 12:00:00,W,Coxwell Ave at Lower Gerrard St East,0,0,0,0
2025-11-15,18,10:00,172,8,11.3,1,1,32.49,1,2025-11-15 08:00:00,2025-11-15 12:00:00,W,Ashdale Ave,0,0,0,0
2025-11-15,18,10:00,172,8,11.3,1,1,32.49,1,2025-11-15 08:00:00,2025-11-15 12:00:00,W,Howard Park Ave at Indian Rd,0,0,0,0
2025-11-15,18,10:00,172,8,11.3,1,1,32.49,1,2025-11-15 08:00:00,2025-11-15 12:00:00,W,Dundas St West at Howard Park Ave,0,0,0,0
2025-11-15,18,10:00,172,8,11.3,1,1,32.49,1,2025-11-15 08:00:00,2025-11-15 12:00:00,W,Main St at Gerrard St East,0,0,0,0
2025-11-15,18,10:00,172,8,11.3,1,1,32.49,1,2025-11-15 08:00:00,2025-11-15 12:00:00,W,Main St,0,0,0,0
2025-11-15,18,10:00,172,8,11.3,1,1,32.49,1,2025-11-15 08:00:00,2025-11-15 12:00:00,W,Main St at Danforth Ave,0,0,0,0
2025-11-15,18,10:00,172,8,11.3,1,1,32.49,1,2025-11-15 08:00:00,2025-11-15 12:00:00,W,Howard Park Ave at Parkside Dr,0,0,0,0
2025-11-22,18,10:00,172,8,11.3,1,1,32.49,1,2025-11-22 08:00:00,2025-11-22 12:00:00,E,Woodfield Rd,0,0,0,0
2025-11-22,18,10:00,172,8,11.3,1,1,32.49,1,2025-11-22 08:00:00,2025-11-22 12:00:00,E,Coxwell Ave at Gerrard St East,0,0,0,0
2025-11-22,18,10:00,172,8,11.3,1,1,32.49,1,2025-11-22 08:00:00,2025-11-22 12:00:00,E,Euclid Ave,0,0,1,1
2025-11-22,18,10:00,172,8,11.3,1,1,32.49,1,2025-11-22 08:00:00,2025-11-22 12:00:00,E,Bowmore Rd,1,0,1,0
2025-11-22,18,10:00,172,8,11.3,1,1,32.49,1,2025-11-22 08:00:00,2025-11-22 12:00:00,E,Bay St,5,0,0,0
2025-11-22,18,10:00,172,8,11.3,1,1,32.49,1,2025-11-22 08:00:00,2025-11-22 12:00:00,E,Lansdowne Ave,2,0,1,1
2025-11-22,18,10:00,172,8,11.3,1,1,32.49,1,2025-11-22 08:00:00,2025-11-22 12:00:00,E,Indian Rd,0,1,1,0
2025-11-22,18,10:00,172,8,11.3,1,1,32.49,1,2025-11-22 08:00:00,2025-11-22 12:00:00,E,Grace St,0,1,1,0
2025-11-22,18,10:00,172,8,11.3,1,1,32.49,1,2025-11-22 08:00:00,2025-11-22 12:00:00,E,Dufferin St,0,0,0,0
2025-11-22,18,10:00,172,8,11.3,1,1,32.49,1,2025-11-22 08:00:00,2025-11-22 12:00:00,E,Gerrard St East at Beaton Ave,1,0,1,0
2025-11-22,18,10:00,172,8,11.3,1,1,32.49,1,2025-11-22 08:00:00,2025-11-22 12:00:00,E,Bathurst St,0,0,0,0
2025-11-22,18,10:00,172,8,11.3,1,1,32.49,1,2025-11-22 08:00:00,2025-11-22 12:00:00,E,Yonge St - College Station,0,0,0,0
2025-11-22,18,10:00,172,8,11.3,1,1,32.49,1,2025-11-22 08:00:00,2025-11-22 12:00:00,E,Dundas St West at Sterling Rd,0,0,1,1
2025-11-22,18,10:00,172,8,11.3,1,1,32.49,1,2025-11-22 08:00:00,2025-11-22 12:00:00,E,Brock Ave,1,0,1,1
2025-11-22,18,10:00,172,8,11.3,1,1,32.49,1,2025-11-22 08:00:00,2025-11-22 12:00:00,E,Sackville St,0,0,0,0
2025-11-22,18,10:00,172,8,11.3,1,1,32.49,1,2025-11-22 08:00:00,2025-11-22 12:00:00,E,Carlaw Ave,0,0,0,0
2025-11-22,18,10:00,172,8,11.3,1,1,32.49,1,2025-11-22 08:00:00,2025-11-22 12:00:00,E,Borden St,0,0,0,0
2025-11-22,18,10:00,172,8,11.3,1,1,32.49,1,2025-11-22 08:00:00,2025-11-22 12:00:00,E,Dundas St West at Sorauren Ave,0,0,1,1
2025-11-22,18,10:00,172,8,11.3,1,1,32.49,1,2025-11-22 08:00:00,2025-11-22 12:00:00,E,Crawford St,0,1,1,0
2025-11-22,18,10:00,172,8,11.3,1,1,32.49,1,2025-11-22 08:00:00,2025-11-22 12:00:00,E,Pape Ave,0,0,0,0
2025-11-22,18,10:00,172,8,11.3,1,1,32.49,1,2025-11-22 08:00:00,2025-11-22 12:00:00,E,Spadina Ave,0,0,0,0
2025-11-22,18,10:00,172,8,11.3,1,1,32.49,1,2025-11-22 08:00:00,2025-11-22 12:00:00,E,River St,0,0,0,0
2025-11-22,18,10:00,172,8,11.3,1,1,32.49,1,2025-11-22 08:00:00,2025-11-22 12:00:00,E,Marjory Ave,0,0,0,0
2025-11-22,18,10:00,172,8,11.3,1,1,32.49,1,2025-11-22 08:00:00,2025-11-22 12:00:00,E,Kingsmount Park Rd,1,0,0,0
2025-11-22,18,10:00,172,8,11.3,1,1,32.49,1,2025-11-22 08:00:00,2025-11-22 12:00:00,E,Church St,0,0,0,0
2025-11-22,18,10:00,172,8,11.3,1,1,32.49,1,2025-11-22 08:00:00,2025-11-22 12:00:00,E,Ossington Ave,0,0,1,0
2025-11-22,18,10:00,172,8,11.3,1,1,32.49,1,2025-11-22 08:00:00,2025-11-22 12:00:00,E,Woodbine Ave,1,0,0,0
2025-11-22,18,10:00,172,8,11.3,1,1,32.49,1,2025-11-22 08:00:00,2025-11-22 12:00:00,E,Jones Ave,0,0,0,0
2025-11-22,18,10:00,172,8,11.3,1,1,32.49,1,2025-11-22 08:00:00,2025-11-22 12:00:00,E,Golfview Ave,1,0,0,0
2025-11-22,18,10:00,172,8,11.3,1,1,32.49,1,2025-11-22 08:00:00,2025-11-22 12:00:00,E,Leslie St,0,0,0,0
2025-11-22,18,10:00,172,8,11.3,1,1,32.49,1,2025-11-22 08:00:00,2025-11-22 12:00:00,E,St Matthews Rd,0,0,0,0
2025-11-22,18,10:00,172,8,11.3,1,1,32.49,1,2025-11-22 08:00:00,2025-11-22 12:00:00,E,Jarvis St,0,0,1,0
2025-11-22,18,10:00,172,8,11.3,1,1,32.49,1,2025-11-22 08:00:00,2025-11-22 12:00:00,E,Sherbourne St,0,0,1,0
2025-11-22,18,10:00,172,8,11.3,1,1,32.49,1,2025-11-22 08:00:00,2025-11-22 12:00:00,E,St George St,4,0,0,0
2025-11-22,18,10:00,172,8,11.3,1,1,32.49,1,2025-11-22 08:00:00,2025-11-22 12:00:00,E,Dovercourt Rd,0,0,1,0
2025-11-22,18,10:00,172,8,11.3,1,1,32.49,1,2025-11-22 08:00:00,2025-11-22 12:00:00,E,Glenmount Park Rd,1,0,0,0
2025-11-22,18,10:00,172,8,11.3,1,1,32.49,1,2025-11-22 08:00:00,2025-11-22 12:00:00,E,Prust Ave,0,0,0,0
2025-11-22,18,10:00,172,8,11.3,1,1,32.49,1,2025-11-22 08:00:00,2025-11-22 12:00:00,E,Main Street Station at Bay 7,0,0,0,0
2025-11-22,18,10:00,172,8,11.3,1,1,32.49,1,2025-11-22 08:00:00,2025-11-22 12:00:00,E,Norwood Rd,2,0,0,0
2025-11-22,18,10:00,172,8,11.3,1,1,32.49,1,2025-11-22 08:00:00,2025-11-22 12:00:00,E,McCaul St,2,0,0,0
2025-11-22,18,10:00,172,8,11.3,1,1,32.49,1,2025-11-22 08:00:00,2025-11-22 12:00:00,E,Broadview Ave,4,0,0,0
2025-11-22,18,10:00,172,8,11.3,1,1,32.49,1,2025-11-22 08:00:00,2025-11-22 12:00:00,E,Ontario St,0,0,1,0
2025-11-22,18,10:00,172,8,11.3,1,1,32.49,1,2025-11-22 08:00:00,2025-11-22 12:00:00,E,Rusholme Park Cres,0,0,1,0
2025-11-22,18,10:00,172,8,11.3,1,1,32.49,1,2025-11-22 08:00:00,2025-11-22 12:00:00,E,Havelock St,0,0,0,0
2025-11-22,18,10:00,172,8,11.3,1,1,32.49,1,2025-11-22 08:00:00,2025-11-22 12:00:00,E,High Park Loop,0,4,4,0
2025-11-22,18,10:00,172,8,11.3,1,1,32.49,1,2025-11-22 08:00:00,2025-11-22 12:00:00,E,Queens Park (Queen's Park Station),4,0,0,0
2025-11-22,18,10:00,172,8,11.3,1,1,32.49,1,2025-11-22 08:00:00,2025-11-22 12:00:00,E,Roncesvalles Ave,0,0,0,0
2025-11-22,18,10:00,172,8,11.3,1,1,32.49,1,2025-11-22 08:00:00,2025-11-22 12:00:00,E,De Grassi St,4,0,0,0
2025-11-22,18,10:00,172,8,11.3,1,1,32.49,1,2025-11-22 08:00:00,2025-11-22 12:00:00,E,Parliament St at Carlton St,0,0,1,0
2025-11-22,18,10:00,172,8,11.3,1,1,32.49,1,2025-11-22 08:00:00,2025-11-22 12:00:00,E,Parkside Dr East Side,0,2,2,0
2025-11-22,18,10:00,172,8,11.3,1,1,32.49,1,2025-11-22 08:00:00,2025-11-22 12:00:00,E,Dundas St West,0,0,1,0
2025-11-22,18,10:00,172,8,11.3,1,1,32.49,1,2025-11-22 08:00:00,2025-11-22 12:00:00,E,Howard Park Ave at Roncesvalles Ave,0,0,0,0
2025-11-22,18,10:00,172,8,11.3,1,1,32.49,1,2025-11-22 08:00:00,2025-11-22 12:00:00,E,Parliament St,0,0,0,0
2025-11-22,18,10:00,172,8,11.3,1,1,32.49,1,2025-11-22 08:00:00,2025-11-22 12:00:00,E,Parliament St at Gerrard St East,0,0,0,0
2025-11-22,18,10:00,172,8,11.3,1,1,32.49,1,2025-11-22 08:00:00,2025-11-22 12:00:00,E,Sumach St,0,0,0,0
2025-11-22,18,10:00,172,8,11.3,1,1,32.49,1,2025-11-22 08:00:00,2025-11-22 12:00:00,E,Blackburn St,0,0,0,0
2025-11-22,18,10:00,172,8,11.3,1,1,32.49,1,2025-11-22 08:00:00,2025-11-22 12:00:00,E,Logan Ave,0,0,0,0
2025-11-22,18,10:00,172,8,11.3,1,1,32.49,1,2025-11-22 08:00:00,2025-11-22 12:00:00,E,Augusta Ave,0,0,0,0
2025-11-22,18,10:00,172,8,11.3,1,1,32.49,1,2025-11-22 08:00:00,2025-11-22 12:00:00,E,Beverley St,0,0,0,0
2025-11-22,18,10:00,172,8,11.3,1,1,32.49,1,2025-11-22 08:00:00,2025-11-22 12:00:00,E,University Ave (Queen's Park Station,0,0,0,0
2025-11-22,18,10:00,172,8,11.3,1,1,32.49,1,2025-11-22 08:00:00,2025-11-22 12:00:00,E,Elizabeth St,0,0,0,0
2025-11-22,18,10:00,172,8,11.3,1,1,32.49,1,2025-11-22 08:00:00,2025-11-22 12:00:00,E,Greenwood Ave,0,0,0,0
2025-11-22,18,10:00,172,8,11.3,1,1,32.49,1,2025-11-22 08:00:00,2025-11-22 12:00:00,E,Alton Ave,0,0,0,0
2025-11-22,18,10:00,172,8,11.3,1,1,32.49,1,2025-11-22 08:00:00,2025-11-22 12:00:00,E,Coxwell Ave,0,0,0,0
2025-11-22,18,10:00,172,8,11.3,1,1,32.49,1,2025-11-22 08:00:00,2025-11-22 12:00:00,E,Gerrard St East  at Coxwell Ave,0,0,0,0
2025-11-22,18,10:00,172,8,11.3,1,1,32.49,1,2025-11-22 08:00:00,2025-11-22 12:00:00,E,Coxwell Ave at Lower Gerrard St East,0,0,0,0
2025-11-22,18,10:00,172,8,11.3,1,1,32.49,1,2025-11-22 08:00:00,2025-11-22 12:00:00,E,Ashdale Ave,0,0,0,0
2025-11-22,18,10:00,172,8,11.3,1,1,32.49,1,2025-11-22 08:00:00,2025-11-22 12:00:00,E,Howard Park Ave at Indian Rd,0,0,0,0
2025-11-22,18,10:00,172,8,11.3,1,1,32.49,1,2025-11-22 08:00:00,2025-11-22 12:00:00,E,Dundas St West at Howard Park Ave,0,0,0,0
2025-11-22,18,10:00,172,8,11.3,1,1,32.49,1,2025-11-22 08:00:00,2025-11-22 12:00:00,E,Main St at Gerrard St East,0,0,0,0
2025-11-22,18,10:00,172,8,11.3,1,1,32.49,1,2025-11-22 08:00:00,2025-11-22 12:00:00,E,Main St,0,0,0,0
2025-11-22,18,10:00,172,8,11.3,1,1,32.49,1,2025-11-22 08:00:00,2025-11-22 12:00:00,E,Main St at Danforth Ave,0,0,0,0
2025-11-22,18,10:00,172,8,11.3,1,1,32.49,1,2025-11-22 08:00:00,2025-11-22 12:00:00,E,Howard Park Ave at Parkside Dr,0,0,0,0
2025-11-22,18,10:00,172,8,11.3,1,1,32.49,1,2025-11-22 08:00:00,2025-11-22 12:00:00,W,Woodfield Rd,1,0,1,0
2025-11-22,18,10:00,172,8,11.3,1,1,32.49,1,2025-11-22 08:00:00,2025-11-22 12:00:00,W,Coxwell Ave at Gerrard St East,1,0,1,0
2025-11-22,18,10:00,172,8,11.3,1,1,32.49,1,2025-11-22 08:00:00,2025-11-22 12:00:00,W,Euclid Ave,0,0,0,0
2025-11-22,18,10:00,172,8,11.3,1,1,32.49,1,2025-11-22 08:00:00,2025-11-22 12:00:00,W,Bowmore Rd,0,0,0,0
2025-11-22,18,10:00,172,8,11.3,1,1,32.49,1,2025-11-22 08:00:00,2025-11-22 12:00:00,W,Bay St,5,0,2,0
2025-11-22,18,10:00,172,8,11.3,1,1,32.49,1,2025-11-22 08:00:00,2025-11-22 12:00:00,W,Lansdowne Ave,0,0,0,0
2025-11-22,18,10:00,172,8,11.3,1,1,32.49,1,2025-11-22 08:00:00,2025-11-22 12:00:00,W,Indian Rd,1,2,2,0
2025-11-22,18,10:00,172,8,11.3,1,1,32.49,1,2025-11-22 08:00:00,2025-11-22 12:00:00,W,Grace St,0,0,0,0
2025-11-22,18,10:00,172,8,11.3,1,1,32.49,1,2025-11-22 08:00:00,2025-11-22 12:00:00,W,Dufferin St,3,3,6,0
2025-11-22,18,10:00,172,8,11.3,1,1,32.49,1,2025-11-22 08:00:00,2025-11-22 12:00:00,W,Gerrard St East at Beaton Ave,0,0,1,0
2025-11-22,18,10:00,172,8,11.3,1,1,32.49,1,2025-11-22 08:00:00,2025-11-22 12:00:00,W,Bathurst St,0,0,0,0
2025-11-22,18,10:00,172,8,11.3,1,1,32.49,1,2025-11-22 08:00:00,2025-11-22 12:00:00,W,Yonge St - College Station,0,0,0,0
2025-11-22,18,10:00,172,8,11.3,1,1,32.49,1,2025-11-22 08:00:00,2025-11-22 12:00:00,W,Dundas St West at Sterling Rd,0,0,0,0
2025-11-22,18,10:00,172,8,11.3,1,1,32.49,1,2025-11-22 08:00:00,2025-11-22 12:00:00,W,Brock Ave,0,0,0,0
2025-11-22,18,10:00,172,8,11.3,1,1,32.49,1,2025-11-22 08:00:00,2025-11-22 12:00:00,W,Sackville St,0,0,0,0
2025-11-22,18,10:00,172,8,11.3,1,1,32.49,1,2025-11-22 08:00:00,2025-11-22 12:00:00,W,Carlaw Ave,0,0,0,0
2025-11-22,18,10:00,172,8,11.3,1,1,32.49,1,2025-11-22 08:00:00,2025-11-22 12:00:00,W,Borden St,0,0,0,0
2025-11-22,18,10:00,172,8,11.3,1,1,32.49,1,2025-11-22 08:00:00,2025-11-22 12:00:00,W,Dundas St West at Sorauren Ave,1,2,2,0
2025-11-22,18,10:00,172,8,11.3,1,1,32.49,1,2025-11-22 08:00:00,2025-11-22 12:00:00,W,Crawford St,0,0,0,0
2025-11-22,18,10:00,172,8,11.3,1,1,32.49,1,2025-11-22 08:00:00,2025-11-22 12:00:00,W,Pape Ave,0,0,0,0
2025-11-22,18,10:00,172,8,11.3,1,1,32.49,1,2025-11-22 08:00:00,2025-11-22 12:00:00,W,Spadina Ave,0,0,0,0
2025-11-22,18,10:00,172,8,11.3,1,1,32.49,1,2025-11-22 08:00:00,2025-11-22 12:00:00,W,River St,0,0,0,0
2025-11-22,18,10:00,172,8,11.3,1,1,32.49,1,2025-11-22 08:00:00,2025-11-22 12:00:00,W,Marjory Ave,0,0,0,0
2025-11-22,18,10:00,172,8,11.3,1,1,32.49,1,2025-11-22 08:00:00,2025-11-22 12:00:00,W,Kingsmount Park Rd,0,0,0,0
2025-11-22,18,10:00,172,8,11.3,1,1,32.49,1,2025-11-22 08:00:00,2025-11-22 12:00:00,W,Church St,0,0,0,0
2025-11-22,18,10:00,172,8,11.3,1,1,32.49,1,2025-11-22 08:00:00,2025-11-22 12:00:00,W,Ossington Ave,0,0,0,0
2025-11-22,18,10:00,172,8,11.3,1,1,32.49,1,2025-11-22 08:00:00,2025-11-22 12:00:00,W,Woodbine Ave,0,0,0,0
2025-11-22,18,10:00,172,8,11.3,1,1,32.49,1,2025-11-22 08:00:00,2025-11-22 12:00:00,W,Jones Ave,0,0,0,0
2025-11-22,18,10:00,172,8,11.3,1,1,32.49,1,2025-11-22 08:00:00,2025-11-22 12:00:00,W,Golfview Ave,0,0,0,0
2025-11-22,18,10:00,172,8,11.3,1,1,32.49,1,2025-11-22 08:00:00,2025-11-22 12:00:00,W,Leslie St,0,0,0,0
2025-11-22,18,10:00,172,8,11.3,1,1,32.49,1,2025-11-22 08:00:00,2025-11-22 12:00:00,W,St Matthews Rd,0,0,0,0
2025-11-22,18,10:00,172,8,11.3,1,1,32.49,1,2025-11-22 08:00:00,2025-11-22 12:00:00,W,Jarvis St,0,0,0,0
2025-11-22,18,10:00,172,8,11.3,1,1,32.49,1,2025-11-22 08:00:00,2025-11-22 12:00:00,W,Sherbourne St,0,0,0,0
2025-11-22,18,10:00,172,8,11.3,1,1,32.49,1,2025-11-22 08:00:00,2025-11-22 12:00:00,W,St George St,0,0,0,0
2025-11-22,18,10:00,172,8,11.3,1,1,32.49,1,2025-11-22 08:00:00,2025-11-22 12:00:00,W,Dovercourt Rd,0,0,0,0
2025-11-22,18,10:00,172,8,11.3,1,1,32.49,1,2025-11-22 08:00:00,2025-11-22 12:00:00,W,Glenmount Park Rd,0,0,0,0
2025-11-22,18,10:00,172,8,11.3,1,1,32.49,1,2025-11-22 08:00:00,2025-11-22 12:00:00,W,Prust Ave,0,0,0,0
2025-11-22,18,10:00,172,8,11.3,1,1,32.49,1,2025-11-22 08:00:00,2025-11-22 12:00:00,W,Main Street Station at Bay 7,0,0,1,0
2025-11-22,18,10:00,172,8,11.3,1,1,32.49,1,2025-11-22 08:00:00,2025-11-22 12:00:00,W,Norwood Rd,0,0,0,0
2025-11-22,18,10:00,172,8,11.3,1,1,32.49,1,2025-11-22 08:00:00,2025-11-22 12:00:00,W,McCaul St,0,0,0,0
2025-11-22,18,10:00,172,8,11.3,1,1,32.49,1,2025-11-22 08:00:00,2025-11-22 12:00:00,W,Broadview Ave,0,0,0,0
2025-11-22,18,10:00,172,8,11.3,1,1,32.49,1,2025-11-22 08:00:00,2025-11-22 12:00:00,W,Ontario St,0,0,0,0
2025-11-22,18,10:00,172,8,11.3,1,1,32.49,1,2025-11-22 08:00:00,2025-11-22 12:00:00,W,Rusholme Park Cres,0,0,0,0
2025-11-22,18,10:00,172,8,11.3,1,1,32.49,1,2025-11-22 08:00:00,2025-11-22 12:00:00,W,Havelock St,0,0,0,0
2025-11-22,18,10:00,172,8,11.3,1,1,32.49,1,2025-11-22 08:00:00,2025-11-22 12:00:00,W,High Park Loop,0,0,0,0
2025-11-22,18,10:00,172,8,11.3,1,1,32.49,1,2025-11-22 08:00:00,2025-11-22 12:00:00,W,Queens Park (Queen's Park Station),0,0,0,0
2025-11-22,18,10:00,172,8,11.3,1,1,32.49,1,2025-11-22 08:00:00,2025-11-22 12:00:00,W,Roncesvalles Ave,1,2,2,0
2025-11-22,18,10:00,172,8,11.3,1,1,32.49,1,2025-11-22 08:00:00,2025-11-22 12:00:00,W,De Grassi St,0,0,0,0
2025-11-22,18,10:00,172,8,11.3,1,1,32.49,1,2025-11-22 08:00:00,2025-11-22 12:00:00,W,Parliament St at Carlton St,0,0,0,0
2025-11-22,18,10:00,172,8,11.3,1,1,32.49,1,2025-11-22 08:00:00,2025-11-22 12:00:00,W,Parkside Dr East Side,0,0,0,0
2025-11-22,18,10:00,172,8,11.3,1,1,32.49,1,2025-11-22 08:00:00,2025-11-22 12:00:00,W,Dundas St West,1,2,2,0
2025-11-22,18,10:00,172,8,11.3,1,1,32.49,1,2025-11-22 08:00:00,2025-11-22 12:00:00,W,Howard Park Ave at Roncesvalles Ave,0,0,0,0
2025-11-22,18,10:00,172,8,11.3,1,1,32.49,1,2025-11-22 08:00:00,2025-11-22 12:00:00,W,Parliament St,0,0,0,0
2025-11-22,18,10:00,172,8,11.3,1,1,32.49,1,2025-11-22 08:00:00,2025-11-22 12:00:00,W,Parliament St at Gerrard St East,0,0,0,0
2025-11-22,18,10:00,172,8,11.3,1,1,32.49,1,2025-11-22 08:00:00,2025-11-22 12:00:00,W,Sumach St,0,0,0,0
2025-11-22,18,10:00,172,8,11.3,1,1,32.49,1,2025-11-22 08:00:00,2025-11-22 12:00:00,W,Blackburn St,0,0,0,0
2025-11-22,18,10:00,172,8,11.3,1,1,32.49,1,2025-11-22 08:00:00,2025-11-22 12:00:00,W,Logan Ave,0,0,0,0
2025-11-22,18,10:00,172,8,11.3,1,1,32.49,1,2025-11-22 08:00:00,2025-11-22 12:00:00,W,Augusta Ave,0,0,0,0
2025-11-22,18,10:00,172,8,11.3,1,1,32.49,1,2025-11-22 08:00:00,2025-11-22 12:00:00,W,Beverley St,0,0,0,0
2025-11-22,18,10:00,172,8,11.3,1,1,32.49,1,2025-11-22 08:00:00,2025-11-22 12:00:00,W,University Ave (Queen's Park Station,0,0,0,0
2025-11-22,18,10:00,172,8,11.3,1,1,32.49,1,2025-11-22 08:00:00,2025-11-22 12:00:00,W,Elizabeth St,0,0,0,0
2025-11-22,18,10:00,172,8,11.3,1,1,32.49,1,2025-11-22 08:00:00,2025-11-22 12:00:00,W,Greenwood Ave,0,0,0,0
2025-11-22,18,10:00,172,8,11.3,1,1,32.49,1,2025-11-22 08:00:00,2025-11-22 12:00:00,W,Alton Ave,0,0,0,0
2025-11-22,18,10:00,172,8,11.3,1,1,32.49,1,2025-11-22 08:00:00,2025-11-22 12:00:00,W,Coxwell Ave,0,0,0,0
2025-11-22,18,10:00,172,8,11.3,1,1,32.49,1,2025-11-22 08:00:00,2025-11-22 12:00:00,W,Gerrard St East  at Coxwell Ave,0,0,0,0
2025-11-22,18,10:00,172,8,11.3,1,1,32.49,1,2025-11-22 08:00:00,2025-11-22 12:00:00,W,Coxwell Ave at Lower Gerrard St East,0,0,0,0
2025-11-22,18,10:00,172,8,11.3,1,1,32.49,1,2025-11-22 08:00:00,2025-11-22 12:00:00,W,Ashdale Ave,0,0,0,0
2025-11-22,18,10:00,172,8,11.3,1,1,32.49,1,2025-11-22 08:00:00,2025-11-22 12:00:00,W,Howard Park Ave at Indian Rd,0,0,0,0
2025-11-22,18,10:00,172,8,11.3,1,1,32.49,1,2025-11-22 08:00:00,2025-11-22 12:00:00,W,Dundas St West at Howard Park Ave,0,0,0,0
2025-11-22,18,10:00,172,8,11.3,1,1,32.49,1,2025-11-22 08:00:00,2025-11-22 12:00:00,W,Main St at Gerrard St East,0,0,0,0
2025-11-22,18,10:00,172,8,11.3,1,1,32.49,1,2025-11-22 08:00:00,2025-11-22 12:00:00,W,Main St,0,0,0,0
2025-11-22,18,10:00,172,8,11.3,1,1,32.49,1,2025-11-22 08:00:00,2025-11-22 12:00:00,W,Main St at Danforth Ave,0,0,0,0
2025-11-22,18,10:00,172,8,11.3,1,1,32.49,1,2025-11-22 08:00:00,2025-11-22 12:00:00,W,Howard Park Ave at Parkside Dr,0,0,0,0
2025-11-29,18,10:00,172,8,11.3,1,1,32.49,1,2025-11-29 08:00:00,2025-11-29 12:00:00,E,Woodfield Rd,0,0,0,0
2025-11-29,18,10:00,172,8,11.3,1,1,32.49,1,2025-11-29 08:00:00,2025-11-29 12:00:00,E,Coxwell Ave at Gerrard St East,0,0,0,0
2025-11-29,18,10:00,172,8,11.3,1,1,32.49,1,2025-11-29 08:00:00,2025-11-29 12:00:00,E,Euclid Ave,1,0,2,0
2025-11-29,18,10:00,172,8,11.3,1,1,32.49,1,2025-11-29 08:00:00,2025-11-29 12:00:00,E,Bowmore Rd,3,1,2,0
2025-11-29,18,10:00,172,8,11.3,1,1,32.49,1,2025-11-29 08:00:00,2025-11-29 12:00:00,E,Bay St,2,1,0,0
2025-11-29,18,10:00,172,8,11.3,1,1,32.49,1,2025-11-29 08:00:00,2025-11-29 12:00:00,E,Lansdowne Ave,2,2,3,0
2025-11-29,18,10:00,172,8,11.3,1,1,32.49,1,2025-11-29 08:00:00,2025-11-29 12:00:00,E,Indian Rd,0,2,4,0
2025-11-29,18,10:00,172,8,11.3,1,1,32.49,1,2025-11-29 08:00:00,2025-11-29 12:00:00,E,Grace St,0,2,3,0
2025-11-29,18,10:00,172,8,11.3,1,1,32.49,1,2025-11-29 08:00:00,2025-11-29 12:00:00,E,Dufferin St,1,3,1,0
2025-11-29,18,10:00,172,8,11.3,1,1,32.49,1,2025-11-29 08:00:00,2025-11-29 12:00:00,E,Gerrard St East at Beaton Ave,1,2,3,0
2025-11-29,18,10:00,172,8,11.3,1,1,32.49,1,2025-11-29 08:00:00,2025-11-29 12:00:00,E,Bathurst St,2,1,1,0
2025-11-29,18,10:00,172,8,11.3,1,1,32.49,1,2025-11-29 08:00:00,2025-11-29 12:00:00,E,Yonge St - College Station,0,0,0,0
2025-11-29,18,10:00,172,8,11.3,1,1,32.49,1,2025-11-29 08:00:00,2025-11-29 12:00:00,E,Dundas St West at Sterling Rd,1,0,2,0
2025-11-29,18,10:00,172,8,11.3,1,1,32.49,1,2025-11-29 08:00:00,2025-11-29 12:00:00,E,Brock Ave,1,2,4,0
2025-11-29,18,10:00,172,8,11.3,1,1,32.49,1,2025-11-29 08:00:00,2025-11-29 12:00:00,E,Sackville St,0,0,0,0
2025-11-29,18,10:00,172,8,11.3,1,1,32.49,1,2025-11-29 08:00:00,2025-11-29 12:00:00,E,Carlaw Ave,0,0,0,0
2025-11-29,18,10:00,172,8,11.3,1,1,32.49,1,2025-11-29 08:00:00,2025-11-29 12:00:00,E,Borden St,1,1,1,0
2025-11-29,18,10:00,172,8,11.3,1,1,32.49,1,2025-11-29 08:00:00,2025-11-29 12:00:00,E,Dundas St West at Sorauren Ave,1,0,2,0
2025-11-29,18,10:00,172,8,11.3,1,1,32.49,1,2025-11-29 08:00:00,2025-11-29 12:00:00,E,Crawford St,0,2,2,0
2025-11-29,18,10:00,172,8,11.3,1,1,32.49,1,2025-11-29 08:00:00,2025-11-29 12:00:00,E,Pape Ave,0,0,0,0
2025-11-29,18,10:00,172,8,11.3,1,1,32.49,1,2025-11-29 08:00:00,2025-11-29 12:00:00,E,Spadina Ave,1,1,0,0
2025-11-29,18,10:00,172,8,11.3,1,1,32.49,1,2025-11-29 08:00:00,2025-11-29 12:00:00,E,River St,0,0,0,0
2025-11-29,18,10:00,172,8,11.3,1,1,32.49,1,2025-11-29 08:00:00,2025-11-29 12:00:00,E,Marjory Ave,0,0,0,0
2025-11-29,18,10:00,172,8,11.3,1,1,32.49,1,2025-11-29 08:00:00,2025-11-29 12:00:00,E,Kingsmount Park Rd,3,1,1,0
2025-11-29,18,10:00,172,8,11.3,1,1,32.49,1,2025-11-29 08:00:00,2025-11-29 12:00:00,E,Church St,0,0,0,0
2025-11-29,18,10:00,172,8,11.3,1,1,32.49,1,2025-11-29 08:00:00,2025-11-29 12:00:00,E,Ossington Ave,3,2,3,0
2025-11-29,18,10:00,172,8,11.3,1,1,32.49,1,2025-11-29 08:00:00,2025-11-29 12:00:00,E,Woodbine Ave,2,0,1,0
2025-11-29,18,10:00,172,8,11.3,1,1,32.49,1,2025-11-29 08:00:00,2025-11-29 12:00:00,E,Jones Ave,0,0,0,0
2025-11-29,18,10:00,172,8,11.3,1,1,32.49,1,2025-11-29 08:00:00,2025-11-29 12:00:00,E,Golfview Ave,4,1,1,0
2025-11-29,18,10:00,172,8,11.3,1,1,32.49,1,2025-11-29 08:00:00,2025-11-29 12:00:00,E,Leslie St,0,0,0,0
2025-11-29,18,10:00,172,8,11.3,1,1,32.49,1,2025-11-29 08:00:00,2025-11-29 12:00:00,E,St Matthews Rd,0,0,0,0
2025-11-29,18,10:00,172,8,11.3,1,1,32.49,1,2025-11-29 08:00:00,2025-11-29 12:00:00,E,Jarvis St,2,0,2,0
2025-11-29,18,10:00,172,8,11.3,1,1,32.49,1,2025-11-29 08:00:00,2025-11-29 12:00:00,E,Sherbourne St,2,0,2,0
2025-11-29,18,10:00,172,8,11.3,1,1,32.49,1,2025-11-29 08:00:00,2025-11-29 12:00:00,E,St George St,4,1,1,0
2025-11-29,18,10:00,172,8,11.3,1,1,32.49,1,2025-11-29 08:00:00,2025-11-29 12:00:00,E,Dovercourt Rd,3,2,2,0
2025-11-29,18,10:00,172,8,11.3,1,1,32.49,1,2025-11-29 08:00:00,2025-11-29 12:00:00,E,Glenmount Park Rd,3,1,1,0
2025-11-29,18,10:00,172,8,11.3,1,1,32.49,1,2025-11-29 08:00:00,2025-11-29 12:00:00,E,Prust Ave,0,0,0,0
2025-11-29,18,10:00,172,8,11.3,1,1,32.49,1,2025-11-29 08:00:00,2025-11-29 12:00:00,E,Main Street Station at Bay 7,0,0,0,0
2025-11-29,18,10:00,172,8,11.3,1,1,32.49,1,2025-11-29 08:00:00,2025-11-29 12:00:00,E,Norwood Rd,2,1,1,0
2025-11-29,18,10:00,172,8,11.3,1,1,32.49,1,2025-11-29 08:00:00,2025-11-29 12:00:00,E,McCaul St,2,2,1,0
2025-11-29,18,10:00,172,8,11.3,1,1,32.49,1,2025-11-29 08:00:00,2025-11-29 12:00:00,E,Broadview Ave,8,1,0,0
2025-11-29,18,10:00,172,8,11.3,1,1,32.49,1,2025-11-29 08:00:00,2025-11-29 12:00:00,E,Ontario St,1,0,2,0
2025-11-29,18,10:00,172,8,11.3,1,1,32.49,1,2025-11-29 08:00:00,2025-11-29 12:00:00,E,Rusholme Park Cres,1,0,1,0
2025-11-29,18,10:00,172,8,11.3,1,1,32.49,1,2025-11-29 08:00:00,2025-11-29 12:00:00,E,Havelock St,0,0,0,0
2025-11-29,18,10:00,172,8,11.3,1,1,32.49,1,2025-11-29 08:00:00,2025-11-29 12:00:00,E,High Park Loop,0,4,8,0
2025-11-29,18,10:00,172,8,11.3,1,1,32.49,1,2025-11-29 08:00:00,2025-11-29 12:00:00,E,Queens Park (Queen's Park Station),4,1,1,0
2025-11-29,18,10:00,172,8,11.3,1,1,32.49,1,2025-11-29 08:00:00,2025-11-29 12:00:00,E,Roncesvalles Ave,0,0,0,0
2025-11-29,18,10:00,172,8,11.3,1,1,32.49,1,2025-11-29 08:00:00,2025-11-29 12:00:00,E,De Grassi St,7,1,0,0
2025-11-29,18,10:00,172,8,11.3,1,1,32.49,1,2025-11-29 08:00:00,2025-11-29 12:00:00,E,Parliament St at Carlton St,2,0,2,0
2025-11-29,18,10:00,172,8,11.3,1,1,32.49,1,2025-11-29 08:00:00,2025-11-29 12:00:00,E,Parkside Dr East Side,0,2,4,0
2025-11-29,18,10:00,172,8,11.3,1,1,32.49,1,2025-11-29 08:00:00,2025-11-29 12:00:00,E,Dundas St West,2,0,2,0
2025-11-29,18,10:00,172,8,11.3,1,1,32.49,1,2025-11-29 08:00:00,2025-11-29 12:00:00,E,Howard Park Ave at Roncesvalles Ave,0,0,0,0
2025-11-29,18,10:00,172,8,11.3,1,1,32.49,1,2025-11-29 08:00:00,2025-11-29 12:00:00,E,Parliament St,0,0,0,0
2025-11-29,18,10:00,172,8,11.3,1,1,32.49,1,2025-11-29 08:00:00,2025-11-29 12:00:00,E,Parliament St at Gerrard St East,0,0,0,0
2025-11-29,18,10:00,172,8,11.3,1,1,32.49,1,2025-11-29 08:00:00,2025-11-29 12:00:00,E,Sumach St,0,0,0,0
2025-11-29,18,10:00,172,8,11.3,1,1,32.49,1,2025-11-29 08:00:00,2025-11-29 12:00:00,E,Blackburn St,0,0,0,0
2025-11-29,18,10:00,172,8,11.3,1,1,32.49,1,2025-11-29 08:00:00,2025-11-29 12:00:00,E,Logan Ave,5,1,1,0
2025-11-29,18,10:00,172,8,11.3,1,1,32.49,1,2025-11-29 08:00:00,2025-11-29 12:00:00,E,Augusta Ave,0,0,0,0
2025-11-29,18,10:00,172,8,11.3,1,1,32.49,1,2025-11-29 08:00:00,2025-11-29 12:00:00,E,Beverley St,0,0,0,0
2025-11-29,18,10:00,172,8,11.3,1,1,32.49,1,2025-11-29 08:00:00,2025-11-29 12:00:00,E,University Ave (Queen's Park Station,0,0,0,0
2025-11-29,18,10:00,172,8,11.3,1,1,32.49,1,2025-11-29 08:00:00,2025-11-29 12:00:00,E,Elizabeth St,0,0,0,0
2025-11-29,18,10:00,172,8,11.3,1,1,32.49,1,2025-11-29 08:00:00,2025-11-29 12:00:00,E,Greenwood Ave,0,0,0,0
2025-11-29,18,10:00,172,8,11.3,1,1,32.49,1,2025-11-29 08:00:00,2025-11-29 12:00:00,E,Alton Ave,0,0,0,0
2025-11-29,18,10:00,172,8,11.3,1,1,32.49,1,2025-11-29 08:00:00,2025-11-29 12:00:00,E,Coxwell Ave,0,0,0,0
2025-11-29,18,10:00,172,8,11.3,1,1,32.49,1,2025-11-29 08:00:00,2025-11-29 12:00:00,E,Gerrard St East  at Coxwell Ave,0,0,0,0
2025-11-29,18,10:00,172,8,11.3,1,1,32.49,1,2025-11-29 08:00:00,2025-11-29 12:00:00,E,Coxwell Ave at Lower Gerrard St East,0,0,0,0
2025-11-29,18,10:00,172,8,11.3,1,1,32.49,1,2025-11-29 08:00:00,2025-11-29 12:00:00,E,Ashdale Ave,0,0,0,0
2025-11-29,18,10:00,172,8,11.3,1,1,32.49,1,2025-11-29 08:00:00,2025-11-29 12:00:00,E,Howard Park Ave at Indian Rd,0,0,0,0
2025-11-29,18,10:00,172,8,11.3,1,1,32.49,1,2025-11-29 08:00:00,2025-11-29 12:00:00,E,Dundas St West at Howard Park Ave,0,0,0,0
2025-11-29,18,10:00,172,8,11.3,1,1,32.49,1,2025-11-29 08:00:00,2025-11-29 12:00:00,E,Main St at Gerrard St East,0,0,0,0
2025-11-29,18,10:00,172,8,11.3,1,1,32.49,1,2025-11-29 08:00:00,2025-11-29 12:00:00,E,Main St,0,0,0,0
2025-11-29,18,10:00,172,8,11.3,1,1,32.49,1,2025-11-29 08:00:00,2025-11-29 12:00:00,E,Main St at Danforth Ave,0,0,0,0
2025-11-29,18,10:00,172,8,11.3,1,1,32.49,1,2025-11-29 08:00:00,2025-11-29 12:00:00,E,Howard Park Ave at Parkside Dr,0,0,0,0
2025-11-29,18,10:00,172,8,11.3,1,1,32.49,1,2025-11-29 08:00:00,2025-11-29 12:00:00,W,Woodfield Rd,0,0,0,0
2025-11-29,18,10:00,172,8,11.3,1,1,32.49,1,2025-11-29 08:00:00,2025-11-29 12:00:00,W,Coxwell Ave at Gerrard St East,0,0,0,0
2025-11-29,18,10:00,172,8,11.3,1,1,32.49,1,2025-11-29 08:00:00,2025-11-29 12:00:00,W,Euclid Ave,0,0,0,0
2025-11-29,18,10:00,172,8,11.3,1,1,32.49,1,2025-11-29 08:00:00,2025-11-29 12:00:00,W,Bowmore Rd,1,2,1,0
2025-11-29,18,10:00,172,8,11.3,1,1,32.49,1,2025-11-29 08:00:00,2025-11-29 12:00:00,W,Bay St,4,1,19,0
2025-11-29,18,10:00,172,8,11.3,1,1,32.49,1,2025-11-29 08:00:00,2025-11-29 12:00:00,W,Lansdowne Ave,0,0,0,0
2025-11-29,18,10:00,172,8,11.3,1,1,32.49,1,2025-11-29 08:00:00,2025-11-29 12:00:00,W,Indian Rd,0,5,5,0
2025-11-29,18,10:00,172,8,11.3,1,1,32.49,1,2025-11-29 08:00:00,2025-11-29 12:00:00,W,Grace St,0,0,0,0
2025-11-29,18,10:00,172,8,11.3,1,1,32.49,1,2025-11-29 08:00:00,2025-11-29 12:00:00,W,Dufferin St,2,2,8,2
2025-11-29,18,10:00,172,8,11.3,1,1,32.49,1,2025-11-29 08:00:00,2025-11-29 12:00:00,W,Gerrard St East at Beaton Ave,3,2,4,0
2025-11-29,18,10:00,172,8,11.3,1,1,32.49,1,2025-11-29 08:00:00,2025-11-29 12:00:00,W,Bathurst St,0,0,0,0
2025-11-29,18,10:00,172,8,11.3,1,1,32.49,1,2025-11-29 08:00:00,2025-11-29 12:00:00,W,Yonge St - College Station,0,0,0,0
2025-11-29,18,10:00,172,8,11.3,1,1,32.49,1,2025-11-29 08:00:00,2025-11-29 12:00:00,W,Dundas St West at Sterling Rd,0,0,0,0
2025-11-29,18,10:00,172,8,11.3,1,1,32.49,1,2025-11-29 08:00:00,2025-11-29 12:00:00,W,Brock Ave,0,0,0,0
2025-11-29,18,10:00,172,8,11.3,1,1,32.49,1,2025-11-29 08:00:00,2025-11-29 12:00:00,W,Sackville St,0,0,0,0
2025-11-29,18,10:00,172,8,11.3,1,1,32.49,1,2025-11-29 08:00:00,2025-11-29 12:00:00,W,Carlaw Ave,0,0,0,0
2025-11-29,18,10:00,172,8,11.3,1,1,32.49,1,2025-11-29 08:00:00,2025-11-29 12:00:00,W,Borden St,0,0,0,0
2025-11-29,18,10:00,172,8,11.3,1,1,32.49,1,2025-11-29 08:00:00,2025-11-29 12:00:00,W,Dundas St West at Sorauren Ave,0,5,5,0
2025-11-29,18,10:00,172,8,11.3,1,1,32.49,1,2025-11-29 08:00:00,2025-11-29 12:00:00,W,Crawford St,0,0,0,0
2025-11-29,18,10:00,172,8,11.3,1,1,32.49,1,2025-11-29 08:00:00,2025-11-29 12:00:00,W,Pape Ave,0,0,0,0
2025-11-29,18,10:00,172,8,11.3,1,1,32.49,1,2025-11-29 08:00:00,2025-11-29 12:00:00,W,Spadina Ave,2,2,18,2
2025-11-29,18,10:00,172,8,11.3,1,1,32.49,1,2025-11-29 08:00:00,2025-11-29 12:00:00,W,River St,0,0,0,0
2025-11-29,18,10:00,172,8,11.3,1,1,32.49,1,2025-11-29 08:00:00,2025-11-29 12:00:00,W,Marjory Ave,0,0,0,0
2025-11-29,18,10:00,172,8,11.3,1,1,32.49,1,2025-11-29 08:00:00,2025-11-29 12:00:00,W,Kingsmount Park Rd,0,0,0,0
2025-11-29,18,10:00,172,8,11.3,1,1,32.49,1,2025-11-29 08:00:00,2025-11-29 12:00:00,W,Church St,0,0,0,0
2025-11-29,18,10:00,172,8,11.3,1,1,32.49,1,2025-11-29 08:00:00,2025-11-29 12:00:00,W,Ossington Ave,0,0,0,0
2025-11-29,18,10:00,172,8,11.3,1,1,32.49,1,2025-11-29 08:00:00,2025-11-29 12:00:00,W,Woodbine Ave,0,0,0,0
2025-11-29,18,10:00,172,8,11.3,1,1,32.49,1,2025-11-29 08:00:00,2025-11-29 12:00:00,W,Jones Ave,0,0,0,0
2025-11-29,18,10:00,172,8,11.3,1,1,32.49,1,2025-11-29 08:00:00,2025-11-29 12:00:00,W,Golfview Ave,0,0,0,0
2025-11-29,18,10:00,172,8,11.3,1,1,32.49,1,2025-11-29 08:00:00,2025-11-29 12:00:00,W,Leslie St,0,0,0,0
2025-11-29,18,10:00,172,8,11.3,1,1,32.49,1,2025-11-29 08:00:00,2025-11-29 12:00:00,W,St Matthews Rd,0,0,0,0
2025-11-29,18,10:00,172,8,11.3,1,1,32.49,1,2025-11-29 08:00:00,2025-11-29 12:00:00,W,Jarvis St,0,0,0,0
2025-11-29,18,10:00,172,8,11.3,1,1,32.49,1,2025-11-29 08:00:00,2025-11-29 12:00:00,W,Sherbourne St,0,0,0,0
2025-11-29,18,10:00,172,8,11.3,1,1,32.49,1,2025-11-29 08:00:00,2025-11-29 12:00:00,W,St George St,0,0,0,0
2025-11-29,18,10:00,172,8,11.3,1,1,32.49,1,2025-11-29 08:00:00,2025-11-29 12:00:00,W,Dovercourt Rd,0,0,0,0
2025-11-29,18,10:00,172,8,11.3,1,1,32.49,1,2025-11-29 08:00:00,2025-11-29 12:00:00,W,Glenmount Park Rd,0,0,0,0
2025-11-29,18,10:00,172,8,11.3,1,1,32.49,1,2025-11-29 08:00:00,2025-11-29 12:00:00,W,Prust Ave,0,0,0,0
2025-11-29,18,10:00,172,8,11.3,1,1,32.49,1,2025-11-29 08:00:00,2025-11-29 12:00:00,W,Main Street Station at Bay 7,7,0,2,0
2025-11-29,18,10:00,172,8,11.3,1,1,32.49,1,2025-11-29 08:00:00,2025-11-29 12:00:00,W,Norwood Rd,0,0,0,0
2025-11-29,18,10:00,172,8,11.3,1,1,32.49,1,2025-11-29 08:00:00,2025-11-29 12:00:00,W,McCaul St,0,0,0,0
2025-11-29,18,10:00,172,8,11.3,1,1,32.49,1,2025-11-29 08:00:00,2025-11-29 12:00:00,W,Broadview Ave,0,0,0,0
2025-11-29,18,10:00,172,8,11.3,1,1,32.49,1,2025-11-29 08:00:00,2025-11-29 12:00:00,W,Ontario St,0,0,0,0
2025-11-29,18,10:00,172,8,11.3,1,1,32.49,1,2025-11-29 08:00:00,2025-11-29 12:00:00,W,Rusholme Park Cres,0,0,0,0
2025-11-29,18,10:00,172,8,11.3,1,1,32.49,1,2025-11-29 08:00:00,2025-11-29 12:00:00,W,Havelock St,0,0,0,0
2025-11-29,18,10:00,172,8,11.3,1,1,32.49,1,2025-11-29 08:00:00,2025-11-29 12:00:00,W,High Park Loop,0,0,0,0
2025-11-29,18,10:00,172,8,11.3,1,1,32.49,1,2025-11-29 08:00:00,2025-11-29 12:00:00,W,Queens Park (Queen's Park Station),0,0,0,0
2025-11-29,18,10:00,172,8,11.3,1,1,32.49,1,2025-11-29 08:00:00,2025-11-29 12:00:00,W,Roncesvalles Ave,0,4,5,0
2025-11-29,18,10:00,172,8,11.3,1,1,32.49,1,2025-11-29 08:00:00,2025-11-29 12:00:00,W,De Grassi St,0,0,0,0
2025-11-29,18,10:00,172,8,11.3,1,1,32.49,1,2025-11-29 08:00:00,2025-11-29 12:00:00,W,Parliament St at Carlton St,0,0,0,0
2025-11-29,18,10:00,172,8,11.3,1,1,32.49,1,2025-11-29 08:00:00,2025-11-29 12:00:00,W,Parkside Dr East Side,0,0,0,0
2025-11-29,18,10:00,172,8,11.3,1,1,32.49,1,2025-11-29 08:00:00,2025-11-29 12:00:00,W,Dundas St West,0,5,5,0
2025-11-29,18,10:00,172,8,11.3,1,1,32.49,1,2025-11-29 08:00:00,2025-11-29 12:00:00,W,Howard Park Ave at Roncesvalles Ave,0,0,0,0
2025-11-29,18,10:00,172,8,11.3,1,1,32.49,1,2025-11-29 08:00:00,2025-11-29 12:00:00,W,Parliament St,0,0,0,0
2025-11-29,18,10:00,172,8,11.3,1,1,32.49,1,2025-11-29 08:00:00,2025-11-29 12:00:00,W,Parliament St at Gerrard St East,0,0,0,0
2025-11-29,18,10:00,172,8,11.3,1,1,32.49,1,2025-11-29 08:00:00,2025-11-29 12:00:00,W,Sumach St,0,0,0,0
2025-11-29,18,10:00,172,8,11.3,1,1,32.49,1,2025-11-29 08:00:00,2025-11-29 12:00:00,W,Blackburn St,0,0,0,0
2025-11-29,18,10:00,172,8,11.3,1,1,32.49,1,2025-11-29 08:00:00,2025-11-29 12:00:00,W,Logan Ave,0,0,0,0
2025-11-29,18,10:00,172,8,11.3,1,1,32.49,1,2025-11-29 08:00:00,2025-11-29 12:00:00,W,Augusta Ave,0,0,0,0
2025-11-29,18,10:00,172,8,11.3,1,1,32.49,1,2025-11-29 08:00:00,2025-11-29 12:00:00,W,Beverley St,0,0,0,0
2025-11-29,18,10:00,172,8,11.3,1,1,32.49,1,2025-11-29 08:00:00,2025-11-29 12:00:00,W,University Ave (Queen's Park Station,0,0,0,0
2025-11-29,18,10:00,172,8,11.3,1,1,32.49,1,2025-11-29 08:00:00,2025-11-29 12:00:00,W,Elizabeth St,0,0,0,0
2025-11-29,18,10:00,172,8,11.3,1,1,32.49,1,2025-11-29 08:00:00,2025-11-29 12:00:00,W,Greenwood Ave,0,0,0,0
2025-11-29,18,10:00,172,8,11.3,1,1,32.49,1,2025-11-29 08:00:00,2025-11-29 12:00:00,W,Alton Ave,0,0,0,0
2025-11-29,18,10:00,172,8,11.3,1,1,32.49,1,2025-11-29 08:00:00,2025-11-29 12:00:00,W,Coxwell Ave,0,0,0,0
2025-11-29,18,10:00,172,8,11.3,1,1,32.49,1,2025-11-29 08:00:00,2025-11-29 12:00:00,W,Gerrard St East  at Coxwell Ave,0,0,0,0
2025-11-29,18,10:00,172,8,11.3,1,1,32.49,1,2025-11-29 08:00:00,2025-11-29 12:00:00,W,Coxwell Ave at Lower Gerrard St East,0,0,0,0
2025-11-29,18,10:00,172,8,11.3,1,1,32.49,1,2025-11-29 08:00:00,2025-11-29 12:00:00,W,Ashdale Ave,0,0,0,0
2025-11-29,18,10:00,172,8,11.3,1,1,32.49,1,2025-11-29 08:00:00,2025-11-29 12:00:00,W,Howard Park Ave at Indian Rd,0,0,0,0
2025-11-29,18,10:00,172,8,11.3,1,1,32.49,1,2025-11-29 08:00:00,2025-11-29 12:00:00,W,Dundas St West at Howard Park Ave,0,0,0,0
2025-11-29,18,10:00,172,8,11.3,1,1,32.49,1,2025-11-29 08:00:00,2025-11-29 12:00:00,W,Main St at Gerrard St East,0,0,0,0
2025-11-29,18,10:00,172,8,11.3,1,1,32.49,1,2025-11-29 08:00:00,2025-11-29 12:00:00,W,Main St,0,0,0,0
2025-11-29,18,10:00,172,8,11.3,1,1,32.49,1,2025-11-29 08:00:00,2025-11-29 12:00:00,W,Main St at Danforth Ave,0,0,0,0
2025-11-29,18,10:00,172,8,11.3,1,1,32.49,1,2025-11-29 08:00:00,2025-11-29 12:00:00,W,Howard Park Ave at Parkside Dr,0,0,0,0
2025-12-06,18,10:00,172,8,11.3,1,1,32.49,1,2025-12-06 08:00:00,2025-12-06 12:00:00,E,Woodfield Rd,0,2,0,0
2025-12-06,18,10:00,172,8,11.3,1,1,32.49,1,2025-12-06 08:00:00,2025-12-06 12:00:00,E,Coxwell Ave at Gerrard St East,0,0,0,0
2025-12-06,18,10:00,172,8,11.3,1,1,32.49,1,2025-12-06 08:00:00,2025-12-06 12:00:00,E,Euclid Ave,0,0,0,0
2025-12-06,18,10:00,172,8,11.3,1,1,32.49,1,2025-12-06 08:00:00,2025-12-06 12:00:00,E,Bowmore Rd,0,2,0,0
2025-12-06,18,10:00,172,8,11.3,1,1,32.49,1,2025-12-06 08:00:00,2025-12-06 12:00:00,E,Bay St,0,1,0,0
2025-12-06,18,10:00,172,8,11.3,1,1,32.49,1,2025-12-06 08:00:00,2025-12-06 12:00:00,E,Lansdowne Ave,0,3,0,0
2025-12-06,18,10:00,172,8,11.3,1,1,32.49,1,2025-12-06 08:00:00,2025-12-06 12:00:00,E,Indian Rd,0,1,0,0
2025-12-06,18,10:00,172,8,11.3,1,1,32.49,1,2025-12-06 08:00:00,2025-12-06 12:00:00,E,Grace St,0,1,0,0
2025-12-06,18,10:00,172,8,11.3,1,1,32.49,1,2025-12-06 08:00:00,2025-12-06 12:00:00,E,Dufferin St,0,2,0,0
2025-12-06,18,10:00,172,8,11.3,1,1,32.49,1,2025-12-06 08:00:00,2025-12-06 12:00:00,E,Gerrard St East at Beaton Ave,0,2,0,0
2025-12-06,18,10:00,172,8,11.3,1,1,32.49,1,2025-12-06 08:00:00,2025-12-06 12:00:00,E,Bathurst St,0,3,0,0
2025-12-06,18,10:00,172,8,11.3,1,1,32.49,1,2025-12-06 08:00:00,2025-12-06 12:00:00,E,Yonge St - College Station,0,2,0,0
2025-12-06,18,10:00,172,8,11.3,1,1,32.49,1,2025-12-06 08:00:00,2025-12-06 12:00:00,E,Dundas St West at Sterling Rd,0,2,0,0
2025-12-06,18,10:00,172,8,11.3,1,1,32.49,1,2025-12-06 08:00:00,2025-12-06 12:00:00,E,Brock Ave,0,2,0,0
2025-12-06,18,10:00,172,8,11.3,1,1,32.49,1,2025-12-06 08:00:00,2025-12-06 12:00:00,E,Sackville St,0,0,0,0
2025-12-06,18,10:00,172,8,11.3,1,1,32.49,1,2025-12-06 08:00:00,2025-12-06 12:00:00,E,Carlaw Ave,0,0,0,0
2025-12-06,18,10:00,172,8,11.3,1,1,32.49,1,2025-12-06 08:00:00,2025-12-06 12:00:00,E,Borden St,0,3,0,0
2025-12-06,18,10:00,172,8,11.3,1,1,32.49,1,2025-12-06 08:00:00,2025-12-06 12:00:00,E,Dundas St West at Sorauren Ave,0,2,0,0
2025-12-06,18,10:00,172,8,11.3,1,1,32.49,1,2025-12-06 08:00:00,2025-12-06 12:00:00,E,Crawford St,0,1,0,0
2025-12-06,18,10:00,172,8,11.3,1,1,32.49,1,2025-12-06 08:00:00,2025-12-06 12:00:00,E,Pape Ave,0,3,0,0
2025-12-06,18,10:00,172,8,11.3,1,1,32.49,1,2025-12-06 08:00:00,2025-12-06 12:00:00,E,Spadina Ave,0,2,0,0
2025-12-06,18,10:00,172,8,11.3,1,1,32.49,1,2025-12-06 08:00:00,2025-12-06 12:00:00,E,River St,0,0,0,0
2025-12-06,18,10:00,172,8,11.3,1,1,32.49,1,2025-12-06 08:00:00,2025-12-06 12:00:00,E,Marjory Ave,0,3,0,0
2025-12-06,18,10:00,172,8,11.3,1,1,32.49,1,2025-12-06 08:00:00,2025-12-06 12:00:00,E,Kingsmount Park Rd,0,2,0,0
2025-12-06,18,10:00,172,8,11.3,1,1,32.49,1,2025-12-06 08:00:00,2025-12-06 12:00:00,E,Church St,0,2,0,0
2025-12-06,18,10:00,172,8,11.3,1,1,32.49,1,2025-12-06 08:00:00,2025-12-06 12:00:00,E,Ossington Ave,1,3,0,0
2025-12-06,18,10:00,172,8,11.3,1,1,32.49,1,2025-12-06 08:00:00,2025-12-06 12:00:00,E,Woodbine Ave,0,2,1,0
2025-12-06,18,10:00,172,8,11.3,1,1,32.49,1,2025-12-06 08:00:00,2025-12-06 12:00:00,E,Jones Ave,0,3,0,0
2025-12-06,18,10:00,172,8,11.3,1,1,32.49,1,2025-12-06 08:00:00,2025-12-06 12:00:00,E,Golfview Ave,0,2,0,0
2025-12-06,18,10:00,172,8,11.3,1,1,32.49,1,2025-12-06 08:00:00,2025-12-06 12:00:00,E,Leslie St,0,2,0,0
2025-12-06,18,10:00,172,8,11.3,1,1,32.49,1,2025-12-06 08:00:00,2025-12-06 12:00:00,E,St Matthews Rd,0,0,0,0
2025-12-06,18,10:00,172,8,11.3,1,1,32.49,1,2025-12-06 08:00:00,2025-12-06 12:00:00,E,Jarvis St,0,1,0,0
2025-12-06,18,10:00,172,8,11.3,1,1,32.49,1,2025-12-06 08:00:00,2025-12-06 12:00:00,E,Sherbourne St,0,1,0,0
2025-12-06,18,10:00,172,8,11.3,1,1,32.49,1,2025-12-06 08:00:00,2025-12-06 12:00:00,E,St George St,0,3,0,0
2025-12-06,18,10:00,172,8,11.3,1,1,32.49,1,2025-12-06 08:00:00,2025-12-06 12:00:00,E,Dovercourt Rd,0,3,0,0
2025-12-06,18,10:00,172,8,11.3,1,1,32.49,1,2025-12-06 08:00:00,2025-12-06 12:00:00,E,Glenmount Park Rd,0,2,0,0
2025-12-06,18,10:00,172,8,11.3,1,1,32.49,1,2025-12-06 08:00:00,2025-12-06 12:00:00,E,Prust Ave,0,2,0,0
2025-12-06,18,10:00,172,8,11.3,1,1,32.49,1,2025-12-06 08:00:00,2025-12-06 12:00:00,E,Main Street Station at Bay 7,0,0,0,0
2025-12-06,18,10:00,172,8,11.3,1,1,32.49,1,2025-12-06 08:00:00,2025-12-06 12:00:00,E,Norwood Rd,0,2,0,0
2025-12-06,18,10:00,172,8,11.3,1,1,32.49,1,2025-12-06 08:00:00,2025-12-06 12:00:00,E,McCaul St,0,3,0,0
2025-12-06,18,10:00,172,8,11.3,1,1,32.49,1,2025-12-06 08:00:00,2025-12-06 12:00:00,E,Broadview Ave,0,3,0,0
2025-12-06,18,10:00,172,8,11.3,1,1,32.49,1,2025-12-06 08:00:00,2025-12-06 12:00:00,E,Ontario St,0,1,0,0
2025-12-06,18,10:00,172,8,11.3,1,1,32.49,1,2025-12-06 08:00:00,2025-12-06 12:00:00,E,Rusholme Park Cres,0,0,0,0
2025-12-06,18,10:00,172,8,11.3,1,1,32.49,1,2025-12-06 08:00:00,2025-12-06 12:00:00,E,Havelock St,0,2,0,0
2025-12-06,18,10:00,172,8,11.3,1,1,32.49,1,2025-12-06 08:00:00,2025-12-06 12:00:00,E,High Park Loop,0,2,0,0
2025-12-06,18,10:00,172,8,11.3,1,1,32.49,1,2025-12-06 08:00:00,2025-12-06 12:00:00,E,Queens Park (Queen's Park Station),0,3,0,0
2025-12-06,18,10:00,172,8,11.3,1,1,32.49,1,2025-12-06 08:00:00,2025-12-06 12:00:00,E,Roncesvalles Ave,0,0,0,0
2025-12-06,18,10:00,172,8,11.3,1,1,32.49,1,2025-12-06 08:00:00,2025-12-06 12:00:00,E,De Grassi St,1,3,0,0
2025-12-06,18,10:00,172,8,11.3,1,1,32.49,1,2025-12-06 08:00:00,2025-12-06 12:00:00,E,Parliament St at Carlton St,0,1,0,0
2025-12-06,18,10:00,172,8,11.3,1,1,32.49,1,2025-12-06 08:00:00,2025-12-06 12:00:00,E,Parkside Dr East Side,0,1,0,0
2025-12-06,18,10:00,172,8,11.3,1,1,32.49,1,2025-12-06 08:00:00,2025-12-06 12:00:00,E,Dundas St West,0,2,0,0
2025-12-06,18,10:00,172,8,11.3,1,1,32.49,1,2025-12-06 08:00:00,2025-12-06 12:00:00,E,Howard Park Ave at Roncesvalles Ave,0,0,0,0
2025-12-06,18,10:00,172,8,11.3,1,1,32.49,1,2025-12-06 08:00:00,2025-12-06 12:00:00,E,Parliament St,0,0,0,0
2025-12-06,18,10:00,172,8,11.3,1,1,32.49,1,2025-12-06 08:00:00,2025-12-06 12:00:00,E,Parliament St at Gerrard St East,0,0,0,0
2025-12-06,18,10:00,172,8,11.3,1,1,32.49,1,2025-12-06 08:00:00,2025-12-06 12:00:00,E,Sumach St,0,0,0,0
2025-12-06,18,10:00,172,8,11.3,1,1,32.49,1,2025-12-06 08:00:00,2025-12-06 12:00:00,E,Blackburn St,0,0,0,0
2025-12-06,18,10:00,172,8,11.3,1,1,32.49,1,2025-12-06 08:00:00,2025-12-06 12:00:00,E,Logan Ave,0,3,0,0
2025-12-06,18,10:00,172,8,11.3,1,1,32.49,1,2025-12-06 08:00:00,2025-12-06 12:00:00,E,Augusta Ave,0,0,0,0
2025-12-06,18,10:00,172,8,11.3,1,1,32.49,1,2025-12-06 08:00:00,2025-12-06 12:00:00,E,Beverley St,0,0,0,0
2025-12-06,18,10:00,172,8,11.3,1,1,32.49,1,2025-12-06 08:00:00,2025-12-06 12:00:00,E,University Ave (Queen's Park Station,0,0,0,0
2025-12-06,18,10:00,172,8,11.3,1,1,32.49,1,2025-12-06 08:00:00,2025-12-06 12:00:00,E,Elizabeth St,0,0,0,0
2025-12-06,18,10:00,172,8,11.3,1,1,32.49,1,2025-12-06 08:00:00,2025-12-06 12:00:00,E,Greenwood Ave,0,0,0,0
2025-12-06,18,10:00,172,8,11.3,1,1,32.49,1,2025-12-06 08:00:00,2025-12-06 12:00:00,E,Alton Ave,0,0,0,0
2025-12-06,18,10:00,172,8,11.3,1,1,32.49,1,2025-12-06 08:00:00,2025-12-06 12:00:00,E,Coxwell Ave,0,0,0,0
2025-12-06,18,10:00,172,8,11.3,1,1,32.49,1,2025-12-06 08:00:00,2025-12-06 12:00:00,E,Gerrard St East  at Coxwell Ave,0,0,0,0
2025-12-06,18,10:00,172,8,11.3,1,1,32.49,1,2025-12-06 08:00:00,2025-12-06 12:00:00,E,Coxwell Ave at Lower Gerrard St East,0,0,0,0
2025-12-06,18,10:00,172,8,11.3,1,1,32.49,1,2025-12-06 08:00:00,2025-12-06 12:00:00,E,Ashdale Ave,0,0,0,0
2025-12-06,18,10:00,172,8,11.3,1,1,32.49,1,2025-12-06 08:00:00,2025-12-06 12:00:00,E,Howard Park Ave at Indian Rd,0,0,0,0
2025-12-06,18,10:00,172,8,11.3,1,1,32.49,1,2025-12-06 08:00:00,2025-12-06 12:00:00,E,Dundas St West at Howard Park Ave,0,0,0,0
2025-12-06,18,10:00,172,8,11.3,1,1,32.49,1,2025-12-06 08:00:00,2025-12-06 12:00:00,E,Main St at Gerrard St East,0,0,0,0
2025-12-06,18,10:00,172,8,11.3,1,1,32.49,1,2025-12-06 08:00:00,2025-12-06 12:00:00,E,Main St,0,0,0,0
2025-12-06,18,10:00,172,8,11.3,1,1,32.49,1,2025-12-06 08:00:00,2025-12-06 12:00:00,E,Main St at Danforth Ave,0,0,0,0
2025-12-06,18,10:00,172,8,11.3,1,1,32.49,1,2025-12-06 08:00:00,2025-12-06 12:00:00,E,Howard Park Ave at Parkside Dr,0,0,0,0
2025-12-06,18,10:00,172,8,11.3,1,1,32.49,1,2025-12-06 08:00:00,2025-12-06 12:00:00,W,Woodfield Rd,2,1,1,0
2025-12-06,18,10:00,172,8,11.3,1,1,32.49,1,2025-12-06 08:00:00,2025-12-06 12:00:00,W,Coxwell Ave at Gerrard St East,3,1,1,0
2025-12-06,18,10:00,172,8,11.3,1,1,32.49,1,2025-12-06 08:00:00,2025-12-06 12:00:00,W,Euclid Ave,0,0,0,0
2025-12-06,18,10:00,172,8,11.3,1,1,32.49,1,2025-12-06 08:00:00,2025-12-06 12:00:00,W,Bowmore Rd,1,1,2,0
2025-12-06,18,10:00,172,8,11.3,1,1,32.49,1,2025-12-06 08:00:00,2025-12-06 12:00:00,W,Bay St,3,1,0,1
2025-12-06,18,10:00,172,8,11.3,1,1,32.49,1,2025-12-06 08:00:00,2025-12-06 12:00:00,W,Lansdowne Ave,0,0,0,0
2025-12-06,18,10:00,172,8,11.3,1,1,32.49,1,2025-12-06 08:00:00,2025-12-06 12:00:00,W,Indian Rd,4,1,0,0
2025-12-06,18,10:00,172,8,11.3,1,1,32.49,1,2025-12-06 08:00:00,2025-12-06 12:00:00,W,Grace St,0,0,0,0
2025-12-06,18,10:00,172,8,11.3,1,1,32.49,1,2025-12-06 08:00:00,2025-12-06 12:00:00,W,Dufferin St,4,2,1,0
2025-12-06,18,10:00,172,8,11.3,1,1,32.49,1,2025-12-06 08:00:00,2025-12-06 12:00:00,W,Gerrard St East at Beaton Ave,1,1,2,0
2025-12-06,18,10:00,172,8,11.3,1,1,32.49,1,2025-12-06 08:00:00,2025-12-06 12:00:00,W,Bathurst St,0,0,0,0
2025-12-06,18,10:00,172,8,11.3,1,1,32.49,1,2025-12-06 08:00:00,2025-12-06 12:00:00,W,Yonge St - College Station,0,0,0,0
2025-12-06,18,10:00,172,8,11.3,1,1,32.49,1,2025-12-06 08:00:00,2025-12-06 12:00:00,W,Dundas St West at Sterling Rd,0,0,0,0
2025-12-06,18,10:00,172,8,11.3,1,1,32.49,1,2025-12-06 08:00:00,2025-12-06 12:00:00,W,Brock Ave,0,0,0,0
2025-12-06,18,10:00,172,8,11.3,1,1,32.49,1,2025-12-06 08:00:00,2025-12-06 12:00:00,W,Sackville St,0,0,0,0
2025-12-06,18,10:00,172,8,11.3,1,1,32.49,1,2025-12-06 08:00:00,2025-12-06 12:00:00,W,Carlaw Ave,0,0,0,0
2025-12-06,18,10:00,172,8,11.3,1,1,32.49,1,2025-12-06 08:00:00,2025-12-06 12:00:00,W,Borden St,0,0,0,0
2025-12-06,18,10:00,172,8,11.3,1,1,32.49,1,2025-12-06 08:00:00,2025-12-06 12:00:00,W,Dundas St West at Sorauren Ave,4,1,0,0
2025-12-06,18,10:00,172,8,11.3,1,1,32.49,1,2025-12-06 08:00:00,2025-12-06 12:00:00,W,Crawford St,0,0,0,0
2025-12-06,18,10:00,172,8,11.3,1,1,32.49,1,2025-12-06 08:00:00,2025-12-06 12:00:00,W,Pape Ave,0,0,0,0
2025-12-06,18,10:00,172,8,11.3,1,1,32.49,1,2025-12-06 08:00:00,2025-12-06 12:00:00,W,Spadina Ave,3,2,1,0
2025-12-06,18,10:00,172,8,11.3,1,1,32.49,1,2025-12-06 08:00:00,2025-12-06 12:00:00,W,River St,0,0,0,0
2025-12-06,18,10:00,172,8,11.3,1,1,32.49,1,2025-12-06 08:00:00,2025-12-06 12:00:00,W,Marjory Ave,0,0,0,0
2025-12-06,18,10:00,172,8,11.3,1,1,32.49,1,2025-12-06 08:00:00,2025-12-06 12:00:00,W,Kingsmount Park Rd,0,0,0,0
2025-12-06,18,10:00,172,8,11.3,1,1,32.49,1,2025-12-06 08:00:00,2025-12-06 12:00:00,W,Church St,0,0,0,0
2025-12-06,18,10:00,172,8,11.3,1,1,32.49,1,2025-12-06 08:00:00,2025-12-06 12:00:00,W,Ossington Ave,0,0,0,0
2025-12-06,18,10:00,172,8,11.3,1,1,32.49,1,2025-12-06 08:00:00,2025-12-06 12:00:00,W,Woodbine Ave,0,0,0,0
2025-12-06,18,10:00,172,8,11.3,1,1,32.49,1,2025-12-06 08:00:00,2025-12-06 12:00:00,W,Jones Ave,0,0,0,0
2025-12-06,18,10:00,172,8,11.3,1,1,32.49,1,2025-12-06 08:00:00,2025-12-06 12:00:00,W,Golfview Ave,0,0,0,0
2025-12-06,18,10:00,172,8,11.3,1,1,32.49,1,2025-12-06 08:00:00,2025-12-06 12:00:00,W,Leslie St,0,0,0,0
2025-12-06,18,10:00,172,8,11.3,1,1,32.49,1,2025-12-06 08:00:00,2025-12-06 12:00:00,W,St Matthews Rd,0,0,0,0
2025-12-06,18,10:00,172,8,11.3,1,1,32.49,1,2025-12-06 08:00:00,2025-12-06 12:00:00,W,Jarvis St,0,0,0,0
2025-12-06,18,10:00,172,8,11.3,1,1,32.49,1,2025-12-06 08:00:00,2025-12-06 12:00:00,W,Sherbourne St,0,0,0,0
2025-12-06,18,10:00,172,8,11.3,1,1,32.49,1,2025-12-06 08:00:00,2025-12-06 12:00:00,W,St George St,0,0,0,0
2025-12-06,18,10:00,172,8,11.3,1,1,32.49,1,2025-12-06 08:00:00,2025-12-06 12:00:00,W,Dovercourt Rd,0,0,0,0
2025-12-06,18,10:00,172,8,11.3,1,1,32.49,1,2025-12-06 08:00:00,2025-12-06 12:00:00,W,Glenmount Park Rd,0,0,0,0
2025-12-06,18,10:00,172,8,11.3,1,1,32.49,1,2025-12-06 08:00:00,2025-12-06 12:00:00,W,Prust Ave,0,0,0,0
2025-12-06,18,10:00,172,8,11.3,1,1,32.49,1,2025-12-06 08:00:00,2025-12-06 12:00:00,W,Main Street Station at Bay 7,1,1,2,0
2025-12-06,18,10:00,172,8,11.3,1,1,32.49,1,2025-12-06 08:00:00,2025-12-06 12:00:00,W,Norwood Rd,0,0,0,0
2025-12-06,18,10:00,172,8,11.3,1,1,32.49,1,2025-12-06 08:00:00,2025-12-06 12:00:00,W,McCaul St,0,0,0,0
2025-12-06,18,10:00,172,8,11.3,1,1,32.49,1,2025-12-06 08:00:00,2025-12-06 12:00:00,W,Broadview Ave,0,0,0,0
2025-12-06,18,10:00,172,8,11.3,1,1,32.49,1,2025-12-06 08:00:00,2025-12-06 12:00:00,W,Ontario St,0,0,0,0
2025-12-06,18,10:00,172,8,11.3,1,1,32.49,1,2025-12-06 08:00:00,2025-12-06 12:00:00,W,Rusholme Park Cres,0,0,0,0
2025-12-06,18,10:00,172,8,11.3,1,1,32.49,1,2025-12-06 08:00:00,2025-12-06 12:00:00,W,Havelock St,0,0,0,0
2025-12-06,18,10:00,172,8,11.3,1,1,32.49,1,2025-12-06 08:00:00,2025-12-06 12:00:00,W,High Park Loop,0,0,0,0
2025-12-06,18,10:00,172,8,11.3,1,1,32.49,1,2025-12-06 08:00:00,2025-12-06 12:00:00,W,Queens Park (Queen's Park Station),0,0,0,0
2025-12-06,18,10:00,172,8,11.3,1,1,32.49,1,2025-12-06 08:00:00,2025-12-06 12:00:00,W,Roncesvalles Ave,4,1,0,0
2025-12-06,18,10:00,172,8,11.3,1,1,32.49,1,2025-12-06 08:00:00,2025-12-06 12:00:00,W,De Grassi St,0,0,0,0
2025-12-06,18,10:00,172,8,11.3,1,1,32.49,1,2025-12-06 08:00:00,2025-12-06 12:00:00,W,Parliament St at Carlton St,0,0,0,0
2025-12-06,18,10:00,172,8,11.3,1,1,32.49,1,2025-12-06 08:00:00,2025-12-06 12:00:00,W,Parkside Dr East Side,0,0,0,0
2025-12-06,18,10:00,172,8,11.3,1,1,32.49,1,2025-12-06 08:00:00,2025-12-06 12:00:00,W,Dundas St West,4,1,0,0
2025-12-06,18,10:00,172,8,11.3,1,1,32.49,1,2025-12-06 08:00:00,2025-12-06 12:00:00,W,Howard Park Ave at Roncesvalles Ave,0,0,0,0
2025-12-06,18,10:00,172,8,11.3,1,1,32.49,1,2025-12-06 08:00:00,2025-12-06 12:00:00,W,Parliament St,0,0,0,0
2025-12-06,18,10:00,172,8,11.3,1,1,32.49,1,2025-12-06 08:00:00,2025-12-06 12:00:00,W,Parliament St at Gerrard St East,0,0,0,0
2025-12-06,18,10:00,172,8,11.3,1,1,32.49,1,2025-12-06 08:00:00,2025-12-06 12:00:00,W,Sumach St,0,0,0,0
2025-12-06,18,10:00,172,8,11.3,1,1,32.49,1,2025-12-06 08:00:00,2025-12-06 12:00:00,W,Blackburn St,0,0,0,0
2025-12-06,18,10:00,172,8,11.3,1,1,32.49,1,2025-12-06 08:00:00,2025-12-06 12:00:00,W,Logan Ave,0,0,0,0
2025-12-06,18,10:00,172,8,11.3,1,1,32.49,1,2025-12-06 08:00:00,2025-12-06 12:00:00,W,Augusta Ave,0,0,0,0
2025-12-06,18,10:00,172,8,11.3,1,1,32.49,1,2025-12-06 08:00:00,2025-12-06 12:00:00,W,Beverley St,0,0,0,0
2025-12-06,18,10:00,172,8,11.3,1,1,32.49,1,2025-12-06 08:00:00,2025-12-06 12:00:00,W,University Ave (Queen's Park Station,0,0,0,0
2025-12-06,18,10:00,172,8,11.3,1,1,32.49,1,2025-12-06 08:00:00,2025-12-06 12:00:00,W,Elizabeth St,0,0,0,0
2025-12-06,18,10:00,172,8,11.3,1,1,32.49,1,2025-12-06 08:00:00,2025-12-06 12:00:00,W,Greenwood Ave,0,0,0,0
2025-12-06,18,10:00,172,8,11.3,1,1,32.49,1,2025-12-06 08:00:00,2025-12-06 12:00:00,W,Alton Ave,0,0,0,0
2025-12-06,18,10:00,172,8,11.3,1,1,32.49,1,2025-12-06 08:00:00,2025-12-06 12:00:00,W,Coxwell Ave,0,0,0,0
2025-12-06,18,10:00,172,8,11.3,1,1,32.49,1,2025-12-06 08:00:00,2025-12-06 12:00:00,W,Gerrard St East  at Coxwell Ave,0,0,0,0
2025-12-06,18,10:00,172,8,11.3,1,1,32.49,1,2025-12-06 08:00:00,2025-12-06 12:00:00,W,Coxwell Ave at Lower Gerrard St East,0,0,0,0
2025-12-06,18,10:00,172,8,11.3,1,1,32.49,1,2025-12-06 08:00:00,2025-12-06 12:00:00,W,Ashdale Ave,0,0,0,0
2025-12-06,18,10:00,172,8,11.3,1,1,32.49,1,2025-12-06 08:00:00,2025-12-06 12:00:00,W,Howard Park Ave at Indian Rd,0,0,0,0
2025-12-06,18,10:00,172,8,11.3,1,1,32.49,1,2025-12-06 08:00:00,2025-12-06 12:00:00,W,Dundas St West at Howard Park Ave,0,0,0,0
2025-12-06,18,10:00,172,8,11.3,1,1,32.49,1,2025-12-06 08:00:00,2025-12-06 12:00:00,W,Main St at Gerrard St East,0,0,0,0
2025-12-06,18,10:00,172,8,11.3,1,1,32.49,1,2025-12-06 08:00:00,2025-12-06 12:00:00,W,Main St,0,0,0,0
2025-12-06,18,10:00,172,8,11.3,1,1,32.49,1,2025-12-06 08:00:00,2025-12-06 12:00:00,W,Main St at Danforth Ave,0,0,0,0
2025-12-06,18,10:00,172,8,11.3,1,1,32.49,1,2025-12-06 08:00:00,2025-12-06 12:00:00,W,Howard Park Ave at Parkside Dr,0,0,0,0
2025-12-13,18,10:00,172,8,11.3,1,1,32.49,1,2025-12-13 08:00:00,2025-12-13 12:00:00,E,Woodfield Rd,1,1,1,0
2025-12-13,18,10:00,172,8,11.3,1,1,32.49,1,2025-12-13 08:00:00,2025-12-13 12:00:00,E,Coxwell Ave at Gerrard St East,0,0,0,0
2025-12-13,18,10:00,172,8,11.3,1,1,32.49,1,2025-12-13 08:00:00,2025-12-13 12:00:00,E,Euclid Ave,0,0,0,0
2025-12-13,18,10:00,172,8,11.3,1,1,32.49,1,2025-12-13 08:00:00,2025-12-13 12:00:00,E,Bowmore Rd,3,2,1,0
2025-12-13,18,10:00,172,8,11.3,1,1,32.49,1,2025-12-13 08:00:00,2025-12-13 12:00:00,E,Bay St,1,1,0,0
2025-12-13,18,10:00,172,8,11.3,1,1,32.49,1,2025-12-13 08:00:00,2025-12-13 12:00:00,E,Lansdowne Ave,3,1,1,0
2025-12-13,18,10:00,172,8,11.3,1,1,32.49,1,2025-12-13 08:00:00,2025-12-13 12:00:00,E,Indian Rd,0,1,2,0
2025-12-13,18,10:00,172,8,11.3,1,1,32.49,1,2025-12-13 08:00:00,2025-12-13 12:00:00,E,Grace St,0,0,0,0
2025-12-13,18,10:00,172,8,11.3,1,1,32.49,1,2025-12-13 08:00:00,2025-12-13 12:00:00,E,Dufferin St,1,2,0,0
2025-12-13,18,10:00,172,8,11.3,1,1,32.49,1,2025-12-13 08:00:00,2025-12-13 12:00:00,E,Gerrard St East at Beaton Ave,3,2,2,0
2025-12-13,18,10:00,172,8,11.3,1,1,32.49,1,2025-12-13 08:00:00,2025-12-13 12:00:00,E,Bathurst St,0,1,1,0
2025-12-13,18,10:00,172,8,11.3,1,1,32.49,1,2025-12-13 08:00:00,2025-12-13 12:00:00,E,Yonge St - College Station,0,1,1,0
2025-12-13,18,10:00,172,8,11.3,1,1,32.49,1,2025-12-13 08:00:00,2025-12-13 12:00:00,E,Dundas St West at Sterling Rd,0,0,0,0
2025-12-13,18,10:00,172,8,11.3,1,1,32.49,1,2025-12-13 08:00:00,2025-12-13 12:00:00,E,Brock Ave,1,2,1,0
2025-12-13,18,10:00,172,8,11.3,1,1,32.49,1,2025-12-13 08:00:00,2025-12-13 12:00:00,E,Sackville St,0,0,0,0
2025-12-13,18,10:00,172,8,11.3,1,1,32.49,1,2025-12-13 08:00:00,2025-12-13 12:00:00,E,Carlaw Ave,0,0,0,0
2025-12-13,18,10:00,172,8,11.3,1,1,32.49,1,2025-12-13 08:00:00,2025-12-13 12:00:00,E,Borden St,0,1,1,0
2025-12-13,18,10:00,172,8,11.3,1,1,32.49,1,2025-12-13 08:00:00,2025-12-13 12:00:00,E,Dundas St West at Sorauren Ave,0,1,0,0
2025-12-13,18,10:00,172,8,11.3,1,1,32.49,1,2025-12-13 08:00:00,2025-12-13 12:00:00,E,Crawford St,0,1,0,0
2025-12-13,18,10:00,172,8,11.3,1,1,32.49,1,2025-12-13 08:00:00,2025-12-13 12:00:00,E,Pape Ave,1,1,1,0
2025-12-13,18,10:00,172,8,11.3,1,1,32.49,1,2025-12-13 08:00:00,2025-12-13 12:00:00,E,Spadina Ave,0,1,1,0
2025-12-13,18,10:00,172,8,11.3,1,1,32.49,1,2025-12-13 08:00:00,2025-12-13 12:00:00,E,River St,0,0,0,0
2025-12-13,18,10:00,172,8,11.3,1,1,32.49,1,2025-12-13 08:00:00,2025-12-13 12:00:00,E,Marjory Ave,1,1,1,0
2025-12-13,18,10:00,172,8,11.3,1,1,32.49,1,2025-12-13 08:00:00,2025-12-13 12:00:00,E,Kingsmount Park Rd,3,2,1,0
2025-12-13,18,10:00,172,8,11.3,1,1,32.49,1,2025-12-13 08:00:00,2025-12-13 12:00:00,E,Church St,0,1,1,0
2025-12-13,18,10:00,172,8,11.3,1,1,32.49,1,2025-12-13 08:00:00,2025-12-13 12:00:00,E,Ossington Ave,0,1,1,0
2025-12-13,18,10:00,172,8,11.3,1,1,32.49,1,2025-12-13 08:00:00,2025-12-13 12:00:00,E,Woodbine Ave,2,2,1,0
2025-12-13,18,10:00,172,8,11.3,1,1,32.49,1,2025-12-13 08:00:00,2025-12-13 12:00:00,E,Jones Ave,0,1,1,0
2025-12-13,18,10:00,172,8,11.3,1,1,32.49,1,2025-12-13 08:00:00,2025-12-13 12:00:00,E,Golfview Ave,2,2,1,0
2025-12-13,18,10:00,172,8,11.3,1,1,32.49,1,2025-12-13 08:00:00,2025-12-13 12:00:00,E,Leslie St,2,1,1,0
2025-12-13,18,10:00,172,8,11.3,1,1,32.49,1,2025-12-13 08:00:00,2025-12-13 12:00:00,E,St Matthews Rd,0,0,0,0
2025-12-13,18,10:00,172,8,11.3,1,1,32.49,1,2025-12-13 08:00:00,2025-12-13 12:00:00,E,Jarvis St,0,0,0,0
2025-12-13,18,10:00,172,8,11.3,1,1,32.49,1,2025-12-13 08:00:00,2025-12-13 12:00:00,E,Sherbourne St,0,0,0,0
2025-12-13,18,10:00,172,8,11.3,1,1,32.49,1,2025-12-13 08:00:00,2025-12-13 12:00:00,E,St George St,0,1,1,0
2025-12-13,18,10:00,172,8,11.3,1,1,32.49,1,2025-12-13 08:00:00,2025-12-13 12:00:00,E,Dovercourt Rd,0,2,0,0
2025-12-13,18,10:00,172,8,11.3,1,1,32.49,1,2025-12-13 08:00:00,2025-12-13 12:00:00,E,Glenmount Park Rd,2,1,1,0
2025-12-13,18,10:00,172,8,11.3,1,1,32.49,1,2025-12-13 08:00:00,2025-12-13 12:00:00,E,Prust Ave,2,1,1,0
2025-12-13,18,10:00,172,8,11.3,1,1,32.49,1,2025-12-13 08:00:00,2025-12-13 12:00:00,E,Main Street Station at Bay 7,0,0,0,0
2025-12-13,18,10:00,172,8,11.3,1,1,32.49,1,2025-12-13 08:00:00,2025-12-13 12:00:00,E,Norwood Rd,2,1,1,0
2025-12-13,18,10:00,172,8,11.3,1,1,32.49,1,2025-12-13 08:00:00,2025-12-13 12:00:00,E,McCaul St,0,1,1,0
2025-12-13,18,10:00,172,8,11.3,1,1,32.49,1,2025-12-13 08:00:00,2025-12-13 12:00:00,E,Broadview Ave,0,1,0,0
2025-12-13,18,10:00,172,8,11.3,1,1,32.49,1,2025-12-13 08:00:00,2025-12-13 12:00:00,E,Ontario St,0,0,0,0
2025-12-13,18,10:00,172,8,11.3,1,1,32.49,1,2025-12-13 08:00:00,2025-12-13 12:00:00,E,Rusholme Park Cres,0,0,0,0
2025-12-13,18,10:00,172,8,11.3,1,1,32.49,1,2025-12-13 08:00:00,2025-12-13 12:00:00,E,Havelock St,1,1,1,0
2025-12-13,18,10:00,172,8,11.3,1,1,32.49,1,2025-12-13 08:00:00,2025-12-13 12:00:00,E,High Park Loop,1,2,6,0
2025-12-13,18,10:00,172,8,11.3,1,1,32.49,1,2025-12-13 08:00:00,2025-12-13 12:00:00,E,Queens Park (Queen's Park Station),0,1,1,0
2025-12-13,18,10:00,172,8,11.3,1,1,32.49,1,2025-12-13 08:00:00,2025-12-13 12:00:00,E,Roncesvalles Ave,0,0,0,0
2025-12-13,18,10:00,172,8,11.3,1,1,32.49,1,2025-12-13 08:00:00,2025-12-13 12:00:00,E,De Grassi St,0,1,0,0
2025-12-13,18,10:00,172,8,11.3,1,1,32.49,1,2025-12-13 08:00:00,2025-12-13 12:00:00,E,Parliament St at Carlton St,0,0,0,0
2025-12-13,18,10:00,172,8,11.3,1,1,32.49,1,2025-12-13 08:00:00,2025-12-13 12:00:00,E,Parkside Dr East Side,0,1,3,0
2025-12-13,18,10:00,172,8,11.3,1,1,32.49,1,2025-12-13 08:00:00,2025-12-13 12:00:00,E,Dundas St West,0,0,0,0
2025-12-13,18,10:00,172,8,11.3,1,1,32.49,1,2025-12-13 08:00:00,2025-12-13 12:00:00,E,Howard Park Ave at Roncesvalles Ave,0,0,0,0
2025-12-13,18,10:00,172,8,11.3,1,1,32.49,1,2025-12-13 08:00:00,2025-12-13 12:00:00,E,Parliament St,0,0,0,0
2025-12-13,18,10:00,172,8,11.3,1,1,32.49,1,2025-12-13 08:00:00,2025-12-13 12:00:00,E,Parliament St at Gerrard St East,0,0,0,0
2025-12-13,18,10:00,172,8,11.3,1,1,32.49,1,2025-12-13 08:00:00,2025-12-13 12:00:00,E,Sumach St,0,0,0,0
2025-12-13,18,10:00,172,8,11.3,1,1,32.49,1,2025-12-13 08:00:00,2025-12-13 12:00:00,E,Blackburn St,0,0,0,0
2025-12-13,18,10:00,172,8,11.3,1,1,32.49,1,2025-12-13 08:00:00,2025-12-13 12:00:00,E,Logan Ave,0,1,1,0
2025-12-13,18,10:00,172,8,11.3,1,1,32.49,1,2025-12-13 08:00:00,2025-12-13 12:00:00,E,Augusta Ave,0,0,0,0
2025-12-13,18,10:00,172,8,11.3,1,1,32.49,1,2025-12-13 08:00:00,2025-12-13 12:00:00,E,Beverley St,0,0,0,0
2025-12-13,18,10:00,172,8,11.3,1,1,32.49,1,2025-12-13 08:00:00,2025-12-13 12:00:00,E,University Ave (Queen's Park Station,0,0,0,0
2025-12-13,18,10:00,172,8,11.3,1,1,32.49,1,2025-12-13 08:00:00,2025-12-13 12:00:00,E,Elizabeth St,0,0,0,0
2025-12-13,18,10:00,172,8,11.3,1,1,32.49,1,2025-12-13 08:00:00,2025-12-13 12:00:00,E,Greenwood Ave,0,0,0,0
2025-12-13,18,10:00,172,8,11.3,1,1,32.49,1,2025-12-13 08:00:00,2025-12-13 12:00:00,E,Alton Ave,0,0,0,0
2025-12-13,18,10:00,172,8,11.3,1,1,32.49,1,2025-12-13 08:00:00,2025-12-13 12:00:00,E,Coxwell Ave,0,0,0,0
2025-12-13,18,10:00,172,8,11.3,1,1,32.49,1,2025-12-13 08:00:00,2025-12-13 12:00:00,E,Gerrard St East  at Coxwell Ave,0,0,0,0
2025-12-13,18,10:00,172,8,11.3,1,1,32.49,1,2025-12-13 08:00:00,2025-12-13 12:00:00,E,Coxwell Ave at Lower Gerrard St East,0,0,0,0
2025-12-13,18,10:00,172,8,11.3,1,1,32.49,1,2025-12-13 08:00:00,2025-12-13 12:00:00,E,Ashdale Ave,0,0,0,0
2025-12-13,18,10:00,172,8,11.3,1,1,32.49,1,2025-12-13 08:00:00,2025-12-13 12:00:00,E,Howard Park Ave at Indian Rd,0,0,0,0
2025-12-13,18,10:00,172,8,11.3,1,1,32.49,1,2025-12-13 08:00:00,2025-12-13 12:00:00,E,Dundas St West at Howard Park Ave,0,0,0,0
2025-12-13,18,10:00,172,8,11.3,1,1,32.49,1,2025-12-13 08:00:00,2025-12-13 12:00:00,E,Main St at Gerrard St East,0,0,0,0
2025-12-13,18,10:00,172,8,11.3,1,1,32.49,1,2025-12-13 08:00:00,2025-12-13 12:00:00,E,Main St,0,0,0,0
2025-12-13,18,10:00,172,8,11.3,1,1,32.49,1,2025-12-13 08:00:00,2025-12-13 12:00:00,E,Main St at Danforth Ave,0,0,0,0
2025-12-13,18,10:00,172,8,11.3,1,1,32.49,1,2025-12-13 08:00:00,2025-12-13 12:00:00,E,Howard Park Ave at Parkside Dr,0,0,0,0
2025-12-13,18,10:00,172,8,11.3,1,1,32.49,1,2025-12-13 08:00:00,2025-12-13 12:00:00,W,Woodfield Rd,3,2,2,0
2025-12-13,18,10:00,172,8,11.3,1,1,32.49,1,2025-12-13 08:00:00,2025-12-13 12:00:00,W,Coxwell Ave at Gerrard St East,1,2,2,0
2025-12-13,18,10:00,172,8,11.3,1,1,32.49,1,2025-12-13 08:00:00,2025-12-13 12:00:00,W,Euclid Ave,0,0,0,0
2025-12-13,18,10:00,172,8,11.3,1,1,32.49,1,2025-12-13 08:00:00,2025-12-13 12:00:00,W,Bowmore Rd,1,1,1,0
2025-12-13,18,10:00,172,8,11.3,1,1,32.49,1,2025-12-13 08:00:00,2025-12-13 12:00:00,W,Bay St,3,1,2,0
2025-12-13,18,10:00,172,8,11.3,1,1,32.49,1,2025-12-13 08:00:00,2025-12-13 12:00:00,W,Lansdowne Ave,0,0,0,0
2025-12-13,18,10:00,172,8,11.3,1,1,32.49,1,2025-12-13 08:00:00,2025-12-13 12:00:00,W,Indian Rd,1,2,2,0
2025-12-13,18,10:00,172,8,11.3,1,1,32.49,1,2025-12-13 08:00:00,2025-12-13 12:00:00,W,Grace St,0,0,0,0
2025-12-13,18,10:00,172,8,11.3,1,1,32.49,1,2025-12-13 08:00:00,2025-12-13 12:00:00,W,Dufferin St,2,1,2,0
2025-12-13,18,10:00,172,8,11.3,1,1,32.49,1,2025-12-13 08:00:00,2025-12-13 12:00:00,W,Gerrard St East at Beaton Ave,2,1,2,0
2025-12-13,18,10:00,172,8,11.3,1,1,32.49,1,2025-12-13 08:00:00,2025-12-13 12:00:00,W,Bathurst St,0,0,0,0
2025-12-13,18,10:00,172,8,11.3,1,1,32.49,1,2025-12-13 08:00:00,2025-12-13 12:00:00,W,Yonge St - College Station,0,0,0,0
2025-12-13,18,10:00,172,8,11.3,1,1,32.49,1,2025-12-13 08:00:00,2025-12-13 12:00:00,W,Dundas St West at Sterling Rd,0,0,0,0
2025-12-13,18,10:00,172,8,11.3,1,1,32.49,1,2025-12-13 08:00:00,2025-12-13 12:00:00,W,Brock Ave,0,0,0,0
2025-12-13,18,10:00,172,8,11.3,1,1,32.49,1,2025-12-13 08:00:00,2025-12-13 12:00:00,W,Sackville St,0,0,0,0
2025-12-13,18,10:00,172,8,11.3,1,1,32.49,1,2025-12-13 08:00:00,2025-12-13 12:00:00,W,Carlaw Ave,0,0,0,0
2025-12-13,18,10:00,172,8,11.3,1,1,32.49,1,2025-12-13 08:00:00,2025-12-13 12:00:00,W,Borden St,0,0,0,0
2025-12-13,18,10:00,172,8,11.3,1,1,32.49,1,2025-12-13 08:00:00,2025-12-13 12:00:00,W,Dundas St West at Sorauren Ave,0,2,2,0
2025-12-13,18,10:00,172,8,11.3,1,1,32.49,1,2025-12-13 08:00:00,2025-12-13 12:00:00,W,Crawford St,0,0,0,0
2025-12-13,18,10:00,172,8,11.3,1,1,32.49,1,2025-12-13 08:00:00,2025-12-13 12:00:00,W,Pape Ave,0,0,0,0
2025-12-13,18,10:00,172,8,11.3,1,1,32.49,1,2025-12-13 08:00:00,2025-12-13 12:00:00,W,Spadina Ave,2,2,1,0
2025-12-13,18,10:00,172,8,11.3,1,1,32.49,1,2025-12-13 08:00:00,2025-12-13 12:00:00,W,River St,0,0,0,0
2025-12-13,18,10:00,172,8,11.3,1,1,32.49,1,2025-12-13 08:00:00,2025-12-13 12:00:00,W,Marjory Ave,0,0,0,0
2025-12-13,18,10:00,172,8,11.3,1,1,32.49,1,2025-12-13 08:00:00,2025-12-13 12:00:00,W,Kingsmount Park Rd,0,0,0,0
2025-12-13,18,10:00,172,8,11.3,1,1,32.49,1,2025-12-13 08:00:00,2025-12-13 12:00:00,W,Church St,0,0,0,0
2025-12-13,18,10:00,172,8,11.3,1,1,32.49,1,2025-12-13 08:00:00,2025-12-13 12:00:00,W,Ossington Ave,0,0,0,0
2025-12-13,18,10:00,172,8,11.3,1,1,32.49,1,2025-12-13 08:00:00,2025-12-13 12:00:00,W,Woodbine Ave,0,0,0,0
2025-12-13,18,10:00,172,8,11.3,1,1,32.49,1,2025-12-13 08:00:00,2025-12-13 12:00:00,W,Jones Ave,0,0,0,0
2025-12-13,18,10:00,172,8,11.3,1,1,32.49,1,2025-12-13 08:00:00,2025-12-13 12:00:00,W,Golfview Ave,0,0,0,0
2025-12-13,18,10:00,172,8,11.3,1,1,32.49,1,2025-12-13 08:00:00,2025-12-13 12:00:00,W,Leslie St,0,0,0,0
2025-12-13,18,10:00,172,8,11.3,1,1,32.49,1,2025-12-13 08:00:00,2025-12-13 12:00:00,W,St Matthews Rd,0,0,0,0
2025-12-13,18,10:00,172,8,11.3,1,1,32.49,1,2025-12-13 08:00:00,2025-12-13 12:00:00,W,Jarvis St,0,0,0,0
2025-12-13,18,10:00,172,8,11.3,1,1,32.49,1,2025-12-13 08:00:00,2025-12-13 12:00:00,W,Sherbourne St,0,0,0,0
2025-12-13,18,10:00,172,8,11.3,1,1,32.49,1,2025-12-13 08:00:00,2025-12-13 12:00:00,W,St George St,0,0,0,0
2025-12-13,18,10:00,172,8,11.3,1,1,32.49,1,2025-12-13 08:00:00,2025-12-13 12:00:00,W,Dovercourt Rd,0,0,0,0
2025-12-13,18,10:00,172,8,11.3,1,1,32.49,1,2025-12-13 08:00:00,2025-12-13 12:00:00,W,Glenmount Park Rd,0,0,0,0
2025-12-13,18,10:00,172,8,11.3,1,1,32.49,1,2025-12-13 08:00:00,2025-12-13 12:00:00,W,Prust Ave,0,0,0,0
2025-12-13,18,10:00,172,8,11.3,1,1,32.49,1,2025-12-13 08:00:00,2025-12-13 12:00:00,W,Main Street Station at Bay 7,0,1,2,0
2025-12-13,18,10:00,172,8,11.3,1,1,32.49,1,2025-12-13 08:00:00,2025-12-13 12:00:00,W,Norwood Rd,0,0,0,0
2025-12-13,18,10:00,172,8,11.3,1,1,32.49,1,2025-12-13 08:00:00,2025-12-13 12:00:00,W,McCaul St,0,0,0,0
2025-12-13,18,10:00,172,8,11.3,1,1,32.49,1,2025-12-13 08:00:00,2025-12-13 12:00:00,W,Broadview Ave,0,0,0,0
2025-12-13,18,10:00,172,8,11.3,1,1,32.49,1,2025-12-13 08:00:00,2025-12-13 12:00:00,W,Ontario St,0,0,0,0
2025-12-13,18,10:00,172,8,11.3,1,1,32.49,1,2025-12-13 08:00:00,2025-12-13 12:00:00,W,Rusholme Park Cres,0,0,0,0
2025-12-13,18,10:00,172,8,11.3,1,1,32.49,1,2025-12-13 08:00:00,2025-12-13 12:00:00,W,Havelock St,0,0,0,0
2025-12-13,18,10:00,172,8,11.3,1,1,32.49,1,2025-12-13 08:00:00,2025-12-13 12:00:00,W,High Park Loop,0,0,0,0
2025-12-13,18,10:00,172,8,11.3,1,1,32.49,1,2025-12-13 08:00:00,2025-12-13 12:00:00,W,Queens Park (Queen's Park Station),0,0,0,0
2025-12-13,18,10:00,172,8,11.3,1,1,32.49,1,2025-12-13 08:00:00,2025-12-13 12:00:00,W,Roncesvalles Ave,1,2,2,0
2025-12-13,18,10:00,172,8,11.3,1,1,32.49,1,2025-12-13 08:00:00,2025-12-13 12:00:00,W,De Grassi St,0,0,0,0
2025-12-13,18,10:00,172,8,11.3,1,1,32.49,1,2025-12-13 08:00:00,2025-12-13 12:00:00,W,Parliament St at Carlton St,0,0,0,0
2025-12-13,18,10:00,172,8,11.3,1,1,32.49,1,2025-12-13 08:00:00,2025-12-13 12:00:00,W,Parkside Dr East Side,0,0,0,0
2025-12-13,18,10:00,172,8,11.3,1,1,32.49,1,2025-12-13 08:00:00,2025-12-13 12:00:00,W,Dundas St West,1,2,2,0
2025-12-13,18,10:00,172,8,11.3,1,1,32.49,1,2025-12-13 08:00:00,2025-12-13 12:00:00,W,Howard Park Ave at Roncesvalles Ave,0,0,0,0
2025-12-13,18,10:00,172,8,11.3,1,1,32.49,1,2025-12-13 08:00:00,2025-12-13 12:00:00,W,Parliament St,0,0,0,0
2025-12-13,18,10:00,172,8,11.3,1,1,32.49,1,2025-12-13 08:00:00,2025-12-13 12:00:00,W,Parliament St at Gerrard St East,0,0,0,0
2025-12-13,18,10:00,172,8,11.3,1,1,32.49,1,2025-12-13 08:00:00,2025-12-13 12:00:00,W,Sumach St,0,0,0,0
2025-12-13,18,10:00,172,8,11.3,1,1,32.49,1,2025-12-13 08:00:00,2025-12-13 12:00:00,W,Blackburn St,0,0,0,0
2025-12-13,18,10:00,172,8,11.3,1,1,32.49,1,2025-12-13 08:00:00,2025-12-13 12:00:00,W,Logan Ave,0,0,0,0
2025-12-13,18,10:00,172,8,11.3,1,1,32.49,1,2025-12-13 08:00:00,2025-12-13 12:00:00,W,Augusta Ave,0,0,0,0
2025-12-13,18,10:00,172,8,11.3,1,1,32.49,1,2025-12-13 08:00:00,2025-12-13 12:00:00,W,Beverley St,0,0,0,0
2025-12-13,18,10:00,172,8,11.3,1,1,32.49,1,2025-12-13 08:00:00,2025-12-13 12:00:00,W,University Ave (Queen's Park Station,0,0,0,0
2025-12-13,18,10:00,172,8,11.3,1,1,32.49,1,2025-12-13 08:00:00,2025-12-13 12:00:00,W,Elizabeth St,0,0,0,0
2025-12-13,18,10:00,172,8,11.3,1,1,32.49,1,2025-12-13 08:00:00,2025-12-13 12:00:00,W,Greenwood Ave,0,0,0,0
2025-12-13,18,10:00,172,8,11.3,1,1,32.49,1,2025-12-13 08:00:00,2025-12-13 12:00:00,W,Alton Ave,0,0,0,0
2025-12-13,18,10:00,172,8,11.3,1,1,32.49,1,2025-12-13 08:00:00,2025-12-13 12:00:00,W,Coxwell Ave,0,0,0,0
2025-12-13,18,10:00,172,8,11.3,1,1,32.49,1,2025-12-13 08:00:00,2025-12-13 12:00:00,W,Gerrard St East  at Coxwell Ave,0,0,0,0
2025-12-13,18,10:00,172,8,11.3,1,1,32.49,1,2025-12-13 08:00:00,2025-12-13 12:00:00,W,Coxwell Ave at Lower Gerrard St East,0,0,0,0
2025-12-13,18,10:00,172,8,11.3,1,1,32.49,1,2025-12-13 08:00:00,2025-12-13 12:00:00,W,Ashdale Ave,0,0,0,0
2025-12-13,18,10:00,172,8,11.3,1,1,32.49,1,2025-12-13 08:00:00,2025-12-13 12:00:00,W,Howard Park Ave at Indian Rd,0,0,0,0
2025-12-13,18,10:00,172,8,11.3,1,1,32.49,1,2025-12-13 08:00:00,2025-12-13 12:00:00,W,Dundas St West at Howard Park Ave,0,0,0,0
2025-12-13,18,10:00,172,8,11.3,1,1,32.49,1,2025-12-13 08:00:00,2025-12-13 12:00:00,W,Main St at Gerrard St East,0,0,0,0
2025-12-13,18,10:00,172,8,11.3,1,1,32.49,1,2025-12-13 08:00:00,2025-12-13 12:00:00,W,Main St,0,0,0,0
2025-12-13,18,10:00,172,8,11.3,1,1,32.49,1,2025-12-13 08:00:00,2025-12-13 12:00:00,W,Main St at Danforth Ave,0,0,0,0
2025-12-13,18,10:00,172,8,11.3,1,1,32.49,1,2025-12-13 08:00:00,2025-12-13 12:00:00,W,Howard Park Ave at Parkside Dr,0,0,0,0
2025-12-20,18,10:00,172,8,11.3,1,1,32.49,1,2025-12-20 08:00:00,2025-12-20 12:00:00,E,Woodfield Rd,0,0,0,0
2025-12-20,18,10:00,172,8,11.3,1,1,32.49,1,2025-12-20 08:00:00,2025-12-20 12:00:00,E,Coxwell Ave at Gerrard St East,0,0,0,0
2025-12-20,18,10:00,172,8,11.3,1,1,32.49,1,2025-12-20 08:00:00,2025-12-20 12:00:00,E,Euclid Ave,0,0,0,0
2025-12-20,18,10:00,172,8,11.3,1,1,32.49,1,2025-12-20 08:00:00,2025-12-20 12:00:00,E,Bowmore Rd,0,0,0,0
2025-12-20,18,10:00,172,8,11.3,1,1,32.49,1,2025-12-20 08:00:00,2025-12-20 12:00:00,E,Bay St,0,0,0,0
2025-12-20,18,10:00,172,8,11.3,1,1,32.49,1,2025-12-20 08:00:00,2025-12-20 12:00:00,E,Lansdowne Ave,0,0,0,0
2025-12-20,18,10:00,172,8,11.3,1,1,32.49,1,2025-12-20 08:00:00,2025-12-20 12:00:00,E,Indian Rd,0,0,0,0
2025-12-20,18,10:00,172,8,11.3,1,1,32.49,1,2025-12-20 08:00:00,2025-12-20 12:00:00,E,Grace St,0,0,0,0
2025-12-20,18,10:00,172,8,11.3,1,1,32.49,1,2025-12-20 08:00:00,2025-12-20 12:00:00,E,Dufferin St,0,0,0,0
2025-12-20,18,10:00,172,8,11.3,1,1,32.49,1,2025-12-20 08:00:00,2025-12-20 12:00:00,E,Gerrard St East at Beaton Ave,0,0,0,0
2025-12-20,18,10:00,172,8,11.3,1,1,32.49,1,2025-12-20 08:00:00,2025-12-20 12:00:00,E,Bathurst St,0,0,0,0
2025-12-20,18,10:00,172,8,11.3,1,1,32.49,1,2025-12-20 08:00:00,2025-12-20 12:00:00,E,Yonge St - College Station,0,0,0,0
2025-12-20,18,10:00,172,8,11.3,1,1,32.49,1,2025-12-20 08:00:00,2025-12-20 12:00:00,E,Dundas St West at Sterling Rd,0,0,0,0
2025-12-20,18,10:00,172,8,11.3,1,1,32.49,1,2025-12-20 08:00:00,2025-12-20 12:00:00,E,Brock Ave,0,0,0,0
2025-12-20,18,10:00,172,8,11.3,1,1,32.49,1,2025-12-20 08:00:00,2025-12-20 12:00:00,E,Sackville St,0,0,0,0
2025-12-20,18,10:00,172,8,11.3,1,1,32.49,1,2025-12-20 08:00:00,2025-12-20 12:00:00,E,Carlaw Ave,0,0,0,0
2025-12-20,18,10:00,172,8,11.3,1,1,32.49,1,2025-12-20 08:00:00,2025-12-20 12:00:00,E,Borden St,0,0,0,0
2025-12-20,18,10:00,172,8,11.3,1,1,32.49,1,2025-12-20 08:00:00,2025-12-20 12:00:00,E,Dundas St West at Sorauren Ave,0,0,0,0
2025-12-20,18,10:00,172,8,11.3,1,1,32.49,1,2025-12-20 08:00:00,2025-12-20 12:00:00,E,Crawford St,0,0,0,0
2025-12-20,18,10:00,172,8,11.3,1,1,32.49,1,2025-12-20 08:00:00,2025-12-20 12:00:00,E,Pape Ave,0,0,0,0
2025-12-20,18,10:00,172,8,11.3,1,1,32.49,1,2025-12-20 08:00:00,2025-12-20 12:00:00,E,Spadina Ave,0,0,0,0
2025-12-20,18,10:00,172,8,11.3,1,1,32.49,1,2025-12-20 08:00:00,2025-12-20 12:00:00,E,River St,0,0,0,0
2025-12-20,18,10:00,172,8,11.3,1,1,32.49,1,2025-12-20 08:00:00,2025-12-20 12:00:00,E,Marjory Ave,0,0,0,0
2025-12-20,18,10:00,172,8,11.3,1,1,32.49,1,2025-12-20 08:00:00,2025-12-20 12:00:00,E,Kingsmount Park Rd,0,0,0,0
2025-12-20,18,10:00,172,8,11.3,1,1,32.49,1,2025-12-20 08:00:00,2025-12-20 12:00:00,E,Church St,0,0,0,0
2025-12-20,18,10:00,172,8,11.3,1,1,32.49,1,2025-12-20 08:00:00,2025-12-20 12:00:00,E,Ossington Ave,0,0,0,0
2025-12-20,18,10:00,172,8,11.3,1,1,32.49,1,2025-12-20 08:00:00,2025-12-20 12:00:00,E,Woodbine Ave,0,0,0,0
2025-12-20,18,10:00,172,8,11.3,1,1,32.49,1,2025-12-20 08:00:00,2025-12-20 12:00:00,E,Jones Ave,0,0,0,0
2025-12-20,18,10:00,172,8,11.3,1,1,32.49,1,2025-12-20 08:00:00,2025-12-20 12:00:00,E,Golfview Ave,0,0,0,0
2025-12-20,18,10:00,172,8,11.3,1,1,32.49,1,2025-12-20 08:00:00,2025-12-20 12:00:00,E,Leslie St,0,0,0,0
2025-12-20,18,10:00,172,8,11.3,1,1,32.49,1,2025-12-20 08:00:00,2025-12-20 12:00:00,E,St Matthews Rd,0,0,0,0
2025-12-20,18,10:00,172,8,11.3,1,1,32.49,1,2025-12-20 08:00:00,2025-12-20 12:00:00,E,Jarvis St,0,0,0,0
2025-12-20,18,10:00,172,8,11.3,1,1,32.49,1,2025-12-20 08:00:00,2025-12-20 12:00:00,E,Sherbourne St,0,0,0,0
2025-12-20,18,10:00,172,8,11.3,1,1,32.49,1,2025-12-20 08:00:00,2025-12-20 12:00:00,E,St George St,0,0,0,0
2025-12-20,18,10:00,172,8,11.3,1,1,32.49,1,2025-12-20 08:00:00,2025-12-20 12:00:00,E,Dovercourt Rd,0,0,0,0
2025-12-20,18,10:00,172,8,11.3,1,1,32.49,1,2025-12-20 08:00:00,2025-12-20 12:00:00,E,Glenmount Park Rd,0,0,0,0
2025-12-20,18,10:00,172,8,11.3,1,1,32.49,1,2025-12-20 08:00:00,2025-12-20 12:00:00,E,Prust Ave,0,0,0,0
2025-12-20,18,10:00,172,8,11.3,1,1,32.49,1,2025-12-20 08:00:00,2025-12-20 12:00:00,E,Main Street Station at Bay 7,0,0,0,0
2025-12-20,18,10:00,172,8,11.3,1,1,32.49,1,2025-12-20 08:00:00,2025-12-20 12:00:00,E,Norwood Rd,0,0,0,0
2025-12-20,18,10:00,172,8,11.3,1,1,32.49,1,2025-12-20 08:00:00,2025-12-20 12:00:00,E,McCaul St,0,0,0,0
2025-12-20,18,10:00,172,8,11.3,1,1,32.49,1,2025-12-20 08:00:00,2025-12-20 12:00:00,E,Broadview Ave,0,0,0,0
2025-12-20,18,10:00,172,8,11.3,1,1,32.49,1,2025-12-20 08:00:00,2025-12-20 12:00:00,E,Ontario St,0,0,0,0
2025-12-20,18,10:00,172,8,11.3,1,1,32.49,1,2025-12-20 08:00:00,2025-12-20 12:00:00,E,Rusholme Park Cres,0,0,0,0
2025-12-20,18,10:00,172,8,11.3,1,1,32.49,1,2025-12-20 08:00:00,2025-12-20 12:00:00,E,Havelock St,0,0,0,0
2025-12-20,18,10:00,172,8,11.3,1,1,32.49,1,2025-12-20 08:00:00,2025-12-20 12:00:00,E,High Park Loop,0,0,0,0
2025-12-20,18,10:00,172,8,11.3,1,1,32.49,1,2025-12-20 08:00:00,2025-12-20 12:00:00,E,Queens Park (Queen's Park Station),0,0,0,0
2025-12-20,18,10:00,172,8,11.3,1,1,32.49,1,2025-12-20 08:00:00,2025-12-20 12:00:00,E,Roncesvalles Ave,0,0,0,0
2025-12-20,18,10:00,172,8,11.3,1,1,32.49,1,2025-12-20 08:00:00,2025-12-20 12:00:00,E,De Grassi St,0,0,0,0
2025-12-20,18,10:00,172,8,11.3,1,1,32.49,1,2025-12-20 08:00:00,2025-12-20 12:00:00,E,Parliament St at Carlton St,0,0,0,0
2025-12-20,18,10:00,172,8,11.3,1,1,32.49,1,2025-12-20 08:00:00,2025-12-20 12:00:00,E,Parkside Dr East Side,0,0,0,0
2025-12-20,18,10:00,172,8,11.3,1,1,32.49,1,2025-12-20 08:00:00,2025-12-20 12:00:00,E,Dundas St West,0,0,0,0
2025-12-20,18,10:00,172,8,11.3,1,1,32.49,1,2025-12-20 08:00:00,2025-12-20 12:00:00,E,Howard Park Ave at Roncesvalles Ave,0,0,0,0
2025-12-20,18,10:00,172,8,11.3,1,1,32.49,1,2025-12-20 08:00:00,2025-12-20 12:00:00,E,Parliament St,0,0,0,0
2025-12-20,18,10:00,172,8,11.3,1,1,32.49,1,2025-12-20 08:00:00,2025-12-20 12:00:00,E,Parliament St at Gerrard St East,0,0,0,0
2025-12-20,18,10:00,172,8,11.3,1,1,32.49,1,2025-12-20 08:00:00,2025-12-20 12:00:00,E,Sumach St,0,0,0,0
2025-12-20,18,10:00,172,8,11.3,1,1,32.49,1,2025-12-20 08:00:00,2025-12-20 12:00:00,E,Blackburn St,0,0,0,0
2025-12-20,18,10:00,172,8,11.3,1,1,32.49,1,2025-12-20 08:00:00,2025-12-20 12:00:00,E,Logan Ave,0,0,0,0
2025-12-20,18,10:00,172,8,11.3,1,1,32.49,1,2025-12-20 08:00:00,2025-12-20 12:00:00,E,Augusta Ave,0,0,0,0
2025-12-20,18,10:00,172,8,11.3,1,1,32.49,1,2025-12-20 08:00:00,2025-12-20 12:00:00,E,Beverley St,0,0,0,0
2025-12-20,18,10:00,172,8,11.3,1,1,32.49,1,2025-12-20 08:00:00,2025-12-20 12:00:00,E,University Ave (Queen's Park Station,0,0,0,0
2025-12-20,18,10:00,172,8,11.3,1,1,32.49,1,2025-12-20 08:00:00,2025-12-20 12:00:00,E,Elizabeth St,0,0,0,0
2025-12-20,18,10:00,172,8,11.3,1,1,32.49,1,2025-12-20 08:00:00,2025-12-20 12:00:00,E,Greenwood Ave,0,0,0,0
2025-12-20,18,10:00,172,8,11.3,1,1,32.49,1,2025-12-20 08:00:00,2025-12-20 12:00:00,E,Alton Ave,0,0,0,0
2025-12-20,18,10:00,172,8,11.3,1,1,32.49,1,2025-12-20 08:00:00,2025-12-20 12:00:00,E,Coxwell Ave,0,0,0,0
2025-12-20,18,10:00,172,8,11.3,1,1,32.49,1,2025-12-20 08:00:00,2025-12-20 12:00:00,E,Gerrard St East  at Coxwell Ave,0,0,0,0
2025-12-20,18,10:00,172,8,11.3,1,1,32.49,1,2025-12-20 08:00:00,2025-12-20 12:00:00,E,Coxwell Ave at Lower Gerrard St East,0,0,0,0
2025-12-20,18,10:00,172,8,11.3,1,1,32.49,1,2025-12-20 08:00:00,2025-12-20 12:00:00,E,Ashdale Ave,0,0,0,0
2025-12-20,18,10:00,172,8,11.3,1,1,32.49,1,2025-12-20 08:00:00,2025-12-20 12:00:00,E,Howard Park Ave at Indian Rd,0,0,0,0
2025-12-20,18,10:00,172,8,11.3,1,1,32.49,1,2025-12-20 08:00:00,2025-12-20 12:00:00,E,Dundas St West at Howard Park Ave,0,0,0,0
2025-12-20,18,10:00,172,8,11.3,1,1,32.49,1,2025-12-20 08:00:00,2025-12-20 12:00:00,E,Main St at Gerrard St East,0,0,0,0
2025-12-20,18,10:00,172,8,11.3,1,1,32.49,1,2025-12-20 08:00:00,2025-12-20 12:00:00,E,Main St,0,0,0,0
2025-12-20,18,10:00,172,8,11.3,1,1,32.49,1,2025-12-20 08:00:00,2025-12-20 12:00:00,E,Main St at Danforth Ave,0,0,0,0
2025-12-20,18,10:00,172,8,11.3,1,1,32.49,1,2025-12-20 08:00:00,2025-12-20 12:00:00,E,Howard Park Ave at Parkside Dr,0,0,0,0
2025-12-20,18,10:00,172,8,11.3,1,1,32.49,1,2025-12-20 08:00:00,2025-12-20 12:00:00,W,Woodfield Rd,0,0,0,0
2025-12-20,18,10:00,172,8,11.3,1,1,32.49,1,2025-12-20 08:00:00,2025-12-20 12:00:00,W,Coxwell Ave at Gerrard St East,0,0,0,0
2025-12-20,18,10:00,172,8,11.3,1,1,32.49,1,2025-12-20 08:00:00,2025-12-20 12:00:00,W,Euclid Ave,0,0,0,0
2025-12-20,18,10:00,172,8,11.3,1,1,32.49,1,2025-12-20 08:00:00,2025-12-20 12:00:00,W,Bowmore Rd,0,0,0,0
2025-12-20,18,10:00,172,8,11.3,1,1,32.49,1,2025-12-20 08:00:00,2025-12-20 12:00:00,W,Bay St,0,0,0,0
2025-12-20,18,10:00,172,8,11.3,1,1,32.49,1,2025-12-20 08:00:00,2025-12-20 12:00:00,W,Lansdowne Ave,0,0,0,0
2025-12-20,18,10:00,172,8,11.3,1,1,32.49,1,2025-12-20 08:00:00,2025-12-20 12:00:00,W,Indian Rd,0,0,0,0
2025-12-20,18,10:00,172,8,11.3,1,1,32.49,1,2025-12-20 08:00:00,2025-12-20 12:00:00,W,Grace St,0,0,0,0
2025-12-20,18,10:00,172,8,11.3,1,1,32.49,1,2025-12-20 08:00:00,2025-12-20 12:00:00,W,Dufferin St,0,0,0,0
2025-12-20,18,10:00,172,8,11.3,1,1,32.49,1,2025-12-20 08:00:00,2025-12-20 12:00:00,W,Gerrard St East at Beaton Ave,0,0,0,0
2025-12-20,18,10:00,172,8,11.3,1,1,32.49,1,2025-12-20 08:00:00,2025-12-20 12:00:00,W,Bathurst St,0,0,0,0
2025-12-20,18,10:00,172,8,11.3,1,1,32.49,1,2025-12-20 08:00:00,2025-12-20 12:00:00,W,Yonge St - College Station,0,0,0,0
2025-12-20,18,10:00,172,8,11.3,1,1,32.49,1,2025-12-20 08:00:00,2025-12-20 12:00:00,W,Dundas St West at Sterling Rd,0,0,0,0
2025-12-20,18,10:00,172,8,11.3,1,1,32.49,1,2025-12-20 08:00:00,2025-12-20 12:00:00,W,Brock Ave,0,0,0,0
2025-12-20,18,10:00,172,8,11.3,1,1,32.49,1,2025-12-20 08:00:00,2025-12-20 12:00:00,W,Sackville St,0,0,0,0
2025-12-20,18,10:00,172,8,11.3,1,1,32.49,1,2025-12-20 08:00:00,2025-12-20 12:00:00,W,Carlaw Ave,0,0,0,0
2025-12-20,18,10:00,172,8,11.3,1,1,32.49,1,2025-12-20 08:00:00,2025-12-20 12:00:00,W,Borden St,0,0,0,0
2025-12-20,18,10:00,172,8,11.3,1,1,32.49,1,2025-12-20 08:00:00,2025-12-20 12:00:00,W,Dundas St West at Sorauren Ave,0,0,0,0
2025-12-20,18,10:00,172,8,11.3,1,1,32.49,1,2025-12-20 08:00:00,2025-12-20 12:00:00,W,Crawford St,0,0,0,0
2025-12-20,18,10:00,172,8,11.3,1,1,32.49,1,2025-12-20 08:00:00,2025-12-20 12:00:00,W,Pape Ave,0,0,0,0
2025-12-20,18,10:00,172,8,11.3,1,1,32.49,1,2025-12-20 08:00:00,2025-12-20 12:00:00,W,Spadina Ave,0,0,0,0
2025-12-20,18,10:00,172,8,11.3,1,1,32.49,1,2025-12-20 08:00:00,2025-12-20 12:00:00,W,River St,0,0,0,0
2025-12-20,18,10:00,172,8,11.3,1,1,32.49,1,2025-12-20 08:00:00,2025-12-20 12:00:00,W,Marjory Ave,0,0,0,0
2025-12-20,18,10:00,172,8,11.3,1,1,32.49,1,2025-12-20 08:00:00,2025-12-20 12:00:00,W,Kingsmount Park Rd,0,0,0,0
2025-12-20,18,10:00,172,8,11.3,1,1,32.49,1,2025-12-20 08:00:00,2025-12-20 12:00:00,W,Church St,0,0,0,0
2025-12-20,18,10:00,172,8,11.3,1,1,32.49,1,2025-12-20 08:00:00,2025-12-20 12:00:00,W,Ossington Ave,0,0,0,0
2025-12-20,18,10:00,172,8,11.3,1,1,32.49,1,2025-12-20 08:00:00,2025-12-20 12:00:00,W,Woodbine Ave,0,0,0,0
2025-12-20,18,10:00,172,8,11.3,1,1,32.49,1,2025-12-20 08:00:00,2025-12-20 12:00:00,W,Jones Ave,0,0,0,0
2025-12-20,18,10:00,172,8,11.3,1,1,32.49,1,2025-12-20 08:00:00,2025-12-20 12:00:00,W,Golfview Ave,0,0,0,0
2025-12-20,18,10:00,172,8,11.3,1,1,32.49,1,2025-12-20 08:00:00,2025-12-20 12:00:00,W,Leslie St,0,0,0,0
2025-12-20,18,10:00,172,8,11.3,1,1,32.49,1,2025-12-20 08:00:00,2025-12-20 12:00:00,W,St Matthews Rd,0,0,0,0
2025-12-20,18,10:00,172,8,11.3,1,1,32.49,1,2025-12-20 08:00:00,2025-12-20 12:00:00,W,Jarvis St,0,0,0,0
2025-12-20,18,10:00,172,8,11.3,1,1,32.49,1,2025-12-20 08:00:00,2025-12-20 12:00:00,W,Sherbourne St,0,0,0,0
2025-12-20,18,10:00,172,8,11.3,1,1,32.49,1,2025-12-20 08:00:00,2025-12-20 12:00:00,W,St George St,0,0,0,0
2025-12-20,18,10:00,172,8,11.3,1,1,32.49,1,2025-12-20 08:00:00,2025-12-20 12:00:00,W,Dovercourt Rd,0,0,0,0
2025-12-20,18,10:00,172,8,11.3,1,1,32.49,1,2025-12-20 08:00:00,2025-12-20 12:00:00,W,Glenmount Park Rd,0,0,0,0
2025-12-20,18,10:00,172,8,11.3,1,1,32.49,1,2025-12-20 08:00:00,2025-12-20 12:00:00,W,Prust Ave,0,0,0,0
2025-12-20,18,10:00,172,8,11.3,1,1,32.49,1,2025-12-20 08:00:00,2025-12-20 12:00:00,W,Main Street Station at Bay 7,0,0,0,0
2025-12-20,18,10:00,172,8,11.3,1,1,32.49,1,2025-12-20 08:00:00,2025-12-20 12:00:00,W,Norwood Rd,0,0,0,0
2025-12-20,18,10:00,172,8,11.3,1,1,32.49,1,2025-12-20 08:00:00,2025-12-20 12:00:00,W,McCaul St,0,0,0,0
2025-12-20,18,10:00,172,8,11.3,1,1,32.49,1,2025-12-20 08:00:00,2025-12-20 12:00:00,W,Broadview Ave,0,0,0,0
2025-12-20,18,10:00,172,8,11.3,1,1,32.49,1,2025-12-20 08:00:00,2025-12-20 12:00:00,W,Ontario St,0,0,0,0
2025-12-20,18,10:00,172,8,11.3,1,1,32.49,1,2025-12-20 08:00:00,2025-12-20 12:00:00,W,Rusholme Park Cres,0,0,0,0
2025-12-20,18,10:00,172,8,11.3,1,1,32.49,1,2025-12-20 08:00:00,2025-12-20 12:00:00,W,Havelock St,0,0,0,0
2025-12-20,18,10:00,172,8,11.3,1,1,32.49,1,2025-12-20 08:00:00,2025-12-20 12:00:00,W,High Park Loop,0,0,0,0
2025-12-20,18,10:00,172,8,11.3,1,1,32.49,1,2025-12-20 08:00:00,2025-12-20 12:00:00,W,Queens Park (Queen's Park Station),0,0,0,0
2025-12-20,18,10:00,172,8,11.3,1,1,32.49,1,2025-12-20 08:00:00,2025-12-20 12:00:00,W,Roncesvalles Ave,0,0,0,0
2025-12-20,18,10:00,172,8,11.3,1,1,32.49,1,2025-12-20 08:00:00,2025-12-20 12:00:00,W,De Grassi St,0,0,0,0
2025-12-20,18,10:00,172,8,11.3,1,1,32.49,1,2025-12-20 08:00:00,2025-12-20 12:00:00,W,Parliament St at Carlton St,0,0,0,0
2025-12-20,18,10:00,172,8,11.3,1,1,32.49,1,2025-12-20 08:00:00,2025-12-20 12:00:00,W,Parkside Dr East Side,0,0,0,0
2025-12-20,18,10:00,172,8,11.3,1,1,32.49,1,2025-12-20 08:00:00,2025-12-20 12:00:00,W,Dundas St West,0,0,0,0
2025-12-20,18,10:00,172,8,11.3,1,1,32.49,1,2025-12-20 08:00:00,2025-12-20 12:00:00,W,Howard Park Ave at Roncesvalles Ave,0,0,0,0
2025-12-20,18,10:00,172,8,11.3,1,1,32.49,1,2025-12-20 08:00:00,2025-12-20 12:00:00,W,Parliament St,0,0,0,0
2025-12-20,18,10:00,172,8,11.3,1,1,32.49,1,2025-12-20 08:00:00,2025-12-20 12:00:00,W,Parliament St at Gerrard St East,0,0,0,0
2025-12-20,18,10:00,172,8,11.3,1,1,32.49,1,2025-12-20 08:00:00,2025-12-20 12:00:00,W,Sumach St,0,0,0,0
2025-12-20,18,10:00,172,8,11.3,1,1,32.49,1,2025-12-20 08:00:00,2025-12-20 12:00:00,W,Blackburn St,0,0,0,0
2025-12-20,18,10:00,172,8,11.3,1,1,32.49,1,2025-12-20 08:00:00,2025-12-20 12:00:00,W,Logan Ave,0,0,0,0
2025-12-20,18,10:00,172,8,11.3,1,1,32.49,1,2025-12-20 08:00:00,2025-12-20 12:00:00,W,Augusta Ave,0,0,0,0
2025-12-20,18,10:00,172,8,11.3,1,1,32.49,1,2025-12-20 08:00:00,2025-12-20 12:00:00,W,Beverley St,0,0,0,0
2025-12-20,18,10:00,172,8,11.3,1,1,32.49,1,2025-12-20 08:00:00,2025-12-20 12:00:00,W,University Ave (Queen's Park Station,0,0,0,0
2025-12-20,18,10:00,172,8,11.3,1,1,32.49,1,2025-12-20 08:00:00,2025-12-20 12:00:00,W,Elizabeth St,0,0,0,0
2025-12-20,18,10:00,172,8,11.3,1,1,32.49,1,2025-12-20 08:00:00,2025-12-20 12:00:00,W,Greenwood Ave,0,0,0,0
2025-12-20,18,10:00,172,8,11.3,1,1,32.49,1,2025-12-20 08:00:00,2025-12-20 12:00:00,W,Alton Ave,0,0,0,0
2025-12-20,18,10:00,172,8,11.3,1,1,32.49,1,2025-12-20 08:00:00,2025-12-20 12:00:00,W,Coxwell Ave,0,0,0,0
2025-12-20,18,10:00,172,8,11.3,1,1,32.49,1,2025-12-20 08:00:00,2025-12-20 12:00:00,W,Gerrard St East  at Coxwell Ave,0,0,0,0
2025-12-20,18,10:00,172,8,11.3,1,1,32.49,1,2025-12-20 08:00:00,2025-12-20 12:00:00,W,Coxwell Ave at Lower Gerrard St East,0,0,0,0
2025-12-20,18,10:00,172,8,11.3,1,1,32.49,1,2025-12-20 08:00:00,2025-12-20 12:00:00,W,Ashdale Ave,0,0,0,0
2025-12-20,18,10:00,172,8,11.3,1,1,32.49,1,2025-12-20 08:00:00,2025-12-20 12:00:00,W,Howard Park Ave at Indian Rd,0,0,0,0
2025-12-20,18,10:00,172,8,11.3,1,1,32.49,1,2025-12-20 08:00:00,2025-12-20 12:00:00,W,Dundas St West at Howard Park Ave,0,0,0,0
2025-12-20,18,10:00,172,8,11.3,1,1,32.49,1,2025-12-20 08:00:00,2025-12-20 12:00:00,W,Main St at Gerrard St East,0,0,0,0
2025-12-20,18,10:00,172,8,11.3,1,1,32.49,1,2025-12-20 08:00:00,2025-12-20 12:00:00,W,Main St,0,0,0,0
2025-12-20,18,10:00,172,8,11.3,1,1,32.49,1,2025-12-20 08:00:00,2025-12-20 12:00:00,W,Main St at Danforth Ave,0,0,0,0
2025-12-20,18,10:00,172,8,11.3,1,1,32.49,1,2025-12-20 08:00:00,2025-12-20 12:00:00,W,Howard Park Ave at Parkside Dr,0,0,0,0
2025-12-27,18,10:00,172,8,11.3,1,1,32.49,1,2025-12-27 08:00:00,2025-12-27 12:00:00,E,Woodfield Rd,0,0,0,0
2025-12-27,18,10:00,172,8,11.3,1,1,32.49,1,2025-12-27 08:00:00,2025-12-27 12:00:00,E,Coxwell Ave at Gerrard St East,0,0,0,0
2025-12-27,18,10:00,172,8,11.3,1,1,32.49,1,2025-12-27 08:00:00,2025-12-27 12:00:00,E,Euclid Ave,0,0,0,0
2025-12-27,18,10:00,172,8,11.3,1,1,32.49,1,2025-12-27 08:00:00,2025-12-27 12:00:00,E,Bowmore Rd,0,0,0,0
2025-12-27,18,10:00,172,8,11.3,1,1,32.49,1,2025-12-27 08:00:00,2025-12-27 12:00:00,E,Bay St,0,0,0,0
2025-12-27,18,10:00,172,8,11.3,1,1,32.49,1,2025-12-27 08:00:00,2025-12-27 12:00:00,E,Lansdowne Ave,0,0,0,0
2025-12-27,18,10:00,172,8,11.3,1,1,32.49,1,2025-12-27 08:00:00,2025-12-27 12:00:00,E,Indian Rd,0,0,0,0
2025-12-27,18,10:00,172,8,11.3,1,1,32.49,1,2025-12-27 08:00:00,2025-12-27 12:00:00,E,Grace St,0,0,0,0
2025-12-27,18,10:00,172,8,11.3,1,1,32.49,1,2025-12-27 08:00:00,2025-12-27 12:00:00,E,Dufferin St,0,0,0,0
2025-12-27,18,10:00,172,8,11.3,1,1,32.49,1,2025-12-27 08:00:00,2025-12-27 12:00:00,E,Gerrard St East at Beaton Ave,0,0,0,0
2025-12-27,18,10:00,172,8,11.3,1,1,32.49,1,2025-12-27 08:00:00,2025-12-27 12:00:00,E,Bathurst St,0,0,0,0
2025-12-27,18,10:00,172,8,11.3,1,1,32.49,1,2025-12-27 08:00:00,2025-12-27 12:00:00,E,Yonge St - College Station,0,0,0,0
2025-12-27,18,10:00,172,8,11.3,1,1,32.49,1,2025-12-27 08:00:00,2025-12-27 12:00:00,E,Dundas St West at Sterling Rd,0,0,0,0
2025-12-27,18,10:00,172,8,11.3,1,1,32.49,1,2025-12-27 08:00:00,2025-12-27 12:00:00,E,Brock Ave,0,0,0,0
2025-12-27,18,10:00,172,8,11.3,1,1,32.49,1,2025-12-27 08:00:00,2025-12-27 12:00:00,E,Sackville St,0,0,0,0
2025-12-27,18,10:00,172,8,11.3,1,1,32.49,1,2025-12-27 08:00:00,2025-12-27 12:00:00,E,Carlaw Ave,0,0,0,0
2025-12-27,18,10:00,172,8,11.3,1,1,32.49,1,2025-12-27 08:00:00,2025-12-27 12:00:00,E,Borden St,0,0,0,0
2025-12-27,18,10:00,172,8,11.3,1,1,32.49,1,2025-12-27 08:00:00,2025-12-27 12:00:00,E,Dundas St West at Sorauren Ave,0,0,0,0
2025-12-27,18,10:00,172,8,11.3,1,1,32.49,1,2025-12-27 08:00:00,2025-12-27 12:00:00,E,Crawford St,0,0,0,0
2025-12-27,18,10:00,172,8,11.3,1,1,32.49,1,2025-12-27 08:00:00,2025-12-27 12:00:00,E,Pape Ave,0,0,0,0
2025-12-27,18,10:00,172,8,11.3,1,1,32.49,1,2025-12-27 08:00:00,2025-12-27 12:00:00,E,Spadina Ave,0,0,0,0
2025-12-27,18,10:00,172,8,11.3,1,1,32.49,1,2025-12-27 08:00:00,2025-12-27 12:00:00,E,River St,0,0,0,0
2025-12-27,18,10:00,172,8,11.3,1,1,32.49,1,2025-12-27 08:00:00,2025-12-27 12:00:00,E,Marjory Ave,0,0,0,0
2025-12-27,18,10:00,172,8,11.3,1,1,32.49,1,2025-12-27 08:00:00,2025-12-27 12:00:00,E,Kingsmount Park Rd,0,0,0,0
2025-12-27,18,10:00,172,8,11.3,1,1,32.49,1,2025-12-27 08:00:00,2025-12-27 12:00:00,E,Church St,0,0,0,0
2025-12-27,18,10:00,172,8,11.3,1,1,32.49,1,2025-12-27 08:00:00,2025-12-27 12:00:00,E,Ossington Ave,0,0,0,0
2025-12-27,18,10:00,172,8,11.3,1,1,32.49,1,2025-12-27 08:00:00,2025-12-27 12:00:00,E,Woodbine Ave,0,0,0,0
2025-12-27,18,10:00,172,8,11.3,1,1,32.49,1,2025-12-27 08:00:00,2025-12-27 12:00:00,E,Jones Ave,0,0,0,0
2025-12-27,18,10:00,172,8,11.3,1,1,32.49,1,2025-12-27 08:00:00,2025-12-27 12:00:00,E,Golfview Ave,0,0,0,0
2025-12-27,18,10:00,172,8,11.3,1,1,32.49,1,2025-12-27 08:00:00,2025-12-27 12:00:00,E,Leslie St,0,0,0,0
2025-12-27,18,10:00,172,8,11.3,1,1,32.49,1,2025-12-27 08:00:00,2025-12-27 12:00:00,E,St Matthews Rd,0,0,0,0
2025-12-27,18,10:00,172,8,11.3,1,1,32.49,1,2025-12-27 08:00:00,2025-12-27 12:00:00,E,Jarvis St,0,0,0,0
2025-12-27,18,10:00,172,8,11.3,1,1,32.49,1,2025-12-27 08:00:00,2025-12-27 12:00:00,E,Sherbourne St,0,0,0,0
2025-12-27,18,10:00,172,8,11.3,1,1,32.49,1,2025-12-27 08:00:00,2025-12-27 12:00:00,E,St George St,0,0,0,0
2025-12-27,18,10:00,172,8,11.3,1,1,32.49,1,2025-12-27 08:00:00,2025-12-27 12:00:00,E,Dovercourt Rd,0,0,0,0
2025-12-27,18,10:00,172,8,11.3,1,1,32.49,1,2025-12-27 08:00:00,2025-12-27 12:00:00,E,Glenmount Park Rd,0,0,0,0
2025-12-27,18,10:00,172,8,11.3,1,1,32.49,1,2025-12-27 08:00:00,2025-12-27 12:00:00,E,Prust Ave,0,0,0,0
2025-12-27,18,10:00,172,8,11.3,1,1,32.49,1,2025-12-27 08:00:00,2025-12-27 12:00:00,E,Main Street Station at Bay 7,0,0,0,0
2025-12-27,18,10:00,172,8,11.3,1,1,32.49,1,2025-12-27 08:00:00,2025-12-27 12:00:00,E,Norwood Rd,0,0,0,0
2025-12-27,18,10:00,172,8,11.3,1,1,32.49,1,2025-12-27 08:00:00,2025-12-27 12:00:00,E,McCaul St,0,0,0,0
2025-12-27,18,10:00,172,8,11.3,1,1,32.49,1,2025-12-27 08:00:00,2025-12-27 12:00:00,E,Broadview Ave,0,0,0,0
2025-12-27,18,10:00,172,8,11.3,1,1,32.49,1,2025-12-27 08:00:00,2025-12-27 12:00:00,E,Ontario St,0,0,0,0
2025-12-27,18,10:00,172,8,11.3,1,1,32.49,1,2025-12-27 08:00:00,2025-12-27 12:00:00,E,Rusholme Park Cres,0,0,0,0
2025-12-27,18,10:00,172,8,11.3,1,1,32.49,1,2025-12-27 08:00:00,2025-12-27 12:00:00,E,Havelock St,0,0,0,0
2025-12-27,18,10:00,172,8,11.3,1,1,32.49,1,2025-12-27 08:00:00,2025-12-27 12:00:00,E,High Park Loop,0,0,0,0
2025-12-27,18,10:00,172,8,11.3,1,1,32.49,1,2025-12-27 08:00:00,2025-12-27 12:00:00,E,Queens Park (Queen's Park Station),0,0,0,0
2025-12-27,18,10:00,172,8,11.3,1,1,32.49,1,2025-12-27 08:00:00,2025-12-27 12:00:00,E,Roncesvalles Ave,0,0,0,0
2025-12-27,18,10:00,172,8,11.3,1,1,32.49,1,2025-12-27 08:00:00,2025-12-27 12:00:00,E,De Grassi St,0,0,0,0
2025-12-27,18,10:00,172,8,11.3,1,1,32.49,1,2025-12-27 08:00:00,2025-12-27 12:00:00,E,Parliament St at Carlton St,0,0,0,0
2025-12-27,18,10:00,172,8,11.3,1,1,32.49,1,2025-12-27 08:00:00,2025-12-27 12:00:00,E,Parkside Dr East Side,0,0,0,0
2025-12-27,18,10:00,172,8,11.3,1,1,32.49,1,2025-12-27 08:00:00,2025-12-27 12:00:00,E,Dundas St West,0,0,0,0
2025-12-27,18,10:00,172,8,11.3,1,1,32.49,1,2025-12-27 08:00:00,2025-12-27 12:00:00,E,Howard Park Ave at Roncesvalles Ave,0,0,0,0
2025-12-27,18,10:00,172,8,11.3,1,1,32.49,1,2025-12-27 08:00:00,2025-12-27 12:00:00,E,Parliament St,0,0,0,0
2025-12-27,18,10:00,172,8,11.3,1,1,32.49,1,2025-12-27 08:00:00,2025-12-27 12:00:00,E,Parliament St at Gerrard St East,0,0,0,0
2025-12-27,18,10:00,172,8,11.3,1,1,32.49,1,2025-12-27 08:00:00,2025-12-27 12:00:00,E,Sumach St,0,0,0,0
2025-12-27,18,10:00,172,8,11.3,1,1,32.49,1,2025-12-27 08:00:00,2025-12-27 12:00:00,E,Blackburn St,0,0,0,0
2025-12-27,18,10:00,172,8,11.3,1,1,32.49,1,2025-12-27 08:00:00,2025-12-27 12:00:00,E,Logan Ave,0,0,0,0
2025-12-27,18,10:00,172,8,11.3,1,1,32.49,1,2025-12-27 08:00:00,2025-12-27 12:00:00,E,Augusta Ave,0,0,0,0
2025-12-27,18,10:00,172,8,11.3,1,1,32.49,1,2025-12-27 08:00:00,2025-12-27 12:00:00,E,Beverley St,0,0,0,0
2025-12-27,18,10:00,172,8,11.3,1,1,32.49,1,2025-12-27 08:00:00,2025-12-27 12:00:00,E,University Ave (Queen's Park Station,0,0,0,0
2025-12-27,18,10:00,172,8,11.3,1,1,32.49,1,2025-12-27 08:00:00,2025-12-27 12:00:00,E,Elizabeth St,0,0,0,0
2025-12-27,18,10:00,172,8,11.3,1,1,32.49,1,2025-12-27 08:00:00,2025-12-27 12:00:00,E,Greenwood Ave,0,0,0,0
2025-12-27,18,10:00,172,8,11.3,1,1,32.49,1,2025-12-27 08:00:00,2025-12-27 12:00:00,E,Alton Ave,0,0,0,0
2025-12-27,18,10:00,172,8,11.3,1,1,32.49,1,2025-12-27 08:00:00,2025-12-27 12:00:00,E,Coxwell Ave,0,0,0,0
2025-12-27,18,10:00,172,8,11.3,1,1,32.49,1,2025-12-27 08:00:00,2025-12-27 12:00:00,E,Gerrard St East  at Coxwell Ave,0,0,0,0
2025-12-27,18,10:00,172,8,11.3,1,1,32.49,1,2025-12-27 08:00:00,2025-12-27 12:00:00,E,Coxwell Ave at Lower Gerrard St East,0,0,0,0
2025-12-27,18,10:00,172,8,11.3,1,1,32.49,1,2025-12-27 08:00:00,2025-12-27 12:00:00,E,Ashdale Ave,0,0,0,0
2025-12-27,18,10:00,172,8,11.3,1,1,32.49,1,2025-12-27 08:00:00,2025-12-27 12:00:00,E,Howard Park Ave at Indian Rd,0,0,0,0
2025-12-27,18,10:00,172,8,11.3,1,1,32.49,1,2025-12-27 08:00:00,2025-12-27 12:00:00,E,Dundas St West at Howard Park Ave,0,0,0,0
2025-12-27,18,10:00,172,8,11.3,1,1,32.49,1,2025-12-27 08:00:00,2025-12-27 12:00:00,E,Main St at Gerrard St East,0,0,0,0
2025-12-27,18,10:00,172,8,11.3,1,1,32.49,1,2025-12-27 08:00:00,2025-12-27 12:00:00,E,Main St,0,0,0,0
2025-12-27,18,10:00,172,8,11.3,1,1,32.49,1,2025-12-27 08:00:00,2025-12-27 12:00:00,E,Main St at Danforth Ave,0,0,0,0
2025-12-27,18,10:00,172,8,11.3,1,1,32.49,1,2025-12-27 08:00:00,2025-12-27 12:00:00,E,Howard Park Ave at Parkside Dr,0,0,0,0
2025-12-27,18,10:00,172,8,11.3,1,1,32.49,1,2025-12-27 08:00:00,2025-12-27 12:00:00,W,Woodfield Rd,0,0,0,0
2025-12-27,18,10:00,172,8,11.3,1,1,32.49,1,2025-12-27 08:00:00,2025-12-27 12:00:00,W,Coxwell Ave at Gerrard St East,0,0,0,0
2025-12-27,18,10:00,172,8,11.3,1,1,32.49,1,2025-12-27 08:00:00,2025-12-27 12:00:00,W,Euclid Ave,0,0,0,0
2025-12-27,18,10:00,172,8,11.3,1,1,32.49,1,2025-12-27 08:00:00,2025-12-27 12:00:00,W,Bowmore Rd,0,0,0,0
2025-12-27,18,10:00,172,8,11.3,1,1,32.49,1,2025-12-27 08:00:00,2025-12-27 12:00:00,W,Bay St,0,0,0,0
2025-12-27,18,10:00,172,8,11.3,1,1,32.49,1,2025-12-27 08:00:00,2025-12-27 12:00:00,W,Lansdowne Ave,0,0,0,0
2025-12-27,18,10:00,172,8,11.3,1,1,32.49,1,2025-12-27 08:00:00,2025-12-27 12:00:00,W,Indian Rd,0,0,0,0
2025-12-27,18,10:00,172,8,11.3,1,1,32.49,1,2025-12-27 08:00:00,2025-12-27 12:00:00,W,Grace St,0,0,0,0
2025-12-27,18,10:00,172,8,11.3,1,1,32.49,1,2025-12-27 08:00:00,2025-12-27 12:00:00,W,Dufferin St,0,0,0,0
2025-12-27,18,10:00,172,8,11.3,1,1,32.49,1,2025-12-27 08:00:00,2025-12-27 12:00:00,W,Gerrard St East at Beaton Ave,0,0,0,0
2025-12-27,18,10:00,172,8,11.3,1,1,32.49,1,2025-12-27 08:00:00,2025-12-27 12:00:00,W,Bathurst St,0,0,0,0
2025-12-27,18,10:00,172,8,11.3,1,1,32.49,1,2025-12-27 08:00:00,2025-12-27 12:00:00,W,Yonge St - College Station,0,0,0,0
2025-12-27,18,10:00,172,8,11.3,1,1,32.49,1,2025-12-27 08:00:00,2025-12-27 12:00:00,W,Dundas St West at Sterling Rd,0,0,0,0
2025-12-27,18,10:00,172,8,11.3,1,1,32.49,1,2025-12-27 08:00:00,2025-12-27 12:00:00,W,Brock Ave,0,0,0,0
2025-12-27,18,10:00,172,8,11.3,1,1,32.49,1,2025-12-27 08:00:00,2025-12-27 12:00:00,W,Sackville St,0,0,0,0
2025-12-27,18,10:00,172,8,11.3,1,1,32.49,1,2025-12-27 08:00:00,2025-12-27 12:00:00,W,Carlaw Ave,0,0,0,0
2025-12-27,18,10:00,172,8,11.3,1,1,32.49,1,2025-12-27 08:00:00,2025-12-27 12:00:00,W,Borden St,0,0,0,0
2025-12-27,18,10:00,172,8,11.3,1,1,32.49,1,2025-12-27 08:00:00,2025-12-27 12:00:00,W,Dundas St West at Sorauren Ave,0,0,0,0
2025-12-27,18,10:00,172,8,11.3,1,1,32.49,1,2025-12-27 08:00:00,2025-12-27 12:00:00,W,Crawford St,0,0,0,0
2025-12-27,18,10:00,172,8,11.3,1,1,32.49,1,2025-12-27 08:00:00,2025-12-27 12:00:00,W,Pape Ave,0,0,0,0
2025-12-27,18,10:00,172,8,11.3,1,1,32.49,1,2025-12-27 08:00:00,2025-12-27 12:00:00,W,Spadina Ave,0,0,0,0
2025-12-27,18,10:00,172,8,11.3,1,1,32.49,1,2025-12-27 08:00:00,2025-12-27 12:00:00,W,River St,0,0,0,0
2025-12-27,18,10:00,172,8,11.3,1,1,32.49,1,2025-12-27 08:00:00,2025-12-27 12:00:00,W,Marjory Ave,0,0,0,0
2025-12-27,18,10:00,172,8,11.3,1,1,32.49,1,2025-12-27 08:00:00,2025-12-27 12:00:00,W,Kingsmount Park Rd,0,0,0,0
2025-12-27,18,10:00,172,8,11.3,1,1,32.49,1,2025-12-27 08:00:00,2025-12-27 12:00:00,W,Church St,0,0,0,0
2025-12-27,18,10:00,172,8,11.3,1,1,32.49,1,2025-12-27 08:00:00,2025-12-27 12:00:00,W,Ossington Ave,0,0,0,0
2025-12-27,18,10:00,172,8,11.3,1,1,32.49,1,2025-12-27 08:00:00,2025-12-27 12:00:00,W,Woodbine Ave,0,0,0,0
2025-12-27,18,10:00,172,8,11.3,1,1,32.49,1,2025-12-27 08:00:00,2025-12-27 12:00:00,W,Jones Ave,0,0,0,0
2025-12-27,18,10:00,172,8,11.3,1,1,32.49,1,2025-12-27 08:00:00,2025-12-27 12:00:00,W,Golfview Ave,0,0,0,0
2025-12-27,18,10:00,172,8,11.3,1,1,32.49,1,2025-12-27 08:00:00,2025-12-27 12:00:00,W,Leslie St,0,0,0,0
2025-12-27,18,10:00,172,8,11.3,1,1,32.49,1,2025-12-27 08:00:00,2025-12-27 12:00:00,W,St Matthews Rd,0,0,0,0
2025-12-27,18,10:00,172,8,11.3,1,1,32.49,1,2025-12-27 08:00:00,2025-12-27 12:00:00,W,Jarvis St,0,0,0,0
2025-12-27,18,10:00,172,8,11.3,1,1,32.49,1,2025-12-27 08:00:00,2025-12-27 12:00:00,W,Sherbourne St,0,0,0,0
2025-12-27,18,10:00,172,8,11.3,1,1,32.49,1,2025-12-27 08:00:00,2025-12-27 12:00:00,W,St George St,0,0,0,0
2025-12-27,18,10:00,172,8,11.3,1,1,32.49,1,2025-12-27 08:00:00,2025-12-27 12:00:00,W,Dovercourt Rd,0,0,0,0
2025-12-27,18,10:00,172,8,11.3,1,1,32.49,1,2025-12-27 08:00:00,2025-12-27 12:00:00,W,Glenmount Park Rd,0,0,0,0
2025-12-27,18,10:00,172,8,11.3,1,1,32.49,1,2025-12-27 08:00:00,2025-12-27 12:00:00,W,Prust Ave,0,0,0,0
2025-12-27,18,10:00,172,8,11.3,1,1,32.49,1,2025-12-27 08:00:00,2025-12-27 12:00:00,W,Main Street Station at Bay 7,0,0,0,0
2025-12-27,18,10:00,172,8,11.3,1,1,32.49,1,2025-12-27 08:00:00,2025-12-27 12:00:00,W,Norwood Rd,0,0,0,0
2025-12-27,18,10:00,172,8,11.3,1,1,32.49,1,2025-12-27 08:00:00,2025-12-27 12:00:00,W,McCaul St,0,0,0,0
2025-12-27,18,10:00,172,8,11.3,1,1,32.49,1,2025-12-27 08:00:00,2025-12-27 12:00:00,W,Broadview Ave,0,0,0,0
2025-12-27,18,10:00,172,8,11.3,1,1,32.49,1,2025-12-27 08:00:00,2025-12-27 12:00:00,W,Ontario St,0,0,0,0
2025-12-27,18,10:00,172,8,11.3,1,1,32.49,1,2025-12-27 08:00:00,2025-12-27 12:00:00,W,Rusholme Park Cres,0,0,0,0
2025-12-27,18,10:00,172,8,11.3,1,1,32.49,1,2025-12-27 08:00:00,2025-12-27 12:00:00,W,Havelock St,0,0,0,0
2025-12-27,18,10:00,172,8,11.3,1,1,32.49,1,2025-12-27 08:00:00,2025-12-27 12:00:00,W,High Park Loop,0,0,0,0
2025-12-27,18,10:00,172,8,11.3,1,1,32.49,1,2025-12-27 08:00:00,2025-12-27 12:00:00,W,Queens Park (Queen's Park Station),0,0,0,0
2025-12-27,18,10:00,172,8,11.3,1,1,32.49,1,2025-12-27 08:00:00,2025-12-27 12:00:00,W,Roncesvalles Ave,0,0,0,0
2025-12-27,18,10:00,172,8,11.3,1,1,32.49,1,2025-12-27 08:00:00,2025-12-27 12:00:00,W,De Grassi St,0,0,0,0
2025-12-27,18,10:00,172,8,11.3,1,1,32.49,1,2025-12-27 08:00:00,2025-12-27 12:00:00,W,Parliament St at Carlton St,0,0,0,0
2025-12-27,18,10:00,172,8,11.3,1,1,32.49,1,2025-12-27 08:00:00,2025-12-27 12:00:00,W,Parkside Dr East Side,0,0,0,0
2025-12-27,18,10:00,172,8,11.3,1,1,32.49,1,2025-12-27 08:00:00,2025-12-27 12:00:00,W,Dundas St West,0,0,0,0
2025-12-27,18,10:00,172,8,11.3,1,1,32.49,1,2025-12-27 08:00:00,2025-12-27 12:00:00,W,Howard Park Ave at Roncesvalles Ave,0,0,0,0
2025-12-27,18,10:00,172,8,11.3,1,1,32.49,1,2025-12-27 08:00:00,2025-12-27 12:00:00,W,Parliament St,0,0,0,0
2025-12-27,18,10:00,172,8,11.3,1,1,32.49,1,2025-12-27 08:00:00,2025-12-27 12:00:00,W,Parliament St at Gerrard St East,0,0,0,0
2025-12-27,18,10:00,172,8,11.3,1,1,32.49,1,2025-12-27 08:00:00,2025-12-27 12:00:00,W,Sumach St,0,0,0,0
2025-12-27,18,10:00,172,8,11.3,1,1,32.49,1,2025-12-27 08:00:00,2025-12-27 12:00:00,W,Blackburn St,0,0,0,0
2025-12-27,18,10:00,172,8,11.3,1,1,32.49,1,2025-12-27 08:00:00,2025-12-27 12:00:00,W,Logan Ave,0,0,0,0
2025-12-27,18,10:00,172,8,11.3,1,1,32.49,1,2025-12-27 08:00:00,2025-12-27 12:00:00,W,Augusta Ave,0,0,0,0
2025-12-27,18,10:00,172,8,11.3,1,1,32.49,1,2025-12-27 08:00:00,2025-12-27 12:00:00,W,Beverley St,0,0,0,0
2025-12-27,18,10:00,172,8,11.3,1,1,32.49,1,2025-12-27 08:00:00,2025-12-27 12:00:00,W,University Ave (Queen's Park Station,0,0,0,0
2025-12-27,18,10:00,172,8,11.3,1,1,32.49,1,2025-12-27 08:00:00,2025-12-27 12:00:00,W,Elizabeth St,0,0,0,0
2025-12-27,18,10:00,172,8,11.3,1,1,32.49,1,2025-12-27 08:00:00,2025-12-27 12:00:00,W,Greenwood Ave,0,0,0,0
2025-12-27,18,10:00,172,8,11.3,1,1,32.49,1,2025-12-27 08:00:00,2025-12-27 12:00:00,W,Alton Ave,0,0,0,0
2025-12-27,18,10:00,172,8,11.3,1,1,32.49,1,2025-12-27 08:00:00,2025-12-27 12:00:00,W,Coxwell Ave,0,0,0,0
2025-12-27,18,10:00,172,8,11.3,1,1,32.49,1,2025-12-27 08:00:00,2025-12-27 12:00:00,W,Gerrard St East  at Coxwell Ave,0,0,0,0
2025-12-27,18,10:00,172,8,11.3,1,1,32.49,1,2025-12-27 08:00:00,2025-12-27 12:00:00,W,Coxwell Ave at Lower Gerrard St East,0,0,0,0
2025-12-27,18,10:00,172,8,11.3,1,1,32.49,1,2025-12-27 08:00:00,2025-12-27 12:00:00,W,Ashdale Ave,0,0,0,0
2025-12-27,18,10:00,172,8,11.3,1,1,32.49,1,2025-12-27 08:00:00,2025-12-27 12:00:00,W,Howard Park Ave at Indian Rd,0,0,0,0
2025-12-27,18,10:00,172,8,11.3,1,1,32.49,1,2025-12-27 08:00:00,2025-12-27 12:00:00,W,Dundas St West at Howard Park Ave,0,0,0,0
2025-12-27,18,10:00,172,8,11.3,1,1,32.49,1,2025-12-27 08:00:00,2025-12-27 12:00:00,W,Main St at Gerrard St East,0,0,0,0
2025-12-27,18,10:00,172,8,11.3,1,1,32.49,1,2025-12-27 08:00:00,2025-12-27 12:00:00,W,Main St,0,0,0,0
2025-12-27,18,10:00,172,8,11.3,1,1,32.49,1,2025-12-27 08:00:00,2025-12-27 12:00:00,W,Main St at Danforth Ave,0,0,0,0
2025-12-27,18,10:00,172,8,11.3,1,1,32.49,1,2025-12-27 08:00:00,2025-12-27 12:00:00,W,Howard Park Ave at Parkside Dr,0,0,0,0
2026-01-03,18,10:00,172,8,11.3,1,1,32.49,1,2026-01-03 08:00:00,2026-01-03 12:00:00,E,Woodfield Rd,0,0,0,0
2026-01-03,18,10:00,172,8,11.3,1,1,32.49,1,2026-01-03 08:00:00,2026-01-03 12:00:00,E,Coxwell Ave at Gerrard St East,4,1,1,0
2026-01-03,18,10:00,172,8,11.3,1,1,32.49,1,2026-01-03 08:00:00,2026-01-03 12:00:00,E,Euclid Ave,1,0,0,0
2026-01-03,18,10:00,172,8,11.3,1,1,32.49,1,2026-01-03 08:00:00,2026-01-03 12:00:00,E,Bowmore Rd,0,0,0,0
2026-01-03,18,10:00,172,8,11.3,1,1,32.49,1,2026-01-03 08:00:00,2026-01-03 12:00:00,E,Bay St,1,0,0,0
2026-01-03,18,10:00,172,8,11.3,1,1,32.49,1,2026-01-03 08:00:00,2026-01-03 12:00:00,E,Lansdowne Ave,1,0,0,0
2026-01-03,18,10:00,172,8,11.3,1,1,32.49,1,2026-01-03 08:00:00,2026-01-03 12:00:00,E,Indian Rd,0,0,1,0
2026-01-03,18,10:00,172,8,11.3,1,1,32.49,1,2026-01-03 08:00:00,2026-01-03 12:00:00,E,Grace St,1,0,0,0
2026-01-03,18,10:00,172,8,11.3,1,1,32.49,1,2026-01-03 08:00:00,2026-01-03 12:00:00,E,Dufferin St,0,0,0,0
2026-01-03,18,10:00,172,8,11.3,1,1,32.49,1,2026-01-03 08:00:00,2026-01-03 12:00:00,E,Gerrard St East at Beaton Ave,5,1,1,0
2026-01-03,18,10:00,172,8,11.3,1,1,32.49,1,2026-01-03 08:00:00,2026-01-03 12:00:00,E,Bathurst St,1,0,0,0
2026-01-03,18,10:00,172,8,11.3,1,1,32.49,1,2026-01-03 08:00:00,2026-01-03 12:00:00,E,Yonge St - College Station,1,0,0,0
2026-01-03,18,10:00,172,8,11.3,1,1,32.49,1,2026-01-03 08:00:00,2026-01-03 12:00:00,E,Dundas St West at Sterling Rd,0,0,0,0
2026-01-03,18,10:00,172,8,11.3,1,1,32.49,1,2026-01-03 08:00:00,2026-01-03 12:00:00,E,Brock Ave,0,0,0,0
2026-01-03,18,10:00,172,8,11.3,1,1,32.49,1,2026-01-03 08:00:00,2026-01-03 12:00:00,E,Sackville St,1,0,0,0
2026-01-03,18,10:00,172,8,11.3,1,1,32.49,1,2026-01-03 08:00:00,2026-01-03 12:00:00,E,Carlaw Ave,3,0,0,0
2026-01-03,18,10:00,172,8,11.3,1,1,32.49,1,2026-01-03 08:00:00,2026-01-03 12:00:00,E,Borden St,1,0,0,0
2026-01-03,18,10:00,172,8,11.3,1,1,32.49,1,2026-01-03 08:00:00,2026-01-03 12:00:00,E,Dundas St West at Sorauren Ave,0,0,0,0
2026-01-03,18,10:00,172,8,11.3,1,1,32.49,1,2026-01-03 08:00:00,2026-01-03 12:00:00,E,Crawford St,0,0,0,0
2026-01-03,18,10:00,172,8,11.3,1,1,32.49,1,2026-01-03 08:00:00,2026-01-03 12:00:00,E,Pape Ave,3,0,0,0
2026-01-03,18,10:00,172,8,11.3,1,1,32.49,1,2026-01-03 08:00:00,2026-01-03 12:00:00,E,Spadina Ave,1,0,0,0
2026-01-03,18,10:00,172,8,11.3,1,1,32.49,1,2026-01-03 08:00:00,2026-01-03 12:00:00,E,River St,0,0,0,0
2026-01-03,18,10:00,172,8,11.3,1,1,32.49,1,2026-01-03 08:00:00,2026-01-03 12:00:00,E,Marjory Ave,3,0,0,0
2026-01-03,18,10:00,172,8,11.3,1,1,32.49,1,2026-01-03 08:00:00,2026-01-03 12:00:00,E,Kingsmount Park Rd,5,1,1,0
2026-01-03,18,10:00,172,8,11.3,1,1,32.49,1,2026-01-03 08:00:00,2026-01-03 12:00:00,E,Church St,2,0,0,0
2026-01-03,18,10:00,172,8,11.3,1,1,32.49,1,2026-01-03 08:00:00,2026-01-03 12:00:00,E,Ossington Ave,0,0,0,0
2026-01-03,18,10:00,172,8,11.3,1,1,32.49,1,2026-01-03 08:00:00,2026-01-03 12:00:00,E,Woodbine Ave,5,1,1,0
2026-01-03,18,10:00,172,8,11.3,1,1,32.49,1,2026-01-03 08:00:00,2026-01-03 12:00:00,E,Jones Ave,3,0,0,0
2026-01-03,18,10:00,172,8,11.3,1,1,32.49,1,2026-01-03 08:00:00,2026-01-03 12:00:00,E,Golfview Ave,5,1,1,0
2026-01-03,18,10:00,172,8,11.3,1,1,32.49,1,2026-01-03 08:00:00,2026-01-03 12:00:00,E,Leslie St,3,0,0,0
2026-01-03,18,10:00,172,8,11.3,1,1,32.49,1,2026-01-03 08:00:00,2026-01-03 12:00:00,E,St Matthews Rd,0,0,0,0
2026-01-03,18,10:00,172,8,11.3,1,1,32.49,1,2026-01-03 08:00:00,2026-01-03 12:00:00,E,Jarvis St,1,0,0,0
2026-01-03,18,10:00,172,8,11.3,1,1,32.49,1,2026-01-03 08:00:00,2026-01-03 12:00:00,E,Sherbourne St,1,0,0,0
2026-01-03,18,10:00,172,8,11.3,1,1,32.49,1,2026-01-03 08:00:00,2026-01-03 12:00:00,E,St George St,0,0,0,0
2026-01-03,18,10:00,172,8,11.3,1,1,32.49,1,2026-01-03 08:00:00,2026-01-03 12:00:00,E,Dovercourt Rd,0,0,0,0
2026-01-03,18,10:00,172,8,11.3,1,1,32.49,1,2026-01-03 08:00:00,2026-01-03 12:00:00,E,Glenmount Park Rd,4,1,1,0
2026-01-03,18,10:00,172,8,11.3,1,1,32.49,1,2026-01-03 08:00:00,2026-01-03 12:00:00,E,Prust Ave,0,0,0,0
2026-01-03,18,10:00,172,8,11.3,1,1,32.49,1,2026-01-03 08:00:00,2026-01-03 12:00:00,E,Main Street Station at Bay 7,0,0,0,0
2026-01-03,18,10:00,172,8,11.3,1,1,32.49,1,2026-01-03 08:00:00,2026-01-03 12:00:00,E,Norwood Rd,5,1,1,0
2026-01-03,18,10:00,172,8,11.3,1,1,32.49,1,2026-01-03 08:00:00,2026-01-03 12:00:00,E,McCaul St,1,0,0,0
2026-01-03,18,10:00,172,8,11.3,1,1,32.49,1,2026-01-03 08:00:00,2026-01-03 12:00:00,E,Broadview Ave,2,0,0,0
2026-01-03,18,10:00,172,8,11.3,1,1,32.49,1,2026-01-03 08:00:00,2026-01-03 12:00:00,E,Ontario St,1,0,0,0
2026-01-03,18,10:00,172,8,11.3,1,1,32.49,1,2026-01-03 08:00:00,2026-01-03 12:00:00,E,Rusholme Park Cres,0,0,0,0
2026-01-03,18,10:00,172,8,11.3,1,1,32.49,1,2026-01-03 08:00:00,2026-01-03 12:00:00,E,Havelock St,0,0,0,0
2026-01-03,18,10:00,172,8,11.3,1,1,32.49,1,2026-01-03 08:00:00,2026-01-03 12:00:00,E,High Park Loop,0,0,0,0
2026-01-03,18,10:00,172,8,11.3,1,1,32.49,1,2026-01-03 08:00:00,2026-01-03 12:00:00,E,Queens Park (Queen's Park Station),0,0,0,0
2026-01-03,18,10:00,172,8,11.3,1,1,32.49,1,2026-01-03 08:00:00,2026-01-03 12:00:00,E,Roncesvalles Ave,0,0,1,0
2026-01-03,18,10:00,172,8,11.3,1,1,32.49,1,2026-01-03 08:00:00,2026-01-03 12:00:00,E,De Grassi St,3,0,0,0
2026-01-03,18,10:00,172,8,11.3,1,1,32.49,1,2026-01-03 08:00:00,2026-01-03 12:00:00,E,Parliament St at Carlton St,0,0,0,0
2026-01-03,18,10:00,172,8,11.3,1,1,32.49,1,2026-01-03 08:00:00,2026-01-03 12:00:00,E,Parkside Dr East Side,0,0,1,0
2026-01-03,18,10:00,172,8,11.3,1,1,32.49,1,2026-01-03 08:00:00,2026-01-03 12:00:00,E,Dundas St West,0,0,0,0
2026-01-03,18,10:00,172,8,11.3,1,1,32.49,1,2026-01-03 08:00:00,2026-01-03 12:00:00,E,Howard Park Ave at Roncesvalles Ave,0,0,0,0
2026-01-03,18,10:00,172,8,11.3,1,1,32.49,1,2026-01-03 08:00:00,2026-01-03 12:00:00,E,Parliament St,0,0,0,0
2026-01-03,18,10:00,172,8,11.3,1,1,32.49,1,2026-01-03 08:00:00,2026-01-03 12:00:00,E,Parliament St at Gerrard St East,1,0,0,0
2026-01-03,18,10:00,172,8,11.3,1,1,32.49,1,2026-01-03 08:00:00,2026-01-03 12:00:00,E,Sumach St,1,0,0,0
2026-01-03,18,10:00,172,8,11.3,1,1,32.49,1,2026-01-03 08:00:00,2026-01-03 12:00:00,E,Blackburn St,2,0,0,0
2026-01-03,18,10:00,172,8,11.3,1,1,32.49,1,2026-01-03 08:00:00,2026-01-03 12:00:00,E,Logan Ave,3,0,0,0
2026-01-03,18,10:00,172,8,11.3,1,1,32.49,1,2026-01-03 08:00:00,2026-01-03 12:00:00,E,Augusta Ave,1,0,0,0
2026-01-03,18,10:00,172,8,11.3,1,1,32.49,1,2026-01-03 08:00:00,2026-01-03 12:00:00,E,Beverley St,1,0,0,0
2026-01-03,18,10:00,172,8,11.3,1,1,32.49,1,2026-01-03 08:00:00,2026-01-03 12:00:00,E,University Ave (Queen's Park Station,2,0,0,0
2026-01-03,18,10:00,172,8,11.3,1,1,32.49,1,2026-01-03 08:00:00,2026-01-03 12:00:00,E,Elizabeth St,1,0,0,0
2026-01-03,18,10:00,172,8,11.3,1,1,32.49,1,2026-01-03 08:00:00,2026-01-03 12:00:00,E,Greenwood Ave,3,0,0,0
2026-01-03,18,10:00,172,8,11.3,1,1,32.49,1,2026-01-03 08:00:00,2026-01-03 12:00:00,E,Alton Ave,3,1,0,0
2026-01-03,18,10:00,172,8,11.3,1,1,32.49,1,2026-01-03 08:00:00,2026-01-03 12:00:00,E,Coxwell Ave,4,1,0,0
2026-01-03,18,10:00,172,8,11.3,1,1,32.49,1,2026-01-03 08:00:00,2026-01-03 12:00:00,E,Gerrard St East  at Coxwell Ave,0,0,0,0
2026-01-03,18,10:00,172,8,11.3,1,1,32.49,1,2026-01-03 08:00:00,2026-01-03 12:00:00,E,Coxwell Ave at Lower Gerrard St East,0,0,0,0
2026-01-03,18,10:00,172,8,11.3,1,1,32.49,1,2026-01-03 08:00:00,2026-01-03 12:00:00,E,Ashdale Ave,0,0,0,0
2026-01-03,18,10:00,172,8,11.3,1,1,32.49,1,2026-01-03 08:00:00,2026-01-03 12:00:00,E,Howard Park Ave at Indian Rd,0,0,0,0
2026-01-03,18,10:00,172,8,11.3,1,1,32.49,1,2026-01-03 08:00:00,2026-01-03 12:00:00,E,Dundas St West at Howard Park Ave,0,0,0,0
2026-01-03,18,10:00,172,8,11.3,1,1,32.49,1,2026-01-03 08:00:00,2026-01-03 12:00:00,E,Main St at Gerrard St East,0,0,0,0
2026-01-03,18,10:00,172,8,11.3,1,1,32.49,1,2026-01-03 08:00:00,2026-01-03 12:00:00,E,Main St,5,1,1,0
2026-01-03,18,10:00,172,8,11.3,1,1,32.49,1,2026-01-03 08:00:00,2026-01-03 12:00:00,E,Main St at Danforth Ave,0,0,0,0
2026-01-03,18,10:00,172,8,11.3,1,1,32.49,1,2026-01-03 08:00:00,2026-01-03 12:00:00,E,Howard Park Ave at Parkside Dr,0,0,0,0
2026-01-03,18,10:00,172,8,11.3,1,1,32.49,1,2026-01-03 08:00:00,2026-01-03 12:00:00,W,Woodfield Rd,2,0,0,0
2026-01-03,18,10:00,172,8,11.3,1,1,32.49,1,2026-01-03 08:00:00,2026-01-03 12:00:00,W,Coxwell Ave at Gerrard St East,0,0,0,0
2026-01-03,18,10:00,172,8,11.3,1,1,32.49,1,2026-01-03 08:00:00,2026-01-03 12:00:00,W,Euclid Ave,0,0,0,0
2026-01-03,18,10:00,172,8,11.3,1,1,32.49,1,2026-01-03 08:00:00,2026-01-03 12:00:00,W,Bowmore Rd,0,1,0,0
2026-01-03,18,10:00,172,8,11.3,1,1,32.49,1,2026-01-03 08:00:00,2026-01-03 12:00:00,W,Bay St,0,0,0,0
2026-01-03,18,10:00,172,8,11.3,1,1,32.49,1,2026-01-03 08:00:00,2026-01-03 12:00:00,W,Lansdowne Ave,0,0,0,0
2026-01-03,18,10:00,172,8,11.3,1,1,32.49,1,2026-01-03 08:00:00,2026-01-03 12:00:00,W,Indian Rd,0,0,0,0
2026-01-03,18,10:00,172,8,11.3,1,1,32.49,1,2026-01-03 08:00:00,2026-01-03 12:00:00,W,Grace St,0,0,0,0
2026-01-03,18,10:00,172,8,11.3,1,1,32.49,1,2026-01-03 08:00:00,2026-01-03 12:00:00,W,Dufferin St,0,0,0,0
2026-01-03,18,10:00,172,8,11.3,1,1,32.49,1,2026-01-03 08:00:00,2026-01-03 12:00:00,W,Gerrard St East at Beaton Ave,0,0,0,0
2026-01-03,18,10:00,172,8,11.3,1,1,32.49,1,2026-01-03 08:00:00,2026-01-03 12:00:00,W,Bathurst St,0,0,0,0
2026-01-03,18,10:00,172,8,11.3,1,1,32.49,1,2026-01-03 08:00:00,2026-01-03 12:00:00,W,Yonge St - College Station,0,0,0,0
2026-01-03,18,10:00,172,8,11.3,1,1,32.49,1,2026-01-03 08:00:00,2026-01-03 12:00:00,W,Dundas St West at Sterling Rd,0,0,0,0
2026-01-03,18,10:00,172,8,11.3,1,1,32.49,1,2026-01-03 08:00:00,2026-01-03 12:00:00,W,Brock Ave,0,0,0,0
2026-01-03,18,10:00,172,8,11.3,1,1,32.49,1,2026-01-03 08:00:00,2026-01-03 12:00:00,W,Sackville St,0,0,0,0
2026-01-03,18,10:00,172,8,11.3,1,1,32.49,1,2026-01-03 08:00:00,2026-01-03 12:00:00,W,Carlaw Ave,0,0,0,0
2026-01-03,18,10:00,172,8,11.3,1,1,32.49,1,2026-01-03 08:00:00,2026-01-03 12:00:00,W,Borden St,0,0,0,0
2026-01-03,18,10:00,172,8,11.3,1,1,32.49,1,2026-01-03 08:00:00,2026-01-03 12:00:00,W,Dundas St West at Sorauren Ave,0,0,0,0
2026-01-03,18,10:00,172,8,11.3,1,1,32.49,1,2026-01-03 08:00:00,2026-01-03 12:00:00,W,Crawford St,0,0,0,0
2026-01-03,18,10:00,172,8,11.3,1,1,32.49,1,2026-01-03 08:00:00,2026-01-03 12:00:00,W,Pape Ave,0,0,0,0
2026-01-03,18,10:00,172,8,11.3,1,1,32.49,1,2026-01-03 08:00:00,2026-01-03 12:00:00,W,Spadina Ave,0,0,0,0
2026-01-03,18,10:00,172,8,11.3,1,1,32.49,1,2026-01-03 08:00:00,2026-01-03 12:00:00,W,River St,6,0,1,0
2026-01-03,18,10:00,172,8,11.3,1,1,32.49,1,2026-01-03 08:00:00,2026-01-03 12:00:00,W,Marjory Ave,0,0,0,0
2026-01-03,18,10:00,172,8,11.3,1,1,32.49,1,2026-01-03 08:00:00,2026-01-03 12:00:00,W,Kingsmount Park Rd,0,0,0,0
2026-01-03,18,10:00,172,8,11.3,1,1,32.49,1,2026-01-03 08:00:00,2026-01-03 12:00:00,W,Church St,0,0,0,0
2026-01-03,18,10:00,172,8,11.3,1,1,32.49,1,2026-01-03 08:00:00,2026-01-03 12:00:00,W,Ossington Ave,0,0,0,0
2026-01-03,18,10:00,172,8,11.3,1,1,32.49,1,2026-01-03 08:00:00,2026-01-03 12:00:00,W,Woodbine Ave,0,0,0,0
2026-01-03,18,10:00,172,8,11.3,1,1,32.49,1,2026-01-03 08:00:00,2026-01-03 12:00:00,W,Jones Ave,0,0,0,0
2026-01-03,18,10:00,172,8,11.3,1,1,32.49,1,2026-01-03 08:00:00,2026-01-03 12:00:00,W,Golfview Ave,0,0,0,0
2026-01-03,18,10:00,172,8,11.3,1,1,32.49,1,2026-01-03 08:00:00,2026-01-03 12:00:00,W,Leslie St,0,0,0,0
2026-01-03,18,10:00,172,8,11.3,1,1,32.49,1,2026-01-03 08:00:00,2026-01-03 12:00:00,W,St Matthews Rd,3,0,1,0
2026-01-03,18,10:00,172,8,11.3,1,1,32.49,1,2026-01-03 08:00:00,2026-01-03 12:00:00,W,Jarvis St,0,0,0,0
2026-01-03,18,10:00,172,8,11.3,1,1,32.49,1,2026-01-03 08:00:00,2026-01-03 12:00:00,W,Sherbourne St,0,0,0,0
2026-01-03,18,10:00,172,8,11.3,1,1,32.49,1,2026-01-03 08:00:00,2026-01-03 12:00:00,W,St George St,5,1,2,0
2026-01-03,18,10:00,172,8,11.3,1,1,32.49,1,2026-01-03 08:00:00,2026-01-03 12:00:00,W,Dovercourt Rd,0,0,0,0
2026-01-03,18,10:00,172,8,11.3,1,1,32.49,1,2026-01-03 08:00:00,2026-01-03 12:00:00,W,Glenmount Park Rd,0,0,0,0
2026-01-03,18,10:00,172,8,11.3,1,1,32.49,1,2026-01-03 08:00:00,2026-01-03 12:00:00,W,Prust Ave,2,0,0,0
2026-01-03,18,10:00,172,8,11.3,1,1,32.49,1,2026-01-03 08:00:00,2026-01-03 12:00:00,W,Main Street Station at Bay 7,0,0,0,0
2026-01-03,18,10:00,172,8,11.3,1,1,32.49,1,2026-01-03 08:00:00,2026-01-03 12:00:00,W,Norwood Rd,0,0,0,0
2026-01-03,18,10:00,172,8,11.3,1,1,32.49,1,2026-01-03 08:00:00,2026-01-03 12:00:00,W,McCaul St,0,0,0,0
2026-01-03,18,10:00,172,8,11.3,1,1,32.49,1,2026-01-03 08:00:00,2026-01-03 12:00:00,W,Broadview Ave,0,0,0,0
2026-01-03,18,10:00,172,8,11.3,1,1,32.49,1,2026-01-03 08:00:00,2026-01-03 12:00:00,W,Ontario St,0,0,0,0
2026-01-03,18,10:00,172,8,11.3,1,1,32.49,1,2026-01-03 08:00:00,2026-01-03 12:00:00,W,Rusholme Park Cres,0,0,0,0
2026-01-03,18,10:00,172,8,11.3,1,1,32.49,1,2026-01-03 08:00:00,2026-01-03 12:00:00,W,Havelock St,2,1,2,0
2026-01-03,18,10:00,172,8,11.3,1,1,32.49,1,2026-01-03 08:00:00,2026-01-03 12:00:00,W,High Park Loop,0,0,0,0
2026-01-03,18,10:00,172,8,11.3,1,1,32.49,1,2026-01-03 08:00:00,2026-01-03 12:00:00,W,Queens Park (Queen's Park Station),6,1,2,0
2026-01-03,18,10:00,172,8,11.3,1,1,32.49,1,2026-01-03 08:00:00,2026-01-03 12:00:00,W,Roncesvalles Ave,0,0,0,0
2026-01-03,18,10:00,172,8,11.3,1,1,32.49,1,2026-01-03 08:00:00,2026-01-03 12:00:00,W,De Grassi St,0,0,0,0
2026-01-03,18,10:00,172,8,11.3,1,1,32.49,1,2026-01-03 08:00:00,2026-01-03 12:00:00,W,Parliament St at Carlton St,5,0,1,0
2026-01-03,18,10:00,172,8,11.3,1,1,32.49,1,2026-01-03 08:00:00,2026-01-03 12:00:00,W,Parkside Dr East Side,0,0,0,0
2026-01-03,18,10:00,172,8,11.3,1,1,32.49,1,2026-01-03 08:00:00,2026-01-03 12:00:00,W,Dundas St West,0,0,0,0
2026-01-03,18,10:00,172,8,11.3,1,1,32.49,1,2026-01-03 08:00:00,2026-01-03 12:00:00,W,Howard Park Ave at Roncesvalles Ave,4,1,0,0
2026-01-03,18,10:00,172,8,11.3,1,1,32.49,1,2026-01-03 08:00:00,2026-01-03 12:00:00,W,Parliament St,6,0,1,0
2026-01-03,18,10:00,172,8,11.3,1,1,32.49,1,2026-01-03 08:00:00,2026-01-03 12:00:00,W,Parliament St at Gerrard St East,0,0,0,0
2026-01-03,18,10:00,172,8,11.3,1,1,32.49,1,2026-01-03 08:00:00,2026-01-03 12:00:00,W,Sumach St,0,0,0,0
2026-01-03,18,10:00,172,8,11.3,1,1,32.49,1,2026-01-03 08:00:00,2026-01-03 12:00:00,W,Blackburn St,0,0,0,0
2026-01-03,18,10:00,172,8,11.3,1,1,32.49,1,2026-01-03 08:00:00,2026-01-03 12:00:00,W,Logan Ave,0,0,0,0
2026-01-03,18,10:00,172,8,11.3,1,1,32.49,1,2026-01-03 08:00:00,2026-01-03 12:00:00,W,Augusta Ave,0,0,0,0
2026-01-03,18,10:00,172,8,11.3,1,1,32.49,1,2026-01-03 08:00:00,2026-01-03 12:00:00,W,Beverley St,0,0,0,0
2026-01-03,18,10:00,172,8,11.3,1,1,32.49,1,2026-01-03 08:00:00,2026-01-03 12:00:00,W,University Ave (Queen's Park Station,0,0,0,0
2026-01-03,18,10:00,172,8,11.3,1,1,32.49,1,2026-01-03 08:00:00,2026-01-03 12:00:00,W,Elizabeth St,0,0,0,0
2026-01-03,18,10:00,172,8,11.3,1,1,32.49,1,2026-01-03 08:00:00,2026-01-03 12:00:00,W,Greenwood Ave,0,0,0,0
2026-01-03,18,10:00,172,8,11.3,1,1,32.49,1,2026-01-03 08:00:00,2026-01-03 12:00:00,W,Alton Ave,0,0,0,0
2026-01-03,18,10:00,172,8,11.3,1,1,32.49,1,2026-01-03 08:00:00,2026-01-03 12:00:00,W,Coxwell Ave,0,0,0,0
2026-01-03,18,10:00,172,8,11.3,1,1,32.49,1,2026-01-03 08:00:00,2026-01-03 12:00:00,W,Gerrard St East  at Coxwell Ave,0,1,0,0
2026-01-03,18,10:00,172,8,11.3,1,1,32.49,1,2026-01-03 08:00:00,2026-01-03 12:00:00,W,Coxwell Ave at Lower Gerrard St East,0,0,0,0
2026-01-03,18,10:00,172,8,11.3,1,1,32.49,1,2026-01-03 08:00:00,2026-01-03 12:00:00,W,Ashdale Ave,2,0,0,0
2026-01-03,18,10:00,172,8,11.3,1,1,32.49,1,2026-01-03 08:00:00,2026-01-03 12:00:00,W,Howard Park Ave at Indian Rd,3,1,1,0
2026-01-03,18,10:00,172,8,11.3,1,1,32.49,1,2026-01-03 08:00:00,2026-01-03 12:00:00,W,Dundas St West at Howard Park Ave,2,1,0,0
2026-01-03,18,10:00,172,8,11.3,1,1,32.49,1,2026-01-03 08:00:00,2026-01-03 12:00:00,W,Main St at Gerrard St East,0,1,1,0
2026-01-03,18,10:00,172,8,11.3,1,1,32.49,1,2026-01-03 08:00:00,2026-01-03 12:00:00,W,Main St,0,0,0,0
2026-01-03,18,10:00,172,8,11.3,1,1,32.49,1,2026-01-03 08:00:00,2026-01-03 12:00:00,W,Main St at Danforth Ave,0,0,0,0
2026-01-03,18,10:00,172,8,11.3,1,1,32.49,1,2026-01-03 08:00:00,2026-01-03 12:00:00,W,Howard Park Ave at Parkside Dr,3,1,1,0
2026-01-10,18,10:00,172,8,11.3,1,1,32.49,1,2026-01-10 08:00:00,2026-01-10 12:00:00,E,Woodfield Rd,0,0,0,0
2026-01-10,18,10:00,172,8,11.3,1,1,32.49,1,2026-01-10 08:00:00,2026-01-10 12:00:00,E,Coxwell Ave at Gerrard St East,3,3,0,0
2026-01-10,18,10:00,172,8,11.3,1,1,32.49,1,2026-01-10 08:00:00,2026-01-10 12:00:00,E,Euclid Ave,0,0,0,0
2026-01-10,18,10:00,172,8,11.3,1,1,32.49,1,2026-01-10 08:00:00,2026-01-10 12:00:00,E,Bowmore Rd,0,0,0,0
2026-01-10,18,10:00,172,8,11.3,1,1,32.49,1,2026-01-10 08:00:00,2026-01-10 12:00:00,E,Bay St,0,0,0,0
2026-01-10,18,10:00,172,8,11.3,1,1,32.49,1,2026-01-10 08:00:00,2026-01-10 12:00:00,E,Lansdowne Ave,0,0,0,0
2026-01-10,18,10:00,172,8,11.3,1,1,32.49,1,2026-01-10 08:00:00,2026-01-10 12:00:00,E,Indian Rd,0,0,1,0
2026-01-10,18,10:00,172,8,11.3,1,1,32.49,1,2026-01-10 08:00:00,2026-01-10 12:00:00,E,Grace St,0,0,0,0
2026-01-10,18,10:00,172,8,11.3,1,1,32.49,1,2026-01-10 08:00:00,2026-01-10 12:00:00,E,Dufferin St,0,0,0,0
2026-01-10,18,10:00,172,8,11.3,1,1,32.49,1,2026-01-10 08:00:00,2026-01-10 12:00:00,E,Gerrard St East at Beaton Ave,3,3,0,0
2026-01-10,18,10:00,172,8,11.3,1,1,32.49,1,2026-01-10 08:00:00,2026-01-10 12:00:00,E,Bathurst St,1,0,0,0
2026-01-10,18,10:00,172,8,11.3,1,1,32.49,1,2026-01-10 08:00:00,2026-01-10 12:00:00,E,Yonge St - College Station,0,0,0,0
2026-01-10,18,10:00,172,8,11.3,1,1,32.49,1,2026-01-10 08:00:00,2026-01-10 12:00:00,E,Dundas St West at Sterling Rd,0,1,0,0
2026-01-10,18,10:00,172,8,11.3,1,1,32.49,1,2026-01-10 08:00:00,2026-01-10 12:00:00,E,Brock Ave,0,0,0,0
2026-01-10,18,10:00,172,8,11.3,1,1,32.49,1,2026-01-10 08:00:00,2026-01-10 12:00:00,E,Sackville St,0,0,0,0
2026-01-10,18,10:00,172,8,11.3,1,1,32.49,1,2026-01-10 08:00:00,2026-01-10 12:00:00,E,Carlaw Ave,1,2,0,0
2026-01-10,18,10:00,172,8,11.3,1,1,32.49,1,2026-01-10 08:00:00,2026-01-10 12:00:00,E,Borden St,0,0,0,0
2026-01-10,18,10:00,172,8,11.3,1,1,32.49,1,2026-01-10 08:00:00,2026-01-10 12:00:00,E,Dundas St West at Sorauren Ave,0,0,0,0
2026-01-10,18,10:00,172,8,11.3,1,1,32.49,1,2026-01-10 08:00:00,2026-01-10 12:00:00,E,Crawford St,0,0,0,0
2026-01-10,18,10:00,172,8,11.3,1,1,32.49,1,2026-01-10 08:00:00,2026-01-10 12:00:00,E,Pape Ave,2,1,0,0
2026-01-10,18,10:00,172,8,11.3,1,1,32.49,1,2026-01-10 08:00:00,2026-01-10 12:00:00,E,Spadina Ave,0,0,0,0
2026-01-10,18,10:00,172,8,11.3,1,1,32.49,1,2026-01-10 08:00:00,2026-01-10 12:00:00,E,River St,0,0,0,0
2026-01-10,18,10:00,172,8,11.3,1,1,32.49,1,2026-01-10 08:00:00,2026-01-10 12:00:00,E,Marjory Ave,3,1,0,0
2026-01-10,18,10:00,172,8,11.3,1,1,32.49,1,2026-01-10 08:00:00,2026-01-10 12:00:00,E,Kingsmount Park Rd,2,3,0,0
2026-01-10,18,10:00,172,8,11.3,1,1,32.49,1,2026-01-10 08:00:00,2026-01-10 12:00:00,E,Church St,0,0,0,0
2026-01-10,18,10:00,172,8,11.3,1,1,32.49,1,2026-01-10 08:00:00,2026-01-10 12:00:00,E,Ossington Ave,0,0,0,0
2026-01-10,18,10:00,172,8,11.3,1,1,32.49,1,2026-01-10 08:00:00,2026-01-10 12:00:00,E,Woodbine Ave,4,3,0,0
2026-01-10,18,10:00,172,8,11.3,1,1,32.49,1,2026-01-10 08:00:00,2026-01-10 12:00:00,E,Jones Ave,2,1,0,0
2026-01-10,18,10:00,172,8,11.3,1,1,32.49,1,2026-01-10 08:00:00,2026-01-10 12:00:00,E,Golfview Ave,4,3,0,0
2026-01-10,18,10:00,172,8,11.3,1,1,32.49,1,2026-01-10 08:00:00,2026-01-10 12:00:00,E,Leslie St,2,1,0,0
2026-01-10,18,10:00,172,8,11.3,1,1,32.49,1,2026-01-10 08:00:00,2026-01-10 12:00:00,E,St Matthews Rd,0,0,0,0
2026-01-10,18,10:00,172,8,11.3,1,1,32.49,1,2026-01-10 08:00:00,2026-01-10 12:00:00,E,Jarvis St,0,0,0,0
2026-01-10,18,10:00,172,8,11.3,1,1,32.49,1,2026-01-10 08:00:00,2026-01-10 12:00:00,E,Sherbourne St,0,0,0,0
2026-01-10,18,10:00,172,8,11.3,1,1,32.49,1,2026-01-10 08:00:00,2026-01-10 12:00:00,E,St George St,0,0,0,0
2026-01-10,18,10:00,172,8,11.3,1,1,32.49,1,2026-01-10 08:00:00,2026-01-10 12:00:00,E,Dovercourt Rd,0,0,0,0
2026-01-10,18,10:00,172,8,11.3,1,1,32.49,1,2026-01-10 08:00:00,2026-01-10 12:00:00,E,Glenmount Park Rd,4,3,0,0
2026-01-10,18,10:00,172,8,11.3,1,1,32.49,1,2026-01-10 08:00:00,2026-01-10 12:00:00,E,Prust Ave,0,0,0,0
2026-01-10,18,10:00,172,8,11.3,1,1,32.49,1,2026-01-10 08:00:00,2026-01-10 12:00:00,E,Main Street Station at Bay 7,0,0,0,0
2026-01-10,18,10:00,172,8,11.3,1,1,32.49,1,2026-01-10 08:00:00,2026-01-10 12:00:00,E,Norwood Rd,3,4,0,0
2026-01-10,18,10:00,172,8,11.3,1,1,32.49,1,2026-01-10 08:00:00,2026-01-10 12:00:00,E,McCaul St,0,0,0,0
2026-01-10,18,10:00,172,8,11.3,1,1,32.49,1,2026-01-10 08:00:00,2026-01-10 12:00:00,E,Broadview Ave,0,0,0,0
2026-01-10,18,10:00,172,8,11.3,1,1,32.49,1,2026-01-10 08:00:00,2026-01-10 12:00:00,E,Ontario St,0,0,0,0
2026-01-10,18,10:00,172,8,11.3,1,1,32.49,1,2026-01-10 08:00:00,2026-01-10 12:00:00,E,Rusholme Park Cres,0,0,0,0
2026-01-10,18,10:00,172,8,11.3,1,1,32.49,1,2026-01-10 08:00:00,2026-01-10 12:00:00,E,Havelock St,0,0,0,0
2026-01-10,18,10:00,172,8,11.3,1,1,32.49,1,2026-01-10 08:00:00,2026-01-10 12:00:00,E,High Park Loop,0,0,0,0
2026-01-10,18,10:00,172,8,11.3,1,1,32.49,1,2026-01-10 08:00:00,2026-01-10 12:00:00,E,Queens Park (Queen's Park Station),0,0,0,0
2026-01-10,18,10:00,172,8,11.3,1,1,32.49,1,2026-01-10 08:00:00,2026-01-10 12:00:00,E,Roncesvalles Ave,0,0,1,0
2026-01-10,18,10:00,172,8,11.3,1,1,32.49,1,2026-01-10 08:00:00,2026-01-10 12:00:00,E,De Grassi St,0,2,0,0
2026-01-10,18,10:00,172,8,11.3,1,1,32.49,1,2026-01-10 08:00:00,2026-01-10 12:00:00,E,Parliament St at Carlton St,0,0,0,0
2026-01-10,18,10:00,172,8,11.3,1,1,32.49,1,2026-01-10 08:00:00,2026-01-10 12:00:00,E,Parkside Dr East Side,0,0,0,0
2026-01-10,18,10:00,172,8,11.3,1,1,32.49,1,2026-01-10 08:00:00,2026-01-10 12:00:00,E,Dundas St West,0,0,0,0
2026-01-10,18,10:00,172,8,11.3,1,1,32.49,1,2026-01-10 08:00:00,2026-01-10 12:00:00,E,Howard Park Ave at Roncesvalles Ave,0,0,0,0
2026-01-10,18,10:00,172,8,11.3,1,1,32.49,1,2026-01-10 08:00:00,2026-01-10 12:00:00,E,Parliament St,0,0,0,0
2026-01-10,18,10:00,172,8,11.3,1,1,32.49,1,2026-01-10 08:00:00,2026-01-10 12:00:00,E,Parliament St at Gerrard St East,0,0,0,0
2026-01-10,18,10:00,172,8,11.3,1,1,32.49,1,2026-01-10 08:00:00,2026-01-10 12:00:00,E,Sumach St,0,0,0,0
2026-01-10,18,10:00,172,8,11.3,1,1,32.49,1,2026-01-10 08:00:00,2026-01-10 12:00:00,E,Blackburn St,0,0,0,0
2026-01-10,18,10:00,172,8,11.3,1,1,32.49,1,2026-01-10 08:00:00,2026-01-10 12:00:00,E,Logan Ave,1,2,0,0
2026-01-10,18,10:00,172,8,11.3,1,1,32.49,1,2026-01-10 08:00:00,2026-01-10 12:00:00,E,Augusta Ave,0,0,0,0
2026-01-10,18,10:00,172,8,11.3,1,1,32.49,1,2026-01-10 08:00:00,2026-01-10 12:00:00,E,Beverley St,0,0,0,0
2026-01-10,18,10:00,172,8,11.3,1,1,32.49,1,2026-01-10 08:00:00,2026-01-10 12:00:00,E,University Ave (Queen's Park Station,0,0,0,0
2026-01-10,18,10:00,172,8,11.3,1,1,32.49,1,2026-01-10 08:00:00,2026-01-10 12:00:00,E,Elizabeth St,0,0,0,0
2026-01-10,18,10:00,172,8,11.3,1,1,32.49,1,2026-01-10 08:00:00,2026-01-10 12:00:00,E,Greenwood Ave,3,1,0,0
2026-01-10,18,10:00,172,8,11.3,1,1,32.49,1,2026-01-10 08:00:00,2026-01-10 12:00:00,E,Alton Ave,2,1,0,0
2026-01-10,18,10:00,172,8,11.3,1,1,32.49,1,2026-01-10 08:00:00,2026-01-10 12:00:00,E,Coxwell Ave,4,1,0,0
2026-01-10,18,10:00,172,8,11.3,1,1,32.49,1,2026-01-10 08:00:00,2026-01-10 12:00:00,E,Gerrard St East  at Coxwell Ave,0,0,0,0
2026-01-10,18,10:00,172,8,11.3,1,1,32.49,1,2026-01-10 08:00:00,2026-01-10 12:00:00,E,Coxwell Ave at Lower Gerrard St East,0,0,0,0
2026-01-10,18,10:00,172,8,11.3,1,1,32.49,1,2026-01-10 08:00:00,2026-01-10 12:00:00,E,Ashdale Ave,0,0,0,0
2026-01-10,18,10:00,172,8,11.3,1,1,32.49,1,2026-01-10 08:00:00,2026-01-10 12:00:00,E,Howard Park Ave at Indian Rd,0,0,0,0
2026-01-10,18,10:00,172,8,11.3,1,1,32.49,1,2026-01-10 08:00:00,2026-01-10 12:00:00,E,Dundas St West at Howard Park Ave,0,0,0,0
2026-01-10,18,10:00,172,8,11.3,1,1,32.49,1,2026-01-10 08:00:00,2026-01-10 12:00:00,E,Main St at Gerrard St East,0,0,0,0
2026-01-10,18,10:00,172,8,11.3,1,1,32.49,1,2026-01-10 08:00:00,2026-01-10 12:00:00,E,Main St,5,3,0,0
2026-01-10,18,10:00,172,8,11.3,1,1,32.49,1,2026-01-10 08:00:00,2026-01-10 12:00:00,E,Main St at Danforth Ave,0,0,0,0
2026-01-10,18,10:00,172,8,11.3,1,1,32.49,1,2026-01-10 08:00:00,2026-01-10 12:00:00,E,Howard Park Ave at Parkside Dr,0,0,0,0
2026-01-10,18,10:00,172,8,11.3,1,1,32.49,1,2026-01-10 08:00:00,2026-01-10 12:00:00,W,Woodfield Rd,3,1,1,0
2026-01-10,18,10:00,172,8,11.3,1,1,32.49,1,2026-01-10 08:00:00,2026-01-10 12:00:00,W,Coxwell Ave at Gerrard St East,0,0,0,0
2026-01-10,18,10:00,172,8,11.3,1,1,32.49,1,2026-01-10 08:00:00,2026-01-10 12:00:00,W,Euclid Ave,0,0,0,0
2026-01-10,18,10:00,172,8,11.3,1,1,32.49,1,2026-01-10 08:00:00,2026-01-10 12:00:00,W,Bowmore Rd,1,1,1,0
2026-01-10,18,10:00,172,8,11.3,1,1,32.49,1,2026-01-10 08:00:00,2026-01-10 12:00:00,W,Bay St,0,0,0,0
2026-01-10,18,10:00,172,8,11.3,1,1,32.49,1,2026-01-10 08:00:00,2026-01-10 12:00:00,W,Lansdowne Ave,0,0,0,0
2026-01-10,18,10:00,172,8,11.3,1,1,32.49,1,2026-01-10 08:00:00,2026-01-10 12:00:00,W,Indian Rd,0,0,0,0
2026-01-10,18,10:00,172,8,11.3,1,1,32.49,1,2026-01-10 08:00:00,2026-01-10 12:00:00,W,Grace St,0,0,0,0
2026-01-10,18,10:00,172,8,11.3,1,1,32.49,1,2026-01-10 08:00:00,2026-01-10 12:00:00,W,Dufferin St,0,0,0,0
2026-01-10,18,10:00,172,8,11.3,1,1,32.49,1,2026-01-10 08:00:00,2026-01-10 12:00:00,W,Gerrard St East at Beaton Ave,0,0,0,0
2026-01-10,18,10:00,172,8,11.3,1,1,32.49,1,2026-01-10 08:00:00,2026-01-10 12:00:00,W,Bathurst St,0,0,0,0
2026-01-10,18,10:00,172,8,11.3,1,1,32.49,1,2026-01-10 08:00:00,2026-01-10 12:00:00,W,Yonge St - College Station,0,0,0,0
2026-01-10,18,10:00,172,8,11.3,1,1,32.49,1,2026-01-10 08:00:00,2026-01-10 12:00:00,W,Dundas St West at Sterling Rd,0,0,0,0
2026-01-10,18,10:00,172,8,11.3,1,1,32.49,1,2026-01-10 08:00:00,2026-01-10 12:00:00,W,Brock Ave,0,0,0,0
2026-01-10,18,10:00,172,8,11.3,1,1,32.49,1,2026-01-10 08:00:00,2026-01-10 12:00:00,W,Sackville St,0,0,0,0
2026-01-10,18,10:00,172,8,11.3,1,1,32.49,1,2026-01-10 08:00:00,2026-01-10 12:00:00,W,Carlaw Ave,0,0,0,0
2026-01-10,18,10:00,172,8,11.3,1,1,32.49,1,2026-01-10 08:00:00,2026-01-10 12:00:00,W,Borden St,0,0,0,0
2026-01-10,18,10:00,172,8,11.3,1,1,32.49,1,2026-01-10 08:00:00,2026-01-10 12:00:00,W,Dundas St West at Sorauren Ave,0,0,0,0
2026-01-10,18,10:00,172,8,11.3,1,1,32.49,1,2026-01-10 08:00:00,2026-01-10 12:00:00,W,Crawford St,0,0,0,0
2026-01-10,18,10:00,172,8,11.3,1,1,32.49,1,2026-01-10 08:00:00,2026-01-10 12:00:00,W,Pape Ave,0,0,0,0
2026-01-10,18,10:00,172,8,11.3,1,1,32.49,1,2026-01-10 08:00:00,2026-01-10 12:00:00,W,Spadina Ave,0,0,0,0
2026-01-10,18,10:00,172,8,11.3,1,1,32.49,1,2026-01-10 08:00:00,2026-01-10 12:00:00,W,River St,2,0,0,0
2026-01-10,18,10:00,172,8,11.3,1,1,32.49,1,2026-01-10 08:00:00,2026-01-10 12:00:00,W,Marjory Ave,0,0,0,0
2026-01-10,18,10:00,172,8,11.3,1,1,32.49,1,2026-01-10 08:00:00,2026-01-10 12:00:00,W,Kingsmount Park Rd,0,0,0,0
2026-01-10,18,10:00,172,8,11.3,1,1,32.49,1,2026-01-10 08:00:00,2026-01-10 12:00:00,W,Church St,0,0,0,0
2026-01-10,18,10:00,172,8,11.3,1,1,32.49,1,2026-01-10 08:00:00,2026-01-10 12:00:00,W,Ossington Ave,0,0,0,0
2026-01-10,18,10:00,172,8,11.3,1,1,32.49,1,2026-01-10 08:00:00,2026-01-10 12:00:00,W,Woodbine Ave,0,0,0,0
2026-01-10,18,10:00,172,8,11.3,1,1,32.49,1,2026-01-10 08:00:00,2026-01-10 12:00:00,W,Jones Ave,0,0,0,0
2026-01-10,18,10:00,172,8,11.3,1,1,32.49,1,2026-01-10 08:00:00,2026-01-10 12:00:00,W,Golfview Ave,0,0,0,0
2026-01-10,18,10:00,172,8,11.3,1,1,32.49,1,2026-01-10 08:00:00,2026-01-10 12:00:00,W,Leslie St,0,0,0,0
2026-01-10,18,10:00,172,8,11.3,1,1,32.49,1,2026-01-10 08:00:00,2026-01-10 12:00:00,W,St Matthews Rd,2,0,1,0
2026-01-10,18,10:00,172,8,11.3,1,1,32.49,1,2026-01-10 08:00:00,2026-01-10 12:00:00,W,Jarvis St,0,0,0,0
2026-01-10,18,10:00,172,8,11.3,1,1,32.49,1,2026-01-10 08:00:00,2026-01-10 12:00:00,W,Sherbourne St,0,0,0,0
2026-01-10,18,10:00,172,8,11.3,1,1,32.49,1,2026-01-10 08:00:00,2026-01-10 12:00:00,W,St George St,4,0,2,0
2026-01-10,18,10:00,172,8,11.3,1,1,32.49,1,2026-01-10 08:00:00,2026-01-10 12:00:00,W,Dovercourt Rd,0,0,0,0
2026-01-10,18,10:00,172,8,11.3,1,1,32.49,1,2026-01-10 08:00:00,2026-01-10 12:00:00,W,Glenmount Park Rd,0,0,0,0
2026-01-10,18,10:00,172,8,11.3,1,1,32.49,1,2026-01-10 08:00:00,2026-01-10 12:00:00,W,Prust Ave,2,0,1,0
2026-01-10,18,10:00,172,8,11.3,1,1,32.49,1,2026-01-10 08:00:00,2026-01-10 12:00:00,W,Main Street Station at Bay 7,0,0,0,0
2026-01-10,18,10:00,172,8,11.3,1,1,32.49,1,2026-01-10 08:00:00,2026-01-10 12:00:00,W,Norwood Rd,0,0,0,0
2026-01-10,18,10:00,172,8,11.3,1,1,32.49,1,2026-01-10 08:00:00,2026-01-10 12:00:00,W,McCaul St,0,0,0,0
2026-01-10,18,10:00,172,8,11.3,1,1,32.49,1,2026-01-10 08:00:00,2026-01-10 12:00:00,W,Broadview Ave,0,0,0,0
2026-01-10,18,10:00,172,8,11.3,1,1,32.49,1,2026-01-10 08:00:00,2026-01-10 12:00:00,W,Ontario St,0,0,0,0
2026-01-10,18,10:00,172,8,11.3,1,1,32.49,1,2026-01-10 08:00:00,2026-01-10 12:00:00,W,Rusholme Park Cres,0,0,0,0
2026-01-10,18,10:00,172,8,11.3,1,1,32.49,1,2026-01-10 08:00:00,2026-01-10 12:00:00,W,Havelock St,1,1,2,0
2026-01-10,18,10:00,172,8,11.3,1,1,32.49,1,2026-01-10 08:00:00,2026-01-10 12:00:00,W,High Park Loop,0,0,0,0
2026-01-10,18,10:00,172,8,11.3,1,1,32.49,1,2026-01-10 08:00:00,2026-01-10 12:00:00,W,Queens Park (Queen's Park Station),4,0,2,0
2026-01-10,18,10:00,172,8,11.3,1,1,32.49,1,2026-01-10 08:00:00,2026-01-10 12:00:00,W,Roncesvalles Ave,0,0,0,0
2026-01-10,18,10:00,172,8,11.3,1,1,32.49,1,2026-01-10 08:00:00,2026-01-10 12:00:00,W,De Grassi St,0,0,0,0
2026-01-10,18,10:00,172,8,11.3,1,1,32.49,1,2026-01-10 08:00:00,2026-01-10 12:00:00,W,Parliament St at Carlton St,3,0,0,0
2026-01-10,18,10:00,172,8,11.3,1,1,32.49,1,2026-01-10 08:00:00,2026-01-10 12:00:00,W,Parkside Dr East Side,0,0,0,0
2026-01-10,18,10:00,172,8,11.3,1,1,32.49,1,2026-01-10 08:00:00,2026-01-10 12:00:00,W,Dundas St West,0,0,0,0
2026-01-10,18,10:00,172,8,11.3,1,1,32.49,1,2026-01-10 08:00:00,2026-01-10 12:00:00,W,Howard Park Ave at Roncesvalles Ave,0,1,1,0
2026-01-10,18,10:00,172,8,11.3,1,1,32.49,1,2026-01-10 08:00:00,2026-01-10 12:00:00,W,Parliament St,1,0,0,0
2026-01-10,18,10:00,172,8,11.3,1,1,32.49,1,2026-01-10 08:00:00,2026-01-10 12:00:00,W,Parliament St at Gerrard St East,0,0,0,0
2026-01-10,18,10:00,172,8,11.3,1,1,32.49,1,2026-01-10 08:00:00,2026-01-10 12:00:00,W,Sumach St,0,0,0,0
2026-01-10,18,10:00,172,8,11.3,1,1,32.49,1,2026-01-10 08:00:00,2026-01-10 12:00:00,W,Blackburn St,0,0,0,0
2026-01-10,18,10:00,172,8,11.3,1,1,32.49,1,2026-01-10 08:00:00,2026-01-10 12:00:00,W,Logan Ave,0,0,0,0
2026-01-10,18,10:00,172,8,11.3,1,1,32.49,1,2026-01-10 08:00:00,2026-01-10 12:00:00,W,Augusta Ave,0,0,0,0
2026-01-10,18,10:00,172,8,11.3,1,1,32.49,1,2026-01-10 08:00:00,2026-01-10 12:00:00,W,Beverley St,0,0,0,0
2026-01-10,18,10:00,172,8,11.3,1,1,32.49,1,2026-01-10 08:00:00,2026-01-10 12:00:00,W,University Ave (Queen's Park Station,0,0,0,0
2026-01-10,18,10:00,172,8,11.3,1,1,32.49,1,2026-01-10 08:00:00,2026-01-10 12:00:00,W,Elizabeth St,0,0,0,0
2026-01-10,18,10:00,172,8,11.3,1,1,32.49,1,2026-01-10 08:00:00,2026-01-10 12:00:00,W,Greenwood Ave,0,0,0,0
2026-01-10,18,10:00,172,8,11.3,1,1,32.49,1,2026-01-10 08:00:00,2026-01-10 12:00:00,W,Alton Ave,0,0,0,0
2026-01-10,18,10:00,172,8,11.3,1,1,32.49,1,2026-01-10 08:00:00,2026-01-10 12:00:00,W,Coxwell Ave,0,0,0,0
2026-01-10,18,10:00,172,8,11.3,1,1,32.49,1,2026-01-10 08:00:00,2026-01-10 12:00:00,W,Gerrard St East  at Coxwell Ave,1,1,0,0
2026-01-10,18,10:00,172,8,11.3,1,1,32.49,1,2026-01-10 08:00:00,2026-01-10 12:00:00,W,Coxwell Ave at Lower Gerrard St East,1,1,1,0
2026-01-10,18,10:00,172,8,11.3,1,1,32.49,1,2026-01-10 08:00:00,2026-01-10 12:00:00,W,Ashdale Ave,3,0,1,0
2026-01-10,18,10:00,172,8,11.3,1,1,32.49,1,2026-01-10 08:00:00,2026-01-10 12:00:00,W,Howard Park Ave at Indian Rd,0,2,1,0
2026-01-10,18,10:00,172,8,11.3,1,1,32.49,1,2026-01-10 08:00:00,2026-01-10 12:00:00,W,Dundas St West at Howard Park Ave,0,2,1,0
2026-01-10,18,10:00,172,8,11.3,1,1,32.49,1,2026-01-10 08:00:00,2026-01-10 12:00:00,W,Main St at Gerrard St East,1,1,1,0
2026-01-10,18,10:00,172,8,11.3,1,1,32.49,1,2026-01-10 08:00:00,2026-01-10 12:00:00,W,Main St,0,0,0,0
2026-01-10,18,10:00,172,8,11.3,1,1,32.49,1,2026-01-10 08:00:00,2026-01-10 12:00:00,W,Main St at Danforth Ave,0,0,0,0
2026-01-10,18,10:00,172,8,11.3,1,1,32.49,1,2026-01-10 08:00:00,2026-01-10 12:00:00,W,Howard Park Ave at Parkside Dr,2,2,1,0
2026-01-17,18,10:00,172,8,11.3,1,1,32.49,1,2026-01-17 08:00:00,2026-01-17 12:00:00,E,Woodfield Rd,0,0,0,0
2026-01-17,18,10:00,172,8,11.3,1,1,32.49,1,2026-01-17 08:00:00,2026-01-17 12:00:00,E,Coxwell Ave at Gerrard St East,3,3,1,0
2026-01-17,18,10:00,172,8,11.3,1,1,32.49,1,2026-01-17 08:00:00,2026-01-17 12:00:00,E,Euclid Ave,2,1,0,0
2026-01-17,18,10:00,172,8,11.3,1,1,32.49,1,2026-01-17 08:00:00,2026-01-17 12:00:00,E,Bowmore Rd,0,0,0,0
2026-01-17,18,10:00,172,8,11.3,1,1,32.49,1,2026-01-17 08:00:00,2026-01-17 12:00:00,E,Bay St,3,1,1,0
2026-01-17,18,10:00,172,8,11.3,1,1,32.49,1,2026-01-17 08:00:00,2026-01-17 12:00:00,E,Lansdowne Ave,1,1,0,0
2026-01-17,18,10:00,172,8,11.3,1,1,32.49,1,2026-01-17 08:00:00,2026-01-17 12:00:00,E,Indian Rd,0,1,4,0
2026-01-17,18,10:00,172,8,11.3,1,1,32.49,1,2026-01-17 08:00:00,2026-01-17 12:00:00,E,Grace St,2,1,0,0
2026-01-17,18,10:00,172,8,11.3,1,1,32.49,1,2026-01-17 08:00:00,2026-01-17 12:00:00,E,Dufferin St,1,1,0,0
2026-01-17,18,10:00,172,8,11.3,1,1,32.49,1,2026-01-17 08:00:00,2026-01-17 12:00:00,E,Gerrard St East at Beaton Ave,3,3,1,0
2026-01-17,18,10:00,172,8,11.3,1,1,32.49,1,2026-01-17 08:00:00,2026-01-17 12:00:00,E,Bathurst St,2,1,0,0
2026-01-17,18,10:00,172,8,11.3,1,1,32.49,1,2026-01-17 08:00:00,2026-01-17 12:00:00,E,Yonge St - College Station,2,1,1,0
2026-01-17,18,10:00,172,8,11.3,1,1,32.49,1,2026-01-17 08:00:00,2026-01-17 12:00:00,E,Dundas St West at Sterling Rd,0,1,2,0
2026-01-17,18,10:00,172,8,11.3,1,1,32.49,1,2026-01-17 08:00:00,2026-01-17 12:00:00,E,Brock Ave,0,1,1,0
2026-01-17,18,10:00,172,8,11.3,1,1,32.49,1,2026-01-17 08:00:00,2026-01-17 12:00:00,E,Sackville St,2,1,1,0
2026-01-17,18,10:00,172,8,11.3,1,1,32.49,1,2026-01-17 08:00:00,2026-01-17 12:00:00,E,Carlaw Ave,2,1,1,0
2026-01-17,18,10:00,172,8,11.3,1,1,32.49,1,2026-01-17 08:00:00,2026-01-17 12:00:00,E,Borden St,2,1,1,0
2026-01-17,18,10:00,172,8,11.3,1,1,32.49,1,2026-01-17 08:00:00,2026-01-17 12:00:00,E,Dundas St West at Sorauren Ave,0,1,2,0
2026-01-17,18,10:00,172,8,11.3,1,1,32.49,1,2026-01-17 08:00:00,2026-01-17 12:00:00,E,Crawford St,2,1,0,0
2026-01-17,18,10:00,172,8,11.3,1,1,32.49,1,2026-01-17 08:00:00,2026-01-17 12:00:00,E,Pape Ave,2,1,1,0
2026-01-17,18,10:00,172,8,11.3,1,1,32.49,1,2026-01-17 08:00:00,2026-01-17 12:00:00,E,Spadina Ave,2,1,0,0
2026-01-17,18,10:00,172,8,11.3,1,1,32.49,1,2026-01-17 08:00:00,2026-01-17 12:00:00,E,River St,0,0,0,0
2026-01-17,18,10:00,172,8,11.3,1,1,32.49,1,2026-01-17 08:00:00,2026-01-17 12:00:00,E,Marjory Ave,2,1,1,0
2026-01-17,18,10:00,172,8,11.3,1,1,32.49,1,2026-01-17 08:00:00,2026-01-17 12:00:00,E,Kingsmount Park Rd,2,4,1,0
2026-01-17,18,10:00,172,8,11.3,1,1,32.49,1,2026-01-17 08:00:00,2026-01-17 12:00:00,E,Church St,3,1,1,0
2026-01-17,18,10:00,172,8,11.3,1,1,32.49,1,2026-01-17 08:00:00,2026-01-17 12:00:00,E,Ossington Ave,2,1,0,0
2026-01-17,18,10:00,172,8,11.3,1,1,32.49,1,2026-01-17 08:00:00,2026-01-17 12:00:00,E,Woodbine Ave,3,4,1,0
2026-01-17,18,10:00,172,8,11.3,1,1,32.49,1,2026-01-17 08:00:00,2026-01-17 12:00:00,E,Jones Ave,3,1,1,0
2026-01-17,18,10:00,172,8,11.3,1,1,32.49,1,2026-01-17 08:00:00,2026-01-17 12:00:00,E,Golfview Ave,3,5,1,0
2026-01-17,18,10:00,172,8,11.3,1,1,32.49,1,2026-01-17 08:00:00,2026-01-17 12:00:00,E,Leslie St,3,1,1,0
2026-01-17,18,10:00,172,8,11.3,1,1,32.49,1,2026-01-17 08:00:00,2026-01-17 12:00:00,E,St Matthews Rd,0,0,0,0
2026-01-17,18,10:00,172,8,11.3,1,1,32.49,1,2026-01-17 08:00:00,2026-01-17 12:00:00,E,Jarvis St,3,1,1,0
2026-01-17,18,10:00,172,8,11.3,1,1,32.49,1,2026-01-17 08:00:00,2026-01-17 12:00:00,E,Sherbourne St,2,1,1,0
2026-01-17,18,10:00,172,8,11.3,1,1,32.49,1,2026-01-17 08:00:00,2026-01-17 12:00:00,E,St George St,0,0,0,0
2026-01-17,18,10:00,172,8,11.3,1,1,32.49,1,2026-01-17 08:00:00,2026-01-17 12:00:00,E,Dovercourt Rd,1,1,0,0
2026-01-17,18,10:00,172,8,11.3,1,1,32.49,1,2026-01-17 08:00:00,2026-01-17 12:00:00,E,Glenmount Park Rd,3,5,1,0
2026-01-17,18,10:00,172,8,11.3,1,1,32.49,1,2026-01-17 08:00:00,2026-01-17 12:00:00,E,Prust Ave,0,0,0,0
2026-01-17,18,10:00,172,8,11.3,1,1,32.49,1,2026-01-17 08:00:00,2026-01-17 12:00:00,E,Main Street Station at Bay 7,0,0,0,0
2026-01-17,18,10:00,172,8,11.3,1,1,32.49,1,2026-01-17 08:00:00,2026-01-17 12:00:00,E,Norwood Rd,3,5,1,0
2026-01-17,18,10:00,172,8,11.3,1,1,32.49,1,2026-01-17 08:00:00,2026-01-17 12:00:00,E,McCaul St,1,1,1,0
2026-01-17,18,10:00,172,8,11.3,1,1,32.49,1,2026-01-17 08:00:00,2026-01-17 12:00:00,E,Broadview Ave,2,1,1,0
2026-01-17,18,10:00,172,8,11.3,1,1,32.49,1,2026-01-17 08:00:00,2026-01-17 12:00:00,E,Ontario St,2,1,1,0
2026-01-17,18,10:00,172,8,11.3,1,1,32.49,1,2026-01-17 08:00:00,2026-01-17 12:00:00,E,Rusholme Park Cres,0,1,0,0
2026-01-17,18,10:00,172,8,11.3,1,1,32.49,1,2026-01-17 08:00:00,2026-01-17 12:00:00,E,Havelock St,0,0,0,0
2026-01-17,18,10:00,172,8,11.3,1,1,32.49,1,2026-01-17 08:00:00,2026-01-17 12:00:00,E,High Park Loop,0,0,0,0
2026-01-17,18,10:00,172,8,11.3,1,1,32.49,1,2026-01-17 08:00:00,2026-01-17 12:00:00,E,Queens Park (Queen's Park Station),0,0,0,0
2026-01-17,18,10:00,172,8,11.3,1,1,32.49,1,2026-01-17 08:00:00,2026-01-17 12:00:00,E,Roncesvalles Ave,0,1,4,0
2026-01-17,18,10:00,172,8,11.3,1,1,32.49,1,2026-01-17 08:00:00,2026-01-17 12:00:00,E,De Grassi St,2,1,1,0
2026-01-17,18,10:00,172,8,11.3,1,1,32.49,1,2026-01-17 08:00:00,2026-01-17 12:00:00,E,Parliament St at Carlton St,0,0,0,0
2026-01-17,18,10:00,172,8,11.3,1,1,32.49,1,2026-01-17 08:00:00,2026-01-17 12:00:00,E,Parkside Dr East Side,0,1,4,0
2026-01-17,18,10:00,172,8,11.3,1,1,32.49,1,2026-01-17 08:00:00,2026-01-17 12:00:00,E,Dundas St West,0,1,4,0
2026-01-17,18,10:00,172,8,11.3,1,1,32.49,1,2026-01-17 08:00:00,2026-01-17 12:00:00,E,Howard Park Ave at Roncesvalles Ave,0,0,0,0
2026-01-17,18,10:00,172,8,11.3,1,1,32.49,1,2026-01-17 08:00:00,2026-01-17 12:00:00,E,Parliament St,0,0,0,0
2026-01-17,18,10:00,172,8,11.3,1,1,32.49,1,2026-01-17 08:00:00,2026-01-17 12:00:00,E,Parliament St at Gerrard St East,2,1,1,0
2026-01-17,18,10:00,172,8,11.3,1,1,32.49,1,2026-01-17 08:00:00,2026-01-17 12:00:00,E,Sumach St,2,1,1,0
2026-01-17,18,10:00,172,8,11.3,1,1,32.49,1,2026-01-17 08:00:00,2026-01-17 12:00:00,E,Blackburn St,2,1,1,0
2026-01-17,18,10:00,172,8,11.3,1,1,32.49,1,2026-01-17 08:00:00,2026-01-17 12:00:00,E,Logan Ave,3,1,1,0
2026-01-17,18,10:00,172,8,11.3,1,1,32.49,1,2026-01-17 08:00:00,2026-01-17 12:00:00,E,Augusta Ave,2,1,0,0
2026-01-17,18,10:00,172,8,11.3,1,1,32.49,1,2026-01-17 08:00:00,2026-01-17 12:00:00,E,Beverley St,1,1,1,0
2026-01-17,18,10:00,172,8,11.3,1,1,32.49,1,2026-01-17 08:00:00,2026-01-17 12:00:00,E,University Ave (Queen's Park Station,2,1,1,0
2026-01-17,18,10:00,172,8,11.3,1,1,32.49,1,2026-01-17 08:00:00,2026-01-17 12:00:00,E,Elizabeth St,2,1,1,0
2026-01-17,18,10:00,172,8,11.3,1,1,32.49,1,2026-01-17 08:00:00,2026-01-17 12:00:00,E,Greenwood Ave,3,1,1,0
2026-01-17,18,10:00,172,8,11.3,1,1,32.49,1,2026-01-17 08:00:00,2026-01-17 12:00:00,E,Alton Ave,3,1,1,0
2026-01-17,18,10:00,172,8,11.3,1,1,32.49,1,2026-01-17 08:00:00,2026-01-17 12:00:00,E,Coxwell Ave,4,2,1,0
2026-01-17,18,10:00,172,8,11.3,1,1,32.49,1,2026-01-17 08:00:00,2026-01-17 12:00:00,E,Gerrard St East  at Coxwell Ave,0,0,0,0
2026-01-17,18,10:00,172,8,11.3,1,1,32.49,1,2026-01-17 08:00:00,2026-01-17 12:00:00,E,Coxwell Ave at Lower Gerrard St East,0,0,0,0
2026-01-17,18,10:00,172,8,11.3,1,1,32.49,1,2026-01-17 08:00:00,2026-01-17 12:00:00,E,Ashdale Ave,0,0,0,0
2026-01-17,18,10:00,172,8,11.3,1,1,32.49,1,2026-01-17 08:00:00,2026-01-17 12:00:00,E,Howard Park Ave at Indian Rd,0,0,0,0
2026-01-17,18,10:00,172,8,11.3,1,1,32.49,1,2026-01-17 08:00:00,2026-01-17 12:00:00,E,Dundas St West at Howard Park Ave,0,0,0,0
2026-01-17,18,10:00,172,8,11.3,1,1,32.49,1,2026-01-17 08:00:00,2026-01-17 12:00:00,E,Main St at Gerrard St East,0,0,0,0
2026-01-17,18,10:00,172,8,11.3,1,1,32.49,1,2026-01-17 08:00:00,2026-01-17 12:00:00,E,Main St,6,5,1,0
2026-01-17,18,10:00,172,8,11.3,1,1,32.49,1,2026-01-17 08:00:00,2026-01-17 12:00:00,E,Main St at Danforth Ave,0,0,0,0
2026-01-17,18,10:00,172,8,11.3,1,1,32.49,1,2026-01-17 08:00:00,2026-01-17 12:00:00,E,Howard Park Ave at Parkside Dr,0,0,0,0
2026-01-17,18,10:00,172,8,11.3,1,1,32.49,1,2026-01-17 08:00:00,2026-01-17 12:00:00,W,Woodfield Rd,3,2,2,0
2026-01-17,18,10:00,172,8,11.3,1,1,32.49,1,2026-01-17 08:00:00,2026-01-17 12:00:00,W,Coxwell Ave at Gerrard St East,0,0,0,0
2026-01-17,18,10:00,172,8,11.3,1,1,32.49,1,2026-01-17 08:00:00,2026-01-17 12:00:00,W,Euclid Ave,0,0,0,0
2026-01-17,18,10:00,172,8,11.3,1,1,32.49,1,2026-01-17 08:00:00,2026-01-17 12:00:00,W,Bowmore Rd,1,1,2,0
2026-01-17,18,10:00,172,8,11.3,1,1,32.49,1,2026-01-17 08:00:00,2026-01-17 12:00:00,W,Bay St,0,0,0,0
2026-01-17,18,10:00,172,8,11.3,1,1,32.49,1,2026-01-17 08:00:00,2026-01-17 12:00:00,W,Lansdowne Ave,0,0,0,0
2026-01-17,18,10:00,172,8,11.3,1,1,32.49,1,2026-01-17 08:00:00,2026-01-17 12:00:00,W,Indian Rd,0,0,0,0
2026-01-17,18,10:00,172,8,11.3,1,1,32.49,1,2026-01-17 08:00:00,2026-01-17 12:00:00,W,Grace St,0,0,0,0
2026-01-17,18,10:00,172,8,11.3,1,1,32.49,1,2026-01-17 08:00:00,2026-01-17 12:00:00,W,Dufferin St,0,0,0,0
2026-01-17,18,10:00,172,8,11.3,1,1,32.49,1,2026-01-17 08:00:00,2026-01-17 12:00:00,W,Gerrard St East at Beaton Ave,0,0,0,0
2026-01-17,18,10:00,172,8,11.3,1,1,32.49,1,2026-01-17 08:00:00,2026-01-17 12:00:00,W,Bathurst St,0,0,0,0
2026-01-17,18,10:00,172,8,11.3,1,1,32.49,1,2026-01-17 08:00:00,2026-01-17 12:00:00,W,Yonge St - College Station,0,0,0,0
2026-01-17,18,10:00,172,8,11.3,1,1,32.49,1,2026-01-17 08:00:00,2026-01-17 12:00:00,W,Dundas St West at Sterling Rd,0,0,0,0
2026-01-17,18,10:00,172,8,11.3,1,1,32.49,1,2026-01-17 08:00:00,2026-01-17 12:00:00,W,Brock Ave,0,0,0,0
2026-01-17,18,10:00,172,8,11.3,1,1,32.49,1,2026-01-17 08:00:00,2026-01-17 12:00:00,W,Sackville St,0,0,0,0
2026-01-17,18,10:00,172,8,11.3,1,1,32.49,1,2026-01-17 08:00:00,2026-01-17 12:00:00,W,Carlaw Ave,0,0,0,0
2026-01-17,18,10:00,172,8,11.3,1,1,32.49,1,2026-01-17 08:00:00,2026-01-17 12:00:00,W,Borden St,0,0,0,0
2026-01-17,18,10:00,172,8,11.3,1,1,32.49,1,2026-01-17 08:00:00,2026-01-17 12:00:00,W,Dundas St West at Sorauren Ave,0,0,0,0
2026-01-17,18,10:00,172,8,11.3,1,1,32.49,1,2026-01-17 08:00:00,2026-01-17 12:00:00,W,Crawford St,0,0,0,0
2026-01-17,18,10:00,172,8,11.3,1,1,32.49,1,2026-01-17 08:00:00,2026-01-17 12:00:00,W,Pape Ave,0,0,0,0
2026-01-17,18,10:00,172,8,11.3,1,1,32.49,1,2026-01-17 08:00:00,2026-01-17 12:00:00,W,Spadina Ave,0,0,0,0
2026-01-17,18,10:00,172,8,11.3,1,1,32.49,1,2026-01-17 08:00:00,2026-01-17 12:00:00,W,River St,3,1,0,0
2026-01-17,18,10:00,172,8,11.3,1,1,32.49,1,2026-01-17 08:00:00,2026-01-17 12:00:00,W,Marjory Ave,0,0,0,0
2026-01-17,18,10:00,172,8,11.3,1,1,32.49,1,2026-01-17 08:00:00,2026-01-17 12:00:00,W,Kingsmount Park Rd,0,0,0,0
2026-01-17,18,10:00,172,8,11.3,1,1,32.49,1,2026-01-17 08:00:00,2026-01-17 12:00:00,W,Church St,0,0,0,0
2026-01-17,18,10:00,172,8,11.3,1,1,32.49,1,2026-01-17 08:00:00,2026-01-17 12:00:00,W,Ossington Ave,0,0,0,0
2026-01-17,18,10:00,172,8,11.3,1,1,32.49,1,2026-01-17 08:00:00,2026-01-17 12:00:00,W,Woodbine Ave,0,0,0,0
2026-01-17,18,10:00,172,8,11.3,1,1,32.49,1,2026-01-17 08:00:00,2026-01-17 12:00:00,W,Jones Ave,0,0,0,0
2026-01-17,18,10:00,172,8,11.3,1,1,32.49,1,2026-01-17 08:00:00,2026-01-17 12:00:00,W,Golfview Ave,0,0,0,0
2026-01-17,18,10:00,172,8,11.3,1,1,32.49,1,2026-01-17 08:00:00,2026-01-17 12:00:00,W,Leslie St,0,0,0,0
2026-01-17,18,10:00,172,8,11.3,1,1,32.49,1,2026-01-17 08:00:00,2026-01-17 12:00:00,W,St Matthews Rd,1,1,1,0
2026-01-17,18,10:00,172,8,11.3,1,1,32.49,1,2026-01-17 08:00:00,2026-01-17 12:00:00,W,Jarvis St,0,0,0,0
2026-01-17,18,10:00,172,8,11.3,1,1,32.49,1,2026-01-17 08:00:00,2026-01-17 12:00:00,W,Sherbourne St,0,0,0,0
2026-01-17,18,10:00,172,8,11.3,1,1,32.49,1,2026-01-17 08:00:00,2026-01-17 12:00:00,W,St George St,2,1,2,0
2026-01-17,18,10:00,172,8,11.3,1,1,32.49,1,2026-01-17 08:00:00,2026-01-17 12:00:00,W,Dovercourt Rd,0,0,0,0
2026-01-17,18,10:00,172,8,11.3,1,1,32.49,1,2026-01-17 08:00:00,2026-01-17 12:00:00,W,Glenmount Park Rd,0,0,0,0
2026-01-17,18,10:00,172,8,11.3,1,1,32.49,1,2026-01-17 08:00:00,2026-01-17 12:00:00,W,Prust Ave,3,2,2,0
2026-01-17,18,10:00,172,8,11.3,1,1,32.49,1,2026-01-17 08:00:00,2026-01-17 12:00:00,W,Main Street Station at Bay 7,0,0,0,0
2026-01-17,18,10:00,172,8,11.3,1,1,32.49,1,2026-01-17 08:00:00,2026-01-17 12:00:00,W,Norwood Rd,0,0,0,0
2026-01-17,18,10:00,172,8,11.3,1,1,32.49,1,2026-01-17 08:00:00,2026-01-17 12:00:00,W,McCaul St,0,0,0,0
2026-01-17,18,10:00,172,8,11.3,1,1,32.49,1,2026-01-17 08:00:00,2026-01-17 12:00:00,W,Broadview Ave,0,0,0,0
2026-01-17,18,10:00,172,8,11.3,1,1,32.49,1,2026-01-17 08:00:00,2026-01-17 12:00:00,W,Ontario St,0,0,0,0
2026-01-17,18,10:00,172,8,11.3,1,1,32.49,1,2026-01-17 08:00:00,2026-01-17 12:00:00,W,Rusholme Park Cres,0,0,0,0
2026-01-17,18,10:00,172,8,11.3,1,1,32.49,1,2026-01-17 08:00:00,2026-01-17 12:00:00,W,Havelock St,2,3,5,0
2026-01-17,18,10:00,172,8,11.3,1,1,32.49,1,2026-01-17 08:00:00,2026-01-17 12:00:00,W,High Park Loop,0,0,0,0
2026-01-17,18,10:00,172,8,11.3,1,1,32.49,1,2026-01-17 08:00:00,2026-01-17 12:00:00,W,Queens Park (Queen's Park Station),3,1,2,0
2026-01-17,18,10:00,172,8,11.3,1,1,32.49,1,2026-01-17 08:00:00,2026-01-17 12:00:00,W,Roncesvalles Ave,0,0,0,0
2026-01-17,18,10:00,172,8,11.3,1,1,32.49,1,2026-01-17 08:00:00,2026-01-17 12:00:00,W,De Grassi St,0,0,0,0
2026-01-17,18,10:00,172,8,11.3,1,1,32.49,1,2026-01-17 08:00:00,2026-01-17 12:00:00,W,Parliament St at Carlton St,3,1,0,0
2026-01-17,18,10:00,172,8,11.3,1,1,32.49,1,2026-01-17 08:00:00,2026-01-17 12:00:00,W,Parkside Dr East Side,0,0,0,0
2026-01-17,18,10:00,172,8,11.3,1,1,32.49,1,2026-01-17 08:00:00,2026-01-17 12:00:00,W,Dundas St West,0,0,0,0
2026-01-17,18,10:00,172,8,11.3,1,1,32.49,1,2026-01-17 08:00:00,2026-01-17 12:00:00,W,Howard Park Ave at Roncesvalles Ave,1,1,5,0
2026-01-17,18,10:00,172,8,11.3,1,1,32.49,1,2026-01-17 08:00:00,2026-01-17 12:00:00,W,Parliament St,3,1,0,0
2026-01-17,18,10:00,172,8,11.3,1,1,32.49,1,2026-01-17 08:00:00,2026-01-17 12:00:00,W,Parliament St at Gerrard St East,0,0,0,0
2026-01-17,18,10:00,172,8,11.3,1,1,32.49,1,2026-01-17 08:00:00,2026-01-17 12:00:00,W,Sumach St,0,0,0,0
2026-01-17,18,10:00,172,8,11.3,1,1,32.49,1,2026-01-17 08:00:00,2026-01-17 12:00:00,W,Blackburn St,0,0,0,0
2026-01-17,18,10:00,172,8,11.3,1,1,32.49,1,2026-01-17 08:00:00,2026-01-17 12:00:00,W,Logan Ave,0,0,0,0
2026-01-17,18,10:00,172,8,11.3,1,1,32.49,1,2026-01-17 08:00:00,2026-01-17 12:00:00,W,Augusta Ave,0,0,0,0
2026-01-17,18,10:00,172,8,11.3,1,1,32.49,1,2026-01-17 08:00:00,2026-01-17 12:00:00,W,Beverley St,0,0,0,0
2026-01-17,18,10:00,172,8,11.3,1,1,32.49,1,2026-01-17 08:00:00,2026-01-17 12:00:00,W,University Ave (Queen's Park Station,0,0,0,0
2026-01-17,18,10:00,172,8,11.3,1,1,32.49,1,2026-01-17 08:00:00,2026-01-17 12:00:00,W,Elizabeth St,0,0,0,0
2026-01-17,18,10:00,172,8,11.3,1,1,32.49,1,2026-01-17 08:00:00,2026-01-17 12:00:00,W,Greenwood Ave,0,0,0,0
2026-01-17,18,10:00,172,8,11.3,1,1,32.49,1,2026-01-17 08:00:00,2026-01-17 12:00:00,W,Alton Ave,0,0,0,0
2026-01-17,18,10:00,172,8,11.3,1,1,32.49,1,2026-01-17 08:00:00,2026-01-17 12:00:00,W,Coxwell Ave,0,0,0,0
2026-01-17,18,10:00,172,8,11.3,1,1,32.49,1,2026-01-17 08:00:00,2026-01-17 12:00:00,W,Gerrard St East  at Coxwell Ave,1,1,2,0
2026-01-17,18,10:00,172,8,11.3,1,1,32.49,1,2026-01-17 08:00:00,2026-01-17 12:00:00,W,Coxwell Ave at Lower Gerrard St East,2,1,2,0
2026-01-17,18,10:00,172,8,11.3,1,1,32.49,1,2026-01-17 08:00:00,2026-01-17 12:00:00,W,Ashdale Ave,3,2,2,0
2026-01-17,18,10:00,172,8,11.3,1,1,32.49,1,2026-01-17 08:00:00,2026-01-17 12:00:00,W,Howard Park Ave at Indian Rd,1,1,5,0
2026-01-17,18,10:00,172,8,11.3,1,1,32.49,1,2026-01-17 08:00:00,2026-01-17 12:00:00,W,Dundas St West at Howard Park Ave,1,1,4,0
2026-01-17,18,10:00,172,8,11.3,1,1,32.49,1,2026-01-17 08:00:00,2026-01-17 12:00:00,W,Main St at Gerrard St East,1,0,3,0
2026-01-17,18,10:00,172,8,11.3,1,1,32.49,1,2026-01-17 08:00:00,2026-01-17 12:00:00,W,Main St,0,0,0,0
2026-01-17,18,10:00,172,8,11.3,1,1,32.49,1,2026-01-17 08:00:00,2026-01-17 12:00:00,W,Main St at Danforth Ave,0,0,0,0
2026-01-17,18,10:00,172,8,11.3,1,1,32.49,1,2026-01-17 08:00:00,2026-01-17 12:00:00,W,Howard Park Ave at Parkside Dr,1,1,5,0
2026-01-24,18,10:00,172,8,11.3,1,1,32.49,1,2026-01-24 08:00:00,2026-01-24 12:00:00,E,Woodfield Rd,0,0,0,0
2026-01-24,18,10:00,172,8,11.3,1,1,32.49,1,2026-01-24 08:00:00,2026-01-24 12:00:00,E,Coxwell Ave at Gerrard St East,4,2,1,0
2026-01-24,18,10:00,172,8,11.3,1,1,32.49,1,2026-01-24 08:00:00,2026-01-24 12:00:00,E,Euclid Ave,0,1,0,0
2026-01-24,18,10:00,172,8,11.3,1,1,32.49,1,2026-01-24 08:00:00,2026-01-24 12:00:00,E,Bowmore Rd,0,0,0,0
2026-01-24,18,10:00,172,8,11.3,1,1,32.49,1,2026-01-24 08:00:00,2026-01-24 12:00:00,E,Bay St,3,2,0,0
2026-01-24,18,10:00,172,8,11.3,1,1,32.49,1,2026-01-24 08:00:00,2026-01-24 12:00:00,E,Lansdowne Ave,0,0,0,0
2026-01-24,18,10:00,172,8,11.3,1,1,32.49,1,2026-01-24 08:00:00,2026-01-24 12:00:00,E,Indian Rd,0,0,1,0
2026-01-24,18,10:00,172,8,11.3,1,1,32.49,1,2026-01-24 08:00:00,2026-01-24 12:00:00,E,Grace St,0,0,0,0
2026-01-24,18,10:00,172,8,11.3,1,1,32.49,1,2026-01-24 08:00:00,2026-01-24 12:00:00,E,Dufferin St,0,0,0,0
2026-01-24,18,10:00,172,8,11.3,1,1,32.49,1,2026-01-24 08:00:00,2026-01-24 12:00:00,E,Gerrard St East at Beaton Ave,5,2,1,0
2026-01-24,18,10:00,172,8,11.3,1,1,32.49,1,2026-01-24 08:00:00,2026-01-24 12:00:00,E,Bathurst St,0,1,0,0
2026-01-24,18,10:00,172,8,11.3,1,1,32.49,1,2026-01-24 08:00:00,2026-01-24 12:00:00,E,Yonge St - College Station,3,2,0,0
2026-01-24,18,10:00,172,8,11.3,1,1,32.49,1,2026-01-24 08:00:00,2026-01-24 12:00:00,E,Dundas St West at Sterling Rd,0,0,0,0
2026-01-24,18,10:00,172,8,11.3,1,1,32.49,1,2026-01-24 08:00:00,2026-01-24 12:00:00,E,Brock Ave,0,0,0,0
2026-01-24,18,10:00,172,8,11.3,1,1,32.49,1,2026-01-24 08:00:00,2026-01-24 12:00:00,E,Sackville St,2,2,0,0
2026-01-24,18,10:00,172,8,11.3,1,1,32.49,1,2026-01-24 08:00:00,2026-01-24 12:00:00,E,Carlaw Ave,3,2,1,0
2026-01-24,18,10:00,172,8,11.3,1,1,32.49,1,2026-01-24 08:00:00,2026-01-24 12:00:00,E,Borden St,1,1,0,0
2026-01-24,18,10:00,172,8,11.3,1,1,32.49,1,2026-01-24 08:00:00,2026-01-24 12:00:00,E,Dundas St West at Sorauren Ave,0,0,1,0
2026-01-24,18,10:00,172,8,11.3,1,1,32.49,1,2026-01-24 08:00:00,2026-01-24 12:00:00,E,Crawford St,0,0,0,0
2026-01-24,18,10:00,172,8,11.3,1,1,32.49,1,2026-01-24 08:00:00,2026-01-24 12:00:00,E,Pape Ave,4,2,1,0
2026-01-24,18,10:00,172,8,11.3,1,1,32.49,1,2026-01-24 08:00:00,2026-01-24 12:00:00,E,Spadina Ave,2,1,0,0
2026-01-24,18,10:00,172,8,11.3,1,1,32.49,1,2026-01-24 08:00:00,2026-01-24 12:00:00,E,River St,0,0,0,0
2026-01-24,18,10:00,172,8,11.3,1,1,32.49,1,2026-01-24 08:00:00,2026-01-24 12:00:00,E,Marjory Ave,2,2,1,0
2026-01-24,18,10:00,172,8,11.3,1,1,32.49,1,2026-01-24 08:00:00,2026-01-24 12:00:00,E,Kingsmount Park Rd,5,1,1,0
2026-01-24,18,10:00,172,8,11.3,1,1,32.49,1,2026-01-24 08:00:00,2026-01-24 12:00:00,E,Church St,4,2,0,0
2026-01-24,18,10:00,172,8,11.3,1,1,32.49,1,2026-01-24 08:00:00,2026-01-24 12:00:00,E,Ossington Ave,0,0,0,0
2026-01-24,18,10:00,172,8,11.3,1,1,32.49,1,2026-01-24 08:00:00,2026-01-24 12:00:00,E,Woodbine Ave,5,1,1,0
2026-01-24,18,10:00,172,8,11.3,1,1,32.49,1,2026-01-24 08:00:00,2026-01-24 12:00:00,E,Jones Ave,4,2,1,0
2026-01-24,18,10:00,172,8,11.3,1,1,32.49,1,2026-01-24 08:00:00,2026-01-24 12:00:00,E,Golfview Ave,4,1,1,0
2026-01-24,18,10:00,172,8,11.3,1,1,32.49,1,2026-01-24 08:00:00,2026-01-24 12:00:00,E,Leslie St,4,2,1,0
2026-01-24,18,10:00,172,8,11.3,1,1,32.49,1,2026-01-24 08:00:00,2026-01-24 12:00:00,E,St Matthews Rd,0,0,0,0
2026-01-24,18,10:00,172,8,11.3,1,1,32.49,1,2026-01-24 08:00:00,2026-01-24 12:00:00,E,Jarvis St,2,2,0,0
2026-01-24,18,10:00,172,8,11.3,1,1,32.49,1,2026-01-24 08:00:00,2026-01-24 12:00:00,E,Sherbourne St,3,2,0,0
2026-01-24,18,10:00,172,8,11.3,1,1,32.49,1,2026-01-24 08:00:00,2026-01-24 12:00:00,E,St George St,0,0,0,0
2026-01-24,18,10:00,172,8,11.3,1,1,32.49,1,2026-01-24 08:00:00,2026-01-24 12:00:00,E,Dovercourt Rd,0,0,0,0
2026-01-24,18,10:00,172,8,11.3,1,1,32.49,1,2026-01-24 08:00:00,2026-01-24 12:00:00,E,Glenmount Park Rd,4,1,1,0
2026-01-24,18,10:00,172,8,11.3,1,1,32.49,1,2026-01-24 08:00:00,2026-01-24 12:00:00,E,Prust Ave,0,0,0,0
2026-01-24,18,10:00,172,8,11.3,1,1,32.49,1,2026-01-24 08:00:00,2026-01-24 12:00:00,E,Main Street Station at Bay 7,0,0,0,0
2026-01-24,18,10:00,172,8,11.3,1,1,32.49,1,2026-01-24 08:00:00,2026-01-24 12:00:00,E,Norwood Rd,4,1,1,0
2026-01-24,18,10:00,172,8,11.3,1,1,32.49,1,2026-01-24 08:00:00,2026-01-24 12:00:00,E,McCaul St,2,1,0,0
2026-01-24,18,10:00,172,8,11.3,1,1,32.49,1,2026-01-24 08:00:00,2026-01-24 12:00:00,E,Broadview Ave,3,1,0,0
2026-01-24,18,10:00,172,8,11.3,1,1,32.49,1,2026-01-24 08:00:00,2026-01-24 12:00:00,E,Ontario St,3,2,0,0
2026-01-24,18,10:00,172,8,11.3,1,1,32.49,1,2026-01-24 08:00:00,2026-01-24 12:00:00,E,Rusholme Park Cres,0,0,0,0
2026-01-24,18,10:00,172,8,11.3,1,1,32.49,1,2026-01-24 08:00:00,2026-01-24 12:00:00,E,Havelock St,0,0,0,0
2026-01-24,18,10:00,172,8,11.3,1,1,32.49,1,2026-01-24 08:00:00,2026-01-24 12:00:00,E,High Park Loop,0,0,0,0
2026-01-24,18,10:00,172,8,11.3,1,1,32.49,1,2026-01-24 08:00:00,2026-01-24 12:00:00,E,Queens Park (Queen's Park Station),0,0,0,0
2026-01-24,18,10:00,172,8,11.3,1,1,32.49,1,2026-01-24 08:00:00,2026-01-24 12:00:00,E,Roncesvalles Ave,0,0,1,0
2026-01-24,18,10:00,172,8,11.3,1,1,32.49,1,2026-01-24 08:00:00,2026-01-24 12:00:00,E,De Grassi St,3,2,1,0
2026-01-24,18,10:00,172,8,11.3,1,1,32.49,1,2026-01-24 08:00:00,2026-01-24 12:00:00,E,Parliament St at Carlton St,0,0,0,0
2026-01-24,18,10:00,172,8,11.3,1,1,32.49,1,2026-01-24 08:00:00,2026-01-24 12:00:00,E,Parkside Dr East Side,0,0,1,0
2026-01-24,18,10:00,172,8,11.3,1,1,32.49,1,2026-01-24 08:00:00,2026-01-24 12:00:00,E,Dundas St West,0,0,1,0
2026-01-24,18,10:00,172,8,11.3,1,1,32.49,1,2026-01-24 08:00:00,2026-01-24 12:00:00,E,Howard Park Ave at Roncesvalles Ave,0,0,0,0
2026-01-24,18,10:00,172,8,11.3,1,1,32.49,1,2026-01-24 08:00:00,2026-01-24 12:00:00,E,Parliament St,0,0,0,0
2026-01-24,18,10:00,172,8,11.3,1,1,32.49,1,2026-01-24 08:00:00,2026-01-24 12:00:00,E,Parliament St at Gerrard St East,3,2,0,0
2026-01-24,18,10:00,172,8,11.3,1,1,32.49,1,2026-01-24 08:00:00,2026-01-24 12:00:00,E,Sumach St,2,2,0,0
2026-01-24,18,10:00,172,8,11.3,1,1,32.49,1,2026-01-24 08:00:00,2026-01-24 12:00:00,E,Blackburn St,3,2,0,0
2026-01-24,18,10:00,172,8,11.3,1,1,32.49,1,2026-01-24 08:00:00,2026-01-24 12:00:00,E,Logan Ave,3,2,1,0
2026-01-24,18,10:00,172,8,11.3,1,1,32.49,1,2026-01-24 08:00:00,2026-01-24 12:00:00,E,Augusta Ave,2,1,0,0
2026-01-24,18,10:00,172,8,11.3,1,1,32.49,1,2026-01-24 08:00:00,2026-01-24 12:00:00,E,Beverley St,3,1,0,0
2026-01-24,18,10:00,172,8,11.3,1,1,32.49,1,2026-01-24 08:00:00,2026-01-24 12:00:00,E,University Ave (Queen's Park Station,2,1,0,0
2026-01-24,18,10:00,172,8,11.3,1,1,32.49,1,2026-01-24 08:00:00,2026-01-24 12:00:00,E,Elizabeth St,1,1,0,0
2026-01-24,18,10:00,172,8,11.3,1,1,32.49,1,2026-01-24 08:00:00,2026-01-24 12:00:00,E,Greenwood Ave,4,2,1,0
2026-01-24,18,10:00,172,8,11.3,1,1,32.49,1,2026-01-24 08:00:00,2026-01-24 12:00:00,E,Alton Ave,4,2,1,0
2026-01-24,18,10:00,172,8,11.3,1,1,32.49,1,2026-01-24 08:00:00,2026-01-24 12:00:00,E,Coxwell Ave,4,1,1,0
2026-01-24,18,10:00,172,8,11.3,1,1,32.49,1,2026-01-24 08:00:00,2026-01-24 12:00:00,E,Gerrard St East  at Coxwell Ave,0,0,0,0
2026-01-24,18,10:00,172,8,11.3,1,1,32.49,1,2026-01-24 08:00:00,2026-01-24 12:00:00,E,Coxwell Ave at Lower Gerrard St East,0,0,0,0
2026-01-24,18,10:00,172,8,11.3,1,1,32.49,1,2026-01-24 08:00:00,2026-01-24 12:00:00,E,Ashdale Ave,0,0,0,0
2026-01-24,18,10:00,172,8,11.3,1,1,32.49,1,2026-01-24 08:00:00,2026-01-24 12:00:00,E,Howard Park Ave at Indian Rd,0,0,0,0
2026-01-24,18,10:00,172,8,11.3,1,1,32.49,1,2026-01-24 08:00:00,2026-01-24 12:00:00,E,Dundas St West at Howard Park Ave,0,0,0,0
2026-01-24,18,10:00,172,8,11.3,1,1,32.49,1,2026-01-24 08:00:00,2026-01-24 12:00:00,E,Main St at Gerrard St East,0,0,0,0
2026-01-24,18,10:00,172,8,11.3,1,1,32.49,1,2026-01-24 08:00:00,2026-01-24 12:00:00,E,Main St,4,1,0,0
2026-01-24,18,10:00,172,8,11.3,1,1,32.49,1,2026-01-24 08:00:00,2026-01-24 12:00:00,E,Main St at Danforth Ave,0,0,0,0
2026-01-24,18,10:00,172,8,11.3,1,1,32.49,1,2026-01-24 08:00:00,2026-01-24 12:00:00,E,Howard Park Ave at Parkside Dr,0,0,0,0
2026-01-24,18,10:00,172,8,11.3,1,1,32.49,1,2026-01-24 08:00:00,2026-01-24 12:00:00,W,Woodfield Rd,2,1,1,0
2026-01-24,18,10:00,172,8,11.3,1,1,32.49,1,2026-01-24 08:00:00,2026-01-24 12:00:00,W,Coxwell Ave at Gerrard St East,0,0,0,0
2026-01-24,18,10:00,172,8,11.3,1,1,32.49,1,2026-01-24 08:00:00,2026-01-24 12:00:00,W,Euclid Ave,0,0,0,0
2026-01-24,18,10:00,172,8,11.3,1,1,32.49,1,2026-01-24 08:00:00,2026-01-24 12:00:00,W,Bowmore Rd,0,1,0,0
2026-01-24,18,10:00,172,8,11.3,1,1,32.49,1,2026-01-24 08:00:00,2026-01-24 12:00:00,W,Bay St,0,0,0,0
2026-01-24,18,10:00,172,8,11.3,1,1,32.49,1,2026-01-24 08:00:00,2026-01-24 12:00:00,W,Lansdowne Ave,0,0,0,0
2026-01-24,18,10:00,172,8,11.3,1,1,32.49,1,2026-01-24 08:00:00,2026-01-24 12:00:00,W,Indian Rd,0,0,0,0
2026-01-24,18,10:00,172,8,11.3,1,1,32.49,1,2026-01-24 08:00:00,2026-01-24 12:00:00,W,Grace St,0,0,0,0
2026-01-24,18,10:00,172,8,11.3,1,1,32.49,1,2026-01-24 08:00:00,2026-01-24 12:00:00,W,Dufferin St,0,0,0,0
2026-01-24,18,10:00,172,8,11.3,1,1,32.49,1,2026-01-24 08:00:00,2026-01-24 12:00:00,W,Gerrard St East at Beaton Ave,0,0,0,0
2026-01-24,18,10:00,172,8,11.3,1,1,32.49,1,2026-01-24 08:00:00,2026-01-24 12:00:00,W,Bathurst St,0,0,0,0
2026-01-24,18,10:00,172,8,11.3,1,1,32.49,1,2026-01-24 08:00:00,2026-01-24 12:00:00,W,Yonge St - College Station,0,0,0,0
2026-01-24,18,10:00,172,8,11.3,1,1,32.49,1,2026-01-24 08:00:00,2026-01-24 12:00:00,W,Dundas St West at Sterling Rd,0,0,0,0
2026-01-24,18,10:00,172,8,11.3,1,1,32.49,1,2026-01-24 08:00:00,2026-01-24 12:00:00,W,Brock Ave,0,0,0,0
2026-01-24,18,10:00,172,8,11.3,1,1,32.49,1,2026-01-24 08:00:00,2026-01-24 12:00:00,W,Sackville St,0,0,0,0
2026-01-24,18,10:00,172,8,11.3,1,1,32.49,1,2026-01-24 08:00:00,2026-01-24 12:00:00,W,Carlaw Ave,0,0,0,0
2026-01-24,18,10:00,172,8,11.3,1,1,32.49,1,2026-01-24 08:00:00,2026-01-24 12:00:00,W,Borden St,0,0,0,0
2026-01-24,18,10:00,172,8,11.3,1,1,32.49,1,2026-01-24 08:00:00,2026-01-24 12:00:00,W,Dundas St West at Sorauren Ave,0,0,0,0
2026-01-24,18,10:00,172,8,11.3,1,1,32.49,1,2026-01-24 08:00:00,2026-01-24 12:00:00,W,Crawford St,0,0,0,0
2026-01-24,18,10:00,172,8,11.3,1,1,32.49,1,2026-01-24 08:00:00,2026-01-24 12:00:00,W,Pape Ave,0,0,0,0
2026-01-24,18,10:00,172,8,11.3,1,1,32.49,1,2026-01-24 08:00:00,2026-01-24 12:00:00,W,Spadina Ave,0,0,0,0
2026-01-24,18,10:00,172,8,11.3,1,1,32.49,1,2026-01-24 08:00:00,2026-01-24 12:00:00,W,River St,4,1,0,0
2026-01-24,18,10:00,172,8,11.3,1,1,32.49,1,2026-01-24 08:00:00,2026-01-24 12:00:00,W,Marjory Ave,0,0,0,0
2026-01-24,18,10:00,172,8,11.3,1,1,32.49,1,2026-01-24 08:00:00,2026-01-24 12:00:00,W,Kingsmount Park Rd,0,0,0,0
2026-01-24,18,10:00,172,8,11.3,1,1,32.49,1,2026-01-24 08:00:00,2026-01-24 12:00:00,W,Church St,0,0,0,0
2026-01-24,18,10:00,172,8,11.3,1,1,32.49,1,2026-01-24 08:00:00,2026-01-24 12:00:00,W,Ossington Ave,0,0,0,0
2026-01-24,18,10:00,172,8,11.3,1,1,32.49,1,2026-01-24 08:00:00,2026-01-24 12:00:00,W,Woodbine Ave,0,0,0,0
2026-01-24,18,10:00,172,8,11.3,1,1,32.49,1,2026-01-24 08:00:00,2026-01-24 12:00:00,W,Jones Ave,0,0,0,0
2026-01-24,18,10:00,172,8,11.3,1,1,32.49,1,2026-01-24 08:00:00,2026-01-24 12:00:00,W,Golfview Ave,0,0,0,0
2026-01-24,18,10:00,172,8,11.3,1,1,32.49,1,2026-01-24 08:00:00,2026-01-24 12:00:00,W,Leslie St,0,0,0,0
2026-01-24,18,10:00,172,8,11.3,1,1,32.49,1,2026-01-24 08:00:00,2026-01-24 12:00:00,W,St Matthews Rd,3,1,1,0
2026-01-24,18,10:00,172,8,11.3,1,1,32.49,1,2026-01-24 08:00:00,2026-01-24 12:00:00,W,Jarvis St,0,0,0,0
2026-01-24,18,10:00,172,8,11.3,1,1,32.49,1,2026-01-24 08:00:00,2026-01-24 12:00:00,W,Sherbourne St,0,0,0,0
2026-01-24,18,10:00,172,8,11.3,1,1,32.49,1,2026-01-24 08:00:00,2026-01-24 12:00:00,W,St George St,3,1,1,0
2026-01-24,18,10:00,172,8,11.3,1,1,32.49,1,2026-01-24 08:00:00,2026-01-24 12:00:00,W,Dovercourt Rd,0,0,0,0
2026-01-24,18,10:00,172,8,11.3,1,1,32.49,1,2026-01-24 08:00:00,2026-01-24 12:00:00,W,Glenmount Park Rd,0,0,0,0
2026-01-24,18,10:00,172,8,11.3,1,1,32.49,1,2026-01-24 08:00:00,2026-01-24 12:00:00,W,Prust Ave,1,1,1,0
2026-01-24,18,10:00,172,8,11.3,1,1,32.49,1,2026-01-24 08:00:00,2026-01-24 12:00:00,W,Main Street Station at Bay 7,0,0,0,0
2026-01-24,18,10:00,172,8,11.3,1,1,32.49,1,2026-01-24 08:00:00,2026-01-24 12:00:00,W,Norwood Rd,0,0,0,0
2026-01-24,18,10:00,172,8,11.3,1,1,32.49,1,2026-01-24 08:00:00,2026-01-24 12:00:00,W,McCaul St,0,0,0,0
2026-01-24,18,10:00,172,8,11.3,1,1,32.49,1,2026-01-24 08:00:00,2026-01-24 12:00:00,W,Broadview Ave,0,0,0,0
2026-01-24,18,10:00,172,8,11.3,1,1,32.49,1,2026-01-24 08:00:00,2026-01-24 12:00:00,W,Ontario St,0,0,0,0
2026-01-24,18,10:00,172,8,11.3,1,1,32.49,1,2026-01-24 08:00:00,2026-01-24 12:00:00,W,Rusholme Park Cres,0,0,0,0
2026-01-24,18,10:00,172,8,11.3,1,1,32.49,1,2026-01-24 08:00:00,2026-01-24 12:00:00,W,Havelock St,3,3,1,0
2026-01-24,18,10:00,172,8,11.3,1,1,32.49,1,2026-01-24 08:00:00,2026-01-24 12:00:00,W,High Park Loop,0,0,0,0
2026-01-24,18,10:00,172,8,11.3,1,1,32.49,1,2026-01-24 08:00:00,2026-01-24 12:00:00,W,Queens Park (Queen's Park Station),4,2,0,0
2026-01-24,18,10:00,172,8,11.3,1,1,32.49,1,2026-01-24 08:00:00,2026-01-24 12:00:00,W,Roncesvalles Ave,0,0,0,0
2026-01-24,18,10:00,172,8,11.3,1,1,32.49,1,2026-01-24 08:00:00,2026-01-24 12:00:00,W,De Grassi St,0,0,0,0
2026-01-24,18,10:00,172,8,11.3,1,1,32.49,1,2026-01-24 08:00:00,2026-01-24 12:00:00,W,Parliament St at Carlton St,5,2,0,0
2026-01-24,18,10:00,172,8,11.3,1,1,32.49,1,2026-01-24 08:00:00,2026-01-24 12:00:00,W,Parkside Dr East Side,0,0,0,0
2026-01-24,18,10:00,172,8,11.3,1,1,32.49,1,2026-01-24 08:00:00,2026-01-24 12:00:00,W,Dundas St West,0,0,0,0
2026-01-24,18,10:00,172,8,11.3,1,1,32.49,1,2026-01-24 08:00:00,2026-01-24 12:00:00,W,Howard Park Ave at Roncesvalles Ave,4,4,1,0
2026-01-24,18,10:00,172,8,11.3,1,1,32.49,1,2026-01-24 08:00:00,2026-01-24 12:00:00,W,Parliament St,4,2,0,0
2026-01-24,18,10:00,172,8,11.3,1,1,32.49,1,2026-01-24 08:00:00,2026-01-24 12:00:00,W,Parliament St at Gerrard St East,0,0,0,0
2026-01-24,18,10:00,172,8,11.3,1,1,32.49,1,2026-01-24 08:00:00,2026-01-24 12:00:00,W,Sumach St,0,0,0,0
2026-01-24,18,10:00,172,8,11.3,1,1,32.49,1,2026-01-24 08:00:00,2026-01-24 12:00:00,W,Blackburn St,0,0,0,0
2026-01-24,18,10:00,172,8,11.3,1,1,32.49,1,2026-01-24 08:00:00,2026-01-24 12:00:00,W,Logan Ave,0,0,0,0
2026-01-24,18,10:00,172,8,11.3,1,1,32.49,1,2026-01-24 08:00:00,2026-01-24 12:00:00,W,Augusta Ave,0,0,0,0
2026-01-24,18,10:00,172,8,11.3,1,1,32.49,1,2026-01-24 08:00:00,2026-01-24 12:00:00,W,Beverley St,0,0,0,0
2026-01-24,18,10:00,172,8,11.3,1,1,32.49,1,2026-01-24 08:00:00,2026-01-24 12:00:00,W,University Ave (Queen's Park Station,0,0,0,0
2026-01-24,18,10:00,172,8,11.3,1,1,32.49,1,2026-01-24 08:00:00,2026-01-24 12:00:00,W,Elizabeth St,0,0,0,0
2026-01-24,18,10:00,172,8,11.3,1,1,32.49,1,2026-01-24 08:00:00,2026-01-24 12:00:00,W,Greenwood Ave,0,0,0,0
2026-01-24,18,10:00,172,8,11.3,1,1,32.49,1,2026-01-24 08:00:00,2026-01-24 12:00:00,W,Alton Ave,0,0,0,0
2026-01-24,18,10:00,172,8,11.3,1,1,32.49,1,2026-01-24 08:00:00,2026-01-24 12:00:00,W,Coxwell Ave,0,0,0,0
2026-01-24,18,10:00,172,8,11.3,1,1,32.49,1,2026-01-24 08:00:00,2026-01-24 12:00:00,W,Gerrard St East  at Coxwell Ave,0,1,0,0
2026-01-24,18,10:00,172,8,11.3,1,1,32.49,1,2026-01-24 08:00:00,2026-01-24 12:00:00,W,Coxwell Ave at Lower Gerrard St East,0,1,0,0
2026-01-24,18,10:00,172,8,11.3,1,1,32.49,1,2026-01-24 08:00:00,2026-01-24 12:00:00,W,Ashdale Ave,3,1,1,0
2026-01-24,18,10:00,172,8,11.3,1,1,32.49,1,2026-01-24 08:00:00,2026-01-24 12:00:00,W,Howard Park Ave at Indian Rd,2,5,1,0
2026-01-24,18,10:00,172,8,11.3,1,1,32.49,1,2026-01-24 08:00:00,2026-01-24 12:00:00,W,Dundas St West at Howard Park Ave,3,5,1,0
2026-01-24,18,10:00,172,8,11.3,1,1,32.49,1,2026-01-24 08:00:00,2026-01-24 12:00:00,W,Main St at Gerrard St East,0,2,0,0
2026-01-24,18,10:00,172,8,11.3,1,1,32.49,1,2026-01-24 08:00:00,2026-01-24 12:00:00,W,Main St,0,0,0,0
2026-01-24,18,10:00,172,8,11.3,1,1,32.49,1,2026-01-24 08:00:00,2026-01-24 12:00:00,W,Main St at Danforth Ave,0,0,0,0
2026-01-24,18,10:00,172,8,11.3,1,1,32.49,1,2026-01-24 08:00:00,2026-01-24 12:00:00,W,Howard Park Ave at Parkside Dr,2,4,1,0
2026-01-31,18,10:00,172,8,11.3,1,1,32.49,1,2026-01-31 08:00:00,2026-01-31 12:00:00,E,Woodfield Rd,0,0,0,0
2026-01-31,18,10:00,172,8,11.3,1,1,32.49,1,2026-01-31 08:00:00,2026-01-31 12:00:00,E,Coxwell Ave at Gerrard St East,0,2,1,0
2026-01-31,18,10:00,172,8,11.3,1,1,32.49,1,2026-01-31 08:00:00,2026-01-31 12:00:00,E,Euclid Ave,2,1,3,0
2026-01-31,18,10:00,172,8,11.3,1,1,32.49,1,2026-01-31 08:00:00,2026-01-31 12:00:00,E,Bowmore Rd,0,0,0,0
2026-01-31,18,10:00,172,8,11.3,1,1,32.49,1,2026-01-31 08:00:00,2026-01-31 12:00:00,E,Bay St,2,1,2,0
2026-01-31,18,10:00,172,8,11.3,1,1,32.49,1,2026-01-31 08:00:00,2026-01-31 12:00:00,E,Lansdowne Ave,0,1,1,0
2026-01-31,18,10:00,172,8,11.3,1,1,32.49,1,2026-01-31 08:00:00,2026-01-31 12:00:00,E,Indian Rd,0,2,5,1
2026-01-31,18,10:00,172,8,11.3,1,1,32.49,1,2026-01-31 08:00:00,2026-01-31 12:00:00,E,Grace St,1,2,1,0
2026-01-31,18,10:00,172,8,11.3,1,1,32.49,1,2026-01-31 08:00:00,2026-01-31 12:00:00,E,Dufferin St,1,1,2,0
2026-01-31,18,10:00,172,8,11.3,1,1,32.49,1,2026-01-31 08:00:00,2026-01-31 12:00:00,E,Gerrard St East at Beaton Ave,0,3,1,0
2026-01-31,18,10:00,172,8,11.3,1,1,32.49,1,2026-01-31 08:00:00,2026-01-31 12:00:00,E,Bathurst St,2,2,2,1
2026-01-31,18,10:00,172,8,11.3,1,1,32.49,1,2026-01-31 08:00:00,2026-01-31 12:00:00,E,Yonge St - College Station,3,2,4,0
2026-01-31,18,10:00,172,8,11.3,1,1,32.49,1,2026-01-31 08:00:00,2026-01-31 12:00:00,E,Dundas St West at Sterling Rd,0,1,2,0
2026-01-31,18,10:00,172,8,11.3,1,1,32.49,1,2026-01-31 08:00:00,2026-01-31 12:00:00,E,Brock Ave,1,1,1,0
2026-01-31,18,10:00,172,8,11.3,1,1,32.49,1,2026-01-31 08:00:00,2026-01-31 12:00:00,E,Sackville St,3,2,3,1
2026-01-31,18,10:00,172,8,11.3,1,1,32.49,1,2026-01-31 08:00:00,2026-01-31 12:00:00,E,Carlaw Ave,0,3,2,1
2026-01-31,18,10:00,172,8,11.3,1,1,32.49,1,2026-01-31 08:00:00,2026-01-31 12:00:00,E,Borden St,3,2,4,0
2026-01-31,18,10:00,172,8,11.3,1,1,32.49,1,2026-01-31 08:00:00,2026-01-31 12:00:00,E,Dundas St West at Sorauren Ave,0,1,2,0
2026-01-31,18,10:00,172,8,11.3,1,1,32.49,1,2026-01-31 08:00:00,2026-01-31 12:00:00,E,Crawford St,1,2,1,0
2026-01-31,18,10:00,172,8,11.3,1,1,32.49,1,2026-01-31 08:00:00,2026-01-31 12:00:00,E,Pape Ave,1,4,2,1
2026-01-31,18,10:00,172,8,11.3,1,1,32.49,1,2026-01-31 08:00:00,2026-01-31 12:00:00,E,Spadina Ave,4,1,4,0
2026-01-31,18,10:00,172,8,11.3,1,1,32.49,1,2026-01-31 08:00:00,2026-01-31 12:00:00,E,River St,0,0,0,0
2026-01-31,18,10:00,172,8,11.3,1,1,32.49,1,2026-01-31 08:00:00,2026-01-31 12:00:00,E,Marjory Ave,0,3,1,1
2026-01-31,18,10:00,172,8,11.3,1,1,32.49,1,2026-01-31 08:00:00,2026-01-31 12:00:00,E,Kingsmount Park Rd,0,5,1,1
2026-01-31,18,10:00,172,8,11.3,1,1,32.49,1,2026-01-31 08:00:00,2026-01-31 12:00:00,E,Church St,2,1,3,0
2026-01-31,18,10:00,172,8,11.3,1,1,32.49,1,2026-01-31 08:00:00,2026-01-31 12:00:00,E,Ossington Ave,1,1,2,0
2026-01-31,18,10:00,172,8,11.3,1,1,32.49,1,2026-01-31 08:00:00,2026-01-31 12:00:00,E,Woodbine Ave,1,5,1,1
2026-01-31,18,10:00,172,8,11.3,1,1,32.49,1,2026-01-31 08:00:00,2026-01-31 12:00:00,E,Jones Ave,0,3,1,1
2026-01-31,18,10:00,172,8,11.3,1,1,32.49,1,2026-01-31 08:00:00,2026-01-31 12:00:00,E,Golfview Ave,1,5,1,1
2026-01-31,18,10:00,172,8,11.3,1,1,32.49,1,2026-01-31 08:00:00,2026-01-31 12:00:00,E,Leslie St,0,3,1,1
2026-01-31,18,10:00,172,8,11.3,1,1,32.49,1,2026-01-31 08:00:00,2026-01-31 12:00:00,E,St Matthews Rd,0,0,0,0
2026-01-31,18,10:00,172,8,11.3,1,1,32.49,1,2026-01-31 08:00:00,2026-01-31 12:00:00,E,Jarvis St,3,1,3,1
2026-01-31,18,10:00,172,8,11.3,1,1,32.49,1,2026-01-31 08:00:00,2026-01-31 12:00:00,E,Sherbourne St,3,2,3,1
2026-01-31,18,10:00,172,8,11.3,1,1,32.49,1,2026-01-31 08:00:00,2026-01-31 12:00:00,E,St George St,0,0,0,0
2026-01-31,18,10:00,172,8,11.3,1,1,32.49,1,2026-01-31 08:00:00,2026-01-31 12:00:00,E,Dovercourt Rd,1,1,2,0
2026-01-31,18,10:00,172,8,11.3,1,1,32.49,1,2026-01-31 08:00:00,2026-01-31 12:00:00,E,Glenmount Park Rd,1,5,1,1
2026-01-31,18,10:00,172,8,11.3,1,1,32.49,1,2026-01-31 08:00:00,2026-01-31 12:00:00,E,Prust Ave,0,0,0,0
2026-01-31,18,10:00,172,8,11.3,1,1,32.49,1,2026-01-31 08:00:00,2026-01-31 12:00:00,E,Main Street Station at Bay 7,0,0,0,0
2026-01-31,18,10:00,172,8,11.3,1,1,32.49,1,2026-01-31 08:00:00,2026-01-31 12:00:00,E,Norwood Rd,1,5,1,1
2026-01-31,18,10:00,172,8,11.3,1,1,32.49,1,2026-01-31 08:00:00,2026-01-31 12:00:00,E,McCaul St,2,1,3,0
2026-01-31,18,10:00,172,8,11.3,1,1,32.49,1,2026-01-31 08:00:00,2026-01-31 12:00:00,E,Broadview Ave,3,0,2,1
2026-01-31,18,10:00,172,8,11.3,1,1,32.49,1,2026-01-31 08:00:00,2026-01-31 12:00:00,E,Ontario St,3,3,5,0
2026-01-31,18,10:00,172,8,11.3,1,1,32.49,1,2026-01-31 08:00:00,2026-01-31 12:00:00,E,Rusholme Park Cres,1,1,1,0
2026-01-31,18,10:00,172,8,11.3,1,1,32.49,1,2026-01-31 08:00:00,2026-01-31 12:00:00,E,Havelock St,0,0,0,0
2026-01-31,18,10:00,172,8,11.3,1,1,32.49,1,2026-01-31 08:00:00,2026-01-31 12:00:00,E,High Park Loop,0,0,0,0
2026-01-31,18,10:00,172,8,11.3,1,1,32.49,1,2026-01-31 08:00:00,2026-01-31 12:00:00,E,Queens Park (Queen's Park Station),0,0,0,0
2026-01-31,18,10:00,172,8,11.3,1,1,32.49,1,2026-01-31 08:00:00,2026-01-31 12:00:00,E,Roncesvalles Ave,0,2,5,1
2026-01-31,18,10:00,172,8,11.3,1,1,32.49,1,2026-01-31 08:00:00,2026-01-31 12:00:00,E,De Grassi St,2,4,2,1
2026-01-31,18,10:00,172,8,11.3,1,1,32.49,1,2026-01-31 08:00:00,2026-01-31 12:00:00,E,Parliament St at Carlton St,0,0,0,0
2026-01-31,18,10:00,172,8,11.3,1,1,32.49,1,2026-01-31 08:00:00,2026-01-31 12:00:00,E,Parkside Dr East Side,0,2,5,1
2026-01-31,18,10:00,172,8,11.3,1,1,32.49,1,2026-01-31 08:00:00,2026-01-31 12:00:00,E,Dundas St West,0,2,5,1
2026-01-31,18,10:00,172,8,11.3,1,1,32.49,1,2026-01-31 08:00:00,2026-01-31 12:00:00,E,Howard Park Ave at Roncesvalles Ave,0,0,0,0
2026-01-31,18,10:00,172,8,11.3,1,1,32.49,1,2026-01-31 08:00:00,2026-01-31 12:00:00,E,Parliament St,0,0,0,0
2026-01-31,18,10:00,172,8,11.3,1,1,32.49,1,2026-01-31 08:00:00,2026-01-31 12:00:00,E,Parliament St at Gerrard St East,3,2,3,0
2026-01-31,18,10:00,172,8,11.3,1,1,32.49,1,2026-01-31 08:00:00,2026-01-31 12:00:00,E,Sumach St,3,2,4,0
2026-01-31,18,10:00,172,8,11.3,1,1,32.49,1,2026-01-31 08:00:00,2026-01-31 12:00:00,E,Blackburn St,3,3,3,0
2026-01-31,18,10:00,172,8,11.3,1,1,32.49,1,2026-01-31 08:00:00,2026-01-31 12:00:00,E,Logan Ave,1,3,2,1
2026-01-31,18,10:00,172,8,11.3,1,1,32.49,1,2026-01-31 08:00:00,2026-01-31 12:00:00,E,Augusta Ave,2,2,3,0
2026-01-31,18,10:00,172,8,11.3,1,1,32.49,1,2026-01-31 08:00:00,2026-01-31 12:00:00,E,Beverley St,2,1,3,0
2026-01-31,18,10:00,172,8,11.3,1,1,32.49,1,2026-01-31 08:00:00,2026-01-31 12:00:00,E,University Ave (Queen's Park Station,3,0,3,0
2026-01-31,18,10:00,172,8,11.3,1,1,32.49,1,2026-01-31 08:00:00,2026-01-31 12:00:00,E,Elizabeth St,2,2,2,0
2026-01-31,18,10:00,172,8,11.3,1,1,32.49,1,2026-01-31 08:00:00,2026-01-31 12:00:00,E,Greenwood Ave,0,2,1,1
2026-01-31,18,10:00,172,8,11.3,1,1,32.49,1,2026-01-31 08:00:00,2026-01-31 12:00:00,E,Alton Ave,0,3,1,1
2026-01-31,18,10:00,172,8,11.3,1,1,32.49,1,2026-01-31 08:00:00,2026-01-31 12:00:00,E,Coxwell Ave,2,2,1,0
2026-01-31,18,10:00,172,8,11.3,1,1,32.49,1,2026-01-31 08:00:00,2026-01-31 12:00:00,E,Gerrard St East  at Coxwell Ave,0,0,0,0
2026-01-31,18,10:00,172,8,11.3,1,1,32.49,1,2026-01-31 08:00:00,2026-01-31 12:00:00,E,Coxwell Ave at Lower Gerrard St East,0,0,0,0
2026-01-31,18,10:00,172,8,11.3,1,1,32.49,1,2026-01-31 08:00:00,2026-01-31 12:00:00,E,Ashdale Ave,0,0,0,0
2026-01-31,18,10:00,172,8,11.3,1,1,32.49,1,2026-01-31 08:00:00,2026-01-31 12:00:00,E,Howard Park Ave at Indian Rd,0,0,0,0
2026-01-31,18,10:00,172,8,11.3,1,1,32.49,1,2026-01-31 08:00:00,2026-01-31 12:00:00,E,Dundas St West at Howard Park Ave,0,0,0,0
2026-01-31,18,10:00,172,8,11.3,1,1,32.49,1,2026-01-31 08:00:00,2026-01-31 12:00:00,E,Main St at Gerrard St East,0,0,0,0
2026-01-31,18,10:00,172,8,11.3,1,1,32.49,1,2026-01-31 08:00:00,2026-01-31 12:00:00,E,Main St,1,4,2,1
2026-01-31,18,10:00,172,8,11.3,1,1,32.49,1,2026-01-31 08:00:00,2026-01-31 12:00:00,E,Main St at Danforth Ave,0,0,0,0
2026-01-31,18,10:00,172,8,11.3,1,1,32.49,1,2026-01-31 08:00:00,2026-01-31 12:00:00,E,Howard Park Ave at Parkside Dr,0,0,0,0
2026-01-31,18,10:00,172,8,11.3,1,1,32.49,1,2026-01-31 08:00:00,2026-01-31 12:00:00,W,Woodfield Rd,2,1,2,1
2026-01-31,18,10:00,172,8,11.3,1,1,32.49,1,2026-01-31 08:00:00,2026-01-31 12:00:00,W,Coxwell Ave at Gerrard St East,0,0,0,0
2026-01-31,18,10:00,172,8,11.3,1,1,32.49,1,2026-01-31 08:00:00,2026-01-31 12:00:00,W,Euclid Ave,0,0,0,0
2026-01-31,18,10:00,172,8,11.3,1,1,32.49,1,2026-01-31 08:00:00,2026-01-31 12:00:00,W,Bowmore Rd,1,2,2,0
2026-01-31,18,10:00,172,8,11.3,1,1,32.49,1,2026-01-31 08:00:00,2026-01-31 12:00:00,W,Bay St,0,0,0,0
2026-01-31,18,10:00,172,8,11.3,1,1,32.49,1,2026-01-31 08:00:00,2026-01-31 12:00:00,W,Lansdowne Ave,0,0,0,0
2026-01-31,18,10:00,172,8,11.3,1,1,32.49,1,2026-01-31 08:00:00,2026-01-31 12:00:00,W,Indian Rd,0,0,0,0
2026-01-31,18,10:00,172,8,11.3,1,1,32.49,1,2026-01-31 08:00:00,2026-01-31 12:00:00,W,Grace St,0,0,0,0
2026-01-31,18,10:00,172,8,11.3,1,1,32.49,1,2026-01-31 08:00:00,2026-01-31 12:00:00,W,Dufferin St,0,0,0,0
2026-01-31,18,10:00,172,8,11.3,1,1,32.49,1,2026-01-31 08:00:00,2026-01-31 12:00:00,W,Gerrard St East at Beaton Ave,0,0,0,0
2026-01-31,18,10:00,172,8,11.3,1,1,32.49,1,2026-01-31 08:00:00,2026-01-31 12:00:00,W,Bathurst St,0,0,0,0
2026-01-31,18,10:00,172,8,11.3,1,1,32.49,1,2026-01-31 08:00:00,2026-01-31 12:00:00,W,Yonge St - College Station,0,0,0,0
2026-01-31,18,10:00,172,8,11.3,1,1,32.49,1,2026-01-31 08:00:00,2026-01-31 12:00:00,W,Dundas St West at Sterling Rd,0,0,0,0
2026-01-31,18,10:00,172,8,11.3,1,1,32.49,1,2026-01-31 08:00:00,2026-01-31 12:00:00,W,Brock Ave,0,0,0,0
2026-01-31,18,10:00,172,8,11.3,1,1,32.49,1,2026-01-31 08:00:00,2026-01-31 12:00:00,W,Sackville St,0,0,0,0
2026-01-31,18,10:00,172,8,11.3,1,1,32.49,1,2026-01-31 08:00:00,2026-01-31 12:00:00,W,Carlaw Ave,0,0,0,0
2026-01-31,18,10:00,172,8,11.3,1,1,32.49,1,2026-01-31 08:00:00,2026-01-31 12:00:00,W,Borden St,0,0,0,0
2026-01-31,18,10:00,172,8,11.3,1,1,32.49,1,2026-01-31 08:00:00,2026-01-31 12:00:00,W,Dundas St West at Sorauren Ave,0,0,0,0
2026-01-31,18,10:00,172,8,11.3,1,1,32.49,1,2026-01-31 08:00:00,2026-01-31 12:00:00,W,Crawford St,0,0,0,0
2026-01-31,18,10:00,172,8,11.3,1,1,32.49,1,2026-01-31 08:00:00,2026-01-31 12:00:00,W,Pape Ave,0,0,0,0
2026-01-31,18,10:00,172,8,11.3,1,1,32.49,1,2026-01-31 08:00:00,2026-01-31 12:00:00,W,Spadina Ave,0,0,0,0
2026-01-31,18,10:00,172,8,11.3,1,1,32.49,1,2026-01-31 08:00:00,2026-01-31 12:00:00,W,River St,2,2,3,1
2026-01-31,18,10:00,172,8,11.3,1,1,32.49,1,2026-01-31 08:00:00,2026-01-31 12:00:00,W,Marjory Ave,0,0,0,0
2026-01-31,18,10:00,172,8,11.3,1,1,32.49,1,2026-01-31 08:00:00,2026-01-31 12:00:00,W,Kingsmount Park Rd,0,0,0,0
2026-01-31,18,10:00,172,8,11.3,1,1,32.49,1,2026-01-31 08:00:00,2026-01-31 12:00:00,W,Church St,0,0,0,0
2026-01-31,18,10:00,172,8,11.3,1,1,32.49,1,2026-01-31 08:00:00,2026-01-31 12:00:00,W,Ossington Ave,0,0,0,0
2026-01-31,18,10:00,172,8,11.3,1,1,32.49,1,2026-01-31 08:00:00,2026-01-31 12:00:00,W,Woodbine Ave,0,0,0,0
2026-01-31,18,10:00,172,8,11.3,1,1,32.49,1,2026-01-31 08:00:00,2026-01-31 12:00:00,W,Jones Ave,0,0,0,0
2026-01-31,18,10:00,172,8,11.3,1,1,32.49,1,2026-01-31 08:00:00,2026-01-31 12:00:00,W,Golfview Ave,0,0,0,0
2026-01-31,18,10:00,172,8,11.3,1,1,32.49,1,2026-01-31 08:00:00,2026-01-31 12:00:00,W,Leslie St,0,0,0,0
2026-01-31,18,10:00,172,8,11.3,1,1,32.49,1,2026-01-31 08:00:00,2026-01-31 12:00:00,W,St Matthews Rd,0,2,3,1
2026-01-31,18,10:00,172,8,11.3,1,1,32.49,1,2026-01-31 08:00:00,2026-01-31 12:00:00,W,Jarvis St,0,0,0,0
2026-01-31,18,10:00,172,8,11.3,1,1,32.49,1,2026-01-31 08:00:00,2026-01-31 12:00:00,W,Sherbourne St,0,0,0,0
2026-01-31,18,10:00,172,8,11.3,1,1,32.49,1,2026-01-31 08:00:00,2026-01-31 12:00:00,W,St George St,2,3,5,0
2026-01-31,18,10:00,172,8,11.3,1,1,32.49,1,2026-01-31 08:00:00,2026-01-31 12:00:00,W,Dovercourt Rd,0,0,0,0
2026-01-31,18,10:00,172,8,11.3,1,1,32.49,1,2026-01-31 08:00:00,2026-01-31 12:00:00,W,Glenmount Park Rd,0,0,0,0
2026-01-31,18,10:00,172,8,11.3,1,1,32.49,1,2026-01-31 08:00:00,2026-01-31 12:00:00,W,Prust Ave,1,1,2,1
2026-01-31,18,10:00,172,8,11.3,1,1,32.49,1,2026-01-31 08:00:00,2026-01-31 12:00:00,W,Main Street Station at Bay 7,0,0,0,0
2026-01-31,18,10:00,172,8,11.3,1,1,32.49,1,2026-01-31 08:00:00,2026-01-31 12:00:00,W,Norwood Rd,0,0,0,0
2026-01-31,18,10:00,172,8,11.3,1,1,32.49,1,2026-01-31 08:00:00,2026-01-31 12:00:00,W,McCaul St,0,0,0,0
2026-01-31,18,10:00,172,8,11.3,1,1,32.49,1,2026-01-31 08:00:00,2026-01-31 12:00:00,W,Broadview Ave,0,0,0,0
2026-01-31,18,10:00,172,8,11.3,1,1,32.49,1,2026-01-31 08:00:00,2026-01-31 12:00:00,W,Ontario St,0,0,0,0
2026-01-31,18,10:00,172,8,11.3,1,1,32.49,1,2026-01-31 08:00:00,2026-01-31 12:00:00,W,Rusholme Park Cres,0,0,0,0
2026-01-31,18,10:00,172,8,11.3,1,1,32.49,1,2026-01-31 08:00:00,2026-01-31 12:00:00,W,Havelock St,5,3,7,0
2026-01-31,18,10:00,172,8,11.3,1,1,32.49,1,2026-01-31 08:00:00,2026-01-31 12:00:00,W,High Park Loop,0,0,0,0
2026-01-31,18,10:00,172,8,11.3,1,1,32.49,1,2026-01-31 08:00:00,2026-01-31 12:00:00,W,Queens Park (Queen's Park Station),2,3,6,0
2026-01-31,18,10:00,172,8,11.3,1,1,32.49,1,2026-01-31 08:00:00,2026-01-31 12:00:00,W,Roncesvalles Ave,0,0,0,0
2026-01-31,18,10:00,172,8,11.3,1,1,32.49,1,2026-01-31 08:00:00,2026-01-31 12:00:00,W,De Grassi St,0,0,0,0
2026-01-31,18,10:00,172,8,11.3,1,1,32.49,1,2026-01-31 08:00:00,2026-01-31 12:00:00,W,Parliament St at Carlton St,3,2,3,1
2026-01-31,18,10:00,172,8,11.3,1,1,32.49,1,2026-01-31 08:00:00,2026-01-31 12:00:00,W,Parkside Dr East Side,0,0,0,0
2026-01-31,18,10:00,172,8,11.3,1,1,32.49,1,2026-01-31 08:00:00,2026-01-31 12:00:00,W,Dundas St West,0,0,0,0
2026-01-31,18,10:00,172,8,11.3,1,1,32.49,1,2026-01-31 08:00:00,2026-01-31 12:00:00,W,Howard Park Ave at Roncesvalles Ave,1,4,4,0
2026-01-31,18,10:00,172,8,11.3,1,1,32.49,1,2026-01-31 08:00:00,2026-01-31 12:00:00,W,Parliament St,3,2,3,1
2026-01-31,18,10:00,172,8,11.3,1,1,32.49,1,2026-01-31 08:00:00,2026-01-31 12:00:00,W,Parliament St at Gerrard St East,0,0,0,0
2026-01-31,18,10:00,172,8,11.3,1,1,32.49,1,2026-01-31 08:00:00,2026-01-31 12:00:00,W,Sumach St,0,0,0,0
2026-01-31,18,10:00,172,8,11.3,1,1,32.49,1,2026-01-31 08:00:00,2026-01-31 12:00:00,W,Blackburn St,0,0,0,0
2026-01-31,18,10:00,172,8,11.3,1,1,32.49,1,2026-01-31 08:00:00,2026-01-31 12:00:00,W,Logan Ave,0,0,0,0
2026-01-31,18,10:00,172,8,11.3,1,1,32.49,1,2026-01-31 08:00:00,2026-01-31 12:00:00,W,Augusta Ave,0,0,0,0
2026-01-31,18,10:00,172,8,11.3,1,1,32.49,1,2026-01-31 08:00:00,2026-01-31 12:00:00,W,Beverley St,0,0,0,0
2026-01-31,18,10:00,172,8,11.3,1,1,32.49,1,2026-01-31 08:00:00,2026-01-31 12:00:00,W,University Ave (Queen's Park Station,0,0,0,0
2026-01-31,18,10:00,172,8,11.3,1,1,32.49,1,2026-01-31 08:00:00,2026-01-31 12:00:00,W,Elizabeth St,0,0,0,0
2026-01-31,18,10:00,172,8,11.3,1,1,32.49,1,2026-01-31 08:00:00,2026-01-31 12:00:00,W,Greenwood Ave,0,0,0,0
2026-01-31,18,10:00,172,8,11.3,1,1,32.49,1,2026-01-31 08:00:00,2026-01-31 12:00:00,W,Alton Ave,0,0,0,0
2026-01-31,18,10:00,172,8,11.3,1,1,32.49,1,2026-01-31 08:00:00,2026-01-31 12:00:00,W,Coxwell Ave,0,0,0,0
2026-01-31,18,10:00,172,8,11.3,1,1,32.49,1,2026-01-31 08:00:00,2026-01-31 12:00:00,W,Gerrard St East  at Coxwell Ave,1,2,2,0
2026-01-31,18,10:00,172,8,11.3,1,1,32.49,1,2026-01-31 08:00:00,2026-01-31 12:00:00,W,Coxwell Ave at Lower Gerrard St East,0,1,2,0
2026-01-31,18,10:00,172,8,11.3,1,1,32.49,1,2026-01-31 08:00:00,2026-01-31 12:00:00,W,Ashdale Ave,1,1,2,1
2026-01-31,18,10:00,172,8,11.3,1,1,32.49,1,2026-01-31 08:00:00,2026-01-31 12:00:00,W,Howard Park Ave at Indian Rd,1,4,5,0
2026-01-31,18,10:00,172,8,11.3,1,1,32.49,1,2026-01-31 08:00:00,2026-01-31 12:00:00,W,Dundas St West at Howard Park Ave,2,4,4,0
2026-01-31,18,10:00,172,8,11.3,1,1,32.49,1,2026-01-31 08:00:00,2026-01-31 12:00:00,W,Main St at Gerrard St East,1,1,3,0
2026-01-31,18,10:00,172,8,11.3,1,1,32.49,1,2026-01-31 08:00:00,2026-01-31 12:00:00,W,Main St,0,0,0,0
2026-01-31,18,10:00,172,8,11.3,1,1,32.49,1,2026-01-31 08:00:00,2026-01-31 12:00:00,W,Main St at Danforth Ave,0,0,0,0
2026-01-31,18,10:00,172,8,11.3,1,1,32.49,1,2026-01-31 08:00:00,2026-01-31 12:00:00,W,Howard Park Ave at Parkside Dr,1,4,5,0
2026-02-07,18,10:00,172,8,11.3,1,1,32.49,1,2026-02-07 08:00:00,2026-02-07 12:00:00,E,Woodfield Rd,0,0,0,0
2026-02-07,18,10:00,172,8,11.3,1,1,32.49,1,2026-02-07 08:00:00,2026-02-07 12:00:00,E,Coxwell Ave at Gerrard St East,3,4,0,0
2026-02-07,18,10:00,172,8,11.3,1,1,32.49,1,2026-02-07 08:00:00,2026-02-07 12:00:00,E,Euclid Ave,1,2,0,0
2026-02-07,18,10:00,172,8,11.3,1,1,32.49,1,2026-02-07 08:00:00,2026-02-07 12:00:00,E,Bowmore Rd,0,0,0,0
2026-02-07,18,10:00,172,8,11.3,1,1,32.49,1,2026-02-07 08:00:00,2026-02-07 12:00:00,E,Bay St,2,2,0,0
2026-02-07,18,10:00,172,8,11.3,1,1,32.49,1,2026-02-07 08:00:00,2026-02-07 12:00:00,E,Lansdowne Ave,0,2,0,0
2026-02-07,18,10:00,172,8,11.3,1,1,32.49,1,2026-02-07 08:00:00,2026-02-07 12:00:00,E,Indian Rd,0,2,0,0
2026-02-07,18,10:00,172,8,11.3,1,1,32.49,1,2026-02-07 08:00:00,2026-02-07 12:00:00,E,Grace St,0,2,0,0
2026-02-07,18,10:00,172,8,11.3,1,1,32.49,1,2026-02-07 08:00:00,2026-02-07 12:00:00,E,Dufferin St,0,2,0,0
2026-02-07,18,10:00,172,8,11.3,1,1,32.49,1,2026-02-07 08:00:00,2026-02-07 12:00:00,E,Gerrard St East at Beaton Ave,3,6,0,0
2026-02-07,18,10:00,172,8,11.3,1,1,32.49,1,2026-02-07 08:00:00,2026-02-07 12:00:00,E,Bathurst St,1,2,0,0
2026-02-07,18,10:00,172,8,11.3,1,1,32.49,1,2026-02-07 08:00:00,2026-02-07 12:00:00,E,Yonge St - College Station,2,2,0,0
2026-02-07,18,10:00,172,8,11.3,1,1,32.49,1,2026-02-07 08:00:00,2026-02-07 12:00:00,E,Dundas St West at Sterling Rd,0,2,0,0
2026-02-07,18,10:00,172,8,11.3,1,1,32.49,1,2026-02-07 08:00:00,2026-02-07 12:00:00,E,Brock Ave,0,2,0,0
2026-02-07,18,10:00,172,8,11.3,1,1,32.49,1,2026-02-07 08:00:00,2026-02-07 12:00:00,E,Sackville St,2,2,0,0
2026-02-07,18,10:00,172,8,11.3,1,1,32.49,1,2026-02-07 08:00:00,2026-02-07 12:00:00,E,Carlaw Ave,1,3,0,0
2026-02-07,18,10:00,172,8,11.3,1,1,32.49,1,2026-02-07 08:00:00,2026-02-07 12:00:00,E,Borden St,1,2,0,0
2026-02-07,18,10:00,172,8,11.3,1,1,32.49,1,2026-02-07 08:00:00,2026-02-07 12:00:00,E,Dundas St West at Sorauren Ave,0,2,0,0
2026-02-07,18,10:00,172,8,11.3,1,1,32.49,1,2026-02-07 08:00:00,2026-02-07 12:00:00,E,Crawford St,1,2,0,0
2026-02-07,18,10:00,172,8,11.3,1,1,32.49,1,2026-02-07 08:00:00,2026-02-07 12:00:00,E,Pape Ave,2,4,0,0
2026-02-07,18,10:00,172,8,11.3,1,1,32.49,1,2026-02-07 08:00:00,2026-02-07 12:00:00,E,Spadina Ave,1,2,0,0
2026-02-07,18,10:00,172,8,11.3,1,1,32.49,1,2026-02-07 08:00:00,2026-02-07 12:00:00,E,River St,0,0,0,0
2026-02-07,18,10:00,172,8,11.3,1,1,32.49,1,2026-02-07 08:00:00,2026-02-07 12:00:00,E,Marjory Ave,1,4,0,0
2026-02-07,18,10:00,172,8,11.3,1,1,32.49,1,2026-02-07 08:00:00,2026-02-07 12:00:00,E,Kingsmount Park Rd,4,6,0,0
2026-02-07,18,10:00,172,8,11.3,1,1,32.49,1,2026-02-07 08:00:00,2026-02-07 12:00:00,E,Church St,2,2,0,0
2026-02-07,18,10:00,172,8,11.3,1,1,32.49,1,2026-02-07 08:00:00,2026-02-07 12:00:00,E,Ossington Ave,1,2,0,0
2026-02-07,18,10:00,172,8,11.3,1,1,32.49,1,2026-02-07 08:00:00,2026-02-07 12:00:00,E,Woodbine Ave,3,4,0,0
2026-02-07,18,10:00,172,8,11.3,1,1,32.49,1,2026-02-07 08:00:00,2026-02-07 12:00:00,E,Jones Ave,2,4,0,0
2026-02-07,18,10:00,172,8,11.3,1,1,32.49,1,2026-02-07 08:00:00,2026-02-07 12:00:00,E,Golfview Ave,4,5,0,0
2026-02-07,18,10:00,172,8,11.3,1,1,32.49,1,2026-02-07 08:00:00,2026-02-07 12:00:00,E,Leslie St,2,5,0,0
2026-02-07,18,10:00,172,8,11.3,1,1,32.49,1,2026-02-07 08:00:00,2026-02-07 12:00:00,E,St Matthews Rd,0,0,0,0
2026-02-07,18,10:00,172,8,11.3,1,1,32.49,1,2026-02-07 08:00:00,2026-02-07 12:00:00,E,Jarvis St,2,2,0,0
2026-02-07,18,10:00,172,8,11.3,1,1,32.49,1,2026-02-07 08:00:00,2026-02-07 12:00:00,E,Sherbourne St,2,2,0,0
2026-02-07,18,10:00,172,8,11.3,1,1,32.49,1,2026-02-07 08:00:00,2026-02-07 12:00:00,E,St George St,0,0,0,0
2026-02-07,18,10:00,172,8,11.3,1,1,32.49,1,2026-02-07 08:00:00,2026-02-07 12:00:00,E,Dovercourt Rd,0,2,0,0
2026-02-07,18,10:00,172,8,11.3,1,1,32.49,1,2026-02-07 08:00:00,2026-02-07 12:00:00,E,Glenmount Park Rd,4,5,0,0
2026-02-07,18,10:00,172,8,11.3,1,1,32.49,1,2026-02-07 08:00:00,2026-02-07 12:00:00,E,Prust Ave,0,0,0,0
2026-02-07,18,10:00,172,8,11.3,1,1,32.49,1,2026-02-07 08:00:00,2026-02-07 12:00:00,E,Main Street Station at Bay 7,0,0,0,0
2026-02-07,18,10:00,172,8,11.3,1,1,32.49,1,2026-02-07 08:00:00,2026-02-07 12:00:00,E,Norwood Rd,4,5,0,0
2026-02-07,18,10:00,172,8,11.3,1,1,32.49,1,2026-02-07 08:00:00,2026-02-07 12:00:00,E,McCaul St,1,2,0,0
2026-02-07,18,10:00,172,8,11.3,1,1,32.49,1,2026-02-07 08:00:00,2026-02-07 12:00:00,E,Broadview Ave,2,2,0,0
2026-02-07,18,10:00,172,8,11.3,1,1,32.49,1,2026-02-07 08:00:00,2026-02-07 12:00:00,E,Ontario St,2,2,0,0
2026-02-07,18,10:00,172,8,11.3,1,1,32.49,1,2026-02-07 08:00:00,2026-02-07 12:00:00,E,Rusholme Park Cres,1,2,0,0
2026-02-07,18,10:00,172,8,11.3,1,1,32.49,1,2026-02-07 08:00:00,2026-02-07 12:00:00,E,Havelock St,0,0,0,0
2026-02-07,18,10:00,172,8,11.3,1,1,32.49,1,2026-02-07 08:00:00,2026-02-07 12:00:00,E,High Park Loop,0,0,0,0
2026-02-07,18,10:00,172,8,11.3,1,1,32.49,1,2026-02-07 08:00:00,2026-02-07 12:00:00,E,Queens Park (Queen's Park Station),0,0,0,0
2026-02-07,18,10:00,172,8,11.3,1,1,32.49,1,2026-02-07 08:00:00,2026-02-07 12:00:00,E,Roncesvalles Ave,0,2,0,0
2026-02-07,18,10:00,172,8,11.3,1,1,32.49,1,2026-02-07 08:00:00,2026-02-07 12:00:00,E,De Grassi St,1,2,0,0
2026-02-07,18,10:00,172,8,11.3,1,1,32.49,1,2026-02-07 08:00:00,2026-02-07 12:00:00,E,Parliament St at Carlton St,0,0,0,0
2026-02-07,18,10:00,172,8,11.3,1,1,32.49,1,2026-02-07 08:00:00,2026-02-07 12:00:00,E,Parkside Dr East Side,0,2,0,0
2026-02-07,18,10:00,172,8,11.3,1,1,32.49,1,2026-02-07 08:00:00,2026-02-07 12:00:00,E,Dundas St West,0,2,0,0
2026-02-07,18,10:00,172,8,11.3,1,1,32.49,1,2026-02-07 08:00:00,2026-02-07 12:00:00,E,Howard Park Ave at Roncesvalles Ave,0,0,0,0
2026-02-07,18,10:00,172,8,11.3,1,1,32.49,1,2026-02-07 08:00:00,2026-02-07 12:00:00,E,Parliament St,0,0,0,0
2026-02-07,18,10:00,172,8,11.3,1,1,32.49,1,2026-02-07 08:00:00,2026-02-07 12:00:00,E,Parliament St at Gerrard St East,2,2,0,0
2026-02-07,18,10:00,172,8,11.3,1,1,32.49,1,2026-02-07 08:00:00,2026-02-07 12:00:00,E,Sumach St,2,2,0,0
2026-02-07,18,10:00,172,8,11.3,1,1,32.49,1,2026-02-07 08:00:00,2026-02-07 12:00:00,E,Blackburn St,2,3,0,0
2026-02-07,18,10:00,172,8,11.3,1,1,32.49,1,2026-02-07 08:00:00,2026-02-07 12:00:00,E,Logan Ave,1,3,0,0
2026-02-07,18,10:00,172,8,11.3,1,1,32.49,1,2026-02-07 08:00:00,2026-02-07 12:00:00,E,Augusta Ave,1,2,0,0
2026-02-07,18,10:00,172,8,11.3,1,1,32.49,1,2026-02-07 08:00:00,2026-02-07 12:00:00,E,Beverley St,1,2,0,0
2026-02-07,18,10:00,172,8,11.3,1,1,32.49,1,2026-02-07 08:00:00,2026-02-07 12:00:00,E,University Ave (Queen's Park Station,1,2,0,0
2026-02-07,18,10:00,172,8,11.3,1,1,32.49,1,2026-02-07 08:00:00,2026-02-07 12:00:00,E,Elizabeth St,1,2,0,0
2026-02-07,18,10:00,172,8,11.3,1,1,32.49,1,2026-02-07 08:00:00,2026-02-07 12:00:00,E,Greenwood Ave,2,4,0,0
2026-02-07,18,10:00,172,8,11.3,1,1,32.49,1,2026-02-07 08:00:00,2026-02-07 12:00:00,E,Alton Ave,2,4,0,0
2026-02-07,18,10:00,172,8,11.3,1,1,32.49,1,2026-02-07 08:00:00,2026-02-07 12:00:00,E,Coxwell Ave,3,4,0,0
2026-02-07,18,10:00,172,8,11.3,1,1,32.49,1,2026-02-07 08:00:00,2026-02-07 12:00:00,E,Gerrard St East  at Coxwell Ave,0,0,0,0
2026-02-07,18,10:00,172,8,11.3,1,1,32.49,1,2026-02-07 08:00:00,2026-02-07 12:00:00,E,Coxwell Ave at Lower Gerrard St East,0,0,0,0
2026-02-07,18,10:00,172,8,11.3,1,1,32.49,1,2026-02-07 08:00:00,2026-02-07 12:00:00,E,Ashdale Ave,0,0,0,0
2026-02-07,18,10:00,172,8,11.3,1,1,32.49,1,2026-02-07 08:00:00,2026-02-07 12:00:00,E,Howard Park Ave at Indian Rd,0,0,0,0
2026-02-07,18,10:00,172,8,11.3,1,1,32.49,1,2026-02-07 08:00:00,2026-02-07 12:00:00,E,Dundas St West at Howard Park Ave,0,0,0,0
2026-02-07,18,10:00,172,8,11.3,1,1,32.49,1,2026-02-07 08:00:00,2026-02-07 12:00:00,E,Main St at Gerrard St East,0,0,0,0
2026-02-07,18,10:00,172,8,11.3,1,1,32.49,1,2026-02-07 08:00:00,2026-02-07 12:00:00,E,Main St,4,3,0,0
2026-02-07,18,10:00,172,8,11.3,1,1,32.49,1,2026-02-07 08:00:00,2026-02-07 12:00:00,E,Main St at Danforth Ave,0,0,0,0
2026-02-07,18,10:00,172,8,11.3,1,1,32.49,1,2026-02-07 08:00:00,2026-02-07 12:00:00,E,Howard Park Ave at Parkside Dr,0,0,0,0
2026-02-07,18,10:00,172,8,11.3,1,1,32.49,1,2026-02-07 08:00:00,2026-02-07 12:00:00,W,Woodfield Rd,3,1,1,0
2026-02-07,18,10:00,172,8,11.3,1,1,32.49,1,2026-02-07 08:00:00,2026-02-07 12:00:00,W,Coxwell Ave at Gerrard St East,0,0,0,0
2026-02-07,18,10:00,172,8,11.3,1,1,32.49,1,2026-02-07 08:00:00,2026-02-07 12:00:00,W,Euclid Ave,0,0,0,0
2026-02-07,18,10:00,172,8,11.3,1,1,32.49,1,2026-02-07 08:00:00,2026-02-07 12:00:00,W,Bowmore Rd,0,1,0,0
2026-02-07,18,10:00,172,8,11.3,1,1,32.49,1,2026-02-07 08:00:00,2026-02-07 12:00:00,W,Bay St,0,0,0,0
2026-02-07,18,10:00,172,8,11.3,1,1,32.49,1,2026-02-07 08:00:00,2026-02-07 12:00:00,W,Lansdowne Ave,0,0,0,0
2026-02-07,18,10:00,172,8,11.3,1,1,32.49,1,2026-02-07 08:00:00,2026-02-07 12:00:00,W,Indian Rd,0,0,0,0
2026-02-07,18,10:00,172,8,11.3,1,1,32.49,1,2026-02-07 08:00:00,2026-02-07 12:00:00,W,Grace St,0,0,0,0
2026-02-07,18,10:00,172,8,11.3,1,1,32.49,1,2026-02-07 08:00:00,2026-02-07 12:00:00,W,Dufferin St,0,0,0,0
2026-02-07,18,10:00,172,8,11.3,1,1,32.49,1,2026-02-07 08:00:00,2026-02-07 12:00:00,W,Gerrard St East at Beaton Ave,0,0,0,0
2026-02-07,18,10:00,172,8,11.3,1,1,32.49,1,2026-02-07 08:00:00,2026-02-07 12:00:00,W,Bathurst St,0,0,0,0
2026-02-07,18,10:00,172,8,11.3,1,1,32.49,1,2026-02-07 08:00:00,2026-02-07 12:00:00,W,Yonge St - College Station,0,0,0,0
2026-02-07,18,10:00,172,8,11.3,1,1,32.49,1,2026-02-07 08:00:00,2026-02-07 12:00:00,W,Dundas St West at Sterling Rd,0,0,0,0
2026-02-07,18,10:00,172,8,11.3,1,1,32.49,1,2026-02-07 08:00:00,2026-02-07 12:00:00,W,Brock Ave,0,0,0,0
2026-02-07,18,10:00,172,8,11.3,1,1,32.49,1,2026-02-07 08:00:00,2026-02-07 12:00:00,W,Sackville St,0,0,0,0
2026-02-07,18,10:00,172,8,11.3,1,1,32.49,1,2026-02-07 08:00:00,2026-02-07 12:00:00,W,Carlaw Ave,0,0,0,0
2026-02-07,18,10:00,172,8,11.3,1,1,32.49,1,2026-02-07 08:00:00,2026-02-07 12:00:00,W,Borden St,0,0,0,0
2026-02-07,18,10:00,172,8,11.3,1,1,32.49,1,2026-02-07 08:00:00,2026-02-07 12:00:00,W,Dundas St West at Sorauren Ave,0,0,0,0
2026-02-07,18,10:00,172,8,11.3,1,1,32.49,1,2026-02-07 08:00:00,2026-02-07 12:00:00,W,Crawford St,0,0,0,0
2026-02-07,18,10:00,172,8,11.3,1,1,32.49,1,2026-02-07 08:00:00,2026-02-07 12:00:00,W,Pape Ave,0,0,0,0
2026-02-07,18,10:00,172,8,11.3,1,1,32.49,1,2026-02-07 08:00:00,2026-02-07 12:00:00,W,Spadina Ave,0,0,0,0
2026-02-07,18,10:00,172,8,11.3,1,1,32.49,1,2026-02-07 08:00:00,2026-02-07 12:00:00,W,River St,1,0,0,0
2026-02-07,18,10:00,172,8,11.3,1,1,32.49,1,2026-02-07 08:00:00,2026-02-07 12:00:00,W,Marjory Ave,0,0,0,0
2026-02-07,18,10:00,172,8,11.3,1,1,32.49,1,2026-02-07 08:00:00,2026-02-07 12:00:00,W,Kingsmount Park Rd,0,0,0,0
2026-02-07,18,10:00,172,8,11.3,1,1,32.49,1,2026-02-07 08:00:00,2026-02-07 12:00:00,W,Church St,0,0,0,0
2026-02-07,18,10:00,172,8,11.3,1,1,32.49,1,2026-02-07 08:00:00,2026-02-07 12:00:00,W,Ossington Ave,0,0,0,0
2026-02-07,18,10:00,172,8,11.3,1,1,32.49,1,2026-02-07 08:00:00,2026-02-07 12:00:00,W,Woodbine Ave,0,0,0,0
2026-02-07,18,10:00,172,8,11.3,1,1,32.49,1,2026-02-07 08:00:00,2026-02-07 12:00:00,W,Jones Ave,0,0,0,0
2026-02-07,18,10:00,172,8,11.3,1,1,32.49,1,2026-02-07 08:00:00,2026-02-07 12:00:00,W,Golfview Ave,0,0,0,0
2026-02-07,18,10:00,172,8,11.3,1,1,32.49,1,2026-02-07 08:00:00,2026-02-07 12:00:00,W,Leslie St,0,0,0,0
2026-02-07,18,10:00,172,8,11.3,1,1,32.49,1,2026-02-07 08:00:00,2026-02-07 12:00:00,W,St Matthews Rd,1,0,0,0
2026-02-07,18,10:00,172,8,11.3,1,1,32.49,1,2026-02-07 08:00:00,2026-02-07 12:00:00,W,Jarvis St,0,0,0,0
2026-02-07,18,10:00,172,8,11.3,1,1,32.49,1,2026-02-07 08:00:00,2026-02-07 12:00:00,W,Sherbourne St,0,0,0,0
2026-02-07,18,10:00,172,8,11.3,1,1,32.49,1,2026-02-07 08:00:00,2026-02-07 12:00:00,W,St George St,2,0,0,0
2026-02-07,18,10:00,172,8,11.3,1,1,32.49,1,2026-02-07 08:00:00,2026-02-07 12:00:00,W,Dovercourt Rd,0,0,0,0
2026-02-07,18,10:00,172,8,11.3,1,1,32.49,1,2026-02-07 08:00:00,2026-02-07 12:00:00,W,Glenmount Park Rd,0,0,0,0
2026-02-07,18,10:00,172,8,11.3,1,1,32.49,1,2026-02-07 08:00:00,2026-02-07 12:00:00,W,Prust Ave,2,0,1,0
2026-02-07,18,10:00,172,8,11.3,1,1,32.49,1,2026-02-07 08:00:00,2026-02-07 12:00:00,W,Main Street Station at Bay 7,0,0,0,0
2026-02-07,18,10:00,172,8,11.3,1,1,32.49,1,2026-02-07 08:00:00,2026-02-07 12:00:00,W,Norwood Rd,0,0,0,0
2026-02-07,18,10:00,172,8,11.3,1,1,32.49,1,2026-02-07 08:00:00,2026-02-07 12:00:00,W,McCaul St,0,0,0,0
2026-02-07,18,10:00,172,8,11.3,1,1,32.49,1,2026-02-07 08:00:00,2026-02-07 12:00:00,W,Broadview Ave,0,0,0,0
2026-02-07,18,10:00,172,8,11.3,1,1,32.49,1,2026-02-07 08:00:00,2026-02-07 12:00:00,W,Ontario St,0,0,0,0
2026-02-07,18,10:00,172,8,11.3,1,1,32.49,1,2026-02-07 08:00:00,2026-02-07 12:00:00,W,Rusholme Park Cres,0,0,0,0
2026-02-07,18,10:00,172,8,11.3,1,1,32.49,1,2026-02-07 08:00:00,2026-02-07 12:00:00,W,Havelock St,1,0,0,0
2026-02-07,18,10:00,172,8,11.3,1,1,32.49,1,2026-02-07 08:00:00,2026-02-07 12:00:00,W,High Park Loop,0,0,0,0
2026-02-07,18,10:00,172,8,11.3,1,1,32.49,1,2026-02-07 08:00:00,2026-02-07 12:00:00,W,Queens Park (Queen's Park Station),3,0,0,0
2026-02-07,18,10:00,172,8,11.3,1,1,32.49,1,2026-02-07 08:00:00,2026-02-07 12:00:00,W,Roncesvalles Ave,0,0,0,0
2026-02-07,18,10:00,172,8,11.3,1,1,32.49,1,2026-02-07 08:00:00,2026-02-07 12:00:00,W,De Grassi St,0,0,0,0
2026-02-07,18,10:00,172,8,11.3,1,1,32.49,1,2026-02-07 08:00:00,2026-02-07 12:00:00,W,Parliament St at Carlton St,3,0,0,0
2026-02-07,18,10:00,172,8,11.3,1,1,32.49,1,2026-02-07 08:00:00,2026-02-07 12:00:00,W,Parkside Dr East Side,0,0,0,0
2026-02-07,18,10:00,172,8,11.3,1,1,32.49,1,2026-02-07 08:00:00,2026-02-07 12:00:00,W,Dundas St West,0,0,0,0
2026-02-07,18,10:00,172,8,11.3,1,1,32.49,1,2026-02-07 08:00:00,2026-02-07 12:00:00,W,Howard Park Ave at Roncesvalles Ave,1,0,0,0
2026-02-07,18,10:00,172,8,11.3,1,1,32.49,1,2026-02-07 08:00:00,2026-02-07 12:00:00,W,Parliament St,2,1,0,0
2026-02-07,18,10:00,172,8,11.3,1,1,32.49,1,2026-02-07 08:00:00,2026-02-07 12:00:00,W,Parliament St at Gerrard St East,0,0,0,0
2026-02-07,18,10:00,172,8,11.3,1,1,32.49,1,2026-02-07 08:00:00,2026-02-07 12:00:00,W,Sumach St,0,0,0,0
2026-02-07,18,10:00,172,8,11.3,1,1,32.49,1,2026-02-07 08:00:00,2026-02-07 12:00:00,W,Blackburn St,0,0,0,0
2026-02-07,18,10:00,172,8,11.3,1,1,32.49,1,2026-02-07 08:00:00,2026-02-07 12:00:00,W,Logan Ave,0,0,0,0
2026-02-07,18,10:00,172,8,11.3,1,1,32.49,1,2026-02-07 08:00:00,2026-02-07 12:00:00,W,Augusta Ave,0,0,0,0
2026-02-07,18,10:00,172,8,11.3,1,1,32.49,1,2026-02-07 08:00:00,2026-02-07 12:00:00,W,Beverley St,0,0,0,0
2026-02-07,18,10:00,172,8,11.3,1,1,32.49,1,2026-02-07 08:00:00,2026-02-07 12:00:00,W,University Ave (Queen's Park Station,0,0,0,0
2026-02-07,18,10:00,172,8,11.3,1,1,32.49,1,2026-02-07 08:00:00,2026-02-07 12:00:00,W,Elizabeth St,0,0,0,0
2026-02-07,18,10:00,172,8,11.3,1,1,32.49,1,2026-02-07 08:00:00,2026-02-07 12:00:00,W,Greenwood Ave,0,0,0,0
2026-02-07,18,10:00,172,8,11.3,1,1,32.49,1,2026-02-07 08:00:00,2026-02-07 12:00:00,W,Alton Ave,0,0,0,0
2026-02-07,18,10:00,172,8,11.3,1,1,32.49,1,2026-02-07 08:00:00,2026-02-07 12:00:00,W,Coxwell Ave,0,0,0,0
2026-02-07,18,10:00,172,8,11.3,1,1,32.49,1,2026-02-07 08:00:00,2026-02-07 12:00:00,W,Gerrard St East  at Coxwell Ave,0,1,0,0
2026-02-07,18,10:00,172,8,11.3,1,1,32.49,1,2026-02-07 08:00:00,2026-02-07 12:00:00,W,Coxwell Ave at Lower Gerrard St East,2,0,1,0
2026-02-07,18,10:00,172,8,11.3,1,1,32.49,1,2026-02-07 08:00:00,2026-02-07 12:00:00,W,Ashdale Ave,2,1,1,0
2026-02-07,18,10:00,172,8,11.3,1,1,32.49,1,2026-02-07 08:00:00,2026-02-07 12:00:00,W,Howard Park Ave at Indian Rd,1,0,0,0
2026-02-07,18,10:00,172,8,11.3,1,1,32.49,1,2026-02-07 08:00:00,2026-02-07 12:00:00,W,Dundas St West at Howard Park Ave,1,0,0,0
2026-02-07,18,10:00,172,8,11.3,1,1,32.49,1,2026-02-07 08:00:00,2026-02-07 12:00:00,W,Main St at Gerrard St East,1,1,1,0
2026-02-07,18,10:00,172,8,11.3,1,1,32.49,1,2026-02-07 08:00:00,2026-02-07 12:00:00,W,Main St,0,0,0,0
2026-02-07,18,10:00,172,8,11.3,1,1,32.49,1,2026-02-07 08:00:00,2026-02-07 12:00:00,W,Main St at Danforth Ave,0,0,0,0
2026-02-07,18,10:00,172,8,11.3,1,1,32.49,1,2026-02-07 08:00:00,2026-02-07 12:00:00,W,Howard Park Ave at Parkside Dr,1,1,0,0
2026-02-14,18,10:00,172,8,11.3,1,1,32.49,1,2026-02-14 08:00:00,2026-02-14 12:00:00,E,Woodfield Rd,0,0,0,0
2026-02-14,18,10:00,172,8,11.3,1,1,32.49,1,2026-02-14 08:00:00,2026-02-14 12:00:00,E,Coxwell Ave at Gerrard St East,1,2,0,0
2026-02-14,18,10:00,172,8,11.3,1,1,32.49,1,2026-02-14 08:00:00,2026-02-14 12:00:00,E,Euclid Ave,0,0,0,0
2026-02-14,18,10:00,172,8,11.3,1,1,32.49,1,2026-02-14 08:00:00,2026-02-14 12:00:00,E,Bowmore Rd,0,0,0,0
2026-02-14,18,10:00,172,8,11.3,1,1,32.49,1,2026-02-14 08:00:00,2026-02-14 12:00:00,E,Bay St,2,0,0,0
2026-02-14,18,10:00,172,8,11.3,1,1,32.49,1,2026-02-14 08:00:00,2026-02-14 12:00:00,E,Lansdowne Ave,0,0,0,0
2026-02-14,18,10:00,172,8,11.3,1,1,32.49,1,2026-02-14 08:00:00,2026-02-14 12:00:00,E,Indian Rd,0,0,2,0
2026-02-14,18,10:00,172,8,11.3,1,1,32.49,1,2026-02-14 08:00:00,2026-02-14 12:00:00,E,Grace St,0,0,0,0
2026-02-14,18,10:00,172,8,11.3,1,1,32.49,1,2026-02-14 08:00:00,2026-02-14 12:00:00,E,Dufferin St,0,0,0,0
2026-02-14,18,10:00,172,8,11.3,1,1,32.49,1,2026-02-14 08:00:00,2026-02-14 12:00:00,E,Gerrard St East at Beaton Ave,1,2,0,0
2026-02-14,18,10:00,172,8,11.3,1,1,32.49,1,2026-02-14 08:00:00,2026-02-14 12:00:00,E,Bathurst St,0,0,0,0
2026-02-14,18,10:00,172,8,11.3,1,1,32.49,1,2026-02-14 08:00:00,2026-02-14 12:00:00,E,Yonge St - College Station,1,0,0,0
2026-02-14,18,10:00,172,8,11.3,1,1,32.49,1,2026-02-14 08:00:00,2026-02-14 12:00:00,E,Dundas St West at Sterling Rd,0,0,1,0
2026-02-14,18,10:00,172,8,11.3,1,1,32.49,1,2026-02-14 08:00:00,2026-02-14 12:00:00,E,Brock Ave,0,0,0,0
2026-02-14,18,10:00,172,8,11.3,1,1,32.49,1,2026-02-14 08:00:00,2026-02-14 12:00:00,E,Sackville St,1,1,0,0
2026-02-14,18,10:00,172,8,11.3,1,1,32.49,1,2026-02-14 08:00:00,2026-02-14 12:00:00,E,Carlaw Ave,0,1,0,0
2026-02-14,18,10:00,172,8,11.3,1,1,32.49,1,2026-02-14 08:00:00,2026-02-14 12:00:00,E,Borden St,0,0,0,0
2026-02-14,18,10:00,172,8,11.3,1,1,32.49,1,2026-02-14 08:00:00,2026-02-14 12:00:00,E,Dundas St West at Sorauren Ave,0,0,1,0
2026-02-14,18,10:00,172,8,11.3,1,1,32.49,1,2026-02-14 08:00:00,2026-02-14 12:00:00,E,Crawford St,0,0,0,0
2026-02-14,18,10:00,172,8,11.3,1,1,32.49,1,2026-02-14 08:00:00,2026-02-14 12:00:00,E,Pape Ave,0,1,0,0
2026-02-14,18,10:00,172,8,11.3,1,1,32.49,1,2026-02-14 08:00:00,2026-02-14 12:00:00,E,Spadina Ave,0,0,0,0
2026-02-14,18,10:00,172,8,11.3,1,1,32.49,1,2026-02-14 08:00:00,2026-02-14 12:00:00,E,River St,0,0,0,0
2026-02-14,18,10:00,172,8,11.3,1,1,32.49,1,2026-02-14 08:00:00,2026-02-14 12:00:00,E,Marjory Ave,0,1,0,0
2026-02-14,18,10:00,172,8,11.3,1,1,32.49,1,2026-02-14 08:00:00,2026-02-14 12:00:00,E,Kingsmount Park Rd,1,2,0,0
2026-02-14,18,10:00,172,8,11.3,1,1,32.49,1,2026-02-14 08:00:00,2026-02-14 12:00:00,E,Church St,2,0,0,0
2026-02-14,18,10:00,172,8,11.3,1,1,32.49,1,2026-02-14 08:00:00,2026-02-14 12:00:00,E,Ossington Ave,0,0,0,0
2026-02-14,18,10:00,172,8,11.3,1,1,32.49,1,2026-02-14 08:00:00,2026-02-14 12:00:00,E,Woodbine Ave,1,2,0,0
2026-02-14,18,10:00,172,8,11.3,1,1,32.49,1,2026-02-14 08:00:00,2026-02-14 12:00:00,E,Jones Ave,1,1,0,0
2026-02-14,18,10:00,172,8,11.3,1,1,32.49,1,2026-02-14 08:00:00,2026-02-14 12:00:00,E,Golfview Ave,1,2,0,0
2026-02-14,18,10:00,172,8,11.3,1,1,32.49,1,2026-02-14 08:00:00,2026-02-14 12:00:00,E,Leslie St,1,1,0,0
2026-02-14,18,10:00,172,8,11.3,1,1,32.49,1,2026-02-14 08:00:00,2026-02-14 12:00:00,E,St Matthews Rd,0,0,0,0
2026-02-14,18,10:00,172,8,11.3,1,1,32.49,1,2026-02-14 08:00:00,2026-02-14 12:00:00,E,Jarvis St,3,0,0,0
2026-02-14,18,10:00,172,8,11.3,1,1,32.49,1,2026-02-14 08:00:00,2026-02-14 12:00:00,E,Sherbourne St,1,0,0,0
2026-02-14,18,10:00,172,8,11.3,1,1,32.49,1,2026-02-14 08:00:00,2026-02-14 12:00:00,E,St George St,0,0,0,0
2026-02-14,18,10:00,172,8,11.3,1,1,32.49,1,2026-02-14 08:00:00,2026-02-14 12:00:00,E,Dovercourt Rd,0,0,0,0
2026-02-14,18,10:00,172,8,11.3,1,1,32.49,1,2026-02-14 08:00:00,2026-02-14 12:00:00,E,Glenmount Park Rd,1,1,0,0
2026-02-14,18,10:00,172,8,11.3,1,1,32.49,1,2026-02-14 08:00:00,2026-02-14 12:00:00,E,Prust Ave,0,0,0,0
2026-02-14,18,10:00,172,8,11.3,1,1,32.49,1,2026-02-14 08:00:00,2026-02-14 12:00:00,E,Main Street Station at Bay 7,0,0,0,0
2026-02-14,18,10:00,172,8,11.3,1,1,32.49,1,2026-02-14 08:00:00,2026-02-14 12:00:00,E,Norwood Rd,1,1,0,0
2026-02-14,18,10:00,172,8,11.3,1,1,32.49,1,2026-02-14 08:00:00,2026-02-14 12:00:00,E,McCaul St,0,0,0,0
2026-02-14,18,10:00,172,8,11.3,1,1,32.49,1,2026-02-14 08:00:00,2026-02-14 12:00:00,E,Broadview Ave,2,1,0,0
2026-02-14,18,10:00,172,8,11.3,1,1,32.49,1,2026-02-14 08:00:00,2026-02-14 12:00:00,E,Ontario St,1,0,0,0
2026-02-14,18,10:00,172,8,11.3,1,1,32.49,1,2026-02-14 08:00:00,2026-02-14 12:00:00,E,Rusholme Park Cres,0,0,0,0
2026-02-14,18,10:00,172,8,11.3,1,1,32.49,1,2026-02-14 08:00:00,2026-02-14 12:00:00,E,Havelock St,0,0,0,0
2026-02-14,18,10:00,172,8,11.3,1,1,32.49,1,2026-02-14 08:00:00,2026-02-14 12:00:00,E,High Park Loop,0,0,0,0
2026-02-14,18,10:00,172,8,11.3,1,1,32.49,1,2026-02-14 08:00:00,2026-02-14 12:00:00,E,Queens Park (Queen's Park Station),0,0,0,0
2026-02-14,18,10:00,172,8,11.3,1,1,32.49,1,2026-02-14 08:00:00,2026-02-14 12:00:00,E,Roncesvalles Ave,0,0,3,0
2026-02-14,18,10:00,172,8,11.3,1,1,32.49,1,2026-02-14 08:00:00,2026-02-14 12:00:00,E,De Grassi St,0,1,0,0
2026-02-14,18,10:00,172,8,11.3,1,1,32.49,1,2026-02-14 08:00:00,2026-02-14 12:00:00,E,Parliament St at Carlton St,0,0,0,0
2026-02-14,18,10:00,172,8,11.3,1,1,32.49,1,2026-02-14 08:00:00,2026-02-14 12:00:00,E,Parkside Dr East Side,0,0,2,0
2026-02-14,18,10:00,172,8,11.3,1,1,32.49,1,2026-02-14 08:00:00,2026-02-14 12:00:00,E,Dundas St West,0,0,2,0
2026-02-14,18,10:00,172,8,11.3,1,1,32.49,1,2026-02-14 08:00:00,2026-02-14 12:00:00,E,Howard Park Ave at Roncesvalles Ave,0,0,0,0
2026-02-14,18,10:00,172,8,11.3,1,1,32.49,1,2026-02-14 08:00:00,2026-02-14 12:00:00,E,Parliament St,0,0,0,0
2026-02-14,18,10:00,172,8,11.3,1,1,32.49,1,2026-02-14 08:00:00,2026-02-14 12:00:00,E,Parliament St at Gerrard St East,1,0,0,0
2026-02-14,18,10:00,172,8,11.3,1,1,32.49,1,2026-02-14 08:00:00,2026-02-14 12:00:00,E,Sumach St,0,1,0,0
2026-02-14,18,10:00,172,8,11.3,1,1,32.49,1,2026-02-14 08:00:00,2026-02-14 12:00:00,E,Blackburn St,0,1,0,0
2026-02-14,18,10:00,172,8,11.3,1,1,32.49,1,2026-02-14 08:00:00,2026-02-14 12:00:00,E,Logan Ave,0,1,0,0
2026-02-14,18,10:00,172,8,11.3,1,1,32.49,1,2026-02-14 08:00:00,2026-02-14 12:00:00,E,Augusta Ave,0,0,0,0
2026-02-14,18,10:00,172,8,11.3,1,1,32.49,1,2026-02-14 08:00:00,2026-02-14 12:00:00,E,Beverley St,1,0,0,0
2026-02-14,18,10:00,172,8,11.3,1,1,32.49,1,2026-02-14 08:00:00,2026-02-14 12:00:00,E,University Ave (Queen's Park Station,2,0,0,0
2026-02-14,18,10:00,172,8,11.3,1,1,32.49,1,2026-02-14 08:00:00,2026-02-14 12:00:00,E,Elizabeth St,1,0,0,0
2026-02-14,18,10:00,172,8,11.3,1,1,32.49,1,2026-02-14 08:00:00,2026-02-14 12:00:00,E,Greenwood Ave,2,1,0,0
2026-02-14,18,10:00,172,8,11.3,1,1,32.49,1,2026-02-14 08:00:00,2026-02-14 12:00:00,E,Alton Ave,1,1,0,0
2026-02-14,18,10:00,172,8,11.3,1,1,32.49,1,2026-02-14 08:00:00,2026-02-14 12:00:00,E,Coxwell Ave,2,2,0,0
2026-02-14,18,10:00,172,8,11.3,1,1,32.49,1,2026-02-14 08:00:00,2026-02-14 12:00:00,E,Gerrard St East  at Coxwell Ave,0,0,0,0
2026-02-14,18,10:00,172,8,11.3,1,1,32.49,1,2026-02-14 08:00:00,2026-02-14 12:00:00,E,Coxwell Ave at Lower Gerrard St East,0,0,0,0
2026-02-14,18,10:00,172,8,11.3,1,1,32.49,1,2026-02-14 08:00:00,2026-02-14 12:00:00,E,Ashdale Ave,0,0,0,0
2026-02-14,18,10:00,172,8,11.3,1,1,32.49,1,2026-02-14 08:00:00,2026-02-14 12:00:00,E,Howard Park Ave at Indian Rd,0,0,0,0
2026-02-14,18,10:00,172,8,11.3,1,1,32.49,1,2026-02-14 08:00:00,2026-02-14 12:00:00,E,Dundas St West at Howard Park Ave,0,0,0,0
2026-02-14,18,10:00,172,8,11.3,1,1,32.49,1,2026-02-14 08:00:00,2026-02-14 12:00:00,E,Main St at Gerrard St East,0,0,0,0
2026-02-14,18,10:00,172,8,11.3,1,1,32.49,1,2026-02-14 08:00:00,2026-02-14 12:00:00,E,Main St,1,1,0,0
2026-02-14,18,10:00,172,8,11.3,1,1,32.49,1,2026-02-14 08:00:00,2026-02-14 12:00:00,E,Main St at Danforth Ave,0,0,0,0
2026-02-14,18,10:00,172,8,11.3,1,1,32.49,1,2026-02-14 08:00:00,2026-02-14 12:00:00,E,Howard Park Ave at Parkside Dr,0,0,0,0
2026-02-14,18,10:00,172,8,11.3,1,1,32.49,1,2026-02-14 08:00:00,2026-02-14 12:00:00,W,Woodfield Rd,1,0,1,0
2026-02-14,18,10:00,172,8,11.3,1,1,32.49,1,2026-02-14 08:00:00,2026-02-14 12:00:00,W,Coxwell Ave at Gerrard St East,0,0,0,0
2026-02-14,18,10:00,172,8,11.3,1,1,32.49,1,2026-02-14 08:00:00,2026-02-14 12:00:00,W,Euclid Ave,0,0,0,0
2026-02-14,18,10:00,172,8,11.3,1,1,32.49,1,2026-02-14 08:00:00,2026-02-14 12:00:00,W,Bowmore Rd,0,1,1,0
2026-02-14,18,10:00,172,8,11.3,1,1,32.49,1,2026-02-14 08:00:00,2026-02-14 12:00:00,W,Bay St,0,0,0,0
2026-02-14,18,10:00,172,8,11.3,1,1,32.49,1,2026-02-14 08:00:00,2026-02-14 12:00:00,W,Lansdowne Ave,0,0,0,0
2026-02-14,18,10:00,172,8,11.3,1,1,32.49,1,2026-02-14 08:00:00,2026-02-14 12:00:00,W,Indian Rd,0,0,0,0
2026-02-14,18,10:00,172,8,11.3,1,1,32.49,1,2026-02-14 08:00:00,2026-02-14 12:00:00,W,Grace St,0,0,0,0
2026-02-14,18,10:00,172,8,11.3,1,1,32.49,1,2026-02-14 08:00:00,2026-02-14 12:00:00,W,Dufferin St,0,0,0,0
2026-02-14,18,10:00,172,8,11.3,1,1,32.49,1,2026-02-14 08:00:00,2026-02-14 12:00:00,W,Gerrard St East at Beaton Ave,0,0,0,0
2026-02-14,18,10:00,172,8,11.3,1,1,32.49,1,2026-02-14 08:00:00,2026-02-14 12:00:00,W,Bathurst St,0,0,0,0
2026-02-14,18,10:00,172,8,11.3,1,1,32.49,1,2026-02-14 08:00:00,2026-02-14 12:00:00,W,Yonge St - College Station,0,0,0,0
2026-02-14,18,10:00,172,8,11.3,1,1,32.49,1,2026-02-14 08:00:00,2026-02-14 12:00:00,W,Dundas St West at Sterling Rd,0,0,0,0
2026-02-14,18,10:00,172,8,11.3,1,1,32.49,1,2026-02-14 08:00:00,2026-02-14 12:00:00,W,Brock Ave,0,0,0,0
2026-02-14,18,10:00,172,8,11.3,1,1,32.49,1,2026-02-14 08:00:00,2026-02-14 12:00:00,W,Sackville St,0,0,0,0
2026-02-14,18,10:00,172,8,11.3,1,1,32.49,1,2026-02-14 08:00:00,2026-02-14 12:00:00,W,Carlaw Ave,0,0,0,0
2026-02-14,18,10:00,172,8,11.3,1,1,32.49,1,2026-02-14 08:00:00,2026-02-14 12:00:00,W,Borden St,0,0,0,0
2026-02-14,18,10:00,172,8,11.3,1,1,32.49,1,2026-02-14 08:00:00,2026-02-14 12:00:00,W,Dundas St West at Sorauren Ave,0,0,0,0
2026-02-14,18,10:00,172,8,11.3,1,1,32.49,1,2026-02-14 08:00:00,2026-02-14 12:00:00,W,Crawford St,0,0,0,0
2026-02-14,18,10:00,172,8,11.3,1,1,32.49,1,2026-02-14 08:00:00,2026-02-14 12:00:00,W,Pape Ave,0,0,0,0
2026-02-14,18,10:00,172,8,11.3,1,1,32.49,1,2026-02-14 08:00:00,2026-02-14 12:00:00,W,Spadina Ave,0,0,0,0
2026-02-14,18,10:00,172,8,11.3,1,1,32.49,1,2026-02-14 08:00:00,2026-02-14 12:00:00,W,River St,2,1,0,0
2026-02-14,18,10:00,172,8,11.3,1,1,32.49,1,2026-02-14 08:00:00,2026-02-14 12:00:00,W,Marjory Ave,0,0,0,0
2026-02-14,18,10:00,172,8,11.3,1,1,32.49,1,2026-02-14 08:00:00,2026-02-14 12:00:00,W,Kingsmount Park Rd,0,0,0,0
2026-02-14,18,10:00,172,8,11.3,1,1,32.49,1,2026-02-14 08:00:00,2026-02-14 12:00:00,W,Church St,0,0,0,0
2026-02-14,18,10:00,172,8,11.3,1,1,32.49,1,2026-02-14 08:00:00,2026-02-14 12:00:00,W,Ossington Ave,0,0,0,0
2026-02-14,18,10:00,172,8,11.3,1,1,32.49,1,2026-02-14 08:00:00,2026-02-14 12:00:00,W,Woodbine Ave,0,0,0,0
2026-02-14,18,10:00,172,8,11.3,1,1,32.49,1,2026-02-14 08:00:00,2026-02-14 12:00:00,W,Jones Ave,0,0,0,0
2026-02-14,18,10:00,172,8,11.3,1,1,32.49,1,2026-02-14 08:00:00,2026-02-14 12:00:00,W,Golfview Ave,0,0,0,0
2026-02-14,18,10:00,172,8,11.3,1,1,32.49,1,2026-02-14 08:00:00,2026-02-14 12:00:00,W,Leslie St,0,0,0,0
2026-02-14,18,10:00,172,8,11.3,1,1,32.49,1,2026-02-14 08:00:00,2026-02-14 12:00:00,W,St Matthews Rd,2,0,1,0
2026-02-14,18,10:00,172,8,11.3,1,1,32.49,1,2026-02-14 08:00:00,2026-02-14 12:00:00,W,Jarvis St,0,0,0,0
2026-02-14,18,10:00,172,8,11.3,1,1,32.49,1,2026-02-14 08:00:00,2026-02-14 12:00:00,W,Sherbourne St,0,0,0,0
2026-02-14,18,10:00,172,8,11.3,1,1,32.49,1,2026-02-14 08:00:00,2026-02-14 12:00:00,W,St George St,3,1,4,0
2026-02-14,18,10:00,172,8,11.3,1,1,32.49,1,2026-02-14 08:00:00,2026-02-14 12:00:00,W,Dovercourt Rd,0,0,0,0
2026-02-14,18,10:00,172,8,11.3,1,1,32.49,1,2026-02-14 08:00:00,2026-02-14 12:00:00,W,Glenmount Park Rd,0,0,0,0
2026-02-14,18,10:00,172,8,11.3,1,1,32.49,1,2026-02-14 08:00:00,2026-02-14 12:00:00,W,Prust Ave,1,0,0,0
2026-02-14,18,10:00,172,8,11.3,1,1,32.49,1,2026-02-14 08:00:00,2026-02-14 12:00:00,W,Main Street Station at Bay 7,0,0,0,0
2026-02-14,18,10:00,172,8,11.3,1,1,32.49,1,2026-02-14 08:00:00,2026-02-14 12:00:00,W,Norwood Rd,0,0,0,0
2026-02-14,18,10:00,172,8,11.3,1,1,32.49,1,2026-02-14 08:00:00,2026-02-14 12:00:00,W,McCaul St,0,0,0,0
2026-02-14,18,10:00,172,8,11.3,1,1,32.49,1,2026-02-14 08:00:00,2026-02-14 12:00:00,W,Broadview Ave,0,0,0,0
2026-02-14,18,10:00,172,8,11.3,1,1,32.49,1,2026-02-14 08:00:00,2026-02-14 12:00:00,W,Ontario St,0,0,0,0
2026-02-14,18,10:00,172,8,11.3,1,1,32.49,1,2026-02-14 08:00:00,2026-02-14 12:00:00,W,Rusholme Park Cres,0,0,0,0
2026-02-14,18,10:00,172,8,11.3,1,1,32.49,1,2026-02-14 08:00:00,2026-02-14 12:00:00,W,Havelock St,1,0,5,0
2026-02-14,18,10:00,172,8,11.3,1,1,32.49,1,2026-02-14 08:00:00,2026-02-14 12:00:00,W,High Park Loop,0,0,0,0
2026-02-14,18,10:00,172,8,11.3,1,1,32.49,1,2026-02-14 08:00:00,2026-02-14 12:00:00,W,Queens Park (Queen's Park Station),4,0,4,0
2026-02-14,18,10:00,172,8,11.3,1,1,32.49,1,2026-02-14 08:00:00,2026-02-14 12:00:00,W,Roncesvalles Ave,0,0,0,0
2026-02-14,18,10:00,172,8,11.3,1,1,32.49,1,2026-02-14 08:00:00,2026-02-14 12:00:00,W,De Grassi St,0,0,0,0
2026-02-14,18,10:00,172,8,11.3,1,1,32.49,1,2026-02-14 08:00:00,2026-02-14 12:00:00,W,Parliament St at Carlton St,3,1,0,0
2026-02-14,18,10:00,172,8,11.3,1,1,32.49,1,2026-02-14 08:00:00,2026-02-14 12:00:00,W,Parkside Dr East Side,0,0,0,0
2026-02-14,18,10:00,172,8,11.3,1,1,32.49,1,2026-02-14 08:00:00,2026-02-14 12:00:00,W,Dundas St West,0,0,0,0
2026-02-14,18,10:00,172,8,11.3,1,1,32.49,1,2026-02-14 08:00:00,2026-02-14 12:00:00,W,Howard Park Ave at Roncesvalles Ave,2,1,4,0
2026-02-14,18,10:00,172,8,11.3,1,1,32.49,1,2026-02-14 08:00:00,2026-02-14 12:00:00,W,Parliament St,2,1,1,0
2026-02-14,18,10:00,172,8,11.3,1,1,32.49,1,2026-02-14 08:00:00,2026-02-14 12:00:00,W,Parliament St at Gerrard St East,0,0,0,0
2026-02-14,18,10:00,172,8,11.3,1,1,32.49,1,2026-02-14 08:00:00,2026-02-14 12:00:00,W,Sumach St,0,0,0,0
2026-02-14,18,10:00,172,8,11.3,1,1,32.49,1,2026-02-14 08:00:00,2026-02-14 12:00:00,W,Blackburn St,0,0,0,0
2026-02-14,18,10:00,172,8,11.3,1,1,32.49,1,2026-02-14 08:00:00,2026-02-14 12:00:00,W,Logan Ave,0,0,0,0
2026-02-14,18,10:00,172,8,11.3,1,1,32.49,1,2026-02-14 08:00:00,2026-02-14 12:00:00,W,Augusta Ave,0,0,0,0
2026-02-14,18,10:00,172,8,11.3,1,1,32.49,1,2026-02-14 08:00:00,2026-02-14 12:00:00,W,Beverley St,0,0,0,0
2026-02-14,18,10:00,172,8,11.3,1,1,32.49,1,2026-02-14 08:00:00,2026-02-14 12:00:00,W,University Ave (Queen's Park Station,0,0,0,0
2026-02-14,18,10:00,172,8,11.3,1,1,32.49,1,2026-02-14 08:00:00,2026-02-14 12:00:00,W,Elizabeth St,0,0,0,0
2026-02-14,18,10:00,172,8,11.3,1,1,32.49,1,2026-02-14 08:00:00,2026-02-14 12:00:00,W,Greenwood Ave,0,0,0,0
2026-02-14,18,10:00,172,8,11.3,1,1,32.49,1,2026-02-14 08:00:00,2026-02-14 12:00:00,W,Alton Ave,0,0,0,0
2026-02-14,18,10:00,172,8,11.3,1,1,32.49,1,2026-02-14 08:00:00,2026-02-14 12:00:00,W,Coxwell Ave,0,0,0,0
2026-02-14,18,10:00,172,8,11.3,1,1,32.49,1,2026-02-14 08:00:00,2026-02-14 12:00:00,W,Gerrard St East  at Coxwell Ave,0,1,1,0
2026-02-14,18,10:00,172,8,11.3,1,1,32.49,1,2026-02-14 08:00:00,2026-02-14 12:00:00,W,Coxwell Ave at Lower Gerrard St East,0,1,1,0
2026-02-14,18,10:00,172,8,11.3,1,1,32.49,1,2026-02-14 08:00:00,2026-02-14 12:00:00,W,Ashdale Ave,1,0,1,0
2026-02-14,18,10:00,172,8,11.3,1,1,32.49,1,2026-02-14 08:00:00,2026-02-14 12:00:00,W,Howard Park Ave at Indian Rd,2,1,4,0
2026-02-14,18,10:00,172,8,11.3,1,1,32.49,1,2026-02-14 08:00:00,2026-02-14 12:00:00,W,Dundas St West at Howard Park Ave,1,0,3,0
2026-02-14,18,10:00,172,8,11.3,1,1,32.49,1,2026-02-14 08:00:00,2026-02-14 12:00:00,W,Main St at Gerrard St East,0,1,2,0
2026-02-14,18,10:00,172,8,11.3,1,1,32.49,1,2026-02-14 08:00:00,2026-02-14 12:00:00,W,Main St,0,0,0,0
2026-02-14,18,10:00,172,8,11.3,1,1,32.49,1,2026-02-14 08:00:00,2026-02-14 12:00:00,W,Main St at Danforth Ave,0,0,0,0
2026-02-14,18,10:00,172,8,11.3,1,1,32.49,1,2026-02-14 08:00:00,2026-02-14 12:00:00,W,Howard Park Ave at Parkside Dr,2,1,3,0
2026-02-21,18,10:00,172,8,11.3,1,1,32.49,1,2026-02-21 08:00:00,2026-02-21 12:00:00,E,Woodfield Rd,0,0,0,0
2026-02-21,18,10:00,172,8,11.3,1,1,32.49,1,2026-02-21 08:00:00,2026-02-21 12:00:00,E,Coxwell Ave at Gerrard St East,3,4,1,0
2026-02-21,18,10:00,172,8,11.3,1,1,32.49,1,2026-02-21 08:00:00,2026-02-21 12:00:00,E,Euclid Ave,2,2,1,0
2026-02-21,18,10:00,172,8,11.3,1,1,32.49,1,2026-02-21 08:00:00,2026-02-21 12:00:00,E,Bowmore Rd,0,0,0,0
2026-02-21,18,10:00,172,8,11.3,1,1,32.49,1,2026-02-21 08:00:00,2026-02-21 12:00:00,E,Bay St,2,2,2,0
2026-02-21,18,10:00,172,8,11.3,1,1,32.49,1,2026-02-21 08:00:00,2026-02-21 12:00:00,E,Lansdowne Ave,0,2,2,0
2026-02-21,18,10:00,172,8,11.3,1,1,32.49,1,2026-02-21 08:00:00,2026-02-21 12:00:00,E,Indian Rd,0,2,4,0
2026-02-21,18,10:00,172,8,11.3,1,1,32.49,1,2026-02-21 08:00:00,2026-02-21 12:00:00,E,Grace St,2,2,1,0
2026-02-21,18,10:00,172,8,11.3,1,1,32.49,1,2026-02-21 08:00:00,2026-02-21 12:00:00,E,Dufferin St,1,2,3,0
2026-02-21,18,10:00,172,8,11.3,1,1,32.49,1,2026-02-21 08:00:00,2026-02-21 12:00:00,E,Gerrard St East at Beaton Ave,3,5,1,0
2026-02-21,18,10:00,172,8,11.3,1,1,32.49,1,2026-02-21 08:00:00,2026-02-21 12:00:00,E,Bathurst St,2,2,2,0
2026-02-21,18,10:00,172,8,11.3,1,1,32.49,1,2026-02-21 08:00:00,2026-02-21 12:00:00,E,Yonge St - College Station,3,2,2,0
2026-02-21,18,10:00,172,8,11.3,1,1,32.49,1,2026-02-21 08:00:00,2026-02-21 12:00:00,E,Dundas St West at Sterling Rd,0,2,3,0
2026-02-21,18,10:00,172,8,11.3,1,1,32.49,1,2026-02-21 08:00:00,2026-02-21 12:00:00,E,Brock Ave,0,2,2,0
2026-02-21,18,10:00,172,8,11.3,1,1,32.49,1,2026-02-21 08:00:00,2026-02-21 12:00:00,E,Sackville St,1,2,2,0
2026-02-21,18,10:00,172,8,11.3,1,1,32.49,1,2026-02-21 08:00:00,2026-02-21 12:00:00,E,Carlaw Ave,3,3,2,0
2026-02-21,18,10:00,172,8,11.3,1,1,32.49,1,2026-02-21 08:00:00,2026-02-21 12:00:00,E,Borden St,2,3,2,0
2026-02-21,18,10:00,172,8,11.3,1,1,32.49,1,2026-02-21 08:00:00,2026-02-21 12:00:00,E,Dundas St West at Sorauren Ave,0,2,3,0
2026-02-21,18,10:00,172,8,11.3,1,1,32.49,1,2026-02-21 08:00:00,2026-02-21 12:00:00,E,Crawford St,2,2,1,0
2026-02-21,18,10:00,172,8,11.3,1,1,32.49,1,2026-02-21 08:00:00,2026-02-21 12:00:00,E,Pape Ave,3,3,2,0
2026-02-21,18,10:00,172,8,11.3,1,1,32.49,1,2026-02-21 08:00:00,2026-02-21 12:00:00,E,Spadina Ave,2,2,2,0
2026-02-21,18,10:00,172,8,11.3,1,1,32.49,1,2026-02-21 08:00:00,2026-02-21 12:00:00,E,River St,0,0,0,0
2026-02-21,18,10:00,172,8,11.3,1,1,32.49,1,2026-02-21 08:00:00,2026-02-21 12:00:00,E,Marjory Ave,3,3,2,0
2026-02-21,18,10:00,172,8,11.3,1,1,32.49,1,2026-02-21 08:00:00,2026-02-21 12:00:00,E,Kingsmount Park Rd,2,5,1,0
2026-02-21,18,10:00,172,8,11.3,1,1,32.49,1,2026-02-21 08:00:00,2026-02-21 12:00:00,E,Church St,3,2,2,0
2026-02-21,18,10:00,172,8,11.3,1,1,32.49,1,2026-02-21 08:00:00,2026-02-21 12:00:00,E,Ossington Ave,1,2,2,0
2026-02-21,18,10:00,172,8,11.3,1,1,32.49,1,2026-02-21 08:00:00,2026-02-21 12:00:00,E,Woodbine Ave,2,5,1,0
2026-02-21,18,10:00,172,8,11.3,1,1,32.49,1,2026-02-21 08:00:00,2026-02-21 12:00:00,E,Jones Ave,3,3,2,0
2026-02-21,18,10:00,172,8,11.3,1,1,32.49,1,2026-02-21 08:00:00,2026-02-21 12:00:00,E,Golfview Ave,2,5,2,0
2026-02-21,18,10:00,172,8,11.3,1,1,32.49,1,2026-02-21 08:00:00,2026-02-21 12:00:00,E,Leslie St,3,3,2,0
2026-02-21,18,10:00,172,8,11.3,1,1,32.49,1,2026-02-21 08:00:00,2026-02-21 12:00:00,E,St Matthews Rd,0,0,0,0
2026-02-21,18,10:00,172,8,11.3,1,1,32.49,1,2026-02-21 08:00:00,2026-02-21 12:00:00,E,Jarvis St,3,2,2,0
2026-02-21,18,10:00,172,8,11.3,1,1,32.49,1,2026-02-21 08:00:00,2026-02-21 12:00:00,E,Sherbourne St,3,2,2,0
2026-02-21,18,10:00,172,8,11.3,1,1,32.49,1,2026-02-21 08:00:00,2026-02-21 12:00:00,E,St George St,0,0,0,0
2026-02-21,18,10:00,172,8,11.3,1,1,32.49,1,2026-02-21 08:00:00,2026-02-21 12:00:00,E,Dovercourt Rd,0,2,2,0
2026-02-21,18,10:00,172,8,11.3,1,1,32.49,1,2026-02-21 08:00:00,2026-02-21 12:00:00,E,Glenmount Park Rd,3,5,2,0
2026-02-21,18,10:00,172,8,11.3,1,1,32.49,1,2026-02-21 08:00:00,2026-02-21 12:00:00,E,Prust Ave,0,0,0,0
2026-02-21,18,10:00,172,8,11.3,1,1,32.49,1,2026-02-21 08:00:00,2026-02-21 12:00:00,E,Main Street Station at Bay 7,0,0,0,0
2026-02-21,18,10:00,172,8,11.3,1,1,32.49,1,2026-02-21 08:00:00,2026-02-21 12:00:00,E,Norwood Rd,3,5,2,0
2026-02-21,18,10:00,172,8,11.3,1,1,32.49,1,2026-02-21 08:00:00,2026-02-21 12:00:00,E,McCaul St,2,3,2,0
2026-02-21,18,10:00,172,8,11.3,1,1,32.49,1,2026-02-21 08:00:00,2026-02-21 12:00:00,E,Broadview Ave,4,2,2,0
2026-02-21,18,10:00,172,8,11.3,1,1,32.49,1,2026-02-21 08:00:00,2026-02-21 12:00:00,E,Ontario St,3,2,2,0
2026-02-21,18,10:00,172,8,11.3,1,1,32.49,1,2026-02-21 08:00:00,2026-02-21 12:00:00,E,Rusholme Park Cres,0,2,3,0
2026-02-21,18,10:00,172,8,11.3,1,1,32.49,1,2026-02-21 08:00:00,2026-02-21 12:00:00,E,Havelock St,0,0,0,0
2026-02-21,18,10:00,172,8,11.3,1,1,32.49,1,2026-02-21 08:00:00,2026-02-21 12:00:00,E,High Park Loop,0,0,0,0
2026-02-21,18,10:00,172,8,11.3,1,1,32.49,1,2026-02-21 08:00:00,2026-02-21 12:00:00,E,Queens Park (Queen's Park Station),0,0,0,0
2026-02-21,18,10:00,172,8,11.3,1,1,32.49,1,2026-02-21 08:00:00,2026-02-21 12:00:00,E,Roncesvalles Ave,0,2,4,0
2026-02-21,18,10:00,172,8,11.3,1,1,32.49,1,2026-02-21 08:00:00,2026-02-21 12:00:00,E,De Grassi St,3,3,2,0
2026-02-21,18,10:00,172,8,11.3,1,1,32.49,1,2026-02-21 08:00:00,2026-02-21 12:00:00,E,Parliament St at Carlton St,0,0,0,0
2026-02-21,18,10:00,172,8,11.3,1,1,32.49,1,2026-02-21 08:00:00,2026-02-21 12:00:00,E,Parkside Dr East Side,0,2,4,0
2026-02-21,18,10:00,172,8,11.3,1,1,32.49,1,2026-02-21 08:00:00,2026-02-21 12:00:00,E,Dundas St West,0,2,3,0
2026-02-21,18,10:00,172,8,11.3,1,1,32.49,1,2026-02-21 08:00:00,2026-02-21 12:00:00,E,Howard Park Ave at Roncesvalles Ave,0,0,0,0
2026-02-21,18,10:00,172,8,11.3,1,1,32.49,1,2026-02-21 08:00:00,2026-02-21 12:00:00,E,Parliament St,0,0,0,0
2026-02-21,18,10:00,172,8,11.3,1,1,32.49,1,2026-02-21 08:00:00,2026-02-21 12:00:00,E,Parliament St at Gerrard St East,2,2,2,0
2026-02-21,18,10:00,172,8,11.3,1,1,32.49,1,2026-02-21 08:00:00,2026-02-21 12:00:00,E,Sumach St,2,2,2,0
2026-02-21,18,10:00,172,8,11.3,1,1,32.49,1,2026-02-21 08:00:00,2026-02-21 12:00:00,E,Blackburn St,1,2,2,0
2026-02-21,18,10:00,172,8,11.3,1,1,32.49,1,2026-02-21 08:00:00,2026-02-21 12:00:00,E,Logan Ave,3,3,2,0
2026-02-21,18,10:00,172,8,11.3,1,1,32.49,1,2026-02-21 08:00:00,2026-02-21 12:00:00,E,Augusta Ave,2,3,2,0
2026-02-21,18,10:00,172,8,11.3,1,1,32.49,1,2026-02-21 08:00:00,2026-02-21 12:00:00,E,Beverley St,2,2,2,0
2026-02-21,18,10:00,172,8,11.3,1,1,32.49,1,2026-02-21 08:00:00,2026-02-21 12:00:00,E,University Ave (Queen's Park Station,2,3,2,0
2026-02-21,18,10:00,172,8,11.3,1,1,32.49,1,2026-02-21 08:00:00,2026-02-21 12:00:00,E,Elizabeth St,2,2,2,0
2026-02-21,18,10:00,172,8,11.3,1,1,32.49,1,2026-02-21 08:00:00,2026-02-21 12:00:00,E,Greenwood Ave,3,3,2,0
2026-02-21,18,10:00,172,8,11.3,1,1,32.49,1,2026-02-21 08:00:00,2026-02-21 12:00:00,E,Alton Ave,3,3,2,0
2026-02-21,18,10:00,172,8,11.3,1,1,32.49,1,2026-02-21 08:00:00,2026-02-21 12:00:00,E,Coxwell Ave,3,3,2,0
2026-02-21,18,10:00,172,8,11.3,1,1,32.49,1,2026-02-21 08:00:00,2026-02-21 12:00:00,E,Gerrard St East  at Coxwell Ave,0,0,0,0
2026-02-21,18,10:00,172,8,11.3,1,1,32.49,1,2026-02-21 08:00:00,2026-02-21 12:00:00,E,Coxwell Ave at Lower Gerrard St East,0,0,0,0
2026-02-21,18,10:00,172,8,11.3,1,1,32.49,1,2026-02-21 08:00:00,2026-02-21 12:00:00,E,Ashdale Ave,0,0,0,0
2026-02-21,18,10:00,172,8,11.3,1,1,32.49,1,2026-02-21 08:00:00,2026-02-21 12:00:00,E,Howard Park Ave at Indian Rd,0,0,0,0
2026-02-21,18,10:00,172,8,11.3,1,1,32.49,1,2026-02-21 08:00:00,2026-02-21 12:00:00,E,Dundas St West at Howard Park Ave,0,0,0,0
2026-02-21,18,10:00,172,8,11.3,1,1,32.49,1,2026-02-21 08:00:00,2026-02-21 12:00:00,E,Main St at Gerrard St East,0,0,0,0
2026-02-21,18,10:00,172,8,11.3,1,1,32.49,1,2026-02-21 08:00:00,2026-02-21 12:00:00,E,Main St,5,5,2,0
2026-02-21,18,10:00,172,8,11.3,1,1,32.49,1,2026-02-21 08:00:00,2026-02-21 12:00:00,E,Main St at Danforth Ave,0,0,0,0
2026-02-21,18,10:00,172,8,11.3,1,1,32.49,1,2026-02-21 08:00:00,2026-02-21 12:00:00,E,Howard Park Ave at Parkside Dr,0,0,0,0
2026-02-21,18,10:00,172,8,11.3,1,1,32.49,1,2026-02-21 08:00:00,2026-02-21 12:00:00,W,Woodfield Rd,2,2,3,1
2026-02-21,18,10:00,172,8,11.3,1,1,32.49,1,2026-02-21 08:00:00,2026-02-21 12:00:00,W,Coxwell Ave at Gerrard St East,0,0,0,0
2026-02-21,18,10:00,172,8,11.3,1,1,32.49,1,2026-02-21 08:00:00,2026-02-21 12:00:00,W,Euclid Ave,0,0,0,0
2026-02-21,18,10:00,172,8,11.3,1,1,32.49,1,2026-02-21 08:00:00,2026-02-21 12:00:00,W,Bowmore Rd,1,4,3,1
2026-02-21,18,10:00,172,8,11.3,1,1,32.49,1,2026-02-21 08:00:00,2026-02-21 12:00:00,W,Bay St,0,0,0,0
2026-02-21,18,10:00,172,8,11.3,1,1,32.49,1,2026-02-21 08:00:00,2026-02-21 12:00:00,W,Lansdowne Ave,0,0,0,0
2026-02-21,18,10:00,172,8,11.3,1,1,32.49,1,2026-02-21 08:00:00,2026-02-21 12:00:00,W,Indian Rd,0,0,0,0
2026-02-21,18,10:00,172,8,11.3,1,1,32.49,1,2026-02-21 08:00:00,2026-02-21 12:00:00,W,Grace St,0,0,0,0
2026-02-21,18,10:00,172,8,11.3,1,1,32.49,1,2026-02-21 08:00:00,2026-02-21 12:00:00,W,Dufferin St,0,0,0,0
2026-02-21,18,10:00,172,8,11.3,1,1,32.49,1,2026-02-21 08:00:00,2026-02-21 12:00:00,W,Gerrard St East at Beaton Ave,0,0,0,0
2026-02-21,18,10:00,172,8,11.3,1,1,32.49,1,2026-02-21 08:00:00,2026-02-21 12:00:00,W,Bathurst St,0,0,0,0
2026-02-21,18,10:00,172,8,11.3,1,1,32.49,1,2026-02-21 08:00:00,2026-02-21 12:00:00,W,Yonge St - College Station,0,0,0,0
2026-02-21,18,10:00,172,8,11.3,1,1,32.49,1,2026-02-21 08:00:00,2026-02-21 12:00:00,W,Dundas St West at Sterling Rd,0,0,0,0
2026-02-21,18,10:00,172,8,11.3,1,1,32.49,1,2026-02-21 08:00:00,2026-02-21 12:00:00,W,Brock Ave,0,0,0,0
2026-02-21,18,10:00,172,8,11.3,1,1,32.49,1,2026-02-21 08:00:00,2026-02-21 12:00:00,W,Sackville St,0,0,0,0
2026-02-21,18,10:00,172,8,11.3,1,1,32.49,1,2026-02-21 08:00:00,2026-02-21 12:00:00,W,Carlaw Ave,0,0,0,0
2026-02-21,18,10:00,172,8,11.3,1,1,32.49,1,2026-02-21 08:00:00,2026-02-21 12:00:00,W,Borden St,0,0,0,0
2026-02-21,18,10:00,172,8,11.3,1,1,32.49,1,2026-02-21 08:00:00,2026-02-21 12:00:00,W,Dundas St West at Sorauren Ave,0,0,0,0
2026-02-21,18,10:00,172,8,11.3,1,1,32.49,1,2026-02-21 08:00:00,2026-02-21 12:00:00,W,Crawford St,0,0,0,0
2026-02-21,18,10:00,172,8,11.3,1,1,32.49,1,2026-02-21 08:00:00,2026-02-21 12:00:00,W,Pape Ave,0,0,0,0
2026-02-21,18,10:00,172,8,11.3,1,1,32.49,1,2026-02-21 08:00:00,2026-02-21 12:00:00,W,Spadina Ave,0,0,0,0
2026-02-21,18,10:00,172,8,11.3,1,1,32.49,1,2026-02-21 08:00:00,2026-02-21 12:00:00,W,River St,2,1,4,0
2026-02-21,18,10:00,172,8,11.3,1,1,32.49,1,2026-02-21 08:00:00,2026-02-21 12:00:00,W,Marjory Ave,0,0,0,0
2026-02-21,18,10:00,172,8,11.3,1,1,32.49,1,2026-02-21 08:00:00,2026-02-21 12:00:00,W,Kingsmount Park Rd,0,0,0,0
2026-02-21,18,10:00,172,8,11.3,1,1,32.49,1,2026-02-21 08:00:00,2026-02-21 12:00:00,W,Church St,0,0,0,0
2026-02-21,18,10:00,172,8,11.3,1,1,32.49,1,2026-02-21 08:00:00,2026-02-21 12:00:00,W,Ossington Ave,0,0,0,0
2026-02-21,18,10:00,172,8,11.3,1,1,32.49,1,2026-02-21 08:00:00,2026-02-21 12:00:00,W,Woodbine Ave,0,0,0,0
2026-02-21,18,10:00,172,8,11.3,1,1,32.49,1,2026-02-21 08:00:00,2026-02-21 12:00:00,W,Jones Ave,0,0,0,0
2026-02-21,18,10:00,172,8,11.3,1,1,32.49,1,2026-02-21 08:00:00,2026-02-21 12:00:00,W,Golfview Ave,0,0,0,0
2026-02-21,18,10:00,172,8,11.3,1,1,32.49,1,2026-02-21 08:00:00,2026-02-21 12:00:00,W,Leslie St,0,0,0,0
2026-02-21,18,10:00,172,8,11.3,1,1,32.49,1,2026-02-21 08:00:00,2026-02-21 12:00:00,W,St Matthews Rd,2,2,4,0
2026-02-21,18,10:00,172,8,11.3,1,1,32.49,1,2026-02-21 08:00:00,2026-02-21 12:00:00,W,Jarvis St,0,0,0,0
2026-02-21,18,10:00,172,8,11.3,1,1,32.49,1,2026-02-21 08:00:00,2026-02-21 12:00:00,W,Sherbourne St,0,0,0,0
2026-02-21,18,10:00,172,8,11.3,1,1,32.49,1,2026-02-21 08:00:00,2026-02-21 12:00:00,W,St George St,0,1,4,0
2026-02-21,18,10:00,172,8,11.3,1,1,32.49,1,2026-02-21 08:00:00,2026-02-21 12:00:00,W,Dovercourt Rd,0,0,0,0
2026-02-21,18,10:00,172,8,11.3,1,1,32.49,1,2026-02-21 08:00:00,2026-02-21 12:00:00,W,Glenmount Park Rd,0,0,0,0
2026-02-21,18,10:00,172,8,11.3,1,1,32.49,1,2026-02-21 08:00:00,2026-02-21 12:00:00,W,Prust Ave,2,3,3,1
2026-02-21,18,10:00,172,8,11.3,1,1,32.49,1,2026-02-21 08:00:00,2026-02-21 12:00:00,W,Main Street Station at Bay 7,0,0,0,0
2026-02-21,18,10:00,172,8,11.3,1,1,32.49,1,2026-02-21 08:00:00,2026-02-21 12:00:00,W,Norwood Rd,0,0,0,0
2026-02-21,18,10:00,172,8,11.3,1,1,32.49,1,2026-02-21 08:00:00,2026-02-21 12:00:00,W,McCaul St,0,0,0,0
2026-02-21,18,10:00,172,8,11.3,1,1,32.49,1,2026-02-21 08:00:00,2026-02-21 12:00:00,W,Broadview Ave,0,0,0,0
2026-02-21,18,10:00,172,8,11.3,1,1,32.49,1,2026-02-21 08:00:00,2026-02-21 12:00:00,W,Ontario St,0,0,0,0
2026-02-21,18,10:00,172,8,11.3,1,1,32.49,1,2026-02-21 08:00:00,2026-02-21 12:00:00,W,Rusholme Park Cres,0,0,0,0
2026-02-21,18,10:00,172,8,11.3,1,1,32.49,1,2026-02-21 08:00:00,2026-02-21 12:00:00,W,Havelock St,0,1,4,0
2026-02-21,18,10:00,172,8,11.3,1,1,32.49,1,2026-02-21 08:00:00,2026-02-21 12:00:00,W,High Park Loop,0,0,0,0
2026-02-21,18,10:00,172,8,11.3,1,1,32.49,1,2026-02-21 08:00:00,2026-02-21 12:00:00,W,Queens Park (Queen's Park Station),1,1,3,1
2026-02-21,18,10:00,172,8,11.3,1,1,32.49,1,2026-02-21 08:00:00,2026-02-21 12:00:00,W,Roncesvalles Ave,0,0,0,0
2026-02-21,18,10:00,172,8,11.3,1,1,32.49,1,2026-02-21 08:00:00,2026-02-21 12:00:00,W,De Grassi St,0,0,0,0
2026-02-21,18,10:00,172,8,11.3,1,1,32.49,1,2026-02-21 08:00:00,2026-02-21 12:00:00,W,Parliament St at Carlton St,3,1,3,1
2026-02-21,18,10:00,172,8,11.3,1,1,32.49,1,2026-02-21 08:00:00,2026-02-21 12:00:00,W,Parkside Dr East Side,0,0,0,0
2026-02-21,18,10:00,172,8,11.3,1,1,32.49,1,2026-02-21 08:00:00,2026-02-21 12:00:00,W,Dundas St West,0,0,0,0
2026-02-21,18,10:00,172,8,11.3,1,1,32.49,1,2026-02-21 08:00:00,2026-02-21 12:00:00,W,Howard Park Ave at Roncesvalles Ave,1,2,2,0
2026-02-21,18,10:00,172,8,11.3,1,1,32.49,1,2026-02-21 08:00:00,2026-02-21 12:00:00,W,Parliament St,2,1,3,1
2026-02-21,18,10:00,172,8,11.3,1,1,32.49,1,2026-02-21 08:00:00,2026-02-21 12:00:00,W,Parliament St at Gerrard St East,0,0,0,0
2026-02-21,18,10:00,172,8,11.3,1,1,32.49,1,2026-02-21 08:00:00,2026-02-21 12:00:00,W,Sumach St,0,0,0,0
2026-02-21,18,10:00,172,8,11.3,1,1,32.49,1,2026-02-21 08:00:00,2026-02-21 12:00:00,W,Blackburn St,0,0,0,0
2026-02-21,18,10:00,172,8,11.3,1,1,32.49,1,2026-02-21 08:00:00,2026-02-21 12:00:00,W,Logan Ave,0,0,0,0
2026-02-21,18,10:00,172,8,11.3,1,1,32.49,1,2026-02-21 08:00:00,2026-02-21 12:00:00,W,Augusta Ave,0,0,0,0
2026-02-21,18,10:00,172,8,11.3,1,1,32.49,1,2026-02-21 08:00:00,2026-02-21 12:00:00,W,Beverley St,0,0,0,0
2026-02-21,18,10:00,172,8,11.3,1,1,32.49,1,2026-02-21 08:00:00,2026-02-21 12:00:00,W,University Ave (Queen's Park Station,0,0,0,0
2026-02-21,18,10:00,172,8,11.3,1,1,32.49,1,2026-02-21 08:00:00,2026-02-21 12:00:00,W,Elizabeth St,0,0,0,0
2026-02-21,18,10:00,172,8,11.3,1,1,32.49,1,2026-02-21 08:00:00,2026-02-21 12:00:00,W,Greenwood Ave,0,0,0,0
2026-02-21,18,10:00,172,8,11.3,1,1,32.49,1,2026-02-21 08:00:00,2026-02-21 12:00:00,W,Alton Ave,0,0,0,0
2026-02-21,18,10:00,172,8,11.3,1,1,32.49,1,2026-02-21 08:00:00,2026-02-21 12:00:00,W,Coxwell Ave,0,0,0,0
2026-02-21,18,10:00,172,8,11.3,1,1,32.49,1,2026-02-21 08:00:00,2026-02-21 12:00:00,W,Gerrard St East  at Coxwell Ave,2,3,3,1
2026-02-21,18,10:00,172,8,11.3,1,1,32.49,1,2026-02-21 08:00:00,2026-02-21 12:00:00,W,Coxwell Ave at Lower Gerrard St East,1,3,3,1
2026-02-21,18,10:00,172,8,11.3,1,1,32.49,1,2026-02-21 08:00:00,2026-02-21 12:00:00,W,Ashdale Ave,2,3,3,1
2026-02-21,18,10:00,172,8,11.3,1,1,32.49,1,2026-02-21 08:00:00,2026-02-21 12:00:00,W,Howard Park Ave at Indian Rd,3,2,2,0
2026-02-21,18,10:00,172,8,11.3,1,1,32.49,1,2026-02-21 08:00:00,2026-02-21 12:00:00,W,Dundas St West at Howard Park Ave,2,2,2,0
2026-02-21,18,10:00,172,8,11.3,1,1,32.49,1,2026-02-21 08:00:00,2026-02-21 12:00:00,W,Main St at Gerrard St East,2,4,4,0
2026-02-21,18,10:00,172,8,11.3,1,1,32.49,1,2026-02-21 08:00:00,2026-02-21 12:00:00,W,Main St,0,0,0,0
2026-02-21,18,10:00,172,8,11.3,1,1,32.49,1,2026-02-21 08:00:00,2026-02-21 12:00:00,W,Main St at Danforth Ave,0,0,0,0
2026-02-21,18,10:00,172,8,11.3,1,1,32.49,1,2026-02-21 08:00:00,2026-02-21 12:00:00,W,Howard Park Ave at Parkside Dr,4,2,2,0
2026-02-28,18,10:00,172,8,11.3,1,1,32.49,1,2026-02-28 08:00:00,2026-02-28 12:00:00,E,Woodfield Rd,0,0,0,0
2026-02-28,18,10:00,172,8,11.3,1,1,32.49,1,2026-02-28 08:00:00,2026-02-28 12:00:00,E,Coxwell Ave at Gerrard St East,0,1,0,0
2026-02-28,18,10:00,172,8,11.3,1,1,32.49,1,2026-02-28 08:00:00,2026-02-28 12:00:00,E,Euclid Ave,4,0,2,0
2026-02-28,18,10:00,172,8,11.3,1,1,32.49,1,2026-02-28 08:00:00,2026-02-28 12:00:00,E,Bowmore Rd,0,0,0,0
2026-02-28,18,10:00,172,8,11.3,1,1,32.49,1,2026-02-28 08:00:00,2026-02-28 12:00:00,E,Bay St,2,0,2,0
2026-02-28,18,10:00,172,8,11.3,1,1,32.49,1,2026-02-28 08:00:00,2026-02-28 12:00:00,E,Lansdowne Ave,2,0,2,0
2026-02-28,18,10:00,172,8,11.3,1,1,32.49,1,2026-02-28 08:00:00,2026-02-28 12:00:00,E,Indian Rd,0,1,5,0
2026-02-28,18,10:00,172,8,11.3,1,1,32.49,1,2026-02-28 08:00:00,2026-02-28 12:00:00,E,Grace St,3,0,2,0
2026-02-28,18,10:00,172,8,11.3,1,1,32.49,1,2026-02-28 08:00:00,2026-02-28 12:00:00,E,Dufferin St,2,0,3,0
2026-02-28,18,10:00,172,8,11.3,1,1,32.49,1,2026-02-28 08:00:00,2026-02-28 12:00:00,E,Gerrard St East at Beaton Ave,0,1,0,0
2026-02-28,18,10:00,172,8,11.3,1,1,32.49,1,2026-02-28 08:00:00,2026-02-28 12:00:00,E,Bathurst St,4,0,2,0
2026-02-28,18,10:00,172,8,11.3,1,1,32.49,1,2026-02-28 08:00:00,2026-02-28 12:00:00,E,Yonge St - College Station,3,0,2,0
2026-02-28,18,10:00,172,8,11.3,1,1,32.49,1,2026-02-28 08:00:00,2026-02-28 12:00:00,E,Dundas St West at Sterling Rd,2,1,3,0
2026-02-28,18,10:00,172,8,11.3,1,1,32.49,1,2026-02-28 08:00:00,2026-02-28 12:00:00,E,Brock Ave,2,0,3,0
2026-02-28,18,10:00,172,8,11.3,1,1,32.49,1,2026-02-28 08:00:00,2026-02-28 12:00:00,E,Sackville St,2,1,1,1
2026-02-28,18,10:00,172,8,11.3,1,1,32.49,1,2026-02-28 08:00:00,2026-02-28 12:00:00,E,Carlaw Ave,0,1,1,1
2026-02-28,18,10:00,172,8,11.3,1,1,32.49,1,2026-02-28 08:00:00,2026-02-28 12:00:00,E,Borden St,2,0,2,0
2026-02-28,18,10:00,172,8,11.3,1,1,32.49,1,2026-02-28 08:00:00,2026-02-28 12:00:00,E,Dundas St West at Sorauren Ave,2,1,4,0
2026-02-28,18,10:00,172,8,11.3,1,1,32.49,1,2026-02-28 08:00:00,2026-02-28 12:00:00,E,Crawford St,2,0,2,0
2026-02-28,18,10:00,172,8,11.3,1,1,32.49,1,2026-02-28 08:00:00,2026-02-28 12:00:00,E,Pape Ave,0,1,2,1
2026-02-28,18,10:00,172,8,11.3,1,1,32.49,1,2026-02-28 08:00:00,2026-02-28 12:00:00,E,Spadina Ave,3,0,3,0
2026-02-28,18,10:00,172,8,11.3,1,1,32.49,1,2026-02-28 08:00:00,2026-02-28 12:00:00,E,River St,0,0,0,0
2026-02-28,18,10:00,172,8,11.3,1,1,32.49,1,2026-02-28 08:00:00,2026-02-28 12:00:00,E,Marjory Ave,0,1,2,1
2026-02-28,18,10:00,172,8,11.3,1,1,32.49,1,2026-02-28 08:00:00,2026-02-28 12:00:00,E,Kingsmount Park Rd,0,1,0,0
2026-02-28,18,10:00,172,8,11.3,1,1,32.49,1,2026-02-28 08:00:00,2026-02-28 12:00:00,E,Church St,2,0,2,0
2026-02-28,18,10:00,172,8,11.3,1,1,32.49,1,2026-02-28 08:00:00,2026-02-28 12:00:00,E,Ossington Ave,4,0,3,0
2026-02-28,18,10:00,172,8,11.3,1,1,32.49,1,2026-02-28 08:00:00,2026-02-28 12:00:00,E,Woodbine Ave,0,1,0,0
2026-02-28,18,10:00,172,8,11.3,1,1,32.49,1,2026-02-28 08:00:00,2026-02-28 12:00:00,E,Jones Ave,1,1,2,1
2026-02-28,18,10:00,172,8,11.3,1,1,32.49,1,2026-02-28 08:00:00,2026-02-28 12:00:00,E,Golfview Ave,1,1,0,0
2026-02-28,18,10:00,172,8,11.3,1,1,32.49,1,2026-02-28 08:00:00,2026-02-28 12:00:00,E,Leslie St,0,1,2,1
2026-02-28,18,10:00,172,8,11.3,1,1,32.49,1,2026-02-28 08:00:00,2026-02-28 12:00:00,E,St Matthews Rd,0,0,0,0
2026-02-28,18,10:00,172,8,11.3,1,1,32.49,1,2026-02-28 08:00:00,2026-02-28 12:00:00,E,Jarvis St,2,0,2,0
2026-02-28,18,10:00,172,8,11.3,1,1,32.49,1,2026-02-28 08:00:00,2026-02-28 12:00:00,E,Sherbourne St,2,0,1,1
2026-02-28,18,10:00,172,8,11.3,1,1,32.49,1,2026-02-28 08:00:00,2026-02-28 12:00:00,E,St George St,0,0,0,0
2026-02-28,18,10:00,172,8,11.3,1,1,32.49,1,2026-02-28 08:00:00,2026-02-28 12:00:00,E,Dovercourt Rd,2,0,3,0
2026-02-28,18,10:00,172,8,11.3,1,1,32.49,1,2026-02-28 08:00:00,2026-02-28 12:00:00,E,Glenmount Park Rd,1,1,0,0
2026-02-28,18,10:00,172,8,11.3,1,1,32.49,1,2026-02-28 08:00:00,2026-02-28 12:00:00,E,Prust Ave,0,0,0,0
2026-02-28,18,10:00,172,8,11.3,1,1,32.49,1,2026-02-28 08:00:00,2026-02-28 12:00:00,E,Main Street Station at Bay 7,0,0,0,0
2026-02-28,18,10:00,172,8,11.3,1,1,32.49,1,2026-02-28 08:00:00,2026-02-28 12:00:00,E,Norwood Rd,1,1,0,0
2026-02-28,18,10:00,172,8,11.3,1,1,32.49,1,2026-02-28 08:00:00,2026-02-28 12:00:00,E,McCaul St,3,0,3,0
2026-02-28,18,10:00,172,8,11.3,1,1,32.49,1,2026-02-28 08:00:00,2026-02-28 12:00:00,E,Broadview Ave,2,1,2,0
2026-02-28,18,10:00,172,8,11.3,1,1,32.49,1,2026-02-28 08:00:00,2026-02-28 12:00:00,E,Ontario St,2,1,1,1
2026-02-28,18,10:00,172,8,11.3,1,1,32.49,1,2026-02-28 08:00:00,2026-02-28 12:00:00,E,Rusholme Park Cres,2,0,3,0
2026-02-28,18,10:00,172,8,11.3,1,1,32.49,1,2026-02-28 08:00:00,2026-02-28 12:00:00,E,Havelock St,0,0,0,0
2026-02-28,18,10:00,172,8,11.3,1,1,32.49,1,2026-02-28 08:00:00,2026-02-28 12:00:00,E,High Park Loop,0,0,0,0
2026-02-28,18,10:00,172,8,11.3,1,1,32.49,1,2026-02-28 08:00:00,2026-02-28 12:00:00,E,Queens Park (Queen's Park Station),0,0,0,0
2026-02-28,18,10:00,172,8,11.3,1,1,32.49,1,2026-02-28 08:00:00,2026-02-28 12:00:00,E,Roncesvalles Ave,2,1,5,0
2026-02-28,18,10:00,172,8,11.3,1,1,32.49,1,2026-02-28 08:00:00,2026-02-28 12:00:00,E,De Grassi St,0,1,1,1
2026-02-28,18,10:00,172,8,11.3,1,1,32.49,1,2026-02-28 08:00:00,2026-02-28 12:00:00,E,Parliament St at Carlton St,0,0,0,0
2026-02-28,18,10:00,172,8,11.3,1,1,32.49,1,2026-02-28 08:00:00,2026-02-28 12:00:00,E,Parkside Dr East Side,0,1,4,0
2026-02-28,18,10:00,172,8,11.3,1,1,32.49,1,2026-02-28 08:00:00,2026-02-28 12:00:00,E,Dundas St West,2,1,4,0
2026-02-28,18,10:00,172,8,11.3,1,1,32.49,1,2026-02-28 08:00:00,2026-02-28 12:00:00,E,Howard Park Ave at Roncesvalles Ave,0,0,0,0
2026-02-28,18,10:00,172,8,11.3,1,1,32.49,1,2026-02-28 08:00:00,2026-02-28 12:00:00,E,Parliament St,0,0,0,0
2026-02-28,18,10:00,172,8,11.3,1,1,32.49,1,2026-02-28 08:00:00,2026-02-28 12:00:00,E,Parliament St at Gerrard St East,2,1,1,1
2026-02-28,18,10:00,172,8,11.3,1,1,32.49,1,2026-02-28 08:00:00,2026-02-28 12:00:00,E,Sumach St,2,1,2,0
2026-02-28,18,10:00,172,8,11.3,1,1,32.49,1,2026-02-28 08:00:00,2026-02-28 12:00:00,E,Blackburn St,1,1,2,0
2026-02-28,18,10:00,172,8,11.3,1,1,32.49,1,2026-02-28 08:00:00,2026-02-28 12:00:00,E,Logan Ave,0,1,2,0
2026-02-28,18,10:00,172,8,11.3,1,1,32.49,1,2026-02-28 08:00:00,2026-02-28 12:00:00,E,Augusta Ave,2,0,2,0
2026-02-28,18,10:00,172,8,11.3,1,1,32.49,1,2026-02-28 08:00:00,2026-02-28 12:00:00,E,Beverley St,4,0,3,0
2026-02-28,18,10:00,172,8,11.3,1,1,32.49,1,2026-02-28 08:00:00,2026-02-28 12:00:00,E,University Ave (Queen's Park Station,3,0,3,0
2026-02-28,18,10:00,172,8,11.3,1,1,32.49,1,2026-02-28 08:00:00,2026-02-28 12:00:00,E,Elizabeth St,2,0,2,0
2026-02-28,18,10:00,172,8,11.3,1,1,32.49,1,2026-02-28 08:00:00,2026-02-28 12:00:00,E,Greenwood Ave,0,1,1,1
2026-02-28,18,10:00,172,8,11.3,1,1,32.49,1,2026-02-28 08:00:00,2026-02-28 12:00:00,E,Alton Ave,0,1,2,1
2026-02-28,18,10:00,172,8,11.3,1,1,32.49,1,2026-02-28 08:00:00,2026-02-28 12:00:00,E,Coxwell Ave,0,1,1,1
2026-02-28,18,10:00,172,8,11.3,1,1,32.49,1,2026-02-28 08:00:00,2026-02-28 12:00:00,E,Gerrard St East  at Coxwell Ave,0,0,0,0
2026-02-28,18,10:00,172,8,11.3,1,1,32.49,1,2026-02-28 08:00:00,2026-02-28 12:00:00,E,Coxwell Ave at Lower Gerrard St East,0,0,0,0
2026-02-28,18,10:00,172,8,11.3,1,1,32.49,1,2026-02-28 08:00:00,2026-02-28 12:00:00,E,Ashdale Ave,0,0,0,0
2026-02-28,18,10:00,172,8,11.3,1,1,32.49,1,2026-02-28 08:00:00,2026-02-28 12:00:00,E,Howard Park Ave at Indian Rd,0,0,0,0
2026-02-28,18,10:00,172,8,11.3,1,1,32.49,1,2026-02-28 08:00:00,2026-02-28 12:00:00,E,Dundas St West at Howard Park Ave,0,0,0,0
2026-02-28,18,10:00,172,8,11.3,1,1,32.49,1,2026-02-28 08:00:00,2026-02-28 12:00:00,E,Main St at Gerrard St East,0,0,0,0
2026-02-28,18,10:00,172,8,11.3,1,1,32.49,1,2026-02-28 08:00:00,2026-02-28 12:00:00,E,Main St,1,1,0,0
2026-02-28,18,10:00,172,8,11.3,1,1,32.49,1,2026-02-28 08:00:00,2026-02-28 12:00:00,E,Main St at Danforth Ave,0,0,0,0
2026-02-28,18,10:00,172,8,11.3,1,1,32.49,1,2026-02-28 08:00:00,2026-02-28 12:00:00,E,Howard Park Ave at Parkside Dr,0,0,0,0
2026-02-28,18,10:00,172,8,11.3,1,1,32.49,1,2026-02-28 08:00:00,2026-02-28 12:00:00,W,Woodfield Rd,1,0,1,0
2026-02-28,18,10:00,172,8,11.3,1,1,32.49,1,2026-02-28 08:00:00,2026-02-28 12:00:00,W,Coxwell Ave at Gerrard St East,0,0,0,0
2026-02-28,18,10:00,172,8,11.3,1,1,32.49,1,2026-02-28 08:00:00,2026-02-28 12:00:00,W,Euclid Ave,0,0,0,0
2026-02-28,18,10:00,172,8,11.3,1,1,32.49,1,2026-02-28 08:00:00,2026-02-28 12:00:00,W,Bowmore Rd,0,1,0,0
2026-02-28,18,10:00,172,8,11.3,1,1,32.49,1,2026-02-28 08:00:00,2026-02-28 12:00:00,W,Bay St,0,0,0,0
2026-02-28,18,10:00,172,8,11.3,1,1,32.49,1,2026-02-28 08:00:00,2026-02-28 12:00:00,W,Lansdowne Ave,0,0,0,0
2026-02-28,18,10:00,172,8,11.3,1,1,32.49,1,2026-02-28 08:00:00,2026-02-28 12:00:00,W,Indian Rd,0,0,0,0
2026-02-28,18,10:00,172,8,11.3,1,1,32.49,1,2026-02-28 08:00:00,2026-02-28 12:00:00,W,Grace St,0,0,0,0
2026-02-28,18,10:00,172,8,11.3,1,1,32.49,1,2026-02-28 08:00:00,2026-02-28 12:00:00,W,Dufferin St,0,0,0,0
2026-02-28,18,10:00,172,8,11.3,1,1,32.49,1,2026-02-28 08:00:00,2026-02-28 12:00:00,W,Gerrard St East at Beaton Ave,0,0,0,0
2026-02-28,18,10:00,172,8,11.3,1,1,32.49,1,2026-02-28 08:00:00,2026-02-28 12:00:00,W,Bathurst St,0,0,0,0
2026-02-28,18,10:00,172,8,11.3,1,1,32.49,1,2026-02-28 08:00:00,2026-02-28 12:00:00,W,Yonge St - College Station,0,0,0,0
2026-02-28,18,10:00,172,8,11.3,1,1,32.49,1,2026-02-28 08:00:00,2026-02-28 12:00:00,W,Dundas St West at Sterling Rd,0,0,0,0
2026-02-28,18,10:00,172,8,11.3,1,1,32.49,1,2026-02-28 08:00:00,2026-02-28 12:00:00,W,Brock Ave,0,0,0,0
2026-02-28,18,10:00,172,8,11.3,1,1,32.49,1,2026-02-28 08:00:00,2026-02-28 12:00:00,W,Sackville St,0,0,0,0
2026-02-28,18,10:00,172,8,11.3,1,1,32.49,1,2026-02-28 08:00:00,2026-02-28 12:00:00,W,Carlaw Ave,0,0,0,0
2026-02-28,18,10:00,172,8,11.3,1,1,32.49,1,2026-02-28 08:00:00,2026-02-28 12:00:00,W,Borden St,0,0,0,0
2026-02-28,18,10:00,172,8,11.3,1,1,32.49,1,2026-02-28 08:00:00,2026-02-28 12:00:00,W,Dundas St West at Sorauren Ave,0,0,0,0
2026-02-28,18,10:00,172,8,11.3,1,1,32.49,1,2026-02-28 08:00:00,2026-02-28 12:00:00,W,Crawford St,0,0,0,0
2026-02-28,18,10:00,172,8,11.3,1,1,32.49,1,2026-02-28 08:00:00,2026-02-28 12:00:00,W,Pape Ave,0,0,0,0
2026-02-28,18,10:00,172,8,11.3,1,1,32.49,1,2026-02-28 08:00:00,2026-02-28 12:00:00,W,Spadina Ave,0,0,0,0
2026-02-28,18,10:00,172,8,11.3,1,1,32.49,1,2026-02-28 08:00:00,2026-02-28 12:00:00,W,River St,3,0,2,0
2026-02-28,18,10:00,172,8,11.3,1,1,32.49,1,2026-02-28 08:00:00,2026-02-28 12:00:00,W,Marjory Ave,0,0,0,0
2026-02-28,18,10:00,172,8,11.3,1,1,32.49,1,2026-02-28 08:00:00,2026-02-28 12:00:00,W,Kingsmount Park Rd,0,0,0,0
2026-02-28,18,10:00,172,8,11.3,1,1,32.49,1,2026-02-28 08:00:00,2026-02-28 12:00:00,W,Church St,0,0,0,0
2026-02-28,18,10:00,172,8,11.3,1,1,32.49,1,2026-02-28 08:00:00,2026-02-28 12:00:00,W,Ossington Ave,0,0,0,0
2026-02-28,18,10:00,172,8,11.3,1,1,32.49,1,2026-02-28 08:00:00,2026-02-28 12:00:00,W,Woodbine Ave,0,0,0,0
2026-02-28,18,10:00,172,8,11.3,1,1,32.49,1,2026-02-28 08:00:00,2026-02-28 12:00:00,W,Jones Ave,0,0,0,0
2026-02-28,18,10:00,172,8,11.3,1,1,32.49,1,2026-02-28 08:00:00,2026-02-28 12:00:00,W,Golfview Ave,0,0,0,0
2026-02-28,18,10:00,172,8,11.3,1,1,32.49,1,2026-02-28 08:00:00,2026-02-28 12:00:00,W,Leslie St,0,0,0,0
2026-02-28,18,10:00,172,8,11.3,1,1,32.49,1,2026-02-28 08:00:00,2026-02-28 12:00:00,W,St Matthews Rd,2,0,2,0
2026-02-28,18,10:00,172,8,11.3,1,1,32.49,1,2026-02-28 08:00:00,2026-02-28 12:00:00,W,Jarvis St,0,0,0,0
2026-02-28,18,10:00,172,8,11.3,1,1,32.49,1,2026-02-28 08:00:00,2026-02-28 12:00:00,W,Sherbourne St,0,0,0,0
2026-02-28,18,10:00,172,8,11.3,1,1,32.49,1,2026-02-28 08:00:00,2026-02-28 12:00:00,W,St George St,2,1,6,0
2026-02-28,18,10:00,172,8,11.3,1,1,32.49,1,2026-02-28 08:00:00,2026-02-28 12:00:00,W,Dovercourt Rd,0,0,0,0
2026-02-28,18,10:00,172,8,11.3,1,1,32.49,1,2026-02-28 08:00:00,2026-02-28 12:00:00,W,Glenmount Park Rd,0,0,0,0
2026-02-28,18,10:00,172,8,11.3,1,1,32.49,1,2026-02-28 08:00:00,2026-02-28 12:00:00,W,Prust Ave,2,0,1,0
2026-02-28,18,10:00,172,8,11.3,1,1,32.49,1,2026-02-28 08:00:00,2026-02-28 12:00:00,W,Main Street Station at Bay 7,0,0,0,0
2026-02-28,18,10:00,172,8,11.3,1,1,32.49,1,2026-02-28 08:00:00,2026-02-28 12:00:00,W,Norwood Rd,0,0,0,0
2026-02-28,18,10:00,172,8,11.3,1,1,32.49,1,2026-02-28 08:00:00,2026-02-28 12:00:00,W,McCaul St,0,0,0,0
2026-02-28,18,10:00,172,8,11.3,1,1,32.49,1,2026-02-28 08:00:00,2026-02-28 12:00:00,W,Broadview Ave,0,0,0,0
2026-02-28,18,10:00,172,8,11.3,1,1,32.49,1,2026-02-28 08:00:00,2026-02-28 12:00:00,W,Ontario St,0,0,0,0
2026-02-28,18,10:00,172,8,11.3,1,1,32.49,1,2026-02-28 08:00:00,2026-02-28 12:00:00,W,Rusholme Park Cres,0,0,0,0
2026-02-28,18,10:00,172,8,11.3,1,1,32.49,1,2026-02-28 08:00:00,2026-02-28 12:00:00,W,Havelock St,5,2,5,0
2026-02-28,18,10:00,172,8,11.3,1,1,32.49,1,2026-02-28 08:00:00,2026-02-28 12:00:00,W,High Park Loop,0,0,0,0
2026-02-28,18,10:00,172,8,11.3,1,1,32.49,1,2026-02-28 08:00:00,2026-02-28 12:00:00,W,Queens Park (Queen's Park Station),3,1,5,0
2026-02-28,18,10:00,172,8,11.3,1,1,32.49,1,2026-02-28 08:00:00,2026-02-28 12:00:00,W,Roncesvalles Ave,0,0,0,0
2026-02-28,18,10:00,172,8,11.3,1,1,32.49,1,2026-02-28 08:00:00,2026-02-28 12:00:00,W,De Grassi St,0,0,0,0
2026-02-28,18,10:00,172,8,11.3,1,1,32.49,1,2026-02-28 08:00:00,2026-02-28 12:00:00,W,Parliament St at Carlton St,3,0,2,0
2026-02-28,18,10:00,172,8,11.3,1,1,32.49,1,2026-02-28 08:00:00,2026-02-28 12:00:00,W,Parkside Dr East Side,0,0,0,0
2026-02-28,18,10:00,172,8,11.3,1,1,32.49,1,2026-02-28 08:00:00,2026-02-28 12:00:00,W,Dundas St West,0,0,0,0
2026-02-28,18,10:00,172,8,11.3,1,1,32.49,1,2026-02-28 08:00:00,2026-02-28 12:00:00,W,Howard Park Ave at Roncesvalles Ave,4,2,4,0
2026-02-28,18,10:00,172,8,11.3,1,1,32.49,1,2026-02-28 08:00:00,2026-02-28 12:00:00,W,Parliament St,3,0,2,0
2026-02-28,18,10:00,172,8,11.3,1,1,32.49,1,2026-02-28 08:00:00,2026-02-28 12:00:00,W,Parliament St at Gerrard St East,0,0,0,0
2026-02-28,18,10:00,172,8,11.3,1,1,32.49,1,2026-02-28 08:00:00,2026-02-28 12:00:00,W,Sumach St,0,0,0,0
2026-02-28,18,10:00,172,8,11.3,1,1,32.49,1,2026-02-28 08:00:00,2026-02-28 12:00:00,W,Blackburn St,0,0,0,0
2026-02-28,18,10:00,172,8,11.3,1,1,32.49,1,2026-02-28 08:00:00,2026-02-28 12:00:00,W,Logan Ave,0,0,0,0
2026-02-28,18,10:00,172,8,11.3,1,1,32.49,1,2026-02-28 08:00:00,2026-02-28 12:00:00,W,Augusta Ave,0,0,0,0
2026-02-28,18,10:00,172,8,11.3,1,1,32.49,1,2026-02-28 08:00:00,2026-02-28 12:00:00,W,Beverley St,0,0,0,0
2026-02-28,18,10:00,172,8,11.3,1,1,32.49,1,2026-02-28 08:00:00,2026-02-28 12:00:00,W,University Ave (Queen's Park Station,0,0,0,0
2026-02-28,18,10:00,172,8,11.3,1,1,32.49,1,2026-02-28 08:00:00,2026-02-28 12:00:00,W,Elizabeth St,0,0,0,0
2026-02-28,18,10:00,172,8,11.3,1,1,32.49,1,2026-02-28 08:00:00,2026-02-28 12:00:00,W,Greenwood Ave,0,0,0,0
2026-02-28,18,10:00,172,8,11.3,1,1,32.49,1,2026-02-28 08:00:00,2026-02-28 12:00:00,W,Alton Ave,0,0,0,0
2026-02-28,18,10:00,172,8,11.3,1,1,32.49,1,2026-02-28 08:00:00,2026-02-28 12:00:00,W,Coxwell Ave,0,0,0,0
2026-02-28,18,10:00,172,8,11.3,1,1,32.49,1,2026-02-28 08:00:00,2026-02-28 12:00:00,W,Gerrard St East  at Coxwell Ave,0,1,0,0
2026-02-28,18,10:00,172,8,11.3,1,1,32.49,1,2026-02-28 08:00:00,2026-02-28 12:00:00,W,Coxwell Ave at Lower Gerrard St East,0,0,0,0
2026-02-28,18,10:00,172,8,11.3,1,1,32.49,1,2026-02-28 08:00:00,2026-02-28 12:00:00,W,Ashdale Ave,1,0,1,0
2026-02-28,18,10:00,172,8,11.3,1,1,32.49,1,2026-02-28 08:00:00,2026-02-28 12:00:00,W,Howard Park Ave at Indian Rd,2,2,5,0
2026-02-28,18,10:00,172,8,11.3,1,1,32.49,1,2026-02-28 08:00:00,2026-02-28 12:00:00,W,Dundas St West at Howard Park Ave,2,2,4,0
2026-02-28,18,10:00,172,8,11.3,1,1,32.49,1,2026-02-28 08:00:00,2026-02-28 12:00:00,W,Main St at Gerrard St East,0,2,0,0
2026-02-28,18,10:00,172,8,11.3,1,1,32.49,1,2026-02-28 08:00:00,2026-02-28 12:00:00,W,Main St,0,0,0,0
2026-02-28,18,10:00,172,8,11.3,1,1,32.49,1,2026-02-28 08:00:00,2026-02-28 12:00:00,W,Main St at Danforth Ave,0,0,0,0
2026-02-28,18,10:00,172,8,11.3,1,1,32.49,1,2026-02-28 08:00:00,2026-02-28 12:00:00,W,Howard Park Ave at Parkside Dr,5,2,4,0
