date,No. of Veh,Service interval,Run time (min),Term time (min),Avg. spd (km/h),Time of Day (morning: 0-late evening: 4)*,Weekday=0/Sat=1/Sun=2,RT dist (km),Interruption,time period start,time period end,EB/WB,stop,bunch,gap,"delay time (5,19]","delay time (19,120]"
2025-01-05,14,10:00,123,17,14.7,4,2,30.13,0,2025-01-05 22:00:00,2025-01-06 04:00:00,E,Woodfield Rd,2,0,2,0
2025-01-05,14,10:00,123,17,14.7,4,2,30.13,0,2025-01-05 22:00:00,2025-01-06 04:00:00,E,Coxwell Ave at Gerrard St East,0,0,0,0
2025-01-05,14,10:00,123,17,14.7,4,2,30.13,0,2025-01-05 22:00:00,2025-01-06 04:00:00,E,Euclid Ave,1,0,2,0
2025-01-05,14,10:00,123,17,14.7,4,2,30.13,0,2025-01-05 22:00:00,2025-01-06 04:00:00,E,Bowmore Rd,2,0,1,0
2025-01-05,14,10:00,123,17,14.7,4,2,30.13,0,2025-01-05 22:00:00,2025-01-06 04:00:00,E,Bay St,1,0,2,0
2025-01-05,14,10:00,123,17,14.7,4,2,30.13,0,2025-01-05 22:00:00,2025-01-06 04:00:00,E,Lansdowne Ave,3,1,2,0
2025-01-05,14,10:00,123,17,14.7,4,2,30.13,0,2025-01-05 22:00:00,2025-01-06 04:00:00,E,Indian Rd,0,1,1,0
2025-01-05,14,10:00,123,17,14.7,4,2,30.13,0,2025-01-05 22:00:00,2025-01-06 04:00:00,E,Grace St,1,1,2,0
2025-01-05,14,10:00,123,17,14.7,4,2,30.13,0,2025-01-05 22:00:00,2025-01-06 04:00:00,E,Dufferin St,3,0,2,0
2025-01-05,14,10:00,123,17,14.7,4,2,30.13,0,2025-01-05 22:00:00,2025-01-06 04:00:00,E,Gerrard St East at Beaton Ave,2,0,1,0
2025-01-05,14,10:00,123,17,14.7,4,2,30.13,0,2025-01-05 22:00:00,2025-01-06 04:00:00,E,Bathurst St,1,0,2,0
2025-01-05,14,10:00,123,17,14.7,4,2,30.13,0,2025-01-05 22:00:00,2025-01-06 04:00:00,E,Yonge St - College Station,1,0,2,0
2025-01-05,14,10:00,123,17,14.7,4,2,30.13,0,2025-01-05 22:00:00,2025-01-06 04:00:00,E,Dundas St West at Sterling Rd,0,0,1,0
2025-01-05,14,10:00,123,17,14.7,4,2,30.13,0,2025-01-05 22:00:00,2025-01-06 04:00:00,E,Brock Ave,1,0,2,0
2025-01-05,14,10:00,123,17,14.7,4,2,30.13,0,2025-01-05 22:00:00,2025-01-06 04:00:00,E,Sackville St,1,0,1,0
2025-01-05,14,10:00,123,17,14.7,4,2,30.13,0,2025-01-05 22:00:00,2025-01-06 04:00:00,E,Carlaw Ave,1,0,2,0
2025-01-05,14,10:00,123,17,14.7,4,2,30.13,0,2025-01-05 22:00:00,2025-01-06 04:00:00,E,Borden St,1,0,2,0
2025-01-05,14,10:00,123,17,14.7,4,2,30.13,0,2025-01-05 22:00:00,2025-01-06 04:00:00,E,Dundas St West at Sorauren Ave,0,0,1,0
2025-01-05,14,10:00,123,17,14.7,4,2,30.13,0,2025-01-05 22:00:00,2025-01-06 04:00:00,E,Crawford St,1,1,2,0
2025-01-05,14,10:00,123,17,14.7,4,2,30.13,0,2025-01-05 22:00:00,2025-01-06 04:00:00,E,Pape Ave,0,0,2,0
2025-01-05,14,10:00,123,17,14.7,4,2,30.13,0,2025-01-05 22:00:00,2025-01-06 04:00:00,E,Spadina Ave,1,0,2,0
2025-01-05,14,10:00,123,17,14.7,4,2,30.13,0,2025-01-05 22:00:00,2025-01-06 04:00:00,E,River St,1,0,1,0
2025-01-05,14,10:00,123,17,14.7,4,2,30.13,0,2025-01-05 22:00:00,2025-01-06 04:00:00,E,Marjory Ave,0,0,2,0
2025-01-05,14,10:00,123,17,14.7,4,2,30.13,0,2025-01-05 22:00:00,2025-01-06 04:00:00,E,Kingsmount Park Rd,2,0,1,0
2025-01-05,14,10:00,123,17,14.7,4,2,30.13,0,2025-01-05 22:00:00,2025-01-06 04:00:00,E,Church St,0,0,1,0
2025-01-05,14,10:00,123,17,14.7,4,2,30.13,0,2025-01-05 22:00:00,2025-01-06 04:00:00,E,Ossington Ave,1,1,3,0
2025-01-05,14,10:00,123,17,14.7,4,2,30.13,0,2025-01-05 22:00:00,2025-01-06 04:00:00,E,Woodbine Ave,2,0,1,0
2025-01-05,14,10:00,123,17,14.7,4,2,30.13,0,2025-01-05 22:00:00,2025-01-06 04:00:00,E,Jones Ave,1,0,2,0
2025-01-05,14,10:00,123,17,14.7,4,2,30.13,0,2025-01-05 22:00:00,2025-01-06 04:00:00,E,Golfview Ave,2,0,1,0
2025-01-05,14,10:00,123,17,14.7,4,2,30.13,0,2025-01-05 22:00:00,2025-01-06 04:00:00,E,Leslie St,1,0,2,0
2025-01-05,14,10:00,123,17,14.7,4,2,30.13,0,2025-01-05 22:00:00,2025-01-06 04:00:00,E,St Matthews Rd,1,0,1,0
2025-01-05,14,10:00,123,17,14.7,4,2,30.13,0,2025-01-05 22:00:00,2025-01-06 04:00:00,E,Jarvis St,0,0,1,0
2025-01-05,14,10:00,123,17,14.7,4,2,30.13,0,2025-01-05 22:00:00,2025-01-06 04:00:00,E,Sherbourne St,0,0,1,0
2025-01-05,14,10:00,123,17,14.7,4,2,30.13,0,2025-01-05 22:00:00,2025-01-06 04:00:00,E,St George St,1,0,2,0
2025-01-05,14,10:00,123,17,14.7,4,2,30.13,0,2025-01-05 22:00:00,2025-01-06 04:00:00,E,Dovercourt Rd,1,0,3,0
2025-01-05,14,10:00,123,17,14.7,4,2,30.13,0,2025-01-05 22:00:00,2025-01-06 04:00:00,E,Glenmount Park Rd,2,0,1,0
2025-01-05,14,10:00,123,17,14.7,4,2,30.13,0,2025-01-05 22:00:00,2025-01-06 04:00:00,E,Prust Ave,2,0,2,0
2025-01-05,14,10:00,123,17,14.7,4,2,30.13,0,2025-01-05 22:00:00,2025-01-06 04:00:00,E,Main Street Station at Bay 7,0,0,0,0
2025-01-05,14,10:00,123,17,14.7,4,2,30.13,0,2025-01-05 22:00:00,2025-01-06 04:00:00,E,Norwood Rd,2,0,1,0
2025-01-05,14,10:00,123,17,14.7,4,2,30.13,0,2025-01-05 22:00:00,2025-01-06 04:00:00,E,McCaul St,1,0,2,0
2025-01-05,14,10:00,123,17,14.7,4,2,30.13,0,2025-01-05 22:00:00,2025-01-06 04:00:00,E,Broadview Ave,1,0,2,0
2025-01-05,14,10:00,123,17,14.7,4,2,30.13,0,2025-01-05 22:00:00,2025-01-06 04:00:00,E,Ontario St,0,0,1,0
2025-01-05,14,10:00,123,17,14.7,4,2,30.13,0,2025-01-05 22:00:00,2025-01-06 04:00:00,E,Rusholme Park Cres,0,0,1,0
2025-01-05,14,10:00,123,17,14.7,4,2,30.13,0,2025-01-05 22:00:00,2025-01-06 04:00:00,E,Havelock St,2,0,2,0
2025-01-05,14,10:00,123,17,14.7,4,2,30.13,0,2025-01-05 22:00:00,2025-01-06 04:00:00,E,High Park Loop,0,2,2,0
2025-01-05,14,10:00,123,17,14.7,4,2,30.13,0,2025-01-05 22:00:00,2025-01-06 04:00:00,E,Queens Park (Queen's Park Station),1,0,2,0
2025-01-05,14,10:00,123,17,14.7,4,2,30.13,0,2025-01-05 22:00:00,2025-01-06 04:00:00,E,Roncesvalles Ave,0,0,1,0
2025-01-05,14,10:00,123,17,14.7,4,2,30.13,0,2025-01-05 22:00:00,2025-01-06 04:00:00,E,De Grassi St,2,0,2,0
2025-01-05,14,10:00,123,17,14.7,4,2,30.13,0,2025-01-05 22:00:00,2025-01-06 04:00:00,E,Parliament St at Carlton St,1,0,1,0
2025-01-05,14,10:00,123,17,14.7,4,2,30.13,0,2025-01-05 22:00:00,2025-01-06 04:00:00,E,Parkside Dr East Side,0,1,1,0
2025-01-05,14,10:00,123,17,14.7,4,2,30.13,0,2025-01-05 22:00:00,2025-01-06 04:00:00,E,Dundas St West,0,0,0,0
2025-01-05,14,10:00,123,17,14.7,4,2,30.13,0,2025-01-05 22:00:00,2025-01-06 04:00:00,E,Howard Park Ave at Roncesvalles Ave,0,0,0,0
2025-01-05,14,10:00,123,17,14.7,4,2,30.13,0,2025-01-05 22:00:00,2025-01-06 04:00:00,E,Parliament St,0,0,0,0
2025-01-05,14,10:00,123,17,14.7,4,2,30.13,0,2025-01-05 22:00:00,2025-01-06 04:00:00,E,Parliament St at Gerrard St East,0,0,0,0
2025-01-05,14,10:00,123,17,14.7,4,2,30.13,0,2025-01-05 22:00:00,2025-01-06 04:00:00,E,Sumach St,0,0,0,0
2025-01-05,14,10:00,123,17,14.7,4,2,30.13,0,2025-01-05 22:00:00,2025-01-06 04:00:00,E,Blackburn St,0,0,0,0
2025-01-05,14,10:00,123,17,14.7,4,2,30.13,0,2025-01-05 22:00:00,2025-01-06 04:00:00,E,Logan Ave,0,0,0,0
2025-01-05,14,10:00,123,17,14.7,4,2,30.13,0,2025-01-05 22:00:00,2025-01-06 04:00:00,E,Augusta Ave,0,0,0,0
2025-01-05,14,10:00,123,17,14.7,4,2,30.13,0,2025-01-05 22:00:00,2025-01-06 04:00:00,E,Beverley St,0,0,0,0
2025-01-05,14,10:00,123,17,14.7,4,2,30.13,0,2025-01-05 22:00:00,2025-01-06 04:00:00,E,University Ave (Queen's Park Station,0,0,0,0
2025-01-05,14,10:00,123,17,14.7,4,2,30.13,0,2025-01-05 22:00:00,2025-01-06 04:00:00,E,Elizabeth St,0,0,0,0
2025-01-05,14,10:00,123,17,14.7,4,2,30.13,0,2025-01-05 22:00:00,2025-01-06 04:00:00,E,Greenwood Ave,0,0,0,0
2025-01-05,14,10:00,123,17,14.7,4,2,30.13,0,2025-01-05 22:00:00,2025-01-06 04:00:00,E,Alton Ave,0,0,0,0
2025-01-05,14,10:00,123,17,14.7,4,2,30.13,0,2025-01-05 22:00:00,2025-01-06 04:00:00,E,Coxwell Ave,0,0,0,0
2025-01-05,14,10:00,123,17,14.7,4,2,30.13,0,2025-01-05 22:00:00,2025-01-06 04:00:00,E,Gerrard St East  at Coxwell Ave,0,0,0,0
2025-01-05,14,10:00,123,17,14.7,4,2,30.13,0,2025-01-05 22:00:00,2025-01-06 04:00:00,E,Coxwell Ave at Lower Gerrard St East,0,0,0,0
2025-01-05,14,10:00,123,17,14.7,4,2,30.13,0,2025-01-05 22:00:00,2025-01-06 04:00:00,E,Ashdale Ave,0,0,0,0
2025-01-05,14,10:00,123,17,14.7,4,2,30.13,0,2025-01-05 22:00:00,2025-01-06 04:00:00,E,Howard Park Ave at Indian Rd,0,0,0,0
2025-01-05,14,10:00,123,17,14.7,4,2,30.13,0,2025-01-05 22:00:00,2025-01-06 04:00:00,E,Dundas St West at Howard Park Ave,0,0,0,0
2025-01-05,14,10:00,123,17,14.7,4,2,30.13,0,2025-01-05 22:00:00,2025-01-06 04:00:00,E,Main St at Gerrard St East,0,0,0,0
2025-01-05,14,10:00,123,17,14.7,4,2,30.13,0,2025-01-05 22:00:00,2025-01-06 04:00:00,E,Main St,0,0,0,0
2025-01-05,14,10:00,123,17,14.7,4,2,30.13,0,2025-01-05 22:00:00,2025-01-06 04:00:00,E,Main St at Danforth Ave,0,0,0,0
2025-01-05,14,10:00,123,17,14.7,4,2,30.13,0,2025-01-05 22:00:00,2025-01-06 04:00:00,E,Howard Park Ave at Parkside Dr,0,0,0,0
2025-01-05,14,10:00,123,17,14.7,4,2,30.13,0,2025-01-05 22:00:00,2025-01-06 04:00:00,W,Woodfield Rd,0,4,0,0
2025-01-05,14,10:00,123,17,14.7,4,2,30.13,0,2025-01-05 22:00:00,2025-01-06 04:00:00,W,Coxwell Ave at Gerrard St East,0,3,0,0
2025-01-05,14,10:00,123,17,14.7,4,2,30.13,0,2025-01-05 22:00:00,2025-01-06 04:00:00,W,Euclid Ave,0,0,0,0
2025-01-05,14,10:00,123,17,14.7,4,2,30.13,0,2025-01-05 22:00:00,2025-01-06 04:00:00,W,Bowmore Rd,0,2,0,0
2025-01-05,14,10:00,123,17,14.7,4,2,30.13,0,2025-01-05 22:00:00,2025-01-06 04:00:00,W,Bay St,0,4,0,0
2025-01-05,14,10:00,123,17,14.7,4,2,30.13,0,2025-01-05 22:00:00,2025-01-06 04:00:00,W,Lansdowne Ave,0,0,0,0
2025-01-05,14,10:00,123,17,14.7,4,2,30.13,0,2025-01-05 22:00:00,2025-01-06 04:00:00,W,Indian Rd,0,3,2,0
2025-01-05,14,10:00,123,17,14.7,4,2,30.13,0,2025-01-05 22:00:00,2025-01-06 04:00:00,W,Grace St,0,0,0,0
2025-01-05,14,10:00,123,17,14.7,4,2,30.13,0,2025-01-05 22:00:00,2025-01-06 04:00:00,W,Dufferin St,1,3,1,0
2025-01-05,14,10:00,123,17,14.7,4,2,30.13,0,2025-01-05 22:00:00,2025-01-06 04:00:00,W,Gerrard St East at Beaton Ave,0,3,0,0
2025-01-05,14,10:00,123,17,14.7,4,2,30.13,0,2025-01-05 22:00:00,2025-01-06 04:00:00,W,Bathurst St,0,0,0,0
2025-01-05,14,10:00,123,17,14.7,4,2,30.13,0,2025-01-05 22:00:00,2025-01-06 04:00:00,W,Yonge St - College Station,0,0,0,0
2025-01-05,14,10:00,123,17,14.7,4,2,30.13,0,2025-01-05 22:00:00,2025-01-06 04:00:00,W,Dundas St West at Sterling Rd,0,0,0,0
2025-01-05,14,10:00,123,17,14.7,4,2,30.13,0,2025-01-05 22:00:00,2025-01-06 04:00:00,W,Brock Ave,0,0,0,0
2025-01-05,14,10:00,123,17,14.7,4,2,30.13,0,2025-01-05 22:00:00,2025-01-06 04:00:00,W,Sackville St,1,3,1,0
2025-01-05,14,10:00,123,17,14.7,4,2,30.13,0,2025-01-05 22:00:00,2025-01-06 04:00:00,W,Carlaw Ave,0,0,0,0
2025-01-05,14,10:00,123,17,14.7,4,2,30.13,0,2025-01-05 22:00:00,2025-01-06 04:00:00,W,Borden St,0,0,0,0
2025-01-05,14,10:00,123,17,14.7,4,2,30.13,0,2025-01-05 22:00:00,2025-01-06 04:00:00,W,Dundas St West at Sorauren Ave,0,3,2,0
2025-01-05,14,10:00,123,17,14.7,4,2,30.13,0,2025-01-05 22:00:00,2025-01-06 04:00:00,W,Crawford St,0,0,0,0
2025-01-05,14,10:00,123,17,14.7,4,2,30.13,0,2025-01-05 22:00:00,2025-01-06 04:00:00,W,Pape Ave,0,0,0,0
2025-01-05,14,10:00,123,17,14.7,4,2,30.13,0,2025-01-05 22:00:00,2025-01-06 04:00:00,W,Spadina Ave,0,3,0,0
2025-01-05,14,10:00,123,17,14.7,4,2,30.13,0,2025-01-05 22:00:00,2025-01-06 04:00:00,W,River St,1,3,1,0
2025-01-05,14,10:00,123,17,14.7,4,2,30.13,0,2025-01-05 22:00:00,2025-01-06 04:00:00,W,Marjory Ave,0,0,0,0
2025-01-05,14,10:00,123,17,14.7,4,2,30.13,0,2025-01-05 22:00:00,2025-01-06 04:00:00,W,Kingsmount Park Rd,0,0,0,0
2025-01-05,14,10:00,123,17,14.7,4,2,30.13,0,2025-01-05 22:00:00,2025-01-06 04:00:00,W,Church St,0,0,0,0
2025-01-05,14,10:00,123,17,14.7,4,2,30.13,0,2025-01-05 22:00:00,2025-01-06 04:00:00,W,Ossington Ave,0,0,0,0
2025-01-05,14,10:00,123,17,14.7,4,2,30.13,0,2025-01-05 22:00:00,2025-01-06 04:00:00,W,Woodbine Ave,0,0,0,0
2025-01-05,14,10:00,123,17,14.7,4,2,30.13,0,2025-01-05 22:00:00,2025-01-06 04:00:00,W,Jones Ave,0,0,0,0
2025-01-05,14,10:00,123,17,14.7,4,2,30.13,0,2025-01-05 22:00:00,2025-01-06 04:00:00,W,Golfview Ave,0,0,0,0
2025-01-05,14,10:00,123,17,14.7,4,2,30.13,0,2025-01-05 22:00:00,2025-01-06 04:00:00,W,Leslie St,0,0,0,0
2025-01-05,14,10:00,123,17,14.7,4,2,30.13,0,2025-01-05 22:00:00,2025-01-06 04:00:00,W,St Matthews Rd,0,0,0,0
2025-01-05,14,10:00,123,17,14.7,4,2,30.13,0,2025-01-05 22:00:00,2025-01-06 04:00:00,W,Jarvis St,0,0,0,0
2025-01-05,14,10:00,123,17,14.7,4,2,30.13,0,2025-01-05 22:00:00,2025-01-06 04:00:00,W,Sherbourne St,0,0,0,0
2025-01-05,14,10:00,123,17,14.7,4,2,30.13,0,2025-01-05 22:00:00,2025-01-06 04:00:00,W,St George St,0,0,0,0
2025-01-05,14,10:00,123,17,14.7,4,2,30.13,0,2025-01-05 22:00:00,2025-01-06 04:00:00,W,Dovercourt Rd,0,0,0,0
2025-01-05,14,10:00,123,17,14.7,4,2,30.13,0,2025-01-05 22:00:00,2025-01-06 04:00:00,W,Glenmount Park Rd,0,0,0,0
2025-01-05,14,10:00,123,17,14.7,4,2,30.13,0,2025-01-05 22:00:00,2025-01-06 04:00:00,W,Prust Ave,0,0,0,0
2025-01-05,14,10:00,123,17,14.7,4,2,30.13,0,2025-01-05 22:00:00,2025-01-06 04:00:00,W,Main Street Station at Bay 7,0,3,0,0
2025-01-05,14,10:00,123,17,14.7,4,2,30.13,0,2025-01-05 22:00:00,2025-01-06 04:00:00,W,Norwood Rd,0,0,0,0
2025-01-05,14,10:00,123,17,14.7,4,2,30.13,0,2025-01-05 22:00:00,2025-01-06 04:00:00,W,McCaul St,0,0,0,0
2025-01-05,14,10:00,123,17,14.7,4,2,30.13,0,2025-01-05 22:00:00,2025-01-06 04:00:00,W,Broadview Ave,0,0,0,0
2025-01-05,14,10:00,123,17,14.7,4,2,30.13,0,2025-01-05 22:00:00,2025-01-06 04:00:00,W,Ontario St,0,0,0,0
2025-01-05,14,10:00,123,17,14.7,4,2,30.13,0,2025-01-05 22:00:00,2025-01-06 04:00:00,W,Rusholme Park Cres,0,0,0,0
2025-01-05,14,10:00,123,17,14.7,4,2,30.13,0,2025-01-05 22:00:00,2025-01-06 04:00:00,W,Havelock St,0,0,0,0
2025-01-05,14,10:00,123,17,14.7,4,2,30.13,0,2025-01-05 22:00:00,2025-01-06 04:00:00,W,High Park Loop,0,0,0,0
2025-01-05,14,10:00,123,17,14.7,4,2,30.13,0,2025-01-05 22:00:00,2025-01-06 04:00:00,W,Queens Park (Queen's Park Station),0,0,0,0
2025-01-05,14,10:00,123,17,14.7,4,2,30.13,0,2025-01-05 22:00:00,2025-01-06 04:00:00,W,Roncesvalles Ave,0,4,2,0
2025-01-05,14,10:00,123,17,14.7,4,2,30.13,0,2025-01-05 22:00:00,2025-01-06 04:00:00,W,De Grassi St,0,0,0,0
2025-01-05,14,10:00,123,17,14.7,4,2,30.13,0,2025-01-05 22:00:00,2025-01-06 04:00:00,W,Parliament St at Carlton St,0,0,0,0
2025-01-05,14,10:00,123,17,14.7,4,2,30.13,0,2025-01-05 22:00:00,2025-01-06 04:00:00,W,Parkside Dr East Side,0,0,0,0
2025-01-05,14,10:00,123,17,14.7,4,2,30.13,0,2025-01-05 22:00:00,2025-01-06 04:00:00,W,Dundas St West,0,4,2,0
2025-01-05,14,10:00,123,17,14.7,4,2,30.13,0,2025-01-05 22:00:00,2025-01-06 04:00:00,W,Howard Park Ave at Roncesvalles Ave,0,0,0,0
2025-01-05,14,10:00,123,17,14.7,4,2,30.13,0,2025-01-05 22:00:00,2025-01-06 04:00:00,W,Parliament St,0,0,0,0
2025-01-05,14,10:00,123,17,14.7,4,2,30.13,0,2025-01-05 22:00:00,2025-01-06 04:00:00,W,Parliament St at Gerrard St East,0,0,0,0
2025-01-05,14,10:00,123,17,14.7,4,2,30.13,0,2025-01-05 22:00:00,2025-01-06 04:00:00,W,Sumach St,0,0,0,0
2025-01-05,14,10:00,123,17,14.7,4,2,30.13,0,2025-01-05 22:00:00,2025-01-06 04:00:00,W,Blackburn St,0,0,0,0
2025-01-05,14,10:00,123,17,14.7,4,2,30.13,0,2025-01-05 22:00:00,2025-01-06 04:00:00,W,Logan Ave,0,0,0,0
2025-01-05,14,10:00,123,17,14.7,4,2,30.13,0,2025-01-05 22:00:00,2025-01-06 04:00:00,W,Augusta Ave,0,0,0,0
2025-01-05,14,10:00,123,17,14.7,4,2,30.13,0,2025-01-05 22:00:00,2025-01-06 04:00:00,W,Beverley St,0,0,0,0
2025-01-05,14,10:00,123,17,14.7,4,2,30.13,0,2025-01-05 22:00:00,2025-01-06 04:00:00,W,University Ave (Queen's Park Station,0,0,0,0
2025-01-05,14,10:00,123,17,14.7,4,2,30.13,0,2025-01-05 22:00:00,2025-01-06 04:00:00,W,Elizabeth St,0,0,0,0
2025-01-05,14,10:00,123,17,14.7,4,2,30.13,0,2025-01-05 22:00:00,2025-01-06 04:00:00,W,Greenwood Ave,0,0,0,0
2025-01-05,14,10:00,123,17,14.7,4,2,30.13,0,2025-01-05 22:00:00,2025-01-06 04:00:00,W,Alton Ave,0,0,0,0
2025-01-05,14,10:00,123,17,14.7,4,2,30.13,0,2025-01-05 22:00:00,2025-01-06 04:00:00,W,Coxwell Ave,0,0,0,0
2025-01-05,14,10:00,123,17,14.7,4,2,30.13,0,2025-01-05 22:00:00,2025-01-06 04:00:00,W,Gerrard St East  at Coxwell Ave,0,0,0,0
2025-01-05,14,10:00,123,17,14.7,4,2,30.13,0,2025-01-05 22:00:00,2025-01-06 04:00:00,W,Coxwell Ave at Lower Gerrard St East,0,0,0,0
2025-01-05,14,10:00,123,17,14.7,4,2,30.13,0,2025-01-05 22:00:00,2025-01-06 04:00:00,W,Ashdale Ave,0,0,0,0
2025-01-05,14,10:00,123,17,14.7,4,2,30.13,0,2025-01-05 22:00:00,2025-01-06 04:00:00,W,Howard Park Ave at Indian Rd,0,0,0,0
2025-01-05,14,10:00,123,17,14.7,4,2,30.13,0,2025-01-05 22:00:00,2025-01-06 04:00:00,W,Dundas St West at Howard Park Ave,0,0,0,0
2025-01-05,14,10:00,123,17,14.7,4,2,30.13,0,2025-01-05 22:00:00,2025-01-06 04:00:00,W,Main St at Gerrard St East,0,0,0,0
2025-01-05,14,10:00,123,17,14.7,4,2,30.13,0,2025-01-05 22:00:00,2025-01-06 04:00:00,W,Main St,0,0,0,0
2025-01-05,14,10:00,123,17,14.7,4,2,30.13,0,2025-01-05 22:00:00,2025-01-06 04:00:00,W,Main St at Danforth Ave,0,0,0,0
2025-01-05,14,10:00,123,17,14.7,4,2,30.13,0,2025-01-05 22:00:00,2025-01-06 04:00:00,W,Howard Park Ave at Parkside Dr,0,0,0,0
2025-01-12,14,10:00,123,17,14.7,4,2,30.13,0,2025-01-12 22:00:00,2025-01-13 04:00:00,E,Woodfield Rd,6,1,5,1
2025-01-12,14,10:00,123,17,14.7,4,2,30.13,0,2025-01-12 22:00:00,2025-01-13 04:00:00,E,Coxwell Ave at Gerrard St East,0,0,0,0
2025-01-12,14,10:00,123,17,14.7,4,2,30.13,0,2025-01-12 22:00:00,2025-01-13 04:00:00,E,Euclid Ave,2,1,7,1
2025-01-12,14,10:00,123,17,14.7,4,2,30.13,0,2025-01-12 22:00:00,2025-01-13 04:00:00,E,Bowmore Rd,4,1,6,0
2025-01-12,14,10:00,123,17,14.7,4,2,30.13,0,2025-01-12 22:00:00,2025-01-13 04:00:00,E,Bay St,5,1,5,1
2025-01-12,14,10:00,123,17,14.7,4,2,30.13,0,2025-01-12 22:00:00,2025-01-13 04:00:00,E,Lansdowne Ave,8,1,12,1
2025-01-12,14,10:00,123,17,14.7,4,2,30.13,0,2025-01-12 22:00:00,2025-01-13 04:00:00,E,Indian Rd,0,1,3,1
2025-01-12,14,10:00,123,17,14.7,4,2,30.13,0,2025-01-12 22:00:00,2025-01-13 04:00:00,E,Grace St,5,1,8,2
2025-01-12,14,10:00,123,17,14.7,4,2,30.13,0,2025-01-12 22:00:00,2025-01-13 04:00:00,E,Dufferin St,6,1,5,1
2025-01-12,14,10:00,123,17,14.7,4,2,30.13,0,2025-01-12 22:00:00,2025-01-13 04:00:00,E,Gerrard St East at Beaton Ave,4,1,6,0
2025-01-12,14,10:00,123,17,14.7,4,2,30.13,0,2025-01-12 22:00:00,2025-01-13 04:00:00,E,Bathurst St,2,1,6,1
2025-01-12,14,10:00,123,17,14.7,4,2,30.13,0,2025-01-12 22:00:00,2025-01-13 04:00:00,E,Yonge St - College Station,4,1,5,1
2025-01-12,14,10:00,123,17,14.7,4,2,30.13,0,2025-01-12 22:00:00,2025-01-13 04:00:00,E,Dundas St West at Sterling Rd,1,0,4,1
2025-01-12,14,10:00,123,17,14.7,4,2,30.13,0,2025-01-12 22:00:00,2025-01-13 04:00:00,E,Brock Ave,5,1,9,1
2025-01-12,14,10:00,123,17,14.7,4,2,30.13,0,2025-01-12 22:00:00,2025-01-13 04:00:00,E,Sackville St,3,0,5,1
2025-01-12,14,10:00,123,17,14.7,4,2,30.13,0,2025-01-12 22:00:00,2025-01-13 04:00:00,E,Carlaw Ave,4,1,5,1
2025-01-12,14,10:00,123,17,14.7,4,2,30.13,0,2025-01-12 22:00:00,2025-01-13 04:00:00,E,Borden St,2,1,6,1
2025-01-12,14,10:00,123,17,14.7,4,2,30.13,0,2025-01-12 22:00:00,2025-01-13 04:00:00,E,Dundas St West at Sorauren Ave,1,0,4,1
2025-01-12,14,10:00,123,17,14.7,4,2,30.13,0,2025-01-12 22:00:00,2025-01-13 04:00:00,E,Crawford St,5,1,8,2
2025-01-12,14,10:00,123,17,14.7,4,2,30.13,0,2025-01-12 22:00:00,2025-01-13 04:00:00,E,Pape Ave,5,1,5,1
2025-01-12,14,10:00,123,17,14.7,4,2,30.13,0,2025-01-12 22:00:00,2025-01-13 04:00:00,E,Spadina Ave,3,1,6,1
2025-01-12,14,10:00,123,17,14.7,4,2,30.13,0,2025-01-12 22:00:00,2025-01-13 04:00:00,E,River St,4,0,5,1
2025-01-12,14,10:00,123,17,14.7,4,2,30.13,0,2025-01-12 22:00:00,2025-01-13 04:00:00,E,Marjory Ave,4,1,6,1
2025-01-12,14,10:00,123,17,14.7,4,2,30.13,0,2025-01-12 22:00:00,2025-01-13 04:00:00,E,Kingsmount Park Rd,5,1,6,0
2025-01-12,14,10:00,123,17,14.7,4,2,30.13,0,2025-01-12 22:00:00,2025-01-13 04:00:00,E,Church St,1,0,4,1
2025-01-12,14,10:00,123,17,14.7,4,2,30.13,0,2025-01-12 22:00:00,2025-01-13 04:00:00,E,Ossington Ave,5,1,10,2
2025-01-12,14,10:00,123,17,14.7,4,2,30.13,0,2025-01-12 22:00:00,2025-01-13 04:00:00,E,Woodbine Ave,5,1,6,0
2025-01-12,14,10:00,123,17,14.7,4,2,30.13,0,2025-01-12 22:00:00,2025-01-13 04:00:00,E,Jones Ave,4,1,6,1
2025-01-12,14,10:00,123,17,14.7,4,2,30.13,0,2025-01-12 22:00:00,2025-01-13 04:00:00,E,Golfview Ave,5,1,6,0
2025-01-12,14,10:00,123,17,14.7,4,2,30.13,0,2025-01-12 22:00:00,2025-01-13 04:00:00,E,Leslie St,5,1,5,1
2025-01-12,14,10:00,123,17,14.7,4,2,30.13,0,2025-01-12 22:00:00,2025-01-13 04:00:00,E,St Matthews Rd,5,0,5,1
2025-01-12,14,10:00,123,17,14.7,4,2,30.13,0,2025-01-12 22:00:00,2025-01-13 04:00:00,E,Jarvis St,1,0,4,1
2025-01-12,14,10:00,123,17,14.7,4,2,30.13,0,2025-01-12 22:00:00,2025-01-13 04:00:00,E,Sherbourne St,1,0,4,1
2025-01-12,14,10:00,123,17,14.7,4,2,30.13,0,2025-01-12 22:00:00,2025-01-13 04:00:00,E,St George St,4,1,6,1
2025-01-12,14,10:00,123,17,14.7,4,2,30.13,0,2025-01-12 22:00:00,2025-01-13 04:00:00,E,Dovercourt Rd,6,1,9,2
2025-01-12,14,10:00,123,17,14.7,4,2,30.13,0,2025-01-12 22:00:00,2025-01-13 04:00:00,E,Glenmount Park Rd,5,1,6,0
2025-01-12,14,10:00,123,17,14.7,4,2,30.13,0,2025-01-12 22:00:00,2025-01-13 04:00:00,E,Prust Ave,5,1,5,1
2025-01-12,14,10:00,123,17,14.7,4,2,30.13,0,2025-01-12 22:00:00,2025-01-13 04:00:00,E,Main Street Station at Bay 7,0,0,0,0
2025-01-12,14,10:00,123,17,14.7,4,2,30.13,0,2025-01-12 22:00:00,2025-01-13 04:00:00,E,Norwood Rd,6,1,6,0
2025-01-12,14,10:00,123,17,14.7,4,2,30.13,0,2025-01-12 22:00:00,2025-01-13 04:00:00,E,McCaul St,4,1,5,1
2025-01-12,14,10:00,123,17,14.7,4,2,30.13,0,2025-01-12 22:00:00,2025-01-13 04:00:00,E,Broadview Ave,4,0,5,1
2025-01-12,14,10:00,123,17,14.7,4,2,30.13,0,2025-01-12 22:00:00,2025-01-13 04:00:00,E,Ontario St,1,0,4,1
2025-01-12,14,10:00,123,17,14.7,4,2,30.13,0,2025-01-12 22:00:00,2025-01-13 04:00:00,E,Rusholme Park Cres,1,0,4,1
2025-01-12,14,10:00,123,17,14.7,4,2,30.13,0,2025-01-12 22:00:00,2025-01-13 04:00:00,E,Havelock St,6,1,5,1
2025-01-12,14,10:00,123,17,14.7,4,2,30.13,0,2025-01-12 22:00:00,2025-01-13 04:00:00,E,High Park Loop,0,2,4,2
2025-01-12,14,10:00,123,17,14.7,4,2,30.13,0,2025-01-12 22:00:00,2025-01-13 04:00:00,E,Queens Park (Queen's Park Station),4,1,5,1
2025-01-12,14,10:00,123,17,14.7,4,2,30.13,0,2025-01-12 22:00:00,2025-01-13 04:00:00,E,Roncesvalles Ave,1,0,4,1
2025-01-12,14,10:00,123,17,14.7,4,2,30.13,0,2025-01-12 22:00:00,2025-01-13 04:00:00,E,De Grassi St,4,0,5,1
2025-01-12,14,10:00,123,17,14.7,4,2,30.13,0,2025-01-12 22:00:00,2025-01-13 04:00:00,E,Parliament St at Carlton St,3,0,5,1
2025-01-12,14,10:00,123,17,14.7,4,2,30.13,0,2025-01-12 22:00:00,2025-01-13 04:00:00,E,Parkside Dr East Side,0,1,2,1
2025-01-12,14,10:00,123,17,14.7,4,2,30.13,0,2025-01-12 22:00:00,2025-01-13 04:00:00,E,Dundas St West,0,0,0,0
2025-01-12,14,10:00,123,17,14.7,4,2,30.13,0,2025-01-12 22:00:00,2025-01-13 04:00:00,E,Howard Park Ave at Roncesvalles Ave,0,0,0,0
2025-01-12,14,10:00,123,17,14.7,4,2,30.13,0,2025-01-12 22:00:00,2025-01-13 04:00:00,E,Parliament St,0,0,0,0
2025-01-12,14,10:00,123,17,14.7,4,2,30.13,0,2025-01-12 22:00:00,2025-01-13 04:00:00,E,Parliament St at Gerrard St East,0,0,0,0
2025-01-12,14,10:00,123,17,14.7,4,2,30.13,0,2025-01-12 22:00:00,2025-01-13 04:00:00,E,Sumach St,0,0,0,0
2025-01-12,14,10:00,123,17,14.7,4,2,30.13,0,2025-01-12 22:00:00,2025-01-13 04:00:00,E,Blackburn St,0,0,0,0
2025-01-12,14,10:00,123,17,14.7,4,2,30.13,0,2025-01-12 22:00:00,2025-01-13 04:00:00,E,Logan Ave,0,0,0,0
2025-01-12,14,10:00,123,17,14.7,4,2,30.13,0,2025-01-12 22:00:00,2025-01-13 04:00:00,E,Augusta Ave,0,0,0,0
2025-01-12,14,10:00,123,17,14.7,4,2,30.13,0,2025-01-12 22:00:00,2025-01-13 04:00:00,E,Beverley St,0,0,0,0
2025-01-12,14,10:00,123,17,14.7,4,2,30.13,0,2025-01-12 22:00:00,2025-01-13 04:00:00,E,University Ave (Queen's Park Station,0,0,0,0
2025-01-12,14,10:00,123,17,14.7,4,2,30.13,0,2025-01-12 22:00:00,2025-01-13 04:00:00,E,Elizabeth St,0,0,0,0
2025-01-12,14,10:00,123,17,14.7,4,2,30.13,0,2025-01-12 22:00:00,2025-01-13 04:00:00,E,Greenwood Ave,0,0,0,0
2025-01-12,14,10:00,123,17,14.7,4,2,30.13,0,2025-01-12 22:00:00,2025-01-13 04:00:00,E,Alton Ave,0,0,0,0
2025-01-12,14,10:00,123,17,14.7,4,2,30.13,0,2025-01-12 22:00:00,2025-01-13 04:00:00,E,Coxwell Ave,0,0,0,0
2025-01-12,14,10:00,123,17,14.7,4,2,30.13,0,2025-01-12 22:00:00,2025-01-13 04:00:00,E,Gerrard St East  at Coxwell Ave,0,0,0,0
2025-01-12,14,10:00,123,17,14.7,4,2,30.13,0,2025-01-12 22:00:00,2025-01-13 04:00:00,E,Coxwell Ave at Lower Gerrard St East,0,0,0,0
2025-01-12,14,10:00,123,17,14.7,4,2,30.13,0,2025-01-12 22:00:00,2025-01-13 04:00:00,E,Ashdale Ave,0,0,0,0
2025-01-12,14,10:00,123,17,14.7,4,2,30.13,0,2025-01-12 22:00:00,2025-01-13 04:00:00,E,Howard Park Ave at Indian Rd,0,0,0,0
2025-01-12,14,10:00,123,17,14.7,4,2,30.13,0,2025-01-12 22:00:00,2025-01-13 04:00:00,E,Dundas St West at Howard Park Ave,0,0,0,0
2025-01-12,14,10:00,123,17,14.7,4,2,30.13,0,2025-01-12 22:00:00,2025-01-13 04:00:00,E,Main St at Gerrard St East,0,0,0,0
2025-01-12,14,10:00,123,17,14.7,4,2,30.13,0,2025-01-12 22:00:00,2025-01-13 04:00:00,E,Main St,0,0,0,0
2025-01-12,14,10:00,123,17,14.7,4,2,30.13,0,2025-01-12 22:00:00,2025-01-13 04:00:00,E,Main St at Danforth Ave,0,0,0,0
2025-01-12,14,10:00,123,17,14.7,4,2,30.13,0,2025-01-12 22:00:00,2025-01-13 04:00:00,E,Howard Park Ave at Parkside Dr,0,0,0,0
2025-01-12,14,10:00,123,17,14.7,4,2,30.13,0,2025-01-12 22:00:00,2025-01-13 04:00:00,W,Woodfield Rd,2,4,4,0
2025-01-12,14,10:00,123,17,14.7,4,2,30.13,0,2025-01-12 22:00:00,2025-01-13 04:00:00,W,Coxwell Ave at Gerrard St East,1,4,4,0
2025-01-12,14,10:00,123,17,14.7,4,2,30.13,0,2025-01-12 22:00:00,2025-01-13 04:00:00,W,Euclid Ave,0,0,0,0
2025-01-12,14,10:00,123,17,14.7,4,2,30.13,0,2025-01-12 22:00:00,2025-01-13 04:00:00,W,Bowmore Rd,2,4,4,0
2025-01-12,14,10:00,123,17,14.7,4,2,30.13,0,2025-01-12 22:00:00,2025-01-13 04:00:00,W,Bay St,2,3,4,0
2025-01-12,14,10:00,123,17,14.7,4,2,30.13,0,2025-01-12 22:00:00,2025-01-13 04:00:00,W,Lansdowne Ave,0,0,0,0
2025-01-12,14,10:00,123,17,14.7,4,2,30.13,0,2025-01-12 22:00:00,2025-01-13 04:00:00,W,Indian Rd,5,4,4,1
2025-01-12,14,10:00,123,17,14.7,4,2,30.13,0,2025-01-12 22:00:00,2025-01-13 04:00:00,W,Grace St,0,0,0,0
2025-01-12,14,10:00,123,17,14.7,4,2,30.13,0,2025-01-12 22:00:00,2025-01-13 04:00:00,W,Dufferin St,4,3,2,2
2025-01-12,14,10:00,123,17,14.7,4,2,30.13,0,2025-01-12 22:00:00,2025-01-13 04:00:00,W,Gerrard St East at Beaton Ave,1,4,4,0
2025-01-12,14,10:00,123,17,14.7,4,2,30.13,0,2025-01-12 22:00:00,2025-01-13 04:00:00,W,Bathurst St,0,0,0,0
2025-01-12,14,10:00,123,17,14.7,4,2,30.13,0,2025-01-12 22:00:00,2025-01-13 04:00:00,W,Yonge St - College Station,0,0,0,0
2025-01-12,14,10:00,123,17,14.7,4,2,30.13,0,2025-01-12 22:00:00,2025-01-13 04:00:00,W,Dundas St West at Sterling Rd,0,0,0,0
2025-01-12,14,10:00,123,17,14.7,4,2,30.13,0,2025-01-12 22:00:00,2025-01-13 04:00:00,W,Brock Ave,0,0,0,0
2025-01-12,14,10:00,123,17,14.7,4,2,30.13,0,2025-01-12 22:00:00,2025-01-13 04:00:00,W,Sackville St,4,3,5,0
2025-01-12,14,10:00,123,17,14.7,4,2,30.13,0,2025-01-12 22:00:00,2025-01-13 04:00:00,W,Carlaw Ave,0,0,0,0
2025-01-12,14,10:00,123,17,14.7,4,2,30.13,0,2025-01-12 22:00:00,2025-01-13 04:00:00,W,Borden St,0,0,0,0
2025-01-12,14,10:00,123,17,14.7,4,2,30.13,0,2025-01-12 22:00:00,2025-01-13 04:00:00,W,Dundas St West at Sorauren Ave,4,3,4,1
2025-01-12,14,10:00,123,17,14.7,4,2,30.13,0,2025-01-12 22:00:00,2025-01-13 04:00:00,W,Crawford St,0,0,0,0
2025-01-12,14,10:00,123,17,14.7,4,2,30.13,0,2025-01-12 22:00:00,2025-01-13 04:00:00,W,Pape Ave,0,0,0,0
2025-01-12,14,10:00,123,17,14.7,4,2,30.13,0,2025-01-12 22:00:00,2025-01-13 04:00:00,W,Spadina Ave,2,3,6,0
2025-01-12,14,10:00,123,17,14.7,4,2,30.13,0,2025-01-12 22:00:00,2025-01-13 04:00:00,W,River St,4,3,6,0
2025-01-12,14,10:00,123,17,14.7,4,2,30.13,0,2025-01-12 22:00:00,2025-01-13 04:00:00,W,Marjory Ave,0,0,0,0
2025-01-12,14,10:00,123,17,14.7,4,2,30.13,0,2025-01-12 22:00:00,2025-01-13 04:00:00,W,Kingsmount Park Rd,0,0,0,0
2025-01-12,14,10:00,123,17,14.7,4,2,30.13,0,2025-01-12 22:00:00,2025-01-13 04:00:00,W,Church St,0,0,0,0
2025-01-12,14,10:00,123,17,14.7,4,2,30.13,0,2025-01-12 22:00:00,2025-01-13 04:00:00,W,Ossington Ave,0,0,0,0
2025-01-12,14,10:00,123,17,14.7,4,2,30.13,0,2025-01-12 22:00:00,2025-01-13 04:00:00,W,Woodbine Ave,0,0,0,0
2025-01-12,14,10:00,123,17,14.7,4,2,30.13,0,2025-01-12 22:00:00,2025-01-13 04:00:00,W,Jones Ave,0,0,0,0
2025-01-12,14,10:00,123,17,14.7,4,2,30.13,0,2025-01-12 22:00:00,2025-01-13 04:00:00,W,Golfview Ave,0,0,0,0
2025-01-12,14,10:00,123,17,14.7,4,2,30.13,0,2025-01-12 22:00:00,2025-01-13 04:00:00,W,Leslie St,0,0,0,0
2025-01-12,14,10:00,123,17,14.7,4,2,30.13,0,2025-01-12 22:00:00,2025-01-13 04:00:00,W,St Matthews Rd,0,0,0,0
2025-01-12,14,10:00,123,17,14.7,4,2,30.13,0,2025-01-12 22:00:00,2025-01-13 04:00:00,W,Jarvis St,0,0,0,0
2025-01-12,14,10:00,123,17,14.7,4,2,30.13,0,2025-01-12 22:00:00,2025-01-13 04:00:00,W,Sherbourne St,0,0,0,0
2025-01-12,14,10:00,123,17,14.7,4,2,30.13,0,2025-01-12 22:00:00,2025-01-13 04:00:00,W,St George St,0,0,0,0
2025-01-12,14,10:00,123,17,14.7,4,2,30.13,0,2025-01-12 22:00:00,2025-01-13 04:00:00,W,Dovercourt Rd,0,0,0,0
2025-01-12,14,10:00,123,17,14.7,4,2,30.13,0,2025-01-12 22:00:00,2025-01-13 04:00:00,W,Glenmount Park Rd,0,0,0,0
2025-01-12,14,10:00,123,17,14.7,4,2,30.13,0,2025-01-12 22:00:00,2025-01-13 04:00:00,W,Prust Ave,0,0,0,0
2025-01-12,14,10:00,123,17,14.7,4,2,30.13,0,2025-01-12 22:00:00,2025-01-13 04:00:00,W,Main Street Station at Bay 7,2,4,4,0
2025-01-12,14,10:00,123,17,14.7,4,2,30.13,0,2025-01-12 22:00:00,2025-01-13 04:00:00,W,Norwood Rd,0,0,0,0
2025-01-12,14,10:00,123,17,14.7,4,2,30.13,0,2025-01-12 22:00:00,2025-01-13 04:00:00,W,McCaul St,0,0,0,0
2025-01-12,14,10:00,123,17,14.7,4,2,30.13,0,2025-01-12 22:00:00,2025-01-13 04:00:00,W,Broadview Ave,0,0,0,0
2025-01-12,14,10:00,123,17,14.7,4,2,30.13,0,2025-01-12 22:00:00,2025-01-13 04:00:00,W,Ontario St,0,0,0,0
2025-01-12,14,10:00,123,17,14.7,4,2,30.13,0,2025-01-12 22:00:00,2025-01-13 04:00:00,W,Rusholme Park Cres,0,0,0,0
2025-01-12,14,10:00,123,17,14.7,4,2,30.13,0,2025-01-12 22:00:00,2025-01-13 04:00:00,W,Havelock St,0,0,0,0
2025-01-12,14,10:00,123,17,14.7,4,2,30.13,0,2025-01-12 22:00:00,2025-01-13 04:00:00,W,High Park Loop,0,0,0,0
2025-01-12,14,10:00,123,17,14.7,4,2,30.13,0,2025-01-12 22:00:00,2025-01-13 04:00:00,W,Queens Park (Queen's Park Station),0,0,0,0
2025-01-12,14,10:00,123,17,14.7,4,2,30.13,0,2025-01-12 22:00:00,2025-01-13 04:00:00,W,Roncesvalles Ave,4,4,4,1
2025-01-12,14,10:00,123,17,14.7,4,2,30.13,0,2025-01-12 22:00:00,2025-01-13 04:00:00,W,De Grassi St,0,0,0,0
2025-01-12,14,10:00,123,17,14.7,4,2,30.13,0,2025-01-12 22:00:00,2025-01-13 04:00:00,W,Parliament St at Carlton St,0,0,0,0
2025-01-12,14,10:00,123,17,14.7,4,2,30.13,0,2025-01-12 22:00:00,2025-01-13 04:00:00,W,Parkside Dr East Side,0,0,0,0
2025-01-12,14,10:00,123,17,14.7,4,2,30.13,0,2025-01-12 22:00:00,2025-01-13 04:00:00,W,Dundas St West,4,3,4,1
2025-01-12,14,10:00,123,17,14.7,4,2,30.13,0,2025-01-12 22:00:00,2025-01-13 04:00:00,W,Howard Park Ave at Roncesvalles Ave,0,0,0,0
2025-01-12,14,10:00,123,17,14.7,4,2,30.13,0,2025-01-12 22:00:00,2025-01-13 04:00:00,W,Parliament St,0,0,0,0
2025-01-12,14,10:00,123,17,14.7,4,2,30.13,0,2025-01-12 22:00:00,2025-01-13 04:00:00,W,Parliament St at Gerrard St East,0,0,0,0
2025-01-12,14,10:00,123,17,14.7,4,2,30.13,0,2025-01-12 22:00:00,2025-01-13 04:00:00,W,Sumach St,0,0,0,0
2025-01-12,14,10:00,123,17,14.7,4,2,30.13,0,2025-01-12 22:00:00,2025-01-13 04:00:00,W,Blackburn St,0,0,0,0
2025-01-12,14,10:00,123,17,14.7,4,2,30.13,0,2025-01-12 22:00:00,2025-01-13 04:00:00,W,Logan Ave,0,0,0,0
2025-01-12,14,10:00,123,17,14.7,4,2,30.13,0,2025-01-12 22:00:00,2025-01-13 04:00:00,W,Augusta Ave,0,0,0,0
2025-01-12,14,10:00,123,17,14.7,4,2,30.13,0,2025-01-12 22:00:00,2025-01-13 04:00:00,W,Beverley St,0,0,0,0
2025-01-12,14,10:00,123,17,14.7,4,2,30.13,0,2025-01-12 22:00:00,2025-01-13 04:00:00,W,University Ave (Queen's Park Station,0,0,0,0
2025-01-12,14,10:00,123,17,14.7,4,2,30.13,0,2025-01-12 22:00:00,2025-01-13 04:00:00,W,Elizabeth St,0,0,0,0
2025-01-12,14,10:00,123,17,14.7,4,2,30.13,0,2025-01-12 22:00:00,2025-01-13 04:00:00,W,Greenwood Ave,0,0,0,0
2025-01-12,14,10:00,123,17,14.7,4,2,30.13,0,2025-01-12 22:00:00,2025-01-13 04:00:00,W,Alton Ave,0,0,0,0
2025-01-12,14,10:00,123,17,14.7,4,2,30.13,0,2025-01-12 22:00:00,2025-01-13 04:00:00,W,Coxwell Ave,0,0,0,0
2025-01-12,14,10:00,123,17,14.7,4,2,30.13,0,2025-01-12 22:00:00,2025-01-13 04:00:00,W,Gerrard St East  at Coxwell Ave,0,0,0,0
2025-01-12,14,10:00,123,17,14.7,4,2,30.13,0,2025-01-12 22:00:00,2025-01-13 04:00:00,W,Coxwell Ave at Lower Gerrard St East,0,0,0,0
2025-01-12,14,10:00,123,17,14.7,4,2,30.13,0,2025-01-12 22:00:00,2025-01-13 04:00:00,W,Ashdale Ave,0,0,0,0
2025-01-12,14,10:00,123,17,14.7,4,2,30.13,0,2025-01-12 22:00:00,2025-01-13 04:00:00,W,Howard Park Ave at Indian Rd,0,0,0,0
2025-01-12,14,10:00,123,17,14.7,4,2,30.13,0,2025-01-12 22:00:00,2025-01-13 04:00:00,W,Dundas St West at Howard Park Ave,0,0,0,0
2025-01-12,14,10:00,123,17,14.7,4,2,30.13,0,2025-01-12 22:00:00,2025-01-13 04:00:00,W,Main St at Gerrard St East,0,0,0,0
2025-01-12,14,10:00,123,17,14.7,4,2,30.13,0,2025-01-12 22:00:00,2025-01-13 04:00:00,W,Main St,0,0,0,0
2025-01-12,14,10:00,123,17,14.7,4,2,30.13,0,2025-01-12 22:00:00,2025-01-13 04:00:00,W,Main St at Danforth Ave,0,0,0,0
2025-01-12,14,10:00,123,17,14.7,4,2,30.13,0,2025-01-12 22:00:00,2025-01-13 04:00:00,W,Howard Park Ave at Parkside Dr,0,0,0,0
2025-01-19,14,10:00,123,17,14.7,4,2,30.13,0,2025-01-19 22:00:00,2025-01-20 04:00:00,E,Woodfield Rd,6,3,2,0
2025-01-19,14,10:00,123,17,14.7,4,2,30.13,0,2025-01-19 22:00:00,2025-01-20 04:00:00,E,Coxwell Ave at Gerrard St East,0,0,0,0
2025-01-19,14,10:00,123,17,14.7,4,2,30.13,0,2025-01-19 22:00:00,2025-01-20 04:00:00,E,Euclid Ave,3,3,4,0
2025-01-19,14,10:00,123,17,14.7,4,2,30.13,0,2025-01-19 22:00:00,2025-01-20 04:00:00,E,Bowmore Rd,5,3,2,0
2025-01-19,14,10:00,123,17,14.7,4,2,30.13,0,2025-01-19 22:00:00,2025-01-20 04:00:00,E,Bay St,4,3,2,0
2025-01-19,14,10:00,123,17,14.7,4,2,30.13,0,2025-01-19 22:00:00,2025-01-20 04:00:00,E,Lansdowne Ave,5,5,5,0
2025-01-19,14,10:00,123,17,14.7,4,2,30.13,0,2025-01-19 22:00:00,2025-01-20 04:00:00,E,Indian Rd,0,2,1,0
2025-01-19,14,10:00,123,17,14.7,4,2,30.13,0,2025-01-19 22:00:00,2025-01-20 04:00:00,E,Grace St,2,5,2,0
2025-01-19,14,10:00,123,17,14.7,4,2,30.13,0,2025-01-19 22:00:00,2025-01-20 04:00:00,E,Dufferin St,7,3,2,0
2025-01-19,14,10:00,123,17,14.7,4,2,30.13,0,2025-01-19 22:00:00,2025-01-20 04:00:00,E,Gerrard St East at Beaton Ave,5,3,2,0
2025-01-19,14,10:00,123,17,14.7,4,2,30.13,0,2025-01-19 22:00:00,2025-01-20 04:00:00,E,Bathurst St,3,3,3,0
2025-01-19,14,10:00,123,17,14.7,4,2,30.13,0,2025-01-19 22:00:00,2025-01-20 04:00:00,E,Yonge St - College Station,3,3,2,0
2025-01-19,14,10:00,123,17,14.7,4,2,30.13,0,2025-01-19 22:00:00,2025-01-20 04:00:00,E,Dundas St West at Sterling Rd,1,3,1,0
2025-01-19,14,10:00,123,17,14.7,4,2,30.13,0,2025-01-19 22:00:00,2025-01-20 04:00:00,E,Brock Ave,6,5,4,0
2025-01-19,14,10:00,123,17,14.7,4,2,30.13,0,2025-01-19 22:00:00,2025-01-20 04:00:00,E,Sackville St,3,3,1,0
2025-01-19,14,10:00,123,17,14.7,4,2,30.13,0,2025-01-19 22:00:00,2025-01-20 04:00:00,E,Carlaw Ave,3,3,2,0
2025-01-19,14,10:00,123,17,14.7,4,2,30.13,0,2025-01-19 22:00:00,2025-01-20 04:00:00,E,Borden St,3,4,3,0
2025-01-19,14,10:00,123,17,14.7,4,2,30.13,0,2025-01-19 22:00:00,2025-01-20 04:00:00,E,Dundas St West at Sorauren Ave,1,3,1,0
2025-01-19,14,10:00,123,17,14.7,4,2,30.13,0,2025-01-19 22:00:00,2025-01-20 04:00:00,E,Crawford St,3,5,2,0
2025-01-19,14,10:00,123,17,14.7,4,2,30.13,0,2025-01-19 22:00:00,2025-01-20 04:00:00,E,Pape Ave,3,3,2,0
2025-01-19,14,10:00,123,17,14.7,4,2,30.13,0,2025-01-19 22:00:00,2025-01-20 04:00:00,E,Spadina Ave,4,4,3,0
2025-01-19,14,10:00,123,17,14.7,4,2,30.13,0,2025-01-19 22:00:00,2025-01-20 04:00:00,E,River St,3,3,2,0
2025-01-19,14,10:00,123,17,14.7,4,2,30.13,0,2025-01-19 22:00:00,2025-01-20 04:00:00,E,Marjory Ave,3,3,2,0
2025-01-19,14,10:00,123,17,14.7,4,2,30.13,0,2025-01-19 22:00:00,2025-01-20 04:00:00,E,Kingsmount Park Rd,5,3,2,0
2025-01-19,14,10:00,123,17,14.7,4,2,30.13,0,2025-01-19 22:00:00,2025-01-20 04:00:00,E,Church St,1,3,1,0
2025-01-19,14,10:00,123,17,14.7,4,2,30.13,0,2025-01-19 22:00:00,2025-01-20 04:00:00,E,Ossington Ave,3,6,3,0
2025-01-19,14,10:00,123,17,14.7,4,2,30.13,0,2025-01-19 22:00:00,2025-01-20 04:00:00,E,Woodbine Ave,5,3,3,0
2025-01-19,14,10:00,123,17,14.7,4,2,30.13,0,2025-01-19 22:00:00,2025-01-20 04:00:00,E,Jones Ave,4,3,2,0
2025-01-19,14,10:00,123,17,14.7,4,2,30.13,0,2025-01-19 22:00:00,2025-01-20 04:00:00,E,Golfview Ave,5,3,2,0
2025-01-19,14,10:00,123,17,14.7,4,2,30.13,0,2025-01-19 22:00:00,2025-01-20 04:00:00,E,Leslie St,4,3,2,0
2025-01-19,14,10:00,123,17,14.7,4,2,30.13,0,2025-01-19 22:00:00,2025-01-20 04:00:00,E,St Matthews Rd,3,3,2,0
2025-01-19,14,10:00,123,17,14.7,4,2,30.13,0,2025-01-19 22:00:00,2025-01-20 04:00:00,E,Jarvis St,1,3,1,0
2025-01-19,14,10:00,123,17,14.7,4,2,30.13,0,2025-01-19 22:00:00,2025-01-20 04:00:00,E,Sherbourne St,1,3,1,0
2025-01-19,14,10:00,123,17,14.7,4,2,30.13,0,2025-01-19 22:00:00,2025-01-20 04:00:00,E,St George St,3,4,2,0
2025-01-19,14,10:00,123,17,14.7,4,2,30.13,0,2025-01-19 22:00:00,2025-01-20 04:00:00,E,Dovercourt Rd,4,6,3,0
2025-01-19,14,10:00,123,17,14.7,4,2,30.13,0,2025-01-19 22:00:00,2025-01-20 04:00:00,E,Glenmount Park Rd,5,3,2,0
2025-01-19,14,10:00,123,17,14.7,4,2,30.13,0,2025-01-19 22:00:00,2025-01-20 04:00:00,E,Prust Ave,4,3,2,0
2025-01-19,14,10:00,123,17,14.7,4,2,30.13,0,2025-01-19 22:00:00,2025-01-20 04:00:00,E,Main Street Station at Bay 7,0,0,0,0
2025-01-19,14,10:00,123,17,14.7,4,2,30.13,0,2025-01-19 22:00:00,2025-01-20 04:00:00,E,Norwood Rd,5,3,2,0
2025-01-19,14,10:00,123,17,14.7,4,2,30.13,0,2025-01-19 22:00:00,2025-01-20 04:00:00,E,McCaul St,3,4,2,0
2025-01-19,14,10:00,123,17,14.7,4,2,30.13,0,2025-01-19 22:00:00,2025-01-20 04:00:00,E,Broadview Ave,3,3,2,0
2025-01-19,14,10:00,123,17,14.7,4,2,30.13,0,2025-01-19 22:00:00,2025-01-20 04:00:00,E,Ontario St,1,3,1,0
2025-01-19,14,10:00,123,17,14.7,4,2,30.13,0,2025-01-19 22:00:00,2025-01-20 04:00:00,E,Rusholme Park Cres,0,2,1,0
2025-01-19,14,10:00,123,17,14.7,4,2,30.13,0,2025-01-19 22:00:00,2025-01-20 04:00:00,E,Havelock St,4,3,2,0
2025-01-19,14,10:00,123,17,14.7,4,2,30.13,0,2025-01-19 22:00:00,2025-01-20 04:00:00,E,High Park Loop,0,4,0,0
2025-01-19,14,10:00,123,17,14.7,4,2,30.13,0,2025-01-19 22:00:00,2025-01-20 04:00:00,E,Queens Park (Queen's Park Station),3,4,2,0
2025-01-19,14,10:00,123,17,14.7,4,2,30.13,0,2025-01-19 22:00:00,2025-01-20 04:00:00,E,Roncesvalles Ave,1,2,2,0
2025-01-19,14,10:00,123,17,14.7,4,2,30.13,0,2025-01-19 22:00:00,2025-01-20 04:00:00,E,De Grassi St,3,3,2,0
2025-01-19,14,10:00,123,17,14.7,4,2,30.13,0,2025-01-19 22:00:00,2025-01-20 04:00:00,E,Parliament St at Carlton St,2,3,2,0
2025-01-19,14,10:00,123,17,14.7,4,2,30.13,0,2025-01-19 22:00:00,2025-01-20 04:00:00,E,Parkside Dr East Side,0,2,1,0
2025-01-19,14,10:00,123,17,14.7,4,2,30.13,0,2025-01-19 22:00:00,2025-01-20 04:00:00,E,Dundas St West,0,0,0,0
2025-01-19,14,10:00,123,17,14.7,4,2,30.13,0,2025-01-19 22:00:00,2025-01-20 04:00:00,E,Howard Park Ave at Roncesvalles Ave,0,0,0,0
2025-01-19,14,10:00,123,17,14.7,4,2,30.13,0,2025-01-19 22:00:00,2025-01-20 04:00:00,E,Parliament St,0,0,0,0
2025-01-19,14,10:00,123,17,14.7,4,2,30.13,0,2025-01-19 22:00:00,2025-01-20 04:00:00,E,Parliament St at Gerrard St East,0,0,0,0
2025-01-19,14,10:00,123,17,14.7,4,2,30.13,0,2025-01-19 22:00:00,2025-01-20 04:00:00,E,Sumach St,0,0,0,0
2025-01-19,14,10:00,123,17,14.7,4,2,30.13,0,2025-01-19 22:00:00,2025-01-20 04:00:00,E,Blackburn St,0,0,0,0
2025-01-19,14,10:00,123,17,14.7,4,2,30.13,0,2025-01-19 22:00:00,2025-01-20 04:00:00,E,Logan Ave,0,0,0,0
2025-01-19,14,10:00,123,17,14.7,4,2,30.13,0,2025-01-19 22:00:00,2025-01-20 04:00:00,E,Augusta Ave,0,0,0,0
2025-01-19,14,10:00,123,17,14.7,4,2,30.13,0,2025-01-19 22:00:00,2025-01-20 04:00:00,E,Beverley St,0,0,0,0
2025-01-19,14,10:00,123,17,14.7,4,2,30.13,0,2025-01-19 22:00:00,2025-01-20 04:00:00,E,University Ave (Queen's Park Station,0,0,0,0
2025-01-19,14,10:00,123,17,14.7,4,2,30.13,0,2025-01-19 22:00:00,2025-01-20 04:00:00,E,Elizabeth St,0,0,0,0
2025-01-19,14,10:00,123,17,14.7,4,2,30.13,0,2025-01-19 22:00:00,2025-01-20 04:00:00,E,Greenwood Ave,0,0,0,0
2025-01-19,14,10:00,123,17,14.7,4,2,30.13,0,2025-01-19 22:00:00,2025-01-20 04:00:00,E,Alton Ave,0,0,0,0
2025-01-19,14,10:00,123,17,14.7,4,2,30.13,0,2025-01-19 22:00:00,2025-01-20 04:00:00,E,Coxwell Ave,0,0,0,0
2025-01-19,14,10:00,123,17,14.7,4,2,30.13,0,2025-01-19 22:00:00,2025-01-20 04:00:00,E,Gerrard St East  at Coxwell Ave,0,0,0,0
2025-01-19,14,10:00,123,17,14.7,4,2,30.13,0,2025-01-19 22:00:00,2025-01-20 04:00:00,E,Coxwell Ave at Lower Gerrard St East,0,0,0,0
2025-01-19,14,10:00,123,17,14.7,4,2,30.13,0,2025-01-19 22:00:00,2025-01-20 04:00:00,E,Ashdale Ave,0,0,0,0
2025-01-19,14,10:00,123,17,14.7,4,2,30.13,0,2025-01-19 22:00:00,2025-01-20 04:00:00,E,Howard Park Ave at Indian Rd,0,0,0,0
2025-01-19,14,10:00,123,17,14.7,4,2,30.13,0,2025-01-19 22:00:00,2025-01-20 04:00:00,E,Dundas St West at Howard Park Ave,0,0,0,0
2025-01-19,14,10:00,123,17,14.7,4,2,30.13,0,2025-01-19 22:00:00,2025-01-20 04:00:00,E,Main St at Gerrard St East,0,0,0,0
2025-01-19,14,10:00,123,17,14.7,4,2,30.13,0,2025-01-19 22:00:00,2025-01-20 04:00:00,E,Main St,0,0,0,0
2025-01-19,14,10:00,123,17,14.7,4,2,30.13,0,2025-01-19 22:00:00,2025-01-20 04:00:00,E,Main St at Danforth Ave,0,0,0,0
2025-01-19,14,10:00,123,17,14.7,4,2,30.13,0,2025-01-19 22:00:00,2025-01-20 04:00:00,E,Howard Park Ave at Parkside Dr,0,0,0,0
2025-01-19,14,10:00,123,17,14.7,4,2,30.13,0,2025-01-19 22:00:00,2025-01-20 04:00:00,W,Woodfield Rd,0,3,0,0
2025-01-19,14,10:00,123,17,14.7,4,2,30.13,0,2025-01-19 22:00:00,2025-01-20 04:00:00,W,Coxwell Ave at Gerrard St East,0,3,0,0
2025-01-19,14,10:00,123,17,14.7,4,2,30.13,0,2025-01-19 22:00:00,2025-01-20 04:00:00,W,Euclid Ave,0,0,0,0
2025-01-19,14,10:00,123,17,14.7,4,2,30.13,0,2025-01-19 22:00:00,2025-01-20 04:00:00,W,Bowmore Rd,0,2,1,0
2025-01-19,14,10:00,123,17,14.7,4,2,30.13,0,2025-01-19 22:00:00,2025-01-20 04:00:00,W,Bay St,0,3,0,0
2025-01-19,14,10:00,123,17,14.7,4,2,30.13,0,2025-01-19 22:00:00,2025-01-20 04:00:00,W,Lansdowne Ave,0,0,0,0
2025-01-19,14,10:00,123,17,14.7,4,2,30.13,0,2025-01-19 22:00:00,2025-01-20 04:00:00,W,Indian Rd,1,4,5,0
2025-01-19,14,10:00,123,17,14.7,4,2,30.13,0,2025-01-19 22:00:00,2025-01-20 04:00:00,W,Grace St,0,0,0,0
2025-01-19,14,10:00,123,17,14.7,4,2,30.13,0,2025-01-19 22:00:00,2025-01-20 04:00:00,W,Dufferin St,3,4,3,0
2025-01-19,14,10:00,123,17,14.7,4,2,30.13,0,2025-01-19 22:00:00,2025-01-20 04:00:00,W,Gerrard St East at Beaton Ave,0,2,1,0
2025-01-19,14,10:00,123,17,14.7,4,2,30.13,0,2025-01-19 22:00:00,2025-01-20 04:00:00,W,Bathurst St,0,0,0,0
2025-01-19,14,10:00,123,17,14.7,4,2,30.13,0,2025-01-19 22:00:00,2025-01-20 04:00:00,W,Yonge St - College Station,0,0,0,0
2025-01-19,14,10:00,123,17,14.7,4,2,30.13,0,2025-01-19 22:00:00,2025-01-20 04:00:00,W,Dundas St West at Sterling Rd,0,0,0,0
2025-01-19,14,10:00,123,17,14.7,4,2,30.13,0,2025-01-19 22:00:00,2025-01-20 04:00:00,W,Brock Ave,0,0,0,0
2025-01-19,14,10:00,123,17,14.7,4,2,30.13,0,2025-01-19 22:00:00,2025-01-20 04:00:00,W,Sackville St,3,3,2,0
2025-01-19,14,10:00,123,17,14.7,4,2,30.13,0,2025-01-19 22:00:00,2025-01-20 04:00:00,W,Carlaw Ave,0,0,0,0
2025-01-19,14,10:00,123,17,14.7,4,2,30.13,0,2025-01-19 22:00:00,2025-01-20 04:00:00,W,Borden St,0,0,0,0
2025-01-19,14,10:00,123,17,14.7,4,2,30.13,0,2025-01-19 22:00:00,2025-01-20 04:00:00,W,Dundas St West at Sorauren Ave,1,4,3,0
2025-01-19,14,10:00,123,17,14.7,4,2,30.13,0,2025-01-19 22:00:00,2025-01-20 04:00:00,W,Crawford St,0,0,0,0
2025-01-19,14,10:00,123,17,14.7,4,2,30.13,0,2025-01-19 22:00:00,2025-01-20 04:00:00,W,Pape Ave,0,0,0,0
2025-01-19,14,10:00,123,17,14.7,4,2,30.13,0,2025-01-19 22:00:00,2025-01-20 04:00:00,W,Spadina Ave,0,2,0,0
2025-01-19,14,10:00,123,17,14.7,4,2,30.13,0,2025-01-19 22:00:00,2025-01-20 04:00:00,W,River St,2,3,2,0
2025-01-19,14,10:00,123,17,14.7,4,2,30.13,0,2025-01-19 22:00:00,2025-01-20 04:00:00,W,Marjory Ave,0,0,0,0
2025-01-19,14,10:00,123,17,14.7,4,2,30.13,0,2025-01-19 22:00:00,2025-01-20 04:00:00,W,Kingsmount Park Rd,0,0,0,0
2025-01-19,14,10:00,123,17,14.7,4,2,30.13,0,2025-01-19 22:00:00,2025-01-20 04:00:00,W,Church St,0,0,0,0
2025-01-19,14,10:00,123,17,14.7,4,2,30.13,0,2025-01-19 22:00:00,2025-01-20 04:00:00,W,Ossington Ave,0,0,0,0
2025-01-19,14,10:00,123,17,14.7,4,2,30.13,0,2025-01-19 22:00:00,2025-01-20 04:00:00,W,Woodbine Ave,0,0,0,0
2025-01-19,14,10:00,123,17,14.7,4,2,30.13,0,2025-01-19 22:00:00,2025-01-20 04:00:00,W,Jones Ave,0,0,0,0
2025-01-19,14,10:00,123,17,14.7,4,2,30.13,0,2025-01-19 22:00:00,2025-01-20 04:00:00,W,Golfview Ave,0,0,0,0
2025-01-19,14,10:00,123,17,14.7,4,2,30.13,0,2025-01-19 22:00:00,2025-01-20 04:00:00,W,Leslie St,0,0,0,0
2025-01-19,14,10:00,123,17,14.7,4,2,30.13,0,2025-01-19 22:00:00,2025-01-20 04:00:00,W,St Matthews Rd,0,0,0,0
2025-01-19,14,10:00,123,17,14.7,4,2,30.13,0,2025-01-19 22:00:00,2025-01-20 04:00:00,W,Jarvis St,0,0,0,0
2025-01-19,14,10:00,123,17,14.7,4,2,30.13,0,2025-01-19 22:00:00,2025-01-20 04:00:00,W,Sherbourne St,0,0,0,0
2025-01-19,14,10:00,123,17,14.7,4,2,30.13,0,2025-01-19 22:00:00,2025-01-20 04:00:00,W,St George St,0,0,0,0
2025-01-19,14,10:00,123,17,14.7,4,2,30.13,0,2025-01-19 22:00:00,2025-01-20 04:00:00,W,Dovercourt Rd,0,0,0,0
2025-01-19,14,10:00,123,17,14.7,4,2,30.13,0,2025-01-19 22:00:00,2025-01-20 04:00:00,W,Glenmount Park Rd,0,0,0,0
2025-01-19,14,10:00,123,17,14.7,4,2,30.13,0,2025-01-19 22:00:00,2025-01-20 04:00:00,W,Prust Ave,0,0,0,0
2025-01-19,14,10:00,123,17,14.7,4,2,30.13,0,2025-01-19 22:00:00,2025-01-20 04:00:00,W,Main Street Station at Bay 7,0,2,1,0
2025-01-19,14,10:00,123,17,14.7,4,2,30.13,0,2025-01-19 22:00:00,2025-01-20 04:00:00,W,Norwood Rd,0,0,0,0
2025-01-19,14,10:00,123,17,14.7,4,2,30.13,0,2025-01-19 22:00:00,2025-01-20 04:00:00,W,McCaul St,0,0,0,0
2025-01-19,14,10:00,123,17,14.7,4,2,30.13,0,2025-01-19 22:00:00,2025-01-20 04:00:00,W,Broadview Ave,0,0,0,0
2025-01-19,14,10:00,123,17,14.7,4,2,30.13,0,2025-01-19 22:00:00,2025-01-20 04:00:00,W,Ontario St,0,0,0,0
2025-01-19,14,10:00,123,17,14.7,4,2,30.13,0,2025-01-19 22:00:00,2025-01-20 04:00:00,W,Rusholme Park Cres,0,0,0,0
2025-01-19,14,10:00,123,17,14.7,4,2,30.13,0,2025-01-19 22:00:00,2025-01-20 04:00:00,W,Havelock St,0,0,0,0
2025-01-19,14,10:00,123,17,14.7,4,2,30.13,0,2025-01-19 22:00:00,2025-01-20 04:00:00,W,High Park Loop,0,0,0,0
2025-01-19,14,10:00,123,17,14.7,4,2,30.13,0,2025-01-19 22:00:00,2025-01-20 04:00:00,W,Queens Park (Queen's Park Station),0,0,0,0
2025-01-19,14,10:00,123,17,14.7,4,2,30.13,0,2025-01-19 22:00:00,2025-01-20 04:00:00,W,Roncesvalles Ave,1,4,5,0
2025-01-19,14,10:00,123,17,14.7,4,2,30.13,0,2025-01-19 22:00:00,2025-01-20 04:00:00,W,De Grassi St,0,0,0,0
2025-01-19,14,10:00,123,17,14.7,4,2,30.13,0,2025-01-19 22:00:00,2025-01-20 04:00:00,W,Parliament St at Carlton St,0,0,0,0
2025-01-19,14,10:00,123,17,14.7,4,2,30.13,0,2025-01-19 22:00:00,2025-01-20 04:00:00,W,Parkside Dr East Side,0,0,0,0
2025-01-19,14,10:00,123,17,14.7,4,2,30.13,0,2025-01-19 22:00:00,2025-01-20 04:00:00,W,Dundas St West,1,4,4,0
2025-01-19,14,10:00,123,17,14.7,4,2,30.13,0,2025-01-19 22:00:00,2025-01-20 04:00:00,W,Howard Park Ave at Roncesvalles Ave,0,0,0,0
2025-01-19,14,10:00,123,17,14.7,4,2,30.13,0,2025-01-19 22:00:00,2025-01-20 04:00:00,W,Parliament St,0,0,0,0
2025-01-19,14,10:00,123,17,14.7,4,2,30.13,0,2025-01-19 22:00:00,2025-01-20 04:00:00,W,Parliament St at Gerrard St East,0,0,0,0
2025-01-19,14,10:00,123,17,14.7,4,2,30.13,0,2025-01-19 22:00:00,2025-01-20 04:00:00,W,Sumach St,0,0,0,0
2025-01-19,14,10:00,123,17,14.7,4,2,30.13,0,2025-01-19 22:00:00,2025-01-20 04:00:00,W,Blackburn St,0,0,0,0
2025-01-19,14,10:00,123,17,14.7,4,2,30.13,0,2025-01-19 22:00:00,2025-01-20 04:00:00,W,Logan Ave,0,0,0,0
2025-01-19,14,10:00,123,17,14.7,4,2,30.13,0,2025-01-19 22:00:00,2025-01-20 04:00:00,W,Augusta Ave,0,0,0,0
2025-01-19,14,10:00,123,17,14.7,4,2,30.13,0,2025-01-19 22:00:00,2025-01-20 04:00:00,W,Beverley St,0,0,0,0
2025-01-19,14,10:00,123,17,14.7,4,2,30.13,0,2025-01-19 22:00:00,2025-01-20 04:00:00,W,University Ave (Queen's Park Station,0,0,0,0
2025-01-19,14,10:00,123,17,14.7,4,2,30.13,0,2025-01-19 22:00:00,2025-01-20 04:00:00,W,Elizabeth St,0,0,0,0
2025-01-19,14,10:00,123,17,14.7,4,2,30.13,0,2025-01-19 22:00:00,2025-01-20 04:00:00,W,Greenwood Ave,0,0,0,0
2025-01-19,14,10:00,123,17,14.7,4,2,30.13,0,2025-01-19 22:00:00,2025-01-20 04:00:00,W,Alton Ave,0,0,0,0
2025-01-19,14,10:00,123,17,14.7,4,2,30.13,0,2025-01-19 22:00:00,2025-01-20 04:00:00,W,Coxwell Ave,0,0,0,0
2025-01-19,14,10:00,123,17,14.7,4,2,30.13,0,2025-01-19 22:00:00,2025-01-20 04:00:00,W,Gerrard St East  at Coxwell Ave,0,0,0,0
2025-01-19,14,10:00,123,17,14.7,4,2,30.13,0,2025-01-19 22:00:00,2025-01-20 04:00:00,W,Coxwell Ave at Lower Gerrard St East,0,0,0,0
2025-01-19,14,10:00,123,17,14.7,4,2,30.13,0,2025-01-19 22:00:00,2025-01-20 04:00:00,W,Ashdale Ave,0,0,0,0
2025-01-19,14,10:00,123,17,14.7,4,2,30.13,0,2025-01-19 22:00:00,2025-01-20 04:00:00,W,Howard Park Ave at Indian Rd,0,0,0,0
2025-01-19,14,10:00,123,17,14.7,4,2,30.13,0,2025-01-19 22:00:00,2025-01-20 04:00:00,W,Dundas St West at Howard Park Ave,0,0,0,0
2025-01-19,14,10:00,123,17,14.7,4,2,30.13,0,2025-01-19 22:00:00,2025-01-20 04:00:00,W,Main St at Gerrard St East,0,0,0,0
2025-01-19,14,10:00,123,17,14.7,4,2,30.13,0,2025-01-19 22:00:00,2025-01-20 04:00:00,W,Main St,0,0,0,0
2025-01-19,14,10:00,123,17,14.7,4,2,30.13,0,2025-01-19 22:00:00,2025-01-20 04:00:00,W,Main St at Danforth Ave,0,0,0,0
2025-01-19,14,10:00,123,17,14.7,4,2,30.13,0,2025-01-19 22:00:00,2025-01-20 04:00:00,W,Howard Park Ave at Parkside Dr,0,0,0,0
2025-01-26,14,10:00,123,17,14.7,4,2,30.13,0,2025-01-26 22:00:00,2025-01-27 04:00:00,E,Woodfield Rd,8,3,3,0
2025-01-26,14,10:00,123,17,14.7,4,2,30.13,0,2025-01-26 22:00:00,2025-01-27 04:00:00,E,Coxwell Ave at Gerrard St East,0,0,0,0
2025-01-26,14,10:00,123,17,14.7,4,2,30.13,0,2025-01-26 22:00:00,2025-01-27 04:00:00,E,Euclid Ave,4,3,4,0
2025-01-26,14,10:00,123,17,14.7,4,2,30.13,0,2025-01-26 22:00:00,2025-01-27 04:00:00,E,Bowmore Rd,5,4,3,0
2025-01-26,14,10:00,123,17,14.7,4,2,30.13,0,2025-01-26 22:00:00,2025-01-27 04:00:00,E,Bay St,6,3,2,0
2025-01-26,14,10:00,123,17,14.7,4,2,30.13,0,2025-01-26 22:00:00,2025-01-27 04:00:00,E,Lansdowne Ave,8,5,4,0
2025-01-26,14,10:00,123,17,14.7,4,2,30.13,0,2025-01-26 22:00:00,2025-01-27 04:00:00,E,Indian Rd,1,1,1,0
2025-01-26,14,10:00,123,17,14.7,4,2,30.13,0,2025-01-26 22:00:00,2025-01-27 04:00:00,E,Grace St,2,2,3,0
2025-01-26,14,10:00,123,17,14.7,4,2,30.13,0,2025-01-26 22:00:00,2025-01-27 04:00:00,E,Dufferin St,9,3,2,0
2025-01-26,14,10:00,123,17,14.7,4,2,30.13,0,2025-01-26 22:00:00,2025-01-27 04:00:00,E,Gerrard St East at Beaton Ave,5,4,3,0
2025-01-26,14,10:00,123,17,14.7,4,2,30.13,0,2025-01-26 22:00:00,2025-01-27 04:00:00,E,Bathurst St,5,3,3,0
2025-01-26,14,10:00,123,17,14.7,4,2,30.13,0,2025-01-26 22:00:00,2025-01-27 04:00:00,E,Yonge St - College Station,6,3,2,0
2025-01-26,14,10:00,123,17,14.7,4,2,30.13,0,2025-01-26 22:00:00,2025-01-27 04:00:00,E,Dundas St West at Sterling Rd,1,1,2,0
2025-01-26,14,10:00,123,17,14.7,4,2,30.13,0,2025-01-26 22:00:00,2025-01-27 04:00:00,E,Brock Ave,6,5,3,0
2025-01-26,14,10:00,123,17,14.7,4,2,30.13,0,2025-01-26 22:00:00,2025-01-27 04:00:00,E,Sackville St,1,0,2,0
2025-01-26,14,10:00,123,17,14.7,4,2,30.13,0,2025-01-26 22:00:00,2025-01-27 04:00:00,E,Carlaw Ave,6,3,2,0
2025-01-26,14,10:00,123,17,14.7,4,2,30.13,0,2025-01-26 22:00:00,2025-01-27 04:00:00,E,Borden St,5,3,2,0
2025-01-26,14,10:00,123,17,14.7,4,2,30.13,0,2025-01-26 22:00:00,2025-01-27 04:00:00,E,Dundas St West at Sorauren Ave,1,1,2,0
2025-01-26,14,10:00,123,17,14.7,4,2,30.13,0,2025-01-26 22:00:00,2025-01-27 04:00:00,E,Crawford St,4,2,3,0
2025-01-26,14,10:00,123,17,14.7,4,2,30.13,0,2025-01-26 22:00:00,2025-01-27 04:00:00,E,Pape Ave,6,4,2,0
2025-01-26,14,10:00,123,17,14.7,4,2,30.13,0,2025-01-26 22:00:00,2025-01-27 04:00:00,E,Spadina Ave,5,3,3,0
2025-01-26,14,10:00,123,17,14.7,4,2,30.13,0,2025-01-26 22:00:00,2025-01-27 04:00:00,E,River St,4,1,1,0
2025-01-26,14,10:00,123,17,14.7,4,2,30.13,0,2025-01-26 22:00:00,2025-01-27 04:00:00,E,Marjory Ave,6,4,3,0
2025-01-26,14,10:00,123,17,14.7,4,2,30.13,0,2025-01-26 22:00:00,2025-01-27 04:00:00,E,Kingsmount Park Rd,5,4,2,0
2025-01-26,14,10:00,123,17,14.7,4,2,30.13,0,2025-01-26 22:00:00,2025-01-27 04:00:00,E,Church St,2,0,1,0
2025-01-26,14,10:00,123,17,14.7,4,2,30.13,0,2025-01-26 22:00:00,2025-01-27 04:00:00,E,Ossington Ave,5,3,3,0
2025-01-26,14,10:00,123,17,14.7,4,2,30.13,0,2025-01-26 22:00:00,2025-01-27 04:00:00,E,Woodbine Ave,4,4,2,0
2025-01-26,14,10:00,123,17,14.7,4,2,30.13,0,2025-01-26 22:00:00,2025-01-27 04:00:00,E,Jones Ave,7,4,3,0
2025-01-26,14,10:00,123,17,14.7,4,2,30.13,0,2025-01-26 22:00:00,2025-01-27 04:00:00,E,Golfview Ave,4,4,2,0
2025-01-26,14,10:00,123,17,14.7,4,2,30.13,0,2025-01-26 22:00:00,2025-01-27 04:00:00,E,Leslie St,8,4,3,0
2025-01-26,14,10:00,123,17,14.7,4,2,30.13,0,2025-01-26 22:00:00,2025-01-27 04:00:00,E,St Matthews Rd,4,1,1,0
2025-01-26,14,10:00,123,17,14.7,4,2,30.13,0,2025-01-26 22:00:00,2025-01-27 04:00:00,E,Jarvis St,1,1,2,0
2025-01-26,14,10:00,123,17,14.7,4,2,30.13,0,2025-01-26 22:00:00,2025-01-27 04:00:00,E,Sherbourne St,1,1,2,0
2025-01-26,14,10:00,123,17,14.7,4,2,30.13,0,2025-01-26 22:00:00,2025-01-27 04:00:00,E,St George St,5,3,2,0
2025-01-26,14,10:00,123,17,14.7,4,2,30.13,0,2025-01-26 22:00:00,2025-01-27 04:00:00,E,Dovercourt Rd,5,4,3,0
2025-01-26,14,10:00,123,17,14.7,4,2,30.13,0,2025-01-26 22:00:00,2025-01-27 04:00:00,E,Glenmount Park Rd,4,4,2,0
2025-01-26,14,10:00,123,17,14.7,4,2,30.13,0,2025-01-26 22:00:00,2025-01-27 04:00:00,E,Prust Ave,7,4,3,0
2025-01-26,14,10:00,123,17,14.7,4,2,30.13,0,2025-01-26 22:00:00,2025-01-27 04:00:00,E,Main Street Station at Bay 7,0,0,0,0
2025-01-26,14,10:00,123,17,14.7,4,2,30.13,0,2025-01-26 22:00:00,2025-01-27 04:00:00,E,Norwood Rd,4,4,1,0
2025-01-26,14,10:00,123,17,14.7,4,2,30.13,0,2025-01-26 22:00:00,2025-01-27 04:00:00,E,McCaul St,5,3,2,0
2025-01-26,14,10:00,123,17,14.7,4,2,30.13,0,2025-01-26 22:00:00,2025-01-27 04:00:00,E,Broadview Ave,4,1,3,0
2025-01-26,14,10:00,123,17,14.7,4,2,30.13,0,2025-01-26 22:00:00,2025-01-27 04:00:00,E,Ontario St,1,1,2,0
2025-01-26,14,10:00,123,17,14.7,4,2,30.13,0,2025-01-26 22:00:00,2025-01-27 04:00:00,E,Rusholme Park Cres,0,1,1,0
2025-01-26,14,10:00,123,17,14.7,4,2,30.13,0,2025-01-26 22:00:00,2025-01-27 04:00:00,E,Havelock St,8,3,3,0
2025-01-26,14,10:00,123,17,14.7,4,2,30.13,0,2025-01-26 22:00:00,2025-01-27 04:00:00,E,High Park Loop,2,2,2,0
2025-01-26,14,10:00,123,17,14.7,4,2,30.13,0,2025-01-26 22:00:00,2025-01-27 04:00:00,E,Queens Park (Queen's Park Station),5,3,2,0
2025-01-26,14,10:00,123,17,14.7,4,2,30.13,0,2025-01-26 22:00:00,2025-01-27 04:00:00,E,Roncesvalles Ave,0,1,1,0
2025-01-26,14,10:00,123,17,14.7,4,2,30.13,0,2025-01-26 22:00:00,2025-01-27 04:00:00,E,De Grassi St,6,1,2,0
2025-01-26,14,10:00,123,17,14.7,4,2,30.13,0,2025-01-26 22:00:00,2025-01-27 04:00:00,E,Parliament St at Carlton St,2,1,2,0
2025-01-26,14,10:00,123,17,14.7,4,2,30.13,0,2025-01-26 22:00:00,2025-01-27 04:00:00,E,Parkside Dr East Side,1,1,1,0
2025-01-26,14,10:00,123,17,14.7,4,2,30.13,0,2025-01-26 22:00:00,2025-01-27 04:00:00,E,Dundas St West,0,0,0,0
2025-01-26,14,10:00,123,17,14.7,4,2,30.13,0,2025-01-26 22:00:00,2025-01-27 04:00:00,E,Howard Park Ave at Roncesvalles Ave,0,0,0,0
2025-01-26,14,10:00,123,17,14.7,4,2,30.13,0,2025-01-26 22:00:00,2025-01-27 04:00:00,E,Parliament St,0,0,0,0
2025-01-26,14,10:00,123,17,14.7,4,2,30.13,0,2025-01-26 22:00:00,2025-01-27 04:00:00,E,Parliament St at Gerrard St East,0,0,0,0
2025-01-26,14,10:00,123,17,14.7,4,2,30.13,0,2025-01-26 22:00:00,2025-01-27 04:00:00,E,Sumach St,0,0,0,0
2025-01-26,14,10:00,123,17,14.7,4,2,30.13,0,2025-01-26 22:00:00,2025-01-27 04:00:00,E,Blackburn St,0,0,0,0
2025-01-26,14,10:00,123,17,14.7,4,2,30.13,0,2025-01-26 22:00:00,2025-01-27 04:00:00,E,Logan Ave,0,0,0,0
2025-01-26,14,10:00,123,17,14.7,4,2,30.13,0,2025-01-26 22:00:00,2025-01-27 04:00:00,E,Augusta Ave,0,0,0,0
2025-01-26,14,10:00,123,17,14.7,4,2,30.13,0,2025-01-26 22:00:00,2025-01-27 04:00:00,E,Beverley St,0,0,0,0
2025-01-26,14,10:00,123,17,14.7,4,2,30.13,0,2025-01-26 22:00:00,2025-01-27 04:00:00,E,University Ave (Queen's Park Station,0,0,0,0
2025-01-26,14,10:00,123,17,14.7,4,2,30.13,0,2025-01-26 22:00:00,2025-01-27 04:00:00,E,Elizabeth St,0,0,0,0
2025-01-26,14,10:00,123,17,14.7,4,2,30.13,0,2025-01-26 22:00:00,2025-01-27 04:00:00,E,Greenwood Ave,0,0,0,0
2025-01-26,14,10:00,123,17,14.7,4,2,30.13,0,2025-01-26 22:00:00,2025-01-27 04:00:00,E,Alton Ave,0,0,0,0
2025-01-26,14,10:00,123,17,14.7,4,2,30.13,0,2025-01-26 22:00:00,2025-01-27 04:00:00,E,Coxwell Ave,0,0,0,0
2025-01-26,14,10:00,123,17,14.7,4,2,30.13,0,2025-01-26 22:00:00,2025-01-27 04:00:00,E,Gerrard St East  at Coxwell Ave,0,0,0,0
2025-01-26,14,10:00,123,17,14.7,4,2,30.13,0,2025-01-26 22:00:00,2025-01-27 04:00:00,E,Coxwell Ave at Lower Gerrard St East,0,0,0,0
2025-01-26,14,10:00,123,17,14.7,4,2,30.13,0,2025-01-26 22:00:00,2025-01-27 04:00:00,E,Ashdale Ave,0,0,0,0
2025-01-26,14,10:00,123,17,14.7,4,2,30.13,0,2025-01-26 22:00:00,2025-01-27 04:00:00,E,Howard Park Ave at Indian Rd,0,0,0,0
2025-01-26,14,10:00,123,17,14.7,4,2,30.13,0,2025-01-26 22:00:00,2025-01-27 04:00:00,E,Dundas St West at Howard Park Ave,0,0,0,0
2025-01-26,14,10:00,123,17,14.7,4,2,30.13,0,2025-01-26 22:00:00,2025-01-27 04:00:00,E,Main St at Gerrard St East,0,0,0,0
2025-01-26,14,10:00,123,17,14.7,4,2,30.13,0,2025-01-26 22:00:00,2025-01-27 04:00:00,E,Main St,0,0,0,0
2025-01-26,14,10:00,123,17,14.7,4,2,30.13,0,2025-01-26 22:00:00,2025-01-27 04:00:00,E,Main St at Danforth Ave,0,0,0,0
2025-01-26,14,10:00,123,17,14.7,4,2,30.13,0,2025-01-26 22:00:00,2025-01-27 04:00:00,E,Howard Park Ave at Parkside Dr,0,0,0,0
2025-01-26,14,10:00,123,17,14.7,4,2,30.13,0,2025-01-26 22:00:00,2025-01-27 04:00:00,W,Woodfield Rd,0,4,0,0
2025-01-26,14,10:00,123,17,14.7,4,2,30.13,0,2025-01-26 22:00:00,2025-01-27 04:00:00,W,Coxwell Ave at Gerrard St East,0,4,0,0
2025-01-26,14,10:00,123,17,14.7,4,2,30.13,0,2025-01-26 22:00:00,2025-01-27 04:00:00,W,Euclid Ave,0,0,0,0
2025-01-26,14,10:00,123,17,14.7,4,2,30.13,0,2025-01-26 22:00:00,2025-01-27 04:00:00,W,Bowmore Rd,0,4,0,0
2025-01-26,14,10:00,123,17,14.7,4,2,30.13,0,2025-01-26 22:00:00,2025-01-27 04:00:00,W,Bay St,0,4,0,0
2025-01-26,14,10:00,123,17,14.7,4,2,30.13,0,2025-01-26 22:00:00,2025-01-27 04:00:00,W,Lansdowne Ave,0,0,0,0
2025-01-26,14,10:00,123,17,14.7,4,2,30.13,0,2025-01-26 22:00:00,2025-01-27 04:00:00,W,Indian Rd,1,5,3,0
2025-01-26,14,10:00,123,17,14.7,4,2,30.13,0,2025-01-26 22:00:00,2025-01-27 04:00:00,W,Grace St,0,0,0,0
2025-01-26,14,10:00,123,17,14.7,4,2,30.13,0,2025-01-26 22:00:00,2025-01-27 04:00:00,W,Dufferin St,0,3,1,0
2025-01-26,14,10:00,123,17,14.7,4,2,30.13,0,2025-01-26 22:00:00,2025-01-27 04:00:00,W,Gerrard St East at Beaton Ave,0,4,0,0
2025-01-26,14,10:00,123,17,14.7,4,2,30.13,0,2025-01-26 22:00:00,2025-01-27 04:00:00,W,Bathurst St,0,0,0,0
2025-01-26,14,10:00,123,17,14.7,4,2,30.13,0,2025-01-26 22:00:00,2025-01-27 04:00:00,W,Yonge St - College Station,0,0,0,0
2025-01-26,14,10:00,123,17,14.7,4,2,30.13,0,2025-01-26 22:00:00,2025-01-27 04:00:00,W,Dundas St West at Sterling Rd,0,0,0,0
2025-01-26,14,10:00,123,17,14.7,4,2,30.13,0,2025-01-26 22:00:00,2025-01-27 04:00:00,W,Brock Ave,0,0,0,0
2025-01-26,14,10:00,123,17,14.7,4,2,30.13,0,2025-01-26 22:00:00,2025-01-27 04:00:00,W,Sackville St,0,3,0,0
2025-01-26,14,10:00,123,17,14.7,4,2,30.13,0,2025-01-26 22:00:00,2025-01-27 04:00:00,W,Carlaw Ave,0,0,0,0
2025-01-26,14,10:00,123,17,14.7,4,2,30.13,0,2025-01-26 22:00:00,2025-01-27 04:00:00,W,Borden St,0,0,0,0
2025-01-26,14,10:00,123,17,14.7,4,2,30.13,0,2025-01-26 22:00:00,2025-01-27 04:00:00,W,Dundas St West at Sorauren Ave,1,5,4,0
2025-01-26,14,10:00,123,17,14.7,4,2,30.13,0,2025-01-26 22:00:00,2025-01-27 04:00:00,W,Crawford St,0,0,0,0
2025-01-26,14,10:00,123,17,14.7,4,2,30.13,0,2025-01-26 22:00:00,2025-01-27 04:00:00,W,Pape Ave,0,0,0,0
2025-01-26,14,10:00,123,17,14.7,4,2,30.13,0,2025-01-26 22:00:00,2025-01-27 04:00:00,W,Spadina Ave,0,3,0,0
2025-01-26,14,10:00,123,17,14.7,4,2,30.13,0,2025-01-26 22:00:00,2025-01-27 04:00:00,W,River St,0,3,0,0
2025-01-26,14,10:00,123,17,14.7,4,2,30.13,0,2025-01-26 22:00:00,2025-01-27 04:00:00,W,Marjory Ave,0,0,0,0
2025-01-26,14,10:00,123,17,14.7,4,2,30.13,0,2025-01-26 22:00:00,2025-01-27 04:00:00,W,Kingsmount Park Rd,0,0,0,0
2025-01-26,14,10:00,123,17,14.7,4,2,30.13,0,2025-01-26 22:00:00,2025-01-27 04:00:00,W,Church St,0,0,0,0
2025-01-26,14,10:00,123,17,14.7,4,2,30.13,0,2025-01-26 22:00:00,2025-01-27 04:00:00,W,Ossington Ave,0,0,0,0
2025-01-26,14,10:00,123,17,14.7,4,2,30.13,0,2025-01-26 22:00:00,2025-01-27 04:00:00,W,Woodbine Ave,0,0,0,0
2025-01-26,14,10:00,123,17,14.7,4,2,30.13,0,2025-01-26 22:00:00,2025-01-27 04:00:00,W,Jones Ave,0,0,0,0
2025-01-26,14,10:00,123,17,14.7,4,2,30.13,0,2025-01-26 22:00:00,2025-01-27 04:00:00,W,Golfview Ave,0,0,0,0
2025-01-26,14,10:00,123,17,14.7,4,2,30.13,0,2025-01-26 22:00:00,2025-01-27 04:00:00,W,Leslie St,0,0,0,0
2025-01-26,14,10:00,123,17,14.7,4,2,30.13,0,2025-01-26 22:00:00,2025-01-27 04:00:00,W,St Matthews Rd,0,0,0,0
2025-01-26,14,10:00,123,17,14.7,4,2,30.13,0,2025-01-26 22:00:00,2025-01-27 04:00:00,W,Jarvis St,0,0,0,0
2025-01-26,14,10:00,123,17,14.7,4,2,30.13,0,2025-01-26 22:00:00,2025-01-27 04:00:00,W,Sherbourne St,0,0,0,0
2025-01-26,14,10:00,123,17,14.7,4,2,30.13,0,2025-01-26 22:00:00,2025-01-27 04:00:00,W,St George St,0,0,0,0
2025-01-26,14,10:00,123,17,14.7,4,2,30.13,0,2025-01-26 22:00:00,2025-01-27 04:00:00,W,Dovercourt Rd,0,0,0,0
2025-01-26,14,10:00,123,17,14.7,4,2,30.13,0,2025-01-26 22:00:00,2025-01-27 04:00:00,W,Glenmount Park Rd,0,0,0,0
2025-01-26,14,10:00,123,17,14.7,4,2,30.13,0,2025-01-26 22:00:00,2025-01-27 04:00:00,W,Prust Ave,0,0,0,0
2025-01-26,14,10:00,123,17,14.7,4,2,30.13,0,2025-01-26 22:00:00,2025-01-27 04:00:00,W,Main Street Station at Bay 7,0,4,0,0
2025-01-26,14,10:00,123,17,14.7,4,2,30.13,0,2025-01-26 22:00:00,2025-01-27 04:00:00,W,Norwood Rd,0,0,0,0
2025-01-26,14,10:00,123,17,14.7,4,2,30.13,0,2025-01-26 22:00:00,2025-01-27 04:00:00,W,McCaul St,0,0,0,0
2025-01-26,14,10:00,123,17,14.7,4,2,30.13,0,2025-01-26 22:00:00,2025-01-27 04:00:00,W,Broadview Ave,0,0,0,0
2025-01-26,14,10:00,123,17,14.7,4,2,30.13,0,2025-01-26 22:00:00,2025-01-27 04:00:00,W,Ontario St,0,0,0,0
2025-01-26,14,10:00,123,17,14.7,4,2,30.13,0,2025-01-26 22:00:00,2025-01-27 04:00:00,W,Rusholme Park Cres,0,0,0,0
2025-01-26,14,10:00,123,17,14.7,4,2,30.13,0,2025-01-26 22:00:00,2025-01-27 04:00:00,W,Havelock St,0,0,0,0
2025-01-26,14,10:00,123,17,14.7,4,2,30.13,0,2025-01-26 22:00:00,2025-01-27 04:00:00,W,High Park Loop,0,0,0,0
2025-01-26,14,10:00,123,17,14.7,4,2,30.13,0,2025-01-26 22:00:00,2025-01-27 04:00:00,W,Queens Park (Queen's Park Station),0,0,0,0
2025-01-26,14,10:00,123,17,14.7,4,2,30.13,0,2025-01-26 22:00:00,2025-01-27 04:00:00,W,Roncesvalles Ave,1,5,3,0
2025-01-26,14,10:00,123,17,14.7,4,2,30.13,0,2025-01-26 22:00:00,2025-01-27 04:00:00,W,De Grassi St,0,0,0,0
2025-01-26,14,10:00,123,17,14.7,4,2,30.13,0,2025-01-26 22:00:00,2025-01-27 04:00:00,W,Parliament St at Carlton St,0,0,0,0
2025-01-26,14,10:00,123,17,14.7,4,2,30.13,0,2025-01-26 22:00:00,2025-01-27 04:00:00,W,Parkside Dr East Side,0,0,0,0
2025-01-26,14,10:00,123,17,14.7,4,2,30.13,0,2025-01-26 22:00:00,2025-01-27 04:00:00,W,Dundas St West,1,5,4,0
2025-01-26,14,10:00,123,17,14.7,4,2,30.13,0,2025-01-26 22:00:00,2025-01-27 04:00:00,W,Howard Park Ave at Roncesvalles Ave,0,0,0,0
2025-01-26,14,10:00,123,17,14.7,4,2,30.13,0,2025-01-26 22:00:00,2025-01-27 04:00:00,W,Parliament St,0,0,0,0
2025-01-26,14,10:00,123,17,14.7,4,2,30.13,0,2025-01-26 22:00:00,2025-01-27 04:00:00,W,Parliament St at Gerrard St East,0,0,0,0
2025-01-26,14,10:00,123,17,14.7,4,2,30.13,0,2025-01-26 22:00:00,2025-01-27 04:00:00,W,Sumach St,0,0,0,0
2025-01-26,14,10:00,123,17,14.7,4,2,30.13,0,2025-01-26 22:00:00,2025-01-27 04:00:00,W,Blackburn St,0,0,0,0
2025-01-26,14,10:00,123,17,14.7,4,2,30.13,0,2025-01-26 22:00:00,2025-01-27 04:00:00,W,Logan Ave,0,0,0,0
2025-01-26,14,10:00,123,17,14.7,4,2,30.13,0,2025-01-26 22:00:00,2025-01-27 04:00:00,W,Augusta Ave,0,0,0,0
2025-01-26,14,10:00,123,17,14.7,4,2,30.13,0,2025-01-26 22:00:00,2025-01-27 04:00:00,W,Beverley St,0,0,0,0
2025-01-26,14,10:00,123,17,14.7,4,2,30.13,0,2025-01-26 22:00:00,2025-01-27 04:00:00,W,University Ave (Queen's Park Station,0,0,0,0
2025-01-26,14,10:00,123,17,14.7,4,2,30.13,0,2025-01-26 22:00:00,2025-01-27 04:00:00,W,Elizabeth St,0,0,0,0
2025-01-26,14,10:00,123,17,14.7,4,2,30.13,0,2025-01-26 22:00:00,2025-01-27 04:00:00,W,Greenwood Ave,0,0,0,0
2025-01-26,14,10:00,123,17,14.7,4,2,30.13,0,2025-01-26 22:00:00,2025-01-27 04:00:00,W,Alton Ave,0,0,0,0
2025-01-26,14,10:00,123,17,14.7,4,2,30.13,0,2025-01-26 22:00:00,2025-01-27 04:00:00,W,Coxwell Ave,0,0,0,0
2025-01-26,14,10:00,123,17,14.7,4,2,30.13,0,2025-01-26 22:00:00,2025-01-27 04:00:00,W,Gerrard St East  at Coxwell Ave,0,0,0,0
2025-01-26,14,10:00,123,17,14.7,4,2,30.13,0,2025-01-26 22:00:00,2025-01-27 04:00:00,W,Coxwell Ave at Lower Gerrard St East,0,0,0,0
2025-01-26,14,10:00,123,17,14.7,4,2,30.13,0,2025-01-26 22:00:00,2025-01-27 04:00:00,W,Ashdale Ave,0,0,0,0
2025-01-26,14,10:00,123,17,14.7,4,2,30.13,0,2025-01-26 22:00:00,2025-01-27 04:00:00,W,Howard Park Ave at Indian Rd,0,0,0,0
2025-01-26,14,10:00,123,17,14.7,4,2,30.13,0,2025-01-26 22:00:00,2025-01-27 04:00:00,W,Dundas St West at Howard Park Ave,0,0,0,0
2025-01-26,14,10:00,123,17,14.7,4,2,30.13,0,2025-01-26 22:00:00,2025-01-27 04:00:00,W,Main St at Gerrard St East,0,0,0,0
2025-01-26,14,10:00,123,17,14.7,4,2,30.13,0,2025-01-26 22:00:00,2025-01-27 04:00:00,W,Main St,0,0,0,0
2025-01-26,14,10:00,123,17,14.7,4,2,30.13,0,2025-01-26 22:00:00,2025-01-27 04:00:00,W,Main St at Danforth Ave,0,0,0,0
2025-01-26,14,10:00,123,17,14.7,4,2,30.13,0,2025-01-26 22:00:00,2025-01-27 04:00:00,W,Howard Park Ave at Parkside Dr,0,0,0,0
2025-02-02,14,10:00,123,17,14.7,4,2,30.13,0,2025-02-02 22:00:00,2025-02-03 04:00:00,E,Woodfield Rd,7,2,2,1
2025-02-02,14,10:00,123,17,14.7,4,2,30.13,0,2025-02-02 22:00:00,2025-02-03 04:00:00,E,Coxwell Ave at Gerrard St East,0,0,0,0
2025-02-02,14,10:00,123,17,14.7,4,2,30.13,0,2025-02-02 22:00:00,2025-02-03 04:00:00,E,Euclid Ave,7,1,2,1
2025-02-02,14,10:00,123,17,14.7,4,2,30.13,0,2025-02-02 22:00:00,2025-02-03 04:00:00,E,Bowmore Rd,4,3,2,0
2025-02-02,14,10:00,123,17,14.7,4,2,30.13,0,2025-02-02 22:00:00,2025-02-03 04:00:00,E,Bay St,7,1,1,1
2025-02-02,14,10:00,123,17,14.7,4,2,30.13,0,2025-02-02 22:00:00,2025-02-03 04:00:00,E,Lansdowne Ave,7,4,2,1
2025-02-02,14,10:00,123,17,14.7,4,2,30.13,0,2025-02-02 22:00:00,2025-02-03 04:00:00,E,Indian Rd,0,1,1,1
2025-02-02,14,10:00,123,17,14.7,4,2,30.13,0,2025-02-02 22:00:00,2025-02-03 04:00:00,E,Grace St,4,2,2,2
2025-02-02,14,10:00,123,17,14.7,4,2,30.13,0,2025-02-02 22:00:00,2025-02-03 04:00:00,E,Dufferin St,5,2,2,1
2025-02-02,14,10:00,123,17,14.7,4,2,30.13,0,2025-02-02 22:00:00,2025-02-03 04:00:00,E,Gerrard St East at Beaton Ave,4,2,2,0
2025-02-02,14,10:00,123,17,14.7,4,2,30.13,0,2025-02-02 22:00:00,2025-02-03 04:00:00,E,Bathurst St,7,1,2,1
2025-02-02,14,10:00,123,17,14.7,4,2,30.13,0,2025-02-02 22:00:00,2025-02-03 04:00:00,E,Yonge St - College Station,7,1,2,1
2025-02-02,14,10:00,123,17,14.7,4,2,30.13,0,2025-02-02 22:00:00,2025-02-03 04:00:00,E,Dundas St West at Sterling Rd,3,1,0,1
2025-02-02,14,10:00,123,17,14.7,4,2,30.13,0,2025-02-02 22:00:00,2025-02-03 04:00:00,E,Brock Ave,6,3,2,1
2025-02-02,14,10:00,123,17,14.7,4,2,30.13,0,2025-02-02 22:00:00,2025-02-03 04:00:00,E,Sackville St,4,1,2,1
2025-02-02,14,10:00,123,17,14.7,4,2,30.13,0,2025-02-02 22:00:00,2025-02-03 04:00:00,E,Carlaw Ave,7,3,2,1
2025-02-02,14,10:00,123,17,14.7,4,2,30.13,0,2025-02-02 22:00:00,2025-02-03 04:00:00,E,Borden St,5,1,2,1
2025-02-02,14,10:00,123,17,14.7,4,2,30.13,0,2025-02-02 22:00:00,2025-02-03 04:00:00,E,Dundas St West at Sorauren Ave,3,1,0,1
2025-02-02,14,10:00,123,17,14.7,4,2,30.13,0,2025-02-02 22:00:00,2025-02-03 04:00:00,E,Crawford St,5,2,2,2
2025-02-02,14,10:00,123,17,14.7,4,2,30.13,0,2025-02-02 22:00:00,2025-02-03 04:00:00,E,Pape Ave,7,3,2,1
2025-02-02,14,10:00,123,17,14.7,4,2,30.13,0,2025-02-02 22:00:00,2025-02-03 04:00:00,E,Spadina Ave,6,2,2,1
2025-02-02,14,10:00,123,17,14.7,4,2,30.13,0,2025-02-02 22:00:00,2025-02-03 04:00:00,E,River St,5,1,1,1
2025-02-02,14,10:00,123,17,14.7,4,2,30.13,0,2025-02-02 22:00:00,2025-02-03 04:00:00,E,Marjory Ave,8,2,2,1
2025-02-02,14,10:00,123,17,14.7,4,2,30.13,0,2025-02-02 22:00:00,2025-02-03 04:00:00,E,Kingsmount Park Rd,4,3,2,0
2025-02-02,14,10:00,123,17,14.7,4,2,30.13,0,2025-02-02 22:00:00,2025-02-03 04:00:00,E,Church St,4,1,0,1
2025-02-02,14,10:00,123,17,14.7,4,2,30.13,0,2025-02-02 22:00:00,2025-02-03 04:00:00,E,Ossington Ave,7,3,2,2
2025-02-02,14,10:00,123,17,14.7,4,2,30.13,0,2025-02-02 22:00:00,2025-02-03 04:00:00,E,Woodbine Ave,4,4,2,0
2025-02-02,14,10:00,123,17,14.7,4,2,30.13,0,2025-02-02 22:00:00,2025-02-03 04:00:00,E,Jones Ave,8,2,2,1
2025-02-02,14,10:00,123,17,14.7,4,2,30.13,0,2025-02-02 22:00:00,2025-02-03 04:00:00,E,Golfview Ave,4,4,2,0
2025-02-02,14,10:00,123,17,14.7,4,2,30.13,0,2025-02-02 22:00:00,2025-02-03 04:00:00,E,Leslie St,8,2,2,1
2025-02-02,14,10:00,123,17,14.7,4,2,30.13,0,2025-02-02 22:00:00,2025-02-03 04:00:00,E,St Matthews Rd,6,1,1,1
2025-02-02,14,10:00,123,17,14.7,4,2,30.13,0,2025-02-02 22:00:00,2025-02-03 04:00:00,E,Jarvis St,4,1,0,1
2025-02-02,14,10:00,123,17,14.7,4,2,30.13,0,2025-02-02 22:00:00,2025-02-03 04:00:00,E,Sherbourne St,4,1,0,1
2025-02-02,14,10:00,123,17,14.7,4,2,30.13,0,2025-02-02 22:00:00,2025-02-03 04:00:00,E,St George St,6,3,2,1
2025-02-02,14,10:00,123,17,14.7,4,2,30.13,0,2025-02-02 22:00:00,2025-02-03 04:00:00,E,Dovercourt Rd,8,3,1,2
2025-02-02,14,10:00,123,17,14.7,4,2,30.13,0,2025-02-02 22:00:00,2025-02-03 04:00:00,E,Glenmount Park Rd,5,4,2,0
2025-02-02,14,10:00,123,17,14.7,4,2,30.13,0,2025-02-02 22:00:00,2025-02-03 04:00:00,E,Prust Ave,8,3,2,1
2025-02-02,14,10:00,123,17,14.7,4,2,30.13,0,2025-02-02 22:00:00,2025-02-03 04:00:00,E,Main Street Station at Bay 7,0,0,0,0
2025-02-02,14,10:00,123,17,14.7,4,2,30.13,0,2025-02-02 22:00:00,2025-02-03 04:00:00,E,Norwood Rd,5,3,1,0
2025-02-02,14,10:00,123,17,14.7,4,2,30.13,0,2025-02-02 22:00:00,2025-02-03 04:00:00,E,McCaul St,7,2,2,1
2025-02-02,14,10:00,123,17,14.7,4,2,30.13,0,2025-02-02 22:00:00,2025-02-03 04:00:00,E,Broadview Ave,5,1,1,1
2025-02-02,14,10:00,123,17,14.7,4,2,30.13,0,2025-02-02 22:00:00,2025-02-03 04:00:00,E,Ontario St,4,1,0,1
2025-02-02,14,10:00,123,17,14.7,4,2,30.13,0,2025-02-02 22:00:00,2025-02-03 04:00:00,E,Rusholme Park Cres,2,1,0,1
2025-02-02,14,10:00,123,17,14.7,4,2,30.13,0,2025-02-02 22:00:00,2025-02-03 04:00:00,E,Havelock St,8,3,2,1
2025-02-02,14,10:00,123,17,14.7,4,2,30.13,0,2025-02-02 22:00:00,2025-02-03 04:00:00,E,High Park Loop,0,2,0,2
2025-02-02,14,10:00,123,17,14.7,4,2,30.13,0,2025-02-02 22:00:00,2025-02-03 04:00:00,E,Queens Park (Queen's Park Station),7,1,2,1
2025-02-02,14,10:00,123,17,14.7,4,2,30.13,0,2025-02-02 22:00:00,2025-02-03 04:00:00,E,Roncesvalles Ave,2,1,1,1
2025-02-02,14,10:00,123,17,14.7,4,2,30.13,0,2025-02-02 22:00:00,2025-02-03 04:00:00,E,De Grassi St,5,1,1,1
2025-02-02,14,10:00,123,17,14.7,4,2,30.13,0,2025-02-02 22:00:00,2025-02-03 04:00:00,E,Parliament St at Carlton St,5,1,0,1
2025-02-02,14,10:00,123,17,14.7,4,2,30.13,0,2025-02-02 22:00:00,2025-02-03 04:00:00,E,Parkside Dr East Side,0,1,0,1
2025-02-02,14,10:00,123,17,14.7,4,2,30.13,0,2025-02-02 22:00:00,2025-02-03 04:00:00,E,Dundas St West,0,0,0,0
2025-02-02,14,10:00,123,17,14.7,4,2,30.13,0,2025-02-02 22:00:00,2025-02-03 04:00:00,E,Howard Park Ave at Roncesvalles Ave,0,0,0,0
2025-02-02,14,10:00,123,17,14.7,4,2,30.13,0,2025-02-02 22:00:00,2025-02-03 04:00:00,E,Parliament St,0,0,0,0
2025-02-02,14,10:00,123,17,14.7,4,2,30.13,0,2025-02-02 22:00:00,2025-02-03 04:00:00,E,Parliament St at Gerrard St East,0,0,0,0
2025-02-02,14,10:00,123,17,14.7,4,2,30.13,0,2025-02-02 22:00:00,2025-02-03 04:00:00,E,Sumach St,0,0,0,0
2025-02-02,14,10:00,123,17,14.7,4,2,30.13,0,2025-02-02 22:00:00,2025-02-03 04:00:00,E,Blackburn St,0,0,0,0
2025-02-02,14,10:00,123,17,14.7,4,2,30.13,0,2025-02-02 22:00:00,2025-02-03 04:00:00,E,Logan Ave,0,0,0,0
2025-02-02,14,10:00,123,17,14.7,4,2,30.13,0,2025-02-02 22:00:00,2025-02-03 04:00:00,E,Augusta Ave,0,0,0,0
2025-02-02,14,10:00,123,17,14.7,4,2,30.13,0,2025-02-02 22:00:00,2025-02-03 04:00:00,E,Beverley St,0,0,0,0
2025-02-02,14,10:00,123,17,14.7,4,2,30.13,0,2025-02-02 22:00:00,2025-02-03 04:00:00,E,University Ave (Queen's Park Station,0,0,0,0
2025-02-02,14,10:00,123,17,14.7,4,2,30.13,0,2025-02-02 22:00:00,2025-02-03 04:00:00,E,Elizabeth St,0,0,0,0
2025-02-02,14,10:00,123,17,14.7,4,2,30.13,0,2025-02-02 22:00:00,2025-02-03 04:00:00,E,Greenwood Ave,0,0,0,0
2025-02-02,14,10:00,123,17,14.7,4,2,30.13,0,2025-02-02 22:00:00,2025-02-03 04:00:00,E,Alton Ave,0,0,0,0
2025-02-02,14,10:00,123,17,14.7,4,2,30.13,0,2025-02-02 22:00:00,2025-02-03 04:00:00,E,Coxwell Ave,0,0,0,0
2025-02-02,14,10:00,123,17,14.7,4,2,30.13,0,2025-02-02 22:00:00,2025-02-03 04:00:00,E,Gerrard St East  at Coxwell Ave,0,0,0,0
2025-02-02,14,10:00,123,17,14.7,4,2,30.13,0,2025-02-02 22:00:00,2025-02-03 04:00:00,E,Coxwell Ave at Lower Gerrard St East,0,0,0,0
2025-02-02,14,10:00,123,17,14.7,4,2,30.13,0,2025-02-02 22:00:00,2025-02-03 04:00:00,E,Ashdale Ave,0,0,0,0
2025-02-02,14,10:00,123,17,14.7,4,2,30.13,0,2025-02-02 22:00:00,2025-02-03 04:00:00,E,Howard Park Ave at Indian Rd,0,0,0,0
2025-02-02,14,10:00,123,17,14.7,4,2,30.13,0,2025-02-02 22:00:00,2025-02-03 04:00:00,E,Dundas St West at Howard Park Ave,0,0,0,0
2025-02-02,14,10:00,123,17,14.7,4,2,30.13,0,2025-02-02 22:00:00,2025-02-03 04:00:00,E,Main St at Gerrard St East,0,0,0,0
2025-02-02,14,10:00,123,17,14.7,4,2,30.13,0,2025-02-02 22:00:00,2025-02-03 04:00:00,E,Main St,0,0,0,0
2025-02-02,14,10:00,123,17,14.7,4,2,30.13,0,2025-02-02 22:00:00,2025-02-03 04:00:00,E,Main St at Danforth Ave,0,0,0,0
2025-02-02,14,10:00,123,17,14.7,4,2,30.13,0,2025-02-02 22:00:00,2025-02-03 04:00:00,E,Howard Park Ave at Parkside Dr,0,0,0,0
2025-02-02,14,10:00,123,17,14.7,4,2,30.13,0,2025-02-02 22:00:00,2025-02-03 04:00:00,W,Woodfield Rd,1,3,0,0
2025-02-02,14,10:00,123,17,14.7,4,2,30.13,0,2025-02-02 22:00:00,2025-02-03 04:00:00,W,Coxwell Ave at Gerrard St East,1,3,0,0
2025-02-02,14,10:00,123,17,14.7,4,2,30.13,0,2025-02-02 22:00:00,2025-02-03 04:00:00,W,Euclid Ave,0,0,0,0
2025-02-02,14,10:00,123,17,14.7,4,2,30.13,0,2025-02-02 22:00:00,2025-02-03 04:00:00,W,Bowmore Rd,0,2,0,0
2025-02-02,14,10:00,123,17,14.7,4,2,30.13,0,2025-02-02 22:00:00,2025-02-03 04:00:00,W,Bay St,1,3,0,0
2025-02-02,14,10:00,123,17,14.7,4,2,30.13,0,2025-02-02 22:00:00,2025-02-03 04:00:00,W,Lansdowne Ave,0,0,0,0
2025-02-02,14,10:00,123,17,14.7,4,2,30.13,0,2025-02-02 22:00:00,2025-02-03 04:00:00,W,Indian Rd,2,4,1,1
2025-02-02,14,10:00,123,17,14.7,4,2,30.13,0,2025-02-02 22:00:00,2025-02-03 04:00:00,W,Grace St,0,0,0,0
2025-02-02,14,10:00,123,17,14.7,4,2,30.13,0,2025-02-02 22:00:00,2025-02-03 04:00:00,W,Dufferin St,1,3,2,1
2025-02-02,14,10:00,123,17,14.7,4,2,30.13,0,2025-02-02 22:00:00,2025-02-03 04:00:00,W,Gerrard St East at Beaton Ave,0,3,0,0
2025-02-02,14,10:00,123,17,14.7,4,2,30.13,0,2025-02-02 22:00:00,2025-02-03 04:00:00,W,Bathurst St,0,0,0,0
2025-02-02,14,10:00,123,17,14.7,4,2,30.13,0,2025-02-02 22:00:00,2025-02-03 04:00:00,W,Yonge St - College Station,0,0,0,0
2025-02-02,14,10:00,123,17,14.7,4,2,30.13,0,2025-02-02 22:00:00,2025-02-03 04:00:00,W,Dundas St West at Sterling Rd,0,0,0,0
2025-02-02,14,10:00,123,17,14.7,4,2,30.13,0,2025-02-02 22:00:00,2025-02-03 04:00:00,W,Brock Ave,0,0,0,0
2025-02-02,14,10:00,123,17,14.7,4,2,30.13,0,2025-02-02 22:00:00,2025-02-03 04:00:00,W,Sackville St,1,1,1,1
2025-02-02,14,10:00,123,17,14.7,4,2,30.13,0,2025-02-02 22:00:00,2025-02-03 04:00:00,W,Carlaw Ave,0,0,0,0
2025-02-02,14,10:00,123,17,14.7,4,2,30.13,0,2025-02-02 22:00:00,2025-02-03 04:00:00,W,Borden St,0,0,0,0
2025-02-02,14,10:00,123,17,14.7,4,2,30.13,0,2025-02-02 22:00:00,2025-02-03 04:00:00,W,Dundas St West at Sorauren Ave,3,4,1,1
2025-02-02,14,10:00,123,17,14.7,4,2,30.13,0,2025-02-02 22:00:00,2025-02-03 04:00:00,W,Crawford St,0,0,0,0
2025-02-02,14,10:00,123,17,14.7,4,2,30.13,0,2025-02-02 22:00:00,2025-02-03 04:00:00,W,Pape Ave,0,0,0,0
2025-02-02,14,10:00,123,17,14.7,4,2,30.13,0,2025-02-02 22:00:00,2025-02-03 04:00:00,W,Spadina Ave,1,2,1,0
2025-02-02,14,10:00,123,17,14.7,4,2,30.13,0,2025-02-02 22:00:00,2025-02-03 04:00:00,W,River St,1,2,1,1
2025-02-02,14,10:00,123,17,14.7,4,2,30.13,0,2025-02-02 22:00:00,2025-02-03 04:00:00,W,Marjory Ave,0,0,0,0
2025-02-02,14,10:00,123,17,14.7,4,2,30.13,0,2025-02-02 22:00:00,2025-02-03 04:00:00,W,Kingsmount Park Rd,0,0,0,0
2025-02-02,14,10:00,123,17,14.7,4,2,30.13,0,2025-02-02 22:00:00,2025-02-03 04:00:00,W,Church St,0,0,0,0
2025-02-02,14,10:00,123,17,14.7,4,2,30.13,0,2025-02-02 22:00:00,2025-02-03 04:00:00,W,Ossington Ave,0,0,0,0
2025-02-02,14,10:00,123,17,14.7,4,2,30.13,0,2025-02-02 22:00:00,2025-02-03 04:00:00,W,Woodbine Ave,0,0,0,0
2025-02-02,14,10:00,123,17,14.7,4,2,30.13,0,2025-02-02 22:00:00,2025-02-03 04:00:00,W,Jones Ave,0,0,0,0
2025-02-02,14,10:00,123,17,14.7,4,2,30.13,0,2025-02-02 22:00:00,2025-02-03 04:00:00,W,Golfview Ave,0,0,0,0
2025-02-02,14,10:00,123,17,14.7,4,2,30.13,0,2025-02-02 22:00:00,2025-02-03 04:00:00,W,Leslie St,0,0,0,0
2025-02-02,14,10:00,123,17,14.7,4,2,30.13,0,2025-02-02 22:00:00,2025-02-03 04:00:00,W,St Matthews Rd,0,0,0,0
2025-02-02,14,10:00,123,17,14.7,4,2,30.13,0,2025-02-02 22:00:00,2025-02-03 04:00:00,W,Jarvis St,0,0,0,0
2025-02-02,14,10:00,123,17,14.7,4,2,30.13,0,2025-02-02 22:00:00,2025-02-03 04:00:00,W,Sherbourne St,0,0,0,0
2025-02-02,14,10:00,123,17,14.7,4,2,30.13,0,2025-02-02 22:00:00,2025-02-03 04:00:00,W,St George St,0,0,0,0
2025-02-02,14,10:00,123,17,14.7,4,2,30.13,0,2025-02-02 22:00:00,2025-02-03 04:00:00,W,Dovercourt Rd,0,0,0,0
2025-02-02,14,10:00,123,17,14.7,4,2,30.13,0,2025-02-02 22:00:00,2025-02-03 04:00:00,W,Glenmount Park Rd,0,0,0,0
2025-02-02,14,10:00,123,17,14.7,4,2,30.13,0,2025-02-02 22:00:00,2025-02-03 04:00:00,W,Prust Ave,0,0,0,0
2025-02-02,14,10:00,123,17,14.7,4,2,30.13,0,2025-02-02 22:00:00,2025-02-03 04:00:00,W,Main Street Station at Bay 7,0,2,0,0
2025-02-02,14,10:00,123,17,14.7,4,2,30.13,0,2025-02-02 22:00:00,2025-02-03 04:00:00,W,Norwood Rd,0,0,0,0
2025-02-02,14,10:00,123,17,14.7,4,2,30.13,0,2025-02-02 22:00:00,2025-02-03 04:00:00,W,McCaul St,0,0,0,0
2025-02-02,14,10:00,123,17,14.7,4,2,30.13,0,2025-02-02 22:00:00,2025-02-03 04:00:00,W,Broadview Ave,0,0,0,0
2025-02-02,14,10:00,123,17,14.7,4,2,30.13,0,2025-02-02 22:00:00,2025-02-03 04:00:00,W,Ontario St,0,0,0,0
2025-02-02,14,10:00,123,17,14.7,4,2,30.13,0,2025-02-02 22:00:00,2025-02-03 04:00:00,W,Rusholme Park Cres,0,0,0,0
2025-02-02,14,10:00,123,17,14.7,4,2,30.13,0,2025-02-02 22:00:00,2025-02-03 04:00:00,W,Havelock St,0,0,0,0
2025-02-02,14,10:00,123,17,14.7,4,2,30.13,0,2025-02-02 22:00:00,2025-02-03 04:00:00,W,High Park Loop,0,0,0,0
2025-02-02,14,10:00,123,17,14.7,4,2,30.13,0,2025-02-02 22:00:00,2025-02-03 04:00:00,W,Queens Park (Queen's Park Station),0,0,0,0
2025-02-02,14,10:00,123,17,14.7,4,2,30.13,0,2025-02-02 22:00:00,2025-02-03 04:00:00,W,Roncesvalles Ave,2,4,1,1
2025-02-02,14,10:00,123,17,14.7,4,2,30.13,0,2025-02-02 22:00:00,2025-02-03 04:00:00,W,De Grassi St,0,0,0,0
2025-02-02,14,10:00,123,17,14.7,4,2,30.13,0,2025-02-02 22:00:00,2025-02-03 04:00:00,W,Parliament St at Carlton St,0,0,0,0
2025-02-02,14,10:00,123,17,14.7,4,2,30.13,0,2025-02-02 22:00:00,2025-02-03 04:00:00,W,Parkside Dr East Side,0,0,0,0
2025-02-02,14,10:00,123,17,14.7,4,2,30.13,0,2025-02-02 22:00:00,2025-02-03 04:00:00,W,Dundas St West,2,4,1,1
2025-02-02,14,10:00,123,17,14.7,4,2,30.13,0,2025-02-02 22:00:00,2025-02-03 04:00:00,W,Howard Park Ave at Roncesvalles Ave,0,0,0,0
2025-02-02,14,10:00,123,17,14.7,4,2,30.13,0,2025-02-02 22:00:00,2025-02-03 04:00:00,W,Parliament St,0,0,0,0
2025-02-02,14,10:00,123,17,14.7,4,2,30.13,0,2025-02-02 22:00:00,2025-02-03 04:00:00,W,Parliament St at Gerrard St East,0,0,0,0
2025-02-02,14,10:00,123,17,14.7,4,2,30.13,0,2025-02-02 22:00:00,2025-02-03 04:00:00,W,Sumach St,0,0,0,0
2025-02-02,14,10:00,123,17,14.7,4,2,30.13,0,2025-02-02 22:00:00,2025-02-03 04:00:00,W,Blackburn St,0,0,0,0
2025-02-02,14,10:00,123,17,14.7,4,2,30.13,0,2025-02-02 22:00:00,2025-02-03 04:00:00,W,Logan Ave,0,0,0,0
2025-02-02,14,10:00,123,17,14.7,4,2,30.13,0,2025-02-02 22:00:00,2025-02-03 04:00:00,W,Augusta Ave,0,0,0,0
2025-02-02,14,10:00,123,17,14.7,4,2,30.13,0,2025-02-02 22:00:00,2025-02-03 04:00:00,W,Beverley St,0,0,0,0
2025-02-02,14,10:00,123,17,14.7,4,2,30.13,0,2025-02-02 22:00:00,2025-02-03 04:00:00,W,University Ave (Queen's Park Station,0,0,0,0
2025-02-02,14,10:00,123,17,14.7,4,2,30.13,0,2025-02-02 22:00:00,2025-02-03 04:00:00,W,Elizabeth St,0,0,0,0
2025-02-02,14,10:00,123,17,14.7,4,2,30.13,0,2025-02-02 22:00:00,2025-02-03 04:00:00,W,Greenwood Ave,0,0,0,0
2025-02-02,14,10:00,123,17,14.7,4,2,30.13,0,2025-02-02 22:00:00,2025-02-03 04:00:00,W,Alton Ave,0,0,0,0
2025-02-02,14,10:00,123,17,14.7,4,2,30.13,0,2025-02-02 22:00:00,2025-02-03 04:00:00,W,Coxwell Ave,0,0,0,0
2025-02-02,14,10:00,123,17,14.7,4,2,30.13,0,2025-02-02 22:00:00,2025-02-03 04:00:00,W,Gerrard St East  at Coxwell Ave,0,0,0,0
2025-02-02,14,10:00,123,17,14.7,4,2,30.13,0,2025-02-02 22:00:00,2025-02-03 04:00:00,W,Coxwell Ave at Lower Gerrard St East,0,0,0,0
2025-02-02,14,10:00,123,17,14.7,4,2,30.13,0,2025-02-02 22:00:00,2025-02-03 04:00:00,W,Ashdale Ave,0,0,0,0
2025-02-02,14,10:00,123,17,14.7,4,2,30.13,0,2025-02-02 22:00:00,2025-02-03 04:00:00,W,Howard Park Ave at Indian Rd,0,0,0,0
2025-02-02,14,10:00,123,17,14.7,4,2,30.13,0,2025-02-02 22:00:00,2025-02-03 04:00:00,W,Dundas St West at Howard Park Ave,0,0,0,0
2025-02-02,14,10:00,123,17,14.7,4,2,30.13,0,2025-02-02 22:00:00,2025-02-03 04:00:00,W,Main St at Gerrard St East,0,0,0,0
2025-02-02,14,10:00,123,17,14.7,4,2,30.13,0,2025-02-02 22:00:00,2025-02-03 04:00:00,W,Main St,0,0,0,0
2025-02-02,14,10:00,123,17,14.7,4,2,30.13,0,2025-02-02 22:00:00,2025-02-03 04:00:00,W,Main St at Danforth Ave,0,0,0,0
2025-02-02,14,10:00,123,17,14.7,4,2,30.13,0,2025-02-02 22:00:00,2025-02-03 04:00:00,W,Howard Park Ave at Parkside Dr,0,0,0,0
2025-02-09,14,10:00,123,17,14.7,4,2,30.13,0,2025-02-09 22:00:00,2025-02-10 04:00:00,E,Woodfield Rd,1,1,5,0
2025-02-09,14,10:00,123,17,14.7,4,2,30.13,0,2025-02-09 22:00:00,2025-02-10 04:00:00,E,Coxwell Ave at Gerrard St East,0,0,0,0
2025-02-09,14,10:00,123,17,14.7,4,2,30.13,0,2025-02-09 22:00:00,2025-02-10 04:00:00,E,Euclid Ave,2,1,5,0
2025-02-09,14,10:00,123,17,14.7,4,2,30.13,0,2025-02-09 22:00:00,2025-02-10 04:00:00,E,Bowmore Rd,0,1,4,0
2025-02-09,14,10:00,123,17,14.7,4,2,30.13,0,2025-02-09 22:00:00,2025-02-10 04:00:00,E,Bay St,2,0,5,0
2025-02-09,14,10:00,123,17,14.7,4,2,30.13,0,2025-02-09 22:00:00,2025-02-10 04:00:00,E,Lansdowne Ave,1,1,7,0
2025-02-09,14,10:00,123,17,14.7,4,2,30.13,0,2025-02-09 22:00:00,2025-02-10 04:00:00,E,Indian Rd,1,2,2,0
2025-02-09,14,10:00,123,17,14.7,4,2,30.13,0,2025-02-09 22:00:00,2025-02-10 04:00:00,E,Grace St,3,3,6,0
2025-02-09,14,10:00,123,17,14.7,4,2,30.13,0,2025-02-09 22:00:00,2025-02-10 04:00:00,E,Dufferin St,1,1,6,0
2025-02-09,14,10:00,123,17,14.7,4,2,30.13,0,2025-02-09 22:00:00,2025-02-10 04:00:00,E,Gerrard St East at Beaton Ave,0,1,4,0
2025-02-09,14,10:00,123,17,14.7,4,2,30.13,0,2025-02-09 22:00:00,2025-02-10 04:00:00,E,Bathurst St,1,1,5,0
2025-02-09,14,10:00,123,17,14.7,4,2,30.13,0,2025-02-09 22:00:00,2025-02-10 04:00:00,E,Yonge St - College Station,2,1,5,0
2025-02-09,14,10:00,123,17,14.7,4,2,30.13,0,2025-02-09 22:00:00,2025-02-10 04:00:00,E,Dundas St West at Sterling Rd,1,0,3,0
2025-02-09,14,10:00,123,17,14.7,4,2,30.13,0,2025-02-09 22:00:00,2025-02-10 04:00:00,E,Brock Ave,1,1,7,0
2025-02-09,14,10:00,123,17,14.7,4,2,30.13,0,2025-02-09 22:00:00,2025-02-10 04:00:00,E,Sackville St,2,1,4,0
2025-02-09,14,10:00,123,17,14.7,4,2,30.13,0,2025-02-09 22:00:00,2025-02-10 04:00:00,E,Carlaw Ave,2,1,5,0
2025-02-09,14,10:00,123,17,14.7,4,2,30.13,0,2025-02-09 22:00:00,2025-02-10 04:00:00,E,Borden St,1,1,5,0
2025-02-09,14,10:00,123,17,14.7,4,2,30.13,0,2025-02-09 22:00:00,2025-02-10 04:00:00,E,Dundas St West at Sorauren Ave,1,0,3,0
2025-02-09,14,10:00,123,17,14.7,4,2,30.13,0,2025-02-09 22:00:00,2025-02-10 04:00:00,E,Crawford St,4,3,6,0
2025-02-09,14,10:00,123,17,14.7,4,2,30.13,0,2025-02-09 22:00:00,2025-02-10 04:00:00,E,Pape Ave,2,1,5,0
2025-02-09,14,10:00,123,17,14.7,4,2,30.13,0,2025-02-09 22:00:00,2025-02-10 04:00:00,E,Spadina Ave,1,0,5,0
2025-02-09,14,10:00,123,17,14.7,4,2,30.13,0,2025-02-09 22:00:00,2025-02-10 04:00:00,E,River St,3,1,4,0
2025-02-09,14,10:00,123,17,14.7,4,2,30.13,0,2025-02-09 22:00:00,2025-02-10 04:00:00,E,Marjory Ave,2,1,6,0
2025-02-09,14,10:00,123,17,14.7,4,2,30.13,0,2025-02-09 22:00:00,2025-02-10 04:00:00,E,Kingsmount Park Rd,0,1,4,0
2025-02-09,14,10:00,123,17,14.7,4,2,30.13,0,2025-02-09 22:00:00,2025-02-10 04:00:00,E,Church St,0,0,0,0
2025-02-09,14,10:00,123,17,14.7,4,2,30.13,0,2025-02-09 22:00:00,2025-02-10 04:00:00,E,Ossington Ave,2,0,7,0
2025-02-09,14,10:00,123,17,14.7,4,2,30.13,0,2025-02-09 22:00:00,2025-02-10 04:00:00,E,Woodbine Ave,0,1,4,0
2025-02-09,14,10:00,123,17,14.7,4,2,30.13,0,2025-02-09 22:00:00,2025-02-10 04:00:00,E,Jones Ave,1,1,6,0
2025-02-09,14,10:00,123,17,14.7,4,2,30.13,0,2025-02-09 22:00:00,2025-02-10 04:00:00,E,Golfview Ave,0,1,4,0
2025-02-09,14,10:00,123,17,14.7,4,2,30.13,0,2025-02-09 22:00:00,2025-02-10 04:00:00,E,Leslie St,1,1,6,0
2025-02-09,14,10:00,123,17,14.7,4,2,30.13,0,2025-02-09 22:00:00,2025-02-10 04:00:00,E,St Matthews Rd,3,1,4,0
2025-02-09,14,10:00,123,17,14.7,4,2,30.13,0,2025-02-09 22:00:00,2025-02-10 04:00:00,E,Jarvis St,1,0,3,0
2025-02-09,14,10:00,123,17,14.7,4,2,30.13,0,2025-02-09 22:00:00,2025-02-10 04:00:00,E,Sherbourne St,1,0,3,0
2025-02-09,14,10:00,123,17,14.7,4,2,30.13,0,2025-02-09 22:00:00,2025-02-10 04:00:00,E,St George St,1,0,5,0
2025-02-09,14,10:00,123,17,14.7,4,2,30.13,0,2025-02-09 22:00:00,2025-02-10 04:00:00,E,Dovercourt Rd,3,1,7,0
2025-02-09,14,10:00,123,17,14.7,4,2,30.13,0,2025-02-09 22:00:00,2025-02-10 04:00:00,E,Glenmount Park Rd,0,1,4,0
2025-02-09,14,10:00,123,17,14.7,4,2,30.13,0,2025-02-09 22:00:00,2025-02-10 04:00:00,E,Prust Ave,1,1,5,0
2025-02-09,14,10:00,123,17,14.7,4,2,30.13,0,2025-02-09 22:00:00,2025-02-10 04:00:00,E,Main Street Station at Bay 7,0,0,0,0
2025-02-09,14,10:00,123,17,14.7,4,2,30.13,0,2025-02-09 22:00:00,2025-02-10 04:00:00,E,Norwood Rd,0,1,4,0
2025-02-09,14,10:00,123,17,14.7,4,2,30.13,0,2025-02-09 22:00:00,2025-02-10 04:00:00,E,McCaul St,2,1,5,0
2025-02-09,14,10:00,123,17,14.7,4,2,30.13,0,2025-02-09 22:00:00,2025-02-10 04:00:00,E,Broadview Ave,3,1,5,0
2025-02-09,14,10:00,123,17,14.7,4,2,30.13,0,2025-02-09 22:00:00,2025-02-10 04:00:00,E,Ontario St,1,0,3,0
2025-02-09,14,10:00,123,17,14.7,4,2,30.13,0,2025-02-09 22:00:00,2025-02-10 04:00:00,E,Rusholme Park Cres,1,0,2,0
2025-02-09,14,10:00,123,17,14.7,4,2,30.13,0,2025-02-09 22:00:00,2025-02-10 04:00:00,E,Havelock St,1,1,5,0
2025-02-09,14,10:00,123,17,14.7,4,2,30.13,0,2025-02-09 22:00:00,2025-02-10 04:00:00,E,High Park Loop,2,4,2,0
2025-02-09,14,10:00,123,17,14.7,4,2,30.13,0,2025-02-09 22:00:00,2025-02-10 04:00:00,E,Queens Park (Queen's Park Station),2,1,5,0
2025-02-09,14,10:00,123,17,14.7,4,2,30.13,0,2025-02-09 22:00:00,2025-02-10 04:00:00,E,Roncesvalles Ave,1,0,2,0
2025-02-09,14,10:00,123,17,14.7,4,2,30.13,0,2025-02-09 22:00:00,2025-02-10 04:00:00,E,De Grassi St,3,1,5,0
2025-02-09,14,10:00,123,17,14.7,4,2,30.13,0,2025-02-09 22:00:00,2025-02-10 04:00:00,E,Parliament St at Carlton St,2,0,3,0
2025-02-09,14,10:00,123,17,14.7,4,2,30.13,0,2025-02-09 22:00:00,2025-02-10 04:00:00,E,Parkside Dr East Side,1,2,1,0
2025-02-09,14,10:00,123,17,14.7,4,2,30.13,0,2025-02-09 22:00:00,2025-02-10 04:00:00,E,Dundas St West,1,0,3,0
2025-02-09,14,10:00,123,17,14.7,4,2,30.13,0,2025-02-09 22:00:00,2025-02-10 04:00:00,E,Howard Park Ave at Roncesvalles Ave,0,0,0,0
2025-02-09,14,10:00,123,17,14.7,4,2,30.13,0,2025-02-09 22:00:00,2025-02-10 04:00:00,E,Parliament St,0,0,0,0
2025-02-09,14,10:00,123,17,14.7,4,2,30.13,0,2025-02-09 22:00:00,2025-02-10 04:00:00,E,Parliament St at Gerrard St East,0,0,0,0
2025-02-09,14,10:00,123,17,14.7,4,2,30.13,0,2025-02-09 22:00:00,2025-02-10 04:00:00,E,Sumach St,0,0,0,0
2025-02-09,14,10:00,123,17,14.7,4,2,30.13,0,2025-02-09 22:00:00,2025-02-10 04:00:00,E,Blackburn St,0,0,0,0
2025-02-09,14,10:00,123,17,14.7,4,2,30.13,0,2025-02-09 22:00:00,2025-02-10 04:00:00,E,Logan Ave,0,0,0,0
2025-02-09,14,10:00,123,17,14.7,4,2,30.13,0,2025-02-09 22:00:00,2025-02-10 04:00:00,E,Augusta Ave,0,0,0,0
2025-02-09,14,10:00,123,17,14.7,4,2,30.13,0,2025-02-09 22:00:00,2025-02-10 04:00:00,E,Beverley St,0,0,0,0
2025-02-09,14,10:00,123,17,14.7,4,2,30.13,0,2025-02-09 22:00:00,2025-02-10 04:00:00,E,University Ave (Queen's Park Station,0,0,0,0
2025-02-09,14,10:00,123,17,14.7,4,2,30.13,0,2025-02-09 22:00:00,2025-02-10 04:00:00,E,Elizabeth St,0,0,0,0
2025-02-09,14,10:00,123,17,14.7,4,2,30.13,0,2025-02-09 22:00:00,2025-02-10 04:00:00,E,Greenwood Ave,0,0,0,0
2025-02-09,14,10:00,123,17,14.7,4,2,30.13,0,2025-02-09 22:00:00,2025-02-10 04:00:00,E,Alton Ave,0,0,0,0
2025-02-09,14,10:00,123,17,14.7,4,2,30.13,0,2025-02-09 22:00:00,2025-02-10 04:00:00,E,Coxwell Ave,0,0,0,0
2025-02-09,14,10:00,123,17,14.7,4,2,30.13,0,2025-02-09 22:00:00,2025-02-10 04:00:00,E,Gerrard St East  at Coxwell Ave,0,0,0,0
2025-02-09,14,10:00,123,17,14.7,4,2,30.13,0,2025-02-09 22:00:00,2025-02-10 04:00:00,E,Coxwell Ave at Lower Gerrard St East,0,0,0,0
2025-02-09,14,10:00,123,17,14.7,4,2,30.13,0,2025-02-09 22:00:00,2025-02-10 04:00:00,E,Ashdale Ave,0,0,0,0
2025-02-09,14,10:00,123,17,14.7,4,2,30.13,0,2025-02-09 22:00:00,2025-02-10 04:00:00,E,Howard Park Ave at Indian Rd,0,0,0,0
2025-02-09,14,10:00,123,17,14.7,4,2,30.13,0,2025-02-09 22:00:00,2025-02-10 04:00:00,E,Dundas St West at Howard Park Ave,0,0,0,0
2025-02-09,14,10:00,123,17,14.7,4,2,30.13,0,2025-02-09 22:00:00,2025-02-10 04:00:00,E,Main St at Gerrard St East,0,0,0,0
2025-02-09,14,10:00,123,17,14.7,4,2,30.13,0,2025-02-09 22:00:00,2025-02-10 04:00:00,E,Main St,0,0,0,0
2025-02-09,14,10:00,123,17,14.7,4,2,30.13,0,2025-02-09 22:00:00,2025-02-10 04:00:00,E,Main St at Danforth Ave,0,0,0,0
2025-02-09,14,10:00,123,17,14.7,4,2,30.13,0,2025-02-09 22:00:00,2025-02-10 04:00:00,E,Howard Park Ave at Parkside Dr,0,0,0,0
2025-02-09,14,10:00,123,17,14.7,4,2,30.13,0,2025-02-09 22:00:00,2025-02-10 04:00:00,W,Woodfield Rd,1,3,1,0
2025-02-09,14,10:00,123,17,14.7,4,2,30.13,0,2025-02-09 22:00:00,2025-02-10 04:00:00,W,Coxwell Ave at Gerrard St East,0,3,0,0
2025-02-09,14,10:00,123,17,14.7,4,2,30.13,0,2025-02-09 22:00:00,2025-02-10 04:00:00,W,Euclid Ave,0,0,0,0
2025-02-09,14,10:00,123,17,14.7,4,2,30.13,0,2025-02-09 22:00:00,2025-02-10 04:00:00,W,Bowmore Rd,0,2,0,0
2025-02-09,14,10:00,123,17,14.7,4,2,30.13,0,2025-02-09 22:00:00,2025-02-10 04:00:00,W,Bay St,1,3,1,0
2025-02-09,14,10:00,123,17,14.7,4,2,30.13,0,2025-02-09 22:00:00,2025-02-10 04:00:00,W,Lansdowne Ave,0,0,0,0
2025-02-09,14,10:00,123,17,14.7,4,2,30.13,0,2025-02-09 22:00:00,2025-02-10 04:00:00,W,Indian Rd,3,6,6,1
2025-02-09,14,10:00,123,17,14.7,4,2,30.13,0,2025-02-09 22:00:00,2025-02-10 04:00:00,W,Grace St,0,0,0,0
2025-02-09,14,10:00,123,17,14.7,4,2,30.13,0,2025-02-09 22:00:00,2025-02-10 04:00:00,W,Dufferin St,2,3,7,0
2025-02-09,14,10:00,123,17,14.7,4,2,30.13,0,2025-02-09 22:00:00,2025-02-10 04:00:00,W,Gerrard St East at Beaton Ave,0,2,0,0
2025-02-09,14,10:00,123,17,14.7,4,2,30.13,0,2025-02-09 22:00:00,2025-02-10 04:00:00,W,Bathurst St,0,0,0,0
2025-02-09,14,10:00,123,17,14.7,4,2,30.13,0,2025-02-09 22:00:00,2025-02-10 04:00:00,W,Yonge St - College Station,0,0,0,0
2025-02-09,14,10:00,123,17,14.7,4,2,30.13,0,2025-02-09 22:00:00,2025-02-10 04:00:00,W,Dundas St West at Sterling Rd,0,0,0,0
2025-02-09,14,10:00,123,17,14.7,4,2,30.13,0,2025-02-09 22:00:00,2025-02-10 04:00:00,W,Brock Ave,0,0,0,0
2025-02-09,14,10:00,123,17,14.7,4,2,30.13,0,2025-02-09 22:00:00,2025-02-10 04:00:00,W,Sackville St,1,2,1,0
2025-02-09,14,10:00,123,17,14.7,4,2,30.13,0,2025-02-09 22:00:00,2025-02-10 04:00:00,W,Carlaw Ave,0,0,0,0
2025-02-09,14,10:00,123,17,14.7,4,2,30.13,0,2025-02-09 22:00:00,2025-02-10 04:00:00,W,Borden St,0,0,0,0
2025-02-09,14,10:00,123,17,14.7,4,2,30.13,0,2025-02-09 22:00:00,2025-02-10 04:00:00,W,Dundas St West at Sorauren Ave,2,5,5,1
2025-02-09,14,10:00,123,17,14.7,4,2,30.13,0,2025-02-09 22:00:00,2025-02-10 04:00:00,W,Crawford St,0,0,0,0
2025-02-09,14,10:00,123,17,14.7,4,2,30.13,0,2025-02-09 22:00:00,2025-02-10 04:00:00,W,Pape Ave,0,0,0,0
2025-02-09,14,10:00,123,17,14.7,4,2,30.13,0,2025-02-09 22:00:00,2025-02-10 04:00:00,W,Spadina Ave,1,2,1,0
2025-02-09,14,10:00,123,17,14.7,4,2,30.13,0,2025-02-09 22:00:00,2025-02-10 04:00:00,W,River St,1,2,2,0
2025-02-09,14,10:00,123,17,14.7,4,2,30.13,0,2025-02-09 22:00:00,2025-02-10 04:00:00,W,Marjory Ave,0,0,0,0
2025-02-09,14,10:00,123,17,14.7,4,2,30.13,0,2025-02-09 22:00:00,2025-02-10 04:00:00,W,Kingsmount Park Rd,0,0,0,0
2025-02-09,14,10:00,123,17,14.7,4,2,30.13,0,2025-02-09 22:00:00,2025-02-10 04:00:00,W,Church St,0,0,0,0
2025-02-09,14,10:00,123,17,14.7,4,2,30.13,0,2025-02-09 22:00:00,2025-02-10 04:00:00,W,Ossington Ave,0,0,0,0
2025-02-09,14,10:00,123,17,14.7,4,2,30.13,0,2025-02-09 22:00:00,2025-02-10 04:00:00,W,Woodbine Ave,0,0,0,0
2025-02-09,14,10:00,123,17,14.7,4,2,30.13,0,2025-02-09 22:00:00,2025-02-10 04:00:00,W,Jones Ave,0,0,0,0
2025-02-09,14,10:00,123,17,14.7,4,2,30.13,0,2025-02-09 22:00:00,2025-02-10 04:00:00,W,Golfview Ave,0,0,0,0
2025-02-09,14,10:00,123,17,14.7,4,2,30.13,0,2025-02-09 22:00:00,2025-02-10 04:00:00,W,Leslie St,0,0,0,0
2025-02-09,14,10:00,123,17,14.7,4,2,30.13,0,2025-02-09 22:00:00,2025-02-10 04:00:00,W,St Matthews Rd,0,0,0,0
2025-02-09,14,10:00,123,17,14.7,4,2,30.13,0,2025-02-09 22:00:00,2025-02-10 04:00:00,W,Jarvis St,0,0,0,0
2025-02-09,14,10:00,123,17,14.7,4,2,30.13,0,2025-02-09 22:00:00,2025-02-10 04:00:00,W,Sherbourne St,0,0,0,0
2025-02-09,14,10:00,123,17,14.7,4,2,30.13,0,2025-02-09 22:00:00,2025-02-10 04:00:00,W,St George St,0,0,0,0
2025-02-09,14,10:00,123,17,14.7,4,2,30.13,0,2025-02-09 22:00:00,2025-02-10 04:00:00,W,Dovercourt Rd,0,0,0,0
2025-02-09,14,10:00,123,17,14.7,4,2,30.13,0,2025-02-09 22:00:00,2025-02-10 04:00:00,W,Glenmount Park Rd,0,0,0,0
2025-02-09,14,10:00,123,17,14.7,4,2,30.13,0,2025-02-09 22:00:00,2025-02-10 04:00:00,W,Prust Ave,0,0,0,0
2025-02-09,14,10:00,123,17,14.7,4,2,30.13,0,2025-02-09 22:00:00,2025-02-10 04:00:00,W,Main Street Station at Bay 7,0,2,1,0
2025-02-09,14,10:00,123,17,14.7,4,2,30.13,0,2025-02-09 22:00:00,2025-02-10 04:00:00,W,Norwood Rd,0,0,0,0
2025-02-09,14,10:00,123,17,14.7,4,2,30.13,0,2025-02-09 22:00:00,2025-02-10 04:00:00,W,McCaul St,0,0,0,0
2025-02-09,14,10:00,123,17,14.7,4,2,30.13,0,2025-02-09 22:00:00,2025-02-10 04:00:00,W,Broadview Ave,0,0,0,0
2025-02-09,14,10:00,123,17,14.7,4,2,30.13,0,2025-02-09 22:00:00,2025-02-10 04:00:00,W,Ontario St,0,0,0,0
2025-02-09,14,10:00,123,17,14.7,4,2,30.13,0,2025-02-09 22:00:00,2025-02-10 04:00:00,W,Rusholme Park Cres,0,0,0,0
2025-02-09,14,10:00,123,17,14.7,4,2,30.13,0,2025-02-09 22:00:00,2025-02-10 04:00:00,W,Havelock St,0,0,0,0
2025-02-09,14,10:00,123,17,14.7,4,2,30.13,0,2025-02-09 22:00:00,2025-02-10 04:00:00,W,High Park Loop,0,0,0,0
2025-02-09,14,10:00,123,17,14.7,4,2,30.13,0,2025-02-09 22:00:00,2025-02-10 04:00:00,W,Queens Park (Queen's Park Station),0,0,0,0
2025-02-09,14,10:00,123,17,14.7,4,2,30.13,0,2025-02-09 22:00:00,2025-02-10 04:00:00,W,Roncesvalles Ave,1,6,5,1
2025-02-09,14,10:00,123,17,14.7,4,2,30.13,0,2025-02-09 22:00:00,2025-02-10 04:00:00,W,De Grassi St,0,0,0,0
2025-02-09,14,10:00,123,17,14.7,4,2,30.13,0,2025-02-09 22:00:00,2025-02-10 04:00:00,W,Parliament St at Carlton St,0,0,0,0
2025-02-09,14,10:00,123,17,14.7,4,2,30.13,0,2025-02-09 22:00:00,2025-02-10 04:00:00,W,Parkside Dr East Side,0,0,0,0
2025-02-09,14,10:00,123,17,14.7,4,2,30.13,0,2025-02-09 22:00:00,2025-02-10 04:00:00,W,Dundas St West,2,6,5,1
2025-02-09,14,10:00,123,17,14.7,4,2,30.13,0,2025-02-09 22:00:00,2025-02-10 04:00:00,W,Howard Park Ave at Roncesvalles Ave,0,0,0,0
2025-02-09,14,10:00,123,17,14.7,4,2,30.13,0,2025-02-09 22:00:00,2025-02-10 04:00:00,W,Parliament St,0,0,0,0
2025-02-09,14,10:00,123,17,14.7,4,2,30.13,0,2025-02-09 22:00:00,2025-02-10 04:00:00,W,Parliament St at Gerrard St East,0,0,0,0
2025-02-09,14,10:00,123,17,14.7,4,2,30.13,0,2025-02-09 22:00:00,2025-02-10 04:00:00,W,Sumach St,0,0,0,0
2025-02-09,14,10:00,123,17,14.7,4,2,30.13,0,2025-02-09 22:00:00,2025-02-10 04:00:00,W,Blackburn St,0,0,0,0
2025-02-09,14,10:00,123,17,14.7,4,2,30.13,0,2025-02-09 22:00:00,2025-02-10 04:00:00,W,Logan Ave,0,0,0,0
2025-02-09,14,10:00,123,17,14.7,4,2,30.13,0,2025-02-09 22:00:00,2025-02-10 04:00:00,W,Augusta Ave,0,0,0,0
2025-02-09,14,10:00,123,17,14.7,4,2,30.13,0,2025-02-09 22:00:00,2025-02-10 04:00:00,W,Beverley St,0,0,0,0
2025-02-09,14,10:00,123,17,14.7,4,2,30.13,0,2025-02-09 22:00:00,2025-02-10 04:00:00,W,University Ave (Queen's Park Station,0,0,0,0
2025-02-09,14,10:00,123,17,14.7,4,2,30.13,0,2025-02-09 22:00:00,2025-02-10 04:00:00,W,Elizabeth St,0,0,0,0
2025-02-09,14,10:00,123,17,14.7,4,2,30.13,0,2025-02-09 22:00:00,2025-02-10 04:00:00,W,Greenwood Ave,0,0,0,0
2025-02-09,14,10:00,123,17,14.7,4,2,30.13,0,2025-02-09 22:00:00,2025-02-10 04:00:00,W,Alton Ave,0,0,0,0
2025-02-09,14,10:00,123,17,14.7,4,2,30.13,0,2025-02-09 22:00:00,2025-02-10 04:00:00,W,Coxwell Ave,0,0,0,0
2025-02-09,14,10:00,123,17,14.7,4,2,30.13,0,2025-02-09 22:00:00,2025-02-10 04:00:00,W,Gerrard St East  at Coxwell Ave,0,0,0,0
2025-02-09,14,10:00,123,17,14.7,4,2,30.13,0,2025-02-09 22:00:00,2025-02-10 04:00:00,W,Coxwell Ave at Lower Gerrard St East,0,0,0,0
2025-02-09,14,10:00,123,17,14.7,4,2,30.13,0,2025-02-09 22:00:00,2025-02-10 04:00:00,W,Ashdale Ave,0,0,0,0
2025-02-09,14,10:00,123,17,14.7,4,2,30.13,0,2025-02-09 22:00:00,2025-02-10 04:00:00,W,Howard Park Ave at Indian Rd,0,0,0,0
2025-02-09,14,10:00,123,17,14.7,4,2,30.13,0,2025-02-09 22:00:00,2025-02-10 04:00:00,W,Dundas St West at Howard Park Ave,0,0,0,0
2025-02-09,14,10:00,123,17,14.7,4,2,30.13,0,2025-02-09 22:00:00,2025-02-10 04:00:00,W,Main St at Gerrard St East,0,0,0,0
2025-02-09,14,10:00,123,17,14.7,4,2,30.13,0,2025-02-09 22:00:00,2025-02-10 04:00:00,W,Main St,0,0,0,0
2025-02-09,14,10:00,123,17,14.7,4,2,30.13,0,2025-02-09 22:00:00,2025-02-10 04:00:00,W,Main St at Danforth Ave,0,0,0,0
2025-02-09,14,10:00,123,17,14.7,4,2,30.13,0,2025-02-09 22:00:00,2025-02-10 04:00:00,W,Howard Park Ave at Parkside Dr,0,0,0,0
2025-02-16,14,10:00,123,17,14.7,4,2,30.13,0,2025-02-16 22:00:00,2025-02-17 04:00:00,E,Woodfield Rd,3,5,1,4
2025-02-16,14,10:00,123,17,14.7,4,2,30.13,0,2025-02-16 22:00:00,2025-02-17 04:00:00,E,Coxwell Ave at Gerrard St East,0,0,0,0
2025-02-16,14,10:00,123,17,14.7,4,2,30.13,0,2025-02-16 22:00:00,2025-02-17 04:00:00,E,Euclid Ave,2,5,3,2
2025-02-16,14,10:00,123,17,14.7,4,2,30.13,0,2025-02-16 22:00:00,2025-02-17 04:00:00,E,Bowmore Rd,1,3,1,1
2025-02-16,14,10:00,123,17,14.7,4,2,30.13,0,2025-02-16 22:00:00,2025-02-17 04:00:00,E,Bay St,3,6,2,3
2025-02-16,14,10:00,123,17,14.7,4,2,30.13,0,2025-02-16 22:00:00,2025-02-17 04:00:00,E,Lansdowne Ave,2,8,3,6
2025-02-16,14,10:00,123,17,14.7,4,2,30.13,0,2025-02-16 22:00:00,2025-02-17 04:00:00,E,Indian Rd,0,3,1,2
2025-02-16,14,10:00,123,17,14.7,4,2,30.13,0,2025-02-16 22:00:00,2025-02-17 04:00:00,E,Grace St,1,8,5,2
2025-02-16,14,10:00,123,17,14.7,4,2,30.13,0,2025-02-16 22:00:00,2025-02-17 04:00:00,E,Dufferin St,3,6,2,4
2025-02-16,14,10:00,123,17,14.7,4,2,30.13,0,2025-02-16 22:00:00,2025-02-17 04:00:00,E,Gerrard St East at Beaton Ave,1,4,1,1
2025-02-16,14,10:00,123,17,14.7,4,2,30.13,0,2025-02-16 22:00:00,2025-02-17 04:00:00,E,Bathurst St,2,4,3,3
2025-02-16,14,10:00,123,17,14.7,4,2,30.13,0,2025-02-16 22:00:00,2025-02-17 04:00:00,E,Yonge St - College Station,3,6,2,3
2025-02-16,14,10:00,123,17,14.7,4,2,30.13,0,2025-02-16 22:00:00,2025-02-17 04:00:00,E,Dundas St West at Sterling Rd,0,5,2,3
2025-02-16,14,10:00,123,17,14.7,4,2,30.13,0,2025-02-16 22:00:00,2025-02-17 04:00:00,E,Brock Ave,1,7,3,5
2025-02-16,14,10:00,123,17,14.7,4,2,30.13,0,2025-02-16 22:00:00,2025-02-17 04:00:00,E,Sackville St,2,5,4,3
2025-02-16,14,10:00,123,17,14.7,4,2,30.13,0,2025-02-16 22:00:00,2025-02-17 04:00:00,E,Carlaw Ave,3,6,2,3
2025-02-16,14,10:00,123,17,14.7,4,2,30.13,0,2025-02-16 22:00:00,2025-02-17 04:00:00,E,Borden St,2,4,4,2
2025-02-16,14,10:00,123,17,14.7,4,2,30.13,0,2025-02-16 22:00:00,2025-02-17 04:00:00,E,Dundas St West at Sorauren Ave,0,5,2,3
2025-02-16,14,10:00,123,17,14.7,4,2,30.13,0,2025-02-16 22:00:00,2025-02-17 04:00:00,E,Crawford St,1,7,5,2
2025-02-16,14,10:00,123,17,14.7,4,2,30.13,0,2025-02-16 22:00:00,2025-02-17 04:00:00,E,Pape Ave,3,6,2,3
2025-02-16,14,10:00,123,17,14.7,4,2,30.13,0,2025-02-16 22:00:00,2025-02-17 04:00:00,E,Spadina Ave,1,5,3,3
2025-02-16,14,10:00,123,17,14.7,4,2,30.13,0,2025-02-16 22:00:00,2025-02-17 04:00:00,E,River St,1,5,3,3
2025-02-16,14,10:00,123,17,14.7,4,2,30.13,0,2025-02-16 22:00:00,2025-02-17 04:00:00,E,Marjory Ave,3,6,2,3
2025-02-16,14,10:00,123,17,14.7,4,2,30.13,0,2025-02-16 22:00:00,2025-02-17 04:00:00,E,Kingsmount Park Rd,1,2,0,2
2025-02-16,14,10:00,123,17,14.7,4,2,30.13,0,2025-02-16 22:00:00,2025-02-17 04:00:00,E,Church St,0,0,0,0
2025-02-16,14,10:00,123,17,14.7,4,2,30.13,0,2025-02-16 22:00:00,2025-02-17 04:00:00,E,Ossington Ave,3,8,6,6
2025-02-16,14,10:00,123,17,14.7,4,2,30.13,0,2025-02-16 22:00:00,2025-02-17 04:00:00,E,Woodbine Ave,1,2,0,2
2025-02-16,14,10:00,123,17,14.7,4,2,30.13,0,2025-02-16 22:00:00,2025-02-17 04:00:00,E,Jones Ave,3,6,2,3
2025-02-16,14,10:00,123,17,14.7,4,2,30.13,0,2025-02-16 22:00:00,2025-02-17 04:00:00,E,Golfview Ave,1,4,0,2
2025-02-16,14,10:00,123,17,14.7,4,2,30.13,0,2025-02-16 22:00:00,2025-02-17 04:00:00,E,Leslie St,3,6,1,4
2025-02-16,14,10:00,123,17,14.7,4,2,30.13,0,2025-02-16 22:00:00,2025-02-17 04:00:00,E,St Matthews Rd,0,5,3,3
2025-02-16,14,10:00,123,17,14.7,4,2,30.13,0,2025-02-16 22:00:00,2025-02-17 04:00:00,E,Jarvis St,2,3,2,4
2025-02-16,14,10:00,123,17,14.7,4,2,30.13,0,2025-02-16 22:00:00,2025-02-17 04:00:00,E,Sherbourne St,2,3,2,4
2025-02-16,14,10:00,123,17,14.7,4,2,30.13,0,2025-02-16 22:00:00,2025-02-17 04:00:00,E,St George St,3,5,3,2
2025-02-16,14,10:00,123,17,14.7,4,2,30.13,0,2025-02-16 22:00:00,2025-02-17 04:00:00,E,Dovercourt Rd,3,10,5,5
2025-02-16,14,10:00,123,17,14.7,4,2,30.13,0,2025-02-16 22:00:00,2025-02-17 04:00:00,E,Glenmount Park Rd,1,4,0,2
2025-02-16,14,10:00,123,17,14.7,4,2,30.13,0,2025-02-16 22:00:00,2025-02-17 04:00:00,E,Prust Ave,3,6,2,3
2025-02-16,14,10:00,123,17,14.7,4,2,30.13,0,2025-02-16 22:00:00,2025-02-17 04:00:00,E,Main Street Station at Bay 7,0,0,0,0
2025-02-16,14,10:00,123,17,14.7,4,2,30.13,0,2025-02-16 22:00:00,2025-02-17 04:00:00,E,Norwood Rd,1,3,0,2
2025-02-16,14,10:00,123,17,14.7,4,2,30.13,0,2025-02-16 22:00:00,2025-02-17 04:00:00,E,McCaul St,3,6,3,2
2025-02-16,14,10:00,123,17,14.7,4,2,30.13,0,2025-02-16 22:00:00,2025-02-17 04:00:00,E,Broadview Ave,0,4,3,1
2025-02-16,14,10:00,123,17,14.7,4,2,30.13,0,2025-02-16 22:00:00,2025-02-17 04:00:00,E,Ontario St,0,5,3,3
2025-02-16,14,10:00,123,17,14.7,4,2,30.13,0,2025-02-16 22:00:00,2025-02-17 04:00:00,E,Rusholme Park Cres,0,3,2,4
2025-02-16,14,10:00,123,17,14.7,4,2,30.13,0,2025-02-16 22:00:00,2025-02-17 04:00:00,E,Havelock St,3,6,2,3
2025-02-16,14,10:00,123,17,14.7,4,2,30.13,0,2025-02-16 22:00:00,2025-02-17 04:00:00,E,High Park Loop,0,6,4,4
2025-02-16,14,10:00,123,17,14.7,4,2,30.13,0,2025-02-16 22:00:00,2025-02-17 04:00:00,E,Queens Park (Queen's Park Station),3,6,3,2
2025-02-16,14,10:00,123,17,14.7,4,2,30.13,0,2025-02-16 22:00:00,2025-02-17 04:00:00,E,Roncesvalles Ave,0,3,2,4
2025-02-16,14,10:00,123,17,14.7,4,2,30.13,0,2025-02-16 22:00:00,2025-02-17 04:00:00,E,De Grassi St,1,3,3,3
2025-02-16,14,10:00,123,17,14.7,4,2,30.13,0,2025-02-16 22:00:00,2025-02-17 04:00:00,E,Parliament St at Carlton St,3,5,3,3
2025-02-16,14,10:00,123,17,14.7,4,2,30.13,0,2025-02-16 22:00:00,2025-02-17 04:00:00,E,Parkside Dr East Side,0,3,0,3
2025-02-16,14,10:00,123,17,14.7,4,2,30.13,0,2025-02-16 22:00:00,2025-02-17 04:00:00,E,Dundas St West,0,6,2,4
2025-02-16,14,10:00,123,17,14.7,4,2,30.13,0,2025-02-16 22:00:00,2025-02-17 04:00:00,E,Howard Park Ave at Roncesvalles Ave,0,0,0,0
2025-02-16,14,10:00,123,17,14.7,4,2,30.13,0,2025-02-16 22:00:00,2025-02-17 04:00:00,E,Parliament St,0,0,0,0
2025-02-16,14,10:00,123,17,14.7,4,2,30.13,0,2025-02-16 22:00:00,2025-02-17 04:00:00,E,Parliament St at Gerrard St East,0,0,0,0
2025-02-16,14,10:00,123,17,14.7,4,2,30.13,0,2025-02-16 22:00:00,2025-02-17 04:00:00,E,Sumach St,0,0,0,0
2025-02-16,14,10:00,123,17,14.7,4,2,30.13,0,2025-02-16 22:00:00,2025-02-17 04:00:00,E,Blackburn St,0,0,0,0
2025-02-16,14,10:00,123,17,14.7,4,2,30.13,0,2025-02-16 22:00:00,2025-02-17 04:00:00,E,Logan Ave,0,0,0,0
2025-02-16,14,10:00,123,17,14.7,4,2,30.13,0,2025-02-16 22:00:00,2025-02-17 04:00:00,E,Augusta Ave,0,0,0,0
2025-02-16,14,10:00,123,17,14.7,4,2,30.13,0,2025-02-16 22:00:00,2025-02-17 04:00:00,E,Beverley St,0,0,0,0
2025-02-16,14,10:00,123,17,14.7,4,2,30.13,0,2025-02-16 22:00:00,2025-02-17 04:00:00,E,University Ave (Queen's Park Station,0,0,0,0
2025-02-16,14,10:00,123,17,14.7,4,2,30.13,0,2025-02-16 22:00:00,2025-02-17 04:00:00,E,Elizabeth St,0,0,0,0
2025-02-16,14,10:00,123,17,14.7,4,2,30.13,0,2025-02-16 22:00:00,2025-02-17 04:00:00,E,Greenwood Ave,0,0,0,0
2025-02-16,14,10:00,123,17,14.7,4,2,30.13,0,2025-02-16 22:00:00,2025-02-17 04:00:00,E,Alton Ave,0,0,0,0
2025-02-16,14,10:00,123,17,14.7,4,2,30.13,0,2025-02-16 22:00:00,2025-02-17 04:00:00,E,Coxwell Ave,0,0,0,0
2025-02-16,14,10:00,123,17,14.7,4,2,30.13,0,2025-02-16 22:00:00,2025-02-17 04:00:00,E,Gerrard St East  at Coxwell Ave,0,0,0,0
2025-02-16,14,10:00,123,17,14.7,4,2,30.13,0,2025-02-16 22:00:00,2025-02-17 04:00:00,E,Coxwell Ave at Lower Gerrard St East,0,0,0,0
2025-02-16,14,10:00,123,17,14.7,4,2,30.13,0,2025-02-16 22:00:00,2025-02-17 04:00:00,E,Ashdale Ave,0,0,0,0
2025-02-16,14,10:00,123,17,14.7,4,2,30.13,0,2025-02-16 22:00:00,2025-02-17 04:00:00,E,Howard Park Ave at Indian Rd,0,0,0,0
2025-02-16,14,10:00,123,17,14.7,4,2,30.13,0,2025-02-16 22:00:00,2025-02-17 04:00:00,E,Dundas St West at Howard Park Ave,0,0,0,0
2025-02-16,14,10:00,123,17,14.7,4,2,30.13,0,2025-02-16 22:00:00,2025-02-17 04:00:00,E,Main St at Gerrard St East,0,0,0,0
2025-02-16,14,10:00,123,17,14.7,4,2,30.13,0,2025-02-16 22:00:00,2025-02-17 04:00:00,E,Main St,0,0,0,0
2025-02-16,14,10:00,123,17,14.7,4,2,30.13,0,2025-02-16 22:00:00,2025-02-17 04:00:00,E,Main St at Danforth Ave,0,0,0,0
2025-02-16,14,10:00,123,17,14.7,4,2,30.13,0,2025-02-16 22:00:00,2025-02-17 04:00:00,E,Howard Park Ave at Parkside Dr,0,0,0,0
2025-02-16,14,10:00,123,17,14.7,4,2,30.13,0,2025-02-16 22:00:00,2025-02-17 04:00:00,W,Woodfield Rd,0,0,0,0
2025-02-16,14,10:00,123,17,14.7,4,2,30.13,0,2025-02-16 22:00:00,2025-02-17 04:00:00,W,Coxwell Ave at Gerrard St East,0,0,0,0
2025-02-16,14,10:00,123,17,14.7,4,2,30.13,0,2025-02-16 22:00:00,2025-02-17 04:00:00,W,Euclid Ave,0,0,0,0
2025-02-16,14,10:00,123,17,14.7,4,2,30.13,0,2025-02-16 22:00:00,2025-02-17 04:00:00,W,Bowmore Rd,1,1,1,0
2025-02-16,14,10:00,123,17,14.7,4,2,30.13,0,2025-02-16 22:00:00,2025-02-17 04:00:00,W,Bay St,2,1,1,0
2025-02-16,14,10:00,123,17,14.7,4,2,30.13,0,2025-02-16 22:00:00,2025-02-17 04:00:00,W,Lansdowne Ave,0,0,0,0
2025-02-16,14,10:00,123,17,14.7,4,2,30.13,0,2025-02-16 22:00:00,2025-02-17 04:00:00,W,Indian Rd,4,2,0,2
2025-02-16,14,10:00,123,17,14.7,4,2,30.13,0,2025-02-16 22:00:00,2025-02-17 04:00:00,W,Grace St,0,0,0,0
2025-02-16,14,10:00,123,17,14.7,4,2,30.13,0,2025-02-16 22:00:00,2025-02-17 04:00:00,W,Dufferin St,3,2,1,2
2025-02-16,14,10:00,123,17,14.7,4,2,30.13,0,2025-02-16 22:00:00,2025-02-17 04:00:00,W,Gerrard St East at Beaton Ave,1,2,0,2
2025-02-16,14,10:00,123,17,14.7,4,2,30.13,0,2025-02-16 22:00:00,2025-02-17 04:00:00,W,Bathurst St,0,0,0,0
2025-02-16,14,10:00,123,17,14.7,4,2,30.13,0,2025-02-16 22:00:00,2025-02-17 04:00:00,W,Yonge St - College Station,0,0,0,0
2025-02-16,14,10:00,123,17,14.7,4,2,30.13,0,2025-02-16 22:00:00,2025-02-17 04:00:00,W,Dundas St West at Sterling Rd,0,0,0,0
2025-02-16,14,10:00,123,17,14.7,4,2,30.13,0,2025-02-16 22:00:00,2025-02-17 04:00:00,W,Brock Ave,0,0,0,0
2025-02-16,14,10:00,123,17,14.7,4,2,30.13,0,2025-02-16 22:00:00,2025-02-17 04:00:00,W,Sackville St,4,3,2,3
2025-02-16,14,10:00,123,17,14.7,4,2,30.13,0,2025-02-16 22:00:00,2025-02-17 04:00:00,W,Carlaw Ave,0,0,0,0
2025-02-16,14,10:00,123,17,14.7,4,2,30.13,0,2025-02-16 22:00:00,2025-02-17 04:00:00,W,Borden St,0,0,0,0
2025-02-16,14,10:00,123,17,14.7,4,2,30.13,0,2025-02-16 22:00:00,2025-02-17 04:00:00,W,Dundas St West at Sorauren Ave,2,2,0,2
2025-02-16,14,10:00,123,17,14.7,4,2,30.13,0,2025-02-16 22:00:00,2025-02-17 04:00:00,W,Crawford St,0,0,0,0
2025-02-16,14,10:00,123,17,14.7,4,2,30.13,0,2025-02-16 22:00:00,2025-02-17 04:00:00,W,Pape Ave,0,0,0,0
2025-02-16,14,10:00,123,17,14.7,4,2,30.13,0,2025-02-16 22:00:00,2025-02-17 04:00:00,W,Spadina Ave,2,3,2,3
2025-02-16,14,10:00,123,17,14.7,4,2,30.13,0,2025-02-16 22:00:00,2025-02-17 04:00:00,W,River St,3,3,4,3
2025-02-16,14,10:00,123,17,14.7,4,2,30.13,0,2025-02-16 22:00:00,2025-02-17 04:00:00,W,Marjory Ave,0,0,0,0
2025-02-16,14,10:00,123,17,14.7,4,2,30.13,0,2025-02-16 22:00:00,2025-02-17 04:00:00,W,Kingsmount Park Rd,0,0,0,0
2025-02-16,14,10:00,123,17,14.7,4,2,30.13,0,2025-02-16 22:00:00,2025-02-17 04:00:00,W,Church St,0,0,0,0
2025-02-16,14,10:00,123,17,14.7,4,2,30.13,0,2025-02-16 22:00:00,2025-02-17 04:00:00,W,Ossington Ave,0,0,0,0
2025-02-16,14,10:00,123,17,14.7,4,2,30.13,0,2025-02-16 22:00:00,2025-02-17 04:00:00,W,Woodbine Ave,0,0,0,0
2025-02-16,14,10:00,123,17,14.7,4,2,30.13,0,2025-02-16 22:00:00,2025-02-17 04:00:00,W,Jones Ave,0,0,0,0
2025-02-16,14,10:00,123,17,14.7,4,2,30.13,0,2025-02-16 22:00:00,2025-02-17 04:00:00,W,Golfview Ave,0,0,0,0
2025-02-16,14,10:00,123,17,14.7,4,2,30.13,0,2025-02-16 22:00:00,2025-02-17 04:00:00,W,Leslie St,0,0,0,0
2025-02-16,14,10:00,123,17,14.7,4,2,30.13,0,2025-02-16 22:00:00,2025-02-17 04:00:00,W,St Matthews Rd,0,0,0,0
2025-02-16,14,10:00,123,17,14.7,4,2,30.13,0,2025-02-16 22:00:00,2025-02-17 04:00:00,W,Jarvis St,0,0,0,0
2025-02-16,14,10:00,123,17,14.7,4,2,30.13,0,2025-02-16 22:00:00,2025-02-17 04:00:00,W,Sherbourne St,0,0,0,0
2025-02-16,14,10:00,123,17,14.7,4,2,30.13,0,2025-02-16 22:00:00,2025-02-17 04:00:00,W,St George St,0,0,0,0
2025-02-16,14,10:00,123,17,14.7,4,2,30.13,0,2025-02-16 22:00:00,2025-02-17 04:00:00,W,Dovercourt Rd,0,0,0,0
2025-02-16,14,10:00,123,17,14.7,4,2,30.13,0,2025-02-16 22:00:00,2025-02-17 04:00:00,W,Glenmount Park Rd,0,0,0,0
2025-02-16,14,10:00,123,17,14.7,4,2,30.13,0,2025-02-16 22:00:00,2025-02-17 04:00:00,W,Prust Ave,0,0,0,0
2025-02-16,14,10:00,123,17,14.7,4,2,30.13,0,2025-02-16 22:00:00,2025-02-17 04:00:00,W,Main Street Station at Bay 7,1,1,0,1
2025-02-16,14,10:00,123,17,14.7,4,2,30.13,0,2025-02-16 22:00:00,2025-02-17 04:00:00,W,Norwood Rd,0,0,0,0
2025-02-16,14,10:00,123,17,14.7,4,2,30.13,0,2025-02-16 22:00:00,2025-02-17 04:00:00,W,McCaul St,0,0,0,0
2025-02-16,14,10:00,123,17,14.7,4,2,30.13,0,2025-02-16 22:00:00,2025-02-17 04:00:00,W,Broadview Ave,0,0,0,0
2025-02-16,14,10:00,123,17,14.7,4,2,30.13,0,2025-02-16 22:00:00,2025-02-17 04:00:00,W,Ontario St,0,0,0,0
2025-02-16,14,10:00,123,17,14.7,4,2,30.13,0,2025-02-16 22:00:00,2025-02-17 04:00:00,W,Rusholme Park Cres,0,0,0,0
2025-02-16,14,10:00,123,17,14.7,4,2,30.13,0,2025-02-16 22:00:00,2025-02-17 04:00:00,W,Havelock St,0,0,0,0
2025-02-16,14,10:00,123,17,14.7,4,2,30.13,0,2025-02-16 22:00:00,2025-02-17 04:00:00,W,High Park Loop,0,0,0,0
2025-02-16,14,10:00,123,17,14.7,4,2,30.13,0,2025-02-16 22:00:00,2025-02-17 04:00:00,W,Queens Park (Queen's Park Station),0,0,0,0
2025-02-16,14,10:00,123,17,14.7,4,2,30.13,0,2025-02-16 22:00:00,2025-02-17 04:00:00,W,Roncesvalles Ave,3,2,0,2
2025-02-16,14,10:00,123,17,14.7,4,2,30.13,0,2025-02-16 22:00:00,2025-02-17 04:00:00,W,De Grassi St,0,0,0,0
2025-02-16,14,10:00,123,17,14.7,4,2,30.13,0,2025-02-16 22:00:00,2025-02-17 04:00:00,W,Parliament St at Carlton St,0,0,0,0
2025-02-16,14,10:00,123,17,14.7,4,2,30.13,0,2025-02-16 22:00:00,2025-02-17 04:00:00,W,Parkside Dr East Side,0,0,0,0
2025-02-16,14,10:00,123,17,14.7,4,2,30.13,0,2025-02-16 22:00:00,2025-02-17 04:00:00,W,Dundas St West,3,2,0,2
2025-02-16,14,10:00,123,17,14.7,4,2,30.13,0,2025-02-16 22:00:00,2025-02-17 04:00:00,W,Howard Park Ave at Roncesvalles Ave,0,0,0,0
2025-02-16,14,10:00,123,17,14.7,4,2,30.13,0,2025-02-16 22:00:00,2025-02-17 04:00:00,W,Parliament St,0,0,0,0
2025-02-16,14,10:00,123,17,14.7,4,2,30.13,0,2025-02-16 22:00:00,2025-02-17 04:00:00,W,Parliament St at Gerrard St East,0,0,0,0
2025-02-16,14,10:00,123,17,14.7,4,2,30.13,0,2025-02-16 22:00:00,2025-02-17 04:00:00,W,Sumach St,0,0,0,0
2025-02-16,14,10:00,123,17,14.7,4,2,30.13,0,2025-02-16 22:00:00,2025-02-17 04:00:00,W,Blackburn St,0,0,0,0
2025-02-16,14,10:00,123,17,14.7,4,2,30.13,0,2025-02-16 22:00:00,2025-02-17 04:00:00,W,Logan Ave,0,0,0,0
2025-02-16,14,10:00,123,17,14.7,4,2,30.13,0,2025-02-16 22:00:00,2025-02-17 04:00:00,W,Augusta Ave,0,0,0,0
2025-02-16,14,10:00,123,17,14.7,4,2,30.13,0,2025-02-16 22:00:00,2025-02-17 04:00:00,W,Beverley St,0,0,0,0
2025-02-16,14,10:00,123,17,14.7,4,2,30.13,0,2025-02-16 22:00:00,2025-02-17 04:00:00,W,University Ave (Queen's Park Station,0,0,0,0
2025-02-16,14,10:00,123,17,14.7,4,2,30.13,0,2025-02-16 22:00:00,2025-02-17 04:00:00,W,Elizabeth St,0,0,0,0
2025-02-16,14,10:00,123,17,14.7,4,2,30.13,0,2025-02-16 22:00:00,2025-02-17 04:00:00,W,Greenwood Ave,0,0,0,0
2025-02-16,14,10:00,123,17,14.7,4,2,30.13,0,2025-02-16 22:00:00,2025-02-17 04:00:00,W,Alton Ave,0,0,0,0
2025-02-16,14,10:00,123,17,14.7,4,2,30.13,0,2025-02-16 22:00:00,2025-02-17 04:00:00,W,Coxwell Ave,0,0,0,0
2025-02-16,14,10:00,123,17,14.7,4,2,30.13,0,2025-02-16 22:00:00,2025-02-17 04:00:00,W,Gerrard St East  at Coxwell Ave,0,0,0,0
2025-02-16,14,10:00,123,17,14.7,4,2,30.13,0,2025-02-16 22:00:00,2025-02-17 04:00:00,W,Coxwell Ave at Lower Gerrard St East,0,0,0,0
2025-02-16,14,10:00,123,17,14.7,4,2,30.13,0,2025-02-16 22:00:00,2025-02-17 04:00:00,W,Ashdale Ave,0,0,0,0
2025-02-16,14,10:00,123,17,14.7,4,2,30.13,0,2025-02-16 22:00:00,2025-02-17 04:00:00,W,Howard Park Ave at Indian Rd,0,0,0,0
2025-02-16,14,10:00,123,17,14.7,4,2,30.13,0,2025-02-16 22:00:00,2025-02-17 04:00:00,W,Dundas St West at Howard Park Ave,0,0,0,0
2025-02-16,14,10:00,123,17,14.7,4,2,30.13,0,2025-02-16 22:00:00,2025-02-17 04:00:00,W,Main St at Gerrard St East,0,0,0,0
2025-02-16,14,10:00,123,17,14.7,4,2,30.13,0,2025-02-16 22:00:00,2025-02-17 04:00:00,W,Main St,0,0,0,0
2025-02-16,14,10:00,123,17,14.7,4,2,30.13,0,2025-02-16 22:00:00,2025-02-17 04:00:00,W,Main St at Danforth Ave,0,0,0,0
2025-02-16,14,10:00,123,17,14.7,4,2,30.13,0,2025-02-16 22:00:00,2025-02-17 04:00:00,W,Howard Park Ave at Parkside Dr,0,0,0,0
2025-02-23,14,10:00,123,17,14.7,4,2,30.13,0,2025-02-23 22:00:00,2025-02-24 04:00:00,E,Woodfield Rd,6,4,3,3
2025-02-23,14,10:00,123,17,14.7,4,2,30.13,0,2025-02-23 22:00:00,2025-02-24 04:00:00,E,Coxwell Ave at Gerrard St East,0,0,0,0
2025-02-23,14,10:00,123,17,14.7,4,2,30.13,0,2025-02-23 22:00:00,2025-02-24 04:00:00,E,Euclid Ave,4,2,2,4
2025-02-23,14,10:00,123,17,14.7,4,2,30.13,0,2025-02-23 22:00:00,2025-02-24 04:00:00,E,Bowmore Rd,6,3,3,4
2025-02-23,14,10:00,123,17,14.7,4,2,30.13,0,2025-02-23 22:00:00,2025-02-24 04:00:00,E,Bay St,5,2,3,3
2025-02-23,14,10:00,123,17,14.7,4,2,30.13,0,2025-02-23 22:00:00,2025-02-24 04:00:00,E,Lansdowne Ave,9,7,4,10
2025-02-23,14,10:00,123,17,14.7,4,2,30.13,0,2025-02-23 22:00:00,2025-02-24 04:00:00,E,Indian Rd,0,3,1,4
2025-02-23,14,10:00,123,17,14.7,4,2,30.13,0,2025-02-23 22:00:00,2025-02-24 04:00:00,E,Grace St,3,7,3,10
2025-02-23,14,10:00,123,17,14.7,4,2,30.13,0,2025-02-23 22:00:00,2025-02-24 04:00:00,E,Dufferin St,6,3,3,3
2025-02-23,14,10:00,123,17,14.7,4,2,30.13,0,2025-02-23 22:00:00,2025-02-24 04:00:00,E,Gerrard St East at Beaton Ave,5,3,2,4
2025-02-23,14,10:00,123,17,14.7,4,2,30.13,0,2025-02-23 22:00:00,2025-02-24 04:00:00,E,Bathurst St,6,2,2,4
2025-02-23,14,10:00,123,17,14.7,4,2,30.13,0,2025-02-23 22:00:00,2025-02-24 04:00:00,E,Yonge St - College Station,4,2,3,3
2025-02-23,14,10:00,123,17,14.7,4,2,30.13,0,2025-02-23 22:00:00,2025-02-24 04:00:00,E,Dundas St West at Sterling Rd,2,2,1,5
2025-02-23,14,10:00,123,17,14.7,4,2,30.13,0,2025-02-23 22:00:00,2025-02-24 04:00:00,E,Brock Ave,7,6,4,9
2025-02-23,14,10:00,123,17,14.7,4,2,30.13,0,2025-02-23 22:00:00,2025-02-24 04:00:00,E,Sackville St,3,2,2,4
2025-02-23,14,10:00,123,17,14.7,4,2,30.13,0,2025-02-23 22:00:00,2025-02-24 04:00:00,E,Carlaw Ave,4,2,3,3
2025-02-23,14,10:00,123,17,14.7,4,2,30.13,0,2025-02-23 22:00:00,2025-02-24 04:00:00,E,Borden St,5,2,2,4
2025-02-23,14,10:00,123,17,14.7,4,2,30.13,0,2025-02-23 22:00:00,2025-02-24 04:00:00,E,Dundas St West at Sorauren Ave,2,4,1,7
2025-02-23,14,10:00,123,17,14.7,4,2,30.13,0,2025-02-23 22:00:00,2025-02-24 04:00:00,E,Crawford St,3,5,2,8
2025-02-23,14,10:00,123,17,14.7,4,2,30.13,0,2025-02-23 22:00:00,2025-02-24 04:00:00,E,Pape Ave,4,2,3,3
2025-02-23,14,10:00,123,17,14.7,4,2,30.13,0,2025-02-23 22:00:00,2025-02-24 04:00:00,E,Spadina Ave,5,3,2,4
2025-02-23,14,10:00,123,17,14.7,4,2,30.13,0,2025-02-23 22:00:00,2025-02-24 04:00:00,E,River St,4,2,2,4
2025-02-23,14,10:00,123,17,14.7,4,2,30.13,0,2025-02-23 22:00:00,2025-02-24 04:00:00,E,Marjory Ave,4,2,3,3
2025-02-23,14,10:00,123,17,14.7,4,2,30.13,0,2025-02-23 22:00:00,2025-02-24 04:00:00,E,Kingsmount Park Rd,6,3,2,4
2025-02-23,14,10:00,123,17,14.7,4,2,30.13,0,2025-02-23 22:00:00,2025-02-24 04:00:00,E,Church St,0,0,0,0
2025-02-23,14,10:00,123,17,14.7,4,2,30.13,0,2025-02-23 22:00:00,2025-02-24 04:00:00,E,Ossington Ave,8,4,4,8
2025-02-23,14,10:00,123,17,14.7,4,2,30.13,0,2025-02-23 22:00:00,2025-02-24 04:00:00,E,Woodbine Ave,6,3,2,4
2025-02-23,14,10:00,123,17,14.7,4,2,30.13,0,2025-02-23 22:00:00,2025-02-24 04:00:00,E,Jones Ave,4,2,3,3
2025-02-23,14,10:00,123,17,14.7,4,2,30.13,0,2025-02-23 22:00:00,2025-02-24 04:00:00,E,Golfview Ave,6,3,2,4
2025-02-23,14,10:00,123,17,14.7,4,2,30.13,0,2025-02-23 22:00:00,2025-02-24 04:00:00,E,Leslie St,5,2,3,3
2025-02-23,14,10:00,123,17,14.7,4,2,30.13,0,2025-02-23 22:00:00,2025-02-24 04:00:00,E,St Matthews Rd,4,1,2,4
2025-02-23,14,10:00,123,17,14.7,4,2,30.13,0,2025-02-23 22:00:00,2025-02-24 04:00:00,E,Jarvis St,2,4,1,7
2025-02-23,14,10:00,123,17,14.7,4,2,30.13,0,2025-02-23 22:00:00,2025-02-24 04:00:00,E,Sherbourne St,2,4,1,7
2025-02-23,14,10:00,123,17,14.7,4,2,30.13,0,2025-02-23 22:00:00,2025-02-24 04:00:00,E,St George St,6,3,2,4
2025-02-23,14,10:00,123,17,14.7,4,2,30.13,0,2025-02-23 22:00:00,2025-02-24 04:00:00,E,Dovercourt Rd,5,3,4,7
2025-02-23,14,10:00,123,17,14.7,4,2,30.13,0,2025-02-23 22:00:00,2025-02-24 04:00:00,E,Glenmount Park Rd,6,3,2,4
2025-02-23,14,10:00,123,17,14.7,4,2,30.13,0,2025-02-23 22:00:00,2025-02-24 04:00:00,E,Prust Ave,5,2,3,3
2025-02-23,14,10:00,123,17,14.7,4,2,30.13,0,2025-02-23 22:00:00,2025-02-24 04:00:00,E,Main Street Station at Bay 7,0,0,0,0
2025-02-23,14,10:00,123,17,14.7,4,2,30.13,0,2025-02-23 22:00:00,2025-02-24 04:00:00,E,Norwood Rd,6,4,2,4
2025-02-23,14,10:00,123,17,14.7,4,2,30.13,0,2025-02-23 22:00:00,2025-02-24 04:00:00,E,McCaul St,6,3,3,3
2025-02-23,14,10:00,123,17,14.7,4,2,30.13,0,2025-02-23 22:00:00,2025-02-24 04:00:00,E,Broadview Ave,4,2,2,4
2025-02-23,14,10:00,123,17,14.7,4,2,30.13,0,2025-02-23 22:00:00,2025-02-24 04:00:00,E,Ontario St,1,2,1,5
2025-02-23,14,10:00,123,17,14.7,4,2,30.13,0,2025-02-23 22:00:00,2025-02-24 04:00:00,E,Rusholme Park Cres,1,1,1,4
2025-02-23,14,10:00,123,17,14.7,4,2,30.13,0,2025-02-23 22:00:00,2025-02-24 04:00:00,E,Havelock St,6,2,3,3
2025-02-23,14,10:00,123,17,14.7,4,2,30.13,0,2025-02-23 22:00:00,2025-02-24 04:00:00,E,High Park Loop,0,5,2,7
2025-02-23,14,10:00,123,17,14.7,4,2,30.13,0,2025-02-23 22:00:00,2025-02-24 04:00:00,E,Queens Park (Queen's Park Station),5,3,3,3
2025-02-23,14,10:00,123,17,14.7,4,2,30.13,0,2025-02-23 22:00:00,2025-02-24 04:00:00,E,Roncesvalles Ave,1,1,1,4
2025-02-23,14,10:00,123,17,14.7,4,2,30.13,0,2025-02-23 22:00:00,2025-02-24 04:00:00,E,De Grassi St,5,2,2,4
2025-02-23,14,10:00,123,17,14.7,4,2,30.13,0,2025-02-23 22:00:00,2025-02-24 04:00:00,E,Parliament St at Carlton St,4,2,1,6
2025-02-23,14,10:00,123,17,14.7,4,2,30.13,0,2025-02-23 22:00:00,2025-02-24 04:00:00,E,Parkside Dr East Side,0,3,1,4
2025-02-23,14,10:00,123,17,14.7,4,2,30.13,0,2025-02-23 22:00:00,2025-02-24 04:00:00,E,Dundas St West,3,2,1,6
2025-02-23,14,10:00,123,17,14.7,4,2,30.13,0,2025-02-23 22:00:00,2025-02-24 04:00:00,E,Howard Park Ave at Roncesvalles Ave,0,0,0,0
2025-02-23,14,10:00,123,17,14.7,4,2,30.13,0,2025-02-23 22:00:00,2025-02-24 04:00:00,E,Parliament St,0,0,0,0
2025-02-23,14,10:00,123,17,14.7,4,2,30.13,0,2025-02-23 22:00:00,2025-02-24 04:00:00,E,Parliament St at Gerrard St East,0,0,0,0
2025-02-23,14,10:00,123,17,14.7,4,2,30.13,0,2025-02-23 22:00:00,2025-02-24 04:00:00,E,Sumach St,0,0,0,0
2025-02-23,14,10:00,123,17,14.7,4,2,30.13,0,2025-02-23 22:00:00,2025-02-24 04:00:00,E,Blackburn St,0,0,0,0
2025-02-23,14,10:00,123,17,14.7,4,2,30.13,0,2025-02-23 22:00:00,2025-02-24 04:00:00,E,Logan Ave,0,0,0,0
2025-02-23,14,10:00,123,17,14.7,4,2,30.13,0,2025-02-23 22:00:00,2025-02-24 04:00:00,E,Augusta Ave,0,0,0,0
2025-02-23,14,10:00,123,17,14.7,4,2,30.13,0,2025-02-23 22:00:00,2025-02-24 04:00:00,E,Beverley St,0,0,0,0
2025-02-23,14,10:00,123,17,14.7,4,2,30.13,0,2025-02-23 22:00:00,2025-02-24 04:00:00,E,University Ave (Queen's Park Station,0,0,0,0
2025-02-23,14,10:00,123,17,14.7,4,2,30.13,0,2025-02-23 22:00:00,2025-02-24 04:00:00,E,Elizabeth St,0,0,0,0
2025-02-23,14,10:00,123,17,14.7,4,2,30.13,0,2025-02-23 22:00:00,2025-02-24 04:00:00,E,Greenwood Ave,0,0,0,0
2025-02-23,14,10:00,123,17,14.7,4,2,30.13,0,2025-02-23 22:00:00,2025-02-24 04:00:00,E,Alton Ave,0,0,0,0
2025-02-23,14,10:00,123,17,14.7,4,2,30.13,0,2025-02-23 22:00:00,2025-02-24 04:00:00,E,Coxwell Ave,0,0,0,0
2025-02-23,14,10:00,123,17,14.7,4,2,30.13,0,2025-02-23 22:00:00,2025-02-24 04:00:00,E,Gerrard St East  at Coxwell Ave,0,0,0,0
2025-02-23,14,10:00,123,17,14.7,4,2,30.13,0,2025-02-23 22:00:00,2025-02-24 04:00:00,E,Coxwell Ave at Lower Gerrard St East,0,0,0,0
2025-02-23,14,10:00,123,17,14.7,4,2,30.13,0,2025-02-23 22:00:00,2025-02-24 04:00:00,E,Ashdale Ave,0,0,0,0
2025-02-23,14,10:00,123,17,14.7,4,2,30.13,0,2025-02-23 22:00:00,2025-02-24 04:00:00,E,Howard Park Ave at Indian Rd,0,0,0,0
2025-02-23,14,10:00,123,17,14.7,4,2,30.13,0,2025-02-23 22:00:00,2025-02-24 04:00:00,E,Dundas St West at Howard Park Ave,0,0,0,0
2025-02-23,14,10:00,123,17,14.7,4,2,30.13,0,2025-02-23 22:00:00,2025-02-24 04:00:00,E,Main St at Gerrard St East,0,0,0,0
2025-02-23,14,10:00,123,17,14.7,4,2,30.13,0,2025-02-23 22:00:00,2025-02-24 04:00:00,E,Main St,0,0,0,0
2025-02-23,14,10:00,123,17,14.7,4,2,30.13,0,2025-02-23 22:00:00,2025-02-24 04:00:00,E,Main St at Danforth Ave,0,0,0,0
2025-02-23,14,10:00,123,17,14.7,4,2,30.13,0,2025-02-23 22:00:00,2025-02-24 04:00:00,E,Howard Park Ave at Parkside Dr,0,0,0,0
2025-02-23,14,10:00,123,17,14.7,4,2,30.13,0,2025-02-23 22:00:00,2025-02-24 04:00:00,W,Woodfield Rd,2,1,1,1
2025-02-23,14,10:00,123,17,14.7,4,2,30.13,0,2025-02-23 22:00:00,2025-02-24 04:00:00,W,Coxwell Ave at Gerrard St East,1,2,0,2
2025-02-23,14,10:00,123,17,14.7,4,2,30.13,0,2025-02-23 22:00:00,2025-02-24 04:00:00,W,Euclid Ave,0,0,0,0
2025-02-23,14,10:00,123,17,14.7,4,2,30.13,0,2025-02-23 22:00:00,2025-02-24 04:00:00,W,Bowmore Rd,0,4,0,8
2025-02-23,14,10:00,123,17,14.7,4,2,30.13,0,2025-02-23 22:00:00,2025-02-24 04:00:00,W,Bay St,2,2,1,2
2025-02-23,14,10:00,123,17,14.7,4,2,30.13,0,2025-02-23 22:00:00,2025-02-24 04:00:00,W,Lansdowne Ave,0,0,0,0
2025-02-23,14,10:00,123,17,14.7,4,2,30.13,0,2025-02-23 22:00:00,2025-02-24 04:00:00,W,Indian Rd,6,4,1,3
2025-02-23,14,10:00,123,17,14.7,4,2,30.13,0,2025-02-23 22:00:00,2025-02-24 04:00:00,W,Grace St,0,0,0,0
2025-02-23,14,10:00,123,17,14.7,4,2,30.13,0,2025-02-23 22:00:00,2025-02-24 04:00:00,W,Dufferin St,6,3,2,3
2025-02-23,14,10:00,123,17,14.7,4,2,30.13,0,2025-02-23 22:00:00,2025-02-24 04:00:00,W,Gerrard St East at Beaton Ave,1,4,1,7
2025-02-23,14,10:00,123,17,14.7,4,2,30.13,0,2025-02-23 22:00:00,2025-02-24 04:00:00,W,Bathurst St,0,0,0,0
2025-02-23,14,10:00,123,17,14.7,4,2,30.13,0,2025-02-23 22:00:00,2025-02-24 04:00:00,W,Yonge St - College Station,0,0,0,0
2025-02-23,14,10:00,123,17,14.7,4,2,30.13,0,2025-02-23 22:00:00,2025-02-24 04:00:00,W,Dundas St West at Sterling Rd,0,0,0,0
2025-02-23,14,10:00,123,17,14.7,4,2,30.13,0,2025-02-23 22:00:00,2025-02-24 04:00:00,W,Brock Ave,0,0,0,0
2025-02-23,14,10:00,123,17,14.7,4,2,30.13,0,2025-02-23 22:00:00,2025-02-24 04:00:00,W,Sackville St,3,4,2,2
2025-02-23,14,10:00,123,17,14.7,4,2,30.13,0,2025-02-23 22:00:00,2025-02-24 04:00:00,W,Carlaw Ave,0,0,0,0
2025-02-23,14,10:00,123,17,14.7,4,2,30.13,0,2025-02-23 22:00:00,2025-02-24 04:00:00,W,Borden St,0,0,0,0
2025-02-23,14,10:00,123,17,14.7,4,2,30.13,0,2025-02-23 22:00:00,2025-02-24 04:00:00,W,Dundas St West at Sorauren Ave,3,3,1,3
2025-02-23,14,10:00,123,17,14.7,4,2,30.13,0,2025-02-23 22:00:00,2025-02-24 04:00:00,W,Crawford St,0,0,0,0
2025-02-23,14,10:00,123,17,14.7,4,2,30.13,0,2025-02-23 22:00:00,2025-02-24 04:00:00,W,Pape Ave,0,0,0,0
2025-02-23,14,10:00,123,17,14.7,4,2,30.13,0,2025-02-23 22:00:00,2025-02-24 04:00:00,W,Spadina Ave,2,2,1,1
2025-02-23,14,10:00,123,17,14.7,4,2,30.13,0,2025-02-23 22:00:00,2025-02-24 04:00:00,W,River St,3,3,3,2
2025-02-23,14,10:00,123,17,14.7,4,2,30.13,0,2025-02-23 22:00:00,2025-02-24 04:00:00,W,Marjory Ave,0,0,0,0
2025-02-23,14,10:00,123,17,14.7,4,2,30.13,0,2025-02-23 22:00:00,2025-02-24 04:00:00,W,Kingsmount Park Rd,0,0,0,0
2025-02-23,14,10:00,123,17,14.7,4,2,30.13,0,2025-02-23 22:00:00,2025-02-24 04:00:00,W,Church St,0,0,0,0
2025-02-23,14,10:00,123,17,14.7,4,2,30.13,0,2025-02-23 22:00:00,2025-02-24 04:00:00,W,Ossington Ave,0,0,0,0
2025-02-23,14,10:00,123,17,14.7,4,2,30.13,0,2025-02-23 22:00:00,2025-02-24 04:00:00,W,Woodbine Ave,0,0,0,0
2025-02-23,14,10:00,123,17,14.7,4,2,30.13,0,2025-02-23 22:00:00,2025-02-24 04:00:00,W,Jones Ave,0,0,0,0
2025-02-23,14,10:00,123,17,14.7,4,2,30.13,0,2025-02-23 22:00:00,2025-02-24 04:00:00,W,Golfview Ave,0,0,0,0
2025-02-23,14,10:00,123,17,14.7,4,2,30.13,0,2025-02-23 22:00:00,2025-02-24 04:00:00,W,Leslie St,0,0,0,0
2025-02-23,14,10:00,123,17,14.7,4,2,30.13,0,2025-02-23 22:00:00,2025-02-24 04:00:00,W,St Matthews Rd,0,0,0,0
2025-02-23,14,10:00,123,17,14.7,4,2,30.13,0,2025-02-23 22:00:00,2025-02-24 04:00:00,W,Jarvis St,0,0,0,0
2025-02-23,14,10:00,123,17,14.7,4,2,30.13,0,2025-02-23 22:00:00,2025-02-24 04:00:00,W,Sherbourne St,0,0,0,0
2025-02-23,14,10:00,123,17,14.7,4,2,30.13,0,2025-02-23 22:00:00,2025-02-24 04:00:00,W,St George St,0,0,0,0
2025-02-23,14,10:00,123,17,14.7,4,2,30.13,0,2025-02-23 22:00:00,2025-02-24 04:00:00,W,Dovercourt Rd,0,0,0,0
2025-02-23,14,10:00,123,17,14.7,4,2,30.13,0,2025-02-23 22:00:00,2025-02-24 04:00:00,W,Glenmount Park Rd,0,0,0,0
2025-02-23,14,10:00,123,17,14.7,4,2,30.13,0,2025-02-23 22:00:00,2025-02-24 04:00:00,W,Prust Ave,0,0,0,0
2025-02-23,14,10:00,123,17,14.7,4,2,30.13,0,2025-02-23 22:00:00,2025-02-24 04:00:00,W,Main Street Station at Bay 7,0,2,0,7
2025-02-23,14,10:00,123,17,14.7,4,2,30.13,0,2025-02-23 22:00:00,2025-02-24 04:00:00,W,Norwood Rd,0,0,0,0
2025-02-23,14,10:00,123,17,14.7,4,2,30.13,0,2025-02-23 22:00:00,2025-02-24 04:00:00,W,McCaul St,0,0,0,0
2025-02-23,14,10:00,123,17,14.7,4,2,30.13,0,2025-02-23 22:00:00,2025-02-24 04:00:00,W,Broadview Ave,0,0,0,0
2025-02-23,14,10:00,123,17,14.7,4,2,30.13,0,2025-02-23 22:00:00,2025-02-24 04:00:00,W,Ontario St,0,0,0,0
2025-02-23,14,10:00,123,17,14.7,4,2,30.13,0,2025-02-23 22:00:00,2025-02-24 04:00:00,W,Rusholme Park Cres,0,0,0,0
2025-02-23,14,10:00,123,17,14.7,4,2,30.13,0,2025-02-23 22:00:00,2025-02-24 04:00:00,W,Havelock St,0,0,0,0
2025-02-23,14,10:00,123,17,14.7,4,2,30.13,0,2025-02-23 22:00:00,2025-02-24 04:00:00,W,High Park Loop,0,0,0,0
2025-02-23,14,10:00,123,17,14.7,4,2,30.13,0,2025-02-23 22:00:00,2025-02-24 04:00:00,W,Queens Park (Queen's Park Station),0,0,0,0
2025-02-23,14,10:00,123,17,14.7,4,2,30.13,0,2025-02-23 22:00:00,2025-02-24 04:00:00,W,Roncesvalles Ave,4,3,1,3
2025-02-23,14,10:00,123,17,14.7,4,2,30.13,0,2025-02-23 22:00:00,2025-02-24 04:00:00,W,De Grassi St,0,0,0,0
2025-02-23,14,10:00,123,17,14.7,4,2,30.13,0,2025-02-23 22:00:00,2025-02-24 04:00:00,W,Parliament St at Carlton St,0,0,0,0
2025-02-23,14,10:00,123,17,14.7,4,2,30.13,0,2025-02-23 22:00:00,2025-02-24 04:00:00,W,Parkside Dr East Side,0,0,0,0
2025-02-23,14,10:00,123,17,14.7,4,2,30.13,0,2025-02-23 22:00:00,2025-02-24 04:00:00,W,Dundas St West,4,3,0,3
2025-02-23,14,10:00,123,17,14.7,4,2,30.13,0,2025-02-23 22:00:00,2025-02-24 04:00:00,W,Howard Park Ave at Roncesvalles Ave,0,0,0,0
2025-02-23,14,10:00,123,17,14.7,4,2,30.13,0,2025-02-23 22:00:00,2025-02-24 04:00:00,W,Parliament St,0,0,0,0
2025-02-23,14,10:00,123,17,14.7,4,2,30.13,0,2025-02-23 22:00:00,2025-02-24 04:00:00,W,Parliament St at Gerrard St East,0,0,0,0
2025-02-23,14,10:00,123,17,14.7,4,2,30.13,0,2025-02-23 22:00:00,2025-02-24 04:00:00,W,Sumach St,0,0,0,0
2025-02-23,14,10:00,123,17,14.7,4,2,30.13,0,2025-02-23 22:00:00,2025-02-24 04:00:00,W,Blackburn St,0,0,0,0
2025-02-23,14,10:00,123,17,14.7,4,2,30.13,0,2025-02-23 22:00:00,2025-02-24 04:00:00,W,Logan Ave,0,0,0,0
2025-02-23,14,10:00,123,17,14.7,4,2,30.13,0,2025-02-23 22:00:00,2025-02-24 04:00:00,W,Augusta Ave,0,0,0,0
2025-02-23,14,10:00,123,17,14.7,4,2,30.13,0,2025-02-23 22:00:00,2025-02-24 04:00:00,W,Beverley St,0,0,0,0
2025-02-23,14,10:00,123,17,14.7,4,2,30.13,0,2025-02-23 22:00:00,2025-02-24 04:00:00,W,University Ave (Queen's Park Station,0,0,0,0
2025-02-23,14,10:00,123,17,14.7,4,2,30.13,0,2025-02-23 22:00:00,2025-02-24 04:00:00,W,Elizabeth St,0,0,0,0
2025-02-23,14,10:00,123,17,14.7,4,2,30.13,0,2025-02-23 22:00:00,2025-02-24 04:00:00,W,Greenwood Ave,0,0,0,0
2025-02-23,14,10:00,123,17,14.7,4,2,30.13,0,2025-02-23 22:00:00,2025-02-24 04:00:00,W,Alton Ave,0,0,0,0
2025-02-23,14,10:00,123,17,14.7,4,2,30.13,0,2025-02-23 22:00:00,2025-02-24 04:00:00,W,Coxwell Ave,0,0,0,0
2025-02-23,14,10:00,123,17,14.7,4,2,30.13,0,2025-02-23 22:00:00,2025-02-24 04:00:00,W,Gerrard St East  at Coxwell Ave,0,0,0,0
2025-02-23,14,10:00,123,17,14.7,4,2,30.13,0,2025-02-23 22:00:00,2025-02-24 04:00:00,W,Coxwell Ave at Lower Gerrard St East,0,0,0,0
2025-02-23,14,10:00,123,17,14.7,4,2,30.13,0,2025-02-23 22:00:00,2025-02-24 04:00:00,W,Ashdale Ave,0,0,0,0
2025-02-23,14,10:00,123,17,14.7,4,2,30.13,0,2025-02-23 22:00:00,2025-02-24 04:00:00,W,Howard Park Ave at Indian Rd,0,0,0,0
2025-02-23,14,10:00,123,17,14.7,4,2,30.13,0,2025-02-23 22:00:00,2025-02-24 04:00:00,W,Dundas St West at Howard Park Ave,0,0,0,0
2025-02-23,14,10:00,123,17,14.7,4,2,30.13,0,2025-02-23 22:00:00,2025-02-24 04:00:00,W,Main St at Gerrard St East,0,0,0,0
2025-02-23,14,10:00,123,17,14.7,4,2,30.13,0,2025-02-23 22:00:00,2025-02-24 04:00:00,W,Main St,0,0,0,0
2025-02-23,14,10:00,123,17,14.7,4,2,30.13,0,2025-02-23 22:00:00,2025-02-24 04:00:00,W,Main St at Danforth Ave,0,0,0,0
2025-02-23,14,10:00,123,17,14.7,4,2,30.13,0,2025-02-23 22:00:00,2025-02-24 04:00:00,W,Howard Park Ave at Parkside Dr,0,0,0,0
2025-03-02,14,10:00,123,17,14.7,4,2,30.13,0,2025-03-02 22:00:00,2025-03-03 04:00:00,E,Woodfield Rd,5,4,5,2
2025-03-02,14,10:00,123,17,14.7,4,2,30.13,0,2025-03-02 22:00:00,2025-03-03 04:00:00,E,Coxwell Ave at Gerrard St East,0,0,0,0
2025-03-02,14,10:00,123,17,14.7,4,2,30.13,0,2025-03-02 22:00:00,2025-03-03 04:00:00,E,Euclid Ave,2,3,4,2
2025-03-02,14,10:00,123,17,14.7,4,2,30.13,0,2025-03-02 22:00:00,2025-03-03 04:00:00,E,Bowmore Rd,3,4,3,1
2025-03-02,14,10:00,123,17,14.7,4,2,30.13,0,2025-03-02 22:00:00,2025-03-03 04:00:00,E,Bay St,6,2,5,1
2025-03-02,14,10:00,123,17,14.7,4,2,30.13,0,2025-03-02 22:00:00,2025-03-03 04:00:00,E,Lansdowne Ave,6,8,10,3
2025-03-02,14,10:00,123,17,14.7,4,2,30.13,0,2025-03-02 22:00:00,2025-03-03 04:00:00,E,Indian Rd,2,3,3,2
2025-03-02,14,10:00,123,17,14.7,4,2,30.13,0,2025-03-02 22:00:00,2025-03-03 04:00:00,E,Grace St,4,6,7,4
2025-03-02,14,10:00,123,17,14.7,4,2,30.13,0,2025-03-02 22:00:00,2025-03-03 04:00:00,E,Dufferin St,6,4,5,2
2025-03-02,14,10:00,123,17,14.7,4,2,30.13,0,2025-03-02 22:00:00,2025-03-03 04:00:00,E,Gerrard St East at Beaton Ave,3,4,3,1
2025-03-02,14,10:00,123,17,14.7,4,2,30.13,0,2025-03-02 22:00:00,2025-03-03 04:00:00,E,Bathurst St,2,3,4,2
2025-03-02,14,10:00,123,17,14.7,4,2,30.13,0,2025-03-02 22:00:00,2025-03-03 04:00:00,E,Yonge St - College Station,6,2,5,1
2025-03-02,14,10:00,123,17,14.7,4,2,30.13,0,2025-03-02 22:00:00,2025-03-03 04:00:00,E,Dundas St West at Sterling Rd,3,3,5,2
2025-03-02,14,10:00,123,17,14.7,4,2,30.13,0,2025-03-02 22:00:00,2025-03-03 04:00:00,E,Brock Ave,6,7,8,3
2025-03-02,14,10:00,123,17,14.7,4,2,30.13,0,2025-03-02 22:00:00,2025-03-03 04:00:00,E,Sackville St,2,3,4,2
2025-03-02,14,10:00,123,17,14.7,4,2,30.13,0,2025-03-02 22:00:00,2025-03-03 04:00:00,E,Carlaw Ave,6,2,4,1
2025-03-02,14,10:00,123,17,14.7,4,2,30.13,0,2025-03-02 22:00:00,2025-03-03 04:00:00,E,Borden St,2,4,4,2
2025-03-02,14,10:00,123,17,14.7,4,2,30.13,0,2025-03-02 22:00:00,2025-03-03 04:00:00,E,Dundas St West at Sorauren Ave,3,3,5,2
2025-03-02,14,10:00,123,17,14.7,4,2,30.13,0,2025-03-02 22:00:00,2025-03-03 04:00:00,E,Crawford St,5,6,8,3
2025-03-02,14,10:00,123,17,14.7,4,2,30.13,0,2025-03-02 22:00:00,2025-03-03 04:00:00,E,Pape Ave,6,2,3,2
2025-03-02,14,10:00,123,17,14.7,4,2,30.13,0,2025-03-02 22:00:00,2025-03-03 04:00:00,E,Spadina Ave,3,4,4,2
2025-03-02,14,10:00,123,17,14.7,4,2,30.13,0,2025-03-02 22:00:00,2025-03-03 04:00:00,E,River St,3,3,4,2
2025-03-02,14,10:00,123,17,14.7,4,2,30.13,0,2025-03-02 22:00:00,2025-03-03 04:00:00,E,Marjory Ave,5,2,3,2
2025-03-02,14,10:00,123,17,14.7,4,2,30.13,0,2025-03-02 22:00:00,2025-03-03 04:00:00,E,Kingsmount Park Rd,3,4,3,1
2025-03-02,14,10:00,123,17,14.7,4,2,30.13,0,2025-03-02 22:00:00,2025-03-03 04:00:00,E,Church St,0,0,0,0
2025-03-02,14,10:00,123,17,14.7,4,2,30.13,0,2025-03-02 22:00:00,2025-03-03 04:00:00,E,Ossington Ave,7,6,10,2
2025-03-02,14,10:00,123,17,14.7,4,2,30.13,0,2025-03-02 22:00:00,2025-03-03 04:00:00,E,Woodbine Ave,4,4,3,1
2025-03-02,14,10:00,123,17,14.7,4,2,30.13,0,2025-03-02 22:00:00,2025-03-03 04:00:00,E,Jones Ave,5,3,3,2
2025-03-02,14,10:00,123,17,14.7,4,2,30.13,0,2025-03-02 22:00:00,2025-03-03 04:00:00,E,Golfview Ave,3,4,4,1
2025-03-02,14,10:00,123,17,14.7,4,2,30.13,0,2025-03-02 22:00:00,2025-03-03 04:00:00,E,Leslie St,7,3,5,1
2025-03-02,14,10:00,123,17,14.7,4,2,30.13,0,2025-03-02 22:00:00,2025-03-03 04:00:00,E,St Matthews Rd,3,3,4,2
2025-03-02,14,10:00,123,17,14.7,4,2,30.13,0,2025-03-02 22:00:00,2025-03-03 04:00:00,E,Jarvis St,3,3,5,2
2025-03-02,14,10:00,123,17,14.7,4,2,30.13,0,2025-03-02 22:00:00,2025-03-03 04:00:00,E,Sherbourne St,3,3,5,2
2025-03-02,14,10:00,123,17,14.7,4,2,30.13,0,2025-03-02 22:00:00,2025-03-03 04:00:00,E,St George St,4,3,4,2
2025-03-02,14,10:00,123,17,14.7,4,2,30.13,0,2025-03-02 22:00:00,2025-03-03 04:00:00,E,Dovercourt Rd,8,7,8,4
2025-03-02,14,10:00,123,17,14.7,4,2,30.13,0,2025-03-02 22:00:00,2025-03-03 04:00:00,E,Glenmount Park Rd,3,4,4,1
2025-03-02,14,10:00,123,17,14.7,4,2,30.13,0,2025-03-02 22:00:00,2025-03-03 04:00:00,E,Prust Ave,6,3,5,1
2025-03-02,14,10:00,123,17,14.7,4,2,30.13,0,2025-03-02 22:00:00,2025-03-03 04:00:00,E,Main Street Station at Bay 7,0,0,0,0
2025-03-02,14,10:00,123,17,14.7,4,2,30.13,0,2025-03-02 22:00:00,2025-03-03 04:00:00,E,Norwood Rd,3,4,4,1
2025-03-02,14,10:00,123,17,14.7,4,2,30.13,0,2025-03-02 22:00:00,2025-03-03 04:00:00,E,McCaul St,5,3,4,2
2025-03-02,14,10:00,123,17,14.7,4,2,30.13,0,2025-03-02 22:00:00,2025-03-03 04:00:00,E,Broadview Ave,2,3,4,2
2025-03-02,14,10:00,123,17,14.7,4,2,30.13,0,2025-03-02 22:00:00,2025-03-03 04:00:00,E,Ontario St,3,3,5,2
2025-03-02,14,10:00,123,17,14.7,4,2,30.13,0,2025-03-02 22:00:00,2025-03-03 04:00:00,E,Rusholme Park Cres,3,3,5,2
2025-03-02,14,10:00,123,17,14.7,4,2,30.13,0,2025-03-02 22:00:00,2025-03-03 04:00:00,E,Havelock St,6,3,4,1
2025-03-02,14,10:00,123,17,14.7,4,2,30.13,0,2025-03-02 22:00:00,2025-03-03 04:00:00,E,High Park Loop,4,6,7,2
2025-03-02,14,10:00,123,17,14.7,4,2,30.13,0,2025-03-02 22:00:00,2025-03-03 04:00:00,E,Queens Park (Queen's Park Station),5,3,4,2
2025-03-02,14,10:00,123,17,14.7,4,2,30.13,0,2025-03-02 22:00:00,2025-03-03 04:00:00,E,Roncesvalles Ave,3,3,5,2
2025-03-02,14,10:00,123,17,14.7,4,2,30.13,0,2025-03-02 22:00:00,2025-03-03 04:00:00,E,De Grassi St,3,3,4,2
2025-03-02,14,10:00,123,17,14.7,4,2,30.13,0,2025-03-02 22:00:00,2025-03-03 04:00:00,E,Parliament St at Carlton St,4,3,5,2
2025-03-02,14,10:00,123,17,14.7,4,2,30.13,0,2025-03-02 22:00:00,2025-03-03 04:00:00,E,Parkside Dr East Side,2,3,3,2
2025-03-02,14,10:00,123,17,14.7,4,2,30.13,0,2025-03-02 22:00:00,2025-03-03 04:00:00,E,Dundas St West,3,3,5,2
2025-03-02,14,10:00,123,17,14.7,4,2,30.13,0,2025-03-02 22:00:00,2025-03-03 04:00:00,E,Howard Park Ave at Roncesvalles Ave,0,0,0,0
2025-03-02,14,10:00,123,17,14.7,4,2,30.13,0,2025-03-02 22:00:00,2025-03-03 04:00:00,E,Parliament St,0,0,0,0
2025-03-02,14,10:00,123,17,14.7,4,2,30.13,0,2025-03-02 22:00:00,2025-03-03 04:00:00,E,Parliament St at Gerrard St East,0,0,0,0
2025-03-02,14,10:00,123,17,14.7,4,2,30.13,0,2025-03-02 22:00:00,2025-03-03 04:00:00,E,Sumach St,0,0,0,0
2025-03-02,14,10:00,123,17,14.7,4,2,30.13,0,2025-03-02 22:00:00,2025-03-03 04:00:00,E,Blackburn St,0,0,0,0
2025-03-02,14,10:00,123,17,14.7,4,2,30.13,0,2025-03-02 22:00:00,2025-03-03 04:00:00,E,Logan Ave,0,0,0,0
2025-03-02,14,10:00,123,17,14.7,4,2,30.13,0,2025-03-02 22:00:00,2025-03-03 04:00:00,E,Augusta Ave,0,0,0,0
2025-03-02,14,10:00,123,17,14.7,4,2,30.13,0,2025-03-02 22:00:00,2025-03-03 04:00:00,E,Beverley St,0,0,0,0
2025-03-02,14,10:00,123,17,14.7,4,2,30.13,0,2025-03-02 22:00:00,2025-03-03 04:00:00,E,University Ave (Queen's Park Station,0,0,0,0
2025-03-02,14,10:00,123,17,14.7,4,2,30.13,0,2025-03-02 22:00:00,2025-03-03 04:00:00,E,Elizabeth St,0,0,0,0
2025-03-02,14,10:00,123,17,14.7,4,2,30.13,0,2025-03-02 22:00:00,2025-03-03 04:00:00,E,Greenwood Ave,0,0,0,0
2025-03-02,14,10:00,123,17,14.7,4,2,30.13,0,2025-03-02 22:00:00,2025-03-03 04:00:00,E,Alton Ave,0,0,0,0
2025-03-02,14,10:00,123,17,14.7,4,2,30.13,0,2025-03-02 22:00:00,2025-03-03 04:00:00,E,Coxwell Ave,0,0,0,0
2025-03-02,14,10:00,123,17,14.7,4,2,30.13,0,2025-03-02 22:00:00,2025-03-03 04:00:00,E,Gerrard St East  at Coxwell Ave,0,0,0,0
2025-03-02,14,10:00,123,17,14.7,4,2,30.13,0,2025-03-02 22:00:00,2025-03-03 04:00:00,E,Coxwell Ave at Lower Gerrard St East,0,0,0,0
2025-03-02,14,10:00,123,17,14.7,4,2,30.13,0,2025-03-02 22:00:00,2025-03-03 04:00:00,E,Ashdale Ave,0,0,0,0
2025-03-02,14,10:00,123,17,14.7,4,2,30.13,0,2025-03-02 22:00:00,2025-03-03 04:00:00,E,Howard Park Ave at Indian Rd,0,0,0,0
2025-03-02,14,10:00,123,17,14.7,4,2,30.13,0,2025-03-02 22:00:00,2025-03-03 04:00:00,E,Dundas St West at Howard Park Ave,0,0,0,0
2025-03-02,14,10:00,123,17,14.7,4,2,30.13,0,2025-03-02 22:00:00,2025-03-03 04:00:00,E,Main St at Gerrard St East,0,0,0,0
2025-03-02,14,10:00,123,17,14.7,4,2,30.13,0,2025-03-02 22:00:00,2025-03-03 04:00:00,E,Main St,0,0,0,0
2025-03-02,14,10:00,123,17,14.7,4,2,30.13,0,2025-03-02 22:00:00,2025-03-03 04:00:00,E,Main St at Danforth Ave,0,0,0,0
2025-03-02,14,10:00,123,17,14.7,4,2,30.13,0,2025-03-02 22:00:00,2025-03-03 04:00:00,E,Howard Park Ave at Parkside Dr,0,0,0,0
2025-03-02,14,10:00,123,17,14.7,4,2,30.13,0,2025-03-02 22:00:00,2025-03-03 04:00:00,W,Woodfield Rd,1,1,1,1
2025-03-02,14,10:00,123,17,14.7,4,2,30.13,0,2025-03-02 22:00:00,2025-03-03 04:00:00,W,Coxwell Ave at Gerrard St East,1,1,1,1
2025-03-02,14,10:00,123,17,14.7,4,2,30.13,0,2025-03-02 22:00:00,2025-03-03 04:00:00,W,Euclid Ave,0,0,0,0
2025-03-02,14,10:00,123,17,14.7,4,2,30.13,0,2025-03-02 22:00:00,2025-03-03 04:00:00,W,Bowmore Rd,1,2,1,1
2025-03-02,14,10:00,123,17,14.7,4,2,30.13,0,2025-03-02 22:00:00,2025-03-03 04:00:00,W,Bay St,0,1,1,1
2025-03-02,14,10:00,123,17,14.7,4,2,30.13,0,2025-03-02 22:00:00,2025-03-03 04:00:00,W,Lansdowne Ave,0,0,0,0
2025-03-02,14,10:00,123,17,14.7,4,2,30.13,0,2025-03-02 22:00:00,2025-03-03 04:00:00,W,Indian Rd,5,3,5,0
2025-03-02,14,10:00,123,17,14.7,4,2,30.13,0,2025-03-02 22:00:00,2025-03-03 04:00:00,W,Grace St,0,0,0,0
2025-03-02,14,10:00,123,17,14.7,4,2,30.13,0,2025-03-02 22:00:00,2025-03-03 04:00:00,W,Dufferin St,3,2,2,2
2025-03-02,14,10:00,123,17,14.7,4,2,30.13,0,2025-03-02 22:00:00,2025-03-03 04:00:00,W,Gerrard St East at Beaton Ave,1,1,1,1
2025-03-02,14,10:00,123,17,14.7,4,2,30.13,0,2025-03-02 22:00:00,2025-03-03 04:00:00,W,Bathurst St,0,0,0,0
2025-03-02,14,10:00,123,17,14.7,4,2,30.13,0,2025-03-02 22:00:00,2025-03-03 04:00:00,W,Yonge St - College Station,0,0,0,0
2025-03-02,14,10:00,123,17,14.7,4,2,30.13,0,2025-03-02 22:00:00,2025-03-03 04:00:00,W,Dundas St West at Sterling Rd,0,0,0,0
2025-03-02,14,10:00,123,17,14.7,4,2,30.13,0,2025-03-02 22:00:00,2025-03-03 04:00:00,W,Brock Ave,0,0,0,0
2025-03-02,14,10:00,123,17,14.7,4,2,30.13,0,2025-03-02 22:00:00,2025-03-03 04:00:00,W,Sackville St,1,2,2,1
2025-03-02,14,10:00,123,17,14.7,4,2,30.13,0,2025-03-02 22:00:00,2025-03-03 04:00:00,W,Carlaw Ave,0,0,0,0
2025-03-02,14,10:00,123,17,14.7,4,2,30.13,0,2025-03-02 22:00:00,2025-03-03 04:00:00,W,Borden St,0,0,0,0
2025-03-02,14,10:00,123,17,14.7,4,2,30.13,0,2025-03-02 22:00:00,2025-03-03 04:00:00,W,Dundas St West at Sorauren Ave,1,3,3,0
2025-03-02,14,10:00,123,17,14.7,4,2,30.13,0,2025-03-02 22:00:00,2025-03-03 04:00:00,W,Crawford St,0,0,0,0
2025-03-02,14,10:00,123,17,14.7,4,2,30.13,0,2025-03-02 22:00:00,2025-03-03 04:00:00,W,Pape Ave,0,0,0,0
2025-03-02,14,10:00,123,17,14.7,4,2,30.13,0,2025-03-02 22:00:00,2025-03-03 04:00:00,W,Spadina Ave,2,1,1,1
2025-03-02,14,10:00,123,17,14.7,4,2,30.13,0,2025-03-02 22:00:00,2025-03-03 04:00:00,W,River St,2,2,2,1
2025-03-02,14,10:00,123,17,14.7,4,2,30.13,0,2025-03-02 22:00:00,2025-03-03 04:00:00,W,Marjory Ave,0,0,0,0
2025-03-02,14,10:00,123,17,14.7,4,2,30.13,0,2025-03-02 22:00:00,2025-03-03 04:00:00,W,Kingsmount Park Rd,0,0,0,0
2025-03-02,14,10:00,123,17,14.7,4,2,30.13,0,2025-03-02 22:00:00,2025-03-03 04:00:00,W,Church St,0,0,0,0
2025-03-02,14,10:00,123,17,14.7,4,2,30.13,0,2025-03-02 22:00:00,2025-03-03 04:00:00,W,Ossington Ave,0,0,0,0
2025-03-02,14,10:00,123,17,14.7,4,2,30.13,0,2025-03-02 22:00:00,2025-03-03 04:00:00,W,Woodbine Ave,0,0,0,0
2025-03-02,14,10:00,123,17,14.7,4,2,30.13,0,2025-03-02 22:00:00,2025-03-03 04:00:00,W,Jones Ave,0,0,0,0
2025-03-02,14,10:00,123,17,14.7,4,2,30.13,0,2025-03-02 22:00:00,2025-03-03 04:00:00,W,Golfview Ave,0,0,0,0
2025-03-02,14,10:00,123,17,14.7,4,2,30.13,0,2025-03-02 22:00:00,2025-03-03 04:00:00,W,Leslie St,0,0,0,0
2025-03-02,14,10:00,123,17,14.7,4,2,30.13,0,2025-03-02 22:00:00,2025-03-03 04:00:00,W,St Matthews Rd,0,0,0,0
2025-03-02,14,10:00,123,17,14.7,4,2,30.13,0,2025-03-02 22:00:00,2025-03-03 04:00:00,W,Jarvis St,0,0,0,0
2025-03-02,14,10:00,123,17,14.7,4,2,30.13,0,2025-03-02 22:00:00,2025-03-03 04:00:00,W,Sherbourne St,0,0,0,0
2025-03-02,14,10:00,123,17,14.7,4,2,30.13,0,2025-03-02 22:00:00,2025-03-03 04:00:00,W,St George St,0,0,0,0
2025-03-02,14,10:00,123,17,14.7,4,2,30.13,0,2025-03-02 22:00:00,2025-03-03 04:00:00,W,Dovercourt Rd,0,0,0,0
2025-03-02,14,10:00,123,17,14.7,4,2,30.13,0,2025-03-02 22:00:00,2025-03-03 04:00:00,W,Glenmount Park Rd,0,0,0,0
2025-03-02,14,10:00,123,17,14.7,4,2,30.13,0,2025-03-02 22:00:00,2025-03-03 04:00:00,W,Prust Ave,0,0,0,0
2025-03-02,14,10:00,123,17,14.7,4,2,30.13,0,2025-03-02 22:00:00,2025-03-03 04:00:00,W,Main Street Station at Bay 7,1,2,1,1
2025-03-02,14,10:00,123,17,14.7,4,2,30.13,0,2025-03-02 22:00:00,2025-03-03 04:00:00,W,Norwood Rd,0,0,0,0
2025-03-02,14,10:00,123,17,14.7,4,2,30.13,0,2025-03-02 22:00:00,2025-03-03 04:00:00,W,McCaul St,0,0,0,0
2025-03-02,14,10:00,123,17,14.7,4,2,30.13,0,2025-03-02 22:00:00,2025-03-03 04:00:00,W,Broadview Ave,0,0,0,0
2025-03-02,14,10:00,123,17,14.7,4,2,30.13,0,2025-03-02 22:00:00,2025-03-03 04:00:00,W,Ontario St,0,0,0,0
2025-03-02,14,10:00,123,17,14.7,4,2,30.13,0,2025-03-02 22:00:00,2025-03-03 04:00:00,W,Rusholme Park Cres,0,0,0,0
2025-03-02,14,10:00,123,17,14.7,4,2,30.13,0,2025-03-02 22:00:00,2025-03-03 04:00:00,W,Havelock St,0,0,0,0
2025-03-02,14,10:00,123,17,14.7,4,2,30.13,0,2025-03-02 22:00:00,2025-03-03 04:00:00,W,High Park Loop,0,0,0,0
2025-03-02,14,10:00,123,17,14.7,4,2,30.13,0,2025-03-02 22:00:00,2025-03-03 04:00:00,W,Queens Park (Queen's Park Station),0,0,0,0
2025-03-02,14,10:00,123,17,14.7,4,2,30.13,0,2025-03-02 22:00:00,2025-03-03 04:00:00,W,Roncesvalles Ave,2,3,3,0
2025-03-02,14,10:00,123,17,14.7,4,2,30.13,0,2025-03-02 22:00:00,2025-03-03 04:00:00,W,De Grassi St,0,0,0,0
2025-03-02,14,10:00,123,17,14.7,4,2,30.13,0,2025-03-02 22:00:00,2025-03-03 04:00:00,W,Parliament St at Carlton St,0,0,0,0
2025-03-02,14,10:00,123,17,14.7,4,2,30.13,0,2025-03-02 22:00:00,2025-03-03 04:00:00,W,Parkside Dr East Side,0,0,0,0
2025-03-02,14,10:00,123,17,14.7,4,2,30.13,0,2025-03-02 22:00:00,2025-03-03 04:00:00,W,Dundas St West,1,3,3,0
2025-03-02,14,10:00,123,17,14.7,4,2,30.13,0,2025-03-02 22:00:00,2025-03-03 04:00:00,W,Howard Park Ave at Roncesvalles Ave,0,0,0,0
2025-03-02,14,10:00,123,17,14.7,4,2,30.13,0,2025-03-02 22:00:00,2025-03-03 04:00:00,W,Parliament St,0,0,0,0
2025-03-02,14,10:00,123,17,14.7,4,2,30.13,0,2025-03-02 22:00:00,2025-03-03 04:00:00,W,Parliament St at Gerrard St East,0,0,0,0
2025-03-02,14,10:00,123,17,14.7,4,2,30.13,0,2025-03-02 22:00:00,2025-03-03 04:00:00,W,Sumach St,0,0,0,0
2025-03-02,14,10:00,123,17,14.7,4,2,30.13,0,2025-03-02 22:00:00,2025-03-03 04:00:00,W,Blackburn St,0,0,0,0
2025-03-02,14,10:00,123,17,14.7,4,2,30.13,0,2025-03-02 22:00:00,2025-03-03 04:00:00,W,Logan Ave,0,0,0,0
2025-03-02,14,10:00,123,17,14.7,4,2,30.13,0,2025-03-02 22:00:00,2025-03-03 04:00:00,W,Augusta Ave,0,0,0,0
2025-03-02,14,10:00,123,17,14.7,4,2,30.13,0,2025-03-02 22:00:00,2025-03-03 04:00:00,W,Beverley St,0,0,0,0
2025-03-02,14,10:00,123,17,14.7,4,2,30.13,0,2025-03-02 22:00:00,2025-03-03 04:00:00,W,University Ave (Queen's Park Station,0,0,0,0
2025-03-02,14,10:00,123,17,14.7,4,2,30.13,0,2025-03-02 22:00:00,2025-03-03 04:00:00,W,Elizabeth St,0,0,0,0
2025-03-02,14,10:00,123,17,14.7,4,2,30.13,0,2025-03-02 22:00:00,2025-03-03 04:00:00,W,Greenwood Ave,0,0,0,0
2025-03-02,14,10:00,123,17,14.7,4,2,30.13,0,2025-03-02 22:00:00,2025-03-03 04:00:00,W,Alton Ave,0,0,0,0
2025-03-02,14,10:00,123,17,14.7,4,2,30.13,0,2025-03-02 22:00:00,2025-03-03 04:00:00,W,Coxwell Ave,0,0,0,0
2025-03-02,14,10:00,123,17,14.7,4,2,30.13,0,2025-03-02 22:00:00,2025-03-03 04:00:00,W,Gerrard St East  at Coxwell Ave,0,0,0,0
2025-03-02,14,10:00,123,17,14.7,4,2,30.13,0,2025-03-02 22:00:00,2025-03-03 04:00:00,W,Coxwell Ave at Lower Gerrard St East,0,0,0,0
2025-03-02,14,10:00,123,17,14.7,4,2,30.13,0,2025-03-02 22:00:00,2025-03-03 04:00:00,W,Ashdale Ave,0,0,0,0
2025-03-02,14,10:00,123,17,14.7,4,2,30.13,0,2025-03-02 22:00:00,2025-03-03 04:00:00,W,Howard Park Ave at Indian Rd,0,0,0,0
2025-03-02,14,10:00,123,17,14.7,4,2,30.13,0,2025-03-02 22:00:00,2025-03-03 04:00:00,W,Dundas St West at Howard Park Ave,0,0,0,0
2025-03-02,14,10:00,123,17,14.7,4,2,30.13,0,2025-03-02 22:00:00,2025-03-03 04:00:00,W,Main St at Gerrard St East,0,0,0,0
2025-03-02,14,10:00,123,17,14.7,4,2,30.13,0,2025-03-02 22:00:00,2025-03-03 04:00:00,W,Main St,0,0,0,0
2025-03-02,14,10:00,123,17,14.7,4,2,30.13,0,2025-03-02 22:00:00,2025-03-03 04:00:00,W,Main St at Danforth Ave,0,0,0,0
2025-03-02,14,10:00,123,17,14.7,4,2,30.13,0,2025-03-02 22:00:00,2025-03-03 04:00:00,W,Howard Park Ave at Parkside Dr,0,0,0,0
2025-03-09,14,10:00,123,17,14.7,4,2,30.13,0,2025-03-09 22:00:00,2025-03-10 04:00:00,E,Woodfield Rd,3,3,4,0
2025-03-09,14,10:00,123,17,14.7,4,2,30.13,0,2025-03-09 22:00:00,2025-03-10 04:00:00,E,Coxwell Ave at Gerrard St East,0,0,0,0
2025-03-09,14,10:00,123,17,14.7,4,2,30.13,0,2025-03-09 22:00:00,2025-03-10 04:00:00,E,Euclid Ave,1,2,2,1
2025-03-09,14,10:00,123,17,14.7,4,2,30.13,0,2025-03-09 22:00:00,2025-03-10 04:00:00,E,Bowmore Rd,2,3,5,0
2025-03-09,14,10:00,123,17,14.7,4,2,30.13,0,2025-03-09 22:00:00,2025-03-10 04:00:00,E,Bay St,5,2,2,1
2025-03-09,14,10:00,123,17,14.7,4,2,30.13,0,2025-03-09 22:00:00,2025-03-10 04:00:00,E,Lansdowne Ave,4,4,6,1
2025-03-09,14,10:00,123,17,14.7,4,2,30.13,0,2025-03-09 22:00:00,2025-03-10 04:00:00,E,Indian Rd,0,1,3,1
2025-03-09,14,10:00,123,17,14.7,4,2,30.13,0,2025-03-09 22:00:00,2025-03-10 04:00:00,E,Grace St,2,3,5,2
2025-03-09,14,10:00,123,17,14.7,4,2,30.13,0,2025-03-09 22:00:00,2025-03-10 04:00:00,E,Dufferin St,3,3,5,0
2025-03-09,14,10:00,123,17,14.7,4,2,30.13,0,2025-03-09 22:00:00,2025-03-10 04:00:00,E,Gerrard St East at Beaton Ave,2,3,5,0
2025-03-09,14,10:00,123,17,14.7,4,2,30.13,0,2025-03-09 22:00:00,2025-03-10 04:00:00,E,Bathurst St,1,2,2,1
2025-03-09,14,10:00,123,17,14.7,4,2,30.13,0,2025-03-09 22:00:00,2025-03-10 04:00:00,E,Yonge St - College Station,3,2,3,0
2025-03-09,14,10:00,123,17,14.7,4,2,30.13,0,2025-03-09 22:00:00,2025-03-10 04:00:00,E,Dundas St West at Sterling Rd,0,1,2,1
2025-03-09,14,10:00,123,17,14.7,4,2,30.13,0,2025-03-09 22:00:00,2025-03-10 04:00:00,E,Brock Ave,1,3,6,1
2025-03-09,14,10:00,123,17,14.7,4,2,30.13,0,2025-03-09 22:00:00,2025-03-10 04:00:00,E,Sackville St,1,2,2,1
2025-03-09,14,10:00,123,17,14.7,4,2,30.13,0,2025-03-09 22:00:00,2025-03-10 04:00:00,E,Carlaw Ave,3,2,2,0
2025-03-09,14,10:00,123,17,14.7,4,2,30.13,0,2025-03-09 22:00:00,2025-03-10 04:00:00,E,Borden St,1,2,2,1
2025-03-09,14,10:00,123,17,14.7,4,2,30.13,0,2025-03-09 22:00:00,2025-03-10 04:00:00,E,Dundas St West at Sorauren Ave,1,1,2,1
2025-03-09,14,10:00,123,17,14.7,4,2,30.13,0,2025-03-09 22:00:00,2025-03-10 04:00:00,E,Crawford St,1,3,3,2
2025-03-09,14,10:00,123,17,14.7,4,2,30.13,0,2025-03-09 22:00:00,2025-03-10 04:00:00,E,Pape Ave,3,2,2,0
2025-03-09,14,10:00,123,17,14.7,4,2,30.13,0,2025-03-09 22:00:00,2025-03-10 04:00:00,E,Spadina Ave,3,2,2,1
2025-03-09,14,10:00,123,17,14.7,4,2,30.13,0,2025-03-09 22:00:00,2025-03-10 04:00:00,E,River St,2,2,2,1
2025-03-09,14,10:00,123,17,14.7,4,2,30.13,0,2025-03-09 22:00:00,2025-03-10 04:00:00,E,Marjory Ave,3,2,3,0
2025-03-09,14,10:00,123,17,14.7,4,2,30.13,0,2025-03-09 22:00:00,2025-03-10 04:00:00,E,Kingsmount Park Rd,3,3,5,0
2025-03-09,14,10:00,123,17,14.7,4,2,30.13,0,2025-03-09 22:00:00,2025-03-10 04:00:00,E,Church St,0,0,0,0
2025-03-09,14,10:00,123,17,14.7,4,2,30.13,0,2025-03-09 22:00:00,2025-03-10 04:00:00,E,Ossington Ave,3,2,3,2
2025-03-09,14,10:00,123,17,14.7,4,2,30.13,0,2025-03-09 22:00:00,2025-03-10 04:00:00,E,Woodbine Ave,3,3,5,0
2025-03-09,14,10:00,123,17,14.7,4,2,30.13,0,2025-03-09 22:00:00,2025-03-10 04:00:00,E,Jones Ave,3,2,3,0
2025-03-09,14,10:00,123,17,14.7,4,2,30.13,0,2025-03-09 22:00:00,2025-03-10 04:00:00,E,Golfview Ave,3,3,4,0
2025-03-09,14,10:00,123,17,14.7,4,2,30.13,0,2025-03-09 22:00:00,2025-03-10 04:00:00,E,Leslie St,3,2,3,0
2025-03-09,14,10:00,123,17,14.7,4,2,30.13,0,2025-03-09 22:00:00,2025-03-10 04:00:00,E,St Matthews Rd,1,2,2,1
2025-03-09,14,10:00,123,17,14.7,4,2,30.13,0,2025-03-09 22:00:00,2025-03-10 04:00:00,E,Jarvis St,1,1,2,1
2025-03-09,14,10:00,123,17,14.7,4,2,30.13,0,2025-03-09 22:00:00,2025-03-10 04:00:00,E,Sherbourne St,1,1,2,1
2025-03-09,14,10:00,123,17,14.7,4,2,30.13,0,2025-03-09 22:00:00,2025-03-10 04:00:00,E,St George St,2,2,2,1
2025-03-09,14,10:00,123,17,14.7,4,2,30.13,0,2025-03-09 22:00:00,2025-03-10 04:00:00,E,Dovercourt Rd,2,2,3,2
2025-03-09,14,10:00,123,17,14.7,4,2,30.13,0,2025-03-09 22:00:00,2025-03-10 04:00:00,E,Glenmount Park Rd,4,3,4,0
2025-03-09,14,10:00,123,17,14.7,4,2,30.13,0,2025-03-09 22:00:00,2025-03-10 04:00:00,E,Prust Ave,4,2,3,0
2025-03-09,14,10:00,123,17,14.7,4,2,30.13,0,2025-03-09 22:00:00,2025-03-10 04:00:00,E,Main Street Station at Bay 7,0,0,0,0
2025-03-09,14,10:00,123,17,14.7,4,2,30.13,0,2025-03-09 22:00:00,2025-03-10 04:00:00,E,Norwood Rd,4,3,4,0
2025-03-09,14,10:00,123,17,14.7,4,2,30.13,0,2025-03-09 22:00:00,2025-03-10 04:00:00,E,McCaul St,3,2,2,1
2025-03-09,14,10:00,123,17,14.7,4,2,30.13,0,2025-03-09 22:00:00,2025-03-10 04:00:00,E,Broadview Ave,1,2,2,1
2025-03-09,14,10:00,123,17,14.7,4,2,30.13,0,2025-03-09 22:00:00,2025-03-10 04:00:00,E,Ontario St,0,2,2,1
2025-03-09,14,10:00,123,17,14.7,4,2,30.13,0,2025-03-09 22:00:00,2025-03-10 04:00:00,E,Rusholme Park Cres,0,0,1,1
2025-03-09,14,10:00,123,17,14.7,4,2,30.13,0,2025-03-09 22:00:00,2025-03-10 04:00:00,E,Havelock St,4,2,3,0
2025-03-09,14,10:00,123,17,14.7,4,2,30.13,0,2025-03-09 22:00:00,2025-03-10 04:00:00,E,High Park Loop,0,2,5,2
2025-03-09,14,10:00,123,17,14.7,4,2,30.13,0,2025-03-09 22:00:00,2025-03-10 04:00:00,E,Queens Park (Queen's Park Station),2,2,2,1
2025-03-09,14,10:00,123,17,14.7,4,2,30.13,0,2025-03-09 22:00:00,2025-03-10 04:00:00,E,Roncesvalles Ave,0,0,1,1
2025-03-09,14,10:00,123,17,14.7,4,2,30.13,0,2025-03-09 22:00:00,2025-03-10 04:00:00,E,De Grassi St,1,2,2,1
2025-03-09,14,10:00,123,17,14.7,4,2,30.13,0,2025-03-09 22:00:00,2025-03-10 04:00:00,E,Parliament St at Carlton St,2,2,2,1
2025-03-09,14,10:00,123,17,14.7,4,2,30.13,0,2025-03-09 22:00:00,2025-03-10 04:00:00,E,Parkside Dr East Side,0,1,3,1
2025-03-09,14,10:00,123,17,14.7,4,2,30.13,0,2025-03-09 22:00:00,2025-03-10 04:00:00,E,Dundas St West,1,1,2,1
2025-03-09,14,10:00,123,17,14.7,4,2,30.13,0,2025-03-09 22:00:00,2025-03-10 04:00:00,E,Howard Park Ave at Roncesvalles Ave,0,0,0,0
2025-03-09,14,10:00,123,17,14.7,4,2,30.13,0,2025-03-09 22:00:00,2025-03-10 04:00:00,E,Parliament St,0,0,0,0
2025-03-09,14,10:00,123,17,14.7,4,2,30.13,0,2025-03-09 22:00:00,2025-03-10 04:00:00,E,Parliament St at Gerrard St East,0,0,0,0
2025-03-09,14,10:00,123,17,14.7,4,2,30.13,0,2025-03-09 22:00:00,2025-03-10 04:00:00,E,Sumach St,0,0,0,0
2025-03-09,14,10:00,123,17,14.7,4,2,30.13,0,2025-03-09 22:00:00,2025-03-10 04:00:00,E,Blackburn St,0,0,0,0
2025-03-09,14,10:00,123,17,14.7,4,2,30.13,0,2025-03-09 22:00:00,2025-03-10 04:00:00,E,Logan Ave,0,0,0,0
2025-03-09,14,10:00,123,17,14.7,4,2,30.13,0,2025-03-09 22:00:00,2025-03-10 04:00:00,E,Augusta Ave,0,0,0,0
2025-03-09,14,10:00,123,17,14.7,4,2,30.13,0,2025-03-09 22:00:00,2025-03-10 04:00:00,E,Beverley St,0,0,0,0
2025-03-09,14,10:00,123,17,14.7,4,2,30.13,0,2025-03-09 22:00:00,2025-03-10 04:00:00,E,University Ave (Queen's Park Station,0,0,0,0
2025-03-09,14,10:00,123,17,14.7,4,2,30.13,0,2025-03-09 22:00:00,2025-03-10 04:00:00,E,Elizabeth St,0,0,0,0
2025-03-09,14,10:00,123,17,14.7,4,2,30.13,0,2025-03-09 22:00:00,2025-03-10 04:00:00,E,Greenwood Ave,0,0,0,0
2025-03-09,14,10:00,123,17,14.7,4,2,30.13,0,2025-03-09 22:00:00,2025-03-10 04:00:00,E,Alton Ave,0,0,0,0
2025-03-09,14,10:00,123,17,14.7,4,2,30.13,0,2025-03-09 22:00:00,2025-03-10 04:00:00,E,Coxwell Ave,0,0,0,0
2025-03-09,14,10:00,123,17,14.7,4,2,30.13,0,2025-03-09 22:00:00,2025-03-10 04:00:00,E,Gerrard St East  at Coxwell Ave,0,0,0,0
2025-03-09,14,10:00,123,17,14.7,4,2,30.13,0,2025-03-09 22:00:00,2025-03-10 04:00:00,E,Coxwell Ave at Lower Gerrard St East,0,0,0,0
2025-03-09,14,10:00,123,17,14.7,4,2,30.13,0,2025-03-09 22:00:00,2025-03-10 04:00:00,E,Ashdale Ave,0,0,0,0
2025-03-09,14,10:00,123,17,14.7,4,2,30.13,0,2025-03-09 22:00:00,2025-03-10 04:00:00,E,Howard Park Ave at Indian Rd,0,0,0,0
2025-03-09,14,10:00,123,17,14.7,4,2,30.13,0,2025-03-09 22:00:00,2025-03-10 04:00:00,E,Dundas St West at Howard Park Ave,0,0,0,0
2025-03-09,14,10:00,123,17,14.7,4,2,30.13,0,2025-03-09 22:00:00,2025-03-10 04:00:00,E,Main St at Gerrard St East,0,0,0,0
2025-03-09,14,10:00,123,17,14.7,4,2,30.13,0,2025-03-09 22:00:00,2025-03-10 04:00:00,E,Main St,0,0,0,0
2025-03-09,14,10:00,123,17,14.7,4,2,30.13,0,2025-03-09 22:00:00,2025-03-10 04:00:00,E,Main St at Danforth Ave,0,0,0,0
2025-03-09,14,10:00,123,17,14.7,4,2,30.13,0,2025-03-09 22:00:00,2025-03-10 04:00:00,E,Howard Park Ave at Parkside Dr,0,0,0,0
2025-03-09,14,10:00,123,17,14.7,4,2,30.13,0,2025-03-09 22:00:00,2025-03-10 04:00:00,W,Woodfield Rd,2,1,2,0
2025-03-09,14,10:00,123,17,14.7,4,2,30.13,0,2025-03-09 22:00:00,2025-03-10 04:00:00,W,Coxwell Ave at Gerrard St East,1,1,2,0
2025-03-09,14,10:00,123,17,14.7,4,2,30.13,0,2025-03-09 22:00:00,2025-03-10 04:00:00,W,Euclid Ave,0,0,0,0
2025-03-09,14,10:00,123,17,14.7,4,2,30.13,0,2025-03-09 22:00:00,2025-03-10 04:00:00,W,Bowmore Rd,1,2,2,0
2025-03-09,14,10:00,123,17,14.7,4,2,30.13,0,2025-03-09 22:00:00,2025-03-10 04:00:00,W,Bay St,2,2,3,1
2025-03-09,14,10:00,123,17,14.7,4,2,30.13,0,2025-03-09 22:00:00,2025-03-10 04:00:00,W,Lansdowne Ave,0,0,0,0
2025-03-09,14,10:00,123,17,14.7,4,2,30.13,0,2025-03-09 22:00:00,2025-03-10 04:00:00,W,Indian Rd,7,4,4,1
2025-03-09,14,10:00,123,17,14.7,4,2,30.13,0,2025-03-09 22:00:00,2025-03-10 04:00:00,W,Grace St,0,0,0,0
2025-03-09,14,10:00,123,17,14.7,4,2,30.13,0,2025-03-09 22:00:00,2025-03-10 04:00:00,W,Dufferin St,4,4,6,2
2025-03-09,14,10:00,123,17,14.7,4,2,30.13,0,2025-03-09 22:00:00,2025-03-10 04:00:00,W,Gerrard St East at Beaton Ave,1,1,2,0
2025-03-09,14,10:00,123,17,14.7,4,2,30.13,0,2025-03-09 22:00:00,2025-03-10 04:00:00,W,Bathurst St,0,0,0,0
2025-03-09,14,10:00,123,17,14.7,4,2,30.13,0,2025-03-09 22:00:00,2025-03-10 04:00:00,W,Yonge St - College Station,0,0,0,0
2025-03-09,14,10:00,123,17,14.7,4,2,30.13,0,2025-03-09 22:00:00,2025-03-10 04:00:00,W,Dundas St West at Sterling Rd,0,0,0,0
2025-03-09,14,10:00,123,17,14.7,4,2,30.13,0,2025-03-09 22:00:00,2025-03-10 04:00:00,W,Brock Ave,0,0,0,0
2025-03-09,14,10:00,123,17,14.7,4,2,30.13,0,2025-03-09 22:00:00,2025-03-10 04:00:00,W,Sackville St,5,2,7,1
2025-03-09,14,10:00,123,17,14.7,4,2,30.13,0,2025-03-09 22:00:00,2025-03-10 04:00:00,W,Carlaw Ave,0,0,0,0
2025-03-09,14,10:00,123,17,14.7,4,2,30.13,0,2025-03-09 22:00:00,2025-03-10 04:00:00,W,Borden St,0,0,0,0
2025-03-09,14,10:00,123,17,14.7,4,2,30.13,0,2025-03-09 22:00:00,2025-03-10 04:00:00,W,Dundas St West at Sorauren Ave,5,4,2,1
2025-03-09,14,10:00,123,17,14.7,4,2,30.13,0,2025-03-09 22:00:00,2025-03-10 04:00:00,W,Crawford St,0,0,0,0
2025-03-09,14,10:00,123,17,14.7,4,2,30.13,0,2025-03-09 22:00:00,2025-03-10 04:00:00,W,Pape Ave,0,0,0,0
2025-03-09,14,10:00,123,17,14.7,4,2,30.13,0,2025-03-09 22:00:00,2025-03-10 04:00:00,W,Spadina Ave,5,2,2,1
2025-03-09,14,10:00,123,17,14.7,4,2,30.13,0,2025-03-09 22:00:00,2025-03-10 04:00:00,W,River St,5,2,7,1
2025-03-09,14,10:00,123,17,14.7,4,2,30.13,0,2025-03-09 22:00:00,2025-03-10 04:00:00,W,Marjory Ave,0,0,0,0
2025-03-09,14,10:00,123,17,14.7,4,2,30.13,0,2025-03-09 22:00:00,2025-03-10 04:00:00,W,Kingsmount Park Rd,0,0,0,0
2025-03-09,14,10:00,123,17,14.7,4,2,30.13,0,2025-03-09 22:00:00,2025-03-10 04:00:00,W,Church St,0,0,0,0
2025-03-09,14,10:00,123,17,14.7,4,2,30.13,0,2025-03-09 22:00:00,2025-03-10 04:00:00,W,Ossington Ave,0,0,0,0
2025-03-09,14,10:00,123,17,14.7,4,2,30.13,0,2025-03-09 22:00:00,2025-03-10 04:00:00,W,Woodbine Ave,0,0,0,0
2025-03-09,14,10:00,123,17,14.7,4,2,30.13,0,2025-03-09 22:00:00,2025-03-10 04:00:00,W,Jones Ave,0,0,0,0
2025-03-09,14,10:00,123,17,14.7,4,2,30.13,0,2025-03-09 22:00:00,2025-03-10 04:00:00,W,Golfview Ave,0,0,0,0
2025-03-09,14,10:00,123,17,14.7,4,2,30.13,0,2025-03-09 22:00:00,2025-03-10 04:00:00,W,Leslie St,0,0,0,0
2025-03-09,14,10:00,123,17,14.7,4,2,30.13,0,2025-03-09 22:00:00,2025-03-10 04:00:00,W,St Matthews Rd,0,0,0,0
2025-03-09,14,10:00,123,17,14.7,4,2,30.13,0,2025-03-09 22:00:00,2025-03-10 04:00:00,W,Jarvis St,0,0,0,0
2025-03-09,14,10:00,123,17,14.7,4,2,30.13,0,2025-03-09 22:00:00,2025-03-10 04:00:00,W,Sherbourne St,0,0,0,0
2025-03-09,14,10:00,123,17,14.7,4,2,30.13,0,2025-03-09 22:00:00,2025-03-10 04:00:00,W,St George St,0,0,0,0
2025-03-09,14,10:00,123,17,14.7,4,2,30.13,0,2025-03-09 22:00:00,2025-03-10 04:00:00,W,Dovercourt Rd,0,0,0,0
2025-03-09,14,10:00,123,17,14.7,4,2,30.13,0,2025-03-09 22:00:00,2025-03-10 04:00:00,W,Glenmount Park Rd,0,0,0,0
2025-03-09,14,10:00,123,17,14.7,4,2,30.13,0,2025-03-09 22:00:00,2025-03-10 04:00:00,W,Prust Ave,0,0,0,0
2025-03-09,14,10:00,123,17,14.7,4,2,30.13,0,2025-03-09 22:00:00,2025-03-10 04:00:00,W,Main Street Station at Bay 7,1,2,2,0
2025-03-09,14,10:00,123,17,14.7,4,2,30.13,0,2025-03-09 22:00:00,2025-03-10 04:00:00,W,Norwood Rd,0,0,0,0
2025-03-09,14,10:00,123,17,14.7,4,2,30.13,0,2025-03-09 22:00:00,2025-03-10 04:00:00,W,McCaul St,0,0,0,0
2025-03-09,14,10:00,123,17,14.7,4,2,30.13,0,2025-03-09 22:00:00,2025-03-10 04:00:00,W,Broadview Ave,0,0,0,0
2025-03-09,14,10:00,123,17,14.7,4,2,30.13,0,2025-03-09 22:00:00,2025-03-10 04:00:00,W,Ontario St,0,0,0,0
2025-03-09,14,10:00,123,17,14.7,4,2,30.13,0,2025-03-09 22:00:00,2025-03-10 04:00:00,W,Rusholme Park Cres,0,0,0,0
2025-03-09,14,10:00,123,17,14.7,4,2,30.13,0,2025-03-09 22:00:00,2025-03-10 04:00:00,W,Havelock St,0,0,0,0
2025-03-09,14,10:00,123,17,14.7,4,2,30.13,0,2025-03-09 22:00:00,2025-03-10 04:00:00,W,High Park Loop,0,0,0,0
2025-03-09,14,10:00,123,17,14.7,4,2,30.13,0,2025-03-09 22:00:00,2025-03-10 04:00:00,W,Queens Park (Queen's Park Station),0,0,0,0
2025-03-09,14,10:00,123,17,14.7,4,2,30.13,0,2025-03-09 22:00:00,2025-03-10 04:00:00,W,Roncesvalles Ave,5,4,4,1
2025-03-09,14,10:00,123,17,14.7,4,2,30.13,0,2025-03-09 22:00:00,2025-03-10 04:00:00,W,De Grassi St,0,0,0,0
2025-03-09,14,10:00,123,17,14.7,4,2,30.13,0,2025-03-09 22:00:00,2025-03-10 04:00:00,W,Parliament St at Carlton St,0,0,0,0
2025-03-09,14,10:00,123,17,14.7,4,2,30.13,0,2025-03-09 22:00:00,2025-03-10 04:00:00,W,Parkside Dr East Side,0,0,0,0
2025-03-09,14,10:00,123,17,14.7,4,2,30.13,0,2025-03-09 22:00:00,2025-03-10 04:00:00,W,Dundas St West,5,4,2,1
2025-03-09,14,10:00,123,17,14.7,4,2,30.13,0,2025-03-09 22:00:00,2025-03-10 04:00:00,W,Howard Park Ave at Roncesvalles Ave,0,0,0,0
2025-03-09,14,10:00,123,17,14.7,4,2,30.13,0,2025-03-09 22:00:00,2025-03-10 04:00:00,W,Parliament St,0,0,0,0
2025-03-09,14,10:00,123,17,14.7,4,2,30.13,0,2025-03-09 22:00:00,2025-03-10 04:00:00,W,Parliament St at Gerrard St East,0,0,0,0
2025-03-09,14,10:00,123,17,14.7,4,2,30.13,0,2025-03-09 22:00:00,2025-03-10 04:00:00,W,Sumach St,0,0,0,0
2025-03-09,14,10:00,123,17,14.7,4,2,30.13,0,2025-03-09 22:00:00,2025-03-10 04:00:00,W,Blackburn St,0,0,0,0
2025-03-09,14,10:00,123,17,14.7,4,2,30.13,0,2025-03-09 22:00:00,2025-03-10 04:00:00,W,Logan Ave,0,0,0,0
2025-03-09,14,10:00,123,17,14.7,4,2,30.13,0,2025-03-09 22:00:00,2025-03-10 04:00:00,W,Augusta Ave,0,0,0,0
2025-03-09,14,10:00,123,17,14.7,4,2,30.13,0,2025-03-09 22:00:00,2025-03-10 04:00:00,W,Beverley St,0,0,0,0
2025-03-09,14,10:00,123,17,14.7,4,2,30.13,0,2025-03-09 22:00:00,2025-03-10 04:00:00,W,University Ave (Queen's Park Station,0,0,0,0
2025-03-09,14,10:00,123,17,14.7,4,2,30.13,0,2025-03-09 22:00:00,2025-03-10 04:00:00,W,Elizabeth St,0,0,0,0
2025-03-09,14,10:00,123,17,14.7,4,2,30.13,0,2025-03-09 22:00:00,2025-03-10 04:00:00,W,Greenwood Ave,0,0,0,0
2025-03-09,14,10:00,123,17,14.7,4,2,30.13,0,2025-03-09 22:00:00,2025-03-10 04:00:00,W,Alton Ave,0,0,0,0
2025-03-09,14,10:00,123,17,14.7,4,2,30.13,0,2025-03-09 22:00:00,2025-03-10 04:00:00,W,Coxwell Ave,0,0,0,0
2025-03-09,14,10:00,123,17,14.7,4,2,30.13,0,2025-03-09 22:00:00,2025-03-10 04:00:00,W,Gerrard St East  at Coxwell Ave,0,0,0,0
2025-03-09,14,10:00,123,17,14.7,4,2,30.13,0,2025-03-09 22:00:00,2025-03-10 04:00:00,W,Coxwell Ave at Lower Gerrard St East,0,0,0,0
2025-03-09,14,10:00,123,17,14.7,4,2,30.13,0,2025-03-09 22:00:00,2025-03-10 04:00:00,W,Ashdale Ave,0,0,0,0
2025-03-09,14,10:00,123,17,14.7,4,2,30.13,0,2025-03-09 22:00:00,2025-03-10 04:00:00,W,Howard Park Ave at Indian Rd,0,0,0,0
2025-03-09,14,10:00,123,17,14.7,4,2,30.13,0,2025-03-09 22:00:00,2025-03-10 04:00:00,W,Dundas St West at Howard Park Ave,0,0,0,0
2025-03-09,14,10:00,123,17,14.7,4,2,30.13,0,2025-03-09 22:00:00,2025-03-10 04:00:00,W,Main St at Gerrard St East,0,0,0,0
2025-03-09,14,10:00,123,17,14.7,4,2,30.13,0,2025-03-09 22:00:00,2025-03-10 04:00:00,W,Main St,0,0,0,0
2025-03-09,14,10:00,123,17,14.7,4,2,30.13,0,2025-03-09 22:00:00,2025-03-10 04:00:00,W,Main St at Danforth Ave,0,0,0,0
2025-03-09,14,10:00,123,17,14.7,4,2,30.13,0,2025-03-09 22:00:00,2025-03-10 04:00:00,W,Howard Park Ave at Parkside Dr,0,0,0,0
2025-03-16,14,10:00,123,17,14.7,4,2,30.13,0,2025-03-16 22:00:00,2025-03-17 04:00:00,E,Woodfield Rd,0,0,1,0
2025-03-16,14,10:00,123,17,14.7,4,2,30.13,0,2025-03-16 22:00:00,2025-03-17 04:00:00,E,Coxwell Ave at Gerrard St East,0,0,0,0
2025-03-16,14,10:00,123,17,14.7,4,2,30.13,0,2025-03-16 22:00:00,2025-03-17 04:00:00,E,Euclid Ave,0,0,2,0
2025-03-16,14,10:00,123,17,14.7,4,2,30.13,0,2025-03-16 22:00:00,2025-03-17 04:00:00,E,Bowmore Rd,0,1,0,0
2025-03-16,14,10:00,123,17,14.7,4,2,30.13,0,2025-03-16 22:00:00,2025-03-17 04:00:00,E,Bay St,0,0,2,0
2025-03-16,14,10:00,123,17,14.7,4,2,30.13,0,2025-03-16 22:00:00,2025-03-17 04:00:00,E,Lansdowne Ave,0,1,2,0
2025-03-16,14,10:00,123,17,14.7,4,2,30.13,0,2025-03-16 22:00:00,2025-03-17 04:00:00,E,Indian Rd,0,1,2,0
2025-03-16,14,10:00,123,17,14.7,4,2,30.13,0,2025-03-16 22:00:00,2025-03-17 04:00:00,E,Grace St,0,1,4,0
2025-03-16,14,10:00,123,17,14.7,4,2,30.13,0,2025-03-16 22:00:00,2025-03-17 04:00:00,E,Dufferin St,0,0,1,0
2025-03-16,14,10:00,123,17,14.7,4,2,30.13,0,2025-03-16 22:00:00,2025-03-17 04:00:00,E,Gerrard St East at Beaton Ave,0,1,0,0
2025-03-16,14,10:00,123,17,14.7,4,2,30.13,0,2025-03-16 22:00:00,2025-03-17 04:00:00,E,Bathurst St,0,0,2,0
2025-03-16,14,10:00,123,17,14.7,4,2,30.13,0,2025-03-16 22:00:00,2025-03-17 04:00:00,E,Yonge St - College Station,0,0,2,0
2025-03-16,14,10:00,123,17,14.7,4,2,30.13,0,2025-03-16 22:00:00,2025-03-17 04:00:00,E,Dundas St West at Sterling Rd,0,0,2,0
2025-03-16,14,10:00,123,17,14.7,4,2,30.13,0,2025-03-16 22:00:00,2025-03-17 04:00:00,E,Brock Ave,0,1,2,0
2025-03-16,14,10:00,123,17,14.7,4,2,30.13,0,2025-03-16 22:00:00,2025-03-17 04:00:00,E,Sackville St,0,0,2,0
2025-03-16,14,10:00,123,17,14.7,4,2,30.13,0,2025-03-16 22:00:00,2025-03-17 04:00:00,E,Carlaw Ave,0,0,1,0
2025-03-16,14,10:00,123,17,14.7,4,2,30.13,0,2025-03-16 22:00:00,2025-03-17 04:00:00,E,Borden St,0,0,2,0
2025-03-16,14,10:00,123,17,14.7,4,2,30.13,0,2025-03-16 22:00:00,2025-03-17 04:00:00,E,Dundas St West at Sorauren Ave,0,0,2,0
2025-03-16,14,10:00,123,17,14.7,4,2,30.13,0,2025-03-16 22:00:00,2025-03-17 04:00:00,E,Crawford St,0,1,4,0
2025-03-16,14,10:00,123,17,14.7,4,2,30.13,0,2025-03-16 22:00:00,2025-03-17 04:00:00,E,Pape Ave,0,0,1,0
2025-03-16,14,10:00,123,17,14.7,4,2,30.13,0,2025-03-16 22:00:00,2025-03-17 04:00:00,E,Spadina Ave,0,0,2,0
2025-03-16,14,10:00,123,17,14.7,4,2,30.13,0,2025-03-16 22:00:00,2025-03-17 04:00:00,E,River St,0,0,2,0
2025-03-16,14,10:00,123,17,14.7,4,2,30.13,0,2025-03-16 22:00:00,2025-03-17 04:00:00,E,Marjory Ave,0,0,2,0
2025-03-16,14,10:00,123,17,14.7,4,2,30.13,0,2025-03-16 22:00:00,2025-03-17 04:00:00,E,Kingsmount Park Rd,0,1,0,0
2025-03-16,14,10:00,123,17,14.7,4,2,30.13,0,2025-03-16 22:00:00,2025-03-17 04:00:00,E,Church St,0,0,0,0
2025-03-16,14,10:00,123,17,14.7,4,2,30.13,0,2025-03-16 22:00:00,2025-03-17 04:00:00,E,Ossington Ave,0,0,4,0
2025-03-16,14,10:00,123,17,14.7,4,2,30.13,0,2025-03-16 22:00:00,2025-03-17 04:00:00,E,Woodbine Ave,0,1,0,0
2025-03-16,14,10:00,123,17,14.7,4,2,30.13,0,2025-03-16 22:00:00,2025-03-17 04:00:00,E,Jones Ave,0,0,2,0
2025-03-16,14,10:00,123,17,14.7,4,2,30.13,0,2025-03-16 22:00:00,2025-03-17 04:00:00,E,Golfview Ave,0,1,0,0
2025-03-16,14,10:00,123,17,14.7,4,2,30.13,0,2025-03-16 22:00:00,2025-03-17 04:00:00,E,Leslie St,0,0,3,0
2025-03-16,14,10:00,123,17,14.7,4,2,30.13,0,2025-03-16 22:00:00,2025-03-17 04:00:00,E,St Matthews Rd,0,0,2,0
2025-03-16,14,10:00,123,17,14.7,4,2,30.13,0,2025-03-16 22:00:00,2025-03-17 04:00:00,E,Jarvis St,0,0,2,0
2025-03-16,14,10:00,123,17,14.7,4,2,30.13,0,2025-03-16 22:00:00,2025-03-17 04:00:00,E,Sherbourne St,0,0,2,0
2025-03-16,14,10:00,123,17,14.7,4,2,30.13,0,2025-03-16 22:00:00,2025-03-17 04:00:00,E,St George St,0,0,2,0
2025-03-16,14,10:00,123,17,14.7,4,2,30.13,0,2025-03-16 22:00:00,2025-03-17 04:00:00,E,Dovercourt Rd,0,0,4,0
2025-03-16,14,10:00,123,17,14.7,4,2,30.13,0,2025-03-16 22:00:00,2025-03-17 04:00:00,E,Glenmount Park Rd,0,1,0,0
2025-03-16,14,10:00,123,17,14.7,4,2,30.13,0,2025-03-16 22:00:00,2025-03-17 04:00:00,E,Prust Ave,0,0,2,0
2025-03-16,14,10:00,123,17,14.7,4,2,30.13,0,2025-03-16 22:00:00,2025-03-17 04:00:00,E,Main Street Station at Bay 7,0,0,0,0
2025-03-16,14,10:00,123,17,14.7,4,2,30.13,0,2025-03-16 22:00:00,2025-03-17 04:00:00,E,Norwood Rd,0,1,0,0
2025-03-16,14,10:00,123,17,14.7,4,2,30.13,0,2025-03-16 22:00:00,2025-03-17 04:00:00,E,McCaul St,0,0,2,0
2025-03-16,14,10:00,123,17,14.7,4,2,30.13,0,2025-03-16 22:00:00,2025-03-17 04:00:00,E,Broadview Ave,0,0,2,0
2025-03-16,14,10:00,123,17,14.7,4,2,30.13,0,2025-03-16 22:00:00,2025-03-17 04:00:00,E,Ontario St,0,0,2,0
2025-03-16,14,10:00,123,17,14.7,4,2,30.13,0,2025-03-16 22:00:00,2025-03-17 04:00:00,E,Rusholme Park Cres,0,0,2,0
2025-03-16,14,10:00,123,17,14.7,4,2,30.13,0,2025-03-16 22:00:00,2025-03-17 04:00:00,E,Havelock St,0,0,2,0
2025-03-16,14,10:00,123,17,14.7,4,2,30.13,0,2025-03-16 22:00:00,2025-03-17 04:00:00,E,High Park Loop,0,2,4,0
2025-03-16,14,10:00,123,17,14.7,4,2,30.13,0,2025-03-16 22:00:00,2025-03-17 04:00:00,E,Queens Park (Queen's Park Station),0,0,2,0
2025-03-16,14,10:00,123,17,14.7,4,2,30.13,0,2025-03-16 22:00:00,2025-03-17 04:00:00,E,Roncesvalles Ave,0,0,2,0
2025-03-16,14,10:00,123,17,14.7,4,2,30.13,0,2025-03-16 22:00:00,2025-03-17 04:00:00,E,De Grassi St,0,0,2,0
2025-03-16,14,10:00,123,17,14.7,4,2,30.13,0,2025-03-16 22:00:00,2025-03-17 04:00:00,E,Parliament St at Carlton St,0,0,2,0
2025-03-16,14,10:00,123,17,14.7,4,2,30.13,0,2025-03-16 22:00:00,2025-03-17 04:00:00,E,Parkside Dr East Side,0,1,2,0
2025-03-16,14,10:00,123,17,14.7,4,2,30.13,0,2025-03-16 22:00:00,2025-03-17 04:00:00,E,Dundas St West,0,0,2,0
2025-03-16,14,10:00,123,17,14.7,4,2,30.13,0,2025-03-16 22:00:00,2025-03-17 04:00:00,E,Howard Park Ave at Roncesvalles Ave,0,0,0,0
2025-03-16,14,10:00,123,17,14.7,4,2,30.13,0,2025-03-16 22:00:00,2025-03-17 04:00:00,E,Parliament St,0,0,0,0
2025-03-16,14,10:00,123,17,14.7,4,2,30.13,0,2025-03-16 22:00:00,2025-03-17 04:00:00,E,Parliament St at Gerrard St East,0,0,0,0
2025-03-16,14,10:00,123,17,14.7,4,2,30.13,0,2025-03-16 22:00:00,2025-03-17 04:00:00,E,Sumach St,0,0,0,0
2025-03-16,14,10:00,123,17,14.7,4,2,30.13,0,2025-03-16 22:00:00,2025-03-17 04:00:00,E,Blackburn St,0,0,0,0
2025-03-16,14,10:00,123,17,14.7,4,2,30.13,0,2025-03-16 22:00:00,2025-03-17 04:00:00,E,Logan Ave,0,0,0,0
2025-03-16,14,10:00,123,17,14.7,4,2,30.13,0,2025-03-16 22:00:00,2025-03-17 04:00:00,E,Augusta Ave,0,0,0,0
2025-03-16,14,10:00,123,17,14.7,4,2,30.13,0,2025-03-16 22:00:00,2025-03-17 04:00:00,E,Beverley St,0,0,0,0
2025-03-16,14,10:00,123,17,14.7,4,2,30.13,0,2025-03-16 22:00:00,2025-03-17 04:00:00,E,University Ave (Queen's Park Station,0,0,0,0
2025-03-16,14,10:00,123,17,14.7,4,2,30.13,0,2025-03-16 22:00:00,2025-03-17 04:00:00,E,Elizabeth St,0,0,0,0
2025-03-16,14,10:00,123,17,14.7,4,2,30.13,0,2025-03-16 22:00:00,2025-03-17 04:00:00,E,Greenwood Ave,0,0,0,0
2025-03-16,14,10:00,123,17,14.7,4,2,30.13,0,2025-03-16 22:00:00,2025-03-17 04:00:00,E,Alton Ave,0,0,0,0
2025-03-16,14,10:00,123,17,14.7,4,2,30.13,0,2025-03-16 22:00:00,2025-03-17 04:00:00,E,Coxwell Ave,0,0,0,0
2025-03-16,14,10:00,123,17,14.7,4,2,30.13,0,2025-03-16 22:00:00,2025-03-17 04:00:00,E,Gerrard St East  at Coxwell Ave,0,0,0,0
2025-03-16,14,10:00,123,17,14.7,4,2,30.13,0,2025-03-16 22:00:00,2025-03-17 04:00:00,E,Coxwell Ave at Lower Gerrard St East,0,0,0,0
2025-03-16,14,10:00,123,17,14.7,4,2,30.13,0,2025-03-16 22:00:00,2025-03-17 04:00:00,E,Ashdale Ave,0,0,0,0
2025-03-16,14,10:00,123,17,14.7,4,2,30.13,0,2025-03-16 22:00:00,2025-03-17 04:00:00,E,Howard Park Ave at Indian Rd,0,0,0,0
2025-03-16,14,10:00,123,17,14.7,4,2,30.13,0,2025-03-16 22:00:00,2025-03-17 04:00:00,E,Dundas St West at Howard Park Ave,0,0,0,0
2025-03-16,14,10:00,123,17,14.7,4,2,30.13,0,2025-03-16 22:00:00,2025-03-17 04:00:00,E,Main St at Gerrard St East,0,0,0,0
2025-03-16,14,10:00,123,17,14.7,4,2,30.13,0,2025-03-16 22:00:00,2025-03-17 04:00:00,E,Main St,0,0,0,0
2025-03-16,14,10:00,123,17,14.7,4,2,30.13,0,2025-03-16 22:00:00,2025-03-17 04:00:00,E,Main St at Danforth Ave,0,0,0,0
2025-03-16,14,10:00,123,17,14.7,4,2,30.13,0,2025-03-16 22:00:00,2025-03-17 04:00:00,E,Howard Park Ave at Parkside Dr,0,0,0,0
2025-03-16,14,10:00,123,17,14.7,4,2,30.13,0,2025-03-16 22:00:00,2025-03-17 04:00:00,W,Woodfield Rd,0,0,0,0
2025-03-16,14,10:00,123,17,14.7,4,2,30.13,0,2025-03-16 22:00:00,2025-03-17 04:00:00,W,Coxwell Ave at Gerrard St East,0,0,0,0
2025-03-16,14,10:00,123,17,14.7,4,2,30.13,0,2025-03-16 22:00:00,2025-03-17 04:00:00,W,Euclid Ave,0,0,0,0
2025-03-16,14,10:00,123,17,14.7,4,2,30.13,0,2025-03-16 22:00:00,2025-03-17 04:00:00,W,Bowmore Rd,0,0,0,0
2025-03-16,14,10:00,123,17,14.7,4,2,30.13,0,2025-03-16 22:00:00,2025-03-17 04:00:00,W,Bay St,0,0,0,0
2025-03-16,14,10:00,123,17,14.7,4,2,30.13,0,2025-03-16 22:00:00,2025-03-17 04:00:00,W,Lansdowne Ave,0,0,0,0
2025-03-16,14,10:00,123,17,14.7,4,2,30.13,0,2025-03-16 22:00:00,2025-03-17 04:00:00,W,Indian Rd,2,4,2,0
2025-03-16,14,10:00,123,17,14.7,4,2,30.13,0,2025-03-16 22:00:00,2025-03-17 04:00:00,W,Grace St,0,0,0,0
2025-03-16,14,10:00,123,17,14.7,4,2,30.13,0,2025-03-16 22:00:00,2025-03-17 04:00:00,W,Dufferin St,1,1,2,0
2025-03-16,14,10:00,123,17,14.7,4,2,30.13,0,2025-03-16 22:00:00,2025-03-17 04:00:00,W,Gerrard St East at Beaton Ave,0,0,0,0
2025-03-16,14,10:00,123,17,14.7,4,2,30.13,0,2025-03-16 22:00:00,2025-03-17 04:00:00,W,Bathurst St,0,0,0,0
2025-03-16,14,10:00,123,17,14.7,4,2,30.13,0,2025-03-16 22:00:00,2025-03-17 04:00:00,W,Yonge St - College Station,0,0,0,0
2025-03-16,14,10:00,123,17,14.7,4,2,30.13,0,2025-03-16 22:00:00,2025-03-17 04:00:00,W,Dundas St West at Sterling Rd,0,0,0,0
2025-03-16,14,10:00,123,17,14.7,4,2,30.13,0,2025-03-16 22:00:00,2025-03-17 04:00:00,W,Brock Ave,0,0,0,0
2025-03-16,14,10:00,123,17,14.7,4,2,30.13,0,2025-03-16 22:00:00,2025-03-17 04:00:00,W,Sackville St,1,1,1,0
2025-03-16,14,10:00,123,17,14.7,4,2,30.13,0,2025-03-16 22:00:00,2025-03-17 04:00:00,W,Carlaw Ave,0,0,0,0
2025-03-16,14,10:00,123,17,14.7,4,2,30.13,0,2025-03-16 22:00:00,2025-03-17 04:00:00,W,Borden St,0,0,0,0
2025-03-16,14,10:00,123,17,14.7,4,2,30.13,0,2025-03-16 22:00:00,2025-03-17 04:00:00,W,Dundas St West at Sorauren Ave,0,2,1,0
2025-03-16,14,10:00,123,17,14.7,4,2,30.13,0,2025-03-16 22:00:00,2025-03-17 04:00:00,W,Crawford St,0,0,0,0
2025-03-16,14,10:00,123,17,14.7,4,2,30.13,0,2025-03-16 22:00:00,2025-03-17 04:00:00,W,Pape Ave,0,0,0,0
2025-03-16,14,10:00,123,17,14.7,4,2,30.13,0,2025-03-16 22:00:00,2025-03-17 04:00:00,W,Spadina Ave,1,0,0,0
2025-03-16,14,10:00,123,17,14.7,4,2,30.13,0,2025-03-16 22:00:00,2025-03-17 04:00:00,W,River St,1,1,1,0
2025-03-16,14,10:00,123,17,14.7,4,2,30.13,0,2025-03-16 22:00:00,2025-03-17 04:00:00,W,Marjory Ave,0,0,0,0
2025-03-16,14,10:00,123,17,14.7,4,2,30.13,0,2025-03-16 22:00:00,2025-03-17 04:00:00,W,Kingsmount Park Rd,0,0,0,0
2025-03-16,14,10:00,123,17,14.7,4,2,30.13,0,2025-03-16 22:00:00,2025-03-17 04:00:00,W,Church St,0,0,0,0
2025-03-16,14,10:00,123,17,14.7,4,2,30.13,0,2025-03-16 22:00:00,2025-03-17 04:00:00,W,Ossington Ave,0,0,0,0
2025-03-16,14,10:00,123,17,14.7,4,2,30.13,0,2025-03-16 22:00:00,2025-03-17 04:00:00,W,Woodbine Ave,0,0,0,0
2025-03-16,14,10:00,123,17,14.7,4,2,30.13,0,2025-03-16 22:00:00,2025-03-17 04:00:00,W,Jones Ave,0,0,0,0
2025-03-16,14,10:00,123,17,14.7,4,2,30.13,0,2025-03-16 22:00:00,2025-03-17 04:00:00,W,Golfview Ave,0,0,0,0
2025-03-16,14,10:00,123,17,14.7,4,2,30.13,0,2025-03-16 22:00:00,2025-03-17 04:00:00,W,Leslie St,0,0,0,0
2025-03-16,14,10:00,123,17,14.7,4,2,30.13,0,2025-03-16 22:00:00,2025-03-17 04:00:00,W,St Matthews Rd,0,0,0,0
2025-03-16,14,10:00,123,17,14.7,4,2,30.13,0,2025-03-16 22:00:00,2025-03-17 04:00:00,W,Jarvis St,0,0,0,0
2025-03-16,14,10:00,123,17,14.7,4,2,30.13,0,2025-03-16 22:00:00,2025-03-17 04:00:00,W,Sherbourne St,0,0,0,0
2025-03-16,14,10:00,123,17,14.7,4,2,30.13,0,2025-03-16 22:00:00,2025-03-17 04:00:00,W,St George St,0,0,0,0
2025-03-16,14,10:00,123,17,14.7,4,2,30.13,0,2025-03-16 22:00:00,2025-03-17 04:00:00,W,Dovercourt Rd,0,0,0,0
2025-03-16,14,10:00,123,17,14.7,4,2,30.13,0,2025-03-16 22:00:00,2025-03-17 04:00:00,W,Glenmount Park Rd,0,0,0,0
2025-03-16,14,10:00,123,17,14.7,4,2,30.13,0,2025-03-16 22:00:00,2025-03-17 04:00:00,W,Prust Ave,0,0,0,0
2025-03-16,14,10:00,123,17,14.7,4,2,30.13,0,2025-03-16 22:00:00,2025-03-17 04:00:00,W,Main Street Station at Bay 7,0,1,0,0
2025-03-16,14,10:00,123,17,14.7,4,2,30.13,0,2025-03-16 22:00:00,2025-03-17 04:00:00,W,Norwood Rd,0,0,0,0
2025-03-16,14,10:00,123,17,14.7,4,2,30.13,0,2025-03-16 22:00:00,2025-03-17 04:00:00,W,McCaul St,0,0,0,0
2025-03-16,14,10:00,123,17,14.7,4,2,30.13,0,2025-03-16 22:00:00,2025-03-17 04:00:00,W,Broadview Ave,0,0,0,0
2025-03-16,14,10:00,123,17,14.7,4,2,30.13,0,2025-03-16 22:00:00,2025-03-17 04:00:00,W,Ontario St,0,0,0,0
2025-03-16,14,10:00,123,17,14.7,4,2,30.13,0,2025-03-16 22:00:00,2025-03-17 04:00:00,W,Rusholme Park Cres,0,0,0,0
2025-03-16,14,10:00,123,17,14.7,4,2,30.13,0,2025-03-16 22:00:00,2025-03-17 04:00:00,W,Havelock St,0,0,0,0
2025-03-16,14,10:00,123,17,14.7,4,2,30.13,0,2025-03-16 22:00:00,2025-03-17 04:00:00,W,High Park Loop,0,0,0,0
2025-03-16,14,10:00,123,17,14.7,4,2,30.13,0,2025-03-16 22:00:00,2025-03-17 04:00:00,W,Queens Park (Queen's Park Station),0,0,0,0
2025-03-16,14,10:00,123,17,14.7,4,2,30.13,0,2025-03-16 22:00:00,2025-03-17 04:00:00,W,Roncesvalles Ave,0,3,2,0
2025-03-16,14,10:00,123,17,14.7,4,2,30.13,0,2025-03-16 22:00:00,2025-03-17 04:00:00,W,De Grassi St,0,0,0,0
2025-03-16,14,10:00,123,17,14.7,4,2,30.13,0,2025-03-16 22:00:00,2025-03-17 04:00:00,W,Parliament St at Carlton St,0,0,0,0
2025-03-16,14,10:00,123,17,14.7,4,2,30.13,0,2025-03-16 22:00:00,2025-03-17 04:00:00,W,Parkside Dr East Side,0,0,0,0
2025-03-16,14,10:00,123,17,14.7,4,2,30.13,0,2025-03-16 22:00:00,2025-03-17 04:00:00,W,Dundas St West,0,2,1,0
2025-03-16,14,10:00,123,17,14.7,4,2,30.13,0,2025-03-16 22:00:00,2025-03-17 04:00:00,W,Howard Park Ave at Roncesvalles Ave,0,0,0,0
2025-03-16,14,10:00,123,17,14.7,4,2,30.13,0,2025-03-16 22:00:00,2025-03-17 04:00:00,W,Parliament St,0,0,0,0
2025-03-16,14,10:00,123,17,14.7,4,2,30.13,0,2025-03-16 22:00:00,2025-03-17 04:00:00,W,Parliament St at Gerrard St East,0,0,0,0
2025-03-16,14,10:00,123,17,14.7,4,2,30.13,0,2025-03-16 22:00:00,2025-03-17 04:00:00,W,Sumach St,0,0,0,0
2025-03-16,14,10:00,123,17,14.7,4,2,30.13,0,2025-03-16 22:00:00,2025-03-17 04:00:00,W,Blackburn St,0,0,0,0
2025-03-16,14,10:00,123,17,14.7,4,2,30.13,0,2025-03-16 22:00:00,2025-03-17 04:00:00,W,Logan Ave,0,0,0,0
2025-03-16,14,10:00,123,17,14.7,4,2,30.13,0,2025-03-16 22:00:00,2025-03-17 04:00:00,W,Augusta Ave,0,0,0,0
2025-03-16,14,10:00,123,17,14.7,4,2,30.13,0,2025-03-16 22:00:00,2025-03-17 04:00:00,W,Beverley St,0,0,0,0
2025-03-16,14,10:00,123,17,14.7,4,2,30.13,0,2025-03-16 22:00:00,2025-03-17 04:00:00,W,University Ave (Queen's Park Station,0,0,0,0
2025-03-16,14,10:00,123,17,14.7,4,2,30.13,0,2025-03-16 22:00:00,2025-03-17 04:00:00,W,Elizabeth St,0,0,0,0
2025-03-16,14,10:00,123,17,14.7,4,2,30.13,0,2025-03-16 22:00:00,2025-03-17 04:00:00,W,Greenwood Ave,0,0,0,0
2025-03-16,14,10:00,123,17,14.7,4,2,30.13,0,2025-03-16 22:00:00,2025-03-17 04:00:00,W,Alton Ave,0,0,0,0
2025-03-16,14,10:00,123,17,14.7,4,2,30.13,0,2025-03-16 22:00:00,2025-03-17 04:00:00,W,Coxwell Ave,0,0,0,0
2025-03-16,14,10:00,123,17,14.7,4,2,30.13,0,2025-03-16 22:00:00,2025-03-17 04:00:00,W,Gerrard St East  at Coxwell Ave,0,0,0,0
2025-03-16,14,10:00,123,17,14.7,4,2,30.13,0,2025-03-16 22:00:00,2025-03-17 04:00:00,W,Coxwell Ave at Lower Gerrard St East,0,0,0,0
2025-03-16,14,10:00,123,17,14.7,4,2,30.13,0,2025-03-16 22:00:00,2025-03-17 04:00:00,W,Ashdale Ave,0,0,0,0
2025-03-16,14,10:00,123,17,14.7,4,2,30.13,0,2025-03-16 22:00:00,2025-03-17 04:00:00,W,Howard Park Ave at Indian Rd,0,0,0,0
2025-03-16,14,10:00,123,17,14.7,4,2,30.13,0,2025-03-16 22:00:00,2025-03-17 04:00:00,W,Dundas St West at Howard Park Ave,0,0,0,0
2025-03-16,14,10:00,123,17,14.7,4,2,30.13,0,2025-03-16 22:00:00,2025-03-17 04:00:00,W,Main St at Gerrard St East,0,0,0,0
2025-03-16,14,10:00,123,17,14.7,4,2,30.13,0,2025-03-16 22:00:00,2025-03-17 04:00:00,W,Main St,0,0,0,0
2025-03-16,14,10:00,123,17,14.7,4,2,30.13,0,2025-03-16 22:00:00,2025-03-17 04:00:00,W,Main St at Danforth Ave,0,0,0,0
2025-03-16,14,10:00,123,17,14.7,4,2,30.13,0,2025-03-16 22:00:00,2025-03-17 04:00:00,W,Howard Park Ave at Parkside Dr,0,0,0,0
2025-03-23,14,10:00,123,17,14.7,4,2,30.13,0,2025-03-23 22:00:00,2025-03-24 04:00:00,E,Woodfield Rd,6,3,4,0
2025-03-23,14,10:00,123,17,14.7,4,2,30.13,0,2025-03-23 22:00:00,2025-03-24 04:00:00,E,Coxwell Ave at Gerrard St East,0,0,0,0
2025-03-23,14,10:00,123,17,14.7,4,2,30.13,0,2025-03-23 22:00:00,2025-03-24 04:00:00,E,Euclid Ave,2,2,2,0
2025-03-23,14,10:00,123,17,14.7,4,2,30.13,0,2025-03-23 22:00:00,2025-03-24 04:00:00,E,Bowmore Rd,6,3,4,0
2025-03-23,14,10:00,123,17,14.7,4,2,30.13,0,2025-03-23 22:00:00,2025-03-24 04:00:00,E,Bay St,7,2,2,0
2025-03-23,14,10:00,123,17,14.7,4,2,30.13,0,2025-03-23 22:00:00,2025-03-24 04:00:00,E,Lansdowne Ave,6,3,5,0
2025-03-23,14,10:00,123,17,14.7,4,2,30.13,0,2025-03-23 22:00:00,2025-03-24 04:00:00,E,Indian Rd,0,2,1,0
2025-03-23,14,10:00,123,17,14.7,4,2,30.13,0,2025-03-23 22:00:00,2025-03-24 04:00:00,E,Grace St,2,2,2,0
2025-03-23,14,10:00,123,17,14.7,4,2,30.13,0,2025-03-23 22:00:00,2025-03-24 04:00:00,E,Dufferin St,7,3,4,0
2025-03-23,14,10:00,123,17,14.7,4,2,30.13,0,2025-03-23 22:00:00,2025-03-24 04:00:00,E,Gerrard St East at Beaton Ave,6,3,3,0
2025-03-23,14,10:00,123,17,14.7,4,2,30.13,0,2025-03-23 22:00:00,2025-03-24 04:00:00,E,Bathurst St,3,2,2,0
2025-03-23,14,10:00,123,17,14.7,4,2,30.13,0,2025-03-23 22:00:00,2025-03-24 04:00:00,E,Yonge St - College Station,6,2,2,0
2025-03-23,14,10:00,123,17,14.7,4,2,30.13,0,2025-03-23 22:00:00,2025-03-24 04:00:00,E,Dundas St West at Sterling Rd,0,0,1,0
2025-03-23,14,10:00,123,17,14.7,4,2,30.13,0,2025-03-23 22:00:00,2025-03-24 04:00:00,E,Brock Ave,6,3,4,0
2025-03-23,14,10:00,123,17,14.7,4,2,30.13,0,2025-03-23 22:00:00,2025-03-24 04:00:00,E,Sackville St,2,0,1,0
2025-03-23,14,10:00,123,17,14.7,4,2,30.13,0,2025-03-23 22:00:00,2025-03-24 04:00:00,E,Carlaw Ave,7,2,2,0
2025-03-23,14,10:00,123,17,14.7,4,2,30.13,0,2025-03-23 22:00:00,2025-03-24 04:00:00,E,Borden St,3,2,2,0
2025-03-23,14,10:00,123,17,14.7,4,2,30.13,0,2025-03-23 22:00:00,2025-03-24 04:00:00,E,Dundas St West at Sorauren Ave,1,0,1,0
2025-03-23,14,10:00,123,17,14.7,4,2,30.13,0,2025-03-23 22:00:00,2025-03-24 04:00:00,E,Crawford St,2,3,2,0
2025-03-23,14,10:00,123,17,14.7,4,2,30.13,0,2025-03-23 22:00:00,2025-03-24 04:00:00,E,Pape Ave,7,2,2,0
2025-03-23,14,10:00,123,17,14.7,4,2,30.13,0,2025-03-23 22:00:00,2025-03-24 04:00:00,E,Spadina Ave,3,2,2,0
2025-03-23,14,10:00,123,17,14.7,4,2,30.13,0,2025-03-23 22:00:00,2025-03-24 04:00:00,E,River St,2,1,1,0
2025-03-23,14,10:00,123,17,14.7,4,2,30.13,0,2025-03-23 22:00:00,2025-03-24 04:00:00,E,Marjory Ave,7,2,2,0
2025-03-23,14,10:00,123,17,14.7,4,2,30.13,0,2025-03-23 22:00:00,2025-03-24 04:00:00,E,Kingsmount Park Rd,6,3,4,0
2025-03-23,14,10:00,123,17,14.7,4,2,30.13,0,2025-03-23 22:00:00,2025-03-24 04:00:00,E,Church St,0,0,0,0
2025-03-23,14,10:00,123,17,14.7,4,2,30.13,0,2025-03-23 22:00:00,2025-03-24 04:00:00,E,Ossington Ave,6,2,2,0
2025-03-23,14,10:00,123,17,14.7,4,2,30.13,0,2025-03-23 22:00:00,2025-03-24 04:00:00,E,Woodbine Ave,6,3,3,0
2025-03-23,14,10:00,123,17,14.7,4,2,30.13,0,2025-03-23 22:00:00,2025-03-24 04:00:00,E,Jones Ave,7,3,4,0
2025-03-23,14,10:00,123,17,14.7,4,2,30.13,0,2025-03-23 22:00:00,2025-03-24 04:00:00,E,Golfview Ave,6,3,4,0
2025-03-23,14,10:00,123,17,14.7,4,2,30.13,0,2025-03-23 22:00:00,2025-03-24 04:00:00,E,Leslie St,7,3,4,0
2025-03-23,14,10:00,123,17,14.7,4,2,30.13,0,2025-03-23 22:00:00,2025-03-24 04:00:00,E,St Matthews Rd,3,1,1,0
2025-03-23,14,10:00,123,17,14.7,4,2,30.13,0,2025-03-23 22:00:00,2025-03-24 04:00:00,E,Jarvis St,1,0,1,0
2025-03-23,14,10:00,123,17,14.7,4,2,30.13,0,2025-03-23 22:00:00,2025-03-24 04:00:00,E,Sherbourne St,1,0,1,0
2025-03-23,14,10:00,123,17,14.7,4,2,30.13,0,2025-03-23 22:00:00,2025-03-24 04:00:00,E,St George St,5,2,2,0
2025-03-23,14,10:00,123,17,14.7,4,2,30.13,0,2025-03-23 22:00:00,2025-03-24 04:00:00,E,Dovercourt Rd,5,2,3,0
2025-03-23,14,10:00,123,17,14.7,4,2,30.13,0,2025-03-23 22:00:00,2025-03-24 04:00:00,E,Glenmount Park Rd,6,3,3,0
2025-03-23,14,10:00,123,17,14.7,4,2,30.13,0,2025-03-23 22:00:00,2025-03-24 04:00:00,E,Prust Ave,6,3,4,0
2025-03-23,14,10:00,123,17,14.7,4,2,30.13,0,2025-03-23 22:00:00,2025-03-24 04:00:00,E,Main Street Station at Bay 7,0,0,0,0
2025-03-23,14,10:00,123,17,14.7,4,2,30.13,0,2025-03-23 22:00:00,2025-03-24 04:00:00,E,Norwood Rd,6,3,3,0
2025-03-23,14,10:00,123,17,14.7,4,2,30.13,0,2025-03-23 22:00:00,2025-03-24 04:00:00,E,McCaul St,5,2,2,0
2025-03-23,14,10:00,123,17,14.7,4,2,30.13,0,2025-03-23 22:00:00,2025-03-24 04:00:00,E,Broadview Ave,2,1,1,0
2025-03-23,14,10:00,123,17,14.7,4,2,30.13,0,2025-03-23 22:00:00,2025-03-24 04:00:00,E,Ontario St,0,0,1,0
2025-03-23,14,10:00,123,17,14.7,4,2,30.13,0,2025-03-23 22:00:00,2025-03-24 04:00:00,E,Rusholme Park Cres,0,0,1,0
2025-03-23,14,10:00,123,17,14.7,4,2,30.13,0,2025-03-23 22:00:00,2025-03-24 04:00:00,E,Havelock St,6,3,4,0
2025-03-23,14,10:00,123,17,14.7,4,2,30.13,0,2025-03-23 22:00:00,2025-03-24 04:00:00,E,High Park Loop,0,4,0,0
2025-03-23,14,10:00,123,17,14.7,4,2,30.13,0,2025-03-23 22:00:00,2025-03-24 04:00:00,E,Queens Park (Queen's Park Station),5,2,2,0
2025-03-23,14,10:00,123,17,14.7,4,2,30.13,0,2025-03-23 22:00:00,2025-03-24 04:00:00,E,Roncesvalles Ave,0,0,1,0
2025-03-23,14,10:00,123,17,14.7,4,2,30.13,0,2025-03-23 22:00:00,2025-03-24 04:00:00,E,De Grassi St,4,1,1,0
2025-03-23,14,10:00,123,17,14.7,4,2,30.13,0,2025-03-23 22:00:00,2025-03-24 04:00:00,E,Parliament St at Carlton St,1,0,1,0
2025-03-23,14,10:00,123,17,14.7,4,2,30.13,0,2025-03-23 22:00:00,2025-03-24 04:00:00,E,Parkside Dr East Side,0,2,0,0
2025-03-23,14,10:00,123,17,14.7,4,2,30.13,0,2025-03-23 22:00:00,2025-03-24 04:00:00,E,Dundas St West,1,0,1,0
2025-03-23,14,10:00,123,17,14.7,4,2,30.13,0,2025-03-23 22:00:00,2025-03-24 04:00:00,E,Howard Park Ave at Roncesvalles Ave,0,0,0,0
2025-03-23,14,10:00,123,17,14.7,4,2,30.13,0,2025-03-23 22:00:00,2025-03-24 04:00:00,E,Parliament St,0,0,0,0
2025-03-23,14,10:00,123,17,14.7,4,2,30.13,0,2025-03-23 22:00:00,2025-03-24 04:00:00,E,Parliament St at Gerrard St East,0,0,0,0
2025-03-23,14,10:00,123,17,14.7,4,2,30.13,0,2025-03-23 22:00:00,2025-03-24 04:00:00,E,Sumach St,0,0,0,0
2025-03-23,14,10:00,123,17,14.7,4,2,30.13,0,2025-03-23 22:00:00,2025-03-24 04:00:00,E,Blackburn St,0,0,0,0
2025-03-23,14,10:00,123,17,14.7,4,2,30.13,0,2025-03-23 22:00:00,2025-03-24 04:00:00,E,Logan Ave,0,0,0,0
2025-03-23,14,10:00,123,17,14.7,4,2,30.13,0,2025-03-23 22:00:00,2025-03-24 04:00:00,E,Augusta Ave,0,0,0,0
2025-03-23,14,10:00,123,17,14.7,4,2,30.13,0,2025-03-23 22:00:00,2025-03-24 04:00:00,E,Beverley St,0,0,0,0
2025-03-23,14,10:00,123,17,14.7,4,2,30.13,0,2025-03-23 22:00:00,2025-03-24 04:00:00,E,University Ave (Queen's Park Station,0,0,0,0
2025-03-23,14,10:00,123,17,14.7,4,2,30.13,0,2025-03-23 22:00:00,2025-03-24 04:00:00,E,Elizabeth St,0,0,0,0
2025-03-23,14,10:00,123,17,14.7,4,2,30.13,0,2025-03-23 22:00:00,2025-03-24 04:00:00,E,Greenwood Ave,0,0,0,0
2025-03-23,14,10:00,123,17,14.7,4,2,30.13,0,2025-03-23 22:00:00,2025-03-24 04:00:00,E,Alton Ave,0,0,0,0
2025-03-23,14,10:00,123,17,14.7,4,2,30.13,0,2025-03-23 22:00:00,2025-03-24 04:00:00,E,Coxwell Ave,0,0,0,0
2025-03-23,14,10:00,123,17,14.7,4,2,30.13,0,2025-03-23 22:00:00,2025-03-24 04:00:00,E,Gerrard St East  at Coxwell Ave,0,0,0,0
2025-03-23,14,10:00,123,17,14.7,4,2,30.13,0,2025-03-23 22:00:00,2025-03-24 04:00:00,E,Coxwell Ave at Lower Gerrard St East,0,0,0,0
2025-03-23,14,10:00,123,17,14.7,4,2,30.13,0,2025-03-23 22:00:00,2025-03-24 04:00:00,E,Ashdale Ave,0,0,0,0
2025-03-23,14,10:00,123,17,14.7,4,2,30.13,0,2025-03-23 22:00:00,2025-03-24 04:00:00,E,Howard Park Ave at Indian Rd,0,0,0,0
2025-03-23,14,10:00,123,17,14.7,4,2,30.13,0,2025-03-23 22:00:00,2025-03-24 04:00:00,E,Dundas St West at Howard Park Ave,0,0,0,0
2025-03-23,14,10:00,123,17,14.7,4,2,30.13,0,2025-03-23 22:00:00,2025-03-24 04:00:00,E,Main St at Gerrard St East,0,0,0,0
2025-03-23,14,10:00,123,17,14.7,4,2,30.13,0,2025-03-23 22:00:00,2025-03-24 04:00:00,E,Main St,0,0,0,0
2025-03-23,14,10:00,123,17,14.7,4,2,30.13,0,2025-03-23 22:00:00,2025-03-24 04:00:00,E,Main St at Danforth Ave,0,0,0,0
2025-03-23,14,10:00,123,17,14.7,4,2,30.13,0,2025-03-23 22:00:00,2025-03-24 04:00:00,E,Howard Park Ave at Parkside Dr,0,0,0,0
2025-03-23,14,10:00,123,17,14.7,4,2,30.13,0,2025-03-23 22:00:00,2025-03-24 04:00:00,W,Woodfield Rd,3,0,3,0
2025-03-23,14,10:00,123,17,14.7,4,2,30.13,0,2025-03-23 22:00:00,2025-03-24 04:00:00,W,Coxwell Ave at Gerrard St East,2,0,3,0
2025-03-23,14,10:00,123,17,14.7,4,2,30.13,0,2025-03-23 22:00:00,2025-03-24 04:00:00,W,Euclid Ave,0,0,0,0
2025-03-23,14,10:00,123,17,14.7,4,2,30.13,0,2025-03-23 22:00:00,2025-03-24 04:00:00,W,Bowmore Rd,1,0,2,0
2025-03-23,14,10:00,123,17,14.7,4,2,30.13,0,2025-03-23 22:00:00,2025-03-24 04:00:00,W,Bay St,4,1,3,0
2025-03-23,14,10:00,123,17,14.7,4,2,30.13,0,2025-03-23 22:00:00,2025-03-24 04:00:00,W,Lansdowne Ave,0,0,0,0
2025-03-23,14,10:00,123,17,14.7,4,2,30.13,0,2025-03-23 22:00:00,2025-03-24 04:00:00,W,Indian Rd,2,3,2,0
2025-03-23,14,10:00,123,17,14.7,4,2,30.13,0,2025-03-23 22:00:00,2025-03-24 04:00:00,W,Grace St,0,0,0,0
2025-03-23,14,10:00,123,17,14.7,4,2,30.13,0,2025-03-23 22:00:00,2025-03-24 04:00:00,W,Dufferin St,5,2,6,0
2025-03-23,14,10:00,123,17,14.7,4,2,30.13,0,2025-03-23 22:00:00,2025-03-24 04:00:00,W,Gerrard St East at Beaton Ave,1,0,2,0
2025-03-23,14,10:00,123,17,14.7,4,2,30.13,0,2025-03-23 22:00:00,2025-03-24 04:00:00,W,Bathurst St,0,0,0,0
2025-03-23,14,10:00,123,17,14.7,4,2,30.13,0,2025-03-23 22:00:00,2025-03-24 04:00:00,W,Yonge St - College Station,0,0,0,0
2025-03-23,14,10:00,123,17,14.7,4,2,30.13,0,2025-03-23 22:00:00,2025-03-24 04:00:00,W,Dundas St West at Sterling Rd,0,0,0,0
2025-03-23,14,10:00,123,17,14.7,4,2,30.13,0,2025-03-23 22:00:00,2025-03-24 04:00:00,W,Brock Ave,0,0,0,0
2025-03-23,14,10:00,123,17,14.7,4,2,30.13,0,2025-03-23 22:00:00,2025-03-24 04:00:00,W,Sackville St,5,3,6,0
2025-03-23,14,10:00,123,17,14.7,4,2,30.13,0,2025-03-23 22:00:00,2025-03-24 04:00:00,W,Carlaw Ave,0,0,0,0
2025-03-23,14,10:00,123,17,14.7,4,2,30.13,0,2025-03-23 22:00:00,2025-03-24 04:00:00,W,Borden St,0,0,0,0
2025-03-23,14,10:00,123,17,14.7,4,2,30.13,0,2025-03-23 22:00:00,2025-03-24 04:00:00,W,Dundas St West at Sorauren Ave,2,3,2,0
2025-03-23,14,10:00,123,17,14.7,4,2,30.13,0,2025-03-23 22:00:00,2025-03-24 04:00:00,W,Crawford St,0,0,0,0
2025-03-23,14,10:00,123,17,14.7,4,2,30.13,0,2025-03-23 22:00:00,2025-03-24 04:00:00,W,Pape Ave,0,0,0,0
2025-03-23,14,10:00,123,17,14.7,4,2,30.13,0,2025-03-23 22:00:00,2025-03-24 04:00:00,W,Spadina Ave,5,1,6,0
2025-03-23,14,10:00,123,17,14.7,4,2,30.13,0,2025-03-23 22:00:00,2025-03-24 04:00:00,W,River St,5,3,6,0
2025-03-23,14,10:00,123,17,14.7,4,2,30.13,0,2025-03-23 22:00:00,2025-03-24 04:00:00,W,Marjory Ave,0,0,0,0
2025-03-23,14,10:00,123,17,14.7,4,2,30.13,0,2025-03-23 22:00:00,2025-03-24 04:00:00,W,Kingsmount Park Rd,0,0,0,0
2025-03-23,14,10:00,123,17,14.7,4,2,30.13,0,2025-03-23 22:00:00,2025-03-24 04:00:00,W,Church St,0,0,0,0
2025-03-23,14,10:00,123,17,14.7,4,2,30.13,0,2025-03-23 22:00:00,2025-03-24 04:00:00,W,Ossington Ave,0,0,0,0
2025-03-23,14,10:00,123,17,14.7,4,2,30.13,0,2025-03-23 22:00:00,2025-03-24 04:00:00,W,Woodbine Ave,0,0,0,0
2025-03-23,14,10:00,123,17,14.7,4,2,30.13,0,2025-03-23 22:00:00,2025-03-24 04:00:00,W,Jones Ave,0,0,0,0
2025-03-23,14,10:00,123,17,14.7,4,2,30.13,0,2025-03-23 22:00:00,2025-03-24 04:00:00,W,Golfview Ave,0,0,0,0
2025-03-23,14,10:00,123,17,14.7,4,2,30.13,0,2025-03-23 22:00:00,2025-03-24 04:00:00,W,Leslie St,0,0,0,0
2025-03-23,14,10:00,123,17,14.7,4,2,30.13,0,2025-03-23 22:00:00,2025-03-24 04:00:00,W,St Matthews Rd,0,0,0,0
2025-03-23,14,10:00,123,17,14.7,4,2,30.13,0,2025-03-23 22:00:00,2025-03-24 04:00:00,W,Jarvis St,0,0,0,0
2025-03-23,14,10:00,123,17,14.7,4,2,30.13,0,2025-03-23 22:00:00,2025-03-24 04:00:00,W,Sherbourne St,0,0,0,0
2025-03-23,14,10:00,123,17,14.7,4,2,30.13,0,2025-03-23 22:00:00,2025-03-24 04:00:00,W,St George St,0,0,0,0
2025-03-23,14,10:00,123,17,14.7,4,2,30.13,0,2025-03-23 22:00:00,2025-03-24 04:00:00,W,Dovercourt Rd,0,0,0,0
2025-03-23,14,10:00,123,17,14.7,4,2,30.13,0,2025-03-23 22:00:00,2025-03-24 04:00:00,W,Glenmount Park Rd,0,0,0,0
2025-03-23,14,10:00,123,17,14.7,4,2,30.13,0,2025-03-23 22:00:00,2025-03-24 04:00:00,W,Prust Ave,0,0,0,0
2025-03-23,14,10:00,123,17,14.7,4,2,30.13,0,2025-03-23 22:00:00,2025-03-24 04:00:00,W,Main Street Station at Bay 7,1,0,2,0
2025-03-23,14,10:00,123,17,14.7,4,2,30.13,0,2025-03-23 22:00:00,2025-03-24 04:00:00,W,Norwood Rd,0,0,0,0
2025-03-23,14,10:00,123,17,14.7,4,2,30.13,0,2025-03-23 22:00:00,2025-03-24 04:00:00,W,McCaul St,0,0,0,0
2025-03-23,14,10:00,123,17,14.7,4,2,30.13,0,2025-03-23 22:00:00,2025-03-24 04:00:00,W,Broadview Ave,0,0,0,0
2025-03-23,14,10:00,123,17,14.7,4,2,30.13,0,2025-03-23 22:00:00,2025-03-24 04:00:00,W,Ontario St,0,0,0,0
2025-03-23,14,10:00,123,17,14.7,4,2,30.13,0,2025-03-23 22:00:00,2025-03-24 04:00:00,W,Rusholme Park Cres,0,0,0,0
2025-03-23,14,10:00,123,17,14.7,4,2,30.13,0,2025-03-23 22:00:00,2025-03-24 04:00:00,W,Havelock St,0,0,0,0
2025-03-23,14,10:00,123,17,14.7,4,2,30.13,0,2025-03-23 22:00:00,2025-03-24 04:00:00,W,High Park Loop,0,0,0,0
2025-03-23,14,10:00,123,17,14.7,4,2,30.13,0,2025-03-23 22:00:00,2025-03-24 04:00:00,W,Queens Park (Queen's Park Station),0,0,0,0
2025-03-23,14,10:00,123,17,14.7,4,2,30.13,0,2025-03-23 22:00:00,2025-03-24 04:00:00,W,Roncesvalles Ave,2,3,2,0
2025-03-23,14,10:00,123,17,14.7,4,2,30.13,0,2025-03-23 22:00:00,2025-03-24 04:00:00,W,De Grassi St,0,0,0,0
2025-03-23,14,10:00,123,17,14.7,4,2,30.13,0,2025-03-23 22:00:00,2025-03-24 04:00:00,W,Parliament St at Carlton St,0,0,0,0
2025-03-23,14,10:00,123,17,14.7,4,2,30.13,0,2025-03-23 22:00:00,2025-03-24 04:00:00,W,Parkside Dr East Side,0,0,0,0
2025-03-23,14,10:00,123,17,14.7,4,2,30.13,0,2025-03-23 22:00:00,2025-03-24 04:00:00,W,Dundas St West,2,3,2,0
2025-03-23,14,10:00,123,17,14.7,4,2,30.13,0,2025-03-23 22:00:00,2025-03-24 04:00:00,W,Howard Park Ave at Roncesvalles Ave,0,0,0,0
2025-03-23,14,10:00,123,17,14.7,4,2,30.13,0,2025-03-23 22:00:00,2025-03-24 04:00:00,W,Parliament St,0,0,0,0
2025-03-23,14,10:00,123,17,14.7,4,2,30.13,0,2025-03-23 22:00:00,2025-03-24 04:00:00,W,Parliament St at Gerrard St East,0,0,0,0
2025-03-23,14,10:00,123,17,14.7,4,2,30.13,0,2025-03-23 22:00:00,2025-03-24 04:00:00,W,Sumach St,0,0,0,0
2025-03-23,14,10:00,123,17,14.7,4,2,30.13,0,2025-03-23 22:00:00,2025-03-24 04:00:00,W,Blackburn St,0,0,0,0
2025-03-23,14,10:00,123,17,14.7,4,2,30.13,0,2025-03-23 22:00:00,2025-03-24 04:00:00,W,Logan Ave,0,0,0,0
2025-03-23,14,10:00,123,17,14.7,4,2,30.13,0,2025-03-23 22:00:00,2025-03-24 04:00:00,W,Augusta Ave,0,0,0,0
2025-03-23,14,10:00,123,17,14.7,4,2,30.13,0,2025-03-23 22:00:00,2025-03-24 04:00:00,W,Beverley St,0,0,0,0
2025-03-23,14,10:00,123,17,14.7,4,2,30.13,0,2025-03-23 22:00:00,2025-03-24 04:00:00,W,University Ave (Queen's Park Station,0,0,0,0
2025-03-23,14,10:00,123,17,14.7,4,2,30.13,0,2025-03-23 22:00:00,2025-03-24 04:00:00,W,Elizabeth St,0,0,0,0
2025-03-23,14,10:00,123,17,14.7,4,2,30.13,0,2025-03-23 22:00:00,2025-03-24 04:00:00,W,Greenwood Ave,0,0,0,0
2025-03-23,14,10:00,123,17,14.7,4,2,30.13,0,2025-03-23 22:00:00,2025-03-24 04:00:00,W,Alton Ave,0,0,0,0
2025-03-23,14,10:00,123,17,14.7,4,2,30.13,0,2025-03-23 22:00:00,2025-03-24 04:00:00,W,Coxwell Ave,0,0,0,0
2025-03-23,14,10:00,123,17,14.7,4,2,30.13,0,2025-03-23 22:00:00,2025-03-24 04:00:00,W,Gerrard St East  at Coxwell Ave,0,0,0,0
2025-03-23,14,10:00,123,17,14.7,4,2,30.13,0,2025-03-23 22:00:00,2025-03-24 04:00:00,W,Coxwell Ave at Lower Gerrard St East,0,0,0,0
2025-03-23,14,10:00,123,17,14.7,4,2,30.13,0,2025-03-23 22:00:00,2025-03-24 04:00:00,W,Ashdale Ave,0,0,0,0
2025-03-23,14,10:00,123,17,14.7,4,2,30.13,0,2025-03-23 22:00:00,2025-03-24 04:00:00,W,Howard Park Ave at Indian Rd,0,0,0,0
2025-03-23,14,10:00,123,17,14.7,4,2,30.13,0,2025-03-23 22:00:00,2025-03-24 04:00:00,W,Dundas St West at Howard Park Ave,0,0,0,0
2025-03-23,14,10:00,123,17,14.7,4,2,30.13,0,2025-03-23 22:00:00,2025-03-24 04:00:00,W,Main St at Gerrard St East,0,0,0,0
2025-03-23,14,10:00,123,17,14.7,4,2,30.13,0,2025-03-23 22:00:00,2025-03-24 04:00:00,W,Main St,0,0,0,0
2025-03-23,14,10:00,123,17,14.7,4,2,30.13,0,2025-03-23 22:00:00,2025-03-24 04:00:00,W,Main St at Danforth Ave,0,0,0,0
2025-03-23,14,10:00,123,17,14.7,4,2,30.13,0,2025-03-23 22:00:00,2025-03-24 04:00:00,W,Howard Park Ave at Parkside Dr,0,0,0,0
2025-03-30,14,10:00,123,17,14.7,4,2,30.13,0,2025-03-30 22:00:00,2025-03-31 04:00:00,E,Woodfield Rd,5,1,4,0
2025-03-30,14,10:00,123,17,14.7,4,2,30.13,0,2025-03-30 22:00:00,2025-03-31 04:00:00,E,Coxwell Ave at Gerrard St East,0,0,0,0
2025-03-30,14,10:00,123,17,14.7,4,2,30.13,0,2025-03-30 22:00:00,2025-03-31 04:00:00,E,Euclid Ave,0,0,3,0
2025-03-30,14,10:00,123,17,14.7,4,2,30.13,0,2025-03-30 22:00:00,2025-03-31 04:00:00,E,Bowmore Rd,4,1,4,0
2025-03-30,14,10:00,123,17,14.7,4,2,30.13,0,2025-03-30 22:00:00,2025-03-31 04:00:00,E,Bay St,2,1,4,0
2025-03-30,14,10:00,123,17,14.7,4,2,30.13,0,2025-03-30 22:00:00,2025-03-31 04:00:00,E,Lansdowne Ave,6,1,7,0
2025-03-30,14,10:00,123,17,14.7,4,2,30.13,0,2025-03-30 22:00:00,2025-03-31 04:00:00,E,Indian Rd,0,0,3,0
2025-03-30,14,10:00,123,17,14.7,4,2,30.13,0,2025-03-30 22:00:00,2025-03-31 04:00:00,E,Grace St,0,0,5,0
2025-03-30,14,10:00,123,17,14.7,4,2,30.13,0,2025-03-30 22:00:00,2025-03-31 04:00:00,E,Dufferin St,5,1,4,0
2025-03-30,14,10:00,123,17,14.7,4,2,30.13,0,2025-03-30 22:00:00,2025-03-31 04:00:00,E,Gerrard St East at Beaton Ave,4,1,4,0
2025-03-30,14,10:00,123,17,14.7,4,2,30.13,0,2025-03-30 22:00:00,2025-03-31 04:00:00,E,Bathurst St,0,0,3,0
2025-03-30,14,10:00,123,17,14.7,4,2,30.13,0,2025-03-30 22:00:00,2025-03-31 04:00:00,E,Yonge St - College Station,1,1,4,0
2025-03-30,14,10:00,123,17,14.7,4,2,30.13,0,2025-03-30 22:00:00,2025-03-31 04:00:00,E,Dundas St West at Sterling Rd,0,0,3,0
2025-03-30,14,10:00,123,17,14.7,4,2,30.13,0,2025-03-30 22:00:00,2025-03-31 04:00:00,E,Brock Ave,4,1,7,0
2025-03-30,14,10:00,123,17,14.7,4,2,30.13,0,2025-03-30 22:00:00,2025-03-31 04:00:00,E,Sackville St,1,0,3,0
2025-03-30,14,10:00,123,17,14.7,4,2,30.13,0,2025-03-30 22:00:00,2025-03-31 04:00:00,E,Carlaw Ave,2,1,4,0
2025-03-30,14,10:00,123,17,14.7,4,2,30.13,0,2025-03-30 22:00:00,2025-03-31 04:00:00,E,Borden St,0,0,3,0
2025-03-30,14,10:00,123,17,14.7,4,2,30.13,0,2025-03-30 22:00:00,2025-03-31 04:00:00,E,Dundas St West at Sorauren Ave,0,0,3,0
2025-03-30,14,10:00,123,17,14.7,4,2,30.13,0,2025-03-30 22:00:00,2025-03-31 04:00:00,E,Crawford St,0,0,3,0
2025-03-30,14,10:00,123,17,14.7,4,2,30.13,0,2025-03-30 22:00:00,2025-03-31 04:00:00,E,Pape Ave,2,1,4,0
2025-03-30,14,10:00,123,17,14.7,4,2,30.13,0,2025-03-30 22:00:00,2025-03-31 04:00:00,E,Spadina Ave,0,1,3,0
2025-03-30,14,10:00,123,17,14.7,4,2,30.13,0,2025-03-30 22:00:00,2025-03-31 04:00:00,E,River St,0,0,2,0
2025-03-30,14,10:00,123,17,14.7,4,2,30.13,0,2025-03-30 22:00:00,2025-03-31 04:00:00,E,Marjory Ave,1,1,5,0
2025-03-30,14,10:00,123,17,14.7,4,2,30.13,0,2025-03-30 22:00:00,2025-03-31 04:00:00,E,Kingsmount Park Rd,5,1,4,0
2025-03-30,14,10:00,123,17,14.7,4,2,30.13,0,2025-03-30 22:00:00,2025-03-31 04:00:00,E,Church St,0,0,0,0
2025-03-30,14,10:00,123,17,14.7,4,2,30.13,0,2025-03-30 22:00:00,2025-03-31 04:00:00,E,Ossington Ave,0,1,4,0
2025-03-30,14,10:00,123,17,14.7,4,2,30.13,0,2025-03-30 22:00:00,2025-03-31 04:00:00,E,Woodbine Ave,4,1,4,0
2025-03-30,14,10:00,123,17,14.7,4,2,30.13,0,2025-03-30 22:00:00,2025-03-31 04:00:00,E,Jones Ave,2,1,5,0
2025-03-30,14,10:00,123,17,14.7,4,2,30.13,0,2025-03-30 22:00:00,2025-03-31 04:00:00,E,Golfview Ave,4,1,4,0
2025-03-30,14,10:00,123,17,14.7,4,2,30.13,0,2025-03-30 22:00:00,2025-03-31 04:00:00,E,Leslie St,3,1,4,0
2025-03-30,14,10:00,123,17,14.7,4,2,30.13,0,2025-03-30 22:00:00,2025-03-31 04:00:00,E,St Matthews Rd,0,0,2,0
2025-03-30,14,10:00,123,17,14.7,4,2,30.13,0,2025-03-30 22:00:00,2025-03-31 04:00:00,E,Jarvis St,0,1,3,0
2025-03-30,14,10:00,123,17,14.7,4,2,30.13,0,2025-03-30 22:00:00,2025-03-31 04:00:00,E,Sherbourne St,0,1,3,0
2025-03-30,14,10:00,123,17,14.7,4,2,30.13,0,2025-03-30 22:00:00,2025-03-31 04:00:00,E,St George St,0,1,3,0
2025-03-30,14,10:00,123,17,14.7,4,2,30.13,0,2025-03-30 22:00:00,2025-03-31 04:00:00,E,Dovercourt Rd,0,1,5,0
2025-03-30,14,10:00,123,17,14.7,4,2,30.13,0,2025-03-30 22:00:00,2025-03-31 04:00:00,E,Glenmount Park Rd,4,1,4,0
2025-03-30,14,10:00,123,17,14.7,4,2,30.13,0,2025-03-30 22:00:00,2025-03-31 04:00:00,E,Prust Ave,3,1,5,0
2025-03-30,14,10:00,123,17,14.7,4,2,30.13,0,2025-03-30 22:00:00,2025-03-31 04:00:00,E,Main Street Station at Bay 7,0,0,0,0
2025-03-30,14,10:00,123,17,14.7,4,2,30.13,0,2025-03-30 22:00:00,2025-03-31 04:00:00,E,Norwood Rd,5,1,4,0
2025-03-30,14,10:00,123,17,14.7,4,2,30.13,0,2025-03-30 22:00:00,2025-03-31 04:00:00,E,McCaul St,0,1,3,0
2025-03-30,14,10:00,123,17,14.7,4,2,30.13,0,2025-03-30 22:00:00,2025-03-31 04:00:00,E,Broadview Ave,0,0,3,0
2025-03-30,14,10:00,123,17,14.7,4,2,30.13,0,2025-03-30 22:00:00,2025-03-31 04:00:00,E,Ontario St,0,1,3,0
2025-03-30,14,10:00,123,17,14.7,4,2,30.13,0,2025-03-30 22:00:00,2025-03-31 04:00:00,E,Rusholme Park Cres,0,0,2,0
2025-03-30,14,10:00,123,17,14.7,4,2,30.13,0,2025-03-30 22:00:00,2025-03-31 04:00:00,E,Havelock St,3,1,4,0
2025-03-30,14,10:00,123,17,14.7,4,2,30.13,0,2025-03-30 22:00:00,2025-03-31 04:00:00,E,High Park Loop,0,0,8,0
2025-03-30,14,10:00,123,17,14.7,4,2,30.13,0,2025-03-30 22:00:00,2025-03-31 04:00:00,E,Queens Park (Queen's Park Station),0,1,3,0
2025-03-30,14,10:00,123,17,14.7,4,2,30.13,0,2025-03-30 22:00:00,2025-03-31 04:00:00,E,Roncesvalles Ave,0,0,3,0
2025-03-30,14,10:00,123,17,14.7,4,2,30.13,0,2025-03-30 22:00:00,2025-03-31 04:00:00,E,De Grassi St,0,0,3,0
2025-03-30,14,10:00,123,17,14.7,4,2,30.13,0,2025-03-30 22:00:00,2025-03-31 04:00:00,E,Parliament St at Carlton St,0,1,3,0
2025-03-30,14,10:00,123,17,14.7,4,2,30.13,0,2025-03-30 22:00:00,2025-03-31 04:00:00,E,Parkside Dr East Side,0,0,4,0
2025-03-30,14,10:00,123,17,14.7,4,2,30.13,0,2025-03-30 22:00:00,2025-03-31 04:00:00,E,Dundas St West,0,1,3,0
2025-03-30,14,10:00,123,17,14.7,4,2,30.13,0,2025-03-30 22:00:00,2025-03-31 04:00:00,E,Howard Park Ave at Roncesvalles Ave,0,0,0,0
2025-03-30,14,10:00,123,17,14.7,4,2,30.13,0,2025-03-30 22:00:00,2025-03-31 04:00:00,E,Parliament St,0,0,0,0
2025-03-30,14,10:00,123,17,14.7,4,2,30.13,0,2025-03-30 22:00:00,2025-03-31 04:00:00,E,Parliament St at Gerrard St East,0,0,0,0
2025-03-30,14,10:00,123,17,14.7,4,2,30.13,0,2025-03-30 22:00:00,2025-03-31 04:00:00,E,Sumach St,0,0,0,0
2025-03-30,14,10:00,123,17,14.7,4,2,30.13,0,2025-03-30 22:00:00,2025-03-31 04:00:00,E,Blackburn St,0,0,0,0
2025-03-30,14,10:00,123,17,14.7,4,2,30.13,0,2025-03-30 22:00:00,2025-03-31 04:00:00,E,Logan Ave,0,0,0,0
2025-03-30,14,10:00,123,17,14.7,4,2,30.13,0,2025-03-30 22:00:00,2025-03-31 04:00:00,E,Augusta Ave,0,0,0,0
2025-03-30,14,10:00,123,17,14.7,4,2,30.13,0,2025-03-30 22:00:00,2025-03-31 04:00:00,E,Beverley St,0,0,0,0
2025-03-30,14,10:00,123,17,14.7,4,2,30.13,0,2025-03-30 22:00:00,2025-03-31 04:00:00,E,University Ave (Queen's Park Station,0,0,0,0
2025-03-30,14,10:00,123,17,14.7,4,2,30.13,0,2025-03-30 22:00:00,2025-03-31 04:00:00,E,Elizabeth St,0,0,0,0
2025-03-30,14,10:00,123,17,14.7,4,2,30.13,0,2025-03-30 22:00:00,2025-03-31 04:00:00,E,Greenwood Ave,0,0,0,0
2025-03-30,14,10:00,123,17,14.7,4,2,30.13,0,2025-03-30 22:00:00,2025-03-31 04:00:00,E,Alton Ave,0,0,0,0
2025-03-30,14,10:00,123,17,14.7,4,2,30.13,0,2025-03-30 22:00:00,2025-03-31 04:00:00,E,Coxwell Ave,0,0,0,0
2025-03-30,14,10:00,123,17,14.7,4,2,30.13,0,2025-03-30 22:00:00,2025-03-31 04:00:00,E,Gerrard St East  at Coxwell Ave,0,0,0,0
2025-03-30,14,10:00,123,17,14.7,4,2,30.13,0,2025-03-30 22:00:00,2025-03-31 04:00:00,E,Coxwell Ave at Lower Gerrard St East,0,0,0,0
2025-03-30,14,10:00,123,17,14.7,4,2,30.13,0,2025-03-30 22:00:00,2025-03-31 04:00:00,E,Ashdale Ave,0,0,0,0
2025-03-30,14,10:00,123,17,14.7,4,2,30.13,0,2025-03-30 22:00:00,2025-03-31 04:00:00,E,Howard Park Ave at Indian Rd,0,0,0,0
2025-03-30,14,10:00,123,17,14.7,4,2,30.13,0,2025-03-30 22:00:00,2025-03-31 04:00:00,E,Dundas St West at Howard Park Ave,0,0,0,0
2025-03-30,14,10:00,123,17,14.7,4,2,30.13,0,2025-03-30 22:00:00,2025-03-31 04:00:00,E,Main St at Gerrard St East,0,0,0,0
2025-03-30,14,10:00,123,17,14.7,4,2,30.13,0,2025-03-30 22:00:00,2025-03-31 04:00:00,E,Main St,0,0,0,0
2025-03-30,14,10:00,123,17,14.7,4,2,30.13,0,2025-03-30 22:00:00,2025-03-31 04:00:00,E,Main St at Danforth Ave,0,0,0,0
2025-03-30,14,10:00,123,17,14.7,4,2,30.13,0,2025-03-30 22:00:00,2025-03-31 04:00:00,E,Howard Park Ave at Parkside Dr,0,0,0,0
2025-03-30,14,10:00,123,17,14.7,4,2,30.13,0,2025-03-30 22:00:00,2025-03-31 04:00:00,W,Woodfield Rd,1,1,3,0
2025-03-30,14,10:00,123,17,14.7,4,2,30.13,0,2025-03-30 22:00:00,2025-03-31 04:00:00,W,Coxwell Ave at Gerrard St East,1,1,3,0
2025-03-30,14,10:00,123,17,14.7,4,2,30.13,0,2025-03-30 22:00:00,2025-03-31 04:00:00,W,Euclid Ave,0,0,0,0
2025-03-30,14,10:00,123,17,14.7,4,2,30.13,0,2025-03-30 22:00:00,2025-03-31 04:00:00,W,Bowmore Rd,2,1,3,0
2025-03-30,14,10:00,123,17,14.7,4,2,30.13,0,2025-03-30 22:00:00,2025-03-31 04:00:00,W,Bay St,0,1,3,0
2025-03-30,14,10:00,123,17,14.7,4,2,30.13,0,2025-03-30 22:00:00,2025-03-31 04:00:00,W,Lansdowne Ave,0,0,0,0
2025-03-30,14,10:00,123,17,14.7,4,2,30.13,0,2025-03-30 22:00:00,2025-03-31 04:00:00,W,Indian Rd,2,2,6,0
2025-03-30,14,10:00,123,17,14.7,4,2,30.13,0,2025-03-30 22:00:00,2025-03-31 04:00:00,W,Grace St,0,0,0,0
2025-03-30,14,10:00,123,17,14.7,4,2,30.13,0,2025-03-30 22:00:00,2025-03-31 04:00:00,W,Dufferin St,3,2,4,0
2025-03-30,14,10:00,123,17,14.7,4,2,30.13,0,2025-03-30 22:00:00,2025-03-31 04:00:00,W,Gerrard St East at Beaton Ave,2,1,3,0
2025-03-30,14,10:00,123,17,14.7,4,2,30.13,0,2025-03-30 22:00:00,2025-03-31 04:00:00,W,Bathurst St,0,0,0,0
2025-03-30,14,10:00,123,17,14.7,4,2,30.13,0,2025-03-30 22:00:00,2025-03-31 04:00:00,W,Yonge St - College Station,0,0,0,0
2025-03-30,14,10:00,123,17,14.7,4,2,30.13,0,2025-03-30 22:00:00,2025-03-31 04:00:00,W,Dundas St West at Sterling Rd,0,0,0,0
2025-03-30,14,10:00,123,17,14.7,4,2,30.13,0,2025-03-30 22:00:00,2025-03-31 04:00:00,W,Brock Ave,0,0,0,0
2025-03-30,14,10:00,123,17,14.7,4,2,30.13,0,2025-03-30 22:00:00,2025-03-31 04:00:00,W,Sackville St,3,2,1,0
2025-03-30,14,10:00,123,17,14.7,4,2,30.13,0,2025-03-30 22:00:00,2025-03-31 04:00:00,W,Carlaw Ave,0,0,0,0
2025-03-30,14,10:00,123,17,14.7,4,2,30.13,0,2025-03-30 22:00:00,2025-03-31 04:00:00,W,Borden St,0,0,0,0
2025-03-30,14,10:00,123,17,14.7,4,2,30.13,0,2025-03-30 22:00:00,2025-03-31 04:00:00,W,Dundas St West at Sorauren Ave,3,2,5,0
2025-03-30,14,10:00,123,17,14.7,4,2,30.13,0,2025-03-30 22:00:00,2025-03-31 04:00:00,W,Crawford St,0,0,0,0
2025-03-30,14,10:00,123,17,14.7,4,2,30.13,0,2025-03-30 22:00:00,2025-03-31 04:00:00,W,Pape Ave,0,0,0,0
2025-03-30,14,10:00,123,17,14.7,4,2,30.13,0,2025-03-30 22:00:00,2025-03-31 04:00:00,W,Spadina Ave,1,1,2,0
2025-03-30,14,10:00,123,17,14.7,4,2,30.13,0,2025-03-30 22:00:00,2025-03-31 04:00:00,W,River St,1,2,2,0
2025-03-30,14,10:00,123,17,14.7,4,2,30.13,0,2025-03-30 22:00:00,2025-03-31 04:00:00,W,Marjory Ave,0,0,0,0
2025-03-30,14,10:00,123,17,14.7,4,2,30.13,0,2025-03-30 22:00:00,2025-03-31 04:00:00,W,Kingsmount Park Rd,0,0,0,0
2025-03-30,14,10:00,123,17,14.7,4,2,30.13,0,2025-03-30 22:00:00,2025-03-31 04:00:00,W,Church St,0,0,0,0
2025-03-30,14,10:00,123,17,14.7,4,2,30.13,0,2025-03-30 22:00:00,2025-03-31 04:00:00,W,Ossington Ave,0,0,0,0
2025-03-30,14,10:00,123,17,14.7,4,2,30.13,0,2025-03-30 22:00:00,2025-03-31 04:00:00,W,Woodbine Ave,0,0,0,0
2025-03-30,14,10:00,123,17,14.7,4,2,30.13,0,2025-03-30 22:00:00,2025-03-31 04:00:00,W,Jones Ave,0,0,0,0
2025-03-30,14,10:00,123,17,14.7,4,2,30.13,0,2025-03-30 22:00:00,2025-03-31 04:00:00,W,Golfview Ave,0,0,0,0
2025-03-30,14,10:00,123,17,14.7,4,2,30.13,0,2025-03-30 22:00:00,2025-03-31 04:00:00,W,Leslie St,0,0,0,0
2025-03-30,14,10:00,123,17,14.7,4,2,30.13,0,2025-03-30 22:00:00,2025-03-31 04:00:00,W,St Matthews Rd,0,0,0,0
2025-03-30,14,10:00,123,17,14.7,4,2,30.13,0,2025-03-30 22:00:00,2025-03-31 04:00:00,W,Jarvis St,0,0,0,0
2025-03-30,14,10:00,123,17,14.7,4,2,30.13,0,2025-03-30 22:00:00,2025-03-31 04:00:00,W,Sherbourne St,0,0,0,0
2025-03-30,14,10:00,123,17,14.7,4,2,30.13,0,2025-03-30 22:00:00,2025-03-31 04:00:00,W,St George St,0,0,0,0
2025-03-30,14,10:00,123,17,14.7,4,2,30.13,0,2025-03-30 22:00:00,2025-03-31 04:00:00,W,Dovercourt Rd,0,0,0,0
2025-03-30,14,10:00,123,17,14.7,4,2,30.13,0,2025-03-30 22:00:00,2025-03-31 04:00:00,W,Glenmount Park Rd,0,0,0,0
2025-03-30,14,10:00,123,17,14.7,4,2,30.13,0,2025-03-30 22:00:00,2025-03-31 04:00:00,W,Prust Ave,0,0,0,0
2025-03-30,14,10:00,123,17,14.7,4,2,30.13,0,2025-03-30 22:00:00,2025-03-31 04:00:00,W,Main Street Station at Bay 7,1,0,2,0
2025-03-30,14,10:00,123,17,14.7,4,2,30.13,0,2025-03-30 22:00:00,2025-03-31 04:00:00,W,Norwood Rd,0,0,0,0
2025-03-30,14,10:00,123,17,14.7,4,2,30.13,0,2025-03-30 22:00:00,2025-03-31 04:00:00,W,McCaul St,0,0,0,0
2025-03-30,14,10:00,123,17,14.7,4,2,30.13,0,2025-03-30 22:00:00,2025-03-31 04:00:00,W,Broadview Ave,0,0,0,0
2025-03-30,14,10:00,123,17,14.7,4,2,30.13,0,2025-03-30 22:00:00,2025-03-31 04:00:00,W,Ontario St,0,0,0,0
2025-03-30,14,10:00,123,17,14.7,4,2,30.13,0,2025-03-30 22:00:00,2025-03-31 04:00:00,W,Rusholme Park Cres,0,0,0,0
2025-03-30,14,10:00,123,17,14.7,4,2,30.13,0,2025-03-30 22:00:00,2025-03-31 04:00:00,W,Havelock St,0,0,0,0
2025-03-30,14,10:00,123,17,14.7,4,2,30.13,0,2025-03-30 22:00:00,2025-03-31 04:00:00,W,High Park Loop,0,0,0,0
2025-03-30,14,10:00,123,17,14.7,4,2,30.13,0,2025-03-30 22:00:00,2025-03-31 04:00:00,W,Queens Park (Queen's Park Station),0,0,0,0
2025-03-30,14,10:00,123,17,14.7,4,2,30.13,0,2025-03-30 22:00:00,2025-03-31 04:00:00,W,Roncesvalles Ave,2,4,6,0
2025-03-30,14,10:00,123,17,14.7,4,2,30.13,0,2025-03-30 22:00:00,2025-03-31 04:00:00,W,De Grassi St,0,0,0,0
2025-03-30,14,10:00,123,17,14.7,4,2,30.13,0,2025-03-30 22:00:00,2025-03-31 04:00:00,W,Parliament St at Carlton St,0,0,0,0
2025-03-30,14,10:00,123,17,14.7,4,2,30.13,0,2025-03-30 22:00:00,2025-03-31 04:00:00,W,Parkside Dr East Side,0,0,0,0
2025-03-30,14,10:00,123,17,14.7,4,2,30.13,0,2025-03-30 22:00:00,2025-03-31 04:00:00,W,Dundas St West,2,2,5,0
2025-03-30,14,10:00,123,17,14.7,4,2,30.13,0,2025-03-30 22:00:00,2025-03-31 04:00:00,W,Howard Park Ave at Roncesvalles Ave,0,0,0,0
2025-03-30,14,10:00,123,17,14.7,4,2,30.13,0,2025-03-30 22:00:00,2025-03-31 04:00:00,W,Parliament St,0,0,0,0
2025-03-30,14,10:00,123,17,14.7,4,2,30.13,0,2025-03-30 22:00:00,2025-03-31 04:00:00,W,Parliament St at Gerrard St East,0,0,0,0
2025-03-30,14,10:00,123,17,14.7,4,2,30.13,0,2025-03-30 22:00:00,2025-03-31 04:00:00,W,Sumach St,0,0,0,0
2025-03-30,14,10:00,123,17,14.7,4,2,30.13,0,2025-03-30 22:00:00,2025-03-31 04:00:00,W,Blackburn St,0,0,0,0
2025-03-30,14,10:00,123,17,14.7,4,2,30.13,0,2025-03-30 22:00:00,2025-03-31 04:00:00,W,Logan Ave,0,0,0,0
2025-03-30,14,10:00,123,17,14.7,4,2,30.13,0,2025-03-30 22:00:00,2025-03-31 04:00:00,W,Augusta Ave,0,0,0,0
2025-03-30,14,10:00,123,17,14.7,4,2,30.13,0,2025-03-30 22:00:00,2025-03-31 04:00:00,W,Beverley St,0,0,0,0
2025-03-30,14,10:00,123,17,14.7,4,2,30.13,0,2025-03-30 22:00:00,2025-03-31 04:00:00,W,University Ave (Queen's Park Station,0,0,0,0
2025-03-30,14,10:00,123,17,14.7,4,2,30.13,0,2025-03-30 22:00:00,2025-03-31 04:00:00,W,Elizabeth St,0,0,0,0
2025-03-30,14,10:00,123,17,14.7,4,2,30.13,0,2025-03-30 22:00:00,2025-03-31 04:00:00,W,Greenwood Ave,0,0,0,0
2025-03-30,14,10:00,123,17,14.7,4,2,30.13,0,2025-03-30 22:00:00,2025-03-31 04:00:00,W,Alton Ave,0,0,0,0
2025-03-30,14,10:00,123,17,14.7,4,2,30.13,0,2025-03-30 22:00:00,2025-03-31 04:00:00,W,Coxwell Ave,0,0,0,0
2025-03-30,14,10:00,123,17,14.7,4,2,30.13,0,2025-03-30 22:00:00,2025-03-31 04:00:00,W,Gerrard St East  at Coxwell Ave,0,0,0,0
2025-03-30,14,10:00,123,17,14.7,4,2,30.13,0,2025-03-30 22:00:00,2025-03-31 04:00:00,W,Coxwell Ave at Lower Gerrard St East,0,0,0,0
2025-03-30,14,10:00,123,17,14.7,4,2,30.13,0,2025-03-30 22:00:00,2025-03-31 04:00:00,W,Ashdale Ave,0,0,0,0
2025-03-30,14,10:00,123,17,14.7,4,2,30.13,0,2025-03-30 22:00:00,2025-03-31 04:00:00,W,Howard Park Ave at Indian Rd,0,0,0,0
2025-03-30,14,10:00,123,17,14.7,4,2,30.13,0,2025-03-30 22:00:00,2025-03-31 04:00:00,W,Dundas St West at Howard Park Ave,0,0,0,0
2025-03-30,14,10:00,123,17,14.7,4,2,30.13,0,2025-03-30 22:00:00,2025-03-31 04:00:00,W,Main St at Gerrard St East,0,0,0,0
2025-03-30,14,10:00,123,17,14.7,4,2,30.13,0,2025-03-30 22:00:00,2025-03-31 04:00:00,W,Main St,0,0,0,0
2025-03-30,14,10:00,123,17,14.7,4,2,30.13,0,2025-03-30 22:00:00,2025-03-31 04:00:00,W,Main St at Danforth Ave,0,0,0,0
2025-03-30,14,10:00,123,17,14.7,4,2,30.13,0,2025-03-30 22:00:00,2025-03-31 04:00:00,W,Howard Park Ave at Parkside Dr,0,0,0,0
2025-04-06,14,10:00,123,17,14.7,4,2,30.13,0,2025-04-06 22:00:00,2025-04-07 04:00:00,E,Woodfield Rd,6,2,3,0
2025-04-06,14,10:00,123,17,14.7,4,2,30.13,0,2025-04-06 22:00:00,2025-04-07 04:00:00,E,Coxwell Ave at Gerrard St East,0,0,0,0
2025-04-06,14,10:00,123,17,14.7,4,2,30.13,0,2025-04-06 22:00:00,2025-04-07 04:00:00,E,Euclid Ave,4,2,2,0
2025-04-06,14,10:00,123,17,14.7,4,2,30.13,0,2025-04-06 22:00:00,2025-04-07 04:00:00,E,Bowmore Rd,4,3,3,0
2025-04-06,14,10:00,123,17,14.7,4,2,30.13,0,2025-04-06 22:00:00,2025-04-07 04:00:00,E,Bay St,4,2,3,0
2025-04-06,14,10:00,123,17,14.7,4,2,30.13,0,2025-04-06 22:00:00,2025-04-07 04:00:00,E,Lansdowne Ave,5,4,3,0
2025-04-06,14,10:00,123,17,14.7,4,2,30.13,0,2025-04-06 22:00:00,2025-04-07 04:00:00,E,Indian Rd,0,2,2,0
2025-04-06,14,10:00,123,17,14.7,4,2,30.13,0,2025-04-06 22:00:00,2025-04-07 04:00:00,E,Grace St,3,2,4,0
2025-04-06,14,10:00,123,17,14.7,4,2,30.13,0,2025-04-06 22:00:00,2025-04-07 04:00:00,E,Dufferin St,6,3,3,0
2025-04-06,14,10:00,123,17,14.7,4,2,30.13,0,2025-04-06 22:00:00,2025-04-07 04:00:00,E,Gerrard St East at Beaton Ave,4,3,3,0
2025-04-06,14,10:00,123,17,14.7,4,2,30.13,0,2025-04-06 22:00:00,2025-04-07 04:00:00,E,Bathurst St,3,2,2,0
2025-04-06,14,10:00,123,17,14.7,4,2,30.13,0,2025-04-06 22:00:00,2025-04-07 04:00:00,E,Yonge St - College Station,4,2,3,0
2025-04-06,14,10:00,123,17,14.7,4,2,30.13,0,2025-04-06 22:00:00,2025-04-07 04:00:00,E,Dundas St West at Sterling Rd,1,1,1,0
2025-04-06,14,10:00,123,17,14.7,4,2,30.13,0,2025-04-06 22:00:00,2025-04-07 04:00:00,E,Brock Ave,5,4,4,0
2025-04-06,14,10:00,123,17,14.7,4,2,30.13,0,2025-04-06 22:00:00,2025-04-07 04:00:00,E,Sackville St,2,1,2,0
2025-04-06,14,10:00,123,17,14.7,4,2,30.13,0,2025-04-06 22:00:00,2025-04-07 04:00:00,E,Carlaw Ave,5,2,3,0
2025-04-06,14,10:00,123,17,14.7,4,2,30.13,0,2025-04-06 22:00:00,2025-04-07 04:00:00,E,Borden St,2,2,2,0
2025-04-06,14,10:00,123,17,14.7,4,2,30.13,0,2025-04-06 22:00:00,2025-04-07 04:00:00,E,Dundas St West at Sorauren Ave,1,1,1,0
2025-04-06,14,10:00,123,17,14.7,4,2,30.13,0,2025-04-06 22:00:00,2025-04-07 04:00:00,E,Crawford St,2,3,4,0
2025-04-06,14,10:00,123,17,14.7,4,2,30.13,0,2025-04-06 22:00:00,2025-04-07 04:00:00,E,Pape Ave,4,2,3,0
2025-04-06,14,10:00,123,17,14.7,4,2,30.13,0,2025-04-06 22:00:00,2025-04-07 04:00:00,E,Spadina Ave,3,2,2,0
2025-04-06,14,10:00,123,17,14.7,4,2,30.13,0,2025-04-06 22:00:00,2025-04-07 04:00:00,E,River St,1,1,2,0
2025-04-06,14,10:00,123,17,14.7,4,2,30.13,0,2025-04-06 22:00:00,2025-04-07 04:00:00,E,Marjory Ave,4,2,3,0
2025-04-06,14,10:00,123,17,14.7,4,2,30.13,0,2025-04-06 22:00:00,2025-04-07 04:00:00,E,Kingsmount Park Rd,4,3,3,0
2025-04-06,14,10:00,123,17,14.7,4,2,30.13,0,2025-04-06 22:00:00,2025-04-07 04:00:00,E,Church St,0,0,0,0
2025-04-06,14,10:00,123,17,14.7,4,2,30.13,0,2025-04-06 22:00:00,2025-04-07 04:00:00,E,Ossington Ave,4,3,3,0
2025-04-06,14,10:00,123,17,14.7,4,2,30.13,0,2025-04-06 22:00:00,2025-04-07 04:00:00,E,Woodbine Ave,3,3,3,0
2025-04-06,14,10:00,123,17,14.7,4,2,30.13,0,2025-04-06 22:00:00,2025-04-07 04:00:00,E,Jones Ave,5,2,3,0
2025-04-06,14,10:00,123,17,14.7,4,2,30.13,0,2025-04-06 22:00:00,2025-04-07 04:00:00,E,Golfview Ave,4,3,3,0
2025-04-06,14,10:00,123,17,14.7,4,2,30.13,0,2025-04-06 22:00:00,2025-04-07 04:00:00,E,Leslie St,6,2,3,0
2025-04-06,14,10:00,123,17,14.7,4,2,30.13,0,2025-04-06 22:00:00,2025-04-07 04:00:00,E,St Matthews Rd,1,1,2,0
2025-04-06,14,10:00,123,17,14.7,4,2,30.13,0,2025-04-06 22:00:00,2025-04-07 04:00:00,E,Jarvis St,2,1,1,0
2025-04-06,14,10:00,123,17,14.7,4,2,30.13,0,2025-04-06 22:00:00,2025-04-07 04:00:00,E,Sherbourne St,2,1,1,0
2025-04-06,14,10:00,123,17,14.7,4,2,30.13,0,2025-04-06 22:00:00,2025-04-07 04:00:00,E,St George St,3,2,2,0
2025-04-06,14,10:00,123,17,14.7,4,2,30.13,0,2025-04-06 22:00:00,2025-04-07 04:00:00,E,Dovercourt Rd,5,3,3,0
2025-04-06,14,10:00,123,17,14.7,4,2,30.13,0,2025-04-06 22:00:00,2025-04-07 04:00:00,E,Glenmount Park Rd,4,3,3,0
2025-04-06,14,10:00,123,17,14.7,4,2,30.13,0,2025-04-06 22:00:00,2025-04-07 04:00:00,E,Prust Ave,6,2,3,0
2025-04-06,14,10:00,123,17,14.7,4,2,30.13,0,2025-04-06 22:00:00,2025-04-07 04:00:00,E,Main Street Station at Bay 7,0,0,0,0
2025-04-06,14,10:00,123,17,14.7,4,2,30.13,0,2025-04-06 22:00:00,2025-04-07 04:00:00,E,Norwood Rd,4,3,2,0
2025-04-06,14,10:00,123,17,14.7,4,2,30.13,0,2025-04-06 22:00:00,2025-04-07 04:00:00,E,McCaul St,3,2,2,0
2025-04-06,14,10:00,123,17,14.7,4,2,30.13,0,2025-04-06 22:00:00,2025-04-07 04:00:00,E,Broadview Ave,1,1,2,0
2025-04-06,14,10:00,123,17,14.7,4,2,30.13,0,2025-04-06 22:00:00,2025-04-07 04:00:00,E,Ontario St,1,1,1,0
2025-04-06,14,10:00,123,17,14.7,4,2,30.13,0,2025-04-06 22:00:00,2025-04-07 04:00:00,E,Rusholme Park Cres,1,1,2,0
2025-04-06,14,10:00,123,17,14.7,4,2,30.13,0,2025-04-06 22:00:00,2025-04-07 04:00:00,E,Havelock St,6,2,3,0
2025-04-06,14,10:00,123,17,14.7,4,2,30.13,0,2025-04-06 22:00:00,2025-04-07 04:00:00,E,High Park Loop,0,6,4,0
2025-04-06,14,10:00,123,17,14.7,4,2,30.13,0,2025-04-06 22:00:00,2025-04-07 04:00:00,E,Queens Park (Queen's Park Station),4,2,2,0
2025-04-06,14,10:00,123,17,14.7,4,2,30.13,0,2025-04-06 22:00:00,2025-04-07 04:00:00,E,Roncesvalles Ave,1,1,1,0
2025-04-06,14,10:00,123,17,14.7,4,2,30.13,0,2025-04-06 22:00:00,2025-04-07 04:00:00,E,De Grassi St,2,1,2,0
2025-04-06,14,10:00,123,17,14.7,4,2,30.13,0,2025-04-06 22:00:00,2025-04-07 04:00:00,E,Parliament St at Carlton St,1,1,2,0
2025-04-06,14,10:00,123,17,14.7,4,2,30.13,0,2025-04-06 22:00:00,2025-04-07 04:00:00,E,Parkside Dr East Side,0,2,2,0
2025-04-06,14,10:00,123,17,14.7,4,2,30.13,0,2025-04-06 22:00:00,2025-04-07 04:00:00,E,Dundas St West,0,1,1,0
2025-04-06,14,10:00,123,17,14.7,4,2,30.13,0,2025-04-06 22:00:00,2025-04-07 04:00:00,E,Howard Park Ave at Roncesvalles Ave,0,0,0,0
2025-04-06,14,10:00,123,17,14.7,4,2,30.13,0,2025-04-06 22:00:00,2025-04-07 04:00:00,E,Parliament St,0,0,0,0
2025-04-06,14,10:00,123,17,14.7,4,2,30.13,0,2025-04-06 22:00:00,2025-04-07 04:00:00,E,Parliament St at Gerrard St East,0,0,0,0
2025-04-06,14,10:00,123,17,14.7,4,2,30.13,0,2025-04-06 22:00:00,2025-04-07 04:00:00,E,Sumach St,0,0,0,0
2025-04-06,14,10:00,123,17,14.7,4,2,30.13,0,2025-04-06 22:00:00,2025-04-07 04:00:00,E,Blackburn St,0,0,0,0
2025-04-06,14,10:00,123,17,14.7,4,2,30.13,0,2025-04-06 22:00:00,2025-04-07 04:00:00,E,Logan Ave,0,0,0,0
2025-04-06,14,10:00,123,17,14.7,4,2,30.13,0,2025-04-06 22:00:00,2025-04-07 04:00:00,E,Augusta Ave,0,0,0,0
2025-04-06,14,10:00,123,17,14.7,4,2,30.13,0,2025-04-06 22:00:00,2025-04-07 04:00:00,E,Beverley St,0,0,0,0
2025-04-06,14,10:00,123,17,14.7,4,2,30.13,0,2025-04-06 22:00:00,2025-04-07 04:00:00,E,University Ave (Queen's Park Station,0,0,0,0
2025-04-06,14,10:00,123,17,14.7,4,2,30.13,0,2025-04-06 22:00:00,2025-04-07 04:00:00,E,Elizabeth St,0,0,0,0
2025-04-06,14,10:00,123,17,14.7,4,2,30.13,0,2025-04-06 22:00:00,2025-04-07 04:00:00,E,Greenwood Ave,0,0,0,0
2025-04-06,14,10:00,123,17,14.7,4,2,30.13,0,2025-04-06 22:00:00,2025-04-07 04:00:00,E,Alton Ave,0,0,0,0
2025-04-06,14,10:00,123,17,14.7,4,2,30.13,0,2025-04-06 22:00:00,2025-04-07 04:00:00,E,Coxwell Ave,0,0,0,0
2025-04-06,14,10:00,123,17,14.7,4,2,30.13,0,2025-04-06 22:00:00,2025-04-07 04:00:00,E,Gerrard St East  at Coxwell Ave,0,0,0,0
2025-04-06,14,10:00,123,17,14.7,4,2,30.13,0,2025-04-06 22:00:00,2025-04-07 04:00:00,E,Coxwell Ave at Lower Gerrard St East,0,0,0,0
2025-04-06,14,10:00,123,17,14.7,4,2,30.13,0,2025-04-06 22:00:00,2025-04-07 04:00:00,E,Ashdale Ave,0,0,0,0
2025-04-06,14,10:00,123,17,14.7,4,2,30.13,0,2025-04-06 22:00:00,2025-04-07 04:00:00,E,Howard Park Ave at Indian Rd,0,0,0,0
2025-04-06,14,10:00,123,17,14.7,4,2,30.13,0,2025-04-06 22:00:00,2025-04-07 04:00:00,E,Dundas St West at Howard Park Ave,0,0,0,0
2025-04-06,14,10:00,123,17,14.7,4,2,30.13,0,2025-04-06 22:00:00,2025-04-07 04:00:00,E,Main St at Gerrard St East,0,0,0,0
2025-04-06,14,10:00,123,17,14.7,4,2,30.13,0,2025-04-06 22:00:00,2025-04-07 04:00:00,E,Main St,0,0,0,0
2025-04-06,14,10:00,123,17,14.7,4,2,30.13,0,2025-04-06 22:00:00,2025-04-07 04:00:00,E,Main St at Danforth Ave,0,0,0,0
2025-04-06,14,10:00,123,17,14.7,4,2,30.13,0,2025-04-06 22:00:00,2025-04-07 04:00:00,E,Howard Park Ave at Parkside Dr,0,0,0,0
2025-04-06,14,10:00,123,17,14.7,4,2,30.13,0,2025-04-06 22:00:00,2025-04-07 04:00:00,W,Woodfield Rd,2,0,2,0
2025-04-06,14,10:00,123,17,14.7,4,2,30.13,0,2025-04-06 22:00:00,2025-04-07 04:00:00,W,Coxwell Ave at Gerrard St East,1,0,2,0
2025-04-06,14,10:00,123,17,14.7,4,2,30.13,0,2025-04-06 22:00:00,2025-04-07 04:00:00,W,Euclid Ave,0,0,0,0
2025-04-06,14,10:00,123,17,14.7,4,2,30.13,0,2025-04-06 22:00:00,2025-04-07 04:00:00,W,Bowmore Rd,0,2,0,0
2025-04-06,14,10:00,123,17,14.7,4,2,30.13,0,2025-04-06 22:00:00,2025-04-07 04:00:00,W,Bay St,2,0,4,0
2025-04-06,14,10:00,123,17,14.7,4,2,30.13,0,2025-04-06 22:00:00,2025-04-07 04:00:00,W,Lansdowne Ave,0,0,0,0
2025-04-06,14,10:00,123,17,14.7,4,2,30.13,0,2025-04-06 22:00:00,2025-04-07 04:00:00,W,Indian Rd,4,4,3,0
2025-04-06,14,10:00,123,17,14.7,4,2,30.13,0,2025-04-06 22:00:00,2025-04-07 04:00:00,W,Grace St,0,0,0,0
2025-04-06,14,10:00,123,17,14.7,4,2,30.13,0,2025-04-06 22:00:00,2025-04-07 04:00:00,W,Dufferin St,2,4,4,0
2025-04-06,14,10:00,123,17,14.7,4,2,30.13,0,2025-04-06 22:00:00,2025-04-07 04:00:00,W,Gerrard St East at Beaton Ave,0,1,1,0
2025-04-06,14,10:00,123,17,14.7,4,2,30.13,0,2025-04-06 22:00:00,2025-04-07 04:00:00,W,Bathurst St,0,0,0,0
2025-04-06,14,10:00,123,17,14.7,4,2,30.13,0,2025-04-06 22:00:00,2025-04-07 04:00:00,W,Yonge St - College Station,0,0,0,0
2025-04-06,14,10:00,123,17,14.7,4,2,30.13,0,2025-04-06 22:00:00,2025-04-07 04:00:00,W,Dundas St West at Sterling Rd,0,0,0,0
2025-04-06,14,10:00,123,17,14.7,4,2,30.13,0,2025-04-06 22:00:00,2025-04-07 04:00:00,W,Brock Ave,0,0,0,0
2025-04-06,14,10:00,123,17,14.7,4,2,30.13,0,2025-04-06 22:00:00,2025-04-07 04:00:00,W,Sackville St,1,2,4,0
2025-04-06,14,10:00,123,17,14.7,4,2,30.13,0,2025-04-06 22:00:00,2025-04-07 04:00:00,W,Carlaw Ave,0,0,0,0
2025-04-06,14,10:00,123,17,14.7,4,2,30.13,0,2025-04-06 22:00:00,2025-04-07 04:00:00,W,Borden St,0,0,0,0
2025-04-06,14,10:00,123,17,14.7,4,2,30.13,0,2025-04-06 22:00:00,2025-04-07 04:00:00,W,Dundas St West at Sorauren Ave,1,3,2,0
2025-04-06,14,10:00,123,17,14.7,4,2,30.13,0,2025-04-06 22:00:00,2025-04-07 04:00:00,W,Crawford St,0,0,0,0
2025-04-06,14,10:00,123,17,14.7,4,2,30.13,0,2025-04-06 22:00:00,2025-04-07 04:00:00,W,Pape Ave,0,0,0,0
2025-04-06,14,10:00,123,17,14.7,4,2,30.13,0,2025-04-06 22:00:00,2025-04-07 04:00:00,W,Spadina Ave,2,0,5,0
2025-04-06,14,10:00,123,17,14.7,4,2,30.13,0,2025-04-06 22:00:00,2025-04-07 04:00:00,W,River St,2,3,4,0
2025-04-06,14,10:00,123,17,14.7,4,2,30.13,0,2025-04-06 22:00:00,2025-04-07 04:00:00,W,Marjory Ave,0,0,0,0
2025-04-06,14,10:00,123,17,14.7,4,2,30.13,0,2025-04-06 22:00:00,2025-04-07 04:00:00,W,Kingsmount Park Rd,0,0,0,0
2025-04-06,14,10:00,123,17,14.7,4,2,30.13,0,2025-04-06 22:00:00,2025-04-07 04:00:00,W,Church St,0,0,0,0
2025-04-06,14,10:00,123,17,14.7,4,2,30.13,0,2025-04-06 22:00:00,2025-04-07 04:00:00,W,Ossington Ave,0,0,0,0
2025-04-06,14,10:00,123,17,14.7,4,2,30.13,0,2025-04-06 22:00:00,2025-04-07 04:00:00,W,Woodbine Ave,0,0,0,0
2025-04-06,14,10:00,123,17,14.7,4,2,30.13,0,2025-04-06 22:00:00,2025-04-07 04:00:00,W,Jones Ave,0,0,0,0
2025-04-06,14,10:00,123,17,14.7,4,2,30.13,0,2025-04-06 22:00:00,2025-04-07 04:00:00,W,Golfview Ave,0,0,0,0
2025-04-06,14,10:00,123,17,14.7,4,2,30.13,0,2025-04-06 22:00:00,2025-04-07 04:00:00,W,Leslie St,0,0,0,0
2025-04-06,14,10:00,123,17,14.7,4,2,30.13,0,2025-04-06 22:00:00,2025-04-07 04:00:00,W,St Matthews Rd,0,0,0,0
2025-04-06,14,10:00,123,17,14.7,4,2,30.13,0,2025-04-06 22:00:00,2025-04-07 04:00:00,W,Jarvis St,0,0,0,0
2025-04-06,14,10:00,123,17,14.7,4,2,30.13,0,2025-04-06 22:00:00,2025-04-07 04:00:00,W,Sherbourne St,0,0,0,0
2025-04-06,14,10:00,123,17,14.7,4,2,30.13,0,2025-04-06 22:00:00,2025-04-07 04:00:00,W,St George St,0,0,0,0
2025-04-06,14,10:00,123,17,14.7,4,2,30.13,0,2025-04-06 22:00:00,2025-04-07 04:00:00,W,Dovercourt Rd,0,0,0,0
2025-04-06,14,10:00,123,17,14.7,4,2,30.13,0,2025-04-06 22:00:00,2025-04-07 04:00:00,W,Glenmount Park Rd,0,0,0,0
2025-04-06,14,10:00,123,17,14.7,4,2,30.13,0,2025-04-06 22:00:00,2025-04-07 04:00:00,W,Prust Ave,0,0,0,0
2025-04-06,14,10:00,123,17,14.7,4,2,30.13,0,2025-04-06 22:00:00,2025-04-07 04:00:00,W,Main Street Station at Bay 7,0,2,1,0
2025-04-06,14,10:00,123,17,14.7,4,2,30.13,0,2025-04-06 22:00:00,2025-04-07 04:00:00,W,Norwood Rd,0,0,0,0
2025-04-06,14,10:00,123,17,14.7,4,2,30.13,0,2025-04-06 22:00:00,2025-04-07 04:00:00,W,McCaul St,0,0,0,0
2025-04-06,14,10:00,123,17,14.7,4,2,30.13,0,2025-04-06 22:00:00,2025-04-07 04:00:00,W,Broadview Ave,0,0,0,0
2025-04-06,14,10:00,123,17,14.7,4,2,30.13,0,2025-04-06 22:00:00,2025-04-07 04:00:00,W,Ontario St,0,0,0,0
2025-04-06,14,10:00,123,17,14.7,4,2,30.13,0,2025-04-06 22:00:00,2025-04-07 04:00:00,W,Rusholme Park Cres,0,0,0,0
2025-04-06,14,10:00,123,17,14.7,4,2,30.13,0,2025-04-06 22:00:00,2025-04-07 04:00:00,W,Havelock St,0,0,0,0
2025-04-06,14,10:00,123,17,14.7,4,2,30.13,0,2025-04-06 22:00:00,2025-04-07 04:00:00,W,High Park Loop,0,0,0,0
2025-04-06,14,10:00,123,17,14.7,4,2,30.13,0,2025-04-06 22:00:00,2025-04-07 04:00:00,W,Queens Park (Queen's Park Station),0,0,0,0
2025-04-06,14,10:00,123,17,14.7,4,2,30.13,0,2025-04-06 22:00:00,2025-04-07 04:00:00,W,Roncesvalles Ave,1,4,3,0
2025-04-06,14,10:00,123,17,14.7,4,2,30.13,0,2025-04-06 22:00:00,2025-04-07 04:00:00,W,De Grassi St,0,0,0,0
2025-04-06,14,10:00,123,17,14.7,4,2,30.13,0,2025-04-06 22:00:00,2025-04-07 04:00:00,W,Parliament St at Carlton St,0,0,0,0
2025-04-06,14,10:00,123,17,14.7,4,2,30.13,0,2025-04-06 22:00:00,2025-04-07 04:00:00,W,Parkside Dr East Side,0,0,0,0
2025-04-06,14,10:00,123,17,14.7,4,2,30.13,0,2025-04-06 22:00:00,2025-04-07 04:00:00,W,Dundas St West,2,3,2,0
2025-04-06,14,10:00,123,17,14.7,4,2,30.13,0,2025-04-06 22:00:00,2025-04-07 04:00:00,W,Howard Park Ave at Roncesvalles Ave,0,0,0,0
2025-04-06,14,10:00,123,17,14.7,4,2,30.13,0,2025-04-06 22:00:00,2025-04-07 04:00:00,W,Parliament St,0,0,0,0
2025-04-06,14,10:00,123,17,14.7,4,2,30.13,0,2025-04-06 22:00:00,2025-04-07 04:00:00,W,Parliament St at Gerrard St East,0,0,0,0
2025-04-06,14,10:00,123,17,14.7,4,2,30.13,0,2025-04-06 22:00:00,2025-04-07 04:00:00,W,Sumach St,0,0,0,0
2025-04-06,14,10:00,123,17,14.7,4,2,30.13,0,2025-04-06 22:00:00,2025-04-07 04:00:00,W,Blackburn St,0,0,0,0
2025-04-06,14,10:00,123,17,14.7,4,2,30.13,0,2025-04-06 22:00:00,2025-04-07 04:00:00,W,Logan Ave,0,0,0,0
2025-04-06,14,10:00,123,17,14.7,4,2,30.13,0,2025-04-06 22:00:00,2025-04-07 04:00:00,W,Augusta Ave,0,0,0,0
2025-04-06,14,10:00,123,17,14.7,4,2,30.13,0,2025-04-06 22:00:00,2025-04-07 04:00:00,W,Beverley St,0,0,0,0
2025-04-06,14,10:00,123,17,14.7,4,2,30.13,0,2025-04-06 22:00:00,2025-04-07 04:00:00,W,University Ave (Queen's Park Station,0,0,0,0
2025-04-06,14,10:00,123,17,14.7,4,2,30.13,0,2025-04-06 22:00:00,2025-04-07 04:00:00,W,Elizabeth St,0,0,0,0
2025-04-06,14,10:00,123,17,14.7,4,2,30.13,0,2025-04-06 22:00:00,2025-04-07 04:00:00,W,Greenwood Ave,0,0,0,0
2025-04-06,14,10:00,123,17,14.7,4,2,30.13,0,2025-04-06 22:00:00,2025-04-07 04:00:00,W,Alton Ave,0,0,0,0
2025-04-06,14,10:00,123,17,14.7,4,2,30.13,0,2025-04-06 22:00:00,2025-04-07 04:00:00,W,Coxwell Ave,0,0,0,0
2025-04-06,14,10:00,123,17,14.7,4,2,30.13,0,2025-04-06 22:00:00,2025-04-07 04:00:00,W,Gerrard St East  at Coxwell Ave,0,0,0,0
2025-04-06,14,10:00,123,17,14.7,4,2,30.13,0,2025-04-06 22:00:00,2025-04-07 04:00:00,W,Coxwell Ave at Lower Gerrard St East,0,0,0,0
2025-04-06,14,10:00,123,17,14.7,4,2,30.13,0,2025-04-06 22:00:00,2025-04-07 04:00:00,W,Ashdale Ave,0,0,0,0
2025-04-06,14,10:00,123,17,14.7,4,2,30.13,0,2025-04-06 22:00:00,2025-04-07 04:00:00,W,Howard Park Ave at Indian Rd,0,0,0,0
2025-04-06,14,10:00,123,17,14.7,4,2,30.13,0,2025-04-06 22:00:00,2025-04-07 04:00:00,W,Dundas St West at Howard Park Ave,0,0,0,0
2025-04-06,14,10:00,123,17,14.7,4,2,30.13,0,2025-04-06 22:00:00,2025-04-07 04:00:00,W,Main St at Gerrard St East,0,0,0,0
2025-04-06,14,10:00,123,17,14.7,4,2,30.13,0,2025-04-06 22:00:00,2025-04-07 04:00:00,W,Main St,0,0,0,0
2025-04-06,14,10:00,123,17,14.7,4,2,30.13,0,2025-04-06 22:00:00,2025-04-07 04:00:00,W,Main St at Danforth Ave,0,0,0,0
2025-04-06,14,10:00,123,17,14.7,4,2,30.13,0,2025-04-06 22:00:00,2025-04-07 04:00:00,W,Howard Park Ave at Parkside Dr,0,0,0,0
2025-04-13,14,10:00,123,17,14.7,4,2,30.13,0,2025-04-13 22:00:00,2025-04-14 04:00:00,E,Woodfield Rd,6,4,3,4
2025-04-13,14,10:00,123,17,14.7,4,2,30.13,0,2025-04-13 22:00:00,2025-04-14 04:00:00,E,Coxwell Ave at Gerrard St East,0,0,0,0
2025-04-13,14,10:00,123,17,14.7,4,2,30.13,0,2025-04-13 22:00:00,2025-04-14 04:00:00,E,Euclid Ave,3,1,2,2
2025-04-13,14,10:00,123,17,14.7,4,2,30.13,0,2025-04-13 22:00:00,2025-04-14 04:00:00,E,Bowmore Rd,6,4,3,4
2025-04-13,14,10:00,123,17,14.7,4,2,30.13,0,2025-04-13 22:00:00,2025-04-14 04:00:00,E,Bay St,5,1,3,3
2025-04-13,14,10:00,123,17,14.7,4,2,30.13,0,2025-04-13 22:00:00,2025-04-14 04:00:00,E,Lansdowne Ave,5,4,6,5
2025-04-13,14,10:00,123,17,14.7,4,2,30.13,0,2025-04-13 22:00:00,2025-04-14 04:00:00,E,Indian Rd,0,1,4,1
2025-04-13,14,10:00,123,17,14.7,4,2,30.13,0,2025-04-13 22:00:00,2025-04-14 04:00:00,E,Grace St,2,2,7,2
2025-04-13,14,10:00,123,17,14.7,4,2,30.13,0,2025-04-13 22:00:00,2025-04-14 04:00:00,E,Dufferin St,6,3,3,4
2025-04-13,14,10:00,123,17,14.7,4,2,30.13,0,2025-04-13 22:00:00,2025-04-14 04:00:00,E,Gerrard St East at Beaton Ave,5,4,3,4
2025-04-13,14,10:00,123,17,14.7,4,2,30.13,0,2025-04-13 22:00:00,2025-04-14 04:00:00,E,Bathurst St,4,1,3,2
2025-04-13,14,10:00,123,17,14.7,4,2,30.13,0,2025-04-13 22:00:00,2025-04-14 04:00:00,E,Yonge St - College Station,3,1,3,3
2025-04-13,14,10:00,123,17,14.7,4,2,30.13,0,2025-04-13 22:00:00,2025-04-14 04:00:00,E,Dundas St West at Sterling Rd,1,1,3,1
2025-04-13,14,10:00,123,17,14.7,4,2,30.13,0,2025-04-13 22:00:00,2025-04-14 04:00:00,E,Brock Ave,5,5,6,5
2025-04-13,14,10:00,123,17,14.7,4,2,30.13,0,2025-04-13 22:00:00,2025-04-14 04:00:00,E,Sackville St,2,1,2,2
2025-04-13,14,10:00,123,17,14.7,4,2,30.13,0,2025-04-13 22:00:00,2025-04-14 04:00:00,E,Carlaw Ave,4,1,3,3
2025-04-13,14,10:00,123,17,14.7,4,2,30.13,0,2025-04-13 22:00:00,2025-04-14 04:00:00,E,Borden St,3,1,2,2
2025-04-13,14,10:00,123,17,14.7,4,2,30.13,0,2025-04-13 22:00:00,2025-04-14 04:00:00,E,Dundas St West at Sorauren Ave,1,2,3,1
2025-04-13,14,10:00,123,17,14.7,4,2,30.13,0,2025-04-13 22:00:00,2025-04-14 04:00:00,E,Crawford St,3,2,6,3
2025-04-13,14,10:00,123,17,14.7,4,2,30.13,0,2025-04-13 22:00:00,2025-04-14 04:00:00,E,Pape Ave,5,1,3,3
2025-04-13,14,10:00,123,17,14.7,4,2,30.13,0,2025-04-13 22:00:00,2025-04-14 04:00:00,E,Spadina Ave,3,1,3,2
2025-04-13,14,10:00,123,17,14.7,4,2,30.13,0,2025-04-13 22:00:00,2025-04-14 04:00:00,E,River St,3,1,2,2
2025-04-13,14,10:00,123,17,14.7,4,2,30.13,0,2025-04-13 22:00:00,2025-04-14 04:00:00,E,Marjory Ave,5,2,3,3
2025-04-13,14,10:00,123,17,14.7,4,2,30.13,0,2025-04-13 22:00:00,2025-04-14 04:00:00,E,Kingsmount Park Rd,4,4,3,4
2025-04-13,14,10:00,123,17,14.7,4,2,30.13,0,2025-04-13 22:00:00,2025-04-14 04:00:00,E,Church St,0,0,0,0
2025-04-13,14,10:00,123,17,14.7,4,2,30.13,0,2025-04-13 22:00:00,2025-04-14 04:00:00,E,Ossington Ave,5,1,7,3
2025-04-13,14,10:00,123,17,14.7,4,2,30.13,0,2025-04-13 22:00:00,2025-04-14 04:00:00,E,Woodbine Ave,4,3,3,4
2025-04-13,14,10:00,123,17,14.7,4,2,30.13,0,2025-04-13 22:00:00,2025-04-14 04:00:00,E,Jones Ave,5,2,3,3
2025-04-13,14,10:00,123,17,14.7,4,2,30.13,0,2025-04-13 22:00:00,2025-04-14 04:00:00,E,Golfview Ave,4,3,3,4
2025-04-13,14,10:00,123,17,14.7,4,2,30.13,0,2025-04-13 22:00:00,2025-04-14 04:00:00,E,Leslie St,5,2,3,3
2025-04-13,14,10:00,123,17,14.7,4,2,30.13,0,2025-04-13 22:00:00,2025-04-14 04:00:00,E,St Matthews Rd,3,1,2,2
2025-04-13,14,10:00,123,17,14.7,4,2,30.13,0,2025-04-13 22:00:00,2025-04-14 04:00:00,E,Jarvis St,1,2,3,1
2025-04-13,14,10:00,123,17,14.7,4,2,30.13,0,2025-04-13 22:00:00,2025-04-14 04:00:00,E,Sherbourne St,1,2,3,1
2025-04-13,14,10:00,123,17,14.7,4,2,30.13,0,2025-04-13 22:00:00,2025-04-14 04:00:00,E,St George St,5,1,3,2
2025-04-13,14,10:00,123,17,14.7,4,2,30.13,0,2025-04-13 22:00:00,2025-04-14 04:00:00,E,Dovercourt Rd,4,1,6,3
2025-04-13,14,10:00,123,17,14.7,4,2,30.13,0,2025-04-13 22:00:00,2025-04-14 04:00:00,E,Glenmount Park Rd,4,3,3,4
2025-04-13,14,10:00,123,17,14.7,4,2,30.13,0,2025-04-13 22:00:00,2025-04-14 04:00:00,E,Prust Ave,5,3,3,3
2025-04-13,14,10:00,123,17,14.7,4,2,30.13,0,2025-04-13 22:00:00,2025-04-14 04:00:00,E,Main Street Station at Bay 7,0,0,0,0
2025-04-13,14,10:00,123,17,14.7,4,2,30.13,0,2025-04-13 22:00:00,2025-04-14 04:00:00,E,Norwood Rd,4,3,3,4
2025-04-13,14,10:00,123,17,14.7,4,2,30.13,0,2025-04-13 22:00:00,2025-04-14 04:00:00,E,McCaul St,5,1,3,2
2025-04-13,14,10:00,123,17,14.7,4,2,30.13,0,2025-04-13 22:00:00,2025-04-14 04:00:00,E,Broadview Ave,4,1,2,2
2025-04-13,14,10:00,123,17,14.7,4,2,30.13,0,2025-04-13 22:00:00,2025-04-14 04:00:00,E,Ontario St,1,2,3,1
2025-04-13,14,10:00,123,17,14.7,4,2,30.13,0,2025-04-13 22:00:00,2025-04-14 04:00:00,E,Rusholme Park Cres,0,0,3,1
2025-04-13,14,10:00,123,17,14.7,4,2,30.13,0,2025-04-13 22:00:00,2025-04-14 04:00:00,E,Havelock St,5,3,3,3
2025-04-13,14,10:00,123,17,14.7,4,2,30.13,0,2025-04-13 22:00:00,2025-04-14 04:00:00,E,High Park Loop,0,2,8,2
2025-04-13,14,10:00,123,17,14.7,4,2,30.13,0,2025-04-13 22:00:00,2025-04-14 04:00:00,E,Queens Park (Queen's Park Station),4,1,3,2
2025-04-13,14,10:00,123,17,14.7,4,2,30.13,0,2025-04-13 22:00:00,2025-04-14 04:00:00,E,Roncesvalles Ave,0,1,3,1
2025-04-13,14,10:00,123,17,14.7,4,2,30.13,0,2025-04-13 22:00:00,2025-04-14 04:00:00,E,De Grassi St,4,1,2,2
2025-04-13,14,10:00,123,17,14.7,4,2,30.13,0,2025-04-13 22:00:00,2025-04-14 04:00:00,E,Parliament St at Carlton St,2,2,3,1
2025-04-13,14,10:00,123,17,14.7,4,2,30.13,0,2025-04-13 22:00:00,2025-04-14 04:00:00,E,Parkside Dr East Side,0,1,4,1
2025-04-13,14,10:00,123,17,14.7,4,2,30.13,0,2025-04-13 22:00:00,2025-04-14 04:00:00,E,Dundas St West,0,2,3,1
2025-04-13,14,10:00,123,17,14.7,4,2,30.13,0,2025-04-13 22:00:00,2025-04-14 04:00:00,E,Howard Park Ave at Roncesvalles Ave,0,0,0,0
2025-04-13,14,10:00,123,17,14.7,4,2,30.13,0,2025-04-13 22:00:00,2025-04-14 04:00:00,E,Parliament St,0,0,0,0
2025-04-13,14,10:00,123,17,14.7,4,2,30.13,0,2025-04-13 22:00:00,2025-04-14 04:00:00,E,Parliament St at Gerrard St East,0,0,0,0
2025-04-13,14,10:00,123,17,14.7,4,2,30.13,0,2025-04-13 22:00:00,2025-04-14 04:00:00,E,Sumach St,0,0,0,0
2025-04-13,14,10:00,123,17,14.7,4,2,30.13,0,2025-04-13 22:00:00,2025-04-14 04:00:00,E,Blackburn St,0,0,0,0
2025-04-13,14,10:00,123,17,14.7,4,2,30.13,0,2025-04-13 22:00:00,2025-04-14 04:00:00,E,Logan Ave,0,0,0,0
2025-04-13,14,10:00,123,17,14.7,4,2,30.13,0,2025-04-13 22:00:00,2025-04-14 04:00:00,E,Augusta Ave,0,0,0,0
2025-04-13,14,10:00,123,17,14.7,4,2,30.13,0,2025-04-13 22:00:00,2025-04-14 04:00:00,E,Beverley St,0,0,0,0
2025-04-13,14,10:00,123,17,14.7,4,2,30.13,0,2025-04-13 22:00:00,2025-04-14 04:00:00,E,University Ave (Queen's Park Station,0,0,0,0
2025-04-13,14,10:00,123,17,14.7,4,2,30.13,0,2025-04-13 22:00:00,2025-04-14 04:00:00,E,Elizabeth St,0,0,0,0
2025-04-13,14,10:00,123,17,14.7,4,2,30.13,0,2025-04-13 22:00:00,2025-04-14 04:00:00,E,Greenwood Ave,0,0,0,0
2025-04-13,14,10:00,123,17,14.7,4,2,30.13,0,2025-04-13 22:00:00,2025-04-14 04:00:00,E,Alton Ave,0,0,0,0
2025-04-13,14,10:00,123,17,14.7,4,2,30.13,0,2025-04-13 22:00:00,2025-04-14 04:00:00,E,Coxwell Ave,0,0,0,0
2025-04-13,14,10:00,123,17,14.7,4,2,30.13,0,2025-04-13 22:00:00,2025-04-14 04:00:00,E,Gerrard St East  at Coxwell Ave,0,0,0,0
2025-04-13,14,10:00,123,17,14.7,4,2,30.13,0,2025-04-13 22:00:00,2025-04-14 04:00:00,E,Coxwell Ave at Lower Gerrard St East,0,0,0,0
2025-04-13,14,10:00,123,17,14.7,4,2,30.13,0,2025-04-13 22:00:00,2025-04-14 04:00:00,E,Ashdale Ave,0,0,0,0
2025-04-13,14,10:00,123,17,14.7,4,2,30.13,0,2025-04-13 22:00:00,2025-04-14 04:00:00,E,Howard Park Ave at Indian Rd,0,0,0,0
2025-04-13,14,10:00,123,17,14.7,4,2,30.13,0,2025-04-13 22:00:00,2025-04-14 04:00:00,E,Dundas St West at Howard Park Ave,0,0,0,0
2025-04-13,14,10:00,123,17,14.7,4,2,30.13,0,2025-04-13 22:00:00,2025-04-14 04:00:00,E,Main St at Gerrard St East,0,0,0,0
2025-04-13,14,10:00,123,17,14.7,4,2,30.13,0,2025-04-13 22:00:00,2025-04-14 04:00:00,E,Main St,0,0,0,0
2025-04-13,14,10:00,123,17,14.7,4,2,30.13,0,2025-04-13 22:00:00,2025-04-14 04:00:00,E,Main St at Danforth Ave,0,0,0,0
2025-04-13,14,10:00,123,17,14.7,4,2,30.13,0,2025-04-13 22:00:00,2025-04-14 04:00:00,E,Howard Park Ave at Parkside Dr,0,0,0,0
2025-04-13,14,10:00,123,17,14.7,4,2,30.13,0,2025-04-13 22:00:00,2025-04-14 04:00:00,W,Woodfield Rd,1,3,4,1
2025-04-13,14,10:00,123,17,14.7,4,2,30.13,0,2025-04-13 22:00:00,2025-04-14 04:00:00,W,Coxwell Ave at Gerrard St East,0,3,4,1
2025-04-13,14,10:00,123,17,14.7,4,2,30.13,0,2025-04-13 22:00:00,2025-04-14 04:00:00,W,Euclid Ave,0,0,0,0
2025-04-13,14,10:00,123,17,14.7,4,2,30.13,0,2025-04-13 22:00:00,2025-04-14 04:00:00,W,Bowmore Rd,0,2,4,1
2025-04-13,14,10:00,123,17,14.7,4,2,30.13,0,2025-04-13 22:00:00,2025-04-14 04:00:00,W,Bay St,1,2,4,1
2025-04-13,14,10:00,123,17,14.7,4,2,30.13,0,2025-04-13 22:00:00,2025-04-14 04:00:00,W,Lansdowne Ave,0,0,0,0
2025-04-13,14,10:00,123,17,14.7,4,2,30.13,0,2025-04-13 22:00:00,2025-04-14 04:00:00,W,Indian Rd,5,1,2,3
2025-04-13,14,10:00,123,17,14.7,4,2,30.13,0,2025-04-13 22:00:00,2025-04-14 04:00:00,W,Grace St,0,0,0,0
2025-04-13,14,10:00,123,17,14.7,4,2,30.13,0,2025-04-13 22:00:00,2025-04-14 04:00:00,W,Dufferin St,3,1,3,2
2025-04-13,14,10:00,123,17,14.7,4,2,30.13,0,2025-04-13 22:00:00,2025-04-14 04:00:00,W,Gerrard St East at Beaton Ave,1,3,4,1
2025-04-13,14,10:00,123,17,14.7,4,2,30.13,0,2025-04-13 22:00:00,2025-04-14 04:00:00,W,Bathurst St,0,0,0,0
2025-04-13,14,10:00,123,17,14.7,4,2,30.13,0,2025-04-13 22:00:00,2025-04-14 04:00:00,W,Yonge St - College Station,0,0,0,0
2025-04-13,14,10:00,123,17,14.7,4,2,30.13,0,2025-04-13 22:00:00,2025-04-14 04:00:00,W,Dundas St West at Sterling Rd,0,0,0,0
2025-04-13,14,10:00,123,17,14.7,4,2,30.13,0,2025-04-13 22:00:00,2025-04-14 04:00:00,W,Brock Ave,0,0,0,0
2025-04-13,14,10:00,123,17,14.7,4,2,30.13,0,2025-04-13 22:00:00,2025-04-14 04:00:00,W,Sackville St,4,2,3,1
2025-04-13,14,10:00,123,17,14.7,4,2,30.13,0,2025-04-13 22:00:00,2025-04-14 04:00:00,W,Carlaw Ave,0,0,0,0
2025-04-13,14,10:00,123,17,14.7,4,2,30.13,0,2025-04-13 22:00:00,2025-04-14 04:00:00,W,Borden St,0,0,0,0
2025-04-13,14,10:00,123,17,14.7,4,2,30.13,0,2025-04-13 22:00:00,2025-04-14 04:00:00,W,Dundas St West at Sorauren Ave,3,1,2,2
2025-04-13,14,10:00,123,17,14.7,4,2,30.13,0,2025-04-13 22:00:00,2025-04-14 04:00:00,W,Crawford St,0,0,0,0
2025-04-13,14,10:00,123,17,14.7,4,2,30.13,0,2025-04-13 22:00:00,2025-04-14 04:00:00,W,Pape Ave,0,0,0,0
2025-04-13,14,10:00,123,17,14.7,4,2,30.13,0,2025-04-13 22:00:00,2025-04-14 04:00:00,W,Spadina Ave,4,2,4,1
2025-04-13,14,10:00,123,17,14.7,4,2,30.13,0,2025-04-13 22:00:00,2025-04-14 04:00:00,W,River St,3,2,5,1
2025-04-13,14,10:00,123,17,14.7,4,2,30.13,0,2025-04-13 22:00:00,2025-04-14 04:00:00,W,Marjory Ave,0,0,0,0
2025-04-13,14,10:00,123,17,14.7,4,2,30.13,0,2025-04-13 22:00:00,2025-04-14 04:00:00,W,Kingsmount Park Rd,0,0,0,0
2025-04-13,14,10:00,123,17,14.7,4,2,30.13,0,2025-04-13 22:00:00,2025-04-14 04:00:00,W,Church St,0,0,0,0
2025-04-13,14,10:00,123,17,14.7,4,2,30.13,0,2025-04-13 22:00:00,2025-04-14 04:00:00,W,Ossington Ave,0,0,0,0
2025-04-13,14,10:00,123,17,14.7,4,2,30.13,0,2025-04-13 22:00:00,2025-04-14 04:00:00,W,Woodbine Ave,0,0,0,0
2025-04-13,14,10:00,123,17,14.7,4,2,30.13,0,2025-04-13 22:00:00,2025-04-14 04:00:00,W,Jones Ave,0,0,0,0
2025-04-13,14,10:00,123,17,14.7,4,2,30.13,0,2025-04-13 22:00:00,2025-04-14 04:00:00,W,Golfview Ave,0,0,0,0
2025-04-13,14,10:00,123,17,14.7,4,2,30.13,0,2025-04-13 22:00:00,2025-04-14 04:00:00,W,Leslie St,0,0,0,0
2025-04-13,14,10:00,123,17,14.7,4,2,30.13,0,2025-04-13 22:00:00,2025-04-14 04:00:00,W,St Matthews Rd,0,0,0,0
2025-04-13,14,10:00,123,17,14.7,4,2,30.13,0,2025-04-13 22:00:00,2025-04-14 04:00:00,W,Jarvis St,0,0,0,0
2025-04-13,14,10:00,123,17,14.7,4,2,30.13,0,2025-04-13 22:00:00,2025-04-14 04:00:00,W,Sherbourne St,0,0,0,0
2025-04-13,14,10:00,123,17,14.7,4,2,30.13,0,2025-04-13 22:00:00,2025-04-14 04:00:00,W,St George St,0,0,0,0
2025-04-13,14,10:00,123,17,14.7,4,2,30.13,0,2025-04-13 22:00:00,2025-04-14 04:00:00,W,Dovercourt Rd,0,0,0,0
2025-04-13,14,10:00,123,17,14.7,4,2,30.13,0,2025-04-13 22:00:00,2025-04-14 04:00:00,W,Glenmount Park Rd,0,0,0,0
2025-04-13,14,10:00,123,17,14.7,4,2,30.13,0,2025-04-13 22:00:00,2025-04-14 04:00:00,W,Prust Ave,0,0,0,0
2025-04-13,14,10:00,123,17,14.7,4,2,30.13,0,2025-04-13 22:00:00,2025-04-14 04:00:00,W,Main Street Station at Bay 7,1,2,4,1
2025-04-13,14,10:00,123,17,14.7,4,2,30.13,0,2025-04-13 22:00:00,2025-04-14 04:00:00,W,Norwood Rd,0,0,0,0
2025-04-13,14,10:00,123,17,14.7,4,2,30.13,0,2025-04-13 22:00:00,2025-04-14 04:00:00,W,McCaul St,0,0,0,0
2025-04-13,14,10:00,123,17,14.7,4,2,30.13,0,2025-04-13 22:00:00,2025-04-14 04:00:00,W,Broadview Ave,0,0,0,0
2025-04-13,14,10:00,123,17,14.7,4,2,30.13,0,2025-04-13 22:00:00,2025-04-14 04:00:00,W,Ontario St,0,0,0,0
2025-04-13,14,10:00,123,17,14.7,4,2,30.13,0,2025-04-13 22:00:00,2025-04-14 04:00:00,W,Rusholme Park Cres,0,0,0,0
2025-04-13,14,10:00,123,17,14.7,4,2,30.13,0,2025-04-13 22:00:00,2025-04-14 04:00:00,W,Havelock St,0,0,0,0
2025-04-13,14,10:00,123,17,14.7,4,2,30.13,0,2025-04-13 22:00:00,2025-04-14 04:00:00,W,High Park Loop,0,0,0,0
2025-04-13,14,10:00,123,17,14.7,4,2,30.13,0,2025-04-13 22:00:00,2025-04-14 04:00:00,W,Queens Park (Queen's Park Station),0,0,0,0
2025-04-13,14,10:00,123,17,14.7,4,2,30.13,0,2025-04-13 22:00:00,2025-04-14 04:00:00,W,Roncesvalles Ave,3,2,2,3
2025-04-13,14,10:00,123,17,14.7,4,2,30.13,0,2025-04-13 22:00:00,2025-04-14 04:00:00,W,De Grassi St,0,0,0,0
2025-04-13,14,10:00,123,17,14.7,4,2,30.13,0,2025-04-13 22:00:00,2025-04-14 04:00:00,W,Parliament St at Carlton St,0,0,0,0
2025-04-13,14,10:00,123,17,14.7,4,2,30.13,0,2025-04-13 22:00:00,2025-04-14 04:00:00,W,Parkside Dr East Side,0,0,0,0
2025-04-13,14,10:00,123,17,14.7,4,2,30.13,0,2025-04-13 22:00:00,2025-04-14 04:00:00,W,Dundas St West,4,1,2,2
2025-04-13,14,10:00,123,17,14.7,4,2,30.13,0,2025-04-13 22:00:00,2025-04-14 04:00:00,W,Howard Park Ave at Roncesvalles Ave,0,0,0,0
2025-04-13,14,10:00,123,17,14.7,4,2,30.13,0,2025-04-13 22:00:00,2025-04-14 04:00:00,W,Parliament St,0,0,0,0
2025-04-13,14,10:00,123,17,14.7,4,2,30.13,0,2025-04-13 22:00:00,2025-04-14 04:00:00,W,Parliament St at Gerrard St East,0,0,0,0
2025-04-13,14,10:00,123,17,14.7,4,2,30.13,0,2025-04-13 22:00:00,2025-04-14 04:00:00,W,Sumach St,0,0,0,0
2025-04-13,14,10:00,123,17,14.7,4,2,30.13,0,2025-04-13 22:00:00,2025-04-14 04:00:00,W,Blackburn St,0,0,0,0
2025-04-13,14,10:00,123,17,14.7,4,2,30.13,0,2025-04-13 22:00:00,2025-04-14 04:00:00,W,Logan Ave,0,0,0,0
2025-04-13,14,10:00,123,17,14.7,4,2,30.13,0,2025-04-13 22:00:00,2025-04-14 04:00:00,W,Augusta Ave,0,0,0,0
2025-04-13,14,10:00,123,17,14.7,4,2,30.13,0,2025-04-13 22:00:00,2025-04-14 04:00:00,W,Beverley St,0,0,0,0
2025-04-13,14,10:00,123,17,14.7,4,2,30.13,0,2025-04-13 22:00:00,2025-04-14 04:00:00,W,University Ave (Queen's Park Station,0,0,0,0
2025-04-13,14,10:00,123,17,14.7,4,2,30.13,0,2025-04-13 22:00:00,2025-04-14 04:00:00,W,Elizabeth St,0,0,0,0
2025-04-13,14,10:00,123,17,14.7,4,2,30.13,0,2025-04-13 22:00:00,2025-04-14 04:00:00,W,Greenwood Ave,0,0,0,0
2025-04-13,14,10:00,123,17,14.7,4,2,30.13,0,2025-04-13 22:00:00,2025-04-14 04:00:00,W,Alton Ave,0,0,0,0
2025-04-13,14,10:00,123,17,14.7,4,2,30.13,0,2025-04-13 22:00:00,2025-04-14 04:00:00,W,Coxwell Ave,0,0,0,0
2025-04-13,14,10:00,123,17,14.7,4,2,30.13,0,2025-04-13 22:00:00,2025-04-14 04:00:00,W,Gerrard St East  at Coxwell Ave,0,0,0,0
2025-04-13,14,10:00,123,17,14.7,4,2,30.13,0,2025-04-13 22:00:00,2025-04-14 04:00:00,W,Coxwell Ave at Lower Gerrard St East,0,0,0,0
2025-04-13,14,10:00,123,17,14.7,4,2,30.13,0,2025-04-13 22:00:00,2025-04-14 04:00:00,W,Ashdale Ave,0,0,0,0
2025-04-13,14,10:00,123,17,14.7,4,2,30.13,0,2025-04-13 22:00:00,2025-04-14 04:00:00,W,Howard Park Ave at Indian Rd,0,0,0,0
2025-04-13,14,10:00,123,17,14.7,4,2,30.13,0,2025-04-13 22:00:00,2025-04-14 04:00:00,W,Dundas St West at Howard Park Ave,0,0,0,0
2025-04-13,14,10:00,123,17,14.7,4,2,30.13,0,2025-04-13 22:00:00,2025-04-14 04:00:00,W,Main St at Gerrard St East,0,0,0,0
2025-04-13,14,10:00,123,17,14.7,4,2,30.13,0,2025-04-13 22:00:00,2025-04-14 04:00:00,W,Main St,0,0,0,0
2025-04-13,14,10:00,123,17,14.7,4,2,30.13,0,2025-04-13 22:00:00,2025-04-14 04:00:00,W,Main St at Danforth Ave,0,0,0,0
2025-04-13,14,10:00,123,17,14.7,4,2,30.13,0,2025-04-13 22:00:00,2025-04-14 04:00:00,W,Howard Park Ave at Parkside Dr,0,0,0,0
2025-04-20,14,10:00,123,17,14.7,4,2,30.13,0,2025-04-20 22:00:00,2025-04-21 04:00:00,E,Woodfield Rd,5,2,3,0
2025-04-20,14,10:00,123,17,14.7,4,2,30.13,0,2025-04-20 22:00:00,2025-04-21 04:00:00,E,Coxwell Ave at Gerrard St East,0,0,0,0
2025-04-20,14,10:00,123,17,14.7,4,2,30.13,0,2025-04-20 22:00:00,2025-04-21 04:00:00,E,Euclid Ave,2,1,3,0
2025-04-20,14,10:00,123,17,14.7,4,2,30.13,0,2025-04-20 22:00:00,2025-04-21 04:00:00,E,Bowmore Rd,2,2,2,0
2025-04-20,14,10:00,123,17,14.7,4,2,30.13,0,2025-04-20 22:00:00,2025-04-21 04:00:00,E,Bay St,2,1,2,0
2025-04-20,14,10:00,123,17,14.7,4,2,30.13,0,2025-04-20 22:00:00,2025-04-21 04:00:00,E,Lansdowne Ave,5,1,5,0
2025-04-20,14,10:00,123,17,14.7,4,2,30.13,0,2025-04-20 22:00:00,2025-04-21 04:00:00,E,Indian Rd,0,1,2,0
2025-04-20,14,10:00,123,17,14.7,4,2,30.13,0,2025-04-20 22:00:00,2025-04-21 04:00:00,E,Grace St,2,1,4,0
2025-04-20,14,10:00,123,17,14.7,4,2,30.13,0,2025-04-20 22:00:00,2025-04-21 04:00:00,E,Dufferin St,5,2,3,0
2025-04-20,14,10:00,123,17,14.7,4,2,30.13,0,2025-04-20 22:00:00,2025-04-21 04:00:00,E,Gerrard St East at Beaton Ave,2,2,2,0
2025-04-20,14,10:00,123,17,14.7,4,2,30.13,0,2025-04-20 22:00:00,2025-04-21 04:00:00,E,Bathurst St,2,1,3,0
2025-04-20,14,10:00,123,17,14.7,4,2,30.13,0,2025-04-20 22:00:00,2025-04-21 04:00:00,E,Yonge St - College Station,2,1,2,0
2025-04-20,14,10:00,123,17,14.7,4,2,30.13,0,2025-04-20 22:00:00,2025-04-21 04:00:00,E,Dundas St West at Sterling Rd,1,0,2,0
2025-04-20,14,10:00,123,17,14.7,4,2,30.13,0,2025-04-20 22:00:00,2025-04-21 04:00:00,E,Brock Ave,4,3,4,0
2025-04-20,14,10:00,123,17,14.7,4,2,30.13,0,2025-04-20 22:00:00,2025-04-21 04:00:00,E,Sackville St,2,0,2,0
2025-04-20,14,10:00,123,17,14.7,4,2,30.13,0,2025-04-20 22:00:00,2025-04-21 04:00:00,E,Carlaw Ave,2,1,2,0
2025-04-20,14,10:00,123,17,14.7,4,2,30.13,0,2025-04-20 22:00:00,2025-04-21 04:00:00,E,Borden St,2,1,3,0
2025-04-20,14,10:00,123,17,14.7,4,2,30.13,0,2025-04-20 22:00:00,2025-04-21 04:00:00,E,Dundas St West at Sorauren Ave,1,0,2,0
2025-04-20,14,10:00,123,17,14.7,4,2,30.13,0,2025-04-20 22:00:00,2025-04-21 04:00:00,E,Crawford St,2,1,3,0
2025-04-20,14,10:00,123,17,14.7,4,2,30.13,0,2025-04-20 22:00:00,2025-04-21 04:00:00,E,Pape Ave,2,2,2,0
2025-04-20,14,10:00,123,17,14.7,4,2,30.13,0,2025-04-20 22:00:00,2025-04-21 04:00:00,E,Spadina Ave,2,1,3,0
2025-04-20,14,10:00,123,17,14.7,4,2,30.13,0,2025-04-20 22:00:00,2025-04-21 04:00:00,E,River St,0,1,2,0
2025-04-20,14,10:00,123,17,14.7,4,2,30.13,0,2025-04-20 22:00:00,2025-04-21 04:00:00,E,Marjory Ave,4,3,2,0
2025-04-20,14,10:00,123,17,14.7,4,2,30.13,0,2025-04-20 22:00:00,2025-04-21 04:00:00,E,Kingsmount Park Rd,2,1,2,0
2025-04-20,14,10:00,123,17,14.7,4,2,30.13,0,2025-04-20 22:00:00,2025-04-21 04:00:00,E,Church St,0,0,0,0
2025-04-20,14,10:00,123,17,14.7,4,2,30.13,0,2025-04-20 22:00:00,2025-04-21 04:00:00,E,Ossington Ave,3,2,5,0
2025-04-20,14,10:00,123,17,14.7,4,2,30.13,0,2025-04-20 22:00:00,2025-04-21 04:00:00,E,Woodbine Ave,4,1,2,0
2025-04-20,14,10:00,123,17,14.7,4,2,30.13,0,2025-04-20 22:00:00,2025-04-21 04:00:00,E,Jones Ave,3,3,2,0
2025-04-20,14,10:00,123,17,14.7,4,2,30.13,0,2025-04-20 22:00:00,2025-04-21 04:00:00,E,Golfview Ave,4,1,2,0
2025-04-20,14,10:00,123,17,14.7,4,2,30.13,0,2025-04-20 22:00:00,2025-04-21 04:00:00,E,Leslie St,3,3,2,0
2025-04-20,14,10:00,123,17,14.7,4,2,30.13,0,2025-04-20 22:00:00,2025-04-21 04:00:00,E,St Matthews Rd,2,1,2,0
2025-04-20,14,10:00,123,17,14.7,4,2,30.13,0,2025-04-20 22:00:00,2025-04-21 04:00:00,E,Jarvis St,1,0,2,0
2025-04-20,14,10:00,123,17,14.7,4,2,30.13,0,2025-04-20 22:00:00,2025-04-21 04:00:00,E,Sherbourne St,1,0,2,0
2025-04-20,14,10:00,123,17,14.7,4,2,30.13,0,2025-04-20 22:00:00,2025-04-21 04:00:00,E,St George St,1,1,3,0
2025-04-20,14,10:00,123,17,14.7,4,2,30.13,0,2025-04-20 22:00:00,2025-04-21 04:00:00,E,Dovercourt Rd,4,1,5,0
2025-04-20,14,10:00,123,17,14.7,4,2,30.13,0,2025-04-20 22:00:00,2025-04-21 04:00:00,E,Glenmount Park Rd,3,1,2,0
2025-04-20,14,10:00,123,17,14.7,4,2,30.13,0,2025-04-20 22:00:00,2025-04-21 04:00:00,E,Prust Ave,3,2,2,0
2025-04-20,14,10:00,123,17,14.7,4,2,30.13,0,2025-04-20 22:00:00,2025-04-21 04:00:00,E,Main Street Station at Bay 7,0,0,0,0
2025-04-20,14,10:00,123,17,14.7,4,2,30.13,0,2025-04-20 22:00:00,2025-04-21 04:00:00,E,Norwood Rd,3,1,2,0
2025-04-20,14,10:00,123,17,14.7,4,2,30.13,0,2025-04-20 22:00:00,2025-04-21 04:00:00,E,McCaul St,0,1,3,0
2025-04-20,14,10:00,123,17,14.7,4,2,30.13,0,2025-04-20 22:00:00,2025-04-21 04:00:00,E,Broadview Ave,2,1,3,0
2025-04-20,14,10:00,123,17,14.7,4,2,30.13,0,2025-04-20 22:00:00,2025-04-21 04:00:00,E,Ontario St,2,1,2,0
2025-04-20,14,10:00,123,17,14.7,4,2,30.13,0,2025-04-20 22:00:00,2025-04-21 04:00:00,E,Rusholme Park Cres,1,1,2,0
2025-04-20,14,10:00,123,17,14.7,4,2,30.13,0,2025-04-20 22:00:00,2025-04-21 04:00:00,E,Havelock St,4,2,2,0
2025-04-20,14,10:00,123,17,14.7,4,2,30.13,0,2025-04-20 22:00:00,2025-04-21 04:00:00,E,High Park Loop,0,2,4,0
2025-04-20,14,10:00,123,17,14.7,4,2,30.13,0,2025-04-20 22:00:00,2025-04-21 04:00:00,E,Queens Park (Queen's Park Station),3,1,3,0
2025-04-20,14,10:00,123,17,14.7,4,2,30.13,0,2025-04-20 22:00:00,2025-04-21 04:00:00,E,Roncesvalles Ave,1,0,2,0
2025-04-20,14,10:00,123,17,14.7,4,2,30.13,0,2025-04-20 22:00:00,2025-04-21 04:00:00,E,De Grassi St,2,1,3,0
2025-04-20,14,10:00,123,17,14.7,4,2,30.13,0,2025-04-20 22:00:00,2025-04-21 04:00:00,E,Parliament St at Carlton St,1,0,2,0
2025-04-20,14,10:00,123,17,14.7,4,2,30.13,0,2025-04-20 22:00:00,2025-04-21 04:00:00,E,Parkside Dr East Side,0,1,2,0
2025-04-20,14,10:00,123,17,14.7,4,2,30.13,0,2025-04-20 22:00:00,2025-04-21 04:00:00,E,Dundas St West,1,1,2,0
2025-04-20,14,10:00,123,17,14.7,4,2,30.13,0,2025-04-20 22:00:00,2025-04-21 04:00:00,E,Howard Park Ave at Roncesvalles Ave,0,0,0,0
2025-04-20,14,10:00,123,17,14.7,4,2,30.13,0,2025-04-20 22:00:00,2025-04-21 04:00:00,E,Parliament St,0,0,0,0
2025-04-20,14,10:00,123,17,14.7,4,2,30.13,0,2025-04-20 22:00:00,2025-04-21 04:00:00,E,Parliament St at Gerrard St East,0,0,0,0
2025-04-20,14,10:00,123,17,14.7,4,2,30.13,0,2025-04-20 22:00:00,2025-04-21 04:00:00,E,Sumach St,0,0,0,0
2025-04-20,14,10:00,123,17,14.7,4,2,30.13,0,2025-04-20 22:00:00,2025-04-21 04:00:00,E,Blackburn St,0,0,0,0
2025-04-20,14,10:00,123,17,14.7,4,2,30.13,0,2025-04-20 22:00:00,2025-04-21 04:00:00,E,Logan Ave,0,0,0,0
2025-04-20,14,10:00,123,17,14.7,4,2,30.13,0,2025-04-20 22:00:00,2025-04-21 04:00:00,E,Augusta Ave,0,0,0,0
2025-04-20,14,10:00,123,17,14.7,4,2,30.13,0,2025-04-20 22:00:00,2025-04-21 04:00:00,E,Beverley St,0,0,0,0
2025-04-20,14,10:00,123,17,14.7,4,2,30.13,0,2025-04-20 22:00:00,2025-04-21 04:00:00,E,University Ave (Queen's Park Station,0,0,0,0
2025-04-20,14,10:00,123,17,14.7,4,2,30.13,0,2025-04-20 22:00:00,2025-04-21 04:00:00,E,Elizabeth St,0,0,0,0
2025-04-20,14,10:00,123,17,14.7,4,2,30.13,0,2025-04-20 22:00:00,2025-04-21 04:00:00,E,Greenwood Ave,0,0,0,0
2025-04-20,14,10:00,123,17,14.7,4,2,30.13,0,2025-04-20 22:00:00,2025-04-21 04:00:00,E,Alton Ave,0,0,0,0
2025-04-20,14,10:00,123,17,14.7,4,2,30.13,0,2025-04-20 22:00:00,2025-04-21 04:00:00,E,Coxwell Ave,0,0,0,0
2025-04-20,14,10:00,123,17,14.7,4,2,30.13,0,2025-04-20 22:00:00,2025-04-21 04:00:00,E,Gerrard St East  at Coxwell Ave,0,0,0,0
2025-04-20,14,10:00,123,17,14.7,4,2,30.13,0,2025-04-20 22:00:00,2025-04-21 04:00:00,E,Coxwell Ave at Lower Gerrard St East,0,0,0,0
2025-04-20,14,10:00,123,17,14.7,4,2,30.13,0,2025-04-20 22:00:00,2025-04-21 04:00:00,E,Ashdale Ave,0,0,0,0
2025-04-20,14,10:00,123,17,14.7,4,2,30.13,0,2025-04-20 22:00:00,2025-04-21 04:00:00,E,Howard Park Ave at Indian Rd,0,0,0,0
2025-04-20,14,10:00,123,17,14.7,4,2,30.13,0,2025-04-20 22:00:00,2025-04-21 04:00:00,E,Dundas St West at Howard Park Ave,0,0,0,0
2025-04-20,14,10:00,123,17,14.7,4,2,30.13,0,2025-04-20 22:00:00,2025-04-21 04:00:00,E,Main St at Gerrard St East,0,0,0,0
2025-04-20,14,10:00,123,17,14.7,4,2,30.13,0,2025-04-20 22:00:00,2025-04-21 04:00:00,E,Main St,0,0,0,0
2025-04-20,14,10:00,123,17,14.7,4,2,30.13,0,2025-04-20 22:00:00,2025-04-21 04:00:00,E,Main St at Danforth Ave,0,0,0,0
2025-04-20,14,10:00,123,17,14.7,4,2,30.13,0,2025-04-20 22:00:00,2025-04-21 04:00:00,E,Howard Park Ave at Parkside Dr,0,0,0,0
2025-04-20,14,10:00,123,17,14.7,4,2,30.13,0,2025-04-20 22:00:00,2025-04-21 04:00:00,W,Woodfield Rd,0,0,2,0
2025-04-20,14,10:00,123,17,14.7,4,2,30.13,0,2025-04-20 22:00:00,2025-04-21 04:00:00,W,Coxwell Ave at Gerrard St East,0,0,2,0
2025-04-20,14,10:00,123,17,14.7,4,2,30.13,0,2025-04-20 22:00:00,2025-04-21 04:00:00,W,Euclid Ave,0,0,0,0
2025-04-20,14,10:00,123,17,14.7,4,2,30.13,0,2025-04-20 22:00:00,2025-04-21 04:00:00,W,Bowmore Rd,0,0,2,0
2025-04-20,14,10:00,123,17,14.7,4,2,30.13,0,2025-04-20 22:00:00,2025-04-21 04:00:00,W,Bay St,0,0,2,0
2025-04-20,14,10:00,123,17,14.7,4,2,30.13,0,2025-04-20 22:00:00,2025-04-21 04:00:00,W,Lansdowne Ave,0,0,0,0
2025-04-20,14,10:00,123,17,14.7,4,2,30.13,0,2025-04-20 22:00:00,2025-04-21 04:00:00,W,Indian Rd,6,2,5,0
2025-04-20,14,10:00,123,17,14.7,4,2,30.13,0,2025-04-20 22:00:00,2025-04-21 04:00:00,W,Grace St,0,0,0,0
2025-04-20,14,10:00,123,17,14.7,4,2,30.13,0,2025-04-20 22:00:00,2025-04-21 04:00:00,W,Dufferin St,1,1,4,0
2025-04-20,14,10:00,123,17,14.7,4,2,30.13,0,2025-04-20 22:00:00,2025-04-21 04:00:00,W,Gerrard St East at Beaton Ave,0,0,2,0
2025-04-20,14,10:00,123,17,14.7,4,2,30.13,0,2025-04-20 22:00:00,2025-04-21 04:00:00,W,Bathurst St,0,0,0,0
2025-04-20,14,10:00,123,17,14.7,4,2,30.13,0,2025-04-20 22:00:00,2025-04-21 04:00:00,W,Yonge St - College Station,0,0,0,0
2025-04-20,14,10:00,123,17,14.7,4,2,30.13,0,2025-04-20 22:00:00,2025-04-21 04:00:00,W,Dundas St West at Sterling Rd,0,0,0,0
2025-04-20,14,10:00,123,17,14.7,4,2,30.13,0,2025-04-20 22:00:00,2025-04-21 04:00:00,W,Brock Ave,0,0,0,0
2025-04-20,14,10:00,123,17,14.7,4,2,30.13,0,2025-04-20 22:00:00,2025-04-21 04:00:00,W,Sackville St,0,0,2,0
2025-04-20,14,10:00,123,17,14.7,4,2,30.13,0,2025-04-20 22:00:00,2025-04-21 04:00:00,W,Carlaw Ave,0,0,0,0
2025-04-20,14,10:00,123,17,14.7,4,2,30.13,0,2025-04-20 22:00:00,2025-04-21 04:00:00,W,Borden St,0,0,0,0
2025-04-20,14,10:00,123,17,14.7,4,2,30.13,0,2025-04-20 22:00:00,2025-04-21 04:00:00,W,Dundas St West at Sorauren Ave,3,2,5,0
2025-04-20,14,10:00,123,17,14.7,4,2,30.13,0,2025-04-20 22:00:00,2025-04-21 04:00:00,W,Crawford St,0,0,0,0
2025-04-20,14,10:00,123,17,14.7,4,2,30.13,0,2025-04-20 22:00:00,2025-04-21 04:00:00,W,Pape Ave,0,0,0,0
2025-04-20,14,10:00,123,17,14.7,4,2,30.13,0,2025-04-20 22:00:00,2025-04-21 04:00:00,W,Spadina Ave,0,0,3,0
2025-04-20,14,10:00,123,17,14.7,4,2,30.13,0,2025-04-20 22:00:00,2025-04-21 04:00:00,W,River St,1,0,3,0
2025-04-20,14,10:00,123,17,14.7,4,2,30.13,0,2025-04-20 22:00:00,2025-04-21 04:00:00,W,Marjory Ave,0,0,0,0
2025-04-20,14,10:00,123,17,14.7,4,2,30.13,0,2025-04-20 22:00:00,2025-04-21 04:00:00,W,Kingsmount Park Rd,0,0,0,0
2025-04-20,14,10:00,123,17,14.7,4,2,30.13,0,2025-04-20 22:00:00,2025-04-21 04:00:00,W,Church St,0,0,0,0
2025-04-20,14,10:00,123,17,14.7,4,2,30.13,0,2025-04-20 22:00:00,2025-04-21 04:00:00,W,Ossington Ave,0,0,0,0
2025-04-20,14,10:00,123,17,14.7,4,2,30.13,0,2025-04-20 22:00:00,2025-04-21 04:00:00,W,Woodbine Ave,0,0,0,0
2025-04-20,14,10:00,123,17,14.7,4,2,30.13,0,2025-04-20 22:00:00,2025-04-21 04:00:00,W,Jones Ave,0,0,0,0
2025-04-20,14,10:00,123,17,14.7,4,2,30.13,0,2025-04-20 22:00:00,2025-04-21 04:00:00,W,Golfview Ave,0,0,0,0
2025-04-20,14,10:00,123,17,14.7,4,2,30.13,0,2025-04-20 22:00:00,2025-04-21 04:00:00,W,Leslie St,0,0,0,0
2025-04-20,14,10:00,123,17,14.7,4,2,30.13,0,2025-04-20 22:00:00,2025-04-21 04:00:00,W,St Matthews Rd,0,0,0,0
2025-04-20,14,10:00,123,17,14.7,4,2,30.13,0,2025-04-20 22:00:00,2025-04-21 04:00:00,W,Jarvis St,0,0,0,0
2025-04-20,14,10:00,123,17,14.7,4,2,30.13,0,2025-04-20 22:00:00,2025-04-21 04:00:00,W,Sherbourne St,0,0,0,0
2025-04-20,14,10:00,123,17,14.7,4,2,30.13,0,2025-04-20 22:00:00,2025-04-21 04:00:00,W,St George St,0,0,0,0
2025-04-20,14,10:00,123,17,14.7,4,2,30.13,0,2025-04-20 22:00:00,2025-04-21 04:00:00,W,Dovercourt Rd,0,0,0,0
2025-04-20,14,10:00,123,17,14.7,4,2,30.13,0,2025-04-20 22:00:00,2025-04-21 04:00:00,W,Glenmount Park Rd,0,0,0,0
2025-04-20,14,10:00,123,17,14.7,4,2,30.13,0,2025-04-20 22:00:00,2025-04-21 04:00:00,W,Prust Ave,0,0,0,0
2025-04-20,14,10:00,123,17,14.7,4,2,30.13,0,2025-04-20 22:00:00,2025-04-21 04:00:00,W,Main Street Station at Bay 7,0,0,2,0
2025-04-20,14,10:00,123,17,14.7,4,2,30.13,0,2025-04-20 22:00:00,2025-04-21 04:00:00,W,Norwood Rd,0,0,0,0
2025-04-20,14,10:00,123,17,14.7,4,2,30.13,0,2025-04-20 22:00:00,2025-04-21 04:00:00,W,McCaul St,0,0,0,0
2025-04-20,14,10:00,123,17,14.7,4,2,30.13,0,2025-04-20 22:00:00,2025-04-21 04:00:00,W,Broadview Ave,0,0,0,0
2025-04-20,14,10:00,123,17,14.7,4,2,30.13,0,2025-04-20 22:00:00,2025-04-21 04:00:00,W,Ontario St,0,0,0,0
2025-04-20,14,10:00,123,17,14.7,4,2,30.13,0,2025-04-20 22:00:00,2025-04-21 04:00:00,W,Rusholme Park Cres,0,0,0,0
2025-04-20,14,10:00,123,17,14.7,4,2,30.13,0,2025-04-20 22:00:00,2025-04-21 04:00:00,W,Havelock St,0,0,0,0
2025-04-20,14,10:00,123,17,14.7,4,2,30.13,0,2025-04-20 22:00:00,2025-04-21 04:00:00,W,High Park Loop,0,0,0,0
2025-04-20,14,10:00,123,17,14.7,4,2,30.13,0,2025-04-20 22:00:00,2025-04-21 04:00:00,W,Queens Park (Queen's Park Station),0,0,0,0
2025-04-20,14,10:00,123,17,14.7,4,2,30.13,0,2025-04-20 22:00:00,2025-04-21 04:00:00,W,Roncesvalles Ave,3,2,5,0
2025-04-20,14,10:00,123,17,14.7,4,2,30.13,0,2025-04-20 22:00:00,2025-04-21 04:00:00,W,De Grassi St,0,0,0,0
2025-04-20,14,10:00,123,17,14.7,4,2,30.13,0,2025-04-20 22:00:00,2025-04-21 04:00:00,W,Parliament St at Carlton St,0,0,0,0
2025-04-20,14,10:00,123,17,14.7,4,2,30.13,0,2025-04-20 22:00:00,2025-04-21 04:00:00,W,Parkside Dr East Side,0,0,0,0
2025-04-20,14,10:00,123,17,14.7,4,2,30.13,0,2025-04-20 22:00:00,2025-04-21 04:00:00,W,Dundas St West,3,2,5,0
2025-04-20,14,10:00,123,17,14.7,4,2,30.13,0,2025-04-20 22:00:00,2025-04-21 04:00:00,W,Howard Park Ave at Roncesvalles Ave,0,0,0,0
2025-04-20,14,10:00,123,17,14.7,4,2,30.13,0,2025-04-20 22:00:00,2025-04-21 04:00:00,W,Parliament St,0,0,0,0
2025-04-20,14,10:00,123,17,14.7,4,2,30.13,0,2025-04-20 22:00:00,2025-04-21 04:00:00,W,Parliament St at Gerrard St East,0,0,0,0
2025-04-20,14,10:00,123,17,14.7,4,2,30.13,0,2025-04-20 22:00:00,2025-04-21 04:00:00,W,Sumach St,0,0,0,0
2025-04-20,14,10:00,123,17,14.7,4,2,30.13,0,2025-04-20 22:00:00,2025-04-21 04:00:00,W,Blackburn St,0,0,0,0
2025-04-20,14,10:00,123,17,14.7,4,2,30.13,0,2025-04-20 22:00:00,2025-04-21 04:00:00,W,Logan Ave,0,0,0,0
2025-04-20,14,10:00,123,17,14.7,4,2,30.13,0,2025-04-20 22:00:00,2025-04-21 04:00:00,W,Augusta Ave,0,0,0,0
2025-04-20,14,10:00,123,17,14.7,4,2,30.13,0,2025-04-20 22:00:00,2025-04-21 04:00:00,W,Beverley St,0,0,0,0
2025-04-20,14,10:00,123,17,14.7,4,2,30.13,0,2025-04-20 22:00:00,2025-04-21 04:00:00,W,University Ave (Queen's Park Station,0,0,0,0
2025-04-20,14,10:00,123,17,14.7,4,2,30.13,0,2025-04-20 22:00:00,2025-04-21 04:00:00,W,Elizabeth St,0,0,0,0
2025-04-20,14,10:00,123,17,14.7,4,2,30.13,0,2025-04-20 22:00:00,2025-04-21 04:00:00,W,Greenwood Ave,0,0,0,0
2025-04-20,14,10:00,123,17,14.7,4,2,30.13,0,2025-04-20 22:00:00,2025-04-21 04:00:00,W,Alton Ave,0,0,0,0
2025-04-20,14,10:00,123,17,14.7,4,2,30.13,0,2025-04-20 22:00:00,2025-04-21 04:00:00,W,Coxwell Ave,0,0,0,0
2025-04-20,14,10:00,123,17,14.7,4,2,30.13,0,2025-04-20 22:00:00,2025-04-21 04:00:00,W,Gerrard St East  at Coxwell Ave,0,0,0,0
2025-04-20,14,10:00,123,17,14.7,4,2,30.13,0,2025-04-20 22:00:00,2025-04-21 04:00:00,W,Coxwell Ave at Lower Gerrard St East,0,0,0,0
2025-04-20,14,10:00,123,17,14.7,4,2,30.13,0,2025-04-20 22:00:00,2025-04-21 04:00:00,W,Ashdale Ave,0,0,0,0
2025-04-20,14,10:00,123,17,14.7,4,2,30.13,0,2025-04-20 22:00:00,2025-04-21 04:00:00,W,Howard Park Ave at Indian Rd,0,0,0,0
2025-04-20,14,10:00,123,17,14.7,4,2,30.13,0,2025-04-20 22:00:00,2025-04-21 04:00:00,W,Dundas St West at Howard Park Ave,0,0,0,0
2025-04-20,14,10:00,123,17,14.7,4,2,30.13,0,2025-04-20 22:00:00,2025-04-21 04:00:00,W,Main St at Gerrard St East,0,0,0,0
2025-04-20,14,10:00,123,17,14.7,4,2,30.13,0,2025-04-20 22:00:00,2025-04-21 04:00:00,W,Main St,0,0,0,0
2025-04-20,14,10:00,123,17,14.7,4,2,30.13,0,2025-04-20 22:00:00,2025-04-21 04:00:00,W,Main St at Danforth Ave,0,0,0,0
2025-04-20,14,10:00,123,17,14.7,4,2,30.13,0,2025-04-20 22:00:00,2025-04-21 04:00:00,W,Howard Park Ave at Parkside Dr,0,0,0,0
2025-04-27,14,10:00,123,17,14.7,4,2,30.13,0,2025-04-27 22:00:00,2025-04-28 04:00:00,E,Woodfield Rd,5,2,0,0
2025-04-27,14,10:00,123,17,14.7,4,2,30.13,0,2025-04-27 22:00:00,2025-04-28 04:00:00,E,Coxwell Ave at Gerrard St East,0,0,0,0
2025-04-27,14,10:00,123,17,14.7,4,2,30.13,0,2025-04-27 22:00:00,2025-04-28 04:00:00,E,Euclid Ave,4,1,1,4
2025-04-27,14,10:00,123,17,14.7,4,2,30.13,0,2025-04-27 22:00:00,2025-04-28 04:00:00,E,Bowmore Rd,4,3,2,0
2025-04-27,14,10:00,123,17,14.7,4,2,30.13,0,2025-04-27 22:00:00,2025-04-28 04:00:00,E,Bay St,4,0,0,0
2025-04-27,14,10:00,123,17,14.7,4,2,30.13,0,2025-04-27 22:00:00,2025-04-28 04:00:00,E,Lansdowne Ave,7,8,5,5
2025-04-27,14,10:00,123,17,14.7,4,2,30.13,0,2025-04-27 22:00:00,2025-04-28 04:00:00,E,Indian Rd,0,4,4,5
2025-04-27,14,10:00,123,17,14.7,4,2,30.13,0,2025-04-27 22:00:00,2025-04-28 04:00:00,E,Grace St,2,7,5,9
2025-04-27,14,10:00,123,17,14.7,4,2,30.13,0,2025-04-27 22:00:00,2025-04-28 04:00:00,E,Dufferin St,5,4,2,0
2025-04-27,14,10:00,123,17,14.7,4,2,30.13,0,2025-04-27 22:00:00,2025-04-28 04:00:00,E,Gerrard St East at Beaton Ave,4,4,2,0
2025-04-27,14,10:00,123,17,14.7,4,2,30.13,0,2025-04-27 22:00:00,2025-04-28 04:00:00,E,Bathurst St,6,2,1,4
2025-04-27,14,10:00,123,17,14.7,4,2,30.13,0,2025-04-27 22:00:00,2025-04-28 04:00:00,E,Yonge St - College Station,3,0,0,0
2025-04-27,14,10:00,123,17,14.7,4,2,30.13,0,2025-04-27 22:00:00,2025-04-28 04:00:00,E,Dundas St West at Sterling Rd,2,4,3,5
2025-04-27,14,10:00,123,17,14.7,4,2,30.13,0,2025-04-27 22:00:00,2025-04-28 04:00:00,E,Brock Ave,5,6,7,4
2025-04-27,14,10:00,123,17,14.7,4,2,30.13,0,2025-04-27 22:00:00,2025-04-28 04:00:00,E,Sackville St,2,3,3,3
2025-04-27,14,10:00,123,17,14.7,4,2,30.13,0,2025-04-27 22:00:00,2025-04-28 04:00:00,E,Carlaw Ave,3,0,0,0
2025-04-27,14,10:00,123,17,14.7,4,2,30.13,0,2025-04-27 22:00:00,2025-04-28 04:00:00,E,Borden St,6,2,1,5
2025-04-27,14,10:00,123,17,14.7,4,2,30.13,0,2025-04-27 22:00:00,2025-04-28 04:00:00,E,Dundas St West at Sorauren Ave,1,4,3,5
2025-04-27,14,10:00,123,17,14.7,4,2,30.13,0,2025-04-27 22:00:00,2025-04-28 04:00:00,E,Crawford St,3,7,6,8
2025-04-27,14,10:00,123,17,14.7,4,2,30.13,0,2025-04-27 22:00:00,2025-04-28 04:00:00,E,Pape Ave,3,0,0,0
2025-04-27,14,10:00,123,17,14.7,4,2,30.13,0,2025-04-27 22:00:00,2025-04-28 04:00:00,E,Spadina Ave,6,2,1,5
2025-04-27,14,10:00,123,17,14.7,4,2,30.13,0,2025-04-27 22:00:00,2025-04-28 04:00:00,E,River St,1,3,3,3
2025-04-27,14,10:00,123,17,14.7,4,2,30.13,0,2025-04-27 22:00:00,2025-04-28 04:00:00,E,Marjory Ave,3,1,0,0
2025-04-27,14,10:00,123,17,14.7,4,2,30.13,0,2025-04-27 22:00:00,2025-04-28 04:00:00,E,Kingsmount Park Rd,4,4,2,0
2025-04-27,14,10:00,123,17,14.7,4,2,30.13,0,2025-04-27 22:00:00,2025-04-28 04:00:00,E,Church St,0,0,0,0
2025-04-27,14,10:00,123,17,14.7,4,2,30.13,0,2025-04-27 22:00:00,2025-04-28 04:00:00,E,Ossington Ave,6,5,5,8
2025-04-27,14,10:00,123,17,14.7,4,2,30.13,0,2025-04-27 22:00:00,2025-04-28 04:00:00,E,Woodbine Ave,3,4,3,0
2025-04-27,14,10:00,123,17,14.7,4,2,30.13,0,2025-04-27 22:00:00,2025-04-28 04:00:00,E,Jones Ave,3,1,0,0
2025-04-27,14,10:00,123,17,14.7,4,2,30.13,0,2025-04-27 22:00:00,2025-04-28 04:00:00,E,Golfview Ave,3,4,2,0
2025-04-27,14,10:00,123,17,14.7,4,2,30.13,0,2025-04-27 22:00:00,2025-04-28 04:00:00,E,Leslie St,4,2,0,0
2025-04-27,14,10:00,123,17,14.7,4,2,30.13,0,2025-04-27 22:00:00,2025-04-28 04:00:00,E,St Matthews Rd,2,2,2,3
2025-04-27,14,10:00,123,17,14.7,4,2,30.13,0,2025-04-27 22:00:00,2025-04-28 04:00:00,E,Jarvis St,2,3,4,5
2025-04-27,14,10:00,123,17,14.7,4,2,30.13,0,2025-04-27 22:00:00,2025-04-28 04:00:00,E,Sherbourne St,2,3,4,5
2025-04-27,14,10:00,123,17,14.7,4,2,30.13,0,2025-04-27 22:00:00,2025-04-28 04:00:00,E,St George St,4,1,0,0
2025-04-27,14,10:00,123,17,14.7,4,2,30.13,0,2025-04-27 22:00:00,2025-04-28 04:00:00,E,Dovercourt Rd,4,4,4,4
2025-04-27,14,10:00,123,17,14.7,4,2,30.13,0,2025-04-27 22:00:00,2025-04-28 04:00:00,E,Glenmount Park Rd,3,4,2,0
2025-04-27,14,10:00,123,17,14.7,4,2,30.13,0,2025-04-27 22:00:00,2025-04-28 04:00:00,E,Prust Ave,4,2,0,0
2025-04-27,14,10:00,123,17,14.7,4,2,30.13,0,2025-04-27 22:00:00,2025-04-28 04:00:00,E,Main Street Station at Bay 7,0,0,0,0
2025-04-27,14,10:00,123,17,14.7,4,2,30.13,0,2025-04-27 22:00:00,2025-04-28 04:00:00,E,Norwood Rd,4,4,2,0
2025-04-27,14,10:00,123,17,14.7,4,2,30.13,0,2025-04-27 22:00:00,2025-04-28 04:00:00,E,McCaul St,4,1,0,0
2025-04-27,14,10:00,123,17,14.7,4,2,30.13,0,2025-04-27 22:00:00,2025-04-28 04:00:00,E,Broadview Ave,3,1,2,4
2025-04-27,14,10:00,123,17,14.7,4,2,30.13,0,2025-04-27 22:00:00,2025-04-28 04:00:00,E,Ontario St,1,3,4,5
2025-04-27,14,10:00,123,17,14.7,4,2,30.13,0,2025-04-27 22:00:00,2025-04-28 04:00:00,E,Rusholme Park Cres,0,3,4,4
2025-04-27,14,10:00,123,17,14.7,4,2,30.13,0,2025-04-27 22:00:00,2025-04-28 04:00:00,E,Havelock St,5,2,0,0
2025-04-27,14,10:00,123,17,14.7,4,2,30.13,0,2025-04-27 22:00:00,2025-04-28 04:00:00,E,High Park Loop,0,8,7,8
2025-04-27,14,10:00,123,17,14.7,4,2,30.13,0,2025-04-27 22:00:00,2025-04-28 04:00:00,E,Queens Park (Queen's Park Station),4,1,0,0
2025-04-27,14,10:00,123,17,14.7,4,2,30.13,0,2025-04-27 22:00:00,2025-04-28 04:00:00,E,Roncesvalles Ave,0,3,4,4
2025-04-27,14,10:00,123,17,14.7,4,2,30.13,0,2025-04-27 22:00:00,2025-04-28 04:00:00,E,De Grassi St,4,1,2,4
2025-04-27,14,10:00,123,17,14.7,4,2,30.13,0,2025-04-27 22:00:00,2025-04-28 04:00:00,E,Parliament St at Carlton St,1,3,3,5
2025-04-27,14,10:00,123,17,14.7,4,2,30.13,0,2025-04-27 22:00:00,2025-04-28 04:00:00,E,Parkside Dr East Side,0,4,4,4
2025-04-27,14,10:00,123,17,14.7,4,2,30.13,0,2025-04-27 22:00:00,2025-04-28 04:00:00,E,Dundas St West,2,3,2,5
2025-04-27,14,10:00,123,17,14.7,4,2,30.13,0,2025-04-27 22:00:00,2025-04-28 04:00:00,E,Howard Park Ave at Roncesvalles Ave,0,0,0,0
2025-04-27,14,10:00,123,17,14.7,4,2,30.13,0,2025-04-27 22:00:00,2025-04-28 04:00:00,E,Parliament St,0,0,0,0
2025-04-27,14,10:00,123,17,14.7,4,2,30.13,0,2025-04-27 22:00:00,2025-04-28 04:00:00,E,Parliament St at Gerrard St East,0,0,0,0
2025-04-27,14,10:00,123,17,14.7,4,2,30.13,0,2025-04-27 22:00:00,2025-04-28 04:00:00,E,Sumach St,0,0,0,0
2025-04-27,14,10:00,123,17,14.7,4,2,30.13,0,2025-04-27 22:00:00,2025-04-28 04:00:00,E,Blackburn St,0,0,0,0
2025-04-27,14,10:00,123,17,14.7,4,2,30.13,0,2025-04-27 22:00:00,2025-04-28 04:00:00,E,Logan Ave,0,0,0,0
2025-04-27,14,10:00,123,17,14.7,4,2,30.13,0,2025-04-27 22:00:00,2025-04-28 04:00:00,E,Augusta Ave,0,0,0,0
2025-04-27,14,10:00,123,17,14.7,4,2,30.13,0,2025-04-27 22:00:00,2025-04-28 04:00:00,E,Beverley St,0,0,0,0
2025-04-27,14,10:00,123,17,14.7,4,2,30.13,0,2025-04-27 22:00:00,2025-04-28 04:00:00,E,University Ave (Queen's Park Station,0,0,0,0
2025-04-27,14,10:00,123,17,14.7,4,2,30.13,0,2025-04-27 22:00:00,2025-04-28 04:00:00,E,Elizabeth St,0,0,0,0
2025-04-27,14,10:00,123,17,14.7,4,2,30.13,0,2025-04-27 22:00:00,2025-04-28 04:00:00,E,Greenwood Ave,0,0,0,0
2025-04-27,14,10:00,123,17,14.7,4,2,30.13,0,2025-04-27 22:00:00,2025-04-28 04:00:00,E,Alton Ave,0,0,0,0
2025-04-27,14,10:00,123,17,14.7,4,2,30.13,0,2025-04-27 22:00:00,2025-04-28 04:00:00,E,Coxwell Ave,0,0,0,0
2025-04-27,14,10:00,123,17,14.7,4,2,30.13,0,2025-04-27 22:00:00,2025-04-28 04:00:00,E,Gerrard St East  at Coxwell Ave,0,0,0,0
2025-04-27,14,10:00,123,17,14.7,4,2,30.13,0,2025-04-27 22:00:00,2025-04-28 04:00:00,E,Coxwell Ave at Lower Gerrard St East,0,0,0,0
2025-04-27,14,10:00,123,17,14.7,4,2,30.13,0,2025-04-27 22:00:00,2025-04-28 04:00:00,E,Ashdale Ave,0,0,0,0
2025-04-27,14,10:00,123,17,14.7,4,2,30.13,0,2025-04-27 22:00:00,2025-04-28 04:00:00,E,Howard Park Ave at Indian Rd,0,0,0,0
2025-04-27,14,10:00,123,17,14.7,4,2,30.13,0,2025-04-27 22:00:00,2025-04-28 04:00:00,E,Dundas St West at Howard Park Ave,0,0,0,0
2025-04-27,14,10:00,123,17,14.7,4,2,30.13,0,2025-04-27 22:00:00,2025-04-28 04:00:00,E,Main St at Gerrard St East,0,0,0,0
2025-04-27,14,10:00,123,17,14.7,4,2,30.13,0,2025-04-27 22:00:00,2025-04-28 04:00:00,E,Main St,0,0,0,0
2025-04-27,14,10:00,123,17,14.7,4,2,30.13,0,2025-04-27 22:00:00,2025-04-28 04:00:00,E,Main St at Danforth Ave,0,0,0,0
2025-04-27,14,10:00,123,17,14.7,4,2,30.13,0,2025-04-27 22:00:00,2025-04-28 04:00:00,E,Howard Park Ave at Parkside Dr,0,0,0,0
2025-04-27,14,10:00,123,17,14.7,4,2,30.13,0,2025-04-27 22:00:00,2025-04-28 04:00:00,W,Woodfield Rd,0,0,0,0
2025-04-27,14,10:00,123,17,14.7,4,2,30.13,0,2025-04-27 22:00:00,2025-04-28 04:00:00,W,Coxwell Ave at Gerrard St East,0,0,0,0
2025-04-27,14,10:00,123,17,14.7,4,2,30.13,0,2025-04-27 22:00:00,2025-04-28 04:00:00,W,Euclid Ave,0,0,0,0
2025-04-27,14,10:00,123,17,14.7,4,2,30.13,0,2025-04-27 22:00:00,2025-04-28 04:00:00,W,Bowmore Rd,0,2,3,1
2025-04-27,14,10:00,123,17,14.7,4,2,30.13,0,2025-04-27 22:00:00,2025-04-28 04:00:00,W,Bay St,1,0,0,0
2025-04-27,14,10:00,123,17,14.7,4,2,30.13,0,2025-04-27 22:00:00,2025-04-28 04:00:00,W,Lansdowne Ave,0,0,0,0
2025-04-27,14,10:00,123,17,14.7,4,2,30.13,0,2025-04-27 22:00:00,2025-04-28 04:00:00,W,Indian Rd,5,3,4,3
2025-04-27,14,10:00,123,17,14.7,4,2,30.13,0,2025-04-27 22:00:00,2025-04-28 04:00:00,W,Grace St,0,0,0,0
2025-04-27,14,10:00,123,17,14.7,4,2,30.13,0,2025-04-27 22:00:00,2025-04-28 04:00:00,W,Dufferin St,4,2,4,4
2025-04-27,14,10:00,123,17,14.7,4,2,30.13,0,2025-04-27 22:00:00,2025-04-28 04:00:00,W,Gerrard St East at Beaton Ave,1,2,3,1
2025-04-27,14,10:00,123,17,14.7,4,2,30.13,0,2025-04-27 22:00:00,2025-04-28 04:00:00,W,Bathurst St,0,0,0,0
2025-04-27,14,10:00,123,17,14.7,4,2,30.13,0,2025-04-27 22:00:00,2025-04-28 04:00:00,W,Yonge St - College Station,0,0,0,0
2025-04-27,14,10:00,123,17,14.7,4,2,30.13,0,2025-04-27 22:00:00,2025-04-28 04:00:00,W,Dundas St West at Sterling Rd,0,0,0,0
2025-04-27,14,10:00,123,17,14.7,4,2,30.13,0,2025-04-27 22:00:00,2025-04-28 04:00:00,W,Brock Ave,0,0,0,0
2025-04-27,14,10:00,123,17,14.7,4,2,30.13,0,2025-04-27 22:00:00,2025-04-28 04:00:00,W,Sackville St,2,3,4,3
2025-04-27,14,10:00,123,17,14.7,4,2,30.13,0,2025-04-27 22:00:00,2025-04-28 04:00:00,W,Carlaw Ave,0,0,0,0
2025-04-27,14,10:00,123,17,14.7,4,2,30.13,0,2025-04-27 22:00:00,2025-04-28 04:00:00,W,Borden St,0,0,0,0
2025-04-27,14,10:00,123,17,14.7,4,2,30.13,0,2025-04-27 22:00:00,2025-04-28 04:00:00,W,Dundas St West at Sorauren Ave,2,3,3,3
2025-04-27,14,10:00,123,17,14.7,4,2,30.13,0,2025-04-27 22:00:00,2025-04-28 04:00:00,W,Crawford St,0,0,0,0
2025-04-27,14,10:00,123,17,14.7,4,2,30.13,0,2025-04-27 22:00:00,2025-04-28 04:00:00,W,Pape Ave,0,0,0,0
2025-04-27,14,10:00,123,17,14.7,4,2,30.13,0,2025-04-27 22:00:00,2025-04-28 04:00:00,W,Spadina Ave,1,1,4,1
2025-04-27,14,10:00,123,17,14.7,4,2,30.13,0,2025-04-27 22:00:00,2025-04-28 04:00:00,W,River St,1,3,4,3
2025-04-27,14,10:00,123,17,14.7,4,2,30.13,0,2025-04-27 22:00:00,2025-04-28 04:00:00,W,Marjory Ave,0,0,0,0
2025-04-27,14,10:00,123,17,14.7,4,2,30.13,0,2025-04-27 22:00:00,2025-04-28 04:00:00,W,Kingsmount Park Rd,0,0,0,0
2025-04-27,14,10:00,123,17,14.7,4,2,30.13,0,2025-04-27 22:00:00,2025-04-28 04:00:00,W,Church St,0,0,0,0
2025-04-27,14,10:00,123,17,14.7,4,2,30.13,0,2025-04-27 22:00:00,2025-04-28 04:00:00,W,Ossington Ave,0,0,0,0
2025-04-27,14,10:00,123,17,14.7,4,2,30.13,0,2025-04-27 22:00:00,2025-04-28 04:00:00,W,Woodbine Ave,0,0,0,0
2025-04-27,14,10:00,123,17,14.7,4,2,30.13,0,2025-04-27 22:00:00,2025-04-28 04:00:00,W,Jones Ave,0,0,0,0
2025-04-27,14,10:00,123,17,14.7,4,2,30.13,0,2025-04-27 22:00:00,2025-04-28 04:00:00,W,Golfview Ave,0,0,0,0
2025-04-27,14,10:00,123,17,14.7,4,2,30.13,0,2025-04-27 22:00:00,2025-04-28 04:00:00,W,Leslie St,0,0,0,0
2025-04-27,14,10:00,123,17,14.7,4,2,30.13,0,2025-04-27 22:00:00,2025-04-28 04:00:00,W,St Matthews Rd,0,0,0,0
2025-04-27,14,10:00,123,17,14.7,4,2,30.13,0,2025-04-27 22:00:00,2025-04-28 04:00:00,W,Jarvis St,0,0,0,0
2025-04-27,14,10:00,123,17,14.7,4,2,30.13,0,2025-04-27 22:00:00,2025-04-28 04:00:00,W,Sherbourne St,0,0,0,0
2025-04-27,14,10:00,123,17,14.7,4,2,30.13,0,2025-04-27 22:00:00,2025-04-28 04:00:00,W,St George St,0,0,0,0
2025-04-27,14,10:00,123,17,14.7,4,2,30.13,0,2025-04-27 22:00:00,2025-04-28 04:00:00,W,Dovercourt Rd,0,0,0,0
2025-04-27,14,10:00,123,17,14.7,4,2,30.13,0,2025-04-27 22:00:00,2025-04-28 04:00:00,W,Glenmount Park Rd,0,0,0,0
2025-04-27,14,10:00,123,17,14.7,4,2,30.13,0,2025-04-27 22:00:00,2025-04-28 04:00:00,W,Prust Ave,0,0,0,0
2025-04-27,14,10:00,123,17,14.7,4,2,30.13,0,2025-04-27 22:00:00,2025-04-28 04:00:00,W,Main Street Station at Bay 7,0,2,4,1
2025-04-27,14,10:00,123,17,14.7,4,2,30.13,0,2025-04-27 22:00:00,2025-04-28 04:00:00,W,Norwood Rd,0,0,0,0
2025-04-27,14,10:00,123,17,14.7,4,2,30.13,0,2025-04-27 22:00:00,2025-04-28 04:00:00,W,McCaul St,0,0,0,0
2025-04-27,14,10:00,123,17,14.7,4,2,30.13,0,2025-04-27 22:00:00,2025-04-28 04:00:00,W,Broadview Ave,0,0,0,0
2025-04-27,14,10:00,123,17,14.7,4,2,30.13,0,2025-04-27 22:00:00,2025-04-28 04:00:00,W,Ontario St,0,0,0,0
2025-04-27,14,10:00,123,17,14.7,4,2,30.13,0,2025-04-27 22:00:00,2025-04-28 04:00:00,W,Rusholme Park Cres,0,0,0,0
2025-04-27,14,10:00,123,17,14.7,4,2,30.13,0,2025-04-27 22:00:00,2025-04-28 04:00:00,W,Havelock St,0,0,0,0
2025-04-27,14,10:00,123,17,14.7,4,2,30.13,0,2025-04-27 22:00:00,2025-04-28 04:00:00,W,High Park Loop,0,0,0,0
2025-04-27,14,10:00,123,17,14.7,4,2,30.13,0,2025-04-27 22:00:00,2025-04-28 04:00:00,W,Queens Park (Queen's Park Station),0,0,0,0
2025-04-27,14,10:00,123,17,14.7,4,2,30.13,0,2025-04-27 22:00:00,2025-04-28 04:00:00,W,Roncesvalles Ave,4,3,4,3
2025-04-27,14,10:00,123,17,14.7,4,2,30.13,0,2025-04-27 22:00:00,2025-04-28 04:00:00,W,De Grassi St,0,0,0,0
2025-04-27,14,10:00,123,17,14.7,4,2,30.13,0,2025-04-27 22:00:00,2025-04-28 04:00:00,W,Parliament St at Carlton St,0,0,0,0
2025-04-27,14,10:00,123,17,14.7,4,2,30.13,0,2025-04-27 22:00:00,2025-04-28 04:00:00,W,Parkside Dr East Side,0,0,0,0
2025-04-27,14,10:00,123,17,14.7,4,2,30.13,0,2025-04-27 22:00:00,2025-04-28 04:00:00,W,Dundas St West,3,3,4,3
2025-04-27,14,10:00,123,17,14.7,4,2,30.13,0,2025-04-27 22:00:00,2025-04-28 04:00:00,W,Howard Park Ave at Roncesvalles Ave,0,0,0,0
2025-04-27,14,10:00,123,17,14.7,4,2,30.13,0,2025-04-27 22:00:00,2025-04-28 04:00:00,W,Parliament St,0,0,0,0
2025-04-27,14,10:00,123,17,14.7,4,2,30.13,0,2025-04-27 22:00:00,2025-04-28 04:00:00,W,Parliament St at Gerrard St East,0,0,0,0
2025-04-27,14,10:00,123,17,14.7,4,2,30.13,0,2025-04-27 22:00:00,2025-04-28 04:00:00,W,Sumach St,0,0,0,0
2025-04-27,14,10:00,123,17,14.7,4,2,30.13,0,2025-04-27 22:00:00,2025-04-28 04:00:00,W,Blackburn St,0,0,0,0
2025-04-27,14,10:00,123,17,14.7,4,2,30.13,0,2025-04-27 22:00:00,2025-04-28 04:00:00,W,Logan Ave,0,0,0,0
2025-04-27,14,10:00,123,17,14.7,4,2,30.13,0,2025-04-27 22:00:00,2025-04-28 04:00:00,W,Augusta Ave,0,0,0,0
2025-04-27,14,10:00,123,17,14.7,4,2,30.13,0,2025-04-27 22:00:00,2025-04-28 04:00:00,W,Beverley St,0,0,0,0
2025-04-27,14,10:00,123,17,14.7,4,2,30.13,0,2025-04-27 22:00:00,2025-04-28 04:00:00,W,University Ave (Queen's Park Station,0,0,0,0
2025-04-27,14,10:00,123,17,14.7,4,2,30.13,0,2025-04-27 22:00:00,2025-04-28 04:00:00,W,Elizabeth St,0,0,0,0
2025-04-27,14,10:00,123,17,14.7,4,2,30.13,0,2025-04-27 22:00:00,2025-04-28 04:00:00,W,Greenwood Ave,0,0,0,0
2025-04-27,14,10:00,123,17,14.7,4,2,30.13,0,2025-04-27 22:00:00,2025-04-28 04:00:00,W,Alton Ave,0,0,0,0
2025-04-27,14,10:00,123,17,14.7,4,2,30.13,0,2025-04-27 22:00:00,2025-04-28 04:00:00,W,Coxwell Ave,0,0,0,0
2025-04-27,14,10:00,123,17,14.7,4,2,30.13,0,2025-04-27 22:00:00,2025-04-28 04:00:00,W,Gerrard St East  at Coxwell Ave,0,0,0,0
2025-04-27,14,10:00,123,17,14.7,4,2,30.13,0,2025-04-27 22:00:00,2025-04-28 04:00:00,W,Coxwell Ave at Lower Gerrard St East,0,0,0,0
2025-04-27,14,10:00,123,17,14.7,4,2,30.13,0,2025-04-27 22:00:00,2025-04-28 04:00:00,W,Ashdale Ave,0,0,0,0
2025-04-27,14,10:00,123,17,14.7,4,2,30.13,0,2025-04-27 22:00:00,2025-04-28 04:00:00,W,Howard Park Ave at Indian Rd,0,0,0,0
2025-04-27,14,10:00,123,17,14.7,4,2,30.13,0,2025-04-27 22:00:00,2025-04-28 04:00:00,W,Dundas St West at Howard Park Ave,0,0,0,0
2025-04-27,14,10:00,123,17,14.7,4,2,30.13,0,2025-04-27 22:00:00,2025-04-28 04:00:00,W,Main St at Gerrard St East,0,0,0,0
2025-04-27,14,10:00,123,17,14.7,4,2,30.13,0,2025-04-27 22:00:00,2025-04-28 04:00:00,W,Main St,0,0,0,0
2025-04-27,14,10:00,123,17,14.7,4,2,30.13,0,2025-04-27 22:00:00,2025-04-28 04:00:00,W,Main St at Danforth Ave,0,0,0,0
2025-04-27,14,10:00,123,17,14.7,4,2,30.13,0,2025-04-27 22:00:00,2025-04-28 04:00:00,W,Howard Park Ave at Parkside Dr,0,0,0,0
2025-05-04,14,10:00,123,17,14.7,4,2,30.13,0,2025-05-04 22:00:00,2025-05-05 04:00:00,E,Woodfield Rd,9,2,2,4
2025-05-04,14,10:00,123,17,14.7,4,2,30.13,0,2025-05-04 22:00:00,2025-05-05 04:00:00,E,Coxwell Ave at Gerrard St East,0,0,0,0
2025-05-04,14,10:00,123,17,14.7,4,2,30.13,0,2025-05-04 22:00:00,2025-05-05 04:00:00,E,Euclid Ave,3,1,1,3
2025-05-04,14,10:00,123,17,14.7,4,2,30.13,0,2025-05-04 22:00:00,2025-05-05 04:00:00,E,Bowmore Rd,4,3,1,1
2025-05-04,14,10:00,123,17,14.7,4,2,30.13,0,2025-05-04 22:00:00,2025-05-05 04:00:00,E,Bay St,6,1,2,3
2025-05-04,14,10:00,123,17,14.7,4,2,30.13,0,2025-05-04 22:00:00,2025-05-05 04:00:00,E,Lansdowne Ave,5,5,3,3
2025-05-04,14,10:00,123,17,14.7,4,2,30.13,0,2025-05-04 22:00:00,2025-05-05 04:00:00,E,Indian Rd,0,2,1,2
2025-05-04,14,10:00,123,17,14.7,4,2,30.13,0,2025-05-04 22:00:00,2025-05-05 04:00:00,E,Grace St,4,3,2,5
2025-05-04,14,10:00,123,17,14.7,4,2,30.13,0,2025-05-04 22:00:00,2025-05-05 04:00:00,E,Dufferin St,10,2,2,4
2025-05-04,14,10:00,123,17,14.7,4,2,30.13,0,2025-05-04 22:00:00,2025-05-05 04:00:00,E,Gerrard St East at Beaton Ave,4,3,2,0
2025-05-04,14,10:00,123,17,14.7,4,2,30.13,0,2025-05-04 22:00:00,2025-05-05 04:00:00,E,Bathurst St,5,1,1,3
2025-05-04,14,10:00,123,17,14.7,4,2,30.13,0,2025-05-04 22:00:00,2025-05-05 04:00:00,E,Yonge St - College Station,5,1,2,3
2025-05-04,14,10:00,123,17,14.7,4,2,30.13,0,2025-05-04 22:00:00,2025-05-05 04:00:00,E,Dundas St West at Sterling Rd,2,1,2,2
2025-05-04,14,10:00,123,17,14.7,4,2,30.13,0,2025-05-04 22:00:00,2025-05-05 04:00:00,E,Brock Ave,5,4,3,3
2025-05-04,14,10:00,123,17,14.7,4,2,30.13,0,2025-05-04 22:00:00,2025-05-05 04:00:00,E,Sackville St,3,1,1,3
2025-05-04,14,10:00,123,17,14.7,4,2,30.13,0,2025-05-04 22:00:00,2025-05-05 04:00:00,E,Carlaw Ave,5,1,2,3
2025-05-04,14,10:00,123,17,14.7,4,2,30.13,0,2025-05-04 22:00:00,2025-05-05 04:00:00,E,Borden St,4,1,1,3
2025-05-04,14,10:00,123,17,14.7,4,2,30.13,0,2025-05-04 22:00:00,2025-05-05 04:00:00,E,Dundas St West at Sorauren Ave,2,1,2,2
2025-05-04,14,10:00,123,17,14.7,4,2,30.13,0,2025-05-04 22:00:00,2025-05-05 04:00:00,E,Crawford St,4,3,2,5
2025-05-04,14,10:00,123,17,14.7,4,2,30.13,0,2025-05-04 22:00:00,2025-05-05 04:00:00,E,Pape Ave,5,1,2,3
2025-05-04,14,10:00,123,17,14.7,4,2,30.13,0,2025-05-04 22:00:00,2025-05-05 04:00:00,E,Spadina Ave,5,1,1,3
2025-05-04,14,10:00,123,17,14.7,4,2,30.13,0,2025-05-04 22:00:00,2025-05-05 04:00:00,E,River St,3,1,0,3
2025-05-04,14,10:00,123,17,14.7,4,2,30.13,0,2025-05-04 22:00:00,2025-05-05 04:00:00,E,Marjory Ave,5,1,1,4
2025-05-04,14,10:00,123,17,14.7,4,2,30.13,0,2025-05-04 22:00:00,2025-05-05 04:00:00,E,Kingsmount Park Rd,4,4,1,1
2025-05-04,14,10:00,123,17,14.7,4,2,30.13,0,2025-05-04 22:00:00,2025-05-05 04:00:00,E,Church St,0,0,0,0
2025-05-04,14,10:00,123,17,14.7,4,2,30.13,0,2025-05-04 22:00:00,2025-05-05 04:00:00,E,Ossington Ave,7,2,2,5
2025-05-04,14,10:00,123,17,14.7,4,2,30.13,0,2025-05-04 22:00:00,2025-05-05 04:00:00,E,Woodbine Ave,4,4,1,1
2025-05-04,14,10:00,123,17,14.7,4,2,30.13,0,2025-05-04 22:00:00,2025-05-05 04:00:00,E,Jones Ave,5,1,1,4
2025-05-04,14,10:00,123,17,14.7,4,2,30.13,0,2025-05-04 22:00:00,2025-05-05 04:00:00,E,Golfview Ave,4,4,1,1
2025-05-04,14,10:00,123,17,14.7,4,2,30.13,0,2025-05-04 22:00:00,2025-05-05 04:00:00,E,Leslie St,7,1,1,4
2025-05-04,14,10:00,123,17,14.7,4,2,30.13,0,2025-05-04 22:00:00,2025-05-05 04:00:00,E,St Matthews Rd,4,1,0,3
2025-05-04,14,10:00,123,17,14.7,4,2,30.13,0,2025-05-04 22:00:00,2025-05-05 04:00:00,E,Jarvis St,2,1,1,3
2025-05-04,14,10:00,123,17,14.7,4,2,30.13,0,2025-05-04 22:00:00,2025-05-05 04:00:00,E,Sherbourne St,2,1,1,3
2025-05-04,14,10:00,123,17,14.7,4,2,30.13,0,2025-05-04 22:00:00,2025-05-05 04:00:00,E,St George St,6,1,1,3
2025-05-04,14,10:00,123,17,14.7,4,2,30.13,0,2025-05-04 22:00:00,2025-05-05 04:00:00,E,Dovercourt Rd,7,2,3,5
2025-05-04,14,10:00,123,17,14.7,4,2,30.13,0,2025-05-04 22:00:00,2025-05-05 04:00:00,E,Glenmount Park Rd,4,4,1,1
2025-05-04,14,10:00,123,17,14.7,4,2,30.13,0,2025-05-04 22:00:00,2025-05-05 04:00:00,E,Prust Ave,7,2,1,4
2025-05-04,14,10:00,123,17,14.7,4,2,30.13,0,2025-05-04 22:00:00,2025-05-05 04:00:00,E,Main Street Station at Bay 7,0,0,0,0
2025-05-04,14,10:00,123,17,14.7,4,2,30.13,0,2025-05-04 22:00:00,2025-05-05 04:00:00,E,Norwood Rd,4,4,1,1
2025-05-04,14,10:00,123,17,14.7,4,2,30.13,0,2025-05-04 22:00:00,2025-05-05 04:00:00,E,McCaul St,6,1,1,3
2025-05-04,14,10:00,123,17,14.7,4,2,30.13,0,2025-05-04 22:00:00,2025-05-05 04:00:00,E,Broadview Ave,4,1,1,3
2025-05-04,14,10:00,123,17,14.7,4,2,30.13,0,2025-05-04 22:00:00,2025-05-05 04:00:00,E,Ontario St,2,1,1,3
2025-05-04,14,10:00,123,17,14.7,4,2,30.13,0,2025-05-04 22:00:00,2025-05-05 04:00:00,E,Rusholme Park Cres,1,1,2,2
2025-05-04,14,10:00,123,17,14.7,4,2,30.13,0,2025-05-04 22:00:00,2025-05-05 04:00:00,E,Havelock St,7,2,1,4
2025-05-04,14,10:00,123,17,14.7,4,2,30.13,0,2025-05-04 22:00:00,2025-05-05 04:00:00,E,High Park Loop,0,1,2,4
2025-05-04,14,10:00,123,17,14.7,4,2,30.13,0,2025-05-04 22:00:00,2025-05-05 04:00:00,E,Queens Park (Queen's Park Station),5,1,1,3
2025-05-04,14,10:00,123,17,14.7,4,2,30.13,0,2025-05-04 22:00:00,2025-05-05 04:00:00,E,Roncesvalles Ave,1,1,2,2
2025-05-04,14,10:00,123,17,14.7,4,2,30.13,0,2025-05-04 22:00:00,2025-05-05 04:00:00,E,De Grassi St,5,1,1,3
2025-05-04,14,10:00,123,17,14.7,4,2,30.13,0,2025-05-04 22:00:00,2025-05-05 04:00:00,E,Parliament St at Carlton St,3,1,1,3
2025-05-04,14,10:00,123,17,14.7,4,2,30.13,0,2025-05-04 22:00:00,2025-05-05 04:00:00,E,Parkside Dr East Side,0,1,0,2
2025-05-04,14,10:00,123,17,14.7,4,2,30.13,0,2025-05-04 22:00:00,2025-05-05 04:00:00,E,Dundas St West,2,1,1,3
2025-05-04,14,10:00,123,17,14.7,4,2,30.13,0,2025-05-04 22:00:00,2025-05-05 04:00:00,E,Howard Park Ave at Roncesvalles Ave,0,0,0,0
2025-05-04,14,10:00,123,17,14.7,4,2,30.13,0,2025-05-04 22:00:00,2025-05-05 04:00:00,E,Parliament St,0,0,0,0
2025-05-04,14,10:00,123,17,14.7,4,2,30.13,0,2025-05-04 22:00:00,2025-05-05 04:00:00,E,Parliament St at Gerrard St East,0,0,0,0
2025-05-04,14,10:00,123,17,14.7,4,2,30.13,0,2025-05-04 22:00:00,2025-05-05 04:00:00,E,Sumach St,0,0,0,0
2025-05-04,14,10:00,123,17,14.7,4,2,30.13,0,2025-05-04 22:00:00,2025-05-05 04:00:00,E,Blackburn St,0,0,0,0
2025-05-04,14,10:00,123,17,14.7,4,2,30.13,0,2025-05-04 22:00:00,2025-05-05 04:00:00,E,Logan Ave,0,0,0,0
2025-05-04,14,10:00,123,17,14.7,4,2,30.13,0,2025-05-04 22:00:00,2025-05-05 04:00:00,E,Augusta Ave,0,0,0,0
2025-05-04,14,10:00,123,17,14.7,4,2,30.13,0,2025-05-04 22:00:00,2025-05-05 04:00:00,E,Beverley St,0,0,0,0
2025-05-04,14,10:00,123,17,14.7,4,2,30.13,0,2025-05-04 22:00:00,2025-05-05 04:00:00,E,University Ave (Queen's Park Station,0,0,0,0
2025-05-04,14,10:00,123,17,14.7,4,2,30.13,0,2025-05-04 22:00:00,2025-05-05 04:00:00,E,Elizabeth St,0,0,0,0
2025-05-04,14,10:00,123,17,14.7,4,2,30.13,0,2025-05-04 22:00:00,2025-05-05 04:00:00,E,Greenwood Ave,0,0,0,0
2025-05-04,14,10:00,123,17,14.7,4,2,30.13,0,2025-05-04 22:00:00,2025-05-05 04:00:00,E,Alton Ave,0,0,0,0
2025-05-04,14,10:00,123,17,14.7,4,2,30.13,0,2025-05-04 22:00:00,2025-05-05 04:00:00,E,Coxwell Ave,0,0,0,0
2025-05-04,14,10:00,123,17,14.7,4,2,30.13,0,2025-05-04 22:00:00,2025-05-05 04:00:00,E,Gerrard St East  at Coxwell Ave,0,0,0,0
2025-05-04,14,10:00,123,17,14.7,4,2,30.13,0,2025-05-04 22:00:00,2025-05-05 04:00:00,E,Coxwell Ave at Lower Gerrard St East,0,0,0,0
2025-05-04,14,10:00,123,17,14.7,4,2,30.13,0,2025-05-04 22:00:00,2025-05-05 04:00:00,E,Ashdale Ave,0,0,0,0
2025-05-04,14,10:00,123,17,14.7,4,2,30.13,0,2025-05-04 22:00:00,2025-05-05 04:00:00,E,Howard Park Ave at Indian Rd,0,0,0,0
2025-05-04,14,10:00,123,17,14.7,4,2,30.13,0,2025-05-04 22:00:00,2025-05-05 04:00:00,E,Dundas St West at Howard Park Ave,0,0,0,0
2025-05-04,14,10:00,123,17,14.7,4,2,30.13,0,2025-05-04 22:00:00,2025-05-05 04:00:00,E,Main St at Gerrard St East,0,0,0,0
2025-05-04,14,10:00,123,17,14.7,4,2,30.13,0,2025-05-04 22:00:00,2025-05-05 04:00:00,E,Main St,0,0,0,0
2025-05-04,14,10:00,123,17,14.7,4,2,30.13,0,2025-05-04 22:00:00,2025-05-05 04:00:00,E,Main St at Danforth Ave,0,0,0,0
2025-05-04,14,10:00,123,17,14.7,4,2,30.13,0,2025-05-04 22:00:00,2025-05-05 04:00:00,E,Howard Park Ave at Parkside Dr,0,0,0,0
2025-05-04,14,10:00,123,17,14.7,4,2,30.13,0,2025-05-04 22:00:00,2025-05-05 04:00:00,W,Woodfield Rd,1,2,4,0
2025-05-04,14,10:00,123,17,14.7,4,2,30.13,0,2025-05-04 22:00:00,2025-05-05 04:00:00,W,Coxwell Ave at Gerrard St East,1,2,4,0
2025-05-04,14,10:00,123,17,14.7,4,2,30.13,0,2025-05-04 22:00:00,2025-05-05 04:00:00,W,Euclid Ave,0,0,0,0
2025-05-04,14,10:00,123,17,14.7,4,2,30.13,0,2025-05-04 22:00:00,2025-05-05 04:00:00,W,Bowmore Rd,0,3,2,0
2025-05-04,14,10:00,123,17,14.7,4,2,30.13,0,2025-05-04 22:00:00,2025-05-05 04:00:00,W,Bay St,1,2,4,0
2025-05-04,14,10:00,123,17,14.7,4,2,30.13,0,2025-05-04 22:00:00,2025-05-05 04:00:00,W,Lansdowne Ave,0,0,0,0
2025-05-04,14,10:00,123,17,14.7,4,2,30.13,0,2025-05-04 22:00:00,2025-05-05 04:00:00,W,Indian Rd,6,1,3,2
2025-05-04,14,10:00,123,17,14.7,4,2,30.13,0,2025-05-04 22:00:00,2025-05-05 04:00:00,W,Grace St,0,0,0,0
2025-05-04,14,10:00,123,17,14.7,4,2,30.13,0,2025-05-04 22:00:00,2025-05-05 04:00:00,W,Dufferin St,2,1,4,1
2025-05-04,14,10:00,123,17,14.7,4,2,30.13,0,2025-05-04 22:00:00,2025-05-05 04:00:00,W,Gerrard St East at Beaton Ave,2,2,3,0
2025-05-04,14,10:00,123,17,14.7,4,2,30.13,0,2025-05-04 22:00:00,2025-05-05 04:00:00,W,Bathurst St,0,0,0,0
2025-05-04,14,10:00,123,17,14.7,4,2,30.13,0,2025-05-04 22:00:00,2025-05-05 04:00:00,W,Yonge St - College Station,0,0,0,0
2025-05-04,14,10:00,123,17,14.7,4,2,30.13,0,2025-05-04 22:00:00,2025-05-05 04:00:00,W,Dundas St West at Sterling Rd,0,0,0,0
2025-05-04,14,10:00,123,17,14.7,4,2,30.13,0,2025-05-04 22:00:00,2025-05-05 04:00:00,W,Brock Ave,0,0,0,0
2025-05-04,14,10:00,123,17,14.7,4,2,30.13,0,2025-05-04 22:00:00,2025-05-05 04:00:00,W,Sackville St,2,2,4,0
2025-05-04,14,10:00,123,17,14.7,4,2,30.13,0,2025-05-04 22:00:00,2025-05-05 04:00:00,W,Carlaw Ave,0,0,0,0
2025-05-04,14,10:00,123,17,14.7,4,2,30.13,0,2025-05-04 22:00:00,2025-05-05 04:00:00,W,Borden St,0,0,0,0
2025-05-04,14,10:00,123,17,14.7,4,2,30.13,0,2025-05-04 22:00:00,2025-05-05 04:00:00,W,Dundas St West at Sorauren Ave,3,1,3,1
2025-05-04,14,10:00,123,17,14.7,4,2,30.13,0,2025-05-04 22:00:00,2025-05-05 04:00:00,W,Crawford St,0,0,0,0
2025-05-04,14,10:00,123,17,14.7,4,2,30.13,0,2025-05-04 22:00:00,2025-05-05 04:00:00,W,Pape Ave,0,0,0,0
2025-05-04,14,10:00,123,17,14.7,4,2,30.13,0,2025-05-04 22:00:00,2025-05-05 04:00:00,W,Spadina Ave,1,2,4,0
2025-05-04,14,10:00,123,17,14.7,4,2,30.13,0,2025-05-04 22:00:00,2025-05-05 04:00:00,W,River St,2,1,4,0
2025-05-04,14,10:00,123,17,14.7,4,2,30.13,0,2025-05-04 22:00:00,2025-05-05 04:00:00,W,Marjory Ave,0,0,0,0
2025-05-04,14,10:00,123,17,14.7,4,2,30.13,0,2025-05-04 22:00:00,2025-05-05 04:00:00,W,Kingsmount Park Rd,0,0,0,0
2025-05-04,14,10:00,123,17,14.7,4,2,30.13,0,2025-05-04 22:00:00,2025-05-05 04:00:00,W,Church St,0,0,0,0
2025-05-04,14,10:00,123,17,14.7,4,2,30.13,0,2025-05-04 22:00:00,2025-05-05 04:00:00,W,Ossington Ave,0,0,0,0
2025-05-04,14,10:00,123,17,14.7,4,2,30.13,0,2025-05-04 22:00:00,2025-05-05 04:00:00,W,Woodbine Ave,0,0,0,0
2025-05-04,14,10:00,123,17,14.7,4,2,30.13,0,2025-05-04 22:00:00,2025-05-05 04:00:00,W,Jones Ave,0,0,0,0
2025-05-04,14,10:00,123,17,14.7,4,2,30.13,0,2025-05-04 22:00:00,2025-05-05 04:00:00,W,Golfview Ave,0,0,0,0
2025-05-04,14,10:00,123,17,14.7,4,2,30.13,0,2025-05-04 22:00:00,2025-05-05 04:00:00,W,Leslie St,0,0,0,0
2025-05-04,14,10:00,123,17,14.7,4,2,30.13,0,2025-05-04 22:00:00,2025-05-05 04:00:00,W,St Matthews Rd,0,0,0,0
2025-05-04,14,10:00,123,17,14.7,4,2,30.13,0,2025-05-04 22:00:00,2025-05-05 04:00:00,W,Jarvis St,0,0,0,0
2025-05-04,14,10:00,123,17,14.7,4,2,30.13,0,2025-05-04 22:00:00,2025-05-05 04:00:00,W,Sherbourne St,0,0,0,0
2025-05-04,14,10:00,123,17,14.7,4,2,30.13,0,2025-05-04 22:00:00,2025-05-05 04:00:00,W,St George St,0,0,0,0
2025-05-04,14,10:00,123,17,14.7,4,2,30.13,0,2025-05-04 22:00:00,2025-05-05 04:00:00,W,Dovercourt Rd,0,0,0,0
2025-05-04,14,10:00,123,17,14.7,4,2,30.13,0,2025-05-04 22:00:00,2025-05-05 04:00:00,W,Glenmount Park Rd,0,0,0,0
2025-05-04,14,10:00,123,17,14.7,4,2,30.13,0,2025-05-04 22:00:00,2025-05-05 04:00:00,W,Prust Ave,0,0,0,0
2025-05-04,14,10:00,123,17,14.7,4,2,30.13,0,2025-05-04 22:00:00,2025-05-05 04:00:00,W,Main Street Station at Bay 7,0,4,2,0
2025-05-04,14,10:00,123,17,14.7,4,2,30.13,0,2025-05-04 22:00:00,2025-05-05 04:00:00,W,Norwood Rd,0,0,0,0
2025-05-04,14,10:00,123,17,14.7,4,2,30.13,0,2025-05-04 22:00:00,2025-05-05 04:00:00,W,McCaul St,0,0,0,0
2025-05-04,14,10:00,123,17,14.7,4,2,30.13,0,2025-05-04 22:00:00,2025-05-05 04:00:00,W,Broadview Ave,0,0,0,0
2025-05-04,14,10:00,123,17,14.7,4,2,30.13,0,2025-05-04 22:00:00,2025-05-05 04:00:00,W,Ontario St,0,0,0,0
2025-05-04,14,10:00,123,17,14.7,4,2,30.13,0,2025-05-04 22:00:00,2025-05-05 04:00:00,W,Rusholme Park Cres,0,0,0,0
2025-05-04,14,10:00,123,17,14.7,4,2,30.13,0,2025-05-04 22:00:00,2025-05-05 04:00:00,W,Havelock St,0,0,0,0
2025-05-04,14,10:00,123,17,14.7,4,2,30.13,0,2025-05-04 22:00:00,2025-05-05 04:00:00,W,High Park Loop,0,0,0,0
2025-05-04,14,10:00,123,17,14.7,4,2,30.13,0,2025-05-04 22:00:00,2025-05-05 04:00:00,W,Queens Park (Queen's Park Station),0,0,0,0
2025-05-04,14,10:00,123,17,14.7,4,2,30.13,0,2025-05-04 22:00:00,2025-05-05 04:00:00,W,Roncesvalles Ave,3,1,3,2
2025-05-04,14,10:00,123,17,14.7,4,2,30.13,0,2025-05-04 22:00:00,2025-05-05 04:00:00,W,De Grassi St,0,0,0,0
2025-05-04,14,10:00,123,17,14.7,4,2,30.13,0,2025-05-04 22:00:00,2025-05-05 04:00:00,W,Parliament St at Carlton St,0,0,0,0
2025-05-04,14,10:00,123,17,14.7,4,2,30.13,0,2025-05-04 22:00:00,2025-05-05 04:00:00,W,Parkside Dr East Side,0,0,0,0
2025-05-04,14,10:00,123,17,14.7,4,2,30.13,0,2025-05-04 22:00:00,2025-05-05 04:00:00,W,Dundas St West,4,1,3,1
2025-05-04,14,10:00,123,17,14.7,4,2,30.13,0,2025-05-04 22:00:00,2025-05-05 04:00:00,W,Howard Park Ave at Roncesvalles Ave,0,0,0,0
2025-05-04,14,10:00,123,17,14.7,4,2,30.13,0,2025-05-04 22:00:00,2025-05-05 04:00:00,W,Parliament St,0,0,0,0
2025-05-04,14,10:00,123,17,14.7,4,2,30.13,0,2025-05-04 22:00:00,2025-05-05 04:00:00,W,Parliament St at Gerrard St East,0,0,0,0
2025-05-04,14,10:00,123,17,14.7,4,2,30.13,0,2025-05-04 22:00:00,2025-05-05 04:00:00,W,Sumach St,0,0,0,0
2025-05-04,14,10:00,123,17,14.7,4,2,30.13,0,2025-05-04 22:00:00,2025-05-05 04:00:00,W,Blackburn St,0,0,0,0
2025-05-04,14,10:00,123,17,14.7,4,2,30.13,0,2025-05-04 22:00:00,2025-05-05 04:00:00,W,Logan Ave,0,0,0,0
2025-05-04,14,10:00,123,17,14.7,4,2,30.13,0,2025-05-04 22:00:00,2025-05-05 04:00:00,W,Augusta Ave,0,0,0,0
2025-05-04,14,10:00,123,17,14.7,4,2,30.13,0,2025-05-04 22:00:00,2025-05-05 04:00:00,W,Beverley St,0,0,0,0
2025-05-04,14,10:00,123,17,14.7,4,2,30.13,0,2025-05-04 22:00:00,2025-05-05 04:00:00,W,University Ave (Queen's Park Station,0,0,0,0
2025-05-04,14,10:00,123,17,14.7,4,2,30.13,0,2025-05-04 22:00:00,2025-05-05 04:00:00,W,Elizabeth St,0,0,0,0
2025-05-04,14,10:00,123,17,14.7,4,2,30.13,0,2025-05-04 22:00:00,2025-05-05 04:00:00,W,Greenwood Ave,0,0,0,0
2025-05-04,14,10:00,123,17,14.7,4,2,30.13,0,2025-05-04 22:00:00,2025-05-05 04:00:00,W,Alton Ave,0,0,0,0
2025-05-04,14,10:00,123,17,14.7,4,2,30.13,0,2025-05-04 22:00:00,2025-05-05 04:00:00,W,Coxwell Ave,0,0,0,0
2025-05-04,14,10:00,123,17,14.7,4,2,30.13,0,2025-05-04 22:00:00,2025-05-05 04:00:00,W,Gerrard St East  at Coxwell Ave,0,0,0,0
2025-05-04,14,10:00,123,17,14.7,4,2,30.13,0,2025-05-04 22:00:00,2025-05-05 04:00:00,W,Coxwell Ave at Lower Gerrard St East,0,0,0,0
2025-05-04,14,10:00,123,17,14.7,4,2,30.13,0,2025-05-04 22:00:00,2025-05-05 04:00:00,W,Ashdale Ave,0,0,0,0
2025-05-04,14,10:00,123,17,14.7,4,2,30.13,0,2025-05-04 22:00:00,2025-05-05 04:00:00,W,Howard Park Ave at Indian Rd,0,0,0,0
2025-05-04,14,10:00,123,17,14.7,4,2,30.13,0,2025-05-04 22:00:00,2025-05-05 04:00:00,W,Dundas St West at Howard Park Ave,0,0,0,0
2025-05-04,14,10:00,123,17,14.7,4,2,30.13,0,2025-05-04 22:00:00,2025-05-05 04:00:00,W,Main St at Gerrard St East,0,0,0,0
2025-05-04,14,10:00,123,17,14.7,4,2,30.13,0,2025-05-04 22:00:00,2025-05-05 04:00:00,W,Main St,0,0,0,0
2025-05-04,14,10:00,123,17,14.7,4,2,30.13,0,2025-05-04 22:00:00,2025-05-05 04:00:00,W,Main St at Danforth Ave,0,0,0,0
2025-05-04,14,10:00,123,17,14.7,4,2,30.13,0,2025-05-04 22:00:00,2025-05-05 04:00:00,W,Howard Park Ave at Parkside Dr,0,0,0,0
2025-05-11,14,10:00,123,17,14.7,4,2,30.13,0,2025-05-11 22:00:00,2025-05-12 04:00:00,E,Woodfield Rd,6,2,3,0
2025-05-11,14,10:00,123,17,14.7,4,2,30.13,0,2025-05-11 22:00:00,2025-05-12 04:00:00,E,Coxwell Ave at Gerrard St East,0,0,0,0
2025-05-11,14,10:00,123,17,14.7,4,2,30.13,0,2025-05-11 22:00:00,2025-05-12 04:00:00,E,Euclid Ave,1,2,4,0
2025-05-11,14,10:00,123,17,14.7,4,2,30.13,0,2025-05-11 22:00:00,2025-05-12 04:00:00,E,Bowmore Rd,2,1,1,0
2025-05-11,14,10:00,123,17,14.7,4,2,30.13,0,2025-05-11 22:00:00,2025-05-12 04:00:00,E,Bay St,5,0,2,3
2025-05-11,14,10:00,123,17,14.7,4,2,30.13,0,2025-05-11 22:00:00,2025-05-12 04:00:00,E,Lansdowne Ave,4,2,3,0
2025-05-11,14,10:00,123,17,14.7,4,2,30.13,0,2025-05-11 22:00:00,2025-05-12 04:00:00,E,Indian Rd,1,0,2,0
2025-05-11,14,10:00,123,17,14.7,4,2,30.13,0,2025-05-11 22:00:00,2025-05-12 04:00:00,E,Grace St,3,2,6,0
2025-05-11,14,10:00,123,17,14.7,4,2,30.13,0,2025-05-11 22:00:00,2025-05-12 04:00:00,E,Dufferin St,9,1,3,0
2025-05-11,14,10:00,123,17,14.7,4,2,30.13,0,2025-05-11 22:00:00,2025-05-12 04:00:00,E,Gerrard St East at Beaton Ave,2,1,1,0
2025-05-11,14,10:00,123,17,14.7,4,2,30.13,0,2025-05-11 22:00:00,2025-05-12 04:00:00,E,Bathurst St,1,2,4,0
2025-05-11,14,10:00,123,17,14.7,4,2,30.13,0,2025-05-11 22:00:00,2025-05-12 04:00:00,E,Yonge St - College Station,2,0,2,0
2025-05-11,14,10:00,123,17,14.7,4,2,30.13,0,2025-05-11 22:00:00,2025-05-12 04:00:00,E,Dundas St West at Sterling Rd,2,1,2,0
2025-05-11,14,10:00,123,17,14.7,4,2,30.13,0,2025-05-11 22:00:00,2025-05-12 04:00:00,E,Brock Ave,4,2,2,0
2025-05-11,14,10:00,123,17,14.7,4,2,30.13,0,2025-05-11 22:00:00,2025-05-12 04:00:00,E,Sackville St,2,1,3,1
2025-05-11,14,10:00,123,17,14.7,4,2,30.13,0,2025-05-11 22:00:00,2025-05-12 04:00:00,E,Carlaw Ave,3,0,2,0
2025-05-11,14,10:00,123,17,14.7,4,2,30.13,0,2025-05-11 22:00:00,2025-05-12 04:00:00,E,Borden St,0,2,4,0
2025-05-11,14,10:00,123,17,14.7,4,2,30.13,0,2025-05-11 22:00:00,2025-05-12 04:00:00,E,Dundas St West at Sorauren Ave,2,2,2,0
2025-05-11,14,10:00,123,17,14.7,4,2,30.13,0,2025-05-11 22:00:00,2025-05-12 04:00:00,E,Crawford St,3,2,5,0
2025-05-11,14,10:00,123,17,14.7,4,2,30.13,0,2025-05-11 22:00:00,2025-05-12 04:00:00,E,Pape Ave,3,0,2,0
2025-05-11,14,10:00,123,17,14.7,4,2,30.13,0,2025-05-11 22:00:00,2025-05-12 04:00:00,E,Spadina Ave,2,2,4,0
2025-05-11,14,10:00,123,17,14.7,4,2,30.13,0,2025-05-11 22:00:00,2025-05-12 04:00:00,E,River St,2,2,3,0
2025-05-11,14,10:00,123,17,14.7,4,2,30.13,0,2025-05-11 22:00:00,2025-05-12 04:00:00,E,Marjory Ave,3,0,2,0
2025-05-11,14,10:00,123,17,14.7,4,2,30.13,0,2025-05-11 22:00:00,2025-05-12 04:00:00,E,Kingsmount Park Rd,2,1,1,0
2025-05-11,14,10:00,123,17,14.7,4,2,30.13,0,2025-05-11 22:00:00,2025-05-12 04:00:00,E,Church St,0,0,0,0
2025-05-11,14,10:00,123,17,14.7,4,2,30.13,0,2025-05-11 22:00:00,2025-05-12 04:00:00,E,Ossington Ave,4,1,6,0
2025-05-11,14,10:00,123,17,14.7,4,2,30.13,0,2025-05-11 22:00:00,2025-05-12 04:00:00,E,Woodbine Ave,2,1,1,0
2025-05-11,14,10:00,123,17,14.7,4,2,30.13,0,2025-05-11 22:00:00,2025-05-12 04:00:00,E,Jones Ave,3,1,3,0
2025-05-11,14,10:00,123,17,14.7,4,2,30.13,0,2025-05-11 22:00:00,2025-05-12 04:00:00,E,Golfview Ave,2,1,1,0
2025-05-11,14,10:00,123,17,14.7,4,2,30.13,0,2025-05-11 22:00:00,2025-05-12 04:00:00,E,Leslie St,4,1,3,0
2025-05-11,14,10:00,123,17,14.7,4,2,30.13,0,2025-05-11 22:00:00,2025-05-12 04:00:00,E,St Matthews Rd,2,2,3,0
2025-05-11,14,10:00,123,17,14.7,4,2,30.13,0,2025-05-11 22:00:00,2025-05-12 04:00:00,E,Jarvis St,3,2,2,1
2025-05-11,14,10:00,123,17,14.7,4,2,30.13,0,2025-05-11 22:00:00,2025-05-12 04:00:00,E,Sherbourne St,3,2,2,1
2025-05-11,14,10:00,123,17,14.7,4,2,30.13,0,2025-05-11 22:00:00,2025-05-12 04:00:00,E,St George St,2,2,3,0
2025-05-11,14,10:00,123,17,14.7,4,2,30.13,0,2025-05-11 22:00:00,2025-05-12 04:00:00,E,Dovercourt Rd,4,2,5,0
2025-05-11,14,10:00,123,17,14.7,4,2,30.13,0,2025-05-11 22:00:00,2025-05-12 04:00:00,E,Glenmount Park Rd,2,1,1,0
2025-05-11,14,10:00,123,17,14.7,4,2,30.13,0,2025-05-11 22:00:00,2025-05-12 04:00:00,E,Prust Ave,5,1,4,0
2025-05-11,14,10:00,123,17,14.7,4,2,30.13,0,2025-05-11 22:00:00,2025-05-12 04:00:00,E,Main Street Station at Bay 7,0,0,0,0
2025-05-11,14,10:00,123,17,14.7,4,2,30.13,0,2025-05-11 22:00:00,2025-05-12 04:00:00,E,Norwood Rd,2,1,1,0
2025-05-11,14,10:00,123,17,14.7,4,2,30.13,0,2025-05-11 22:00:00,2025-05-12 04:00:00,E,McCaul St,2,1,3,0
2025-05-11,14,10:00,123,17,14.7,4,2,30.13,0,2025-05-11 22:00:00,2025-05-12 04:00:00,E,Broadview Ave,2,2,3,0
2025-05-11,14,10:00,123,17,14.7,4,2,30.13,0,2025-05-11 22:00:00,2025-05-12 04:00:00,E,Ontario St,2,1,3,1
2025-05-11,14,10:00,123,17,14.7,4,2,30.13,0,2025-05-11 22:00:00,2025-05-12 04:00:00,E,Rusholme Park Cres,2,1,2,0
2025-05-11,14,10:00,123,17,14.7,4,2,30.13,0,2025-05-11 22:00:00,2025-05-12 04:00:00,E,Havelock St,5,1,4,0
2025-05-11,14,10:00,123,17,14.7,4,2,30.13,0,2025-05-11 22:00:00,2025-05-12 04:00:00,E,High Park Loop,0,2,6,0
2025-05-11,14,10:00,123,17,14.7,4,2,30.13,0,2025-05-11 22:00:00,2025-05-12 04:00:00,E,Queens Park (Queen's Park Station),2,1,3,0
2025-05-11,14,10:00,123,17,14.7,4,2,30.13,0,2025-05-11 22:00:00,2025-05-12 04:00:00,E,Roncesvalles Ave,2,1,3,0
2025-05-11,14,10:00,123,17,14.7,4,2,30.13,0,2025-05-11 22:00:00,2025-05-12 04:00:00,E,De Grassi St,2,2,4,0
2025-05-11,14,10:00,123,17,14.7,4,2,30.13,0,2025-05-11 22:00:00,2025-05-12 04:00:00,E,Parliament St at Carlton St,2,2,3,0
2025-05-11,14,10:00,123,17,14.7,4,2,30.13,0,2025-05-11 22:00:00,2025-05-12 04:00:00,E,Parkside Dr East Side,0,1,3,0
2025-05-11,14,10:00,123,17,14.7,4,2,30.13,0,2025-05-11 22:00:00,2025-05-12 04:00:00,E,Dundas St West,2,2,3,0
2025-05-11,14,10:00,123,17,14.7,4,2,30.13,0,2025-05-11 22:00:00,2025-05-12 04:00:00,E,Howard Park Ave at Roncesvalles Ave,0,0,0,0
2025-05-11,14,10:00,123,17,14.7,4,2,30.13,0,2025-05-11 22:00:00,2025-05-12 04:00:00,E,Parliament St,0,0,0,0
2025-05-11,14,10:00,123,17,14.7,4,2,30.13,0,2025-05-11 22:00:00,2025-05-12 04:00:00,E,Parliament St at Gerrard St East,0,0,0,0
2025-05-11,14,10:00,123,17,14.7,4,2,30.13,0,2025-05-11 22:00:00,2025-05-12 04:00:00,E,Sumach St,0,0,0,0
2025-05-11,14,10:00,123,17,14.7,4,2,30.13,0,2025-05-11 22:00:00,2025-05-12 04:00:00,E,Blackburn St,0,0,0,0
2025-05-11,14,10:00,123,17,14.7,4,2,30.13,0,2025-05-11 22:00:00,2025-05-12 04:00:00,E,Logan Ave,0,0,0,0
2025-05-11,14,10:00,123,17,14.7,4,2,30.13,0,2025-05-11 22:00:00,2025-05-12 04:00:00,E,Augusta Ave,0,0,0,0
2025-05-11,14,10:00,123,17,14.7,4,2,30.13,0,2025-05-11 22:00:00,2025-05-12 04:00:00,E,Beverley St,0,0,0,0
2025-05-11,14,10:00,123,17,14.7,4,2,30.13,0,2025-05-11 22:00:00,2025-05-12 04:00:00,E,University Ave (Queen's Park Station,0,0,0,0
2025-05-11,14,10:00,123,17,14.7,4,2,30.13,0,2025-05-11 22:00:00,2025-05-12 04:00:00,E,Elizabeth St,0,0,0,0
2025-05-11,14,10:00,123,17,14.7,4,2,30.13,0,2025-05-11 22:00:00,2025-05-12 04:00:00,E,Greenwood Ave,0,0,0,0
2025-05-11,14,10:00,123,17,14.7,4,2,30.13,0,2025-05-11 22:00:00,2025-05-12 04:00:00,E,Alton Ave,0,0,0,0
2025-05-11,14,10:00,123,17,14.7,4,2,30.13,0,2025-05-11 22:00:00,2025-05-12 04:00:00,E,Coxwell Ave,0,0,0,0
2025-05-11,14,10:00,123,17,14.7,4,2,30.13,0,2025-05-11 22:00:00,2025-05-12 04:00:00,E,Gerrard St East  at Coxwell Ave,0,0,0,0
2025-05-11,14,10:00,123,17,14.7,4,2,30.13,0,2025-05-11 22:00:00,2025-05-12 04:00:00,E,Coxwell Ave at Lower Gerrard St East,0,0,0,0
2025-05-11,14,10:00,123,17,14.7,4,2,30.13,0,2025-05-11 22:00:00,2025-05-12 04:00:00,E,Ashdale Ave,0,0,0,0
2025-05-11,14,10:00,123,17,14.7,4,2,30.13,0,2025-05-11 22:00:00,2025-05-12 04:00:00,E,Howard Park Ave at Indian Rd,0,0,0,0
2025-05-11,14,10:00,123,17,14.7,4,2,30.13,0,2025-05-11 22:00:00,2025-05-12 04:00:00,E,Dundas St West at Howard Park Ave,0,0,0,0
2025-05-11,14,10:00,123,17,14.7,4,2,30.13,0,2025-05-11 22:00:00,2025-05-12 04:00:00,E,Main St at Gerrard St East,0,0,0,0
2025-05-11,14,10:00,123,17,14.7,4,2,30.13,0,2025-05-11 22:00:00,2025-05-12 04:00:00,E,Main St,0,0,0,0
2025-05-11,14,10:00,123,17,14.7,4,2,30.13,0,2025-05-11 22:00:00,2025-05-12 04:00:00,E,Main St at Danforth Ave,0,0,0,0
2025-05-11,14,10:00,123,17,14.7,4,2,30.13,0,2025-05-11 22:00:00,2025-05-12 04:00:00,E,Howard Park Ave at Parkside Dr,0,0,0,0
2025-05-11,14,10:00,123,17,14.7,4,2,30.13,0,2025-05-11 22:00:00,2025-05-12 04:00:00,W,Woodfield Rd,3,0,1,1
2025-05-11,14,10:00,123,17,14.7,4,2,30.13,0,2025-05-11 22:00:00,2025-05-12 04:00:00,W,Coxwell Ave at Gerrard St East,2,1,1,0
2025-05-11,14,10:00,123,17,14.7,4,2,30.13,0,2025-05-11 22:00:00,2025-05-12 04:00:00,W,Euclid Ave,0,0,0,0
2025-05-11,14,10:00,123,17,14.7,4,2,30.13,0,2025-05-11 22:00:00,2025-05-12 04:00:00,W,Bowmore Rd,2,0,1,0
2025-05-11,14,10:00,123,17,14.7,4,2,30.13,0,2025-05-11 22:00:00,2025-05-12 04:00:00,W,Bay St,3,0,1,1
2025-05-11,14,10:00,123,17,14.7,4,2,30.13,0,2025-05-11 22:00:00,2025-05-12 04:00:00,W,Lansdowne Ave,0,0,0,0
2025-05-11,14,10:00,123,17,14.7,4,2,30.13,0,2025-05-11 22:00:00,2025-05-12 04:00:00,W,Indian Rd,3,2,6,0
2025-05-11,14,10:00,123,17,14.7,4,2,30.13,0,2025-05-11 22:00:00,2025-05-12 04:00:00,W,Grace St,0,0,0,0
2025-05-11,14,10:00,123,17,14.7,4,2,30.13,0,2025-05-11 22:00:00,2025-05-12 04:00:00,W,Dufferin St,5,2,5,1
2025-05-11,14,10:00,123,17,14.7,4,2,30.13,0,2025-05-11 22:00:00,2025-05-12 04:00:00,W,Gerrard St East at Beaton Ave,2,0,2,0
2025-05-11,14,10:00,123,17,14.7,4,2,30.13,0,2025-05-11 22:00:00,2025-05-12 04:00:00,W,Bathurst St,0,0,0,0
2025-05-11,14,10:00,123,17,14.7,4,2,30.13,0,2025-05-11 22:00:00,2025-05-12 04:00:00,W,Yonge St - College Station,0,0,0,0
2025-05-11,14,10:00,123,17,14.7,4,2,30.13,0,2025-05-11 22:00:00,2025-05-12 04:00:00,W,Dundas St West at Sterling Rd,0,0,0,0
2025-05-11,14,10:00,123,17,14.7,4,2,30.13,0,2025-05-11 22:00:00,2025-05-12 04:00:00,W,Brock Ave,0,0,0,0
2025-05-11,14,10:00,123,17,14.7,4,2,30.13,0,2025-05-11 22:00:00,2025-05-12 04:00:00,W,Sackville St,5,2,2,1
2025-05-11,14,10:00,123,17,14.7,4,2,30.13,0,2025-05-11 22:00:00,2025-05-12 04:00:00,W,Carlaw Ave,0,0,0,0
2025-05-11,14,10:00,123,17,14.7,4,2,30.13,0,2025-05-11 22:00:00,2025-05-12 04:00:00,W,Borden St,0,0,0,0
2025-05-11,14,10:00,123,17,14.7,4,2,30.13,0,2025-05-11 22:00:00,2025-05-12 04:00:00,W,Dundas St West at Sorauren Ave,3,2,4,0
2025-05-11,14,10:00,123,17,14.7,4,2,30.13,0,2025-05-11 22:00:00,2025-05-12 04:00:00,W,Crawford St,0,0,0,0
2025-05-11,14,10:00,123,17,14.7,4,2,30.13,0,2025-05-11 22:00:00,2025-05-12 04:00:00,W,Pape Ave,0,0,0,0
2025-05-11,14,10:00,123,17,14.7,4,2,30.13,0,2025-05-11 22:00:00,2025-05-12 04:00:00,W,Spadina Ave,4,1,3,1
2025-05-11,14,10:00,123,17,14.7,4,2,30.13,0,2025-05-11 22:00:00,2025-05-12 04:00:00,W,River St,5,1,2,1
2025-05-11,14,10:00,123,17,14.7,4,2,30.13,0,2025-05-11 22:00:00,2025-05-12 04:00:00,W,Marjory Ave,0,0,0,0
2025-05-11,14,10:00,123,17,14.7,4,2,30.13,0,2025-05-11 22:00:00,2025-05-12 04:00:00,W,Kingsmount Park Rd,0,0,0,0
2025-05-11,14,10:00,123,17,14.7,4,2,30.13,0,2025-05-11 22:00:00,2025-05-12 04:00:00,W,Church St,0,0,0,0
2025-05-11,14,10:00,123,17,14.7,4,2,30.13,0,2025-05-11 22:00:00,2025-05-12 04:00:00,W,Ossington Ave,0,0,0,0
2025-05-11,14,10:00,123,17,14.7,4,2,30.13,0,2025-05-11 22:00:00,2025-05-12 04:00:00,W,Woodbine Ave,0,0,0,0
2025-05-11,14,10:00,123,17,14.7,4,2,30.13,0,2025-05-11 22:00:00,2025-05-12 04:00:00,W,Jones Ave,0,0,0,0
2025-05-11,14,10:00,123,17,14.7,4,2,30.13,0,2025-05-11 22:00:00,2025-05-12 04:00:00,W,Golfview Ave,0,0,0,0
2025-05-11,14,10:00,123,17,14.7,4,2,30.13,0,2025-05-11 22:00:00,2025-05-12 04:00:00,W,Leslie St,0,0,0,0
2025-05-11,14,10:00,123,17,14.7,4,2,30.13,0,2025-05-11 22:00:00,2025-05-12 04:00:00,W,St Matthews Rd,0,0,0,0
2025-05-11,14,10:00,123,17,14.7,4,2,30.13,0,2025-05-11 22:00:00,2025-05-12 04:00:00,W,Jarvis St,0,0,0,0
2025-05-11,14,10:00,123,17,14.7,4,2,30.13,0,2025-05-11 22:00:00,2025-05-12 04:00:00,W,Sherbourne St,0,0,0,0
2025-05-11,14,10:00,123,17,14.7,4,2,30.13,0,2025-05-11 22:00:00,2025-05-12 04:00:00,W,St George St,0,0,0,0
2025-05-11,14,10:00,123,17,14.7,4,2,30.13,0,2025-05-11 22:00:00,2025-05-12 04:00:00,W,Dovercourt Rd,0,0,0,0
2025-05-11,14,10:00,123,17,14.7,4,2,30.13,0,2025-05-11 22:00:00,2025-05-12 04:00:00,W,Glenmount Park Rd,0,0,0,0
2025-05-11,14,10:00,123,17,14.7,4,2,30.13,0,2025-05-11 22:00:00,2025-05-12 04:00:00,W,Prust Ave,0,0,0,0
2025-05-11,14,10:00,123,17,14.7,4,2,30.13,0,2025-05-11 22:00:00,2025-05-12 04:00:00,W,Main Street Station at Bay 7,2,0,1,0
2025-05-11,14,10:00,123,17,14.7,4,2,30.13,0,2025-05-11 22:00:00,2025-05-12 04:00:00,W,Norwood Rd,0,0,0,0
2025-05-11,14,10:00,123,17,14.7,4,2,30.13,0,2025-05-11 22:00:00,2025-05-12 04:00:00,W,McCaul St,0,0,0,0
2025-05-11,14,10:00,123,17,14.7,4,2,30.13,0,2025-05-11 22:00:00,2025-05-12 04:00:00,W,Broadview Ave,0,0,0,0
2025-05-11,14,10:00,123,17,14.7,4,2,30.13,0,2025-05-11 22:00:00,2025-05-12 04:00:00,W,Ontario St,0,0,0,0
2025-05-11,14,10:00,123,17,14.7,4,2,30.13,0,2025-05-11 22:00:00,2025-05-12 04:00:00,W,Rusholme Park Cres,0,0,0,0
2025-05-11,14,10:00,123,17,14.7,4,2,30.13,0,2025-05-11 22:00:00,2025-05-12 04:00:00,W,Havelock St,0,0,0,0
2025-05-11,14,10:00,123,17,14.7,4,2,30.13,0,2025-05-11 22:00:00,2025-05-12 04:00:00,W,High Park Loop,0,0,0,0
2025-05-11,14,10:00,123,17,14.7,4,2,30.13,0,2025-05-11 22:00:00,2025-05-12 04:00:00,W,Queens Park (Queen's Park Station),0,0,0,0
2025-05-11,14,10:00,123,17,14.7,4,2,30.13,0,2025-05-11 22:00:00,2025-05-12 04:00:00,W,Roncesvalles Ave,3,3,4,0
2025-05-11,14,10:00,123,17,14.7,4,2,30.13,0,2025-05-11 22:00:00,2025-05-12 04:00:00,W,De Grassi St,0,0,0,0
2025-05-11,14,10:00,123,17,14.7,4,2,30.13,0,2025-05-11 22:00:00,2025-05-12 04:00:00,W,Parliament St at Carlton St,0,0,0,0
2025-05-11,14,10:00,123,17,14.7,4,2,30.13,0,2025-05-11 22:00:00,2025-05-12 04:00:00,W,Parkside Dr East Side,0,0,0,0
2025-05-11,14,10:00,123,17,14.7,4,2,30.13,0,2025-05-11 22:00:00,2025-05-12 04:00:00,W,Dundas St West,3,2,4,0
2025-05-11,14,10:00,123,17,14.7,4,2,30.13,0,2025-05-11 22:00:00,2025-05-12 04:00:00,W,Howard Park Ave at Roncesvalles Ave,0,0,0,0
2025-05-11,14,10:00,123,17,14.7,4,2,30.13,0,2025-05-11 22:00:00,2025-05-12 04:00:00,W,Parliament St,0,0,0,0
2025-05-11,14,10:00,123,17,14.7,4,2,30.13,0,2025-05-11 22:00:00,2025-05-12 04:00:00,W,Parliament St at Gerrard St East,0,0,0,0
2025-05-11,14,10:00,123,17,14.7,4,2,30.13,0,2025-05-11 22:00:00,2025-05-12 04:00:00,W,Sumach St,0,0,0,0
2025-05-11,14,10:00,123,17,14.7,4,2,30.13,0,2025-05-11 22:00:00,2025-05-12 04:00:00,W,Blackburn St,0,0,0,0
2025-05-11,14,10:00,123,17,14.7,4,2,30.13,0,2025-05-11 22:00:00,2025-05-12 04:00:00,W,Logan Ave,0,0,0,0
2025-05-11,14,10:00,123,17,14.7,4,2,30.13,0,2025-05-11 22:00:00,2025-05-12 04:00:00,W,Augusta Ave,0,0,0,0
2025-05-11,14,10:00,123,17,14.7,4,2,30.13,0,2025-05-11 22:00:00,2025-05-12 04:00:00,W,Beverley St,0,0,0,0
2025-05-11,14,10:00,123,17,14.7,4,2,30.13,0,2025-05-11 22:00:00,2025-05-12 04:00:00,W,University Ave (Queen's Park Station,0,0,0,0
2025-05-11,14,10:00,123,17,14.7,4,2,30.13,0,2025-05-11 22:00:00,2025-05-12 04:00:00,W,Elizabeth St,0,0,0,0
2025-05-11,14,10:00,123,17,14.7,4,2,30.13,0,2025-05-11 22:00:00,2025-05-12 04:00:00,W,Greenwood Ave,2,0,2,3
2025-05-11,14,10:00,123,17,14.7,4,2,30.13,0,2025-05-11 22:00:00,2025-05-12 04:00:00,W,Alton Ave,0,0,0,0
2025-05-11,14,10:00,123,17,14.7,4,2,30.13,0,2025-05-11 22:00:00,2025-05-12 04:00:00,W,Coxwell Ave,0,0,0,0
2025-05-11,14,10:00,123,17,14.7,4,2,30.13,0,2025-05-11 22:00:00,2025-05-12 04:00:00,W,Gerrard St East  at Coxwell Ave,2,2,2,3
2025-05-11,14,10:00,123,17,14.7,4,2,30.13,0,2025-05-11 22:00:00,2025-05-12 04:00:00,W,Coxwell Ave at Lower Gerrard St East,1,1,1,2
2025-05-11,14,10:00,123,17,14.7,4,2,30.13,0,2025-05-11 22:00:00,2025-05-12 04:00:00,W,Ashdale Ave,1,0,1,2
2025-05-11,14,10:00,123,17,14.7,4,2,30.13,0,2025-05-11 22:00:00,2025-05-12 04:00:00,W,Howard Park Ave at Indian Rd,0,0,0,0
2025-05-11,14,10:00,123,17,14.7,4,2,30.13,0,2025-05-11 22:00:00,2025-05-12 04:00:00,W,Dundas St West at Howard Park Ave,0,0,0,0
2025-05-11,14,10:00,123,17,14.7,4,2,30.13,0,2025-05-11 22:00:00,2025-05-12 04:00:00,W,Main St at Gerrard St East,0,2,2,1
2025-05-11,14,10:00,123,17,14.7,4,2,30.13,0,2025-05-11 22:00:00,2025-05-12 04:00:00,W,Main St,0,0,0,0
2025-05-11,14,10:00,123,17,14.7,4,2,30.13,0,2025-05-11 22:00:00,2025-05-12 04:00:00,W,Main St at Danforth Ave,0,0,0,0
2025-05-11,14,10:00,123,17,14.7,4,2,30.13,0,2025-05-11 22:00:00,2025-05-12 04:00:00,W,Howard Park Ave at Parkside Dr,0,0,0,0
2025-05-18,14,10:00,123,17,14.7,4,2,30.13,0,2025-05-18 22:00:00,2025-05-19 04:00:00,E,Woodfield Rd,5,3,5,1
2025-05-18,14,10:00,123,17,14.7,4,2,30.13,0,2025-05-18 22:00:00,2025-05-19 04:00:00,E,Coxwell Ave at Gerrard St East,0,0,0,0
2025-05-18,14,10:00,123,17,14.7,4,2,30.13,0,2025-05-18 22:00:00,2025-05-19 04:00:00,E,Euclid Ave,0,0,0,0
2025-05-18,14,10:00,123,17,14.7,4,2,30.13,0,2025-05-18 22:00:00,2025-05-19 04:00:00,E,Bowmore Rd,2,3,4,0
2025-05-18,14,10:00,123,17,14.7,4,2,30.13,0,2025-05-18 22:00:00,2025-05-19 04:00:00,E,Bay St,4,0,3,1
2025-05-18,14,10:00,123,17,14.7,4,2,30.13,0,2025-05-18 22:00:00,2025-05-19 04:00:00,E,Lansdowne Ave,4,4,6,1
2025-05-18,14,10:00,123,17,14.7,4,2,30.13,0,2025-05-18 22:00:00,2025-05-19 04:00:00,E,Indian Rd,1,2,2,0
2025-05-18,14,10:00,123,17,14.7,4,2,30.13,0,2025-05-18 22:00:00,2025-05-19 04:00:00,E,Grace St,3,2,4,1
2025-05-18,14,10:00,123,17,14.7,4,2,30.13,0,2025-05-18 22:00:00,2025-05-19 04:00:00,E,Dufferin St,5,3,5,1
2025-05-18,14,10:00,123,17,14.7,4,2,30.13,0,2025-05-18 22:00:00,2025-05-19 04:00:00,E,Gerrard St East at Beaton Ave,2,3,4,0
2025-05-18,14,10:00,123,17,14.7,4,2,30.13,0,2025-05-18 22:00:00,2025-05-19 04:00:00,E,Bathurst St,3,0,3,1
2025-05-18,14,10:00,123,17,14.7,4,2,30.13,0,2025-05-18 22:00:00,2025-05-19 04:00:00,E,Yonge St - College Station,4,1,3,1
2025-05-18,14,10:00,123,17,14.7,4,2,30.13,0,2025-05-18 22:00:00,2025-05-19 04:00:00,E,Dundas St West at Sterling Rd,1,0,2,1
2025-05-18,14,10:00,123,17,14.7,4,2,30.13,0,2025-05-18 22:00:00,2025-05-19 04:00:00,E,Brock Ave,3,3,5,1
2025-05-18,14,10:00,123,17,14.7,4,2,30.13,0,2025-05-18 22:00:00,2025-05-19 04:00:00,E,Sackville St,1,1,2,1
2025-05-18,14,10:00,123,17,14.7,4,2,30.13,0,2025-05-18 22:00:00,2025-05-19 04:00:00,E,Carlaw Ave,4,1,3,1
2025-05-18,14,10:00,123,17,14.7,4,2,30.13,0,2025-05-18 22:00:00,2025-05-19 04:00:00,E,Borden St,4,0,3,1
2025-05-18,14,10:00,123,17,14.7,4,2,30.13,0,2025-05-18 22:00:00,2025-05-19 04:00:00,E,Dundas St West at Sorauren Ave,2,0,2,1
2025-05-18,14,10:00,123,17,14.7,4,2,30.13,0,2025-05-18 22:00:00,2025-05-19 04:00:00,E,Crawford St,4,2,4,1
2025-05-18,14,10:00,123,17,14.7,4,2,30.13,0,2025-05-18 22:00:00,2025-05-19 04:00:00,E,Pape Ave,6,1,3,1
2025-05-18,14,10:00,123,17,14.7,4,2,30.13,0,2025-05-18 22:00:00,2025-05-19 04:00:00,E,Spadina Ave,4,0,2,1
2025-05-18,14,10:00,123,17,14.7,4,2,30.13,0,2025-05-18 22:00:00,2025-05-19 04:00:00,E,River St,2,0,2,1
2025-05-18,14,10:00,123,17,14.7,4,2,30.13,0,2025-05-18 22:00:00,2025-05-19 04:00:00,E,Marjory Ave,6,1,3,1
2025-05-18,14,10:00,123,17,14.7,4,2,30.13,0,2025-05-18 22:00:00,2025-05-19 04:00:00,E,Kingsmount Park Rd,2,3,4,0
2025-05-18,14,10:00,123,17,14.7,4,2,30.13,0,2025-05-18 22:00:00,2025-05-19 04:00:00,E,Church St,0,0,0,0
2025-05-18,14,10:00,123,17,14.7,4,2,30.13,0,2025-05-18 22:00:00,2025-05-19 04:00:00,E,Ossington Ave,5,1,4,1
2025-05-18,14,10:00,123,17,14.7,4,2,30.13,0,2025-05-18 22:00:00,2025-05-19 04:00:00,E,Woodbine Ave,2,3,4,0
2025-05-18,14,10:00,123,17,14.7,4,2,30.13,0,2025-05-18 22:00:00,2025-05-19 04:00:00,E,Jones Ave,6,1,3,1
2025-05-18,14,10:00,123,17,14.7,4,2,30.13,0,2025-05-18 22:00:00,2025-05-19 04:00:00,E,Golfview Ave,2,3,4,0
2025-05-18,14,10:00,123,17,14.7,4,2,30.13,0,2025-05-18 22:00:00,2025-05-19 04:00:00,E,Leslie St,6,1,3,1
2025-05-18,14,10:00,123,17,14.7,4,2,30.13,0,2025-05-18 22:00:00,2025-05-19 04:00:00,E,St Matthews Rd,2,0,2,1
2025-05-18,14,10:00,123,17,14.7,4,2,30.13,0,2025-05-18 22:00:00,2025-05-19 04:00:00,E,Jarvis St,2,1,2,1
2025-05-18,14,10:00,123,17,14.7,4,2,30.13,0,2025-05-18 22:00:00,2025-05-19 04:00:00,E,Sherbourne St,2,1,2,1
2025-05-18,14,10:00,123,17,14.7,4,2,30.13,0,2025-05-18 22:00:00,2025-05-19 04:00:00,E,St George St,4,0,2,1
2025-05-18,14,10:00,123,17,14.7,4,2,30.13,0,2025-05-18 22:00:00,2025-05-19 04:00:00,E,Dovercourt Rd,6,1,4,2
2025-05-18,14,10:00,123,17,14.7,4,2,30.13,0,2025-05-18 22:00:00,2025-05-19 04:00:00,E,Glenmount Park Rd,2,3,4,0
2025-05-18,14,10:00,123,17,14.7,4,2,30.13,0,2025-05-18 22:00:00,2025-05-19 04:00:00,E,Prust Ave,5,2,3,1
2025-05-18,14,10:00,123,17,14.7,4,2,30.13,0,2025-05-18 22:00:00,2025-05-19 04:00:00,E,Main Street Station at Bay 7,0,0,0,0
2025-05-18,14,10:00,123,17,14.7,4,2,30.13,0,2025-05-18 22:00:00,2025-05-19 04:00:00,E,Norwood Rd,2,3,4,0
2025-05-18,14,10:00,123,17,14.7,4,2,30.13,0,2025-05-18 22:00:00,2025-05-19 04:00:00,E,McCaul St,4,0,2,1
2025-05-18,14,10:00,123,17,14.7,4,2,30.13,0,2025-05-18 22:00:00,2025-05-19 04:00:00,E,Broadview Ave,1,0,3,1
2025-05-18,14,10:00,123,17,14.7,4,2,30.13,0,2025-05-18 22:00:00,2025-05-19 04:00:00,E,Ontario St,2,1,2,1
2025-05-18,14,10:00,123,17,14.7,4,2,30.13,0,2025-05-18 22:00:00,2025-05-19 04:00:00,E,Rusholme Park Cres,1,0,1,1
2025-05-18,14,10:00,123,17,14.7,4,2,30.13,0,2025-05-18 22:00:00,2025-05-19 04:00:00,E,Havelock St,5,2,4,1
2025-05-18,14,10:00,123,17,14.7,4,2,30.13,0,2025-05-18 22:00:00,2025-05-19 04:00:00,E,High Park Loop,0,4,4,0
2025-05-18,14,10:00,123,17,14.7,4,2,30.13,0,2025-05-18 22:00:00,2025-05-19 04:00:00,E,Queens Park (Queen's Park Station),5,0,2,1
2025-05-18,14,10:00,123,17,14.7,4,2,30.13,0,2025-05-18 22:00:00,2025-05-19 04:00:00,E,Roncesvalles Ave,1,0,1,1
2025-05-18,14,10:00,123,17,14.7,4,2,30.13,0,2025-05-18 22:00:00,2025-05-19 04:00:00,E,De Grassi St,3,0,3,1
2025-05-18,14,10:00,123,17,14.7,4,2,30.13,0,2025-05-18 22:00:00,2025-05-19 04:00:00,E,Parliament St at Carlton St,2,1,2,1
2025-05-18,14,10:00,123,17,14.7,4,2,30.13,0,2025-05-18 22:00:00,2025-05-19 04:00:00,E,Parkside Dr East Side,1,2,1,1
2025-05-18,14,10:00,123,17,14.7,4,2,30.13,0,2025-05-18 22:00:00,2025-05-19 04:00:00,E,Dundas St West,2,0,2,1
2025-05-18,14,10:00,123,17,14.7,4,2,30.13,0,2025-05-18 22:00:00,2025-05-19 04:00:00,E,Howard Park Ave at Roncesvalles Ave,0,0,0,0
2025-05-18,14,10:00,123,17,14.7,4,2,30.13,0,2025-05-18 22:00:00,2025-05-19 04:00:00,E,Parliament St,0,0,0,0
2025-05-18,14,10:00,123,17,14.7,4,2,30.13,0,2025-05-18 22:00:00,2025-05-19 04:00:00,E,Parliament St at Gerrard St East,0,0,0,0
2025-05-18,14,10:00,123,17,14.7,4,2,30.13,0,2025-05-18 22:00:00,2025-05-19 04:00:00,E,Sumach St,0,0,0,0
2025-05-18,14,10:00,123,17,14.7,4,2,30.13,0,2025-05-18 22:00:00,2025-05-19 04:00:00,E,Blackburn St,0,0,0,0
2025-05-18,14,10:00,123,17,14.7,4,2,30.13,0,2025-05-18 22:00:00,2025-05-19 04:00:00,E,Logan Ave,4,0,3,1
2025-05-18,14,10:00,123,17,14.7,4,2,30.13,0,2025-05-18 22:00:00,2025-05-19 04:00:00,E,Augusta Ave,0,0,0,0
2025-05-18,14,10:00,123,17,14.7,4,2,30.13,0,2025-05-18 22:00:00,2025-05-19 04:00:00,E,Beverley St,0,0,0,0
2025-05-18,14,10:00,123,17,14.7,4,2,30.13,0,2025-05-18 22:00:00,2025-05-19 04:00:00,E,University Ave (Queen's Park Station,0,0,0,0
2025-05-18,14,10:00,123,17,14.7,4,2,30.13,0,2025-05-18 22:00:00,2025-05-19 04:00:00,E,Elizabeth St,0,0,0,0
2025-05-18,14,10:00,123,17,14.7,4,2,30.13,0,2025-05-18 22:00:00,2025-05-19 04:00:00,E,Greenwood Ave,0,0,0,0
2025-05-18,14,10:00,123,17,14.7,4,2,30.13,0,2025-05-18 22:00:00,2025-05-19 04:00:00,E,Alton Ave,0,0,0,0
2025-05-18,14,10:00,123,17,14.7,4,2,30.13,0,2025-05-18 22:00:00,2025-05-19 04:00:00,E,Coxwell Ave,0,0,0,0
2025-05-18,14,10:00,123,17,14.7,4,2,30.13,0,2025-05-18 22:00:00,2025-05-19 04:00:00,E,Gerrard St East  at Coxwell Ave,0,0,0,0
2025-05-18,14,10:00,123,17,14.7,4,2,30.13,0,2025-05-18 22:00:00,2025-05-19 04:00:00,E,Coxwell Ave at Lower Gerrard St East,0,0,0,0
2025-05-18,14,10:00,123,17,14.7,4,2,30.13,0,2025-05-18 22:00:00,2025-05-19 04:00:00,E,Ashdale Ave,0,0,0,0
2025-05-18,14,10:00,123,17,14.7,4,2,30.13,0,2025-05-18 22:00:00,2025-05-19 04:00:00,E,Howard Park Ave at Indian Rd,0,0,0,0
2025-05-18,14,10:00,123,17,14.7,4,2,30.13,0,2025-05-18 22:00:00,2025-05-19 04:00:00,E,Dundas St West at Howard Park Ave,0,0,0,0
2025-05-18,14,10:00,123,17,14.7,4,2,30.13,0,2025-05-18 22:00:00,2025-05-19 04:00:00,E,Main St at Gerrard St East,0,0,0,0
2025-05-18,14,10:00,123,17,14.7,4,2,30.13,0,2025-05-18 22:00:00,2025-05-19 04:00:00,E,Main St,0,0,0,0
2025-05-18,14,10:00,123,17,14.7,4,2,30.13,0,2025-05-18 22:00:00,2025-05-19 04:00:00,E,Main St at Danforth Ave,0,0,0,0
2025-05-18,14,10:00,123,17,14.7,4,2,30.13,0,2025-05-18 22:00:00,2025-05-19 04:00:00,E,Howard Park Ave at Parkside Dr,0,0,0,0
2025-05-18,14,10:00,123,17,14.7,4,2,30.13,0,2025-05-18 22:00:00,2025-05-19 04:00:00,W,Woodfield Rd,0,1,2,0
2025-05-18,14,10:00,123,17,14.7,4,2,30.13,0,2025-05-18 22:00:00,2025-05-19 04:00:00,W,Coxwell Ave at Gerrard St East,0,3,2,0
2025-05-18,14,10:00,123,17,14.7,4,2,30.13,0,2025-05-18 22:00:00,2025-05-19 04:00:00,W,Euclid Ave,0,0,0,0
2025-05-18,14,10:00,123,17,14.7,4,2,30.13,0,2025-05-18 22:00:00,2025-05-19 04:00:00,W,Bowmore Rd,1,1,2,1
2025-05-18,14,10:00,123,17,14.7,4,2,30.13,0,2025-05-18 22:00:00,2025-05-19 04:00:00,W,Bay St,1,2,2,0
2025-05-18,14,10:00,123,17,14.7,4,2,30.13,0,2025-05-18 22:00:00,2025-05-19 04:00:00,W,Lansdowne Ave,0,0,0,0
2025-05-18,14,10:00,123,17,14.7,4,2,30.13,0,2025-05-18 22:00:00,2025-05-19 04:00:00,W,Indian Rd,1,3,5,0
2025-05-18,14,10:00,123,17,14.7,4,2,30.13,0,2025-05-18 22:00:00,2025-05-19 04:00:00,W,Grace St,0,0,0,0
2025-05-18,14,10:00,123,17,14.7,4,2,30.13,0,2025-05-18 22:00:00,2025-05-19 04:00:00,W,Dufferin St,5,2,5,0
2025-05-18,14,10:00,123,17,14.7,4,2,30.13,0,2025-05-18 22:00:00,2025-05-19 04:00:00,W,Gerrard St East at Beaton Ave,1,2,2,1
2025-05-18,14,10:00,123,17,14.7,4,2,30.13,0,2025-05-18 22:00:00,2025-05-19 04:00:00,W,Bathurst St,0,0,0,0
2025-05-18,14,10:00,123,17,14.7,4,2,30.13,0,2025-05-18 22:00:00,2025-05-19 04:00:00,W,Yonge St - College Station,0,0,0,0
2025-05-18,14,10:00,123,17,14.7,4,2,30.13,0,2025-05-18 22:00:00,2025-05-19 04:00:00,W,Dundas St West at Sterling Rd,0,0,0,0
2025-05-18,14,10:00,123,17,14.7,4,2,30.13,0,2025-05-18 22:00:00,2025-05-19 04:00:00,W,Brock Ave,0,0,0,0
2025-05-18,14,10:00,123,17,14.7,4,2,30.13,0,2025-05-18 22:00:00,2025-05-19 04:00:00,W,Sackville St,1,2,3,0
2025-05-18,14,10:00,123,17,14.7,4,2,30.13,0,2025-05-18 22:00:00,2025-05-19 04:00:00,W,Carlaw Ave,0,0,0,0
2025-05-18,14,10:00,123,17,14.7,4,2,30.13,0,2025-05-18 22:00:00,2025-05-19 04:00:00,W,Borden St,0,0,0,0
2025-05-18,14,10:00,123,17,14.7,4,2,30.13,0,2025-05-18 22:00:00,2025-05-19 04:00:00,W,Dundas St West at Sorauren Ave,0,3,4,0
2025-05-18,14,10:00,123,17,14.7,4,2,30.13,0,2025-05-18 22:00:00,2025-05-19 04:00:00,W,Crawford St,0,0,0,0
2025-05-18,14,10:00,123,17,14.7,4,2,30.13,0,2025-05-18 22:00:00,2025-05-19 04:00:00,W,Pape Ave,0,0,0,0
2025-05-18,14,10:00,123,17,14.7,4,2,30.13,0,2025-05-18 22:00:00,2025-05-19 04:00:00,W,Spadina Ave,1,2,2,0
2025-05-18,14,10:00,123,17,14.7,4,2,30.13,0,2025-05-18 22:00:00,2025-05-19 04:00:00,W,River St,2,2,3,0
2025-05-18,14,10:00,123,17,14.7,4,2,30.13,0,2025-05-18 22:00:00,2025-05-19 04:00:00,W,Marjory Ave,0,0,0,0
2025-05-18,14,10:00,123,17,14.7,4,2,30.13,0,2025-05-18 22:00:00,2025-05-19 04:00:00,W,Kingsmount Park Rd,0,0,0,0
2025-05-18,14,10:00,123,17,14.7,4,2,30.13,0,2025-05-18 22:00:00,2025-05-19 04:00:00,W,Church St,0,0,0,0
2025-05-18,14,10:00,123,17,14.7,4,2,30.13,0,2025-05-18 22:00:00,2025-05-19 04:00:00,W,Ossington Ave,0,0,0,0
2025-05-18,14,10:00,123,17,14.7,4,2,30.13,0,2025-05-18 22:00:00,2025-05-19 04:00:00,W,Woodbine Ave,0,0,0,0
2025-05-18,14,10:00,123,17,14.7,4,2,30.13,0,2025-05-18 22:00:00,2025-05-19 04:00:00,W,Jones Ave,0,0,0,0
2025-05-18,14,10:00,123,17,14.7,4,2,30.13,0,2025-05-18 22:00:00,2025-05-19 04:00:00,W,Golfview Ave,0,0,0,0
2025-05-18,14,10:00,123,17,14.7,4,2,30.13,0,2025-05-18 22:00:00,2025-05-19 04:00:00,W,Leslie St,0,0,0,0
2025-05-18,14,10:00,123,17,14.7,4,2,30.13,0,2025-05-18 22:00:00,2025-05-19 04:00:00,W,St Matthews Rd,0,0,0,0
2025-05-18,14,10:00,123,17,14.7,4,2,30.13,0,2025-05-18 22:00:00,2025-05-19 04:00:00,W,Jarvis St,0,0,0,0
2025-05-18,14,10:00,123,17,14.7,4,2,30.13,0,2025-05-18 22:00:00,2025-05-19 04:00:00,W,Sherbourne St,0,0,0,0
2025-05-18,14,10:00,123,17,14.7,4,2,30.13,0,2025-05-18 22:00:00,2025-05-19 04:00:00,W,St George St,0,0,0,0
2025-05-18,14,10:00,123,17,14.7,4,2,30.13,0,2025-05-18 22:00:00,2025-05-19 04:00:00,W,Dovercourt Rd,0,0,0,0
2025-05-18,14,10:00,123,17,14.7,4,2,30.13,0,2025-05-18 22:00:00,2025-05-19 04:00:00,W,Glenmount Park Rd,0,0,0,0
2025-05-18,14,10:00,123,17,14.7,4,2,30.13,0,2025-05-18 22:00:00,2025-05-19 04:00:00,W,Prust Ave,0,0,0,0
2025-05-18,14,10:00,123,17,14.7,4,2,30.13,0,2025-05-18 22:00:00,2025-05-19 04:00:00,W,Main Street Station at Bay 7,1,1,0,1
2025-05-18,14,10:00,123,17,14.7,4,2,30.13,0,2025-05-18 22:00:00,2025-05-19 04:00:00,W,Norwood Rd,0,0,0,0
2025-05-18,14,10:00,123,17,14.7,4,2,30.13,0,2025-05-18 22:00:00,2025-05-19 04:00:00,W,McCaul St,0,0,0,0
2025-05-18,14,10:00,123,17,14.7,4,2,30.13,0,2025-05-18 22:00:00,2025-05-19 04:00:00,W,Broadview Ave,0,0,0,0
2025-05-18,14,10:00,123,17,14.7,4,2,30.13,0,2025-05-18 22:00:00,2025-05-19 04:00:00,W,Ontario St,0,0,0,0
2025-05-18,14,10:00,123,17,14.7,4,2,30.13,0,2025-05-18 22:00:00,2025-05-19 04:00:00,W,Rusholme Park Cres,0,0,0,0
2025-05-18,14,10:00,123,17,14.7,4,2,30.13,0,2025-05-18 22:00:00,2025-05-19 04:00:00,W,Havelock St,0,0,0,0
2025-05-18,14,10:00,123,17,14.7,4,2,30.13,0,2025-05-18 22:00:00,2025-05-19 04:00:00,W,High Park Loop,0,0,0,0
2025-05-18,14,10:00,123,17,14.7,4,2,30.13,0,2025-05-18 22:00:00,2025-05-19 04:00:00,W,Queens Park (Queen's Park Station),0,0,0,0
2025-05-18,14,10:00,123,17,14.7,4,2,30.13,0,2025-05-18 22:00:00,2025-05-19 04:00:00,W,Roncesvalles Ave,1,4,5,0
2025-05-18,14,10:00,123,17,14.7,4,2,30.13,0,2025-05-18 22:00:00,2025-05-19 04:00:00,W,De Grassi St,0,0,0,0
2025-05-18,14,10:00,123,17,14.7,4,2,30.13,0,2025-05-18 22:00:00,2025-05-19 04:00:00,W,Parliament St at Carlton St,0,0,0,0
2025-05-18,14,10:00,123,17,14.7,4,2,30.13,0,2025-05-18 22:00:00,2025-05-19 04:00:00,W,Parkside Dr East Side,0,0,0,0
2025-05-18,14,10:00,123,17,14.7,4,2,30.13,0,2025-05-18 22:00:00,2025-05-19 04:00:00,W,Dundas St West,0,4,4,0
2025-05-18,14,10:00,123,17,14.7,4,2,30.13,0,2025-05-18 22:00:00,2025-05-19 04:00:00,W,Howard Park Ave at Roncesvalles Ave,0,0,0,0
2025-05-18,14,10:00,123,17,14.7,4,2,30.13,0,2025-05-18 22:00:00,2025-05-19 04:00:00,W,Parliament St,0,0,0,0
2025-05-18,14,10:00,123,17,14.7,4,2,30.13,0,2025-05-18 22:00:00,2025-05-19 04:00:00,W,Parliament St at Gerrard St East,0,0,0,0
2025-05-18,14,10:00,123,17,14.7,4,2,30.13,0,2025-05-18 22:00:00,2025-05-19 04:00:00,W,Sumach St,0,0,0,0
2025-05-18,14,10:00,123,17,14.7,4,2,30.13,0,2025-05-18 22:00:00,2025-05-19 04:00:00,W,Blackburn St,0,0,0,0
2025-05-18,14,10:00,123,17,14.7,4,2,30.13,0,2025-05-18 22:00:00,2025-05-19 04:00:00,W,Logan Ave,0,0,0,0
2025-05-18,14,10:00,123,17,14.7,4,2,30.13,0,2025-05-18 22:00:00,2025-05-19 04:00:00,W,Augusta Ave,0,0,0,0
2025-05-18,14,10:00,123,17,14.7,4,2,30.13,0,2025-05-18 22:00:00,2025-05-19 04:00:00,W,Beverley St,0,0,0,0
2025-05-18,14,10:00,123,17,14.7,4,2,30.13,0,2025-05-18 22:00:00,2025-05-19 04:00:00,W,University Ave (Queen's Park Station,0,0,0,0
2025-05-18,14,10:00,123,17,14.7,4,2,30.13,0,2025-05-18 22:00:00,2025-05-19 04:00:00,W,Elizabeth St,0,0,0,0
2025-05-18,14,10:00,123,17,14.7,4,2,30.13,0,2025-05-18 22:00:00,2025-05-19 04:00:00,W,Greenwood Ave,0,0,0,0
2025-05-18,14,10:00,123,17,14.7,4,2,30.13,0,2025-05-18 22:00:00,2025-05-19 04:00:00,W,Alton Ave,0,0,0,0
2025-05-18,14,10:00,123,17,14.7,4,2,30.13,0,2025-05-18 22:00:00,2025-05-19 04:00:00,W,Coxwell Ave,0,0,0,0
2025-05-18,14,10:00,123,17,14.7,4,2,30.13,0,2025-05-18 22:00:00,2025-05-19 04:00:00,W,Gerrard St East  at Coxwell Ave,0,0,0,0
2025-05-18,14,10:00,123,17,14.7,4,2,30.13,0,2025-05-18 22:00:00,2025-05-19 04:00:00,W,Coxwell Ave at Lower Gerrard St East,0,0,0,0
2025-05-18,14,10:00,123,17,14.7,4,2,30.13,0,2025-05-18 22:00:00,2025-05-19 04:00:00,W,Ashdale Ave,0,0,0,0
2025-05-18,14,10:00,123,17,14.7,4,2,30.13,0,2025-05-18 22:00:00,2025-05-19 04:00:00,W,Howard Park Ave at Indian Rd,0,0,0,0
2025-05-18,14,10:00,123,17,14.7,4,2,30.13,0,2025-05-18 22:00:00,2025-05-19 04:00:00,W,Dundas St West at Howard Park Ave,0,0,0,0
2025-05-18,14,10:00,123,17,14.7,4,2,30.13,0,2025-05-18 22:00:00,2025-05-19 04:00:00,W,Main St at Gerrard St East,0,0,0,0
2025-05-18,14,10:00,123,17,14.7,4,2,30.13,0,2025-05-18 22:00:00,2025-05-19 04:00:00,W,Main St,0,0,0,0
2025-05-18,14,10:00,123,17,14.7,4,2,30.13,0,2025-05-18 22:00:00,2025-05-19 04:00:00,W,Main St at Danforth Ave,0,0,0,0
2025-05-18,14,10:00,123,17,14.7,4,2,30.13,0,2025-05-18 22:00:00,2025-05-19 04:00:00,W,Howard Park Ave at Parkside Dr,0,0,0,0
2025-05-25,14,10:00,123,17,14.7,4,2,30.13,0,2025-05-25 22:00:00,2025-05-26 04:00:00,E,Woodfield Rd,7,2,4,0
2025-05-25,14,10:00,123,17,14.7,4,2,30.13,0,2025-05-25 22:00:00,2025-05-26 04:00:00,E,Coxwell Ave at Gerrard St East,0,0,0,0
2025-05-25,14,10:00,123,17,14.7,4,2,30.13,0,2025-05-25 22:00:00,2025-05-26 04:00:00,E,Euclid Ave,0,0,0,0
2025-05-25,14,10:00,123,17,14.7,4,2,30.13,0,2025-05-25 22:00:00,2025-05-26 04:00:00,E,Bowmore Rd,4,2,3,0
2025-05-25,14,10:00,123,17,14.7,4,2,30.13,0,2025-05-25 22:00:00,2025-05-26 04:00:00,E,Bay St,5,1,3,1
2025-05-25,14,10:00,123,17,14.7,4,2,30.13,0,2025-05-25 22:00:00,2025-05-26 04:00:00,E,Lansdowne Ave,7,2,4,1
2025-05-25,14,10:00,123,17,14.7,4,2,30.13,0,2025-05-25 22:00:00,2025-05-26 04:00:00,E,Indian Rd,0,3,2,1
2025-05-25,14,10:00,123,17,14.7,4,2,30.13,0,2025-05-25 22:00:00,2025-05-26 04:00:00,E,Grace St,2,3,3,2
2025-05-25,14,10:00,123,17,14.7,4,2,30.13,0,2025-05-25 22:00:00,2025-05-26 04:00:00,E,Dufferin St,8,2,4,0
2025-05-25,14,10:00,123,17,14.7,4,2,30.13,0,2025-05-25 22:00:00,2025-05-26 04:00:00,E,Gerrard St East at Beaton Ave,4,2,3,0
2025-05-25,14,10:00,123,17,14.7,4,2,30.13,0,2025-05-25 22:00:00,2025-05-26 04:00:00,E,Bathurst St,3,1,3,1
2025-05-25,14,10:00,123,17,14.7,4,2,30.13,0,2025-05-25 22:00:00,2025-05-26 04:00:00,E,Yonge St - College Station,5,1,3,1
2025-05-25,14,10:00,123,17,14.7,4,2,30.13,0,2025-05-25 22:00:00,2025-05-26 04:00:00,E,Dundas St West at Sterling Rd,2,0,1,1
2025-05-25,14,10:00,123,17,14.7,4,2,30.13,0,2025-05-25 22:00:00,2025-05-26 04:00:00,E,Brock Ave,6,3,4,1
2025-05-25,14,10:00,123,17,14.7,4,2,30.13,0,2025-05-25 22:00:00,2025-05-26 04:00:00,E,Sackville St,1,0,1,1
2025-05-25,14,10:00,123,17,14.7,4,2,30.13,0,2025-05-25 22:00:00,2025-05-26 04:00:00,E,Carlaw Ave,5,1,3,1
2025-05-25,14,10:00,123,17,14.7,4,2,30.13,0,2025-05-25 22:00:00,2025-05-26 04:00:00,E,Borden St,3,1,2,1
2025-05-25,14,10:00,123,17,14.7,4,2,30.13,0,2025-05-25 22:00:00,2025-05-26 04:00:00,E,Dundas St West at Sorauren Ave,3,0,1,1
2025-05-25,14,10:00,123,17,14.7,4,2,30.13,0,2025-05-25 22:00:00,2025-05-26 04:00:00,E,Crawford St,3,2,2,2
2025-05-25,14,10:00,123,17,14.7,4,2,30.13,0,2025-05-25 22:00:00,2025-05-26 04:00:00,E,Pape Ave,5,2,3,1
2025-05-25,14,10:00,123,17,14.7,4,2,30.13,0,2025-05-25 22:00:00,2025-05-26 04:00:00,E,Spadina Ave,3,1,2,1
2025-05-25,14,10:00,123,17,14.7,4,2,30.13,0,2025-05-25 22:00:00,2025-05-26 04:00:00,E,River St,1,0,1,1
2025-05-25,14,10:00,123,17,14.7,4,2,30.13,0,2025-05-25 22:00:00,2025-05-26 04:00:00,E,Marjory Ave,5,2,3,1
2025-05-25,14,10:00,123,17,14.7,4,2,30.13,0,2025-05-25 22:00:00,2025-05-26 04:00:00,E,Kingsmount Park Rd,5,2,3,0
2025-05-25,14,10:00,123,17,14.7,4,2,30.13,0,2025-05-25 22:00:00,2025-05-26 04:00:00,E,Church St,0,0,0,0
2025-05-25,14,10:00,123,17,14.7,4,2,30.13,0,2025-05-25 22:00:00,2025-05-26 04:00:00,E,Ossington Ave,3,1,3,2
2025-05-25,14,10:00,123,17,14.7,4,2,30.13,0,2025-05-25 22:00:00,2025-05-26 04:00:00,E,Woodbine Ave,5,2,3,0
2025-05-25,14,10:00,123,17,14.7,4,2,30.13,0,2025-05-25 22:00:00,2025-05-26 04:00:00,E,Jones Ave,5,2,3,1
2025-05-25,14,10:00,123,17,14.7,4,2,30.13,0,2025-05-25 22:00:00,2025-05-26 04:00:00,E,Golfview Ave,5,2,3,0
2025-05-25,14,10:00,123,17,14.7,4,2,30.13,0,2025-05-25 22:00:00,2025-05-26 04:00:00,E,Leslie St,5,2,3,1
2025-05-25,14,10:00,123,17,14.7,4,2,30.13,0,2025-05-25 22:00:00,2025-05-26 04:00:00,E,St Matthews Rd,2,0,1,1
2025-05-25,14,10:00,123,17,14.7,4,2,30.13,0,2025-05-25 22:00:00,2025-05-26 04:00:00,E,Jarvis St,2,0,1,1
2025-05-25,14,10:00,123,17,14.7,4,2,30.13,0,2025-05-25 22:00:00,2025-05-26 04:00:00,E,Sherbourne St,2,0,1,1
2025-05-25,14,10:00,123,17,14.7,4,2,30.13,0,2025-05-25 22:00:00,2025-05-26 04:00:00,E,St George St,2,1,2,1
2025-05-25,14,10:00,123,17,14.7,4,2,30.13,0,2025-05-25 22:00:00,2025-05-26 04:00:00,E,Dovercourt Rd,6,1,4,2
2025-05-25,14,10:00,123,17,14.7,4,2,30.13,0,2025-05-25 22:00:00,2025-05-26 04:00:00,E,Glenmount Park Rd,5,2,2,0
2025-05-25,14,10:00,123,17,14.7,4,2,30.13,0,2025-05-25 22:00:00,2025-05-26 04:00:00,E,Prust Ave,5,2,3,1
2025-05-25,14,10:00,123,17,14.7,4,2,30.13,0,2025-05-25 22:00:00,2025-05-26 04:00:00,E,Main Street Station at Bay 7,0,0,0,0
2025-05-25,14,10:00,123,17,14.7,4,2,30.13,0,2025-05-25 22:00:00,2025-05-26 04:00:00,E,Norwood Rd,5,2,2,0
2025-05-25,14,10:00,123,17,14.7,4,2,30.13,0,2025-05-25 22:00:00,2025-05-26 04:00:00,E,McCaul St,3,1,2,1
2025-05-25,14,10:00,123,17,14.7,4,2,30.13,0,2025-05-25 22:00:00,2025-05-26 04:00:00,E,Broadview Ave,2,0,1,1
2025-05-25,14,10:00,123,17,14.7,4,2,30.13,0,2025-05-25 22:00:00,2025-05-26 04:00:00,E,Ontario St,2,0,1,1
2025-05-25,14,10:00,123,17,14.7,4,2,30.13,0,2025-05-25 22:00:00,2025-05-26 04:00:00,E,Rusholme Park Cres,3,0,1,1
2025-05-25,14,10:00,123,17,14.7,4,2,30.13,0,2025-05-25 22:00:00,2025-05-26 04:00:00,E,Havelock St,5,2,3,1
2025-05-25,14,10:00,123,17,14.7,4,2,30.13,0,2025-05-25 22:00:00,2025-05-26 04:00:00,E,High Park Loop,0,4,4,2
2025-05-25,14,10:00,123,17,14.7,4,2,30.13,0,2025-05-25 22:00:00,2025-05-26 04:00:00,E,Queens Park (Queen's Park Station),3,1,2,1
2025-05-25,14,10:00,123,17,14.7,4,2,30.13,0,2025-05-25 22:00:00,2025-05-26 04:00:00,E,Roncesvalles Ave,3,0,1,1
2025-05-25,14,10:00,123,17,14.7,4,2,30.13,0,2025-05-25 22:00:00,2025-05-26 04:00:00,E,De Grassi St,2,0,1,1
2025-05-25,14,10:00,123,17,14.7,4,2,30.13,0,2025-05-25 22:00:00,2025-05-26 04:00:00,E,Parliament St at Carlton St,2,0,1,1
2025-05-25,14,10:00,123,17,14.7,4,2,30.13,0,2025-05-25 22:00:00,2025-05-26 04:00:00,E,Parkside Dr East Side,0,2,2,1
2025-05-25,14,10:00,123,17,14.7,4,2,30.13,0,2025-05-25 22:00:00,2025-05-26 04:00:00,E,Dundas St West,1,0,1,1
2025-05-25,14,10:00,123,17,14.7,4,2,30.13,0,2025-05-25 22:00:00,2025-05-26 04:00:00,E,Howard Park Ave at Roncesvalles Ave,0,0,0,0
2025-05-25,14,10:00,123,17,14.7,4,2,30.13,0,2025-05-25 22:00:00,2025-05-26 04:00:00,E,Parliament St,0,0,0,0
2025-05-25,14,10:00,123,17,14.7,4,2,30.13,0,2025-05-25 22:00:00,2025-05-26 04:00:00,E,Parliament St at Gerrard St East,0,0,0,0
2025-05-25,14,10:00,123,17,14.7,4,2,30.13,0,2025-05-25 22:00:00,2025-05-26 04:00:00,E,Sumach St,0,0,0,0
2025-05-25,14,10:00,123,17,14.7,4,2,30.13,0,2025-05-25 22:00:00,2025-05-26 04:00:00,E,Blackburn St,0,0,0,0
2025-05-25,14,10:00,123,17,14.7,4,2,30.13,0,2025-05-25 22:00:00,2025-05-26 04:00:00,E,Logan Ave,2,1,2,1
2025-05-25,14,10:00,123,17,14.7,4,2,30.13,0,2025-05-25 22:00:00,2025-05-26 04:00:00,E,Augusta Ave,0,0,0,0
2025-05-25,14,10:00,123,17,14.7,4,2,30.13,0,2025-05-25 22:00:00,2025-05-26 04:00:00,E,Beverley St,0,0,0,0
2025-05-25,14,10:00,123,17,14.7,4,2,30.13,0,2025-05-25 22:00:00,2025-05-26 04:00:00,E,University Ave (Queen's Park Station,0,0,0,0
2025-05-25,14,10:00,123,17,14.7,4,2,30.13,0,2025-05-25 22:00:00,2025-05-26 04:00:00,E,Elizabeth St,0,0,0,0
2025-05-25,14,10:00,123,17,14.7,4,2,30.13,0,2025-05-25 22:00:00,2025-05-26 04:00:00,E,Greenwood Ave,0,0,0,0
2025-05-25,14,10:00,123,17,14.7,4,2,30.13,0,2025-05-25 22:00:00,2025-05-26 04:00:00,E,Alton Ave,0,0,0,0
2025-05-25,14,10:00,123,17,14.7,4,2,30.13,0,2025-05-25 22:00:00,2025-05-26 04:00:00,E,Coxwell Ave,0,0,0,0
2025-05-25,14,10:00,123,17,14.7,4,2,30.13,0,2025-05-25 22:00:00,2025-05-26 04:00:00,E,Gerrard St East  at Coxwell Ave,0,0,0,0
2025-05-25,14,10:00,123,17,14.7,4,2,30.13,0,2025-05-25 22:00:00,2025-05-26 04:00:00,E,Coxwell Ave at Lower Gerrard St East,0,0,0,0
2025-05-25,14,10:00,123,17,14.7,4,2,30.13,0,2025-05-25 22:00:00,2025-05-26 04:00:00,E,Ashdale Ave,0,0,0,0
2025-05-25,14,10:00,123,17,14.7,4,2,30.13,0,2025-05-25 22:00:00,2025-05-26 04:00:00,E,Howard Park Ave at Indian Rd,0,0,0,0
2025-05-25,14,10:00,123,17,14.7,4,2,30.13,0,2025-05-25 22:00:00,2025-05-26 04:00:00,E,Dundas St West at Howard Park Ave,0,0,0,0
2025-05-25,14,10:00,123,17,14.7,4,2,30.13,0,2025-05-25 22:00:00,2025-05-26 04:00:00,E,Main St at Gerrard St East,0,0,0,0
2025-05-25,14,10:00,123,17,14.7,4,2,30.13,0,2025-05-25 22:00:00,2025-05-26 04:00:00,E,Main St,0,0,0,0
2025-05-25,14,10:00,123,17,14.7,4,2,30.13,0,2025-05-25 22:00:00,2025-05-26 04:00:00,E,Main St at Danforth Ave,0,0,0,0
2025-05-25,14,10:00,123,17,14.7,4,2,30.13,0,2025-05-25 22:00:00,2025-05-26 04:00:00,E,Howard Park Ave at Parkside Dr,0,0,0,0
2025-05-25,14,10:00,123,17,14.7,4,2,30.13,0,2025-05-25 22:00:00,2025-05-26 04:00:00,W,Woodfield Rd,2,0,2,1
2025-05-25,14,10:00,123,17,14.7,4,2,30.13,0,2025-05-25 22:00:00,2025-05-26 04:00:00,W,Coxwell Ave at Gerrard St East,1,0,3,0
2025-05-25,14,10:00,123,17,14.7,4,2,30.13,0,2025-05-25 22:00:00,2025-05-26 04:00:00,W,Euclid Ave,0,0,0,0
2025-05-25,14,10:00,123,17,14.7,4,2,30.13,0,2025-05-25 22:00:00,2025-05-26 04:00:00,W,Bowmore Rd,1,2,2,0
2025-05-25,14,10:00,123,17,14.7,4,2,30.13,0,2025-05-25 22:00:00,2025-05-26 04:00:00,W,Bay St,2,0,1,1
2025-05-25,14,10:00,123,17,14.7,4,2,30.13,0,2025-05-25 22:00:00,2025-05-26 04:00:00,W,Lansdowne Ave,0,0,0,0
2025-05-25,14,10:00,123,17,14.7,4,2,30.13,0,2025-05-25 22:00:00,2025-05-26 04:00:00,W,Indian Rd,4,2,4,1
2025-05-25,14,10:00,123,17,14.7,4,2,30.13,0,2025-05-25 22:00:00,2025-05-26 04:00:00,W,Grace St,0,0,0,0
2025-05-25,14,10:00,123,17,14.7,4,2,30.13,0,2025-05-25 22:00:00,2025-05-26 04:00:00,W,Dufferin St,5,4,6,1
2025-05-25,14,10:00,123,17,14.7,4,2,30.13,0,2025-05-25 22:00:00,2025-05-26 04:00:00,W,Gerrard St East at Beaton Ave,1,0,3,0
2025-05-25,14,10:00,123,17,14.7,4,2,30.13,0,2025-05-25 22:00:00,2025-05-26 04:00:00,W,Bathurst St,0,0,0,0
2025-05-25,14,10:00,123,17,14.7,4,2,30.13,0,2025-05-25 22:00:00,2025-05-26 04:00:00,W,Yonge St - College Station,0,0,0,0
2025-05-25,14,10:00,123,17,14.7,4,2,30.13,0,2025-05-25 22:00:00,2025-05-26 04:00:00,W,Dundas St West at Sterling Rd,0,0,0,0
2025-05-25,14,10:00,123,17,14.7,4,2,30.13,0,2025-05-25 22:00:00,2025-05-26 04:00:00,W,Brock Ave,0,0,0,0
2025-05-25,14,10:00,123,17,14.7,4,2,30.13,0,2025-05-25 22:00:00,2025-05-26 04:00:00,W,Sackville St,5,0,4,1
2025-05-25,14,10:00,123,17,14.7,4,2,30.13,0,2025-05-25 22:00:00,2025-05-26 04:00:00,W,Carlaw Ave,0,0,0,0
2025-05-25,14,10:00,123,17,14.7,4,2,30.13,0,2025-05-25 22:00:00,2025-05-26 04:00:00,W,Borden St,0,0,0,0
2025-05-25,14,10:00,123,17,14.7,4,2,30.13,0,2025-05-25 22:00:00,2025-05-26 04:00:00,W,Dundas St West at Sorauren Ave,4,3,3,1
2025-05-25,14,10:00,123,17,14.7,4,2,30.13,0,2025-05-25 22:00:00,2025-05-26 04:00:00,W,Crawford St,0,0,0,0
2025-05-25,14,10:00,123,17,14.7,4,2,30.13,0,2025-05-25 22:00:00,2025-05-26 04:00:00,W,Pape Ave,0,0,0,0
2025-05-25,14,10:00,123,17,14.7,4,2,30.13,0,2025-05-25 22:00:00,2025-05-26 04:00:00,W,Spadina Ave,2,0,2,1
2025-05-25,14,10:00,123,17,14.7,4,2,30.13,0,2025-05-25 22:00:00,2025-05-26 04:00:00,W,River St,4,0,4,1
2025-05-25,14,10:00,123,17,14.7,4,2,30.13,0,2025-05-25 22:00:00,2025-05-26 04:00:00,W,Marjory Ave,0,0,0,0
2025-05-25,14,10:00,123,17,14.7,4,2,30.13,0,2025-05-25 22:00:00,2025-05-26 04:00:00,W,Kingsmount Park Rd,0,0,0,0
2025-05-25,14,10:00,123,17,14.7,4,2,30.13,0,2025-05-25 22:00:00,2025-05-26 04:00:00,W,Church St,0,0,0,0
2025-05-25,14,10:00,123,17,14.7,4,2,30.13,0,2025-05-25 22:00:00,2025-05-26 04:00:00,W,Ossington Ave,0,0,0,0
2025-05-25,14,10:00,123,17,14.7,4,2,30.13,0,2025-05-25 22:00:00,2025-05-26 04:00:00,W,Woodbine Ave,0,0,0,0
2025-05-25,14,10:00,123,17,14.7,4,2,30.13,0,2025-05-25 22:00:00,2025-05-26 04:00:00,W,Jones Ave,0,0,0,0
2025-05-25,14,10:00,123,17,14.7,4,2,30.13,0,2025-05-25 22:00:00,2025-05-26 04:00:00,W,Golfview Ave,0,0,0,0
2025-05-25,14,10:00,123,17,14.7,4,2,30.13,0,2025-05-25 22:00:00,2025-05-26 04:00:00,W,Leslie St,0,0,0,0
2025-05-25,14,10:00,123,17,14.7,4,2,30.13,0,2025-05-25 22:00:00,2025-05-26 04:00:00,W,St Matthews Rd,0,0,0,0
2025-05-25,14,10:00,123,17,14.7,4,2,30.13,0,2025-05-25 22:00:00,2025-05-26 04:00:00,W,Jarvis St,0,0,0,0
2025-05-25,14,10:00,123,17,14.7,4,2,30.13,0,2025-05-25 22:00:00,2025-05-26 04:00:00,W,Sherbourne St,0,0,0,0
2025-05-25,14,10:00,123,17,14.7,4,2,30.13,0,2025-05-25 22:00:00,2025-05-26 04:00:00,W,St George St,0,0,0,0
2025-05-25,14,10:00,123,17,14.7,4,2,30.13,0,2025-05-25 22:00:00,2025-05-26 04:00:00,W,Dovercourt Rd,0,0,0,0
2025-05-25,14,10:00,123,17,14.7,4,2,30.13,0,2025-05-25 22:00:00,2025-05-26 04:00:00,W,Glenmount Park Rd,0,0,0,0
2025-05-25,14,10:00,123,17,14.7,4,2,30.13,0,2025-05-25 22:00:00,2025-05-26 04:00:00,W,Prust Ave,0,0,0,0
2025-05-25,14,10:00,123,17,14.7,4,2,30.13,0,2025-05-25 22:00:00,2025-05-26 04:00:00,W,Main Street Station at Bay 7,0,2,2,0
2025-05-25,14,10:00,123,17,14.7,4,2,30.13,0,2025-05-25 22:00:00,2025-05-26 04:00:00,W,Norwood Rd,0,0,0,0
2025-05-25,14,10:00,123,17,14.7,4,2,30.13,0,2025-05-25 22:00:00,2025-05-26 04:00:00,W,McCaul St,0,0,0,0
2025-05-25,14,10:00,123,17,14.7,4,2,30.13,0,2025-05-25 22:00:00,2025-05-26 04:00:00,W,Broadview Ave,0,0,0,0
2025-05-25,14,10:00,123,17,14.7,4,2,30.13,0,2025-05-25 22:00:00,2025-05-26 04:00:00,W,Ontario St,0,0,0,0
2025-05-25,14,10:00,123,17,14.7,4,2,30.13,0,2025-05-25 22:00:00,2025-05-26 04:00:00,W,Rusholme Park Cres,0,0,0,0
2025-05-25,14,10:00,123,17,14.7,4,2,30.13,0,2025-05-25 22:00:00,2025-05-26 04:00:00,W,Havelock St,0,0,0,0
2025-05-25,14,10:00,123,17,14.7,4,2,30.13,0,2025-05-25 22:00:00,2025-05-26 04:00:00,W,High Park Loop,0,0,0,0
2025-05-25,14,10:00,123,17,14.7,4,2,30.13,0,2025-05-25 22:00:00,2025-05-26 04:00:00,W,Queens Park (Queen's Park Station),0,0,0,0
2025-05-25,14,10:00,123,17,14.7,4,2,30.13,0,2025-05-25 22:00:00,2025-05-26 04:00:00,W,Roncesvalles Ave,4,4,4,1
2025-05-25,14,10:00,123,17,14.7,4,2,30.13,0,2025-05-25 22:00:00,2025-05-26 04:00:00,W,De Grassi St,0,0,0,0
2025-05-25,14,10:00,123,17,14.7,4,2,30.13,0,2025-05-25 22:00:00,2025-05-26 04:00:00,W,Parliament St at Carlton St,0,0,0,0
2025-05-25,14,10:00,123,17,14.7,4,2,30.13,0,2025-05-25 22:00:00,2025-05-26 04:00:00,W,Parkside Dr East Side,0,0,0,0
2025-05-25,14,10:00,123,17,14.7,4,2,30.13,0,2025-05-25 22:00:00,2025-05-26 04:00:00,W,Dundas St West,4,3,2,1
2025-05-25,14,10:00,123,17,14.7,4,2,30.13,0,2025-05-25 22:00:00,2025-05-26 04:00:00,W,Howard Park Ave at Roncesvalles Ave,0,0,0,0
2025-05-25,14,10:00,123,17,14.7,4,2,30.13,0,2025-05-25 22:00:00,2025-05-26 04:00:00,W,Parliament St,0,0,0,0
2025-05-25,14,10:00,123,17,14.7,4,2,30.13,0,2025-05-25 22:00:00,2025-05-26 04:00:00,W,Parliament St at Gerrard St East,0,0,0,0
2025-05-25,14,10:00,123,17,14.7,4,2,30.13,0,2025-05-25 22:00:00,2025-05-26 04:00:00,W,Sumach St,0,0,0,0
2025-05-25,14,10:00,123,17,14.7,4,2,30.13,0,2025-05-25 22:00:00,2025-05-26 04:00:00,W,Blackburn St,0,0,0,0
2025-05-25,14,10:00,123,17,14.7,4,2,30.13,0,2025-05-25 22:00:00,2025-05-26 04:00:00,W,Logan Ave,0,0,0,0
2025-05-25,14,10:00,123,17,14.7,4,2,30.13,0,2025-05-25 22:00:00,2025-05-26 04:00:00,W,Augusta Ave,0,0,0,0
2025-05-25,14,10:00,123,17,14.7,4,2,30.13,0,2025-05-25 22:00:00,2025-05-26 04:00:00,W,Beverley St,0,0,0,0
2025-05-25,14,10:00,123,17,14.7,4,2,30.13,0,2025-05-25 22:00:00,2025-05-26 04:00:00,W,University Ave (Queen's Park Station,0,0,0,0
2025-05-25,14,10:00,123,17,14.7,4,2,30.13,0,2025-05-25 22:00:00,2025-05-26 04:00:00,W,Elizabeth St,0,0,0,0
2025-05-25,14,10:00,123,17,14.7,4,2,30.13,0,2025-05-25 22:00:00,2025-05-26 04:00:00,W,Greenwood Ave,0,0,0,0
2025-05-25,14,10:00,123,17,14.7,4,2,30.13,0,2025-05-25 22:00:00,2025-05-26 04:00:00,W,Alton Ave,0,0,0,0
2025-05-25,14,10:00,123,17,14.7,4,2,30.13,0,2025-05-25 22:00:00,2025-05-26 04:00:00,W,Coxwell Ave,0,0,0,0
2025-05-25,14,10:00,123,17,14.7,4,2,30.13,0,2025-05-25 22:00:00,2025-05-26 04:00:00,W,Gerrard St East  at Coxwell Ave,0,0,0,0
2025-05-25,14,10:00,123,17,14.7,4,2,30.13,0,2025-05-25 22:00:00,2025-05-26 04:00:00,W,Coxwell Ave at Lower Gerrard St East,0,0,0,0
2025-05-25,14,10:00,123,17,14.7,4,2,30.13,0,2025-05-25 22:00:00,2025-05-26 04:00:00,W,Ashdale Ave,0,0,0,0
2025-05-25,14,10:00,123,17,14.7,4,2,30.13,0,2025-05-25 22:00:00,2025-05-26 04:00:00,W,Howard Park Ave at Indian Rd,0,0,0,0
2025-05-25,14,10:00,123,17,14.7,4,2,30.13,0,2025-05-25 22:00:00,2025-05-26 04:00:00,W,Dundas St West at Howard Park Ave,0,0,0,0
2025-05-25,14,10:00,123,17,14.7,4,2,30.13,0,2025-05-25 22:00:00,2025-05-26 04:00:00,W,Main St at Gerrard St East,0,0,0,0
2025-05-25,14,10:00,123,17,14.7,4,2,30.13,0,2025-05-25 22:00:00,2025-05-26 04:00:00,W,Main St,0,0,0,0
2025-05-25,14,10:00,123,17,14.7,4,2,30.13,0,2025-05-25 22:00:00,2025-05-26 04:00:00,W,Main St at Danforth Ave,0,0,0,0
2025-05-25,14,10:00,123,17,14.7,4,2,30.13,0,2025-05-25 22:00:00,2025-05-26 04:00:00,W,Howard Park Ave at Parkside Dr,0,0,0,0
2025-06-01,14,10:00,123,17,14.7,4,2,30.13,0,2025-06-01 22:00:00,2025-06-02 04:00:00,E,Woodfield Rd,3,4,3,1
2025-06-01,14,10:00,123,17,14.7,4,2,30.13,0,2025-06-01 22:00:00,2025-06-02 04:00:00,E,Coxwell Ave at Gerrard St East,0,0,0,0
2025-06-01,14,10:00,123,17,14.7,4,2,30.13,0,2025-06-01 22:00:00,2025-06-02 04:00:00,E,Euclid Ave,0,0,0,0
2025-06-01,14,10:00,123,17,14.7,4,2,30.13,0,2025-06-01 22:00:00,2025-06-02 04:00:00,E,Bowmore Rd,3,6,2,1
2025-06-01,14,10:00,123,17,14.7,4,2,30.13,0,2025-06-01 22:00:00,2025-06-02 04:00:00,E,Bay St,3,2,5,1
2025-06-01,14,10:00,123,17,14.7,4,2,30.13,0,2025-06-01 22:00:00,2025-06-02 04:00:00,E,Lansdowne Ave,6,11,7,2
2025-06-01,14,10:00,123,17,14.7,4,2,30.13,0,2025-06-01 22:00:00,2025-06-02 04:00:00,E,Indian Rd,0,4,3,1
2025-06-01,14,10:00,123,17,14.7,4,2,30.13,0,2025-06-01 22:00:00,2025-06-02 04:00:00,E,Grace St,2,7,7,2
2025-06-01,14,10:00,123,17,14.7,4,2,30.13,0,2025-06-01 22:00:00,2025-06-02 04:00:00,E,Dufferin St,3,5,3,1
2025-06-01,14,10:00,123,17,14.7,4,2,30.13,0,2025-06-01 22:00:00,2025-06-02 04:00:00,E,Gerrard St East at Beaton Ave,3,6,2,1
2025-06-01,14,10:00,123,17,14.7,4,2,30.13,0,2025-06-01 22:00:00,2025-06-02 04:00:00,E,Bathurst St,2,3,4,1
2025-06-01,14,10:00,123,17,14.7,4,2,30.13,0,2025-06-01 22:00:00,2025-06-02 04:00:00,E,Yonge St - College Station,3,3,5,1
2025-06-01,14,10:00,123,17,14.7,4,2,30.13,0,2025-06-01 22:00:00,2025-06-02 04:00:00,E,Dundas St West at Sterling Rd,2,3,4,1
2025-06-01,14,10:00,123,17,14.7,4,2,30.13,0,2025-06-01 22:00:00,2025-06-02 04:00:00,E,Brock Ave,4,9,5,2
2025-06-01,14,10:00,123,17,14.7,4,2,30.13,0,2025-06-01 22:00:00,2025-06-02 04:00:00,E,Sackville St,2,3,4,1
2025-06-01,14,10:00,123,17,14.7,4,2,30.13,0,2025-06-01 22:00:00,2025-06-02 04:00:00,E,Carlaw Ave,3,4,4,1
2025-06-01,14,10:00,123,17,14.7,4,2,30.13,0,2025-06-01 22:00:00,2025-06-02 04:00:00,E,Borden St,2,3,4,1
2025-06-01,14,10:00,123,17,14.7,4,2,30.13,0,2025-06-01 22:00:00,2025-06-02 04:00:00,E,Dundas St West at Sorauren Ave,2,3,4,1
2025-06-01,14,10:00,123,17,14.7,4,2,30.13,0,2025-06-01 22:00:00,2025-06-02 04:00:00,E,Crawford St,3,7,7,2
2025-06-01,14,10:00,123,17,14.7,4,2,30.13,0,2025-06-01 22:00:00,2025-06-02 04:00:00,E,Pape Ave,3,4,4,1
2025-06-01,14,10:00,123,17,14.7,4,2,30.13,0,2025-06-01 22:00:00,2025-06-02 04:00:00,E,Spadina Ave,2,3,4,1
2025-06-01,14,10:00,123,17,14.7,4,2,30.13,0,2025-06-01 22:00:00,2025-06-02 04:00:00,E,River St,3,3,4,1
2025-06-01,14,10:00,123,17,14.7,4,2,30.13,0,2025-06-01 22:00:00,2025-06-02 04:00:00,E,Marjory Ave,3,4,4,1
2025-06-01,14,10:00,123,17,14.7,4,2,30.13,0,2025-06-01 22:00:00,2025-06-02 04:00:00,E,Kingsmount Park Rd,3,6,2,1
2025-06-01,14,10:00,123,17,14.7,4,2,30.13,0,2025-06-01 22:00:00,2025-06-02 04:00:00,E,Church St,0,0,0,0
2025-06-01,14,10:00,123,17,14.7,4,2,30.13,0,2025-06-01 22:00:00,2025-06-02 04:00:00,E,Ossington Ave,3,6,7,2
2025-06-01,14,10:00,123,17,14.7,4,2,30.13,0,2025-06-01 22:00:00,2025-06-02 04:00:00,E,Woodbine Ave,4,7,2,1
2025-06-01,14,10:00,123,17,14.7,4,2,30.13,0,2025-06-01 22:00:00,2025-06-02 04:00:00,E,Jones Ave,3,4,4,1
2025-06-01,14,10:00,123,17,14.7,4,2,30.13,0,2025-06-01 22:00:00,2025-06-02 04:00:00,E,Golfview Ave,4,7,2,1
2025-06-01,14,10:00,123,17,14.7,4,2,30.13,0,2025-06-01 22:00:00,2025-06-02 04:00:00,E,Leslie St,3,4,4,1
2025-06-01,14,10:00,123,17,14.7,4,2,30.13,0,2025-06-01 22:00:00,2025-06-02 04:00:00,E,St Matthews Rd,3,2,4,2
2025-06-01,14,10:00,123,17,14.7,4,2,30.13,0,2025-06-01 22:00:00,2025-06-02 04:00:00,E,Jarvis St,2,2,4,1
2025-06-01,14,10:00,123,17,14.7,4,2,30.13,0,2025-06-01 22:00:00,2025-06-02 04:00:00,E,Sherbourne St,2,2,4,1
2025-06-01,14,10:00,123,17,14.7,4,2,30.13,0,2025-06-01 22:00:00,2025-06-02 04:00:00,E,St George St,2,3,5,1
2025-06-01,14,10:00,123,17,14.7,4,2,30.13,0,2025-06-01 22:00:00,2025-06-02 04:00:00,E,Dovercourt Rd,4,5,8,2
2025-06-01,14,10:00,123,17,14.7,4,2,30.13,0,2025-06-01 22:00:00,2025-06-02 04:00:00,E,Glenmount Park Rd,4,7,2,1
2025-06-01,14,10:00,123,17,14.7,4,2,30.13,0,2025-06-01 22:00:00,2025-06-02 04:00:00,E,Prust Ave,3,4,4,1
2025-06-01,14,10:00,123,17,14.7,4,2,30.13,0,2025-06-01 22:00:00,2025-06-02 04:00:00,E,Main Street Station at Bay 7,0,0,0,0
2025-06-01,14,10:00,123,17,14.7,4,2,30.13,0,2025-06-01 22:00:00,2025-06-02 04:00:00,E,Norwood Rd,4,7,2,1
2025-06-01,14,10:00,123,17,14.7,4,2,30.13,0,2025-06-01 22:00:00,2025-06-02 04:00:00,E,McCaul St,2,3,4,1
2025-06-01,14,10:00,123,17,14.7,4,2,30.13,0,2025-06-01 22:00:00,2025-06-02 04:00:00,E,Broadview Ave,2,2,4,1
2025-06-01,14,10:00,123,17,14.7,4,2,30.13,0,2025-06-01 22:00:00,2025-06-02 04:00:00,E,Ontario St,2,3,4,1
2025-06-01,14,10:00,123,17,14.7,4,2,30.13,0,2025-06-01 22:00:00,2025-06-02 04:00:00,E,Rusholme Park Cres,1,2,3,1
2025-06-01,14,10:00,123,17,14.7,4,2,30.13,0,2025-06-01 22:00:00,2025-06-02 04:00:00,E,Havelock St,3,4,4,1
2025-06-01,14,10:00,123,17,14.7,4,2,30.13,0,2025-06-01 22:00:00,2025-06-02 04:00:00,E,High Park Loop,0,8,6,2
2025-06-01,14,10:00,123,17,14.7,4,2,30.13,0,2025-06-01 22:00:00,2025-06-02 04:00:00,E,Queens Park (Queen's Park Station),2,3,4,1
2025-06-01,14,10:00,123,17,14.7,4,2,30.13,0,2025-06-01 22:00:00,2025-06-02 04:00:00,E,Roncesvalles Ave,1,3,3,1
2025-06-01,14,10:00,123,17,14.7,4,2,30.13,0,2025-06-01 22:00:00,2025-06-02 04:00:00,E,De Grassi St,3,2,4,1
2025-06-01,14,10:00,123,17,14.7,4,2,30.13,0,2025-06-01 22:00:00,2025-06-02 04:00:00,E,Parliament St at Carlton St,2,3,4,2
2025-06-01,14,10:00,123,17,14.7,4,2,30.13,0,2025-06-01 22:00:00,2025-06-02 04:00:00,E,Parkside Dr East Side,0,4,3,1
2025-06-01,14,10:00,123,17,14.7,4,2,30.13,0,2025-06-01 22:00:00,2025-06-02 04:00:00,E,Dundas St West,2,3,4,1
2025-06-01,14,10:00,123,17,14.7,4,2,30.13,0,2025-06-01 22:00:00,2025-06-02 04:00:00,E,Howard Park Ave at Roncesvalles Ave,0,0,0,0
2025-06-01,14,10:00,123,17,14.7,4,2,30.13,0,2025-06-01 22:00:00,2025-06-02 04:00:00,E,Parliament St,0,0,0,0
2025-06-01,14,10:00,123,17,14.7,4,2,30.13,0,2025-06-01 22:00:00,2025-06-02 04:00:00,E,Parliament St at Gerrard St East,0,0,0,0
2025-06-01,14,10:00,123,17,14.7,4,2,30.13,0,2025-06-01 22:00:00,2025-06-02 04:00:00,E,Sumach St,0,0,0,0
2025-06-01,14,10:00,123,17,14.7,4,2,30.13,0,2025-06-01 22:00:00,2025-06-02 04:00:00,E,Blackburn St,0,0,0,0
2025-06-01,14,10:00,123,17,14.7,4,2,30.13,0,2025-06-01 22:00:00,2025-06-02 04:00:00,E,Logan Ave,2,2,4,1
2025-06-01,14,10:00,123,17,14.7,4,2,30.13,0,2025-06-01 22:00:00,2025-06-02 04:00:00,E,Augusta Ave,0,0,0,0
2025-06-01,14,10:00,123,17,14.7,4,2,30.13,0,2025-06-01 22:00:00,2025-06-02 04:00:00,E,Beverley St,0,0,0,0
2025-06-01,14,10:00,123,17,14.7,4,2,30.13,0,2025-06-01 22:00:00,2025-06-02 04:00:00,E,University Ave (Queen's Park Station,0,0,0,0
2025-06-01,14,10:00,123,17,14.7,4,2,30.13,0,2025-06-01 22:00:00,2025-06-02 04:00:00,E,Elizabeth St,0,0,0,0
2025-06-01,14,10:00,123,17,14.7,4,2,30.13,0,2025-06-01 22:00:00,2025-06-02 04:00:00,E,Greenwood Ave,0,0,0,0
2025-06-01,14,10:00,123,17,14.7,4,2,30.13,0,2025-06-01 22:00:00,2025-06-02 04:00:00,E,Alton Ave,0,0,0,0
2025-06-01,14,10:00,123,17,14.7,4,2,30.13,0,2025-06-01 22:00:00,2025-06-02 04:00:00,E,Coxwell Ave,0,0,0,0
2025-06-01,14,10:00,123,17,14.7,4,2,30.13,0,2025-06-01 22:00:00,2025-06-02 04:00:00,E,Gerrard St East  at Coxwell Ave,0,0,0,0
2025-06-01,14,10:00,123,17,14.7,4,2,30.13,0,2025-06-01 22:00:00,2025-06-02 04:00:00,E,Coxwell Ave at Lower Gerrard St East,0,0,0,0
2025-06-01,14,10:00,123,17,14.7,4,2,30.13,0,2025-06-01 22:00:00,2025-06-02 04:00:00,E,Ashdale Ave,0,0,0,0
2025-06-01,14,10:00,123,17,14.7,4,2,30.13,0,2025-06-01 22:00:00,2025-06-02 04:00:00,E,Howard Park Ave at Indian Rd,0,0,0,0
2025-06-01,14,10:00,123,17,14.7,4,2,30.13,0,2025-06-01 22:00:00,2025-06-02 04:00:00,E,Dundas St West at Howard Park Ave,0,0,0,0
2025-06-01,14,10:00,123,17,14.7,4,2,30.13,0,2025-06-01 22:00:00,2025-06-02 04:00:00,E,Main St at Gerrard St East,0,0,0,0
2025-06-01,14,10:00,123,17,14.7,4,2,30.13,0,2025-06-01 22:00:00,2025-06-02 04:00:00,E,Main St,0,0,0,0
2025-06-01,14,10:00,123,17,14.7,4,2,30.13,0,2025-06-01 22:00:00,2025-06-02 04:00:00,E,Main St at Danforth Ave,0,0,0,0
2025-06-01,14,10:00,123,17,14.7,4,2,30.13,0,2025-06-01 22:00:00,2025-06-02 04:00:00,E,Howard Park Ave at Parkside Dr,0,0,0,0
2025-06-01,14,10:00,123,17,14.7,4,2,30.13,0,2025-06-01 22:00:00,2025-06-02 04:00:00,W,Woodfield Rd,2,0,1,0
2025-06-01,14,10:00,123,17,14.7,4,2,30.13,0,2025-06-01 22:00:00,2025-06-02 04:00:00,W,Coxwell Ave at Gerrard St East,1,0,0,0
2025-06-01,14,10:00,123,17,14.7,4,2,30.13,0,2025-06-01 22:00:00,2025-06-02 04:00:00,W,Euclid Ave,0,0,0,0
2025-06-01,14,10:00,123,17,14.7,4,2,30.13,0,2025-06-01 22:00:00,2025-06-02 04:00:00,W,Bowmore Rd,0,1,0,1
2025-06-01,14,10:00,123,17,14.7,4,2,30.13,0,2025-06-01 22:00:00,2025-06-02 04:00:00,W,Bay St,2,0,3,0
2025-06-01,14,10:00,123,17,14.7,4,2,30.13,0,2025-06-01 22:00:00,2025-06-02 04:00:00,W,Lansdowne Ave,0,0,0,0
2025-06-01,14,10:00,123,17,14.7,4,2,30.13,0,2025-06-01 22:00:00,2025-06-02 04:00:00,W,Indian Rd,4,7,6,1
2025-06-01,14,10:00,123,17,14.7,4,2,30.13,0,2025-06-01 22:00:00,2025-06-02 04:00:00,W,Grace St,0,0,0,0
2025-06-01,14,10:00,123,17,14.7,4,2,30.13,0,2025-06-01 22:00:00,2025-06-02 04:00:00,W,Dufferin St,4,3,5,1
2025-06-01,14,10:00,123,17,14.7,4,2,30.13,0,2025-06-01 22:00:00,2025-06-02 04:00:00,W,Gerrard St East at Beaton Ave,0,0,0,1
2025-06-01,14,10:00,123,17,14.7,4,2,30.13,0,2025-06-01 22:00:00,2025-06-02 04:00:00,W,Bathurst St,0,0,0,0
2025-06-01,14,10:00,123,17,14.7,4,2,30.13,0,2025-06-01 22:00:00,2025-06-02 04:00:00,W,Yonge St - College Station,0,0,0,0
2025-06-01,14,10:00,123,17,14.7,4,2,30.13,0,2025-06-01 22:00:00,2025-06-02 04:00:00,W,Dundas St West at Sterling Rd,0,0,0,0
2025-06-01,14,10:00,123,17,14.7,4,2,30.13,0,2025-06-01 22:00:00,2025-06-02 04:00:00,W,Brock Ave,0,0,0,0
2025-06-01,14,10:00,123,17,14.7,4,2,30.13,0,2025-06-01 22:00:00,2025-06-02 04:00:00,W,Sackville St,3,3,4,1
2025-06-01,14,10:00,123,17,14.7,4,2,30.13,0,2025-06-01 22:00:00,2025-06-02 04:00:00,W,Carlaw Ave,0,0,0,0
2025-06-01,14,10:00,123,17,14.7,4,2,30.13,0,2025-06-01 22:00:00,2025-06-02 04:00:00,W,Borden St,0,0,0,0
2025-06-01,14,10:00,123,17,14.7,4,2,30.13,0,2025-06-01 22:00:00,2025-06-02 04:00:00,W,Dundas St West at Sorauren Ave,2,6,4,1
2025-06-01,14,10:00,123,17,14.7,4,2,30.13,0,2025-06-01 22:00:00,2025-06-02 04:00:00,W,Crawford St,0,0,0,0
2025-06-01,14,10:00,123,17,14.7,4,2,30.13,0,2025-06-01 22:00:00,2025-06-02 04:00:00,W,Pape Ave,0,0,0,0
2025-06-01,14,10:00,123,17,14.7,4,2,30.13,0,2025-06-01 22:00:00,2025-06-02 04:00:00,W,Spadina Ave,3,0,4,0
2025-06-01,14,10:00,123,17,14.7,4,2,30.13,0,2025-06-01 22:00:00,2025-06-02 04:00:00,W,River St,3,3,4,1
2025-06-01,14,10:00,123,17,14.7,4,2,30.13,0,2025-06-01 22:00:00,2025-06-02 04:00:00,W,Marjory Ave,0,0,0,0
2025-06-01,14,10:00,123,17,14.7,4,2,30.13,0,2025-06-01 22:00:00,2025-06-02 04:00:00,W,Kingsmount Park Rd,0,0,0,0
2025-06-01,14,10:00,123,17,14.7,4,2,30.13,0,2025-06-01 22:00:00,2025-06-02 04:00:00,W,Church St,0,0,0,0
2025-06-01,14,10:00,123,17,14.7,4,2,30.13,0,2025-06-01 22:00:00,2025-06-02 04:00:00,W,Ossington Ave,0,0,0,0
2025-06-01,14,10:00,123,17,14.7,4,2,30.13,0,2025-06-01 22:00:00,2025-06-02 04:00:00,W,Woodbine Ave,0,0,0,0
2025-06-01,14,10:00,123,17,14.7,4,2,30.13,0,2025-06-01 22:00:00,2025-06-02 04:00:00,W,Jones Ave,0,0,0,0
2025-06-01,14,10:00,123,17,14.7,4,2,30.13,0,2025-06-01 22:00:00,2025-06-02 04:00:00,W,Golfview Ave,0,0,0,0
2025-06-01,14,10:00,123,17,14.7,4,2,30.13,0,2025-06-01 22:00:00,2025-06-02 04:00:00,W,Leslie St,0,0,0,0
2025-06-01,14,10:00,123,17,14.7,4,2,30.13,0,2025-06-01 22:00:00,2025-06-02 04:00:00,W,St Matthews Rd,0,0,0,0
2025-06-01,14,10:00,123,17,14.7,4,2,30.13,0,2025-06-01 22:00:00,2025-06-02 04:00:00,W,Jarvis St,0,0,0,0
2025-06-01,14,10:00,123,17,14.7,4,2,30.13,0,2025-06-01 22:00:00,2025-06-02 04:00:00,W,Sherbourne St,0,0,0,0
2025-06-01,14,10:00,123,17,14.7,4,2,30.13,0,2025-06-01 22:00:00,2025-06-02 04:00:00,W,St George St,0,0,0,0
2025-06-01,14,10:00,123,17,14.7,4,2,30.13,0,2025-06-01 22:00:00,2025-06-02 04:00:00,W,Dovercourt Rd,0,0,0,0
2025-06-01,14,10:00,123,17,14.7,4,2,30.13,0,2025-06-01 22:00:00,2025-06-02 04:00:00,W,Glenmount Park Rd,0,0,0,0
2025-06-01,14,10:00,123,17,14.7,4,2,30.13,0,2025-06-01 22:00:00,2025-06-02 04:00:00,W,Prust Ave,0,0,0,0
2025-06-01,14,10:00,123,17,14.7,4,2,30.13,0,2025-06-01 22:00:00,2025-06-02 04:00:00,W,Main Street Station at Bay 7,0,2,1,1
2025-06-01,14,10:00,123,17,14.7,4,2,30.13,0,2025-06-01 22:00:00,2025-06-02 04:00:00,W,Norwood Rd,0,0,0,0
2025-06-01,14,10:00,123,17,14.7,4,2,30.13,0,2025-06-01 22:00:00,2025-06-02 04:00:00,W,McCaul St,0,0,0,0
2025-06-01,14,10:00,123,17,14.7,4,2,30.13,0,2025-06-01 22:00:00,2025-06-02 04:00:00,W,Broadview Ave,0,0,0,0
2025-06-01,14,10:00,123,17,14.7,4,2,30.13,0,2025-06-01 22:00:00,2025-06-02 04:00:00,W,Ontario St,0,0,0,0
2025-06-01,14,10:00,123,17,14.7,4,2,30.13,0,2025-06-01 22:00:00,2025-06-02 04:00:00,W,Rusholme Park Cres,0,0,0,0
2025-06-01,14,10:00,123,17,14.7,4,2,30.13,0,2025-06-01 22:00:00,2025-06-02 04:00:00,W,Havelock St,0,0,0,0
2025-06-01,14,10:00,123,17,14.7,4,2,30.13,0,2025-06-01 22:00:00,2025-06-02 04:00:00,W,High Park Loop,0,0,0,0
2025-06-01,14,10:00,123,17,14.7,4,2,30.13,0,2025-06-01 22:00:00,2025-06-02 04:00:00,W,Queens Park (Queen's Park Station),0,0,0,0
2025-06-01,14,10:00,123,17,14.7,4,2,30.13,0,2025-06-01 22:00:00,2025-06-02 04:00:00,W,Roncesvalles Ave,2,7,4,1
2025-06-01,14,10:00,123,17,14.7,4,2,30.13,0,2025-06-01 22:00:00,2025-06-02 04:00:00,W,De Grassi St,0,0,0,0
2025-06-01,14,10:00,123,17,14.7,4,2,30.13,0,2025-06-01 22:00:00,2025-06-02 04:00:00,W,Parliament St at Carlton St,0,0,0,0
2025-06-01,14,10:00,123,17,14.7,4,2,30.13,0,2025-06-01 22:00:00,2025-06-02 04:00:00,W,Parkside Dr East Side,0,0,0,0
2025-06-01,14,10:00,123,17,14.7,4,2,30.13,0,2025-06-01 22:00:00,2025-06-02 04:00:00,W,Dundas St West,2,6,3,1
2025-06-01,14,10:00,123,17,14.7,4,2,30.13,0,2025-06-01 22:00:00,2025-06-02 04:00:00,W,Howard Park Ave at Roncesvalles Ave,0,0,0,0
2025-06-01,14,10:00,123,17,14.7,4,2,30.13,0,2025-06-01 22:00:00,2025-06-02 04:00:00,W,Parliament St,0,0,0,0
2025-06-01,14,10:00,123,17,14.7,4,2,30.13,0,2025-06-01 22:00:00,2025-06-02 04:00:00,W,Parliament St at Gerrard St East,0,0,0,0
2025-06-01,14,10:00,123,17,14.7,4,2,30.13,0,2025-06-01 22:00:00,2025-06-02 04:00:00,W,Sumach St,0,0,0,0
2025-06-01,14,10:00,123,17,14.7,4,2,30.13,0,2025-06-01 22:00:00,2025-06-02 04:00:00,W,Blackburn St,0,0,0,0
2025-06-01,14,10:00,123,17,14.7,4,2,30.13,0,2025-06-01 22:00:00,2025-06-02 04:00:00,W,Logan Ave,0,0,0,0
2025-06-01,14,10:00,123,17,14.7,4,2,30.13,0,2025-06-01 22:00:00,2025-06-02 04:00:00,W,Augusta Ave,0,0,0,0
2025-06-01,14,10:00,123,17,14.7,4,2,30.13,0,2025-06-01 22:00:00,2025-06-02 04:00:00,W,Beverley St,0,0,0,0
2025-06-01,14,10:00,123,17,14.7,4,2,30.13,0,2025-06-01 22:00:00,2025-06-02 04:00:00,W,University Ave (Queen's Park Station,0,0,0,0
2025-06-01,14,10:00,123,17,14.7,4,2,30.13,0,2025-06-01 22:00:00,2025-06-02 04:00:00,W,Elizabeth St,0,0,0,0
2025-06-01,14,10:00,123,17,14.7,4,2,30.13,0,2025-06-01 22:00:00,2025-06-02 04:00:00,W,Greenwood Ave,0,0,0,0
2025-06-01,14,10:00,123,17,14.7,4,2,30.13,0,2025-06-01 22:00:00,2025-06-02 04:00:00,W,Alton Ave,0,0,0,0
2025-06-01,14,10:00,123,17,14.7,4,2,30.13,0,2025-06-01 22:00:00,2025-06-02 04:00:00,W,Coxwell Ave,0,0,0,0
2025-06-01,14,10:00,123,17,14.7,4,2,30.13,0,2025-06-01 22:00:00,2025-06-02 04:00:00,W,Gerrard St East  at Coxwell Ave,0,0,0,0
2025-06-01,14,10:00,123,17,14.7,4,2,30.13,0,2025-06-01 22:00:00,2025-06-02 04:00:00,W,Coxwell Ave at Lower Gerrard St East,0,0,0,0
2025-06-01,14,10:00,123,17,14.7,4,2,30.13,0,2025-06-01 22:00:00,2025-06-02 04:00:00,W,Ashdale Ave,0,0,0,0
2025-06-01,14,10:00,123,17,14.7,4,2,30.13,0,2025-06-01 22:00:00,2025-06-02 04:00:00,W,Howard Park Ave at Indian Rd,0,0,0,0
2025-06-01,14,10:00,123,17,14.7,4,2,30.13,0,2025-06-01 22:00:00,2025-06-02 04:00:00,W,Dundas St West at Howard Park Ave,0,0,0,0
2025-06-01,14,10:00,123,17,14.7,4,2,30.13,0,2025-06-01 22:00:00,2025-06-02 04:00:00,W,Main St at Gerrard St East,0,0,0,0
2025-06-01,14,10:00,123,17,14.7,4,2,30.13,0,2025-06-01 22:00:00,2025-06-02 04:00:00,W,Main St,0,0,0,0
2025-06-01,14,10:00,123,17,14.7,4,2,30.13,0,2025-06-01 22:00:00,2025-06-02 04:00:00,W,Main St at Danforth Ave,0,0,0,0
2025-06-01,14,10:00,123,17,14.7,4,2,30.13,0,2025-06-01 22:00:00,2025-06-02 04:00:00,W,Howard Park Ave at Parkside Dr,0,0,0,0
2025-06-08,14,10:00,123,17,14.7,4,2,30.13,0,2025-06-08 22:00:00,2025-06-09 04:00:00,E,Woodfield Rd,2,2,2,2
2025-06-08,14,10:00,123,17,14.7,4,2,30.13,0,2025-06-08 22:00:00,2025-06-09 04:00:00,E,Coxwell Ave at Gerrard St East,0,0,0,0
2025-06-08,14,10:00,123,17,14.7,4,2,30.13,0,2025-06-08 22:00:00,2025-06-09 04:00:00,E,Euclid Ave,0,0,0,0
2025-06-08,14,10:00,123,17,14.7,4,2,30.13,0,2025-06-08 22:00:00,2025-06-09 04:00:00,E,Bowmore Rd,2,4,3,1
2025-06-08,14,10:00,123,17,14.7,4,2,30.13,0,2025-06-08 22:00:00,2025-06-09 04:00:00,E,Bay St,1,3,2,3
2025-06-08,14,10:00,123,17,14.7,4,2,30.13,0,2025-06-08 22:00:00,2025-06-09 04:00:00,E,Lansdowne Ave,4,6,6,2
2025-06-08,14,10:00,123,17,14.7,4,2,30.13,0,2025-06-08 22:00:00,2025-06-09 04:00:00,E,Indian Rd,0,4,5,1
2025-06-08,14,10:00,123,17,14.7,4,2,30.13,0,2025-06-08 22:00:00,2025-06-09 04:00:00,E,Grace St,1,5,8,2
2025-06-08,14,10:00,123,17,14.7,4,2,30.13,0,2025-06-08 22:00:00,2025-06-09 04:00:00,E,Dufferin St,1,3,3,2
2025-06-08,14,10:00,123,17,14.7,4,2,30.13,0,2025-06-08 22:00:00,2025-06-09 04:00:00,E,Gerrard St East at Beaton Ave,1,4,3,1
2025-06-08,14,10:00,123,17,14.7,4,2,30.13,0,2025-06-08 22:00:00,2025-06-09 04:00:00,E,Bathurst St,1,1,2,1
2025-06-08,14,10:00,123,17,14.7,4,2,30.13,0,2025-06-08 22:00:00,2025-06-09 04:00:00,E,Yonge St - College Station,1,3,2,2
2025-06-08,14,10:00,123,17,14.7,4,2,30.13,0,2025-06-08 22:00:00,2025-06-09 04:00:00,E,Dundas St West at Sterling Rd,1,2,3,1
2025-06-08,14,10:00,123,17,14.7,4,2,30.13,0,2025-06-08 22:00:00,2025-06-09 04:00:00,E,Brock Ave,2,6,7,2
2025-06-08,14,10:00,123,17,14.7,4,2,30.13,0,2025-06-08 22:00:00,2025-06-09 04:00:00,E,Sackville St,1,3,3,1
2025-06-08,14,10:00,123,17,14.7,4,2,30.13,0,2025-06-08 22:00:00,2025-06-09 04:00:00,E,Carlaw Ave,1,3,2,2
2025-06-08,14,10:00,123,17,14.7,4,2,30.13,0,2025-06-08 22:00:00,2025-06-09 04:00:00,E,Borden St,1,1,2,1
2025-06-08,14,10:00,123,17,14.7,4,2,30.13,0,2025-06-08 22:00:00,2025-06-09 04:00:00,E,Dundas St West at Sorauren Ave,1,3,3,1
2025-06-08,14,10:00,123,17,14.7,4,2,30.13,0,2025-06-08 22:00:00,2025-06-09 04:00:00,E,Crawford St,2,7,8,2
2025-06-08,14,10:00,123,17,14.7,4,2,30.13,0,2025-06-08 22:00:00,2025-06-09 04:00:00,E,Pape Ave,1,3,2,2
2025-06-08,14,10:00,123,17,14.7,4,2,30.13,0,2025-06-08 22:00:00,2025-06-09 04:00:00,E,Spadina Ave,1,1,2,1
2025-06-08,14,10:00,123,17,14.7,4,2,30.13,0,2025-06-08 22:00:00,2025-06-09 04:00:00,E,River St,1,2,3,1
2025-06-08,14,10:00,123,17,14.7,4,2,30.13,0,2025-06-08 22:00:00,2025-06-09 04:00:00,E,Marjory Ave,1,3,2,2
2025-06-08,14,10:00,123,17,14.7,4,2,30.13,0,2025-06-08 22:00:00,2025-06-09 04:00:00,E,Kingsmount Park Rd,2,5,3,1
2025-06-08,14,10:00,123,17,14.7,4,2,30.13,0,2025-06-08 22:00:00,2025-06-09 04:00:00,E,Church St,0,0,0,0
2025-06-08,14,10:00,123,17,14.7,4,2,30.13,0,2025-06-08 22:00:00,2025-06-09 04:00:00,E,Ossington Ave,2,6,7,2
2025-06-08,14,10:00,123,17,14.7,4,2,30.13,0,2025-06-08 22:00:00,2025-06-09 04:00:00,E,Woodbine Ave,1,4,4,1
2025-06-08,14,10:00,123,17,14.7,4,2,30.13,0,2025-06-08 22:00:00,2025-06-09 04:00:00,E,Jones Ave,1,3,2,2
2025-06-08,14,10:00,123,17,14.7,4,2,30.13,0,2025-06-08 22:00:00,2025-06-09 04:00:00,E,Golfview Ave,1,5,4,1
2025-06-08,14,10:00,123,17,14.7,4,2,30.13,0,2025-06-08 22:00:00,2025-06-09 04:00:00,E,Leslie St,2,2,2,2
2025-06-08,14,10:00,123,17,14.7,4,2,30.13,0,2025-06-08 22:00:00,2025-06-09 04:00:00,E,St Matthews Rd,0,1,3,2
2025-06-08,14,10:00,123,17,14.7,4,2,30.13,0,2025-06-08 22:00:00,2025-06-09 04:00:00,E,Jarvis St,1,3,3,1
2025-06-08,14,10:00,123,17,14.7,4,2,30.13,0,2025-06-08 22:00:00,2025-06-09 04:00:00,E,Sherbourne St,1,3,3,1
2025-06-08,14,10:00,123,17,14.7,4,2,30.13,0,2025-06-08 22:00:00,2025-06-09 04:00:00,E,St George St,2,3,3,2
2025-06-08,14,10:00,123,17,14.7,4,2,30.13,0,2025-06-08 22:00:00,2025-06-09 04:00:00,E,Dovercourt Rd,1,6,8,4
2025-06-08,14,10:00,123,17,14.7,4,2,30.13,0,2025-06-08 22:00:00,2025-06-09 04:00:00,E,Glenmount Park Rd,1,5,3,1
2025-06-08,14,10:00,123,17,14.7,4,2,30.13,0,2025-06-08 22:00:00,2025-06-09 04:00:00,E,Prust Ave,2,2,2,2
2025-06-08,14,10:00,123,17,14.7,4,2,30.13,0,2025-06-08 22:00:00,2025-06-09 04:00:00,E,Main Street Station at Bay 7,0,0,0,0
2025-06-08,14,10:00,123,17,14.7,4,2,30.13,0,2025-06-08 22:00:00,2025-06-09 04:00:00,E,Norwood Rd,2,5,3,1
2025-06-08,14,10:00,123,17,14.7,4,2,30.13,0,2025-06-08 22:00:00,2025-06-09 04:00:00,E,McCaul St,1,3,3,2
2025-06-08,14,10:00,123,17,14.7,4,2,30.13,0,2025-06-08 22:00:00,2025-06-09 04:00:00,E,Broadview Ave,0,1,3,1
2025-06-08,14,10:00,123,17,14.7,4,2,30.13,0,2025-06-08 22:00:00,2025-06-09 04:00:00,E,Ontario St,2,3,3,1
2025-06-08,14,10:00,123,17,14.7,4,2,30.13,0,2025-06-08 22:00:00,2025-06-09 04:00:00,E,Rusholme Park Cres,1,4,5,2
2025-06-08,14,10:00,123,17,14.7,4,2,30.13,0,2025-06-08 22:00:00,2025-06-09 04:00:00,E,Havelock St,2,2,2,2
2025-06-08,14,10:00,123,17,14.7,4,2,30.13,0,2025-06-08 22:00:00,2025-06-09 04:00:00,E,High Park Loop,0,5,8,2
2025-06-08,14,10:00,123,17,14.7,4,2,30.13,0,2025-06-08 22:00:00,2025-06-09 04:00:00,E,Queens Park (Queen's Park Station),0,2,3,2
2025-06-08,14,10:00,123,17,14.7,4,2,30.13,0,2025-06-08 22:00:00,2025-06-09 04:00:00,E,Roncesvalles Ave,1,4,4,1
2025-06-08,14,10:00,123,17,14.7,4,2,30.13,0,2025-06-08 22:00:00,2025-06-09 04:00:00,E,De Grassi St,3,2,3,1
2025-06-08,14,10:00,123,17,14.7,4,2,30.13,0,2025-06-08 22:00:00,2025-06-09 04:00:00,E,Parliament St at Carlton St,3,3,3,1
2025-06-08,14,10:00,123,17,14.7,4,2,30.13,0,2025-06-08 22:00:00,2025-06-09 04:00:00,E,Parkside Dr East Side,0,3,4,2
2025-06-08,14,10:00,123,17,14.7,4,2,30.13,0,2025-06-08 22:00:00,2025-06-09 04:00:00,E,Dundas St West,1,3,3,1
2025-06-08,14,10:00,123,17,14.7,4,2,30.13,0,2025-06-08 22:00:00,2025-06-09 04:00:00,E,Howard Park Ave at Roncesvalles Ave,0,0,0,0
2025-06-08,14,10:00,123,17,14.7,4,2,30.13,0,2025-06-08 22:00:00,2025-06-09 04:00:00,E,Parliament St,0,0,0,0
2025-06-08,14,10:00,123,17,14.7,4,2,30.13,0,2025-06-08 22:00:00,2025-06-09 04:00:00,E,Parliament St at Gerrard St East,0,0,0,0
2025-06-08,14,10:00,123,17,14.7,4,2,30.13,0,2025-06-08 22:00:00,2025-06-09 04:00:00,E,Sumach St,0,0,0,0
2025-06-08,14,10:00,123,17,14.7,4,2,30.13,0,2025-06-08 22:00:00,2025-06-09 04:00:00,E,Blackburn St,0,0,0,0
2025-06-08,14,10:00,123,17,14.7,4,2,30.13,0,2025-06-08 22:00:00,2025-06-09 04:00:00,E,Logan Ave,1,1,2,1
2025-06-08,14,10:00,123,17,14.7,4,2,30.13,0,2025-06-08 22:00:00,2025-06-09 04:00:00,E,Augusta Ave,0,0,0,0
2025-06-08,14,10:00,123,17,14.7,4,2,30.13,0,2025-06-08 22:00:00,2025-06-09 04:00:00,E,Beverley St,0,0,0,0
2025-06-08,14,10:00,123,17,14.7,4,2,30.13,0,2025-06-08 22:00:00,2025-06-09 04:00:00,E,University Ave (Queen's Park Station,0,0,0,0
2025-06-08,14,10:00,123,17,14.7,4,2,30.13,0,2025-06-08 22:00:00,2025-06-09 04:00:00,E,Elizabeth St,0,0,0,0
2025-06-08,14,10:00,123,17,14.7,4,2,30.13,0,2025-06-08 22:00:00,2025-06-09 04:00:00,E,Greenwood Ave,0,0,0,0
2025-06-08,14,10:00,123,17,14.7,4,2,30.13,0,2025-06-08 22:00:00,2025-06-09 04:00:00,E,Alton Ave,0,0,0,0
2025-06-08,14,10:00,123,17,14.7,4,2,30.13,0,2025-06-08 22:00:00,2025-06-09 04:00:00,E,Coxwell Ave,0,0,0,0
2025-06-08,14,10:00,123,17,14.7,4,2,30.13,0,2025-06-08 22:00:00,2025-06-09 04:00:00,E,Gerrard St East  at Coxwell Ave,0,0,0,0
2025-06-08,14,10:00,123,17,14.7,4,2,30.13,0,2025-06-08 22:00:00,2025-06-09 04:00:00,E,Coxwell Ave at Lower Gerrard St East,0,0,0,0
2025-06-08,14,10:00,123,17,14.7,4,2,30.13,0,2025-06-08 22:00:00,2025-06-09 04:00:00,E,Ashdale Ave,0,0,0,0
2025-06-08,14,10:00,123,17,14.7,4,2,30.13,0,2025-06-08 22:00:00,2025-06-09 04:00:00,E,Howard Park Ave at Indian Rd,0,0,0,0
2025-06-08,14,10:00,123,17,14.7,4,2,30.13,0,2025-06-08 22:00:00,2025-06-09 04:00:00,E,Dundas St West at Howard Park Ave,0,0,0,0
2025-06-08,14,10:00,123,17,14.7,4,2,30.13,0,2025-06-08 22:00:00,2025-06-09 04:00:00,E,Main St at Gerrard St East,0,0,0,0
2025-06-08,14,10:00,123,17,14.7,4,2,30.13,0,2025-06-08 22:00:00,2025-06-09 04:00:00,E,Main St,0,0,0,0
2025-06-08,14,10:00,123,17,14.7,4,2,30.13,0,2025-06-08 22:00:00,2025-06-09 04:00:00,E,Main St at Danforth Ave,0,0,0,0
2025-06-08,14,10:00,123,17,14.7,4,2,30.13,0,2025-06-08 22:00:00,2025-06-09 04:00:00,E,Howard Park Ave at Parkside Dr,0,0,0,0
2025-06-08,14,10:00,123,17,14.7,4,2,30.13,0,2025-06-08 22:00:00,2025-06-09 04:00:00,W,Woodfield Rd,0,3,1,1
2025-06-08,14,10:00,123,17,14.7,4,2,30.13,0,2025-06-08 22:00:00,2025-06-09 04:00:00,W,Coxwell Ave at Gerrard St East,0,3,2,1
2025-06-08,14,10:00,123,17,14.7,4,2,30.13,0,2025-06-08 22:00:00,2025-06-09 04:00:00,W,Euclid Ave,0,0,0,0
2025-06-08,14,10:00,123,17,14.7,4,2,30.13,0,2025-06-08 22:00:00,2025-06-09 04:00:00,W,Bowmore Rd,0,3,1,0
2025-06-08,14,10:00,123,17,14.7,4,2,30.13,0,2025-06-08 22:00:00,2025-06-09 04:00:00,W,Bay St,1,2,1,0
2025-06-08,14,10:00,123,17,14.7,4,2,30.13,0,2025-06-08 22:00:00,2025-06-09 04:00:00,W,Lansdowne Ave,0,0,0,0
2025-06-08,14,10:00,123,17,14.7,4,2,30.13,0,2025-06-08 22:00:00,2025-06-09 04:00:00,W,Indian Rd,2,4,4,0
2025-06-08,14,10:00,123,17,14.7,4,2,30.13,0,2025-06-08 22:00:00,2025-06-09 04:00:00,W,Grace St,0,0,0,0
2025-06-08,14,10:00,123,17,14.7,4,2,30.13,0,2025-06-08 22:00:00,2025-06-09 04:00:00,W,Dufferin St,4,2,5,1
2025-06-08,14,10:00,123,17,14.7,4,2,30.13,0,2025-06-08 22:00:00,2025-06-09 04:00:00,W,Gerrard St East at Beaton Ave,0,2,1,1
2025-06-08,14,10:00,123,17,14.7,4,2,30.13,0,2025-06-08 22:00:00,2025-06-09 04:00:00,W,Bathurst St,0,0,0,0
2025-06-08,14,10:00,123,17,14.7,4,2,30.13,0,2025-06-08 22:00:00,2025-06-09 04:00:00,W,Yonge St - College Station,0,0,0,0
2025-06-08,14,10:00,123,17,14.7,4,2,30.13,0,2025-06-08 22:00:00,2025-06-09 04:00:00,W,Dundas St West at Sterling Rd,0,0,0,0
2025-06-08,14,10:00,123,17,14.7,4,2,30.13,0,2025-06-08 22:00:00,2025-06-09 04:00:00,W,Brock Ave,0,0,0,0
2025-06-08,14,10:00,123,17,14.7,4,2,30.13,0,2025-06-08 22:00:00,2025-06-09 04:00:00,W,Sackville St,5,2,5,0
2025-06-08,14,10:00,123,17,14.7,4,2,30.13,0,2025-06-08 22:00:00,2025-06-09 04:00:00,W,Carlaw Ave,0,0,0,0
2025-06-08,14,10:00,123,17,14.7,4,2,30.13,0,2025-06-08 22:00:00,2025-06-09 04:00:00,W,Borden St,0,0,0,0
2025-06-08,14,10:00,123,17,14.7,4,2,30.13,0,2025-06-08 22:00:00,2025-06-09 04:00:00,W,Dundas St West at Sorauren Ave,2,3,3,0
2025-06-08,14,10:00,123,17,14.7,4,2,30.13,0,2025-06-08 22:00:00,2025-06-09 04:00:00,W,Crawford St,0,0,0,0
2025-06-08,14,10:00,123,17,14.7,4,2,30.13,0,2025-06-08 22:00:00,2025-06-09 04:00:00,W,Pape Ave,0,0,0,0
2025-06-08,14,10:00,123,17,14.7,4,2,30.13,0,2025-06-08 22:00:00,2025-06-09 04:00:00,W,Spadina Ave,3,1,2,0
2025-06-08,14,10:00,123,17,14.7,4,2,30.13,0,2025-06-08 22:00:00,2025-06-09 04:00:00,W,River St,5,3,5,0
2025-06-08,14,10:00,123,17,14.7,4,2,30.13,0,2025-06-08 22:00:00,2025-06-09 04:00:00,W,Marjory Ave,0,0,0,0
2025-06-08,14,10:00,123,17,14.7,4,2,30.13,0,2025-06-08 22:00:00,2025-06-09 04:00:00,W,Kingsmount Park Rd,0,0,0,0
2025-06-08,14,10:00,123,17,14.7,4,2,30.13,0,2025-06-08 22:00:00,2025-06-09 04:00:00,W,Church St,0,0,0,0
2025-06-08,14,10:00,123,17,14.7,4,2,30.13,0,2025-06-08 22:00:00,2025-06-09 04:00:00,W,Ossington Ave,0,0,0,0
2025-06-08,14,10:00,123,17,14.7,4,2,30.13,0,2025-06-08 22:00:00,2025-06-09 04:00:00,W,Woodbine Ave,0,0,0,0
2025-06-08,14,10:00,123,17,14.7,4,2,30.13,0,2025-06-08 22:00:00,2025-06-09 04:00:00,W,Jones Ave,0,0,0,0
2025-06-08,14,10:00,123,17,14.7,4,2,30.13,0,2025-06-08 22:00:00,2025-06-09 04:00:00,W,Golfview Ave,0,0,0,0
2025-06-08,14,10:00,123,17,14.7,4,2,30.13,0,2025-06-08 22:00:00,2025-06-09 04:00:00,W,Leslie St,0,0,0,0
2025-06-08,14,10:00,123,17,14.7,4,2,30.13,0,2025-06-08 22:00:00,2025-06-09 04:00:00,W,St Matthews Rd,0,0,0,0
2025-06-08,14,10:00,123,17,14.7,4,2,30.13,0,2025-06-08 22:00:00,2025-06-09 04:00:00,W,Jarvis St,0,0,0,0
2025-06-08,14,10:00,123,17,14.7,4,2,30.13,0,2025-06-08 22:00:00,2025-06-09 04:00:00,W,Sherbourne St,0,0,0,0
2025-06-08,14,10:00,123,17,14.7,4,2,30.13,0,2025-06-08 22:00:00,2025-06-09 04:00:00,W,St George St,0,0,0,0
2025-06-08,14,10:00,123,17,14.7,4,2,30.13,0,2025-06-08 22:00:00,2025-06-09 04:00:00,W,Dovercourt Rd,0,0,0,0
2025-06-08,14,10:00,123,17,14.7,4,2,30.13,0,2025-06-08 22:00:00,2025-06-09 04:00:00,W,Glenmount Park Rd,0,0,0,0
2025-06-08,14,10:00,123,17,14.7,4,2,30.13,0,2025-06-08 22:00:00,2025-06-09 04:00:00,W,Prust Ave,0,0,0,0
2025-06-08,14,10:00,123,17,14.7,4,2,30.13,0,2025-06-08 22:00:00,2025-06-09 04:00:00,W,Main Street Station at Bay 7,0,3,1,0
2025-06-08,14,10:00,123,17,14.7,4,2,30.13,0,2025-06-08 22:00:00,2025-06-09 04:00:00,W,Norwood Rd,0,0,0,0
2025-06-08,14,10:00,123,17,14.7,4,2,30.13,0,2025-06-08 22:00:00,2025-06-09 04:00:00,W,McCaul St,0,0,0,0
2025-06-08,14,10:00,123,17,14.7,4,2,30.13,0,2025-06-08 22:00:00,2025-06-09 04:00:00,W,Broadview Ave,0,0,0,0
2025-06-08,14,10:00,123,17,14.7,4,2,30.13,0,2025-06-08 22:00:00,2025-06-09 04:00:00,W,Ontario St,0,0,0,0
2025-06-08,14,10:00,123,17,14.7,4,2,30.13,0,2025-06-08 22:00:00,2025-06-09 04:00:00,W,Rusholme Park Cres,0,0,0,0
2025-06-08,14,10:00,123,17,14.7,4,2,30.13,0,2025-06-08 22:00:00,2025-06-09 04:00:00,W,Havelock St,0,0,0,0
2025-06-08,14,10:00,123,17,14.7,4,2,30.13,0,2025-06-08 22:00:00,2025-06-09 04:00:00,W,High Park Loop,0,0,0,0
2025-06-08,14,10:00,123,17,14.7,4,2,30.13,0,2025-06-08 22:00:00,2025-06-09 04:00:00,W,Queens Park (Queen's Park Station),0,0,0,0
2025-06-08,14,10:00,123,17,14.7,4,2,30.13,0,2025-06-08 22:00:00,2025-06-09 04:00:00,W,Roncesvalles Ave,1,2,4,0
2025-06-08,14,10:00,123,17,14.7,4,2,30.13,0,2025-06-08 22:00:00,2025-06-09 04:00:00,W,De Grassi St,0,0,0,0
2025-06-08,14,10:00,123,17,14.7,4,2,30.13,0,2025-06-08 22:00:00,2025-06-09 04:00:00,W,Parliament St at Carlton St,0,0,0,0
2025-06-08,14,10:00,123,17,14.7,4,2,30.13,0,2025-06-08 22:00:00,2025-06-09 04:00:00,W,Parkside Dr East Side,0,0,0,0
2025-06-08,14,10:00,123,17,14.7,4,2,30.13,0,2025-06-08 22:00:00,2025-06-09 04:00:00,W,Dundas St West,2,2,3,0
2025-06-08,14,10:00,123,17,14.7,4,2,30.13,0,2025-06-08 22:00:00,2025-06-09 04:00:00,W,Howard Park Ave at Roncesvalles Ave,0,0,0,0
2025-06-08,14,10:00,123,17,14.7,4,2,30.13,0,2025-06-08 22:00:00,2025-06-09 04:00:00,W,Parliament St,0,0,0,0
2025-06-08,14,10:00,123,17,14.7,4,2,30.13,0,2025-06-08 22:00:00,2025-06-09 04:00:00,W,Parliament St at Gerrard St East,0,0,0,0
2025-06-08,14,10:00,123,17,14.7,4,2,30.13,0,2025-06-08 22:00:00,2025-06-09 04:00:00,W,Sumach St,0,0,0,0
2025-06-08,14,10:00,123,17,14.7,4,2,30.13,0,2025-06-08 22:00:00,2025-06-09 04:00:00,W,Blackburn St,0,0,0,0
2025-06-08,14,10:00,123,17,14.7,4,2,30.13,0,2025-06-08 22:00:00,2025-06-09 04:00:00,W,Logan Ave,0,0,0,0
2025-06-08,14,10:00,123,17,14.7,4,2,30.13,0,2025-06-08 22:00:00,2025-06-09 04:00:00,W,Augusta Ave,0,0,0,0
2025-06-08,14,10:00,123,17,14.7,4,2,30.13,0,2025-06-08 22:00:00,2025-06-09 04:00:00,W,Beverley St,0,0,0,0
2025-06-08,14,10:00,123,17,14.7,4,2,30.13,0,2025-06-08 22:00:00,2025-06-09 04:00:00,W,University Ave (Queen's Park Station,0,0,0,0
2025-06-08,14,10:00,123,17,14.7,4,2,30.13,0,2025-06-08 22:00:00,2025-06-09 04:00:00,W,Elizabeth St,0,0,0,0
2025-06-08,14,10:00,123,17,14.7,4,2,30.13,0,2025-06-08 22:00:00,2025-06-09 04:00:00,W,Greenwood Ave,0,0,0,0
2025-06-08,14,10:00,123,17,14.7,4,2,30.13,0,2025-06-08 22:00:00,2025-06-09 04:00:00,W,Alton Ave,0,0,0,0
2025-06-08,14,10:00,123,17,14.7,4,2,30.13,0,2025-06-08 22:00:00,2025-06-09 04:00:00,W,Coxwell Ave,0,0,0,0
2025-06-08,14,10:00,123,17,14.7,4,2,30.13,0,2025-06-08 22:00:00,2025-06-09 04:00:00,W,Gerrard St East  at Coxwell Ave,0,0,0,0
2025-06-08,14,10:00,123,17,14.7,4,2,30.13,0,2025-06-08 22:00:00,2025-06-09 04:00:00,W,Coxwell Ave at Lower Gerrard St East,0,0,0,0
2025-06-08,14,10:00,123,17,14.7,4,2,30.13,0,2025-06-08 22:00:00,2025-06-09 04:00:00,W,Ashdale Ave,0,0,0,0
2025-06-08,14,10:00,123,17,14.7,4,2,30.13,0,2025-06-08 22:00:00,2025-06-09 04:00:00,W,Howard Park Ave at Indian Rd,0,0,0,0
2025-06-08,14,10:00,123,17,14.7,4,2,30.13,0,2025-06-08 22:00:00,2025-06-09 04:00:00,W,Dundas St West at Howard Park Ave,0,0,0,0
2025-06-08,14,10:00,123,17,14.7,4,2,30.13,0,2025-06-08 22:00:00,2025-06-09 04:00:00,W,Main St at Gerrard St East,0,0,0,0
2025-06-08,14,10:00,123,17,14.7,4,2,30.13,0,2025-06-08 22:00:00,2025-06-09 04:00:00,W,Main St,0,0,0,0
2025-06-08,14,10:00,123,17,14.7,4,2,30.13,0,2025-06-08 22:00:00,2025-06-09 04:00:00,W,Main St at Danforth Ave,0,0,0,0
2025-06-08,14,10:00,123,17,14.7,4,2,30.13,0,2025-06-08 22:00:00,2025-06-09 04:00:00,W,Howard Park Ave at Parkside Dr,0,0,0,0
2025-06-15,14,10:00,123,17,14.7,4,2,30.13,0,2025-06-15 22:00:00,2025-06-16 04:00:00,E,Woodfield Rd,3,5,2,1
2025-06-15,14,10:00,123,17,14.7,4,2,30.13,0,2025-06-15 22:00:00,2025-06-16 04:00:00,E,Coxwell Ave at Gerrard St East,0,0,0,0
2025-06-15,14,10:00,123,17,14.7,4,2,30.13,0,2025-06-15 22:00:00,2025-06-16 04:00:00,E,Euclid Ave,0,0,0,0
2025-06-15,14,10:00,123,17,14.7,4,2,30.13,0,2025-06-15 22:00:00,2025-06-16 04:00:00,E,Bowmore Rd,4,3,2,0
2025-06-15,14,10:00,123,17,14.7,4,2,30.13,0,2025-06-15 22:00:00,2025-06-16 04:00:00,E,Bay St,5,2,3,1
2025-06-15,14,10:00,123,17,14.7,4,2,30.13,0,2025-06-15 22:00:00,2025-06-16 04:00:00,E,Lansdowne Ave,4,7,2,2
2025-06-15,14,10:00,123,17,14.7,4,2,30.13,0,2025-06-15 22:00:00,2025-06-16 04:00:00,E,Indian Rd,0,3,0,1
2025-06-15,14,10:00,123,17,14.7,4,2,30.13,0,2025-06-15 22:00:00,2025-06-16 04:00:00,E,Grace St,0,5,1,2
2025-06-15,14,10:00,123,17,14.7,4,2,30.13,0,2025-06-15 22:00:00,2025-06-16 04:00:00,E,Dufferin St,4,4,2,1
2025-06-15,14,10:00,123,17,14.7,4,2,30.13,0,2025-06-15 22:00:00,2025-06-16 04:00:00,E,Gerrard St East at Beaton Ave,5,3,2,0
2025-06-15,14,10:00,123,17,14.7,4,2,30.13,0,2025-06-15 22:00:00,2025-06-16 04:00:00,E,Bathurst St,2,3,2,0
2025-06-15,14,10:00,123,17,14.7,4,2,30.13,0,2025-06-15 22:00:00,2025-06-16 04:00:00,E,Yonge St - College Station,3,3,2,1
2025-06-15,14,10:00,123,17,14.7,4,2,30.13,0,2025-06-15 22:00:00,2025-06-16 04:00:00,E,Dundas St West at Sterling Rd,0,0,0,0
2025-06-15,14,10:00,123,17,14.7,4,2,30.13,0,2025-06-15 22:00:00,2025-06-16 04:00:00,E,Brock Ave,4,7,2,2
2025-06-15,14,10:00,123,17,14.7,4,2,30.13,0,2025-06-15 22:00:00,2025-06-16 04:00:00,E,Sackville St,1,3,1,0
2025-06-15,14,10:00,123,17,14.7,4,2,30.13,0,2025-06-15 22:00:00,2025-06-16 04:00:00,E,Carlaw Ave,4,3,2,1
2025-06-15,14,10:00,123,17,14.7,4,2,30.13,0,2025-06-15 22:00:00,2025-06-16 04:00:00,E,Borden St,4,3,2,1
2025-06-15,14,10:00,123,17,14.7,4,2,30.13,0,2025-06-15 22:00:00,2025-06-16 04:00:00,E,Dundas St West at Sorauren Ave,0,3,1,0
2025-06-15,14,10:00,123,17,14.7,4,2,30.13,0,2025-06-15 22:00:00,2025-06-16 04:00:00,E,Crawford St,2,6,1,1
2025-06-15,14,10:00,123,17,14.7,4,2,30.13,0,2025-06-15 22:00:00,2025-06-16 04:00:00,E,Pape Ave,4,3,2,1
2025-06-15,14,10:00,123,17,14.7,4,2,30.13,0,2025-06-15 22:00:00,2025-06-16 04:00:00,E,Spadina Ave,4,3,2,1
2025-06-15,14,10:00,123,17,14.7,4,2,30.13,0,2025-06-15 22:00:00,2025-06-16 04:00:00,E,River St,1,3,1,0
2025-06-15,14,10:00,123,17,14.7,4,2,30.13,0,2025-06-15 22:00:00,2025-06-16 04:00:00,E,Marjory Ave,3,3,2,1
2025-06-15,14,10:00,123,17,14.7,4,2,30.13,0,2025-06-15 22:00:00,2025-06-16 04:00:00,E,Kingsmount Park Rd,4,4,2,0
2025-06-15,14,10:00,123,17,14.7,4,2,30.13,0,2025-06-15 22:00:00,2025-06-16 04:00:00,E,Church St,0,0,0,0
2025-06-15,14,10:00,123,17,14.7,4,2,30.13,0,2025-06-15 22:00:00,2025-06-16 04:00:00,E,Ossington Ave,4,5,2,2
2025-06-15,14,10:00,123,17,14.7,4,2,30.13,0,2025-06-15 22:00:00,2025-06-16 04:00:00,E,Woodbine Ave,4,5,2,0
2025-06-15,14,10:00,123,17,14.7,4,2,30.13,0,2025-06-15 22:00:00,2025-06-16 04:00:00,E,Jones Ave,3,4,2,1
2025-06-15,14,10:00,123,17,14.7,4,2,30.13,0,2025-06-15 22:00:00,2025-06-16 04:00:00,E,Golfview Ave,4,5,1,0
2025-06-15,14,10:00,123,17,14.7,4,2,30.13,0,2025-06-15 22:00:00,2025-06-16 04:00:00,E,Leslie St,3,4,2,1
2025-06-15,14,10:00,123,17,14.7,4,2,30.13,0,2025-06-15 22:00:00,2025-06-16 04:00:00,E,St Matthews Rd,3,2,2,0
2025-06-15,14,10:00,123,17,14.7,4,2,30.13,0,2025-06-15 22:00:00,2025-06-16 04:00:00,E,Jarvis St,0,4,1,1
2025-06-15,14,10:00,123,17,14.7,4,2,30.13,0,2025-06-15 22:00:00,2025-06-16 04:00:00,E,Sherbourne St,0,4,1,1
2025-06-15,14,10:00,123,17,14.7,4,2,30.13,0,2025-06-15 22:00:00,2025-06-16 04:00:00,E,St George St,4,2,1,1
2025-06-15,14,10:00,123,17,14.7,4,2,30.13,0,2025-06-15 22:00:00,2025-06-16 04:00:00,E,Dovercourt Rd,6,4,3,1
2025-06-15,14,10:00,123,17,14.7,4,2,30.13,0,2025-06-15 22:00:00,2025-06-16 04:00:00,E,Glenmount Park Rd,4,5,1,0
2025-06-15,14,10:00,123,17,14.7,4,2,30.13,0,2025-06-15 22:00:00,2025-06-16 04:00:00,E,Prust Ave,3,4,2,1
2025-06-15,14,10:00,123,17,14.7,4,2,30.13,0,2025-06-15 22:00:00,2025-06-16 04:00:00,E,Main Street Station at Bay 7,0,0,0,0
2025-06-15,14,10:00,123,17,14.7,4,2,30.13,0,2025-06-15 22:00:00,2025-06-16 04:00:00,E,Norwood Rd,4,5,1,0
2025-06-15,14,10:00,123,17,14.7,4,2,30.13,0,2025-06-15 22:00:00,2025-06-16 04:00:00,E,McCaul St,6,2,3,0
2025-06-15,14,10:00,123,17,14.7,4,2,30.13,0,2025-06-15 22:00:00,2025-06-16 04:00:00,E,Broadview Ave,3,2,2,0
2025-06-15,14,10:00,123,17,14.7,4,2,30.13,0,2025-06-15 22:00:00,2025-06-16 04:00:00,E,Ontario St,1,3,0,0
2025-06-15,14,10:00,123,17,14.7,4,2,30.13,0,2025-06-15 22:00:00,2025-06-16 04:00:00,E,Rusholme Park Cres,0,3,0,1
2025-06-15,14,10:00,123,17,14.7,4,2,30.13,0,2025-06-15 22:00:00,2025-06-16 04:00:00,E,Havelock St,3,4,2,1
2025-06-15,14,10:00,123,17,14.7,4,2,30.13,0,2025-06-15 22:00:00,2025-06-16 04:00:00,E,High Park Loop,0,2,2,4
2025-06-15,14,10:00,123,17,14.7,4,2,30.13,0,2025-06-15 22:00:00,2025-06-16 04:00:00,E,Queens Park (Queen's Park Station),5,2,3,0
2025-06-15,14,10:00,123,17,14.7,4,2,30.13,0,2025-06-15 22:00:00,2025-06-16 04:00:00,E,Roncesvalles Ave,0,2,0,1
2025-06-15,14,10:00,123,17,14.7,4,2,30.13,0,2025-06-15 22:00:00,2025-06-16 04:00:00,E,De Grassi St,2,3,2,0
2025-06-15,14,10:00,123,17,14.7,4,2,30.13,0,2025-06-15 22:00:00,2025-06-16 04:00:00,E,Parliament St at Carlton St,2,3,0,0
2025-06-15,14,10:00,123,17,14.7,4,2,30.13,0,2025-06-15 22:00:00,2025-06-16 04:00:00,E,Parkside Dr East Side,0,2,1,2
2025-06-15,14,10:00,123,17,14.7,4,2,30.13,0,2025-06-15 22:00:00,2025-06-16 04:00:00,E,Dundas St West,0,3,0,0
2025-06-15,14,10:00,123,17,14.7,4,2,30.13,0,2025-06-15 22:00:00,2025-06-16 04:00:00,E,Howard Park Ave at Roncesvalles Ave,0,0,0,0
2025-06-15,14,10:00,123,17,14.7,4,2,30.13,0,2025-06-15 22:00:00,2025-06-16 04:00:00,E,Parliament St,0,0,0,0
2025-06-15,14,10:00,123,17,14.7,4,2,30.13,0,2025-06-15 22:00:00,2025-06-16 04:00:00,E,Parliament St at Gerrard St East,0,0,0,0
2025-06-15,14,10:00,123,17,14.7,4,2,30.13,0,2025-06-15 22:00:00,2025-06-16 04:00:00,E,Sumach St,0,0,0,0
2025-06-15,14,10:00,123,17,14.7,4,2,30.13,0,2025-06-15 22:00:00,2025-06-16 04:00:00,E,Blackburn St,0,0,0,0
2025-06-15,14,10:00,123,17,14.7,4,2,30.13,0,2025-06-15 22:00:00,2025-06-16 04:00:00,E,Logan Ave,2,3,1,1
2025-06-15,14,10:00,123,17,14.7,4,2,30.13,0,2025-06-15 22:00:00,2025-06-16 04:00:00,E,Augusta Ave,0,0,0,0
2025-06-15,14,10:00,123,17,14.7,4,2,30.13,0,2025-06-15 22:00:00,2025-06-16 04:00:00,E,Beverley St,0,0,0,0
2025-06-15,14,10:00,123,17,14.7,4,2,30.13,0,2025-06-15 22:00:00,2025-06-16 04:00:00,E,University Ave (Queen's Park Station,0,0,0,0
2025-06-15,14,10:00,123,17,14.7,4,2,30.13,0,2025-06-15 22:00:00,2025-06-16 04:00:00,E,Elizabeth St,0,0,0,0
2025-06-15,14,10:00,123,17,14.7,4,2,30.13,0,2025-06-15 22:00:00,2025-06-16 04:00:00,E,Greenwood Ave,0,0,0,0
2025-06-15,14,10:00,123,17,14.7,4,2,30.13,0,2025-06-15 22:00:00,2025-06-16 04:00:00,E,Alton Ave,0,0,0,0
2025-06-15,14,10:00,123,17,14.7,4,2,30.13,0,2025-06-15 22:00:00,2025-06-16 04:00:00,E,Coxwell Ave,0,0,0,0
2025-06-15,14,10:00,123,17,14.7,4,2,30.13,0,2025-06-15 22:00:00,2025-06-16 04:00:00,E,Gerrard St East  at Coxwell Ave,0,0,0,0
2025-06-15,14,10:00,123,17,14.7,4,2,30.13,0,2025-06-15 22:00:00,2025-06-16 04:00:00,E,Coxwell Ave at Lower Gerrard St East,0,0,0,0
2025-06-15,14,10:00,123,17,14.7,4,2,30.13,0,2025-06-15 22:00:00,2025-06-16 04:00:00,E,Ashdale Ave,0,0,0,0
2025-06-15,14,10:00,123,17,14.7,4,2,30.13,0,2025-06-15 22:00:00,2025-06-16 04:00:00,E,Howard Park Ave at Indian Rd,0,0,0,0
2025-06-15,14,10:00,123,17,14.7,4,2,30.13,0,2025-06-15 22:00:00,2025-06-16 04:00:00,E,Dundas St West at Howard Park Ave,0,0,0,0
2025-06-15,14,10:00,123,17,14.7,4,2,30.13,0,2025-06-15 22:00:00,2025-06-16 04:00:00,E,Main St at Gerrard St East,0,0,0,0
2025-06-15,14,10:00,123,17,14.7,4,2,30.13,0,2025-06-15 22:00:00,2025-06-16 04:00:00,E,Main St,0,0,0,0
2025-06-15,14,10:00,123,17,14.7,4,2,30.13,0,2025-06-15 22:00:00,2025-06-16 04:00:00,E,Main St at Danforth Ave,0,0,0,0
2025-06-15,14,10:00,123,17,14.7,4,2,30.13,0,2025-06-15 22:00:00,2025-06-16 04:00:00,E,Howard Park Ave at Parkside Dr,0,0,0,0
2025-06-15,14,10:00,123,17,14.7,4,2,30.13,0,2025-06-15 22:00:00,2025-06-16 04:00:00,W,Woodfield Rd,0,3,0,0
2025-06-15,14,10:00,123,17,14.7,4,2,30.13,0,2025-06-15 22:00:00,2025-06-16 04:00:00,W,Coxwell Ave at Gerrard St East,0,2,1,0
2025-06-15,14,10:00,123,17,14.7,4,2,30.13,0,2025-06-15 22:00:00,2025-06-16 04:00:00,W,Euclid Ave,0,0,0,0
2025-06-15,14,10:00,123,17,14.7,4,2,30.13,0,2025-06-15 22:00:00,2025-06-16 04:00:00,W,Bowmore Rd,0,2,0,0
2025-06-15,14,10:00,123,17,14.7,4,2,30.13,0,2025-06-15 22:00:00,2025-06-16 04:00:00,W,Bay St,0,3,1,0
2025-06-15,14,10:00,123,17,14.7,4,2,30.13,0,2025-06-15 22:00:00,2025-06-16 04:00:00,W,Lansdowne Ave,0,0,0,0
2025-06-15,14,10:00,123,17,14.7,4,2,30.13,0,2025-06-15 22:00:00,2025-06-16 04:00:00,W,Indian Rd,2,2,0,0
2025-06-15,14,10:00,123,17,14.7,4,2,30.13,0,2025-06-15 22:00:00,2025-06-16 04:00:00,W,Grace St,0,0,0,0
2025-06-15,14,10:00,123,17,14.7,4,2,30.13,0,2025-06-15 22:00:00,2025-06-16 04:00:00,W,Dufferin St,2,4,5,0
2025-06-15,14,10:00,123,17,14.7,4,2,30.13,0,2025-06-15 22:00:00,2025-06-16 04:00:00,W,Gerrard St East at Beaton Ave,0,3,1,0
2025-06-15,14,10:00,123,17,14.7,4,2,30.13,0,2025-06-15 22:00:00,2025-06-16 04:00:00,W,Bathurst St,0,0,0,0
2025-06-15,14,10:00,123,17,14.7,4,2,30.13,0,2025-06-15 22:00:00,2025-06-16 04:00:00,W,Yonge St - College Station,0,0,0,0
2025-06-15,14,10:00,123,17,14.7,4,2,30.13,0,2025-06-15 22:00:00,2025-06-16 04:00:00,W,Dundas St West at Sterling Rd,0,0,0,0
2025-06-15,14,10:00,123,17,14.7,4,2,30.13,0,2025-06-15 22:00:00,2025-06-16 04:00:00,W,Brock Ave,0,0,0,0
2025-06-15,14,10:00,123,17,14.7,4,2,30.13,0,2025-06-15 22:00:00,2025-06-16 04:00:00,W,Sackville St,0,2,5,0
2025-06-15,14,10:00,123,17,14.7,4,2,30.13,0,2025-06-15 22:00:00,2025-06-16 04:00:00,W,Carlaw Ave,0,0,0,0
2025-06-15,14,10:00,123,17,14.7,4,2,30.13,0,2025-06-15 22:00:00,2025-06-16 04:00:00,W,Borden St,0,0,0,0
2025-06-15,14,10:00,123,17,14.7,4,2,30.13,0,2025-06-15 22:00:00,2025-06-16 04:00:00,W,Dundas St West at Sorauren Ave,0,2,0,0
2025-06-15,14,10:00,123,17,14.7,4,2,30.13,0,2025-06-15 22:00:00,2025-06-16 04:00:00,W,Crawford St,0,0,0,0
2025-06-15,14,10:00,123,17,14.7,4,2,30.13,0,2025-06-15 22:00:00,2025-06-16 04:00:00,W,Pape Ave,0,0,0,0
2025-06-15,14,10:00,123,17,14.7,4,2,30.13,0,2025-06-15 22:00:00,2025-06-16 04:00:00,W,Spadina Ave,2,4,2,1
2025-06-15,14,10:00,123,17,14.7,4,2,30.13,0,2025-06-15 22:00:00,2025-06-16 04:00:00,W,River St,0,3,5,0
2025-06-15,14,10:00,123,17,14.7,4,2,30.13,0,2025-06-15 22:00:00,2025-06-16 04:00:00,W,Marjory Ave,0,0,0,0
2025-06-15,14,10:00,123,17,14.7,4,2,30.13,0,2025-06-15 22:00:00,2025-06-16 04:00:00,W,Kingsmount Park Rd,0,0,0,0
2025-06-15,14,10:00,123,17,14.7,4,2,30.13,0,2025-06-15 22:00:00,2025-06-16 04:00:00,W,Church St,0,0,0,0
2025-06-15,14,10:00,123,17,14.7,4,2,30.13,0,2025-06-15 22:00:00,2025-06-16 04:00:00,W,Ossington Ave,0,0,0,0
2025-06-15,14,10:00,123,17,14.7,4,2,30.13,0,2025-06-15 22:00:00,2025-06-16 04:00:00,W,Woodbine Ave,0,0,0,0
2025-06-15,14,10:00,123,17,14.7,4,2,30.13,0,2025-06-15 22:00:00,2025-06-16 04:00:00,W,Jones Ave,0,0,0,0
2025-06-15,14,10:00,123,17,14.7,4,2,30.13,0,2025-06-15 22:00:00,2025-06-16 04:00:00,W,Golfview Ave,0,0,0,0
2025-06-15,14,10:00,123,17,14.7,4,2,30.13,0,2025-06-15 22:00:00,2025-06-16 04:00:00,W,Leslie St,0,0,0,0
2025-06-15,14,10:00,123,17,14.7,4,2,30.13,0,2025-06-15 22:00:00,2025-06-16 04:00:00,W,St Matthews Rd,0,0,0,0
2025-06-15,14,10:00,123,17,14.7,4,2,30.13,0,2025-06-15 22:00:00,2025-06-16 04:00:00,W,Jarvis St,0,0,0,0
2025-06-15,14,10:00,123,17,14.7,4,2,30.13,0,2025-06-15 22:00:00,2025-06-16 04:00:00,W,Sherbourne St,0,0,0,0
2025-06-15,14,10:00,123,17,14.7,4,2,30.13,0,2025-06-15 22:00:00,2025-06-16 04:00:00,W,St George St,0,0,0,0
2025-06-15,14,10:00,123,17,14.7,4,2,30.13,0,2025-06-15 22:00:00,2025-06-16 04:00:00,W,Dovercourt Rd,0,0,0,0
2025-06-15,14,10:00,123,17,14.7,4,2,30.13,0,2025-06-15 22:00:00,2025-06-16 04:00:00,W,Glenmount Park Rd,0,0,0,0
2025-06-15,14,10:00,123,17,14.7,4,2,30.13,0,2025-06-15 22:00:00,2025-06-16 04:00:00,W,Prust Ave,0,0,0,0
2025-06-15,14,10:00,123,17,14.7,4,2,30.13,0,2025-06-15 22:00:00,2025-06-16 04:00:00,W,Main Street Station at Bay 7,0,4,0,0
2025-06-15,14,10:00,123,17,14.7,4,2,30.13,0,2025-06-15 22:00:00,2025-06-16 04:00:00,W,Norwood Rd,0,0,0,0
2025-06-15,14,10:00,123,17,14.7,4,2,30.13,0,2025-06-15 22:00:00,2025-06-16 04:00:00,W,McCaul St,0,0,0,0
2025-06-15,14,10:00,123,17,14.7,4,2,30.13,0,2025-06-15 22:00:00,2025-06-16 04:00:00,W,Broadview Ave,0,0,0,0
2025-06-15,14,10:00,123,17,14.7,4,2,30.13,0,2025-06-15 22:00:00,2025-06-16 04:00:00,W,Ontario St,0,0,0,0
2025-06-15,14,10:00,123,17,14.7,4,2,30.13,0,2025-06-15 22:00:00,2025-06-16 04:00:00,W,Rusholme Park Cres,0,0,0,0
2025-06-15,14,10:00,123,17,14.7,4,2,30.13,0,2025-06-15 22:00:00,2025-06-16 04:00:00,W,Havelock St,0,0,0,0
2025-06-15,14,10:00,123,17,14.7,4,2,30.13,0,2025-06-15 22:00:00,2025-06-16 04:00:00,W,High Park Loop,0,0,0,0
2025-06-15,14,10:00,123,17,14.7,4,2,30.13,0,2025-06-15 22:00:00,2025-06-16 04:00:00,W,Queens Park (Queen's Park Station),0,0,0,0
2025-06-15,14,10:00,123,17,14.7,4,2,30.13,0,2025-06-15 22:00:00,2025-06-16 04:00:00,W,Roncesvalles Ave,1,2,0,0
2025-06-15,14,10:00,123,17,14.7,4,2,30.13,0,2025-06-15 22:00:00,2025-06-16 04:00:00,W,De Grassi St,0,0,0,0
2025-06-15,14,10:00,123,17,14.7,4,2,30.13,0,2025-06-15 22:00:00,2025-06-16 04:00:00,W,Parliament St at Carlton St,0,0,0,0
2025-06-15,14,10:00,123,17,14.7,4,2,30.13,0,2025-06-15 22:00:00,2025-06-16 04:00:00,W,Parkside Dr East Side,0,0,0,0
2025-06-15,14,10:00,123,17,14.7,4,2,30.13,0,2025-06-15 22:00:00,2025-06-16 04:00:00,W,Dundas St West,1,2,0,0
2025-06-15,14,10:00,123,17,14.7,4,2,30.13,0,2025-06-15 22:00:00,2025-06-16 04:00:00,W,Howard Park Ave at Roncesvalles Ave,0,0,0,0
2025-06-15,14,10:00,123,17,14.7,4,2,30.13,0,2025-06-15 22:00:00,2025-06-16 04:00:00,W,Parliament St,0,0,0,0
2025-06-15,14,10:00,123,17,14.7,4,2,30.13,0,2025-06-15 22:00:00,2025-06-16 04:00:00,W,Parliament St at Gerrard St East,0,0,0,0
2025-06-15,14,10:00,123,17,14.7,4,2,30.13,0,2025-06-15 22:00:00,2025-06-16 04:00:00,W,Sumach St,0,0,0,0
2025-06-15,14,10:00,123,17,14.7,4,2,30.13,0,2025-06-15 22:00:00,2025-06-16 04:00:00,W,Blackburn St,0,0,0,0
2025-06-15,14,10:00,123,17,14.7,4,2,30.13,0,2025-06-15 22:00:00,2025-06-16 04:00:00,W,Logan Ave,0,0,0,0
2025-06-15,14,10:00,123,17,14.7,4,2,30.13,0,2025-06-15 22:00:00,2025-06-16 04:00:00,W,Augusta Ave,0,0,0,0
2025-06-15,14,10:00,123,17,14.7,4,2,30.13,0,2025-06-15 22:00:00,2025-06-16 04:00:00,W,Beverley St,0,0,0,0
2025-06-15,14,10:00,123,17,14.7,4,2,30.13,0,2025-06-15 22:00:00,2025-06-16 04:00:00,W,University Ave (Queen's Park Station,0,0,0,0
2025-06-15,14,10:00,123,17,14.7,4,2,30.13,0,2025-06-15 22:00:00,2025-06-16 04:00:00,W,Elizabeth St,0,0,0,0
2025-06-15,14,10:00,123,17,14.7,4,2,30.13,0,2025-06-15 22:00:00,2025-06-16 04:00:00,W,Greenwood Ave,0,0,0,0
2025-06-15,14,10:00,123,17,14.7,4,2,30.13,0,2025-06-15 22:00:00,2025-06-16 04:00:00,W,Alton Ave,0,0,0,0
2025-06-15,14,10:00,123,17,14.7,4,2,30.13,0,2025-06-15 22:00:00,2025-06-16 04:00:00,W,Coxwell Ave,0,0,0,0
2025-06-15,14,10:00,123,17,14.7,4,2,30.13,0,2025-06-15 22:00:00,2025-06-16 04:00:00,W,Gerrard St East  at Coxwell Ave,0,0,0,0
2025-06-15,14,10:00,123,17,14.7,4,2,30.13,0,2025-06-15 22:00:00,2025-06-16 04:00:00,W,Coxwell Ave at Lower Gerrard St East,0,0,0,0
2025-06-15,14,10:00,123,17,14.7,4,2,30.13,0,2025-06-15 22:00:00,2025-06-16 04:00:00,W,Ashdale Ave,0,0,0,0
2025-06-15,14,10:00,123,17,14.7,4,2,30.13,0,2025-06-15 22:00:00,2025-06-16 04:00:00,W,Howard Park Ave at Indian Rd,0,0,0,0
2025-06-15,14,10:00,123,17,14.7,4,2,30.13,0,2025-06-15 22:00:00,2025-06-16 04:00:00,W,Dundas St West at Howard Park Ave,0,0,0,0
2025-06-15,14,10:00,123,17,14.7,4,2,30.13,0,2025-06-15 22:00:00,2025-06-16 04:00:00,W,Main St at Gerrard St East,0,0,0,0
2025-06-15,14,10:00,123,17,14.7,4,2,30.13,0,2025-06-15 22:00:00,2025-06-16 04:00:00,W,Main St,0,0,0,0
2025-06-15,14,10:00,123,17,14.7,4,2,30.13,0,2025-06-15 22:00:00,2025-06-16 04:00:00,W,Main St at Danforth Ave,0,0,0,0
2025-06-15,14,10:00,123,17,14.7,4,2,30.13,0,2025-06-15 22:00:00,2025-06-16 04:00:00,W,Howard Park Ave at Parkside Dr,0,0,0,0
2025-06-22,14,10:00,123,17,14.7,4,2,30.13,0,2025-06-22 22:00:00,2025-06-23 04:00:00,E,Woodfield Rd,3,4,4,8
2025-06-22,14,10:00,123,17,14.7,4,2,30.13,0,2025-06-22 22:00:00,2025-06-23 04:00:00,E,Coxwell Ave at Gerrard St East,0,0,0,0
2025-06-22,14,10:00,123,17,14.7,4,2,30.13,0,2025-06-22 22:00:00,2025-06-23 04:00:00,E,Euclid Ave,0,0,0,0
2025-06-22,14,10:00,123,17,14.7,4,2,30.13,0,2025-06-22 22:00:00,2025-06-23 04:00:00,E,Bowmore Rd,4,4,3,8
2025-06-22,14,10:00,123,17,14.7,4,2,30.13,0,2025-06-22 22:00:00,2025-06-23 04:00:00,E,Bay St,3,3,4,11
2025-06-22,14,10:00,123,17,14.7,4,2,30.13,0,2025-06-22 22:00:00,2025-06-23 04:00:00,E,Lansdowne Ave,8,7,10,16
2025-06-22,14,10:00,123,17,14.7,4,2,30.13,0,2025-06-22 22:00:00,2025-06-23 04:00:00,E,Indian Rd,3,5,3,9
2025-06-22,14,10:00,123,17,14.7,4,2,30.13,0,2025-06-22 22:00:00,2025-06-23 04:00:00,E,Grace St,1,9,5,12
2025-06-22,14,10:00,123,17,14.7,4,2,30.13,0,2025-06-22 22:00:00,2025-06-23 04:00:00,E,Dufferin St,3,5,4,8
2025-06-22,14,10:00,123,17,14.7,4,2,30.13,0,2025-06-22 22:00:00,2025-06-23 04:00:00,E,Gerrard St East at Beaton Ave,3,4,3,8
2025-06-22,14,10:00,123,17,14.7,4,2,30.13,0,2025-06-22 22:00:00,2025-06-23 04:00:00,E,Bathurst St,2,3,2,6
2025-06-22,14,10:00,123,17,14.7,4,2,30.13,0,2025-06-22 22:00:00,2025-06-23 04:00:00,E,Yonge St - College Station,1,4,4,9
2025-06-22,14,10:00,123,17,14.7,4,2,30.13,0,2025-06-22 22:00:00,2025-06-23 04:00:00,E,Dundas St West at Sterling Rd,0,2,1,4
2025-06-22,14,10:00,123,17,14.7,4,2,30.13,0,2025-06-22 22:00:00,2025-06-23 04:00:00,E,Brock Ave,6,8,6,19
2025-06-22,14,10:00,123,17,14.7,4,2,30.13,0,2025-06-22 22:00:00,2025-06-23 04:00:00,E,Sackville St,1,3,1,6
2025-06-22,14,10:00,123,17,14.7,4,2,30.13,0,2025-06-22 22:00:00,2025-06-23 04:00:00,E,Carlaw Ave,2,5,4,8
2025-06-22,14,10:00,123,17,14.7,4,2,30.13,0,2025-06-22 22:00:00,2025-06-23 04:00:00,E,Borden St,2,3,2,6
2025-06-22,14,10:00,123,17,14.7,4,2,30.13,0,2025-06-22 22:00:00,2025-06-23 04:00:00,E,Dundas St West at Sorauren Ave,1,3,2,5
2025-06-22,14,10:00,123,17,14.7,4,2,30.13,0,2025-06-22 22:00:00,2025-06-23 04:00:00,E,Crawford St,1,7,4,13
2025-06-22,14,10:00,123,17,14.7,4,2,30.13,0,2025-06-22 22:00:00,2025-06-23 04:00:00,E,Pape Ave,1,5,4,8
2025-06-22,14,10:00,123,17,14.7,4,2,30.13,0,2025-06-22 22:00:00,2025-06-23 04:00:00,E,Spadina Ave,2,2,2,6
2025-06-22,14,10:00,123,17,14.7,4,2,30.13,0,2025-06-22 22:00:00,2025-06-23 04:00:00,E,River St,0,3,1,5
2025-06-22,14,10:00,123,17,14.7,4,2,30.13,0,2025-06-22 22:00:00,2025-06-23 04:00:00,E,Marjory Ave,2,5,4,8
2025-06-22,14,10:00,123,17,14.7,4,2,30.13,0,2025-06-22 22:00:00,2025-06-23 04:00:00,E,Kingsmount Park Rd,4,4,4,8
2025-06-22,14,10:00,123,17,14.7,4,2,30.13,0,2025-06-22 22:00:00,2025-06-23 04:00:00,E,Church St,0,0,0,0
2025-06-22,14,10:00,123,17,14.7,4,2,30.13,0,2025-06-22 22:00:00,2025-06-23 04:00:00,E,Ossington Ave,5,7,7,18
2025-06-22,14,10:00,123,17,14.7,4,2,30.13,0,2025-06-22 22:00:00,2025-06-23 04:00:00,E,Woodbine Ave,4,4,4,8
2025-06-22,14,10:00,123,17,14.7,4,2,30.13,0,2025-06-22 22:00:00,2025-06-23 04:00:00,E,Jones Ave,2,5,5,9
2025-06-22,14,10:00,123,17,14.7,4,2,30.13,0,2025-06-22 22:00:00,2025-06-23 04:00:00,E,Golfview Ave,4,4,4,8
2025-06-22,14,10:00,123,17,14.7,4,2,30.13,0,2025-06-22 22:00:00,2025-06-23 04:00:00,E,Leslie St,1,4,4,9
2025-06-22,14,10:00,123,17,14.7,4,2,30.13,0,2025-06-22 22:00:00,2025-06-23 04:00:00,E,St Matthews Rd,4,4,4,10
2025-06-22,14,10:00,123,17,14.7,4,2,30.13,0,2025-06-22 22:00:00,2025-06-23 04:00:00,E,Jarvis St,1,3,5,9
2025-06-22,14,10:00,123,17,14.7,4,2,30.13,0,2025-06-22 22:00:00,2025-06-23 04:00:00,E,Sherbourne St,1,3,5,9
2025-06-22,14,10:00,123,17,14.7,4,2,30.13,0,2025-06-22 22:00:00,2025-06-23 04:00:00,E,St George St,3,4,3,11
2025-06-22,14,10:00,123,17,14.7,4,2,30.13,0,2025-06-22 22:00:00,2025-06-23 04:00:00,E,Dovercourt Rd,5,10,7,21
2025-06-22,14,10:00,123,17,14.7,4,2,30.13,0,2025-06-22 22:00:00,2025-06-23 04:00:00,E,Glenmount Park Rd,4,4,4,8
2025-06-22,14,10:00,123,17,14.7,4,2,30.13,0,2025-06-22 22:00:00,2025-06-23 04:00:00,E,Prust Ave,2,4,4,9
2025-06-22,14,10:00,123,17,14.7,4,2,30.13,0,2025-06-22 22:00:00,2025-06-23 04:00:00,E,Main Street Station at Bay 7,0,0,0,0
2025-06-22,14,10:00,123,17,14.7,4,2,30.13,0,2025-06-22 22:00:00,2025-06-23 04:00:00,E,Norwood Rd,4,4,4,8
2025-06-22,14,10:00,123,17,14.7,4,2,30.13,0,2025-06-22 22:00:00,2025-06-23 04:00:00,E,McCaul St,4,3,4,11
2025-06-22,14,10:00,123,17,14.7,4,2,30.13,0,2025-06-22 22:00:00,2025-06-23 04:00:00,E,Broadview Ave,3,5,3,8
2025-06-22,14,10:00,123,17,14.7,4,2,30.13,0,2025-06-22 22:00:00,2025-06-23 04:00:00,E,Ontario St,0,1,2,6
2025-06-22,14,10:00,123,17,14.7,4,2,30.13,0,2025-06-22 22:00:00,2025-06-23 04:00:00,E,Rusholme Park Cres,4,5,5,10
2025-06-22,14,10:00,123,17,14.7,4,2,30.13,0,2025-06-22 22:00:00,2025-06-23 04:00:00,E,Havelock St,2,4,4,9
2025-06-22,14,10:00,123,17,14.7,4,2,30.13,0,2025-06-22 22:00:00,2025-06-23 04:00:00,E,High Park Loop,1,9,8,19
2025-06-22,14,10:00,123,17,14.7,4,2,30.13,0,2025-06-22 22:00:00,2025-06-23 04:00:00,E,Queens Park (Queen's Park Station),4,3,4,11
2025-06-22,14,10:00,123,17,14.7,4,2,30.13,0,2025-06-22 22:00:00,2025-06-23 04:00:00,E,Roncesvalles Ave,2,6,3,10
2025-06-22,14,10:00,123,17,14.7,4,2,30.13,0,2025-06-22 22:00:00,2025-06-23 04:00:00,E,De Grassi St,5,4,4,8
2025-06-22,14,10:00,123,17,14.7,4,2,30.13,0,2025-06-22 22:00:00,2025-06-23 04:00:00,E,Parliament St at Carlton St,0,2,2,5
2025-06-22,14,10:00,123,17,14.7,4,2,30.13,0,2025-06-22 22:00:00,2025-06-23 04:00:00,E,Parkside Dr East Side,2,5,4,11
2025-06-22,14,10:00,123,17,14.7,4,2,30.13,0,2025-06-22 22:00:00,2025-06-23 04:00:00,E,Dundas St West,1,4,2,6
2025-06-22,14,10:00,123,17,14.7,4,2,30.13,0,2025-06-22 22:00:00,2025-06-23 04:00:00,E,Howard Park Ave at Roncesvalles Ave,0,0,0,0
2025-06-22,14,10:00,123,17,14.7,4,2,30.13,0,2025-06-22 22:00:00,2025-06-23 04:00:00,E,Parliament St,0,0,0,0
2025-06-22,14,10:00,123,17,14.7,4,2,30.13,0,2025-06-22 22:00:00,2025-06-23 04:00:00,E,Parliament St at Gerrard St East,0,0,0,0
2025-06-22,14,10:00,123,17,14.7,4,2,30.13,0,2025-06-22 22:00:00,2025-06-23 04:00:00,E,Sumach St,0,0,0,0
2025-06-22,14,10:00,123,17,14.7,4,2,30.13,0,2025-06-22 22:00:00,2025-06-23 04:00:00,E,Blackburn St,0,0,0,0
2025-06-22,14,10:00,123,17,14.7,4,2,30.13,0,2025-06-22 22:00:00,2025-06-23 04:00:00,E,Logan Ave,2,3,2,6
2025-06-22,14,10:00,123,17,14.7,4,2,30.13,0,2025-06-22 22:00:00,2025-06-23 04:00:00,E,Augusta Ave,0,0,0,0
2025-06-22,14,10:00,123,17,14.7,4,2,30.13,0,2025-06-22 22:00:00,2025-06-23 04:00:00,E,Beverley St,0,0,0,0
2025-06-22,14,10:00,123,17,14.7,4,2,30.13,0,2025-06-22 22:00:00,2025-06-23 04:00:00,E,University Ave (Queen's Park Station,0,0,0,0
2025-06-22,14,10:00,123,17,14.7,4,2,30.13,0,2025-06-22 22:00:00,2025-06-23 04:00:00,E,Elizabeth St,0,0,0,0
2025-06-22,14,10:00,123,17,14.7,4,2,30.13,0,2025-06-22 22:00:00,2025-06-23 04:00:00,E,Greenwood Ave,0,0,0,0
2025-06-22,14,10:00,123,17,14.7,4,2,30.13,0,2025-06-22 22:00:00,2025-06-23 04:00:00,E,Alton Ave,0,0,0,0
2025-06-22,14,10:00,123,17,14.7,4,2,30.13,0,2025-06-22 22:00:00,2025-06-23 04:00:00,E,Coxwell Ave,0,0,0,0
2025-06-22,14,10:00,123,17,14.7,4,2,30.13,0,2025-06-22 22:00:00,2025-06-23 04:00:00,E,Gerrard St East  at Coxwell Ave,0,0,0,0
2025-06-22,14,10:00,123,17,14.7,4,2,30.13,0,2025-06-22 22:00:00,2025-06-23 04:00:00,E,Coxwell Ave at Lower Gerrard St East,0,0,0,0
2025-06-22,14,10:00,123,17,14.7,4,2,30.13,0,2025-06-22 22:00:00,2025-06-23 04:00:00,E,Ashdale Ave,0,0,0,0
2025-06-22,14,10:00,123,17,14.7,4,2,30.13,0,2025-06-22 22:00:00,2025-06-23 04:00:00,E,Howard Park Ave at Indian Rd,0,0,0,0
2025-06-22,14,10:00,123,17,14.7,4,2,30.13,0,2025-06-22 22:00:00,2025-06-23 04:00:00,E,Dundas St West at Howard Park Ave,0,0,0,0
2025-06-22,14,10:00,123,17,14.7,4,2,30.13,0,2025-06-22 22:00:00,2025-06-23 04:00:00,E,Main St at Gerrard St East,0,0,0,0
2025-06-22,14,10:00,123,17,14.7,4,2,30.13,0,2025-06-22 22:00:00,2025-06-23 04:00:00,E,Main St,0,0,0,0
2025-06-22,14,10:00,123,17,14.7,4,2,30.13,0,2025-06-22 22:00:00,2025-06-23 04:00:00,E,Main St at Danforth Ave,0,0,0,0
2025-06-22,14,10:00,123,17,14.7,4,2,30.13,0,2025-06-22 22:00:00,2025-06-23 04:00:00,E,Howard Park Ave at Parkside Dr,0,0,0,0
2025-06-22,14,10:00,123,17,14.7,4,2,30.13,0,2025-06-22 22:00:00,2025-06-23 04:00:00,W,Woodfield Rd,2,4,3,13
2025-06-22,14,10:00,123,17,14.7,4,2,30.13,0,2025-06-22 22:00:00,2025-06-23 04:00:00,W,Coxwell Ave at Gerrard St East,1,4,3,13
2025-06-22,14,10:00,123,17,14.7,4,2,30.13,0,2025-06-22 22:00:00,2025-06-23 04:00:00,W,Euclid Ave,0,0,0,0
2025-06-22,14,10:00,123,17,14.7,4,2,30.13,0,2025-06-22 22:00:00,2025-06-23 04:00:00,W,Bowmore Rd,1,1,4,10
2025-06-22,14,10:00,123,17,14.7,4,2,30.13,0,2025-06-22 22:00:00,2025-06-23 04:00:00,W,Bay St,2,1,4,5
2025-06-22,14,10:00,123,17,14.7,4,2,30.13,0,2025-06-22 22:00:00,2025-06-23 04:00:00,W,Lansdowne Ave,0,0,0,0
2025-06-22,14,10:00,123,17,14.7,4,2,30.13,0,2025-06-22 22:00:00,2025-06-23 04:00:00,W,Indian Rd,3,3,2,2
2025-06-22,14,10:00,123,17,14.7,4,2,30.13,0,2025-06-22 22:00:00,2025-06-23 04:00:00,W,Grace St,0,0,0,0
2025-06-22,14,10:00,123,17,14.7,4,2,30.13,0,2025-06-22 22:00:00,2025-06-23 04:00:00,W,Dufferin St,1,4,2,3
2025-06-22,14,10:00,123,17,14.7,4,2,30.13,0,2025-06-22 22:00:00,2025-06-23 04:00:00,W,Gerrard St East at Beaton Ave,3,3,4,13
2025-06-22,14,10:00,123,17,14.7,4,2,30.13,0,2025-06-22 22:00:00,2025-06-23 04:00:00,W,Bathurst St,0,0,0,0
2025-06-22,14,10:00,123,17,14.7,4,2,30.13,0,2025-06-22 22:00:00,2025-06-23 04:00:00,W,Yonge St - College Station,0,0,0,0
2025-06-22,14,10:00,123,17,14.7,4,2,30.13,0,2025-06-22 22:00:00,2025-06-23 04:00:00,W,Dundas St West at Sterling Rd,0,0,0,0
2025-06-22,14,10:00,123,17,14.7,4,2,30.13,0,2025-06-22 22:00:00,2025-06-23 04:00:00,W,Brock Ave,0,0,0,0
2025-06-22,14,10:00,123,17,14.7,4,2,30.13,0,2025-06-22 22:00:00,2025-06-23 04:00:00,W,Sackville St,3,3,3,5
2025-06-22,14,10:00,123,17,14.7,4,2,30.13,0,2025-06-22 22:00:00,2025-06-23 04:00:00,W,Carlaw Ave,0,0,0,0
2025-06-22,14,10:00,123,17,14.7,4,2,30.13,0,2025-06-22 22:00:00,2025-06-23 04:00:00,W,Borden St,0,0,0,0
2025-06-22,14,10:00,123,17,14.7,4,2,30.13,0,2025-06-22 22:00:00,2025-06-23 04:00:00,W,Dundas St West at Sorauren Ave,1,2,2,2
2025-06-22,14,10:00,123,17,14.7,4,2,30.13,0,2025-06-22 22:00:00,2025-06-23 04:00:00,W,Crawford St,0,0,0,0
2025-06-22,14,10:00,123,17,14.7,4,2,30.13,0,2025-06-22 22:00:00,2025-06-23 04:00:00,W,Pape Ave,0,0,0,0
2025-06-22,14,10:00,123,17,14.7,4,2,30.13,0,2025-06-22 22:00:00,2025-06-23 04:00:00,W,Spadina Ave,2,1,4,5
2025-06-22,14,10:00,123,17,14.7,4,2,30.13,0,2025-06-22 22:00:00,2025-06-23 04:00:00,W,River St,3,3,3,5
2025-06-22,14,10:00,123,17,14.7,4,2,30.13,0,2025-06-22 22:00:00,2025-06-23 04:00:00,W,Marjory Ave,0,0,0,0
2025-06-22,14,10:00,123,17,14.7,4,2,30.13,0,2025-06-22 22:00:00,2025-06-23 04:00:00,W,Kingsmount Park Rd,0,0,0,0
2025-06-22,14,10:00,123,17,14.7,4,2,30.13,0,2025-06-22 22:00:00,2025-06-23 04:00:00,W,Church St,0,0,0,0
2025-06-22,14,10:00,123,17,14.7,4,2,30.13,0,2025-06-22 22:00:00,2025-06-23 04:00:00,W,Ossington Ave,0,0,0,0
2025-06-22,14,10:00,123,17,14.7,4,2,30.13,0,2025-06-22 22:00:00,2025-06-23 04:00:00,W,Woodbine Ave,0,0,0,0
2025-06-22,14,10:00,123,17,14.7,4,2,30.13,0,2025-06-22 22:00:00,2025-06-23 04:00:00,W,Jones Ave,0,0,0,0
2025-06-22,14,10:00,123,17,14.7,4,2,30.13,0,2025-06-22 22:00:00,2025-06-23 04:00:00,W,Golfview Ave,0,0,0,0
2025-06-22,14,10:00,123,17,14.7,4,2,30.13,0,2025-06-22 22:00:00,2025-06-23 04:00:00,W,Leslie St,0,0,0,0
2025-06-22,14,10:00,123,17,14.7,4,2,30.13,0,2025-06-22 22:00:00,2025-06-23 04:00:00,W,St Matthews Rd,0,0,0,0
2025-06-22,14,10:00,123,17,14.7,4,2,30.13,0,2025-06-22 22:00:00,2025-06-23 04:00:00,W,Jarvis St,0,0,0,0
2025-06-22,14,10:00,123,17,14.7,4,2,30.13,0,2025-06-22 22:00:00,2025-06-23 04:00:00,W,Sherbourne St,0,0,0,0
2025-06-22,14,10:00,123,17,14.7,4,2,30.13,0,2025-06-22 22:00:00,2025-06-23 04:00:00,W,St George St,0,0,0,0
2025-06-22,14,10:00,123,17,14.7,4,2,30.13,0,2025-06-22 22:00:00,2025-06-23 04:00:00,W,Dovercourt Rd,0,0,0,0
2025-06-22,14,10:00,123,17,14.7,4,2,30.13,0,2025-06-22 22:00:00,2025-06-23 04:00:00,W,Glenmount Park Rd,0,0,0,0
2025-06-22,14,10:00,123,17,14.7,4,2,30.13,0,2025-06-22 22:00:00,2025-06-23 04:00:00,W,Prust Ave,0,0,0,0
2025-06-22,14,10:00,123,17,14.7,4,2,30.13,0,2025-06-22 22:00:00,2025-06-23 04:00:00,W,Main Street Station at Bay 7,1,2,2,10
2025-06-22,14,10:00,123,17,14.7,4,2,30.13,0,2025-06-22 22:00:00,2025-06-23 04:00:00,W,Norwood Rd,0,0,0,0
2025-06-22,14,10:00,123,17,14.7,4,2,30.13,0,2025-06-22 22:00:00,2025-06-23 04:00:00,W,McCaul St,0,0,0,0
2025-06-22,14,10:00,123,17,14.7,4,2,30.13,0,2025-06-22 22:00:00,2025-06-23 04:00:00,W,Broadview Ave,0,0,0,0
2025-06-22,14,10:00,123,17,14.7,4,2,30.13,0,2025-06-22 22:00:00,2025-06-23 04:00:00,W,Ontario St,0,0,0,0
2025-06-22,14,10:00,123,17,14.7,4,2,30.13,0,2025-06-22 22:00:00,2025-06-23 04:00:00,W,Rusholme Park Cres,0,0,0,0
2025-06-22,14,10:00,123,17,14.7,4,2,30.13,0,2025-06-22 22:00:00,2025-06-23 04:00:00,W,Havelock St,0,0,0,0
2025-06-22,14,10:00,123,17,14.7,4,2,30.13,0,2025-06-22 22:00:00,2025-06-23 04:00:00,W,High Park Loop,0,0,0,0
2025-06-22,14,10:00,123,17,14.7,4,2,30.13,0,2025-06-22 22:00:00,2025-06-23 04:00:00,W,Queens Park (Queen's Park Station),0,0,0,0
2025-06-22,14,10:00,123,17,14.7,4,2,30.13,0,2025-06-22 22:00:00,2025-06-23 04:00:00,W,Roncesvalles Ave,2,2,2,2
2025-06-22,14,10:00,123,17,14.7,4,2,30.13,0,2025-06-22 22:00:00,2025-06-23 04:00:00,W,De Grassi St,0,0,0,0
2025-06-22,14,10:00,123,17,14.7,4,2,30.13,0,2025-06-22 22:00:00,2025-06-23 04:00:00,W,Parliament St at Carlton St,0,0,0,0
2025-06-22,14,10:00,123,17,14.7,4,2,30.13,0,2025-06-22 22:00:00,2025-06-23 04:00:00,W,Parkside Dr East Side,0,0,0,0
2025-06-22,14,10:00,123,17,14.7,4,2,30.13,0,2025-06-22 22:00:00,2025-06-23 04:00:00,W,Dundas St West,2,2,2,2
2025-06-22,14,10:00,123,17,14.7,4,2,30.13,0,2025-06-22 22:00:00,2025-06-23 04:00:00,W,Howard Park Ave at Roncesvalles Ave,0,0,0,0
2025-06-22,14,10:00,123,17,14.7,4,2,30.13,0,2025-06-22 22:00:00,2025-06-23 04:00:00,W,Parliament St,0,0,0,0
2025-06-22,14,10:00,123,17,14.7,4,2,30.13,0,2025-06-22 22:00:00,2025-06-23 04:00:00,W,Parliament St at Gerrard St East,0,0,0,0
2025-06-22,14,10:00,123,17,14.7,4,2,30.13,0,2025-06-22 22:00:00,2025-06-23 04:00:00,W,Sumach St,0,0,0,0
2025-06-22,14,10:00,123,17,14.7,4,2,30.13,0,2025-06-22 22:00:00,2025-06-23 04:00:00,W,Blackburn St,0,0,0,0
2025-06-22,14,10:00,123,17,14.7,4,2,30.13,0,2025-06-22 22:00:00,2025-06-23 04:00:00,W,Logan Ave,0,0,0,0
2025-06-22,14,10:00,123,17,14.7,4,2,30.13,0,2025-06-22 22:00:00,2025-06-23 04:00:00,W,Augusta Ave,0,0,0,0
2025-06-22,14,10:00,123,17,14.7,4,2,30.13,0,2025-06-22 22:00:00,2025-06-23 04:00:00,W,Beverley St,0,0,0,0
2025-06-22,14,10:00,123,17,14.7,4,2,30.13,0,2025-06-22 22:00:00,2025-06-23 04:00:00,W,University Ave (Queen's Park Station,0,0,0,0
2025-06-22,14,10:00,123,17,14.7,4,2,30.13,0,2025-06-22 22:00:00,2025-06-23 04:00:00,W,Elizabeth St,0,0,0,0
2025-06-22,14,10:00,123,17,14.7,4,2,30.13,0,2025-06-22 22:00:00,2025-06-23 04:00:00,W,Greenwood Ave,0,0,0,0
2025-06-22,14,10:00,123,17,14.7,4,2,30.13,0,2025-06-22 22:00:00,2025-06-23 04:00:00,W,Alton Ave,0,0,0,0
2025-06-22,14,10:00,123,17,14.7,4,2,30.13,0,2025-06-22 22:00:00,2025-06-23 04:00:00,W,Coxwell Ave,0,0,0,0
2025-06-22,14,10:00,123,17,14.7,4,2,30.13,0,2025-06-22 22:00:00,2025-06-23 04:00:00,W,Gerrard St East  at Coxwell Ave,0,0,0,0
2025-06-22,14,10:00,123,17,14.7,4,2,30.13,0,2025-06-22 22:00:00,2025-06-23 04:00:00,W,Coxwell Ave at Lower Gerrard St East,0,0,0,0
2025-06-22,14,10:00,123,17,14.7,4,2,30.13,0,2025-06-22 22:00:00,2025-06-23 04:00:00,W,Ashdale Ave,0,0,0,0
2025-06-22,14,10:00,123,17,14.7,4,2,30.13,0,2025-06-22 22:00:00,2025-06-23 04:00:00,W,Howard Park Ave at Indian Rd,0,0,0,0
2025-06-22,14,10:00,123,17,14.7,4,2,30.13,0,2025-06-22 22:00:00,2025-06-23 04:00:00,W,Dundas St West at Howard Park Ave,0,0,0,0
2025-06-22,14,10:00,123,17,14.7,4,2,30.13,0,2025-06-22 22:00:00,2025-06-23 04:00:00,W,Main St at Gerrard St East,0,0,0,0
2025-06-22,14,10:00,123,17,14.7,4,2,30.13,0,2025-06-22 22:00:00,2025-06-23 04:00:00,W,Main St,0,0,0,0
2025-06-22,14,10:00,123,17,14.7,4,2,30.13,0,2025-06-22 22:00:00,2025-06-23 04:00:00,W,Main St at Danforth Ave,0,0,0,0
2025-06-22,14,10:00,123,17,14.7,4,2,30.13,0,2025-06-22 22:00:00,2025-06-23 04:00:00,W,Howard Park Ave at Parkside Dr,0,0,0,0
2025-06-29,14,10:00,123,17,14.7,4,2,30.13,0,2025-06-29 22:00:00,2025-06-30 04:00:00,E,Woodfield Rd,2,2,5,2
2025-06-29,14,10:00,123,17,14.7,4,2,30.13,0,2025-06-29 22:00:00,2025-06-30 04:00:00,E,Coxwell Ave at Gerrard St East,0,0,0,0
2025-06-29,14,10:00,123,17,14.7,4,2,30.13,0,2025-06-29 22:00:00,2025-06-30 04:00:00,E,Euclid Ave,0,0,0,0
2025-06-29,14,10:00,123,17,14.7,4,2,30.13,0,2025-06-29 22:00:00,2025-06-30 04:00:00,E,Bowmore Rd,1,2,0,0
2025-06-29,14,10:00,123,17,14.7,4,2,30.13,0,2025-06-29 22:00:00,2025-06-30 04:00:00,E,Bay St,2,0,4,1
2025-06-29,14,10:00,123,17,14.7,4,2,30.13,0,2025-06-29 22:00:00,2025-06-30 04:00:00,E,Lansdowne Ave,3,5,2,0
2025-06-29,14,10:00,123,17,14.7,4,2,30.13,0,2025-06-29 22:00:00,2025-06-30 04:00:00,E,Indian Rd,0,2,1,0
2025-06-29,14,10:00,123,17,14.7,4,2,30.13,0,2025-06-29 22:00:00,2025-06-30 04:00:00,E,Grace St,0,4,3,0
2025-06-29,14,10:00,123,17,14.7,4,2,30.13,0,2025-06-29 22:00:00,2025-06-30 04:00:00,E,Dufferin St,5,1,4,2
2025-06-29,14,10:00,123,17,14.7,4,2,30.13,0,2025-06-29 22:00:00,2025-06-30 04:00:00,E,Gerrard St East at Beaton Ave,0,2,0,0
2025-06-29,14,10:00,123,17,14.7,4,2,30.13,0,2025-06-29 22:00:00,2025-06-30 04:00:00,E,Bathurst St,0,0,4,0
2025-06-29,14,10:00,123,17,14.7,4,2,30.13,0,2025-06-29 22:00:00,2025-06-30 04:00:00,E,Yonge St - College Station,1,0,4,1
2025-06-29,14,10:00,123,17,14.7,4,2,30.13,0,2025-06-29 22:00:00,2025-06-30 04:00:00,E,Dundas St West at Sterling Rd,1,1,2,0
2025-06-29,14,10:00,123,17,14.7,4,2,30.13,0,2025-06-29 22:00:00,2025-06-30 04:00:00,E,Brock Ave,1,6,2,0
2025-06-29,14,10:00,123,17,14.7,4,2,30.13,0,2025-06-29 22:00:00,2025-06-30 04:00:00,E,Sackville St,0,3,2,0
2025-06-29,14,10:00,123,17,14.7,4,2,30.13,0,2025-06-29 22:00:00,2025-06-30 04:00:00,E,Carlaw Ave,2,1,4,1
2025-06-29,14,10:00,123,17,14.7,4,2,30.13,0,2025-06-29 22:00:00,2025-06-30 04:00:00,E,Borden St,1,0,5,0
2025-06-29,14,10:00,123,17,14.7,4,2,30.13,0,2025-06-29 22:00:00,2025-06-30 04:00:00,E,Dundas St West at Sorauren Ave,1,1,2,0
2025-06-29,14,10:00,123,17,14.7,4,2,30.13,0,2025-06-29 22:00:00,2025-06-30 04:00:00,E,Crawford St,0,5,3,0
2025-06-29,14,10:00,123,17,14.7,4,2,30.13,0,2025-06-29 22:00:00,2025-06-30 04:00:00,E,Pape Ave,2,1,4,1
2025-06-29,14,10:00,123,17,14.7,4,2,30.13,0,2025-06-29 22:00:00,2025-06-30 04:00:00,E,Spadina Ave,1,1,4,0
2025-06-29,14,10:00,123,17,14.7,4,2,30.13,0,2025-06-29 22:00:00,2025-06-30 04:00:00,E,River St,0,4,1,1
2025-06-29,14,10:00,123,17,14.7,4,2,30.13,0,2025-06-29 22:00:00,2025-06-30 04:00:00,E,Marjory Ave,2,2,4,1
2025-06-29,14,10:00,123,17,14.7,4,2,30.13,0,2025-06-29 22:00:00,2025-06-30 04:00:00,E,Kingsmount Park Rd,1,2,0,0
2025-06-29,14,10:00,123,17,14.7,4,2,30.13,0,2025-06-29 22:00:00,2025-06-30 04:00:00,E,Church St,0,0,0,0
2025-06-29,14,10:00,123,17,14.7,4,2,30.13,0,2025-06-29 22:00:00,2025-06-30 04:00:00,E,Ossington Ave,1,2,5,0
2025-06-29,14,10:00,123,17,14.7,4,2,30.13,0,2025-06-29 22:00:00,2025-06-30 04:00:00,E,Woodbine Ave,1,2,0,0
2025-06-29,14,10:00,123,17,14.7,4,2,30.13,0,2025-06-29 22:00:00,2025-06-30 04:00:00,E,Jones Ave,2,2,4,1
2025-06-29,14,10:00,123,17,14.7,4,2,30.13,0,2025-06-29 22:00:00,2025-06-30 04:00:00,E,Golfview Ave,1,2,0,0
2025-06-29,14,10:00,123,17,14.7,4,2,30.13,0,2025-06-29 22:00:00,2025-06-30 04:00:00,E,Leslie St,3,2,4,1
2025-06-29,14,10:00,123,17,14.7,4,2,30.13,0,2025-06-29 22:00:00,2025-06-30 04:00:00,E,St Matthews Rd,0,3,2,0
2025-06-29,14,10:00,123,17,14.7,4,2,30.13,0,2025-06-29 22:00:00,2025-06-30 04:00:00,E,Jarvis St,1,3,3,0
2025-06-29,14,10:00,123,17,14.7,4,2,30.13,0,2025-06-29 22:00:00,2025-06-30 04:00:00,E,Sherbourne St,1,3,3,0
2025-06-29,14,10:00,123,17,14.7,4,2,30.13,0,2025-06-29 22:00:00,2025-06-30 04:00:00,E,St George St,1,0,3,0
2025-06-29,14,10:00,123,17,14.7,4,2,30.13,0,2025-06-29 22:00:00,2025-06-30 04:00:00,E,Dovercourt Rd,3,3,5,0
2025-06-29,14,10:00,123,17,14.7,4,2,30.13,0,2025-06-29 22:00:00,2025-06-30 04:00:00,E,Glenmount Park Rd,1,2,0,0
2025-06-29,14,10:00,123,17,14.7,4,2,30.13,0,2025-06-29 22:00:00,2025-06-30 04:00:00,E,Prust Ave,2,1,4,1
2025-06-29,14,10:00,123,17,14.7,4,2,30.13,0,2025-06-29 22:00:00,2025-06-30 04:00:00,E,Main Street Station at Bay 7,0,0,0,0
2025-06-29,14,10:00,123,17,14.7,4,2,30.13,0,2025-06-29 22:00:00,2025-06-30 04:00:00,E,Norwood Rd,1,2,0,0
2025-06-29,14,10:00,123,17,14.7,4,2,30.13,0,2025-06-29 22:00:00,2025-06-30 04:00:00,E,McCaul St,1,0,3,0
2025-06-29,14,10:00,123,17,14.7,4,2,30.13,0,2025-06-29 22:00:00,2025-06-30 04:00:00,E,Broadview Ave,0,3,1,0
2025-06-29,14,10:00,123,17,14.7,4,2,30.13,0,2025-06-29 22:00:00,2025-06-30 04:00:00,E,Ontario St,1,3,3,0
2025-06-29,14,10:00,123,17,14.7,4,2,30.13,0,2025-06-29 22:00:00,2025-06-30 04:00:00,E,Rusholme Park Cres,2,4,2,0
2025-06-29,14,10:00,123,17,14.7,4,2,30.13,0,2025-06-29 22:00:00,2025-06-30 04:00:00,E,Havelock St,2,1,4,1
2025-06-29,14,10:00,123,17,14.7,4,2,30.13,0,2025-06-29 22:00:00,2025-06-30 04:00:00,E,High Park Loop,0,8,3,0
2025-06-29,14,10:00,123,17,14.7,4,2,30.13,0,2025-06-29 22:00:00,2025-06-30 04:00:00,E,Queens Park (Queen's Park Station),1,1,3,0
2025-06-29,14,10:00,123,17,14.7,4,2,30.13,0,2025-06-29 22:00:00,2025-06-30 04:00:00,E,Roncesvalles Ave,1,4,2,0
2025-06-29,14,10:00,123,17,14.7,4,2,30.13,0,2025-06-29 22:00:00,2025-06-30 04:00:00,E,De Grassi St,0,1,1,0
2025-06-29,14,10:00,123,17,14.7,4,2,30.13,0,2025-06-29 22:00:00,2025-06-30 04:00:00,E,Parliament St at Carlton St,1,3,3,0
2025-06-29,14,10:00,123,17,14.7,4,2,30.13,0,2025-06-29 22:00:00,2025-06-30 04:00:00,E,Parkside Dr East Side,0,2,2,0
2025-06-29,14,10:00,123,17,14.7,4,2,30.13,0,2025-06-29 22:00:00,2025-06-30 04:00:00,E,Dundas St West,1,2,2,0
2025-06-29,14,10:00,123,17,14.7,4,2,30.13,0,2025-06-29 22:00:00,2025-06-30 04:00:00,E,Howard Park Ave at Roncesvalles Ave,0,0,0,0
2025-06-29,14,10:00,123,17,14.7,4,2,30.13,0,2025-06-29 22:00:00,2025-06-30 04:00:00,E,Parliament St,0,0,0,0
2025-06-29,14,10:00,123,17,14.7,4,2,30.13,0,2025-06-29 22:00:00,2025-06-30 04:00:00,E,Parliament St at Gerrard St East,0,0,0,0
2025-06-29,14,10:00,123,17,14.7,4,2,30.13,0,2025-06-29 22:00:00,2025-06-30 04:00:00,E,Sumach St,0,0,0,0
2025-06-29,14,10:00,123,17,14.7,4,2,30.13,0,2025-06-29 22:00:00,2025-06-30 04:00:00,E,Blackburn St,0,0,0,0
2025-06-29,14,10:00,123,17,14.7,4,2,30.13,0,2025-06-29 22:00:00,2025-06-30 04:00:00,E,Logan Ave,0,1,4,0
2025-06-29,14,10:00,123,17,14.7,4,2,30.13,0,2025-06-29 22:00:00,2025-06-30 04:00:00,E,Augusta Ave,0,0,0,0
2025-06-29,14,10:00,123,17,14.7,4,2,30.13,0,2025-06-29 22:00:00,2025-06-30 04:00:00,E,Beverley St,0,0,0,0
2025-06-29,14,10:00,123,17,14.7,4,2,30.13,0,2025-06-29 22:00:00,2025-06-30 04:00:00,E,University Ave (Queen's Park Station,0,0,0,0
2025-06-29,14,10:00,123,17,14.7,4,2,30.13,0,2025-06-29 22:00:00,2025-06-30 04:00:00,E,Elizabeth St,0,0,0,0
2025-06-29,14,10:00,123,17,14.7,4,2,30.13,0,2025-06-29 22:00:00,2025-06-30 04:00:00,E,Greenwood Ave,0,0,0,0
2025-06-29,14,10:00,123,17,14.7,4,2,30.13,0,2025-06-29 22:00:00,2025-06-30 04:00:00,E,Alton Ave,0,0,0,0
2025-06-29,14,10:00,123,17,14.7,4,2,30.13,0,2025-06-29 22:00:00,2025-06-30 04:00:00,E,Coxwell Ave,0,0,0,0
2025-06-29,14,10:00,123,17,14.7,4,2,30.13,0,2025-06-29 22:00:00,2025-06-30 04:00:00,E,Gerrard St East  at Coxwell Ave,0,0,0,0
2025-06-29,14,10:00,123,17,14.7,4,2,30.13,0,2025-06-29 22:00:00,2025-06-30 04:00:00,E,Coxwell Ave at Lower Gerrard St East,0,0,0,0
2025-06-29,14,10:00,123,17,14.7,4,2,30.13,0,2025-06-29 22:00:00,2025-06-30 04:00:00,E,Ashdale Ave,0,0,0,0
2025-06-29,14,10:00,123,17,14.7,4,2,30.13,0,2025-06-29 22:00:00,2025-06-30 04:00:00,E,Howard Park Ave at Indian Rd,0,0,0,0
2025-06-29,14,10:00,123,17,14.7,4,2,30.13,0,2025-06-29 22:00:00,2025-06-30 04:00:00,E,Dundas St West at Howard Park Ave,0,0,0,0
2025-06-29,14,10:00,123,17,14.7,4,2,30.13,0,2025-06-29 22:00:00,2025-06-30 04:00:00,E,Main St at Gerrard St East,0,0,0,0
2025-06-29,14,10:00,123,17,14.7,4,2,30.13,0,2025-06-29 22:00:00,2025-06-30 04:00:00,E,Main St,0,0,0,0
2025-06-29,14,10:00,123,17,14.7,4,2,30.13,0,2025-06-29 22:00:00,2025-06-30 04:00:00,E,Main St at Danforth Ave,0,0,0,0
2025-06-29,14,10:00,123,17,14.7,4,2,30.13,0,2025-06-29 22:00:00,2025-06-30 04:00:00,E,Howard Park Ave at Parkside Dr,0,0,0,0
2025-06-29,14,10:00,123,17,14.7,4,2,30.13,0,2025-06-29 22:00:00,2025-06-30 04:00:00,W,Woodfield Rd,1,1,1,0
2025-06-29,14,10:00,123,17,14.7,4,2,30.13,0,2025-06-29 22:00:00,2025-06-30 04:00:00,W,Coxwell Ave at Gerrard St East,0,1,1,0
2025-06-29,14,10:00,123,17,14.7,4,2,30.13,0,2025-06-29 22:00:00,2025-06-30 04:00:00,W,Euclid Ave,0,0,0,0
2025-06-29,14,10:00,123,17,14.7,4,2,30.13,0,2025-06-29 22:00:00,2025-06-30 04:00:00,W,Bowmore Rd,0,0,0,0
2025-06-29,14,10:00,123,17,14.7,4,2,30.13,0,2025-06-29 22:00:00,2025-06-30 04:00:00,W,Bay St,2,1,3,0
2025-06-29,14,10:00,123,17,14.7,4,2,30.13,0,2025-06-29 22:00:00,2025-06-30 04:00:00,W,Lansdowne Ave,0,0,0,0
2025-06-29,14,10:00,123,17,14.7,4,2,30.13,0,2025-06-29 22:00:00,2025-06-30 04:00:00,W,Indian Rd,4,7,2,0
2025-06-29,14,10:00,123,17,14.7,4,2,30.13,0,2025-06-29 22:00:00,2025-06-30 04:00:00,W,Grace St,0,0,0,0
2025-06-29,14,10:00,123,17,14.7,4,2,30.13,0,2025-06-29 22:00:00,2025-06-30 04:00:00,W,Dufferin St,4,3,5,1
2025-06-29,14,10:00,123,17,14.7,4,2,30.13,0,2025-06-29 22:00:00,2025-06-30 04:00:00,W,Gerrard St East at Beaton Ave,0,2,1,0
2025-06-29,14,10:00,123,17,14.7,4,2,30.13,0,2025-06-29 22:00:00,2025-06-30 04:00:00,W,Bathurst St,0,0,0,0
2025-06-29,14,10:00,123,17,14.7,4,2,30.13,0,2025-06-29 22:00:00,2025-06-30 04:00:00,W,Yonge St - College Station,0,0,0,0
2025-06-29,14,10:00,123,17,14.7,4,2,30.13,0,2025-06-29 22:00:00,2025-06-30 04:00:00,W,Dundas St West at Sterling Rd,0,0,0,0
2025-06-29,14,10:00,123,17,14.7,4,2,30.13,0,2025-06-29 22:00:00,2025-06-30 04:00:00,W,Brock Ave,0,0,0,0
2025-06-29,14,10:00,123,17,14.7,4,2,30.13,0,2025-06-29 22:00:00,2025-06-30 04:00:00,W,Sackville St,2,3,4,1
2025-06-29,14,10:00,123,17,14.7,4,2,30.13,0,2025-06-29 22:00:00,2025-06-30 04:00:00,W,Carlaw Ave,0,0,0,0
2025-06-29,14,10:00,123,17,14.7,4,2,30.13,0,2025-06-29 22:00:00,2025-06-30 04:00:00,W,Borden St,0,0,0,0
2025-06-29,14,10:00,123,17,14.7,4,2,30.13,0,2025-06-29 22:00:00,2025-06-30 04:00:00,W,Dundas St West at Sorauren Ave,2,5,1,0
2025-06-29,14,10:00,123,17,14.7,4,2,30.13,0,2025-06-29 22:00:00,2025-06-30 04:00:00,W,Crawford St,0,0,0,0
2025-06-29,14,10:00,123,17,14.7,4,2,30.13,0,2025-06-29 22:00:00,2025-06-30 04:00:00,W,Pape Ave,0,0,0,0
2025-06-29,14,10:00,123,17,14.7,4,2,30.13,0,2025-06-29 22:00:00,2025-06-30 04:00:00,W,Spadina Ave,2,1,3,0
2025-06-29,14,10:00,123,17,14.7,4,2,30.13,0,2025-06-29 22:00:00,2025-06-30 04:00:00,W,River St,2,3,5,1
2025-06-29,14,10:00,123,17,14.7,4,2,30.13,0,2025-06-29 22:00:00,2025-06-30 04:00:00,W,Marjory Ave,0,0,0,0
2025-06-29,14,10:00,123,17,14.7,4,2,30.13,0,2025-06-29 22:00:00,2025-06-30 04:00:00,W,Kingsmount Park Rd,0,0,0,0
2025-06-29,14,10:00,123,17,14.7,4,2,30.13,0,2025-06-29 22:00:00,2025-06-30 04:00:00,W,Church St,0,0,0,0
2025-06-29,14,10:00,123,17,14.7,4,2,30.13,0,2025-06-29 22:00:00,2025-06-30 04:00:00,W,Ossington Ave,0,0,0,0
2025-06-29,14,10:00,123,17,14.7,4,2,30.13,0,2025-06-29 22:00:00,2025-06-30 04:00:00,W,Woodbine Ave,0,0,0,0
2025-06-29,14,10:00,123,17,14.7,4,2,30.13,0,2025-06-29 22:00:00,2025-06-30 04:00:00,W,Jones Ave,0,0,0,0
2025-06-29,14,10:00,123,17,14.7,4,2,30.13,0,2025-06-29 22:00:00,2025-06-30 04:00:00,W,Golfview Ave,0,0,0,0
2025-06-29,14,10:00,123,17,14.7,4,2,30.13,0,2025-06-29 22:00:00,2025-06-30 04:00:00,W,Leslie St,0,0,0,0
2025-06-29,14,10:00,123,17,14.7,4,2,30.13,0,2025-06-29 22:00:00,2025-06-30 04:00:00,W,St Matthews Rd,0,0,0,0
2025-06-29,14,10:00,123,17,14.7,4,2,30.13,0,2025-06-29 22:00:00,2025-06-30 04:00:00,W,Jarvis St,0,0,0,0
2025-06-29,14,10:00,123,17,14.7,4,2,30.13,0,2025-06-29 22:00:00,2025-06-30 04:00:00,W,Sherbourne St,0,0,0,0
2025-06-29,14,10:00,123,17,14.7,4,2,30.13,0,2025-06-29 22:00:00,2025-06-30 04:00:00,W,St George St,0,0,0,0
2025-06-29,14,10:00,123,17,14.7,4,2,30.13,0,2025-06-29 22:00:00,2025-06-30 04:00:00,W,Dovercourt Rd,0,0,0,0
2025-06-29,14,10:00,123,17,14.7,4,2,30.13,0,2025-06-29 22:00:00,2025-06-30 04:00:00,W,Glenmount Park Rd,0,0,0,0
2025-06-29,14,10:00,123,17,14.7,4,2,30.13,0,2025-06-29 22:00:00,2025-06-30 04:00:00,W,Prust Ave,0,0,0,0
2025-06-29,14,10:00,123,17,14.7,4,2,30.13,0,2025-06-29 22:00:00,2025-06-30 04:00:00,W,Main Street Station at Bay 7,0,0,1,0
2025-06-29,14,10:00,123,17,14.7,4,2,30.13,0,2025-06-29 22:00:00,2025-06-30 04:00:00,W,Norwood Rd,0,0,0,0
2025-06-29,14,10:00,123,17,14.7,4,2,30.13,0,2025-06-29 22:00:00,2025-06-30 04:00:00,W,McCaul St,0,0,0,0
2025-06-29,14,10:00,123,17,14.7,4,2,30.13,0,2025-06-29 22:00:00,2025-06-30 04:00:00,W,Broadview Ave,0,0,0,0
2025-06-29,14,10:00,123,17,14.7,4,2,30.13,0,2025-06-29 22:00:00,2025-06-30 04:00:00,W,Ontario St,0,0,0,0
2025-06-29,14,10:00,123,17,14.7,4,2,30.13,0,2025-06-29 22:00:00,2025-06-30 04:00:00,W,Rusholme Park Cres,0,0,0,0
2025-06-29,14,10:00,123,17,14.7,4,2,30.13,0,2025-06-29 22:00:00,2025-06-30 04:00:00,W,Havelock St,0,0,0,0
2025-06-29,14,10:00,123,17,14.7,4,2,30.13,0,2025-06-29 22:00:00,2025-06-30 04:00:00,W,High Park Loop,0,0,0,0
2025-06-29,14,10:00,123,17,14.7,4,2,30.13,0,2025-06-29 22:00:00,2025-06-30 04:00:00,W,Queens Park (Queen's Park Station),0,0,0,0
2025-06-29,14,10:00,123,17,14.7,4,2,30.13,0,2025-06-29 22:00:00,2025-06-30 04:00:00,W,Roncesvalles Ave,2,7,2,0
2025-06-29,14,10:00,123,17,14.7,4,2,30.13,0,2025-06-29 22:00:00,2025-06-30 04:00:00,W,De Grassi St,0,0,0,0
2025-06-29,14,10:00,123,17,14.7,4,2,30.13,0,2025-06-29 22:00:00,2025-06-30 04:00:00,W,Parliament St at Carlton St,0,0,0,0
2025-06-29,14,10:00,123,17,14.7,4,2,30.13,0,2025-06-29 22:00:00,2025-06-30 04:00:00,W,Parkside Dr East Side,0,0,0,0
2025-06-29,14,10:00,123,17,14.7,4,2,30.13,0,2025-06-29 22:00:00,2025-06-30 04:00:00,W,Dundas St West,2,6,1,0
2025-06-29,14,10:00,123,17,14.7,4,2,30.13,0,2025-06-29 22:00:00,2025-06-30 04:00:00,W,Howard Park Ave at Roncesvalles Ave,0,0,0,0
2025-06-29,14,10:00,123,17,14.7,4,2,30.13,0,2025-06-29 22:00:00,2025-06-30 04:00:00,W,Parliament St,0,0,0,0
2025-06-29,14,10:00,123,17,14.7,4,2,30.13,0,2025-06-29 22:00:00,2025-06-30 04:00:00,W,Parliament St at Gerrard St East,0,0,0,0
2025-06-29,14,10:00,123,17,14.7,4,2,30.13,0,2025-06-29 22:00:00,2025-06-30 04:00:00,W,Sumach St,0,0,0,0
2025-06-29,14,10:00,123,17,14.7,4,2,30.13,0,2025-06-29 22:00:00,2025-06-30 04:00:00,W,Blackburn St,0,0,0,0
2025-06-29,14,10:00,123,17,14.7,4,2,30.13,0,2025-06-29 22:00:00,2025-06-30 04:00:00,W,Logan Ave,0,0,0,0
2025-06-29,14,10:00,123,17,14.7,4,2,30.13,0,2025-06-29 22:00:00,2025-06-30 04:00:00,W,Augusta Ave,0,0,0,0
2025-06-29,14,10:00,123,17,14.7,4,2,30.13,0,2025-06-29 22:00:00,2025-06-30 04:00:00,W,Beverley St,0,0,0,0
2025-06-29,14,10:00,123,17,14.7,4,2,30.13,0,2025-06-29 22:00:00,2025-06-30 04:00:00,W,University Ave (Queen's Park Station,0,0,0,0
2025-06-29,14,10:00,123,17,14.7,4,2,30.13,0,2025-06-29 22:00:00,2025-06-30 04:00:00,W,Elizabeth St,0,0,0,0
2025-06-29,14,10:00,123,17,14.7,4,2,30.13,0,2025-06-29 22:00:00,2025-06-30 04:00:00,W,Greenwood Ave,0,0,0,0
2025-06-29,14,10:00,123,17,14.7,4,2,30.13,0,2025-06-29 22:00:00,2025-06-30 04:00:00,W,Alton Ave,0,0,0,0
2025-06-29,14,10:00,123,17,14.7,4,2,30.13,0,2025-06-29 22:00:00,2025-06-30 04:00:00,W,Coxwell Ave,0,0,0,0
2025-06-29,14,10:00,123,17,14.7,4,2,30.13,0,2025-06-29 22:00:00,2025-06-30 04:00:00,W,Gerrard St East  at Coxwell Ave,0,0,0,0
2025-06-29,14,10:00,123,17,14.7,4,2,30.13,0,2025-06-29 22:00:00,2025-06-30 04:00:00,W,Coxwell Ave at Lower Gerrard St East,0,0,0,0
2025-06-29,14,10:00,123,17,14.7,4,2,30.13,0,2025-06-29 22:00:00,2025-06-30 04:00:00,W,Ashdale Ave,0,0,0,0
2025-06-29,14,10:00,123,17,14.7,4,2,30.13,0,2025-06-29 22:00:00,2025-06-30 04:00:00,W,Howard Park Ave at Indian Rd,0,0,0,0
2025-06-29,14,10:00,123,17,14.7,4,2,30.13,0,2025-06-29 22:00:00,2025-06-30 04:00:00,W,Dundas St West at Howard Park Ave,0,0,0,0
2025-06-29,14,10:00,123,17,14.7,4,2,30.13,0,2025-06-29 22:00:00,2025-06-30 04:00:00,W,Main St at Gerrard St East,0,0,0,0
2025-06-29,14,10:00,123,17,14.7,4,2,30.13,0,2025-06-29 22:00:00,2025-06-30 04:00:00,W,Main St,0,0,0,0
2025-06-29,14,10:00,123,17,14.7,4,2,30.13,0,2025-06-29 22:00:00,2025-06-30 04:00:00,W,Main St at Danforth Ave,0,0,0,0
2025-06-29,14,10:00,123,17,14.7,4,2,30.13,0,2025-06-29 22:00:00,2025-06-30 04:00:00,W,Howard Park Ave at Parkside Dr,0,0,0,0
2025-07-06,14,10:00,123,17,14.7,4,2,30.13,0,2025-07-06 22:00:00,2025-07-07 04:00:00,E,Woodfield Rd,4,3,2,1
2025-07-06,14,10:00,123,17,14.7,4,2,30.13,0,2025-07-06 22:00:00,2025-07-07 04:00:00,E,Coxwell Ave at Gerrard St East,0,0,0,0
2025-07-06,14,10:00,123,17,14.7,4,2,30.13,0,2025-07-06 22:00:00,2025-07-07 04:00:00,E,Euclid Ave,0,0,0,0
2025-07-06,14,10:00,123,17,14.7,4,2,30.13,0,2025-07-06 22:00:00,2025-07-07 04:00:00,E,Bowmore Rd,5,3,4,0
2025-07-06,14,10:00,123,17,14.7,4,2,30.13,0,2025-07-06 22:00:00,2025-07-07 04:00:00,E,Bay St,5,2,3,1
2025-07-06,14,10:00,123,17,14.7,4,2,30.13,0,2025-07-06 22:00:00,2025-07-07 04:00:00,E,Lansdowne Ave,7,3,5,1
2025-07-06,14,10:00,123,17,14.7,4,2,30.13,0,2025-07-06 22:00:00,2025-07-07 04:00:00,E,Indian Rd,0,2,3,1
2025-07-06,14,10:00,123,17,14.7,4,2,30.13,0,2025-07-06 22:00:00,2025-07-07 04:00:00,E,Grace St,2,2,6,2
2025-07-06,14,10:00,123,17,14.7,4,2,30.13,0,2025-07-06 22:00:00,2025-07-07 04:00:00,E,Dufferin St,6,3,3,1
2025-07-06,14,10:00,123,17,14.7,4,2,30.13,0,2025-07-06 22:00:00,2025-07-07 04:00:00,E,Gerrard St East at Beaton Ave,4,3,4,0
2025-07-06,14,10:00,123,17,14.7,4,2,30.13,0,2025-07-06 22:00:00,2025-07-07 04:00:00,E,Bathurst St,3,1,4,0
2025-07-06,14,10:00,123,17,14.7,4,2,30.13,0,2025-07-06 22:00:00,2025-07-07 04:00:00,E,Yonge St - College Station,3,2,3,1
2025-07-06,14,10:00,123,17,14.7,4,2,30.13,0,2025-07-06 22:00:00,2025-07-07 04:00:00,E,Dundas St West at Sterling Rd,2,0,2,1
2025-07-06,14,10:00,123,17,14.7,4,2,30.13,0,2025-07-06 22:00:00,2025-07-07 04:00:00,E,Brock Ave,7,3,6,1
2025-07-06,14,10:00,123,17,14.7,4,2,30.13,0,2025-07-06 22:00:00,2025-07-07 04:00:00,E,Sackville St,2,1,3,1
2025-07-06,14,10:00,123,17,14.7,4,2,30.13,0,2025-07-06 22:00:00,2025-07-07 04:00:00,E,Carlaw Ave,4,2,3,1
2025-07-06,14,10:00,123,17,14.7,4,2,30.13,0,2025-07-06 22:00:00,2025-07-07 04:00:00,E,Borden St,3,1,4,0
2025-07-06,14,10:00,123,17,14.7,4,2,30.13,0,2025-07-06 22:00:00,2025-07-07 04:00:00,E,Dundas St West at Sorauren Ave,2,0,2,1
2025-07-06,14,10:00,123,17,14.7,4,2,30.13,0,2025-07-06 22:00:00,2025-07-07 04:00:00,E,Crawford St,3,2,6,2
2025-07-06,14,10:00,123,17,14.7,4,2,30.13,0,2025-07-06 22:00:00,2025-07-07 04:00:00,E,Pape Ave,4,2,2,1
2025-07-06,14,10:00,123,17,14.7,4,2,30.13,0,2025-07-06 22:00:00,2025-07-07 04:00:00,E,Spadina Ave,4,1,4,0
2025-07-06,14,10:00,123,17,14.7,4,2,30.13,0,2025-07-06 22:00:00,2025-07-07 04:00:00,E,River St,2,1,3,1
2025-07-06,14,10:00,123,17,14.7,4,2,30.13,0,2025-07-06 22:00:00,2025-07-07 04:00:00,E,Marjory Ave,4,2,3,1
2025-07-06,14,10:00,123,17,14.7,4,2,30.13,0,2025-07-06 22:00:00,2025-07-07 04:00:00,E,Kingsmount Park Rd,5,3,3,0
2025-07-06,14,10:00,123,17,14.7,4,2,30.13,0,2025-07-06 22:00:00,2025-07-07 04:00:00,E,Church St,0,0,0,0
2025-07-06,14,10:00,123,17,14.7,4,2,30.13,0,2025-07-06 22:00:00,2025-07-07 04:00:00,E,Ossington Ave,5,2,6,1
2025-07-06,14,10:00,123,17,14.7,4,2,30.13,0,2025-07-06 22:00:00,2025-07-07 04:00:00,E,Woodbine Ave,5,3,3,0
2025-07-06,14,10:00,123,17,14.7,4,2,30.13,0,2025-07-06 22:00:00,2025-07-07 04:00:00,E,Jones Ave,4,3,3,1
2025-07-06,14,10:00,123,17,14.7,4,2,30.13,0,2025-07-06 22:00:00,2025-07-07 04:00:00,E,Golfview Ave,5,3,3,0
2025-07-06,14,10:00,123,17,14.7,4,2,30.13,0,2025-07-06 22:00:00,2025-07-07 04:00:00,E,Leslie St,4,3,3,1
2025-07-06,14,10:00,123,17,14.7,4,2,30.13,0,2025-07-06 22:00:00,2025-07-07 04:00:00,E,St Matthews Rd,3,1,3,1
2025-07-06,14,10:00,123,17,14.7,4,2,30.13,0,2025-07-06 22:00:00,2025-07-07 04:00:00,E,Jarvis St,2,1,3,1
2025-07-06,14,10:00,123,17,14.7,4,2,30.13,0,2025-07-06 22:00:00,2025-07-07 04:00:00,E,Sherbourne St,2,1,3,1
2025-07-06,14,10:00,123,17,14.7,4,2,30.13,0,2025-07-06 22:00:00,2025-07-07 04:00:00,E,St George St,5,2,4,0
2025-07-06,14,10:00,123,17,14.7,4,2,30.13,0,2025-07-06 22:00:00,2025-07-07 04:00:00,E,Dovercourt Rd,6,3,5,2
2025-07-06,14,10:00,123,17,14.7,4,2,30.13,0,2025-07-06 22:00:00,2025-07-07 04:00:00,E,Glenmount Park Rd,5,3,3,0
2025-07-06,14,10:00,123,17,14.7,4,2,30.13,0,2025-07-06 22:00:00,2025-07-07 04:00:00,E,Prust Ave,4,3,3,1
2025-07-06,14,10:00,123,17,14.7,4,2,30.13,0,2025-07-06 22:00:00,2025-07-07 04:00:00,E,Main Street Station at Bay 7,0,0,0,0
2025-07-06,14,10:00,123,17,14.7,4,2,30.13,0,2025-07-06 22:00:00,2025-07-07 04:00:00,E,Norwood Rd,5,3,3,0
2025-07-06,14,10:00,123,17,14.7,4,2,30.13,0,2025-07-06 22:00:00,2025-07-07 04:00:00,E,McCaul St,5,2,3,1
2025-07-06,14,10:00,123,17,14.7,4,2,30.13,0,2025-07-06 22:00:00,2025-07-07 04:00:00,E,Broadview Ave,3,1,3,1
2025-07-06,14,10:00,123,17,14.7,4,2,30.13,0,2025-07-06 22:00:00,2025-07-07 04:00:00,E,Ontario St,2,1,3,1
2025-07-06,14,10:00,123,17,14.7,4,2,30.13,0,2025-07-06 22:00:00,2025-07-07 04:00:00,E,Rusholme Park Cres,1,1,2,1
2025-07-06,14,10:00,123,17,14.7,4,2,30.13,0,2025-07-06 22:00:00,2025-07-07 04:00:00,E,Havelock St,4,3,3,1
2025-07-06,14,10:00,123,17,14.7,4,2,30.13,0,2025-07-06 22:00:00,2025-07-07 04:00:00,E,High Park Loop,0,4,6,3
2025-07-06,14,10:00,123,17,14.7,4,2,30.13,0,2025-07-06 22:00:00,2025-07-07 04:00:00,E,Queens Park (Queen's Park Station),5,2,3,1
2025-07-06,14,10:00,123,17,14.7,4,2,30.13,0,2025-07-06 22:00:00,2025-07-07 04:00:00,E,Roncesvalles Ave,1,1,2,1
2025-07-06,14,10:00,123,17,14.7,4,2,30.13,0,2025-07-06 22:00:00,2025-07-07 04:00:00,E,De Grassi St,3,1,3,1
2025-07-06,14,10:00,123,17,14.7,4,2,30.13,0,2025-07-06 22:00:00,2025-07-07 04:00:00,E,Parliament St at Carlton St,3,1,3,1
2025-07-06,14,10:00,123,17,14.7,4,2,30.13,0,2025-07-06 22:00:00,2025-07-07 04:00:00,E,Parkside Dr East Side,0,2,3,1
2025-07-06,14,10:00,123,17,14.7,4,2,30.13,0,2025-07-06 22:00:00,2025-07-07 04:00:00,E,Dundas St West,2,0,3,0
2025-07-06,14,10:00,123,17,14.7,4,2,30.13,0,2025-07-06 22:00:00,2025-07-07 04:00:00,E,Howard Park Ave at Roncesvalles Ave,0,0,0,0
2025-07-06,14,10:00,123,17,14.7,4,2,30.13,0,2025-07-06 22:00:00,2025-07-07 04:00:00,E,Parliament St,0,0,0,0
2025-07-06,14,10:00,123,17,14.7,4,2,30.13,0,2025-07-06 22:00:00,2025-07-07 04:00:00,E,Parliament St at Gerrard St East,0,0,0,0
2025-07-06,14,10:00,123,17,14.7,4,2,30.13,0,2025-07-06 22:00:00,2025-07-07 04:00:00,E,Sumach St,0,0,0,0
2025-07-06,14,10:00,123,17,14.7,4,2,30.13,0,2025-07-06 22:00:00,2025-07-07 04:00:00,E,Blackburn St,0,0,0,0
2025-07-06,14,10:00,123,17,14.7,4,2,30.13,0,2025-07-06 22:00:00,2025-07-07 04:00:00,E,Logan Ave,4,2,3,1
2025-07-06,14,10:00,123,17,14.7,4,2,30.13,0,2025-07-06 22:00:00,2025-07-07 04:00:00,E,Augusta Ave,0,0,0,0
2025-07-06,14,10:00,123,17,14.7,4,2,30.13,0,2025-07-06 22:00:00,2025-07-07 04:00:00,E,Beverley St,0,0,0,0
2025-07-06,14,10:00,123,17,14.7,4,2,30.13,0,2025-07-06 22:00:00,2025-07-07 04:00:00,E,University Ave (Queen's Park Station,0,0,0,0
2025-07-06,14,10:00,123,17,14.7,4,2,30.13,0,2025-07-06 22:00:00,2025-07-07 04:00:00,E,Elizabeth St,0,0,0,0
2025-07-06,14,10:00,123,17,14.7,4,2,30.13,0,2025-07-06 22:00:00,2025-07-07 04:00:00,E,Greenwood Ave,0,0,0,0
2025-07-06,14,10:00,123,17,14.7,4,2,30.13,0,2025-07-06 22:00:00,2025-07-07 04:00:00,E,Alton Ave,0,0,0,0
2025-07-06,14,10:00,123,17,14.7,4,2,30.13,0,2025-07-06 22:00:00,2025-07-07 04:00:00,E,Coxwell Ave,0,0,0,0
2025-07-06,14,10:00,123,17,14.7,4,2,30.13,0,2025-07-06 22:00:00,2025-07-07 04:00:00,E,Gerrard St East  at Coxwell Ave,0,0,0,0
2025-07-06,14,10:00,123,17,14.7,4,2,30.13,0,2025-07-06 22:00:00,2025-07-07 04:00:00,E,Coxwell Ave at Lower Gerrard St East,0,0,0,0
2025-07-06,14,10:00,123,17,14.7,4,2,30.13,0,2025-07-06 22:00:00,2025-07-07 04:00:00,E,Ashdale Ave,0,0,0,0
2025-07-06,14,10:00,123,17,14.7,4,2,30.13,0,2025-07-06 22:00:00,2025-07-07 04:00:00,E,Howard Park Ave at Indian Rd,0,0,0,0
2025-07-06,14,10:00,123,17,14.7,4,2,30.13,0,2025-07-06 22:00:00,2025-07-07 04:00:00,E,Dundas St West at Howard Park Ave,0,0,0,0
2025-07-06,14,10:00,123,17,14.7,4,2,30.13,0,2025-07-06 22:00:00,2025-07-07 04:00:00,E,Main St at Gerrard St East,0,0,0,0
2025-07-06,14,10:00,123,17,14.7,4,2,30.13,0,2025-07-06 22:00:00,2025-07-07 04:00:00,E,Main St,0,0,0,0
2025-07-06,14,10:00,123,17,14.7,4,2,30.13,0,2025-07-06 22:00:00,2025-07-07 04:00:00,E,Main St at Danforth Ave,0,0,0,0
2025-07-06,14,10:00,123,17,14.7,4,2,30.13,0,2025-07-06 22:00:00,2025-07-07 04:00:00,E,Howard Park Ave at Parkside Dr,0,0,0,0
2025-07-06,14,10:00,123,17,14.7,4,2,30.13,0,2025-07-06 22:00:00,2025-07-07 04:00:00,W,Woodfield Rd,1,0,1,0
2025-07-06,14,10:00,123,17,14.7,4,2,30.13,0,2025-07-06 22:00:00,2025-07-07 04:00:00,W,Coxwell Ave at Gerrard St East,1,1,1,0
2025-07-06,14,10:00,123,17,14.7,4,2,30.13,0,2025-07-06 22:00:00,2025-07-07 04:00:00,W,Euclid Ave,0,0,0,0
2025-07-06,14,10:00,123,17,14.7,4,2,30.13,0,2025-07-06 22:00:00,2025-07-07 04:00:00,W,Bowmore Rd,1,2,0,0
2025-07-06,14,10:00,123,17,14.7,4,2,30.13,0,2025-07-06 22:00:00,2025-07-07 04:00:00,W,Bay St,1,0,2,0
2025-07-06,14,10:00,123,17,14.7,4,2,30.13,0,2025-07-06 22:00:00,2025-07-07 04:00:00,W,Lansdowne Ave,0,0,0,0
2025-07-06,14,10:00,123,17,14.7,4,2,30.13,0,2025-07-06 22:00:00,2025-07-07 04:00:00,W,Indian Rd,2,3,4,0
2025-07-06,14,10:00,123,17,14.7,4,2,30.13,0,2025-07-06 22:00:00,2025-07-07 04:00:00,W,Grace St,0,0,0,0
2025-07-06,14,10:00,123,17,14.7,4,2,30.13,0,2025-07-06 22:00:00,2025-07-07 04:00:00,W,Dufferin St,3,2,5,0
2025-07-06,14,10:00,123,17,14.7,4,2,30.13,0,2025-07-06 22:00:00,2025-07-07 04:00:00,W,Gerrard St East at Beaton Ave,1,1,1,0
2025-07-06,14,10:00,123,17,14.7,4,2,30.13,0,2025-07-06 22:00:00,2025-07-07 04:00:00,W,Bathurst St,0,0,0,0
2025-07-06,14,10:00,123,17,14.7,4,2,30.13,0,2025-07-06 22:00:00,2025-07-07 04:00:00,W,Yonge St - College Station,0,0,0,0
2025-07-06,14,10:00,123,17,14.7,4,2,30.13,0,2025-07-06 22:00:00,2025-07-07 04:00:00,W,Dundas St West at Sterling Rd,0,0,0,0
2025-07-06,14,10:00,123,17,14.7,4,2,30.13,0,2025-07-06 22:00:00,2025-07-07 04:00:00,W,Brock Ave,0,0,0,0
2025-07-06,14,10:00,123,17,14.7,4,2,30.13,0,2025-07-06 22:00:00,2025-07-07 04:00:00,W,Sackville St,4,1,4,1
2025-07-06,14,10:00,123,17,14.7,4,2,30.13,0,2025-07-06 22:00:00,2025-07-07 04:00:00,W,Carlaw Ave,0,0,0,0
2025-07-06,14,10:00,123,17,14.7,4,2,30.13,0,2025-07-06 22:00:00,2025-07-07 04:00:00,W,Borden St,0,0,0,0
2025-07-06,14,10:00,123,17,14.7,4,2,30.13,0,2025-07-06 22:00:00,2025-07-07 04:00:00,W,Dundas St West at Sorauren Ave,1,2,3,0
2025-07-06,14,10:00,123,17,14.7,4,2,30.13,0,2025-07-06 22:00:00,2025-07-07 04:00:00,W,Crawford St,0,0,0,0
2025-07-06,14,10:00,123,17,14.7,4,2,30.13,0,2025-07-06 22:00:00,2025-07-07 04:00:00,W,Pape Ave,0,0,0,0
2025-07-06,14,10:00,123,17,14.7,4,2,30.13,0,2025-07-06 22:00:00,2025-07-07 04:00:00,W,Spadina Ave,2,0,3,1
2025-07-06,14,10:00,123,17,14.7,4,2,30.13,0,2025-07-06 22:00:00,2025-07-07 04:00:00,W,River St,4,1,4,1
2025-07-06,14,10:00,123,17,14.7,4,2,30.13,0,2025-07-06 22:00:00,2025-07-07 04:00:00,W,Marjory Ave,0,0,0,0
2025-07-06,14,10:00,123,17,14.7,4,2,30.13,0,2025-07-06 22:00:00,2025-07-07 04:00:00,W,Kingsmount Park Rd,0,0,0,0
2025-07-06,14,10:00,123,17,14.7,4,2,30.13,0,2025-07-06 22:00:00,2025-07-07 04:00:00,W,Church St,0,0,0,0
2025-07-06,14,10:00,123,17,14.7,4,2,30.13,0,2025-07-06 22:00:00,2025-07-07 04:00:00,W,Ossington Ave,0,0,0,0
2025-07-06,14,10:00,123,17,14.7,4,2,30.13,0,2025-07-06 22:00:00,2025-07-07 04:00:00,W,Woodbine Ave,0,0,0,0
2025-07-06,14,10:00,123,17,14.7,4,2,30.13,0,2025-07-06 22:00:00,2025-07-07 04:00:00,W,Jones Ave,0,0,0,0
2025-07-06,14,10:00,123,17,14.7,4,2,30.13,0,2025-07-06 22:00:00,2025-07-07 04:00:00,W,Golfview Ave,0,0,0,0
2025-07-06,14,10:00,123,17,14.7,4,2,30.13,0,2025-07-06 22:00:00,2025-07-07 04:00:00,W,Leslie St,0,0,0,0
2025-07-06,14,10:00,123,17,14.7,4,2,30.13,0,2025-07-06 22:00:00,2025-07-07 04:00:00,W,St Matthews Rd,0,0,0,0
2025-07-06,14,10:00,123,17,14.7,4,2,30.13,0,2025-07-06 22:00:00,2025-07-07 04:00:00,W,Jarvis St,0,0,0,0
2025-07-06,14,10:00,123,17,14.7,4,2,30.13,0,2025-07-06 22:00:00,2025-07-07 04:00:00,W,Sherbourne St,0,0,0,0
2025-07-06,14,10:00,123,17,14.7,4,2,30.13,0,2025-07-06 22:00:00,2025-07-07 04:00:00,W,St George St,0,0,0,0
2025-07-06,14,10:00,123,17,14.7,4,2,30.13,0,2025-07-06 22:00:00,2025-07-07 04:00:00,W,Dovercourt Rd,0,0,0,0
2025-07-06,14,10:00,123,17,14.7,4,2,30.13,0,2025-07-06 22:00:00,2025-07-07 04:00:00,W,Glenmount Park Rd,0,0,0,0
2025-07-06,14,10:00,123,17,14.7,4,2,30.13,0,2025-07-06 22:00:00,2025-07-07 04:00:00,W,Prust Ave,0,0,0,0
2025-07-06,14,10:00,123,17,14.7,4,2,30.13,0,2025-07-06 22:00:00,2025-07-07 04:00:00,W,Main Street Station at Bay 7,1,2,0,0
2025-07-06,14,10:00,123,17,14.7,4,2,30.13,0,2025-07-06 22:00:00,2025-07-07 04:00:00,W,Norwood Rd,0,0,0,0
2025-07-06,14,10:00,123,17,14.7,4,2,30.13,0,2025-07-06 22:00:00,2025-07-07 04:00:00,W,McCaul St,0,0,0,0
2025-07-06,14,10:00,123,17,14.7,4,2,30.13,0,2025-07-06 22:00:00,2025-07-07 04:00:00,W,Broadview Ave,0,0,0,0
2025-07-06,14,10:00,123,17,14.7,4,2,30.13,0,2025-07-06 22:00:00,2025-07-07 04:00:00,W,Ontario St,0,0,0,0
2025-07-06,14,10:00,123,17,14.7,4,2,30.13,0,2025-07-06 22:00:00,2025-07-07 04:00:00,W,Rusholme Park Cres,0,0,0,0
2025-07-06,14,10:00,123,17,14.7,4,2,30.13,0,2025-07-06 22:00:00,2025-07-07 04:00:00,W,Havelock St,0,0,0,0
2025-07-06,14,10:00,123,17,14.7,4,2,30.13,0,2025-07-06 22:00:00,2025-07-07 04:00:00,W,High Park Loop,0,0,0,0
2025-07-06,14,10:00,123,17,14.7,4,2,30.13,0,2025-07-06 22:00:00,2025-07-07 04:00:00,W,Queens Park (Queen's Park Station),0,0,0,0
2025-07-06,14,10:00,123,17,14.7,4,2,30.13,0,2025-07-06 22:00:00,2025-07-07 04:00:00,W,Roncesvalles Ave,1,3,4,0
2025-07-06,14,10:00,123,17,14.7,4,2,30.13,0,2025-07-06 22:00:00,2025-07-07 04:00:00,W,De Grassi St,0,0,0,0
2025-07-06,14,10:00,123,17,14.7,4,2,30.13,0,2025-07-06 22:00:00,2025-07-07 04:00:00,W,Parliament St at Carlton St,0,0,0,0
2025-07-06,14,10:00,123,17,14.7,4,2,30.13,0,2025-07-06 22:00:00,2025-07-07 04:00:00,W,Parkside Dr East Side,0,0,0,0
2025-07-06,14,10:00,123,17,14.7,4,2,30.13,0,2025-07-06 22:00:00,2025-07-07 04:00:00,W,Dundas St West,1,2,3,0
2025-07-06,14,10:00,123,17,14.7,4,2,30.13,0,2025-07-06 22:00:00,2025-07-07 04:00:00,W,Howard Park Ave at Roncesvalles Ave,0,0,0,0
2025-07-06,14,10:00,123,17,14.7,4,2,30.13,0,2025-07-06 22:00:00,2025-07-07 04:00:00,W,Parliament St,0,0,0,0
2025-07-06,14,10:00,123,17,14.7,4,2,30.13,0,2025-07-06 22:00:00,2025-07-07 04:00:00,W,Parliament St at Gerrard St East,0,0,0,0
2025-07-06,14,10:00,123,17,14.7,4,2,30.13,0,2025-07-06 22:00:00,2025-07-07 04:00:00,W,Sumach St,0,0,0,0
2025-07-06,14,10:00,123,17,14.7,4,2,30.13,0,2025-07-06 22:00:00,2025-07-07 04:00:00,W,Blackburn St,0,0,0,0
2025-07-06,14,10:00,123,17,14.7,4,2,30.13,0,2025-07-06 22:00:00,2025-07-07 04:00:00,W,Logan Ave,0,0,0,0
2025-07-06,14,10:00,123,17,14.7,4,2,30.13,0,2025-07-06 22:00:00,2025-07-07 04:00:00,W,Augusta Ave,0,0,0,0
2025-07-06,14,10:00,123,17,14.7,4,2,30.13,0,2025-07-06 22:00:00,2025-07-07 04:00:00,W,Beverley St,0,0,0,0
2025-07-06,14,10:00,123,17,14.7,4,2,30.13,0,2025-07-06 22:00:00,2025-07-07 04:00:00,W,University Ave (Queen's Park Station,0,0,0,0
2025-07-06,14,10:00,123,17,14.7,4,2,30.13,0,2025-07-06 22:00:00,2025-07-07 04:00:00,W,Elizabeth St,0,0,0,0
2025-07-06,14,10:00,123,17,14.7,4,2,30.13,0,2025-07-06 22:00:00,2025-07-07 04:00:00,W,Greenwood Ave,0,0,0,0
2025-07-06,14,10:00,123,17,14.7,4,2,30.13,0,2025-07-06 22:00:00,2025-07-07 04:00:00,W,Alton Ave,0,0,0,0
2025-07-06,14,10:00,123,17,14.7,4,2,30.13,0,2025-07-06 22:00:00,2025-07-07 04:00:00,W,Coxwell Ave,0,0,0,0
2025-07-06,14,10:00,123,17,14.7,4,2,30.13,0,2025-07-06 22:00:00,2025-07-07 04:00:00,W,Gerrard St East  at Coxwell Ave,0,0,0,0
2025-07-06,14,10:00,123,17,14.7,4,2,30.13,0,2025-07-06 22:00:00,2025-07-07 04:00:00,W,Coxwell Ave at Lower Gerrard St East,0,0,0,0
2025-07-06,14,10:00,123,17,14.7,4,2,30.13,0,2025-07-06 22:00:00,2025-07-07 04:00:00,W,Ashdale Ave,0,0,0,0
2025-07-06,14,10:00,123,17,14.7,4,2,30.13,0,2025-07-06 22:00:00,2025-07-07 04:00:00,W,Howard Park Ave at Indian Rd,0,0,0,0
2025-07-06,14,10:00,123,17,14.7,4,2,30.13,0,2025-07-06 22:00:00,2025-07-07 04:00:00,W,Dundas St West at Howard Park Ave,0,0,0,0
2025-07-06,14,10:00,123,17,14.7,4,2,30.13,0,2025-07-06 22:00:00,2025-07-07 04:00:00,W,Main St at Gerrard St East,0,0,0,0
2025-07-06,14,10:00,123,17,14.7,4,2,30.13,0,2025-07-06 22:00:00,2025-07-07 04:00:00,W,Main St,0,0,0,0
2025-07-06,14,10:00,123,17,14.7,4,2,30.13,0,2025-07-06 22:00:00,2025-07-07 04:00:00,W,Main St at Danforth Ave,0,0,0,0
2025-07-06,14,10:00,123,17,14.7,4,2,30.13,0,2025-07-06 22:00:00,2025-07-07 04:00:00,W,Howard Park Ave at Parkside Dr,0,0,0,0
2025-07-13,14,10:00,123,17,14.7,4,2,30.13,0,2025-07-13 22:00:00,2025-07-14 04:00:00,E,Woodfield Rd,2,1,5,0
2025-07-13,14,10:00,123,17,14.7,4,2,30.13,0,2025-07-13 22:00:00,2025-07-14 04:00:00,E,Coxwell Ave at Gerrard St East,0,0,0,0
2025-07-13,14,10:00,123,17,14.7,4,2,30.13,0,2025-07-13 22:00:00,2025-07-14 04:00:00,E,Euclid Ave,0,0,0,0
2025-07-13,14,10:00,123,17,14.7,4,2,30.13,0,2025-07-13 22:00:00,2025-07-14 04:00:00,E,Bowmore Rd,2,3,5,0
2025-07-13,14,10:00,123,17,14.7,4,2,30.13,0,2025-07-13 22:00:00,2025-07-14 04:00:00,E,Bay St,3,2,4,0
2025-07-13,14,10:00,123,17,14.7,4,2,30.13,0,2025-07-13 22:00:00,2025-07-14 04:00:00,E,Lansdowne Ave,3,5,9,0
2025-07-13,14,10:00,123,17,14.7,4,2,30.13,0,2025-07-13 22:00:00,2025-07-14 04:00:00,E,Indian Rd,0,3,3,0
2025-07-13,14,10:00,123,17,14.7,4,2,30.13,0,2025-07-13 22:00:00,2025-07-14 04:00:00,E,Grace St,1,4,6,0
2025-07-13,14,10:00,123,17,14.7,4,2,30.13,0,2025-07-13 22:00:00,2025-07-14 04:00:00,E,Dufferin St,2,1,5,0
2025-07-13,14,10:00,123,17,14.7,4,2,30.13,0,2025-07-13 22:00:00,2025-07-14 04:00:00,E,Gerrard St East at Beaton Ave,2,4,6,0
2025-07-13,14,10:00,123,17,14.7,4,2,30.13,0,2025-07-13 22:00:00,2025-07-14 04:00:00,E,Bathurst St,3,2,5,0
2025-07-13,14,10:00,123,17,14.7,4,2,30.13,0,2025-07-13 22:00:00,2025-07-14 04:00:00,E,Yonge St - College Station,3,2,5,0
2025-07-13,14,10:00,123,17,14.7,4,2,30.13,0,2025-07-13 22:00:00,2025-07-14 04:00:00,E,Dundas St West at Sterling Rd,1,2,3,0
2025-07-13,14,10:00,123,17,14.7,4,2,30.13,0,2025-07-13 22:00:00,2025-07-14 04:00:00,E,Brock Ave,4,6,9,0
2025-07-13,14,10:00,123,17,14.7,4,2,30.13,0,2025-07-13 22:00:00,2025-07-14 04:00:00,E,Sackville St,2,1,3,0
2025-07-13,14,10:00,123,17,14.7,4,2,30.13,0,2025-07-13 22:00:00,2025-07-14 04:00:00,E,Carlaw Ave,3,2,4,0
2025-07-13,14,10:00,123,17,14.7,4,2,30.13,0,2025-07-13 22:00:00,2025-07-14 04:00:00,E,Borden St,3,3,5,0
2025-07-13,14,10:00,123,17,14.7,4,2,30.13,0,2025-07-13 22:00:00,2025-07-14 04:00:00,E,Dundas St West at Sorauren Ave,1,2,2,0
2025-07-13,14,10:00,123,17,14.7,4,2,30.13,0,2025-07-13 22:00:00,2025-07-14 04:00:00,E,Crawford St,2,5,6,0
2025-07-13,14,10:00,123,17,14.7,4,2,30.13,0,2025-07-13 22:00:00,2025-07-14 04:00:00,E,Pape Ave,3,2,4,0
2025-07-13,14,10:00,123,17,14.7,4,2,30.13,0,2025-07-13 22:00:00,2025-07-14 04:00:00,E,Spadina Ave,3,3,5,0
2025-07-13,14,10:00,123,17,14.7,4,2,30.13,0,2025-07-13 22:00:00,2025-07-14 04:00:00,E,River St,1,2,3,0
2025-07-13,14,10:00,123,17,14.7,4,2,30.13,0,2025-07-13 22:00:00,2025-07-14 04:00:00,E,Marjory Ave,3,2,3,1
2025-07-13,14,10:00,123,17,14.7,4,2,30.13,0,2025-07-13 22:00:00,2025-07-14 04:00:00,E,Kingsmount Park Rd,2,4,5,0
2025-07-13,14,10:00,123,17,14.7,4,2,30.13,0,2025-07-13 22:00:00,2025-07-14 04:00:00,E,Church St,0,0,0,0
2025-07-13,14,10:00,123,17,14.7,4,2,30.13,0,2025-07-13 22:00:00,2025-07-14 04:00:00,E,Ossington Ave,3,6,6,0
2025-07-13,14,10:00,123,17,14.7,4,2,30.13,0,2025-07-13 22:00:00,2025-07-14 04:00:00,E,Woodbine Ave,2,4,5,0
2025-07-13,14,10:00,123,17,14.7,4,2,30.13,0,2025-07-13 22:00:00,2025-07-14 04:00:00,E,Jones Ave,4,2,5,1
2025-07-13,14,10:00,123,17,14.7,4,2,30.13,0,2025-07-13 22:00:00,2025-07-14 04:00:00,E,Golfview Ave,2,4,5,0
2025-07-13,14,10:00,123,17,14.7,4,2,30.13,0,2025-07-13 22:00:00,2025-07-14 04:00:00,E,Leslie St,3,2,4,1
2025-07-13,14,10:00,123,17,14.7,4,2,30.13,0,2025-07-13 22:00:00,2025-07-14 04:00:00,E,St Matthews Rd,2,2,3,0
2025-07-13,14,10:00,123,17,14.7,4,2,30.13,0,2025-07-13 22:00:00,2025-07-14 04:00:00,E,Jarvis St,0,1,3,0
2025-07-13,14,10:00,123,17,14.7,4,2,30.13,0,2025-07-13 22:00:00,2025-07-14 04:00:00,E,Sherbourne St,0,1,3,0
2025-07-13,14,10:00,123,17,14.7,4,2,30.13,0,2025-07-13 22:00:00,2025-07-14 04:00:00,E,St George St,3,3,4,0
2025-07-13,14,10:00,123,17,14.7,4,2,30.13,0,2025-07-13 22:00:00,2025-07-14 04:00:00,E,Dovercourt Rd,5,5,7,0
2025-07-13,14,10:00,123,17,14.7,4,2,30.13,0,2025-07-13 22:00:00,2025-07-14 04:00:00,E,Glenmount Park Rd,2,4,5,0
2025-07-13,14,10:00,123,17,14.7,4,2,30.13,0,2025-07-13 22:00:00,2025-07-14 04:00:00,E,Prust Ave,3,2,4,1
2025-07-13,14,10:00,123,17,14.7,4,2,30.13,0,2025-07-13 22:00:00,2025-07-14 04:00:00,E,Main Street Station at Bay 7,0,0,0,0
2025-07-13,14,10:00,123,17,14.7,4,2,30.13,0,2025-07-13 22:00:00,2025-07-14 04:00:00,E,Norwood Rd,2,4,5,0
2025-07-13,14,10:00,123,17,14.7,4,2,30.13,0,2025-07-13 22:00:00,2025-07-14 04:00:00,E,McCaul St,3,3,4,0
2025-07-13,14,10:00,123,17,14.7,4,2,30.13,0,2025-07-13 22:00:00,2025-07-14 04:00:00,E,Broadview Ave,2,2,3,0
2025-07-13,14,10:00,123,17,14.7,4,2,30.13,0,2025-07-13 22:00:00,2025-07-14 04:00:00,E,Ontario St,1,1,3,0
2025-07-13,14,10:00,123,17,14.7,4,2,30.13,0,2025-07-13 22:00:00,2025-07-14 04:00:00,E,Rusholme Park Cres,2,2,3,0
2025-07-13,14,10:00,123,17,14.7,4,2,30.13,0,2025-07-13 22:00:00,2025-07-14 04:00:00,E,Havelock St,3,2,3,1
2025-07-13,14,10:00,123,17,14.7,4,2,30.13,0,2025-07-13 22:00:00,2025-07-14 04:00:00,E,High Park Loop,0,6,8,0
2025-07-13,14,10:00,123,17,14.7,4,2,30.13,0,2025-07-13 22:00:00,2025-07-14 04:00:00,E,Queens Park (Queen's Park Station),3,3,4,1
2025-07-13,14,10:00,123,17,14.7,4,2,30.13,0,2025-07-13 22:00:00,2025-07-14 04:00:00,E,Roncesvalles Ave,2,2,3,0
2025-07-13,14,10:00,123,17,14.7,4,2,30.13,0,2025-07-13 22:00:00,2025-07-14 04:00:00,E,De Grassi St,3,2,3,0
2025-07-13,14,10:00,123,17,14.7,4,2,30.13,0,2025-07-13 22:00:00,2025-07-14 04:00:00,E,Parliament St at Carlton St,1,1,3,0
2025-07-13,14,10:00,123,17,14.7,4,2,30.13,0,2025-07-13 22:00:00,2025-07-14 04:00:00,E,Parkside Dr East Side,0,3,4,0
2025-07-13,14,10:00,123,17,14.7,4,2,30.13,0,2025-07-13 22:00:00,2025-07-14 04:00:00,E,Dundas St West,1,2,3,0
2025-07-13,14,10:00,123,17,14.7,4,2,30.13,0,2025-07-13 22:00:00,2025-07-14 04:00:00,E,Howard Park Ave at Roncesvalles Ave,0,0,0,0
2025-07-13,14,10:00,123,17,14.7,4,2,30.13,0,2025-07-13 22:00:00,2025-07-14 04:00:00,E,Parliament St,0,0,0,0
2025-07-13,14,10:00,123,17,14.7,4,2,30.13,0,2025-07-13 22:00:00,2025-07-14 04:00:00,E,Parliament St at Gerrard St East,0,0,0,0
2025-07-13,14,10:00,123,17,14.7,4,2,30.13,0,2025-07-13 22:00:00,2025-07-14 04:00:00,E,Sumach St,0,0,0,0
2025-07-13,14,10:00,123,17,14.7,4,2,30.13,0,2025-07-13 22:00:00,2025-07-14 04:00:00,E,Blackburn St,0,0,0,0
2025-07-13,14,10:00,123,17,14.7,4,2,30.13,0,2025-07-13 22:00:00,2025-07-14 04:00:00,E,Logan Ave,3,2,5,0
2025-07-13,14,10:00,123,17,14.7,4,2,30.13,0,2025-07-13 22:00:00,2025-07-14 04:00:00,E,Augusta Ave,0,0,0,0
2025-07-13,14,10:00,123,17,14.7,4,2,30.13,0,2025-07-13 22:00:00,2025-07-14 04:00:00,E,Beverley St,0,0,0,0
2025-07-13,14,10:00,123,17,14.7,4,2,30.13,0,2025-07-13 22:00:00,2025-07-14 04:00:00,E,University Ave (Queen's Park Station,0,0,0,0
2025-07-13,14,10:00,123,17,14.7,4,2,30.13,0,2025-07-13 22:00:00,2025-07-14 04:00:00,E,Elizabeth St,0,0,0,0
2025-07-13,14,10:00,123,17,14.7,4,2,30.13,0,2025-07-13 22:00:00,2025-07-14 04:00:00,E,Greenwood Ave,0,0,0,0
2025-07-13,14,10:00,123,17,14.7,4,2,30.13,0,2025-07-13 22:00:00,2025-07-14 04:00:00,E,Alton Ave,0,0,0,0
2025-07-13,14,10:00,123,17,14.7,4,2,30.13,0,2025-07-13 22:00:00,2025-07-14 04:00:00,E,Coxwell Ave,0,0,0,0
2025-07-13,14,10:00,123,17,14.7,4,2,30.13,0,2025-07-13 22:00:00,2025-07-14 04:00:00,E,Gerrard St East  at Coxwell Ave,0,0,0,0
2025-07-13,14,10:00,123,17,14.7,4,2,30.13,0,2025-07-13 22:00:00,2025-07-14 04:00:00,E,Coxwell Ave at Lower Gerrard St East,0,0,0,0
2025-07-13,14,10:00,123,17,14.7,4,2,30.13,0,2025-07-13 22:00:00,2025-07-14 04:00:00,E,Ashdale Ave,0,0,0,0
2025-07-13,14,10:00,123,17,14.7,4,2,30.13,0,2025-07-13 22:00:00,2025-07-14 04:00:00,E,Howard Park Ave at Indian Rd,0,0,0,0
2025-07-13,14,10:00,123,17,14.7,4,2,30.13,0,2025-07-13 22:00:00,2025-07-14 04:00:00,E,Dundas St West at Howard Park Ave,0,0,0,0
2025-07-13,14,10:00,123,17,14.7,4,2,30.13,0,2025-07-13 22:00:00,2025-07-14 04:00:00,E,Main St at Gerrard St East,0,0,0,0
2025-07-13,14,10:00,123,17,14.7,4,2,30.13,0,2025-07-13 22:00:00,2025-07-14 04:00:00,E,Main St,0,0,0,0
2025-07-13,14,10:00,123,17,14.7,4,2,30.13,0,2025-07-13 22:00:00,2025-07-14 04:00:00,E,Main St at Danforth Ave,0,0,0,0
2025-07-13,14,10:00,123,17,14.7,4,2,30.13,0,2025-07-13 22:00:00,2025-07-14 04:00:00,E,Howard Park Ave at Parkside Dr,0,0,0,0
2025-07-13,14,10:00,123,17,14.7,4,2,30.13,0,2025-07-13 22:00:00,2025-07-14 04:00:00,W,Woodfield Rd,0,0,1,0
2025-07-13,14,10:00,123,17,14.7,4,2,30.13,0,2025-07-13 22:00:00,2025-07-14 04:00:00,W,Coxwell Ave at Gerrard St East,0,0,0,0
2025-07-13,14,10:00,123,17,14.7,4,2,30.13,0,2025-07-13 22:00:00,2025-07-14 04:00:00,W,Euclid Ave,0,0,0,0
2025-07-13,14,10:00,123,17,14.7,4,2,30.13,0,2025-07-13 22:00:00,2025-07-14 04:00:00,W,Bowmore Rd,0,2,0,0
2025-07-13,14,10:00,123,17,14.7,4,2,30.13,0,2025-07-13 22:00:00,2025-07-14 04:00:00,W,Bay St,0,0,2,0
2025-07-13,14,10:00,123,17,14.7,4,2,30.13,0,2025-07-13 22:00:00,2025-07-14 04:00:00,W,Lansdowne Ave,0,0,0,0
2025-07-13,14,10:00,123,17,14.7,4,2,30.13,0,2025-07-13 22:00:00,2025-07-14 04:00:00,W,Indian Rd,0,4,6,0
2025-07-13,14,10:00,123,17,14.7,4,2,30.13,0,2025-07-13 22:00:00,2025-07-14 04:00:00,W,Grace St,0,0,0,0
2025-07-13,14,10:00,123,17,14.7,4,2,30.13,0,2025-07-13 22:00:00,2025-07-14 04:00:00,W,Dufferin St,1,2,5,0
2025-07-13,14,10:00,123,17,14.7,4,2,30.13,0,2025-07-13 22:00:00,2025-07-14 04:00:00,W,Gerrard St East at Beaton Ave,0,0,1,0
2025-07-13,14,10:00,123,17,14.7,4,2,30.13,0,2025-07-13 22:00:00,2025-07-14 04:00:00,W,Bathurst St,0,0,0,0
2025-07-13,14,10:00,123,17,14.7,4,2,30.13,0,2025-07-13 22:00:00,2025-07-14 04:00:00,W,Yonge St - College Station,0,0,0,0
2025-07-13,14,10:00,123,17,14.7,4,2,30.13,0,2025-07-13 22:00:00,2025-07-14 04:00:00,W,Dundas St West at Sterling Rd,0,0,0,0
2025-07-13,14,10:00,123,17,14.7,4,2,30.13,0,2025-07-13 22:00:00,2025-07-14 04:00:00,W,Brock Ave,0,0,0,0
2025-07-13,14,10:00,123,17,14.7,4,2,30.13,0,2025-07-13 22:00:00,2025-07-14 04:00:00,W,Sackville St,3,1,4,1
2025-07-13,14,10:00,123,17,14.7,4,2,30.13,0,2025-07-13 22:00:00,2025-07-14 04:00:00,W,Carlaw Ave,0,0,0,0
2025-07-13,14,10:00,123,17,14.7,4,2,30.13,0,2025-07-13 22:00:00,2025-07-14 04:00:00,W,Borden St,0,0,0,0
2025-07-13,14,10:00,123,17,14.7,4,2,30.13,0,2025-07-13 22:00:00,2025-07-14 04:00:00,W,Dundas St West at Sorauren Ave,0,3,5,0
2025-07-13,14,10:00,123,17,14.7,4,2,30.13,0,2025-07-13 22:00:00,2025-07-14 04:00:00,W,Crawford St,0,0,0,0
2025-07-13,14,10:00,123,17,14.7,4,2,30.13,0,2025-07-13 22:00:00,2025-07-14 04:00:00,W,Pape Ave,0,0,0,0
2025-07-13,14,10:00,123,17,14.7,4,2,30.13,0,2025-07-13 22:00:00,2025-07-14 04:00:00,W,Spadina Ave,1,0,4,0
2025-07-13,14,10:00,123,17,14.7,4,2,30.13,0,2025-07-13 22:00:00,2025-07-14 04:00:00,W,River St,0,1,3,0
2025-07-13,14,10:00,123,17,14.7,4,2,30.13,0,2025-07-13 22:00:00,2025-07-14 04:00:00,W,Marjory Ave,0,0,0,0
2025-07-13,14,10:00,123,17,14.7,4,2,30.13,0,2025-07-13 22:00:00,2025-07-14 04:00:00,W,Kingsmount Park Rd,0,0,0,0
2025-07-13,14,10:00,123,17,14.7,4,2,30.13,0,2025-07-13 22:00:00,2025-07-14 04:00:00,W,Church St,0,0,0,0
2025-07-13,14,10:00,123,17,14.7,4,2,30.13,0,2025-07-13 22:00:00,2025-07-14 04:00:00,W,Ossington Ave,0,0,0,0
2025-07-13,14,10:00,123,17,14.7,4,2,30.13,0,2025-07-13 22:00:00,2025-07-14 04:00:00,W,Woodbine Ave,0,0,0,0
2025-07-13,14,10:00,123,17,14.7,4,2,30.13,0,2025-07-13 22:00:00,2025-07-14 04:00:00,W,Jones Ave,0,0,0,0
2025-07-13,14,10:00,123,17,14.7,4,2,30.13,0,2025-07-13 22:00:00,2025-07-14 04:00:00,W,Golfview Ave,0,0,0,0
2025-07-13,14,10:00,123,17,14.7,4,2,30.13,0,2025-07-13 22:00:00,2025-07-14 04:00:00,W,Leslie St,0,0,0,0
2025-07-13,14,10:00,123,17,14.7,4,2,30.13,0,2025-07-13 22:00:00,2025-07-14 04:00:00,W,St Matthews Rd,0,0,0,0
2025-07-13,14,10:00,123,17,14.7,4,2,30.13,0,2025-07-13 22:00:00,2025-07-14 04:00:00,W,Jarvis St,0,0,0,0
2025-07-13,14,10:00,123,17,14.7,4,2,30.13,0,2025-07-13 22:00:00,2025-07-14 04:00:00,W,Sherbourne St,0,0,0,0
2025-07-13,14,10:00,123,17,14.7,4,2,30.13,0,2025-07-13 22:00:00,2025-07-14 04:00:00,W,St George St,0,0,0,0
2025-07-13,14,10:00,123,17,14.7,4,2,30.13,0,2025-07-13 22:00:00,2025-07-14 04:00:00,W,Dovercourt Rd,0,0,0,0
2025-07-13,14,10:00,123,17,14.7,4,2,30.13,0,2025-07-13 22:00:00,2025-07-14 04:00:00,W,Glenmount Park Rd,0,0,0,0
2025-07-13,14,10:00,123,17,14.7,4,2,30.13,0,2025-07-13 22:00:00,2025-07-14 04:00:00,W,Prust Ave,0,0,0,0
2025-07-13,14,10:00,123,17,14.7,4,2,30.13,0,2025-07-13 22:00:00,2025-07-14 04:00:00,W,Main Street Station at Bay 7,0,2,1,0
2025-07-13,14,10:00,123,17,14.7,4,2,30.13,0,2025-07-13 22:00:00,2025-07-14 04:00:00,W,Norwood Rd,0,0,0,0
2025-07-13,14,10:00,123,17,14.7,4,2,30.13,0,2025-07-13 22:00:00,2025-07-14 04:00:00,W,McCaul St,0,0,0,0
2025-07-13,14,10:00,123,17,14.7,4,2,30.13,0,2025-07-13 22:00:00,2025-07-14 04:00:00,W,Broadview Ave,0,0,0,0
2025-07-13,14,10:00,123,17,14.7,4,2,30.13,0,2025-07-13 22:00:00,2025-07-14 04:00:00,W,Ontario St,0,0,0,0
2025-07-13,14,10:00,123,17,14.7,4,2,30.13,0,2025-07-13 22:00:00,2025-07-14 04:00:00,W,Rusholme Park Cres,0,0,0,0
2025-07-13,14,10:00,123,17,14.7,4,2,30.13,0,2025-07-13 22:00:00,2025-07-14 04:00:00,W,Havelock St,0,0,0,0
2025-07-13,14,10:00,123,17,14.7,4,2,30.13,0,2025-07-13 22:00:00,2025-07-14 04:00:00,W,High Park Loop,0,0,0,0
2025-07-13,14,10:00,123,17,14.7,4,2,30.13,0,2025-07-13 22:00:00,2025-07-14 04:00:00,W,Queens Park (Queen's Park Station),0,0,0,0
2025-07-13,14,10:00,123,17,14.7,4,2,30.13,0,2025-07-13 22:00:00,2025-07-14 04:00:00,W,Roncesvalles Ave,0,4,6,0
2025-07-13,14,10:00,123,17,14.7,4,2,30.13,0,2025-07-13 22:00:00,2025-07-14 04:00:00,W,De Grassi St,0,0,0,0
2025-07-13,14,10:00,123,17,14.7,4,2,30.13,0,2025-07-13 22:00:00,2025-07-14 04:00:00,W,Parliament St at Carlton St,0,0,0,0
2025-07-13,14,10:00,123,17,14.7,4,2,30.13,0,2025-07-13 22:00:00,2025-07-14 04:00:00,W,Parkside Dr East Side,0,0,0,0
2025-07-13,14,10:00,123,17,14.7,4,2,30.13,0,2025-07-13 22:00:00,2025-07-14 04:00:00,W,Dundas St West,0,3,5,0
2025-07-13,14,10:00,123,17,14.7,4,2,30.13,0,2025-07-13 22:00:00,2025-07-14 04:00:00,W,Howard Park Ave at Roncesvalles Ave,0,0,0,0
2025-07-13,14,10:00,123,17,14.7,4,2,30.13,0,2025-07-13 22:00:00,2025-07-14 04:00:00,W,Parliament St,0,0,0,0
2025-07-13,14,10:00,123,17,14.7,4,2,30.13,0,2025-07-13 22:00:00,2025-07-14 04:00:00,W,Parliament St at Gerrard St East,0,0,0,0
2025-07-13,14,10:00,123,17,14.7,4,2,30.13,0,2025-07-13 22:00:00,2025-07-14 04:00:00,W,Sumach St,0,0,0,0
2025-07-13,14,10:00,123,17,14.7,4,2,30.13,0,2025-07-13 22:00:00,2025-07-14 04:00:00,W,Blackburn St,0,0,0,0
2025-07-13,14,10:00,123,17,14.7,4,2,30.13,0,2025-07-13 22:00:00,2025-07-14 04:00:00,W,Logan Ave,0,0,0,0
2025-07-13,14,10:00,123,17,14.7,4,2,30.13,0,2025-07-13 22:00:00,2025-07-14 04:00:00,W,Augusta Ave,0,0,0,0
2025-07-13,14,10:00,123,17,14.7,4,2,30.13,0,2025-07-13 22:00:00,2025-07-14 04:00:00,W,Beverley St,0,0,0,0
2025-07-13,14,10:00,123,17,14.7,4,2,30.13,0,2025-07-13 22:00:00,2025-07-14 04:00:00,W,University Ave (Queen's Park Station,0,0,0,0
2025-07-13,14,10:00,123,17,14.7,4,2,30.13,0,2025-07-13 22:00:00,2025-07-14 04:00:00,W,Elizabeth St,0,0,0,0
2025-07-13,14,10:00,123,17,14.7,4,2,30.13,0,2025-07-13 22:00:00,2025-07-14 04:00:00,W,Greenwood Ave,0,0,0,0
2025-07-13,14,10:00,123,17,14.7,4,2,30.13,0,2025-07-13 22:00:00,2025-07-14 04:00:00,W,Alton Ave,0,0,0,0
2025-07-13,14,10:00,123,17,14.7,4,2,30.13,0,2025-07-13 22:00:00,2025-07-14 04:00:00,W,Coxwell Ave,0,0,0,0
2025-07-13,14,10:00,123,17,14.7,4,2,30.13,0,2025-07-13 22:00:00,2025-07-14 04:00:00,W,Gerrard St East  at Coxwell Ave,0,0,0,0
2025-07-13,14,10:00,123,17,14.7,4,2,30.13,0,2025-07-13 22:00:00,2025-07-14 04:00:00,W,Coxwell Ave at Lower Gerrard St East,0,0,0,0
2025-07-13,14,10:00,123,17,14.7,4,2,30.13,0,2025-07-13 22:00:00,2025-07-14 04:00:00,W,Ashdale Ave,0,0,0,0
2025-07-13,14,10:00,123,17,14.7,4,2,30.13,0,2025-07-13 22:00:00,2025-07-14 04:00:00,W,Howard Park Ave at Indian Rd,0,0,0,0
2025-07-13,14,10:00,123,17,14.7,4,2,30.13,0,2025-07-13 22:00:00,2025-07-14 04:00:00,W,Dundas St West at Howard Park Ave,0,0,0,0
2025-07-13,14,10:00,123,17,14.7,4,2,30.13,0,2025-07-13 22:00:00,2025-07-14 04:00:00,W,Main St at Gerrard St East,0,0,0,0
2025-07-13,14,10:00,123,17,14.7,4,2,30.13,0,2025-07-13 22:00:00,2025-07-14 04:00:00,W,Main St,0,0,0,0
2025-07-13,14,10:00,123,17,14.7,4,2,30.13,0,2025-07-13 22:00:00,2025-07-14 04:00:00,W,Main St at Danforth Ave,0,0,0,0
2025-07-13,14,10:00,123,17,14.7,4,2,30.13,0,2025-07-13 22:00:00,2025-07-14 04:00:00,W,Howard Park Ave at Parkside Dr,0,0,0,0
2025-07-20,14,10:00,123,17,14.7,4,2,30.13,0,2025-07-20 22:00:00,2025-07-21 04:00:00,E,Woodfield Rd,1,1,0,0
2025-07-20,14,10:00,123,17,14.7,4,2,30.13,0,2025-07-20 22:00:00,2025-07-21 04:00:00,E,Coxwell Ave at Gerrard St East,0,0,0,0
2025-07-20,14,10:00,123,17,14.7,4,2,30.13,0,2025-07-20 22:00:00,2025-07-21 04:00:00,E,Euclid Ave,0,0,0,0
2025-07-20,14,10:00,123,17,14.7,4,2,30.13,0,2025-07-20 22:00:00,2025-07-21 04:00:00,E,Bowmore Rd,1,4,1,0
2025-07-20,14,10:00,123,17,14.7,4,2,30.13,0,2025-07-20 22:00:00,2025-07-21 04:00:00,E,Bay St,3,1,2,1
2025-07-20,14,10:00,123,17,14.7,4,2,30.13,0,2025-07-20 22:00:00,2025-07-21 04:00:00,E,Lansdowne Ave,1,7,4,2
2025-07-20,14,10:00,123,17,14.7,4,2,30.13,0,2025-07-20 22:00:00,2025-07-21 04:00:00,E,Indian Rd,0,4,1,2
2025-07-20,14,10:00,123,17,14.7,4,2,30.13,0,2025-07-20 22:00:00,2025-07-21 04:00:00,E,Grace St,1,4,2,2
2025-07-20,14,10:00,123,17,14.7,4,2,30.13,0,2025-07-20 22:00:00,2025-07-21 04:00:00,E,Dufferin St,2,4,3,0
2025-07-20,14,10:00,123,17,14.7,4,2,30.13,0,2025-07-20 22:00:00,2025-07-21 04:00:00,E,Gerrard St East at Beaton Ave,0,4,1,0
2025-07-20,14,10:00,123,17,14.7,4,2,30.13,0,2025-07-20 22:00:00,2025-07-21 04:00:00,E,Bathurst St,2,1,2,1
2025-07-20,14,10:00,123,17,14.7,4,2,30.13,0,2025-07-20 22:00:00,2025-07-21 04:00:00,E,Yonge St - College Station,0,1,0,0
2025-07-20,14,10:00,123,17,14.7,4,2,30.13,0,2025-07-20 22:00:00,2025-07-21 04:00:00,E,Dundas St West at Sterling Rd,0,3,1,2
2025-07-20,14,10:00,123,17,14.7,4,2,30.13,0,2025-07-20 22:00:00,2025-07-21 04:00:00,E,Brock Ave,0,7,3,1
2025-07-20,14,10:00,123,17,14.7,4,2,30.13,0,2025-07-20 22:00:00,2025-07-21 04:00:00,E,Sackville St,1,3,1,1
2025-07-20,14,10:00,123,17,14.7,4,2,30.13,0,2025-07-20 22:00:00,2025-07-21 04:00:00,E,Carlaw Ave,0,1,0,0
2025-07-20,14,10:00,123,17,14.7,4,2,30.13,0,2025-07-20 22:00:00,2025-07-21 04:00:00,E,Borden St,2,1,2,1
2025-07-20,14,10:00,123,17,14.7,4,2,30.13,0,2025-07-20 22:00:00,2025-07-21 04:00:00,E,Dundas St West at Sorauren Ave,0,3,1,2
2025-07-20,14,10:00,123,17,14.7,4,2,30.13,0,2025-07-20 22:00:00,2025-07-21 04:00:00,E,Crawford St,1,5,2,2
2025-07-20,14,10:00,123,17,14.7,4,2,30.13,0,2025-07-20 22:00:00,2025-07-21 04:00:00,E,Pape Ave,0,1,0,0
2025-07-20,14,10:00,123,17,14.7,4,2,30.13,0,2025-07-20 22:00:00,2025-07-21 04:00:00,E,Spadina Ave,3,1,2,1
2025-07-20,14,10:00,123,17,14.7,4,2,30.13,0,2025-07-20 22:00:00,2025-07-21 04:00:00,E,River St,1,3,2,1
2025-07-20,14,10:00,123,17,14.7,4,2,30.13,0,2025-07-20 22:00:00,2025-07-21 04:00:00,E,Marjory Ave,0,1,0,0
2025-07-20,14,10:00,123,17,14.7,4,2,30.13,0,2025-07-20 22:00:00,2025-07-21 04:00:00,E,Kingsmount Park Rd,1,4,1,0
2025-07-20,14,10:00,123,17,14.7,4,2,30.13,0,2025-07-20 22:00:00,2025-07-21 04:00:00,E,Church St,0,0,0,0
2025-07-20,14,10:00,123,17,14.7,4,2,30.13,0,2025-07-20 22:00:00,2025-07-21 04:00:00,E,Ossington Ave,2,4,3,3
2025-07-20,14,10:00,123,17,14.7,4,2,30.13,0,2025-07-20 22:00:00,2025-07-21 04:00:00,E,Woodbine Ave,1,4,1,0
2025-07-20,14,10:00,123,17,14.7,4,2,30.13,0,2025-07-20 22:00:00,2025-07-21 04:00:00,E,Jones Ave,1,1,0,0
2025-07-20,14,10:00,123,17,14.7,4,2,30.13,0,2025-07-20 22:00:00,2025-07-21 04:00:00,E,Golfview Ave,0,4,2,0
2025-07-20,14,10:00,123,17,14.7,4,2,30.13,0,2025-07-20 22:00:00,2025-07-21 04:00:00,E,Leslie St,1,1,0,0
2025-07-20,14,10:00,123,17,14.7,4,2,30.13,0,2025-07-20 22:00:00,2025-07-21 04:00:00,E,St Matthews Rd,2,1,1,1
2025-07-20,14,10:00,123,17,14.7,4,2,30.13,0,2025-07-20 22:00:00,2025-07-21 04:00:00,E,Jarvis St,1,2,3,0
2025-07-20,14,10:00,123,17,14.7,4,2,30.13,0,2025-07-20 22:00:00,2025-07-21 04:00:00,E,Sherbourne St,1,2,3,0
2025-07-20,14,10:00,123,17,14.7,4,2,30.13,0,2025-07-20 22:00:00,2025-07-21 04:00:00,E,St George St,2,0,2,1
2025-07-20,14,10:00,123,17,14.7,4,2,30.13,0,2025-07-20 22:00:00,2025-07-21 04:00:00,E,Dovercourt Rd,2,4,3,2
2025-07-20,14,10:00,123,17,14.7,4,2,30.13,0,2025-07-20 22:00:00,2025-07-21 04:00:00,E,Glenmount Park Rd,0,4,2,0
2025-07-20,14,10:00,123,17,14.7,4,2,30.13,0,2025-07-20 22:00:00,2025-07-21 04:00:00,E,Prust Ave,1,1,0,0
2025-07-20,14,10:00,123,17,14.7,4,2,30.13,0,2025-07-20 22:00:00,2025-07-21 04:00:00,E,Main Street Station at Bay 7,0,0,0,0
2025-07-20,14,10:00,123,17,14.7,4,2,30.13,0,2025-07-20 22:00:00,2025-07-21 04:00:00,E,Norwood Rd,0,4,1,0
2025-07-20,14,10:00,123,17,14.7,4,2,30.13,0,2025-07-20 22:00:00,2025-07-21 04:00:00,E,McCaul St,2,2,2,1
2025-07-20,14,10:00,123,17,14.7,4,2,30.13,0,2025-07-20 22:00:00,2025-07-21 04:00:00,E,Broadview Ave,2,2,2,1
2025-07-20,14,10:00,123,17,14.7,4,2,30.13,0,2025-07-20 22:00:00,2025-07-21 04:00:00,E,Ontario St,1,1,1,2
2025-07-20,14,10:00,123,17,14.7,4,2,30.13,0,2025-07-20 22:00:00,2025-07-21 04:00:00,E,Rusholme Park Cres,0,3,1,2
2025-07-20,14,10:00,123,17,14.7,4,2,30.13,0,2025-07-20 22:00:00,2025-07-21 04:00:00,E,Havelock St,1,1,0,0
2025-07-20,14,10:00,123,17,14.7,4,2,30.13,0,2025-07-20 22:00:00,2025-07-21 04:00:00,E,High Park Loop,0,9,4,5
2025-07-20,14,10:00,123,17,14.7,4,2,30.13,0,2025-07-20 22:00:00,2025-07-21 04:00:00,E,Queens Park (Queen's Park Station),2,1,2,1
2025-07-20,14,10:00,123,17,14.7,4,2,30.13,0,2025-07-20 22:00:00,2025-07-21 04:00:00,E,Roncesvalles Ave,0,3,1,1
2025-07-20,14,10:00,123,17,14.7,4,2,30.13,0,2025-07-20 22:00:00,2025-07-21 04:00:00,E,De Grassi St,3,2,2,1
2025-07-20,14,10:00,123,17,14.7,4,2,30.13,0,2025-07-20 22:00:00,2025-07-21 04:00:00,E,Parliament St at Carlton St,1,2,1,1
2025-07-20,14,10:00,123,17,14.7,4,2,30.13,0,2025-07-20 22:00:00,2025-07-21 04:00:00,E,Parkside Dr East Side,0,3,2,2
2025-07-20,14,10:00,123,17,14.7,4,2,30.13,0,2025-07-20 22:00:00,2025-07-21 04:00:00,E,Dundas St West,0,3,1,1
2025-07-20,14,10:00,123,17,14.7,4,2,30.13,0,2025-07-20 22:00:00,2025-07-21 04:00:00,E,Howard Park Ave at Roncesvalles Ave,0,0,0,0
2025-07-20,14,10:00,123,17,14.7,4,2,30.13,0,2025-07-20 22:00:00,2025-07-21 04:00:00,E,Parliament St,0,0,0,0
2025-07-20,14,10:00,123,17,14.7,4,2,30.13,0,2025-07-20 22:00:00,2025-07-21 04:00:00,E,Parliament St at Gerrard St East,0,0,0,0
2025-07-20,14,10:00,123,17,14.7,4,2,30.13,0,2025-07-20 22:00:00,2025-07-21 04:00:00,E,Sumach St,0,0,0,0
2025-07-20,14,10:00,123,17,14.7,4,2,30.13,0,2025-07-20 22:00:00,2025-07-21 04:00:00,E,Blackburn St,0,0,0,0
2025-07-20,14,10:00,123,17,14.7,4,2,30.13,0,2025-07-20 22:00:00,2025-07-21 04:00:00,E,Logan Ave,4,0,2,1
2025-07-20,14,10:00,123,17,14.7,4,2,30.13,0,2025-07-20 22:00:00,2025-07-21 04:00:00,E,Augusta Ave,0,0,0,0
2025-07-20,14,10:00,123,17,14.7,4,2,30.13,0,2025-07-20 22:00:00,2025-07-21 04:00:00,E,Beverley St,0,0,0,0
2025-07-20,14,10:00,123,17,14.7,4,2,30.13,0,2025-07-20 22:00:00,2025-07-21 04:00:00,E,University Ave (Queen's Park Station,0,0,0,0
2025-07-20,14,10:00,123,17,14.7,4,2,30.13,0,2025-07-20 22:00:00,2025-07-21 04:00:00,E,Elizabeth St,0,0,0,0
2025-07-20,14,10:00,123,17,14.7,4,2,30.13,0,2025-07-20 22:00:00,2025-07-21 04:00:00,E,Greenwood Ave,0,0,0,0
2025-07-20,14,10:00,123,17,14.7,4,2,30.13,0,2025-07-20 22:00:00,2025-07-21 04:00:00,E,Alton Ave,0,0,0,0
2025-07-20,14,10:00,123,17,14.7,4,2,30.13,0,2025-07-20 22:00:00,2025-07-21 04:00:00,E,Coxwell Ave,0,0,0,0
2025-07-20,14,10:00,123,17,14.7,4,2,30.13,0,2025-07-20 22:00:00,2025-07-21 04:00:00,E,Gerrard St East  at Coxwell Ave,0,0,0,0
2025-07-20,14,10:00,123,17,14.7,4,2,30.13,0,2025-07-20 22:00:00,2025-07-21 04:00:00,E,Coxwell Ave at Lower Gerrard St East,0,0,0,0
2025-07-20,14,10:00,123,17,14.7,4,2,30.13,0,2025-07-20 22:00:00,2025-07-21 04:00:00,E,Ashdale Ave,0,0,0,0
2025-07-20,14,10:00,123,17,14.7,4,2,30.13,0,2025-07-20 22:00:00,2025-07-21 04:00:00,E,Howard Park Ave at Indian Rd,0,0,0,0
2025-07-20,14,10:00,123,17,14.7,4,2,30.13,0,2025-07-20 22:00:00,2025-07-21 04:00:00,E,Dundas St West at Howard Park Ave,0,0,0,0
2025-07-20,14,10:00,123,17,14.7,4,2,30.13,0,2025-07-20 22:00:00,2025-07-21 04:00:00,E,Main St at Gerrard St East,0,0,0,0
2025-07-20,14,10:00,123,17,14.7,4,2,30.13,0,2025-07-20 22:00:00,2025-07-21 04:00:00,E,Main St,0,0,0,0
2025-07-20,14,10:00,123,17,14.7,4,2,30.13,0,2025-07-20 22:00:00,2025-07-21 04:00:00,E,Main St at Danforth Ave,0,0,0,0
2025-07-20,14,10:00,123,17,14.7,4,2,30.13,0,2025-07-20 22:00:00,2025-07-21 04:00:00,E,Howard Park Ave at Parkside Dr,0,0,0,0
2025-07-20,14,10:00,123,17,14.7,4,2,30.13,0,2025-07-20 22:00:00,2025-07-21 04:00:00,W,Woodfield Rd,0,0,0,0
2025-07-20,14,10:00,123,17,14.7,4,2,30.13,0,2025-07-20 22:00:00,2025-07-21 04:00:00,W,Coxwell Ave at Gerrard St East,0,0,0,0
2025-07-20,14,10:00,123,17,14.7,4,2,30.13,0,2025-07-20 22:00:00,2025-07-21 04:00:00,W,Euclid Ave,0,0,0,0
2025-07-20,14,10:00,123,17,14.7,4,2,30.13,0,2025-07-20 22:00:00,2025-07-21 04:00:00,W,Bowmore Rd,3,2,2,3
2025-07-20,14,10:00,123,17,14.7,4,2,30.13,0,2025-07-20 22:00:00,2025-07-21 04:00:00,W,Bay St,0,0,0,0
2025-07-20,14,10:00,123,17,14.7,4,2,30.13,0,2025-07-20 22:00:00,2025-07-21 04:00:00,W,Lansdowne Ave,0,0,0,0
2025-07-20,14,10:00,123,17,14.7,4,2,30.13,0,2025-07-20 22:00:00,2025-07-21 04:00:00,W,Indian Rd,4,4,2,0
2025-07-20,14,10:00,123,17,14.7,4,2,30.13,0,2025-07-20 22:00:00,2025-07-21 04:00:00,W,Grace St,0,0,0,0
2025-07-20,14,10:00,123,17,14.7,4,2,30.13,0,2025-07-20 22:00:00,2025-07-21 04:00:00,W,Dufferin St,1,1,3,0
2025-07-20,14,10:00,123,17,14.7,4,2,30.13,0,2025-07-20 22:00:00,2025-07-21 04:00:00,W,Gerrard St East at Beaton Ave,2,2,1,3
2025-07-20,14,10:00,123,17,14.7,4,2,30.13,0,2025-07-20 22:00:00,2025-07-21 04:00:00,W,Bathurst St,0,0,0,0
2025-07-20,14,10:00,123,17,14.7,4,2,30.13,0,2025-07-20 22:00:00,2025-07-21 04:00:00,W,Yonge St - College Station,0,0,0,0
2025-07-20,14,10:00,123,17,14.7,4,2,30.13,0,2025-07-20 22:00:00,2025-07-21 04:00:00,W,Dundas St West at Sterling Rd,0,0,0,0
2025-07-20,14,10:00,123,17,14.7,4,2,30.13,0,2025-07-20 22:00:00,2025-07-21 04:00:00,W,Brock Ave,0,0,0,0
2025-07-20,14,10:00,123,17,14.7,4,2,30.13,0,2025-07-20 22:00:00,2025-07-21 04:00:00,W,Sackville St,2,2,1,3
2025-07-20,14,10:00,123,17,14.7,4,2,30.13,0,2025-07-20 22:00:00,2025-07-21 04:00:00,W,Carlaw Ave,0,0,0,0
2025-07-20,14,10:00,123,17,14.7,4,2,30.13,0,2025-07-20 22:00:00,2025-07-21 04:00:00,W,Borden St,0,0,0,0
2025-07-20,14,10:00,123,17,14.7,4,2,30.13,0,2025-07-20 22:00:00,2025-07-21 04:00:00,W,Dundas St West at Sorauren Ave,1,2,1,0
2025-07-20,14,10:00,123,17,14.7,4,2,30.13,0,2025-07-20 22:00:00,2025-07-21 04:00:00,W,Crawford St,0,0,0,0
2025-07-20,14,10:00,123,17,14.7,4,2,30.13,0,2025-07-20 22:00:00,2025-07-21 04:00:00,W,Pape Ave,0,0,0,0
2025-07-20,14,10:00,123,17,14.7,4,2,30.13,0,2025-07-20 22:00:00,2025-07-21 04:00:00,W,Spadina Ave,2,1,1,3
2025-07-20,14,10:00,123,17,14.7,4,2,30.13,0,2025-07-20 22:00:00,2025-07-21 04:00:00,W,River St,1,2,1,3
2025-07-20,14,10:00,123,17,14.7,4,2,30.13,0,2025-07-20 22:00:00,2025-07-21 04:00:00,W,Marjory Ave,0,0,0,0
2025-07-20,14,10:00,123,17,14.7,4,2,30.13,0,2025-07-20 22:00:00,2025-07-21 04:00:00,W,Kingsmount Park Rd,0,0,0,0
2025-07-20,14,10:00,123,17,14.7,4,2,30.13,0,2025-07-20 22:00:00,2025-07-21 04:00:00,W,Church St,0,0,0,0
2025-07-20,14,10:00,123,17,14.7,4,2,30.13,0,2025-07-20 22:00:00,2025-07-21 04:00:00,W,Ossington Ave,0,0,0,0
2025-07-20,14,10:00,123,17,14.7,4,2,30.13,0,2025-07-20 22:00:00,2025-07-21 04:00:00,W,Woodbine Ave,0,0,0,0
2025-07-20,14,10:00,123,17,14.7,4,2,30.13,0,2025-07-20 22:00:00,2025-07-21 04:00:00,W,Jones Ave,0,0,0,0
2025-07-20,14,10:00,123,17,14.7,4,2,30.13,0,2025-07-20 22:00:00,2025-07-21 04:00:00,W,Golfview Ave,0,0,0,0
2025-07-20,14,10:00,123,17,14.7,4,2,30.13,0,2025-07-20 22:00:00,2025-07-21 04:00:00,W,Leslie St,0,0,0,0
2025-07-20,14,10:00,123,17,14.7,4,2,30.13,0,2025-07-20 22:00:00,2025-07-21 04:00:00,W,St Matthews Rd,0,0,0,0
2025-07-20,14,10:00,123,17,14.7,4,2,30.13,0,2025-07-20 22:00:00,2025-07-21 04:00:00,W,Jarvis St,0,0,0,0
2025-07-20,14,10:00,123,17,14.7,4,2,30.13,0,2025-07-20 22:00:00,2025-07-21 04:00:00,W,Sherbourne St,0,0,0,0
2025-07-20,14,10:00,123,17,14.7,4,2,30.13,0,2025-07-20 22:00:00,2025-07-21 04:00:00,W,St George St,0,0,0,0
2025-07-20,14,10:00,123,17,14.7,4,2,30.13,0,2025-07-20 22:00:00,2025-07-21 04:00:00,W,Dovercourt Rd,0,0,0,0
2025-07-20,14,10:00,123,17,14.7,4,2,30.13,0,2025-07-20 22:00:00,2025-07-21 04:00:00,W,Glenmount Park Rd,0,0,0,0
2025-07-20,14,10:00,123,17,14.7,4,2,30.13,0,2025-07-20 22:00:00,2025-07-21 04:00:00,W,Prust Ave,0,0,0,0
2025-07-20,14,10:00,123,17,14.7,4,2,30.13,0,2025-07-20 22:00:00,2025-07-21 04:00:00,W,Main Street Station at Bay 7,1,2,2,3
2025-07-20,14,10:00,123,17,14.7,4,2,30.13,0,2025-07-20 22:00:00,2025-07-21 04:00:00,W,Norwood Rd,0,0,0,0
2025-07-20,14,10:00,123,17,14.7,4,2,30.13,0,2025-07-20 22:00:00,2025-07-21 04:00:00,W,McCaul St,0,0,0,0
2025-07-20,14,10:00,123,17,14.7,4,2,30.13,0,2025-07-20 22:00:00,2025-07-21 04:00:00,W,Broadview Ave,0,0,0,0
2025-07-20,14,10:00,123,17,14.7,4,2,30.13,0,2025-07-20 22:00:00,2025-07-21 04:00:00,W,Ontario St,0,0,0,0
2025-07-20,14,10:00,123,17,14.7,4,2,30.13,0,2025-07-20 22:00:00,2025-07-21 04:00:00,W,Rusholme Park Cres,0,0,0,0
2025-07-20,14,10:00,123,17,14.7,4,2,30.13,0,2025-07-20 22:00:00,2025-07-21 04:00:00,W,Havelock St,0,0,0,0
2025-07-20,14,10:00,123,17,14.7,4,2,30.13,0,2025-07-20 22:00:00,2025-07-21 04:00:00,W,High Park Loop,0,0,0,0
2025-07-20,14,10:00,123,17,14.7,4,2,30.13,0,2025-07-20 22:00:00,2025-07-21 04:00:00,W,Queens Park (Queen's Park Station),0,0,0,0
2025-07-20,14,10:00,123,17,14.7,4,2,30.13,0,2025-07-20 22:00:00,2025-07-21 04:00:00,W,Roncesvalles Ave,2,4,2,0
2025-07-20,14,10:00,123,17,14.7,4,2,30.13,0,2025-07-20 22:00:00,2025-07-21 04:00:00,W,De Grassi St,0,0,0,0
2025-07-20,14,10:00,123,17,14.7,4,2,30.13,0,2025-07-20 22:00:00,2025-07-21 04:00:00,W,Parliament St at Carlton St,0,0,0,0
2025-07-20,14,10:00,123,17,14.7,4,2,30.13,0,2025-07-20 22:00:00,2025-07-21 04:00:00,W,Parkside Dr East Side,0,0,0,0
2025-07-20,14,10:00,123,17,14.7,4,2,30.13,0,2025-07-20 22:00:00,2025-07-21 04:00:00,W,Dundas St West,1,0,1,0
2025-07-20,14,10:00,123,17,14.7,4,2,30.13,0,2025-07-20 22:00:00,2025-07-21 04:00:00,W,Howard Park Ave at Roncesvalles Ave,0,0,0,0
2025-07-20,14,10:00,123,17,14.7,4,2,30.13,0,2025-07-20 22:00:00,2025-07-21 04:00:00,W,Parliament St,0,0,0,0
2025-07-20,14,10:00,123,17,14.7,4,2,30.13,0,2025-07-20 22:00:00,2025-07-21 04:00:00,W,Parliament St at Gerrard St East,0,0,0,0
2025-07-20,14,10:00,123,17,14.7,4,2,30.13,0,2025-07-20 22:00:00,2025-07-21 04:00:00,W,Sumach St,0,0,0,0
2025-07-20,14,10:00,123,17,14.7,4,2,30.13,0,2025-07-20 22:00:00,2025-07-21 04:00:00,W,Blackburn St,0,0,0,0
2025-07-20,14,10:00,123,17,14.7,4,2,30.13,0,2025-07-20 22:00:00,2025-07-21 04:00:00,W,Logan Ave,0,0,0,0
2025-07-20,14,10:00,123,17,14.7,4,2,30.13,0,2025-07-20 22:00:00,2025-07-21 04:00:00,W,Augusta Ave,0,0,0,0
2025-07-20,14,10:00,123,17,14.7,4,2,30.13,0,2025-07-20 22:00:00,2025-07-21 04:00:00,W,Beverley St,0,0,0,0
2025-07-20,14,10:00,123,17,14.7,4,2,30.13,0,2025-07-20 22:00:00,2025-07-21 04:00:00,W,University Ave (Queen's Park Station,0,0,0,0
2025-07-20,14,10:00,123,17,14.7,4,2,30.13,0,2025-07-20 22:00:00,2025-07-21 04:00:00,W,Elizabeth St,0,0,0,0
2025-07-20,14,10:00,123,17,14.7,4,2,30.13,0,2025-07-20 22:00:00,2025-07-21 04:00:00,W,Greenwood Ave,0,0,0,0
2025-07-20,14,10:00,123,17,14.7,4,2,30.13,0,2025-07-20 22:00:00,2025-07-21 04:00:00,W,Alton Ave,0,0,0,0
2025-07-20,14,10:00,123,17,14.7,4,2,30.13,0,2025-07-20 22:00:00,2025-07-21 04:00:00,W,Coxwell Ave,0,0,0,0
2025-07-20,14,10:00,123,17,14.7,4,2,30.13,0,2025-07-20 22:00:00,2025-07-21 04:00:00,W,Gerrard St East  at Coxwell Ave,0,0,0,0
2025-07-20,14,10:00,123,17,14.7,4,2,30.13,0,2025-07-20 22:00:00,2025-07-21 04:00:00,W,Coxwell Ave at Lower Gerrard St East,0,0,0,0
2025-07-20,14,10:00,123,17,14.7,4,2,30.13,0,2025-07-20 22:00:00,2025-07-21 04:00:00,W,Ashdale Ave,0,0,0,0
2025-07-20,14,10:00,123,17,14.7,4,2,30.13,0,2025-07-20 22:00:00,2025-07-21 04:00:00,W,Howard Park Ave at Indian Rd,0,0,0,0
2025-07-20,14,10:00,123,17,14.7,4,2,30.13,0,2025-07-20 22:00:00,2025-07-21 04:00:00,W,Dundas St West at Howard Park Ave,0,0,0,0
2025-07-20,14,10:00,123,17,14.7,4,2,30.13,0,2025-07-20 22:00:00,2025-07-21 04:00:00,W,Main St at Gerrard St East,0,0,0,0
2025-07-20,14,10:00,123,17,14.7,4,2,30.13,0,2025-07-20 22:00:00,2025-07-21 04:00:00,W,Main St,0,0,0,0
2025-07-20,14,10:00,123,17,14.7,4,2,30.13,0,2025-07-20 22:00:00,2025-07-21 04:00:00,W,Main St at Danforth Ave,0,0,0,0
2025-07-20,14,10:00,123,17,14.7,4,2,30.13,0,2025-07-20 22:00:00,2025-07-21 04:00:00,W,Howard Park Ave at Parkside Dr,0,0,0,0
2025-07-27,14,10:00,123,17,14.7,4,2,30.13,0,2025-07-27 22:00:00,2025-07-28 04:00:00,E,Woodfield Rd,4,3,6,1
2025-07-27,14,10:00,123,17,14.7,4,2,30.13,0,2025-07-27 22:00:00,2025-07-28 04:00:00,E,Coxwell Ave at Gerrard St East,0,0,0,0
2025-07-27,14,10:00,123,17,14.7,4,2,30.13,0,2025-07-27 22:00:00,2025-07-28 04:00:00,E,Euclid Ave,0,0,0,0
2025-07-27,14,10:00,123,17,14.7,4,2,30.13,0,2025-07-27 22:00:00,2025-07-28 04:00:00,E,Bowmore Rd,5,4,5,1
2025-07-27,14,10:00,123,17,14.7,4,2,30.13,0,2025-07-27 22:00:00,2025-07-28 04:00:00,E,Bay St,4,2,6,2
2025-07-27,14,10:00,123,17,14.7,4,2,30.13,0,2025-07-27 22:00:00,2025-07-28 04:00:00,E,Lansdowne Ave,7,6,7,3
2025-07-27,14,10:00,123,17,14.7,4,2,30.13,0,2025-07-27 22:00:00,2025-07-28 04:00:00,E,Indian Rd,1,4,3,2
2025-07-27,14,10:00,123,17,14.7,4,2,30.13,0,2025-07-27 22:00:00,2025-07-28 04:00:00,E,Grace St,4,5,4,4
2025-07-27,14,10:00,123,17,14.7,4,2,30.13,0,2025-07-27 22:00:00,2025-07-28 04:00:00,E,Dufferin St,5,3,6,1
2025-07-27,14,10:00,123,17,14.7,4,2,30.13,0,2025-07-27 22:00:00,2025-07-28 04:00:00,E,Gerrard St East at Beaton Ave,5,4,5,1
2025-07-27,14,10:00,123,17,14.7,4,2,30.13,0,2025-07-27 22:00:00,2025-07-28 04:00:00,E,Bathurst St,3,1,5,2
2025-07-27,14,10:00,123,17,14.7,4,2,30.13,0,2025-07-27 22:00:00,2025-07-28 04:00:00,E,Yonge St - College Station,1,2,5,1
2025-07-27,14,10:00,123,17,14.7,4,2,30.13,0,2025-07-27 22:00:00,2025-07-28 04:00:00,E,Dundas St West at Sterling Rd,2,2,4,2
2025-07-27,14,10:00,123,17,14.7,4,2,30.13,0,2025-07-27 22:00:00,2025-07-28 04:00:00,E,Brock Ave,7,8,8,3
2025-07-27,14,10:00,123,17,14.7,4,2,30.13,0,2025-07-27 22:00:00,2025-07-28 04:00:00,E,Sackville St,2,2,3,2
2025-07-27,14,10:00,123,17,14.7,4,2,30.13,0,2025-07-27 22:00:00,2025-07-28 04:00:00,E,Carlaw Ave,2,2,5,1
2025-07-27,14,10:00,123,17,14.7,4,2,30.13,0,2025-07-27 22:00:00,2025-07-28 04:00:00,E,Borden St,3,1,5,2
2025-07-27,14,10:00,123,17,14.7,4,2,30.13,0,2025-07-27 22:00:00,2025-07-28 04:00:00,E,Dundas St West at Sorauren Ave,1,1,4,2
2025-07-27,14,10:00,123,17,14.7,4,2,30.13,0,2025-07-27 22:00:00,2025-07-28 04:00:00,E,Crawford St,5,4,4,4
2025-07-27,14,10:00,123,17,14.7,4,2,30.13,0,2025-07-27 22:00:00,2025-07-28 04:00:00,E,Pape Ave,3,2,5,1
2025-07-27,14,10:00,123,17,14.7,4,2,30.13,0,2025-07-27 22:00:00,2025-07-28 04:00:00,E,Spadina Ave,3,1,4,2
2025-07-27,14,10:00,123,17,14.7,4,2,30.13,0,2025-07-27 22:00:00,2025-07-28 04:00:00,E,River St,3,1,3,2
2025-07-27,14,10:00,123,17,14.7,4,2,30.13,0,2025-07-27 22:00:00,2025-07-28 04:00:00,E,Marjory Ave,3,2,5,1
2025-07-27,14,10:00,123,17,14.7,4,2,30.13,0,2025-07-27 22:00:00,2025-07-28 04:00:00,E,Kingsmount Park Rd,6,4,5,1
2025-07-27,14,10:00,123,17,14.7,4,2,30.13,0,2025-07-27 22:00:00,2025-07-28 04:00:00,E,Church St,0,0,0,0
2025-07-27,14,10:00,123,17,14.7,4,2,30.13,0,2025-07-27 22:00:00,2025-07-28 04:00:00,E,Ossington Ave,4,3,7,3
2025-07-27,14,10:00,123,17,14.7,4,2,30.13,0,2025-07-27 22:00:00,2025-07-28 04:00:00,E,Woodbine Ave,6,4,4,1
2025-07-27,14,10:00,123,17,14.7,4,2,30.13,0,2025-07-27 22:00:00,2025-07-28 04:00:00,E,Jones Ave,3,2,5,1
2025-07-27,14,10:00,123,17,14.7,4,2,30.13,0,2025-07-27 22:00:00,2025-07-28 04:00:00,E,Golfview Ave,6,4,4,1
2025-07-27,14,10:00,123,17,14.7,4,2,30.13,0,2025-07-27 22:00:00,2025-07-28 04:00:00,E,Leslie St,3,2,5,1
2025-07-27,14,10:00,123,17,14.7,4,2,30.13,0,2025-07-27 22:00:00,2025-07-28 04:00:00,E,St Matthews Rd,4,1,3,2
2025-07-27,14,10:00,123,17,14.7,4,2,30.13,0,2025-07-27 22:00:00,2025-07-28 04:00:00,E,Jarvis St,2,2,4,2
2025-07-27,14,10:00,123,17,14.7,4,2,30.13,0,2025-07-27 22:00:00,2025-07-28 04:00:00,E,Sherbourne St,2,2,4,2
2025-07-27,14,10:00,123,17,14.7,4,2,30.13,0,2025-07-27 22:00:00,2025-07-28 04:00:00,E,St George St,3,1,5,1
2025-07-27,14,10:00,123,17,14.7,4,2,30.13,0,2025-07-27 22:00:00,2025-07-28 04:00:00,E,Dovercourt Rd,6,4,8,3
2025-07-27,14,10:00,123,17,14.7,4,2,30.13,0,2025-07-27 22:00:00,2025-07-28 04:00:00,E,Glenmount Park Rd,6,4,4,1
2025-07-27,14,10:00,123,17,14.7,4,2,30.13,0,2025-07-27 22:00:00,2025-07-28 04:00:00,E,Prust Ave,3,3,5,1
2025-07-27,14,10:00,123,17,14.7,4,2,30.13,0,2025-07-27 22:00:00,2025-07-28 04:00:00,E,Main Street Station at Bay 7,0,0,0,0
2025-07-27,14,10:00,123,17,14.7,4,2,30.13,0,2025-07-27 22:00:00,2025-07-28 04:00:00,E,Norwood Rd,6,4,4,1
2025-07-27,14,10:00,123,17,14.7,4,2,30.13,0,2025-07-27 22:00:00,2025-07-28 04:00:00,E,McCaul St,4,1,4,1
2025-07-27,14,10:00,123,17,14.7,4,2,30.13,0,2025-07-27 22:00:00,2025-07-28 04:00:00,E,Broadview Ave,5,2,6,2
2025-07-27,14,10:00,123,17,14.7,4,2,30.13,0,2025-07-27 22:00:00,2025-07-28 04:00:00,E,Ontario St,2,3,4,2
2025-07-27,14,10:00,123,17,14.7,4,2,30.13,0,2025-07-27 22:00:00,2025-07-28 04:00:00,E,Rusholme Park Cres,3,3,3,2
2025-07-27,14,10:00,123,17,14.7,4,2,30.13,0,2025-07-27 22:00:00,2025-07-28 04:00:00,E,Havelock St,4,3,4,1
2025-07-27,14,10:00,123,17,14.7,4,2,30.13,0,2025-07-27 22:00:00,2025-07-28 04:00:00,E,High Park Loop,2,6,6,4
2025-07-27,14,10:00,123,17,14.7,4,2,30.13,0,2025-07-27 22:00:00,2025-07-28 04:00:00,E,Queens Park (Queen's Park Station),4,1,4,1
2025-07-27,14,10:00,123,17,14.7,4,2,30.13,0,2025-07-27 22:00:00,2025-07-28 04:00:00,E,Roncesvalles Ave,2,4,3,2
2025-07-27,14,10:00,123,17,14.7,4,2,30.13,0,2025-07-27 22:00:00,2025-07-28 04:00:00,E,De Grassi St,3,1,6,2
2025-07-27,14,10:00,123,17,14.7,4,2,30.13,0,2025-07-27 22:00:00,2025-07-28 04:00:00,E,Parliament St at Carlton St,3,2,4,2
2025-07-27,14,10:00,123,17,14.7,4,2,30.13,0,2025-07-27 22:00:00,2025-07-28 04:00:00,E,Parkside Dr East Side,1,4,3,2
2025-07-27,14,10:00,123,17,14.7,4,2,30.13,0,2025-07-27 22:00:00,2025-07-28 04:00:00,E,Dundas St West,2,2,4,2
2025-07-27,14,10:00,123,17,14.7,4,2,30.13,0,2025-07-27 22:00:00,2025-07-28 04:00:00,E,Howard Park Ave at Roncesvalles Ave,0,0,0,0
2025-07-27,14,10:00,123,17,14.7,4,2,30.13,0,2025-07-27 22:00:00,2025-07-28 04:00:00,E,Parliament St,0,0,0,0
2025-07-27,14,10:00,123,17,14.7,4,2,30.13,0,2025-07-27 22:00:00,2025-07-28 04:00:00,E,Parliament St at Gerrard St East,0,0,0,0
2025-07-27,14,10:00,123,17,14.7,4,2,30.13,0,2025-07-27 22:00:00,2025-07-28 04:00:00,E,Sumach St,0,0,0,0
2025-07-27,14,10:00,123,17,14.7,4,2,30.13,0,2025-07-27 22:00:00,2025-07-28 04:00:00,E,Blackburn St,0,0,0,0
2025-07-27,14,10:00,123,17,14.7,4,2,30.13,0,2025-07-27 22:00:00,2025-07-28 04:00:00,E,Logan Ave,2,1,6,2
2025-07-27,14,10:00,123,17,14.7,4,2,30.13,0,2025-07-27 22:00:00,2025-07-28 04:00:00,E,Augusta Ave,0,0,0,0
2025-07-27,14,10:00,123,17,14.7,4,2,30.13,0,2025-07-27 22:00:00,2025-07-28 04:00:00,E,Beverley St,0,0,0,0
2025-07-27,14,10:00,123,17,14.7,4,2,30.13,0,2025-07-27 22:00:00,2025-07-28 04:00:00,E,University Ave (Queen's Park Station,0,0,0,0
2025-07-27,14,10:00,123,17,14.7,4,2,30.13,0,2025-07-27 22:00:00,2025-07-28 04:00:00,E,Elizabeth St,0,0,0,0
2025-07-27,14,10:00,123,17,14.7,4,2,30.13,0,2025-07-27 22:00:00,2025-07-28 04:00:00,E,Greenwood Ave,0,0,0,0
2025-07-27,14,10:00,123,17,14.7,4,2,30.13,0,2025-07-27 22:00:00,2025-07-28 04:00:00,E,Alton Ave,0,0,0,0
2025-07-27,14,10:00,123,17,14.7,4,2,30.13,0,2025-07-27 22:00:00,2025-07-28 04:00:00,E,Coxwell Ave,0,0,0,0
2025-07-27,14,10:00,123,17,14.7,4,2,30.13,0,2025-07-27 22:00:00,2025-07-28 04:00:00,E,Gerrard St East  at Coxwell Ave,0,0,0,0
2025-07-27,14,10:00,123,17,14.7,4,2,30.13,0,2025-07-27 22:00:00,2025-07-28 04:00:00,E,Coxwell Ave at Lower Gerrard St East,0,0,0,0
2025-07-27,14,10:00,123,17,14.7,4,2,30.13,0,2025-07-27 22:00:00,2025-07-28 04:00:00,E,Ashdale Ave,0,0,0,0
2025-07-27,14,10:00,123,17,14.7,4,2,30.13,0,2025-07-27 22:00:00,2025-07-28 04:00:00,E,Howard Park Ave at Indian Rd,0,0,0,0
2025-07-27,14,10:00,123,17,14.7,4,2,30.13,0,2025-07-27 22:00:00,2025-07-28 04:00:00,E,Dundas St West at Howard Park Ave,0,0,0,0
2025-07-27,14,10:00,123,17,14.7,4,2,30.13,0,2025-07-27 22:00:00,2025-07-28 04:00:00,E,Main St at Gerrard St East,0,0,0,0
2025-07-27,14,10:00,123,17,14.7,4,2,30.13,0,2025-07-27 22:00:00,2025-07-28 04:00:00,E,Main St,0,0,0,0
2025-07-27,14,10:00,123,17,14.7,4,2,30.13,0,2025-07-27 22:00:00,2025-07-28 04:00:00,E,Main St at Danforth Ave,0,0,0,0
2025-07-27,14,10:00,123,17,14.7,4,2,30.13,0,2025-07-27 22:00:00,2025-07-28 04:00:00,E,Howard Park Ave at Parkside Dr,0,0,0,0
2025-07-27,14,10:00,123,17,14.7,4,2,30.13,0,2025-07-27 22:00:00,2025-07-28 04:00:00,W,Woodfield Rd,2,2,1,1
2025-07-27,14,10:00,123,17,14.7,4,2,30.13,0,2025-07-27 22:00:00,2025-07-28 04:00:00,W,Coxwell Ave at Gerrard St East,2,2,2,1
2025-07-27,14,10:00,123,17,14.7,4,2,30.13,0,2025-07-27 22:00:00,2025-07-28 04:00:00,W,Euclid Ave,0,0,0,0
2025-07-27,14,10:00,123,17,14.7,4,2,30.13,0,2025-07-27 22:00:00,2025-07-28 04:00:00,W,Bowmore Rd,1,2,2,1
2025-07-27,14,10:00,123,17,14.7,4,2,30.13,0,2025-07-27 22:00:00,2025-07-28 04:00:00,W,Bay St,2,4,2,1
2025-07-27,14,10:00,123,17,14.7,4,2,30.13,0,2025-07-27 22:00:00,2025-07-28 04:00:00,W,Lansdowne Ave,0,0,0,0
2025-07-27,14,10:00,123,17,14.7,4,2,30.13,0,2025-07-27 22:00:00,2025-07-28 04:00:00,W,Indian Rd,4,5,4,2
2025-07-27,14,10:00,123,17,14.7,4,2,30.13,0,2025-07-27 22:00:00,2025-07-28 04:00:00,W,Grace St,0,0,0,0
2025-07-27,14,10:00,123,17,14.7,4,2,30.13,0,2025-07-27 22:00:00,2025-07-28 04:00:00,W,Dufferin St,5,3,5,2
2025-07-27,14,10:00,123,17,14.7,4,2,30.13,0,2025-07-27 22:00:00,2025-07-28 04:00:00,W,Gerrard St East at Beaton Ave,1,1,2,1
2025-07-27,14,10:00,123,17,14.7,4,2,30.13,0,2025-07-27 22:00:00,2025-07-28 04:00:00,W,Bathurst St,0,0,0,0
2025-07-27,14,10:00,123,17,14.7,4,2,30.13,0,2025-07-27 22:00:00,2025-07-28 04:00:00,W,Yonge St - College Station,0,0,0,0
2025-07-27,14,10:00,123,17,14.7,4,2,30.13,0,2025-07-27 22:00:00,2025-07-28 04:00:00,W,Dundas St West at Sterling Rd,0,0,0,0
2025-07-27,14,10:00,123,17,14.7,4,2,30.13,0,2025-07-27 22:00:00,2025-07-28 04:00:00,W,Brock Ave,0,0,0,0
2025-07-27,14,10:00,123,17,14.7,4,2,30.13,0,2025-07-27 22:00:00,2025-07-28 04:00:00,W,Sackville St,3,3,2,2
2025-07-27,14,10:00,123,17,14.7,4,2,30.13,0,2025-07-27 22:00:00,2025-07-28 04:00:00,W,Carlaw Ave,0,0,0,0
2025-07-27,14,10:00,123,17,14.7,4,2,30.13,0,2025-07-27 22:00:00,2025-07-28 04:00:00,W,Borden St,0,0,0,0
2025-07-27,14,10:00,123,17,14.7,4,2,30.13,0,2025-07-27 22:00:00,2025-07-28 04:00:00,W,Dundas St West at Sorauren Ave,3,4,2,2
2025-07-27,14,10:00,123,17,14.7,4,2,30.13,0,2025-07-27 22:00:00,2025-07-28 04:00:00,W,Crawford St,0,0,0,0
2025-07-27,14,10:00,123,17,14.7,4,2,30.13,0,2025-07-27 22:00:00,2025-07-28 04:00:00,W,Pape Ave,0,0,0,0
2025-07-27,14,10:00,123,17,14.7,4,2,30.13,0,2025-07-27 22:00:00,2025-07-28 04:00:00,W,Spadina Ave,2,4,2,0
2025-07-27,14,10:00,123,17,14.7,4,2,30.13,0,2025-07-27 22:00:00,2025-07-28 04:00:00,W,River St,3,3,2,2
2025-07-27,14,10:00,123,17,14.7,4,2,30.13,0,2025-07-27 22:00:00,2025-07-28 04:00:00,W,Marjory Ave,0,0,0,0
2025-07-27,14,10:00,123,17,14.7,4,2,30.13,0,2025-07-27 22:00:00,2025-07-28 04:00:00,W,Kingsmount Park Rd,0,0,0,0
2025-07-27,14,10:00,123,17,14.7,4,2,30.13,0,2025-07-27 22:00:00,2025-07-28 04:00:00,W,Church St,0,0,0,0
2025-07-27,14,10:00,123,17,14.7,4,2,30.13,0,2025-07-27 22:00:00,2025-07-28 04:00:00,W,Ossington Ave,0,0,0,0
2025-07-27,14,10:00,123,17,14.7,4,2,30.13,0,2025-07-27 22:00:00,2025-07-28 04:00:00,W,Woodbine Ave,0,0,0,0
2025-07-27,14,10:00,123,17,14.7,4,2,30.13,0,2025-07-27 22:00:00,2025-07-28 04:00:00,W,Jones Ave,0,0,0,0
2025-07-27,14,10:00,123,17,14.7,4,2,30.13,0,2025-07-27 22:00:00,2025-07-28 04:00:00,W,Golfview Ave,0,0,0,0
2025-07-27,14,10:00,123,17,14.7,4,2,30.13,0,2025-07-27 22:00:00,2025-07-28 04:00:00,W,Leslie St,0,0,0,0
2025-07-27,14,10:00,123,17,14.7,4,2,30.13,0,2025-07-27 22:00:00,2025-07-28 04:00:00,W,St Matthews Rd,0,0,0,0
2025-07-27,14,10:00,123,17,14.7,4,2,30.13,0,2025-07-27 22:00:00,2025-07-28 04:00:00,W,Jarvis St,0,0,0,0
2025-07-27,14,10:00,123,17,14.7,4,2,30.13,0,2025-07-27 22:00:00,2025-07-28 04:00:00,W,Sherbourne St,0,0,0,0
2025-07-27,14,10:00,123,17,14.7,4,2,30.13,0,2025-07-27 22:00:00,2025-07-28 04:00:00,W,St George St,0,0,0,0
2025-07-27,14,10:00,123,17,14.7,4,2,30.13,0,2025-07-27 22:00:00,2025-07-28 04:00:00,W,Dovercourt Rd,0,0,0,0
2025-07-27,14,10:00,123,17,14.7,4,2,30.13,0,2025-07-27 22:00:00,2025-07-28 04:00:00,W,Glenmount Park Rd,0,0,0,0
2025-07-27,14,10:00,123,17,14.7,4,2,30.13,0,2025-07-27 22:00:00,2025-07-28 04:00:00,W,Prust Ave,0,0,0,0
2025-07-27,14,10:00,123,17,14.7,4,2,30.13,0,2025-07-27 22:00:00,2025-07-28 04:00:00,W,Main Street Station at Bay 7,1,1,1,3
2025-07-27,14,10:00,123,17,14.7,4,2,30.13,0,2025-07-27 22:00:00,2025-07-28 04:00:00,W,Norwood Rd,0,0,0,0
2025-07-27,14,10:00,123,17,14.7,4,2,30.13,0,2025-07-27 22:00:00,2025-07-28 04:00:00,W,McCaul St,0,0,0,0
2025-07-27,14,10:00,123,17,14.7,4,2,30.13,0,2025-07-27 22:00:00,2025-07-28 04:00:00,W,Broadview Ave,0,0,0,0
2025-07-27,14,10:00,123,17,14.7,4,2,30.13,0,2025-07-27 22:00:00,2025-07-28 04:00:00,W,Ontario St,0,0,0,0
2025-07-27,14,10:00,123,17,14.7,4,2,30.13,0,2025-07-27 22:00:00,2025-07-28 04:00:00,W,Rusholme Park Cres,0,0,0,0
2025-07-27,14,10:00,123,17,14.7,4,2,30.13,0,2025-07-27 22:00:00,2025-07-28 04:00:00,W,Havelock St,0,0,0,0
2025-07-27,14,10:00,123,17,14.7,4,2,30.13,0,2025-07-27 22:00:00,2025-07-28 04:00:00,W,High Park Loop,0,0,0,0
2025-07-27,14,10:00,123,17,14.7,4,2,30.13,0,2025-07-27 22:00:00,2025-07-28 04:00:00,W,Queens Park (Queen's Park Station),0,0,0,0
2025-07-27,14,10:00,123,17,14.7,4,2,30.13,0,2025-07-27 22:00:00,2025-07-28 04:00:00,W,Roncesvalles Ave,3,5,3,2
2025-07-27,14,10:00,123,17,14.7,4,2,30.13,0,2025-07-27 22:00:00,2025-07-28 04:00:00,W,De Grassi St,0,0,0,0
2025-07-27,14,10:00,123,17,14.7,4,2,30.13,0,2025-07-27 22:00:00,2025-07-28 04:00:00,W,Parliament St at Carlton St,0,0,0,0
2025-07-27,14,10:00,123,17,14.7,4,2,30.13,0,2025-07-27 22:00:00,2025-07-28 04:00:00,W,Parkside Dr East Side,0,0,0,0
2025-07-27,14,10:00,123,17,14.7,4,2,30.13,0,2025-07-27 22:00:00,2025-07-28 04:00:00,W,Dundas St West,3,5,2,2
2025-07-27,14,10:00,123,17,14.7,4,2,30.13,0,2025-07-27 22:00:00,2025-07-28 04:00:00,W,Howard Park Ave at Roncesvalles Ave,0,0,0,0
2025-07-27,14,10:00,123,17,14.7,4,2,30.13,0,2025-07-27 22:00:00,2025-07-28 04:00:00,W,Parliament St,0,0,0,0
2025-07-27,14,10:00,123,17,14.7,4,2,30.13,0,2025-07-27 22:00:00,2025-07-28 04:00:00,W,Parliament St at Gerrard St East,0,0,0,0
2025-07-27,14,10:00,123,17,14.7,4,2,30.13,0,2025-07-27 22:00:00,2025-07-28 04:00:00,W,Sumach St,0,0,0,0
2025-07-27,14,10:00,123,17,14.7,4,2,30.13,0,2025-07-27 22:00:00,2025-07-28 04:00:00,W,Blackburn St,0,0,0,0
2025-07-27,14,10:00,123,17,14.7,4,2,30.13,0,2025-07-27 22:00:00,2025-07-28 04:00:00,W,Logan Ave,0,0,0,0
2025-07-27,14,10:00,123,17,14.7,4,2,30.13,0,2025-07-27 22:00:00,2025-07-28 04:00:00,W,Augusta Ave,0,0,0,0
2025-07-27,14,10:00,123,17,14.7,4,2,30.13,0,2025-07-27 22:00:00,2025-07-28 04:00:00,W,Beverley St,0,0,0,0
2025-07-27,14,10:00,123,17,14.7,4,2,30.13,0,2025-07-27 22:00:00,2025-07-28 04:00:00,W,University Ave (Queen's Park Station,0,0,0,0
2025-07-27,14,10:00,123,17,14.7,4,2,30.13,0,2025-07-27 22:00:00,2025-07-28 04:00:00,W,Elizabeth St,0,0,0,0
2025-07-27,14,10:00,123,17,14.7,4,2,30.13,0,2025-07-27 22:00:00,2025-07-28 04:00:00,W,Greenwood Ave,0,0,0,0
2025-07-27,14,10:00,123,17,14.7,4,2,30.13,0,2025-07-27 22:00:00,2025-07-28 04:00:00,W,Alton Ave,0,0,0,0
2025-07-27,14,10:00,123,17,14.7,4,2,30.13,0,2025-07-27 22:00:00,2025-07-28 04:00:00,W,Coxwell Ave,0,0,0,0
2025-07-27,14,10:00,123,17,14.7,4,2,30.13,0,2025-07-27 22:00:00,2025-07-28 04:00:00,W,Gerrard St East  at Coxwell Ave,0,0,0,0
2025-07-27,14,10:00,123,17,14.7,4,2,30.13,0,2025-07-27 22:00:00,2025-07-28 04:00:00,W,Coxwell Ave at Lower Gerrard St East,0,0,0,0
2025-07-27,14,10:00,123,17,14.7,4,2,30.13,0,2025-07-27 22:00:00,2025-07-28 04:00:00,W,Ashdale Ave,0,0,0,0
2025-07-27,14,10:00,123,17,14.7,4,2,30.13,0,2025-07-27 22:00:00,2025-07-28 04:00:00,W,Howard Park Ave at Indian Rd,0,0,0,0
2025-07-27,14,10:00,123,17,14.7,4,2,30.13,0,2025-07-27 22:00:00,2025-07-28 04:00:00,W,Dundas St West at Howard Park Ave,0,0,0,0
2025-07-27,14,10:00,123,17,14.7,4,2,30.13,0,2025-07-27 22:00:00,2025-07-28 04:00:00,W,Main St at Gerrard St East,0,0,0,0
2025-07-27,14,10:00,123,17,14.7,4,2,30.13,0,2025-07-27 22:00:00,2025-07-28 04:00:00,W,Main St,0,0,0,0
2025-07-27,14,10:00,123,17,14.7,4,2,30.13,0,2025-07-27 22:00:00,2025-07-28 04:00:00,W,Main St at Danforth Ave,0,0,0,0
2025-07-27,14,10:00,123,17,14.7,4,2,30.13,0,2025-07-27 22:00:00,2025-07-28 04:00:00,W,Howard Park Ave at Parkside Dr,0,0,0,0
2025-08-03,14,10:00,123,17,14.7,4,2,30.13,0,2025-08-03 22:00:00,2025-08-04 04:00:00,E,Woodfield Rd,9,4,9,1
2025-08-03,14,10:00,123,17,14.7,4,2,30.13,0,2025-08-03 22:00:00,2025-08-04 04:00:00,E,Coxwell Ave at Gerrard St East,0,0,0,0
2025-08-03,14,10:00,123,17,14.7,4,2,30.13,0,2025-08-03 22:00:00,2025-08-04 04:00:00,E,Euclid Ave,0,0,0,0
2025-08-03,14,10:00,123,17,14.7,4,2,30.13,0,2025-08-03 22:00:00,2025-08-04 04:00:00,E,Bowmore Rd,7,5,6,0
2025-08-03,14,10:00,123,17,14.7,4,2,30.13,0,2025-08-03 22:00:00,2025-08-04 04:00:00,E,Bay St,6,5,8,1
2025-08-03,14,10:00,123,17,14.7,4,2,30.13,0,2025-08-03 22:00:00,2025-08-04 04:00:00,E,Lansdowne Ave,9,7,8,1
2025-08-03,14,10:00,123,17,14.7,4,2,30.13,0,2025-08-03 22:00:00,2025-08-04 04:00:00,E,Indian Rd,0,2,2,0
2025-08-03,14,10:00,123,17,14.7,4,2,30.13,0,2025-08-03 22:00:00,2025-08-04 04:00:00,E,Grace St,3,6,7,1
2025-08-03,14,10:00,123,17,14.7,4,2,30.13,0,2025-08-03 22:00:00,2025-08-04 04:00:00,E,Dufferin St,9,5,10,0
2025-08-03,14,10:00,123,17,14.7,4,2,30.13,0,2025-08-03 22:00:00,2025-08-04 04:00:00,E,Gerrard St East at Beaton Ave,7,5,6,0
2025-08-03,14,10:00,123,17,14.7,4,2,30.13,0,2025-08-03 22:00:00,2025-08-04 04:00:00,E,Bathurst St,5,5,7,1
2025-08-03,14,10:00,123,17,14.7,4,2,30.13,0,2025-08-03 22:00:00,2025-08-04 04:00:00,E,Yonge St - College Station,4,5,7,2
2025-08-03,14,10:00,123,17,14.7,4,2,30.13,0,2025-08-03 22:00:00,2025-08-04 04:00:00,E,Dundas St West at Sterling Rd,2,2,3,0
2025-08-03,14,10:00,123,17,14.7,4,2,30.13,0,2025-08-03 22:00:00,2025-08-04 04:00:00,E,Brock Ave,8,7,10,0
2025-08-03,14,10:00,123,17,14.7,4,2,30.13,0,2025-08-03 22:00:00,2025-08-04 04:00:00,E,Sackville St,3,4,5,1
2025-08-03,14,10:00,123,17,14.7,4,2,30.13,0,2025-08-03 22:00:00,2025-08-04 04:00:00,E,Carlaw Ave,5,5,7,2
2025-08-03,14,10:00,123,17,14.7,4,2,30.13,0,2025-08-03 22:00:00,2025-08-04 04:00:00,E,Borden St,5,5,7,1
2025-08-03,14,10:00,123,17,14.7,4,2,30.13,0,2025-08-03 22:00:00,2025-08-04 04:00:00,E,Dundas St West at Sorauren Ave,2,2,3,0
2025-08-03,14,10:00,123,17,14.7,4,2,30.13,0,2025-08-03 22:00:00,2025-08-04 04:00:00,E,Crawford St,3,8,7,1
2025-08-03,14,10:00,123,17,14.7,4,2,30.13,0,2025-08-03 22:00:00,2025-08-04 04:00:00,E,Pape Ave,5,5,7,1
2025-08-03,14,10:00,123,17,14.7,4,2,30.13,0,2025-08-03 22:00:00,2025-08-04 04:00:00,E,Spadina Ave,6,4,7,1
2025-08-03,14,10:00,123,17,14.7,4,2,30.13,0,2025-08-03 22:00:00,2025-08-04 04:00:00,E,River St,3,4,5,1
2025-08-03,14,10:00,123,17,14.7,4,2,30.13,0,2025-08-03 22:00:00,2025-08-04 04:00:00,E,Marjory Ave,6,5,7,1
2025-08-03,14,10:00,123,17,14.7,4,2,30.13,0,2025-08-03 22:00:00,2025-08-04 04:00:00,E,Kingsmount Park Rd,7,5,6,0
2025-08-03,14,10:00,123,17,14.7,4,2,30.13,0,2025-08-03 22:00:00,2025-08-04 04:00:00,E,Church St,0,0,0,0
2025-08-03,14,10:00,123,17,14.7,4,2,30.13,0,2025-08-03 22:00:00,2025-08-04 04:00:00,E,Ossington Ave,6,6,9,1
2025-08-03,14,10:00,123,17,14.7,4,2,30.13,0,2025-08-03 22:00:00,2025-08-04 04:00:00,E,Woodbine Ave,7,5,5,1
2025-08-03,14,10:00,123,17,14.7,4,2,30.13,0,2025-08-03 22:00:00,2025-08-04 04:00:00,E,Jones Ave,5,5,8,1
2025-08-03,14,10:00,123,17,14.7,4,2,30.13,0,2025-08-03 22:00:00,2025-08-04 04:00:00,E,Golfview Ave,7,5,5,1
2025-08-03,14,10:00,123,17,14.7,4,2,30.13,0,2025-08-03 22:00:00,2025-08-04 04:00:00,E,Leslie St,6,5,7,1
2025-08-03,14,10:00,123,17,14.7,4,2,30.13,0,2025-08-03 22:00:00,2025-08-04 04:00:00,E,St Matthews Rd,6,4,6,1
2025-08-03,14,10:00,123,17,14.7,4,2,30.13,0,2025-08-03 22:00:00,2025-08-04 04:00:00,E,Jarvis St,2,2,5,0
2025-08-03,14,10:00,123,17,14.7,4,2,30.13,0,2025-08-03 22:00:00,2025-08-04 04:00:00,E,Sherbourne St,2,2,5,0
2025-08-03,14,10:00,123,17,14.7,4,2,30.13,0,2025-08-03 22:00:00,2025-08-04 04:00:00,E,St George St,5,4,7,1
2025-08-03,14,10:00,123,17,14.7,4,2,30.13,0,2025-08-03 22:00:00,2025-08-04 04:00:00,E,Dovercourt Rd,4,7,9,1
2025-08-03,14,10:00,123,17,14.7,4,2,30.13,0,2025-08-03 22:00:00,2025-08-04 04:00:00,E,Glenmount Park Rd,7,5,5,1
2025-08-03,14,10:00,123,17,14.7,4,2,30.13,0,2025-08-03 22:00:00,2025-08-04 04:00:00,E,Prust Ave,7,5,8,1
2025-08-03,14,10:00,123,17,14.7,4,2,30.13,0,2025-08-03 22:00:00,2025-08-04 04:00:00,E,Main Street Station at Bay 7,0,0,0,0
2025-08-03,14,10:00,123,17,14.7,4,2,30.13,0,2025-08-03 22:00:00,2025-08-04 04:00:00,E,Norwood Rd,7,5,5,1
2025-08-03,14,10:00,123,17,14.7,4,2,30.13,0,2025-08-03 22:00:00,2025-08-04 04:00:00,E,McCaul St,5,4,7,1
2025-08-03,14,10:00,123,17,14.7,4,2,30.13,0,2025-08-03 22:00:00,2025-08-04 04:00:00,E,Broadview Ave,3,4,6,1
2025-08-03,14,10:00,123,17,14.7,4,2,30.13,0,2025-08-03 22:00:00,2025-08-04 04:00:00,E,Ontario St,2,2,5,0
2025-08-03,14,10:00,123,17,14.7,4,2,30.13,0,2025-08-03 22:00:00,2025-08-04 04:00:00,E,Rusholme Park Cres,0,2,2,0
2025-08-03,14,10:00,123,17,14.7,4,2,30.13,0,2025-08-03 22:00:00,2025-08-04 04:00:00,E,Havelock St,7,5,8,1
2025-08-03,14,10:00,123,17,14.7,4,2,30.13,0,2025-08-03 22:00:00,2025-08-04 04:00:00,E,High Park Loop,0,6,4,0
2025-08-03,14,10:00,123,17,14.7,4,2,30.13,0,2025-08-03 22:00:00,2025-08-04 04:00:00,E,Queens Park (Queen's Park Station),6,5,7,1
2025-08-03,14,10:00,123,17,14.7,4,2,30.13,0,2025-08-03 22:00:00,2025-08-04 04:00:00,E,Roncesvalles Ave,0,2,3,0
2025-08-03,14,10:00,123,17,14.7,4,2,30.13,0,2025-08-03 22:00:00,2025-08-04 04:00:00,E,De Grassi St,4,3,6,1
2025-08-03,14,10:00,123,17,14.7,4,2,30.13,0,2025-08-03 22:00:00,2025-08-04 04:00:00,E,Parliament St at Carlton St,3,2,4,1
2025-08-03,14,10:00,123,17,14.7,4,2,30.13,0,2025-08-03 22:00:00,2025-08-04 04:00:00,E,Parkside Dr East Side,0,3,2,0
2025-08-03,14,10:00,123,17,14.7,4,2,30.13,0,2025-08-03 22:00:00,2025-08-04 04:00:00,E,Dundas St West,2,2,4,0
2025-08-03,14,10:00,123,17,14.7,4,2,30.13,0,2025-08-03 22:00:00,2025-08-04 04:00:00,E,Howard Park Ave at Roncesvalles Ave,0,0,0,0
2025-08-03,14,10:00,123,17,14.7,4,2,30.13,0,2025-08-03 22:00:00,2025-08-04 04:00:00,E,Parliament St,0,0,0,0
2025-08-03,14,10:00,123,17,14.7,4,2,30.13,0,2025-08-03 22:00:00,2025-08-04 04:00:00,E,Parliament St at Gerrard St East,0,0,0,0
2025-08-03,14,10:00,123,17,14.7,4,2,30.13,0,2025-08-03 22:00:00,2025-08-04 04:00:00,E,Sumach St,0,0,0,0
2025-08-03,14,10:00,123,17,14.7,4,2,30.13,0,2025-08-03 22:00:00,2025-08-04 04:00:00,E,Blackburn St,0,0,0,0
2025-08-03,14,10:00,123,17,14.7,4,2,30.13,0,2025-08-03 22:00:00,2025-08-04 04:00:00,E,Logan Ave,5,5,6,1
2025-08-03,14,10:00,123,17,14.7,4,2,30.13,0,2025-08-03 22:00:00,2025-08-04 04:00:00,E,Augusta Ave,0,0,0,0
2025-08-03,14,10:00,123,17,14.7,4,2,30.13,0,2025-08-03 22:00:00,2025-08-04 04:00:00,E,Beverley St,0,0,0,0
2025-08-03,14,10:00,123,17,14.7,4,2,30.13,0,2025-08-03 22:00:00,2025-08-04 04:00:00,E,University Ave (Queen's Park Station,0,0,0,0
2025-08-03,14,10:00,123,17,14.7,4,2,30.13,0,2025-08-03 22:00:00,2025-08-04 04:00:00,E,Elizabeth St,0,0,0,0
2025-08-03,14,10:00,123,17,14.7,4,2,30.13,0,2025-08-03 22:00:00,2025-08-04 04:00:00,E,Greenwood Ave,0,0,0,0
2025-08-03,14,10:00,123,17,14.7,4,2,30.13,0,2025-08-03 22:00:00,2025-08-04 04:00:00,E,Alton Ave,0,0,0,0
2025-08-03,14,10:00,123,17,14.7,4,2,30.13,0,2025-08-03 22:00:00,2025-08-04 04:00:00,E,Coxwell Ave,0,0,0,0
2025-08-03,14,10:00,123,17,14.7,4,2,30.13,0,2025-08-03 22:00:00,2025-08-04 04:00:00,E,Gerrard St East  at Coxwell Ave,0,0,0,0
2025-08-03,14,10:00,123,17,14.7,4,2,30.13,0,2025-08-03 22:00:00,2025-08-04 04:00:00,E,Coxwell Ave at Lower Gerrard St East,0,0,0,0
2025-08-03,14,10:00,123,17,14.7,4,2,30.13,0,2025-08-03 22:00:00,2025-08-04 04:00:00,E,Ashdale Ave,0,0,0,0
2025-08-03,14,10:00,123,17,14.7,4,2,30.13,0,2025-08-03 22:00:00,2025-08-04 04:00:00,E,Howard Park Ave at Indian Rd,0,0,0,0
2025-08-03,14,10:00,123,17,14.7,4,2,30.13,0,2025-08-03 22:00:00,2025-08-04 04:00:00,E,Dundas St West at Howard Park Ave,0,0,0,0
2025-08-03,14,10:00,123,17,14.7,4,2,30.13,0,2025-08-03 22:00:00,2025-08-04 04:00:00,E,Main St at Gerrard St East,0,0,0,0
2025-08-03,14,10:00,123,17,14.7,4,2,30.13,0,2025-08-03 22:00:00,2025-08-04 04:00:00,E,Main St,0,0,0,0
2025-08-03,14,10:00,123,17,14.7,4,2,30.13,0,2025-08-03 22:00:00,2025-08-04 04:00:00,E,Main St at Danforth Ave,0,0,0,0
2025-08-03,14,10:00,123,17,14.7,4,2,30.13,0,2025-08-03 22:00:00,2025-08-04 04:00:00,E,Howard Park Ave at Parkside Dr,0,0,0,0
2025-08-03,14,10:00,123,17,14.7,4,2,30.13,0,2025-08-03 22:00:00,2025-08-04 04:00:00,W,Woodfield Rd,2,2,2,1
2025-08-03,14,10:00,123,17,14.7,4,2,30.13,0,2025-08-03 22:00:00,2025-08-04 04:00:00,W,Coxwell Ave at Gerrard St East,2,3,2,1
2025-08-03,14,10:00,123,17,14.7,4,2,30.13,0,2025-08-03 22:00:00,2025-08-04 04:00:00,W,Euclid Ave,0,0,0,0
2025-08-03,14,10:00,123,17,14.7,4,2,30.13,0,2025-08-03 22:00:00,2025-08-04 04:00:00,W,Bowmore Rd,4,4,3,1
2025-08-03,14,10:00,123,17,14.7,4,2,30.13,0,2025-08-03 22:00:00,2025-08-04 04:00:00,W,Bay St,2,2,2,1
2025-08-03,14,10:00,123,17,14.7,4,2,30.13,0,2025-08-03 22:00:00,2025-08-04 04:00:00,W,Lansdowne Ave,0,0,0,0
2025-08-03,14,10:00,123,17,14.7,4,2,30.13,0,2025-08-03 22:00:00,2025-08-04 04:00:00,W,Indian Rd,3,3,4,1
2025-08-03,14,10:00,123,17,14.7,4,2,30.13,0,2025-08-03 22:00:00,2025-08-04 04:00:00,W,Grace St,0,0,0,0
2025-08-03,14,10:00,123,17,14.7,4,2,30.13,0,2025-08-03 22:00:00,2025-08-04 04:00:00,W,Dufferin St,5,2,7,1
2025-08-03,14,10:00,123,17,14.7,4,2,30.13,0,2025-08-03 22:00:00,2025-08-04 04:00:00,W,Gerrard St East at Beaton Ave,3,3,2,1
2025-08-03,14,10:00,123,17,14.7,4,2,30.13,0,2025-08-03 22:00:00,2025-08-04 04:00:00,W,Bathurst St,0,0,0,0
2025-08-03,14,10:00,123,17,14.7,4,2,30.13,0,2025-08-03 22:00:00,2025-08-04 04:00:00,W,Yonge St - College Station,0,0,0,0
2025-08-03,14,10:00,123,17,14.7,4,2,30.13,0,2025-08-03 22:00:00,2025-08-04 04:00:00,W,Dundas St West at Sterling Rd,0,0,0,0
2025-08-03,14,10:00,123,17,14.7,4,2,30.13,0,2025-08-03 22:00:00,2025-08-04 04:00:00,W,Brock Ave,0,0,0,0
2025-08-03,14,10:00,123,17,14.7,4,2,30.13,0,2025-08-03 22:00:00,2025-08-04 04:00:00,W,Sackville St,5,2,4,1
2025-08-03,14,10:00,123,17,14.7,4,2,30.13,0,2025-08-03 22:00:00,2025-08-04 04:00:00,W,Carlaw Ave,0,0,0,0
2025-08-03,14,10:00,123,17,14.7,4,2,30.13,0,2025-08-03 22:00:00,2025-08-04 04:00:00,W,Borden St,0,0,0,0
2025-08-03,14,10:00,123,17,14.7,4,2,30.13,0,2025-08-03 22:00:00,2025-08-04 04:00:00,W,Dundas St West at Sorauren Ave,2,3,3,1
2025-08-03,14,10:00,123,17,14.7,4,2,30.13,0,2025-08-03 22:00:00,2025-08-04 04:00:00,W,Crawford St,0,0,0,0
2025-08-03,14,10:00,123,17,14.7,4,2,30.13,0,2025-08-03 22:00:00,2025-08-04 04:00:00,W,Pape Ave,0,0,0,0
2025-08-03,14,10:00,123,17,14.7,4,2,30.13,0,2025-08-03 22:00:00,2025-08-04 04:00:00,W,Spadina Ave,4,2,3,1
2025-08-03,14,10:00,123,17,14.7,4,2,30.13,0,2025-08-03 22:00:00,2025-08-04 04:00:00,W,River St,4,2,5,1
2025-08-03,14,10:00,123,17,14.7,4,2,30.13,0,2025-08-03 22:00:00,2025-08-04 04:00:00,W,Marjory Ave,0,0,0,0
2025-08-03,14,10:00,123,17,14.7,4,2,30.13,0,2025-08-03 22:00:00,2025-08-04 04:00:00,W,Kingsmount Park Rd,0,0,0,0
2025-08-03,14,10:00,123,17,14.7,4,2,30.13,0,2025-08-03 22:00:00,2025-08-04 04:00:00,W,Church St,0,0,0,0
2025-08-03,14,10:00,123,17,14.7,4,2,30.13,0,2025-08-03 22:00:00,2025-08-04 04:00:00,W,Ossington Ave,0,0,0,0
2025-08-03,14,10:00,123,17,14.7,4,2,30.13,0,2025-08-03 22:00:00,2025-08-04 04:00:00,W,Woodbine Ave,0,0,0,0
2025-08-03,14,10:00,123,17,14.7,4,2,30.13,0,2025-08-03 22:00:00,2025-08-04 04:00:00,W,Jones Ave,0,0,0,0
2025-08-03,14,10:00,123,17,14.7,4,2,30.13,0,2025-08-03 22:00:00,2025-08-04 04:00:00,W,Golfview Ave,0,0,0,0
2025-08-03,14,10:00,123,17,14.7,4,2,30.13,0,2025-08-03 22:00:00,2025-08-04 04:00:00,W,Leslie St,0,0,0,0
2025-08-03,14,10:00,123,17,14.7,4,2,30.13,0,2025-08-03 22:00:00,2025-08-04 04:00:00,W,St Matthews Rd,0,0,0,0
2025-08-03,14,10:00,123,17,14.7,4,2,30.13,0,2025-08-03 22:00:00,2025-08-04 04:00:00,W,Jarvis St,0,0,0,0
2025-08-03,14,10:00,123,17,14.7,4,2,30.13,0,2025-08-03 22:00:00,2025-08-04 04:00:00,W,Sherbourne St,0,0,0,0
2025-08-03,14,10:00,123,17,14.7,4,2,30.13,0,2025-08-03 22:00:00,2025-08-04 04:00:00,W,St George St,0,0,0,0
2025-08-03,14,10:00,123,17,14.7,4,2,30.13,0,2025-08-03 22:00:00,2025-08-04 04:00:00,W,Dovercourt Rd,0,0,0,0
2025-08-03,14,10:00,123,17,14.7,4,2,30.13,0,2025-08-03 22:00:00,2025-08-04 04:00:00,W,Glenmount Park Rd,0,0,0,0
2025-08-03,14,10:00,123,17,14.7,4,2,30.13,0,2025-08-03 22:00:00,2025-08-04 04:00:00,W,Prust Ave,0,0,0,0
2025-08-03,14,10:00,123,17,14.7,4,2,30.13,0,2025-08-03 22:00:00,2025-08-04 04:00:00,W,Main Street Station at Bay 7,4,4,3,1
2025-08-03,14,10:00,123,17,14.7,4,2,30.13,0,2025-08-03 22:00:00,2025-08-04 04:00:00,W,Norwood Rd,0,0,0,0
2025-08-03,14,10:00,123,17,14.7,4,2,30.13,0,2025-08-03 22:00:00,2025-08-04 04:00:00,W,McCaul St,0,0,0,0
2025-08-03,14,10:00,123,17,14.7,4,2,30.13,0,2025-08-03 22:00:00,2025-08-04 04:00:00,W,Broadview Ave,0,0,0,0
2025-08-03,14,10:00,123,17,14.7,4,2,30.13,0,2025-08-03 22:00:00,2025-08-04 04:00:00,W,Ontario St,0,0,0,0
2025-08-03,14,10:00,123,17,14.7,4,2,30.13,0,2025-08-03 22:00:00,2025-08-04 04:00:00,W,Rusholme Park Cres,0,0,0,0
2025-08-03,14,10:00,123,17,14.7,4,2,30.13,0,2025-08-03 22:00:00,2025-08-04 04:00:00,W,Havelock St,0,0,0,0
2025-08-03,14,10:00,123,17,14.7,4,2,30.13,0,2025-08-03 22:00:00,2025-08-04 04:00:00,W,High Park Loop,0,0,0,0
2025-08-03,14,10:00,123,17,14.7,4,2,30.13,0,2025-08-03 22:00:00,2025-08-04 04:00:00,W,Queens Park (Queen's Park Station),0,0,0,0
2025-08-03,14,10:00,123,17,14.7,4,2,30.13,0,2025-08-03 22:00:00,2025-08-04 04:00:00,W,Roncesvalles Ave,1,3,4,1
2025-08-03,14,10:00,123,17,14.7,4,2,30.13,0,2025-08-03 22:00:00,2025-08-04 04:00:00,W,De Grassi St,0,0,0,0
2025-08-03,14,10:00,123,17,14.7,4,2,30.13,0,2025-08-03 22:00:00,2025-08-04 04:00:00,W,Parliament St at Carlton St,0,0,0,0
2025-08-03,14,10:00,123,17,14.7,4,2,30.13,0,2025-08-03 22:00:00,2025-08-04 04:00:00,W,Parkside Dr East Side,0,0,0,0
2025-08-03,14,10:00,123,17,14.7,4,2,30.13,0,2025-08-03 22:00:00,2025-08-04 04:00:00,W,Dundas St West,3,3,3,1
2025-08-03,14,10:00,123,17,14.7,4,2,30.13,0,2025-08-03 22:00:00,2025-08-04 04:00:00,W,Howard Park Ave at Roncesvalles Ave,0,0,0,0
2025-08-03,14,10:00,123,17,14.7,4,2,30.13,0,2025-08-03 22:00:00,2025-08-04 04:00:00,W,Parliament St,0,0,0,0
2025-08-03,14,10:00,123,17,14.7,4,2,30.13,0,2025-08-03 22:00:00,2025-08-04 04:00:00,W,Parliament St at Gerrard St East,0,0,0,0
2025-08-03,14,10:00,123,17,14.7,4,2,30.13,0,2025-08-03 22:00:00,2025-08-04 04:00:00,W,Sumach St,0,0,0,0
2025-08-03,14,10:00,123,17,14.7,4,2,30.13,0,2025-08-03 22:00:00,2025-08-04 04:00:00,W,Blackburn St,0,0,0,0
2025-08-03,14,10:00,123,17,14.7,4,2,30.13,0,2025-08-03 22:00:00,2025-08-04 04:00:00,W,Logan Ave,0,0,0,0
2025-08-03,14,10:00,123,17,14.7,4,2,30.13,0,2025-08-03 22:00:00,2025-08-04 04:00:00,W,Augusta Ave,0,0,0,0
2025-08-03,14,10:00,123,17,14.7,4,2,30.13,0,2025-08-03 22:00:00,2025-08-04 04:00:00,W,Beverley St,0,0,0,0
2025-08-03,14,10:00,123,17,14.7,4,2,30.13,0,2025-08-03 22:00:00,2025-08-04 04:00:00,W,University Ave (Queen's Park Station,0,0,0,0
2025-08-03,14,10:00,123,17,14.7,4,2,30.13,0,2025-08-03 22:00:00,2025-08-04 04:00:00,W,Elizabeth St,0,0,0,0
2025-08-03,14,10:00,123,17,14.7,4,2,30.13,0,2025-08-03 22:00:00,2025-08-04 04:00:00,W,Greenwood Ave,0,0,0,0
2025-08-03,14,10:00,123,17,14.7,4,2,30.13,0,2025-08-03 22:00:00,2025-08-04 04:00:00,W,Alton Ave,0,0,0,0
2025-08-03,14,10:00,123,17,14.7,4,2,30.13,0,2025-08-03 22:00:00,2025-08-04 04:00:00,W,Coxwell Ave,0,0,0,0
2025-08-03,14,10:00,123,17,14.7,4,2,30.13,0,2025-08-03 22:00:00,2025-08-04 04:00:00,W,Gerrard St East  at Coxwell Ave,0,0,0,0
2025-08-03,14,10:00,123,17,14.7,4,2,30.13,0,2025-08-03 22:00:00,2025-08-04 04:00:00,W,Coxwell Ave at Lower Gerrard St East,0,0,0,0
2025-08-03,14,10:00,123,17,14.7,4,2,30.13,0,2025-08-03 22:00:00,2025-08-04 04:00:00,W,Ashdale Ave,0,0,0,0
2025-08-03,14,10:00,123,17,14.7,4,2,30.13,0,2025-08-03 22:00:00,2025-08-04 04:00:00,W,Howard Park Ave at Indian Rd,0,0,0,0
2025-08-03,14,10:00,123,17,14.7,4,2,30.13,0,2025-08-03 22:00:00,2025-08-04 04:00:00,W,Dundas St West at Howard Park Ave,0,0,0,0
2025-08-03,14,10:00,123,17,14.7,4,2,30.13,0,2025-08-03 22:00:00,2025-08-04 04:00:00,W,Main St at Gerrard St East,0,0,0,0
2025-08-03,14,10:00,123,17,14.7,4,2,30.13,0,2025-08-03 22:00:00,2025-08-04 04:00:00,W,Main St,0,0,0,0
2025-08-03,14,10:00,123,17,14.7,4,2,30.13,0,2025-08-03 22:00:00,2025-08-04 04:00:00,W,Main St at Danforth Ave,0,0,0,0
2025-08-03,14,10:00,123,17,14.7,4,2,30.13,0,2025-08-03 22:00:00,2025-08-04 04:00:00,W,Howard Park Ave at Parkside Dr,0,0,0,0
2025-08-10,14,10:00,123,17,14.7,4,2,30.13,0,2025-08-10 22:00:00,2025-08-11 04:00:00,E,Woodfield Rd,7,7,6,0
2025-08-10,14,10:00,123,17,14.7,4,2,30.13,0,2025-08-10 22:00:00,2025-08-11 04:00:00,E,Coxwell Ave at Gerrard St East,0,0,0,0
2025-08-10,14,10:00,123,17,14.7,4,2,30.13,0,2025-08-10 22:00:00,2025-08-11 04:00:00,E,Euclid Ave,0,0,0,0
2025-08-10,14,10:00,123,17,14.7,4,2,30.13,0,2025-08-10 22:00:00,2025-08-11 04:00:00,E,Bowmore Rd,3,7,5,0
2025-08-10,14,10:00,123,17,14.7,4,2,30.13,0,2025-08-10 22:00:00,2025-08-11 04:00:00,E,Bay St,6,7,6,0
2025-08-10,14,10:00,123,17,14.7,4,2,30.13,0,2025-08-10 22:00:00,2025-08-11 04:00:00,E,Lansdowne Ave,8,11,8,0
2025-08-10,14,10:00,123,17,14.7,4,2,30.13,0,2025-08-10 22:00:00,2025-08-11 04:00:00,E,Indian Rd,1,2,5,3
2025-08-10,14,10:00,123,17,14.7,4,2,30.13,0,2025-08-10 22:00:00,2025-08-11 04:00:00,E,Grace St,5,6,7,1
2025-08-10,14,10:00,123,17,14.7,4,2,30.13,0,2025-08-10 22:00:00,2025-08-11 04:00:00,E,Dufferin St,8,5,6,0
2025-08-10,14,10:00,123,17,14.7,4,2,30.13,0,2025-08-10 22:00:00,2025-08-11 04:00:00,E,Gerrard St East at Beaton Ave,3,7,5,0
2025-08-10,14,10:00,123,17,14.7,4,2,30.13,0,2025-08-10 22:00:00,2025-08-11 04:00:00,E,Bathurst St,4,6,8,0
2025-08-10,14,10:00,123,17,14.7,4,2,30.13,0,2025-08-10 22:00:00,2025-08-11 04:00:00,E,Yonge St - College Station,6,6,8,0
2025-08-10,14,10:00,123,17,14.7,4,2,30.13,0,2025-08-10 22:00:00,2025-08-11 04:00:00,E,Dundas St West at Sterling Rd,2,4,3,0
2025-08-10,14,10:00,123,17,14.7,4,2,30.13,0,2025-08-10 22:00:00,2025-08-11 04:00:00,E,Brock Ave,4,11,7,0
2025-08-10,14,10:00,123,17,14.7,4,2,30.13,0,2025-08-10 22:00:00,2025-08-11 04:00:00,E,Sackville St,4,3,5,0
2025-08-10,14,10:00,123,17,14.7,4,2,30.13,0,2025-08-10 22:00:00,2025-08-11 04:00:00,E,Carlaw Ave,6,6,6,0
2025-08-10,14,10:00,123,17,14.7,4,2,30.13,0,2025-08-10 22:00:00,2025-08-11 04:00:00,E,Borden St,4,7,8,0
2025-08-10,14,10:00,123,17,14.7,4,2,30.13,0,2025-08-10 22:00:00,2025-08-11 04:00:00,E,Dundas St West at Sorauren Ave,3,4,2,0
2025-08-10,14,10:00,123,17,14.7,4,2,30.13,0,2025-08-10 22:00:00,2025-08-11 04:00:00,E,Crawford St,6,5,8,2
2025-08-10,14,10:00,123,17,14.7,4,2,30.13,0,2025-08-10 22:00:00,2025-08-11 04:00:00,E,Pape Ave,6,6,6,0
2025-08-10,14,10:00,123,17,14.7,4,2,30.13,0,2025-08-10 22:00:00,2025-08-11 04:00:00,E,Spadina Ave,5,8,7,0
2025-08-10,14,10:00,123,17,14.7,4,2,30.13,0,2025-08-10 22:00:00,2025-08-11 04:00:00,E,River St,4,4,6,0
2025-08-10,14,10:00,123,17,14.7,4,2,30.13,0,2025-08-10 22:00:00,2025-08-11 04:00:00,E,Marjory Ave,6,6,7,0
2025-08-10,14,10:00,123,17,14.7,4,2,30.13,0,2025-08-10 22:00:00,2025-08-11 04:00:00,E,Kingsmount Park Rd,3,7,5,0
2025-08-10,14,10:00,123,17,14.7,4,2,30.13,0,2025-08-10 22:00:00,2025-08-11 04:00:00,E,Church St,0,0,0,0
2025-08-10,14,10:00,123,17,14.7,4,2,30.13,0,2025-08-10 22:00:00,2025-08-11 04:00:00,E,Ossington Ave,9,11,9,2
2025-08-10,14,10:00,123,17,14.7,4,2,30.13,0,2025-08-10 22:00:00,2025-08-11 04:00:00,E,Woodbine Ave,3,7,5,0
2025-08-10,14,10:00,123,17,14.7,4,2,30.13,0,2025-08-10 22:00:00,2025-08-11 04:00:00,E,Jones Ave,5,6,7,0
2025-08-10,14,10:00,123,17,14.7,4,2,30.13,0,2025-08-10 22:00:00,2025-08-11 04:00:00,E,Golfview Ave,3,7,5,0
2025-08-10,14,10:00,123,17,14.7,4,2,30.13,0,2025-08-10 22:00:00,2025-08-11 04:00:00,E,Leslie St,5,6,7,0
2025-08-10,14,10:00,123,17,14.7,4,2,30.13,0,2025-08-10 22:00:00,2025-08-11 04:00:00,E,St Matthews Rd,4,4,5,0
2025-08-10,14,10:00,123,17,14.7,4,2,30.13,0,2025-08-10 22:00:00,2025-08-11 04:00:00,E,Jarvis St,4,3,3,0
2025-08-10,14,10:00,123,17,14.7,4,2,30.13,0,2025-08-10 22:00:00,2025-08-11 04:00:00,E,Sherbourne St,4,3,3,0
2025-08-10,14,10:00,123,17,14.7,4,2,30.13,0,2025-08-10 22:00:00,2025-08-11 04:00:00,E,St George St,6,7,6,0
2025-08-10,14,10:00,123,17,14.7,4,2,30.13,0,2025-08-10 22:00:00,2025-08-11 04:00:00,E,Dovercourt Rd,7,11,8,0
2025-08-10,14,10:00,123,17,14.7,4,2,30.13,0,2025-08-10 22:00:00,2025-08-11 04:00:00,E,Glenmount Park Rd,3,7,5,0
2025-08-10,14,10:00,123,17,14.7,4,2,30.13,0,2025-08-10 22:00:00,2025-08-11 04:00:00,E,Prust Ave,6,6,7,0
2025-08-10,14,10:00,123,17,14.7,4,2,30.13,0,2025-08-10 22:00:00,2025-08-11 04:00:00,E,Main Street Station at Bay 7,0,0,0,0
2025-08-10,14,10:00,123,17,14.7,4,2,30.13,0,2025-08-10 22:00:00,2025-08-11 04:00:00,E,Norwood Rd,3,7,5,0
2025-08-10,14,10:00,123,17,14.7,4,2,30.13,0,2025-08-10 22:00:00,2025-08-11 04:00:00,E,McCaul St,6,7,6,0
2025-08-10,14,10:00,123,17,14.7,4,2,30.13,0,2025-08-10 22:00:00,2025-08-11 04:00:00,E,Broadview Ave,4,5,7,0
2025-08-10,14,10:00,123,17,14.7,4,2,30.13,0,2025-08-10 22:00:00,2025-08-11 04:00:00,E,Ontario St,4,4,3,0
2025-08-10,14,10:00,123,17,14.7,4,2,30.13,0,2025-08-10 22:00:00,2025-08-11 04:00:00,E,Rusholme Park Cres,1,4,3,0
2025-08-10,14,10:00,123,17,14.7,4,2,30.13,0,2025-08-10 22:00:00,2025-08-11 04:00:00,E,Havelock St,6,6,7,0
2025-08-10,14,10:00,123,17,14.7,4,2,30.13,0,2025-08-10 22:00:00,2025-08-11 04:00:00,E,High Park Loop,1,4,8,7
2025-08-10,14,10:00,123,17,14.7,4,2,30.13,0,2025-08-10 22:00:00,2025-08-11 04:00:00,E,Queens Park (Queen's Park Station),6,8,6,0
2025-08-10,14,10:00,123,17,14.7,4,2,30.13,0,2025-08-10 22:00:00,2025-08-11 04:00:00,E,Roncesvalles Ave,1,4,3,0
2025-08-10,14,10:00,123,17,14.7,4,2,30.13,0,2025-08-10 22:00:00,2025-08-11 04:00:00,E,De Grassi St,5,5,6,0
2025-08-10,14,10:00,123,17,14.7,4,2,30.13,0,2025-08-10 22:00:00,2025-08-11 04:00:00,E,Parliament St at Carlton St,5,2,4,0
2025-08-10,14,10:00,123,17,14.7,4,2,30.13,0,2025-08-10 22:00:00,2025-08-11 04:00:00,E,Parkside Dr East Side,2,3,4,2
2025-08-10,14,10:00,123,17,14.7,4,2,30.13,0,2025-08-10 22:00:00,2025-08-11 04:00:00,E,Dundas St West,3,4,3,0
2025-08-10,14,10:00,123,17,14.7,4,2,30.13,0,2025-08-10 22:00:00,2025-08-11 04:00:00,E,Howard Park Ave at Roncesvalles Ave,0,0,0,0
2025-08-10,14,10:00,123,17,14.7,4,2,30.13,0,2025-08-10 22:00:00,2025-08-11 04:00:00,E,Parliament St,0,0,0,0
2025-08-10,14,10:00,123,17,14.7,4,2,30.13,0,2025-08-10 22:00:00,2025-08-11 04:00:00,E,Parliament St at Gerrard St East,0,0,0,0
2025-08-10,14,10:00,123,17,14.7,4,2,30.13,0,2025-08-10 22:00:00,2025-08-11 04:00:00,E,Sumach St,0,0,0,0
2025-08-10,14,10:00,123,17,14.7,4,2,30.13,0,2025-08-10 22:00:00,2025-08-11 04:00:00,E,Blackburn St,0,0,0,0
2025-08-10,14,10:00,123,17,14.7,4,2,30.13,0,2025-08-10 22:00:00,2025-08-11 04:00:00,E,Logan Ave,4,6,9,0
2025-08-10,14,10:00,123,17,14.7,4,2,30.13,0,2025-08-10 22:00:00,2025-08-11 04:00:00,E,Augusta Ave,0,0,0,0
2025-08-10,14,10:00,123,17,14.7,4,2,30.13,0,2025-08-10 22:00:00,2025-08-11 04:00:00,E,Beverley St,0,0,0,0
2025-08-10,14,10:00,123,17,14.7,4,2,30.13,0,2025-08-10 22:00:00,2025-08-11 04:00:00,E,University Ave (Queen's Park Station,0,0,0,0
2025-08-10,14,10:00,123,17,14.7,4,2,30.13,0,2025-08-10 22:00:00,2025-08-11 04:00:00,E,Elizabeth St,0,0,0,0
2025-08-10,14,10:00,123,17,14.7,4,2,30.13,0,2025-08-10 22:00:00,2025-08-11 04:00:00,E,Greenwood Ave,0,0,0,0
2025-08-10,14,10:00,123,17,14.7,4,2,30.13,0,2025-08-10 22:00:00,2025-08-11 04:00:00,E,Alton Ave,0,0,0,0
2025-08-10,14,10:00,123,17,14.7,4,2,30.13,0,2025-08-10 22:00:00,2025-08-11 04:00:00,E,Coxwell Ave,0,0,0,0
2025-08-10,14,10:00,123,17,14.7,4,2,30.13,0,2025-08-10 22:00:00,2025-08-11 04:00:00,E,Gerrard St East  at Coxwell Ave,0,0,0,0
2025-08-10,14,10:00,123,17,14.7,4,2,30.13,0,2025-08-10 22:00:00,2025-08-11 04:00:00,E,Coxwell Ave at Lower Gerrard St East,0,0,0,0
2025-08-10,14,10:00,123,17,14.7,4,2,30.13,0,2025-08-10 22:00:00,2025-08-11 04:00:00,E,Ashdale Ave,0,0,0,0
2025-08-10,14,10:00,123,17,14.7,4,2,30.13,0,2025-08-10 22:00:00,2025-08-11 04:00:00,E,Howard Park Ave at Indian Rd,0,0,0,0
2025-08-10,14,10:00,123,17,14.7,4,2,30.13,0,2025-08-10 22:00:00,2025-08-11 04:00:00,E,Dundas St West at Howard Park Ave,0,0,0,0
2025-08-10,14,10:00,123,17,14.7,4,2,30.13,0,2025-08-10 22:00:00,2025-08-11 04:00:00,E,Main St at Gerrard St East,0,0,0,0
2025-08-10,14,10:00,123,17,14.7,4,2,30.13,0,2025-08-10 22:00:00,2025-08-11 04:00:00,E,Main St,0,0,0,0
2025-08-10,14,10:00,123,17,14.7,4,2,30.13,0,2025-08-10 22:00:00,2025-08-11 04:00:00,E,Main St at Danforth Ave,0,0,0,0
2025-08-10,14,10:00,123,17,14.7,4,2,30.13,0,2025-08-10 22:00:00,2025-08-11 04:00:00,E,Howard Park Ave at Parkside Dr,0,0,0,0
2025-08-10,14,10:00,123,17,14.7,4,2,30.13,0,2025-08-10 22:00:00,2025-08-11 04:00:00,W,Woodfield Rd,2,2,4,0
2025-08-10,14,10:00,123,17,14.7,4,2,30.13,0,2025-08-10 22:00:00,2025-08-11 04:00:00,W,Coxwell Ave at Gerrard St East,1,2,4,0
2025-08-10,14,10:00,123,17,14.7,4,2,30.13,0,2025-08-10 22:00:00,2025-08-11 04:00:00,W,Euclid Ave,0,0,0,0
2025-08-10,14,10:00,123,17,14.7,4,2,30.13,0,2025-08-10 22:00:00,2025-08-11 04:00:00,W,Bowmore Rd,1,4,4,0
2025-08-10,14,10:00,123,17,14.7,4,2,30.13,0,2025-08-10 22:00:00,2025-08-11 04:00:00,W,Bay St,0,3,5,0
2025-08-10,14,10:00,123,17,14.7,4,2,30.13,0,2025-08-10 22:00:00,2025-08-11 04:00:00,W,Lansdowne Ave,0,0,0,0
2025-08-10,14,10:00,123,17,14.7,4,2,30.13,0,2025-08-10 22:00:00,2025-08-11 04:00:00,W,Indian Rd,5,5,5,0
2025-08-10,14,10:00,123,17,14.7,4,2,30.13,0,2025-08-10 22:00:00,2025-08-11 04:00:00,W,Grace St,0,0,0,0
2025-08-10,14,10:00,123,17,14.7,4,2,30.13,0,2025-08-10 22:00:00,2025-08-11 04:00:00,W,Dufferin St,6,6,8,1
2025-08-10,14,10:00,123,17,14.7,4,2,30.13,0,2025-08-10 22:00:00,2025-08-11 04:00:00,W,Gerrard St East at Beaton Ave,0,3,4,0
2025-08-10,14,10:00,123,17,14.7,4,2,30.13,0,2025-08-10 22:00:00,2025-08-11 04:00:00,W,Bathurst St,0,0,0,0
2025-08-10,14,10:00,123,17,14.7,4,2,30.13,0,2025-08-10 22:00:00,2025-08-11 04:00:00,W,Yonge St - College Station,0,0,0,0
2025-08-10,14,10:00,123,17,14.7,4,2,30.13,0,2025-08-10 22:00:00,2025-08-11 04:00:00,W,Dundas St West at Sterling Rd,0,0,0,0
2025-08-10,14,10:00,123,17,14.7,4,2,30.13,0,2025-08-10 22:00:00,2025-08-11 04:00:00,W,Brock Ave,0,0,0,0
2025-08-10,14,10:00,123,17,14.7,4,2,30.13,0,2025-08-10 22:00:00,2025-08-11 04:00:00,W,Sackville St,7,5,6,0
2025-08-10,14,10:00,123,17,14.7,4,2,30.13,0,2025-08-10 22:00:00,2025-08-11 04:00:00,W,Carlaw Ave,0,0,0,0
2025-08-10,14,10:00,123,17,14.7,4,2,30.13,0,2025-08-10 22:00:00,2025-08-11 04:00:00,W,Borden St,0,0,0,0
2025-08-10,14,10:00,123,17,14.7,4,2,30.13,0,2025-08-10 22:00:00,2025-08-11 04:00:00,W,Dundas St West at Sorauren Ave,4,6,3,1
2025-08-10,14,10:00,123,17,14.7,4,2,30.13,0,2025-08-10 22:00:00,2025-08-11 04:00:00,W,Crawford St,0,0,0,0
2025-08-10,14,10:00,123,17,14.7,4,2,30.13,0,2025-08-10 22:00:00,2025-08-11 04:00:00,W,Pape Ave,0,0,0,0
2025-08-10,14,10:00,123,17,14.7,4,2,30.13,0,2025-08-10 22:00:00,2025-08-11 04:00:00,W,Spadina Ave,2,5,4,0
2025-08-10,14,10:00,123,17,14.7,4,2,30.13,0,2025-08-10 22:00:00,2025-08-11 04:00:00,W,River St,5,5,6,0
2025-08-10,14,10:00,123,17,14.7,4,2,30.13,0,2025-08-10 22:00:00,2025-08-11 04:00:00,W,Marjory Ave,0,0,0,0
2025-08-10,14,10:00,123,17,14.7,4,2,30.13,0,2025-08-10 22:00:00,2025-08-11 04:00:00,W,Kingsmount Park Rd,0,0,0,0
2025-08-10,14,10:00,123,17,14.7,4,2,30.13,0,2025-08-10 22:00:00,2025-08-11 04:00:00,W,Church St,0,0,0,0
2025-08-10,14,10:00,123,17,14.7,4,2,30.13,0,2025-08-10 22:00:00,2025-08-11 04:00:00,W,Ossington Ave,0,0,0,0
2025-08-10,14,10:00,123,17,14.7,4,2,30.13,0,2025-08-10 22:00:00,2025-08-11 04:00:00,W,Woodbine Ave,0,0,0,0
2025-08-10,14,10:00,123,17,14.7,4,2,30.13,0,2025-08-10 22:00:00,2025-08-11 04:00:00,W,Jones Ave,0,0,0,0
2025-08-10,14,10:00,123,17,14.7,4,2,30.13,0,2025-08-10 22:00:00,2025-08-11 04:00:00,W,Golfview Ave,0,0,0,0
2025-08-10,14,10:00,123,17,14.7,4,2,30.13,0,2025-08-10 22:00:00,2025-08-11 04:00:00,W,Leslie St,0,0,0,0
2025-08-10,14,10:00,123,17,14.7,4,2,30.13,0,2025-08-10 22:00:00,2025-08-11 04:00:00,W,St Matthews Rd,0,0,0,0
2025-08-10,14,10:00,123,17,14.7,4,2,30.13,0,2025-08-10 22:00:00,2025-08-11 04:00:00,W,Jarvis St,0,0,0,0
2025-08-10,14,10:00,123,17,14.7,4,2,30.13,0,2025-08-10 22:00:00,2025-08-11 04:00:00,W,Sherbourne St,0,0,0,0
2025-08-10,14,10:00,123,17,14.7,4,2,30.13,0,2025-08-10 22:00:00,2025-08-11 04:00:00,W,St George St,0,0,0,0
2025-08-10,14,10:00,123,17,14.7,4,2,30.13,0,2025-08-10 22:00:00,2025-08-11 04:00:00,W,Dovercourt Rd,0,0,0,0
2025-08-10,14,10:00,123,17,14.7,4,2,30.13,0,2025-08-10 22:00:00,2025-08-11 04:00:00,W,Glenmount Park Rd,0,0,0,0
2025-08-10,14,10:00,123,17,14.7,4,2,30.13,0,2025-08-10 22:00:00,2025-08-11 04:00:00,W,Prust Ave,0,0,0,0
2025-08-10,14,10:00,123,17,14.7,4,2,30.13,0,2025-08-10 22:00:00,2025-08-11 04:00:00,W,Main Street Station at Bay 7,0,5,4,0
2025-08-10,14,10:00,123,17,14.7,4,2,30.13,0,2025-08-10 22:00:00,2025-08-11 04:00:00,W,Norwood Rd,0,0,0,0
2025-08-10,14,10:00,123,17,14.7,4,2,30.13,0,2025-08-10 22:00:00,2025-08-11 04:00:00,W,McCaul St,0,0,0,0
2025-08-10,14,10:00,123,17,14.7,4,2,30.13,0,2025-08-10 22:00:00,2025-08-11 04:00:00,W,Broadview Ave,0,0,0,0
2025-08-10,14,10:00,123,17,14.7,4,2,30.13,0,2025-08-10 22:00:00,2025-08-11 04:00:00,W,Ontario St,0,0,0,0
2025-08-10,14,10:00,123,17,14.7,4,2,30.13,0,2025-08-10 22:00:00,2025-08-11 04:00:00,W,Rusholme Park Cres,0,0,0,0
2025-08-10,14,10:00,123,17,14.7,4,2,30.13,0,2025-08-10 22:00:00,2025-08-11 04:00:00,W,Havelock St,0,0,0,0
2025-08-10,14,10:00,123,17,14.7,4,2,30.13,0,2025-08-10 22:00:00,2025-08-11 04:00:00,W,High Park Loop,0,0,0,0
2025-08-10,14,10:00,123,17,14.7,4,2,30.13,0,2025-08-10 22:00:00,2025-08-11 04:00:00,W,Queens Park (Queen's Park Station),0,0,0,0
2025-08-10,14,10:00,123,17,14.7,4,2,30.13,0,2025-08-10 22:00:00,2025-08-11 04:00:00,W,Roncesvalles Ave,4,6,4,1
2025-08-10,14,10:00,123,17,14.7,4,2,30.13,0,2025-08-10 22:00:00,2025-08-11 04:00:00,W,De Grassi St,0,0,0,0
2025-08-10,14,10:00,123,17,14.7,4,2,30.13,0,2025-08-10 22:00:00,2025-08-11 04:00:00,W,Parliament St at Carlton St,0,0,0,0
2025-08-10,14,10:00,123,17,14.7,4,2,30.13,0,2025-08-10 22:00:00,2025-08-11 04:00:00,W,Parkside Dr East Side,0,0,0,0
2025-08-10,14,10:00,123,17,14.7,4,2,30.13,0,2025-08-10 22:00:00,2025-08-11 04:00:00,W,Dundas St West,4,6,4,1
2025-08-10,14,10:00,123,17,14.7,4,2,30.13,0,2025-08-10 22:00:00,2025-08-11 04:00:00,W,Howard Park Ave at Roncesvalles Ave,0,0,0,0
2025-08-10,14,10:00,123,17,14.7,4,2,30.13,0,2025-08-10 22:00:00,2025-08-11 04:00:00,W,Parliament St,0,0,0,0
2025-08-10,14,10:00,123,17,14.7,4,2,30.13,0,2025-08-10 22:00:00,2025-08-11 04:00:00,W,Parliament St at Gerrard St East,0,0,0,0
2025-08-10,14,10:00,123,17,14.7,4,2,30.13,0,2025-08-10 22:00:00,2025-08-11 04:00:00,W,Sumach St,0,0,0,0
2025-08-10,14,10:00,123,17,14.7,4,2,30.13,0,2025-08-10 22:00:00,2025-08-11 04:00:00,W,Blackburn St,0,0,0,0
2025-08-10,14,10:00,123,17,14.7,4,2,30.13,0,2025-08-10 22:00:00,2025-08-11 04:00:00,W,Logan Ave,0,0,0,0
2025-08-10,14,10:00,123,17,14.7,4,2,30.13,0,2025-08-10 22:00:00,2025-08-11 04:00:00,W,Augusta Ave,0,0,0,0
2025-08-10,14,10:00,123,17,14.7,4,2,30.13,0,2025-08-10 22:00:00,2025-08-11 04:00:00,W,Beverley St,0,0,0,0
2025-08-10,14,10:00,123,17,14.7,4,2,30.13,0,2025-08-10 22:00:00,2025-08-11 04:00:00,W,University Ave (Queen's Park Station,0,0,0,0
2025-08-10,14,10:00,123,17,14.7,4,2,30.13,0,2025-08-10 22:00:00,2025-08-11 04:00:00,W,Elizabeth St,0,0,0,0
2025-08-10,14,10:00,123,17,14.7,4,2,30.13,0,2025-08-10 22:00:00,2025-08-11 04:00:00,W,Greenwood Ave,0,0,0,0
2025-08-10,14,10:00,123,17,14.7,4,2,30.13,0,2025-08-10 22:00:00,2025-08-11 04:00:00,W,Alton Ave,0,0,0,0
2025-08-10,14,10:00,123,17,14.7,4,2,30.13,0,2025-08-10 22:00:00,2025-08-11 04:00:00,W,Coxwell Ave,0,0,0,0
2025-08-10,14,10:00,123,17,14.7,4,2,30.13,0,2025-08-10 22:00:00,2025-08-11 04:00:00,W,Gerrard St East  at Coxwell Ave,0,0,0,0
2025-08-10,14,10:00,123,17,14.7,4,2,30.13,0,2025-08-10 22:00:00,2025-08-11 04:00:00,W,Coxwell Ave at Lower Gerrard St East,0,0,0,0
2025-08-10,14,10:00,123,17,14.7,4,2,30.13,0,2025-08-10 22:00:00,2025-08-11 04:00:00,W,Ashdale Ave,0,0,0,0
2025-08-10,14,10:00,123,17,14.7,4,2,30.13,0,2025-08-10 22:00:00,2025-08-11 04:00:00,W,Howard Park Ave at Indian Rd,0,0,0,0
2025-08-10,14,10:00,123,17,14.7,4,2,30.13,0,2025-08-10 22:00:00,2025-08-11 04:00:00,W,Dundas St West at Howard Park Ave,0,0,0,0
2025-08-10,14,10:00,123,17,14.7,4,2,30.13,0,2025-08-10 22:00:00,2025-08-11 04:00:00,W,Main St at Gerrard St East,0,0,0,0
2025-08-10,14,10:00,123,17,14.7,4,2,30.13,0,2025-08-10 22:00:00,2025-08-11 04:00:00,W,Main St,0,0,0,0
2025-08-10,14,10:00,123,17,14.7,4,2,30.13,0,2025-08-10 22:00:00,2025-08-11 04:00:00,W,Main St at Danforth Ave,0,0,0,0
2025-08-10,14,10:00,123,17,14.7,4,2,30.13,0,2025-08-10 22:00:00,2025-08-11 04:00:00,W,Howard Park Ave at Parkside Dr,0,0,0,0
2025-08-17,14,10:00,123,17,14.7,4,2,30.13,0,2025-08-17 22:00:00,2025-08-18 04:00:00,E,Woodfield Rd,3,0,1,0
2025-08-17,14,10:00,123,17,14.7,4,2,30.13,0,2025-08-17 22:00:00,2025-08-18 04:00:00,E,Coxwell Ave at Gerrard St East,0,0,0,0
2025-08-17,14,10:00,123,17,14.7,4,2,30.13,0,2025-08-17 22:00:00,2025-08-18 04:00:00,E,Euclid Ave,0,0,0,0
2025-08-17,14,10:00,123,17,14.7,4,2,30.13,0,2025-08-17 22:00:00,2025-08-18 04:00:00,E,Bowmore Rd,3,2,3,0
2025-08-17,14,10:00,123,17,14.7,4,2,30.13,0,2025-08-17 22:00:00,2025-08-18 04:00:00,E,Bay St,3,2,9,3
2025-08-17,14,10:00,123,17,14.7,4,2,30.13,0,2025-08-17 22:00:00,2025-08-18 04:00:00,E,Lansdowne Ave,2,5,8,4
2025-08-17,14,10:00,123,17,14.7,4,2,30.13,0,2025-08-17 22:00:00,2025-08-18 04:00:00,E,Indian Rd,0,1,4,4
2025-08-17,14,10:00,123,17,14.7,4,2,30.13,0,2025-08-17 22:00:00,2025-08-18 04:00:00,E,Grace St,1,5,9,5
2025-08-17,14,10:00,123,17,14.7,4,2,30.13,0,2025-08-17 22:00:00,2025-08-18 04:00:00,E,Dufferin St,6,3,2,0
2025-08-17,14,10:00,123,17,14.7,4,2,30.13,0,2025-08-17 22:00:00,2025-08-18 04:00:00,E,Gerrard St East at Beaton Ave,2,2,3,0
2025-08-17,14,10:00,123,17,14.7,4,2,30.13,0,2025-08-17 22:00:00,2025-08-18 04:00:00,E,Bathurst St,1,2,5,2
2025-08-17,14,10:00,123,17,14.7,4,2,30.13,0,2025-08-17 22:00:00,2025-08-18 04:00:00,E,Yonge St - College Station,3,0,1,0
2025-08-17,14,10:00,123,17,14.7,4,2,30.13,0,2025-08-17 22:00:00,2025-08-18 04:00:00,E,Dundas St West at Sterling Rd,1,3,4,3
2025-08-17,14,10:00,123,17,14.7,4,2,30.13,0,2025-08-17 22:00:00,2025-08-18 04:00:00,E,Brock Ave,3,4,7,3
2025-08-17,14,10:00,123,17,14.7,4,2,30.13,0,2025-08-17 22:00:00,2025-08-18 04:00:00,E,Sackville St,1,3,5,2
2025-08-17,14,10:00,123,17,14.7,4,2,30.13,0,2025-08-17 22:00:00,2025-08-18 04:00:00,E,Carlaw Ave,3,0,0,0
2025-08-17,14,10:00,123,17,14.7,4,2,30.13,0,2025-08-17 22:00:00,2025-08-18 04:00:00,E,Borden St,1,2,5,2
2025-08-17,14,10:00,123,17,14.7,4,2,30.13,0,2025-08-17 22:00:00,2025-08-18 04:00:00,E,Dundas St West at Sorauren Ave,1,3,3,3
2025-08-17,14,10:00,123,17,14.7,4,2,30.13,0,2025-08-17 22:00:00,2025-08-18 04:00:00,E,Crawford St,1,5,8,5
2025-08-17,14,10:00,123,17,14.7,4,2,30.13,0,2025-08-17 22:00:00,2025-08-18 04:00:00,E,Pape Ave,4,0,0,0
2025-08-17,14,10:00,123,17,14.7,4,2,30.13,0,2025-08-17 22:00:00,2025-08-18 04:00:00,E,Spadina Ave,2,3,5,2
2025-08-17,14,10:00,123,17,14.7,4,2,30.13,0,2025-08-17 22:00:00,2025-08-18 04:00:00,E,River St,1,3,5,2
2025-08-17,14,10:00,123,17,14.7,4,2,30.13,0,2025-08-17 22:00:00,2025-08-18 04:00:00,E,Marjory Ave,4,0,0,0
2025-08-17,14,10:00,123,17,14.7,4,2,30.13,0,2025-08-17 22:00:00,2025-08-18 04:00:00,E,Kingsmount Park Rd,1,2,2,0
2025-08-17,14,10:00,123,17,14.7,4,2,30.13,0,2025-08-17 22:00:00,2025-08-18 04:00:00,E,Church St,0,0,0,0
2025-08-17,14,10:00,123,17,14.7,4,2,30.13,0,2025-08-17 22:00:00,2025-08-18 04:00:00,E,Ossington Ave,1,3,8,6
2025-08-17,14,10:00,123,17,14.7,4,2,30.13,0,2025-08-17 22:00:00,2025-08-18 04:00:00,E,Woodbine Ave,3,3,3,1
2025-08-17,14,10:00,123,17,14.7,4,2,30.13,0,2025-08-17 22:00:00,2025-08-18 04:00:00,E,Jones Ave,4,0,1,0
2025-08-17,14,10:00,123,17,14.7,4,2,30.13,0,2025-08-17 22:00:00,2025-08-18 04:00:00,E,Golfview Ave,2,3,3,1
2025-08-17,14,10:00,123,17,14.7,4,2,30.13,0,2025-08-17 22:00:00,2025-08-18 04:00:00,E,Leslie St,4,0,1,0
2025-08-17,14,10:00,123,17,14.7,4,2,30.13,0,2025-08-17 22:00:00,2025-08-18 04:00:00,E,St Matthews Rd,2,1,5,2
2025-08-17,14,10:00,123,17,14.7,4,2,30.13,0,2025-08-17 22:00:00,2025-08-18 04:00:00,E,Jarvis St,1,3,5,3
2025-08-17,14,10:00,123,17,14.7,4,2,30.13,0,2025-08-17 22:00:00,2025-08-18 04:00:00,E,Sherbourne St,1,3,5,3
2025-08-17,14,10:00,123,17,14.7,4,2,30.13,0,2025-08-17 22:00:00,2025-08-18 04:00:00,E,St George St,2,2,5,2
2025-08-17,14,10:00,123,17,14.7,4,2,30.13,0,2025-08-17 22:00:00,2025-08-18 04:00:00,E,Dovercourt Rd,5,4,10,5
2025-08-17,14,10:00,123,17,14.7,4,2,30.13,0,2025-08-17 22:00:00,2025-08-18 04:00:00,E,Glenmount Park Rd,2,3,3,1
2025-08-17,14,10:00,123,17,14.7,4,2,30.13,0,2025-08-17 22:00:00,2025-08-18 04:00:00,E,Prust Ave,2,0,1,0
2025-08-17,14,10:00,123,17,14.7,4,2,30.13,0,2025-08-17 22:00:00,2025-08-18 04:00:00,E,Main Street Station at Bay 7,0,0,0,0
2025-08-17,14,10:00,123,17,14.7,4,2,30.13,0,2025-08-17 22:00:00,2025-08-18 04:00:00,E,Norwood Rd,6,2,1,1
2025-08-17,14,10:00,123,17,14.7,4,2,30.13,0,2025-08-17 22:00:00,2025-08-18 04:00:00,E,McCaul St,3,2,6,2
2025-08-17,14,10:00,123,17,14.7,4,2,30.13,0,2025-08-17 22:00:00,2025-08-18 04:00:00,E,Broadview Ave,2,2,5,2
2025-08-17,14,10:00,123,17,14.7,4,2,30.13,0,2025-08-17 22:00:00,2025-08-18 04:00:00,E,Ontario St,2,4,5,3
2025-08-17,14,10:00,123,17,14.7,4,2,30.13,0,2025-08-17 22:00:00,2025-08-18 04:00:00,E,Rusholme Park Cres,1,1,5,4
2025-08-17,14,10:00,123,17,14.7,4,2,30.13,0,2025-08-17 22:00:00,2025-08-18 04:00:00,E,Havelock St,3,0,1,0
2025-08-17,14,10:00,123,17,14.7,4,2,30.13,0,2025-08-17 22:00:00,2025-08-18 04:00:00,E,High Park Loop,0,2,7,9
2025-08-17,14,10:00,123,17,14.7,4,2,30.13,0,2025-08-17 22:00:00,2025-08-18 04:00:00,E,Queens Park (Queen's Park Station),3,2,5,2
2025-08-17,14,10:00,123,17,14.7,4,2,30.13,0,2025-08-17 22:00:00,2025-08-18 04:00:00,E,Roncesvalles Ave,2,2,5,3
2025-08-17,14,10:00,123,17,14.7,4,2,30.13,0,2025-08-17 22:00:00,2025-08-18 04:00:00,E,De Grassi St,3,1,5,2
2025-08-17,14,10:00,123,17,14.7,4,2,30.13,0,2025-08-17 22:00:00,2025-08-18 04:00:00,E,Parliament St at Carlton St,1,3,5,2
2025-08-17,14,10:00,123,17,14.7,4,2,30.13,0,2025-08-17 22:00:00,2025-08-18 04:00:00,E,Parkside Dr East Side,0,2,4,3
2025-08-17,14,10:00,123,17,14.7,4,2,30.13,0,2025-08-17 22:00:00,2025-08-18 04:00:00,E,Dundas St West,3,3,3,3
2025-08-17,14,10:00,123,17,14.7,4,2,30.13,0,2025-08-17 22:00:00,2025-08-18 04:00:00,E,Howard Park Ave at Roncesvalles Ave,0,0,0,0
2025-08-17,14,10:00,123,17,14.7,4,2,30.13,0,2025-08-17 22:00:00,2025-08-18 04:00:00,E,Parliament St,0,0,0,0
2025-08-17,14,10:00,123,17,14.7,4,2,30.13,0,2025-08-17 22:00:00,2025-08-18 04:00:00,E,Parliament St at Gerrard St East,0,0,0,0
2025-08-17,14,10:00,123,17,14.7,4,2,30.13,0,2025-08-17 22:00:00,2025-08-18 04:00:00,E,Sumach St,0,0,0,0
2025-08-17,14,10:00,123,17,14.7,4,2,30.13,0,2025-08-17 22:00:00,2025-08-18 04:00:00,E,Blackburn St,0,0,0,0
2025-08-17,14,10:00,123,17,14.7,4,2,30.13,0,2025-08-17 22:00:00,2025-08-18 04:00:00,E,Logan Ave,1,2,5,2
2025-08-17,14,10:00,123,17,14.7,4,2,30.13,0,2025-08-17 22:00:00,2025-08-18 04:00:00,E,Augusta Ave,0,0,0,0
2025-08-17,14,10:00,123,17,14.7,4,2,30.13,0,2025-08-17 22:00:00,2025-08-18 04:00:00,E,Beverley St,0,0,0,0
2025-08-17,14,10:00,123,17,14.7,4,2,30.13,0,2025-08-17 22:00:00,2025-08-18 04:00:00,E,University Ave (Queen's Park Station,0,0,0,0
2025-08-17,14,10:00,123,17,14.7,4,2,30.13,0,2025-08-17 22:00:00,2025-08-18 04:00:00,E,Elizabeth St,0,0,0,0
2025-08-17,14,10:00,123,17,14.7,4,2,30.13,0,2025-08-17 22:00:00,2025-08-18 04:00:00,E,Greenwood Ave,0,0,0,0
2025-08-17,14,10:00,123,17,14.7,4,2,30.13,0,2025-08-17 22:00:00,2025-08-18 04:00:00,E,Alton Ave,0,0,0,0
2025-08-17,14,10:00,123,17,14.7,4,2,30.13,0,2025-08-17 22:00:00,2025-08-18 04:00:00,E,Coxwell Ave,0,0,0,0
2025-08-17,14,10:00,123,17,14.7,4,2,30.13,0,2025-08-17 22:00:00,2025-08-18 04:00:00,E,Gerrard St East  at Coxwell Ave,0,0,0,0
2025-08-17,14,10:00,123,17,14.7,4,2,30.13,0,2025-08-17 22:00:00,2025-08-18 04:00:00,E,Coxwell Ave at Lower Gerrard St East,0,0,0,0
2025-08-17,14,10:00,123,17,14.7,4,2,30.13,0,2025-08-17 22:00:00,2025-08-18 04:00:00,E,Ashdale Ave,0,0,0,0
2025-08-17,14,10:00,123,17,14.7,4,2,30.13,0,2025-08-17 22:00:00,2025-08-18 04:00:00,E,Howard Park Ave at Indian Rd,0,0,0,0
2025-08-17,14,10:00,123,17,14.7,4,2,30.13,0,2025-08-17 22:00:00,2025-08-18 04:00:00,E,Dundas St West at Howard Park Ave,0,0,0,0
2025-08-17,14,10:00,123,17,14.7,4,2,30.13,0,2025-08-17 22:00:00,2025-08-18 04:00:00,E,Main St at Gerrard St East,0,0,0,0
2025-08-17,14,10:00,123,17,14.7,4,2,30.13,0,2025-08-17 22:00:00,2025-08-18 04:00:00,E,Main St,0,0,0,0
2025-08-17,14,10:00,123,17,14.7,4,2,30.13,0,2025-08-17 22:00:00,2025-08-18 04:00:00,E,Main St at Danforth Ave,0,0,0,0
2025-08-17,14,10:00,123,17,14.7,4,2,30.13,0,2025-08-17 22:00:00,2025-08-18 04:00:00,E,Howard Park Ave at Parkside Dr,0,0,0,0
2025-08-17,14,10:00,123,17,14.7,4,2,30.13,0,2025-08-17 22:00:00,2025-08-18 04:00:00,W,Woodfield Rd,1,0,1,0
2025-08-17,14,10:00,123,17,14.7,4,2,30.13,0,2025-08-17 22:00:00,2025-08-18 04:00:00,W,Coxwell Ave at Gerrard St East,0,0,1,0
2025-08-17,14,10:00,123,17,14.7,4,2,30.13,0,2025-08-17 22:00:00,2025-08-18 04:00:00,W,Euclid Ave,0,0,0,0
2025-08-17,14,10:00,123,17,14.7,4,2,30.13,0,2025-08-17 22:00:00,2025-08-18 04:00:00,W,Bowmore Rd,2,3,4,5
2025-08-17,14,10:00,123,17,14.7,4,2,30.13,0,2025-08-17 22:00:00,2025-08-18 04:00:00,W,Bay St,0,0,0,0
2025-08-17,14,10:00,123,17,14.7,4,2,30.13,0,2025-08-17 22:00:00,2025-08-18 04:00:00,W,Lansdowne Ave,0,0,0,0
2025-08-17,14,10:00,123,17,14.7,4,2,30.13,0,2025-08-17 22:00:00,2025-08-18 04:00:00,W,Indian Rd,1,5,3,2
2025-08-17,14,10:00,123,17,14.7,4,2,30.13,0,2025-08-17 22:00:00,2025-08-18 04:00:00,W,Grace St,0,0,0,0
2025-08-17,14,10:00,123,17,14.7,4,2,30.13,0,2025-08-17 22:00:00,2025-08-18 04:00:00,W,Dufferin St,3,3,5,4
2025-08-17,14,10:00,123,17,14.7,4,2,30.13,0,2025-08-17 22:00:00,2025-08-18 04:00:00,W,Gerrard St East at Beaton Ave,5,1,4,4
2025-08-17,14,10:00,123,17,14.7,4,2,30.13,0,2025-08-17 22:00:00,2025-08-18 04:00:00,W,Bathurst St,0,0,0,0
2025-08-17,14,10:00,123,17,14.7,4,2,30.13,0,2025-08-17 22:00:00,2025-08-18 04:00:00,W,Yonge St - College Station,0,0,0,0
2025-08-17,14,10:00,123,17,14.7,4,2,30.13,0,2025-08-17 22:00:00,2025-08-18 04:00:00,W,Dundas St West at Sterling Rd,0,0,0,0
2025-08-17,14,10:00,123,17,14.7,4,2,30.13,0,2025-08-17 22:00:00,2025-08-18 04:00:00,W,Brock Ave,0,0,0,0
2025-08-17,14,10:00,123,17,14.7,4,2,30.13,0,2025-08-17 22:00:00,2025-08-18 04:00:00,W,Sackville St,3,1,6,4
2025-08-17,14,10:00,123,17,14.7,4,2,30.13,0,2025-08-17 22:00:00,2025-08-18 04:00:00,W,Carlaw Ave,0,0,0,0
2025-08-17,14,10:00,123,17,14.7,4,2,30.13,0,2025-08-17 22:00:00,2025-08-18 04:00:00,W,Borden St,0,0,0,0
2025-08-17,14,10:00,123,17,14.7,4,2,30.13,0,2025-08-17 22:00:00,2025-08-18 04:00:00,W,Dundas St West at Sorauren Ave,0,4,3,2
2025-08-17,14,10:00,123,17,14.7,4,2,30.13,0,2025-08-17 22:00:00,2025-08-18 04:00:00,W,Crawford St,0,0,0,0
2025-08-17,14,10:00,123,17,14.7,4,2,30.13,0,2025-08-17 22:00:00,2025-08-18 04:00:00,W,Pape Ave,0,0,0,0
2025-08-17,14,10:00,123,17,14.7,4,2,30.13,0,2025-08-17 22:00:00,2025-08-18 04:00:00,W,Spadina Ave,2,0,5,4
2025-08-17,14,10:00,123,17,14.7,4,2,30.13,0,2025-08-17 22:00:00,2025-08-18 04:00:00,W,River St,4,1,6,4
2025-08-17,14,10:00,123,17,14.7,4,2,30.13,0,2025-08-17 22:00:00,2025-08-18 04:00:00,W,Marjory Ave,0,0,0,0
2025-08-17,14,10:00,123,17,14.7,4,2,30.13,0,2025-08-17 22:00:00,2025-08-18 04:00:00,W,Kingsmount Park Rd,0,0,0,0
2025-08-17,14,10:00,123,17,14.7,4,2,30.13,0,2025-08-17 22:00:00,2025-08-18 04:00:00,W,Church St,0,0,0,0
2025-08-17,14,10:00,123,17,14.7,4,2,30.13,0,2025-08-17 22:00:00,2025-08-18 04:00:00,W,Ossington Ave,0,0,0,0
2025-08-17,14,10:00,123,17,14.7,4,2,30.13,0,2025-08-17 22:00:00,2025-08-18 04:00:00,W,Woodbine Ave,0,0,0,0
2025-08-17,14,10:00,123,17,14.7,4,2,30.13,0,2025-08-17 22:00:00,2025-08-18 04:00:00,W,Jones Ave,0,0,0,0
2025-08-17,14,10:00,123,17,14.7,4,2,30.13,0,2025-08-17 22:00:00,2025-08-18 04:00:00,W,Golfview Ave,0,0,0,0
2025-08-17,14,10:00,123,17,14.7,4,2,30.13,0,2025-08-17 22:00:00,2025-08-18 04:00:00,W,Leslie St,0,0,0,0
2025-08-17,14,10:00,123,17,14.7,4,2,30.13,0,2025-08-17 22:00:00,2025-08-18 04:00:00,W,St Matthews Rd,0,0,0,0
2025-08-17,14,10:00,123,17,14.7,4,2,30.13,0,2025-08-17 22:00:00,2025-08-18 04:00:00,W,Jarvis St,0,0,0,0
2025-08-17,14,10:00,123,17,14.7,4,2,30.13,0,2025-08-17 22:00:00,2025-08-18 04:00:00,W,Sherbourne St,0,0,0,0
2025-08-17,14,10:00,123,17,14.7,4,2,30.13,0,2025-08-17 22:00:00,2025-08-18 04:00:00,W,St George St,0,0,0,0
2025-08-17,14,10:00,123,17,14.7,4,2,30.13,0,2025-08-17 22:00:00,2025-08-18 04:00:00,W,Dovercourt Rd,0,0,0,0
2025-08-17,14,10:00,123,17,14.7,4,2,30.13,0,2025-08-17 22:00:00,2025-08-18 04:00:00,W,Glenmount Park Rd,0,0,0,0
2025-08-17,14,10:00,123,17,14.7,4,2,30.13,0,2025-08-17 22:00:00,2025-08-18 04:00:00,W,Prust Ave,0,0,0,0
2025-08-17,14,10:00,123,17,14.7,4,2,30.13,0,2025-08-17 22:00:00,2025-08-18 04:00:00,W,Main Street Station at Bay 7,2,2,4,5
2025-08-17,14,10:00,123,17,14.7,4,2,30.13,0,2025-08-17 22:00:00,2025-08-18 04:00:00,W,Norwood Rd,0,0,0,0
2025-08-17,14,10:00,123,17,14.7,4,2,30.13,0,2025-08-17 22:00:00,2025-08-18 04:00:00,W,McCaul St,0,0,0,0
2025-08-17,14,10:00,123,17,14.7,4,2,30.13,0,2025-08-17 22:00:00,2025-08-18 04:00:00,W,Broadview Ave,0,0,0,0
2025-08-17,14,10:00,123,17,14.7,4,2,30.13,0,2025-08-17 22:00:00,2025-08-18 04:00:00,W,Ontario St,0,0,0,0
2025-08-17,14,10:00,123,17,14.7,4,2,30.13,0,2025-08-17 22:00:00,2025-08-18 04:00:00,W,Rusholme Park Cres,0,0,0,0
2025-08-17,14,10:00,123,17,14.7,4,2,30.13,0,2025-08-17 22:00:00,2025-08-18 04:00:00,W,Havelock St,0,0,0,0
2025-08-17,14,10:00,123,17,14.7,4,2,30.13,0,2025-08-17 22:00:00,2025-08-18 04:00:00,W,High Park Loop,0,0,0,0
2025-08-17,14,10:00,123,17,14.7,4,2,30.13,0,2025-08-17 22:00:00,2025-08-18 04:00:00,W,Queens Park (Queen's Park Station),0,0,0,0
2025-08-17,14,10:00,123,17,14.7,4,2,30.13,0,2025-08-17 22:00:00,2025-08-18 04:00:00,W,Roncesvalles Ave,0,5,3,2
2025-08-17,14,10:00,123,17,14.7,4,2,30.13,0,2025-08-17 22:00:00,2025-08-18 04:00:00,W,De Grassi St,0,0,0,0
2025-08-17,14,10:00,123,17,14.7,4,2,30.13,0,2025-08-17 22:00:00,2025-08-18 04:00:00,W,Parliament St at Carlton St,0,0,0,0
2025-08-17,14,10:00,123,17,14.7,4,2,30.13,0,2025-08-17 22:00:00,2025-08-18 04:00:00,W,Parkside Dr East Side,0,0,0,0
2025-08-17,14,10:00,123,17,14.7,4,2,30.13,0,2025-08-17 22:00:00,2025-08-18 04:00:00,W,Dundas St West,0,5,3,2
2025-08-17,14,10:00,123,17,14.7,4,2,30.13,0,2025-08-17 22:00:00,2025-08-18 04:00:00,W,Howard Park Ave at Roncesvalles Ave,0,0,0,0
2025-08-17,14,10:00,123,17,14.7,4,2,30.13,0,2025-08-17 22:00:00,2025-08-18 04:00:00,W,Parliament St,0,0,0,0
2025-08-17,14,10:00,123,17,14.7,4,2,30.13,0,2025-08-17 22:00:00,2025-08-18 04:00:00,W,Parliament St at Gerrard St East,0,0,0,0
2025-08-17,14,10:00,123,17,14.7,4,2,30.13,0,2025-08-17 22:00:00,2025-08-18 04:00:00,W,Sumach St,0,0,0,0
2025-08-17,14,10:00,123,17,14.7,4,2,30.13,0,2025-08-17 22:00:00,2025-08-18 04:00:00,W,Blackburn St,0,0,0,0
2025-08-17,14,10:00,123,17,14.7,4,2,30.13,0,2025-08-17 22:00:00,2025-08-18 04:00:00,W,Logan Ave,0,0,0,0
2025-08-17,14,10:00,123,17,14.7,4,2,30.13,0,2025-08-17 22:00:00,2025-08-18 04:00:00,W,Augusta Ave,0,0,0,0
2025-08-17,14,10:00,123,17,14.7,4,2,30.13,0,2025-08-17 22:00:00,2025-08-18 04:00:00,W,Beverley St,0,0,0,0
2025-08-17,14,10:00,123,17,14.7,4,2,30.13,0,2025-08-17 22:00:00,2025-08-18 04:00:00,W,University Ave (Queen's Park Station,0,0,0,0
2025-08-17,14,10:00,123,17,14.7,4,2,30.13,0,2025-08-17 22:00:00,2025-08-18 04:00:00,W,Elizabeth St,0,0,0,0
2025-08-17,14,10:00,123,17,14.7,4,2,30.13,0,2025-08-17 22:00:00,2025-08-18 04:00:00,W,Greenwood Ave,0,0,0,0
2025-08-17,14,10:00,123,17,14.7,4,2,30.13,0,2025-08-17 22:00:00,2025-08-18 04:00:00,W,Alton Ave,0,0,0,0
2025-08-17,14,10:00,123,17,14.7,4,2,30.13,0,2025-08-17 22:00:00,2025-08-18 04:00:00,W,Coxwell Ave,0,0,0,0
2025-08-17,14,10:00,123,17,14.7,4,2,30.13,0,2025-08-17 22:00:00,2025-08-18 04:00:00,W,Gerrard St East  at Coxwell Ave,0,0,0,0
2025-08-17,14,10:00,123,17,14.7,4,2,30.13,0,2025-08-17 22:00:00,2025-08-18 04:00:00,W,Coxwell Ave at Lower Gerrard St East,0,0,0,0
2025-08-17,14,10:00,123,17,14.7,4,2,30.13,0,2025-08-17 22:00:00,2025-08-18 04:00:00,W,Ashdale Ave,0,0,0,0
2025-08-17,14,10:00,123,17,14.7,4,2,30.13,0,2025-08-17 22:00:00,2025-08-18 04:00:00,W,Howard Park Ave at Indian Rd,0,0,0,0
2025-08-17,14,10:00,123,17,14.7,4,2,30.13,0,2025-08-17 22:00:00,2025-08-18 04:00:00,W,Dundas St West at Howard Park Ave,0,0,0,0
2025-08-17,14,10:00,123,17,14.7,4,2,30.13,0,2025-08-17 22:00:00,2025-08-18 04:00:00,W,Main St at Gerrard St East,0,0,0,0
2025-08-17,14,10:00,123,17,14.7,4,2,30.13,0,2025-08-17 22:00:00,2025-08-18 04:00:00,W,Main St,0,0,0,0
2025-08-17,14,10:00,123,17,14.7,4,2,30.13,0,2025-08-17 22:00:00,2025-08-18 04:00:00,W,Main St at Danforth Ave,0,0,0,0
2025-08-17,14,10:00,123,17,14.7,4,2,30.13,0,2025-08-17 22:00:00,2025-08-18 04:00:00,W,Howard Park Ave at Parkside Dr,0,0,0,0
2025-08-24,14,10:00,123,17,14.7,4,2,30.13,0,2025-08-24 22:00:00,2025-08-25 04:00:00,E,Woodfield Rd,4,2,4,0
2025-08-24,14,10:00,123,17,14.7,4,2,30.13,0,2025-08-24 22:00:00,2025-08-25 04:00:00,E,Coxwell Ave at Gerrard St East,0,0,0,0
2025-08-24,14,10:00,123,17,14.7,4,2,30.13,0,2025-08-24 22:00:00,2025-08-25 04:00:00,E,Euclid Ave,0,0,0,0
2025-08-24,14,10:00,123,17,14.7,4,2,30.13,0,2025-08-24 22:00:00,2025-08-25 04:00:00,E,Bowmore Rd,1,2,4,0
2025-08-24,14,10:00,123,17,14.7,4,2,30.13,0,2025-08-24 22:00:00,2025-08-25 04:00:00,E,Bay St,4,3,7,5
2025-08-24,14,10:00,123,17,14.7,4,2,30.13,0,2025-08-24 22:00:00,2025-08-25 04:00:00,E,Lansdowne Ave,3,4,6,6
2025-08-24,14,10:00,123,17,14.7,4,2,30.13,0,2025-08-24 22:00:00,2025-08-25 04:00:00,E,Indian Rd,1,2,2,7
2025-08-24,14,10:00,123,17,14.7,4,2,30.13,0,2025-08-24 22:00:00,2025-08-25 04:00:00,E,Grace St,2,5,5,12
2025-08-24,14,10:00,123,17,14.7,4,2,30.13,0,2025-08-24 22:00:00,2025-08-25 04:00:00,E,Dufferin St,4,2,5,0
2025-08-24,14,10:00,123,17,14.7,4,2,30.13,0,2025-08-24 22:00:00,2025-08-25 04:00:00,E,Gerrard St East at Beaton Ave,1,2,4,0
2025-08-24,14,10:00,123,17,14.7,4,2,30.13,0,2025-08-24 22:00:00,2025-08-25 04:00:00,E,Bathurst St,0,0,0,0
2025-08-24,14,10:00,123,17,14.7,4,2,30.13,0,2025-08-24 22:00:00,2025-08-25 04:00:00,E,Yonge St - College Station,4,2,6,0
2025-08-24,14,10:00,123,17,14.7,4,2,30.13,0,2025-08-24 22:00:00,2025-08-25 04:00:00,E,Dundas St West at Sterling Rd,1,3,2,6
2025-08-24,14,10:00,123,17,14.7,4,2,30.13,0,2025-08-24 22:00:00,2025-08-25 04:00:00,E,Brock Ave,3,3,8,7
2025-08-24,14,10:00,123,17,14.7,4,2,30.13,0,2025-08-24 22:00:00,2025-08-25 04:00:00,E,Sackville St,2,3,3,6
2025-08-24,14,10:00,123,17,14.7,4,2,30.13,0,2025-08-24 22:00:00,2025-08-25 04:00:00,E,Carlaw Ave,5,2,6,0
2025-08-24,14,10:00,123,17,14.7,4,2,30.13,0,2025-08-24 22:00:00,2025-08-25 04:00:00,E,Borden St,0,0,0,0
2025-08-24,14,10:00,123,17,14.7,4,2,30.13,0,2025-08-24 22:00:00,2025-08-25 04:00:00,E,Dundas St West at Sorauren Ave,1,3,2,6
2025-08-24,14,10:00,123,17,14.7,4,2,30.13,0,2025-08-24 22:00:00,2025-08-25 04:00:00,E,Crawford St,3,6,5,12
2025-08-24,14,10:00,123,17,14.7,4,2,30.13,0,2025-08-24 22:00:00,2025-08-25 04:00:00,E,Pape Ave,4,2,6,0
2025-08-24,14,10:00,123,17,14.7,4,2,30.13,0,2025-08-24 22:00:00,2025-08-25 04:00:00,E,Spadina Ave,1,1,0,0
2025-08-24,14,10:00,123,17,14.7,4,2,30.13,0,2025-08-24 22:00:00,2025-08-25 04:00:00,E,River St,2,2,4,6
2025-08-24,14,10:00,123,17,14.7,4,2,30.13,0,2025-08-24 22:00:00,2025-08-25 04:00:00,E,Marjory Ave,4,2,6,0
2025-08-24,14,10:00,123,17,14.7,4,2,30.13,0,2025-08-24 22:00:00,2025-08-25 04:00:00,E,Kingsmount Park Rd,2,2,4,0
2025-08-24,14,10:00,123,17,14.7,4,2,30.13,0,2025-08-24 22:00:00,2025-08-25 04:00:00,E,Church St,0,0,0,0
2025-08-24,14,10:00,123,17,14.7,4,2,30.13,0,2025-08-24 22:00:00,2025-08-25 04:00:00,E,Ossington Ave,3,1,3,9
2025-08-24,14,10:00,123,17,14.7,4,2,30.13,0,2025-08-24 22:00:00,2025-08-25 04:00:00,E,Woodbine Ave,2,2,3,0
2025-08-24,14,10:00,123,17,14.7,4,2,30.13,0,2025-08-24 22:00:00,2025-08-25 04:00:00,E,Jones Ave,4,2,6,0
2025-08-24,14,10:00,123,17,14.7,4,2,30.13,0,2025-08-24 22:00:00,2025-08-25 04:00:00,E,Golfview Ave,2,2,3,0
2025-08-24,14,10:00,123,17,14.7,4,2,30.13,0,2025-08-24 22:00:00,2025-08-25 04:00:00,E,Leslie St,4,2,6,0
2025-08-24,14,10:00,123,17,14.7,4,2,30.13,0,2025-08-24 22:00:00,2025-08-25 04:00:00,E,St Matthews Rd,2,2,4,6
2025-08-24,14,10:00,123,17,14.7,4,2,30.13,0,2025-08-24 22:00:00,2025-08-25 04:00:00,E,Jarvis St,3,3,6,6
2025-08-24,14,10:00,123,17,14.7,4,2,30.13,0,2025-08-24 22:00:00,2025-08-25 04:00:00,E,Sherbourne St,3,3,6,6
2025-08-24,14,10:00,123,17,14.7,4,2,30.13,0,2025-08-24 22:00:00,2025-08-25 04:00:00,E,St George St,4,3,7,5
2025-08-24,14,10:00,123,17,14.7,4,2,30.13,0,2025-08-24 22:00:00,2025-08-25 04:00:00,E,Dovercourt Rd,5,5,10,11
2025-08-24,14,10:00,123,17,14.7,4,2,30.13,0,2025-08-24 22:00:00,2025-08-25 04:00:00,E,Glenmount Park Rd,2,2,3,0
2025-08-24,14,10:00,123,17,14.7,4,2,30.13,0,2025-08-24 22:00:00,2025-08-25 04:00:00,E,Prust Ave,4,2,6,0
2025-08-24,14,10:00,123,17,14.7,4,2,30.13,0,2025-08-24 22:00:00,2025-08-25 04:00:00,E,Main Street Station at Bay 7,0,0,0,0
2025-08-24,14,10:00,123,17,14.7,4,2,30.13,0,2025-08-24 22:00:00,2025-08-25 04:00:00,E,Norwood Rd,2,2,3,0
2025-08-24,14,10:00,123,17,14.7,4,2,30.13,0,2025-08-24 22:00:00,2025-08-25 04:00:00,E,McCaul St,4,3,7,5
2025-08-24,14,10:00,123,17,14.7,4,2,30.13,0,2025-08-24 22:00:00,2025-08-25 04:00:00,E,Broadview Ave,4,2,4,6
2025-08-24,14,10:00,123,17,14.7,4,2,30.13,0,2025-08-24 22:00:00,2025-08-25 04:00:00,E,Ontario St,1,3,5,6
2025-08-24,14,10:00,123,17,14.7,4,2,30.13,0,2025-08-24 22:00:00,2025-08-25 04:00:00,E,Rusholme Park Cres,2,2,3,7
2025-08-24,14,10:00,123,17,14.7,4,2,30.13,0,2025-08-24 22:00:00,2025-08-25 04:00:00,E,Havelock St,4,2,6,0
2025-08-24,14,10:00,123,17,14.7,4,2,30.13,0,2025-08-24 22:00:00,2025-08-25 04:00:00,E,High Park Loop,2,5,4,13
2025-08-24,14,10:00,123,17,14.7,4,2,30.13,0,2025-08-24 22:00:00,2025-08-25 04:00:00,E,Queens Park (Queen's Park Station),7,3,7,5
2025-08-24,14,10:00,123,17,14.7,4,2,30.13,0,2025-08-24 22:00:00,2025-08-25 04:00:00,E,Roncesvalles Ave,1,2,3,6
2025-08-24,14,10:00,123,17,14.7,4,2,30.13,0,2025-08-24 22:00:00,2025-08-25 04:00:00,E,De Grassi St,5,2,4,6
2025-08-24,14,10:00,123,17,14.7,4,2,30.13,0,2025-08-24 22:00:00,2025-08-25 04:00:00,E,Parliament St at Carlton St,3,3,3,6
2025-08-24,14,10:00,123,17,14.7,4,2,30.13,0,2025-08-24 22:00:00,2025-08-25 04:00:00,E,Parkside Dr East Side,0,2,2,6
2025-08-24,14,10:00,123,17,14.7,4,2,30.13,0,2025-08-24 22:00:00,2025-08-25 04:00:00,E,Dundas St West,1,2,4,7
2025-08-24,14,10:00,123,17,14.7,4,2,30.13,0,2025-08-24 22:00:00,2025-08-25 04:00:00,E,Howard Park Ave at Roncesvalles Ave,0,0,0,0
2025-08-24,14,10:00,123,17,14.7,4,2,30.13,0,2025-08-24 22:00:00,2025-08-25 04:00:00,E,Parliament St,0,0,0,0
2025-08-24,14,10:00,123,17,14.7,4,2,30.13,0,2025-08-24 22:00:00,2025-08-25 04:00:00,E,Parliament St at Gerrard St East,0,0,0,0
2025-08-24,14,10:00,123,17,14.7,4,2,30.13,0,2025-08-24 22:00:00,2025-08-25 04:00:00,E,Sumach St,0,0,0,0
2025-08-24,14,10:00,123,17,14.7,4,2,30.13,0,2025-08-24 22:00:00,2025-08-25 04:00:00,E,Blackburn St,0,0,0,0
2025-08-24,14,10:00,123,17,14.7,4,2,30.13,0,2025-08-24 22:00:00,2025-08-25 04:00:00,E,Logan Ave,0,0,0,0
2025-08-24,14,10:00,123,17,14.7,4,2,30.13,0,2025-08-24 22:00:00,2025-08-25 04:00:00,E,Augusta Ave,0,0,0,0
2025-08-24,14,10:00,123,17,14.7,4,2,30.13,0,2025-08-24 22:00:00,2025-08-25 04:00:00,E,Beverley St,0,0,0,0
2025-08-24,14,10:00,123,17,14.7,4,2,30.13,0,2025-08-24 22:00:00,2025-08-25 04:00:00,E,University Ave (Queen's Park Station,0,0,0,0
2025-08-24,14,10:00,123,17,14.7,4,2,30.13,0,2025-08-24 22:00:00,2025-08-25 04:00:00,E,Elizabeth St,0,0,0,0
2025-08-24,14,10:00,123,17,14.7,4,2,30.13,0,2025-08-24 22:00:00,2025-08-25 04:00:00,E,Greenwood Ave,0,0,0,0
2025-08-24,14,10:00,123,17,14.7,4,2,30.13,0,2025-08-24 22:00:00,2025-08-25 04:00:00,E,Alton Ave,0,0,0,0
2025-08-24,14,10:00,123,17,14.7,4,2,30.13,0,2025-08-24 22:00:00,2025-08-25 04:00:00,E,Coxwell Ave,0,0,0,0
2025-08-24,14,10:00,123,17,14.7,4,2,30.13,0,2025-08-24 22:00:00,2025-08-25 04:00:00,E,Gerrard St East  at Coxwell Ave,0,0,0,0
2025-08-24,14,10:00,123,17,14.7,4,2,30.13,0,2025-08-24 22:00:00,2025-08-25 04:00:00,E,Coxwell Ave at Lower Gerrard St East,0,0,0,0
2025-08-24,14,10:00,123,17,14.7,4,2,30.13,0,2025-08-24 22:00:00,2025-08-25 04:00:00,E,Ashdale Ave,0,0,0,0
2025-08-24,14,10:00,123,17,14.7,4,2,30.13,0,2025-08-24 22:00:00,2025-08-25 04:00:00,E,Howard Park Ave at Indian Rd,0,0,0,0
2025-08-24,14,10:00,123,17,14.7,4,2,30.13,0,2025-08-24 22:00:00,2025-08-25 04:00:00,E,Dundas St West at Howard Park Ave,0,0,0,0
2025-08-24,14,10:00,123,17,14.7,4,2,30.13,0,2025-08-24 22:00:00,2025-08-25 04:00:00,E,Main St at Gerrard St East,0,0,0,0
2025-08-24,14,10:00,123,17,14.7,4,2,30.13,0,2025-08-24 22:00:00,2025-08-25 04:00:00,E,Main St,0,0,0,0
2025-08-24,14,10:00,123,17,14.7,4,2,30.13,0,2025-08-24 22:00:00,2025-08-25 04:00:00,E,Main St at Danforth Ave,0,0,0,0
2025-08-24,14,10:00,123,17,14.7,4,2,30.13,0,2025-08-24 22:00:00,2025-08-25 04:00:00,E,Howard Park Ave at Parkside Dr,0,0,0,0
2025-08-24,14,10:00,123,17,14.7,4,2,30.13,0,2025-08-24 22:00:00,2025-08-25 04:00:00,W,Woodfield Rd,4,1,6,6
2025-08-24,14,10:00,123,17,14.7,4,2,30.13,0,2025-08-24 22:00:00,2025-08-25 04:00:00,W,Coxwell Ave at Gerrard St East,3,2,5,8
2025-08-24,14,10:00,123,17,14.7,4,2,30.13,0,2025-08-24 22:00:00,2025-08-25 04:00:00,W,Euclid Ave,0,0,0,0
2025-08-24,14,10:00,123,17,14.7,4,2,30.13,0,2025-08-24 22:00:00,2025-08-25 04:00:00,W,Bowmore Rd,4,2,4,10
2025-08-24,14,10:00,123,17,14.7,4,2,30.13,0,2025-08-24 22:00:00,2025-08-25 04:00:00,W,Bay St,0,0,0,0
2025-08-24,14,10:00,123,17,14.7,4,2,30.13,0,2025-08-24 22:00:00,2025-08-25 04:00:00,W,Lansdowne Ave,0,0,0,0
2025-08-24,14,10:00,123,17,14.7,4,2,30.13,0,2025-08-24 22:00:00,2025-08-25 04:00:00,W,Indian Rd,4,5,4,5
2025-08-24,14,10:00,123,17,14.7,4,2,30.13,0,2025-08-24 22:00:00,2025-08-25 04:00:00,W,Grace St,0,0,0,0
2025-08-24,14,10:00,123,17,14.7,4,2,30.13,0,2025-08-24 22:00:00,2025-08-25 04:00:00,W,Dufferin St,4,4,4,5
2025-08-24,14,10:00,123,17,14.7,4,2,30.13,0,2025-08-24 22:00:00,2025-08-25 04:00:00,W,Gerrard St East at Beaton Ave,3,3,8,8
2025-08-24,14,10:00,123,17,14.7,4,2,30.13,0,2025-08-24 22:00:00,2025-08-25 04:00:00,W,Bathurst St,0,0,0,0
2025-08-24,14,10:00,123,17,14.7,4,2,30.13,0,2025-08-24 22:00:00,2025-08-25 04:00:00,W,Yonge St - College Station,0,0,0,0
2025-08-24,14,10:00,123,17,14.7,4,2,30.13,0,2025-08-24 22:00:00,2025-08-25 04:00:00,W,Dundas St West at Sterling Rd,0,0,0,0
2025-08-24,14,10:00,123,17,14.7,4,2,30.13,0,2025-08-24 22:00:00,2025-08-25 04:00:00,W,Brock Ave,0,0,0,0
2025-08-24,14,10:00,123,17,14.7,4,2,30.13,0,2025-08-24 22:00:00,2025-08-25 04:00:00,W,Sackville St,4,4,5,5
2025-08-24,14,10:00,123,17,14.7,4,2,30.13,0,2025-08-24 22:00:00,2025-08-25 04:00:00,W,Carlaw Ave,0,0,0,0
2025-08-24,14,10:00,123,17,14.7,4,2,30.13,0,2025-08-24 22:00:00,2025-08-25 04:00:00,W,Borden St,0,0,0,0
2025-08-24,14,10:00,123,17,14.7,4,2,30.13,0,2025-08-24 22:00:00,2025-08-25 04:00:00,W,Dundas St West at Sorauren Ave,3,5,4,4
2025-08-24,14,10:00,123,17,14.7,4,2,30.13,0,2025-08-24 22:00:00,2025-08-25 04:00:00,W,Crawford St,0,0,0,0
2025-08-24,14,10:00,123,17,14.7,4,2,30.13,0,2025-08-24 22:00:00,2025-08-25 04:00:00,W,Pape Ave,0,0,0,0
2025-08-24,14,10:00,123,17,14.7,4,2,30.13,0,2025-08-24 22:00:00,2025-08-25 04:00:00,W,Spadina Ave,2,1,6,4
2025-08-24,14,10:00,123,17,14.7,4,2,30.13,0,2025-08-24 22:00:00,2025-08-25 04:00:00,W,River St,3,3,6,4
2025-08-24,14,10:00,123,17,14.7,4,2,30.13,0,2025-08-24 22:00:00,2025-08-25 04:00:00,W,Marjory Ave,0,0,0,0
2025-08-24,14,10:00,123,17,14.7,4,2,30.13,0,2025-08-24 22:00:00,2025-08-25 04:00:00,W,Kingsmount Park Rd,0,0,0,0
2025-08-24,14,10:00,123,17,14.7,4,2,30.13,0,2025-08-24 22:00:00,2025-08-25 04:00:00,W,Church St,0,0,0,0
2025-08-24,14,10:00,123,17,14.7,4,2,30.13,0,2025-08-24 22:00:00,2025-08-25 04:00:00,W,Ossington Ave,0,0,0,0
2025-08-24,14,10:00,123,17,14.7,4,2,30.13,0,2025-08-24 22:00:00,2025-08-25 04:00:00,W,Woodbine Ave,0,0,0,0
2025-08-24,14,10:00,123,17,14.7,4,2,30.13,0,2025-08-24 22:00:00,2025-08-25 04:00:00,W,Jones Ave,0,0,0,0
2025-08-24,14,10:00,123,17,14.7,4,2,30.13,0,2025-08-24 22:00:00,2025-08-25 04:00:00,W,Golfview Ave,0,0,0,0
2025-08-24,14,10:00,123,17,14.7,4,2,30.13,0,2025-08-24 22:00:00,2025-08-25 04:00:00,W,Leslie St,0,0,0,0
2025-08-24,14,10:00,123,17,14.7,4,2,30.13,0,2025-08-24 22:00:00,2025-08-25 04:00:00,W,St Matthews Rd,0,0,0,0
2025-08-24,14,10:00,123,17,14.7,4,2,30.13,0,2025-08-24 22:00:00,2025-08-25 04:00:00,W,Jarvis St,0,0,0,0
2025-08-24,14,10:00,123,17,14.7,4,2,30.13,0,2025-08-24 22:00:00,2025-08-25 04:00:00,W,Sherbourne St,0,0,0,0
2025-08-24,14,10:00,123,17,14.7,4,2,30.13,0,2025-08-24 22:00:00,2025-08-25 04:00:00,W,St George St,0,0,0,0
2025-08-24,14,10:00,123,17,14.7,4,2,30.13,0,2025-08-24 22:00:00,2025-08-25 04:00:00,W,Dovercourt Rd,0,0,0,0
2025-08-24,14,10:00,123,17,14.7,4,2,30.13,0,2025-08-24 22:00:00,2025-08-25 04:00:00,W,Glenmount Park Rd,0,0,0,0
2025-08-24,14,10:00,123,17,14.7,4,2,30.13,0,2025-08-24 22:00:00,2025-08-25 04:00:00,W,Prust Ave,0,0,0,0
2025-08-24,14,10:00,123,17,14.7,4,2,30.13,0,2025-08-24 22:00:00,2025-08-25 04:00:00,W,Main Street Station at Bay 7,1,3,5,9
2025-08-24,14,10:00,123,17,14.7,4,2,30.13,0,2025-08-24 22:00:00,2025-08-25 04:00:00,W,Norwood Rd,0,0,0,0
2025-08-24,14,10:00,123,17,14.7,4,2,30.13,0,2025-08-24 22:00:00,2025-08-25 04:00:00,W,McCaul St,0,0,0,0
2025-08-24,14,10:00,123,17,14.7,4,2,30.13,0,2025-08-24 22:00:00,2025-08-25 04:00:00,W,Broadview Ave,0,0,0,0
2025-08-24,14,10:00,123,17,14.7,4,2,30.13,0,2025-08-24 22:00:00,2025-08-25 04:00:00,W,Ontario St,0,0,0,0
2025-08-24,14,10:00,123,17,14.7,4,2,30.13,0,2025-08-24 22:00:00,2025-08-25 04:00:00,W,Rusholme Park Cres,0,0,0,0
2025-08-24,14,10:00,123,17,14.7,4,2,30.13,0,2025-08-24 22:00:00,2025-08-25 04:00:00,W,Havelock St,0,0,0,0
2025-08-24,14,10:00,123,17,14.7,4,2,30.13,0,2025-08-24 22:00:00,2025-08-25 04:00:00,W,High Park Loop,0,0,0,0
2025-08-24,14,10:00,123,17,14.7,4,2,30.13,0,2025-08-24 22:00:00,2025-08-25 04:00:00,W,Queens Park (Queen's Park Station),0,0,0,0
2025-08-24,14,10:00,123,17,14.7,4,2,30.13,0,2025-08-24 22:00:00,2025-08-25 04:00:00,W,Roncesvalles Ave,3,4,4,5
2025-08-24,14,10:00,123,17,14.7,4,2,30.13,0,2025-08-24 22:00:00,2025-08-25 04:00:00,W,De Grassi St,0,0,0,0
2025-08-24,14,10:00,123,17,14.7,4,2,30.13,0,2025-08-24 22:00:00,2025-08-25 04:00:00,W,Parliament St at Carlton St,0,0,0,0
2025-08-24,14,10:00,123,17,14.7,4,2,30.13,0,2025-08-24 22:00:00,2025-08-25 04:00:00,W,Parkside Dr East Side,0,0,0,0
2025-08-24,14,10:00,123,17,14.7,4,2,30.13,0,2025-08-24 22:00:00,2025-08-25 04:00:00,W,Dundas St West,3,5,4,4
2025-08-24,14,10:00,123,17,14.7,4,2,30.13,0,2025-08-24 22:00:00,2025-08-25 04:00:00,W,Howard Park Ave at Roncesvalles Ave,0,0,0,0
2025-08-24,14,10:00,123,17,14.7,4,2,30.13,0,2025-08-24 22:00:00,2025-08-25 04:00:00,W,Parliament St,0,0,0,0
2025-08-24,14,10:00,123,17,14.7,4,2,30.13,0,2025-08-24 22:00:00,2025-08-25 04:00:00,W,Parliament St at Gerrard St East,0,0,0,0
2025-08-24,14,10:00,123,17,14.7,4,2,30.13,0,2025-08-24 22:00:00,2025-08-25 04:00:00,W,Sumach St,0,0,0,0
2025-08-24,14,10:00,123,17,14.7,4,2,30.13,0,2025-08-24 22:00:00,2025-08-25 04:00:00,W,Blackburn St,0,0,0,0
2025-08-24,14,10:00,123,17,14.7,4,2,30.13,0,2025-08-24 22:00:00,2025-08-25 04:00:00,W,Logan Ave,0,0,0,0
2025-08-24,14,10:00,123,17,14.7,4,2,30.13,0,2025-08-24 22:00:00,2025-08-25 04:00:00,W,Augusta Ave,0,0,0,0
2025-08-24,14,10:00,123,17,14.7,4,2,30.13,0,2025-08-24 22:00:00,2025-08-25 04:00:00,W,Beverley St,0,0,0,0
2025-08-24,14,10:00,123,17,14.7,4,2,30.13,0,2025-08-24 22:00:00,2025-08-25 04:00:00,W,University Ave (Queen's Park Station,0,0,0,0
2025-08-24,14,10:00,123,17,14.7,4,2,30.13,0,2025-08-24 22:00:00,2025-08-25 04:00:00,W,Elizabeth St,0,0,0,0
2025-08-24,14,10:00,123,17,14.7,4,2,30.13,0,2025-08-24 22:00:00,2025-08-25 04:00:00,W,Greenwood Ave,0,0,0,0
2025-08-24,14,10:00,123,17,14.7,4,2,30.13,0,2025-08-24 22:00:00,2025-08-25 04:00:00,W,Alton Ave,0,0,0,0
2025-08-24,14,10:00,123,17,14.7,4,2,30.13,0,2025-08-24 22:00:00,2025-08-25 04:00:00,W,Coxwell Ave,0,0,0,0
2025-08-24,14,10:00,123,17,14.7,4,2,30.13,0,2025-08-24 22:00:00,2025-08-25 04:00:00,W,Gerrard St East  at Coxwell Ave,0,0,0,0
2025-08-24,14,10:00,123,17,14.7,4,2,30.13,0,2025-08-24 22:00:00,2025-08-25 04:00:00,W,Coxwell Ave at Lower Gerrard St East,0,0,0,0
2025-08-24,14,10:00,123,17,14.7,4,2,30.13,0,2025-08-24 22:00:00,2025-08-25 04:00:00,W,Ashdale Ave,0,0,0,0
2025-08-24,14,10:00,123,17,14.7,4,2,30.13,0,2025-08-24 22:00:00,2025-08-25 04:00:00,W,Howard Park Ave at Indian Rd,0,0,0,0
2025-08-24,14,10:00,123,17,14.7,4,2,30.13,0,2025-08-24 22:00:00,2025-08-25 04:00:00,W,Dundas St West at Howard Park Ave,0,0,0,0
2025-08-24,14,10:00,123,17,14.7,4,2,30.13,0,2025-08-24 22:00:00,2025-08-25 04:00:00,W,Main St at Gerrard St East,0,0,0,0
2025-08-24,14,10:00,123,17,14.7,4,2,30.13,0,2025-08-24 22:00:00,2025-08-25 04:00:00,W,Main St,0,0,0,0
2025-08-24,14,10:00,123,17,14.7,4,2,30.13,0,2025-08-24 22:00:00,2025-08-25 04:00:00,W,Main St at Danforth Ave,0,0,0,0
2025-08-24,14,10:00,123,17,14.7,4,2,30.13,0,2025-08-24 22:00:00,2025-08-25 04:00:00,W,Howard Park Ave at Parkside Dr,0,0,0,0
2025-08-31,14,10:00,123,17,14.7,4,2,30.13,0,2025-08-31 22:00:00,2025-09-01 04:00:00,E,Woodfield Rd,7,3,5,0
2025-08-31,14,10:00,123,17,14.7,4,2,30.13,0,2025-08-31 22:00:00,2025-09-01 04:00:00,E,Coxwell Ave at Gerrard St East,0,0,0,0
2025-08-31,14,10:00,123,17,14.7,4,2,30.13,0,2025-08-31 22:00:00,2025-09-01 04:00:00,E,Euclid Ave,0,0,0,0
2025-08-31,14,10:00,123,17,14.7,4,2,30.13,0,2025-08-31 22:00:00,2025-09-01 04:00:00,E,Bowmore Rd,3,5,3,0
2025-08-31,14,10:00,123,17,14.7,4,2,30.13,0,2025-08-31 22:00:00,2025-09-01 04:00:00,E,Bay St,4,3,4,0
2025-08-31,14,10:00,123,17,14.7,4,2,30.13,0,2025-08-31 22:00:00,2025-09-01 04:00:00,E,Lansdowne Ave,4,7,3,1
2025-08-31,14,10:00,123,17,14.7,4,2,30.13,0,2025-08-31 22:00:00,2025-09-01 04:00:00,E,Indian Rd,0,3,3,3
2025-08-31,14,10:00,123,17,14.7,4,2,30.13,0,2025-08-31 22:00:00,2025-09-01 04:00:00,E,Grace St,0,6,5,4
2025-08-31,14,10:00,123,17,14.7,4,2,30.13,0,2025-08-31 22:00:00,2025-09-01 04:00:00,E,Dufferin St,6,3,5,0
2025-08-31,14,10:00,123,17,14.7,4,2,30.13,0,2025-08-31 22:00:00,2025-09-01 04:00:00,E,Gerrard St East at Beaton Ave,4,4,3,0
2025-08-31,14,10:00,123,17,14.7,4,2,30.13,0,2025-08-31 22:00:00,2025-09-01 04:00:00,E,Bathurst St,0,2,4,1
2025-08-31,14,10:00,123,17,14.7,4,2,30.13,0,2025-08-31 22:00:00,2025-09-01 04:00:00,E,Yonge St - College Station,3,3,4,0
2025-08-31,14,10:00,123,17,14.7,4,2,30.13,0,2025-08-31 22:00:00,2025-09-01 04:00:00,E,Dundas St West at Sterling Rd,0,3,1,1
2025-08-31,14,10:00,123,17,14.7,4,2,30.13,0,2025-08-31 22:00:00,2025-09-01 04:00:00,E,Brock Ave,2,6,3,1
2025-08-31,14,10:00,123,17,14.7,4,2,30.13,0,2025-08-31 22:00:00,2025-09-01 04:00:00,E,Sackville St,0,2,3,1
2025-08-31,14,10:00,123,17,14.7,4,2,30.13,0,2025-08-31 22:00:00,2025-09-01 04:00:00,E,Carlaw Ave,3,3,4,0
2025-08-31,14,10:00,123,17,14.7,4,2,30.13,0,2025-08-31 22:00:00,2025-09-01 04:00:00,E,Borden St,0,2,4,1
2025-08-31,14,10:00,123,17,14.7,4,2,30.13,0,2025-08-31 22:00:00,2025-09-01 04:00:00,E,Dundas St West at Sorauren Ave,0,3,1,1
2025-08-31,14,10:00,123,17,14.7,4,2,30.13,0,2025-08-31 22:00:00,2025-09-01 04:00:00,E,Crawford St,1,6,6,3
2025-08-31,14,10:00,123,17,14.7,4,2,30.13,0,2025-08-31 22:00:00,2025-09-01 04:00:00,E,Pape Ave,4,3,4,0
2025-08-31,14,10:00,123,17,14.7,4,2,30.13,0,2025-08-31 22:00:00,2025-09-01 04:00:00,E,Spadina Ave,0,2,4,1
2025-08-31,14,10:00,123,17,14.7,4,2,30.13,0,2025-08-31 22:00:00,2025-09-01 04:00:00,E,River St,0,2,3,1
2025-08-31,14,10:00,123,17,14.7,4,2,30.13,0,2025-08-31 22:00:00,2025-09-01 04:00:00,E,Marjory Ave,5,3,4,0
2025-08-31,14,10:00,123,17,14.7,4,2,30.13,0,2025-08-31 22:00:00,2025-09-01 04:00:00,E,Kingsmount Park Rd,3,4,2,0
2025-08-31,14,10:00,123,17,14.7,4,2,30.13,0,2025-08-31 22:00:00,2025-09-01 04:00:00,E,Church St,0,0,0,0
2025-08-31,14,10:00,123,17,14.7,4,2,30.13,0,2025-08-31 22:00:00,2025-09-01 04:00:00,E,Ossington Ave,0,4,6,3
2025-08-31,14,10:00,123,17,14.7,4,2,30.13,0,2025-08-31 22:00:00,2025-09-01 04:00:00,E,Woodbine Ave,3,4,3,0
2025-08-31,14,10:00,123,17,14.7,4,2,30.13,0,2025-08-31 22:00:00,2025-09-01 04:00:00,E,Jones Ave,5,3,4,0
2025-08-31,14,10:00,123,17,14.7,4,2,30.13,0,2025-08-31 22:00:00,2025-09-01 04:00:00,E,Golfview Ave,3,4,2,0
2025-08-31,14,10:00,123,17,14.7,4,2,30.13,0,2025-08-31 22:00:00,2025-09-01 04:00:00,E,Leslie St,5,3,4,0
2025-08-31,14,10:00,123,17,14.7,4,2,30.13,0,2025-08-31 22:00:00,2025-09-01 04:00:00,E,St Matthews Rd,0,2,3,1
2025-08-31,14,10:00,123,17,14.7,4,2,30.13,0,2025-08-31 22:00:00,2025-09-01 04:00:00,E,Jarvis St,1,3,2,1
2025-08-31,14,10:00,123,17,14.7,4,2,30.13,0,2025-08-31 22:00:00,2025-09-01 04:00:00,E,Sherbourne St,1,3,2,1
2025-08-31,14,10:00,123,17,14.7,4,2,30.13,0,2025-08-31 22:00:00,2025-09-01 04:00:00,E,St George St,1,3,5,0
2025-08-31,14,10:00,123,17,14.7,4,2,30.13,0,2025-08-31 22:00:00,2025-09-01 04:00:00,E,Dovercourt Rd,1,5,5,2
2025-08-31,14,10:00,123,17,14.7,4,2,30.13,0,2025-08-31 22:00:00,2025-09-01 04:00:00,E,Glenmount Park Rd,3,4,2,0
2025-08-31,14,10:00,123,17,14.7,4,2,30.13,0,2025-08-31 22:00:00,2025-09-01 04:00:00,E,Prust Ave,5,3,4,0
2025-08-31,14,10:00,123,17,14.7,4,2,30.13,0,2025-08-31 22:00:00,2025-09-01 04:00:00,E,Main Street Station at Bay 7,0,0,0,0
2025-08-31,14,10:00,123,17,14.7,4,2,30.13,0,2025-08-31 22:00:00,2025-09-01 04:00:00,E,Norwood Rd,4,4,2,0
2025-08-31,14,10:00,123,17,14.7,4,2,30.13,0,2025-08-31 22:00:00,2025-09-01 04:00:00,E,McCaul St,1,3,4,0
2025-08-31,14,10:00,123,17,14.7,4,2,30.13,0,2025-08-31 22:00:00,2025-09-01 04:00:00,E,Broadview Ave,0,2,3,1
2025-08-31,14,10:00,123,17,14.7,4,2,30.13,0,2025-08-31 22:00:00,2025-09-01 04:00:00,E,Ontario St,1,3,2,1
2025-08-31,14,10:00,123,17,14.7,4,2,30.13,0,2025-08-31 22:00:00,2025-09-01 04:00:00,E,Rusholme Park Cres,0,2,1,1
2025-08-31,14,10:00,123,17,14.7,4,2,30.13,0,2025-08-31 22:00:00,2025-09-01 04:00:00,E,Havelock St,6,3,4,0
2025-08-31,14,10:00,123,17,14.7,4,2,30.13,0,2025-08-31 22:00:00,2025-09-01 04:00:00,E,High Park Loop,2,4,4,8
2025-08-31,14,10:00,123,17,14.7,4,2,30.13,0,2025-08-31 22:00:00,2025-09-01 04:00:00,E,Queens Park (Queen's Park Station),1,3,4,0
2025-08-31,14,10:00,123,17,14.7,4,2,30.13,0,2025-08-31 22:00:00,2025-09-01 04:00:00,E,Roncesvalles Ave,0,3,1,1
2025-08-31,14,10:00,123,17,14.7,4,2,30.13,0,2025-08-31 22:00:00,2025-09-01 04:00:00,E,De Grassi St,0,2,3,1
2025-08-31,14,10:00,123,17,14.7,4,2,30.13,0,2025-08-31 22:00:00,2025-09-01 04:00:00,E,Parliament St at Carlton St,1,3,2,1
2025-08-31,14,10:00,123,17,14.7,4,2,30.13,0,2025-08-31 22:00:00,2025-09-01 04:00:00,E,Parkside Dr East Side,0,1,2,4
2025-08-31,14,10:00,123,17,14.7,4,2,30.13,0,2025-08-31 22:00:00,2025-09-01 04:00:00,E,Dundas St West,0,3,1,1
2025-08-31,14,10:00,123,17,14.7,4,2,30.13,0,2025-08-31 22:00:00,2025-09-01 04:00:00,E,Howard Park Ave at Roncesvalles Ave,0,0,0,0
2025-08-31,14,10:00,123,17,14.7,4,2,30.13,0,2025-08-31 22:00:00,2025-09-01 04:00:00,E,Parliament St,0,0,0,0
2025-08-31,14,10:00,123,17,14.7,4,2,30.13,0,2025-08-31 22:00:00,2025-09-01 04:00:00,E,Parliament St at Gerrard St East,0,0,0,0
2025-08-31,14,10:00,123,17,14.7,4,2,30.13,0,2025-08-31 22:00:00,2025-09-01 04:00:00,E,Sumach St,0,0,0,0
2025-08-31,14,10:00,123,17,14.7,4,2,30.13,0,2025-08-31 22:00:00,2025-09-01 04:00:00,E,Blackburn St,0,0,0,0
2025-08-31,14,10:00,123,17,14.7,4,2,30.13,0,2025-08-31 22:00:00,2025-09-01 04:00:00,E,Logan Ave,0,2,4,1
2025-08-31,14,10:00,123,17,14.7,4,2,30.13,0,2025-08-31 22:00:00,2025-09-01 04:00:00,E,Augusta Ave,0,0,0,0
2025-08-31,14,10:00,123,17,14.7,4,2,30.13,0,2025-08-31 22:00:00,2025-09-01 04:00:00,E,Beverley St,0,0,0,0
2025-08-31,14,10:00,123,17,14.7,4,2,30.13,0,2025-08-31 22:00:00,2025-09-01 04:00:00,E,University Ave (Queen's Park Station,0,0,0,0
2025-08-31,14,10:00,123,17,14.7,4,2,30.13,0,2025-08-31 22:00:00,2025-09-01 04:00:00,E,Elizabeth St,0,0,0,0
2025-08-31,14,10:00,123,17,14.7,4,2,30.13,0,2025-08-31 22:00:00,2025-09-01 04:00:00,E,Greenwood Ave,0,0,0,0
2025-08-31,14,10:00,123,17,14.7,4,2,30.13,0,2025-08-31 22:00:00,2025-09-01 04:00:00,E,Alton Ave,0,0,0,0
2025-08-31,14,10:00,123,17,14.7,4,2,30.13,0,2025-08-31 22:00:00,2025-09-01 04:00:00,E,Coxwell Ave,0,0,0,0
2025-08-31,14,10:00,123,17,14.7,4,2,30.13,0,2025-08-31 22:00:00,2025-09-01 04:00:00,E,Gerrard St East  at Coxwell Ave,0,0,0,0
2025-08-31,14,10:00,123,17,14.7,4,2,30.13,0,2025-08-31 22:00:00,2025-09-01 04:00:00,E,Coxwell Ave at Lower Gerrard St East,0,0,0,0
2025-08-31,14,10:00,123,17,14.7,4,2,30.13,0,2025-08-31 22:00:00,2025-09-01 04:00:00,E,Ashdale Ave,0,0,0,0
2025-08-31,14,10:00,123,17,14.7,4,2,30.13,0,2025-08-31 22:00:00,2025-09-01 04:00:00,E,Howard Park Ave at Indian Rd,0,0,0,0
2025-08-31,14,10:00,123,17,14.7,4,2,30.13,0,2025-08-31 22:00:00,2025-09-01 04:00:00,E,Dundas St West at Howard Park Ave,0,0,0,0
2025-08-31,14,10:00,123,17,14.7,4,2,30.13,0,2025-08-31 22:00:00,2025-09-01 04:00:00,E,Main St at Gerrard St East,0,0,0,0
2025-08-31,14,10:00,123,17,14.7,4,2,30.13,0,2025-08-31 22:00:00,2025-09-01 04:00:00,E,Main St,0,0,0,0
2025-08-31,14,10:00,123,17,14.7,4,2,30.13,0,2025-08-31 22:00:00,2025-09-01 04:00:00,E,Main St at Danforth Ave,0,0,0,0
2025-08-31,14,10:00,123,17,14.7,4,2,30.13,0,2025-08-31 22:00:00,2025-09-01 04:00:00,E,Howard Park Ave at Parkside Dr,0,0,0,0
2025-08-31,14,10:00,123,17,14.7,4,2,30.13,0,2025-08-31 22:00:00,2025-09-01 04:00:00,W,Woodfield Rd,1,4,4,1
2025-08-31,14,10:00,123,17,14.7,4,2,30.13,0,2025-08-31 22:00:00,2025-09-01 04:00:00,W,Coxwell Ave at Gerrard St East,0,4,4,1
2025-08-31,14,10:00,123,17,14.7,4,2,30.13,0,2025-08-31 22:00:00,2025-09-01 04:00:00,W,Euclid Ave,0,0,0,0
2025-08-31,14,10:00,123,17,14.7,4,2,30.13,0,2025-08-31 22:00:00,2025-09-01 04:00:00,W,Bowmore Rd,1,3,2,1
2025-08-31,14,10:00,123,17,14.7,4,2,30.13,0,2025-08-31 22:00:00,2025-09-01 04:00:00,W,Bay St,0,4,4,1
2025-08-31,14,10:00,123,17,14.7,4,2,30.13,0,2025-08-31 22:00:00,2025-09-01 04:00:00,W,Lansdowne Ave,0,0,0,0
2025-08-31,14,10:00,123,17,14.7,4,2,30.13,0,2025-08-31 22:00:00,2025-09-01 04:00:00,W,Indian Rd,2,4,2,0
2025-08-31,14,10:00,123,17,14.7,4,2,30.13,0,2025-08-31 22:00:00,2025-09-01 04:00:00,W,Grace St,0,0,0,0
2025-08-31,14,10:00,123,17,14.7,4,2,30.13,0,2025-08-31 22:00:00,2025-09-01 04:00:00,W,Dufferin St,2,5,7,0
2025-08-31,14,10:00,123,17,14.7,4,2,30.13,0,2025-08-31 22:00:00,2025-09-01 04:00:00,W,Gerrard St East at Beaton Ave,1,1,3,1
2025-08-31,14,10:00,123,17,14.7,4,2,30.13,0,2025-08-31 22:00:00,2025-09-01 04:00:00,W,Bathurst St,0,0,0,0
2025-08-31,14,10:00,123,17,14.7,4,2,30.13,0,2025-08-31 22:00:00,2025-09-01 04:00:00,W,Yonge St - College Station,0,0,0,0
2025-08-31,14,10:00,123,17,14.7,4,2,30.13,0,2025-08-31 22:00:00,2025-09-01 04:00:00,W,Dundas St West at Sterling Rd,0,0,0,0
2025-08-31,14,10:00,123,17,14.7,4,2,30.13,0,2025-08-31 22:00:00,2025-09-01 04:00:00,W,Brock Ave,0,0,0,0
2025-08-31,14,10:00,123,17,14.7,4,2,30.13,0,2025-08-31 22:00:00,2025-09-01 04:00:00,W,Sackville St,2,4,5,1
2025-08-31,14,10:00,123,17,14.7,4,2,30.13,0,2025-08-31 22:00:00,2025-09-01 04:00:00,W,Carlaw Ave,0,0,0,0
2025-08-31,14,10:00,123,17,14.7,4,2,30.13,0,2025-08-31 22:00:00,2025-09-01 04:00:00,W,Borden St,0,0,0,0
2025-08-31,14,10:00,123,17,14.7,4,2,30.13,0,2025-08-31 22:00:00,2025-09-01 04:00:00,W,Dundas St West at Sorauren Ave,1,3,1,0
2025-08-31,14,10:00,123,17,14.7,4,2,30.13,0,2025-08-31 22:00:00,2025-09-01 04:00:00,W,Crawford St,0,0,0,0
2025-08-31,14,10:00,123,17,14.7,4,2,30.13,0,2025-08-31 22:00:00,2025-09-01 04:00:00,W,Pape Ave,0,0,0,0
2025-08-31,14,10:00,123,17,14.7,4,2,30.13,0,2025-08-31 22:00:00,2025-09-01 04:00:00,W,Spadina Ave,1,4,4,1
2025-08-31,14,10:00,123,17,14.7,4,2,30.13,0,2025-08-31 22:00:00,2025-09-01 04:00:00,W,River St,3,4,5,1
2025-08-31,14,10:00,123,17,14.7,4,2,30.13,0,2025-08-31 22:00:00,2025-09-01 04:00:00,W,Marjory Ave,0,0,0,0
2025-08-31,14,10:00,123,17,14.7,4,2,30.13,0,2025-08-31 22:00:00,2025-09-01 04:00:00,W,Kingsmount Park Rd,0,0,0,0
2025-08-31,14,10:00,123,17,14.7,4,2,30.13,0,2025-08-31 22:00:00,2025-09-01 04:00:00,W,Church St,0,0,0,0
2025-08-31,14,10:00,123,17,14.7,4,2,30.13,0,2025-08-31 22:00:00,2025-09-01 04:00:00,W,Ossington Ave,0,0,0,0
2025-08-31,14,10:00,123,17,14.7,4,2,30.13,0,2025-08-31 22:00:00,2025-09-01 04:00:00,W,Woodbine Ave,0,0,0,0
2025-08-31,14,10:00,123,17,14.7,4,2,30.13,0,2025-08-31 22:00:00,2025-09-01 04:00:00,W,Jones Ave,0,0,0,0
2025-08-31,14,10:00,123,17,14.7,4,2,30.13,0,2025-08-31 22:00:00,2025-09-01 04:00:00,W,Golfview Ave,0,0,0,0
2025-08-31,14,10:00,123,17,14.7,4,2,30.13,0,2025-08-31 22:00:00,2025-09-01 04:00:00,W,Leslie St,0,0,0,0
2025-08-31,14,10:00,123,17,14.7,4,2,30.13,0,2025-08-31 22:00:00,2025-09-01 04:00:00,W,St Matthews Rd,0,0,0,0
2025-08-31,14,10:00,123,17,14.7,4,2,30.13,0,2025-08-31 22:00:00,2025-09-01 04:00:00,W,Jarvis St,0,0,0,0
2025-08-31,14,10:00,123,17,14.7,4,2,30.13,0,2025-08-31 22:00:00,2025-09-01 04:00:00,W,Sherbourne St,0,0,0,0
2025-08-31,14,10:00,123,17,14.7,4,2,30.13,0,2025-08-31 22:00:00,2025-09-01 04:00:00,W,St George St,0,0,0,0
2025-08-31,14,10:00,123,17,14.7,4,2,30.13,0,2025-08-31 22:00:00,2025-09-01 04:00:00,W,Dovercourt Rd,0,0,0,0
2025-08-31,14,10:00,123,17,14.7,4,2,30.13,0,2025-08-31 22:00:00,2025-09-01 04:00:00,W,Glenmount Park Rd,0,0,0,0
2025-08-31,14,10:00,123,17,14.7,4,2,30.13,0,2025-08-31 22:00:00,2025-09-01 04:00:00,W,Prust Ave,0,0,0,0
2025-08-31,14,10:00,123,17,14.7,4,2,30.13,0,2025-08-31 22:00:00,2025-09-01 04:00:00,W,Main Street Station at Bay 7,1,5,3,1
2025-08-31,14,10:00,123,17,14.7,4,2,30.13,0,2025-08-31 22:00:00,2025-09-01 04:00:00,W,Norwood Rd,0,0,0,0
2025-08-31,14,10:00,123,17,14.7,4,2,30.13,0,2025-08-31 22:00:00,2025-09-01 04:00:00,W,McCaul St,0,0,0,0
2025-08-31,14,10:00,123,17,14.7,4,2,30.13,0,2025-08-31 22:00:00,2025-09-01 04:00:00,W,Broadview Ave,0,0,0,0
2025-08-31,14,10:00,123,17,14.7,4,2,30.13,0,2025-08-31 22:00:00,2025-09-01 04:00:00,W,Ontario St,0,0,0,0
2025-08-31,14,10:00,123,17,14.7,4,2,30.13,0,2025-08-31 22:00:00,2025-09-01 04:00:00,W,Rusholme Park Cres,0,0,0,0
2025-08-31,14,10:00,123,17,14.7,4,2,30.13,0,2025-08-31 22:00:00,2025-09-01 04:00:00,W,Havelock St,0,0,0,0
2025-08-31,14,10:00,123,17,14.7,4,2,30.13,0,2025-08-31 22:00:00,2025-09-01 04:00:00,W,High Park Loop,0,0,0,0
2025-08-31,14,10:00,123,17,14.7,4,2,30.13,0,2025-08-31 22:00:00,2025-09-01 04:00:00,W,Queens Park (Queen's Park Station),0,0,0,0
2025-08-31,14,10:00,123,17,14.7,4,2,30.13,0,2025-08-31 22:00:00,2025-09-01 04:00:00,W,Roncesvalles Ave,0,3,2,0
2025-08-31,14,10:00,123,17,14.7,4,2,30.13,0,2025-08-31 22:00:00,2025-09-01 04:00:00,W,De Grassi St,0,0,0,0
2025-08-31,14,10:00,123,17,14.7,4,2,30.13,0,2025-08-31 22:00:00,2025-09-01 04:00:00,W,Parliament St at Carlton St,0,0,0,0
2025-08-31,14,10:00,123,17,14.7,4,2,30.13,0,2025-08-31 22:00:00,2025-09-01 04:00:00,W,Parkside Dr East Side,0,0,0,0
2025-08-31,14,10:00,123,17,14.7,4,2,30.13,0,2025-08-31 22:00:00,2025-09-01 04:00:00,W,Dundas St West,0,3,1,0
2025-08-31,14,10:00,123,17,14.7,4,2,30.13,0,2025-08-31 22:00:00,2025-09-01 04:00:00,W,Howard Park Ave at Roncesvalles Ave,0,0,0,0
2025-08-31,14,10:00,123,17,14.7,4,2,30.13,0,2025-08-31 22:00:00,2025-09-01 04:00:00,W,Parliament St,0,0,0,0
2025-08-31,14,10:00,123,17,14.7,4,2,30.13,0,2025-08-31 22:00:00,2025-09-01 04:00:00,W,Parliament St at Gerrard St East,0,0,0,0
2025-08-31,14,10:00,123,17,14.7,4,2,30.13,0,2025-08-31 22:00:00,2025-09-01 04:00:00,W,Sumach St,0,0,0,0
2025-08-31,14,10:00,123,17,14.7,4,2,30.13,0,2025-08-31 22:00:00,2025-09-01 04:00:00,W,Blackburn St,0,0,0,0
2025-08-31,14,10:00,123,17,14.7,4,2,30.13,0,2025-08-31 22:00:00,2025-09-01 04:00:00,W,Logan Ave,0,0,0,0
2025-08-31,14,10:00,123,17,14.7,4,2,30.13,0,2025-08-31 22:00:00,2025-09-01 04:00:00,W,Augusta Ave,0,0,0,0
2025-08-31,14,10:00,123,17,14.7,4,2,30.13,0,2025-08-31 22:00:00,2025-09-01 04:00:00,W,Beverley St,0,0,0,0
2025-08-31,14,10:00,123,17,14.7,4,2,30.13,0,2025-08-31 22:00:00,2025-09-01 04:00:00,W,University Ave (Queen's Park Station,0,0,0,0
2025-08-31,14,10:00,123,17,14.7,4,2,30.13,0,2025-08-31 22:00:00,2025-09-01 04:00:00,W,Elizabeth St,0,0,0,0
2025-08-31,14,10:00,123,17,14.7,4,2,30.13,0,2025-08-31 22:00:00,2025-09-01 04:00:00,W,Greenwood Ave,0,0,0,0
2025-08-31,14,10:00,123,17,14.7,4,2,30.13,0,2025-08-31 22:00:00,2025-09-01 04:00:00,W,Alton Ave,0,0,0,0
2025-08-31,14,10:00,123,17,14.7,4,2,30.13,0,2025-08-31 22:00:00,2025-09-01 04:00:00,W,Coxwell Ave,0,0,0,0
2025-08-31,14,10:00,123,17,14.7,4,2,30.13,0,2025-08-31 22:00:00,2025-09-01 04:00:00,W,Gerrard St East  at Coxwell Ave,0,0,0,0
2025-08-31,14,10:00,123,17,14.7,4,2,30.13,0,2025-08-31 22:00:00,2025-09-01 04:00:00,W,Coxwell Ave at Lower Gerrard St East,0,0,0,0
2025-08-31,14,10:00,123,17,14.7,4,2,30.13,0,2025-08-31 22:00:00,2025-09-01 04:00:00,W,Ashdale Ave,0,0,0,0
2025-08-31,14,10:00,123,17,14.7,4,2,30.13,0,2025-08-31 22:00:00,2025-09-01 04:00:00,W,Howard Park Ave at Indian Rd,0,0,0,0
2025-08-31,14,10:00,123,17,14.7,4,2,30.13,0,2025-08-31 22:00:00,2025-09-01 04:00:00,W,Dundas St West at Howard Park Ave,0,0,0,0
2025-08-31,14,10:00,123,17,14.7,4,2,30.13,0,2025-08-31 22:00:00,2025-09-01 04:00:00,W,Main St at Gerrard St East,0,0,0,0
2025-08-31,14,10:00,123,17,14.7,4,2,30.13,0,2025-08-31 22:00:00,2025-09-01 04:00:00,W,Main St,0,0,0,0
2025-08-31,14,10:00,123,17,14.7,4,2,30.13,0,2025-08-31 22:00:00,2025-09-01 04:00:00,W,Main St at Danforth Ave,0,0,0,0
2025-08-31,14,10:00,123,17,14.7,4,2,30.13,0,2025-08-31 22:00:00,2025-09-01 04:00:00,W,Howard Park Ave at Parkside Dr,0,0,0,0
2025-09-07,14,10:00,123,17,14.7,4,2,30.13,0,2025-09-07 22:00:00,2025-09-08 04:00:00,E,Woodfield Rd,3,1,6,0
2025-09-07,14,10:00,123,17,14.7,4,2,30.13,0,2025-09-07 22:00:00,2025-09-08 04:00:00,E,Coxwell Ave at Gerrard St East,0,0,0,0
2025-09-07,14,10:00,123,17,14.7,4,2,30.13,0,2025-09-07 22:00:00,2025-09-08 04:00:00,E,Euclid Ave,0,0,0,0
2025-09-07,14,10:00,123,17,14.7,4,2,30.13,0,2025-09-07 22:00:00,2025-09-08 04:00:00,E,Bowmore Rd,2,2,6,0
2025-09-07,14,10:00,123,17,14.7,4,2,30.13,0,2025-09-07 22:00:00,2025-09-08 04:00:00,E,Bay St,3,1,6,0
2025-09-07,14,10:00,123,17,14.7,4,2,30.13,0,2025-09-07 22:00:00,2025-09-08 04:00:00,E,Lansdowne Ave,5,5,10,1
2025-09-07,14,10:00,123,17,14.7,4,2,30.13,0,2025-09-07 22:00:00,2025-09-08 04:00:00,E,Indian Rd,0,3,2,0
2025-09-07,14,10:00,123,17,14.7,4,2,30.13,0,2025-09-07 22:00:00,2025-09-08 04:00:00,E,Grace St,0,5,6,0
2025-09-07,14,10:00,123,17,14.7,4,2,30.13,0,2025-09-07 22:00:00,2025-09-08 04:00:00,E,Dufferin St,4,2,7,0
2025-09-07,14,10:00,123,17,14.7,4,2,30.13,0,2025-09-07 22:00:00,2025-09-08 04:00:00,E,Gerrard St East at Beaton Ave,2,2,6,0
2025-09-07,14,10:00,123,17,14.7,4,2,30.13,0,2025-09-07 22:00:00,2025-09-08 04:00:00,E,Bathurst St,1,0,1,0
2025-09-07,14,10:00,123,17,14.7,4,2,30.13,0,2025-09-07 22:00:00,2025-09-08 04:00:00,E,Yonge St - College Station,3,1,6,0
2025-09-07,14,10:00,123,17,14.7,4,2,30.13,0,2025-09-07 22:00:00,2025-09-08 04:00:00,E,Dundas St West at Sterling Rd,2,2,4,0
2025-09-07,14,10:00,123,17,14.7,4,2,30.13,0,2025-09-07 22:00:00,2025-09-08 04:00:00,E,Brock Ave,4,4,11,0
2025-09-07,14,10:00,123,17,14.7,4,2,30.13,0,2025-09-07 22:00:00,2025-09-08 04:00:00,E,Sackville St,1,2,5,0
2025-09-07,14,10:00,123,17,14.7,4,2,30.13,0,2025-09-07 22:00:00,2025-09-08 04:00:00,E,Carlaw Ave,3,1,6,0
2025-09-07,14,10:00,123,17,14.7,4,2,30.13,0,2025-09-07 22:00:00,2025-09-08 04:00:00,E,Borden St,1,1,1,0
2025-09-07,14,10:00,123,17,14.7,4,2,30.13,0,2025-09-07 22:00:00,2025-09-08 04:00:00,E,Dundas St West at Sorauren Ave,3,2,3,0
2025-09-07,14,10:00,123,17,14.7,4,2,30.13,0,2025-09-07 22:00:00,2025-09-08 04:00:00,E,Crawford St,1,5,6,0
2025-09-07,14,10:00,123,17,14.7,4,2,30.13,0,2025-09-07 22:00:00,2025-09-08 04:00:00,E,Pape Ave,3,2,6,0
2025-09-07,14,10:00,123,17,14.7,4,2,30.13,0,2025-09-07 22:00:00,2025-09-08 04:00:00,E,Spadina Ave,1,0,0,0
2025-09-07,14,10:00,123,17,14.7,4,2,30.13,0,2025-09-07 22:00:00,2025-09-08 04:00:00,E,River St,1,2,4,0
2025-09-07,14,10:00,123,17,14.7,4,2,30.13,0,2025-09-07 22:00:00,2025-09-08 04:00:00,E,Marjory Ave,3,2,7,0
2025-09-07,14,10:00,123,17,14.7,4,2,30.13,0,2025-09-07 22:00:00,2025-09-08 04:00:00,E,Kingsmount Park Rd,2,2,6,0
2025-09-07,14,10:00,123,17,14.7,4,2,30.13,0,2025-09-07 22:00:00,2025-09-08 04:00:00,E,Church St,0,0,0,0
2025-09-07,14,10:00,123,17,14.7,4,2,30.13,0,2025-09-07 22:00:00,2025-09-08 04:00:00,E,Ossington Ave,0,3,2,0
2025-09-07,14,10:00,123,17,14.7,4,2,30.13,0,2025-09-07 22:00:00,2025-09-08 04:00:00,E,Woodbine Ave,2,2,6,0
2025-09-07,14,10:00,123,17,14.7,4,2,30.13,0,2025-09-07 22:00:00,2025-09-08 04:00:00,E,Jones Ave,3,2,7,0
2025-09-07,14,10:00,123,17,14.7,4,2,30.13,0,2025-09-07 22:00:00,2025-09-08 04:00:00,E,Golfview Ave,2,2,6,0
2025-09-07,14,10:00,123,17,14.7,4,2,30.13,0,2025-09-07 22:00:00,2025-09-08 04:00:00,E,Leslie St,3,2,7,0
2025-09-07,14,10:00,123,17,14.7,4,2,30.13,0,2025-09-07 22:00:00,2025-09-08 04:00:00,E,St Matthews Rd,1,2,4,0
2025-09-07,14,10:00,123,17,14.7,4,2,30.13,0,2025-09-07 22:00:00,2025-09-08 04:00:00,E,Jarvis St,3,2,3,0
2025-09-07,14,10:00,123,17,14.7,4,2,30.13,0,2025-09-07 22:00:00,2025-09-08 04:00:00,E,Sherbourne St,3,2,3,0
2025-09-07,14,10:00,123,17,14.7,4,2,30.13,0,2025-09-07 22:00:00,2025-09-08 04:00:00,E,St George St,0,2,5,0
2025-09-07,14,10:00,123,17,14.7,4,2,30.13,0,2025-09-07 22:00:00,2025-09-08 04:00:00,E,Dovercourt Rd,2,4,8,0
2025-09-07,14,10:00,123,17,14.7,4,2,30.13,0,2025-09-07 22:00:00,2025-09-08 04:00:00,E,Glenmount Park Rd,2,2,6,0
2025-09-07,14,10:00,123,17,14.7,4,2,30.13,0,2025-09-07 22:00:00,2025-09-08 04:00:00,E,Prust Ave,3,1,6,0
2025-09-07,14,10:00,123,17,14.7,4,2,30.13,0,2025-09-07 22:00:00,2025-09-08 04:00:00,E,Main Street Station at Bay 7,0,0,0,0
2025-09-07,14,10:00,123,17,14.7,4,2,30.13,0,2025-09-07 22:00:00,2025-09-08 04:00:00,E,Norwood Rd,2,2,6,0
2025-09-07,14,10:00,123,17,14.7,4,2,30.13,0,2025-09-07 22:00:00,2025-09-08 04:00:00,E,McCaul St,1,3,5,0
2025-09-07,14,10:00,123,17,14.7,4,2,30.13,0,2025-09-07 22:00:00,2025-09-08 04:00:00,E,Broadview Ave,2,2,4,0
2025-09-07,14,10:00,123,17,14.7,4,2,30.13,0,2025-09-07 22:00:00,2025-09-08 04:00:00,E,Ontario St,3,2,5,0
2025-09-07,14,10:00,123,17,14.7,4,2,30.13,0,2025-09-07 22:00:00,2025-09-08 04:00:00,E,Rusholme Park Cres,3,2,5,0
2025-09-07,14,10:00,123,17,14.7,4,2,30.13,0,2025-09-07 22:00:00,2025-09-08 04:00:00,E,Havelock St,3,1,6,0
2025-09-07,14,10:00,123,17,14.7,4,2,30.13,0,2025-09-07 22:00:00,2025-09-08 04:00:00,E,High Park Loop,0,4,3,0
2025-09-07,14,10:00,123,17,14.7,4,2,30.13,0,2025-09-07 22:00:00,2025-09-08 04:00:00,E,Queens Park (Queen's Park Station),2,1,5,0
2025-09-07,14,10:00,123,17,14.7,4,2,30.13,0,2025-09-07 22:00:00,2025-09-08 04:00:00,E,Roncesvalles Ave,2,2,5,0
2025-09-07,14,10:00,123,17,14.7,4,2,30.13,0,2025-09-07 22:00:00,2025-09-08 04:00:00,E,De Grassi St,2,1,4,0
2025-09-07,14,10:00,123,17,14.7,4,2,30.13,0,2025-09-07 22:00:00,2025-09-08 04:00:00,E,Parliament St at Carlton St,2,2,3,0
2025-09-07,14,10:00,123,17,14.7,4,2,30.13,0,2025-09-07 22:00:00,2025-09-08 04:00:00,E,Parkside Dr East Side,0,2,2,0
2025-09-07,14,10:00,123,17,14.7,4,2,30.13,0,2025-09-07 22:00:00,2025-09-08 04:00:00,E,Dundas St West,3,2,2,0
2025-09-07,14,10:00,123,17,14.7,4,2,30.13,0,2025-09-07 22:00:00,2025-09-08 04:00:00,E,Howard Park Ave at Roncesvalles Ave,0,0,0,0
2025-09-07,14,10:00,123,17,14.7,4,2,30.13,0,2025-09-07 22:00:00,2025-09-08 04:00:00,E,Parliament St,0,0,0,0
2025-09-07,14,10:00,123,17,14.7,4,2,30.13,0,2025-09-07 22:00:00,2025-09-08 04:00:00,E,Parliament St at Gerrard St East,0,0,0,0
2025-09-07,14,10:00,123,17,14.7,4,2,30.13,0,2025-09-07 22:00:00,2025-09-08 04:00:00,E,Sumach St,0,0,0,0
2025-09-07,14,10:00,123,17,14.7,4,2,30.13,0,2025-09-07 22:00:00,2025-09-08 04:00:00,E,Blackburn St,0,0,0,0
2025-09-07,14,10:00,123,17,14.7,4,2,30.13,0,2025-09-07 22:00:00,2025-09-08 04:00:00,E,Logan Ave,1,0,1,0
2025-09-07,14,10:00,123,17,14.7,4,2,30.13,0,2025-09-07 22:00:00,2025-09-08 04:00:00,E,Augusta Ave,0,0,0,0
2025-09-07,14,10:00,123,17,14.7,4,2,30.13,0,2025-09-07 22:00:00,2025-09-08 04:00:00,E,Beverley St,0,0,0,0
2025-09-07,14,10:00,123,17,14.7,4,2,30.13,0,2025-09-07 22:00:00,2025-09-08 04:00:00,E,University Ave (Queen's Park Station,0,0,0,0
2025-09-07,14,10:00,123,17,14.7,4,2,30.13,0,2025-09-07 22:00:00,2025-09-08 04:00:00,E,Elizabeth St,0,0,0,0
2025-09-07,14,10:00,123,17,14.7,4,2,30.13,0,2025-09-07 22:00:00,2025-09-08 04:00:00,E,Greenwood Ave,0,0,0,0
2025-09-07,14,10:00,123,17,14.7,4,2,30.13,0,2025-09-07 22:00:00,2025-09-08 04:00:00,E,Alton Ave,0,0,0,0
2025-09-07,14,10:00,123,17,14.7,4,2,30.13,0,2025-09-07 22:00:00,2025-09-08 04:00:00,E,Coxwell Ave,0,0,0,0
2025-09-07,14,10:00,123,17,14.7,4,2,30.13,0,2025-09-07 22:00:00,2025-09-08 04:00:00,E,Gerrard St East  at Coxwell Ave,0,0,0,0
2025-09-07,14,10:00,123,17,14.7,4,2,30.13,0,2025-09-07 22:00:00,2025-09-08 04:00:00,E,Coxwell Ave at Lower Gerrard St East,0,0,0,0
2025-09-07,14,10:00,123,17,14.7,4,2,30.13,0,2025-09-07 22:00:00,2025-09-08 04:00:00,E,Ashdale Ave,0,0,0,0
2025-09-07,14,10:00,123,17,14.7,4,2,30.13,0,2025-09-07 22:00:00,2025-09-08 04:00:00,E,Howard Park Ave at Indian Rd,0,0,0,0
2025-09-07,14,10:00,123,17,14.7,4,2,30.13,0,2025-09-07 22:00:00,2025-09-08 04:00:00,E,Dundas St West at Howard Park Ave,0,0,0,0
2025-09-07,14,10:00,123,17,14.7,4,2,30.13,0,2025-09-07 22:00:00,2025-09-08 04:00:00,E,Main St at Gerrard St East,0,0,0,0
2025-09-07,14,10:00,123,17,14.7,4,2,30.13,0,2025-09-07 22:00:00,2025-09-08 04:00:00,E,Main St,0,0,0,0
2025-09-07,14,10:00,123,17,14.7,4,2,30.13,0,2025-09-07 22:00:00,2025-09-08 04:00:00,E,Main St at Danforth Ave,0,0,0,0
2025-09-07,14,10:00,123,17,14.7,4,2,30.13,0,2025-09-07 22:00:00,2025-09-08 04:00:00,E,Howard Park Ave at Parkside Dr,0,0,0,0
2025-09-07,14,10:00,123,17,14.7,4,2,30.13,0,2025-09-07 22:00:00,2025-09-08 04:00:00,W,Woodfield Rd,1,1,3,1
2025-09-07,14,10:00,123,17,14.7,4,2,30.13,0,2025-09-07 22:00:00,2025-09-08 04:00:00,W,Coxwell Ave at Gerrard St East,1,1,3,1
2025-09-07,14,10:00,123,17,14.7,4,2,30.13,0,2025-09-07 22:00:00,2025-09-08 04:00:00,W,Euclid Ave,0,0,0,0
2025-09-07,14,10:00,123,17,14.7,4,2,30.13,0,2025-09-07 22:00:00,2025-09-08 04:00:00,W,Bowmore Rd,1,1,2,1
2025-09-07,14,10:00,123,17,14.7,4,2,30.13,0,2025-09-07 22:00:00,2025-09-08 04:00:00,W,Bay St,2,1,5,1
2025-09-07,14,10:00,123,17,14.7,4,2,30.13,0,2025-09-07 22:00:00,2025-09-08 04:00:00,W,Lansdowne Ave,0,0,0,0
2025-09-07,14,10:00,123,17,14.7,4,2,30.13,0,2025-09-07 22:00:00,2025-09-08 04:00:00,W,Indian Rd,2,2,1,0
2025-09-07,14,10:00,123,17,14.7,4,2,30.13,0,2025-09-07 22:00:00,2025-09-08 04:00:00,W,Grace St,0,0,0,0
2025-09-07,14,10:00,123,17,14.7,4,2,30.13,0,2025-09-07 22:00:00,2025-09-08 04:00:00,W,Dufferin St,2,0,6,1
2025-09-07,14,10:00,123,17,14.7,4,2,30.13,0,2025-09-07 22:00:00,2025-09-08 04:00:00,W,Gerrard St East at Beaton Ave,1,1,3,1
2025-09-07,14,10:00,123,17,14.7,4,2,30.13,0,2025-09-07 22:00:00,2025-09-08 04:00:00,W,Bathurst St,0,0,0,0
2025-09-07,14,10:00,123,17,14.7,4,2,30.13,0,2025-09-07 22:00:00,2025-09-08 04:00:00,W,Yonge St - College Station,0,0,0,0
2025-09-07,14,10:00,123,17,14.7,4,2,30.13,0,2025-09-07 22:00:00,2025-09-08 04:00:00,W,Dundas St West at Sterling Rd,0,0,0,0
2025-09-07,14,10:00,123,17,14.7,4,2,30.13,0,2025-09-07 22:00:00,2025-09-08 04:00:00,W,Brock Ave,0,0,0,0
2025-09-07,14,10:00,123,17,14.7,4,2,30.13,0,2025-09-07 22:00:00,2025-09-08 04:00:00,W,Sackville St,1,0,7,2
2025-09-07,14,10:00,123,17,14.7,4,2,30.13,0,2025-09-07 22:00:00,2025-09-08 04:00:00,W,Carlaw Ave,0,0,0,0
2025-09-07,14,10:00,123,17,14.7,4,2,30.13,0,2025-09-07 22:00:00,2025-09-08 04:00:00,W,Borden St,0,0,0,0
2025-09-07,14,10:00,123,17,14.7,4,2,30.13,0,2025-09-07 22:00:00,2025-09-08 04:00:00,W,Dundas St West at Sorauren Ave,2,2,1,0
2025-09-07,14,10:00,123,17,14.7,4,2,30.13,0,2025-09-07 22:00:00,2025-09-08 04:00:00,W,Crawford St,0,0,0,0
2025-09-07,14,10:00,123,17,14.7,4,2,30.13,0,2025-09-07 22:00:00,2025-09-08 04:00:00,W,Pape Ave,0,0,0,0
2025-09-07,14,10:00,123,17,14.7,4,2,30.13,0,2025-09-07 22:00:00,2025-09-08 04:00:00,W,Spadina Ave,0,0,0,0
2025-09-07,14,10:00,123,17,14.7,4,2,30.13,0,2025-09-07 22:00:00,2025-09-08 04:00:00,W,River St,1,1,8,1
2025-09-07,14,10:00,123,17,14.7,4,2,30.13,0,2025-09-07 22:00:00,2025-09-08 04:00:00,W,Marjory Ave,0,0,0,0
2025-09-07,14,10:00,123,17,14.7,4,2,30.13,0,2025-09-07 22:00:00,2025-09-08 04:00:00,W,Kingsmount Park Rd,0,0,0,0
2025-09-07,14,10:00,123,17,14.7,4,2,30.13,0,2025-09-07 22:00:00,2025-09-08 04:00:00,W,Church St,0,0,0,0
2025-09-07,14,10:00,123,17,14.7,4,2,30.13,0,2025-09-07 22:00:00,2025-09-08 04:00:00,W,Ossington Ave,0,0,0,0
2025-09-07,14,10:00,123,17,14.7,4,2,30.13,0,2025-09-07 22:00:00,2025-09-08 04:00:00,W,Woodbine Ave,0,0,0,0
2025-09-07,14,10:00,123,17,14.7,4,2,30.13,0,2025-09-07 22:00:00,2025-09-08 04:00:00,W,Jones Ave,0,0,0,0
2025-09-07,14,10:00,123,17,14.7,4,2,30.13,0,2025-09-07 22:00:00,2025-09-08 04:00:00,W,Golfview Ave,0,0,0,0
2025-09-07,14,10:00,123,17,14.7,4,2,30.13,0,2025-09-07 22:00:00,2025-09-08 04:00:00,W,Leslie St,0,0,0,0
2025-09-07,14,10:00,123,17,14.7,4,2,30.13,0,2025-09-07 22:00:00,2025-09-08 04:00:00,W,St Matthews Rd,0,0,0,0
2025-09-07,14,10:00,123,17,14.7,4,2,30.13,0,2025-09-07 22:00:00,2025-09-08 04:00:00,W,Jarvis St,0,0,0,0
2025-09-07,14,10:00,123,17,14.7,4,2,30.13,0,2025-09-07 22:00:00,2025-09-08 04:00:00,W,Sherbourne St,0,0,0,0
2025-09-07,14,10:00,123,17,14.7,4,2,30.13,0,2025-09-07 22:00:00,2025-09-08 04:00:00,W,St George St,0,0,0,0
2025-09-07,14,10:00,123,17,14.7,4,2,30.13,0,2025-09-07 22:00:00,2025-09-08 04:00:00,W,Dovercourt Rd,0,0,0,0
2025-09-07,14,10:00,123,17,14.7,4,2,30.13,0,2025-09-07 22:00:00,2025-09-08 04:00:00,W,Glenmount Park Rd,0,0,0,0
2025-09-07,14,10:00,123,17,14.7,4,2,30.13,0,2025-09-07 22:00:00,2025-09-08 04:00:00,W,Prust Ave,0,0,0,0
2025-09-07,14,10:00,123,17,14.7,4,2,30.13,0,2025-09-07 22:00:00,2025-09-08 04:00:00,W,Main Street Station at Bay 7,2,1,4,1
2025-09-07,14,10:00,123,17,14.7,4,2,30.13,0,2025-09-07 22:00:00,2025-09-08 04:00:00,W,Norwood Rd,0,0,0,0
2025-09-07,14,10:00,123,17,14.7,4,2,30.13,0,2025-09-07 22:00:00,2025-09-08 04:00:00,W,McCaul St,0,0,0,0
2025-09-07,14,10:00,123,17,14.7,4,2,30.13,0,2025-09-07 22:00:00,2025-09-08 04:00:00,W,Broadview Ave,0,0,0,0
2025-09-07,14,10:00,123,17,14.7,4,2,30.13,0,2025-09-07 22:00:00,2025-09-08 04:00:00,W,Ontario St,0,0,0,0
2025-09-07,14,10:00,123,17,14.7,4,2,30.13,0,2025-09-07 22:00:00,2025-09-08 04:00:00,W,Rusholme Park Cres,0,0,0,0
2025-09-07,14,10:00,123,17,14.7,4,2,30.13,0,2025-09-07 22:00:00,2025-09-08 04:00:00,W,Havelock St,0,0,0,0
2025-09-07,14,10:00,123,17,14.7,4,2,30.13,0,2025-09-07 22:00:00,2025-09-08 04:00:00,W,High Park Loop,0,0,0,0
2025-09-07,14,10:00,123,17,14.7,4,2,30.13,0,2025-09-07 22:00:00,2025-09-08 04:00:00,W,Queens Park (Queen's Park Station),0,0,0,0
2025-09-07,14,10:00,123,17,14.7,4,2,30.13,0,2025-09-07 22:00:00,2025-09-08 04:00:00,W,Roncesvalles Ave,1,2,1,0
2025-09-07,14,10:00,123,17,14.7,4,2,30.13,0,2025-09-07 22:00:00,2025-09-08 04:00:00,W,De Grassi St,0,0,0,0
2025-09-07,14,10:00,123,17,14.7,4,2,30.13,0,2025-09-07 22:00:00,2025-09-08 04:00:00,W,Parliament St at Carlton St,0,0,0,0
2025-09-07,14,10:00,123,17,14.7,4,2,30.13,0,2025-09-07 22:00:00,2025-09-08 04:00:00,W,Parkside Dr East Side,0,0,0,0
2025-09-07,14,10:00,123,17,14.7,4,2,30.13,0,2025-09-07 22:00:00,2025-09-08 04:00:00,W,Dundas St West,1,2,1,0
2025-09-07,14,10:00,123,17,14.7,4,2,30.13,0,2025-09-07 22:00:00,2025-09-08 04:00:00,W,Howard Park Ave at Roncesvalles Ave,0,0,0,0
2025-09-07,14,10:00,123,17,14.7,4,2,30.13,0,2025-09-07 22:00:00,2025-09-08 04:00:00,W,Parliament St,0,0,0,0
2025-09-07,14,10:00,123,17,14.7,4,2,30.13,0,2025-09-07 22:00:00,2025-09-08 04:00:00,W,Parliament St at Gerrard St East,0,0,0,0
2025-09-07,14,10:00,123,17,14.7,4,2,30.13,0,2025-09-07 22:00:00,2025-09-08 04:00:00,W,Sumach St,0,0,0,0
2025-09-07,14,10:00,123,17,14.7,4,2,30.13,0,2025-09-07 22:00:00,2025-09-08 04:00:00,W,Blackburn St,0,0,0,0
2025-09-07,14,10:00,123,17,14.7,4,2,30.13,0,2025-09-07 22:00:00,2025-09-08 04:00:00,W,Logan Ave,0,0,0,0
2025-09-07,14,10:00,123,17,14.7,4,2,30.13,0,2025-09-07 22:00:00,2025-09-08 04:00:00,W,Augusta Ave,0,0,0,0
2025-09-07,14,10:00,123,17,14.7,4,2,30.13,0,2025-09-07 22:00:00,2025-09-08 04:00:00,W,Beverley St,0,0,0,0
2025-09-07,14,10:00,123,17,14.7,4,2,30.13,0,2025-09-07 22:00:00,2025-09-08 04:00:00,W,University Ave (Queen's Park Station,0,0,0,0
2025-09-07,14,10:00,123,17,14.7,4,2,30.13,0,2025-09-07 22:00:00,2025-09-08 04:00:00,W,Elizabeth St,0,0,0,0
2025-09-07,14,10:00,123,17,14.7,4,2,30.13,0,2025-09-07 22:00:00,2025-09-08 04:00:00,W,Greenwood Ave,0,0,0,0
2025-09-07,14,10:00,123,17,14.7,4,2,30.13,0,2025-09-07 22:00:00,2025-09-08 04:00:00,W,Alton Ave,0,0,0,0
2025-09-07,14,10:00,123,17,14.7,4,2,30.13,0,2025-09-07 22:00:00,2025-09-08 04:00:00,W,Coxwell Ave,0,0,0,0
2025-09-07,14,10:00,123,17,14.7,4,2,30.13,0,2025-09-07 22:00:00,2025-09-08 04:00:00,W,Gerrard St East  at Coxwell Ave,0,0,0,0
2025-09-07,14,10:00,123,17,14.7,4,2,30.13,0,2025-09-07 22:00:00,2025-09-08 04:00:00,W,Coxwell Ave at Lower Gerrard St East,0,0,0,0
2025-09-07,14,10:00,123,17,14.7,4,2,30.13,0,2025-09-07 22:00:00,2025-09-08 04:00:00,W,Ashdale Ave,0,0,0,0
2025-09-07,14,10:00,123,17,14.7,4,2,30.13,0,2025-09-07 22:00:00,2025-09-08 04:00:00,W,Howard Park Ave at Indian Rd,0,0,0,0
2025-09-07,14,10:00,123,17,14.7,4,2,30.13,0,2025-09-07 22:00:00,2025-09-08 04:00:00,W,Dundas St West at Howard Park Ave,0,0,0,0
2025-09-07,14,10:00,123,17,14.7,4,2,30.13,0,2025-09-07 22:00:00,2025-09-08 04:00:00,W,Main St at Gerrard St East,0,0,0,0
2025-09-07,14,10:00,123,17,14.7,4,2,30.13,0,2025-09-07 22:00:00,2025-09-08 04:00:00,W,Main St,0,0,0,0
2025-09-07,14,10:00,123,17,14.7,4,2,30.13,0,2025-09-07 22:00:00,2025-09-08 04:00:00,W,Main St at Danforth Ave,0,0,0,0
2025-09-07,14,10:00,123,17,14.7,4,2,30.13,0,2025-09-07 22:00:00,2025-09-08 04:00:00,W,Howard Park Ave at Parkside Dr,0,0,0,0
2025-09-14,14,10:00,123,17,14.7,4,2,30.13,0,2025-09-14 22:00:00,2025-09-15 04:00:00,E,Woodfield Rd,3,3,3,0
2025-09-14,14,10:00,123,17,14.7,4,2,30.13,0,2025-09-14 22:00:00,2025-09-15 04:00:00,E,Coxwell Ave at Gerrard St East,0,0,0,0
2025-09-14,14,10:00,123,17,14.7,4,2,30.13,0,2025-09-14 22:00:00,2025-09-15 04:00:00,E,Euclid Ave,0,0,0,0
2025-09-14,14,10:00,123,17,14.7,4,2,30.13,0,2025-09-14 22:00:00,2025-09-15 04:00:00,E,Bowmore Rd,3,3,2,0
2025-09-14,14,10:00,123,17,14.7,4,2,30.13,0,2025-09-14 22:00:00,2025-09-15 04:00:00,E,Bay St,2,2,4,0
2025-09-14,14,10:00,123,17,14.7,4,2,30.13,0,2025-09-14 22:00:00,2025-09-15 04:00:00,E,Lansdowne Ave,4,3,5,0
2025-09-14,14,10:00,123,17,14.7,4,2,30.13,0,2025-09-14 22:00:00,2025-09-15 04:00:00,E,Indian Rd,0,2,4,0
2025-09-14,14,10:00,123,17,14.7,4,2,30.13,0,2025-09-14 22:00:00,2025-09-15 04:00:00,E,Grace St,2,3,7,0
2025-09-14,14,10:00,123,17,14.7,4,2,30.13,0,2025-09-14 22:00:00,2025-09-15 04:00:00,E,Dufferin St,6,3,3,0
2025-09-14,14,10:00,123,17,14.7,4,2,30.13,0,2025-09-14 22:00:00,2025-09-15 04:00:00,E,Gerrard St East at Beaton Ave,3,3,3,0
2025-09-14,14,10:00,123,17,14.7,4,2,30.13,0,2025-09-14 22:00:00,2025-09-15 04:00:00,E,Bathurst St,2,2,5,0
2025-09-14,14,10:00,123,17,14.7,4,2,30.13,0,2025-09-14 22:00:00,2025-09-15 04:00:00,E,Yonge St - College Station,1,2,4,0
2025-09-14,14,10:00,123,17,14.7,4,2,30.13,0,2025-09-14 22:00:00,2025-09-15 04:00:00,E,Dundas St West at Sterling Rd,0,0,2,0
2025-09-14,14,10:00,123,17,14.7,4,2,30.13,0,2025-09-14 22:00:00,2025-09-15 04:00:00,E,Brock Ave,3,3,7,0
2025-09-14,14,10:00,123,17,14.7,4,2,30.13,0,2025-09-14 22:00:00,2025-09-15 04:00:00,E,Sackville St,2,1,3,0
2025-09-14,14,10:00,123,17,14.7,4,2,30.13,0,2025-09-14 22:00:00,2025-09-15 04:00:00,E,Carlaw Ave,2,2,4,0
2025-09-14,14,10:00,123,17,14.7,4,2,30.13,0,2025-09-14 22:00:00,2025-09-15 04:00:00,E,Borden St,2,2,5,0
2025-09-14,14,10:00,123,17,14.7,4,2,30.13,0,2025-09-14 22:00:00,2025-09-15 04:00:00,E,Dundas St West at Sorauren Ave,0,0,2,0
2025-09-14,14,10:00,123,17,14.7,4,2,30.13,0,2025-09-14 22:00:00,2025-09-15 04:00:00,E,Crawford St,1,3,6,0
2025-09-14,14,10:00,123,17,14.7,4,2,30.13,0,2025-09-14 22:00:00,2025-09-15 04:00:00,E,Pape Ave,2,3,4,0
2025-09-14,14,10:00,123,17,14.7,4,2,30.13,0,2025-09-14 22:00:00,2025-09-15 04:00:00,E,Spadina Ave,2,2,5,0
2025-09-14,14,10:00,123,17,14.7,4,2,30.13,0,2025-09-14 22:00:00,2025-09-15 04:00:00,E,River St,1,1,2,0
2025-09-14,14,10:00,123,17,14.7,4,2,30.13,0,2025-09-14 22:00:00,2025-09-15 04:00:00,E,Marjory Ave,3,3,4,0
2025-09-14,14,10:00,123,17,14.7,4,2,30.13,0,2025-09-14 22:00:00,2025-09-15 04:00:00,E,Kingsmount Park Rd,3,3,2,0
2025-09-14,14,10:00,123,17,14.7,4,2,30.13,0,2025-09-14 22:00:00,2025-09-15 04:00:00,E,Church St,0,0,0,0
2025-09-14,14,10:00,123,17,14.7,4,2,30.13,0,2025-09-14 22:00:00,2025-09-15 04:00:00,E,Ossington Ave,2,3,9,0
2025-09-14,14,10:00,123,17,14.7,4,2,30.13,0,2025-09-14 22:00:00,2025-09-15 04:00:00,E,Woodbine Ave,3,3,2,0
2025-09-14,14,10:00,123,17,14.7,4,2,30.13,0,2025-09-14 22:00:00,2025-09-15 04:00:00,E,Jones Ave,3,3,4,0
2025-09-14,14,10:00,123,17,14.7,4,2,30.13,0,2025-09-14 22:00:00,2025-09-15 04:00:00,E,Golfview Ave,3,3,2,0
2025-09-14,14,10:00,123,17,14.7,4,2,30.13,0,2025-09-14 22:00:00,2025-09-15 04:00:00,E,Leslie St,3,3,4,0
2025-09-14,14,10:00,123,17,14.7,4,2,30.13,0,2025-09-14 22:00:00,2025-09-15 04:00:00,E,St Matthews Rd,2,1,2,0
2025-09-14,14,10:00,123,17,14.7,4,2,30.13,0,2025-09-14 22:00:00,2025-09-15 04:00:00,E,Jarvis St,0,0,2,0
2025-09-14,14,10:00,123,17,14.7,4,2,30.13,0,2025-09-14 22:00:00,2025-09-15 04:00:00,E,Sherbourne St,0,0,2,0
2025-09-14,14,10:00,123,17,14.7,4,2,30.13,0,2025-09-14 22:00:00,2025-09-15 04:00:00,E,St George St,2,2,5,0
2025-09-14,14,10:00,123,17,14.7,4,2,30.13,0,2025-09-14 22:00:00,2025-09-15 04:00:00,E,Dovercourt Rd,2,2,9,0
2025-09-14,14,10:00,123,17,14.7,4,2,30.13,0,2025-09-14 22:00:00,2025-09-15 04:00:00,E,Glenmount Park Rd,3,3,2,0
2025-09-14,14,10:00,123,17,14.7,4,2,30.13,0,2025-09-14 22:00:00,2025-09-15 04:00:00,E,Prust Ave,3,3,4,0
2025-09-14,14,10:00,123,17,14.7,4,2,30.13,0,2025-09-14 22:00:00,2025-09-15 04:00:00,E,Main Street Station at Bay 7,0,0,0,0
2025-09-14,14,10:00,123,17,14.7,4,2,30.13,0,2025-09-14 22:00:00,2025-09-15 04:00:00,E,Norwood Rd,3,3,2,0
2025-09-14,14,10:00,123,17,14.7,4,2,30.13,0,2025-09-14 22:00:00,2025-09-15 04:00:00,E,McCaul St,2,2,5,0
2025-09-14,14,10:00,123,17,14.7,4,2,30.13,0,2025-09-14 22:00:00,2025-09-15 04:00:00,E,Broadview Ave,1,1,3,0
2025-09-14,14,10:00,123,17,14.7,4,2,30.13,0,2025-09-14 22:00:00,2025-09-15 04:00:00,E,Ontario St,1,1,3,0
2025-09-14,14,10:00,123,17,14.7,4,2,30.13,0,2025-09-14 22:00:00,2025-09-15 04:00:00,E,Rusholme Park Cres,0,0,3,0
2025-09-14,14,10:00,123,17,14.7,4,2,30.13,0,2025-09-14 22:00:00,2025-09-15 04:00:00,E,Havelock St,3,3,3,0
2025-09-14,14,10:00,123,17,14.7,4,2,30.13,0,2025-09-14 22:00:00,2025-09-15 04:00:00,E,High Park Loop,0,6,7,0
2025-09-14,14,10:00,123,17,14.7,4,2,30.13,0,2025-09-14 22:00:00,2025-09-15 04:00:00,E,Queens Park (Queen's Park Station),3,2,5,0
2025-09-14,14,10:00,123,17,14.7,4,2,30.13,0,2025-09-14 22:00:00,2025-09-15 04:00:00,E,Roncesvalles Ave,0,0,4,0
2025-09-14,14,10:00,123,17,14.7,4,2,30.13,0,2025-09-14 22:00:00,2025-09-15 04:00:00,E,De Grassi St,2,1,4,0
2025-09-14,14,10:00,123,17,14.7,4,2,30.13,0,2025-09-14 22:00:00,2025-09-15 04:00:00,E,Parliament St at Carlton St,1,1,2,0
2025-09-14,14,10:00,123,17,14.7,4,2,30.13,0,2025-09-14 22:00:00,2025-09-15 04:00:00,E,Parkside Dr East Side,0,3,4,0
2025-09-14,14,10:00,123,17,14.7,4,2,30.13,0,2025-09-14 22:00:00,2025-09-15 04:00:00,E,Dundas St West,1,1,2,0
2025-09-14,14,10:00,123,17,14.7,4,2,30.13,0,2025-09-14 22:00:00,2025-09-15 04:00:00,E,Howard Park Ave at Roncesvalles Ave,0,0,0,0
2025-09-14,14,10:00,123,17,14.7,4,2,30.13,0,2025-09-14 22:00:00,2025-09-15 04:00:00,E,Parliament St,0,0,0,0
2025-09-14,14,10:00,123,17,14.7,4,2,30.13,0,2025-09-14 22:00:00,2025-09-15 04:00:00,E,Parliament St at Gerrard St East,0,0,0,0
2025-09-14,14,10:00,123,17,14.7,4,2,30.13,0,2025-09-14 22:00:00,2025-09-15 04:00:00,E,Sumach St,0,0,0,0
2025-09-14,14,10:00,123,17,14.7,4,2,30.13,0,2025-09-14 22:00:00,2025-09-15 04:00:00,E,Blackburn St,0,0,0,0
2025-09-14,14,10:00,123,17,14.7,4,2,30.13,0,2025-09-14 22:00:00,2025-09-15 04:00:00,E,Logan Ave,2,2,5,0
2025-09-14,14,10:00,123,17,14.7,4,2,30.13,0,2025-09-14 22:00:00,2025-09-15 04:00:00,E,Augusta Ave,0,0,0,0
2025-09-14,14,10:00,123,17,14.7,4,2,30.13,0,2025-09-14 22:00:00,2025-09-15 04:00:00,E,Beverley St,0,0,0,0
2025-09-14,14,10:00,123,17,14.7,4,2,30.13,0,2025-09-14 22:00:00,2025-09-15 04:00:00,E,University Ave (Queen's Park Station,0,0,0,0
2025-09-14,14,10:00,123,17,14.7,4,2,30.13,0,2025-09-14 22:00:00,2025-09-15 04:00:00,E,Elizabeth St,0,0,0,0
2025-09-14,14,10:00,123,17,14.7,4,2,30.13,0,2025-09-14 22:00:00,2025-09-15 04:00:00,E,Greenwood Ave,0,0,0,0
2025-09-14,14,10:00,123,17,14.7,4,2,30.13,0,2025-09-14 22:00:00,2025-09-15 04:00:00,E,Alton Ave,0,0,0,0
2025-09-14,14,10:00,123,17,14.7,4,2,30.13,0,2025-09-14 22:00:00,2025-09-15 04:00:00,E,Coxwell Ave,0,0,0,0
2025-09-14,14,10:00,123,17,14.7,4,2,30.13,0,2025-09-14 22:00:00,2025-09-15 04:00:00,E,Gerrard St East  at Coxwell Ave,0,0,0,0
2025-09-14,14,10:00,123,17,14.7,4,2,30.13,0,2025-09-14 22:00:00,2025-09-15 04:00:00,E,Coxwell Ave at Lower Gerrard St East,0,0,0,0
2025-09-14,14,10:00,123,17,14.7,4,2,30.13,0,2025-09-14 22:00:00,2025-09-15 04:00:00,E,Ashdale Ave,0,0,0,0
2025-09-14,14,10:00,123,17,14.7,4,2,30.13,0,2025-09-14 22:00:00,2025-09-15 04:00:00,E,Howard Park Ave at Indian Rd,0,0,0,0
2025-09-14,14,10:00,123,17,14.7,4,2,30.13,0,2025-09-14 22:00:00,2025-09-15 04:00:00,E,Dundas St West at Howard Park Ave,0,0,0,0
2025-09-14,14,10:00,123,17,14.7,4,2,30.13,0,2025-09-14 22:00:00,2025-09-15 04:00:00,E,Main St at Gerrard St East,0,0,0,0
2025-09-14,14,10:00,123,17,14.7,4,2,30.13,0,2025-09-14 22:00:00,2025-09-15 04:00:00,E,Main St,0,0,0,0
2025-09-14,14,10:00,123,17,14.7,4,2,30.13,0,2025-09-14 22:00:00,2025-09-15 04:00:00,E,Main St at Danforth Ave,0,0,0,0
2025-09-14,14,10:00,123,17,14.7,4,2,30.13,0,2025-09-14 22:00:00,2025-09-15 04:00:00,E,Howard Park Ave at Parkside Dr,0,0,0,0
2025-09-14,14,10:00,123,17,14.7,4,2,30.13,0,2025-09-14 22:00:00,2025-09-15 04:00:00,W,Woodfield Rd,1,1,3,0
2025-09-14,14,10:00,123,17,14.7,4,2,30.13,0,2025-09-14 22:00:00,2025-09-15 04:00:00,W,Coxwell Ave at Gerrard St East,0,0,3,0
2025-09-14,14,10:00,123,17,14.7,4,2,30.13,0,2025-09-14 22:00:00,2025-09-15 04:00:00,W,Euclid Ave,0,0,0,0
2025-09-14,14,10:00,123,17,14.7,4,2,30.13,0,2025-09-14 22:00:00,2025-09-15 04:00:00,W,Bowmore Rd,0,1,2,0
2025-09-14,14,10:00,123,17,14.7,4,2,30.13,0,2025-09-14 22:00:00,2025-09-15 04:00:00,W,Bay St,1,1,3,0
2025-09-14,14,10:00,123,17,14.7,4,2,30.13,0,2025-09-14 22:00:00,2025-09-15 04:00:00,W,Lansdowne Ave,0,0,0,0
2025-09-14,14,10:00,123,17,14.7,4,2,30.13,0,2025-09-14 22:00:00,2025-09-15 04:00:00,W,Indian Rd,3,3,2,2
2025-09-14,14,10:00,123,17,14.7,4,2,30.13,0,2025-09-14 22:00:00,2025-09-15 04:00:00,W,Grace St,0,0,0,0
2025-09-14,14,10:00,123,17,14.7,4,2,30.13,0,2025-09-14 22:00:00,2025-09-15 04:00:00,W,Dufferin St,3,2,4,1
2025-09-14,14,10:00,123,17,14.7,4,2,30.13,0,2025-09-14 22:00:00,2025-09-15 04:00:00,W,Gerrard St East at Beaton Ave,0,1,2,0
2025-09-14,14,10:00,123,17,14.7,4,2,30.13,0,2025-09-14 22:00:00,2025-09-15 04:00:00,W,Bathurst St,0,0,0,0
2025-09-14,14,10:00,123,17,14.7,4,2,30.13,0,2025-09-14 22:00:00,2025-09-15 04:00:00,W,Yonge St - College Station,0,0,0,0
2025-09-14,14,10:00,123,17,14.7,4,2,30.13,0,2025-09-14 22:00:00,2025-09-15 04:00:00,W,Dundas St West at Sterling Rd,0,0,0,0
2025-09-14,14,10:00,123,17,14.7,4,2,30.13,0,2025-09-14 22:00:00,2025-09-15 04:00:00,W,Brock Ave,0,0,0,0
2025-09-14,14,10:00,123,17,14.7,4,2,30.13,0,2025-09-14 22:00:00,2025-09-15 04:00:00,W,Sackville St,3,2,4,0
2025-09-14,14,10:00,123,17,14.7,4,2,30.13,0,2025-09-14 22:00:00,2025-09-15 04:00:00,W,Carlaw Ave,0,0,0,0
2025-09-14,14,10:00,123,17,14.7,4,2,30.13,0,2025-09-14 22:00:00,2025-09-15 04:00:00,W,Borden St,0,0,0,0
2025-09-14,14,10:00,123,17,14.7,4,2,30.13,0,2025-09-14 22:00:00,2025-09-15 04:00:00,W,Dundas St West at Sorauren Ave,1,3,2,2
2025-09-14,14,10:00,123,17,14.7,4,2,30.13,0,2025-09-14 22:00:00,2025-09-15 04:00:00,W,Crawford St,0,0,0,0
2025-09-14,14,10:00,123,17,14.7,4,2,30.13,0,2025-09-14 22:00:00,2025-09-15 04:00:00,W,Pape Ave,0,0,0,0
2025-09-14,14,10:00,123,17,14.7,4,2,30.13,0,2025-09-14 22:00:00,2025-09-15 04:00:00,W,Spadina Ave,2,1,4,0
2025-09-14,14,10:00,123,17,14.7,4,2,30.13,0,2025-09-14 22:00:00,2025-09-15 04:00:00,W,River St,3,2,5,0
2025-09-14,14,10:00,123,17,14.7,4,2,30.13,0,2025-09-14 22:00:00,2025-09-15 04:00:00,W,Marjory Ave,0,0,0,0
2025-09-14,14,10:00,123,17,14.7,4,2,30.13,0,2025-09-14 22:00:00,2025-09-15 04:00:00,W,Kingsmount Park Rd,0,0,0,0
2025-09-14,14,10:00,123,17,14.7,4,2,30.13,0,2025-09-14 22:00:00,2025-09-15 04:00:00,W,Church St,0,0,0,0
2025-09-14,14,10:00,123,17,14.7,4,2,30.13,0,2025-09-14 22:00:00,2025-09-15 04:00:00,W,Ossington Ave,0,0,0,0
2025-09-14,14,10:00,123,17,14.7,4,2,30.13,0,2025-09-14 22:00:00,2025-09-15 04:00:00,W,Woodbine Ave,0,0,0,0
2025-09-14,14,10:00,123,17,14.7,4,2,30.13,0,2025-09-14 22:00:00,2025-09-15 04:00:00,W,Jones Ave,0,0,0,0
2025-09-14,14,10:00,123,17,14.7,4,2,30.13,0,2025-09-14 22:00:00,2025-09-15 04:00:00,W,Golfview Ave,0,0,0,0
2025-09-14,14,10:00,123,17,14.7,4,2,30.13,0,2025-09-14 22:00:00,2025-09-15 04:00:00,W,Leslie St,0,0,0,0
2025-09-14,14,10:00,123,17,14.7,4,2,30.13,0,2025-09-14 22:00:00,2025-09-15 04:00:00,W,St Matthews Rd,0,0,0,0
2025-09-14,14,10:00,123,17,14.7,4,2,30.13,0,2025-09-14 22:00:00,2025-09-15 04:00:00,W,Jarvis St,0,0,0,0
2025-09-14,14,10:00,123,17,14.7,4,2,30.13,0,2025-09-14 22:00:00,2025-09-15 04:00:00,W,Sherbourne St,0,0,0,0
2025-09-14,14,10:00,123,17,14.7,4,2,30.13,0,2025-09-14 22:00:00,2025-09-15 04:00:00,W,St George St,0,0,0,0
2025-09-14,14,10:00,123,17,14.7,4,2,30.13,0,2025-09-14 22:00:00,2025-09-15 04:00:00,W,Dovercourt Rd,0,0,0,0
2025-09-14,14,10:00,123,17,14.7,4,2,30.13,0,2025-09-14 22:00:00,2025-09-15 04:00:00,W,Glenmount Park Rd,0,0,0,0
2025-09-14,14,10:00,123,17,14.7,4,2,30.13,0,2025-09-14 22:00:00,2025-09-15 04:00:00,W,Prust Ave,0,0,0,0
2025-09-14,14,10:00,123,17,14.7,4,2,30.13,0,2025-09-14 22:00:00,2025-09-15 04:00:00,W,Main Street Station at Bay 7,0,1,2,0
2025-09-14,14,10:00,123,17,14.7,4,2,30.13,0,2025-09-14 22:00:00,2025-09-15 04:00:00,W,Norwood Rd,0,0,0,0
2025-09-14,14,10:00,123,17,14.7,4,2,30.13,0,2025-09-14 22:00:00,2025-09-15 04:00:00,W,McCaul St,0,0,0,0
2025-09-14,14,10:00,123,17,14.7,4,2,30.13,0,2025-09-14 22:00:00,2025-09-15 04:00:00,W,Broadview Ave,0,0,0,0
2025-09-14,14,10:00,123,17,14.7,4,2,30.13,0,2025-09-14 22:00:00,2025-09-15 04:00:00,W,Ontario St,0,0,0,0
2025-09-14,14,10:00,123,17,14.7,4,2,30.13,0,2025-09-14 22:00:00,2025-09-15 04:00:00,W,Rusholme Park Cres,0,0,0,0
2025-09-14,14,10:00,123,17,14.7,4,2,30.13,0,2025-09-14 22:00:00,2025-09-15 04:00:00,W,Havelock St,0,0,0,0
2025-09-14,14,10:00,123,17,14.7,4,2,30.13,0,2025-09-14 22:00:00,2025-09-15 04:00:00,W,High Park Loop,0,0,0,0
2025-09-14,14,10:00,123,17,14.7,4,2,30.13,0,2025-09-14 22:00:00,2025-09-15 04:00:00,W,Queens Park (Queen's Park Station),0,0,0,0
2025-09-14,14,10:00,123,17,14.7,4,2,30.13,0,2025-09-14 22:00:00,2025-09-15 04:00:00,W,Roncesvalles Ave,1,3,2,2
2025-09-14,14,10:00,123,17,14.7,4,2,30.13,0,2025-09-14 22:00:00,2025-09-15 04:00:00,W,De Grassi St,0,0,0,0
2025-09-14,14,10:00,123,17,14.7,4,2,30.13,0,2025-09-14 22:00:00,2025-09-15 04:00:00,W,Parliament St at Carlton St,0,0,0,0
2025-09-14,14,10:00,123,17,14.7,4,2,30.13,0,2025-09-14 22:00:00,2025-09-15 04:00:00,W,Parkside Dr East Side,0,0,0,0
2025-09-14,14,10:00,123,17,14.7,4,2,30.13,0,2025-09-14 22:00:00,2025-09-15 04:00:00,W,Dundas St West,1,3,2,2
2025-09-14,14,10:00,123,17,14.7,4,2,30.13,0,2025-09-14 22:00:00,2025-09-15 04:00:00,W,Howard Park Ave at Roncesvalles Ave,0,0,0,0
2025-09-14,14,10:00,123,17,14.7,4,2,30.13,0,2025-09-14 22:00:00,2025-09-15 04:00:00,W,Parliament St,0,0,0,0
2025-09-14,14,10:00,123,17,14.7,4,2,30.13,0,2025-09-14 22:00:00,2025-09-15 04:00:00,W,Parliament St at Gerrard St East,0,0,0,0
2025-09-14,14,10:00,123,17,14.7,4,2,30.13,0,2025-09-14 22:00:00,2025-09-15 04:00:00,W,Sumach St,0,0,0,0
2025-09-14,14,10:00,123,17,14.7,4,2,30.13,0,2025-09-14 22:00:00,2025-09-15 04:00:00,W,Blackburn St,0,0,0,0
2025-09-14,14,10:00,123,17,14.7,4,2,30.13,0,2025-09-14 22:00:00,2025-09-15 04:00:00,W,Logan Ave,0,0,0,0
2025-09-14,14,10:00,123,17,14.7,4,2,30.13,0,2025-09-14 22:00:00,2025-09-15 04:00:00,W,Augusta Ave,0,0,0,0
2025-09-14,14,10:00,123,17,14.7,4,2,30.13,0,2025-09-14 22:00:00,2025-09-15 04:00:00,W,Beverley St,0,0,0,0
2025-09-14,14,10:00,123,17,14.7,4,2,30.13,0,2025-09-14 22:00:00,2025-09-15 04:00:00,W,University Ave (Queen's Park Station,0,0,0,0
2025-09-14,14,10:00,123,17,14.7,4,2,30.13,0,2025-09-14 22:00:00,2025-09-15 04:00:00,W,Elizabeth St,0,0,0,0
2025-09-14,14,10:00,123,17,14.7,4,2,30.13,0,2025-09-14 22:00:00,2025-09-15 04:00:00,W,Greenwood Ave,0,0,0,0
2025-09-14,14,10:00,123,17,14.7,4,2,30.13,0,2025-09-14 22:00:00,2025-09-15 04:00:00,W,Alton Ave,0,0,0,0
2025-09-14,14,10:00,123,17,14.7,4,2,30.13,0,2025-09-14 22:00:00,2025-09-15 04:00:00,W,Coxwell Ave,0,0,0,0
2025-09-14,14,10:00,123,17,14.7,4,2,30.13,0,2025-09-14 22:00:00,2025-09-15 04:00:00,W,Gerrard St East  at Coxwell Ave,0,0,0,0
2025-09-14,14,10:00,123,17,14.7,4,2,30.13,0,2025-09-14 22:00:00,2025-09-15 04:00:00,W,Coxwell Ave at Lower Gerrard St East,0,0,0,0
2025-09-14,14,10:00,123,17,14.7,4,2,30.13,0,2025-09-14 22:00:00,2025-09-15 04:00:00,W,Ashdale Ave,0,0,0,0
2025-09-14,14,10:00,123,17,14.7,4,2,30.13,0,2025-09-14 22:00:00,2025-09-15 04:00:00,W,Howard Park Ave at Indian Rd,0,0,0,0
2025-09-14,14,10:00,123,17,14.7,4,2,30.13,0,2025-09-14 22:00:00,2025-09-15 04:00:00,W,Dundas St West at Howard Park Ave,0,0,0,0
2025-09-14,14,10:00,123,17,14.7,4,2,30.13,0,2025-09-14 22:00:00,2025-09-15 04:00:00,W,Main St at Gerrard St East,0,0,0,0
2025-09-14,14,10:00,123,17,14.7,4,2,30.13,0,2025-09-14 22:00:00,2025-09-15 04:00:00,W,Main St,0,0,0,0
2025-09-14,14,10:00,123,17,14.7,4,2,30.13,0,2025-09-14 22:00:00,2025-09-15 04:00:00,W,Main St at Danforth Ave,0,0,0,0
2025-09-14,14,10:00,123,17,14.7,4,2,30.13,0,2025-09-14 22:00:00,2025-09-15 04:00:00,W,Howard Park Ave at Parkside Dr,0,0,0,0
2025-09-21,14,10:00,123,17,14.7,4,2,30.13,0,2025-09-21 22:00:00,2025-09-22 04:00:00,E,Woodfield Rd,5,4,6,0
2025-09-21,14,10:00,123,17,14.7,4,2,30.13,0,2025-09-21 22:00:00,2025-09-22 04:00:00,E,Coxwell Ave at Gerrard St East,0,0,0,0
2025-09-21,14,10:00,123,17,14.7,4,2,30.13,0,2025-09-21 22:00:00,2025-09-22 04:00:00,E,Euclid Ave,0,0,0,0
2025-09-21,14,10:00,123,17,14.7,4,2,30.13,0,2025-09-21 22:00:00,2025-09-22 04:00:00,E,Bowmore Rd,4,3,5,0
2025-09-21,14,10:00,123,17,14.7,4,2,30.13,0,2025-09-21 22:00:00,2025-09-22 04:00:00,E,Bay St,4,3,6,0
2025-09-21,14,10:00,123,17,14.7,4,2,30.13,0,2025-09-21 22:00:00,2025-09-22 04:00:00,E,Lansdowne Ave,6,5,8,0
2025-09-21,14,10:00,123,17,14.7,4,2,30.13,0,2025-09-21 22:00:00,2025-09-22 04:00:00,E,Indian Rd,1,2,2,0
2025-09-21,14,10:00,123,17,14.7,4,2,30.13,0,2025-09-21 22:00:00,2025-09-22 04:00:00,E,Grace St,2,3,7,0
2025-09-21,14,10:00,123,17,14.7,4,2,30.13,0,2025-09-21 22:00:00,2025-09-22 04:00:00,E,Dufferin St,6,4,5,0
2025-09-21,14,10:00,123,17,14.7,4,2,30.13,0,2025-09-21 22:00:00,2025-09-22 04:00:00,E,Gerrard St East at Beaton Ave,4,3,5,0
2025-09-21,14,10:00,123,17,14.7,4,2,30.13,0,2025-09-21 22:00:00,2025-09-22 04:00:00,E,Bathurst St,3,3,6,0
2025-09-21,14,10:00,123,17,14.7,4,2,30.13,0,2025-09-21 22:00:00,2025-09-22 04:00:00,E,Yonge St - College Station,4,4,6,0
2025-09-21,14,10:00,123,17,14.7,4,2,30.13,0,2025-09-21 22:00:00,2025-09-22 04:00:00,E,Dundas St West at Sterling Rd,1,2,3,0
2025-09-21,14,10:00,123,17,14.7,4,2,30.13,0,2025-09-21 22:00:00,2025-09-22 04:00:00,E,Brock Ave,5,4,7,0
2025-09-21,14,10:00,123,17,14.7,4,2,30.13,0,2025-09-21 22:00:00,2025-09-22 04:00:00,E,Sackville St,1,3,5,0
2025-09-21,14,10:00,123,17,14.7,4,2,30.13,0,2025-09-21 22:00:00,2025-09-22 04:00:00,E,Carlaw Ave,3,4,5,0
2025-09-21,14,10:00,123,17,14.7,4,2,30.13,0,2025-09-21 22:00:00,2025-09-22 04:00:00,E,Borden St,3,3,5,0
2025-09-21,14,10:00,123,17,14.7,4,2,30.13,0,2025-09-21 22:00:00,2025-09-22 04:00:00,E,Dundas St West at Sorauren Ave,1,2,3,0
2025-09-21,14,10:00,123,17,14.7,4,2,30.13,0,2025-09-21 22:00:00,2025-09-22 04:00:00,E,Crawford St,3,4,8,0
2025-09-21,14,10:00,123,17,14.7,4,2,30.13,0,2025-09-21 22:00:00,2025-09-22 04:00:00,E,Pape Ave,3,4,5,0
2025-09-21,14,10:00,123,17,14.7,4,2,30.13,0,2025-09-21 22:00:00,2025-09-22 04:00:00,E,Spadina Ave,3,3,7,0
2025-09-21,14,10:00,123,17,14.7,4,2,30.13,0,2025-09-21 22:00:00,2025-09-22 04:00:00,E,River St,2,3,5,0
2025-09-21,14,10:00,123,17,14.7,4,2,30.13,0,2025-09-21 22:00:00,2025-09-22 04:00:00,E,Marjory Ave,5,3,5,0
2025-09-21,14,10:00,123,17,14.7,4,2,30.13,0,2025-09-21 22:00:00,2025-09-22 04:00:00,E,Kingsmount Park Rd,4,3,5,0
2025-09-21,14,10:00,123,17,14.7,4,2,30.13,0,2025-09-21 22:00:00,2025-09-22 04:00:00,E,Church St,0,0,0,0
2025-09-21,14,10:00,123,17,14.7,4,2,30.13,0,2025-09-21 22:00:00,2025-09-22 04:00:00,E,Ossington Ave,5,3,7,0
2025-09-21,14,10:00,123,17,14.7,4,2,30.13,0,2025-09-21 22:00:00,2025-09-22 04:00:00,E,Woodbine Ave,4,3,5,0
2025-09-21,14,10:00,123,17,14.7,4,2,30.13,0,2025-09-21 22:00:00,2025-09-22 04:00:00,E,Jones Ave,5,5,5,0
2025-09-21,14,10:00,123,17,14.7,4,2,30.13,0,2025-09-21 22:00:00,2025-09-22 04:00:00,E,Golfview Ave,4,3,5,0
2025-09-21,14,10:00,123,17,14.7,4,2,30.13,0,2025-09-21 22:00:00,2025-09-22 04:00:00,E,Leslie St,6,5,5,0
2025-09-21,14,10:00,123,17,14.7,4,2,30.13,0,2025-09-21 22:00:00,2025-09-22 04:00:00,E,St Matthews Rd,2,3,5,0
2025-09-21,14,10:00,123,17,14.7,4,2,30.13,0,2025-09-21 22:00:00,2025-09-22 04:00:00,E,Jarvis St,1,2,3,0
2025-09-21,14,10:00,123,17,14.7,4,2,30.13,0,2025-09-21 22:00:00,2025-09-22 04:00:00,E,Sherbourne St,1,2,3,0
2025-09-21,14,10:00,123,17,14.7,4,2,30.13,0,2025-09-21 22:00:00,2025-09-22 04:00:00,E,St George St,2,2,5,0
2025-09-21,14,10:00,123,17,14.7,4,2,30.13,0,2025-09-21 22:00:00,2025-09-22 04:00:00,E,Dovercourt Rd,4,5,7,0
2025-09-21,14,10:00,123,17,14.7,4,2,30.13,0,2025-09-21 22:00:00,2025-09-22 04:00:00,E,Glenmount Park Rd,4,3,5,0
2025-09-21,14,10:00,123,17,14.7,4,2,30.13,0,2025-09-21 22:00:00,2025-09-22 04:00:00,E,Prust Ave,5,4,6,0
2025-09-21,14,10:00,123,17,14.7,4,2,30.13,0,2025-09-21 22:00:00,2025-09-22 04:00:00,E,Main Street Station at Bay 7,0,0,0,0
2025-09-21,14,10:00,123,17,14.7,4,2,30.13,0,2025-09-21 22:00:00,2025-09-22 04:00:00,E,Norwood Rd,4,3,5,0
2025-09-21,14,10:00,123,17,14.7,4,2,30.13,0,2025-09-21 22:00:00,2025-09-22 04:00:00,E,McCaul St,3,2,6,0
2025-09-21,14,10:00,123,17,14.7,4,2,30.13,0,2025-09-21 22:00:00,2025-09-22 04:00:00,E,Broadview Ave,1,2,5,0
2025-09-21,14,10:00,123,17,14.7,4,2,30.13,0,2025-09-21 22:00:00,2025-09-22 04:00:00,E,Ontario St,1,2,3,0
2025-09-21,14,10:00,123,17,14.7,4,2,30.13,0,2025-09-21 22:00:00,2025-09-22 04:00:00,E,Rusholme Park Cres,1,1,2,0
2025-09-21,14,10:00,123,17,14.7,4,2,30.13,0,2025-09-21 22:00:00,2025-09-22 04:00:00,E,Havelock St,6,4,6,0
2025-09-21,14,10:00,123,17,14.7,4,2,30.13,0,2025-09-21 22:00:00,2025-09-22 04:00:00,E,High Park Loop,2,6,6,0
2025-09-21,14,10:00,123,17,14.7,4,2,30.13,0,2025-09-21 22:00:00,2025-09-22 04:00:00,E,Queens Park (Queen's Park Station),2,2,6,0
2025-09-21,14,10:00,123,17,14.7,4,2,30.13,0,2025-09-21 22:00:00,2025-09-22 04:00:00,E,Roncesvalles Ave,1,1,2,0
2025-09-21,14,10:00,123,17,14.7,4,2,30.13,0,2025-09-21 22:00:00,2025-09-22 04:00:00,E,De Grassi St,2,2,5,0
2025-09-21,14,10:00,123,17,14.7,4,2,30.13,0,2025-09-21 22:00:00,2025-09-22 04:00:00,E,Parliament St at Carlton St,1,2,3,0
2025-09-21,14,10:00,123,17,14.7,4,2,30.13,0,2025-09-21 22:00:00,2025-09-22 04:00:00,E,Parkside Dr East Side,1,3,3,0
2025-09-21,14,10:00,123,17,14.7,4,2,30.13,0,2025-09-21 22:00:00,2025-09-22 04:00:00,E,Dundas St West,1,2,3,0
2025-09-21,14,10:00,123,17,14.7,4,2,30.13,0,2025-09-21 22:00:00,2025-09-22 04:00:00,E,Howard Park Ave at Roncesvalles Ave,0,0,0,0
2025-09-21,14,10:00,123,17,14.7,4,2,30.13,0,2025-09-21 22:00:00,2025-09-22 04:00:00,E,Parliament St,0,0,0,0
2025-09-21,14,10:00,123,17,14.7,4,2,30.13,0,2025-09-21 22:00:00,2025-09-22 04:00:00,E,Parliament St at Gerrard St East,0,0,0,0
2025-09-21,14,10:00,123,17,14.7,4,2,30.13,0,2025-09-21 22:00:00,2025-09-22 04:00:00,E,Sumach St,0,0,0,0
2025-09-21,14,10:00,123,17,14.7,4,2,30.13,0,2025-09-21 22:00:00,2025-09-22 04:00:00,E,Blackburn St,0,0,0,0
2025-09-21,14,10:00,123,17,14.7,4,2,30.13,0,2025-09-21 22:00:00,2025-09-22 04:00:00,E,Logan Ave,2,2,7,0
2025-09-21,14,10:00,123,17,14.7,4,2,30.13,0,2025-09-21 22:00:00,2025-09-22 04:00:00,E,Augusta Ave,0,0,0,0
2025-09-21,14,10:00,123,17,14.7,4,2,30.13,0,2025-09-21 22:00:00,2025-09-22 04:00:00,E,Beverley St,0,0,0,0
2025-09-21,14,10:00,123,17,14.7,4,2,30.13,0,2025-09-21 22:00:00,2025-09-22 04:00:00,E,University Ave (Queen's Park Station,0,0,0,0
2025-09-21,14,10:00,123,17,14.7,4,2,30.13,0,2025-09-21 22:00:00,2025-09-22 04:00:00,E,Elizabeth St,0,0,0,0
2025-09-21,14,10:00,123,17,14.7,4,2,30.13,0,2025-09-21 22:00:00,2025-09-22 04:00:00,E,Greenwood Ave,0,0,0,0
2025-09-21,14,10:00,123,17,14.7,4,2,30.13,0,2025-09-21 22:00:00,2025-09-22 04:00:00,E,Alton Ave,0,0,0,0
2025-09-21,14,10:00,123,17,14.7,4,2,30.13,0,2025-09-21 22:00:00,2025-09-22 04:00:00,E,Coxwell Ave,0,0,0,0
2025-09-21,14,10:00,123,17,14.7,4,2,30.13,0,2025-09-21 22:00:00,2025-09-22 04:00:00,E,Gerrard St East  at Coxwell Ave,0,0,0,0
2025-09-21,14,10:00,123,17,14.7,4,2,30.13,0,2025-09-21 22:00:00,2025-09-22 04:00:00,E,Coxwell Ave at Lower Gerrard St East,0,0,0,0
2025-09-21,14,10:00,123,17,14.7,4,2,30.13,0,2025-09-21 22:00:00,2025-09-22 04:00:00,E,Ashdale Ave,0,0,0,0
2025-09-21,14,10:00,123,17,14.7,4,2,30.13,0,2025-09-21 22:00:00,2025-09-22 04:00:00,E,Howard Park Ave at Indian Rd,0,0,0,0
2025-09-21,14,10:00,123,17,14.7,4,2,30.13,0,2025-09-21 22:00:00,2025-09-22 04:00:00,E,Dundas St West at Howard Park Ave,0,0,0,0
2025-09-21,14,10:00,123,17,14.7,4,2,30.13,0,2025-09-21 22:00:00,2025-09-22 04:00:00,E,Main St at Gerrard St East,0,0,0,0
2025-09-21,14,10:00,123,17,14.7,4,2,30.13,0,2025-09-21 22:00:00,2025-09-22 04:00:00,E,Main St,0,0,0,0
2025-09-21,14,10:00,123,17,14.7,4,2,30.13,0,2025-09-21 22:00:00,2025-09-22 04:00:00,E,Main St at Danforth Ave,0,0,0,0
2025-09-21,14,10:00,123,17,14.7,4,2,30.13,0,2025-09-21 22:00:00,2025-09-22 04:00:00,E,Howard Park Ave at Parkside Dr,0,0,0,0
2025-09-21,14,10:00,123,17,14.7,4,2,30.13,0,2025-09-21 22:00:00,2025-09-22 04:00:00,W,Woodfield Rd,1,1,2,0
2025-09-21,14,10:00,123,17,14.7,4,2,30.13,0,2025-09-21 22:00:00,2025-09-22 04:00:00,W,Coxwell Ave at Gerrard St East,1,1,2,0
2025-09-21,14,10:00,123,17,14.7,4,2,30.13,0,2025-09-21 22:00:00,2025-09-22 04:00:00,W,Euclid Ave,0,0,0,0
2025-09-21,14,10:00,123,17,14.7,4,2,30.13,0,2025-09-21 22:00:00,2025-09-22 04:00:00,W,Bowmore Rd,1,1,2,0
2025-09-21,14,10:00,123,17,14.7,4,2,30.13,0,2025-09-21 22:00:00,2025-09-22 04:00:00,W,Bay St,2,1,2,0
2025-09-21,14,10:00,123,17,14.7,4,2,30.13,0,2025-09-21 22:00:00,2025-09-22 04:00:00,W,Lansdowne Ave,0,0,0,0
2025-09-21,14,10:00,123,17,14.7,4,2,30.13,0,2025-09-21 22:00:00,2025-09-22 04:00:00,W,Indian Rd,4,4,9,0
2025-09-21,14,10:00,123,17,14.7,4,2,30.13,0,2025-09-21 22:00:00,2025-09-22 04:00:00,W,Grace St,0,0,0,0
2025-09-21,14,10:00,123,17,14.7,4,2,30.13,0,2025-09-21 22:00:00,2025-09-22 04:00:00,W,Dufferin St,3,2,6,0
2025-09-21,14,10:00,123,17,14.7,4,2,30.13,0,2025-09-21 22:00:00,2025-09-22 04:00:00,W,Gerrard St East at Beaton Ave,1,1,2,0
2025-09-21,14,10:00,123,17,14.7,4,2,30.13,0,2025-09-21 22:00:00,2025-09-22 04:00:00,W,Bathurst St,0,0,0,0
2025-09-21,14,10:00,123,17,14.7,4,2,30.13,0,2025-09-21 22:00:00,2025-09-22 04:00:00,W,Yonge St - College Station,0,0,0,0
2025-09-21,14,10:00,123,17,14.7,4,2,30.13,0,2025-09-21 22:00:00,2025-09-22 04:00:00,W,Dundas St West at Sterling Rd,0,0,0,0
2025-09-21,14,10:00,123,17,14.7,4,2,30.13,0,2025-09-21 22:00:00,2025-09-22 04:00:00,W,Brock Ave,0,0,0,0
2025-09-21,14,10:00,123,17,14.7,4,2,30.13,0,2025-09-21 22:00:00,2025-09-22 04:00:00,W,Sackville St,4,2,4,0
2025-09-21,14,10:00,123,17,14.7,4,2,30.13,0,2025-09-21 22:00:00,2025-09-22 04:00:00,W,Carlaw Ave,0,0,0,0
2025-09-21,14,10:00,123,17,14.7,4,2,30.13,0,2025-09-21 22:00:00,2025-09-22 04:00:00,W,Borden St,0,0,0,0
2025-09-21,14,10:00,123,17,14.7,4,2,30.13,0,2025-09-21 22:00:00,2025-09-22 04:00:00,W,Dundas St West at Sorauren Ave,4,3,6,0
2025-09-21,14,10:00,123,17,14.7,4,2,30.13,0,2025-09-21 22:00:00,2025-09-22 04:00:00,W,Crawford St,0,0,0,0
2025-09-21,14,10:00,123,17,14.7,4,2,30.13,0,2025-09-21 22:00:00,2025-09-22 04:00:00,W,Pape Ave,0,0,0,0
2025-09-21,14,10:00,123,17,14.7,4,2,30.13,0,2025-09-21 22:00:00,2025-09-22 04:00:00,W,Spadina Ave,2,1,2,0
2025-09-21,14,10:00,123,17,14.7,4,2,30.13,0,2025-09-21 22:00:00,2025-09-22 04:00:00,W,River St,2,2,3,0
2025-09-21,14,10:00,123,17,14.7,4,2,30.13,0,2025-09-21 22:00:00,2025-09-22 04:00:00,W,Marjory Ave,0,0,0,0
2025-09-21,14,10:00,123,17,14.7,4,2,30.13,0,2025-09-21 22:00:00,2025-09-22 04:00:00,W,Kingsmount Park Rd,0,0,0,0
2025-09-21,14,10:00,123,17,14.7,4,2,30.13,0,2025-09-21 22:00:00,2025-09-22 04:00:00,W,Church St,0,0,0,0
2025-09-21,14,10:00,123,17,14.7,4,2,30.13,0,2025-09-21 22:00:00,2025-09-22 04:00:00,W,Ossington Ave,0,0,0,0
2025-09-21,14,10:00,123,17,14.7,4,2,30.13,0,2025-09-21 22:00:00,2025-09-22 04:00:00,W,Woodbine Ave,0,0,0,0
2025-09-21,14,10:00,123,17,14.7,4,2,30.13,0,2025-09-21 22:00:00,2025-09-22 04:00:00,W,Jones Ave,0,0,0,0
2025-09-21,14,10:00,123,17,14.7,4,2,30.13,0,2025-09-21 22:00:00,2025-09-22 04:00:00,W,Golfview Ave,0,0,0,0
2025-09-21,14,10:00,123,17,14.7,4,2,30.13,0,2025-09-21 22:00:00,2025-09-22 04:00:00,W,Leslie St,0,0,0,0
2025-09-21,14,10:00,123,17,14.7,4,2,30.13,0,2025-09-21 22:00:00,2025-09-22 04:00:00,W,St Matthews Rd,0,0,0,0
2025-09-21,14,10:00,123,17,14.7,4,2,30.13,0,2025-09-21 22:00:00,2025-09-22 04:00:00,W,Jarvis St,0,0,0,0
2025-09-21,14,10:00,123,17,14.7,4,2,30.13,0,2025-09-21 22:00:00,2025-09-22 04:00:00,W,Sherbourne St,0,0,0,0
2025-09-21,14,10:00,123,17,14.7,4,2,30.13,0,2025-09-21 22:00:00,2025-09-22 04:00:00,W,St George St,0,0,0,0
2025-09-21,14,10:00,123,17,14.7,4,2,30.13,0,2025-09-21 22:00:00,2025-09-22 04:00:00,W,Dovercourt Rd,0,0,0,0
2025-09-21,14,10:00,123,17,14.7,4,2,30.13,0,2025-09-21 22:00:00,2025-09-22 04:00:00,W,Glenmount Park Rd,0,0,0,0
2025-09-21,14,10:00,123,17,14.7,4,2,30.13,0,2025-09-21 22:00:00,2025-09-22 04:00:00,W,Prust Ave,0,0,0,0
2025-09-21,14,10:00,123,17,14.7,4,2,30.13,0,2025-09-21 22:00:00,2025-09-22 04:00:00,W,Main Street Station at Bay 7,1,1,2,0
2025-09-21,14,10:00,123,17,14.7,4,2,30.13,0,2025-09-21 22:00:00,2025-09-22 04:00:00,W,Norwood Rd,0,0,0,0
2025-09-21,14,10:00,123,17,14.7,4,2,30.13,0,2025-09-21 22:00:00,2025-09-22 04:00:00,W,McCaul St,0,0,0,0
2025-09-21,14,10:00,123,17,14.7,4,2,30.13,0,2025-09-21 22:00:00,2025-09-22 04:00:00,W,Broadview Ave,0,0,0,0
2025-09-21,14,10:00,123,17,14.7,4,2,30.13,0,2025-09-21 22:00:00,2025-09-22 04:00:00,W,Ontario St,0,0,0,0
2025-09-21,14,10:00,123,17,14.7,4,2,30.13,0,2025-09-21 22:00:00,2025-09-22 04:00:00,W,Rusholme Park Cres,0,0,0,0
2025-09-21,14,10:00,123,17,14.7,4,2,30.13,0,2025-09-21 22:00:00,2025-09-22 04:00:00,W,Havelock St,0,0,0,0
2025-09-21,14,10:00,123,17,14.7,4,2,30.13,0,2025-09-21 22:00:00,2025-09-22 04:00:00,W,High Park Loop,0,0,0,0
2025-09-21,14,10:00,123,17,14.7,4,2,30.13,0,2025-09-21 22:00:00,2025-09-22 04:00:00,W,Queens Park (Queen's Park Station),0,0,0,0
2025-09-21,14,10:00,123,17,14.7,4,2,30.13,0,2025-09-21 22:00:00,2025-09-22 04:00:00,W,Roncesvalles Ave,4,4,9,0
2025-09-21,14,10:00,123,17,14.7,4,2,30.13,0,2025-09-21 22:00:00,2025-09-22 04:00:00,W,De Grassi St,0,0,0,0
2025-09-21,14,10:00,123,17,14.7,4,2,30.13,0,2025-09-21 22:00:00,2025-09-22 04:00:00,W,Parliament St at Carlton St,0,0,0,0
2025-09-21,14,10:00,123,17,14.7,4,2,30.13,0,2025-09-21 22:00:00,2025-09-22 04:00:00,W,Parkside Dr East Side,0,0,0,0
2025-09-21,14,10:00,123,17,14.7,4,2,30.13,0,2025-09-21 22:00:00,2025-09-22 04:00:00,W,Dundas St West,5,3,8,0
2025-09-21,14,10:00,123,17,14.7,4,2,30.13,0,2025-09-21 22:00:00,2025-09-22 04:00:00,W,Howard Park Ave at Roncesvalles Ave,0,0,0,0
2025-09-21,14,10:00,123,17,14.7,4,2,30.13,0,2025-09-21 22:00:00,2025-09-22 04:00:00,W,Parliament St,0,0,0,0
2025-09-21,14,10:00,123,17,14.7,4,2,30.13,0,2025-09-21 22:00:00,2025-09-22 04:00:00,W,Parliament St at Gerrard St East,0,0,0,0
2025-09-21,14,10:00,123,17,14.7,4,2,30.13,0,2025-09-21 22:00:00,2025-09-22 04:00:00,W,Sumach St,0,0,0,0
2025-09-21,14,10:00,123,17,14.7,4,2,30.13,0,2025-09-21 22:00:00,2025-09-22 04:00:00,W,Blackburn St,0,0,0,0
2025-09-21,14,10:00,123,17,14.7,4,2,30.13,0,2025-09-21 22:00:00,2025-09-22 04:00:00,W,Logan Ave,0,0,0,0
2025-09-21,14,10:00,123,17,14.7,4,2,30.13,0,2025-09-21 22:00:00,2025-09-22 04:00:00,W,Augusta Ave,0,0,0,0
2025-09-21,14,10:00,123,17,14.7,4,2,30.13,0,2025-09-21 22:00:00,2025-09-22 04:00:00,W,Beverley St,0,0,0,0
2025-09-21,14,10:00,123,17,14.7,4,2,30.13,0,2025-09-21 22:00:00,2025-09-22 04:00:00,W,University Ave (Queen's Park Station,0,0,0,0
2025-09-21,14,10:00,123,17,14.7,4,2,30.13,0,2025-09-21 22:00:00,2025-09-22 04:00:00,W,Elizabeth St,0,0,0,0
2025-09-21,14,10:00,123,17,14.7,4,2,30.13,0,2025-09-21 22:00:00,2025-09-22 04:00:00,W,Greenwood Ave,0,0,0,0
2025-09-21,14,10:00,123,17,14.7,4,2,30.13,0,2025-09-21 22:00:00,2025-09-22 04:00:00,W,Alton Ave,0,0,0,0
2025-09-21,14,10:00,123,17,14.7,4,2,30.13,0,2025-09-21 22:00:00,2025-09-22 04:00:00,W,Coxwell Ave,0,0,0,0
2025-09-21,14,10:00,123,17,14.7,4,2,30.13,0,2025-09-21 22:00:00,2025-09-22 04:00:00,W,Gerrard St East  at Coxwell Ave,0,0,0,0
2025-09-21,14,10:00,123,17,14.7,4,2,30.13,0,2025-09-21 22:00:00,2025-09-22 04:00:00,W,Coxwell Ave at Lower Gerrard St East,0,0,0,0
2025-09-21,14,10:00,123,17,14.7,4,2,30.13,0,2025-09-21 22:00:00,2025-09-22 04:00:00,W,Ashdale Ave,0,0,0,0
2025-09-21,14,10:00,123,17,14.7,4,2,30.13,0,2025-09-21 22:00:00,2025-09-22 04:00:00,W,Howard Park Ave at Indian Rd,0,0,0,0
2025-09-21,14,10:00,123,17,14.7,4,2,30.13,0,2025-09-21 22:00:00,2025-09-22 04:00:00,W,Dundas St West at Howard Park Ave,0,0,0,0
2025-09-21,14,10:00,123,17,14.7,4,2,30.13,0,2025-09-21 22:00:00,2025-09-22 04:00:00,W,Main St at Gerrard St East,0,0,0,0
2025-09-21,14,10:00,123,17,14.7,4,2,30.13,0,2025-09-21 22:00:00,2025-09-22 04:00:00,W,Main St,0,0,0,0
2025-09-21,14,10:00,123,17,14.7,4,2,30.13,0,2025-09-21 22:00:00,2025-09-22 04:00:00,W,Main St at Danforth Ave,0,0,0,0
2025-09-21,14,10:00,123,17,14.7,4,2,30.13,0,2025-09-21 22:00:00,2025-09-22 04:00:00,W,Howard Park Ave at Parkside Dr,0,0,0,0
2025-09-28,14,10:00,123,17,14.7,4,2,30.13,0,2025-09-28 22:00:00,2025-09-29 04:00:00,E,Woodfield Rd,5,4,5,1
2025-09-28,14,10:00,123,17,14.7,4,2,30.13,0,2025-09-28 22:00:00,2025-09-29 04:00:00,E,Coxwell Ave at Gerrard St East,0,0,0,0
2025-09-28,14,10:00,123,17,14.7,4,2,30.13,0,2025-09-28 22:00:00,2025-09-29 04:00:00,E,Euclid Ave,0,0,0,0
2025-09-28,14,10:00,123,17,14.7,4,2,30.13,0,2025-09-28 22:00:00,2025-09-29 04:00:00,E,Bowmore Rd,4,4,5,0
2025-09-28,14,10:00,123,17,14.7,4,2,30.13,0,2025-09-28 22:00:00,2025-09-29 04:00:00,E,Bay St,5,3,7,1
2025-09-28,14,10:00,123,17,14.7,4,2,30.13,0,2025-09-28 22:00:00,2025-09-29 04:00:00,E,Lansdowne Ave,8,5,4,0
2025-09-28,14,10:00,123,17,14.7,4,2,30.13,0,2025-09-28 22:00:00,2025-09-29 04:00:00,E,Indian Rd,0,0,1,0
2025-09-28,14,10:00,123,17,14.7,4,2,30.13,0,2025-09-28 22:00:00,2025-09-29 04:00:00,E,Grace St,3,1,2,1
2025-09-28,14,10:00,123,17,14.7,4,2,30.13,0,2025-09-28 22:00:00,2025-09-29 04:00:00,E,Dufferin St,4,4,4,1
2025-09-28,14,10:00,123,17,14.7,4,2,30.13,0,2025-09-28 22:00:00,2025-09-29 04:00:00,E,Gerrard St East at Beaton Ave,4,4,5,0
2025-09-28,14,10:00,123,17,14.7,4,2,30.13,0,2025-09-28 22:00:00,2025-09-29 04:00:00,E,Bathurst St,5,2,6,1
2025-09-28,14,10:00,123,17,14.7,4,2,30.13,0,2025-09-28 22:00:00,2025-09-29 04:00:00,E,Yonge St - College Station,4,4,7,1
2025-09-28,14,10:00,123,17,14.7,4,2,30.13,0,2025-09-28 22:00:00,2025-09-29 04:00:00,E,Dundas St West at Sterling Rd,2,1,1,0
2025-09-28,14,10:00,123,17,14.7,4,2,30.13,0,2025-09-28 22:00:00,2025-09-29 04:00:00,E,Brock Ave,5,5,6,0
2025-09-28,14,10:00,123,17,14.7,4,2,30.13,0,2025-09-28 22:00:00,2025-09-29 04:00:00,E,Sackville St,2,1,1,1
2025-09-28,14,10:00,123,17,14.7,4,2,30.13,0,2025-09-28 22:00:00,2025-09-29 04:00:00,E,Carlaw Ave,5,4,5,1
2025-09-28,14,10:00,123,17,14.7,4,2,30.13,0,2025-09-28 22:00:00,2025-09-29 04:00:00,E,Borden St,4,2,6,1
2025-09-28,14,10:00,123,17,14.7,4,2,30.13,0,2025-09-28 22:00:00,2025-09-29 04:00:00,E,Dundas St West at Sorauren Ave,2,1,1,0
2025-09-28,14,10:00,123,17,14.7,4,2,30.13,0,2025-09-28 22:00:00,2025-09-29 04:00:00,E,Crawford St,3,1,2,1
2025-09-28,14,10:00,123,17,14.7,4,2,30.13,0,2025-09-28 22:00:00,2025-09-29 04:00:00,E,Pape Ave,5,4,5,1
2025-09-28,14,10:00,123,17,14.7,4,2,30.13,0,2025-09-28 22:00:00,2025-09-29 04:00:00,E,Spadina Ave,4,2,6,1
2025-09-28,14,10:00,123,17,14.7,4,2,30.13,0,2025-09-28 22:00:00,2025-09-29 04:00:00,E,River St,2,1,1,1
2025-09-28,14,10:00,123,17,14.7,4,2,30.13,0,2025-09-28 22:00:00,2025-09-29 04:00:00,E,Marjory Ave,5,4,6,1
2025-09-28,14,10:00,123,17,14.7,4,2,30.13,0,2025-09-28 22:00:00,2025-09-29 04:00:00,E,Kingsmount Park Rd,4,4,5,0
2025-09-28,14,10:00,123,17,14.7,4,2,30.13,0,2025-09-28 22:00:00,2025-09-29 04:00:00,E,Church St,0,0,0,0
2025-09-28,14,10:00,123,17,14.7,4,2,30.13,0,2025-09-28 22:00:00,2025-09-29 04:00:00,E,Ossington Ave,5,2,6,1
2025-09-28,14,10:00,123,17,14.7,4,2,30.13,0,2025-09-28 22:00:00,2025-09-29 04:00:00,E,Woodbine Ave,3,4,5,0
2025-09-28,14,10:00,123,17,14.7,4,2,30.13,0,2025-09-28 22:00:00,2025-09-29 04:00:00,E,Jones Ave,5,4,5,1
2025-09-28,14,10:00,123,17,14.7,4,2,30.13,0,2025-09-28 22:00:00,2025-09-29 04:00:00,E,Golfview Ave,4,5,5,0
2025-09-28,14,10:00,123,17,14.7,4,2,30.13,0,2025-09-28 22:00:00,2025-09-29 04:00:00,E,Leslie St,5,4,6,1
2025-09-28,14,10:00,123,17,14.7,4,2,30.13,0,2025-09-28 22:00:00,2025-09-29 04:00:00,E,St Matthews Rd,3,1,1,1
2025-09-28,14,10:00,123,17,14.7,4,2,30.13,0,2025-09-28 22:00:00,2025-09-29 04:00:00,E,Jarvis St,0,1,1,0
2025-09-28,14,10:00,123,17,14.7,4,2,30.13,0,2025-09-28 22:00:00,2025-09-29 04:00:00,E,Sherbourne St,0,1,1,0
2025-09-28,14,10:00,123,17,14.7,4,2,30.13,0,2025-09-28 22:00:00,2025-09-29 04:00:00,E,St George St,4,3,5,1
2025-09-28,14,10:00,123,17,14.7,4,2,30.13,0,2025-09-28 22:00:00,2025-09-29 04:00:00,E,Dovercourt Rd,4,3,6,1
2025-09-28,14,10:00,123,17,14.7,4,2,30.13,0,2025-09-28 22:00:00,2025-09-29 04:00:00,E,Glenmount Park Rd,4,5,5,0
2025-09-28,14,10:00,123,17,14.7,4,2,30.13,0,2025-09-28 22:00:00,2025-09-29 04:00:00,E,Prust Ave,5,4,5,1
2025-09-28,14,10:00,123,17,14.7,4,2,30.13,0,2025-09-28 22:00:00,2025-09-29 04:00:00,E,Main Street Station at Bay 7,0,0,0,0
2025-09-28,14,10:00,123,17,14.7,4,2,30.13,0,2025-09-28 22:00:00,2025-09-29 04:00:00,E,Norwood Rd,4,5,4,0
2025-09-28,14,10:00,123,17,14.7,4,2,30.13,0,2025-09-28 22:00:00,2025-09-29 04:00:00,E,McCaul St,2,3,6,1
2025-09-28,14,10:00,123,17,14.7,4,2,30.13,0,2025-09-28 22:00:00,2025-09-29 04:00:00,E,Broadview Ave,3,1,2,1
2025-09-28,14,10:00,123,17,14.7,4,2,30.13,0,2025-09-28 22:00:00,2025-09-29 04:00:00,E,Ontario St,1,1,1,0
2025-09-28,14,10:00,123,17,14.7,4,2,30.13,0,2025-09-28 22:00:00,2025-09-29 04:00:00,E,Rusholme Park Cres,1,0,0,0
2025-09-28,14,10:00,123,17,14.7,4,2,30.13,0,2025-09-28 22:00:00,2025-09-29 04:00:00,E,Havelock St,5,4,5,1
2025-09-28,14,10:00,123,17,14.7,4,2,30.13,0,2025-09-28 22:00:00,2025-09-29 04:00:00,E,High Park Loop,0,0,1,0
2025-09-28,14,10:00,123,17,14.7,4,2,30.13,0,2025-09-28 22:00:00,2025-09-29 04:00:00,E,Queens Park (Queen's Park Station),3,3,5,1
2025-09-28,14,10:00,123,17,14.7,4,2,30.13,0,2025-09-28 22:00:00,2025-09-29 04:00:00,E,Roncesvalles Ave,1,1,1,0
2025-09-28,14,10:00,123,17,14.7,4,2,30.13,0,2025-09-28 22:00:00,2025-09-29 04:00:00,E,De Grassi St,4,1,2,1
2025-09-28,14,10:00,123,17,14.7,4,2,30.13,0,2025-09-28 22:00:00,2025-09-29 04:00:00,E,Parliament St at Carlton St,3,1,1,0
2025-09-28,14,10:00,123,17,14.7,4,2,30.13,0,2025-09-28 22:00:00,2025-09-29 04:00:00,E,Parkside Dr East Side,0,0,1,0
2025-09-28,14,10:00,123,17,14.7,4,2,30.13,0,2025-09-28 22:00:00,2025-09-29 04:00:00,E,Dundas St West,1,1,1,0
2025-09-28,14,10:00,123,17,14.7,4,2,30.13,0,2025-09-28 22:00:00,2025-09-29 04:00:00,E,Howard Park Ave at Roncesvalles Ave,0,0,0,0
2025-09-28,14,10:00,123,17,14.7,4,2,30.13,0,2025-09-28 22:00:00,2025-09-29 04:00:00,E,Parliament St,0,0,0,0
2025-09-28,14,10:00,123,17,14.7,4,2,30.13,0,2025-09-28 22:00:00,2025-09-29 04:00:00,E,Parliament St at Gerrard St East,0,0,0,0
2025-09-28,14,10:00,123,17,14.7,4,2,30.13,0,2025-09-28 22:00:00,2025-09-29 04:00:00,E,Sumach St,0,0,0,0
2025-09-28,14,10:00,123,17,14.7,4,2,30.13,0,2025-09-28 22:00:00,2025-09-29 04:00:00,E,Blackburn St,0,0,0,0
2025-09-28,14,10:00,123,17,14.7,4,2,30.13,0,2025-09-28 22:00:00,2025-09-29 04:00:00,E,Logan Ave,5,2,6,1
2025-09-28,14,10:00,123,17,14.7,4,2,30.13,0,2025-09-28 22:00:00,2025-09-29 04:00:00,E,Augusta Ave,0,0,0,0
2025-09-28,14,10:00,123,17,14.7,4,2,30.13,0,2025-09-28 22:00:00,2025-09-29 04:00:00,E,Beverley St,0,0,0,0
2025-09-28,14,10:00,123,17,14.7,4,2,30.13,0,2025-09-28 22:00:00,2025-09-29 04:00:00,E,University Ave (Queen's Park Station,0,0,0,0
2025-09-28,14,10:00,123,17,14.7,4,2,30.13,0,2025-09-28 22:00:00,2025-09-29 04:00:00,E,Elizabeth St,0,0,0,0
2025-09-28,14,10:00,123,17,14.7,4,2,30.13,0,2025-09-28 22:00:00,2025-09-29 04:00:00,E,Greenwood Ave,0,0,0,0
2025-09-28,14,10:00,123,17,14.7,4,2,30.13,0,2025-09-28 22:00:00,2025-09-29 04:00:00,E,Alton Ave,0,0,0,0
2025-09-28,14,10:00,123,17,14.7,4,2,30.13,0,2025-09-28 22:00:00,2025-09-29 04:00:00,E,Coxwell Ave,0,0,0,0
2025-09-28,14,10:00,123,17,14.7,4,2,30.13,0,2025-09-28 22:00:00,2025-09-29 04:00:00,E,Gerrard St East  at Coxwell Ave,0,0,0,0
2025-09-28,14,10:00,123,17,14.7,4,2,30.13,0,2025-09-28 22:00:00,2025-09-29 04:00:00,E,Coxwell Ave at Lower Gerrard St East,0,0,0,0
2025-09-28,14,10:00,123,17,14.7,4,2,30.13,0,2025-09-28 22:00:00,2025-09-29 04:00:00,E,Ashdale Ave,0,0,0,0
2025-09-28,14,10:00,123,17,14.7,4,2,30.13,0,2025-09-28 22:00:00,2025-09-29 04:00:00,E,Howard Park Ave at Indian Rd,0,0,0,0
2025-09-28,14,10:00,123,17,14.7,4,2,30.13,0,2025-09-28 22:00:00,2025-09-29 04:00:00,E,Dundas St West at Howard Park Ave,0,0,0,0
2025-09-28,14,10:00,123,17,14.7,4,2,30.13,0,2025-09-28 22:00:00,2025-09-29 04:00:00,E,Main St at Gerrard St East,0,0,0,0
2025-09-28,14,10:00,123,17,14.7,4,2,30.13,0,2025-09-28 22:00:00,2025-09-29 04:00:00,E,Main St,0,0,0,0
2025-09-28,14,10:00,123,17,14.7,4,2,30.13,0,2025-09-28 22:00:00,2025-09-29 04:00:00,E,Main St at Danforth Ave,0,0,0,0
2025-09-28,14,10:00,123,17,14.7,4,2,30.13,0,2025-09-28 22:00:00,2025-09-29 04:00:00,E,Howard Park Ave at Parkside Dr,0,0,0,0
2025-09-28,14,10:00,123,17,14.7,4,2,30.13,0,2025-09-28 22:00:00,2025-09-29 04:00:00,W,Woodfield Rd,1,0,0,0
2025-09-28,14,10:00,123,17,14.7,4,2,30.13,0,2025-09-28 22:00:00,2025-09-29 04:00:00,W,Coxwell Ave at Gerrard St East,1,0,1,0
2025-09-28,14,10:00,123,17,14.7,4,2,30.13,0,2025-09-28 22:00:00,2025-09-29 04:00:00,W,Euclid Ave,0,0,0,0
2025-09-28,14,10:00,123,17,14.7,4,2,30.13,0,2025-09-28 22:00:00,2025-09-29 04:00:00,W,Bowmore Rd,1,2,1,0
2025-09-28,14,10:00,123,17,14.7,4,2,30.13,0,2025-09-28 22:00:00,2025-09-29 04:00:00,W,Bay St,0,0,1,0
2025-09-28,14,10:00,123,17,14.7,4,2,30.13,0,2025-09-28 22:00:00,2025-09-29 04:00:00,W,Lansdowne Ave,0,0,0,0
2025-09-28,14,10:00,123,17,14.7,4,2,30.13,0,2025-09-28 22:00:00,2025-09-29 04:00:00,W,Indian Rd,5,1,1,0
2025-09-28,14,10:00,123,17,14.7,4,2,30.13,0,2025-09-28 22:00:00,2025-09-29 04:00:00,W,Grace St,0,0,0,0
2025-09-28,14,10:00,123,17,14.7,4,2,30.13,0,2025-09-28 22:00:00,2025-09-29 04:00:00,W,Dufferin St,3,1,1,0
2025-09-28,14,10:00,123,17,14.7,4,2,30.13,0,2025-09-28 22:00:00,2025-09-29 04:00:00,W,Gerrard St East at Beaton Ave,2,0,1,0
2025-09-28,14,10:00,123,17,14.7,4,2,30.13,0,2025-09-28 22:00:00,2025-09-29 04:00:00,W,Bathurst St,0,0,0,0
2025-09-28,14,10:00,123,17,14.7,4,2,30.13,0,2025-09-28 22:00:00,2025-09-29 04:00:00,W,Yonge St - College Station,0,0,0,0
2025-09-28,14,10:00,123,17,14.7,4,2,30.13,0,2025-09-28 22:00:00,2025-09-29 04:00:00,W,Dundas St West at Sterling Rd,0,0,0,0
2025-09-28,14,10:00,123,17,14.7,4,2,30.13,0,2025-09-28 22:00:00,2025-09-29 04:00:00,W,Brock Ave,0,0,0,0
2025-09-28,14,10:00,123,17,14.7,4,2,30.13,0,2025-09-28 22:00:00,2025-09-29 04:00:00,W,Sackville St,2,0,1,0
2025-09-28,14,10:00,123,17,14.7,4,2,30.13,0,2025-09-28 22:00:00,2025-09-29 04:00:00,W,Carlaw Ave,0,0,0,0
2025-09-28,14,10:00,123,17,14.7,4,2,30.13,0,2025-09-28 22:00:00,2025-09-29 04:00:00,W,Borden St,0,0,0,0
2025-09-28,14,10:00,123,17,14.7,4,2,30.13,0,2025-09-28 22:00:00,2025-09-29 04:00:00,W,Dundas St West at Sorauren Ave,4,1,1,0
2025-09-28,14,10:00,123,17,14.7,4,2,30.13,0,2025-09-28 22:00:00,2025-09-29 04:00:00,W,Crawford St,0,0,0,0
2025-09-28,14,10:00,123,17,14.7,4,2,30.13,0,2025-09-28 22:00:00,2025-09-29 04:00:00,W,Pape Ave,0,0,0,0
2025-09-28,14,10:00,123,17,14.7,4,2,30.13,0,2025-09-28 22:00:00,2025-09-29 04:00:00,W,Spadina Ave,1,0,0,0
2025-09-28,14,10:00,123,17,14.7,4,2,30.13,0,2025-09-28 22:00:00,2025-09-29 04:00:00,W,River St,1,0,2,0
2025-09-28,14,10:00,123,17,14.7,4,2,30.13,0,2025-09-28 22:00:00,2025-09-29 04:00:00,W,Marjory Ave,0,0,0,0
2025-09-28,14,10:00,123,17,14.7,4,2,30.13,0,2025-09-28 22:00:00,2025-09-29 04:00:00,W,Kingsmount Park Rd,0,0,0,0
2025-09-28,14,10:00,123,17,14.7,4,2,30.13,0,2025-09-28 22:00:00,2025-09-29 04:00:00,W,Church St,0,0,0,0
2025-09-28,14,10:00,123,17,14.7,4,2,30.13,0,2025-09-28 22:00:00,2025-09-29 04:00:00,W,Ossington Ave,0,0,0,0
2025-09-28,14,10:00,123,17,14.7,4,2,30.13,0,2025-09-28 22:00:00,2025-09-29 04:00:00,W,Woodbine Ave,0,0,0,0
2025-09-28,14,10:00,123,17,14.7,4,2,30.13,0,2025-09-28 22:00:00,2025-09-29 04:00:00,W,Jones Ave,0,0,0,0
2025-09-28,14,10:00,123,17,14.7,4,2,30.13,0,2025-09-28 22:00:00,2025-09-29 04:00:00,W,Golfview Ave,0,0,0,0
2025-09-28,14,10:00,123,17,14.7,4,2,30.13,0,2025-09-28 22:00:00,2025-09-29 04:00:00,W,Leslie St,0,0,0,0
2025-09-28,14,10:00,123,17,14.7,4,2,30.13,0,2025-09-28 22:00:00,2025-09-29 04:00:00,W,St Matthews Rd,0,0,0,0
2025-09-28,14,10:00,123,17,14.7,4,2,30.13,0,2025-09-28 22:00:00,2025-09-29 04:00:00,W,Jarvis St,0,0,0,0
2025-09-28,14,10:00,123,17,14.7,4,2,30.13,0,2025-09-28 22:00:00,2025-09-29 04:00:00,W,Sherbourne St,0,0,0,0
2025-09-28,14,10:00,123,17,14.7,4,2,30.13,0,2025-09-28 22:00:00,2025-09-29 04:00:00,W,St George St,0,0,0,0
2025-09-28,14,10:00,123,17,14.7,4,2,30.13,0,2025-09-28 22:00:00,2025-09-29 04:00:00,W,Dovercourt Rd,0,0,0,0
2025-09-28,14,10:00,123,17,14.7,4,2,30.13,0,2025-09-28 22:00:00,2025-09-29 04:00:00,W,Glenmount Park Rd,0,0,0,0
2025-09-28,14,10:00,123,17,14.7,4,2,30.13,0,2025-09-28 22:00:00,2025-09-29 04:00:00,W,Prust Ave,0,0,0,0
2025-09-28,14,10:00,123,17,14.7,4,2,30.13,0,2025-09-28 22:00:00,2025-09-29 04:00:00,W,Main Street Station at Bay 7,0,2,1,0
2025-09-28,14,10:00,123,17,14.7,4,2,30.13,0,2025-09-28 22:00:00,2025-09-29 04:00:00,W,Norwood Rd,0,0,0,0
2025-09-28,14,10:00,123,17,14.7,4,2,30.13,0,2025-09-28 22:00:00,2025-09-29 04:00:00,W,McCaul St,0,0,0,0
2025-09-28,14,10:00,123,17,14.7,4,2,30.13,0,2025-09-28 22:00:00,2025-09-29 04:00:00,W,Broadview Ave,0,0,0,0
2025-09-28,14,10:00,123,17,14.7,4,2,30.13,0,2025-09-28 22:00:00,2025-09-29 04:00:00,W,Ontario St,0,0,0,0
2025-09-28,14,10:00,123,17,14.7,4,2,30.13,0,2025-09-28 22:00:00,2025-09-29 04:00:00,W,Rusholme Park Cres,0,0,0,0
2025-09-28,14,10:00,123,17,14.7,4,2,30.13,0,2025-09-28 22:00:00,2025-09-29 04:00:00,W,Havelock St,0,0,0,0
2025-09-28,14,10:00,123,17,14.7,4,2,30.13,0,2025-09-28 22:00:00,2025-09-29 04:00:00,W,High Park Loop,0,0,0,0
2025-09-28,14,10:00,123,17,14.7,4,2,30.13,0,2025-09-28 22:00:00,2025-09-29 04:00:00,W,Queens Park (Queen's Park Station),0,0,0,0
2025-09-28,14,10:00,123,17,14.7,4,2,30.13,0,2025-09-28 22:00:00,2025-09-29 04:00:00,W,Roncesvalles Ave,4,2,1,0
2025-09-28,14,10:00,123,17,14.7,4,2,30.13,0,2025-09-28 22:00:00,2025-09-29 04:00:00,W,De Grassi St,0,0,0,0
2025-09-28,14,10:00,123,17,14.7,4,2,30.13,0,2025-09-28 22:00:00,2025-09-29 04:00:00,W,Parliament St at Carlton St,0,0,0,0
2025-09-28,14,10:00,123,17,14.7,4,2,30.13,0,2025-09-28 22:00:00,2025-09-29 04:00:00,W,Parkside Dr East Side,0,0,0,0
2025-09-28,14,10:00,123,17,14.7,4,2,30.13,0,2025-09-28 22:00:00,2025-09-29 04:00:00,W,Dundas St West,4,2,1,0
2025-09-28,14,10:00,123,17,14.7,4,2,30.13,0,2025-09-28 22:00:00,2025-09-29 04:00:00,W,Howard Park Ave at Roncesvalles Ave,0,0,0,0
2025-09-28,14,10:00,123,17,14.7,4,2,30.13,0,2025-09-28 22:00:00,2025-09-29 04:00:00,W,Parliament St,0,0,0,0
2025-09-28,14,10:00,123,17,14.7,4,2,30.13,0,2025-09-28 22:00:00,2025-09-29 04:00:00,W,Parliament St at Gerrard St East,0,0,0,0
2025-09-28,14,10:00,123,17,14.7,4,2,30.13,0,2025-09-28 22:00:00,2025-09-29 04:00:00,W,Sumach St,0,0,0,0
2025-09-28,14,10:00,123,17,14.7,4,2,30.13,0,2025-09-28 22:00:00,2025-09-29 04:00:00,W,Blackburn St,0,0,0,0
2025-09-28,14,10:00,123,17,14.7,4,2,30.13,0,2025-09-28 22:00:00,2025-09-29 04:00:00,W,Logan Ave,0,0,0,0
2025-09-28,14,10:00,123,17,14.7,4,2,30.13,0,2025-09-28 22:00:00,2025-09-29 04:00:00,W,Augusta Ave,0,0,0,0
2025-09-28,14,10:00,123,17,14.7,4,2,30.13,0,2025-09-28 22:00:00,2025-09-29 04:00:00,W,Beverley St,0,0,0,0
2025-09-28,14,10:00,123,17,14.7,4,2,30.13,0,2025-09-28 22:00:00,2025-09-29 04:00:00,W,University Ave (Queen's Park Station,0,0,0,0
2025-09-28,14,10:00,123,17,14.7,4,2,30.13,0,2025-09-28 22:00:00,2025-09-29 04:00:00,W,Elizabeth St,0,0,0,0
2025-09-28,14,10:00,123,17,14.7,4,2,30.13,0,2025-09-28 22:00:00,2025-09-29 04:00:00,W,Greenwood Ave,0,0,0,0
2025-09-28,14,10:00,123,17,14.7,4,2,30.13,0,2025-09-28 22:00:00,2025-09-29 04:00:00,W,Alton Ave,0,0,0,0
2025-09-28,14,10:00,123,17,14.7,4,2,30.13,0,2025-09-28 22:00:00,2025-09-29 04:00:00,W,Coxwell Ave,0,0,0,0
2025-09-28,14,10:00,123,17,14.7,4,2,30.13,0,2025-09-28 22:00:00,2025-09-29 04:00:00,W,Gerrard St East  at Coxwell Ave,0,0,0,0
2025-09-28,14,10:00,123,17,14.7,4,2,30.13,0,2025-09-28 22:00:00,2025-09-29 04:00:00,W,Coxwell Ave at Lower Gerrard St East,0,0,0,0
2025-09-28,14,10:00,123,17,14.7,4,2,30.13,0,2025-09-28 22:00:00,2025-09-29 04:00:00,W,Ashdale Ave,0,0,0,0
2025-09-28,14,10:00,123,17,14.7,4,2,30.13,0,2025-09-28 22:00:00,2025-09-29 04:00:00,W,Howard Park Ave at Indian Rd,0,0,0,0
2025-09-28,14,10:00,123,17,14.7,4,2,30.13,0,2025-09-28 22:00:00,2025-09-29 04:00:00,W,Dundas St West at Howard Park Ave,0,0,0,0
2025-09-28,14,10:00,123,17,14.7,4,2,30.13,0,2025-09-28 22:00:00,2025-09-29 04:00:00,W,Main St at Gerrard St East,0,0,0,0
2025-09-28,14,10:00,123,17,14.7,4,2,30.13,0,2025-09-28 22:00:00,2025-09-29 04:00:00,W,Main St,0,0,0,0
2025-09-28,14,10:00,123,17,14.7,4,2,30.13,0,2025-09-28 22:00:00,2025-09-29 04:00:00,W,Main St at Danforth Ave,0,0,0,0
2025-09-28,14,10:00,123,17,14.7,4,2,30.13,0,2025-09-28 22:00:00,2025-09-29 04:00:00,W,Howard Park Ave at Parkside Dr,0,0,0,0
2025-10-05,14,10:00,123,17,14.7,4,2,30.13,0,2025-10-05 22:00:00,2025-10-06 04:00:00,E,Woodfield Rd,3,2,4,0
2025-10-05,14,10:00,123,17,14.7,4,2,30.13,0,2025-10-05 22:00:00,2025-10-06 04:00:00,E,Coxwell Ave at Gerrard St East,0,0,0,0
2025-10-05,14,10:00,123,17,14.7,4,2,30.13,0,2025-10-05 22:00:00,2025-10-06 04:00:00,E,Euclid Ave,1,1,2,0
2025-10-05,14,10:00,123,17,14.7,4,2,30.13,0,2025-10-05 22:00:00,2025-10-06 04:00:00,E,Bowmore Rd,0,0,0,0
2025-10-05,14,10:00,123,17,14.7,4,2,30.13,0,2025-10-05 22:00:00,2025-10-06 04:00:00,E,Bay St,4,1,4,0
2025-10-05,14,10:00,123,17,14.7,4,2,30.13,0,2025-10-05 22:00:00,2025-10-06 04:00:00,E,Lansdowne Ave,3,0,3,0
2025-10-05,14,10:00,123,17,14.7,4,2,30.13,0,2025-10-05 22:00:00,2025-10-06 04:00:00,E,Indian Rd,0,1,2,0
2025-10-05,14,10:00,123,17,14.7,4,2,30.13,0,2025-10-05 22:00:00,2025-10-06 04:00:00,E,Grace St,2,1,5,0
2025-10-05,14,10:00,123,17,14.7,4,2,30.13,0,2025-10-05 22:00:00,2025-10-06 04:00:00,E,Dufferin St,6,1,4,0
2025-10-05,14,10:00,123,17,14.7,4,2,30.13,0,2025-10-05 22:00:00,2025-10-06 04:00:00,E,Gerrard St East at Beaton Ave,1,0,0,0
2025-10-05,14,10:00,123,17,14.7,4,2,30.13,0,2025-10-05 22:00:00,2025-10-06 04:00:00,E,Bathurst St,3,1,4,0
2025-10-05,14,10:00,123,17,14.7,4,2,30.13,0,2025-10-05 22:00:00,2025-10-06 04:00:00,E,Yonge St - College Station,2,2,4,0
2025-10-05,14,10:00,123,17,14.7,4,2,30.13,0,2025-10-05 22:00:00,2025-10-06 04:00:00,E,Dundas St West at Sterling Rd,2,0,3,0
2025-10-05,14,10:00,123,17,14.7,4,2,30.13,0,2025-10-05 22:00:00,2025-10-06 04:00:00,E,Brock Ave,3,2,2,2
2025-10-05,14,10:00,123,17,14.7,4,2,30.13,0,2025-10-05 22:00:00,2025-10-06 04:00:00,E,Sackville St,1,1,3,0
2025-10-05,14,10:00,123,17,14.7,4,2,30.13,0,2025-10-05 22:00:00,2025-10-06 04:00:00,E,Carlaw Ave,2,2,4,0
2025-10-05,14,10:00,123,17,14.7,4,2,30.13,0,2025-10-05 22:00:00,2025-10-06 04:00:00,E,Borden St,3,1,4,0
2025-10-05,14,10:00,123,17,14.7,4,2,30.13,0,2025-10-05 22:00:00,2025-10-06 04:00:00,E,Dundas St West at Sorauren Ave,2,0,3,0
2025-10-05,14,10:00,123,17,14.7,4,2,30.13,0,2025-10-05 22:00:00,2025-10-06 04:00:00,E,Crawford St,4,1,5,0
2025-10-05,14,10:00,123,17,14.7,4,2,30.13,0,2025-10-05 22:00:00,2025-10-06 04:00:00,E,Pape Ave,2,2,4,0
2025-10-05,14,10:00,123,17,14.7,4,2,30.13,0,2025-10-05 22:00:00,2025-10-06 04:00:00,E,Spadina Ave,4,1,4,1
2025-10-05,14,10:00,123,17,14.7,4,2,30.13,0,2025-10-05 22:00:00,2025-10-06 04:00:00,E,River St,3,0,3,0
2025-10-05,14,10:00,123,17,14.7,4,2,30.13,0,2025-10-05 22:00:00,2025-10-06 04:00:00,E,Marjory Ave,2,2,4,0
2025-10-05,14,10:00,123,17,14.7,4,2,30.13,0,2025-10-05 22:00:00,2025-10-06 04:00:00,E,Kingsmount Park Rd,0,0,0,0
2025-10-05,14,10:00,123,17,14.7,4,2,30.13,0,2025-10-05 22:00:00,2025-10-06 04:00:00,E,Church St,0,0,0,0
2025-10-05,14,10:00,123,17,14.7,4,2,30.13,0,2025-10-05 22:00:00,2025-10-06 04:00:00,E,Ossington Ave,4,2,7,0
2025-10-05,14,10:00,123,17,14.7,4,2,30.13,0,2025-10-05 22:00:00,2025-10-06 04:00:00,E,Woodbine Ave,0,0,0,0
2025-10-05,14,10:00,123,17,14.7,4,2,30.13,0,2025-10-05 22:00:00,2025-10-06 04:00:00,E,Jones Ave,1,3,4,0
2025-10-05,14,10:00,123,17,14.7,4,2,30.13,0,2025-10-05 22:00:00,2025-10-06 04:00:00,E,Golfview Ave,0,0,0,0
2025-10-05,14,10:00,123,17,14.7,4,2,30.13,0,2025-10-05 22:00:00,2025-10-06 04:00:00,E,Leslie St,1,2,4,0
2025-10-05,14,10:00,123,17,14.7,4,2,30.13,0,2025-10-05 22:00:00,2025-10-06 04:00:00,E,St Matthews Rd,4,0,3,2
2025-10-05,14,10:00,123,17,14.7,4,2,30.13,0,2025-10-05 22:00:00,2025-10-06 04:00:00,E,Jarvis St,2,0,3,0
2025-10-05,14,10:00,123,17,14.7,4,2,30.13,0,2025-10-05 22:00:00,2025-10-06 04:00:00,E,Sherbourne St,2,0,3,0
2025-10-05,14,10:00,123,17,14.7,4,2,30.13,0,2025-10-05 22:00:00,2025-10-06 04:00:00,E,St George St,4,1,4,0
2025-10-05,14,10:00,123,17,14.7,4,2,30.13,0,2025-10-05 22:00:00,2025-10-06 04:00:00,E,Dovercourt Rd,5,2,6,0
2025-10-05,14,10:00,123,17,14.7,4,2,30.13,0,2025-10-05 22:00:00,2025-10-06 04:00:00,E,Glenmount Park Rd,0,0,0,0
2025-10-05,14,10:00,123,17,14.7,4,2,30.13,0,2025-10-05 22:00:00,2025-10-06 04:00:00,E,Prust Ave,1,2,4,0
2025-10-05,14,10:00,123,17,14.7,4,2,30.13,0,2025-10-05 22:00:00,2025-10-06 04:00:00,E,Main Street Station at Bay 7,0,0,0,0
2025-10-05,14,10:00,123,17,14.7,4,2,30.13,0,2025-10-05 22:00:00,2025-10-06 04:00:00,E,Norwood Rd,0,0,0,0
2025-10-05,14,10:00,123,17,14.7,4,2,30.13,0,2025-10-05 22:00:00,2025-10-06 04:00:00,E,McCaul St,4,1,4,0
2025-10-05,14,10:00,123,17,14.7,4,2,30.13,0,2025-10-05 22:00:00,2025-10-06 04:00:00,E,Broadview Ave,4,0,3,0
2025-10-05,14,10:00,123,17,14.7,4,2,30.13,0,2025-10-05 22:00:00,2025-10-06 04:00:00,E,Ontario St,2,0,3,0
2025-10-05,14,10:00,123,17,14.7,4,2,30.13,0,2025-10-05 22:00:00,2025-10-06 04:00:00,E,Rusholme Park Cres,1,1,2,0
2025-10-05,14,10:00,123,17,14.7,4,2,30.13,0,2025-10-05 22:00:00,2025-10-06 04:00:00,E,Havelock St,1,2,4,0
2025-10-05,14,10:00,123,17,14.7,4,2,30.13,0,2025-10-05 22:00:00,2025-10-06 04:00:00,E,High Park Loop,0,2,6,0
2025-10-05,14,10:00,123,17,14.7,4,2,30.13,0,2025-10-05 22:00:00,2025-10-06 04:00:00,E,Queens Park (Queen's Park Station),4,2,4,0
2025-10-05,14,10:00,123,17,14.7,4,2,30.13,0,2025-10-05 22:00:00,2025-10-06 04:00:00,E,Roncesvalles Ave,0,0,0,0
2025-10-05,14,10:00,123,17,14.7,4,2,30.13,0,2025-10-05 22:00:00,2025-10-06 04:00:00,E,De Grassi St,5,0,3,1
2025-10-05,14,10:00,123,17,14.7,4,2,30.13,0,2025-10-05 22:00:00,2025-10-06 04:00:00,E,Parliament St at Carlton St,2,0,3,0
2025-10-05,14,10:00,123,17,14.7,4,2,30.13,0,2025-10-05 22:00:00,2025-10-06 04:00:00,E,Parkside Dr East Side,0,1,3,0
2025-10-05,14,10:00,123,17,14.7,4,2,30.13,0,2025-10-05 22:00:00,2025-10-06 04:00:00,E,Dundas St West,2,0,3,0
2025-10-05,14,10:00,123,17,14.7,4,2,30.13,0,2025-10-05 22:00:00,2025-10-06 04:00:00,E,Howard Park Ave at Roncesvalles Ave,0,0,0,0
2025-10-05,14,10:00,123,17,14.7,4,2,30.13,0,2025-10-05 22:00:00,2025-10-06 04:00:00,E,Parliament St,0,0,0,0
2025-10-05,14,10:00,123,17,14.7,4,2,30.13,0,2025-10-05 22:00:00,2025-10-06 04:00:00,E,Parliament St at Gerrard St East,0,0,0,0
2025-10-05,14,10:00,123,17,14.7,4,2,30.13,0,2025-10-05 22:00:00,2025-10-06 04:00:00,E,Sumach St,0,0,0,0
2025-10-05,14,10:00,123,17,14.7,4,2,30.13,0,2025-10-05 22:00:00,2025-10-06 04:00:00,E,Blackburn St,0,0,0,0
2025-10-05,14,10:00,123,17,14.7,4,2,30.13,0,2025-10-05 22:00:00,2025-10-06 04:00:00,E,Logan Ave,4,1,4,0
2025-10-05,14,10:00,123,17,14.7,4,2,30.13,0,2025-10-05 22:00:00,2025-10-06 04:00:00,E,Augusta Ave,0,0,0,0
2025-10-05,14,10:00,123,17,14.7,4,2,30.13,0,2025-10-05 22:00:00,2025-10-06 04:00:00,E,Beverley St,0,0,0,0
2025-10-05,14,10:00,123,17,14.7,4,2,30.13,0,2025-10-05 22:00:00,2025-10-06 04:00:00,E,University Ave (Queen's Park Station,0,0,0,0
2025-10-05,14,10:00,123,17,14.7,4,2,30.13,0,2025-10-05 22:00:00,2025-10-06 04:00:00,E,Elizabeth St,0,0,0,0
2025-10-05,14,10:00,123,17,14.7,4,2,30.13,0,2025-10-05 22:00:00,2025-10-06 04:00:00,E,Greenwood Ave,0,0,0,0
2025-10-05,14,10:00,123,17,14.7,4,2,30.13,0,2025-10-05 22:00:00,2025-10-06 04:00:00,E,Alton Ave,0,0,0,0
2025-10-05,14,10:00,123,17,14.7,4,2,30.13,0,2025-10-05 22:00:00,2025-10-06 04:00:00,E,Coxwell Ave,0,0,0,0
2025-10-05,14,10:00,123,17,14.7,4,2,30.13,0,2025-10-05 22:00:00,2025-10-06 04:00:00,E,Gerrard St East  at Coxwell Ave,0,0,0,0
2025-10-05,14,10:00,123,17,14.7,4,2,30.13,0,2025-10-05 22:00:00,2025-10-06 04:00:00,E,Coxwell Ave at Lower Gerrard St East,0,0,0,0
2025-10-05,14,10:00,123,17,14.7,4,2,30.13,0,2025-10-05 22:00:00,2025-10-06 04:00:00,E,Ashdale Ave,0,0,0,0
2025-10-05,14,10:00,123,17,14.7,4,2,30.13,0,2025-10-05 22:00:00,2025-10-06 04:00:00,E,Howard Park Ave at Indian Rd,0,0,0,0
2025-10-05,14,10:00,123,17,14.7,4,2,30.13,0,2025-10-05 22:00:00,2025-10-06 04:00:00,E,Dundas St West at Howard Park Ave,0,0,0,0
2025-10-05,14,10:00,123,17,14.7,4,2,30.13,0,2025-10-05 22:00:00,2025-10-06 04:00:00,E,Main St at Gerrard St East,0,0,0,0
2025-10-05,14,10:00,123,17,14.7,4,2,30.13,0,2025-10-05 22:00:00,2025-10-06 04:00:00,E,Main St,0,0,0,0
2025-10-05,14,10:00,123,17,14.7,4,2,30.13,0,2025-10-05 22:00:00,2025-10-06 04:00:00,E,Main St at Danforth Ave,0,0,0,0
2025-10-05,14,10:00,123,17,14.7,4,2,30.13,0,2025-10-05 22:00:00,2025-10-06 04:00:00,E,Howard Park Ave at Parkside Dr,0,0,0,0
2025-10-05,14,10:00,123,17,14.7,4,2,30.13,0,2025-10-05 22:00:00,2025-10-06 04:00:00,W,Woodfield Rd,1,1,0,2
2025-10-05,14,10:00,123,17,14.7,4,2,30.13,0,2025-10-05 22:00:00,2025-10-06 04:00:00,W,Coxwell Ave at Gerrard St East,1,1,0,2
2025-10-05,14,10:00,123,17,14.7,4,2,30.13,0,2025-10-05 22:00:00,2025-10-06 04:00:00,W,Euclid Ave,0,0,0,0
2025-10-05,14,10:00,123,17,14.7,4,2,30.13,0,2025-10-05 22:00:00,2025-10-06 04:00:00,W,Bowmore Rd,0,0,0,0
2025-10-05,14,10:00,123,17,14.7,4,2,30.13,0,2025-10-05 22:00:00,2025-10-06 04:00:00,W,Bay St,0,1,0,1
2025-10-05,14,10:00,123,17,14.7,4,2,30.13,0,2025-10-05 22:00:00,2025-10-06 04:00:00,W,Lansdowne Ave,0,0,0,0
2025-10-05,14,10:00,123,17,14.7,4,2,30.13,0,2025-10-05 22:00:00,2025-10-06 04:00:00,W,Indian Rd,3,1,2,0
2025-10-05,14,10:00,123,17,14.7,4,2,30.13,0,2025-10-05 22:00:00,2025-10-06 04:00:00,W,Grace St,0,0,0,0
2025-10-05,14,10:00,123,17,14.7,4,2,30.13,0,2025-10-05 22:00:00,2025-10-06 04:00:00,W,Dufferin St,0,1,1,0
2025-10-05,14,10:00,123,17,14.7,4,2,30.13,0,2025-10-05 22:00:00,2025-10-06 04:00:00,W,Gerrard St East at Beaton Ave,1,0,1,1
2025-10-05,14,10:00,123,17,14.7,4,2,30.13,0,2025-10-05 22:00:00,2025-10-06 04:00:00,W,Bathurst St,0,0,0,0
2025-10-05,14,10:00,123,17,14.7,4,2,30.13,0,2025-10-05 22:00:00,2025-10-06 04:00:00,W,Yonge St - College Station,0,0,0,0
2025-10-05,14,10:00,123,17,14.7,4,2,30.13,0,2025-10-05 22:00:00,2025-10-06 04:00:00,W,Dundas St West at Sterling Rd,0,0,0,0
2025-10-05,14,10:00,123,17,14.7,4,2,30.13,0,2025-10-05 22:00:00,2025-10-06 04:00:00,W,Brock Ave,0,0,0,0
2025-10-05,14,10:00,123,17,14.7,4,2,30.13,0,2025-10-05 22:00:00,2025-10-06 04:00:00,W,Sackville St,0,2,1,0
2025-10-05,14,10:00,123,17,14.7,4,2,30.13,0,2025-10-05 22:00:00,2025-10-06 04:00:00,W,Carlaw Ave,0,0,0,0
2025-10-05,14,10:00,123,17,14.7,4,2,30.13,0,2025-10-05 22:00:00,2025-10-06 04:00:00,W,Borden St,0,0,0,0
2025-10-05,14,10:00,123,17,14.7,4,2,30.13,0,2025-10-05 22:00:00,2025-10-06 04:00:00,W,Dundas St West at Sorauren Ave,3,0,2,0
2025-10-05,14,10:00,123,17,14.7,4,2,30.13,0,2025-10-05 22:00:00,2025-10-06 04:00:00,W,Crawford St,0,0,0,0
2025-10-05,14,10:00,123,17,14.7,4,2,30.13,0,2025-10-05 22:00:00,2025-10-06 04:00:00,W,Pape Ave,0,0,0,0
2025-10-05,14,10:00,123,17,14.7,4,2,30.13,0,2025-10-05 22:00:00,2025-10-06 04:00:00,W,Spadina Ave,0,1,1,0
2025-10-05,14,10:00,123,17,14.7,4,2,30.13,0,2025-10-05 22:00:00,2025-10-06 04:00:00,W,River St,0,2,1,0
2025-10-05,14,10:00,123,17,14.7,4,2,30.13,0,2025-10-05 22:00:00,2025-10-06 04:00:00,W,Marjory Ave,0,0,0,0
2025-10-05,14,10:00,123,17,14.7,4,2,30.13,0,2025-10-05 22:00:00,2025-10-06 04:00:00,W,Kingsmount Park Rd,0,0,0,0
2025-10-05,14,10:00,123,17,14.7,4,2,30.13,0,2025-10-05 22:00:00,2025-10-06 04:00:00,W,Church St,0,0,0,0
2025-10-05,14,10:00,123,17,14.7,4,2,30.13,0,2025-10-05 22:00:00,2025-10-06 04:00:00,W,Ossington Ave,0,0,0,0
2025-10-05,14,10:00,123,17,14.7,4,2,30.13,0,2025-10-05 22:00:00,2025-10-06 04:00:00,W,Woodbine Ave,0,0,0,0
2025-10-05,14,10:00,123,17,14.7,4,2,30.13,0,2025-10-05 22:00:00,2025-10-06 04:00:00,W,Jones Ave,0,0,0,0
2025-10-05,14,10:00,123,17,14.7,4,2,30.13,0,2025-10-05 22:00:00,2025-10-06 04:00:00,W,Golfview Ave,0,0,0,0
2025-10-05,14,10:00,123,17,14.7,4,2,30.13,0,2025-10-05 22:00:00,2025-10-06 04:00:00,W,Leslie St,0,0,0,0
2025-10-05,14,10:00,123,17,14.7,4,2,30.13,0,2025-10-05 22:00:00,2025-10-06 04:00:00,W,St Matthews Rd,0,0,0,0
2025-10-05,14,10:00,123,17,14.7,4,2,30.13,0,2025-10-05 22:00:00,2025-10-06 04:00:00,W,Jarvis St,0,0,0,0
2025-10-05,14,10:00,123,17,14.7,4,2,30.13,0,2025-10-05 22:00:00,2025-10-06 04:00:00,W,Sherbourne St,0,0,0,0
2025-10-05,14,10:00,123,17,14.7,4,2,30.13,0,2025-10-05 22:00:00,2025-10-06 04:00:00,W,St George St,0,0,0,0
2025-10-05,14,10:00,123,17,14.7,4,2,30.13,0,2025-10-05 22:00:00,2025-10-06 04:00:00,W,Dovercourt Rd,0,0,0,0
2025-10-05,14,10:00,123,17,14.7,4,2,30.13,0,2025-10-05 22:00:00,2025-10-06 04:00:00,W,Glenmount Park Rd,0,0,0,0
2025-10-05,14,10:00,123,17,14.7,4,2,30.13,0,2025-10-05 22:00:00,2025-10-06 04:00:00,W,Prust Ave,0,0,0,0
2025-10-05,14,10:00,123,17,14.7,4,2,30.13,0,2025-10-05 22:00:00,2025-10-06 04:00:00,W,Main Street Station at Bay 7,0,0,0,0
2025-10-05,14,10:00,123,17,14.7,4,2,30.13,0,2025-10-05 22:00:00,2025-10-06 04:00:00,W,Norwood Rd,0,0,0,0
2025-10-05,14,10:00,123,17,14.7,4,2,30.13,0,2025-10-05 22:00:00,2025-10-06 04:00:00,W,McCaul St,0,0,0,0
2025-10-05,14,10:00,123,17,14.7,4,2,30.13,0,2025-10-05 22:00:00,2025-10-06 04:00:00,W,Broadview Ave,0,0,0,0
2025-10-05,14,10:00,123,17,14.7,4,2,30.13,0,2025-10-05 22:00:00,2025-10-06 04:00:00,W,Ontario St,0,0,0,0
2025-10-05,14,10:00,123,17,14.7,4,2,30.13,0,2025-10-05 22:00:00,2025-10-06 04:00:00,W,Rusholme Park Cres,0,0,0,0
2025-10-05,14,10:00,123,17,14.7,4,2,30.13,0,2025-10-05 22:00:00,2025-10-06 04:00:00,W,Havelock St,0,0,0,0
2025-10-05,14,10:00,123,17,14.7,4,2,30.13,0,2025-10-05 22:00:00,2025-10-06 04:00:00,W,High Park Loop,0,0,0,0
2025-10-05,14,10:00,123,17,14.7,4,2,30.13,0,2025-10-05 22:00:00,2025-10-06 04:00:00,W,Queens Park (Queen's Park Station),0,0,0,0
2025-10-05,14,10:00,123,17,14.7,4,2,30.13,0,2025-10-05 22:00:00,2025-10-06 04:00:00,W,Roncesvalles Ave,2,1,2,0
2025-10-05,14,10:00,123,17,14.7,4,2,30.13,0,2025-10-05 22:00:00,2025-10-06 04:00:00,W,De Grassi St,0,0,0,0
2025-10-05,14,10:00,123,17,14.7,4,2,30.13,0,2025-10-05 22:00:00,2025-10-06 04:00:00,W,Parliament St at Carlton St,0,0,0,0
2025-10-05,14,10:00,123,17,14.7,4,2,30.13,0,2025-10-05 22:00:00,2025-10-06 04:00:00,W,Parkside Dr East Side,0,0,0,0
2025-10-05,14,10:00,123,17,14.7,4,2,30.13,0,2025-10-05 22:00:00,2025-10-06 04:00:00,W,Dundas St West,2,1,2,0
2025-10-05,14,10:00,123,17,14.7,4,2,30.13,0,2025-10-05 22:00:00,2025-10-06 04:00:00,W,Howard Park Ave at Roncesvalles Ave,0,0,0,0
2025-10-05,14,10:00,123,17,14.7,4,2,30.13,0,2025-10-05 22:00:00,2025-10-06 04:00:00,W,Parliament St,0,0,0,0
2025-10-05,14,10:00,123,17,14.7,4,2,30.13,0,2025-10-05 22:00:00,2025-10-06 04:00:00,W,Parliament St at Gerrard St East,0,0,0,0
2025-10-05,14,10:00,123,17,14.7,4,2,30.13,0,2025-10-05 22:00:00,2025-10-06 04:00:00,W,Sumach St,0,0,0,0
2025-10-05,14,10:00,123,17,14.7,4,2,30.13,0,2025-10-05 22:00:00,2025-10-06 04:00:00,W,Blackburn St,0,0,0,0
2025-10-05,14,10:00,123,17,14.7,4,2,30.13,0,2025-10-05 22:00:00,2025-10-06 04:00:00,W,Logan Ave,0,0,0,0
2025-10-05,14,10:00,123,17,14.7,4,2,30.13,0,2025-10-05 22:00:00,2025-10-06 04:00:00,W,Augusta Ave,0,0,0,0
2025-10-05,14,10:00,123,17,14.7,4,2,30.13,0,2025-10-05 22:00:00,2025-10-06 04:00:00,W,Beverley St,0,0,0,0
2025-10-05,14,10:00,123,17,14.7,4,2,30.13,0,2025-10-05 22:00:00,2025-10-06 04:00:00,W,University Ave (Queen's Park Station,0,0,0,0
2025-10-05,14,10:00,123,17,14.7,4,2,30.13,0,2025-10-05 22:00:00,2025-10-06 04:00:00,W,Elizabeth St,0,0,0,0
2025-10-05,14,10:00,123,17,14.7,4,2,30.13,0,2025-10-05 22:00:00,2025-10-06 04:00:00,W,Greenwood Ave,0,0,0,0
2025-10-05,14,10:00,123,17,14.7,4,2,30.13,0,2025-10-05 22:00:00,2025-10-06 04:00:00,W,Alton Ave,0,0,0,0
2025-10-05,14,10:00,123,17,14.7,4,2,30.13,0,2025-10-05 22:00:00,2025-10-06 04:00:00,W,Coxwell Ave,0,0,0,0
2025-10-05,14,10:00,123,17,14.7,4,2,30.13,0,2025-10-05 22:00:00,2025-10-06 04:00:00,W,Gerrard St East  at Coxwell Ave,0,0,0,0
2025-10-05,14,10:00,123,17,14.7,4,2,30.13,0,2025-10-05 22:00:00,2025-10-06 04:00:00,W,Coxwell Ave at Lower Gerrard St East,0,0,0,0
2025-10-05,14,10:00,123,17,14.7,4,2,30.13,0,2025-10-05 22:00:00,2025-10-06 04:00:00,W,Ashdale Ave,0,0,0,0
2025-10-05,14,10:00,123,17,14.7,4,2,30.13,0,2025-10-05 22:00:00,2025-10-06 04:00:00,W,Howard Park Ave at Indian Rd,0,0,0,0
2025-10-05,14,10:00,123,17,14.7,4,2,30.13,0,2025-10-05 22:00:00,2025-10-06 04:00:00,W,Dundas St West at Howard Park Ave,0,0,0,0
2025-10-05,14,10:00,123,17,14.7,4,2,30.13,0,2025-10-05 22:00:00,2025-10-06 04:00:00,W,Main St at Gerrard St East,0,0,0,0
2025-10-05,14,10:00,123,17,14.7,4,2,30.13,0,2025-10-05 22:00:00,2025-10-06 04:00:00,W,Main St,0,0,0,0
2025-10-05,14,10:00,123,17,14.7,4,2,30.13,0,2025-10-05 22:00:00,2025-10-06 04:00:00,W,Main St at Danforth Ave,0,0,0,0
2025-10-05,14,10:00,123,17,14.7,4,2,30.13,0,2025-10-05 22:00:00,2025-10-06 04:00:00,W,Howard Park Ave at Parkside Dr,0,0,0,0
2025-10-12,15,10:00,144,6,13.5,4,2,32.49,1,2025-10-12 22:00:00,2025-10-13 04:00:00,E,Woodfield Rd,2,1,1,0
2025-10-12,15,10:00,144,6,13.5,4,2,32.49,1,2025-10-12 22:00:00,2025-10-13 04:00:00,E,Coxwell Ave at Gerrard St East,0,0,0,0
2025-10-12,15,10:00,144,6,13.5,4,2,32.49,1,2025-10-12 22:00:00,2025-10-13 04:00:00,E,Euclid Ave,0,4,0,0
2025-10-12,15,10:00,144,6,13.5,4,2,32.49,1,2025-10-12 22:00:00,2025-10-13 04:00:00,E,Bowmore Rd,0,6,1,0
2025-10-12,15,10:00,144,6,13.5,4,2,32.49,1,2025-10-12 22:00:00,2025-10-13 04:00:00,E,Bay St,0,1,0,0
2025-10-12,15,10:00,144,6,13.5,4,2,32.49,1,2025-10-12 22:00:00,2025-10-13 04:00:00,E,Lansdowne Ave,0,5,0,0
2025-10-12,15,10:00,144,6,13.5,4,2,32.49,1,2025-10-12 22:00:00,2025-10-13 04:00:00,E,Indian Rd,0,4,0,0
2025-10-12,15,10:00,144,6,13.5,4,2,32.49,1,2025-10-12 22:00:00,2025-10-13 04:00:00,E,Grace St,0,4,0,0
2025-10-12,15,10:00,144,6,13.5,4,2,32.49,1,2025-10-12 22:00:00,2025-10-13 04:00:00,E,Dufferin St,0,3,0,0
2025-10-12,15,10:00,144,6,13.5,4,2,32.49,1,2025-10-12 22:00:00,2025-10-13 04:00:00,E,Gerrard St East at Beaton Ave,0,5,1,0
2025-10-12,15,10:00,144,6,13.5,4,2,32.49,1,2025-10-12 22:00:00,2025-10-13 04:00:00,E,Bathurst St,0,3,0,0
2025-10-12,15,10:00,144,6,13.5,4,2,32.49,1,2025-10-12 22:00:00,2025-10-13 04:00:00,E,Yonge St - College Station,0,6,0,0
2025-10-12,15,10:00,144,6,13.5,4,2,32.49,1,2025-10-12 22:00:00,2025-10-13 04:00:00,E,Dundas St West at Sterling Rd,0,3,0,0
2025-10-12,15,10:00,144,6,13.5,4,2,32.49,1,2025-10-12 22:00:00,2025-10-13 04:00:00,E,Brock Ave,0,5,0,0
2025-10-12,15,10:00,144,6,13.5,4,2,32.49,1,2025-10-12 22:00:00,2025-10-13 04:00:00,E,Sackville St,0,0,0,0
2025-10-12,15,10:00,144,6,13.5,4,2,32.49,1,2025-10-12 22:00:00,2025-10-13 04:00:00,E,Carlaw Ave,0,4,0,0
2025-10-12,15,10:00,144,6,13.5,4,2,32.49,1,2025-10-12 22:00:00,2025-10-13 04:00:00,E,Borden St,0,4,0,0
2025-10-12,15,10:00,144,6,13.5,4,2,32.49,1,2025-10-12 22:00:00,2025-10-13 04:00:00,E,Dundas St West at Sorauren Ave,0,2,0,0
2025-10-12,15,10:00,144,6,13.5,4,2,32.49,1,2025-10-12 22:00:00,2025-10-13 04:00:00,E,Crawford St,0,3,0,0
2025-10-12,15,10:00,144,6,13.5,4,2,32.49,1,2025-10-12 22:00:00,2025-10-13 04:00:00,E,Pape Ave,0,2,0,0
2025-10-12,15,10:00,144,6,13.5,4,2,32.49,1,2025-10-12 22:00:00,2025-10-13 04:00:00,E,Spadina Ave,0,1,0,0
2025-10-12,15,10:00,144,6,13.5,4,2,32.49,1,2025-10-12 22:00:00,2025-10-13 04:00:00,E,River St,0,0,0,0
2025-10-12,15,10:00,144,6,13.5,4,2,32.49,1,2025-10-12 22:00:00,2025-10-13 04:00:00,E,Marjory Ave,0,2,0,0
2025-10-12,15,10:00,144,6,13.5,4,2,32.49,1,2025-10-12 22:00:00,2025-10-13 04:00:00,E,Kingsmount Park Rd,1,5,1,0
2025-10-12,15,10:00,144,6,13.5,4,2,32.49,1,2025-10-12 22:00:00,2025-10-13 04:00:00,E,Church St,0,0,0,0
2025-10-12,15,10:00,144,6,13.5,4,2,32.49,1,2025-10-12 22:00:00,2025-10-13 04:00:00,E,Ossington Ave,0,3,0,0
2025-10-12,15,10:00,144,6,13.5,4,2,32.49,1,2025-10-12 22:00:00,2025-10-13 04:00:00,E,Woodbine Ave,3,5,0,0
2025-10-12,15,10:00,144,6,13.5,4,2,32.49,1,2025-10-12 22:00:00,2025-10-13 04:00:00,E,Jones Ave,1,6,0,0
2025-10-12,15,10:00,144,6,13.5,4,2,32.49,1,2025-10-12 22:00:00,2025-10-13 04:00:00,E,Golfview Ave,0,5,0,0
2025-10-12,15,10:00,144,6,13.5,4,2,32.49,1,2025-10-12 22:00:00,2025-10-13 04:00:00,E,Leslie St,0,4,0,0
2025-10-12,15,10:00,144,6,13.5,4,2,32.49,1,2025-10-12 22:00:00,2025-10-13 04:00:00,E,St Matthews Rd,0,0,0,0
2025-10-12,15,10:00,144,6,13.5,4,2,32.49,1,2025-10-12 22:00:00,2025-10-13 04:00:00,E,Jarvis St,1,3,0,0
2025-10-12,15,10:00,144,6,13.5,4,2,32.49,1,2025-10-12 22:00:00,2025-10-13 04:00:00,E,Sherbourne St,1,3,0,0
2025-10-12,15,10:00,144,6,13.5,4,2,32.49,1,2025-10-12 22:00:00,2025-10-13 04:00:00,E,St George St,0,3,0,0
2025-10-12,15,10:00,144,6,13.5,4,2,32.49,1,2025-10-12 22:00:00,2025-10-13 04:00:00,E,Dovercourt Rd,0,9,0,0
2025-10-12,15,10:00,144,6,13.5,4,2,32.49,1,2025-10-12 22:00:00,2025-10-13 04:00:00,E,Glenmount Park Rd,0,5,0,0
2025-10-12,15,10:00,144,6,13.5,4,2,32.49,1,2025-10-12 22:00:00,2025-10-13 04:00:00,E,Prust Ave,0,4,0,0
2025-10-12,15,10:00,144,6,13.5,4,2,32.49,1,2025-10-12 22:00:00,2025-10-13 04:00:00,E,Main Street Station at Bay 7,0,0,0,0
2025-10-12,15,10:00,144,6,13.5,4,2,32.49,1,2025-10-12 22:00:00,2025-10-13 04:00:00,E,Norwood Rd,0,4,1,0
2025-10-12,15,10:00,144,6,13.5,4,2,32.49,1,2025-10-12 22:00:00,2025-10-13 04:00:00,E,McCaul St,0,4,0,0
2025-10-12,15,10:00,144,6,13.5,4,2,32.49,1,2025-10-12 22:00:00,2025-10-13 04:00:00,E,Broadview Ave,0,2,0,0
2025-10-12,15,10:00,144,6,13.5,4,2,32.49,1,2025-10-12 22:00:00,2025-10-13 04:00:00,E,Ontario St,0,4,0,0
2025-10-12,15,10:00,144,6,13.5,4,2,32.49,1,2025-10-12 22:00:00,2025-10-13 04:00:00,E,Rusholme Park Cres,0,5,0,0
2025-10-12,15,10:00,144,6,13.5,4,2,32.49,1,2025-10-12 22:00:00,2025-10-13 04:00:00,E,Havelock St,0,6,0,0
2025-10-12,15,10:00,144,6,13.5,4,2,32.49,1,2025-10-12 22:00:00,2025-10-13 04:00:00,E,High Park Loop,0,7,0,0
2025-10-12,15,10:00,144,6,13.5,4,2,32.49,1,2025-10-12 22:00:00,2025-10-13 04:00:00,E,Queens Park (Queen's Park Station),0,2,0,0
2025-10-12,15,10:00,144,6,13.5,4,2,32.49,1,2025-10-12 22:00:00,2025-10-13 04:00:00,E,Roncesvalles Ave,0,0,0,0
2025-10-12,15,10:00,144,6,13.5,4,2,32.49,1,2025-10-12 22:00:00,2025-10-13 04:00:00,E,De Grassi St,0,2,0,0
2025-10-12,15,10:00,144,6,13.5,4,2,32.49,1,2025-10-12 22:00:00,2025-10-13 04:00:00,E,Parliament St at Carlton St,1,1,0,0
2025-10-12,15,10:00,144,6,13.5,4,2,32.49,1,2025-10-12 22:00:00,2025-10-13 04:00:00,E,Parkside Dr East Side,0,1,0,0
2025-10-12,15,10:00,144,6,13.5,4,2,32.49,1,2025-10-12 22:00:00,2025-10-13 04:00:00,E,Dundas St West,0,3,0,0
2025-10-12,15,10:00,144,6,13.5,4,2,32.49,1,2025-10-12 22:00:00,2025-10-13 04:00:00,E,Howard Park Ave at Roncesvalles Ave,0,0,0,0
2025-10-12,15,10:00,144,6,13.5,4,2,32.49,1,2025-10-12 22:00:00,2025-10-13 04:00:00,E,Parliament St,0,0,0,0
2025-10-12,15,10:00,144,6,13.5,4,2,32.49,1,2025-10-12 22:00:00,2025-10-13 04:00:00,E,Parliament St at Gerrard St East,0,0,0,0
2025-10-12,15,10:00,144,6,13.5,4,2,32.49,1,2025-10-12 22:00:00,2025-10-13 04:00:00,E,Sumach St,0,0,0,0
2025-10-12,15,10:00,144,6,13.5,4,2,32.49,1,2025-10-12 22:00:00,2025-10-13 04:00:00,E,Blackburn St,0,0,0,0
2025-10-12,15,10:00,144,6,13.5,4,2,32.49,1,2025-10-12 22:00:00,2025-10-13 04:00:00,E,Logan Ave,0,4,0,0
2025-10-12,15,10:00,144,6,13.5,4,2,32.49,1,2025-10-12 22:00:00,2025-10-13 04:00:00,E,Augusta Ave,0,0,0,0
2025-10-12,15,10:00,144,6,13.5,4,2,32.49,1,2025-10-12 22:00:00,2025-10-13 04:00:00,E,Beverley St,0,0,0,0
2025-10-12,15,10:00,144,6,13.5,4,2,32.49,1,2025-10-12 22:00:00,2025-10-13 04:00:00,E,University Ave (Queen's Park Station,0,0,0,0
2025-10-12,15,10:00,144,6,13.5,4,2,32.49,1,2025-10-12 22:00:00,2025-10-13 04:00:00,E,Elizabeth St,0,0,0,0
2025-10-12,15,10:00,144,6,13.5,4,2,32.49,1,2025-10-12 22:00:00,2025-10-13 04:00:00,E,Greenwood Ave,0,0,0,0
2025-10-12,15,10:00,144,6,13.5,4,2,32.49,1,2025-10-12 22:00:00,2025-10-13 04:00:00,E,Alton Ave,0,0,0,0
2025-10-12,15,10:00,144,6,13.5,4,2,32.49,1,2025-10-12 22:00:00,2025-10-13 04:00:00,E,Coxwell Ave,0,0,0,0
2025-10-12,15,10:00,144,6,13.5,4,2,32.49,1,2025-10-12 22:00:00,2025-10-13 04:00:00,E,Gerrard St East  at Coxwell Ave,0,0,0,0
2025-10-12,15,10:00,144,6,13.5,4,2,32.49,1,2025-10-12 22:00:00,2025-10-13 04:00:00,E,Coxwell Ave at Lower Gerrard St East,0,0,0,0
2025-10-12,15,10:00,144,6,13.5,4,2,32.49,1,2025-10-12 22:00:00,2025-10-13 04:00:00,E,Ashdale Ave,0,0,0,0
2025-10-12,15,10:00,144,6,13.5,4,2,32.49,1,2025-10-12 22:00:00,2025-10-13 04:00:00,E,Howard Park Ave at Indian Rd,0,0,0,0
2025-10-12,15,10:00,144,6,13.5,4,2,32.49,1,2025-10-12 22:00:00,2025-10-13 04:00:00,E,Dundas St West at Howard Park Ave,0,0,0,0
2025-10-12,15,10:00,144,6,13.5,4,2,32.49,1,2025-10-12 22:00:00,2025-10-13 04:00:00,E,Main St at Gerrard St East,0,0,0,0
2025-10-12,15,10:00,144,6,13.5,4,2,32.49,1,2025-10-12 22:00:00,2025-10-13 04:00:00,E,Main St,0,0,0,0
2025-10-12,15,10:00,144,6,13.5,4,2,32.49,1,2025-10-12 22:00:00,2025-10-13 04:00:00,E,Main St at Danforth Ave,0,0,0,0
2025-10-12,15,10:00,144,6,13.5,4,2,32.49,1,2025-10-12 22:00:00,2025-10-13 04:00:00,E,Howard Park Ave at Parkside Dr,0,0,0,0
2025-10-12,15,10:00,144,6,13.5,4,2,32.49,1,2025-10-12 22:00:00,2025-10-13 04:00:00,W,Woodfield Rd,0,4,1,0
2025-10-12,15,10:00,144,6,13.5,4,2,32.49,1,2025-10-12 22:00:00,2025-10-13 04:00:00,W,Coxwell Ave at Gerrard St East,0,4,0,0
2025-10-12,15,10:00,144,6,13.5,4,2,32.49,1,2025-10-12 22:00:00,2025-10-13 04:00:00,W,Euclid Ave,0,0,0,0
2025-10-12,15,10:00,144,6,13.5,4,2,32.49,1,2025-10-12 22:00:00,2025-10-13 04:00:00,W,Bowmore Rd,0,0,0,0
2025-10-12,15,10:00,144,6,13.5,4,2,32.49,1,2025-10-12 22:00:00,2025-10-13 04:00:00,W,Bay St,0,5,1,0
2025-10-12,15,10:00,144,6,13.5,4,2,32.49,1,2025-10-12 22:00:00,2025-10-13 04:00:00,W,Lansdowne Ave,0,0,0,0
2025-10-12,15,10:00,144,6,13.5,4,2,32.49,1,2025-10-12 22:00:00,2025-10-13 04:00:00,W,Indian Rd,2,6,0,0
2025-10-12,15,10:00,144,6,13.5,4,2,32.49,1,2025-10-12 22:00:00,2025-10-13 04:00:00,W,Grace St,0,0,0,0
2025-10-12,15,10:00,144,6,13.5,4,2,32.49,1,2025-10-12 22:00:00,2025-10-13 04:00:00,W,Dufferin St,0,6,0,0
2025-10-12,15,10:00,144,6,13.5,4,2,32.49,1,2025-10-12 22:00:00,2025-10-13 04:00:00,W,Gerrard St East at Beaton Ave,0,2,0,0
2025-10-12,15,10:00,144,6,13.5,4,2,32.49,1,2025-10-12 22:00:00,2025-10-13 04:00:00,W,Bathurst St,0,0,0,0
2025-10-12,15,10:00,144,6,13.5,4,2,32.49,1,2025-10-12 22:00:00,2025-10-13 04:00:00,W,Yonge St - College Station,0,0,0,0
2025-10-12,15,10:00,144,6,13.5,4,2,32.49,1,2025-10-12 22:00:00,2025-10-13 04:00:00,W,Dundas St West at Sterling Rd,0,0,0,0
2025-10-12,15,10:00,144,6,13.5,4,2,32.49,1,2025-10-12 22:00:00,2025-10-13 04:00:00,W,Brock Ave,0,0,0,0
2025-10-12,15,10:00,144,6,13.5,4,2,32.49,1,2025-10-12 22:00:00,2025-10-13 04:00:00,W,Sackville St,0,0,0,0
2025-10-12,15,10:00,144,6,13.5,4,2,32.49,1,2025-10-12 22:00:00,2025-10-13 04:00:00,W,Carlaw Ave,0,0,0,0
2025-10-12,15,10:00,144,6,13.5,4,2,32.49,1,2025-10-12 22:00:00,2025-10-13 04:00:00,W,Borden St,0,0,0,0
2025-10-12,15,10:00,144,6,13.5,4,2,32.49,1,2025-10-12 22:00:00,2025-10-13 04:00:00,W,Dundas St West at Sorauren Ave,0,3,0,0
2025-10-12,15,10:00,144,6,13.5,4,2,32.49,1,2025-10-12 22:00:00,2025-10-13 04:00:00,W,Crawford St,0,0,0,0
2025-10-12,15,10:00,144,6,13.5,4,2,32.49,1,2025-10-12 22:00:00,2025-10-13 04:00:00,W,Pape Ave,0,0,0,0
2025-10-12,15,10:00,144,6,13.5,4,2,32.49,1,2025-10-12 22:00:00,2025-10-13 04:00:00,W,Spadina Ave,0,0,0,0
2025-10-12,15,10:00,144,6,13.5,4,2,32.49,1,2025-10-12 22:00:00,2025-10-13 04:00:00,W,River St,0,0,0,0
2025-10-12,15,10:00,144,6,13.5,4,2,32.49,1,2025-10-12 22:00:00,2025-10-13 04:00:00,W,Marjory Ave,0,0,0,0
2025-10-12,15,10:00,144,6,13.5,4,2,32.49,1,2025-10-12 22:00:00,2025-10-13 04:00:00,W,Kingsmount Park Rd,0,0,0,0
2025-10-12,15,10:00,144,6,13.5,4,2,32.49,1,2025-10-12 22:00:00,2025-10-13 04:00:00,W,Church St,0,0,0,0
2025-10-12,15,10:00,144,6,13.5,4,2,32.49,1,2025-10-12 22:00:00,2025-10-13 04:00:00,W,Ossington Ave,0,0,0,0
2025-10-12,15,10:00,144,6,13.5,4,2,32.49,1,2025-10-12 22:00:00,2025-10-13 04:00:00,W,Woodbine Ave,0,0,0,0
2025-10-12,15,10:00,144,6,13.5,4,2,32.49,1,2025-10-12 22:00:00,2025-10-13 04:00:00,W,Jones Ave,0,0,0,0
2025-10-12,15,10:00,144,6,13.5,4,2,32.49,1,2025-10-12 22:00:00,2025-10-13 04:00:00,W,Golfview Ave,0,0,0,0
2025-10-12,15,10:00,144,6,13.5,4,2,32.49,1,2025-10-12 22:00:00,2025-10-13 04:00:00,W,Leslie St,0,0,0,0
2025-10-12,15,10:00,144,6,13.5,4,2,32.49,1,2025-10-12 22:00:00,2025-10-13 04:00:00,W,St Matthews Rd,0,0,0,0
2025-10-12,15,10:00,144,6,13.5,4,2,32.49,1,2025-10-12 22:00:00,2025-10-13 04:00:00,W,Jarvis St,0,0,0,0
2025-10-12,15,10:00,144,6,13.5,4,2,32.49,1,2025-10-12 22:00:00,2025-10-13 04:00:00,W,Sherbourne St,0,0,0,0
2025-10-12,15,10:00,144,6,13.5,4,2,32.49,1,2025-10-12 22:00:00,2025-10-13 04:00:00,W,St George St,0,0,0,0
2025-10-12,15,10:00,144,6,13.5,4,2,32.49,1,2025-10-12 22:00:00,2025-10-13 04:00:00,W,Dovercourt Rd,0,0,0,0
2025-10-12,15,10:00,144,6,13.5,4,2,32.49,1,2025-10-12 22:00:00,2025-10-13 04:00:00,W,Glenmount Park Rd,0,0,0,0
2025-10-12,15,10:00,144,6,13.5,4,2,32.49,1,2025-10-12 22:00:00,2025-10-13 04:00:00,W,Prust Ave,0,0,0,0
2025-10-12,15,10:00,144,6,13.5,4,2,32.49,1,2025-10-12 22:00:00,2025-10-13 04:00:00,W,Main Street Station at Bay 7,1,1,0,0
2025-10-12,15,10:00,144,6,13.5,4,2,32.49,1,2025-10-12 22:00:00,2025-10-13 04:00:00,W,Norwood Rd,0,0,0,0
2025-10-12,15,10:00,144,6,13.5,4,2,32.49,1,2025-10-12 22:00:00,2025-10-13 04:00:00,W,McCaul St,0,0,0,0
2025-10-12,15,10:00,144,6,13.5,4,2,32.49,1,2025-10-12 22:00:00,2025-10-13 04:00:00,W,Broadview Ave,0,0,0,0
2025-10-12,15,10:00,144,6,13.5,4,2,32.49,1,2025-10-12 22:00:00,2025-10-13 04:00:00,W,Ontario St,0,0,0,0
2025-10-12,15,10:00,144,6,13.5,4,2,32.49,1,2025-10-12 22:00:00,2025-10-13 04:00:00,W,Rusholme Park Cres,0,0,0,0
2025-10-12,15,10:00,144,6,13.5,4,2,32.49,1,2025-10-12 22:00:00,2025-10-13 04:00:00,W,Havelock St,0,0,0,0
2025-10-12,15,10:00,144,6,13.5,4,2,32.49,1,2025-10-12 22:00:00,2025-10-13 04:00:00,W,High Park Loop,0,0,0,0
2025-10-12,15,10:00,144,6,13.5,4,2,32.49,1,2025-10-12 22:00:00,2025-10-13 04:00:00,W,Queens Park (Queen's Park Station),0,0,0,0
2025-10-12,15,10:00,144,6,13.5,4,2,32.49,1,2025-10-12 22:00:00,2025-10-13 04:00:00,W,Roncesvalles Ave,1,5,0,0
2025-10-12,15,10:00,144,6,13.5,4,2,32.49,1,2025-10-12 22:00:00,2025-10-13 04:00:00,W,De Grassi St,0,0,0,0
2025-10-12,15,10:00,144,6,13.5,4,2,32.49,1,2025-10-12 22:00:00,2025-10-13 04:00:00,W,Parliament St at Carlton St,0,0,0,0
2025-10-12,15,10:00,144,6,13.5,4,2,32.49,1,2025-10-12 22:00:00,2025-10-13 04:00:00,W,Parkside Dr East Side,0,0,0,0
2025-10-12,15,10:00,144,6,13.5,4,2,32.49,1,2025-10-12 22:00:00,2025-10-13 04:00:00,W,Dundas St West,2,4,0,0
2025-10-12,15,10:00,144,6,13.5,4,2,32.49,1,2025-10-12 22:00:00,2025-10-13 04:00:00,W,Howard Park Ave at Roncesvalles Ave,0,0,0,0
2025-10-12,15,10:00,144,6,13.5,4,2,32.49,1,2025-10-12 22:00:00,2025-10-13 04:00:00,W,Parliament St,0,0,0,0
2025-10-12,15,10:00,144,6,13.5,4,2,32.49,1,2025-10-12 22:00:00,2025-10-13 04:00:00,W,Parliament St at Gerrard St East,0,0,0,0
2025-10-12,15,10:00,144,6,13.5,4,2,32.49,1,2025-10-12 22:00:00,2025-10-13 04:00:00,W,Sumach St,0,0,0,0
2025-10-12,15,10:00,144,6,13.5,4,2,32.49,1,2025-10-12 22:00:00,2025-10-13 04:00:00,W,Blackburn St,0,0,0,0
2025-10-12,15,10:00,144,6,13.5,4,2,32.49,1,2025-10-12 22:00:00,2025-10-13 04:00:00,W,Logan Ave,0,0,0,0
2025-10-12,15,10:00,144,6,13.5,4,2,32.49,1,2025-10-12 22:00:00,2025-10-13 04:00:00,W,Augusta Ave,0,0,0,0
2025-10-12,15,10:00,144,6,13.5,4,2,32.49,1,2025-10-12 22:00:00,2025-10-13 04:00:00,W,Beverley St,0,0,0,0
2025-10-12,15,10:00,144,6,13.5,4,2,32.49,1,2025-10-12 22:00:00,2025-10-13 04:00:00,W,University Ave (Queen's Park Station,0,0,0,0
2025-10-12,15,10:00,144,6,13.5,4,2,32.49,1,2025-10-12 22:00:00,2025-10-13 04:00:00,W,Elizabeth St,0,0,0,0
2025-10-12,15,10:00,144,6,13.5,4,2,32.49,1,2025-10-12 22:00:00,2025-10-13 04:00:00,W,Greenwood Ave,0,0,0,0
2025-10-12,15,10:00,144,6,13.5,4,2,32.49,1,2025-10-12 22:00:00,2025-10-13 04:00:00,W,Alton Ave,0,0,0,0
2025-10-12,15,10:00,144,6,13.5,4,2,32.49,1,2025-10-12 22:00:00,2025-10-13 04:00:00,W,Coxwell Ave,0,0,0,0
2025-10-12,15,10:00,144,6,13.5,4,2,32.49,1,2025-10-12 22:00:00,2025-10-13 04:00:00,W,Gerrard St East  at Coxwell Ave,0,0,0,0
2025-10-12,15,10:00,144,6,13.5,4,2,32.49,1,2025-10-12 22:00:00,2025-10-13 04:00:00,W,Coxwell Ave at Lower Gerrard St East,0,0,0,0
2025-10-12,15,10:00,144,6,13.5,4,2,32.49,1,2025-10-12 22:00:00,2025-10-13 04:00:00,W,Ashdale Ave,0,0,0,0
2025-10-12,15,10:00,144,6,13.5,4,2,32.49,1,2025-10-12 22:00:00,2025-10-13 04:00:00,W,Howard Park Ave at Indian Rd,0,0,0,0
2025-10-12,15,10:00,144,6,13.5,4,2,32.49,1,2025-10-12 22:00:00,2025-10-13 04:00:00,W,Dundas St West at Howard Park Ave,0,0,0,0
2025-10-12,15,10:00,144,6,13.5,4,2,32.49,1,2025-10-12 22:00:00,2025-10-13 04:00:00,W,Main St at Gerrard St East,0,0,0,0
2025-10-12,15,10:00,144,6,13.5,4,2,32.49,1,2025-10-12 22:00:00,2025-10-13 04:00:00,W,Main St,0,0,0,0
2025-10-12,15,10:00,144,6,13.5,4,2,32.49,1,2025-10-12 22:00:00,2025-10-13 04:00:00,W,Main St at Danforth Ave,0,0,0,0
2025-10-12,15,10:00,144,6,13.5,4,2,32.49,1,2025-10-12 22:00:00,2025-10-13 04:00:00,W,Howard Park Ave at Parkside Dr,0,0,0,0
2025-10-19,15,10:00,144,6,13.5,4,2,32.49,1,2025-10-19 22:00:00,2025-10-20 04:00:00,E,Woodfield Rd,3,2,1,0
2025-10-19,15,10:00,144,6,13.5,4,2,32.49,1,2025-10-19 22:00:00,2025-10-20 04:00:00,E,Coxwell Ave at Gerrard St East,0,0,0,0
2025-10-19,15,10:00,144,6,13.5,4,2,32.49,1,2025-10-19 22:00:00,2025-10-20 04:00:00,E,Euclid Ave,0,0,1,0
2025-10-19,15,10:00,144,6,13.5,4,2,32.49,1,2025-10-19 22:00:00,2025-10-20 04:00:00,E,Bowmore Rd,1,2,0,0
2025-10-19,15,10:00,144,6,13.5,4,2,32.49,1,2025-10-19 22:00:00,2025-10-20 04:00:00,E,Bay St,5,2,1,0
2025-10-19,15,10:00,144,6,13.5,4,2,32.49,1,2025-10-19 22:00:00,2025-10-20 04:00:00,E,Lansdowne Ave,4,2,1,0
2025-10-19,15,10:00,144,6,13.5,4,2,32.49,1,2025-10-19 22:00:00,2025-10-20 04:00:00,E,Indian Rd,0,1,1,0
2025-10-19,15,10:00,144,6,13.5,4,2,32.49,1,2025-10-19 22:00:00,2025-10-20 04:00:00,E,Grace St,0,1,1,0
2025-10-19,15,10:00,144,6,13.5,4,2,32.49,1,2025-10-19 22:00:00,2025-10-20 04:00:00,E,Dufferin St,4,2,1,0
2025-10-19,15,10:00,144,6,13.5,4,2,32.49,1,2025-10-19 22:00:00,2025-10-20 04:00:00,E,Gerrard St East at Beaton Ave,1,2,0,0
2025-10-19,15,10:00,144,6,13.5,4,2,32.49,1,2025-10-19 22:00:00,2025-10-20 04:00:00,E,Bathurst St,2,1,1,0
2025-10-19,15,10:00,144,6,13.5,4,2,32.49,1,2025-10-19 22:00:00,2025-10-20 04:00:00,E,Yonge St - College Station,2,1,1,0
2025-10-19,15,10:00,144,6,13.5,4,2,32.49,1,2025-10-19 22:00:00,2025-10-20 04:00:00,E,Dundas St West at Sterling Rd,1,0,1,0
2025-10-19,15,10:00,144,6,13.5,4,2,32.49,1,2025-10-19 22:00:00,2025-10-20 04:00:00,E,Brock Ave,2,2,1,0
2025-10-19,15,10:00,144,6,13.5,4,2,32.49,1,2025-10-19 22:00:00,2025-10-20 04:00:00,E,Sackville St,0,0,0,0
2025-10-19,15,10:00,144,6,13.5,4,2,32.49,1,2025-10-19 22:00:00,2025-10-20 04:00:00,E,Carlaw Ave,2,1,1,0
2025-10-19,15,10:00,144,6,13.5,4,2,32.49,1,2025-10-19 22:00:00,2025-10-20 04:00:00,E,Borden St,2,2,1,0
2025-10-19,15,10:00,144,6,13.5,4,2,32.49,1,2025-10-19 22:00:00,2025-10-20 04:00:00,E,Dundas St West at Sorauren Ave,1,0,1,0
2025-10-19,15,10:00,144,6,13.5,4,2,32.49,1,2025-10-19 22:00:00,2025-10-20 04:00:00,E,Crawford St,1,1,1,0
2025-10-19,15,10:00,144,6,13.5,4,2,32.49,1,2025-10-19 22:00:00,2025-10-20 04:00:00,E,Pape Ave,2,0,1,0
2025-10-19,15,10:00,144,6,13.5,4,2,32.49,1,2025-10-19 22:00:00,2025-10-20 04:00:00,E,Spadina Ave,2,2,1,0
2025-10-19,15,10:00,144,6,13.5,4,2,32.49,1,2025-10-19 22:00:00,2025-10-20 04:00:00,E,River St,0,0,0,0
2025-10-19,15,10:00,144,6,13.5,4,2,32.49,1,2025-10-19 22:00:00,2025-10-20 04:00:00,E,Marjory Ave,2,2,1,0
2025-10-19,15,10:00,144,6,13.5,4,2,32.49,1,2025-10-19 22:00:00,2025-10-20 04:00:00,E,Kingsmount Park Rd,2,2,0,0
2025-10-19,15,10:00,144,6,13.5,4,2,32.49,1,2025-10-19 22:00:00,2025-10-20 04:00:00,E,Church St,0,0,0,0
2025-10-19,15,10:00,144,6,13.5,4,2,32.49,1,2025-10-19 22:00:00,2025-10-20 04:00:00,E,Ossington Ave,3,3,2,0
2025-10-19,15,10:00,144,6,13.5,4,2,32.49,1,2025-10-19 22:00:00,2025-10-20 04:00:00,E,Woodbine Ave,3,1,0,0
2025-10-19,15,10:00,144,6,13.5,4,2,32.49,1,2025-10-19 22:00:00,2025-10-20 04:00:00,E,Jones Ave,2,0,1,0
2025-10-19,15,10:00,144,6,13.5,4,2,32.49,1,2025-10-19 22:00:00,2025-10-20 04:00:00,E,Golfview Ave,2,1,0,0
2025-10-19,15,10:00,144,6,13.5,4,2,32.49,1,2025-10-19 22:00:00,2025-10-20 04:00:00,E,Leslie St,2,0,1,0
2025-10-19,15,10:00,144,6,13.5,4,2,32.49,1,2025-10-19 22:00:00,2025-10-20 04:00:00,E,St Matthews Rd,0,0,0,0
2025-10-19,15,10:00,144,6,13.5,4,2,32.49,1,2025-10-19 22:00:00,2025-10-20 04:00:00,E,Jarvis St,1,0,1,0
2025-10-19,15,10:00,144,6,13.5,4,2,32.49,1,2025-10-19 22:00:00,2025-10-20 04:00:00,E,Sherbourne St,1,0,1,0
2025-10-19,15,10:00,144,6,13.5,4,2,32.49,1,2025-10-19 22:00:00,2025-10-20 04:00:00,E,St George St,2,1,1,0
2025-10-19,15,10:00,144,6,13.5,4,2,32.49,1,2025-10-19 22:00:00,2025-10-20 04:00:00,E,Dovercourt Rd,3,2,2,0
2025-10-19,15,10:00,144,6,13.5,4,2,32.49,1,2025-10-19 22:00:00,2025-10-20 04:00:00,E,Glenmount Park Rd,2,2,0,0
2025-10-19,15,10:00,144,6,13.5,4,2,32.49,1,2025-10-19 22:00:00,2025-10-20 04:00:00,E,Prust Ave,2,2,1,0
2025-10-19,15,10:00,144,6,13.5,4,2,32.49,1,2025-10-19 22:00:00,2025-10-20 04:00:00,E,Main Street Station at Bay 7,0,0,0,0
2025-10-19,15,10:00,144,6,13.5,4,2,32.49,1,2025-10-19 22:00:00,2025-10-20 04:00:00,E,Norwood Rd,2,1,0,0
2025-10-19,15,10:00,144,6,13.5,4,2,32.49,1,2025-10-19 22:00:00,2025-10-20 04:00:00,E,McCaul St,3,2,1,0
2025-10-19,15,10:00,144,6,13.5,4,2,32.49,1,2025-10-19 22:00:00,2025-10-20 04:00:00,E,Broadview Ave,2,1,1,0
2025-10-19,15,10:00,144,6,13.5,4,2,32.49,1,2025-10-19 22:00:00,2025-10-20 04:00:00,E,Ontario St,1,0,2,0
2025-10-19,15,10:00,144,6,13.5,4,2,32.49,1,2025-10-19 22:00:00,2025-10-20 04:00:00,E,Rusholme Park Cres,0,0,1,0
2025-10-19,15,10:00,144,6,13.5,4,2,32.49,1,2025-10-19 22:00:00,2025-10-20 04:00:00,E,Havelock St,2,1,1,0
2025-10-19,15,10:00,144,6,13.5,4,2,32.49,1,2025-10-19 22:00:00,2025-10-20 04:00:00,E,High Park Loop,0,2,2,0
2025-10-19,15,10:00,144,6,13.5,4,2,32.49,1,2025-10-19 22:00:00,2025-10-20 04:00:00,E,Queens Park (Queen's Park Station),3,1,1,0
2025-10-19,15,10:00,144,6,13.5,4,2,32.49,1,2025-10-19 22:00:00,2025-10-20 04:00:00,E,Roncesvalles Ave,0,0,0,0
2025-10-19,15,10:00,144,6,13.5,4,2,32.49,1,2025-10-19 22:00:00,2025-10-20 04:00:00,E,De Grassi St,3,1,1,0
2025-10-19,15,10:00,144,6,13.5,4,2,32.49,1,2025-10-19 22:00:00,2025-10-20 04:00:00,E,Parliament St at Carlton St,2,0,1,0
2025-10-19,15,10:00,144,6,13.5,4,2,32.49,1,2025-10-19 22:00:00,2025-10-20 04:00:00,E,Parkside Dr East Side,0,1,1,0
2025-10-19,15,10:00,144,6,13.5,4,2,32.49,1,2025-10-19 22:00:00,2025-10-20 04:00:00,E,Dundas St West,1,0,1,0
2025-10-19,15,10:00,144,6,13.5,4,2,32.49,1,2025-10-19 22:00:00,2025-10-20 04:00:00,E,Howard Park Ave at Roncesvalles Ave,0,0,0,0
2025-10-19,15,10:00,144,6,13.5,4,2,32.49,1,2025-10-19 22:00:00,2025-10-20 04:00:00,E,Parliament St,0,0,0,0
2025-10-19,15,10:00,144,6,13.5,4,2,32.49,1,2025-10-19 22:00:00,2025-10-20 04:00:00,E,Parliament St at Gerrard St East,0,0,0,0
2025-10-19,15,10:00,144,6,13.5,4,2,32.49,1,2025-10-19 22:00:00,2025-10-20 04:00:00,E,Sumach St,0,0,0,0
2025-10-19,15,10:00,144,6,13.5,4,2,32.49,1,2025-10-19 22:00:00,2025-10-20 04:00:00,E,Blackburn St,0,0,0,0
2025-10-19,15,10:00,144,6,13.5,4,2,32.49,1,2025-10-19 22:00:00,2025-10-20 04:00:00,E,Logan Ave,3,1,1,0
2025-10-19,15,10:00,144,6,13.5,4,2,32.49,1,2025-10-19 22:00:00,2025-10-20 04:00:00,E,Augusta Ave,0,0,0,0
2025-10-19,15,10:00,144,6,13.5,4,2,32.49,1,2025-10-19 22:00:00,2025-10-20 04:00:00,E,Beverley St,0,0,0,0
2025-10-19,15,10:00,144,6,13.5,4,2,32.49,1,2025-10-19 22:00:00,2025-10-20 04:00:00,E,University Ave (Queen's Park Station,0,0,0,0
2025-10-19,15,10:00,144,6,13.5,4,2,32.49,1,2025-10-19 22:00:00,2025-10-20 04:00:00,E,Elizabeth St,0,0,0,0
2025-10-19,15,10:00,144,6,13.5,4,2,32.49,1,2025-10-19 22:00:00,2025-10-20 04:00:00,E,Greenwood Ave,0,0,0,0
2025-10-19,15,10:00,144,6,13.5,4,2,32.49,1,2025-10-19 22:00:00,2025-10-20 04:00:00,E,Alton Ave,0,0,0,0
2025-10-19,15,10:00,144,6,13.5,4,2,32.49,1,2025-10-19 22:00:00,2025-10-20 04:00:00,E,Coxwell Ave,0,0,0,0
2025-10-19,15,10:00,144,6,13.5,4,2,32.49,1,2025-10-19 22:00:00,2025-10-20 04:00:00,E,Gerrard St East  at Coxwell Ave,0,0,0,0
2025-10-19,15,10:00,144,6,13.5,4,2,32.49,1,2025-10-19 22:00:00,2025-10-20 04:00:00,E,Coxwell Ave at Lower Gerrard St East,0,0,0,0
2025-10-19,15,10:00,144,6,13.5,4,2,32.49,1,2025-10-19 22:00:00,2025-10-20 04:00:00,E,Ashdale Ave,0,0,0,0
2025-10-19,15,10:00,144,6,13.5,4,2,32.49,1,2025-10-19 22:00:00,2025-10-20 04:00:00,E,Howard Park Ave at Indian Rd,0,0,0,0
2025-10-19,15,10:00,144,6,13.5,4,2,32.49,1,2025-10-19 22:00:00,2025-10-20 04:00:00,E,Dundas St West at Howard Park Ave,0,0,0,0
2025-10-19,15,10:00,144,6,13.5,4,2,32.49,1,2025-10-19 22:00:00,2025-10-20 04:00:00,E,Main St at Gerrard St East,0,0,0,0
2025-10-19,15,10:00,144,6,13.5,4,2,32.49,1,2025-10-19 22:00:00,2025-10-20 04:00:00,E,Main St,0,0,0,0
2025-10-19,15,10:00,144,6,13.5,4,2,32.49,1,2025-10-19 22:00:00,2025-10-20 04:00:00,E,Main St at Danforth Ave,0,0,0,0
2025-10-19,15,10:00,144,6,13.5,4,2,32.49,1,2025-10-19 22:00:00,2025-10-20 04:00:00,E,Howard Park Ave at Parkside Dr,0,0,0,0
2025-10-19,15,10:00,144,6,13.5,4,2,32.49,1,2025-10-19 22:00:00,2025-10-20 04:00:00,W,Woodfield Rd,0,1,0,0
2025-10-19,15,10:00,144,6,13.5,4,2,32.49,1,2025-10-19 22:00:00,2025-10-20 04:00:00,W,Coxwell Ave at Gerrard St East,0,1,0,0
2025-10-19,15,10:00,144,6,13.5,4,2,32.49,1,2025-10-19 22:00:00,2025-10-20 04:00:00,W,Euclid Ave,0,0,0,0
2025-10-19,15,10:00,144,6,13.5,4,2,32.49,1,2025-10-19 22:00:00,2025-10-20 04:00:00,W,Bowmore Rd,1,0,0,0
2025-10-19,15,10:00,144,6,13.5,4,2,32.49,1,2025-10-19 22:00:00,2025-10-20 04:00:00,W,Bay St,0,0,0,0
2025-10-19,15,10:00,144,6,13.5,4,2,32.49,1,2025-10-19 22:00:00,2025-10-20 04:00:00,W,Lansdowne Ave,0,0,0,0
2025-10-19,15,10:00,144,6,13.5,4,2,32.49,1,2025-10-19 22:00:00,2025-10-20 04:00:00,W,Indian Rd,4,0,0,0
2025-10-19,15,10:00,144,6,13.5,4,2,32.49,1,2025-10-19 22:00:00,2025-10-20 04:00:00,W,Grace St,0,0,0,0
2025-10-19,15,10:00,144,6,13.5,4,2,32.49,1,2025-10-19 22:00:00,2025-10-20 04:00:00,W,Dufferin St,2,2,0,0
2025-10-19,15,10:00,144,6,13.5,4,2,32.49,1,2025-10-19 22:00:00,2025-10-20 04:00:00,W,Gerrard St East at Beaton Ave,1,0,0,0
2025-10-19,15,10:00,144,6,13.5,4,2,32.49,1,2025-10-19 22:00:00,2025-10-20 04:00:00,W,Bathurst St,0,0,0,0
2025-10-19,15,10:00,144,6,13.5,4,2,32.49,1,2025-10-19 22:00:00,2025-10-20 04:00:00,W,Yonge St - College Station,0,0,0,0
2025-10-19,15,10:00,144,6,13.5,4,2,32.49,1,2025-10-19 22:00:00,2025-10-20 04:00:00,W,Dundas St West at Sterling Rd,0,0,0,0
2025-10-19,15,10:00,144,6,13.5,4,2,32.49,1,2025-10-19 22:00:00,2025-10-20 04:00:00,W,Brock Ave,0,0,0,0
2025-10-19,15,10:00,144,6,13.5,4,2,32.49,1,2025-10-19 22:00:00,2025-10-20 04:00:00,W,Sackville St,0,0,0,0
2025-10-19,15,10:00,144,6,13.5,4,2,32.49,1,2025-10-19 22:00:00,2025-10-20 04:00:00,W,Carlaw Ave,0,0,0,0
2025-10-19,15,10:00,144,6,13.5,4,2,32.49,1,2025-10-19 22:00:00,2025-10-20 04:00:00,W,Borden St,0,0,0,0
2025-10-19,15,10:00,144,6,13.5,4,2,32.49,1,2025-10-19 22:00:00,2025-10-20 04:00:00,W,Dundas St West at Sorauren Ave,3,2,0,0
2025-10-19,15,10:00,144,6,13.5,4,2,32.49,1,2025-10-19 22:00:00,2025-10-20 04:00:00,W,Crawford St,0,0,0,0
2025-10-19,15,10:00,144,6,13.5,4,2,32.49,1,2025-10-19 22:00:00,2025-10-20 04:00:00,W,Pape Ave,0,0,0,0
2025-10-19,15,10:00,144,6,13.5,4,2,32.49,1,2025-10-19 22:00:00,2025-10-20 04:00:00,W,Spadina Ave,0,0,0,0
2025-10-19,15,10:00,144,6,13.5,4,2,32.49,1,2025-10-19 22:00:00,2025-10-20 04:00:00,W,River St,0,0,0,0
2025-10-19,15,10:00,144,6,13.5,4,2,32.49,1,2025-10-19 22:00:00,2025-10-20 04:00:00,W,Marjory Ave,0,0,0,0
2025-10-19,15,10:00,144,6,13.5,4,2,32.49,1,2025-10-19 22:00:00,2025-10-20 04:00:00,W,Kingsmount Park Rd,0,0,0,0
2025-10-19,15,10:00,144,6,13.5,4,2,32.49,1,2025-10-19 22:00:00,2025-10-20 04:00:00,W,Church St,0,0,0,0
2025-10-19,15,10:00,144,6,13.5,4,2,32.49,1,2025-10-19 22:00:00,2025-10-20 04:00:00,W,Ossington Ave,0,0,0,0
2025-10-19,15,10:00,144,6,13.5,4,2,32.49,1,2025-10-19 22:00:00,2025-10-20 04:00:00,W,Woodbine Ave,0,0,0,0
2025-10-19,15,10:00,144,6,13.5,4,2,32.49,1,2025-10-19 22:00:00,2025-10-20 04:00:00,W,Jones Ave,0,0,0,0
2025-10-19,15,10:00,144,6,13.5,4,2,32.49,1,2025-10-19 22:00:00,2025-10-20 04:00:00,W,Golfview Ave,0,0,0,0
2025-10-19,15,10:00,144,6,13.5,4,2,32.49,1,2025-10-19 22:00:00,2025-10-20 04:00:00,W,Leslie St,0,0,0,0
2025-10-19,15,10:00,144,6,13.5,4,2,32.49,1,2025-10-19 22:00:00,2025-10-20 04:00:00,W,St Matthews Rd,0,0,0,0
2025-10-19,15,10:00,144,6,13.5,4,2,32.49,1,2025-10-19 22:00:00,2025-10-20 04:00:00,W,Jarvis St,0,0,0,0
2025-10-19,15,10:00,144,6,13.5,4,2,32.49,1,2025-10-19 22:00:00,2025-10-20 04:00:00,W,Sherbourne St,0,0,0,0
2025-10-19,15,10:00,144,6,13.5,4,2,32.49,1,2025-10-19 22:00:00,2025-10-20 04:00:00,W,St George St,0,0,0,0
2025-10-19,15,10:00,144,6,13.5,4,2,32.49,1,2025-10-19 22:00:00,2025-10-20 04:00:00,W,Dovercourt Rd,0,0,0,0
2025-10-19,15,10:00,144,6,13.5,4,2,32.49,1,2025-10-19 22:00:00,2025-10-20 04:00:00,W,Glenmount Park Rd,0,0,0,0
2025-10-19,15,10:00,144,6,13.5,4,2,32.49,1,2025-10-19 22:00:00,2025-10-20 04:00:00,W,Prust Ave,0,0,0,0
2025-10-19,15,10:00,144,6,13.5,4,2,32.49,1,2025-10-19 22:00:00,2025-10-20 04:00:00,W,Main Street Station at Bay 7,1,1,0,0
2025-10-19,15,10:00,144,6,13.5,4,2,32.49,1,2025-10-19 22:00:00,2025-10-20 04:00:00,W,Norwood Rd,0,0,0,0
2025-10-19,15,10:00,144,6,13.5,4,2,32.49,1,2025-10-19 22:00:00,2025-10-20 04:00:00,W,McCaul St,0,0,0,0
2025-10-19,15,10:00,144,6,13.5,4,2,32.49,1,2025-10-19 22:00:00,2025-10-20 04:00:00,W,Broadview Ave,0,0,0,0
2025-10-19,15,10:00,144,6,13.5,4,2,32.49,1,2025-10-19 22:00:00,2025-10-20 04:00:00,W,Ontario St,0,0,0,0
2025-10-19,15,10:00,144,6,13.5,4,2,32.49,1,2025-10-19 22:00:00,2025-10-20 04:00:00,W,Rusholme Park Cres,0,0,0,0
2025-10-19,15,10:00,144,6,13.5,4,2,32.49,1,2025-10-19 22:00:00,2025-10-20 04:00:00,W,Havelock St,0,0,0,0
2025-10-19,15,10:00,144,6,13.5,4,2,32.49,1,2025-10-19 22:00:00,2025-10-20 04:00:00,W,High Park Loop,0,0,0,0
2025-10-19,15,10:00,144,6,13.5,4,2,32.49,1,2025-10-19 22:00:00,2025-10-20 04:00:00,W,Queens Park (Queen's Park Station),0,0,0,0
2025-10-19,15,10:00,144,6,13.5,4,2,32.49,1,2025-10-19 22:00:00,2025-10-20 04:00:00,W,Roncesvalles Ave,2,1,0,0
2025-10-19,15,10:00,144,6,13.5,4,2,32.49,1,2025-10-19 22:00:00,2025-10-20 04:00:00,W,De Grassi St,0,0,0,0
2025-10-19,15,10:00,144,6,13.5,4,2,32.49,1,2025-10-19 22:00:00,2025-10-20 04:00:00,W,Parliament St at Carlton St,0,0,0,0
2025-10-19,15,10:00,144,6,13.5,4,2,32.49,1,2025-10-19 22:00:00,2025-10-20 04:00:00,W,Parkside Dr East Side,0,0,0,0
2025-10-19,15,10:00,144,6,13.5,4,2,32.49,1,2025-10-19 22:00:00,2025-10-20 04:00:00,W,Dundas St West,3,1,0,0
2025-10-19,15,10:00,144,6,13.5,4,2,32.49,1,2025-10-19 22:00:00,2025-10-20 04:00:00,W,Howard Park Ave at Roncesvalles Ave,0,0,0,0
2025-10-19,15,10:00,144,6,13.5,4,2,32.49,1,2025-10-19 22:00:00,2025-10-20 04:00:00,W,Parliament St,0,0,0,0
2025-10-19,15,10:00,144,6,13.5,4,2,32.49,1,2025-10-19 22:00:00,2025-10-20 04:00:00,W,Parliament St at Gerrard St East,0,0,0,0
2025-10-19,15,10:00,144,6,13.5,4,2,32.49,1,2025-10-19 22:00:00,2025-10-20 04:00:00,W,Sumach St,0,0,0,0
2025-10-19,15,10:00,144,6,13.5,4,2,32.49,1,2025-10-19 22:00:00,2025-10-20 04:00:00,W,Blackburn St,0,0,0,0
2025-10-19,15,10:00,144,6,13.5,4,2,32.49,1,2025-10-19 22:00:00,2025-10-20 04:00:00,W,Logan Ave,0,0,0,0
2025-10-19,15,10:00,144,6,13.5,4,2,32.49,1,2025-10-19 22:00:00,2025-10-20 04:00:00,W,Augusta Ave,0,0,0,0
2025-10-19,15,10:00,144,6,13.5,4,2,32.49,1,2025-10-19 22:00:00,2025-10-20 04:00:00,W,Beverley St,0,0,0,0
2025-10-19,15,10:00,144,6,13.5,4,2,32.49,1,2025-10-19 22:00:00,2025-10-20 04:00:00,W,University Ave (Queen's Park Station,0,0,0,0
2025-10-19,15,10:00,144,6,13.5,4,2,32.49,1,2025-10-19 22:00:00,2025-10-20 04:00:00,W,Elizabeth St,0,0,0,0
2025-10-19,15,10:00,144,6,13.5,4,2,32.49,1,2025-10-19 22:00:00,2025-10-20 04:00:00,W,Greenwood Ave,0,0,0,0
2025-10-19,15,10:00,144,6,13.5,4,2,32.49,1,2025-10-19 22:00:00,2025-10-20 04:00:00,W,Alton Ave,0,0,0,0
2025-10-19,15,10:00,144,6,13.5,4,2,32.49,1,2025-10-19 22:00:00,2025-10-20 04:00:00,W,Coxwell Ave,0,0,0,0
2025-10-19,15,10:00,144,6,13.5,4,2,32.49,1,2025-10-19 22:00:00,2025-10-20 04:00:00,W,Gerrard St East  at Coxwell Ave,0,0,0,0
2025-10-19,15,10:00,144,6,13.5,4,2,32.49,1,2025-10-19 22:00:00,2025-10-20 04:00:00,W,Coxwell Ave at Lower Gerrard St East,0,0,0,0
2025-10-19,15,10:00,144,6,13.5,4,2,32.49,1,2025-10-19 22:00:00,2025-10-20 04:00:00,W,Ashdale Ave,0,0,0,0
2025-10-19,15,10:00,144,6,13.5,4,2,32.49,1,2025-10-19 22:00:00,2025-10-20 04:00:00,W,Howard Park Ave at Indian Rd,0,0,0,0
2025-10-19,15,10:00,144,6,13.5,4,2,32.49,1,2025-10-19 22:00:00,2025-10-20 04:00:00,W,Dundas St West at Howard Park Ave,0,0,0,0
2025-10-19,15,10:00,144,6,13.5,4,2,32.49,1,2025-10-19 22:00:00,2025-10-20 04:00:00,W,Main St at Gerrard St East,0,0,0,0
2025-10-19,15,10:00,144,6,13.5,4,2,32.49,1,2025-10-19 22:00:00,2025-10-20 04:00:00,W,Main St,0,0,0,0
2025-10-19,15,10:00,144,6,13.5,4,2,32.49,1,2025-10-19 22:00:00,2025-10-20 04:00:00,W,Main St at Danforth Ave,0,0,0,0
2025-10-19,15,10:00,144,6,13.5,4,2,32.49,1,2025-10-19 22:00:00,2025-10-20 04:00:00,W,Howard Park Ave at Parkside Dr,0,0,0,0
2025-10-26,15,10:00,144,6,13.5,4,2,32.49,1,2025-10-26 22:00:00,2025-10-27 04:00:00,E,Woodfield Rd,3,2,0,0
2025-10-26,15,10:00,144,6,13.5,4,2,32.49,1,2025-10-26 22:00:00,2025-10-27 04:00:00,E,Coxwell Ave at Gerrard St East,0,0,0,0
2025-10-26,15,10:00,144,6,13.5,4,2,32.49,1,2025-10-26 22:00:00,2025-10-27 04:00:00,E,Euclid Ave,1,0,5,1
2025-10-26,15,10:00,144,6,13.5,4,2,32.49,1,2025-10-26 22:00:00,2025-10-27 04:00:00,E,Bowmore Rd,3,3,0,0
2025-10-26,15,10:00,144,6,13.5,4,2,32.49,1,2025-10-26 22:00:00,2025-10-27 04:00:00,E,Bay St,6,2,5,0
2025-10-26,15,10:00,144,6,13.5,4,2,32.49,1,2025-10-26 22:00:00,2025-10-27 04:00:00,E,Lansdowne Ave,5,3,6,1
2025-10-26,15,10:00,144,6,13.5,4,2,32.49,1,2025-10-26 22:00:00,2025-10-27 04:00:00,E,Indian Rd,1,3,5,2
2025-10-26,15,10:00,144,6,13.5,4,2,32.49,1,2025-10-26 22:00:00,2025-10-27 04:00:00,E,Grace St,1,2,4,2
2025-10-26,15,10:00,144,6,13.5,4,2,32.49,1,2025-10-26 22:00:00,2025-10-27 04:00:00,E,Dufferin St,3,2,0,0
2025-10-26,15,10:00,144,6,13.5,4,2,32.49,1,2025-10-26 22:00:00,2025-10-27 04:00:00,E,Gerrard St East at Beaton Ave,3,3,0,0
2025-10-26,15,10:00,144,6,13.5,4,2,32.49,1,2025-10-26 22:00:00,2025-10-27 04:00:00,E,Bathurst St,3,1,2,0
2025-10-26,15,10:00,144,6,13.5,4,2,32.49,1,2025-10-26 22:00:00,2025-10-27 04:00:00,E,Yonge St - College Station,2,2,0,0
2025-10-26,15,10:00,144,6,13.5,4,2,32.49,1,2025-10-26 22:00:00,2025-10-27 04:00:00,E,Dundas St West at Sterling Rd,1,1,6,1
2025-10-26,15,10:00,144,6,13.5,4,2,32.49,1,2025-10-26 22:00:00,2025-10-27 04:00:00,E,Brock Ave,4,3,5,1
2025-10-26,15,10:00,144,6,13.5,4,2,32.49,1,2025-10-26 22:00:00,2025-10-27 04:00:00,E,Sackville St,0,0,0,0
2025-10-26,15,10:00,144,6,13.5,4,2,32.49,1,2025-10-26 22:00:00,2025-10-27 04:00:00,E,Carlaw Ave,2,2,0,0
2025-10-26,15,10:00,144,6,13.5,4,2,32.49,1,2025-10-26 22:00:00,2025-10-27 04:00:00,E,Borden St,3,1,2,0
2025-10-26,15,10:00,144,6,13.5,4,2,32.49,1,2025-10-26 22:00:00,2025-10-27 04:00:00,E,Dundas St West at Sorauren Ave,1,1,5,1
2025-10-26,15,10:00,144,6,13.5,4,2,32.49,1,2025-10-26 22:00:00,2025-10-27 04:00:00,E,Crawford St,1,2,5,1
2025-10-26,15,10:00,144,6,13.5,4,2,32.49,1,2025-10-26 22:00:00,2025-10-27 04:00:00,E,Pape Ave,1,2,0,0
2025-10-26,15,10:00,144,6,13.5,4,2,32.49,1,2025-10-26 22:00:00,2025-10-27 04:00:00,E,Spadina Ave,2,1,2,0
2025-10-26,15,10:00,144,6,13.5,4,2,32.49,1,2025-10-26 22:00:00,2025-10-27 04:00:00,E,River St,0,0,0,0
2025-10-26,15,10:00,144,6,13.5,4,2,32.49,1,2025-10-26 22:00:00,2025-10-27 04:00:00,E,Marjory Ave,1,2,0,0
2025-10-26,15,10:00,144,6,13.5,4,2,32.49,1,2025-10-26 22:00:00,2025-10-27 04:00:00,E,Kingsmount Park Rd,3,3,0,0
2025-10-26,15,10:00,144,6,13.5,4,2,32.49,1,2025-10-26 22:00:00,2025-10-27 04:00:00,E,Church St,0,0,0,0
2025-10-26,15,10:00,144,6,13.5,4,2,32.49,1,2025-10-26 22:00:00,2025-10-27 04:00:00,E,Ossington Ave,6,0,7,3
2025-10-26,15,10:00,144,6,13.5,4,2,32.49,1,2025-10-26 22:00:00,2025-10-27 04:00:00,E,Woodbine Ave,4,3,0,0
2025-10-26,15,10:00,144,6,13.5,4,2,32.49,1,2025-10-26 22:00:00,2025-10-27 04:00:00,E,Jones Ave,1,2,0,0
2025-10-26,15,10:00,144,6,13.5,4,2,32.49,1,2025-10-26 22:00:00,2025-10-27 04:00:00,E,Golfview Ave,4,3,0,0
2025-10-26,15,10:00,144,6,13.5,4,2,32.49,1,2025-10-26 22:00:00,2025-10-27 04:00:00,E,Leslie St,2,2,0,0
2025-10-26,15,10:00,144,6,13.5,4,2,32.49,1,2025-10-26 22:00:00,2025-10-27 04:00:00,E,St Matthews Rd,0,0,0,0
2025-10-26,15,10:00,144,6,13.5,4,2,32.49,1,2025-10-26 22:00:00,2025-10-27 04:00:00,E,Jarvis St,1,1,6,1
2025-10-26,15,10:00,144,6,13.5,4,2,32.49,1,2025-10-26 22:00:00,2025-10-27 04:00:00,E,Sherbourne St,1,1,6,1
2025-10-26,15,10:00,144,6,13.5,4,2,32.49,1,2025-10-26 22:00:00,2025-10-27 04:00:00,E,St George St,4,0,3,0
2025-10-26,15,10:00,144,6,13.5,4,2,32.49,1,2025-10-26 22:00:00,2025-10-27 04:00:00,E,Dovercourt Rd,4,2,8,1
2025-10-26,15,10:00,144,6,13.5,4,2,32.49,1,2025-10-26 22:00:00,2025-10-27 04:00:00,E,Glenmount Park Rd,4,3,0,0
2025-10-26,15,10:00,144,6,13.5,4,2,32.49,1,2025-10-26 22:00:00,2025-10-27 04:00:00,E,Prust Ave,2,2,0,0
2025-10-26,15,10:00,144,6,13.5,4,2,32.49,1,2025-10-26 22:00:00,2025-10-27 04:00:00,E,Main Street Station at Bay 7,0,0,0,0
2025-10-26,15,10:00,144,6,13.5,4,2,32.49,1,2025-10-26 22:00:00,2025-10-27 04:00:00,E,Norwood Rd,4,3,0,0
2025-10-26,15,10:00,144,6,13.5,4,2,32.49,1,2025-10-26 22:00:00,2025-10-27 04:00:00,E,McCaul St,3,0,3,0
2025-10-26,15,10:00,144,6,13.5,4,2,32.49,1,2025-10-26 22:00:00,2025-10-27 04:00:00,E,Broadview Ave,3,0,3,0
2025-10-26,15,10:00,144,6,13.5,4,2,32.49,1,2025-10-26 22:00:00,2025-10-27 04:00:00,E,Ontario St,1,2,7,1
2025-10-26,15,10:00,144,6,13.5,4,2,32.49,1,2025-10-26 22:00:00,2025-10-27 04:00:00,E,Rusholme Park Cres,1,0,5,1
2025-10-26,15,10:00,144,6,13.5,4,2,32.49,1,2025-10-26 22:00:00,2025-10-27 04:00:00,E,Havelock St,2,2,0,0
2025-10-26,15,10:00,144,6,13.5,4,2,32.49,1,2025-10-26 22:00:00,2025-10-27 04:00:00,E,High Park Loop,2,6,10,4
2025-10-26,15,10:00,144,6,13.5,4,2,32.49,1,2025-10-26 22:00:00,2025-10-27 04:00:00,E,Queens Park (Queen's Park Station),2,1,3,0
2025-10-26,15,10:00,144,6,13.5,4,2,32.49,1,2025-10-26 22:00:00,2025-10-27 04:00:00,E,Roncesvalles Ave,0,0,0,0
2025-10-26,15,10:00,144,6,13.5,4,2,32.49,1,2025-10-26 22:00:00,2025-10-27 04:00:00,E,De Grassi St,3,0,3,0
2025-10-26,15,10:00,144,6,13.5,4,2,32.49,1,2025-10-26 22:00:00,2025-10-27 04:00:00,E,Parliament St at Carlton St,2,2,6,1
2025-10-26,15,10:00,144,6,13.5,4,2,32.49,1,2025-10-26 22:00:00,2025-10-27 04:00:00,E,Parkside Dr East Side,0,2,6,2
2025-10-26,15,10:00,144,6,13.5,4,2,32.49,1,2025-10-26 22:00:00,2025-10-27 04:00:00,E,Dundas St West,1,1,5,1
2025-10-26,15,10:00,144,6,13.5,4,2,32.49,1,2025-10-26 22:00:00,2025-10-27 04:00:00,E,Howard Park Ave at Roncesvalles Ave,0,0,0,0
2025-10-26,15,10:00,144,6,13.5,4,2,32.49,1,2025-10-26 22:00:00,2025-10-27 04:00:00,E,Parliament St,0,0,0,0
2025-10-26,15,10:00,144,6,13.5,4,2,32.49,1,2025-10-26 22:00:00,2025-10-27 04:00:00,E,Parliament St at Gerrard St East,0,0,0,0
2025-10-26,15,10:00,144,6,13.5,4,2,32.49,1,2025-10-26 22:00:00,2025-10-27 04:00:00,E,Sumach St,0,0,0,0
2025-10-26,15,10:00,144,6,13.5,4,2,32.49,1,2025-10-26 22:00:00,2025-10-27 04:00:00,E,Blackburn St,0,0,0,0
2025-10-26,15,10:00,144,6,13.5,4,2,32.49,1,2025-10-26 22:00:00,2025-10-27 04:00:00,E,Logan Ave,3,0,2,0
2025-10-26,15,10:00,144,6,13.5,4,2,32.49,1,2025-10-26 22:00:00,2025-10-27 04:00:00,E,Augusta Ave,0,0,0,0
2025-10-26,15,10:00,144,6,13.5,4,2,32.49,1,2025-10-26 22:00:00,2025-10-27 04:00:00,E,Beverley St,0,0,0,0
2025-10-26,15,10:00,144,6,13.5,4,2,32.49,1,2025-10-26 22:00:00,2025-10-27 04:00:00,E,University Ave (Queen's Park Station,0,0,0,0
2025-10-26,15,10:00,144,6,13.5,4,2,32.49,1,2025-10-26 22:00:00,2025-10-27 04:00:00,E,Elizabeth St,0,0,0,0
2025-10-26,15,10:00,144,6,13.5,4,2,32.49,1,2025-10-26 22:00:00,2025-10-27 04:00:00,E,Greenwood Ave,0,0,0,0
2025-10-26,15,10:00,144,6,13.5,4,2,32.49,1,2025-10-26 22:00:00,2025-10-27 04:00:00,E,Alton Ave,0,0,0,0
2025-10-26,15,10:00,144,6,13.5,4,2,32.49,1,2025-10-26 22:00:00,2025-10-27 04:00:00,E,Coxwell Ave,0,0,0,0
2025-10-26,15,10:00,144,6,13.5,4,2,32.49,1,2025-10-26 22:00:00,2025-10-27 04:00:00,E,Gerrard St East  at Coxwell Ave,0,0,0,0
2025-10-26,15,10:00,144,6,13.5,4,2,32.49,1,2025-10-26 22:00:00,2025-10-27 04:00:00,E,Coxwell Ave at Lower Gerrard St East,0,0,0,0
2025-10-26,15,10:00,144,6,13.5,4,2,32.49,1,2025-10-26 22:00:00,2025-10-27 04:00:00,E,Ashdale Ave,0,0,0,0
2025-10-26,15,10:00,144,6,13.5,4,2,32.49,1,2025-10-26 22:00:00,2025-10-27 04:00:00,E,Howard Park Ave at Indian Rd,0,0,0,0
2025-10-26,15,10:00,144,6,13.5,4,2,32.49,1,2025-10-26 22:00:00,2025-10-27 04:00:00,E,Dundas St West at Howard Park Ave,0,0,0,0
2025-10-26,15,10:00,144,6,13.5,4,2,32.49,1,2025-10-26 22:00:00,2025-10-27 04:00:00,E,Main St at Gerrard St East,0,0,0,0
2025-10-26,15,10:00,144,6,13.5,4,2,32.49,1,2025-10-26 22:00:00,2025-10-27 04:00:00,E,Main St,0,0,0,0
2025-10-26,15,10:00,144,6,13.5,4,2,32.49,1,2025-10-26 22:00:00,2025-10-27 04:00:00,E,Main St at Danforth Ave,0,0,0,0
2025-10-26,15,10:00,144,6,13.5,4,2,32.49,1,2025-10-26 22:00:00,2025-10-27 04:00:00,E,Howard Park Ave at Parkside Dr,0,0,0,0
2025-10-26,15,10:00,144,6,13.5,4,2,32.49,1,2025-10-26 22:00:00,2025-10-27 04:00:00,W,Woodfield Rd,0,1,0,0
2025-10-26,15,10:00,144,6,13.5,4,2,32.49,1,2025-10-26 22:00:00,2025-10-27 04:00:00,W,Coxwell Ave at Gerrard St East,0,1,0,0
2025-10-26,15,10:00,144,6,13.5,4,2,32.49,1,2025-10-26 22:00:00,2025-10-27 04:00:00,W,Euclid Ave,0,0,0,0
2025-10-26,15,10:00,144,6,13.5,4,2,32.49,1,2025-10-26 22:00:00,2025-10-27 04:00:00,W,Bowmore Rd,0,0,0,0
2025-10-26,15,10:00,144,6,13.5,4,2,32.49,1,2025-10-26 22:00:00,2025-10-27 04:00:00,W,Bay St,0,0,0,0
2025-10-26,15,10:00,144,6,13.5,4,2,32.49,1,2025-10-26 22:00:00,2025-10-27 04:00:00,W,Lansdowne Ave,0,0,0,0
2025-10-26,15,10:00,144,6,13.5,4,2,32.49,1,2025-10-26 22:00:00,2025-10-27 04:00:00,W,Indian Rd,6,4,0,0
2025-10-26,15,10:00,144,6,13.5,4,2,32.49,1,2025-10-26 22:00:00,2025-10-27 04:00:00,W,Grace St,0,0,0,0
2025-10-26,15,10:00,144,6,13.5,4,2,32.49,1,2025-10-26 22:00:00,2025-10-27 04:00:00,W,Dufferin St,1,6,0,0
2025-10-26,15,10:00,144,6,13.5,4,2,32.49,1,2025-10-26 22:00:00,2025-10-27 04:00:00,W,Gerrard St East at Beaton Ave,0,0,0,0
2025-10-26,15,10:00,144,6,13.5,4,2,32.49,1,2025-10-26 22:00:00,2025-10-27 04:00:00,W,Bathurst St,0,0,0,0
2025-10-26,15,10:00,144,6,13.5,4,2,32.49,1,2025-10-26 22:00:00,2025-10-27 04:00:00,W,Yonge St - College Station,0,0,0,0
2025-10-26,15,10:00,144,6,13.5,4,2,32.49,1,2025-10-26 22:00:00,2025-10-27 04:00:00,W,Dundas St West at Sterling Rd,0,0,0,0
2025-10-26,15,10:00,144,6,13.5,4,2,32.49,1,2025-10-26 22:00:00,2025-10-27 04:00:00,W,Brock Ave,0,0,0,0
2025-10-26,15,10:00,144,6,13.5,4,2,32.49,1,2025-10-26 22:00:00,2025-10-27 04:00:00,W,Sackville St,0,0,0,0
2025-10-26,15,10:00,144,6,13.5,4,2,32.49,1,2025-10-26 22:00:00,2025-10-27 04:00:00,W,Carlaw Ave,0,0,0,0
2025-10-26,15,10:00,144,6,13.5,4,2,32.49,1,2025-10-26 22:00:00,2025-10-27 04:00:00,W,Borden St,0,0,0,0
2025-10-26,15,10:00,144,6,13.5,4,2,32.49,1,2025-10-26 22:00:00,2025-10-27 04:00:00,W,Dundas St West at Sorauren Ave,3,5,0,0
2025-10-26,15,10:00,144,6,13.5,4,2,32.49,1,2025-10-26 22:00:00,2025-10-27 04:00:00,W,Crawford St,0,0,0,0
2025-10-26,15,10:00,144,6,13.5,4,2,32.49,1,2025-10-26 22:00:00,2025-10-27 04:00:00,W,Pape Ave,0,0,0,0
2025-10-26,15,10:00,144,6,13.5,4,2,32.49,1,2025-10-26 22:00:00,2025-10-27 04:00:00,W,Spadina Ave,0,3,0,1
2025-10-26,15,10:00,144,6,13.5,4,2,32.49,1,2025-10-26 22:00:00,2025-10-27 04:00:00,W,River St,0,0,0,0
2025-10-26,15,10:00,144,6,13.5,4,2,32.49,1,2025-10-26 22:00:00,2025-10-27 04:00:00,W,Marjory Ave,0,0,0,0
2025-10-26,15,10:00,144,6,13.5,4,2,32.49,1,2025-10-26 22:00:00,2025-10-27 04:00:00,W,Kingsmount Park Rd,0,0,0,0
2025-10-26,15,10:00,144,6,13.5,4,2,32.49,1,2025-10-26 22:00:00,2025-10-27 04:00:00,W,Church St,0,0,0,0
2025-10-26,15,10:00,144,6,13.5,4,2,32.49,1,2025-10-26 22:00:00,2025-10-27 04:00:00,W,Ossington Ave,0,0,0,0
2025-10-26,15,10:00,144,6,13.5,4,2,32.49,1,2025-10-26 22:00:00,2025-10-27 04:00:00,W,Woodbine Ave,0,0,0,0
2025-10-26,15,10:00,144,6,13.5,4,2,32.49,1,2025-10-26 22:00:00,2025-10-27 04:00:00,W,Jones Ave,0,0,0,0
2025-10-26,15,10:00,144,6,13.5,4,2,32.49,1,2025-10-26 22:00:00,2025-10-27 04:00:00,W,Golfview Ave,0,0,0,0
2025-10-26,15,10:00,144,6,13.5,4,2,32.49,1,2025-10-26 22:00:00,2025-10-27 04:00:00,W,Leslie St,0,0,0,0
2025-10-26,15,10:00,144,6,13.5,4,2,32.49,1,2025-10-26 22:00:00,2025-10-27 04:00:00,W,St Matthews Rd,0,0,0,0
2025-10-26,15,10:00,144,6,13.5,4,2,32.49,1,2025-10-26 22:00:00,2025-10-27 04:00:00,W,Jarvis St,0,0,0,0
2025-10-26,15,10:00,144,6,13.5,4,2,32.49,1,2025-10-26 22:00:00,2025-10-27 04:00:00,W,Sherbourne St,0,0,0,0
2025-10-26,15,10:00,144,6,13.5,4,2,32.49,1,2025-10-26 22:00:00,2025-10-27 04:00:00,W,St George St,0,0,0,0
2025-10-26,15,10:00,144,6,13.5,4,2,32.49,1,2025-10-26 22:00:00,2025-10-27 04:00:00,W,Dovercourt Rd,0,0,0,0
2025-10-26,15,10:00,144,6,13.5,4,2,32.49,1,2025-10-26 22:00:00,2025-10-27 04:00:00,W,Glenmount Park Rd,0,0,0,0
2025-10-26,15,10:00,144,6,13.5,4,2,32.49,1,2025-10-26 22:00:00,2025-10-27 04:00:00,W,Prust Ave,0,0,0,0
2025-10-26,15,10:00,144,6,13.5,4,2,32.49,1,2025-10-26 22:00:00,2025-10-27 04:00:00,W,Main Street Station at Bay 7,0,0,0,0
2025-10-26,15,10:00,144,6,13.5,4,2,32.49,1,2025-10-26 22:00:00,2025-10-27 04:00:00,W,Norwood Rd,0,0,0,0
2025-10-26,15,10:00,144,6,13.5,4,2,32.49,1,2025-10-26 22:00:00,2025-10-27 04:00:00,W,McCaul St,0,0,0,0
2025-10-26,15,10:00,144,6,13.5,4,2,32.49,1,2025-10-26 22:00:00,2025-10-27 04:00:00,W,Broadview Ave,0,0,0,0
2025-10-26,15,10:00,144,6,13.5,4,2,32.49,1,2025-10-26 22:00:00,2025-10-27 04:00:00,W,Ontario St,0,0,0,0
2025-10-26,15,10:00,144,6,13.5,4,2,32.49,1,2025-10-26 22:00:00,2025-10-27 04:00:00,W,Rusholme Park Cres,0,0,0,0
2025-10-26,15,10:00,144,6,13.5,4,2,32.49,1,2025-10-26 22:00:00,2025-10-27 04:00:00,W,Havelock St,0,0,0,0
2025-10-26,15,10:00,144,6,13.5,4,2,32.49,1,2025-10-26 22:00:00,2025-10-27 04:00:00,W,High Park Loop,0,0,0,0
2025-10-26,15,10:00,144,6,13.5,4,2,32.49,1,2025-10-26 22:00:00,2025-10-27 04:00:00,W,Queens Park (Queen's Park Station),0,0,0,0
2025-10-26,15,10:00,144,6,13.5,4,2,32.49,1,2025-10-26 22:00:00,2025-10-27 04:00:00,W,Roncesvalles Ave,6,5,0,0
2025-10-26,15,10:00,144,6,13.5,4,2,32.49,1,2025-10-26 22:00:00,2025-10-27 04:00:00,W,De Grassi St,0,0,0,0
2025-10-26,15,10:00,144,6,13.5,4,2,32.49,1,2025-10-26 22:00:00,2025-10-27 04:00:00,W,Parliament St at Carlton St,0,0,0,0
2025-10-26,15,10:00,144,6,13.5,4,2,32.49,1,2025-10-26 22:00:00,2025-10-27 04:00:00,W,Parkside Dr East Side,0,0,0,0
2025-10-26,15,10:00,144,6,13.5,4,2,32.49,1,2025-10-26 22:00:00,2025-10-27 04:00:00,W,Dundas St West,5,5,0,0
2025-10-26,15,10:00,144,6,13.5,4,2,32.49,1,2025-10-26 22:00:00,2025-10-27 04:00:00,W,Howard Park Ave at Roncesvalles Ave,0,0,0,0
2025-10-26,15,10:00,144,6,13.5,4,2,32.49,1,2025-10-26 22:00:00,2025-10-27 04:00:00,W,Parliament St,0,0,0,0
2025-10-26,15,10:00,144,6,13.5,4,2,32.49,1,2025-10-26 22:00:00,2025-10-27 04:00:00,W,Parliament St at Gerrard St East,0,0,0,0
2025-10-26,15,10:00,144,6,13.5,4,2,32.49,1,2025-10-26 22:00:00,2025-10-27 04:00:00,W,Sumach St,0,0,0,0
2025-10-26,15,10:00,144,6,13.5,4,2,32.49,1,2025-10-26 22:00:00,2025-10-27 04:00:00,W,Blackburn St,0,0,0,0
2025-10-26,15,10:00,144,6,13.5,4,2,32.49,1,2025-10-26 22:00:00,2025-10-27 04:00:00,W,Logan Ave,0,0,0,0
2025-10-26,15,10:00,144,6,13.5,4,2,32.49,1,2025-10-26 22:00:00,2025-10-27 04:00:00,W,Augusta Ave,0,0,0,0
2025-10-26,15,10:00,144,6,13.5,4,2,32.49,1,2025-10-26 22:00:00,2025-10-27 04:00:00,W,Beverley St,0,0,0,0
2025-10-26,15,10:00,144,6,13.5,4,2,32.49,1,2025-10-26 22:00:00,2025-10-27 04:00:00,W,University Ave (Queen's Park Station,0,0,0,0
2025-10-26,15,10:00,144,6,13.5,4,2,32.49,1,2025-10-26 22:00:00,2025-10-27 04:00:00,W,Elizabeth St,0,0,0,0
2025-10-26,15,10:00,144,6,13.5,4,2,32.49,1,2025-10-26 22:00:00,2025-10-27 04:00:00,W,Greenwood Ave,0,0,0,0
2025-10-26,15,10:00,144,6,13.5,4,2,32.49,1,2025-10-26 22:00:00,2025-10-27 04:00:00,W,Alton Ave,0,0,0,0
2025-10-26,15,10:00,144,6,13.5,4,2,32.49,1,2025-10-26 22:00:00,2025-10-27 04:00:00,W,Coxwell Ave,0,0,0,0
2025-10-26,15,10:00,144,6,13.5,4,2,32.49,1,2025-10-26 22:00:00,2025-10-27 04:00:00,W,Gerrard St East  at Coxwell Ave,0,0,0,0
2025-10-26,15,10:00,144,6,13.5,4,2,32.49,1,2025-10-26 22:00:00,2025-10-27 04:00:00,W,Coxwell Ave at Lower Gerrard St East,0,0,0,0
2025-10-26,15,10:00,144,6,13.5,4,2,32.49,1,2025-10-26 22:00:00,2025-10-27 04:00:00,W,Ashdale Ave,0,0,0,0
2025-10-26,15,10:00,144,6,13.5,4,2,32.49,1,2025-10-26 22:00:00,2025-10-27 04:00:00,W,Howard Park Ave at Indian Rd,0,0,0,0
2025-10-26,15,10:00,144,6,13.5,4,2,32.49,1,2025-10-26 22:00:00,2025-10-27 04:00:00,W,Dundas St West at Howard Park Ave,0,0,0,0
2025-10-26,15,10:00,144,6,13.5,4,2,32.49,1,2025-10-26 22:00:00,2025-10-27 04:00:00,W,Main St at Gerrard St East,0,0,0,0
2025-10-26,15,10:00,144,6,13.5,4,2,32.49,1,2025-10-26 22:00:00,2025-10-27 04:00:00,W,Main St,0,0,0,0
2025-10-26,15,10:00,144,6,13.5,4,2,32.49,1,2025-10-26 22:00:00,2025-10-27 04:00:00,W,Main St at Danforth Ave,0,0,0,0
2025-10-26,15,10:00,144,6,13.5,4,2,32.49,1,2025-10-26 22:00:00,2025-10-27 04:00:00,W,Howard Park Ave at Parkside Dr,0,0,0,0
2025-11-02,15,10:00,144,6,13.5,4,2,32.49,1,2025-11-02 22:00:00,2025-11-03 04:00:00,E,Woodfield Rd,4,2,0,0
2025-11-02,15,10:00,144,6,13.5,4,2,32.49,1,2025-11-02 22:00:00,2025-11-03 04:00:00,E,Coxwell Ave at Gerrard St East,0,0,0,0
2025-11-02,15,10:00,144,6,13.5,4,2,32.49,1,2025-11-02 22:00:00,2025-11-03 04:00:00,E,Euclid Ave,0,1,0,0
2025-11-02,15,10:00,144,6,13.5,4,2,32.49,1,2025-11-02 22:00:00,2025-11-03 04:00:00,E,Bowmore Rd,4,4,0,0
2025-11-02,15,10:00,144,6,13.5,4,2,32.49,1,2025-11-02 22:00:00,2025-11-03 04:00:00,E,Bay St,5,3,0,0
2025-11-02,15,10:00,144,6,13.5,4,2,32.49,1,2025-11-02 22:00:00,2025-11-03 04:00:00,E,Lansdowne Ave,5,5,0,0
2025-11-02,15,10:00,144,6,13.5,4,2,32.49,1,2025-11-02 22:00:00,2025-11-03 04:00:00,E,Indian Rd,0,0,0,0
2025-11-02,15,10:00,144,6,13.5,4,2,32.49,1,2025-11-02 22:00:00,2025-11-03 04:00:00,E,Grace St,0,0,0,0
2025-11-02,15,10:00,144,6,13.5,4,2,32.49,1,2025-11-02 22:00:00,2025-11-03 04:00:00,E,Dufferin St,5,2,0,0
2025-11-02,15,10:00,144,6,13.5,4,2,32.49,1,2025-11-02 22:00:00,2025-11-03 04:00:00,E,Gerrard St East at Beaton Ave,4,4,0,0
2025-11-02,15,10:00,144,6,13.5,4,2,32.49,1,2025-11-02 22:00:00,2025-11-03 04:00:00,E,Bathurst St,4,3,0,0
2025-11-02,15,10:00,144,6,13.5,4,2,32.49,1,2025-11-02 22:00:00,2025-11-03 04:00:00,E,Yonge St - College Station,3,3,0,0
2025-11-02,15,10:00,144,6,13.5,4,2,32.49,1,2025-11-02 22:00:00,2025-11-03 04:00:00,E,Dundas St West at Sterling Rd,0,1,0,0
2025-11-02,15,10:00,144,6,13.5,4,2,32.49,1,2025-11-02 22:00:00,2025-11-03 04:00:00,E,Brock Ave,4,4,0,0
2025-11-02,15,10:00,144,6,13.5,4,2,32.49,1,2025-11-02 22:00:00,2025-11-03 04:00:00,E,Sackville St,0,0,0,0
2025-11-02,15,10:00,144,6,13.5,4,2,32.49,1,2025-11-02 22:00:00,2025-11-03 04:00:00,E,Carlaw Ave,3,3,0,0
2025-11-02,15,10:00,144,6,13.5,4,2,32.49,1,2025-11-02 22:00:00,2025-11-03 04:00:00,E,Borden St,4,3,0,0
2025-11-02,15,10:00,144,6,13.5,4,2,32.49,1,2025-11-02 22:00:00,2025-11-03 04:00:00,E,Dundas St West at Sorauren Ave,0,1,0,0
2025-11-02,15,10:00,144,6,13.5,4,2,32.49,1,2025-11-02 22:00:00,2025-11-03 04:00:00,E,Crawford St,0,0,0,0
2025-11-02,15,10:00,144,6,13.5,4,2,32.49,1,2025-11-02 22:00:00,2025-11-03 04:00:00,E,Pape Ave,4,3,0,0
2025-11-02,15,10:00,144,6,13.5,4,2,32.49,1,2025-11-02 22:00:00,2025-11-03 04:00:00,E,Spadina Ave,4,3,0,0
2025-11-02,15,10:00,144,6,13.5,4,2,32.49,1,2025-11-02 22:00:00,2025-11-03 04:00:00,E,River St,0,0,0,0
2025-11-02,15,10:00,144,6,13.5,4,2,32.49,1,2025-11-02 22:00:00,2025-11-03 04:00:00,E,Marjory Ave,4,3,0,0
2025-11-02,15,10:00,144,6,13.5,4,2,32.49,1,2025-11-02 22:00:00,2025-11-03 04:00:00,E,Kingsmount Park Rd,4,4,0,0
2025-11-02,15,10:00,144,6,13.5,4,2,32.49,1,2025-11-02 22:00:00,2025-11-03 04:00:00,E,Church St,0,0,0,0
2025-11-02,15,10:00,144,6,13.5,4,2,32.49,1,2025-11-02 22:00:00,2025-11-03 04:00:00,E,Ossington Ave,5,4,0,0
2025-11-02,15,10:00,144,6,13.5,4,2,32.49,1,2025-11-02 22:00:00,2025-11-03 04:00:00,E,Woodbine Ave,4,4,0,0
2025-11-02,15,10:00,144,6,13.5,4,2,32.49,1,2025-11-02 22:00:00,2025-11-03 04:00:00,E,Jones Ave,4,2,0,0
2025-11-02,15,10:00,144,6,13.5,4,2,32.49,1,2025-11-02 22:00:00,2025-11-03 04:00:00,E,Golfview Ave,4,4,0,0
2025-11-02,15,10:00,144,6,13.5,4,2,32.49,1,2025-11-02 22:00:00,2025-11-03 04:00:00,E,Leslie St,4,3,0,0
2025-11-02,15,10:00,144,6,13.5,4,2,32.49,1,2025-11-02 22:00:00,2025-11-03 04:00:00,E,St Matthews Rd,0,0,0,0
2025-11-02,15,10:00,144,6,13.5,4,2,32.49,1,2025-11-02 22:00:00,2025-11-03 04:00:00,E,Jarvis St,0,1,0,0
2025-11-02,15,10:00,144,6,13.5,4,2,32.49,1,2025-11-02 22:00:00,2025-11-03 04:00:00,E,Sherbourne St,0,1,0,0
2025-11-02,15,10:00,144,6,13.5,4,2,32.49,1,2025-11-02 22:00:00,2025-11-03 04:00:00,E,St George St,5,3,0,0
2025-11-02,15,10:00,144,6,13.5,4,2,32.49,1,2025-11-02 22:00:00,2025-11-03 04:00:00,E,Dovercourt Rd,6,4,0,0
2025-11-02,15,10:00,144,6,13.5,4,2,32.49,1,2025-11-02 22:00:00,2025-11-03 04:00:00,E,Glenmount Park Rd,4,5,0,0
2025-11-02,15,10:00,144,6,13.5,4,2,32.49,1,2025-11-02 22:00:00,2025-11-03 04:00:00,E,Prust Ave,4,3,0,0
2025-11-02,15,10:00,144,6,13.5,4,2,32.49,1,2025-11-02 22:00:00,2025-11-03 04:00:00,E,Main Street Station at Bay 7,0,0,0,0
2025-11-02,15,10:00,144,6,13.5,4,2,32.49,1,2025-11-02 22:00:00,2025-11-03 04:00:00,E,Norwood Rd,5,5,0,0
2025-11-02,15,10:00,144,6,13.5,4,2,32.49,1,2025-11-02 22:00:00,2025-11-03 04:00:00,E,McCaul St,5,3,0,0
2025-11-02,15,10:00,144,6,13.5,4,2,32.49,1,2025-11-02 22:00:00,2025-11-03 04:00:00,E,Broadview Ave,3,2,0,0
2025-11-02,15,10:00,144,6,13.5,4,2,32.49,1,2025-11-02 22:00:00,2025-11-03 04:00:00,E,Ontario St,0,1,0,0
2025-11-02,15,10:00,144,6,13.5,4,2,32.49,1,2025-11-02 22:00:00,2025-11-03 04:00:00,E,Rusholme Park Cres,0,1,0,0
2025-11-02,15,10:00,144,6,13.5,4,2,32.49,1,2025-11-02 22:00:00,2025-11-03 04:00:00,E,Havelock St,4,3,0,0
2025-11-02,15,10:00,144,6,13.5,4,2,32.49,1,2025-11-02 22:00:00,2025-11-03 04:00:00,E,High Park Loop,0,0,0,0
2025-11-02,15,10:00,144,6,13.5,4,2,32.49,1,2025-11-02 22:00:00,2025-11-03 04:00:00,E,Queens Park (Queen's Park Station),6,3,0,0
2025-11-02,15,10:00,144,6,13.5,4,2,32.49,1,2025-11-02 22:00:00,2025-11-03 04:00:00,E,Roncesvalles Ave,0,0,0,0
2025-11-02,15,10:00,144,6,13.5,4,2,32.49,1,2025-11-02 22:00:00,2025-11-03 04:00:00,E,De Grassi St,4,3,0,0
2025-11-02,15,10:00,144,6,13.5,4,2,32.49,1,2025-11-02 22:00:00,2025-11-03 04:00:00,E,Parliament St at Carlton St,1,1,0,0
2025-11-02,15,10:00,144,6,13.5,4,2,32.49,1,2025-11-02 22:00:00,2025-11-03 04:00:00,E,Parkside Dr East Side,0,0,0,0
2025-11-02,15,10:00,144,6,13.5,4,2,32.49,1,2025-11-02 22:00:00,2025-11-03 04:00:00,E,Dundas St West,0,1,0,0
2025-11-02,15,10:00,144,6,13.5,4,2,32.49,1,2025-11-02 22:00:00,2025-11-03 04:00:00,E,Howard Park Ave at Roncesvalles Ave,0,0,0,0
2025-11-02,15,10:00,144,6,13.5,4,2,32.49,1,2025-11-02 22:00:00,2025-11-03 04:00:00,E,Parliament St,0,0,0,0
2025-11-02,15,10:00,144,6,13.5,4,2,32.49,1,2025-11-02 22:00:00,2025-11-03 04:00:00,E,Parliament St at Gerrard St East,0,0,0,0
2025-11-02,15,10:00,144,6,13.5,4,2,32.49,1,2025-11-02 22:00:00,2025-11-03 04:00:00,E,Sumach St,0,0,0,0
2025-11-02,15,10:00,144,6,13.5,4,2,32.49,1,2025-11-02 22:00:00,2025-11-03 04:00:00,E,Blackburn St,0,0,0,0
2025-11-02,15,10:00,144,6,13.5,4,2,32.49,1,2025-11-02 22:00:00,2025-11-03 04:00:00,E,Logan Ave,4,3,0,0
2025-11-02,15,10:00,144,6,13.5,4,2,32.49,1,2025-11-02 22:00:00,2025-11-03 04:00:00,E,Augusta Ave,0,0,0,0
2025-11-02,15,10:00,144,6,13.5,4,2,32.49,1,2025-11-02 22:00:00,2025-11-03 04:00:00,E,Beverley St,0,0,0,0
2025-11-02,15,10:00,144,6,13.5,4,2,32.49,1,2025-11-02 22:00:00,2025-11-03 04:00:00,E,University Ave (Queen's Park Station,0,0,0,0
2025-11-02,15,10:00,144,6,13.5,4,2,32.49,1,2025-11-02 22:00:00,2025-11-03 04:00:00,E,Elizabeth St,0,0,0,0
2025-11-02,15,10:00,144,6,13.5,4,2,32.49,1,2025-11-02 22:00:00,2025-11-03 04:00:00,E,Greenwood Ave,0,0,0,0
2025-11-02,15,10:00,144,6,13.5,4,2,32.49,1,2025-11-02 22:00:00,2025-11-03 04:00:00,E,Alton Ave,0,0,0,0
2025-11-02,15,10:00,144,6,13.5,4,2,32.49,1,2025-11-02 22:00:00,2025-11-03 04:00:00,E,Coxwell Ave,0,0,0,0
2025-11-02,15,10:00,144,6,13.5,4,2,32.49,1,2025-11-02 22:00:00,2025-11-03 04:00:00,E,Gerrard St East  at Coxwell Ave,0,0,0,0
2025-11-02,15,10:00,144,6,13.5,4,2,32.49,1,2025-11-02 22:00:00,2025-11-03 04:00:00,E,Coxwell Ave at Lower Gerrard St East,0,0,0,0
2025-11-02,15,10:00,144,6,13.5,4,2,32.49,1,2025-11-02 22:00:00,2025-11-03 04:00:00,E,Ashdale Ave,0,0,0,0
2025-11-02,15,10:00,144,6,13.5,4,2,32.49,1,2025-11-02 22:00:00,2025-11-03 04:00:00,E,Howard Park Ave at Indian Rd,0,0,0,0
2025-11-02,15,10:00,144,6,13.5,4,2,32.49,1,2025-11-02 22:00:00,2025-11-03 04:00:00,E,Dundas St West at Howard Park Ave,0,0,0,0
2025-11-02,15,10:00,144,6,13.5,4,2,32.49,1,2025-11-02 22:00:00,2025-11-03 04:00:00,E,Main St at Gerrard St East,0,0,0,0
2025-11-02,15,10:00,144,6,13.5,4,2,32.49,1,2025-11-02 22:00:00,2025-11-03 04:00:00,E,Main St,0,0,0,0
2025-11-02,15,10:00,144,6,13.5,4,2,32.49,1,2025-11-02 22:00:00,2025-11-03 04:00:00,E,Main St at Danforth Ave,0,0,0,0
2025-11-02,15,10:00,144,6,13.5,4,2,32.49,1,2025-11-02 22:00:00,2025-11-03 04:00:00,E,Howard Park Ave at Parkside Dr,0,0,0,0
2025-11-02,15,10:00,144,6,13.5,4,2,32.49,1,2025-11-02 22:00:00,2025-11-03 04:00:00,W,Woodfield Rd,1,2,0,1
2025-11-02,15,10:00,144,6,13.5,4,2,32.49,1,2025-11-02 22:00:00,2025-11-03 04:00:00,W,Coxwell Ave at Gerrard St East,1,2,0,1
2025-11-02,15,10:00,144,6,13.5,4,2,32.49,1,2025-11-02 22:00:00,2025-11-03 04:00:00,W,Euclid Ave,0,0,0,0
2025-11-02,15,10:00,144,6,13.5,4,2,32.49,1,2025-11-02 22:00:00,2025-11-03 04:00:00,W,Bowmore Rd,1,0,0,0
2025-11-02,15,10:00,144,6,13.5,4,2,32.49,1,2025-11-02 22:00:00,2025-11-03 04:00:00,W,Bay St,1,1,0,1
2025-11-02,15,10:00,144,6,13.5,4,2,32.49,1,2025-11-02 22:00:00,2025-11-03 04:00:00,W,Lansdowne Ave,0,0,0,0
2025-11-02,15,10:00,144,6,13.5,4,2,32.49,1,2025-11-02 22:00:00,2025-11-03 04:00:00,W,Indian Rd,5,3,0,0
2025-11-02,15,10:00,144,6,13.5,4,2,32.49,1,2025-11-02 22:00:00,2025-11-03 04:00:00,W,Grace St,0,0,0,0
2025-11-02,15,10:00,144,6,13.5,4,2,32.49,1,2025-11-02 22:00:00,2025-11-03 04:00:00,W,Dufferin St,1,3,0,0
2025-11-02,15,10:00,144,6,13.5,4,2,32.49,1,2025-11-02 22:00:00,2025-11-03 04:00:00,W,Gerrard St East at Beaton Ave,1,0,0,0
2025-11-02,15,10:00,144,6,13.5,4,2,32.49,1,2025-11-02 22:00:00,2025-11-03 04:00:00,W,Bathurst St,0,0,0,0
2025-11-02,15,10:00,144,6,13.5,4,2,32.49,1,2025-11-02 22:00:00,2025-11-03 04:00:00,W,Yonge St - College Station,0,0,0,0
2025-11-02,15,10:00,144,6,13.5,4,2,32.49,1,2025-11-02 22:00:00,2025-11-03 04:00:00,W,Dundas St West at Sterling Rd,0,0,0,0
2025-11-02,15,10:00,144,6,13.5,4,2,32.49,1,2025-11-02 22:00:00,2025-11-03 04:00:00,W,Brock Ave,0,0,0,0
2025-11-02,15,10:00,144,6,13.5,4,2,32.49,1,2025-11-02 22:00:00,2025-11-03 04:00:00,W,Sackville St,0,0,0,0
2025-11-02,15,10:00,144,6,13.5,4,2,32.49,1,2025-11-02 22:00:00,2025-11-03 04:00:00,W,Carlaw Ave,0,0,0,0
2025-11-02,15,10:00,144,6,13.5,4,2,32.49,1,2025-11-02 22:00:00,2025-11-03 04:00:00,W,Borden St,0,0,0,0
2025-11-02,15,10:00,144,6,13.5,4,2,32.49,1,2025-11-02 22:00:00,2025-11-03 04:00:00,W,Dundas St West at Sorauren Ave,2,3,0,0
2025-11-02,15,10:00,144,6,13.5,4,2,32.49,1,2025-11-02 22:00:00,2025-11-03 04:00:00,W,Crawford St,0,0,0,0
2025-11-02,15,10:00,144,6,13.5,4,2,32.49,1,2025-11-02 22:00:00,2025-11-03 04:00:00,W,Pape Ave,0,0,0,0
2025-11-02,15,10:00,144,6,13.5,4,2,32.49,1,2025-11-02 22:00:00,2025-11-03 04:00:00,W,Spadina Ave,0,1,0,0
2025-11-02,15,10:00,144,6,13.5,4,2,32.49,1,2025-11-02 22:00:00,2025-11-03 04:00:00,W,River St,0,0,0,0
2025-11-02,15,10:00,144,6,13.5,4,2,32.49,1,2025-11-02 22:00:00,2025-11-03 04:00:00,W,Marjory Ave,0,0,0,0
2025-11-02,15,10:00,144,6,13.5,4,2,32.49,1,2025-11-02 22:00:00,2025-11-03 04:00:00,W,Kingsmount Park Rd,0,0,0,0
2025-11-02,15,10:00,144,6,13.5,4,2,32.49,1,2025-11-02 22:00:00,2025-11-03 04:00:00,W,Church St,0,0,0,0
2025-11-02,15,10:00,144,6,13.5,4,2,32.49,1,2025-11-02 22:00:00,2025-11-03 04:00:00,W,Ossington Ave,0,0,0,0
2025-11-02,15,10:00,144,6,13.5,4,2,32.49,1,2025-11-02 22:00:00,2025-11-03 04:00:00,W,Woodbine Ave,0,0,0,0
2025-11-02,15,10:00,144,6,13.5,4,2,32.49,1,2025-11-02 22:00:00,2025-11-03 04:00:00,W,Jones Ave,0,0,0,0
2025-11-02,15,10:00,144,6,13.5,4,2,32.49,1,2025-11-02 22:00:00,2025-11-03 04:00:00,W,Golfview Ave,0,0,0,0
2025-11-02,15,10:00,144,6,13.5,4,2,32.49,1,2025-11-02 22:00:00,2025-11-03 04:00:00,W,Leslie St,0,0,0,0
2025-11-02,15,10:00,144,6,13.5,4,2,32.49,1,2025-11-02 22:00:00,2025-11-03 04:00:00,W,St Matthews Rd,0,0,0,0
2025-11-02,15,10:00,144,6,13.5,4,2,32.49,1,2025-11-02 22:00:00,2025-11-03 04:00:00,W,Jarvis St,0,0,0,0
2025-11-02,15,10:00,144,6,13.5,4,2,32.49,1,2025-11-02 22:00:00,2025-11-03 04:00:00,W,Sherbourne St,0,0,0,0
2025-11-02,15,10:00,144,6,13.5,4,2,32.49,1,2025-11-02 22:00:00,2025-11-03 04:00:00,W,St George St,0,0,0,0
2025-11-02,15,10:00,144,6,13.5,4,2,32.49,1,2025-11-02 22:00:00,2025-11-03 04:00:00,W,Dovercourt Rd,0,0,0,0
2025-11-02,15,10:00,144,6,13.5,4,2,32.49,1,2025-11-02 22:00:00,2025-11-03 04:00:00,W,Glenmount Park Rd,0,0,0,0
2025-11-02,15,10:00,144,6,13.5,4,2,32.49,1,2025-11-02 22:00:00,2025-11-03 04:00:00,W,Prust Ave,0,0,0,0
2025-11-02,15,10:00,144,6,13.5,4,2,32.49,1,2025-11-02 22:00:00,2025-11-03 04:00:00,W,Main Street Station at Bay 7,1,0,0,0
2025-11-02,15,10:00,144,6,13.5,4,2,32.49,1,2025-11-02 22:00:00,2025-11-03 04:00:00,W,Norwood Rd,0,0,0,0
2025-11-02,15,10:00,144,6,13.5,4,2,32.49,1,2025-11-02 22:00:00,2025-11-03 04:00:00,W,McCaul St,0,0,0,0
2025-11-02,15,10:00,144,6,13.5,4,2,32.49,1,2025-11-02 22:00:00,2025-11-03 04:00:00,W,Broadview Ave,0,0,0,0
2025-11-02,15,10:00,144,6,13.5,4,2,32.49,1,2025-11-02 22:00:00,2025-11-03 04:00:00,W,Ontario St,0,0,0,0
2025-11-02,15,10:00,144,6,13.5,4,2,32.49,1,2025-11-02 22:00:00,2025-11-03 04:00:00,W,Rusholme Park Cres,0,0,0,0
2025-11-02,15,10:00,144,6,13.5,4,2,32.49,1,2025-11-02 22:00:00,2025-11-03 04:00:00,W,Havelock St,0,0,0,0
2025-11-02,15,10:00,144,6,13.5,4,2,32.49,1,2025-11-02 22:00:00,2025-11-03 04:00:00,W,High Park Loop,0,0,0,0
2025-11-02,15,10:00,144,6,13.5,4,2,32.49,1,2025-11-02 22:00:00,2025-11-03 04:00:00,W,Queens Park (Queen's Park Station),0,0,0,0
2025-11-02,15,10:00,144,6,13.5,4,2,32.49,1,2025-11-02 22:00:00,2025-11-03 04:00:00,W,Roncesvalles Ave,2,4,0,0
2025-11-02,15,10:00,144,6,13.5,4,2,32.49,1,2025-11-02 22:00:00,2025-11-03 04:00:00,W,De Grassi St,0,0,0,0
2025-11-02,15,10:00,144,6,13.5,4,2,32.49,1,2025-11-02 22:00:00,2025-11-03 04:00:00,W,Parliament St at Carlton St,0,0,0,0
2025-11-02,15,10:00,144,6,13.5,4,2,32.49,1,2025-11-02 22:00:00,2025-11-03 04:00:00,W,Parkside Dr East Side,0,0,0,0
2025-11-02,15,10:00,144,6,13.5,4,2,32.49,1,2025-11-02 22:00:00,2025-11-03 04:00:00,W,Dundas St West,1,3,0,0
2025-11-02,15,10:00,144,6,13.5,4,2,32.49,1,2025-11-02 22:00:00,2025-11-03 04:00:00,W,Howard Park Ave at Roncesvalles Ave,0,0,0,0
2025-11-02,15,10:00,144,6,13.5,4,2,32.49,1,2025-11-02 22:00:00,2025-11-03 04:00:00,W,Parliament St,0,0,0,0
2025-11-02,15,10:00,144,6,13.5,4,2,32.49,1,2025-11-02 22:00:00,2025-11-03 04:00:00,W,Parliament St at Gerrard St East,0,0,0,0
2025-11-02,15,10:00,144,6,13.5,4,2,32.49,1,2025-11-02 22:00:00,2025-11-03 04:00:00,W,Sumach St,0,0,0,0
2025-11-02,15,10:00,144,6,13.5,4,2,32.49,1,2025-11-02 22:00:00,2025-11-03 04:00:00,W,Blackburn St,0,0,0,0
2025-11-02,15,10:00,144,6,13.5,4,2,32.49,1,2025-11-02 22:00:00,2025-11-03 04:00:00,W,Logan Ave,0,0,0,0
2025-11-02,15,10:00,144,6,13.5,4,2,32.49,1,2025-11-02 22:00:00,2025-11-03 04:00:00,W,Augusta Ave,0,0,0,0
2025-11-02,15,10:00,144,6,13.5,4,2,32.49,1,2025-11-02 22:00:00,2025-11-03 04:00:00,W,Beverley St,0,0,0,0
2025-11-02,15,10:00,144,6,13.5,4,2,32.49,1,2025-11-02 22:00:00,2025-11-03 04:00:00,W,University Ave (Queen's Park Station,0,0,0,0
2025-11-02,15,10:00,144,6,13.5,4,2,32.49,1,2025-11-02 22:00:00,2025-11-03 04:00:00,W,Elizabeth St,0,0,0,0
2025-11-02,15,10:00,144,6,13.5,4,2,32.49,1,2025-11-02 22:00:00,2025-11-03 04:00:00,W,Greenwood Ave,0,0,0,0
2025-11-02,15,10:00,144,6,13.5,4,2,32.49,1,2025-11-02 22:00:00,2025-11-03 04:00:00,W,Alton Ave,0,0,0,0
2025-11-02,15,10:00,144,6,13.5,4,2,32.49,1,2025-11-02 22:00:00,2025-11-03 04:00:00,W,Coxwell Ave,0,0,0,0
2025-11-02,15,10:00,144,6,13.5,4,2,32.49,1,2025-11-02 22:00:00,2025-11-03 04:00:00,W,Gerrard St East  at Coxwell Ave,0,0,0,0
2025-11-02,15,10:00,144,6,13.5,4,2,32.49,1,2025-11-02 22:00:00,2025-11-03 04:00:00,W,Coxwell Ave at Lower Gerrard St East,0,0,0,0
2025-11-02,15,10:00,144,6,13.5,4,2,32.49,1,2025-11-02 22:00:00,2025-11-03 04:00:00,W,Ashdale Ave,0,0,0,0
2025-11-02,15,10:00,144,6,13.5,4,2,32.49,1,2025-11-02 22:00:00,2025-11-03 04:00:00,W,Howard Park Ave at Indian Rd,0,0,0,0
2025-11-02,15,10:00,144,6,13.5,4,2,32.49,1,2025-11-02 22:00:00,2025-11-03 04:00:00,W,Dundas St West at Howard Park Ave,0,0,0,0
2025-11-02,15,10:00,144,6,13.5,4,2,32.49,1,2025-11-02 22:00:00,2025-11-03 04:00:00,W,Main St at Gerrard St East,0,0,0,0
2025-11-02,15,10:00,144,6,13.5,4,2,32.49,1,2025-11-02 22:00:00,2025-11-03 04:00:00,W,Main St,0,0,0,0
2025-11-02,15,10:00,144,6,13.5,4,2,32.49,1,2025-11-02 22:00:00,2025-11-03 04:00:00,W,Main St at Danforth Ave,0,0,0,0
2025-11-02,15,10:00,144,6,13.5,4,2,32.49,1,2025-11-02 22:00:00,2025-11-03 04:00:00,W,Howard Park Ave at Parkside Dr,0,0,0,0
2025-11-09,15,10:00,144,6,13.5,4,2,32.49,1,2025-11-09 22:00:00,2025-11-10 04:00:00,E,Woodfield Rd,6,0,0,0
2025-11-09,15,10:00,144,6,13.5,4,2,32.49,1,2025-11-09 22:00:00,2025-11-10 04:00:00,E,Coxwell Ave at Gerrard St East,0,0,0,0
2025-11-09,15,10:00,144,6,13.5,4,2,32.49,1,2025-11-09 22:00:00,2025-11-10 04:00:00,E,Euclid Ave,1,0,0,0
2025-11-09,15,10:00,144,6,13.5,4,2,32.49,1,2025-11-09 22:00:00,2025-11-10 04:00:00,E,Bowmore Rd,2,1,0,0
2025-11-09,15,10:00,144,6,13.5,4,2,32.49,1,2025-11-09 22:00:00,2025-11-10 04:00:00,E,Bay St,5,0,0,0
2025-11-09,15,10:00,144,6,13.5,4,2,32.49,1,2025-11-09 22:00:00,2025-11-10 04:00:00,E,Lansdowne Ave,4,2,0,0
2025-11-09,15,10:00,144,6,13.5,4,2,32.49,1,2025-11-09 22:00:00,2025-11-10 04:00:00,E,Indian Rd,0,0,0,0
2025-11-09,15,10:00,144,6,13.5,4,2,32.49,1,2025-11-09 22:00:00,2025-11-10 04:00:00,E,Grace St,0,0,0,0
2025-11-09,15,10:00,144,6,13.5,4,2,32.49,1,2025-11-09 22:00:00,2025-11-10 04:00:00,E,Dufferin St,4,0,0,0
2025-11-09,15,10:00,144,6,13.5,4,2,32.49,1,2025-11-09 22:00:00,2025-11-10 04:00:00,E,Gerrard St East at Beaton Ave,2,1,0,0
2025-11-09,15,10:00,144,6,13.5,4,2,32.49,1,2025-11-09 22:00:00,2025-11-10 04:00:00,E,Bathurst St,2,2,0,0
2025-11-09,15,10:00,144,6,13.5,4,2,32.49,1,2025-11-09 22:00:00,2025-11-10 04:00:00,E,Yonge St - College Station,3,0,0,0
2025-11-09,15,10:00,144,6,13.5,4,2,32.49,1,2025-11-09 22:00:00,2025-11-10 04:00:00,E,Dundas St West at Sterling Rd,1,0,0,0
2025-11-09,15,10:00,144,6,13.5,4,2,32.49,1,2025-11-09 22:00:00,2025-11-10 04:00:00,E,Brock Ave,4,1,0,0
2025-11-09,15,10:00,144,6,13.5,4,2,32.49,1,2025-11-09 22:00:00,2025-11-10 04:00:00,E,Sackville St,0,0,0,0
2025-11-09,15,10:00,144,6,13.5,4,2,32.49,1,2025-11-09 22:00:00,2025-11-10 04:00:00,E,Carlaw Ave,4,0,0,0
2025-11-09,15,10:00,144,6,13.5,4,2,32.49,1,2025-11-09 22:00:00,2025-11-10 04:00:00,E,Borden St,2,2,0,0
2025-11-09,15,10:00,144,6,13.5,4,2,32.49,1,2025-11-09 22:00:00,2025-11-10 04:00:00,E,Dundas St West at Sorauren Ave,1,0,0,0
2025-11-09,15,10:00,144,6,13.5,4,2,32.49,1,2025-11-09 22:00:00,2025-11-10 04:00:00,E,Crawford St,0,0,0,0
2025-11-09,15,10:00,144,6,13.5,4,2,32.49,1,2025-11-09 22:00:00,2025-11-10 04:00:00,E,Pape Ave,4,0,0,0
2025-11-09,15,10:00,144,6,13.5,4,2,32.49,1,2025-11-09 22:00:00,2025-11-10 04:00:00,E,Spadina Ave,3,2,0,0
2025-11-09,15,10:00,144,6,13.5,4,2,32.49,1,2025-11-09 22:00:00,2025-11-10 04:00:00,E,River St,0,0,0,0
2025-11-09,15,10:00,144,6,13.5,4,2,32.49,1,2025-11-09 22:00:00,2025-11-10 04:00:00,E,Marjory Ave,3,0,0,0
2025-11-09,15,10:00,144,6,13.5,4,2,32.49,1,2025-11-09 22:00:00,2025-11-10 04:00:00,E,Kingsmount Park Rd,2,1,0,0
2025-11-09,15,10:00,144,6,13.5,4,2,32.49,1,2025-11-09 22:00:00,2025-11-10 04:00:00,E,Church St,0,0,0,0
2025-11-09,15,10:00,144,6,13.5,4,2,32.49,1,2025-11-09 22:00:00,2025-11-10 04:00:00,E,Ossington Ave,4,0,0,0
2025-11-09,15,10:00,144,6,13.5,4,2,32.49,1,2025-11-09 22:00:00,2025-11-10 04:00:00,E,Woodbine Ave,3,1,0,0
2025-11-09,15,10:00,144,6,13.5,4,2,32.49,1,2025-11-09 22:00:00,2025-11-10 04:00:00,E,Jones Ave,3,0,0,0
2025-11-09,15,10:00,144,6,13.5,4,2,32.49,1,2025-11-09 22:00:00,2025-11-10 04:00:00,E,Golfview Ave,3,1,0,0
2025-11-09,15,10:00,144,6,13.5,4,2,32.49,1,2025-11-09 22:00:00,2025-11-10 04:00:00,E,Leslie St,4,0,0,0
2025-11-09,15,10:00,144,6,13.5,4,2,32.49,1,2025-11-09 22:00:00,2025-11-10 04:00:00,E,St Matthews Rd,0,0,0,0
2025-11-09,15,10:00,144,6,13.5,4,2,32.49,1,2025-11-09 22:00:00,2025-11-10 04:00:00,E,Jarvis St,1,0,0,0
2025-11-09,15,10:00,144,6,13.5,4,2,32.49,1,2025-11-09 22:00:00,2025-11-10 04:00:00,E,Sherbourne St,1,0,0,0
2025-11-09,15,10:00,144,6,13.5,4,2,32.49,1,2025-11-09 22:00:00,2025-11-10 04:00:00,E,St George St,4,0,0,0
2025-11-09,15,10:00,144,6,13.5,4,2,32.49,1,2025-11-09 22:00:00,2025-11-10 04:00:00,E,Dovercourt Rd,5,0,0,0
2025-11-09,15,10:00,144,6,13.5,4,2,32.49,1,2025-11-09 22:00:00,2025-11-10 04:00:00,E,Glenmount Park Rd,3,1,0,0
2025-11-09,15,10:00,144,6,13.5,4,2,32.49,1,2025-11-09 22:00:00,2025-11-10 04:00:00,E,Prust Ave,4,1,0,0
2025-11-09,15,10:00,144,6,13.5,4,2,32.49,1,2025-11-09 22:00:00,2025-11-10 04:00:00,E,Main Street Station at Bay 7,0,0,0,0
2025-11-09,15,10:00,144,6,13.5,4,2,32.49,1,2025-11-09 22:00:00,2025-11-10 04:00:00,E,Norwood Rd,3,1,0,0
2025-11-09,15,10:00,144,6,13.5,4,2,32.49,1,2025-11-09 22:00:00,2025-11-10 04:00:00,E,McCaul St,4,0,0,0
2025-11-09,15,10:00,144,6,13.5,4,2,32.49,1,2025-11-09 22:00:00,2025-11-10 04:00:00,E,Broadview Ave,3,0,0,0
2025-11-09,15,10:00,144,6,13.5,4,2,32.49,1,2025-11-09 22:00:00,2025-11-10 04:00:00,E,Ontario St,1,0,0,0
2025-11-09,15,10:00,144,6,13.5,4,2,32.49,1,2025-11-09 22:00:00,2025-11-10 04:00:00,E,Rusholme Park Cres,1,0,0,0
2025-11-09,15,10:00,144,6,13.5,4,2,32.49,1,2025-11-09 22:00:00,2025-11-10 04:00:00,E,Havelock St,4,1,0,0
2025-11-09,15,10:00,144,6,13.5,4,2,32.49,1,2025-11-09 22:00:00,2025-11-10 04:00:00,E,High Park Loop,0,0,0,0
2025-11-09,15,10:00,144,6,13.5,4,2,32.49,1,2025-11-09 22:00:00,2025-11-10 04:00:00,E,Queens Park (Queen's Park Station),5,0,0,0
2025-11-09,15,10:00,144,6,13.5,4,2,32.49,1,2025-11-09 22:00:00,2025-11-10 04:00:00,E,Roncesvalles Ave,0,0,0,0
2025-11-09,15,10:00,144,6,13.5,4,2,32.49,1,2025-11-09 22:00:00,2025-11-10 04:00:00,E,De Grassi St,5,0,0,0
2025-11-09,15,10:00,144,6,13.5,4,2,32.49,1,2025-11-09 22:00:00,2025-11-10 04:00:00,E,Parliament St at Carlton St,1,0,0,0
2025-11-09,15,10:00,144,6,13.5,4,2,32.49,1,2025-11-09 22:00:00,2025-11-10 04:00:00,E,Parkside Dr East Side,0,0,0,0
2025-11-09,15,10:00,144,6,13.5,4,2,32.49,1,2025-11-09 22:00:00,2025-11-10 04:00:00,E,Dundas St West,1,0,0,0
2025-11-09,15,10:00,144,6,13.5,4,2,32.49,1,2025-11-09 22:00:00,2025-11-10 04:00:00,E,Howard Park Ave at Roncesvalles Ave,0,0,0,0
2025-11-09,15,10:00,144,6,13.5,4,2,32.49,1,2025-11-09 22:00:00,2025-11-10 04:00:00,E,Parliament St,0,0,0,0
2025-11-09,15,10:00,144,6,13.5,4,2,32.49,1,2025-11-09 22:00:00,2025-11-10 04:00:00,E,Parliament St at Gerrard St East,0,0,0,0
2025-11-09,15,10:00,144,6,13.5,4,2,32.49,1,2025-11-09 22:00:00,2025-11-10 04:00:00,E,Sumach St,0,0,0,0
2025-11-09,15,10:00,144,6,13.5,4,2,32.49,1,2025-11-09 22:00:00,2025-11-10 04:00:00,E,Blackburn St,0,0,0,0
2025-11-09,15,10:00,144,6,13.5,4,2,32.49,1,2025-11-09 22:00:00,2025-11-10 04:00:00,E,Logan Ave,3,1,0,0
2025-11-09,15,10:00,144,6,13.5,4,2,32.49,1,2025-11-09 22:00:00,2025-11-10 04:00:00,E,Augusta Ave,0,0,0,0
2025-11-09,15,10:00,144,6,13.5,4,2,32.49,1,2025-11-09 22:00:00,2025-11-10 04:00:00,E,Beverley St,0,0,0,0
2025-11-09,15,10:00,144,6,13.5,4,2,32.49,1,2025-11-09 22:00:00,2025-11-10 04:00:00,E,University Ave (Queen's Park Station,0,0,0,0
2025-11-09,15,10:00,144,6,13.5,4,2,32.49,1,2025-11-09 22:00:00,2025-11-10 04:00:00,E,Elizabeth St,0,0,0,0
2025-11-09,15,10:00,144,6,13.5,4,2,32.49,1,2025-11-09 22:00:00,2025-11-10 04:00:00,E,Greenwood Ave,0,0,0,0
2025-11-09,15,10:00,144,6,13.5,4,2,32.49,1,2025-11-09 22:00:00,2025-11-10 04:00:00,E,Alton Ave,0,0,0,0
2025-11-09,15,10:00,144,6,13.5,4,2,32.49,1,2025-11-09 22:00:00,2025-11-10 04:00:00,E,Coxwell Ave,0,0,0,0
2025-11-09,15,10:00,144,6,13.5,4,2,32.49,1,2025-11-09 22:00:00,2025-11-10 04:00:00,E,Gerrard St East  at Coxwell Ave,0,0,0,0
2025-11-09,15,10:00,144,6,13.5,4,2,32.49,1,2025-11-09 22:00:00,2025-11-10 04:00:00,E,Coxwell Ave at Lower Gerrard St East,0,0,0,0
2025-11-09,15,10:00,144,6,13.5,4,2,32.49,1,2025-11-09 22:00:00,2025-11-10 04:00:00,E,Ashdale Ave,0,0,0,0
2025-11-09,15,10:00,144,6,13.5,4,2,32.49,1,2025-11-09 22:00:00,2025-11-10 04:00:00,E,Howard Park Ave at Indian Rd,0,0,0,0
2025-11-09,15,10:00,144,6,13.5,4,2,32.49,1,2025-11-09 22:00:00,2025-11-10 04:00:00,E,Dundas St West at Howard Park Ave,0,0,0,0
2025-11-09,15,10:00,144,6,13.5,4,2,32.49,1,2025-11-09 22:00:00,2025-11-10 04:00:00,E,Main St at Gerrard St East,0,0,0,0
2025-11-09,15,10:00,144,6,13.5,4,2,32.49,1,2025-11-09 22:00:00,2025-11-10 04:00:00,E,Main St,0,0,0,0
2025-11-09,15,10:00,144,6,13.5,4,2,32.49,1,2025-11-09 22:00:00,2025-11-10 04:00:00,E,Main St at Danforth Ave,0,0,0,0
2025-11-09,15,10:00,144,6,13.5,4,2,32.49,1,2025-11-09 22:00:00,2025-11-10 04:00:00,E,Howard Park Ave at Parkside Dr,0,0,0,0
2025-11-09,15,10:00,144,6,13.5,4,2,32.49,1,2025-11-09 22:00:00,2025-11-10 04:00:00,W,Woodfield Rd,0,1,0,0
2025-11-09,15,10:00,144,6,13.5,4,2,32.49,1,2025-11-09 22:00:00,2025-11-10 04:00:00,W,Coxwell Ave at Gerrard St East,0,2,0,0
2025-11-09,15,10:00,144,6,13.5,4,2,32.49,1,2025-11-09 22:00:00,2025-11-10 04:00:00,W,Euclid Ave,0,0,0,0
2025-11-09,15,10:00,144,6,13.5,4,2,32.49,1,2025-11-09 22:00:00,2025-11-10 04:00:00,W,Bowmore Rd,1,0,0,0
2025-11-09,15,10:00,144,6,13.5,4,2,32.49,1,2025-11-09 22:00:00,2025-11-10 04:00:00,W,Bay St,0,1,0,0
2025-11-09,15,10:00,144,6,13.5,4,2,32.49,1,2025-11-09 22:00:00,2025-11-10 04:00:00,W,Lansdowne Ave,0,0,0,0
2025-11-09,15,10:00,144,6,13.5,4,2,32.49,1,2025-11-09 22:00:00,2025-11-10 04:00:00,W,Indian Rd,3,1,0,0
2025-11-09,15,10:00,144,6,13.5,4,2,32.49,1,2025-11-09 22:00:00,2025-11-10 04:00:00,W,Grace St,0,0,0,0
2025-11-09,15,10:00,144,6,13.5,4,2,32.49,1,2025-11-09 22:00:00,2025-11-10 04:00:00,W,Dufferin St,5,2,0,0
2025-11-09,15,10:00,144,6,13.5,4,2,32.49,1,2025-11-09 22:00:00,2025-11-10 04:00:00,W,Gerrard St East at Beaton Ave,1,0,0,0
2025-11-09,15,10:00,144,6,13.5,4,2,32.49,1,2025-11-09 22:00:00,2025-11-10 04:00:00,W,Bathurst St,0,0,0,0
2025-11-09,15,10:00,144,6,13.5,4,2,32.49,1,2025-11-09 22:00:00,2025-11-10 04:00:00,W,Yonge St - College Station,0,0,0,0
2025-11-09,15,10:00,144,6,13.5,4,2,32.49,1,2025-11-09 22:00:00,2025-11-10 04:00:00,W,Dundas St West at Sterling Rd,0,0,0,0
2025-11-09,15,10:00,144,6,13.5,4,2,32.49,1,2025-11-09 22:00:00,2025-11-10 04:00:00,W,Brock Ave,0,0,0,0
2025-11-09,15,10:00,144,6,13.5,4,2,32.49,1,2025-11-09 22:00:00,2025-11-10 04:00:00,W,Sackville St,0,0,0,0
2025-11-09,15,10:00,144,6,13.5,4,2,32.49,1,2025-11-09 22:00:00,2025-11-10 04:00:00,W,Carlaw Ave,0,0,0,0
2025-11-09,15,10:00,144,6,13.5,4,2,32.49,1,2025-11-09 22:00:00,2025-11-10 04:00:00,W,Borden St,0,0,0,0
2025-11-09,15,10:00,144,6,13.5,4,2,32.49,1,2025-11-09 22:00:00,2025-11-10 04:00:00,W,Dundas St West at Sorauren Ave,5,1,0,0
2025-11-09,15,10:00,144,6,13.5,4,2,32.49,1,2025-11-09 22:00:00,2025-11-10 04:00:00,W,Crawford St,0,0,0,0
2025-11-09,15,10:00,144,6,13.5,4,2,32.49,1,2025-11-09 22:00:00,2025-11-10 04:00:00,W,Pape Ave,0,0,0,0
2025-11-09,15,10:00,144,6,13.5,4,2,32.49,1,2025-11-09 22:00:00,2025-11-10 04:00:00,W,Spadina Ave,0,0,0,0
2025-11-09,15,10:00,144,6,13.5,4,2,32.49,1,2025-11-09 22:00:00,2025-11-10 04:00:00,W,River St,0,0,0,0
2025-11-09,15,10:00,144,6,13.5,4,2,32.49,1,2025-11-09 22:00:00,2025-11-10 04:00:00,W,Marjory Ave,0,0,0,0
2025-11-09,15,10:00,144,6,13.5,4,2,32.49,1,2025-11-09 22:00:00,2025-11-10 04:00:00,W,Kingsmount Park Rd,0,0,0,0
2025-11-09,15,10:00,144,6,13.5,4,2,32.49,1,2025-11-09 22:00:00,2025-11-10 04:00:00,W,Church St,0,0,0,0
2025-11-09,15,10:00,144,6,13.5,4,2,32.49,1,2025-11-09 22:00:00,2025-11-10 04:00:00,W,Ossington Ave,0,0,0,0
2025-11-09,15,10:00,144,6,13.5,4,2,32.49,1,2025-11-09 22:00:00,2025-11-10 04:00:00,W,Woodbine Ave,0,0,0,0
2025-11-09,15,10:00,144,6,13.5,4,2,32.49,1,2025-11-09 22:00:00,2025-11-10 04:00:00,W,Jones Ave,0,0,0,0
2025-11-09,15,10:00,144,6,13.5,4,2,32.49,1,2025-11-09 22:00:00,2025-11-10 04:00:00,W,Golfview Ave,0,0,0,0
2025-11-09,15,10:00,144,6,13.5,4,2,32.49,1,2025-11-09 22:00:00,2025-11-10 04:00:00,W,Leslie St,0,0,0,0
2025-11-09,15,10:00,144,6,13.5,4,2,32.49,1,2025-11-09 22:00:00,2025-11-10 04:00:00,W,St Matthews Rd,0,0,0,0
2025-11-09,15,10:00,144,6,13.5,4,2,32.49,1,2025-11-09 22:00:00,2025-11-10 04:00:00,W,Jarvis St,0,0,0,0
2025-11-09,15,10:00,144,6,13.5,4,2,32.49,1,2025-11-09 22:00:00,2025-11-10 04:00:00,W,Sherbourne St,0,0,0,0
2025-11-09,15,10:00,144,6,13.5,4,2,32.49,1,2025-11-09 22:00:00,2025-11-10 04:00:00,W,St George St,0,0,0,0
2025-11-09,15,10:00,144,6,13.5,4,2,32.49,1,2025-11-09 22:00:00,2025-11-10 04:00:00,W,Dovercourt Rd,0,0,0,0
2025-11-09,15,10:00,144,6,13.5,4,2,32.49,1,2025-11-09 22:00:00,2025-11-10 04:00:00,W,Glenmount Park Rd,0,0,0,0
2025-11-09,15,10:00,144,6,13.5,4,2,32.49,1,2025-11-09 22:00:00,2025-11-10 04:00:00,W,Prust Ave,0,0,0,0
2025-11-09,15,10:00,144,6,13.5,4,2,32.49,1,2025-11-09 22:00:00,2025-11-10 04:00:00,W,Main Street Station at Bay 7,1,0,0,0
2025-11-09,15,10:00,144,6,13.5,4,2,32.49,1,2025-11-09 22:00:00,2025-11-10 04:00:00,W,Norwood Rd,0,0,0,0
2025-11-09,15,10:00,144,6,13.5,4,2,32.49,1,2025-11-09 22:00:00,2025-11-10 04:00:00,W,McCaul St,0,0,0,0
2025-11-09,15,10:00,144,6,13.5,4,2,32.49,1,2025-11-09 22:00:00,2025-11-10 04:00:00,W,Broadview Ave,0,0,0,0
2025-11-09,15,10:00,144,6,13.5,4,2,32.49,1,2025-11-09 22:00:00,2025-11-10 04:00:00,W,Ontario St,0,0,0,0
2025-11-09,15,10:00,144,6,13.5,4,2,32.49,1,2025-11-09 22:00:00,2025-11-10 04:00:00,W,Rusholme Park Cres,0,0,0,0
2025-11-09,15,10:00,144,6,13.5,4,2,32.49,1,2025-11-09 22:00:00,2025-11-10 04:00:00,W,Havelock St,0,0,0,0
2025-11-09,15,10:00,144,6,13.5,4,2,32.49,1,2025-11-09 22:00:00,2025-11-10 04:00:00,W,High Park Loop,0,0,0,0
2025-11-09,15,10:00,144,6,13.5,4,2,32.49,1,2025-11-09 22:00:00,2025-11-10 04:00:00,W,Queens Park (Queen's Park Station),0,0,0,0
2025-11-09,15,10:00,144,6,13.5,4,2,32.49,1,2025-11-09 22:00:00,2025-11-10 04:00:00,W,Roncesvalles Ave,4,1,0,0
2025-11-09,15,10:00,144,6,13.5,4,2,32.49,1,2025-11-09 22:00:00,2025-11-10 04:00:00,W,De Grassi St,0,0,0,0
2025-11-09,15,10:00,144,6,13.5,4,2,32.49,1,2025-11-09 22:00:00,2025-11-10 04:00:00,W,Parliament St at Carlton St,0,0,0,0
2025-11-09,15,10:00,144,6,13.5,4,2,32.49,1,2025-11-09 22:00:00,2025-11-10 04:00:00,W,Parkside Dr East Side,0,0,0,0
2025-11-09,15,10:00,144,6,13.5,4,2,32.49,1,2025-11-09 22:00:00,2025-11-10 04:00:00,W,Dundas St West,4,1,0,0
2025-11-09,15,10:00,144,6,13.5,4,2,32.49,1,2025-11-09 22:00:00,2025-11-10 04:00:00,W,Howard Park Ave at Roncesvalles Ave,0,0,0,0
2025-11-09,15,10:00,144,6,13.5,4,2,32.49,1,2025-11-09 22:00:00,2025-11-10 04:00:00,W,Parliament St,0,0,0,0
2025-11-09,15,10:00,144,6,13.5,4,2,32.49,1,2025-11-09 22:00:00,2025-11-10 04:00:00,W,Parliament St at Gerrard St East,0,0,0,0
2025-11-09,15,10:00,144,6,13.5,4,2,32.49,1,2025-11-09 22:00:00,2025-11-10 04:00:00,W,Sumach St,0,0,0,0
2025-11-09,15,10:00,144,6,13.5,4,2,32.49,1,2025-11-09 22:00:00,2025-11-10 04:00:00,W,Blackburn St,0,0,0,0
2025-11-09,15,10:00,144,6,13.5,4,2,32.49,1,2025-11-09 22:00:00,2025-11-10 04:00:00,W,Logan Ave,0,0,0,0
2025-11-09,15,10:00,144,6,13.5,4,2,32.49,1,2025-11-09 22:00:00,2025-11-10 04:00:00,W,Augusta Ave,0,0,0,0
2025-11-09,15,10:00,144,6,13.5,4,2,32.49,1,2025-11-09 22:00:00,2025-11-10 04:00:00,W,Beverley St,0,0,0,0
2025-11-09,15,10:00,144,6,13.5,4,2,32.49,1,2025-11-09 22:00:00,2025-11-10 04:00:00,W,University Ave (Queen's Park Station,0,0,0,0
2025-11-09,15,10:00,144,6,13.5,4,2,32.49,1,2025-11-09 22:00:00,2025-11-10 04:00:00,W,Elizabeth St,0,0,0,0
2025-11-09,15,10:00,144,6,13.5,4,2,32.49,1,2025-11-09 22:00:00,2025-11-10 04:00:00,W,Greenwood Ave,0,0,0,0
2025-11-09,15,10:00,144,6,13.5,4,2,32.49,1,2025-11-09 22:00:00,2025-11-10 04:00:00,W,Alton Ave,0,0,0,0
2025-11-09,15,10:00,144,6,13.5,4,2,32.49,1,2025-11-09 22:00:00,2025-11-10 04:00:00,W,Coxwell Ave,0,0,0,0
2025-11-09,15,10:00,144,6,13.5,4,2,32.49,1,2025-11-09 22:00:00,2025-11-10 04:00:00,W,Gerrard St East  at Coxwell Ave,0,0,0,0
2025-11-09,15,10:00,144,6,13.5,4,2,32.49,1,2025-11-09 22:00:00,2025-11-10 04:00:00,W,Coxwell Ave at Lower Gerrard St East,0,0,0,0
2025-11-09,15,10:00,144,6,13.5,4,2,32.49,1,2025-11-09 22:00:00,2025-11-10 04:00:00,W,Ashdale Ave,0,0,0,0
2025-11-09,15,10:00,144,6,13.5,4,2,32.49,1,2025-11-09 22:00:00,2025-11-10 04:00:00,W,Howard Park Ave at Indian Rd,0,0,0,0
2025-11-09,15,10:00,144,6,13.5,4,2,32.49,1,2025-11-09 22:00:00,2025-11-10 04:00:00,W,Dundas St West at Howard Park Ave,0,0,0,0
2025-11-09,15,10:00,144,6,13.5,4,2,32.49,1,2025-11-09 22:00:00,2025-11-10 04:00:00,W,Main St at Gerrard St East,0,0,0,0
2025-11-09,15,10:00,144,6,13.5,4,2,32.49,1,2025-11-09 22:00:00,2025-11-10 04:00:00,W,Main St,0,0,0,0
2025-11-09,15,10:00,144,6,13.5,4,2,32.49,1,2025-11-09 22:00:00,2025-11-10 04:00:00,W,Main St at Danforth Ave,0,0,0,0
2025-11-09,15,10:00,144,6,13.5,4,2,32.49,1,2025-11-09 22:00:00,2025-11-10 04:00:00,W,Howard Park Ave at Parkside Dr,0,0,0,0
2025-11-16,15,10:00,144,6,13.5,4,2,32.49,1,2025-11-16 22:00:00,2025-11-17 04:00:00,E,Woodfield Rd,4,3,0,0
2025-11-16,15,10:00,144,6,13.5,4,2,32.49,1,2025-11-16 22:00:00,2025-11-17 04:00:00,E,Coxwell Ave at Gerrard St East,0,0,0,0
2025-11-16,15,10:00,144,6,13.5,4,2,32.49,1,2025-11-16 22:00:00,2025-11-17 04:00:00,E,Euclid Ave,1,2,2,0
2025-11-16,15,10:00,144,6,13.5,4,2,32.49,1,2025-11-16 22:00:00,2025-11-17 04:00:00,E,Bowmore Rd,4,3,0,0
2025-11-16,15,10:00,144,6,13.5,4,2,32.49,1,2025-11-16 22:00:00,2025-11-17 04:00:00,E,Bay St,11,0,0,0
2025-11-16,15,10:00,144,6,13.5,4,2,32.49,1,2025-11-16 22:00:00,2025-11-17 04:00:00,E,Lansdowne Ave,5,5,1,0
2025-11-16,15,10:00,144,6,13.5,4,2,32.49,1,2025-11-16 22:00:00,2025-11-17 04:00:00,E,Indian Rd,0,1,1,0
2025-11-16,15,10:00,144,6,13.5,4,2,32.49,1,2025-11-16 22:00:00,2025-11-17 04:00:00,E,Grace St,0,1,1,0
2025-11-16,15,10:00,144,6,13.5,4,2,32.49,1,2025-11-16 22:00:00,2025-11-17 04:00:00,E,Dufferin St,5,2,2,0
2025-11-16,15,10:00,144,6,13.5,4,2,32.49,1,2025-11-16 22:00:00,2025-11-17 04:00:00,E,Gerrard St East at Beaton Ave,4,3,0,0
2025-11-16,15,10:00,144,6,13.5,4,2,32.49,1,2025-11-16 22:00:00,2025-11-17 04:00:00,E,Bathurst St,0,1,0,0
2025-11-16,15,10:00,144,6,13.5,4,2,32.49,1,2025-11-16 22:00:00,2025-11-17 04:00:00,E,Yonge St - College Station,4,2,0,0
2025-11-16,15,10:00,144,6,13.5,4,2,32.49,1,2025-11-16 22:00:00,2025-11-17 04:00:00,E,Dundas St West at Sterling Rd,1,2,1,0
2025-11-16,15,10:00,144,6,13.5,4,2,32.49,1,2025-11-16 22:00:00,2025-11-17 04:00:00,E,Brock Ave,4,4,2,0
2025-11-16,15,10:00,144,6,13.5,4,2,32.49,1,2025-11-16 22:00:00,2025-11-17 04:00:00,E,Sackville St,0,0,0,0
2025-11-16,15,10:00,144,6,13.5,4,2,32.49,1,2025-11-16 22:00:00,2025-11-17 04:00:00,E,Carlaw Ave,1,0,0,0
2025-11-16,15,10:00,144,6,13.5,4,2,32.49,1,2025-11-16 22:00:00,2025-11-17 04:00:00,E,Borden St,0,3,0,0
2025-11-16,15,10:00,144,6,13.5,4,2,32.49,1,2025-11-16 22:00:00,2025-11-17 04:00:00,E,Dundas St West at Sorauren Ave,1,2,1,0
2025-11-16,15,10:00,144,6,13.5,4,2,32.49,1,2025-11-16 22:00:00,2025-11-17 04:00:00,E,Crawford St,0,1,1,0
2025-11-16,15,10:00,144,6,13.5,4,2,32.49,1,2025-11-16 22:00:00,2025-11-17 04:00:00,E,Pape Ave,5,2,0,0
2025-11-16,15,10:00,144,6,13.5,4,2,32.49,1,2025-11-16 22:00:00,2025-11-17 04:00:00,E,Spadina Ave,1,3,0,0
2025-11-16,15,10:00,144,6,13.5,4,2,32.49,1,2025-11-16 22:00:00,2025-11-17 04:00:00,E,River St,0,0,0,0
2025-11-16,15,10:00,144,6,13.5,4,2,32.49,1,2025-11-16 22:00:00,2025-11-17 04:00:00,E,Marjory Ave,4,3,0,0
2025-11-16,15,10:00,144,6,13.5,4,2,32.49,1,2025-11-16 22:00:00,2025-11-17 04:00:00,E,Kingsmount Park Rd,3,3,0,0
2025-11-16,15,10:00,144,6,13.5,4,2,32.49,1,2025-11-16 22:00:00,2025-11-17 04:00:00,E,Church St,4,2,0,0
2025-11-16,15,10:00,144,6,13.5,4,2,32.49,1,2025-11-16 22:00:00,2025-11-17 04:00:00,E,Ossington Ave,2,2,1,0
2025-11-16,15,10:00,144,6,13.5,4,2,32.49,1,2025-11-16 22:00:00,2025-11-17 04:00:00,E,Woodbine Ave,4,3,0,0
2025-11-16,15,10:00,144,6,13.5,4,2,32.49,1,2025-11-16 22:00:00,2025-11-17 04:00:00,E,Jones Ave,3,3,0,0
2025-11-16,15,10:00,144,6,13.5,4,2,32.49,1,2025-11-16 22:00:00,2025-11-17 04:00:00,E,Golfview Ave,4,3,0,0
2025-11-16,15,10:00,144,6,13.5,4,2,32.49,1,2025-11-16 22:00:00,2025-11-17 04:00:00,E,Leslie St,7,3,1,0
2025-11-16,15,10:00,144,6,13.5,4,2,32.49,1,2025-11-16 22:00:00,2025-11-17 04:00:00,E,St Matthews Rd,0,0,0,0
2025-11-16,15,10:00,144,6,13.5,4,2,32.49,1,2025-11-16 22:00:00,2025-11-17 04:00:00,E,Jarvis St,1,2,2,0
2025-11-16,15,10:00,144,6,13.5,4,2,32.49,1,2025-11-16 22:00:00,2025-11-17 04:00:00,E,Sherbourne St,1,2,2,0
2025-11-16,15,10:00,144,6,13.5,4,2,32.49,1,2025-11-16 22:00:00,2025-11-17 04:00:00,E,St George St,3,0,0,0
2025-11-16,15,10:00,144,6,13.5,4,2,32.49,1,2025-11-16 22:00:00,2025-11-17 04:00:00,E,Dovercourt Rd,6,3,1,1
2025-11-16,15,10:00,144,6,13.5,4,2,32.49,1,2025-11-16 22:00:00,2025-11-17 04:00:00,E,Glenmount Park Rd,4,2,0,0
2025-11-16,15,10:00,144,6,13.5,4,2,32.49,1,2025-11-16 22:00:00,2025-11-17 04:00:00,E,Prust Ave,3,3,0,0
2025-11-16,15,10:00,144,6,13.5,4,2,32.49,1,2025-11-16 22:00:00,2025-11-17 04:00:00,E,Main Street Station at Bay 7,0,0,0,0
2025-11-16,15,10:00,144,6,13.5,4,2,32.49,1,2025-11-16 22:00:00,2025-11-17 04:00:00,E,Norwood Rd,4,3,0,0
2025-11-16,15,10:00,144,6,13.5,4,2,32.49,1,2025-11-16 22:00:00,2025-11-17 04:00:00,E,McCaul St,2,1,0,0
2025-11-16,15,10:00,144,6,13.5,4,2,32.49,1,2025-11-16 22:00:00,2025-11-17 04:00:00,E,Broadview Ave,1,1,0,0
2025-11-16,15,10:00,144,6,13.5,4,2,32.49,1,2025-11-16 22:00:00,2025-11-17 04:00:00,E,Ontario St,0,2,1,0
2025-11-16,15,10:00,144,6,13.5,4,2,32.49,1,2025-11-16 22:00:00,2025-11-17 04:00:00,E,Rusholme Park Cres,1,2,1,1
2025-11-16,15,10:00,144,6,13.5,4,2,32.49,1,2025-11-16 22:00:00,2025-11-17 04:00:00,E,Havelock St,3,3,0,0
2025-11-16,15,10:00,144,6,13.5,4,2,32.49,1,2025-11-16 22:00:00,2025-11-17 04:00:00,E,High Park Loop,0,2,2,0
2025-11-16,15,10:00,144,6,13.5,4,2,32.49,1,2025-11-16 22:00:00,2025-11-17 04:00:00,E,Queens Park (Queen's Park Station),2,1,0,0
2025-11-16,15,10:00,144,6,13.5,4,2,32.49,1,2025-11-16 22:00:00,2025-11-17 04:00:00,E,Roncesvalles Ave,0,0,0,0
2025-11-16,15,10:00,144,6,13.5,4,2,32.49,1,2025-11-16 22:00:00,2025-11-17 04:00:00,E,De Grassi St,2,2,0,0
2025-11-16,15,10:00,144,6,13.5,4,2,32.49,1,2025-11-16 22:00:00,2025-11-17 04:00:00,E,Parliament St at Carlton St,1,2,1,0
2025-11-16,15,10:00,144,6,13.5,4,2,32.49,1,2025-11-16 22:00:00,2025-11-17 04:00:00,E,Parkside Dr East Side,0,1,1,0
2025-11-16,15,10:00,144,6,13.5,4,2,32.49,1,2025-11-16 22:00:00,2025-11-17 04:00:00,E,Dundas St West,1,2,1,0
2025-11-16,15,10:00,144,6,13.5,4,2,32.49,1,2025-11-16 22:00:00,2025-11-17 04:00:00,E,Howard Park Ave at Roncesvalles Ave,0,0,0,0
2025-11-16,15,10:00,144,6,13.5,4,2,32.49,1,2025-11-16 22:00:00,2025-11-17 04:00:00,E,Parliament St,0,0,0,0
2025-11-16,15,10:00,144,6,13.5,4,2,32.49,1,2025-11-16 22:00:00,2025-11-17 04:00:00,E,Parliament St at Gerrard St East,0,0,0,0
2025-11-16,15,10:00,144,6,13.5,4,2,32.49,1,2025-11-16 22:00:00,2025-11-17 04:00:00,E,Sumach St,0,0,0,0
2025-11-16,15,10:00,144,6,13.5,4,2,32.49,1,2025-11-16 22:00:00,2025-11-17 04:00:00,E,Blackburn St,0,0,0,0
2025-11-16,15,10:00,144,6,13.5,4,2,32.49,1,2025-11-16 22:00:00,2025-11-17 04:00:00,E,Logan Ave,0,1,0,0
2025-11-16,15,10:00,144,6,13.5,4,2,32.49,1,2025-11-16 22:00:00,2025-11-17 04:00:00,E,Augusta Ave,0,0,0,0
2025-11-16,15,10:00,144,6,13.5,4,2,32.49,1,2025-11-16 22:00:00,2025-11-17 04:00:00,E,Beverley St,0,0,0,0
2025-11-16,15,10:00,144,6,13.5,4,2,32.49,1,2025-11-16 22:00:00,2025-11-17 04:00:00,E,University Ave (Queen's Park Station,0,0,0,0
2025-11-16,15,10:00,144,6,13.5,4,2,32.49,1,2025-11-16 22:00:00,2025-11-17 04:00:00,E,Elizabeth St,0,0,0,0
2025-11-16,15,10:00,144,6,13.5,4,2,32.49,1,2025-11-16 22:00:00,2025-11-17 04:00:00,E,Greenwood Ave,0,0,0,0
2025-11-16,15,10:00,144,6,13.5,4,2,32.49,1,2025-11-16 22:00:00,2025-11-17 04:00:00,E,Alton Ave,0,0,0,0
2025-11-16,15,10:00,144,6,13.5,4,2,32.49,1,2025-11-16 22:00:00,2025-11-17 04:00:00,E,Coxwell Ave,0,0,0,0
2025-11-16,15,10:00,144,6,13.5,4,2,32.49,1,2025-11-16 22:00:00,2025-11-17 04:00:00,E,Gerrard St East  at Coxwell Ave,0,0,0,0
2025-11-16,15,10:00,144,6,13.5,4,2,32.49,1,2025-11-16 22:00:00,2025-11-17 04:00:00,E,Coxwell Ave at Lower Gerrard St East,0,0,0,0
2025-11-16,15,10:00,144,6,13.5,4,2,32.49,1,2025-11-16 22:00:00,2025-11-17 04:00:00,E,Ashdale Ave,0,0,0,0
2025-11-16,15,10:00,144,6,13.5,4,2,32.49,1,2025-11-16 22:00:00,2025-11-17 04:00:00,E,Howard Park Ave at Indian Rd,0,0,0,0
2025-11-16,15,10:00,144,6,13.5,4,2,32.49,1,2025-11-16 22:00:00,2025-11-17 04:00:00,E,Dundas St West at Howard Park Ave,0,0,0,0
2025-11-16,15,10:00,144,6,13.5,4,2,32.49,1,2025-11-16 22:00:00,2025-11-17 04:00:00,E,Main St at Gerrard St East,0,0,0,0
2025-11-16,15,10:00,144,6,13.5,4,2,32.49,1,2025-11-16 22:00:00,2025-11-17 04:00:00,E,Main St,0,0,0,0
2025-11-16,15,10:00,144,6,13.5,4,2,32.49,1,2025-11-16 22:00:00,2025-11-17 04:00:00,E,Main St at Danforth Ave,0,0,0,0
2025-11-16,15,10:00,144,6,13.5,4,2,32.49,1,2025-11-16 22:00:00,2025-11-17 04:00:00,E,Howard Park Ave at Parkside Dr,0,0,0,0
2025-11-16,15,10:00,144,6,13.5,4,2,32.49,1,2025-11-16 22:00:00,2025-11-17 04:00:00,W,Woodfield Rd,0,2,0,0
2025-11-16,15,10:00,144,6,13.5,4,2,32.49,1,2025-11-16 22:00:00,2025-11-17 04:00:00,W,Coxwell Ave at Gerrard St East,0,2,0,0
2025-11-16,15,10:00,144,6,13.5,4,2,32.49,1,2025-11-16 22:00:00,2025-11-17 04:00:00,W,Euclid Ave,0,0,0,0
2025-11-16,15,10:00,144,6,13.5,4,2,32.49,1,2025-11-16 22:00:00,2025-11-17 04:00:00,W,Bowmore Rd,0,2,0,0
2025-11-16,15,10:00,144,6,13.5,4,2,32.49,1,2025-11-16 22:00:00,2025-11-17 04:00:00,W,Bay St,0,1,0,0
2025-11-16,15,10:00,144,6,13.5,4,2,32.49,1,2025-11-16 22:00:00,2025-11-17 04:00:00,W,Lansdowne Ave,0,0,0,0
2025-11-16,15,10:00,144,6,13.5,4,2,32.49,1,2025-11-16 22:00:00,2025-11-17 04:00:00,W,Indian Rd,7,4,1,0
2025-11-16,15,10:00,144,6,13.5,4,2,32.49,1,2025-11-16 22:00:00,2025-11-17 04:00:00,W,Grace St,0,0,0,0
2025-11-16,15,10:00,144,6,13.5,4,2,32.49,1,2025-11-16 22:00:00,2025-11-17 04:00:00,W,Dufferin St,3,4,0,0
2025-11-16,15,10:00,144,6,13.5,4,2,32.49,1,2025-11-16 22:00:00,2025-11-17 04:00:00,W,Gerrard St East at Beaton Ave,0,2,0,0
2025-11-16,15,10:00,144,6,13.5,4,2,32.49,1,2025-11-16 22:00:00,2025-11-17 04:00:00,W,Bathurst St,0,0,0,0
2025-11-16,15,10:00,144,6,13.5,4,2,32.49,1,2025-11-16 22:00:00,2025-11-17 04:00:00,W,Yonge St - College Station,0,0,0,0
2025-11-16,15,10:00,144,6,13.5,4,2,32.49,1,2025-11-16 22:00:00,2025-11-17 04:00:00,W,Dundas St West at Sterling Rd,0,0,0,0
2025-11-16,15,10:00,144,6,13.5,4,2,32.49,1,2025-11-16 22:00:00,2025-11-17 04:00:00,W,Brock Ave,0,0,0,0
2025-11-16,15,10:00,144,6,13.5,4,2,32.49,1,2025-11-16 22:00:00,2025-11-17 04:00:00,W,Sackville St,0,0,0,0
2025-11-16,15,10:00,144,6,13.5,4,2,32.49,1,2025-11-16 22:00:00,2025-11-17 04:00:00,W,Carlaw Ave,0,0,0,0
2025-11-16,15,10:00,144,6,13.5,4,2,32.49,1,2025-11-16 22:00:00,2025-11-17 04:00:00,W,Borden St,0,0,0,0
2025-11-16,15,10:00,144,6,13.5,4,2,32.49,1,2025-11-16 22:00:00,2025-11-17 04:00:00,W,Dundas St West at Sorauren Ave,6,4,1,0
2025-11-16,15,10:00,144,6,13.5,4,2,32.49,1,2025-11-16 22:00:00,2025-11-17 04:00:00,W,Crawford St,0,0,0,0
2025-11-16,15,10:00,144,6,13.5,4,2,32.49,1,2025-11-16 22:00:00,2025-11-17 04:00:00,W,Pape Ave,0,0,0,0
2025-11-16,15,10:00,144,6,13.5,4,2,32.49,1,2025-11-16 22:00:00,2025-11-17 04:00:00,W,Spadina Ave,1,0,1,0
2025-11-16,15,10:00,144,6,13.5,4,2,32.49,1,2025-11-16 22:00:00,2025-11-17 04:00:00,W,River St,0,0,0,0
2025-11-16,15,10:00,144,6,13.5,4,2,32.49,1,2025-11-16 22:00:00,2025-11-17 04:00:00,W,Marjory Ave,0,0,0,0
2025-11-16,15,10:00,144,6,13.5,4,2,32.49,1,2025-11-16 22:00:00,2025-11-17 04:00:00,W,Kingsmount Park Rd,0,0,0,0
2025-11-16,15,10:00,144,6,13.5,4,2,32.49,1,2025-11-16 22:00:00,2025-11-17 04:00:00,W,Church St,0,0,0,0
2025-11-16,15,10:00,144,6,13.5,4,2,32.49,1,2025-11-16 22:00:00,2025-11-17 04:00:00,W,Ossington Ave,0,0,0,0
2025-11-16,15,10:00,144,6,13.5,4,2,32.49,1,2025-11-16 22:00:00,2025-11-17 04:00:00,W,Woodbine Ave,0,0,0,0
2025-11-16,15,10:00,144,6,13.5,4,2,32.49,1,2025-11-16 22:00:00,2025-11-17 04:00:00,W,Jones Ave,0,0,0,0
2025-11-16,15,10:00,144,6,13.5,4,2,32.49,1,2025-11-16 22:00:00,2025-11-17 04:00:00,W,Golfview Ave,0,0,0,0
2025-11-16,15,10:00,144,6,13.5,4,2,32.49,1,2025-11-16 22:00:00,2025-11-17 04:00:00,W,Leslie St,0,0,0,0
2025-11-16,15,10:00,144,6,13.5,4,2,32.49,1,2025-11-16 22:00:00,2025-11-17 04:00:00,W,St Matthews Rd,0,0,0,0
2025-11-16,15,10:00,144,6,13.5,4,2,32.49,1,2025-11-16 22:00:00,2025-11-17 04:00:00,W,Jarvis St,0,0,0,0
2025-11-16,15,10:00,144,6,13.5,4,2,32.49,1,2025-11-16 22:00:00,2025-11-17 04:00:00,W,Sherbourne St,0,0,0,0
2025-11-16,15,10:00,144,6,13.5,4,2,32.49,1,2025-11-16 22:00:00,2025-11-17 04:00:00,W,St George St,0,0,0,0
2025-11-16,15,10:00,144,6,13.5,4,2,32.49,1,2025-11-16 22:00:00,2025-11-17 04:00:00,W,Dovercourt Rd,0,0,0,0
2025-11-16,15,10:00,144,6,13.5,4,2,32.49,1,2025-11-16 22:00:00,2025-11-17 04:00:00,W,Glenmount Park Rd,0,0,0,0
2025-11-16,15,10:00,144,6,13.5,4,2,32.49,1,2025-11-16 22:00:00,2025-11-17 04:00:00,W,Prust Ave,0,0,0,0
2025-11-16,15,10:00,144,6,13.5,4,2,32.49,1,2025-11-16 22:00:00,2025-11-17 04:00:00,W,Main Street Station at Bay 7,0,2,0,0
2025-11-16,15,10:00,144,6,13.5,4,2,32.49,1,2025-11-16 22:00:00,2025-11-17 04:00:00,W,Norwood Rd,0,0,0,0
2025-11-16,15,10:00,144,6,13.5,4,2,32.49,1,2025-11-16 22:00:00,2025-11-17 04:00:00,W,McCaul St,0,0,0,0
2025-11-16,15,10:00,144,6,13.5,4,2,32.49,1,2025-11-16 22:00:00,2025-11-17 04:00:00,W,Broadview Ave,0,0,0,0
2025-11-16,15,10:00,144,6,13.5,4,2,32.49,1,2025-11-16 22:00:00,2025-11-17 04:00:00,W,Ontario St,0,0,0,0
2025-11-16,15,10:00,144,6,13.5,4,2,32.49,1,2025-11-16 22:00:00,2025-11-17 04:00:00,W,Rusholme Park Cres,0,0,0,0
2025-11-16,15,10:00,144,6,13.5,4,2,32.49,1,2025-11-16 22:00:00,2025-11-17 04:00:00,W,Havelock St,0,0,0,0
2025-11-16,15,10:00,144,6,13.5,4,2,32.49,1,2025-11-16 22:00:00,2025-11-17 04:00:00,W,High Park Loop,0,0,0,0
2025-11-16,15,10:00,144,6,13.5,4,2,32.49,1,2025-11-16 22:00:00,2025-11-17 04:00:00,W,Queens Park (Queen's Park Station),0,0,0,0
2025-11-16,15,10:00,144,6,13.5,4,2,32.49,1,2025-11-16 22:00:00,2025-11-17 04:00:00,W,Roncesvalles Ave,6,4,1,0
2025-11-16,15,10:00,144,6,13.5,4,2,32.49,1,2025-11-16 22:00:00,2025-11-17 04:00:00,W,De Grassi St,0,0,0,0
2025-11-16,15,10:00,144,6,13.5,4,2,32.49,1,2025-11-16 22:00:00,2025-11-17 04:00:00,W,Parliament St at Carlton St,0,0,0,0
2025-11-16,15,10:00,144,6,13.5,4,2,32.49,1,2025-11-16 22:00:00,2025-11-17 04:00:00,W,Parkside Dr East Side,0,0,0,0
2025-11-16,15,10:00,144,6,13.5,4,2,32.49,1,2025-11-16 22:00:00,2025-11-17 04:00:00,W,Dundas St West,7,4,1,0
2025-11-16,15,10:00,144,6,13.5,4,2,32.49,1,2025-11-16 22:00:00,2025-11-17 04:00:00,W,Howard Park Ave at Roncesvalles Ave,0,0,0,0
2025-11-16,15,10:00,144,6,13.5,4,2,32.49,1,2025-11-16 22:00:00,2025-11-17 04:00:00,W,Parliament St,0,0,0,0
2025-11-16,15,10:00,144,6,13.5,4,2,32.49,1,2025-11-16 22:00:00,2025-11-17 04:00:00,W,Parliament St at Gerrard St East,0,0,0,0
2025-11-16,15,10:00,144,6,13.5,4,2,32.49,1,2025-11-16 22:00:00,2025-11-17 04:00:00,W,Sumach St,0,0,0,0
2025-11-16,15,10:00,144,6,13.5,4,2,32.49,1,2025-11-16 22:00:00,2025-11-17 04:00:00,W,Blackburn St,0,0,0,0
2025-11-16,15,10:00,144,6,13.5,4,2,32.49,1,2025-11-16 22:00:00,2025-11-17 04:00:00,W,Logan Ave,0,0,0,0
2025-11-16,15,10:00,144,6,13.5,4,2,32.49,1,2025-11-16 22:00:00,2025-11-17 04:00:00,W,Augusta Ave,0,0,0,0
2025-11-16,15,10:00,144,6,13.5,4,2,32.49,1,2025-11-16 22:00:00,2025-11-17 04:00:00,W,Beverley St,0,0,0,0
2025-11-16,15,10:00,144,6,13.5,4,2,32.49,1,2025-11-16 22:00:00,2025-11-17 04:00:00,W,University Ave (Queen's Park Station,0,0,0,0
2025-11-16,15,10:00,144,6,13.5,4,2,32.49,1,2025-11-16 22:00:00,2025-11-17 04:00:00,W,Elizabeth St,0,0,0,0
2025-11-16,15,10:00,144,6,13.5,4,2,32.49,1,2025-11-16 22:00:00,2025-11-17 04:00:00,W,Greenwood Ave,0,0,0,0
2025-11-16,15,10:00,144,6,13.5,4,2,32.49,1,2025-11-16 22:00:00,2025-11-17 04:00:00,W,Alton Ave,0,0,0,0
2025-11-16,15,10:00,144,6,13.5,4,2,32.49,1,2025-11-16 22:00:00,2025-11-17 04:00:00,W,Coxwell Ave,0,0,0,0
2025-11-16,15,10:00,144,6,13.5,4,2,32.49,1,2025-11-16 22:00:00,2025-11-17 04:00:00,W,Gerrard St East  at Coxwell Ave,0,0,0,0
2025-11-16,15,10:00,144,6,13.5,4,2,32.49,1,2025-11-16 22:00:00,2025-11-17 04:00:00,W,Coxwell Ave at Lower Gerrard St East,0,0,0,0
2025-11-16,15,10:00,144,6,13.5,4,2,32.49,1,2025-11-16 22:00:00,2025-11-17 04:00:00,W,Ashdale Ave,0,0,0,0
2025-11-16,15,10:00,144,6,13.5,4,2,32.49,1,2025-11-16 22:00:00,2025-11-17 04:00:00,W,Howard Park Ave at Indian Rd,0,0,0,0
2025-11-16,15,10:00,144,6,13.5,4,2,32.49,1,2025-11-16 22:00:00,2025-11-17 04:00:00,W,Dundas St West at Howard Park Ave,0,0,0,0
2025-11-16,15,10:00,144,6,13.5,4,2,32.49,1,2025-11-16 22:00:00,2025-11-17 04:00:00,W,Main St at Gerrard St East,0,0,0,0
2025-11-16,15,10:00,144,6,13.5,4,2,32.49,1,2025-11-16 22:00:00,2025-11-17 04:00:00,W,Main St,0,0,0,0
2025-11-16,15,10:00,144,6,13.5,4,2,32.49,1,2025-11-16 22:00:00,2025-11-17 04:00:00,W,Main St at Danforth Ave,0,0,0,0
2025-11-16,15,10:00,144,6,13.5,4,2,32.49,1,2025-11-16 22:00:00,2025-11-17 04:00:00,W,Howard Park Ave at Parkside Dr,0,0,0,0
2025-11-23,15,10:00,144,6,13.5,4,2,32.49,1,2025-11-23 22:00:00,2025-11-24 04:00:00,E,Woodfield Rd,4,1,2,1
2025-11-23,15,10:00,144,6,13.5,4,2,32.49,1,2025-11-23 22:00:00,2025-11-24 04:00:00,E,Coxwell Ave at Gerrard St East,0,0,0,0
2025-11-23,15,10:00,144,6,13.5,4,2,32.49,1,2025-11-23 22:00:00,2025-11-24 04:00:00,E,Euclid Ave,1,2,4,1
2025-11-23,15,10:00,144,6,13.5,4,2,32.49,1,2025-11-23 22:00:00,2025-11-24 04:00:00,E,Bowmore Rd,4,3,1,0
2025-11-23,15,10:00,144,6,13.5,4,2,32.49,1,2025-11-23 22:00:00,2025-11-24 04:00:00,E,Bay St,9,1,2,0
2025-11-23,15,10:00,144,6,13.5,4,2,32.49,1,2025-11-23 22:00:00,2025-11-24 04:00:00,E,Lansdowne Ave,6,5,5,1
2025-11-23,15,10:00,144,6,13.5,4,2,32.49,1,2025-11-23 22:00:00,2025-11-24 04:00:00,E,Indian Rd,1,2,5,1
2025-11-23,15,10:00,144,6,13.5,4,2,32.49,1,2025-11-23 22:00:00,2025-11-24 04:00:00,E,Grace St,1,1,5,1
2025-11-23,15,10:00,144,6,13.5,4,2,32.49,1,2025-11-23 22:00:00,2025-11-24 04:00:00,E,Dufferin St,6,4,2,1
2025-11-23,15,10:00,144,6,13.5,4,2,32.49,1,2025-11-23 22:00:00,2025-11-24 04:00:00,E,Gerrard St East at Beaton Ave,4,3,1,0
2025-11-23,15,10:00,144,6,13.5,4,2,32.49,1,2025-11-23 22:00:00,2025-11-24 04:00:00,E,Bathurst St,0,0,0,0
2025-11-23,15,10:00,144,6,13.5,4,2,32.49,1,2025-11-23 22:00:00,2025-11-24 04:00:00,E,Yonge St - College Station,3,3,3,0
2025-11-23,15,10:00,144,6,13.5,4,2,32.49,1,2025-11-23 22:00:00,2025-11-24 04:00:00,E,Dundas St West at Sterling Rd,1,1,3,1
2025-11-23,15,10:00,144,6,13.5,4,2,32.49,1,2025-11-23 22:00:00,2025-11-24 04:00:00,E,Brock Ave,5,4,6,1
2025-11-23,15,10:00,144,6,13.5,4,2,32.49,1,2025-11-23 22:00:00,2025-11-24 04:00:00,E,Sackville St,0,0,0,0
2025-11-23,15,10:00,144,6,13.5,4,2,32.49,1,2025-11-23 22:00:00,2025-11-24 04:00:00,E,Carlaw Ave,0,0,0,0
2025-11-23,15,10:00,144,6,13.5,4,2,32.49,1,2025-11-23 22:00:00,2025-11-24 04:00:00,E,Borden St,0,2,0,0
2025-11-23,15,10:00,144,6,13.5,4,2,32.49,1,2025-11-23 22:00:00,2025-11-24 04:00:00,E,Dundas St West at Sorauren Ave,1,1,3,1
2025-11-23,15,10:00,144,6,13.5,4,2,32.49,1,2025-11-23 22:00:00,2025-11-24 04:00:00,E,Crawford St,1,1,5,1
2025-11-23,15,10:00,144,6,13.5,4,2,32.49,1,2025-11-23 22:00:00,2025-11-24 04:00:00,E,Pape Ave,4,3,2,1
2025-11-23,15,10:00,144,6,13.5,4,2,32.49,1,2025-11-23 22:00:00,2025-11-24 04:00:00,E,Spadina Ave,0,2,0,0
2025-11-23,15,10:00,144,6,13.5,4,2,32.49,1,2025-11-23 22:00:00,2025-11-24 04:00:00,E,River St,0,0,0,0
2025-11-23,15,10:00,144,6,13.5,4,2,32.49,1,2025-11-23 22:00:00,2025-11-24 04:00:00,E,Marjory Ave,4,2,2,1
2025-11-23,15,10:00,144,6,13.5,4,2,32.49,1,2025-11-23 22:00:00,2025-11-24 04:00:00,E,Kingsmount Park Rd,4,2,1,0
2025-11-23,15,10:00,144,6,13.5,4,2,32.49,1,2025-11-23 22:00:00,2025-11-24 04:00:00,E,Church St,3,3,3,0
2025-11-23,15,10:00,144,6,13.5,4,2,32.49,1,2025-11-23 22:00:00,2025-11-24 04:00:00,E,Ossington Ave,3,1,5,1
2025-11-23,15,10:00,144,6,13.5,4,2,32.49,1,2025-11-23 22:00:00,2025-11-24 04:00:00,E,Woodbine Ave,3,3,1,0
2025-11-23,15,10:00,144,6,13.5,4,2,32.49,1,2025-11-23 22:00:00,2025-11-24 04:00:00,E,Jones Ave,4,2,3,0
2025-11-23,15,10:00,144,6,13.5,4,2,32.49,1,2025-11-23 22:00:00,2025-11-24 04:00:00,E,Golfview Ave,3,4,1,0
2025-11-23,15,10:00,144,6,13.5,4,2,32.49,1,2025-11-23 22:00:00,2025-11-24 04:00:00,E,Leslie St,4,2,2,1
2025-11-23,15,10:00,144,6,13.5,4,2,32.49,1,2025-11-23 22:00:00,2025-11-24 04:00:00,E,St Matthews Rd,0,0,0,0
2025-11-23,15,10:00,144,6,13.5,4,2,32.49,1,2025-11-23 22:00:00,2025-11-24 04:00:00,E,Jarvis St,1,1,2,1
2025-11-23,15,10:00,144,6,13.5,4,2,32.49,1,2025-11-23 22:00:00,2025-11-24 04:00:00,E,Sherbourne St,1,1,2,1
2025-11-23,15,10:00,144,6,13.5,4,2,32.49,1,2025-11-23 22:00:00,2025-11-24 04:00:00,E,St George St,5,2,2,0
2025-11-23,15,10:00,144,6,13.5,4,2,32.49,1,2025-11-23 22:00:00,2025-11-24 04:00:00,E,Dovercourt Rd,7,3,7,1
2025-11-23,15,10:00,144,6,13.5,4,2,32.49,1,2025-11-23 22:00:00,2025-11-24 04:00:00,E,Glenmount Park Rd,3,4,1,0
2025-11-23,15,10:00,144,6,13.5,4,2,32.49,1,2025-11-23 22:00:00,2025-11-24 04:00:00,E,Prust Ave,4,3,2,1
2025-11-23,15,10:00,144,6,13.5,4,2,32.49,1,2025-11-23 22:00:00,2025-11-24 04:00:00,E,Main Street Station at Bay 7,0,0,0,0
2025-11-23,15,10:00,144,6,13.5,4,2,32.49,1,2025-11-23 22:00:00,2025-11-24 04:00:00,E,Norwood Rd,3,4,1,0
2025-11-23,15,10:00,144,6,13.5,4,2,32.49,1,2025-11-23 22:00:00,2025-11-24 04:00:00,E,McCaul St,4,3,2,0
2025-11-23,15,10:00,144,6,13.5,4,2,32.49,1,2025-11-23 22:00:00,2025-11-24 04:00:00,E,Broadview Ave,8,0,1,1
2025-11-23,15,10:00,144,6,13.5,4,2,32.49,1,2025-11-23 22:00:00,2025-11-24 04:00:00,E,Ontario St,1,1,2,1
2025-11-23,15,10:00,144,6,13.5,4,2,32.49,1,2025-11-23 22:00:00,2025-11-24 04:00:00,E,Rusholme Park Cres,1,1,3,1
2025-11-23,15,10:00,144,6,13.5,4,2,32.49,1,2025-11-23 22:00:00,2025-11-24 04:00:00,E,Havelock St,4,3,2,1
2025-11-23,15,10:00,144,6,13.5,4,2,32.49,1,2025-11-23 22:00:00,2025-11-24 04:00:00,E,High Park Loop,2,1,10,2
2025-11-23,15,10:00,144,6,13.5,4,2,32.49,1,2025-11-23 22:00:00,2025-11-24 04:00:00,E,Queens Park (Queen's Park Station),6,2,2,0
2025-11-23,15,10:00,144,6,13.5,4,2,32.49,1,2025-11-23 22:00:00,2025-11-24 04:00:00,E,Roncesvalles Ave,0,0,0,0
2025-11-23,15,10:00,144,6,13.5,4,2,32.49,1,2025-11-23 22:00:00,2025-11-24 04:00:00,E,De Grassi St,7,0,1,1
2025-11-23,15,10:00,144,6,13.5,4,2,32.49,1,2025-11-23 22:00:00,2025-11-24 04:00:00,E,Parliament St at Carlton St,3,1,2,1
2025-11-23,15,10:00,144,6,13.5,4,2,32.49,1,2025-11-23 22:00:00,2025-11-24 04:00:00,E,Parkside Dr East Side,1,1,5,1
2025-11-23,15,10:00,144,6,13.5,4,2,32.49,1,2025-11-23 22:00:00,2025-11-24 04:00:00,E,Dundas St West,1,1,3,1
2025-11-23,15,10:00,144,6,13.5,4,2,32.49,1,2025-11-23 22:00:00,2025-11-24 04:00:00,E,Howard Park Ave at Roncesvalles Ave,0,0,0,0
2025-11-23,15,10:00,144,6,13.5,4,2,32.49,1,2025-11-23 22:00:00,2025-11-24 04:00:00,E,Parliament St,0,0,0,0
2025-11-23,15,10:00,144,6,13.5,4,2,32.49,1,2025-11-23 22:00:00,2025-11-24 04:00:00,E,Parliament St at Gerrard St East,0,0,0,0
2025-11-23,15,10:00,144,6,13.5,4,2,32.49,1,2025-11-23 22:00:00,2025-11-24 04:00:00,E,Sumach St,0,0,0,0
2025-11-23,15,10:00,144,6,13.5,4,2,32.49,1,2025-11-23 22:00:00,2025-11-24 04:00:00,E,Blackburn St,0,0,0,0
2025-11-23,15,10:00,144,6,13.5,4,2,32.49,1,2025-11-23 22:00:00,2025-11-24 04:00:00,E,Logan Ave,0,0,0,0
2025-11-23,15,10:00,144,6,13.5,4,2,32.49,1,2025-11-23 22:00:00,2025-11-24 04:00:00,E,Augusta Ave,0,0,0,0
2025-11-23,15,10:00,144,6,13.5,4,2,32.49,1,2025-11-23 22:00:00,2025-11-24 04:00:00,E,Beverley St,0,0,0,0
2025-11-23,15,10:00,144,6,13.5,4,2,32.49,1,2025-11-23 22:00:00,2025-11-24 04:00:00,E,University Ave (Queen's Park Station,0,0,0,0
2025-11-23,15,10:00,144,6,13.5,4,2,32.49,1,2025-11-23 22:00:00,2025-11-24 04:00:00,E,Elizabeth St,0,0,0,0
2025-11-23,15,10:00,144,6,13.5,4,2,32.49,1,2025-11-23 22:00:00,2025-11-24 04:00:00,E,Greenwood Ave,0,0,0,0
2025-11-23,15,10:00,144,6,13.5,4,2,32.49,1,2025-11-23 22:00:00,2025-11-24 04:00:00,E,Alton Ave,0,0,0,0
2025-11-23,15,10:00,144,6,13.5,4,2,32.49,1,2025-11-23 22:00:00,2025-11-24 04:00:00,E,Coxwell Ave,0,0,0,0
2025-11-23,15,10:00,144,6,13.5,4,2,32.49,1,2025-11-23 22:00:00,2025-11-24 04:00:00,E,Gerrard St East  at Coxwell Ave,0,0,0,0
2025-11-23,15,10:00,144,6,13.5,4,2,32.49,1,2025-11-23 22:00:00,2025-11-24 04:00:00,E,Coxwell Ave at Lower Gerrard St East,0,0,0,0
2025-11-23,15,10:00,144,6,13.5,4,2,32.49,1,2025-11-23 22:00:00,2025-11-24 04:00:00,E,Ashdale Ave,0,0,0,0
2025-11-23,15,10:00,144,6,13.5,4,2,32.49,1,2025-11-23 22:00:00,2025-11-24 04:00:00,E,Howard Park Ave at Indian Rd,0,0,0,0
2025-11-23,15,10:00,144,6,13.5,4,2,32.49,1,2025-11-23 22:00:00,2025-11-24 04:00:00,E,Dundas St West at Howard Park Ave,0,0,0,0
2025-11-23,15,10:00,144,6,13.5,4,2,32.49,1,2025-11-23 22:00:00,2025-11-24 04:00:00,E,Main St at Gerrard St East,0,0,0,0
2025-11-23,15,10:00,144,6,13.5,4,2,32.49,1,2025-11-23 22:00:00,2025-11-24 04:00:00,E,Main St,0,0,0,0
2025-11-23,15,10:00,144,6,13.5,4,2,32.49,1,2025-11-23 22:00:00,2025-11-24 04:00:00,E,Main St at Danforth Ave,0,0,0,0
2025-11-23,15,10:00,144,6,13.5,4,2,32.49,1,2025-11-23 22:00:00,2025-11-24 04:00:00,E,Howard Park Ave at Parkside Dr,0,0,0,0
2025-11-23,15,10:00,144,6,13.5,4,2,32.49,1,2025-11-23 22:00:00,2025-11-24 04:00:00,W,Woodfield Rd,2,1,2,0
2025-11-23,15,10:00,144,6,13.5,4,2,32.49,1,2025-11-23 22:00:00,2025-11-24 04:00:00,W,Coxwell Ave at Gerrard St East,0,2,1,0
2025-11-23,15,10:00,144,6,13.5,4,2,32.49,1,2025-11-23 22:00:00,2025-11-24 04:00:00,W,Euclid Ave,0,0,0,0
2025-11-23,15,10:00,144,6,13.5,4,2,32.49,1,2025-11-23 22:00:00,2025-11-24 04:00:00,W,Bowmore Rd,0,0,1,0
2025-11-23,15,10:00,144,6,13.5,4,2,32.49,1,2025-11-23 22:00:00,2025-11-24 04:00:00,W,Bay St,4,0,2,0
2025-11-23,15,10:00,144,6,13.5,4,2,32.49,1,2025-11-23 22:00:00,2025-11-24 04:00:00,W,Lansdowne Ave,0,0,0,0
2025-11-23,15,10:00,144,6,13.5,4,2,32.49,1,2025-11-23 22:00:00,2025-11-24 04:00:00,W,Indian Rd,4,2,3,1
2025-11-23,15,10:00,144,6,13.5,4,2,32.49,1,2025-11-23 22:00:00,2025-11-24 04:00:00,W,Grace St,0,0,0,0
2025-11-23,15,10:00,144,6,13.5,4,2,32.49,1,2025-11-23 22:00:00,2025-11-24 04:00:00,W,Dufferin St,4,1,3,1
2025-11-23,15,10:00,144,6,13.5,4,2,32.49,1,2025-11-23 22:00:00,2025-11-24 04:00:00,W,Gerrard St East at Beaton Ave,0,2,1,0
2025-11-23,15,10:00,144,6,13.5,4,2,32.49,1,2025-11-23 22:00:00,2025-11-24 04:00:00,W,Bathurst St,0,0,0,0
2025-11-23,15,10:00,144,6,13.5,4,2,32.49,1,2025-11-23 22:00:00,2025-11-24 04:00:00,W,Yonge St - College Station,0,0,0,0
2025-11-23,15,10:00,144,6,13.5,4,2,32.49,1,2025-11-23 22:00:00,2025-11-24 04:00:00,W,Dundas St West at Sterling Rd,0,0,0,0
2025-11-23,15,10:00,144,6,13.5,4,2,32.49,1,2025-11-23 22:00:00,2025-11-24 04:00:00,W,Brock Ave,0,0,0,0
2025-11-23,15,10:00,144,6,13.5,4,2,32.49,1,2025-11-23 22:00:00,2025-11-24 04:00:00,W,Sackville St,0,0,0,0
2025-11-23,15,10:00,144,6,13.5,4,2,32.49,1,2025-11-23 22:00:00,2025-11-24 04:00:00,W,Carlaw Ave,0,0,0,0
2025-11-23,15,10:00,144,6,13.5,4,2,32.49,1,2025-11-23 22:00:00,2025-11-24 04:00:00,W,Borden St,0,0,0,0
2025-11-23,15,10:00,144,6,13.5,4,2,32.49,1,2025-11-23 22:00:00,2025-11-24 04:00:00,W,Dundas St West at Sorauren Ave,2,1,1,1
2025-11-23,15,10:00,144,6,13.5,4,2,32.49,1,2025-11-23 22:00:00,2025-11-24 04:00:00,W,Crawford St,0,0,0,0
2025-11-23,15,10:00,144,6,13.5,4,2,32.49,1,2025-11-23 22:00:00,2025-11-24 04:00:00,W,Pape Ave,0,0,0,0
2025-11-23,15,10:00,144,6,13.5,4,2,32.49,1,2025-11-23 22:00:00,2025-11-24 04:00:00,W,Spadina Ave,0,0,0,0
2025-11-23,15,10:00,144,6,13.5,4,2,32.49,1,2025-11-23 22:00:00,2025-11-24 04:00:00,W,River St,0,0,0,0
2025-11-23,15,10:00,144,6,13.5,4,2,32.49,1,2025-11-23 22:00:00,2025-11-24 04:00:00,W,Marjory Ave,0,0,0,0
2025-11-23,15,10:00,144,6,13.5,4,2,32.49,1,2025-11-23 22:00:00,2025-11-24 04:00:00,W,Kingsmount Park Rd,0,0,0,0
2025-11-23,15,10:00,144,6,13.5,4,2,32.49,1,2025-11-23 22:00:00,2025-11-24 04:00:00,W,Church St,0,0,0,0
2025-11-23,15,10:00,144,6,13.5,4,2,32.49,1,2025-11-23 22:00:00,2025-11-24 04:00:00,W,Ossington Ave,0,0,0,0
2025-11-23,15,10:00,144,6,13.5,4,2,32.49,1,2025-11-23 22:00:00,2025-11-24 04:00:00,W,Woodbine Ave,0,0,0,0
2025-11-23,15,10:00,144,6,13.5,4,2,32.49,1,2025-11-23 22:00:00,2025-11-24 04:00:00,W,Jones Ave,0,0,0,0
2025-11-23,15,10:00,144,6,13.5,4,2,32.49,1,2025-11-23 22:00:00,2025-11-24 04:00:00,W,Golfview Ave,0,0,0,0
2025-11-23,15,10:00,144,6,13.5,4,2,32.49,1,2025-11-23 22:00:00,2025-11-24 04:00:00,W,Leslie St,0,0,0,0
2025-11-23,15,10:00,144,6,13.5,4,2,32.49,1,2025-11-23 22:00:00,2025-11-24 04:00:00,W,St Matthews Rd,0,0,0,0
2025-11-23,15,10:00,144,6,13.5,4,2,32.49,1,2025-11-23 22:00:00,2025-11-24 04:00:00,W,Jarvis St,0,0,0,0
2025-11-23,15,10:00,144,6,13.5,4,2,32.49,1,2025-11-23 22:00:00,2025-11-24 04:00:00,W,Sherbourne St,0,0,0,0
2025-11-23,15,10:00,144,6,13.5,4,2,32.49,1,2025-11-23 22:00:00,2025-11-24 04:00:00,W,St George St,0,0,0,0
2025-11-23,15,10:00,144,6,13.5,4,2,32.49,1,2025-11-23 22:00:00,2025-11-24 04:00:00,W,Dovercourt Rd,0,0,0,0
2025-11-23,15,10:00,144,6,13.5,4,2,32.49,1,2025-11-23 22:00:00,2025-11-24 04:00:00,W,Glenmount Park Rd,0,0,0,0
2025-11-23,15,10:00,144,6,13.5,4,2,32.49,1,2025-11-23 22:00:00,2025-11-24 04:00:00,W,Prust Ave,0,0,0,0
2025-11-23,15,10:00,144,6,13.5,4,2,32.49,1,2025-11-23 22:00:00,2025-11-24 04:00:00,W,Main Street Station at Bay 7,2,0,1,0
2025-11-23,15,10:00,144,6,13.5,4,2,32.49,1,2025-11-23 22:00:00,2025-11-24 04:00:00,W,Norwood Rd,0,0,0,0
2025-11-23,15,10:00,144,6,13.5,4,2,32.49,1,2025-11-23 22:00:00,2025-11-24 04:00:00,W,McCaul St,0,0,0,0
2025-11-23,15,10:00,144,6,13.5,4,2,32.49,1,2025-11-23 22:00:00,2025-11-24 04:00:00,W,Broadview Ave,0,0,0,0
2025-11-23,15,10:00,144,6,13.5,4,2,32.49,1,2025-11-23 22:00:00,2025-11-24 04:00:00,W,Ontario St,0,0,0,0
2025-11-23,15,10:00,144,6,13.5,4,2,32.49,1,2025-11-23 22:00:00,2025-11-24 04:00:00,W,Rusholme Park Cres,0,0,0,0
2025-11-23,15,10:00,144,6,13.5,4,2,32.49,1,2025-11-23 22:00:00,2025-11-24 04:00:00,W,Havelock St,0,0,0,0
2025-11-23,15,10:00,144,6,13.5,4,2,32.49,1,2025-11-23 22:00:00,2025-11-24 04:00:00,W,High Park Loop,0,0,0,0
2025-11-23,15,10:00,144,6,13.5,4,2,32.49,1,2025-11-23 22:00:00,2025-11-24 04:00:00,W,Queens Park (Queen's Park Station),0,0,0,0
2025-11-23,15,10:00,144,6,13.5,4,2,32.49,1,2025-11-23 22:00:00,2025-11-24 04:00:00,W,Roncesvalles Ave,1,2,2,1
2025-11-23,15,10:00,144,6,13.5,4,2,32.49,1,2025-11-23 22:00:00,2025-11-24 04:00:00,W,De Grassi St,0,0,0,0
2025-11-23,15,10:00,144,6,13.5,4,2,32.49,1,2025-11-23 22:00:00,2025-11-24 04:00:00,W,Parliament St at Carlton St,0,0,0,0
2025-11-23,15,10:00,144,6,13.5,4,2,32.49,1,2025-11-23 22:00:00,2025-11-24 04:00:00,W,Parkside Dr East Side,0,0,0,0
2025-11-23,15,10:00,144,6,13.5,4,2,32.49,1,2025-11-23 22:00:00,2025-11-24 04:00:00,W,Dundas St West,1,1,1,1
2025-11-23,15,10:00,144,6,13.5,4,2,32.49,1,2025-11-23 22:00:00,2025-11-24 04:00:00,W,Howard Park Ave at Roncesvalles Ave,0,0,0,0
2025-11-23,15,10:00,144,6,13.5,4,2,32.49,1,2025-11-23 22:00:00,2025-11-24 04:00:00,W,Parliament St,0,0,0,0
2025-11-23,15,10:00,144,6,13.5,4,2,32.49,1,2025-11-23 22:00:00,2025-11-24 04:00:00,W,Parliament St at Gerrard St East,0,0,0,0
2025-11-23,15,10:00,144,6,13.5,4,2,32.49,1,2025-11-23 22:00:00,2025-11-24 04:00:00,W,Sumach St,0,0,0,0
2025-11-23,15,10:00,144,6,13.5,4,2,32.49,1,2025-11-23 22:00:00,2025-11-24 04:00:00,W,Blackburn St,0,0,0,0
2025-11-23,15,10:00,144,6,13.5,4,2,32.49,1,2025-11-23 22:00:00,2025-11-24 04:00:00,W,Logan Ave,0,0,0,0
2025-11-23,15,10:00,144,6,13.5,4,2,32.49,1,2025-11-23 22:00:00,2025-11-24 04:00:00,W,Augusta Ave,0,0,0,0
2025-11-23,15,10:00,144,6,13.5,4,2,32.49,1,2025-11-23 22:00:00,2025-11-24 04:00:00,W,Beverley St,0,0,0,0
2025-11-23,15,10:00,144,6,13.5,4,2,32.49,1,2025-11-23 22:00:00,2025-11-24 04:00:00,W,University Ave (Queen's Park Station,0,0,0,0
2025-11-23,15,10:00,144,6,13.5,4,2,32.49,1,2025-11-23 22:00:00,2025-11-24 04:00:00,W,Elizabeth St,0,0,0,0
2025-11-23,15,10:00,144,6,13.5,4,2,32.49,1,2025-11-23 22:00:00,2025-11-24 04:00:00,W,Greenwood Ave,0,0,0,0
2025-11-23,15,10:00,144,6,13.5,4,2,32.49,1,2025-11-23 22:00:00,2025-11-24 04:00:00,W,Alton Ave,0,0,0,0
2025-11-23,15,10:00,144,6,13.5,4,2,32.49,1,2025-11-23 22:00:00,2025-11-24 04:00:00,W,Coxwell Ave,0,0,0,0
2025-11-23,15,10:00,144,6,13.5,4,2,32.49,1,2025-11-23 22:00:00,2025-11-24 04:00:00,W,Gerrard St East  at Coxwell Ave,0,0,0,0
2025-11-23,15,10:00,144,6,13.5,4,2,32.49,1,2025-11-23 22:00:00,2025-11-24 04:00:00,W,Coxwell Ave at Lower Gerrard St East,0,0,0,0
2025-11-23,15,10:00,144,6,13.5,4,2,32.49,1,2025-11-23 22:00:00,2025-11-24 04:00:00,W,Ashdale Ave,0,0,0,0
2025-11-23,15,10:00,144,6,13.5,4,2,32.49,1,2025-11-23 22:00:00,2025-11-24 04:00:00,W,Howard Park Ave at Indian Rd,0,0,0,0
2025-11-23,15,10:00,144,6,13.5,4,2,32.49,1,2025-11-23 22:00:00,2025-11-24 04:00:00,W,Dundas St West at Howard Park Ave,0,0,0,0
2025-11-23,15,10:00,144,6,13.5,4,2,32.49,1,2025-11-23 22:00:00,2025-11-24 04:00:00,W,Main St at Gerrard St East,0,0,0,0
2025-11-23,15,10:00,144,6,13.5,4,2,32.49,1,2025-11-23 22:00:00,2025-11-24 04:00:00,W,Main St,0,0,0,0
2025-11-23,15,10:00,144,6,13.5,4,2,32.49,1,2025-11-23 22:00:00,2025-11-24 04:00:00,W,Main St at Danforth Ave,0,0,0,0
2025-11-23,15,10:00,144,6,13.5,4,2,32.49,1,2025-11-23 22:00:00,2025-11-24 04:00:00,W,Howard Park Ave at Parkside Dr,0,0,0,0
2025-11-30,15,10:00,144,6,13.5,4,2,32.49,1,2025-11-30 22:00:00,2025-12-01 04:00:00,E,Woodfield Rd,2,0,0,0
2025-11-30,15,10:00,144,6,13.5,4,2,32.49,1,2025-11-30 22:00:00,2025-12-01 04:00:00,E,Coxwell Ave at Gerrard St East,0,0,0,0
2025-11-30,15,10:00,144,6,13.5,4,2,32.49,1,2025-11-30 22:00:00,2025-12-01 04:00:00,E,Euclid Ave,0,1,1,0
2025-11-30,15,10:00,144,6,13.5,4,2,32.49,1,2025-11-30 22:00:00,2025-12-01 04:00:00,E,Bowmore Rd,5,4,2,0
2025-11-30,15,10:00,144,6,13.5,4,2,32.49,1,2025-11-30 22:00:00,2025-12-01 04:00:00,E,Bay St,11,0,1,1
2025-11-30,15,10:00,144,6,13.5,4,2,32.49,1,2025-11-30 22:00:00,2025-12-01 04:00:00,E,Lansdowne Ave,6,4,2,0
2025-11-30,15,10:00,144,6,13.5,4,2,32.49,1,2025-11-30 22:00:00,2025-12-01 04:00:00,E,Indian Rd,0,2,1,1
2025-11-30,15,10:00,144,6,13.5,4,2,32.49,1,2025-11-30 22:00:00,2025-12-01 04:00:00,E,Grace St,0,1,0,1
2025-11-30,15,10:00,144,6,13.5,4,2,32.49,1,2025-11-30 22:00:00,2025-12-01 04:00:00,E,Dufferin St,7,2,0,0
2025-11-30,15,10:00,144,6,13.5,4,2,32.49,1,2025-11-30 22:00:00,2025-12-01 04:00:00,E,Gerrard St East at Beaton Ave,7,3,1,0
2025-11-30,15,10:00,144,6,13.5,4,2,32.49,1,2025-11-30 22:00:00,2025-12-01 04:00:00,E,Bathurst St,6,0,1,1
2025-11-30,15,10:00,144,6,13.5,4,2,32.49,1,2025-11-30 22:00:00,2025-12-01 04:00:00,E,Yonge St - College Station,1,1,0,0
2025-11-30,15,10:00,144,6,13.5,4,2,32.49,1,2025-11-30 22:00:00,2025-12-01 04:00:00,E,Dundas St West at Sterling Rd,0,1,1,0
2025-11-30,15,10:00,144,6,13.5,4,2,32.49,1,2025-11-30 22:00:00,2025-12-01 04:00:00,E,Brock Ave,4,6,2,0
2025-11-30,15,10:00,144,6,13.5,4,2,32.49,1,2025-11-30 22:00:00,2025-12-01 04:00:00,E,Sackville St,0,0,0,0
2025-11-30,15,10:00,144,6,13.5,4,2,32.49,1,2025-11-30 22:00:00,2025-12-01 04:00:00,E,Carlaw Ave,0,0,0,0
2025-11-30,15,10:00,144,6,13.5,4,2,32.49,1,2025-11-30 22:00:00,2025-12-01 04:00:00,E,Borden St,5,2,1,1
2025-11-30,15,10:00,144,6,13.5,4,2,32.49,1,2025-11-30 22:00:00,2025-12-01 04:00:00,E,Dundas St West at Sorauren Ave,0,1,1,0
2025-11-30,15,10:00,144,6,13.5,4,2,32.49,1,2025-11-30 22:00:00,2025-12-01 04:00:00,E,Crawford St,0,1,0,1
2025-11-30,15,10:00,144,6,13.5,4,2,32.49,1,2025-11-30 22:00:00,2025-12-01 04:00:00,E,Pape Ave,1,0,0,0
2025-11-30,15,10:00,144,6,13.5,4,2,32.49,1,2025-11-30 22:00:00,2025-12-01 04:00:00,E,Spadina Ave,4,3,2,1
2025-11-30,15,10:00,144,6,13.5,4,2,32.49,1,2025-11-30 22:00:00,2025-12-01 04:00:00,E,River St,0,0,0,0
2025-11-30,15,10:00,144,6,13.5,4,2,32.49,1,2025-11-30 22:00:00,2025-12-01 04:00:00,E,Marjory Ave,3,0,0,0
2025-11-30,15,10:00,144,6,13.5,4,2,32.49,1,2025-11-30 22:00:00,2025-12-01 04:00:00,E,Kingsmount Park Rd,4,5,1,0
2025-11-30,15,10:00,144,6,13.5,4,2,32.49,1,2025-11-30 22:00:00,2025-12-01 04:00:00,E,Church St,2,1,0,0
2025-11-30,15,10:00,144,6,13.5,4,2,32.49,1,2025-11-30 22:00:00,2025-12-01 04:00:00,E,Ossington Ave,7,3,3,1
2025-11-30,15,10:00,144,6,13.5,4,2,32.49,1,2025-11-30 22:00:00,2025-12-01 04:00:00,E,Woodbine Ave,6,2,2,0
2025-11-30,15,10:00,144,6,13.5,4,2,32.49,1,2025-11-30 22:00:00,2025-12-01 04:00:00,E,Jones Ave,2,0,0,0
2025-11-30,15,10:00,144,6,13.5,4,2,32.49,1,2025-11-30 22:00:00,2025-12-01 04:00:00,E,Golfview Ave,6,3,2,0
2025-11-30,15,10:00,144,6,13.5,4,2,32.49,1,2025-11-30 22:00:00,2025-12-01 04:00:00,E,Leslie St,2,1,0,0
2025-11-30,15,10:00,144,6,13.5,4,2,32.49,1,2025-11-30 22:00:00,2025-12-01 04:00:00,E,St Matthews Rd,0,0,0,0
2025-11-30,15,10:00,144,6,13.5,4,2,32.49,1,2025-11-30 22:00:00,2025-12-01 04:00:00,E,Jarvis St,0,1,1,0
2025-11-30,15,10:00,144,6,13.5,4,2,32.49,1,2025-11-30 22:00:00,2025-12-01 04:00:00,E,Sherbourne St,0,1,1,0
2025-11-30,15,10:00,144,6,13.5,4,2,32.49,1,2025-11-30 22:00:00,2025-12-01 04:00:00,E,St George St,5,1,1,1
2025-11-30,15,10:00,144,6,13.5,4,2,32.49,1,2025-11-30 22:00:00,2025-12-01 04:00:00,E,Dovercourt Rd,7,4,2,1
2025-11-30,15,10:00,144,6,13.5,4,2,32.49,1,2025-11-30 22:00:00,2025-12-01 04:00:00,E,Glenmount Park Rd,5,5,2,0
2025-11-30,15,10:00,144,6,13.5,4,2,32.49,1,2025-11-30 22:00:00,2025-12-01 04:00:00,E,Prust Ave,1,1,0,0
2025-11-30,15,10:00,144,6,13.5,4,2,32.49,1,2025-11-30 22:00:00,2025-12-01 04:00:00,E,Main Street Station at Bay 7,0,0,0,0
2025-11-30,15,10:00,144,6,13.5,4,2,32.49,1,2025-11-30 22:00:00,2025-12-01 04:00:00,E,Norwood Rd,4,3,2,0
2025-11-30,15,10:00,144,6,13.5,4,2,32.49,1,2025-11-30 22:00:00,2025-12-01 04:00:00,E,McCaul St,6,2,1,1
2025-11-30,15,10:00,144,6,13.5,4,2,32.49,1,2025-11-30 22:00:00,2025-12-01 04:00:00,E,Broadview Ave,9,0,2,0
2025-11-30,15,10:00,144,6,13.5,4,2,32.49,1,2025-11-30 22:00:00,2025-12-01 04:00:00,E,Ontario St,2,1,1,0
2025-11-30,15,10:00,144,6,13.5,4,2,32.49,1,2025-11-30 22:00:00,2025-12-01 04:00:00,E,Rusholme Park Cres,0,1,1,0
2025-11-30,15,10:00,144,6,13.5,4,2,32.49,1,2025-11-30 22:00:00,2025-12-01 04:00:00,E,Havelock St,1,0,0,0
2025-11-30,15,10:00,144,6,13.5,4,2,32.49,1,2025-11-30 22:00:00,2025-12-01 04:00:00,E,High Park Loop,0,3,2,2
2025-11-30,15,10:00,144,6,13.5,4,2,32.49,1,2025-11-30 22:00:00,2025-12-01 04:00:00,E,Queens Park (Queen's Park Station),7,1,1,1
2025-11-30,15,10:00,144,6,13.5,4,2,32.49,1,2025-11-30 22:00:00,2025-12-01 04:00:00,E,Roncesvalles Ave,0,0,0,0
2025-11-30,15,10:00,144,6,13.5,4,2,32.49,1,2025-11-30 22:00:00,2025-12-01 04:00:00,E,De Grassi St,10,1,1,1
2025-11-30,15,10:00,144,6,13.5,4,2,32.49,1,2025-11-30 22:00:00,2025-12-01 04:00:00,E,Parliament St at Carlton St,3,1,1,0
2025-11-30,15,10:00,144,6,13.5,4,2,32.49,1,2025-11-30 22:00:00,2025-12-01 04:00:00,E,Parkside Dr East Side,0,1,1,1
2025-11-30,15,10:00,144,6,13.5,4,2,32.49,1,2025-11-30 22:00:00,2025-12-01 04:00:00,E,Dundas St West,0,1,1,0
2025-11-30,15,10:00,144,6,13.5,4,2,32.49,1,2025-11-30 22:00:00,2025-12-01 04:00:00,E,Howard Park Ave at Roncesvalles Ave,0,0,0,0
2025-11-30,15,10:00,144,6,13.5,4,2,32.49,1,2025-11-30 22:00:00,2025-12-01 04:00:00,E,Parliament St,0,0,0,0
2025-11-30,15,10:00,144,6,13.5,4,2,32.49,1,2025-11-30 22:00:00,2025-12-01 04:00:00,E,Parliament St at Gerrard St East,0,0,0,0
2025-11-30,15,10:00,144,6,13.5,4,2,32.49,1,2025-11-30 22:00:00,2025-12-01 04:00:00,E,Sumach St,0,0,0,0
2025-11-30,15,10:00,144,6,13.5,4,2,32.49,1,2025-11-30 22:00:00,2025-12-01 04:00:00,E,Blackburn St,0,0,0,0
2025-11-30,15,10:00,144,6,13.5,4,2,32.49,1,2025-11-30 22:00:00,2025-12-01 04:00:00,E,Logan Ave,5,0,1,1
2025-11-30,15,10:00,144,6,13.5,4,2,32.49,1,2025-11-30 22:00:00,2025-12-01 04:00:00,E,Augusta Ave,0,0,0,0
2025-11-30,15,10:00,144,6,13.5,4,2,32.49,1,2025-11-30 22:00:00,2025-12-01 04:00:00,E,Beverley St,0,0,0,0
2025-11-30,15,10:00,144,6,13.5,4,2,32.49,1,2025-11-30 22:00:00,2025-12-01 04:00:00,E,University Ave (Queen's Park Station,0,0,0,0
2025-11-30,15,10:00,144,6,13.5,4,2,32.49,1,2025-11-30 22:00:00,2025-12-01 04:00:00,E,Elizabeth St,0,0,0,0
2025-11-30,15,10:00,144,6,13.5,4,2,32.49,1,2025-11-30 22:00:00,2025-12-01 04:00:00,E,Greenwood Ave,0,0,0,0
2025-11-30,15,10:00,144,6,13.5,4,2,32.49,1,2025-11-30 22:00:00,2025-12-01 04:00:00,E,Alton Ave,0,0,0,0
2025-11-30,15,10:00,144,6,13.5,4,2,32.49,1,2025-11-30 22:00:00,2025-12-01 04:00:00,E,Coxwell Ave,0,0,0,0
2025-11-30,15,10:00,144,6,13.5,4,2,32.49,1,2025-11-30 22:00:00,2025-12-01 04:00:00,E,Gerrard St East  at Coxwell Ave,0,0,0,0
2025-11-30,15,10:00,144,6,13.5,4,2,32.49,1,2025-11-30 22:00:00,2025-12-01 04:00:00,E,Coxwell Ave at Lower Gerrard St East,0,0,0,0
2025-11-30,15,10:00,144,6,13.5,4,2,32.49,1,2025-11-30 22:00:00,2025-12-01 04:00:00,E,Ashdale Ave,0,0,0,0
2025-11-30,15,10:00,144,6,13.5,4,2,32.49,1,2025-11-30 22:00:00,2025-12-01 04:00:00,E,Howard Park Ave at Indian Rd,0,0,0,0
2025-11-30,15,10:00,144,6,13.5,4,2,32.49,1,2025-11-30 22:00:00,2025-12-01 04:00:00,E,Dundas St West at Howard Park Ave,0,0,0,0
2025-11-30,15,10:00,144,6,13.5,4,2,32.49,1,2025-11-30 22:00:00,2025-12-01 04:00:00,E,Main St at Gerrard St East,0,0,0,0
2025-11-30,15,10:00,144,6,13.5,4,2,32.49,1,2025-11-30 22:00:00,2025-12-01 04:00:00,E,Main St,0,0,0,0
2025-11-30,15,10:00,144,6,13.5,4,2,32.49,1,2025-11-30 22:00:00,2025-12-01 04:00:00,E,Main St at Danforth Ave,0,0,0,0
2025-11-30,15,10:00,144,6,13.5,4,2,32.49,1,2025-11-30 22:00:00,2025-12-01 04:00:00,E,Howard Park Ave at Parkside Dr,0,0,0,0
2025-11-30,15,10:00,144,6,13.5,4,2,32.49,1,2025-11-30 22:00:00,2025-12-01 04:00:00,W,Woodfield Rd,0,1,0,0
2025-11-30,15,10:00,144,6,13.5,4,2,32.49,1,2025-11-30 22:00:00,2025-12-01 04:00:00,W,Coxwell Ave at Gerrard St East,0,1,0,0
2025-11-30,15,10:00,144,6,13.5,4,2,32.49,1,2025-11-30 22:00:00,2025-12-01 04:00:00,W,Euclid Ave,0,0,0,0
2025-11-30,15,10:00,144,6,13.5,4,2,32.49,1,2025-11-30 22:00:00,2025-12-01 04:00:00,W,Bowmore Rd,2,1,2,0
2025-11-30,15,10:00,144,6,13.5,4,2,32.49,1,2025-11-30 22:00:00,2025-12-01 04:00:00,W,Bay St,4,0,10,0
2025-11-30,15,10:00,144,6,13.5,4,2,32.49,1,2025-11-30 22:00:00,2025-12-01 04:00:00,W,Lansdowne Ave,0,0,0,0
2025-11-30,15,10:00,144,6,13.5,4,2,32.49,1,2025-11-30 22:00:00,2025-12-01 04:00:00,W,Indian Rd,2,1,1,0
2025-11-30,15,10:00,144,6,13.5,4,2,32.49,1,2025-11-30 22:00:00,2025-12-01 04:00:00,W,Grace St,0,0,0,0
2025-11-30,15,10:00,144,6,13.5,4,2,32.49,1,2025-11-30 22:00:00,2025-12-01 04:00:00,W,Dufferin St,5,2,6,1
2025-11-30,15,10:00,144,6,13.5,4,2,32.49,1,2025-11-30 22:00:00,2025-12-01 04:00:00,W,Gerrard St East at Beaton Ave,2,0,3,0
2025-11-30,15,10:00,144,6,13.5,4,2,32.49,1,2025-11-30 22:00:00,2025-12-01 04:00:00,W,Bathurst St,0,0,0,0
2025-11-30,15,10:00,144,6,13.5,4,2,32.49,1,2025-11-30 22:00:00,2025-12-01 04:00:00,W,Yonge St - College Station,0,0,0,0
2025-11-30,15,10:00,144,6,13.5,4,2,32.49,1,2025-11-30 22:00:00,2025-12-01 04:00:00,W,Dundas St West at Sterling Rd,0,0,0,0
2025-11-30,15,10:00,144,6,13.5,4,2,32.49,1,2025-11-30 22:00:00,2025-12-01 04:00:00,W,Brock Ave,0,0,0,0
2025-11-30,15,10:00,144,6,13.5,4,2,32.49,1,2025-11-30 22:00:00,2025-12-01 04:00:00,W,Sackville St,0,0,0,0
2025-11-30,15,10:00,144,6,13.5,4,2,32.49,1,2025-11-30 22:00:00,2025-12-01 04:00:00,W,Carlaw Ave,0,0,0,0
2025-11-30,15,10:00,144,6,13.5,4,2,32.49,1,2025-11-30 22:00:00,2025-12-01 04:00:00,W,Borden St,0,0,0,0
2025-11-30,15,10:00,144,6,13.5,4,2,32.49,1,2025-11-30 22:00:00,2025-12-01 04:00:00,W,Dundas St West at Sorauren Ave,2,2,1,0
2025-11-30,15,10:00,144,6,13.5,4,2,32.49,1,2025-11-30 22:00:00,2025-12-01 04:00:00,W,Crawford St,0,0,0,0
2025-11-30,15,10:00,144,6,13.5,4,2,32.49,1,2025-11-30 22:00:00,2025-12-01 04:00:00,W,Pape Ave,0,0,0,0
2025-11-30,15,10:00,144,6,13.5,4,2,32.49,1,2025-11-30 22:00:00,2025-12-01 04:00:00,W,Spadina Ave,3,2,10,0
2025-11-30,15,10:00,144,6,13.5,4,2,32.49,1,2025-11-30 22:00:00,2025-12-01 04:00:00,W,River St,0,0,0,0
2025-11-30,15,10:00,144,6,13.5,4,2,32.49,1,2025-11-30 22:00:00,2025-12-01 04:00:00,W,Marjory Ave,0,0,0,0
2025-11-30,15,10:00,144,6,13.5,4,2,32.49,1,2025-11-30 22:00:00,2025-12-01 04:00:00,W,Kingsmount Park Rd,0,0,0,0
2025-11-30,15,10:00,144,6,13.5,4,2,32.49,1,2025-11-30 22:00:00,2025-12-01 04:00:00,W,Church St,0,0,0,0
2025-11-30,15,10:00,144,6,13.5,4,2,32.49,1,2025-11-30 22:00:00,2025-12-01 04:00:00,W,Ossington Ave,0,0,0,0
2025-11-30,15,10:00,144,6,13.5,4,2,32.49,1,2025-11-30 22:00:00,2025-12-01 04:00:00,W,Woodbine Ave,0,0,0,0
2025-11-30,15,10:00,144,6,13.5,4,2,32.49,1,2025-11-30 22:00:00,2025-12-01 04:00:00,W,Jones Ave,0,0,0,0
2025-11-30,15,10:00,144,6,13.5,4,2,32.49,1,2025-11-30 22:00:00,2025-12-01 04:00:00,W,Golfview Ave,0,0,0,0
2025-11-30,15,10:00,144,6,13.5,4,2,32.49,1,2025-11-30 22:00:00,2025-12-01 04:00:00,W,Leslie St,0,0,0,0
2025-11-30,15,10:00,144,6,13.5,4,2,32.49,1,2025-11-30 22:00:00,2025-12-01 04:00:00,W,St Matthews Rd,0,0,0,0
2025-11-30,15,10:00,144,6,13.5,4,2,32.49,1,2025-11-30 22:00:00,2025-12-01 04:00:00,W,Jarvis St,0,0,0,0
2025-11-30,15,10:00,144,6,13.5,4,2,32.49,1,2025-11-30 22:00:00,2025-12-01 04:00:00,W,Sherbourne St,0,0,0,0
2025-11-30,15,10:00,144,6,13.5,4,2,32.49,1,2025-11-30 22:00:00,2025-12-01 04:00:00,W,St George St,0,0,0,0
2025-11-30,15,10:00,144,6,13.5,4,2,32.49,1,2025-11-30 22:00:00,2025-12-01 04:00:00,W,Dovercourt Rd,0,0,0,0
2025-11-30,15,10:00,144,6,13.5,4,2,32.49,1,2025-11-30 22:00:00,2025-12-01 04:00:00,W,Glenmount Park Rd,0,0,0,0
2025-11-30,15,10:00,144,6,13.5,4,2,32.49,1,2025-11-30 22:00:00,2025-12-01 04:00:00,W,Prust Ave,0,0,0,0
2025-11-30,15,10:00,144,6,13.5,4,2,32.49,1,2025-11-30 22:00:00,2025-12-01 04:00:00,W,Main Street Station at Bay 7,5,0,2,0
2025-11-30,15,10:00,144,6,13.5,4,2,32.49,1,2025-11-30 22:00:00,2025-12-01 04:00:00,W,Norwood Rd,0,0,0,0
2025-11-30,15,10:00,144,6,13.5,4,2,32.49,1,2025-11-30 22:00:00,2025-12-01 04:00:00,W,McCaul St,0,0,0,0
2025-11-30,15,10:00,144,6,13.5,4,2,32.49,1,2025-11-30 22:00:00,2025-12-01 04:00:00,W,Broadview Ave,0,0,0,0
2025-11-30,15,10:00,144,6,13.5,4,2,32.49,1,2025-11-30 22:00:00,2025-12-01 04:00:00,W,Ontario St,0,0,0,0
2025-11-30,15,10:00,144,6,13.5,4,2,32.49,1,2025-11-30 22:00:00,2025-12-01 04:00:00,W,Rusholme Park Cres,0,0,0,0
2025-11-30,15,10:00,144,6,13.5,4,2,32.49,1,2025-11-30 22:00:00,2025-12-01 04:00:00,W,Havelock St,0,0,0,0
2025-11-30,15,10:00,144,6,13.5,4,2,32.49,1,2025-11-30 22:00:00,2025-12-01 04:00:00,W,High Park Loop,0,0,0,0
2025-11-30,15,10:00,144,6,13.5,4,2,32.49,1,2025-11-30 22:00:00,2025-12-01 04:00:00,W,Queens Park (Queen's Park Station),0,0,0,0
2025-11-30,15,10:00,144,6,13.5,4,2,32.49,1,2025-11-30 22:00:00,2025-12-01 04:00:00,W,Roncesvalles Ave,1,2,1,0
2025-11-30,15,10:00,144,6,13.5,4,2,32.49,1,2025-11-30 22:00:00,2025-12-01 04:00:00,W,De Grassi St,0,0,0,0
2025-11-30,15,10:00,144,6,13.5,4,2,32.49,1,2025-11-30 22:00:00,2025-12-01 04:00:00,W,Parliament St at Carlton St,0,0,0,0
2025-11-30,15,10:00,144,6,13.5,4,2,32.49,1,2025-11-30 22:00:00,2025-12-01 04:00:00,W,Parkside Dr East Side,0,0,0,0
2025-11-30,15,10:00,144,6,13.5,4,2,32.49,1,2025-11-30 22:00:00,2025-12-01 04:00:00,W,Dundas St West,3,0,1,0
2025-11-30,15,10:00,144,6,13.5,4,2,32.49,1,2025-11-30 22:00:00,2025-12-01 04:00:00,W,Howard Park Ave at Roncesvalles Ave,0,0,0,0
2025-11-30,15,10:00,144,6,13.5,4,2,32.49,1,2025-11-30 22:00:00,2025-12-01 04:00:00,W,Parliament St,0,0,0,0
2025-11-30,15,10:00,144,6,13.5,4,2,32.49,1,2025-11-30 22:00:00,2025-12-01 04:00:00,W,Parliament St at Gerrard St East,0,0,0,0
2025-11-30,15,10:00,144,6,13.5,4,2,32.49,1,2025-11-30 22:00:00,2025-12-01 04:00:00,W,Sumach St,0,0,0,0
2025-11-30,15,10:00,144,6,13.5,4,2,32.49,1,2025-11-30 22:00:00,2025-12-01 04:00:00,W,Blackburn St,0,0,0,0
2025-11-30,15,10:00,144,6,13.5,4,2,32.49,1,2025-11-30 22:00:00,2025-12-01 04:00:00,W,Logan Ave,0,0,0,0
2025-11-30,15,10:00,144,6,13.5,4,2,32.49,1,2025-11-30 22:00:00,2025-12-01 04:00:00,W,Augusta Ave,0,0,0,0
2025-11-30,15,10:00,144,6,13.5,4,2,32.49,1,2025-11-30 22:00:00,2025-12-01 04:00:00,W,Beverley St,0,0,0,0
2025-11-30,15,10:00,144,6,13.5,4,2,32.49,1,2025-11-30 22:00:00,2025-12-01 04:00:00,W,University Ave (Queen's Park Station,0,0,0,0
2025-11-30,15,10:00,144,6,13.5,4,2,32.49,1,2025-11-30 22:00:00,2025-12-01 04:00:00,W,Elizabeth St,0,0,0,0
2025-11-30,15,10:00,144,6,13.5,4,2,32.49,1,2025-11-30 22:00:00,2025-12-01 04:00:00,W,Greenwood Ave,0,0,0,0
2025-11-30,15,10:00,144,6,13.5,4,2,32.49,1,2025-11-30 22:00:00,2025-12-01 04:00:00,W,Alton Ave,0,0,0,0
2025-11-30,15,10:00,144,6,13.5,4,2,32.49,1,2025-11-30 22:00:00,2025-12-01 04:00:00,W,Coxwell Ave,0,0,0,0
2025-11-30,15,10:00,144,6,13.5,4,2,32.49,1,2025-11-30 22:00:00,2025-12-01 04:00:00,W,Gerrard St East  at Coxwell Ave,0,0,0,0
2025-11-30,15,10:00,144,6,13.5,4,2,32.49,1,2025-11-30 22:00:00,2025-12-01 04:00:00,W,Coxwell Ave at Lower Gerrard St East,0,0,0,0
2025-11-30,15,10:00,144,6,13.5,4,2,32.49,1,2025-11-30 22:00:00,2025-12-01 04:00:00,W,Ashdale Ave,0,0,0,0
2025-11-30,15,10:00,144,6,13.5,4,2,32.49,1,2025-11-30 22:00:00,2025-12-01 04:00:00,W,Howard Park Ave at Indian Rd,0,0,0,0
2025-11-30,15,10:00,144,6,13.5,4,2,32.49,1,2025-11-30 22:00:00,2025-12-01 04:00:00,W,Dundas St West at Howard Park Ave,0,0,0,0
2025-11-30,15,10:00,144,6,13.5,4,2,32.49,1,2025-11-30 22:00:00,2025-12-01 04:00:00,W,Main St at Gerrard St East,0,0,0,0
2025-11-30,15,10:00,144,6,13.5,4,2,32.49,1,2025-11-30 22:00:00,2025-12-01 04:00:00,W,Main St,0,0,0,0
2025-11-30,15,10:00,144,6,13.5,4,2,32.49,1,2025-11-30 22:00:00,2025-12-01 04:00:00,W,Main St at Danforth Ave,0,0,0,0
2025-11-30,15,10:00,144,6,13.5,4,2,32.49,1,2025-11-30 22:00:00,2025-12-01 04:00:00,W,Howard Park Ave at Parkside Dr,0,0,0,0
2025-12-07,15,10:00,144,6,13.5,4,2,32.49,1,2025-12-07 22:00:00,2025-12-08 04:00:00,E,Woodfield Rd,4,3,0,0
2025-12-07,15,10:00,144,6,13.5,4,2,32.49,1,2025-12-07 22:00:00,2025-12-08 04:00:00,E,Coxwell Ave at Gerrard St East,0,0,0,0
2025-12-07,15,10:00,144,6,13.5,4,2,32.49,1,2025-12-07 22:00:00,2025-12-08 04:00:00,E,Euclid Ave,1,0,0,0
2025-12-07,15,10:00,144,6,13.5,4,2,32.49,1,2025-12-07 22:00:00,2025-12-08 04:00:00,E,Bowmore Rd,4,3,0,0
2025-12-07,15,10:00,144,6,13.5,4,2,32.49,1,2025-12-07 22:00:00,2025-12-08 04:00:00,E,Bay St,4,2,0,0
2025-12-07,15,10:00,144,6,13.5,4,2,32.49,1,2025-12-07 22:00:00,2025-12-08 04:00:00,E,Lansdowne Ave,7,3,0,0
2025-12-07,15,10:00,144,6,13.5,4,2,32.49,1,2025-12-07 22:00:00,2025-12-08 04:00:00,E,Indian Rd,0,1,2,0
2025-12-07,15,10:00,144,6,13.5,4,2,32.49,1,2025-12-07 22:00:00,2025-12-08 04:00:00,E,Grace St,0,0,1,0
2025-12-07,15,10:00,144,6,13.5,4,2,32.49,1,2025-12-07 22:00:00,2025-12-08 04:00:00,E,Dufferin St,5,2,0,0
2025-12-07,15,10:00,144,6,13.5,4,2,32.49,1,2025-12-07 22:00:00,2025-12-08 04:00:00,E,Gerrard St East at Beaton Ave,4,3,0,0
2025-12-07,15,10:00,144,6,13.5,4,2,32.49,1,2025-12-07 22:00:00,2025-12-08 04:00:00,E,Bathurst St,3,2,0,0
2025-12-07,15,10:00,144,6,13.5,4,2,32.49,1,2025-12-07 22:00:00,2025-12-08 04:00:00,E,Yonge St - College Station,3,2,0,0
2025-12-07,15,10:00,144,6,13.5,4,2,32.49,1,2025-12-07 22:00:00,2025-12-08 04:00:00,E,Dundas St West at Sterling Rd,1,0,0,0
2025-12-07,15,10:00,144,6,13.5,4,2,32.49,1,2025-12-07 22:00:00,2025-12-08 04:00:00,E,Brock Ave,5,3,0,0
2025-12-07,15,10:00,144,6,13.5,4,2,32.49,1,2025-12-07 22:00:00,2025-12-08 04:00:00,E,Sackville St,0,0,0,0
2025-12-07,15,10:00,144,6,13.5,4,2,32.49,1,2025-12-07 22:00:00,2025-12-08 04:00:00,E,Carlaw Ave,0,0,0,0
2025-12-07,15,10:00,144,6,13.5,4,2,32.49,1,2025-12-07 22:00:00,2025-12-08 04:00:00,E,Borden St,3,2,0,0
2025-12-07,15,10:00,144,6,13.5,4,2,32.49,1,2025-12-07 22:00:00,2025-12-08 04:00:00,E,Dundas St West at Sorauren Ave,1,0,0,0
2025-12-07,15,10:00,144,6,13.5,4,2,32.49,1,2025-12-07 22:00:00,2025-12-08 04:00:00,E,Crawford St,0,0,0,0
2025-12-07,15,10:00,144,6,13.5,4,2,32.49,1,2025-12-07 22:00:00,2025-12-08 04:00:00,E,Pape Ave,3,2,0,0
2025-12-07,15,10:00,144,6,13.5,4,2,32.49,1,2025-12-07 22:00:00,2025-12-08 04:00:00,E,Spadina Ave,3,2,0,0
2025-12-07,15,10:00,144,6,13.5,4,2,32.49,1,2025-12-07 22:00:00,2025-12-08 04:00:00,E,River St,0,0,0,0
2025-12-07,15,10:00,144,6,13.5,4,2,32.49,1,2025-12-07 22:00:00,2025-12-08 04:00:00,E,Marjory Ave,3,3,0,0
2025-12-07,15,10:00,144,6,13.5,4,2,32.49,1,2025-12-07 22:00:00,2025-12-08 04:00:00,E,Kingsmount Park Rd,6,3,0,0
2025-12-07,15,10:00,144,6,13.5,4,2,32.49,1,2025-12-07 22:00:00,2025-12-08 04:00:00,E,Church St,3,2,0,0
2025-12-07,15,10:00,144,6,13.5,4,2,32.49,1,2025-12-07 22:00:00,2025-12-08 04:00:00,E,Ossington Ave,5,2,0,0
2025-12-07,15,10:00,144,6,13.5,4,2,32.49,1,2025-12-07 22:00:00,2025-12-08 04:00:00,E,Woodbine Ave,6,3,0,0
2025-12-07,15,10:00,144,6,13.5,4,2,32.49,1,2025-12-07 22:00:00,2025-12-08 04:00:00,E,Jones Ave,3,3,0,0
2025-12-07,15,10:00,144,6,13.5,4,2,32.49,1,2025-12-07 22:00:00,2025-12-08 04:00:00,E,Golfview Ave,6,3,0,0
2025-12-07,15,10:00,144,6,13.5,4,2,32.49,1,2025-12-07 22:00:00,2025-12-08 04:00:00,E,Leslie St,3,3,0,0
2025-12-07,15,10:00,144,6,13.5,4,2,32.49,1,2025-12-07 22:00:00,2025-12-08 04:00:00,E,St Matthews Rd,0,0,0,0
2025-12-07,15,10:00,144,6,13.5,4,2,32.49,1,2025-12-07 22:00:00,2025-12-08 04:00:00,E,Jarvis St,1,0,0,0
2025-12-07,15,10:00,144,6,13.5,4,2,32.49,1,2025-12-07 22:00:00,2025-12-08 04:00:00,E,Sherbourne St,1,0,0,0
2025-12-07,15,10:00,144,6,13.5,4,2,32.49,1,2025-12-07 22:00:00,2025-12-08 04:00:00,E,St George St,4,2,0,0
2025-12-07,15,10:00,144,6,13.5,4,2,32.49,1,2025-12-07 22:00:00,2025-12-08 04:00:00,E,Dovercourt Rd,4,2,0,0
2025-12-07,15,10:00,144,6,13.5,4,2,32.49,1,2025-12-07 22:00:00,2025-12-08 04:00:00,E,Glenmount Park Rd,6,3,0,0
2025-12-07,15,10:00,144,6,13.5,4,2,32.49,1,2025-12-07 22:00:00,2025-12-08 04:00:00,E,Prust Ave,3,3,0,0
2025-12-07,15,10:00,144,6,13.5,4,2,32.49,1,2025-12-07 22:00:00,2025-12-08 04:00:00,E,Main Street Station at Bay 7,0,0,0,0
2025-12-07,15,10:00,144,6,13.5,4,2,32.49,1,2025-12-07 22:00:00,2025-12-08 04:00:00,E,Norwood Rd,6,3,0,0
2025-12-07,15,10:00,144,6,13.5,4,2,32.49,1,2025-12-07 22:00:00,2025-12-08 04:00:00,E,McCaul St,4,2,0,0
2025-12-07,15,10:00,144,6,13.5,4,2,32.49,1,2025-12-07 22:00:00,2025-12-08 04:00:00,E,Broadview Ave,3,0,0,0
2025-12-07,15,10:00,144,6,13.5,4,2,32.49,1,2025-12-07 22:00:00,2025-12-08 04:00:00,E,Ontario St,2,0,0,0
2025-12-07,15,10:00,144,6,13.5,4,2,32.49,1,2025-12-07 22:00:00,2025-12-08 04:00:00,E,Rusholme Park Cres,1,0,0,0
2025-12-07,15,10:00,144,6,13.5,4,2,32.49,1,2025-12-07 22:00:00,2025-12-08 04:00:00,E,Havelock St,3,3,0,0
2025-12-07,15,10:00,144,6,13.5,4,2,32.49,1,2025-12-07 22:00:00,2025-12-08 04:00:00,E,High Park Loop,0,1,5,0
2025-12-07,15,10:00,144,6,13.5,4,2,32.49,1,2025-12-07 22:00:00,2025-12-08 04:00:00,E,Queens Park (Queen's Park Station),4,2,0,0
2025-12-07,15,10:00,144,6,13.5,4,2,32.49,1,2025-12-07 22:00:00,2025-12-08 04:00:00,E,Roncesvalles Ave,0,0,0,0
2025-12-07,15,10:00,144,6,13.5,4,2,32.49,1,2025-12-07 22:00:00,2025-12-08 04:00:00,E,De Grassi St,2,2,0,0
2025-12-07,15,10:00,144,6,13.5,4,2,32.49,1,2025-12-07 22:00:00,2025-12-08 04:00:00,E,Parliament St at Carlton St,2,0,0,0
2025-12-07,15,10:00,144,6,13.5,4,2,32.49,1,2025-12-07 22:00:00,2025-12-08 04:00:00,E,Parkside Dr East Side,0,1,3,0
2025-12-07,15,10:00,144,6,13.5,4,2,32.49,1,2025-12-07 22:00:00,2025-12-08 04:00:00,E,Dundas St West,1,0,0,0
2025-12-07,15,10:00,144,6,13.5,4,2,32.49,1,2025-12-07 22:00:00,2025-12-08 04:00:00,E,Howard Park Ave at Roncesvalles Ave,0,0,0,0
2025-12-07,15,10:00,144,6,13.5,4,2,32.49,1,2025-12-07 22:00:00,2025-12-08 04:00:00,E,Parliament St,0,0,0,0
2025-12-07,15,10:00,144,6,13.5,4,2,32.49,1,2025-12-07 22:00:00,2025-12-08 04:00:00,E,Parliament St at Gerrard St East,0,0,0,0
2025-12-07,15,10:00,144,6,13.5,4,2,32.49,1,2025-12-07 22:00:00,2025-12-08 04:00:00,E,Sumach St,0,0,0,0
2025-12-07,15,10:00,144,6,13.5,4,2,32.49,1,2025-12-07 22:00:00,2025-12-08 04:00:00,E,Blackburn St,0,0,0,0
2025-12-07,15,10:00,144,6,13.5,4,2,32.49,1,2025-12-07 22:00:00,2025-12-08 04:00:00,E,Logan Ave,2,3,0,0
2025-12-07,15,10:00,144,6,13.5,4,2,32.49,1,2025-12-07 22:00:00,2025-12-08 04:00:00,E,Augusta Ave,0,0,0,0
2025-12-07,15,10:00,144,6,13.5,4,2,32.49,1,2025-12-07 22:00:00,2025-12-08 04:00:00,E,Beverley St,0,0,0,0
2025-12-07,15,10:00,144,6,13.5,4,2,32.49,1,2025-12-07 22:00:00,2025-12-08 04:00:00,E,University Ave (Queen's Park Station,0,0,0,0
2025-12-07,15,10:00,144,6,13.5,4,2,32.49,1,2025-12-07 22:00:00,2025-12-08 04:00:00,E,Elizabeth St,0,0,0,0
2025-12-07,15,10:00,144,6,13.5,4,2,32.49,1,2025-12-07 22:00:00,2025-12-08 04:00:00,E,Greenwood Ave,0,0,0,0
2025-12-07,15,10:00,144,6,13.5,4,2,32.49,1,2025-12-07 22:00:00,2025-12-08 04:00:00,E,Alton Ave,0,0,0,0
2025-12-07,15,10:00,144,6,13.5,4,2,32.49,1,2025-12-07 22:00:00,2025-12-08 04:00:00,E,Coxwell Ave,0,0,0,0
2025-12-07,15,10:00,144,6,13.5,4,2,32.49,1,2025-12-07 22:00:00,2025-12-08 04:00:00,E,Gerrard St East  at Coxwell Ave,0,0,0,0
2025-12-07,15,10:00,144,6,13.5,4,2,32.49,1,2025-12-07 22:00:00,2025-12-08 04:00:00,E,Coxwell Ave at Lower Gerrard St East,0,0,0,0
2025-12-07,15,10:00,144,6,13.5,4,2,32.49,1,2025-12-07 22:00:00,2025-12-08 04:00:00,E,Ashdale Ave,0,0,0,0
2025-12-07,15,10:00,144,6,13.5,4,2,32.49,1,2025-12-07 22:00:00,2025-12-08 04:00:00,E,Howard Park Ave at Indian Rd,0,0,0,0
2025-12-07,15,10:00,144,6,13.5,4,2,32.49,1,2025-12-07 22:00:00,2025-12-08 04:00:00,E,Dundas St West at Howard Park Ave,0,0,0,0
2025-12-07,15,10:00,144,6,13.5,4,2,32.49,1,2025-12-07 22:00:00,2025-12-08 04:00:00,E,Main St at Gerrard St East,0,0,0,0
2025-12-07,15,10:00,144,6,13.5,4,2,32.49,1,2025-12-07 22:00:00,2025-12-08 04:00:00,E,Main St,0,0,0,0
2025-12-07,15,10:00,144,6,13.5,4,2,32.49,1,2025-12-07 22:00:00,2025-12-08 04:00:00,E,Main St at Danforth Ave,0,0,0,0
2025-12-07,15,10:00,144,6,13.5,4,2,32.49,1,2025-12-07 22:00:00,2025-12-08 04:00:00,E,Howard Park Ave at Parkside Dr,0,0,0,0
2025-12-07,15,10:00,144,6,13.5,4,2,32.49,1,2025-12-07 22:00:00,2025-12-08 04:00:00,W,Woodfield Rd,0,1,0,0
2025-12-07,15,10:00,144,6,13.5,4,2,32.49,1,2025-12-07 22:00:00,2025-12-08 04:00:00,W,Coxwell Ave at Gerrard St East,0,2,0,0
2025-12-07,15,10:00,144,6,13.5,4,2,32.49,1,2025-12-07 22:00:00,2025-12-08 04:00:00,W,Euclid Ave,0,0,0,0
2025-12-07,15,10:00,144,6,13.5,4,2,32.49,1,2025-12-07 22:00:00,2025-12-08 04:00:00,W,Bowmore Rd,0,1,0,0
2025-12-07,15,10:00,144,6,13.5,4,2,32.49,1,2025-12-07 22:00:00,2025-12-08 04:00:00,W,Bay St,0,1,1,0
2025-12-07,15,10:00,144,6,13.5,4,2,32.49,1,2025-12-07 22:00:00,2025-12-08 04:00:00,W,Lansdowne Ave,0,0,0,0
2025-12-07,15,10:00,144,6,13.5,4,2,32.49,1,2025-12-07 22:00:00,2025-12-08 04:00:00,W,Indian Rd,6,4,1,0
2025-12-07,15,10:00,144,6,13.5,4,2,32.49,1,2025-12-07 22:00:00,2025-12-08 04:00:00,W,Grace St,0,0,0,0
2025-12-07,15,10:00,144,6,13.5,4,2,32.49,1,2025-12-07 22:00:00,2025-12-08 04:00:00,W,Dufferin St,1,3,1,0
2025-12-07,15,10:00,144,6,13.5,4,2,32.49,1,2025-12-07 22:00:00,2025-12-08 04:00:00,W,Gerrard St East at Beaton Ave,0,1,0,0
2025-12-07,15,10:00,144,6,13.5,4,2,32.49,1,2025-12-07 22:00:00,2025-12-08 04:00:00,W,Bathurst St,0,0,0,0
2025-12-07,15,10:00,144,6,13.5,4,2,32.49,1,2025-12-07 22:00:00,2025-12-08 04:00:00,W,Yonge St - College Station,0,0,0,0
2025-12-07,15,10:00,144,6,13.5,4,2,32.49,1,2025-12-07 22:00:00,2025-12-08 04:00:00,W,Dundas St West at Sterling Rd,0,0,0,0
2025-12-07,15,10:00,144,6,13.5,4,2,32.49,1,2025-12-07 22:00:00,2025-12-08 04:00:00,W,Brock Ave,0,0,0,0
2025-12-07,15,10:00,144,6,13.5,4,2,32.49,1,2025-12-07 22:00:00,2025-12-08 04:00:00,W,Sackville St,0,0,0,0
2025-12-07,15,10:00,144,6,13.5,4,2,32.49,1,2025-12-07 22:00:00,2025-12-08 04:00:00,W,Carlaw Ave,0,0,0,0
2025-12-07,15,10:00,144,6,13.5,4,2,32.49,1,2025-12-07 22:00:00,2025-12-08 04:00:00,W,Borden St,0,0,0,0
2025-12-07,15,10:00,144,6,13.5,4,2,32.49,1,2025-12-07 22:00:00,2025-12-08 04:00:00,W,Dundas St West at Sorauren Ave,3,4,0,0
2025-12-07,15,10:00,144,6,13.5,4,2,32.49,1,2025-12-07 22:00:00,2025-12-08 04:00:00,W,Crawford St,0,0,0,0
2025-12-07,15,10:00,144,6,13.5,4,2,32.49,1,2025-12-07 22:00:00,2025-12-08 04:00:00,W,Pape Ave,0,0,0,0
2025-12-07,15,10:00,144,6,13.5,4,2,32.49,1,2025-12-07 22:00:00,2025-12-08 04:00:00,W,Spadina Ave,0,1,1,0
2025-12-07,15,10:00,144,6,13.5,4,2,32.49,1,2025-12-07 22:00:00,2025-12-08 04:00:00,W,River St,0,0,0,0
2025-12-07,15,10:00,144,6,13.5,4,2,32.49,1,2025-12-07 22:00:00,2025-12-08 04:00:00,W,Marjory Ave,0,0,0,0
2025-12-07,15,10:00,144,6,13.5,4,2,32.49,1,2025-12-07 22:00:00,2025-12-08 04:00:00,W,Kingsmount Park Rd,0,0,0,0
2025-12-07,15,10:00,144,6,13.5,4,2,32.49,1,2025-12-07 22:00:00,2025-12-08 04:00:00,W,Church St,0,0,0,0
2025-12-07,15,10:00,144,6,13.5,4,2,32.49,1,2025-12-07 22:00:00,2025-12-08 04:00:00,W,Ossington Ave,0,0,0,0
2025-12-07,15,10:00,144,6,13.5,4,2,32.49,1,2025-12-07 22:00:00,2025-12-08 04:00:00,W,Woodbine Ave,0,0,0,0
2025-12-07,15,10:00,144,6,13.5,4,2,32.49,1,2025-12-07 22:00:00,2025-12-08 04:00:00,W,Jones Ave,0,0,0,0
2025-12-07,15,10:00,144,6,13.5,4,2,32.49,1,2025-12-07 22:00:00,2025-12-08 04:00:00,W,Golfview Ave,0,0,0,0
2025-12-07,15,10:00,144,6,13.5,4,2,32.49,1,2025-12-07 22:00:00,2025-12-08 04:00:00,W,Leslie St,0,0,0,0
2025-12-07,15,10:00,144,6,13.5,4,2,32.49,1,2025-12-07 22:00:00,2025-12-08 04:00:00,W,St Matthews Rd,0,0,0,0
2025-12-07,15,10:00,144,6,13.5,4,2,32.49,1,2025-12-07 22:00:00,2025-12-08 04:00:00,W,Jarvis St,0,0,0,0
2025-12-07,15,10:00,144,6,13.5,4,2,32.49,1,2025-12-07 22:00:00,2025-12-08 04:00:00,W,Sherbourne St,0,0,0,0
2025-12-07,15,10:00,144,6,13.5,4,2,32.49,1,2025-12-07 22:00:00,2025-12-08 04:00:00,W,St George St,0,0,0,0
2025-12-07,15,10:00,144,6,13.5,4,2,32.49,1,2025-12-07 22:00:00,2025-12-08 04:00:00,W,Dovercourt Rd,0,0,0,0
2025-12-07,15,10:00,144,6,13.5,4,2,32.49,1,2025-12-07 22:00:00,2025-12-08 04:00:00,W,Glenmount Park Rd,0,0,0,0
2025-12-07,15,10:00,144,6,13.5,4,2,32.49,1,2025-12-07 22:00:00,2025-12-08 04:00:00,W,Prust Ave,0,0,0,0
2025-12-07,15,10:00,144,6,13.5,4,2,32.49,1,2025-12-07 22:00:00,2025-12-08 04:00:00,W,Main Street Station at Bay 7,0,1,0,0
2025-12-07,15,10:00,144,6,13.5,4,2,32.49,1,2025-12-07 22:00:00,2025-12-08 04:00:00,W,Norwood Rd,0,0,0,0
2025-12-07,15,10:00,144,6,13.5,4,2,32.49,1,2025-12-07 22:00:00,2025-12-08 04:00:00,W,McCaul St,0,0,0,0
2025-12-07,15,10:00,144,6,13.5,4,2,32.49,1,2025-12-07 22:00:00,2025-12-08 04:00:00,W,Broadview Ave,0,0,0,0
2025-12-07,15,10:00,144,6,13.5,4,2,32.49,1,2025-12-07 22:00:00,2025-12-08 04:00:00,W,Ontario St,0,0,0,0
2025-12-07,15,10:00,144,6,13.5,4,2,32.49,1,2025-12-07 22:00:00,2025-12-08 04:00:00,W,Rusholme Park Cres,0,0,0,0
2025-12-07,15,10:00,144,6,13.5,4,2,32.49,1,2025-12-07 22:00:00,2025-12-08 04:00:00,W,Havelock St,0,0,0,0
2025-12-07,15,10:00,144,6,13.5,4,2,32.49,1,2025-12-07 22:00:00,2025-12-08 04:00:00,W,High Park Loop,0,0,0,0
2025-12-07,15,10:00,144,6,13.5,4,2,32.49,1,2025-12-07 22:00:00,2025-12-08 04:00:00,W,Queens Park (Queen's Park Station),0,0,0,0
2025-12-07,15,10:00,144,6,13.5,4,2,32.49,1,2025-12-07 22:00:00,2025-12-08 04:00:00,W,Roncesvalles Ave,4,4,1,0
2025-12-07,15,10:00,144,6,13.5,4,2,32.49,1,2025-12-07 22:00:00,2025-12-08 04:00:00,W,De Grassi St,0,0,0,0
2025-12-07,15,10:00,144,6,13.5,4,2,32.49,1,2025-12-07 22:00:00,2025-12-08 04:00:00,W,Parliament St at Carlton St,0,0,0,0
2025-12-07,15,10:00,144,6,13.5,4,2,32.49,1,2025-12-07 22:00:00,2025-12-08 04:00:00,W,Parkside Dr East Side,0,0,0,0
2025-12-07,15,10:00,144,6,13.5,4,2,32.49,1,2025-12-07 22:00:00,2025-12-08 04:00:00,W,Dundas St West,3,4,0,0
2025-12-07,15,10:00,144,6,13.5,4,2,32.49,1,2025-12-07 22:00:00,2025-12-08 04:00:00,W,Howard Park Ave at Roncesvalles Ave,0,0,0,0
2025-12-07,15,10:00,144,6,13.5,4,2,32.49,1,2025-12-07 22:00:00,2025-12-08 04:00:00,W,Parliament St,0,0,0,0
2025-12-07,15,10:00,144,6,13.5,4,2,32.49,1,2025-12-07 22:00:00,2025-12-08 04:00:00,W,Parliament St at Gerrard St East,0,0,0,0
2025-12-07,15,10:00,144,6,13.5,4,2,32.49,1,2025-12-07 22:00:00,2025-12-08 04:00:00,W,Sumach St,0,0,0,0
2025-12-07,15,10:00,144,6,13.5,4,2,32.49,1,2025-12-07 22:00:00,2025-12-08 04:00:00,W,Blackburn St,0,0,0,0
2025-12-07,15,10:00,144,6,13.5,4,2,32.49,1,2025-12-07 22:00:00,2025-12-08 04:00:00,W,Logan Ave,0,0,0,0
2025-12-07,15,10:00,144,6,13.5,4,2,32.49,1,2025-12-07 22:00:00,2025-12-08 04:00:00,W,Augusta Ave,0,0,0,0
2025-12-07,15,10:00,144,6,13.5,4,2,32.49,1,2025-12-07 22:00:00,2025-12-08 04:00:00,W,Beverley St,0,0,0,0
2025-12-07,15,10:00,144,6,13.5,4,2,32.49,1,2025-12-07 22:00:00,2025-12-08 04:00:00,W,University Ave (Queen's Park Station,0,0,0,0
2025-12-07,15,10:00,144,6,13.5,4,2,32.49,1,2025-12-07 22:00:00,2025-12-08 04:00:00,W,Elizabeth St,0,0,0,0
2025-12-07,15,10:00,144,6,13.5,4,2,32.49,1,2025-12-07 22:00:00,2025-12-08 04:00:00,W,Greenwood Ave,0,0,0,0
2025-12-07,15,10:00,144,6,13.5,4,2,32.49,1,2025-12-07 22:00:00,2025-12-08 04:00:00,W,Alton Ave,0,0,0,0
2025-12-07,15,10:00,144,6,13.5,4,2,32.49,1,2025-12-07 22:00:00,2025-12-08 04:00:00,W,Coxwell Ave,0,0,0,0
2025-12-07,15,10:00,144,6,13.5,4,2,32.49,1,2025-12-07 22:00:00,2025-12-08 04:00:00,W,Gerrard St East  at Coxwell Ave,0,0,0,0
2025-12-07,15,10:00,144,6,13.5,4,2,32.49,1,2025-12-07 22:00:00,2025-12-08 04:00:00,W,Coxwell Ave at Lower Gerrard St East,0,0,0,0
2025-12-07,15,10:00,144,6,13.5,4,2,32.49,1,2025-12-07 22:00:00,2025-12-08 04:00:00,W,Ashdale Ave,0,0,0,0
2025-12-07,15,10:00,144,6,13.5,4,2,32.49,1,2025-12-07 22:00:00,2025-12-08 04:00:00,W,Howard Park Ave at Indian Rd,0,0,0,0
2025-12-07,15,10:00,144,6,13.5,4,2,32.49,1,2025-12-07 22:00:00,2025-12-08 04:00:00,W,Dundas St West at Howard Park Ave,0,0,0,0
2025-12-07,15,10:00,144,6,13.5,4,2,32.49,1,2025-12-07 22:00:00,2025-12-08 04:00:00,W,Main St at Gerrard St East,0,0,0,0
2025-12-07,15,10:00,144,6,13.5,4,2,32.49,1,2025-12-07 22:00:00,2025-12-08 04:00:00,W,Main St,0,0,0,0
2025-12-07,15,10:00,144,6,13.5,4,2,32.49,1,2025-12-07 22:00:00,2025-12-08 04:00:00,W,Main St at Danforth Ave,0,0,0,0
2025-12-07,15,10:00,144,6,13.5,4,2,32.49,1,2025-12-07 22:00:00,2025-12-08 04:00:00,W,Howard Park Ave at Parkside Dr,0,0,0,0
2025-12-14,15,10:00,144,6,13.5,4,2,32.49,1,2025-12-14 22:00:00,2025-12-15 04:00:00,E,Woodfield Rd,6,2,0,0
2025-12-14,15,10:00,144,6,13.5,4,2,32.49,1,2025-12-14 22:00:00,2025-12-15 04:00:00,E,Coxwell Ave at Gerrard St East,0,0,0,0
2025-12-14,15,10:00,144,6,13.5,4,2,32.49,1,2025-12-14 22:00:00,2025-12-15 04:00:00,E,Euclid Ave,0,1,2,0
2025-12-14,15,10:00,144,6,13.5,4,2,32.49,1,2025-12-14 22:00:00,2025-12-15 04:00:00,E,Bowmore Rd,6,3,0,0
2025-12-14,15,10:00,144,6,13.5,4,2,32.49,1,2025-12-14 22:00:00,2025-12-15 04:00:00,E,Bay St,9,1,0,0
2025-12-14,15,10:00,144,6,13.5,4,2,32.49,1,2025-12-14 22:00:00,2025-12-15 04:00:00,E,Lansdowne Ave,5,5,1,0
2025-12-14,15,10:00,144,6,13.5,4,2,32.49,1,2025-12-14 22:00:00,2025-12-15 04:00:00,E,Indian Rd,0,1,2,0
2025-12-14,15,10:00,144,6,13.5,4,2,32.49,1,2025-12-14 22:00:00,2025-12-15 04:00:00,E,Grace St,0,0,0,0
2025-12-14,15,10:00,144,6,13.5,4,2,32.49,1,2025-12-14 22:00:00,2025-12-15 04:00:00,E,Dufferin St,8,3,0,0
2025-12-14,15,10:00,144,6,13.5,4,2,32.49,1,2025-12-14 22:00:00,2025-12-15 04:00:00,E,Gerrard St East at Beaton Ave,5,3,0,0
2025-12-14,15,10:00,144,6,13.5,4,2,32.49,1,2025-12-14 22:00:00,2025-12-15 04:00:00,E,Bathurst St,7,1,0,0
2025-12-14,15,10:00,144,6,13.5,4,2,32.49,1,2025-12-14 22:00:00,2025-12-15 04:00:00,E,Yonge St - College Station,6,1,0,0
2025-12-14,15,10:00,144,6,13.5,4,2,32.49,1,2025-12-14 22:00:00,2025-12-15 04:00:00,E,Dundas St West at Sterling Rd,0,1,1,0
2025-12-14,15,10:00,144,6,13.5,4,2,32.49,1,2025-12-14 22:00:00,2025-12-15 04:00:00,E,Brock Ave,5,4,2,0
2025-12-14,15,10:00,144,6,13.5,4,2,32.49,1,2025-12-14 22:00:00,2025-12-15 04:00:00,E,Sackville St,0,0,0,0
2025-12-14,15,10:00,144,6,13.5,4,2,32.49,1,2025-12-14 22:00:00,2025-12-15 04:00:00,E,Carlaw Ave,0,0,0,0
2025-12-14,15,10:00,144,6,13.5,4,2,32.49,1,2025-12-14 22:00:00,2025-12-15 04:00:00,E,Borden St,6,1,0,0
2025-12-14,15,10:00,144,6,13.5,4,2,32.49,1,2025-12-14 22:00:00,2025-12-15 04:00:00,E,Dundas St West at Sorauren Ave,0,2,3,0
2025-12-14,15,10:00,144,6,13.5,4,2,32.49,1,2025-12-14 22:00:00,2025-12-15 04:00:00,E,Crawford St,0,1,2,0
2025-12-14,15,10:00,144,6,13.5,4,2,32.49,1,2025-12-14 22:00:00,2025-12-15 04:00:00,E,Pape Ave,6,1,0,0
2025-12-14,15,10:00,144,6,13.5,4,2,32.49,1,2025-12-14 22:00:00,2025-12-15 04:00:00,E,Spadina Ave,7,1,0,0
2025-12-14,15,10:00,144,6,13.5,4,2,32.49,1,2025-12-14 22:00:00,2025-12-15 04:00:00,E,River St,0,0,0,0
2025-12-14,15,10:00,144,6,13.5,4,2,32.49,1,2025-12-14 22:00:00,2025-12-15 04:00:00,E,Marjory Ave,6,1,0,0
2025-12-14,15,10:00,144,6,13.5,4,2,32.49,1,2025-12-14 22:00:00,2025-12-15 04:00:00,E,Kingsmount Park Rd,6,3,0,0
2025-12-14,15,10:00,144,6,13.5,4,2,32.49,1,2025-12-14 22:00:00,2025-12-15 04:00:00,E,Church St,5,1,0,0
2025-12-14,15,10:00,144,6,13.5,4,2,32.49,1,2025-12-14 22:00:00,2025-12-15 04:00:00,E,Ossington Ave,7,1,2,0
2025-12-14,15,10:00,144,6,13.5,4,2,32.49,1,2025-12-14 22:00:00,2025-12-15 04:00:00,E,Woodbine Ave,5,3,0,0
2025-12-14,15,10:00,144,6,13.5,4,2,32.49,1,2025-12-14 22:00:00,2025-12-15 04:00:00,E,Jones Ave,5,1,0,0
2025-12-14,15,10:00,144,6,13.5,4,2,32.49,1,2025-12-14 22:00:00,2025-12-15 04:00:00,E,Golfview Ave,5,3,0,0
2025-12-14,15,10:00,144,6,13.5,4,2,32.49,1,2025-12-14 22:00:00,2025-12-15 04:00:00,E,Leslie St,6,1,0,0
2025-12-14,15,10:00,144,6,13.5,4,2,32.49,1,2025-12-14 22:00:00,2025-12-15 04:00:00,E,St Matthews Rd,0,0,0,0
2025-12-14,15,10:00,144,6,13.5,4,2,32.49,1,2025-12-14 22:00:00,2025-12-15 04:00:00,E,Jarvis St,0,1,2,0
2025-12-14,15,10:00,144,6,13.5,4,2,32.49,1,2025-12-14 22:00:00,2025-12-15 04:00:00,E,Sherbourne St,0,1,2,0
2025-12-14,15,10:00,144,6,13.5,4,2,32.49,1,2025-12-14 22:00:00,2025-12-15 04:00:00,E,St George St,8,0,0,0
2025-12-14,15,10:00,144,6,13.5,4,2,32.49,1,2025-12-14 22:00:00,2025-12-15 04:00:00,E,Dovercourt Rd,9,2,2,0
2025-12-14,15,10:00,144,6,13.5,4,2,32.49,1,2025-12-14 22:00:00,2025-12-15 04:00:00,E,Glenmount Park Rd,5,3,0,0
2025-12-14,15,10:00,144,6,13.5,4,2,32.49,1,2025-12-14 22:00:00,2025-12-15 04:00:00,E,Prust Ave,6,1,0,0
2025-12-14,15,10:00,144,6,13.5,4,2,32.49,1,2025-12-14 22:00:00,2025-12-15 04:00:00,E,Main Street Station at Bay 7,0,0,0,0
2025-12-14,15,10:00,144,6,13.5,4,2,32.49,1,2025-12-14 22:00:00,2025-12-15 04:00:00,E,Norwood Rd,6,3,0,0
2025-12-14,15,10:00,144,6,13.5,4,2,32.49,1,2025-12-14 22:00:00,2025-12-15 04:00:00,E,McCaul St,8,1,0,0
2025-12-14,15,10:00,144,6,13.5,4,2,32.49,1,2025-12-14 22:00:00,2025-12-15 04:00:00,E,Broadview Ave,4,0,0,0
2025-12-14,15,10:00,144,6,13.5,4,2,32.49,1,2025-12-14 22:00:00,2025-12-15 04:00:00,E,Ontario St,0,1,2,0
2025-12-14,15,10:00,144,6,13.5,4,2,32.49,1,2025-12-14 22:00:00,2025-12-15 04:00:00,E,Rusholme Park Cres,0,1,2,0
2025-12-14,15,10:00,144,6,13.5,4,2,32.49,1,2025-12-14 22:00:00,2025-12-15 04:00:00,E,Havelock St,6,1,0,0
2025-12-14,15,10:00,144,6,13.5,4,2,32.49,1,2025-12-14 22:00:00,2025-12-15 04:00:00,E,High Park Loop,0,2,4,0
2025-12-14,15,10:00,144,6,13.5,4,2,32.49,1,2025-12-14 22:00:00,2025-12-15 04:00:00,E,Queens Park (Queen's Park Station),9,1,0,0
2025-12-14,15,10:00,144,6,13.5,4,2,32.49,1,2025-12-14 22:00:00,2025-12-15 04:00:00,E,Roncesvalles Ave,0,0,0,0
2025-12-14,15,10:00,144,6,13.5,4,2,32.49,1,2025-12-14 22:00:00,2025-12-15 04:00:00,E,De Grassi St,6,0,0,0
2025-12-14,15,10:00,144,6,13.5,4,2,32.49,1,2025-12-14 22:00:00,2025-12-15 04:00:00,E,Parliament St at Carlton St,0,1,1,0
2025-12-14,15,10:00,144,6,13.5,4,2,32.49,1,2025-12-14 22:00:00,2025-12-15 04:00:00,E,Parkside Dr East Side,0,1,2,0
2025-12-14,15,10:00,144,6,13.5,4,2,32.49,1,2025-12-14 22:00:00,2025-12-15 04:00:00,E,Dundas St West,0,1,1,0
2025-12-14,15,10:00,144,6,13.5,4,2,32.49,1,2025-12-14 22:00:00,2025-12-15 04:00:00,E,Howard Park Ave at Roncesvalles Ave,0,0,0,0
2025-12-14,15,10:00,144,6,13.5,4,2,32.49,1,2025-12-14 22:00:00,2025-12-15 04:00:00,E,Parliament St,0,0,0,0
2025-12-14,15,10:00,144,6,13.5,4,2,32.49,1,2025-12-14 22:00:00,2025-12-15 04:00:00,E,Parliament St at Gerrard St East,0,0,0,0
2025-12-14,15,10:00,144,6,13.5,4,2,32.49,1,2025-12-14 22:00:00,2025-12-15 04:00:00,E,Sumach St,0,0,0,0
2025-12-14,15,10:00,144,6,13.5,4,2,32.49,1,2025-12-14 22:00:00,2025-12-15 04:00:00,E,Blackburn St,0,0,0,0
2025-12-14,15,10:00,144,6,13.5,4,2,32.49,1,2025-12-14 22:00:00,2025-12-15 04:00:00,E,Logan Ave,7,0,0,0
2025-12-14,15,10:00,144,6,13.5,4,2,32.49,1,2025-12-14 22:00:00,2025-12-15 04:00:00,E,Augusta Ave,0,0,0,0
2025-12-14,15,10:00,144,6,13.5,4,2,32.49,1,2025-12-14 22:00:00,2025-12-15 04:00:00,E,Beverley St,0,0,0,0
2025-12-14,15,10:00,144,6,13.5,4,2,32.49,1,2025-12-14 22:00:00,2025-12-15 04:00:00,E,University Ave (Queen's Park Station,0,0,0,0
2025-12-14,15,10:00,144,6,13.5,4,2,32.49,1,2025-12-14 22:00:00,2025-12-15 04:00:00,E,Elizabeth St,0,0,0,0
2025-12-14,15,10:00,144,6,13.5,4,2,32.49,1,2025-12-14 22:00:00,2025-12-15 04:00:00,E,Greenwood Ave,0,0,0,0
2025-12-14,15,10:00,144,6,13.5,4,2,32.49,1,2025-12-14 22:00:00,2025-12-15 04:00:00,E,Alton Ave,0,0,0,0
2025-12-14,15,10:00,144,6,13.5,4,2,32.49,1,2025-12-14 22:00:00,2025-12-15 04:00:00,E,Coxwell Ave,0,0,0,0
2025-12-14,15,10:00,144,6,13.5,4,2,32.49,1,2025-12-14 22:00:00,2025-12-15 04:00:00,E,Gerrard St East  at Coxwell Ave,0,0,0,0
2025-12-14,15,10:00,144,6,13.5,4,2,32.49,1,2025-12-14 22:00:00,2025-12-15 04:00:00,E,Coxwell Ave at Lower Gerrard St East,0,0,0,0
2025-12-14,15,10:00,144,6,13.5,4,2,32.49,1,2025-12-14 22:00:00,2025-12-15 04:00:00,E,Ashdale Ave,0,0,0,0
2025-12-14,15,10:00,144,6,13.5,4,2,32.49,1,2025-12-14 22:00:00,2025-12-15 04:00:00,E,Howard Park Ave at Indian Rd,0,0,0,0
2025-12-14,15,10:00,144,6,13.5,4,2,32.49,1,2025-12-14 22:00:00,2025-12-15 04:00:00,E,Dundas St West at Howard Park Ave,0,0,0,0
2025-12-14,15,10:00,144,6,13.5,4,2,32.49,1,2025-12-14 22:00:00,2025-12-15 04:00:00,E,Main St at Gerrard St East,0,0,0,0
2025-12-14,15,10:00,144,6,13.5,4,2,32.49,1,2025-12-14 22:00:00,2025-12-15 04:00:00,E,Main St,0,0,0,0
2025-12-14,15,10:00,144,6,13.5,4,2,32.49,1,2025-12-14 22:00:00,2025-12-15 04:00:00,E,Main St at Danforth Ave,0,0,0,0
2025-12-14,15,10:00,144,6,13.5,4,2,32.49,1,2025-12-14 22:00:00,2025-12-15 04:00:00,E,Howard Park Ave at Parkside Dr,0,0,0,0
2025-12-14,15,10:00,144,6,13.5,4,2,32.49,1,2025-12-14 22:00:00,2025-12-15 04:00:00,W,Woodfield Rd,0,1,0,0
2025-12-14,15,10:00,144,6,13.5,4,2,32.49,1,2025-12-14 22:00:00,2025-12-15 04:00:00,W,Coxwell Ave at Gerrard St East,0,1,0,0
2025-12-14,15,10:00,144,6,13.5,4,2,32.49,1,2025-12-14 22:00:00,2025-12-15 04:00:00,W,Euclid Ave,0,0,0,0
2025-12-14,15,10:00,144,6,13.5,4,2,32.49,1,2025-12-14 22:00:00,2025-12-15 04:00:00,W,Bowmore Rd,0,0,0,0
2025-12-14,15,10:00,144,6,13.5,4,2,32.49,1,2025-12-14 22:00:00,2025-12-15 04:00:00,W,Bay St,0,0,0,0
2025-12-14,15,10:00,144,6,13.5,4,2,32.49,1,2025-12-14 22:00:00,2025-12-15 04:00:00,W,Lansdowne Ave,0,0,0,0
2025-12-14,15,10:00,144,6,13.5,4,2,32.49,1,2025-12-14 22:00:00,2025-12-15 04:00:00,W,Indian Rd,5,2,1,0
2025-12-14,15,10:00,144,6,13.5,4,2,32.49,1,2025-12-14 22:00:00,2025-12-15 04:00:00,W,Grace St,0,0,0,0
2025-12-14,15,10:00,144,6,13.5,4,2,32.49,1,2025-12-14 22:00:00,2025-12-15 04:00:00,W,Dufferin St,4,1,1,0
2025-12-14,15,10:00,144,6,13.5,4,2,32.49,1,2025-12-14 22:00:00,2025-12-15 04:00:00,W,Gerrard St East at Beaton Ave,0,0,0,0
2025-12-14,15,10:00,144,6,13.5,4,2,32.49,1,2025-12-14 22:00:00,2025-12-15 04:00:00,W,Bathurst St,0,0,0,0
2025-12-14,15,10:00,144,6,13.5,4,2,32.49,1,2025-12-14 22:00:00,2025-12-15 04:00:00,W,Yonge St - College Station,0,0,0,0
2025-12-14,15,10:00,144,6,13.5,4,2,32.49,1,2025-12-14 22:00:00,2025-12-15 04:00:00,W,Dundas St West at Sterling Rd,0,0,0,0
2025-12-14,15,10:00,144,6,13.5,4,2,32.49,1,2025-12-14 22:00:00,2025-12-15 04:00:00,W,Brock Ave,0,0,0,0
2025-12-14,15,10:00,144,6,13.5,4,2,32.49,1,2025-12-14 22:00:00,2025-12-15 04:00:00,W,Sackville St,0,0,0,0
2025-12-14,15,10:00,144,6,13.5,4,2,32.49,1,2025-12-14 22:00:00,2025-12-15 04:00:00,W,Carlaw Ave,0,0,0,0
2025-12-14,15,10:00,144,6,13.5,4,2,32.49,1,2025-12-14 22:00:00,2025-12-15 04:00:00,W,Borden St,0,0,0,0
2025-12-14,15,10:00,144,6,13.5,4,2,32.49,1,2025-12-14 22:00:00,2025-12-15 04:00:00,W,Dundas St West at Sorauren Ave,3,1,1,0
2025-12-14,15,10:00,144,6,13.5,4,2,32.49,1,2025-12-14 22:00:00,2025-12-15 04:00:00,W,Crawford St,0,0,0,0
2025-12-14,15,10:00,144,6,13.5,4,2,32.49,1,2025-12-14 22:00:00,2025-12-15 04:00:00,W,Pape Ave,0,0,0,0
2025-12-14,15,10:00,144,6,13.5,4,2,32.49,1,2025-12-14 22:00:00,2025-12-15 04:00:00,W,Spadina Ave,1,0,0,0
2025-12-14,15,10:00,144,6,13.5,4,2,32.49,1,2025-12-14 22:00:00,2025-12-15 04:00:00,W,River St,0,0,0,0
2025-12-14,15,10:00,144,6,13.5,4,2,32.49,1,2025-12-14 22:00:00,2025-12-15 04:00:00,W,Marjory Ave,0,0,0,0
2025-12-14,15,10:00,144,6,13.5,4,2,32.49,1,2025-12-14 22:00:00,2025-12-15 04:00:00,W,Kingsmount Park Rd,0,0,0,0
2025-12-14,15,10:00,144,6,13.5,4,2,32.49,1,2025-12-14 22:00:00,2025-12-15 04:00:00,W,Church St,0,0,0,0
2025-12-14,15,10:00,144,6,13.5,4,2,32.49,1,2025-12-14 22:00:00,2025-12-15 04:00:00,W,Ossington Ave,0,0,0,0
2025-12-14,15,10:00,144,6,13.5,4,2,32.49,1,2025-12-14 22:00:00,2025-12-15 04:00:00,W,Woodbine Ave,0,0,0,0
2025-12-14,15,10:00,144,6,13.5,4,2,32.49,1,2025-12-14 22:00:00,2025-12-15 04:00:00,W,Jones Ave,0,0,0,0
2025-12-14,15,10:00,144,6,13.5,4,2,32.49,1,2025-12-14 22:00:00,2025-12-15 04:00:00,W,Golfview Ave,0,0,0,0
2025-12-14,15,10:00,144,6,13.5,4,2,32.49,1,2025-12-14 22:00:00,2025-12-15 04:00:00,W,Leslie St,0,0,0,0
2025-12-14,15,10:00,144,6,13.5,4,2,32.49,1,2025-12-14 22:00:00,2025-12-15 04:00:00,W,St Matthews Rd,0,0,0,0
2025-12-14,15,10:00,144,6,13.5,4,2,32.49,1,2025-12-14 22:00:00,2025-12-15 04:00:00,W,Jarvis St,0,0,0,0
2025-12-14,15,10:00,144,6,13.5,4,2,32.49,1,2025-12-14 22:00:00,2025-12-15 04:00:00,W,Sherbourne St,0,0,0,0
2025-12-14,15,10:00,144,6,13.5,4,2,32.49,1,2025-12-14 22:00:00,2025-12-15 04:00:00,W,St George St,0,0,0,0
2025-12-14,15,10:00,144,6,13.5,4,2,32.49,1,2025-12-14 22:00:00,2025-12-15 04:00:00,W,Dovercourt Rd,0,0,0,0
2025-12-14,15,10:00,144,6,13.5,4,2,32.49,1,2025-12-14 22:00:00,2025-12-15 04:00:00,W,Glenmount Park Rd,0,0,0,0
2025-12-14,15,10:00,144,6,13.5,4,2,32.49,1,2025-12-14 22:00:00,2025-12-15 04:00:00,W,Prust Ave,0,0,0,0
2025-12-14,15,10:00,144,6,13.5,4,2,32.49,1,2025-12-14 22:00:00,2025-12-15 04:00:00,W,Main Street Station at Bay 7,0,0,0,0
2025-12-14,15,10:00,144,6,13.5,4,2,32.49,1,2025-12-14 22:00:00,2025-12-15 04:00:00,W,Norwood Rd,0,0,0,0
2025-12-14,15,10:00,144,6,13.5,4,2,32.49,1,2025-12-14 22:00:00,2025-12-15 04:00:00,W,McCaul St,0,0,0,0
2025-12-14,15,10:00,144,6,13.5,4,2,32.49,1,2025-12-14 22:00:00,2025-12-15 04:00:00,W,Broadview Ave,0,0,0,0
2025-12-14,15,10:00,144,6,13.5,4,2,32.49,1,2025-12-14 22:00:00,2025-12-15 04:00:00,W,Ontario St,0,0,0,0
2025-12-14,15,10:00,144,6,13.5,4,2,32.49,1,2025-12-14 22:00:00,2025-12-15 04:00:00,W,Rusholme Park Cres,0,0,0,0
2025-12-14,15,10:00,144,6,13.5,4,2,32.49,1,2025-12-14 22:00:00,2025-12-15 04:00:00,W,Havelock St,0,0,0,0
2025-12-14,15,10:00,144,6,13.5,4,2,32.49,1,2025-12-14 22:00:00,2025-12-15 04:00:00,W,High Park Loop,0,0,0,0
2025-12-14,15,10:00,144,6,13.5,4,2,32.49,1,2025-12-14 22:00:00,2025-12-15 04:00:00,W,Queens Park (Queen's Park Station),0,0,0,0
2025-12-14,15,10:00,144,6,13.5,4,2,32.49,1,2025-12-14 22:00:00,2025-12-15 04:00:00,W,Roncesvalles Ave,4,1,1,0
2025-12-14,15,10:00,144,6,13.5,4,2,32.49,1,2025-12-14 22:00:00,2025-12-15 04:00:00,W,De Grassi St,0,0,0,0
2025-12-14,15,10:00,144,6,13.5,4,2,32.49,1,2025-12-14 22:00:00,2025-12-15 04:00:00,W,Parliament St at Carlton St,0,0,0,0
2025-12-14,15,10:00,144,6,13.5,4,2,32.49,1,2025-12-14 22:00:00,2025-12-15 04:00:00,W,Parkside Dr East Side,0,0,0,0
2025-12-14,15,10:00,144,6,13.5,4,2,32.49,1,2025-12-14 22:00:00,2025-12-15 04:00:00,W,Dundas St West,3,1,1,0
2025-12-14,15,10:00,144,6,13.5,4,2,32.49,1,2025-12-14 22:00:00,2025-12-15 04:00:00,W,Howard Park Ave at Roncesvalles Ave,0,0,0,0
2025-12-14,15,10:00,144,6,13.5,4,2,32.49,1,2025-12-14 22:00:00,2025-12-15 04:00:00,W,Parliament St,0,0,0,0
2025-12-14,15,10:00,144,6,13.5,4,2,32.49,1,2025-12-14 22:00:00,2025-12-15 04:00:00,W,Parliament St at Gerrard St East,0,0,0,0
2025-12-14,15,10:00,144,6,13.5,4,2,32.49,1,2025-12-14 22:00:00,2025-12-15 04:00:00,W,Sumach St,0,0,0,0
2025-12-14,15,10:00,144,6,13.5,4,2,32.49,1,2025-12-14 22:00:00,2025-12-15 04:00:00,W,Blackburn St,0,0,0,0
2025-12-14,15,10:00,144,6,13.5,4,2,32.49,1,2025-12-14 22:00:00,2025-12-15 04:00:00,W,Logan Ave,0,0,0,0
2025-12-14,15,10:00,144,6,13.5,4,2,32.49,1,2025-12-14 22:00:00,2025-12-15 04:00:00,W,Augusta Ave,0,0,0,0
2025-12-14,15,10:00,144,6,13.5,4,2,32.49,1,2025-12-14 22:00:00,2025-12-15 04:00:00,W,Beverley St,0,0,0,0
2025-12-14,15,10:00,144,6,13.5,4,2,32.49,1,2025-12-14 22:00:00,2025-12-15 04:00:00,W,University Ave (Queen's Park Station,0,0,0,0
2025-12-14,15,10:00,144,6,13.5,4,2,32.49,1,2025-12-14 22:00:00,2025-12-15 04:00:00,W,Elizabeth St,0,0,0,0
2025-12-14,15,10:00,144,6,13.5,4,2,32.49,1,2025-12-14 22:00:00,2025-12-15 04:00:00,W,Greenwood Ave,0,0,0,0
2025-12-14,15,10:00,144,6,13.5,4,2,32.49,1,2025-12-14 22:00:00,2025-12-15 04:00:00,W,Alton Ave,0,0,0,0
2025-12-14,15,10:00,144,6,13.5,4,2,32.49,1,2025-12-14 22:00:00,2025-12-15 04:00:00,W,Coxwell Ave,0,0,0,0
2025-12-14,15,10:00,144,6,13.5,4,2,32.49,1,2025-12-14 22:00:00,2025-12-15 04:00:00,W,Gerrard St East  at Coxwell Ave,0,0,0,0
2025-12-14,15,10:00,144,6,13.5,4,2,32.49,1,2025-12-14 22:00:00,2025-12-15 04:00:00,W,Coxwell Ave at Lower Gerrard St East,0,0,0,0
2025-12-14,15,10:00,144,6,13.5,4,2,32.49,1,2025-12-14 22:00:00,2025-12-15 04:00:00,W,Ashdale Ave,0,0,0,0
2025-12-14,15,10:00,144,6,13.5,4,2,32.49,1,2025-12-14 22:00:00,2025-12-15 04:00:00,W,Howard Park Ave at Indian Rd,0,0,0,0
2025-12-14,15,10:00,144,6,13.5,4,2,32.49,1,2025-12-14 22:00:00,2025-12-15 04:00:00,W,Dundas St West at Howard Park Ave,0,0,0,0
2025-12-14,15,10:00,144,6,13.5,4,2,32.49,1,2025-12-14 22:00:00,2025-12-15 04:00:00,W,Main St at Gerrard St East,0,0,0,0
2025-12-14,15,10:00,144,6,13.5,4,2,32.49,1,2025-12-14 22:00:00,2025-12-15 04:00:00,W,Main St,0,0,0,0
2025-12-14,15,10:00,144,6,13.5,4,2,32.49,1,2025-12-14 22:00:00,2025-12-15 04:00:00,W,Main St at Danforth Ave,0,0,0,0
2025-12-14,15,10:00,144,6,13.5,4,2,32.49,1,2025-12-14 22:00:00,2025-12-15 04:00:00,W,Howard Park Ave at Parkside Dr,0,0,0,0
2025-12-21,14,10:00,123,17,15.9,4,2,32.49,0,2025-12-21 22:00:00,2025-12-22 04:00:00,E,Woodfield Rd,0,0,0,0
2025-12-21,14,10:00,123,17,15.9,4,2,32.49,0,2025-12-21 22:00:00,2025-12-22 04:00:00,E,Coxwell Ave at Gerrard St East,0,0,0,0
2025-12-21,14,10:00,123,17,15.9,4,2,32.49,0,2025-12-21 22:00:00,2025-12-22 04:00:00,E,Euclid Ave,0,0,0,0
2025-12-21,14,10:00,123,17,15.9,4,2,32.49,0,2025-12-21 22:00:00,2025-12-22 04:00:00,E,Bowmore Rd,0,0,0,0
2025-12-21,14,10:00,123,17,15.9,4,2,32.49,0,2025-12-21 22:00:00,2025-12-22 04:00:00,E,Bay St,0,0,0,0
2025-12-21,14,10:00,123,17,15.9,4,2,32.49,0,2025-12-21 22:00:00,2025-12-22 04:00:00,E,Lansdowne Ave,0,0,0,0
2025-12-21,14,10:00,123,17,15.9,4,2,32.49,0,2025-12-21 22:00:00,2025-12-22 04:00:00,E,Indian Rd,0,0,0,0
2025-12-21,14,10:00,123,17,15.9,4,2,32.49,0,2025-12-21 22:00:00,2025-12-22 04:00:00,E,Grace St,0,0,0,0
2025-12-21,14,10:00,123,17,15.9,4,2,32.49,0,2025-12-21 22:00:00,2025-12-22 04:00:00,E,Dufferin St,0,0,0,0
2025-12-21,14,10:00,123,17,15.9,4,2,32.49,0,2025-12-21 22:00:00,2025-12-22 04:00:00,E,Gerrard St East at Beaton Ave,0,0,0,0
2025-12-21,14,10:00,123,17,15.9,4,2,32.49,0,2025-12-21 22:00:00,2025-12-22 04:00:00,E,Bathurst St,0,0,0,0
2025-12-21,14,10:00,123,17,15.9,4,2,32.49,0,2025-12-21 22:00:00,2025-12-22 04:00:00,E,Yonge St - College Station,0,0,0,0
2025-12-21,14,10:00,123,17,15.9,4,2,32.49,0,2025-12-21 22:00:00,2025-12-22 04:00:00,E,Dundas St West at Sterling Rd,0,0,0,0
2025-12-21,14,10:00,123,17,15.9,4,2,32.49,0,2025-12-21 22:00:00,2025-12-22 04:00:00,E,Brock Ave,0,0,0,0
2025-12-21,14,10:00,123,17,15.9,4,2,32.49,0,2025-12-21 22:00:00,2025-12-22 04:00:00,E,Sackville St,0,0,0,0
2025-12-21,14,10:00,123,17,15.9,4,2,32.49,0,2025-12-21 22:00:00,2025-12-22 04:00:00,E,Carlaw Ave,0,0,0,0
2025-12-21,14,10:00,123,17,15.9,4,2,32.49,0,2025-12-21 22:00:00,2025-12-22 04:00:00,E,Borden St,0,0,0,0
2025-12-21,14,10:00,123,17,15.9,4,2,32.49,0,2025-12-21 22:00:00,2025-12-22 04:00:00,E,Dundas St West at Sorauren Ave,0,0,0,0
2025-12-21,14,10:00,123,17,15.9,4,2,32.49,0,2025-12-21 22:00:00,2025-12-22 04:00:00,E,Crawford St,0,0,0,0
2025-12-21,14,10:00,123,17,15.9,4,2,32.49,0,2025-12-21 22:00:00,2025-12-22 04:00:00,E,Pape Ave,0,0,0,0
2025-12-21,14,10:00,123,17,15.9,4,2,32.49,0,2025-12-21 22:00:00,2025-12-22 04:00:00,E,Spadina Ave,0,0,0,0
2025-12-21,14,10:00,123,17,15.9,4,2,32.49,0,2025-12-21 22:00:00,2025-12-22 04:00:00,E,River St,0,0,0,0
2025-12-21,14,10:00,123,17,15.9,4,2,32.49,0,2025-12-21 22:00:00,2025-12-22 04:00:00,E,Marjory Ave,0,0,0,0
2025-12-21,14,10:00,123,17,15.9,4,2,32.49,0,2025-12-21 22:00:00,2025-12-22 04:00:00,E,Kingsmount Park Rd,0,0,0,0
2025-12-21,14,10:00,123,17,15.9,4,2,32.49,0,2025-12-21 22:00:00,2025-12-22 04:00:00,E,Church St,0,0,0,0
2025-12-21,14,10:00,123,17,15.9,4,2,32.49,0,2025-12-21 22:00:00,2025-12-22 04:00:00,E,Ossington Ave,0,0,0,0
2025-12-21,14,10:00,123,17,15.9,4,2,32.49,0,2025-12-21 22:00:00,2025-12-22 04:00:00,E,Woodbine Ave,0,0,0,0
2025-12-21,14,10:00,123,17,15.9,4,2,32.49,0,2025-12-21 22:00:00,2025-12-22 04:00:00,E,Jones Ave,0,0,0,0
2025-12-21,14,10:00,123,17,15.9,4,2,32.49,0,2025-12-21 22:00:00,2025-12-22 04:00:00,E,Golfview Ave,0,0,0,0
2025-12-21,14,10:00,123,17,15.9,4,2,32.49,0,2025-12-21 22:00:00,2025-12-22 04:00:00,E,Leslie St,0,0,0,0
2025-12-21,14,10:00,123,17,15.9,4,2,32.49,0,2025-12-21 22:00:00,2025-12-22 04:00:00,E,St Matthews Rd,0,0,0,0
2025-12-21,14,10:00,123,17,15.9,4,2,32.49,0,2025-12-21 22:00:00,2025-12-22 04:00:00,E,Jarvis St,0,0,0,0
2025-12-21,14,10:00,123,17,15.9,4,2,32.49,0,2025-12-21 22:00:00,2025-12-22 04:00:00,E,Sherbourne St,0,0,0,0
2025-12-21,14,10:00,123,17,15.9,4,2,32.49,0,2025-12-21 22:00:00,2025-12-22 04:00:00,E,St George St,0,0,0,0
2025-12-21,14,10:00,123,17,15.9,4,2,32.49,0,2025-12-21 22:00:00,2025-12-22 04:00:00,E,Dovercourt Rd,0,0,0,0
2025-12-21,14,10:00,123,17,15.9,4,2,32.49,0,2025-12-21 22:00:00,2025-12-22 04:00:00,E,Glenmount Park Rd,0,0,0,0
2025-12-21,14,10:00,123,17,15.9,4,2,32.49,0,2025-12-21 22:00:00,2025-12-22 04:00:00,E,Prust Ave,0,0,0,0
2025-12-21,14,10:00,123,17,15.9,4,2,32.49,0,2025-12-21 22:00:00,2025-12-22 04:00:00,E,Main Street Station at Bay 7,0,0,0,0
2025-12-21,14,10:00,123,17,15.9,4,2,32.49,0,2025-12-21 22:00:00,2025-12-22 04:00:00,E,Norwood Rd,0,0,0,0
2025-12-21,14,10:00,123,17,15.9,4,2,32.49,0,2025-12-21 22:00:00,2025-12-22 04:00:00,E,McCaul St,0,0,0,0
2025-12-21,14,10:00,123,17,15.9,4,2,32.49,0,2025-12-21 22:00:00,2025-12-22 04:00:00,E,Broadview Ave,0,0,0,0
2025-12-21,14,10:00,123,17,15.9,4,2,32.49,0,2025-12-21 22:00:00,2025-12-22 04:00:00,E,Ontario St,0,0,0,0
2025-12-21,14,10:00,123,17,15.9,4,2,32.49,0,2025-12-21 22:00:00,2025-12-22 04:00:00,E,Rusholme Park Cres,0,0,0,0
2025-12-21,14,10:00,123,17,15.9,4,2,32.49,0,2025-12-21 22:00:00,2025-12-22 04:00:00,E,Havelock St,0,0,0,0
2025-12-21,14,10:00,123,17,15.9,4,2,32.49,0,2025-12-21 22:00:00,2025-12-22 04:00:00,E,High Park Loop,0,0,0,0
2025-12-21,14,10:00,123,17,15.9,4,2,32.49,0,2025-12-21 22:00:00,2025-12-22 04:00:00,E,Queens Park (Queen's Park Station),0,0,0,0
2025-12-21,14,10:00,123,17,15.9,4,2,32.49,0,2025-12-21 22:00:00,2025-12-22 04:00:00,E,Roncesvalles Ave,0,0,0,0
2025-12-21,14,10:00,123,17,15.9,4,2,32.49,0,2025-12-21 22:00:00,2025-12-22 04:00:00,E,De Grassi St,0,0,0,0
2025-12-21,14,10:00,123,17,15.9,4,2,32.49,0,2025-12-21 22:00:00,2025-12-22 04:00:00,E,Parliament St at Carlton St,0,0,0,0
2025-12-21,14,10:00,123,17,15.9,4,2,32.49,0,2025-12-21 22:00:00,2025-12-22 04:00:00,E,Parkside Dr East Side,0,0,0,0
2025-12-21,14,10:00,123,17,15.9,4,2,32.49,0,2025-12-21 22:00:00,2025-12-22 04:00:00,E,Dundas St West,0,0,0,0
2025-12-21,14,10:00,123,17,15.9,4,2,32.49,0,2025-12-21 22:00:00,2025-12-22 04:00:00,E,Howard Park Ave at Roncesvalles Ave,0,0,0,0
2025-12-21,14,10:00,123,17,15.9,4,2,32.49,0,2025-12-21 22:00:00,2025-12-22 04:00:00,E,Parliament St,0,0,0,0
2025-12-21,14,10:00,123,17,15.9,4,2,32.49,0,2025-12-21 22:00:00,2025-12-22 04:00:00,E,Parliament St at Gerrard St East,0,0,0,0
2025-12-21,14,10:00,123,17,15.9,4,2,32.49,0,2025-12-21 22:00:00,2025-12-22 04:00:00,E,Sumach St,0,0,0,0
2025-12-21,14,10:00,123,17,15.9,4,2,32.49,0,2025-12-21 22:00:00,2025-12-22 04:00:00,E,Blackburn St,0,0,0,0
2025-12-21,14,10:00,123,17,15.9,4,2,32.49,0,2025-12-21 22:00:00,2025-12-22 04:00:00,E,Logan Ave,0,0,0,0
2025-12-21,14,10:00,123,17,15.9,4,2,32.49,0,2025-12-21 22:00:00,2025-12-22 04:00:00,E,Augusta Ave,0,0,0,0
2025-12-21,14,10:00,123,17,15.9,4,2,32.49,0,2025-12-21 22:00:00,2025-12-22 04:00:00,E,Beverley St,0,0,0,0
2025-12-21,14,10:00,123,17,15.9,4,2,32.49,0,2025-12-21 22:00:00,2025-12-22 04:00:00,E,University Ave (Queen's Park Station,0,0,0,0
2025-12-21,14,10:00,123,17,15.9,4,2,32.49,0,2025-12-21 22:00:00,2025-12-22 04:00:00,E,Elizabeth St,0,0,0,0
2025-12-21,14,10:00,123,17,15.9,4,2,32.49,0,2025-12-21 22:00:00,2025-12-22 04:00:00,E,Greenwood Ave,0,0,0,0
2025-12-21,14,10:00,123,17,15.9,4,2,32.49,0,2025-12-21 22:00:00,2025-12-22 04:00:00,E,Alton Ave,0,0,0,0
2025-12-21,14,10:00,123,17,15.9,4,2,32.49,0,2025-12-21 22:00:00,2025-12-22 04:00:00,E,Coxwell Ave,0,0,0,0
2025-12-21,14,10:00,123,17,15.9,4,2,32.49,0,2025-12-21 22:00:00,2025-12-22 04:00:00,E,Gerrard St East  at Coxwell Ave,0,0,0,0
2025-12-21,14,10:00,123,17,15.9,4,2,32.49,0,2025-12-21 22:00:00,2025-12-22 04:00:00,E,Coxwell Ave at Lower Gerrard St East,0,0,0,0
2025-12-21,14,10:00,123,17,15.9,4,2,32.49,0,2025-12-21 22:00:00,2025-12-22 04:00:00,E,Ashdale Ave,0,0,0,0
2025-12-21,14,10:00,123,17,15.9,4,2,32.49,0,2025-12-21 22:00:00,2025-12-22 04:00:00,E,Howard Park Ave at Indian Rd,0,0,0,0
2025-12-21,14,10:00,123,17,15.9,4,2,32.49,0,2025-12-21 22:00:00,2025-12-22 04:00:00,E,Dundas St West at Howard Park Ave,0,0,0,0
2025-12-21,14,10:00,123,17,15.9,4,2,32.49,0,2025-12-21 22:00:00,2025-12-22 04:00:00,E,Main St at Gerrard St East,0,0,0,0
2025-12-21,14,10:00,123,17,15.9,4,2,32.49,0,2025-12-21 22:00:00,2025-12-22 04:00:00,E,Main St,0,0,0,0
2025-12-21,14,10:00,123,17,15.9,4,2,32.49,0,2025-12-21 22:00:00,2025-12-22 04:00:00,E,Main St at Danforth Ave,0,0,0,0
2025-12-21,14,10:00,123,17,15.9,4,2,32.49,0,2025-12-21 22:00:00,2025-12-22 04:00:00,E,Howard Park Ave at Parkside Dr,0,0,0,0
2025-12-21,14,10:00,123,17,15.9,4,2,32.49,0,2025-12-21 22:00:00,2025-12-22 04:00:00,W,Woodfield Rd,0,0,0,0
2025-12-21,14,10:00,123,17,15.9,4,2,32.49,0,2025-12-21 22:00:00,2025-12-22 04:00:00,W,Coxwell Ave at Gerrard St East,0,0,0,0
2025-12-21,14,10:00,123,17,15.9,4,2,32.49,0,2025-12-21 22:00:00,2025-12-22 04:00:00,W,Euclid Ave,0,0,0,0
2025-12-21,14,10:00,123,17,15.9,4,2,32.49,0,2025-12-21 22:00:00,2025-12-22 04:00:00,W,Bowmore Rd,0,0,0,0
2025-12-21,14,10:00,123,17,15.9,4,2,32.49,0,2025-12-21 22:00:00,2025-12-22 04:00:00,W,Bay St,0,0,0,0
2025-12-21,14,10:00,123,17,15.9,4,2,32.49,0,2025-12-21 22:00:00,2025-12-22 04:00:00,W,Lansdowne Ave,0,0,0,0
2025-12-21,14,10:00,123,17,15.9,4,2,32.49,0,2025-12-21 22:00:00,2025-12-22 04:00:00,W,Indian Rd,0,0,0,0
2025-12-21,14,10:00,123,17,15.9,4,2,32.49,0,2025-12-21 22:00:00,2025-12-22 04:00:00,W,Grace St,0,0,0,0
2025-12-21,14,10:00,123,17,15.9,4,2,32.49,0,2025-12-21 22:00:00,2025-12-22 04:00:00,W,Dufferin St,0,0,0,0
2025-12-21,14,10:00,123,17,15.9,4,2,32.49,0,2025-12-21 22:00:00,2025-12-22 04:00:00,W,Gerrard St East at Beaton Ave,0,0,0,0
2025-12-21,14,10:00,123,17,15.9,4,2,32.49,0,2025-12-21 22:00:00,2025-12-22 04:00:00,W,Bathurst St,0,0,0,0
2025-12-21,14,10:00,123,17,15.9,4,2,32.49,0,2025-12-21 22:00:00,2025-12-22 04:00:00,W,Yonge St - College Station,0,0,0,0
2025-12-21,14,10:00,123,17,15.9,4,2,32.49,0,2025-12-21 22:00:00,2025-12-22 04:00:00,W,Dundas St West at Sterling Rd,0,0,0,0
2025-12-21,14,10:00,123,17,15.9,4,2,32.49,0,2025-12-21 22:00:00,2025-12-22 04:00:00,W,Brock Ave,0,0,0,0
2025-12-21,14,10:00,123,17,15.9,4,2,32.49,0,2025-12-21 22:00:00,2025-12-22 04:00:00,W,Sackville St,0,0,0,0
2025-12-21,14,10:00,123,17,15.9,4,2,32.49,0,2025-12-21 22:00:00,2025-12-22 04:00:00,W,Carlaw Ave,0,0,0,0
2025-12-21,14,10:00,123,17,15.9,4,2,32.49,0,2025-12-21 22:00:00,2025-12-22 04:00:00,W,Borden St,0,0,0,0
2025-12-21,14,10:00,123,17,15.9,4,2,32.49,0,2025-12-21 22:00:00,2025-12-22 04:00:00,W,Dundas St West at Sorauren Ave,0,0,0,0
2025-12-21,14,10:00,123,17,15.9,4,2,32.49,0,2025-12-21 22:00:00,2025-12-22 04:00:00,W,Crawford St,0,0,0,0
2025-12-21,14,10:00,123,17,15.9,4,2,32.49,0,2025-12-21 22:00:00,2025-12-22 04:00:00,W,Pape Ave,0,0,0,0
2025-12-21,14,10:00,123,17,15.9,4,2,32.49,0,2025-12-21 22:00:00,2025-12-22 04:00:00,W,Spadina Ave,0,0,0,0
2025-12-21,14,10:00,123,17,15.9,4,2,32.49,0,2025-12-21 22:00:00,2025-12-22 04:00:00,W,River St,0,0,0,0
2025-12-21,14,10:00,123,17,15.9,4,2,32.49,0,2025-12-21 22:00:00,2025-12-22 04:00:00,W,Marjory Ave,0,0,0,0
2025-12-21,14,10:00,123,17,15.9,4,2,32.49,0,2025-12-21 22:00:00,2025-12-22 04:00:00,W,Kingsmount Park Rd,0,0,0,0
2025-12-21,14,10:00,123,17,15.9,4,2,32.49,0,2025-12-21 22:00:00,2025-12-22 04:00:00,W,Church St,0,0,0,0
2025-12-21,14,10:00,123,17,15.9,4,2,32.49,0,2025-12-21 22:00:00,2025-12-22 04:00:00,W,Ossington Ave,0,0,0,0
2025-12-21,14,10:00,123,17,15.9,4,2,32.49,0,2025-12-21 22:00:00,2025-12-22 04:00:00,W,Woodbine Ave,0,0,0,0
2025-12-21,14,10:00,123,17,15.9,4,2,32.49,0,2025-12-21 22:00:00,2025-12-22 04:00:00,W,Jones Ave,0,0,0,0
2025-12-21,14,10:00,123,17,15.9,4,2,32.49,0,2025-12-21 22:00:00,2025-12-22 04:00:00,W,Golfview Ave,0,0,0,0
2025-12-21,14,10:00,123,17,15.9,4,2,32.49,0,2025-12-21 22:00:00,2025-12-22 04:00:00,W,Leslie St,0,0,0,0
2025-12-21,14,10:00,123,17,15.9,4,2,32.49,0,2025-12-21 22:00:00,2025-12-22 04:00:00,W,St Matthews Rd,0,0,0,0
2025-12-21,14,10:00,123,17,15.9,4,2,32.49,0,2025-12-21 22:00:00,2025-12-22 04:00:00,W,Jarvis St,0,0,0,0
2025-12-21,14,10:00,123,17,15.9,4,2,32.49,0,2025-12-21 22:00:00,2025-12-22 04:00:00,W,Sherbourne St,0,0,0,0
2025-12-21,14,10:00,123,17,15.9,4,2,32.49,0,2025-12-21 22:00:00,2025-12-22 04:00:00,W,St George St,0,0,0,0
2025-12-21,14,10:00,123,17,15.9,4,2,32.49,0,2025-12-21 22:00:00,2025-12-22 04:00:00,W,Dovercourt Rd,0,0,0,0
2025-12-21,14,10:00,123,17,15.9,4,2,32.49,0,2025-12-21 22:00:00,2025-12-22 04:00:00,W,Glenmount Park Rd,0,0,0,0
2025-12-21,14,10:00,123,17,15.9,4,2,32.49,0,2025-12-21 22:00:00,2025-12-22 04:00:00,W,Prust Ave,0,0,0,0
2025-12-21,14,10:00,123,17,15.9,4,2,32.49,0,2025-12-21 22:00:00,2025-12-22 04:00:00,W,Main Street Station at Bay 7,0,0,0,0
2025-12-21,14,10:00,123,17,15.9,4,2,32.49,0,2025-12-21 22:00:00,2025-12-22 04:00:00,W,Norwood Rd,0,0,0,0
2025-12-21,14,10:00,123,17,15.9,4,2,32.49,0,2025-12-21 22:00:00,2025-12-22 04:00:00,W,McCaul St,0,0,0,0
2025-12-21,14,10:00,123,17,15.9,4,2,32.49,0,2025-12-21 22:00:00,2025-12-22 04:00:00,W,Broadview Ave,0,0,0,0
2025-12-21,14,10:00,123,17,15.9,4,2,32.49,0,2025-12-21 22:00:00,2025-12-22 04:00:00,W,Ontario St,0,0,0,0
2025-12-21,14,10:00,123,17,15.9,4,2,32.49,0,2025-12-21 22:00:00,2025-12-22 04:00:00,W,Rusholme Park Cres,0,0,0,0
2025-12-21,14,10:00,123,17,15.9,4,2,32.49,0,2025-12-21 22:00:00,2025-12-22 04:00:00,W,Havelock St,0,0,0,0
2025-12-21,14,10:00,123,17,15.9,4,2,32.49,0,2025-12-21 22:00:00,2025-12-22 04:00:00,W,High Park Loop,0,0,0,0
2025-12-21,14,10:00,123,17,15.9,4,2,32.49,0,2025-12-21 22:00:00,2025-12-22 04:00:00,W,Queens Park (Queen's Park Station),0,0,0,0
2025-12-21,14,10:00,123,17,15.9,4,2,32.49,0,2025-12-21 22:00:00,2025-12-22 04:00:00,W,Roncesvalles Ave,0,0,0,0
2025-12-21,14,10:00,123,17,15.9,4,2,32.49,0,2025-12-21 22:00:00,2025-12-22 04:00:00,W,De Grassi St,0,0,0,0
2025-12-21,14,10:00,123,17,15.9,4,2,32.49,0,2025-12-21 22:00:00,2025-12-22 04:00:00,W,Parliament St at Carlton St,0,0,0,0
2025-12-21,14,10:00,123,17,15.9,4,2,32.49,0,2025-12-21 22:00:00,2025-12-22 04:00:00,W,Parkside Dr East Side,0,0,0,0
2025-12-21,14,10:00,123,17,15.9,4,2,32.49,0,2025-12-21 22:00:00,2025-12-22 04:00:00,W,Dundas St West,0,0,0,0
2025-12-21,14,10:00,123,17,15.9,4,2,32.49,0,2025-12-21 22:00:00,2025-12-22 04:00:00,W,Howard Park Ave at Roncesvalles Ave,0,0,0,0
2025-12-21,14,10:00,123,17,15.9,4,2,32.49,0,2025-12-21 22:00:00,2025-12-22 04:00:00,W,Parliament St,0,0,0,0
2025-12-21,14,10:00,123,17,15.9,4,2,32.49,0,2025-12-21 22:00:00,2025-12-22 04:00:00,W,Parliament St at Gerrard St East,0,0,0,0
2025-12-21,14,10:00,123,17,15.9,4,2,32.49,0,2025-12-21 22:00:00,2025-12-22 04:00:00,W,Sumach St,0,0,0,0
2025-12-21,14,10:00,123,17,15.9,4,2,32.49,0,2025-12-21 22:00:00,2025-12-22 04:00:00,W,Blackburn St,0,0,0,0
2025-12-21,14,10:00,123,17,15.9,4,2,32.49,0,2025-12-21 22:00:00,2025-12-22 04:00:00,W,Logan Ave,0,0,0,0
2025-12-21,14,10:00,123,17,15.9,4,2,32.49,0,2025-12-21 22:00:00,2025-12-22 04:00:00,W,Augusta Ave,0,0,0,0
2025-12-21,14,10:00,123,17,15.9,4,2,32.49,0,2025-12-21 22:00:00,2025-12-22 04:00:00,W,Beverley St,0,0,0,0
2025-12-21,14,10:00,123,17,15.9,4,2,32.49,0,2025-12-21 22:00:00,2025-12-22 04:00:00,W,University Ave (Queen's Park Station,0,0,0,0
2025-12-21,14,10:00,123,17,15.9,4,2,32.49,0,2025-12-21 22:00:00,2025-12-22 04:00:00,W,Elizabeth St,0,0,0,0
2025-12-21,14,10:00,123,17,15.9,4,2,32.49,0,2025-12-21 22:00:00,2025-12-22 04:00:00,W,Greenwood Ave,0,0,0,0
2025-12-21,14,10:00,123,17,15.9,4,2,32.49,0,2025-12-21 22:00:00,2025-12-22 04:00:00,W,Alton Ave,0,0,0,0
2025-12-21,14,10:00,123,17,15.9,4,2,32.49,0,2025-12-21 22:00:00,2025-12-22 04:00:00,W,Coxwell Ave,0,0,0,0
2025-12-21,14,10:00,123,17,15.9,4,2,32.49,0,2025-12-21 22:00:00,2025-12-22 04:00:00,W,Gerrard St East  at Coxwell Ave,0,0,0,0
2025-12-21,14,10:00,123,17,15.9,4,2,32.49,0,2025-12-21 22:00:00,2025-12-22 04:00:00,W,Coxwell Ave at Lower Gerrard St East,0,0,0,0
2025-12-21,14,10:00,123,17,15.9,4,2,32.49,0,2025-12-21 22:00:00,2025-12-22 04:00:00,W,Ashdale Ave,0,0,0,0
2025-12-21,14,10:00,123,17,15.9,4,2,32.49,0,2025-12-21 22:00:00,2025-12-22 04:00:00,W,Howard Park Ave at Indian Rd,0,0,0,0
2025-12-21,14,10:00,123,17,15.9,4,2,32.49,0,2025-12-21 22:00:00,2025-12-22 04:00:00,W,Dundas St West at Howard Park Ave,0,0,0,0
2025-12-21,14,10:00,123,17,15.9,4,2,32.49,0,2025-12-21 22:00:00,2025-12-22 04:00:00,W,Main St at Gerrard St East,0,0,0,0
2025-12-21,14,10:00,123,17,15.9,4,2,32.49,0,2025-12-21 22:00:00,2025-12-22 04:00:00,W,Main St,0,0,0,0
2025-12-21,14,10:00,123,17,15.9,4,2,32.49,0,2025-12-21 22:00:00,2025-12-22 04:00:00,W,Main St at Danforth Ave,0,0,0,0
2025-12-21,14,10:00,123,17,15.9,4,2,32.49,0,2025-12-21 22:00:00,2025-12-22 04:00:00,W,Howard Park Ave at Parkside Dr,0,0,0,0
2025-12-28,14,10:00,123,17,15.9,4,2,32.49,0,2025-12-28 22:00:00,2025-12-29 04:00:00,E,Woodfield Rd,0,0,0,0
2025-12-28,14,10:00,123,17,15.9,4,2,32.49,0,2025-12-28 22:00:00,2025-12-29 04:00:00,E,Coxwell Ave at Gerrard St East,0,0,0,0
2025-12-28,14,10:00,123,17,15.9,4,2,32.49,0,2025-12-28 22:00:00,2025-12-29 04:00:00,E,Euclid Ave,0,0,0,0
2025-12-28,14,10:00,123,17,15.9,4,2,32.49,0,2025-12-28 22:00:00,2025-12-29 04:00:00,E,Bowmore Rd,0,0,0,0
2025-12-28,14,10:00,123,17,15.9,4,2,32.49,0,2025-12-28 22:00:00,2025-12-29 04:00:00,E,Bay St,0,0,0,0
2025-12-28,14,10:00,123,17,15.9,4,2,32.49,0,2025-12-28 22:00:00,2025-12-29 04:00:00,E,Lansdowne Ave,0,0,0,0
2025-12-28,14,10:00,123,17,15.9,4,2,32.49,0,2025-12-28 22:00:00,2025-12-29 04:00:00,E,Indian Rd,0,0,0,0
2025-12-28,14,10:00,123,17,15.9,4,2,32.49,0,2025-12-28 22:00:00,2025-12-29 04:00:00,E,Grace St,0,0,0,0
2025-12-28,14,10:00,123,17,15.9,4,2,32.49,0,2025-12-28 22:00:00,2025-12-29 04:00:00,E,Dufferin St,0,0,0,0
2025-12-28,14,10:00,123,17,15.9,4,2,32.49,0,2025-12-28 22:00:00,2025-12-29 04:00:00,E,Gerrard St East at Beaton Ave,0,0,0,0
2025-12-28,14,10:00,123,17,15.9,4,2,32.49,0,2025-12-28 22:00:00,2025-12-29 04:00:00,E,Bathurst St,0,0,0,0
2025-12-28,14,10:00,123,17,15.9,4,2,32.49,0,2025-12-28 22:00:00,2025-12-29 04:00:00,E,Yonge St - College Station,0,0,0,0
2025-12-28,14,10:00,123,17,15.9,4,2,32.49,0,2025-12-28 22:00:00,2025-12-29 04:00:00,E,Dundas St West at Sterling Rd,0,0,0,0
2025-12-28,14,10:00,123,17,15.9,4,2,32.49,0,2025-12-28 22:00:00,2025-12-29 04:00:00,E,Brock Ave,0,0,0,0
2025-12-28,14,10:00,123,17,15.9,4,2,32.49,0,2025-12-28 22:00:00,2025-12-29 04:00:00,E,Sackville St,0,0,0,0
2025-12-28,14,10:00,123,17,15.9,4,2,32.49,0,2025-12-28 22:00:00,2025-12-29 04:00:00,E,Carlaw Ave,0,0,0,0
2025-12-28,14,10:00,123,17,15.9,4,2,32.49,0,2025-12-28 22:00:00,2025-12-29 04:00:00,E,Borden St,0,0,0,0
2025-12-28,14,10:00,123,17,15.9,4,2,32.49,0,2025-12-28 22:00:00,2025-12-29 04:00:00,E,Dundas St West at Sorauren Ave,0,0,0,0
2025-12-28,14,10:00,123,17,15.9,4,2,32.49,0,2025-12-28 22:00:00,2025-12-29 04:00:00,E,Crawford St,0,0,0,0
2025-12-28,14,10:00,123,17,15.9,4,2,32.49,0,2025-12-28 22:00:00,2025-12-29 04:00:00,E,Pape Ave,0,0,0,0
2025-12-28,14,10:00,123,17,15.9,4,2,32.49,0,2025-12-28 22:00:00,2025-12-29 04:00:00,E,Spadina Ave,0,0,0,0
2025-12-28,14,10:00,123,17,15.9,4,2,32.49,0,2025-12-28 22:00:00,2025-12-29 04:00:00,E,River St,0,0,0,0
2025-12-28,14,10:00,123,17,15.9,4,2,32.49,0,2025-12-28 22:00:00,2025-12-29 04:00:00,E,Marjory Ave,0,0,0,0
2025-12-28,14,10:00,123,17,15.9,4,2,32.49,0,2025-12-28 22:00:00,2025-12-29 04:00:00,E,Kingsmount Park Rd,0,0,0,0
2025-12-28,14,10:00,123,17,15.9,4,2,32.49,0,2025-12-28 22:00:00,2025-12-29 04:00:00,E,Church St,0,0,0,0
2025-12-28,14,10:00,123,17,15.9,4,2,32.49,0,2025-12-28 22:00:00,2025-12-29 04:00:00,E,Ossington Ave,0,0,0,0
2025-12-28,14,10:00,123,17,15.9,4,2,32.49,0,2025-12-28 22:00:00,2025-12-29 04:00:00,E,Woodbine Ave,0,0,0,0
2025-12-28,14,10:00,123,17,15.9,4,2,32.49,0,2025-12-28 22:00:00,2025-12-29 04:00:00,E,Jones Ave,0,0,0,0
2025-12-28,14,10:00,123,17,15.9,4,2,32.49,0,2025-12-28 22:00:00,2025-12-29 04:00:00,E,Golfview Ave,0,0,0,0
2025-12-28,14,10:00,123,17,15.9,4,2,32.49,0,2025-12-28 22:00:00,2025-12-29 04:00:00,E,Leslie St,0,0,0,0
2025-12-28,14,10:00,123,17,15.9,4,2,32.49,0,2025-12-28 22:00:00,2025-12-29 04:00:00,E,St Matthews Rd,0,0,0,0
2025-12-28,14,10:00,123,17,15.9,4,2,32.49,0,2025-12-28 22:00:00,2025-12-29 04:00:00,E,Jarvis St,0,0,0,0
2025-12-28,14,10:00,123,17,15.9,4,2,32.49,0,2025-12-28 22:00:00,2025-12-29 04:00:00,E,Sherbourne St,0,0,0,0
2025-12-28,14,10:00,123,17,15.9,4,2,32.49,0,2025-12-28 22:00:00,2025-12-29 04:00:00,E,St George St,0,0,0,0
2025-12-28,14,10:00,123,17,15.9,4,2,32.49,0,2025-12-28 22:00:00,2025-12-29 04:00:00,E,Dovercourt Rd,0,0,0,0
2025-12-28,14,10:00,123,17,15.9,4,2,32.49,0,2025-12-28 22:00:00,2025-12-29 04:00:00,E,Glenmount Park Rd,0,0,0,0
2025-12-28,14,10:00,123,17,15.9,4,2,32.49,0,2025-12-28 22:00:00,2025-12-29 04:00:00,E,Prust Ave,0,0,0,0
2025-12-28,14,10:00,123,17,15.9,4,2,32.49,0,2025-12-28 22:00:00,2025-12-29 04:00:00,E,Main Street Station at Bay 7,0,0,0,0
2025-12-28,14,10:00,123,17,15.9,4,2,32.49,0,2025-12-28 22:00:00,2025-12-29 04:00:00,E,Norwood Rd,0,0,0,0
2025-12-28,14,10:00,123,17,15.9,4,2,32.49,0,2025-12-28 22:00:00,2025-12-29 04:00:00,E,McCaul St,0,0,0,0
2025-12-28,14,10:00,123,17,15.9,4,2,32.49,0,2025-12-28 22:00:00,2025-12-29 04:00:00,E,Broadview Ave,0,0,0,0
2025-12-28,14,10:00,123,17,15.9,4,2,32.49,0,2025-12-28 22:00:00,2025-12-29 04:00:00,E,Ontario St,0,0,0,0
2025-12-28,14,10:00,123,17,15.9,4,2,32.49,0,2025-12-28 22:00:00,2025-12-29 04:00:00,E,Rusholme Park Cres,0,0,0,0
2025-12-28,14,10:00,123,17,15.9,4,2,32.49,0,2025-12-28 22:00:00,2025-12-29 04:00:00,E,Havelock St,0,0,0,0
2025-12-28,14,10:00,123,17,15.9,4,2,32.49,0,2025-12-28 22:00:00,2025-12-29 04:00:00,E,High Park Loop,0,0,0,0
2025-12-28,14,10:00,123,17,15.9,4,2,32.49,0,2025-12-28 22:00:00,2025-12-29 04:00:00,E,Queens Park (Queen's Park Station),0,0,0,0
2025-12-28,14,10:00,123,17,15.9,4,2,32.49,0,2025-12-28 22:00:00,2025-12-29 04:00:00,E,Roncesvalles Ave,0,0,0,0
2025-12-28,14,10:00,123,17,15.9,4,2,32.49,0,2025-12-28 22:00:00,2025-12-29 04:00:00,E,De Grassi St,0,0,0,0
2025-12-28,14,10:00,123,17,15.9,4,2,32.49,0,2025-12-28 22:00:00,2025-12-29 04:00:00,E,Parliament St at Carlton St,0,0,0,0
2025-12-28,14,10:00,123,17,15.9,4,2,32.49,0,2025-12-28 22:00:00,2025-12-29 04:00:00,E,Parkside Dr East Side,0,0,0,0
2025-12-28,14,10:00,123,17,15.9,4,2,32.49,0,2025-12-28 22:00:00,2025-12-29 04:00:00,E,Dundas St West,0,0,0,0
2025-12-28,14,10:00,123,17,15.9,4,2,32.49,0,2025-12-28 22:00:00,2025-12-29 04:00:00,E,Howard Park Ave at Roncesvalles Ave,0,0,0,0
2025-12-28,14,10:00,123,17,15.9,4,2,32.49,0,2025-12-28 22:00:00,2025-12-29 04:00:00,E,Parliament St,0,0,0,0
2025-12-28,14,10:00,123,17,15.9,4,2,32.49,0,2025-12-28 22:00:00,2025-12-29 04:00:00,E,Parliament St at Gerrard St East,0,0,0,0
2025-12-28,14,10:00,123,17,15.9,4,2,32.49,0,2025-12-28 22:00:00,2025-12-29 04:00:00,E,Sumach St,0,0,0,0
2025-12-28,14,10:00,123,17,15.9,4,2,32.49,0,2025-12-28 22:00:00,2025-12-29 04:00:00,E,Blackburn St,0,0,0,0
2025-12-28,14,10:00,123,17,15.9,4,2,32.49,0,2025-12-28 22:00:00,2025-12-29 04:00:00,E,Logan Ave,0,0,0,0
2025-12-28,14,10:00,123,17,15.9,4,2,32.49,0,2025-12-28 22:00:00,2025-12-29 04:00:00,E,Augusta Ave,0,0,0,0
2025-12-28,14,10:00,123,17,15.9,4,2,32.49,0,2025-12-28 22:00:00,2025-12-29 04:00:00,E,Beverley St,0,0,0,0
2025-12-28,14,10:00,123,17,15.9,4,2,32.49,0,2025-12-28 22:00:00,2025-12-29 04:00:00,E,University Ave (Queen's Park Station,0,0,0,0
2025-12-28,14,10:00,123,17,15.9,4,2,32.49,0,2025-12-28 22:00:00,2025-12-29 04:00:00,E,Elizabeth St,0,0,0,0
2025-12-28,14,10:00,123,17,15.9,4,2,32.49,0,2025-12-28 22:00:00,2025-12-29 04:00:00,E,Greenwood Ave,0,0,0,0
2025-12-28,14,10:00,123,17,15.9,4,2,32.49,0,2025-12-28 22:00:00,2025-12-29 04:00:00,E,Alton Ave,0,0,0,0
2025-12-28,14,10:00,123,17,15.9,4,2,32.49,0,2025-12-28 22:00:00,2025-12-29 04:00:00,E,Coxwell Ave,0,0,0,0
2025-12-28,14,10:00,123,17,15.9,4,2,32.49,0,2025-12-28 22:00:00,2025-12-29 04:00:00,E,Gerrard St East  at Coxwell Ave,0,0,0,0
2025-12-28,14,10:00,123,17,15.9,4,2,32.49,0,2025-12-28 22:00:00,2025-12-29 04:00:00,E,Coxwell Ave at Lower Gerrard St East,0,0,0,0
2025-12-28,14,10:00,123,17,15.9,4,2,32.49,0,2025-12-28 22:00:00,2025-12-29 04:00:00,E,Ashdale Ave,0,0,0,0
2025-12-28,14,10:00,123,17,15.9,4,2,32.49,0,2025-12-28 22:00:00,2025-12-29 04:00:00,E,Howard Park Ave at Indian Rd,0,0,0,0
2025-12-28,14,10:00,123,17,15.9,4,2,32.49,0,2025-12-28 22:00:00,2025-12-29 04:00:00,E,Dundas St West at Howard Park Ave,0,0,0,0
2025-12-28,14,10:00,123,17,15.9,4,2,32.49,0,2025-12-28 22:00:00,2025-12-29 04:00:00,E,Main St at Gerrard St East,0,0,0,0
2025-12-28,14,10:00,123,17,15.9,4,2,32.49,0,2025-12-28 22:00:00,2025-12-29 04:00:00,E,Main St,0,0,0,0
2025-12-28,14,10:00,123,17,15.9,4,2,32.49,0,2025-12-28 22:00:00,2025-12-29 04:00:00,E,Main St at Danforth Ave,0,0,0,0
2025-12-28,14,10:00,123,17,15.9,4,2,32.49,0,2025-12-28 22:00:00,2025-12-29 04:00:00,E,Howard Park Ave at Parkside Dr,0,0,0,0
2025-12-28,14,10:00,123,17,15.9,4,2,32.49,0,2025-12-28 22:00:00,2025-12-29 04:00:00,W,Woodfield Rd,0,0,0,0
2025-12-28,14,10:00,123,17,15.9,4,2,32.49,0,2025-12-28 22:00:00,2025-12-29 04:00:00,W,Coxwell Ave at Gerrard St East,0,0,0,0
2025-12-28,14,10:00,123,17,15.9,4,2,32.49,0,2025-12-28 22:00:00,2025-12-29 04:00:00,W,Euclid Ave,0,0,0,0
2025-12-28,14,10:00,123,17,15.9,4,2,32.49,0,2025-12-28 22:00:00,2025-12-29 04:00:00,W,Bowmore Rd,0,0,0,0
2025-12-28,14,10:00,123,17,15.9,4,2,32.49,0,2025-12-28 22:00:00,2025-12-29 04:00:00,W,Bay St,0,0,0,0
2025-12-28,14,10:00,123,17,15.9,4,2,32.49,0,2025-12-28 22:00:00,2025-12-29 04:00:00,W,Lansdowne Ave,0,0,0,0
2025-12-28,14,10:00,123,17,15.9,4,2,32.49,0,2025-12-28 22:00:00,2025-12-29 04:00:00,W,Indian Rd,0,0,0,0
2025-12-28,14,10:00,123,17,15.9,4,2,32.49,0,2025-12-28 22:00:00,2025-12-29 04:00:00,W,Grace St,0,0,0,0
2025-12-28,14,10:00,123,17,15.9,4,2,32.49,0,2025-12-28 22:00:00,2025-12-29 04:00:00,W,Dufferin St,0,0,0,0
2025-12-28,14,10:00,123,17,15.9,4,2,32.49,0,2025-12-28 22:00:00,2025-12-29 04:00:00,W,Gerrard St East at Beaton Ave,0,0,0,0
2025-12-28,14,10:00,123,17,15.9,4,2,32.49,0,2025-12-28 22:00:00,2025-12-29 04:00:00,W,Bathurst St,0,0,0,0
2025-12-28,14,10:00,123,17,15.9,4,2,32.49,0,2025-12-28 22:00:00,2025-12-29 04:00:00,W,Yonge St - College Station,0,0,0,0
2025-12-28,14,10:00,123,17,15.9,4,2,32.49,0,2025-12-28 22:00:00,2025-12-29 04:00:00,W,Dundas St West at Sterling Rd,0,0,0,0
2025-12-28,14,10:00,123,17,15.9,4,2,32.49,0,2025-12-28 22:00:00,2025-12-29 04:00:00,W,Brock Ave,0,0,0,0
2025-12-28,14,10:00,123,17,15.9,4,2,32.49,0,2025-12-28 22:00:00,2025-12-29 04:00:00,W,Sackville St,0,0,0,0
2025-12-28,14,10:00,123,17,15.9,4,2,32.49,0,2025-12-28 22:00:00,2025-12-29 04:00:00,W,Carlaw Ave,0,0,0,0
2025-12-28,14,10:00,123,17,15.9,4,2,32.49,0,2025-12-28 22:00:00,2025-12-29 04:00:00,W,Borden St,0,0,0,0
2025-12-28,14,10:00,123,17,15.9,4,2,32.49,0,2025-12-28 22:00:00,2025-12-29 04:00:00,W,Dundas St West at Sorauren Ave,0,0,0,0
2025-12-28,14,10:00,123,17,15.9,4,2,32.49,0,2025-12-28 22:00:00,2025-12-29 04:00:00,W,Crawford St,0,0,0,0
2025-12-28,14,10:00,123,17,15.9,4,2,32.49,0,2025-12-28 22:00:00,2025-12-29 04:00:00,W,Pape Ave,0,0,0,0
2025-12-28,14,10:00,123,17,15.9,4,2,32.49,0,2025-12-28 22:00:00,2025-12-29 04:00:00,W,Spadina Ave,0,0,0,0
2025-12-28,14,10:00,123,17,15.9,4,2,32.49,0,2025-12-28 22:00:00,2025-12-29 04:00:00,W,River St,0,0,0,0
2025-12-28,14,10:00,123,17,15.9,4,2,32.49,0,2025-12-28 22:00:00,2025-12-29 04:00:00,W,Marjory Ave,0,0,0,0
2025-12-28,14,10:00,123,17,15.9,4,2,32.49,0,2025-12-28 22:00:00,2025-12-29 04:00:00,W,Kingsmount Park Rd,0,0,0,0
2025-12-28,14,10:00,123,17,15.9,4,2,32.49,0,2025-12-28 22:00:00,2025-12-29 04:00:00,W,Church St,0,0,0,0
2025-12-28,14,10:00,123,17,15.9,4,2,32.49,0,2025-12-28 22:00:00,2025-12-29 04:00:00,W,Ossington Ave,0,0,0,0
2025-12-28,14,10:00,123,17,15.9,4,2,32.49,0,2025-12-28 22:00:00,2025-12-29 04:00:00,W,Woodbine Ave,0,0,0,0
2025-12-28,14,10:00,123,17,15.9,4,2,32.49,0,2025-12-28 22:00:00,2025-12-29 04:00:00,W,Jones Ave,0,0,0,0
2025-12-28,14,10:00,123,17,15.9,4,2,32.49,0,2025-12-28 22:00:00,2025-12-29 04:00:00,W,Golfview Ave,0,0,0,0
2025-12-28,14,10:00,123,17,15.9,4,2,32.49,0,2025-12-28 22:00:00,2025-12-29 04:00:00,W,Leslie St,0,0,0,0
2025-12-28,14,10:00,123,17,15.9,4,2,32.49,0,2025-12-28 22:00:00,2025-12-29 04:00:00,W,St Matthews Rd,0,0,0,0
2025-12-28,14,10:00,123,17,15.9,4,2,32.49,0,2025-12-28 22:00:00,2025-12-29 04:00:00,W,Jarvis St,0,0,0,0
2025-12-28,14,10:00,123,17,15.9,4,2,32.49,0,2025-12-28 22:00:00,2025-12-29 04:00:00,W,Sherbourne St,0,0,0,0
2025-12-28,14,10:00,123,17,15.9,4,2,32.49,0,2025-12-28 22:00:00,2025-12-29 04:00:00,W,St George St,0,0,0,0
2025-12-28,14,10:00,123,17,15.9,4,2,32.49,0,2025-12-28 22:00:00,2025-12-29 04:00:00,W,Dovercourt Rd,0,0,0,0
2025-12-28,14,10:00,123,17,15.9,4,2,32.49,0,2025-12-28 22:00:00,2025-12-29 04:00:00,W,Glenmount Park Rd,0,0,0,0
2025-12-28,14,10:00,123,17,15.9,4,2,32.49,0,2025-12-28 22:00:00,2025-12-29 04:00:00,W,Prust Ave,0,0,0,0
2025-12-28,14,10:00,123,17,15.9,4,2,32.49,0,2025-12-28 22:00:00,2025-12-29 04:00:00,W,Main Street Station at Bay 7,0,0,0,0
2025-12-28,14,10:00,123,17,15.9,4,2,32.49,0,2025-12-28 22:00:00,2025-12-29 04:00:00,W,Norwood Rd,0,0,0,0
2025-12-28,14,10:00,123,17,15.9,4,2,32.49,0,2025-12-28 22:00:00,2025-12-29 04:00:00,W,McCaul St,0,0,0,0
2025-12-28,14,10:00,123,17,15.9,4,2,32.49,0,2025-12-28 22:00:00,2025-12-29 04:00:00,W,Broadview Ave,0,0,0,0
2025-12-28,14,10:00,123,17,15.9,4,2,32.49,0,2025-12-28 22:00:00,2025-12-29 04:00:00,W,Ontario St,0,0,0,0
2025-12-28,14,10:00,123,17,15.9,4,2,32.49,0,2025-12-28 22:00:00,2025-12-29 04:00:00,W,Rusholme Park Cres,0,0,0,0
2025-12-28,14,10:00,123,17,15.9,4,2,32.49,0,2025-12-28 22:00:00,2025-12-29 04:00:00,W,Havelock St,0,0,0,0
2025-12-28,14,10:00,123,17,15.9,4,2,32.49,0,2025-12-28 22:00:00,2025-12-29 04:00:00,W,High Park Loop,0,0,0,0
2025-12-28,14,10:00,123,17,15.9,4,2,32.49,0,2025-12-28 22:00:00,2025-12-29 04:00:00,W,Queens Park (Queen's Park Station),0,0,0,0
2025-12-28,14,10:00,123,17,15.9,4,2,32.49,0,2025-12-28 22:00:00,2025-12-29 04:00:00,W,Roncesvalles Ave,0,0,0,0
2025-12-28,14,10:00,123,17,15.9,4,2,32.49,0,2025-12-28 22:00:00,2025-12-29 04:00:00,W,De Grassi St,0,0,0,0
2025-12-28,14,10:00,123,17,15.9,4,2,32.49,0,2025-12-28 22:00:00,2025-12-29 04:00:00,W,Parliament St at Carlton St,0,0,0,0
2025-12-28,14,10:00,123,17,15.9,4,2,32.49,0,2025-12-28 22:00:00,2025-12-29 04:00:00,W,Parkside Dr East Side,0,0,0,0
2025-12-28,14,10:00,123,17,15.9,4,2,32.49,0,2025-12-28 22:00:00,2025-12-29 04:00:00,W,Dundas St West,0,0,0,0
2025-12-28,14,10:00,123,17,15.9,4,2,32.49,0,2025-12-28 22:00:00,2025-12-29 04:00:00,W,Howard Park Ave at Roncesvalles Ave,0,0,0,0
2025-12-28,14,10:00,123,17,15.9,4,2,32.49,0,2025-12-28 22:00:00,2025-12-29 04:00:00,W,Parliament St,0,0,0,0
2025-12-28,14,10:00,123,17,15.9,4,2,32.49,0,2025-12-28 22:00:00,2025-12-29 04:00:00,W,Parliament St at Gerrard St East,0,0,0,0
2025-12-28,14,10:00,123,17,15.9,4,2,32.49,0,2025-12-28 22:00:00,2025-12-29 04:00:00,W,Sumach St,0,0,0,0
2025-12-28,14,10:00,123,17,15.9,4,2,32.49,0,2025-12-28 22:00:00,2025-12-29 04:00:00,W,Blackburn St,0,0,0,0
2025-12-28,14,10:00,123,17,15.9,4,2,32.49,0,2025-12-28 22:00:00,2025-12-29 04:00:00,W,Logan Ave,0,0,0,0
2025-12-28,14,10:00,123,17,15.9,4,2,32.49,0,2025-12-28 22:00:00,2025-12-29 04:00:00,W,Augusta Ave,0,0,0,0
2025-12-28,14,10:00,123,17,15.9,4,2,32.49,0,2025-12-28 22:00:00,2025-12-29 04:00:00,W,Beverley St,0,0,0,0
2025-12-28,14,10:00,123,17,15.9,4,2,32.49,0,2025-12-28 22:00:00,2025-12-29 04:00:00,W,University Ave (Queen's Park Station,0,0,0,0
2025-12-28,14,10:00,123,17,15.9,4,2,32.49,0,2025-12-28 22:00:00,2025-12-29 04:00:00,W,Elizabeth St,0,0,0,0
2025-12-28,14,10:00,123,17,15.9,4,2,32.49,0,2025-12-28 22:00:00,2025-12-29 04:00:00,W,Greenwood Ave,0,0,0,0
2025-12-28,14,10:00,123,17,15.9,4,2,32.49,0,2025-12-28 22:00:00,2025-12-29 04:00:00,W,Alton Ave,0,0,0,0
2025-12-28,14,10:00,123,17,15.9,4,2,32.49,0,2025-12-28 22:00:00,2025-12-29 04:00:00,W,Coxwell Ave,0,0,0,0
2025-12-28,14,10:00,123,17,15.9,4,2,32.49,0,2025-12-28 22:00:00,2025-12-29 04:00:00,W,Gerrard St East  at Coxwell Ave,0,0,0,0
2025-12-28,14,10:00,123,17,15.9,4,2,32.49,0,2025-12-28 22:00:00,2025-12-29 04:00:00,W,Coxwell Ave at Lower Gerrard St East,0,0,0,0
2025-12-28,14,10:00,123,17,15.9,4,2,32.49,0,2025-12-28 22:00:00,2025-12-29 04:00:00,W,Ashdale Ave,0,0,0,0
2025-12-28,14,10:00,123,17,15.9,4,2,32.49,0,2025-12-28 22:00:00,2025-12-29 04:00:00,W,Howard Park Ave at Indian Rd,0,0,0,0
2025-12-28,14,10:00,123,17,15.9,4,2,32.49,0,2025-12-28 22:00:00,2025-12-29 04:00:00,W,Dundas St West at Howard Park Ave,0,0,0,0
2025-12-28,14,10:00,123,17,15.9,4,2,32.49,0,2025-12-28 22:00:00,2025-12-29 04:00:00,W,Main St at Gerrard St East,0,0,0,0
2025-12-28,14,10:00,123,17,15.9,4,2,32.49,0,2025-12-28 22:00:00,2025-12-29 04:00:00,W,Main St,0,0,0,0
2025-12-28,14,10:00,123,17,15.9,4,2,32.49,0,2025-12-28 22:00:00,2025-12-29 04:00:00,W,Main St at Danforth Ave,0,0,0,0
2025-12-28,14,10:00,123,17,15.9,4,2,32.49,0,2025-12-28 22:00:00,2025-12-29 04:00:00,W,Howard Park Ave at Parkside Dr,0,0,0,0
2026-01-04,14,10:00,123,17,15.9,4,2,32.49,0,2026-01-04 22:00:00,2026-01-05 04:00:00,E,Woodfield Rd,0,0,0,0
2026-01-04,14,10:00,123,17,15.9,4,2,32.49,0,2026-01-04 22:00:00,2026-01-05 04:00:00,E,Coxwell Ave at Gerrard St East,1,0,0,0
2026-01-04,14,10:00,123,17,15.9,4,2,32.49,0,2026-01-04 22:00:00,2026-01-05 04:00:00,E,Euclid Ave,0,0,0,0
2026-01-04,14,10:00,123,17,15.9,4,2,32.49,0,2026-01-04 22:00:00,2026-01-05 04:00:00,E,Bowmore Rd,0,0,0,0
2026-01-04,14,10:00,123,17,15.9,4,2,32.49,0,2026-01-04 22:00:00,2026-01-05 04:00:00,E,Bay St,0,0,0,0
2026-01-04,14,10:00,123,17,15.9,4,2,32.49,0,2026-01-04 22:00:00,2026-01-05 04:00:00,E,Lansdowne Ave,0,0,0,0
2026-01-04,14,10:00,123,17,15.9,4,2,32.49,0,2026-01-04 22:00:00,2026-01-05 04:00:00,E,Indian Rd,0,0,0,0
2026-01-04,14,10:00,123,17,15.9,4,2,32.49,0,2026-01-04 22:00:00,2026-01-05 04:00:00,E,Grace St,0,0,0,0
2026-01-04,14,10:00,123,17,15.9,4,2,32.49,0,2026-01-04 22:00:00,2026-01-05 04:00:00,E,Dufferin St,0,0,0,0
2026-01-04,14,10:00,123,17,15.9,4,2,32.49,0,2026-01-04 22:00:00,2026-01-05 04:00:00,E,Gerrard St East at Beaton Ave,1,0,0,0
2026-01-04,14,10:00,123,17,15.9,4,2,32.49,0,2026-01-04 22:00:00,2026-01-05 04:00:00,E,Bathurst St,0,0,0,0
2026-01-04,14,10:00,123,17,15.9,4,2,32.49,0,2026-01-04 22:00:00,2026-01-05 04:00:00,E,Yonge St - College Station,0,0,0,0
2026-01-04,14,10:00,123,17,15.9,4,2,32.49,0,2026-01-04 22:00:00,2026-01-05 04:00:00,E,Dundas St West at Sterling Rd,0,0,0,0
2026-01-04,14,10:00,123,17,15.9,4,2,32.49,0,2026-01-04 22:00:00,2026-01-05 04:00:00,E,Brock Ave,0,0,0,0
2026-01-04,14,10:00,123,17,15.9,4,2,32.49,0,2026-01-04 22:00:00,2026-01-05 04:00:00,E,Sackville St,0,0,0,0
2026-01-04,14,10:00,123,17,15.9,4,2,32.49,0,2026-01-04 22:00:00,2026-01-05 04:00:00,E,Carlaw Ave,0,0,0,0
2026-01-04,14,10:00,123,17,15.9,4,2,32.49,0,2026-01-04 22:00:00,2026-01-05 04:00:00,E,Borden St,0,0,0,0
2026-01-04,14,10:00,123,17,15.9,4,2,32.49,0,2026-01-04 22:00:00,2026-01-05 04:00:00,E,Dundas St West at Sorauren Ave,0,0,0,0
2026-01-04,14,10:00,123,17,15.9,4,2,32.49,0,2026-01-04 22:00:00,2026-01-05 04:00:00,E,Crawford St,0,0,0,0
2026-01-04,14,10:00,123,17,15.9,4,2,32.49,0,2026-01-04 22:00:00,2026-01-05 04:00:00,E,Pape Ave,0,0,0,0
2026-01-04,14,10:00,123,17,15.9,4,2,32.49,0,2026-01-04 22:00:00,2026-01-05 04:00:00,E,Spadina Ave,0,0,0,0
2026-01-04,14,10:00,123,17,15.9,4,2,32.49,0,2026-01-04 22:00:00,2026-01-05 04:00:00,E,River St,0,0,0,0
2026-01-04,14,10:00,123,17,15.9,4,2,32.49,0,2026-01-04 22:00:00,2026-01-05 04:00:00,E,Marjory Ave,0,0,0,0
2026-01-04,14,10:00,123,17,15.9,4,2,32.49,0,2026-01-04 22:00:00,2026-01-05 04:00:00,E,Kingsmount Park Rd,1,0,0,0
2026-01-04,14,10:00,123,17,15.9,4,2,32.49,0,2026-01-04 22:00:00,2026-01-05 04:00:00,E,Church St,0,0,0,0
2026-01-04,14,10:00,123,17,15.9,4,2,32.49,0,2026-01-04 22:00:00,2026-01-05 04:00:00,E,Ossington Ave,0,0,0,0
2026-01-04,14,10:00,123,17,15.9,4,2,32.49,0,2026-01-04 22:00:00,2026-01-05 04:00:00,E,Woodbine Ave,1,0,0,0
2026-01-04,14,10:00,123,17,15.9,4,2,32.49,0,2026-01-04 22:00:00,2026-01-05 04:00:00,E,Jones Ave,0,0,0,0
2026-01-04,14,10:00,123,17,15.9,4,2,32.49,0,2026-01-04 22:00:00,2026-01-05 04:00:00,E,Golfview Ave,1,0,0,0
2026-01-04,14,10:00,123,17,15.9,4,2,32.49,0,2026-01-04 22:00:00,2026-01-05 04:00:00,E,Leslie St,0,0,0,0
2026-01-04,14,10:00,123,17,15.9,4,2,32.49,0,2026-01-04 22:00:00,2026-01-05 04:00:00,E,St Matthews Rd,0,0,0,0
2026-01-04,14,10:00,123,17,15.9,4,2,32.49,0,2026-01-04 22:00:00,2026-01-05 04:00:00,E,Jarvis St,0,0,0,0
2026-01-04,14,10:00,123,17,15.9,4,2,32.49,0,2026-01-04 22:00:00,2026-01-05 04:00:00,E,Sherbourne St,0,0,0,0
2026-01-04,14,10:00,123,17,15.9,4,2,32.49,0,2026-01-04 22:00:00,2026-01-05 04:00:00,E,St George St,0,0,0,0
2026-01-04,14,10:00,123,17,15.9,4,2,32.49,0,2026-01-04 22:00:00,2026-01-05 04:00:00,E,Dovercourt Rd,0,0,0,0
2026-01-04,14,10:00,123,17,15.9,4,2,32.49,0,2026-01-04 22:00:00,2026-01-05 04:00:00,E,Glenmount Park Rd,1,0,0,0
2026-01-04,14,10:00,123,17,15.9,4,2,32.49,0,2026-01-04 22:00:00,2026-01-05 04:00:00,E,Prust Ave,0,0,0,0
2026-01-04,14,10:00,123,17,15.9,4,2,32.49,0,2026-01-04 22:00:00,2026-01-05 04:00:00,E,Main Street Station at Bay 7,0,0,0,0
2026-01-04,14,10:00,123,17,15.9,4,2,32.49,0,2026-01-04 22:00:00,2026-01-05 04:00:00,E,Norwood Rd,1,0,0,0
2026-01-04,14,10:00,123,17,15.9,4,2,32.49,0,2026-01-04 22:00:00,2026-01-05 04:00:00,E,McCaul St,0,0,0,0
2026-01-04,14,10:00,123,17,15.9,4,2,32.49,0,2026-01-04 22:00:00,2026-01-05 04:00:00,E,Broadview Ave,0,0,0,0
2026-01-04,14,10:00,123,17,15.9,4,2,32.49,0,2026-01-04 22:00:00,2026-01-05 04:00:00,E,Ontario St,0,0,0,0
2026-01-04,14,10:00,123,17,15.9,4,2,32.49,0,2026-01-04 22:00:00,2026-01-05 04:00:00,E,Rusholme Park Cres,0,0,0,0
2026-01-04,14,10:00,123,17,15.9,4,2,32.49,0,2026-01-04 22:00:00,2026-01-05 04:00:00,E,Havelock St,0,0,0,0
2026-01-04,14,10:00,123,17,15.9,4,2,32.49,0,2026-01-04 22:00:00,2026-01-05 04:00:00,E,High Park Loop,0,0,0,0
2026-01-04,14,10:00,123,17,15.9,4,2,32.49,0,2026-01-04 22:00:00,2026-01-05 04:00:00,E,Queens Park (Queen's Park Station),0,0,0,0
2026-01-04,14,10:00,123,17,15.9,4,2,32.49,0,2026-01-04 22:00:00,2026-01-05 04:00:00,E,Roncesvalles Ave,0,0,0,0
2026-01-04,14,10:00,123,17,15.9,4,2,32.49,0,2026-01-04 22:00:00,2026-01-05 04:00:00,E,De Grassi St,0,0,0,0
2026-01-04,14,10:00,123,17,15.9,4,2,32.49,0,2026-01-04 22:00:00,2026-01-05 04:00:00,E,Parliament St at Carlton St,0,0,0,0
2026-01-04,14,10:00,123,17,15.9,4,2,32.49,0,2026-01-04 22:00:00,2026-01-05 04:00:00,E,Parkside Dr East Side,0,0,0,0
2026-01-04,14,10:00,123,17,15.9,4,2,32.49,0,2026-01-04 22:00:00,2026-01-05 04:00:00,E,Dundas St West,0,0,0,0
2026-01-04,14,10:00,123,17,15.9,4,2,32.49,0,2026-01-04 22:00:00,2026-01-05 04:00:00,E,Howard Park Ave at Roncesvalles Ave,0,0,0,0
2026-01-04,14,10:00,123,17,15.9,4,2,32.49,0,2026-01-04 22:00:00,2026-01-05 04:00:00,E,Parliament St,0,0,0,0
2026-01-04,14,10:00,123,17,15.9,4,2,32.49,0,2026-01-04 22:00:00,2026-01-05 04:00:00,E,Parliament St at Gerrard St East,0,0,0,0
2026-01-04,14,10:00,123,17,15.9,4,2,32.49,0,2026-01-04 22:00:00,2026-01-05 04:00:00,E,Sumach St,0,0,0,0
2026-01-04,14,10:00,123,17,15.9,4,2,32.49,0,2026-01-04 22:00:00,2026-01-05 04:00:00,E,Blackburn St,0,0,0,0
2026-01-04,14,10:00,123,17,15.9,4,2,32.49,0,2026-01-04 22:00:00,2026-01-05 04:00:00,E,Logan Ave,0,0,0,0
2026-01-04,14,10:00,123,17,15.9,4,2,32.49,0,2026-01-04 22:00:00,2026-01-05 04:00:00,E,Augusta Ave,0,0,0,0
2026-01-04,14,10:00,123,17,15.9,4,2,32.49,0,2026-01-04 22:00:00,2026-01-05 04:00:00,E,Beverley St,0,0,0,0
2026-01-04,14,10:00,123,17,15.9,4,2,32.49,0,2026-01-04 22:00:00,2026-01-05 04:00:00,E,University Ave (Queen's Park Station,0,0,0,0
2026-01-04,14,10:00,123,17,15.9,4,2,32.49,0,2026-01-04 22:00:00,2026-01-05 04:00:00,E,Elizabeth St,0,0,0,0
2026-01-04,14,10:00,123,17,15.9,4,2,32.49,0,2026-01-04 22:00:00,2026-01-05 04:00:00,E,Greenwood Ave,1,0,0,0
2026-01-04,14,10:00,123,17,15.9,4,2,32.49,0,2026-01-04 22:00:00,2026-01-05 04:00:00,E,Alton Ave,1,0,0,0
2026-01-04,14,10:00,123,17,15.9,4,2,32.49,0,2026-01-04 22:00:00,2026-01-05 04:00:00,E,Coxwell Ave,1,0,0,0
2026-01-04,14,10:00,123,17,15.9,4,2,32.49,0,2026-01-04 22:00:00,2026-01-05 04:00:00,E,Gerrard St East  at Coxwell Ave,0,0,0,0
2026-01-04,14,10:00,123,17,15.9,4,2,32.49,0,2026-01-04 22:00:00,2026-01-05 04:00:00,E,Coxwell Ave at Lower Gerrard St East,0,0,0,0
2026-01-04,14,10:00,123,17,15.9,4,2,32.49,0,2026-01-04 22:00:00,2026-01-05 04:00:00,E,Ashdale Ave,0,0,0,0
2026-01-04,14,10:00,123,17,15.9,4,2,32.49,0,2026-01-04 22:00:00,2026-01-05 04:00:00,E,Howard Park Ave at Indian Rd,0,0,0,0
2026-01-04,14,10:00,123,17,15.9,4,2,32.49,0,2026-01-04 22:00:00,2026-01-05 04:00:00,E,Dundas St West at Howard Park Ave,0,0,0,0
2026-01-04,14,10:00,123,17,15.9,4,2,32.49,0,2026-01-04 22:00:00,2026-01-05 04:00:00,E,Main St at Gerrard St East,0,0,0,0
2026-01-04,14,10:00,123,17,15.9,4,2,32.49,0,2026-01-04 22:00:00,2026-01-05 04:00:00,E,Main St,1,0,0,0
2026-01-04,14,10:00,123,17,15.9,4,2,32.49,0,2026-01-04 22:00:00,2026-01-05 04:00:00,E,Main St at Danforth Ave,0,0,0,0
2026-01-04,14,10:00,123,17,15.9,4,2,32.49,0,2026-01-04 22:00:00,2026-01-05 04:00:00,E,Howard Park Ave at Parkside Dr,0,0,0,0
2026-01-04,14,10:00,123,17,15.9,4,2,32.49,0,2026-01-04 22:00:00,2026-01-05 04:00:00,W,Woodfield Rd,0,0,0,0
2026-01-04,14,10:00,123,17,15.9,4,2,32.49,0,2026-01-04 22:00:00,2026-01-05 04:00:00,W,Coxwell Ave at Gerrard St East,0,0,0,0
2026-01-04,14,10:00,123,17,15.9,4,2,32.49,0,2026-01-04 22:00:00,2026-01-05 04:00:00,W,Euclid Ave,0,0,0,0
2026-01-04,14,10:00,123,17,15.9,4,2,32.49,0,2026-01-04 22:00:00,2026-01-05 04:00:00,W,Bowmore Rd,0,0,0,0
2026-01-04,14,10:00,123,17,15.9,4,2,32.49,0,2026-01-04 22:00:00,2026-01-05 04:00:00,W,Bay St,0,0,0,0
2026-01-04,14,10:00,123,17,15.9,4,2,32.49,0,2026-01-04 22:00:00,2026-01-05 04:00:00,W,Lansdowne Ave,0,0,0,0
2026-01-04,14,10:00,123,17,15.9,4,2,32.49,0,2026-01-04 22:00:00,2026-01-05 04:00:00,W,Indian Rd,0,0,0,0
2026-01-04,14,10:00,123,17,15.9,4,2,32.49,0,2026-01-04 22:00:00,2026-01-05 04:00:00,W,Grace St,0,0,0,0
2026-01-04,14,10:00,123,17,15.9,4,2,32.49,0,2026-01-04 22:00:00,2026-01-05 04:00:00,W,Dufferin St,0,0,0,0
2026-01-04,14,10:00,123,17,15.9,4,2,32.49,0,2026-01-04 22:00:00,2026-01-05 04:00:00,W,Gerrard St East at Beaton Ave,0,0,0,0
2026-01-04,14,10:00,123,17,15.9,4,2,32.49,0,2026-01-04 22:00:00,2026-01-05 04:00:00,W,Bathurst St,0,0,0,0
2026-01-04,14,10:00,123,17,15.9,4,2,32.49,0,2026-01-04 22:00:00,2026-01-05 04:00:00,W,Yonge St - College Station,0,0,0,0
2026-01-04,14,10:00,123,17,15.9,4,2,32.49,0,2026-01-04 22:00:00,2026-01-05 04:00:00,W,Dundas St West at Sterling Rd,0,0,0,0
2026-01-04,14,10:00,123,17,15.9,4,2,32.49,0,2026-01-04 22:00:00,2026-01-05 04:00:00,W,Brock Ave,0,0,0,0
2026-01-04,14,10:00,123,17,15.9,4,2,32.49,0,2026-01-04 22:00:00,2026-01-05 04:00:00,W,Sackville St,0,0,0,0
2026-01-04,14,10:00,123,17,15.9,4,2,32.49,0,2026-01-04 22:00:00,2026-01-05 04:00:00,W,Carlaw Ave,0,0,0,0
2026-01-04,14,10:00,123,17,15.9,4,2,32.49,0,2026-01-04 22:00:00,2026-01-05 04:00:00,W,Borden St,0,0,0,0
2026-01-04,14,10:00,123,17,15.9,4,2,32.49,0,2026-01-04 22:00:00,2026-01-05 04:00:00,W,Dundas St West at Sorauren Ave,0,0,0,0
2026-01-04,14,10:00,123,17,15.9,4,2,32.49,0,2026-01-04 22:00:00,2026-01-05 04:00:00,W,Crawford St,0,0,0,0
2026-01-04,14,10:00,123,17,15.9,4,2,32.49,0,2026-01-04 22:00:00,2026-01-05 04:00:00,W,Pape Ave,0,0,0,0
2026-01-04,14,10:00,123,17,15.9,4,2,32.49,0,2026-01-04 22:00:00,2026-01-05 04:00:00,W,Spadina Ave,0,0,0,0
2026-01-04,14,10:00,123,17,15.9,4,2,32.49,0,2026-01-04 22:00:00,2026-01-05 04:00:00,W,River St,0,0,0,0
2026-01-04,14,10:00,123,17,15.9,4,2,32.49,0,2026-01-04 22:00:00,2026-01-05 04:00:00,W,Marjory Ave,0,0,0,0
2026-01-04,14,10:00,123,17,15.9,4,2,32.49,0,2026-01-04 22:00:00,2026-01-05 04:00:00,W,Kingsmount Park Rd,0,0,0,0
2026-01-04,14,10:00,123,17,15.9,4,2,32.49,0,2026-01-04 22:00:00,2026-01-05 04:00:00,W,Church St,0,0,0,0
2026-01-04,14,10:00,123,17,15.9,4,2,32.49,0,2026-01-04 22:00:00,2026-01-05 04:00:00,W,Ossington Ave,0,0,0,0
2026-01-04,14,10:00,123,17,15.9,4,2,32.49,0,2026-01-04 22:00:00,2026-01-05 04:00:00,W,Woodbine Ave,0,0,0,0
2026-01-04,14,10:00,123,17,15.9,4,2,32.49,0,2026-01-04 22:00:00,2026-01-05 04:00:00,W,Jones Ave,0,0,0,0
2026-01-04,14,10:00,123,17,15.9,4,2,32.49,0,2026-01-04 22:00:00,2026-01-05 04:00:00,W,Golfview Ave,0,0,0,0
2026-01-04,14,10:00,123,17,15.9,4,2,32.49,0,2026-01-04 22:00:00,2026-01-05 04:00:00,W,Leslie St,0,0,0,0
2026-01-04,14,10:00,123,17,15.9,4,2,32.49,0,2026-01-04 22:00:00,2026-01-05 04:00:00,W,St Matthews Rd,0,0,0,0
2026-01-04,14,10:00,123,17,15.9,4,2,32.49,0,2026-01-04 22:00:00,2026-01-05 04:00:00,W,Jarvis St,0,0,0,0
2026-01-04,14,10:00,123,17,15.9,4,2,32.49,0,2026-01-04 22:00:00,2026-01-05 04:00:00,W,Sherbourne St,0,0,0,0
2026-01-04,14,10:00,123,17,15.9,4,2,32.49,0,2026-01-04 22:00:00,2026-01-05 04:00:00,W,St George St,2,0,0,0
2026-01-04,14,10:00,123,17,15.9,4,2,32.49,0,2026-01-04 22:00:00,2026-01-05 04:00:00,W,Dovercourt Rd,0,0,0,0
2026-01-04,14,10:00,123,17,15.9,4,2,32.49,0,2026-01-04 22:00:00,2026-01-05 04:00:00,W,Glenmount Park Rd,0,0,0,0
2026-01-04,14,10:00,123,17,15.9,4,2,32.49,0,2026-01-04 22:00:00,2026-01-05 04:00:00,W,Prust Ave,0,0,0,0
2026-01-04,14,10:00,123,17,15.9,4,2,32.49,0,2026-01-04 22:00:00,2026-01-05 04:00:00,W,Main Street Station at Bay 7,0,0,0,0
2026-01-04,14,10:00,123,17,15.9,4,2,32.49,0,2026-01-04 22:00:00,2026-01-05 04:00:00,W,Norwood Rd,0,0,0,0
2026-01-04,14,10:00,123,17,15.9,4,2,32.49,0,2026-01-04 22:00:00,2026-01-05 04:00:00,W,McCaul St,0,0,0,0
2026-01-04,14,10:00,123,17,15.9,4,2,32.49,0,2026-01-04 22:00:00,2026-01-05 04:00:00,W,Broadview Ave,0,0,0,0
2026-01-04,14,10:00,123,17,15.9,4,2,32.49,0,2026-01-04 22:00:00,2026-01-05 04:00:00,W,Ontario St,0,0,0,0
2026-01-04,14,10:00,123,17,15.9,4,2,32.49,0,2026-01-04 22:00:00,2026-01-05 04:00:00,W,Rusholme Park Cres,0,0,0,0
2026-01-04,14,10:00,123,17,15.9,4,2,32.49,0,2026-01-04 22:00:00,2026-01-05 04:00:00,W,Havelock St,0,0,0,0
2026-01-04,14,10:00,123,17,15.9,4,2,32.49,0,2026-01-04 22:00:00,2026-01-05 04:00:00,W,High Park Loop,0,0,0,0
2026-01-04,14,10:00,123,17,15.9,4,2,32.49,0,2026-01-04 22:00:00,2026-01-05 04:00:00,W,Queens Park (Queen's Park Station),1,0,0,0
2026-01-04,14,10:00,123,17,15.9,4,2,32.49,0,2026-01-04 22:00:00,2026-01-05 04:00:00,W,Roncesvalles Ave,0,0,0,0
2026-01-04,14,10:00,123,17,15.9,4,2,32.49,0,2026-01-04 22:00:00,2026-01-05 04:00:00,W,De Grassi St,0,0,0,0
2026-01-04,14,10:00,123,17,15.9,4,2,32.49,0,2026-01-04 22:00:00,2026-01-05 04:00:00,W,Parliament St at Carlton St,0,0,0,0
2026-01-04,14,10:00,123,17,15.9,4,2,32.49,0,2026-01-04 22:00:00,2026-01-05 04:00:00,W,Parkside Dr East Side,0,0,0,0
2026-01-04,14,10:00,123,17,15.9,4,2,32.49,0,2026-01-04 22:00:00,2026-01-05 04:00:00,W,Dundas St West,0,0,0,0
2026-01-04,14,10:00,123,17,15.9,4,2,32.49,0,2026-01-04 22:00:00,2026-01-05 04:00:00,W,Howard Park Ave at Roncesvalles Ave,4,1,1,0
2026-01-04,14,10:00,123,17,15.9,4,2,32.49,0,2026-01-04 22:00:00,2026-01-05 04:00:00,W,Parliament St,0,0,0,0
2026-01-04,14,10:00,123,17,15.9,4,2,32.49,0,2026-01-04 22:00:00,2026-01-05 04:00:00,W,Parliament St at Gerrard St East,0,0,0,0
2026-01-04,14,10:00,123,17,15.9,4,2,32.49,0,2026-01-04 22:00:00,2026-01-05 04:00:00,W,Sumach St,0,0,0,0
2026-01-04,14,10:00,123,17,15.9,4,2,32.49,0,2026-01-04 22:00:00,2026-01-05 04:00:00,W,Blackburn St,0,0,0,0
2026-01-04,14,10:00,123,17,15.9,4,2,32.49,0,2026-01-04 22:00:00,2026-01-05 04:00:00,W,Logan Ave,0,0,0,0
2026-01-04,14,10:00,123,17,15.9,4,2,32.49,0,2026-01-04 22:00:00,2026-01-05 04:00:00,W,Augusta Ave,0,0,0,0
2026-01-04,14,10:00,123,17,15.9,4,2,32.49,0,2026-01-04 22:00:00,2026-01-05 04:00:00,W,Beverley St,0,0,0,0
2026-01-04,14,10:00,123,17,15.9,4,2,32.49,0,2026-01-04 22:00:00,2026-01-05 04:00:00,W,University Ave (Queen's Park Station,0,0,0,0
2026-01-04,14,10:00,123,17,15.9,4,2,32.49,0,2026-01-04 22:00:00,2026-01-05 04:00:00,W,Elizabeth St,0,0,0,0
2026-01-04,14,10:00,123,17,15.9,4,2,32.49,0,2026-01-04 22:00:00,2026-01-05 04:00:00,W,Greenwood Ave,0,0,0,0
2026-01-04,14,10:00,123,17,15.9,4,2,32.49,0,2026-01-04 22:00:00,2026-01-05 04:00:00,W,Alton Ave,0,0,0,0
2026-01-04,14,10:00,123,17,15.9,4,2,32.49,0,2026-01-04 22:00:00,2026-01-05 04:00:00,W,Coxwell Ave,0,0,0,0
2026-01-04,14,10:00,123,17,15.9,4,2,32.49,0,2026-01-04 22:00:00,2026-01-05 04:00:00,W,Gerrard St East  at Coxwell Ave,0,0,0,0
2026-01-04,14,10:00,123,17,15.9,4,2,32.49,0,2026-01-04 22:00:00,2026-01-05 04:00:00,W,Coxwell Ave at Lower Gerrard St East,0,0,0,0
2026-01-04,14,10:00,123,17,15.9,4,2,32.49,0,2026-01-04 22:00:00,2026-01-05 04:00:00,W,Ashdale Ave,0,0,0,0
2026-01-04,14,10:00,123,17,15.9,4,2,32.49,0,2026-01-04 22:00:00,2026-01-05 04:00:00,W,Howard Park Ave at Indian Rd,3,1,1,0
2026-01-04,14,10:00,123,17,15.9,4,2,32.49,0,2026-01-04 22:00:00,2026-01-05 04:00:00,W,Dundas St West at Howard Park Ave,2,1,1,0
2026-01-04,14,10:00,123,17,15.9,4,2,32.49,0,2026-01-04 22:00:00,2026-01-05 04:00:00,W,Main St at Gerrard St East,0,0,0,0
2026-01-04,14,10:00,123,17,15.9,4,2,32.49,0,2026-01-04 22:00:00,2026-01-05 04:00:00,W,Main St,0,0,0,0
2026-01-04,14,10:00,123,17,15.9,4,2,32.49,0,2026-01-04 22:00:00,2026-01-05 04:00:00,W,Main St at Danforth Ave,0,0,0,0
2026-01-04,14,10:00,123,17,15.9,4,2,32.49,0,2026-01-04 22:00:00,2026-01-05 04:00:00,W,Howard Park Ave at Parkside Dr,4,1,1,0
2026-01-11,14,10:00,123,17,15.9,4,2,32.49,0,2026-01-11 22:00:00,2026-01-12 04:00:00,E,Woodfield Rd,0,0,0,0
2026-01-11,14,10:00,123,17,15.9,4,2,32.49,0,2026-01-11 22:00:00,2026-01-12 04:00:00,E,Coxwell Ave at Gerrard St East,2,3,3,0
2026-01-11,14,10:00,123,17,15.9,4,2,32.49,0,2026-01-11 22:00:00,2026-01-12 04:00:00,E,Euclid Ave,0,0,0,0
2026-01-11,14,10:00,123,17,15.9,4,2,32.49,0,2026-01-11 22:00:00,2026-01-12 04:00:00,E,Bowmore Rd,0,0,0,0
2026-01-11,14,10:00,123,17,15.9,4,2,32.49,0,2026-01-11 22:00:00,2026-01-12 04:00:00,E,Bay St,2,0,0,0
2026-01-11,14,10:00,123,17,15.9,4,2,32.49,0,2026-01-11 22:00:00,2026-01-12 04:00:00,E,Lansdowne Ave,0,0,0,0
2026-01-11,14,10:00,123,17,15.9,4,2,32.49,0,2026-01-11 22:00:00,2026-01-12 04:00:00,E,Indian Rd,0,2,0,0
2026-01-11,14,10:00,123,17,15.9,4,2,32.49,0,2026-01-11 22:00:00,2026-01-12 04:00:00,E,Grace St,0,0,0,0
2026-01-11,14,10:00,123,17,15.9,4,2,32.49,0,2026-01-11 22:00:00,2026-01-12 04:00:00,E,Dufferin St,0,0,0,0
2026-01-11,14,10:00,123,17,15.9,4,2,32.49,0,2026-01-11 22:00:00,2026-01-12 04:00:00,E,Gerrard St East at Beaton Ave,2,3,3,0
2026-01-11,14,10:00,123,17,15.9,4,2,32.49,0,2026-01-11 22:00:00,2026-01-12 04:00:00,E,Bathurst St,0,0,0,0
2026-01-11,14,10:00,123,17,15.9,4,2,32.49,0,2026-01-11 22:00:00,2026-01-12 04:00:00,E,Yonge St - College Station,2,0,0,0
2026-01-11,14,10:00,123,17,15.9,4,2,32.49,0,2026-01-11 22:00:00,2026-01-12 04:00:00,E,Dundas St West at Sterling Rd,0,1,0,0
2026-01-11,14,10:00,123,17,15.9,4,2,32.49,0,2026-01-11 22:00:00,2026-01-12 04:00:00,E,Brock Ave,0,0,0,0
2026-01-11,14,10:00,123,17,15.9,4,2,32.49,0,2026-01-11 22:00:00,2026-01-12 04:00:00,E,Sackville St,3,0,0,0
2026-01-11,14,10:00,123,17,15.9,4,2,32.49,0,2026-01-11 22:00:00,2026-01-12 04:00:00,E,Carlaw Ave,4,0,0,0
2026-01-11,14,10:00,123,17,15.9,4,2,32.49,0,2026-01-11 22:00:00,2026-01-12 04:00:00,E,Borden St,0,0,0,0
2026-01-11,14,10:00,123,17,15.9,4,2,32.49,0,2026-01-11 22:00:00,2026-01-12 04:00:00,E,Dundas St West at Sorauren Ave,0,1,0,0
2026-01-11,14,10:00,123,17,15.9,4,2,32.49,0,2026-01-11 22:00:00,2026-01-12 04:00:00,E,Crawford St,0,0,0,0
2026-01-11,14,10:00,123,17,15.9,4,2,32.49,0,2026-01-11 22:00:00,2026-01-12 04:00:00,E,Pape Ave,4,0,0,0
2026-01-11,14,10:00,123,17,15.9,4,2,32.49,0,2026-01-11 22:00:00,2026-01-12 04:00:00,E,Spadina Ave,2,0,0,0
2026-01-11,14,10:00,123,17,15.9,4,2,32.49,0,2026-01-11 22:00:00,2026-01-12 04:00:00,E,River St,0,0,0,0
2026-01-11,14,10:00,123,17,15.9,4,2,32.49,0,2026-01-11 22:00:00,2026-01-12 04:00:00,E,Marjory Ave,4,1,1,0
2026-01-11,14,10:00,123,17,15.9,4,2,32.49,0,2026-01-11 22:00:00,2026-01-12 04:00:00,E,Kingsmount Park Rd,3,3,2,0
2026-01-11,14,10:00,123,17,15.9,4,2,32.49,0,2026-01-11 22:00:00,2026-01-12 04:00:00,E,Church St,2,0,0,0
2026-01-11,14,10:00,123,17,15.9,4,2,32.49,0,2026-01-11 22:00:00,2026-01-12 04:00:00,E,Ossington Ave,0,0,0,0
2026-01-11,14,10:00,123,17,15.9,4,2,32.49,0,2026-01-11 22:00:00,2026-01-12 04:00:00,E,Woodbine Ave,3,3,2,0
2026-01-11,14,10:00,123,17,15.9,4,2,32.49,0,2026-01-11 22:00:00,2026-01-12 04:00:00,E,Jones Ave,4,1,1,0
2026-01-11,14,10:00,123,17,15.9,4,2,32.49,0,2026-01-11 22:00:00,2026-01-12 04:00:00,E,Golfview Ave,2,3,2,0
2026-01-11,14,10:00,123,17,15.9,4,2,32.49,0,2026-01-11 22:00:00,2026-01-12 04:00:00,E,Leslie St,4,1,1,0
2026-01-11,14,10:00,123,17,15.9,4,2,32.49,0,2026-01-11 22:00:00,2026-01-12 04:00:00,E,St Matthews Rd,0,0,0,0
2026-01-11,14,10:00,123,17,15.9,4,2,32.49,0,2026-01-11 22:00:00,2026-01-12 04:00:00,E,Jarvis St,2,0,0,0
2026-01-11,14,10:00,123,17,15.9,4,2,32.49,0,2026-01-11 22:00:00,2026-01-12 04:00:00,E,Sherbourne St,2,0,0,0
2026-01-11,14,10:00,123,17,15.9,4,2,32.49,0,2026-01-11 22:00:00,2026-01-12 04:00:00,E,St George St,0,0,0,0
2026-01-11,14,10:00,123,17,15.9,4,2,32.49,0,2026-01-11 22:00:00,2026-01-12 04:00:00,E,Dovercourt Rd,0,0,0,0
2026-01-11,14,10:00,123,17,15.9,4,2,32.49,0,2026-01-11 22:00:00,2026-01-12 04:00:00,E,Glenmount Park Rd,2,3,2,0
2026-01-11,14,10:00,123,17,15.9,4,2,32.49,0,2026-01-11 22:00:00,2026-01-12 04:00:00,E,Prust Ave,0,0,0,0
2026-01-11,14,10:00,123,17,15.9,4,2,32.49,0,2026-01-11 22:00:00,2026-01-12 04:00:00,E,Main Street Station at Bay 7,0,0,0,0
2026-01-11,14,10:00,123,17,15.9,4,2,32.49,0,2026-01-11 22:00:00,2026-01-12 04:00:00,E,Norwood Rd,2,3,2,0
2026-01-11,14,10:00,123,17,15.9,4,2,32.49,0,2026-01-11 22:00:00,2026-01-12 04:00:00,E,McCaul St,2,0,0,0
2026-01-11,14,10:00,123,17,15.9,4,2,32.49,0,2026-01-11 22:00:00,2026-01-12 04:00:00,E,Broadview Ave,4,0,0,0
2026-01-11,14,10:00,123,17,15.9,4,2,32.49,0,2026-01-11 22:00:00,2026-01-12 04:00:00,E,Ontario St,1,0,0,0
2026-01-11,14,10:00,123,17,15.9,4,2,32.49,0,2026-01-11 22:00:00,2026-01-12 04:00:00,E,Rusholme Park Cres,0,0,0,0
2026-01-11,14,10:00,123,17,15.9,4,2,32.49,0,2026-01-11 22:00:00,2026-01-12 04:00:00,E,Havelock St,0,0,0,0
2026-01-11,14,10:00,123,17,15.9,4,2,32.49,0,2026-01-11 22:00:00,2026-01-12 04:00:00,E,High Park Loop,0,0,0,0
2026-01-11,14,10:00,123,17,15.9,4,2,32.49,0,2026-01-11 22:00:00,2026-01-12 04:00:00,E,Queens Park (Queen's Park Station),0,0,0,0
2026-01-11,14,10:00,123,17,15.9,4,2,32.49,0,2026-01-11 22:00:00,2026-01-12 04:00:00,E,Roncesvalles Ave,0,2,0,0
2026-01-11,14,10:00,123,17,15.9,4,2,32.49,0,2026-01-11 22:00:00,2026-01-12 04:00:00,E,De Grassi St,3,0,0,0
2026-01-11,14,10:00,123,17,15.9,4,2,32.49,0,2026-01-11 22:00:00,2026-01-12 04:00:00,E,Parliament St at Carlton St,0,0,0,0
2026-01-11,14,10:00,123,17,15.9,4,2,32.49,0,2026-01-11 22:00:00,2026-01-12 04:00:00,E,Parkside Dr East Side,0,2,0,0
2026-01-11,14,10:00,123,17,15.9,4,2,32.49,0,2026-01-11 22:00:00,2026-01-12 04:00:00,E,Dundas St West,0,2,0,0
2026-01-11,14,10:00,123,17,15.9,4,2,32.49,0,2026-01-11 22:00:00,2026-01-12 04:00:00,E,Howard Park Ave at Roncesvalles Ave,0,0,0,0
2026-01-11,14,10:00,123,17,15.9,4,2,32.49,0,2026-01-11 22:00:00,2026-01-12 04:00:00,E,Parliament St,0,0,0,0
2026-01-11,14,10:00,123,17,15.9,4,2,32.49,0,2026-01-11 22:00:00,2026-01-12 04:00:00,E,Parliament St at Gerrard St East,1,0,0,0
2026-01-11,14,10:00,123,17,15.9,4,2,32.49,0,2026-01-11 22:00:00,2026-01-12 04:00:00,E,Sumach St,3,0,0,0
2026-01-11,14,10:00,123,17,15.9,4,2,32.49,0,2026-01-11 22:00:00,2026-01-12 04:00:00,E,Blackburn St,3,0,0,0
2026-01-11,14,10:00,123,17,15.9,4,2,32.49,0,2026-01-11 22:00:00,2026-01-12 04:00:00,E,Logan Ave,4,0,0,0
2026-01-11,14,10:00,123,17,15.9,4,2,32.49,0,2026-01-11 22:00:00,2026-01-12 04:00:00,E,Augusta Ave,0,0,0,0
2026-01-11,14,10:00,123,17,15.9,4,2,32.49,0,2026-01-11 22:00:00,2026-01-12 04:00:00,E,Beverley St,2,0,0,0
2026-01-11,14,10:00,123,17,15.9,4,2,32.49,0,2026-01-11 22:00:00,2026-01-12 04:00:00,E,University Ave (Queen's Park Station,2,0,0,0
2026-01-11,14,10:00,123,17,15.9,4,2,32.49,0,2026-01-11 22:00:00,2026-01-12 04:00:00,E,Elizabeth St,2,0,0,0
2026-01-11,14,10:00,123,17,15.9,4,2,32.49,0,2026-01-11 22:00:00,2026-01-12 04:00:00,E,Greenwood Ave,3,1,1,0
2026-01-11,14,10:00,123,17,15.9,4,2,32.49,0,2026-01-11 22:00:00,2026-01-12 04:00:00,E,Alton Ave,4,1,1,0
2026-01-11,14,10:00,123,17,15.9,4,2,32.49,0,2026-01-11 22:00:00,2026-01-12 04:00:00,E,Coxwell Ave,4,2,2,0
2026-01-11,14,10:00,123,17,15.9,4,2,32.49,0,2026-01-11 22:00:00,2026-01-12 04:00:00,E,Gerrard St East  at Coxwell Ave,0,0,0,0
2026-01-11,14,10:00,123,17,15.9,4,2,32.49,0,2026-01-11 22:00:00,2026-01-12 04:00:00,E,Coxwell Ave at Lower Gerrard St East,0,0,0,0
2026-01-11,14,10:00,123,17,15.9,4,2,32.49,0,2026-01-11 22:00:00,2026-01-12 04:00:00,E,Ashdale Ave,0,0,0,0
2026-01-11,14,10:00,123,17,15.9,4,2,32.49,0,2026-01-11 22:00:00,2026-01-12 04:00:00,E,Howard Park Ave at Indian Rd,0,0,0,0
2026-01-11,14,10:00,123,17,15.9,4,2,32.49,0,2026-01-11 22:00:00,2026-01-12 04:00:00,E,Dundas St West at Howard Park Ave,0,0,0,0
2026-01-11,14,10:00,123,17,15.9,4,2,32.49,0,2026-01-11 22:00:00,2026-01-12 04:00:00,E,Main St at Gerrard St East,0,0,0,0
2026-01-11,14,10:00,123,17,15.9,4,2,32.49,0,2026-01-11 22:00:00,2026-01-12 04:00:00,E,Main St,3,3,3,0
2026-01-11,14,10:00,123,17,15.9,4,2,32.49,0,2026-01-11 22:00:00,2026-01-12 04:00:00,E,Main St at Danforth Ave,0,0,0,0
2026-01-11,14,10:00,123,17,15.9,4,2,32.49,0,2026-01-11 22:00:00,2026-01-12 04:00:00,E,Howard Park Ave at Parkside Dr,0,0,0,0
2026-01-11,14,10:00,123,17,15.9,4,2,32.49,0,2026-01-11 22:00:00,2026-01-12 04:00:00,W,Woodfield Rd,1,1,4,0
2026-01-11,14,10:00,123,17,15.9,4,2,32.49,0,2026-01-11 22:00:00,2026-01-12 04:00:00,W,Coxwell Ave at Gerrard St East,2,0,0,0
2026-01-11,14,10:00,123,17,15.9,4,2,32.49,0,2026-01-11 22:00:00,2026-01-12 04:00:00,W,Euclid Ave,0,0,0,0
2026-01-11,14,10:00,123,17,15.9,4,2,32.49,0,2026-01-11 22:00:00,2026-01-12 04:00:00,W,Bowmore Rd,1,1,3,0
2026-01-11,14,10:00,123,17,15.9,4,2,32.49,0,2026-01-11 22:00:00,2026-01-12 04:00:00,W,Bay St,0,0,0,0
2026-01-11,14,10:00,123,17,15.9,4,2,32.49,0,2026-01-11 22:00:00,2026-01-12 04:00:00,W,Lansdowne Ave,0,0,0,0
2026-01-11,14,10:00,123,17,15.9,4,2,32.49,0,2026-01-11 22:00:00,2026-01-12 04:00:00,W,Indian Rd,0,0,0,0
2026-01-11,14,10:00,123,17,15.9,4,2,32.49,0,2026-01-11 22:00:00,2026-01-12 04:00:00,W,Grace St,0,0,0,0
2026-01-11,14,10:00,123,17,15.9,4,2,32.49,0,2026-01-11 22:00:00,2026-01-12 04:00:00,W,Dufferin St,0,0,0,0
2026-01-11,14,10:00,123,17,15.9,4,2,32.49,0,2026-01-11 22:00:00,2026-01-12 04:00:00,W,Gerrard St East at Beaton Ave,0,0,0,0
2026-01-11,14,10:00,123,17,15.9,4,2,32.49,0,2026-01-11 22:00:00,2026-01-12 04:00:00,W,Bathurst St,0,0,0,0
2026-01-11,14,10:00,123,17,15.9,4,2,32.49,0,2026-01-11 22:00:00,2026-01-12 04:00:00,W,Yonge St - College Station,0,0,0,0
2026-01-11,14,10:00,123,17,15.9,4,2,32.49,0,2026-01-11 22:00:00,2026-01-12 04:00:00,W,Dundas St West at Sterling Rd,0,0,0,0
2026-01-11,14,10:00,123,17,15.9,4,2,32.49,0,2026-01-11 22:00:00,2026-01-12 04:00:00,W,Brock Ave,0,0,0,0
2026-01-11,14,10:00,123,17,15.9,4,2,32.49,0,2026-01-11 22:00:00,2026-01-12 04:00:00,W,Sackville St,0,0,0,0
2026-01-11,14,10:00,123,17,15.9,4,2,32.49,0,2026-01-11 22:00:00,2026-01-12 04:00:00,W,Carlaw Ave,0,0,0,0
2026-01-11,14,10:00,123,17,15.9,4,2,32.49,0,2026-01-11 22:00:00,2026-01-12 04:00:00,W,Borden St,0,0,0,0
2026-01-11,14,10:00,123,17,15.9,4,2,32.49,0,2026-01-11 22:00:00,2026-01-12 04:00:00,W,Dundas St West at Sorauren Ave,0,0,0,0
2026-01-11,14,10:00,123,17,15.9,4,2,32.49,0,2026-01-11 22:00:00,2026-01-12 04:00:00,W,Crawford St,0,0,0,0
2026-01-11,14,10:00,123,17,15.9,4,2,32.49,0,2026-01-11 22:00:00,2026-01-12 04:00:00,W,Pape Ave,0,0,0,0
2026-01-11,14,10:00,123,17,15.9,4,2,32.49,0,2026-01-11 22:00:00,2026-01-12 04:00:00,W,Spadina Ave,0,0,0,0
2026-01-11,14,10:00,123,17,15.9,4,2,32.49,0,2026-01-11 22:00:00,2026-01-12 04:00:00,W,River St,1,3,4,0
2026-01-11,14,10:00,123,17,15.9,4,2,32.49,0,2026-01-11 22:00:00,2026-01-12 04:00:00,W,Marjory Ave,0,0,0,0
2026-01-11,14,10:00,123,17,15.9,4,2,32.49,0,2026-01-11 22:00:00,2026-01-12 04:00:00,W,Kingsmount Park Rd,0,0,0,0
2026-01-11,14,10:00,123,17,15.9,4,2,32.49,0,2026-01-11 22:00:00,2026-01-12 04:00:00,W,Church St,0,0,0,0
2026-01-11,14,10:00,123,17,15.9,4,2,32.49,0,2026-01-11 22:00:00,2026-01-12 04:00:00,W,Ossington Ave,0,0,0,0
2026-01-11,14,10:00,123,17,15.9,4,2,32.49,0,2026-01-11 22:00:00,2026-01-12 04:00:00,W,Woodbine Ave,0,0,0,0
2026-01-11,14,10:00,123,17,15.9,4,2,32.49,0,2026-01-11 22:00:00,2026-01-12 04:00:00,W,Jones Ave,0,0,0,0
2026-01-11,14,10:00,123,17,15.9,4,2,32.49,0,2026-01-11 22:00:00,2026-01-12 04:00:00,W,Golfview Ave,0,0,0,0
2026-01-11,14,10:00,123,17,15.9,4,2,32.49,0,2026-01-11 22:00:00,2026-01-12 04:00:00,W,Leslie St,0,0,0,0
2026-01-11,14,10:00,123,17,15.9,4,2,32.49,0,2026-01-11 22:00:00,2026-01-12 04:00:00,W,St Matthews Rd,1,3,4,0
2026-01-11,14,10:00,123,17,15.9,4,2,32.49,0,2026-01-11 22:00:00,2026-01-12 04:00:00,W,Jarvis St,0,0,0,0
2026-01-11,14,10:00,123,17,15.9,4,2,32.49,0,2026-01-11 22:00:00,2026-01-12 04:00:00,W,Sherbourne St,0,0,0,0
2026-01-11,14,10:00,123,17,15.9,4,2,32.49,0,2026-01-11 22:00:00,2026-01-12 04:00:00,W,St George St,2,2,4,0
2026-01-11,14,10:00,123,17,15.9,4,2,32.49,0,2026-01-11 22:00:00,2026-01-12 04:00:00,W,Dovercourt Rd,0,0,0,0
2026-01-11,14,10:00,123,17,15.9,4,2,32.49,0,2026-01-11 22:00:00,2026-01-12 04:00:00,W,Glenmount Park Rd,0,0,0,0
2026-01-11,14,10:00,123,17,15.9,4,2,32.49,0,2026-01-11 22:00:00,2026-01-12 04:00:00,W,Prust Ave,1,1,4,0
2026-01-11,14,10:00,123,17,15.9,4,2,32.49,0,2026-01-11 22:00:00,2026-01-12 04:00:00,W,Main Street Station at Bay 7,0,0,0,0
2026-01-11,14,10:00,123,17,15.9,4,2,32.49,0,2026-01-11 22:00:00,2026-01-12 04:00:00,W,Norwood Rd,0,0,0,0
2026-01-11,14,10:00,123,17,15.9,4,2,32.49,0,2026-01-11 22:00:00,2026-01-12 04:00:00,W,McCaul St,0,0,0,0
2026-01-11,14,10:00,123,17,15.9,4,2,32.49,0,2026-01-11 22:00:00,2026-01-12 04:00:00,W,Broadview Ave,0,0,0,0
2026-01-11,14,10:00,123,17,15.9,4,2,32.49,0,2026-01-11 22:00:00,2026-01-12 04:00:00,W,Ontario St,0,0,0,0
2026-01-11,14,10:00,123,17,15.9,4,2,32.49,0,2026-01-11 22:00:00,2026-01-12 04:00:00,W,Rusholme Park Cres,0,0,0,0
2026-01-11,14,10:00,123,17,15.9,4,2,32.49,0,2026-01-11 22:00:00,2026-01-12 04:00:00,W,Havelock St,2,1,3,0
2026-01-11,14,10:00,123,17,15.9,4,2,32.49,0,2026-01-11 22:00:00,2026-01-12 04:00:00,W,High Park Loop,0,0,0,0
2026-01-11,14,10:00,123,17,15.9,4,2,32.49,0,2026-01-11 22:00:00,2026-01-12 04:00:00,W,Queens Park (Queen's Park Station),2,2,4,0
2026-01-11,14,10:00,123,17,15.9,4,2,32.49,0,2026-01-11 22:00:00,2026-01-12 04:00:00,W,Roncesvalles Ave,0,0,0,0
2026-01-11,14,10:00,123,17,15.9,4,2,32.49,0,2026-01-11 22:00:00,2026-01-12 04:00:00,W,De Grassi St,0,0,0,0
2026-01-11,14,10:00,123,17,15.9,4,2,32.49,0,2026-01-11 22:00:00,2026-01-12 04:00:00,W,Parliament St at Carlton St,2,2,4,0
2026-01-11,14,10:00,123,17,15.9,4,2,32.49,0,2026-01-11 22:00:00,2026-01-12 04:00:00,W,Parkside Dr East Side,0,0,0,0
2026-01-11,14,10:00,123,17,15.9,4,2,32.49,0,2026-01-11 22:00:00,2026-01-12 04:00:00,W,Dundas St West,0,0,0,0
2026-01-11,14,10:00,123,17,15.9,4,2,32.49,0,2026-01-11 22:00:00,2026-01-12 04:00:00,W,Howard Park Ave at Roncesvalles Ave,1,1,1,0
2026-01-11,14,10:00,123,17,15.9,4,2,32.49,0,2026-01-11 22:00:00,2026-01-12 04:00:00,W,Parliament St,1,2,4,0
2026-01-11,14,10:00,123,17,15.9,4,2,32.49,0,2026-01-11 22:00:00,2026-01-12 04:00:00,W,Parliament St at Gerrard St East,0,0,0,0
2026-01-11,14,10:00,123,17,15.9,4,2,32.49,0,2026-01-11 22:00:00,2026-01-12 04:00:00,W,Sumach St,0,0,0,0
2026-01-11,14,10:00,123,17,15.9,4,2,32.49,0,2026-01-11 22:00:00,2026-01-12 04:00:00,W,Blackburn St,0,0,0,0
2026-01-11,14,10:00,123,17,15.9,4,2,32.49,0,2026-01-11 22:00:00,2026-01-12 04:00:00,W,Logan Ave,0,0,0,0
2026-01-11,14,10:00,123,17,15.9,4,2,32.49,0,2026-01-11 22:00:00,2026-01-12 04:00:00,W,Augusta Ave,0,0,0,0
2026-01-11,14,10:00,123,17,15.9,4,2,32.49,0,2026-01-11 22:00:00,2026-01-12 04:00:00,W,Beverley St,0,0,0,0
2026-01-11,14,10:00,123,17,15.9,4,2,32.49,0,2026-01-11 22:00:00,2026-01-12 04:00:00,W,University Ave (Queen's Park Station,0,0,0,0
2026-01-11,14,10:00,123,17,15.9,4,2,32.49,0,2026-01-11 22:00:00,2026-01-12 04:00:00,W,Elizabeth St,0,0,0,0
2026-01-11,14,10:00,123,17,15.9,4,2,32.49,0,2026-01-11 22:00:00,2026-01-12 04:00:00,W,Greenwood Ave,0,0,0,0
2026-01-11,14,10:00,123,17,15.9,4,2,32.49,0,2026-01-11 22:00:00,2026-01-12 04:00:00,W,Alton Ave,0,0,0,0
2026-01-11,14,10:00,123,17,15.9,4,2,32.49,0,2026-01-11 22:00:00,2026-01-12 04:00:00,W,Coxwell Ave,1,0,0,0
2026-01-11,14,10:00,123,17,15.9,4,2,32.49,0,2026-01-11 22:00:00,2026-01-12 04:00:00,W,Gerrard St East  at Coxwell Ave,1,1,3,0
2026-01-11,14,10:00,123,17,15.9,4,2,32.49,0,2026-01-11 22:00:00,2026-01-12 04:00:00,W,Coxwell Ave at Lower Gerrard St East,1,2,4,0
2026-01-11,14,10:00,123,17,15.9,4,2,32.49,0,2026-01-11 22:00:00,2026-01-12 04:00:00,W,Ashdale Ave,1,1,4,0
2026-01-11,14,10:00,123,17,15.9,4,2,32.49,0,2026-01-11 22:00:00,2026-01-12 04:00:00,W,Howard Park Ave at Indian Rd,0,2,2,0
2026-01-11,14,10:00,123,17,15.9,4,2,32.49,0,2026-01-11 22:00:00,2026-01-12 04:00:00,W,Dundas St West at Howard Park Ave,0,1,2,0
2026-01-11,14,10:00,123,17,15.9,4,2,32.49,0,2026-01-11 22:00:00,2026-01-12 04:00:00,W,Main St at Gerrard St East,1,1,4,0
2026-01-11,14,10:00,123,17,15.9,4,2,32.49,0,2026-01-11 22:00:00,2026-01-12 04:00:00,W,Main St,0,0,0,0
2026-01-11,14,10:00,123,17,15.9,4,2,32.49,0,2026-01-11 22:00:00,2026-01-12 04:00:00,W,Main St at Danforth Ave,0,0,0,0
2026-01-11,14,10:00,123,17,15.9,4,2,32.49,0,2026-01-11 22:00:00,2026-01-12 04:00:00,W,Howard Park Ave at Parkside Dr,1,3,2,0
2026-01-18,14,10:00,123,17,15.9,4,2,32.49,0,2026-01-18 22:00:00,2026-01-19 04:00:00,E,Woodfield Rd,0,0,0,0
2026-01-18,14,10:00,123,17,15.9,4,2,32.49,0,2026-01-18 22:00:00,2026-01-19 04:00:00,E,Coxwell Ave at Gerrard St East,4,4,2,0
2026-01-18,14,10:00,123,17,15.9,4,2,32.49,0,2026-01-18 22:00:00,2026-01-19 04:00:00,E,Euclid Ave,0,1,2,0
2026-01-18,14,10:00,123,17,15.9,4,2,32.49,0,2026-01-18 22:00:00,2026-01-19 04:00:00,E,Bowmore Rd,0,0,0,0
2026-01-18,14,10:00,123,17,15.9,4,2,32.49,0,2026-01-18 22:00:00,2026-01-19 04:00:00,E,Bay St,2,1,3,0
2026-01-18,14,10:00,123,17,15.9,4,2,32.49,0,2026-01-18 22:00:00,2026-01-19 04:00:00,E,Lansdowne Ave,0,2,2,0
2026-01-18,14,10:00,123,17,15.9,4,2,32.49,0,2026-01-18 22:00:00,2026-01-19 04:00:00,E,Indian Rd,0,2,5,0
2026-01-18,14,10:00,123,17,15.9,4,2,32.49,0,2026-01-18 22:00:00,2026-01-19 04:00:00,E,Grace St,0,3,1,0
2026-01-18,14,10:00,123,17,15.9,4,2,32.49,0,2026-01-18 22:00:00,2026-01-19 04:00:00,E,Dufferin St,0,2,3,0
2026-01-18,14,10:00,123,17,15.9,4,2,32.49,0,2026-01-18 22:00:00,2026-01-19 04:00:00,E,Gerrard St East at Beaton Ave,4,4,3,0
2026-01-18,14,10:00,123,17,15.9,4,2,32.49,0,2026-01-18 22:00:00,2026-01-19 04:00:00,E,Bathurst St,0,2,2,0
2026-01-18,14,10:00,123,17,15.9,4,2,32.49,0,2026-01-18 22:00:00,2026-01-19 04:00:00,E,Yonge St - College Station,3,0,4,0
2026-01-18,14,10:00,123,17,15.9,4,2,32.49,0,2026-01-18 22:00:00,2026-01-19 04:00:00,E,Dundas St West at Sterling Rd,0,2,2,0
2026-01-18,14,10:00,123,17,15.9,4,2,32.49,0,2026-01-18 22:00:00,2026-01-19 04:00:00,E,Brock Ave,0,2,3,0
2026-01-18,14,10:00,123,17,15.9,4,2,32.49,0,2026-01-18 22:00:00,2026-01-19 04:00:00,E,Sackville St,4,1,5,0
2026-01-18,14,10:00,123,17,15.9,4,2,32.49,0,2026-01-18 22:00:00,2026-01-19 04:00:00,E,Carlaw Ave,5,2,5,0
2026-01-18,14,10:00,123,17,15.9,4,2,32.49,0,2026-01-18 22:00:00,2026-01-19 04:00:00,E,Borden St,0,1,2,0
2026-01-18,14,10:00,123,17,15.9,4,2,32.49,0,2026-01-18 22:00:00,2026-01-19 04:00:00,E,Dundas St West at Sorauren Ave,0,2,3,0
2026-01-18,14,10:00,123,17,15.9,4,2,32.49,0,2026-01-18 22:00:00,2026-01-19 04:00:00,E,Crawford St,0,4,3,0
2026-01-18,14,10:00,123,17,15.9,4,2,32.49,0,2026-01-18 22:00:00,2026-01-19 04:00:00,E,Pape Ave,5,3,5,0
2026-01-18,14,10:00,123,17,15.9,4,2,32.49,0,2026-01-18 22:00:00,2026-01-19 04:00:00,E,Spadina Ave,1,0,3,0
2026-01-18,14,10:00,123,17,15.9,4,2,32.49,0,2026-01-18 22:00:00,2026-01-19 04:00:00,E,River St,0,0,0,0
2026-01-18,14,10:00,123,17,15.9,4,2,32.49,0,2026-01-18 22:00:00,2026-01-19 04:00:00,E,Marjory Ave,6,2,5,0
2026-01-18,14,10:00,123,17,15.9,4,2,32.49,0,2026-01-18 22:00:00,2026-01-19 04:00:00,E,Kingsmount Park Rd,4,5,3,0
2026-01-18,14,10:00,123,17,15.9,4,2,32.49,0,2026-01-18 22:00:00,2026-01-19 04:00:00,E,Church St,4,1,5,0
2026-01-18,14,10:00,123,17,15.9,4,2,32.49,0,2026-01-18 22:00:00,2026-01-19 04:00:00,E,Ossington Ave,0,4,3,0
2026-01-18,14,10:00,123,17,15.9,4,2,32.49,0,2026-01-18 22:00:00,2026-01-19 04:00:00,E,Woodbine Ave,4,5,3,0
2026-01-18,14,10:00,123,17,15.9,4,2,32.49,0,2026-01-18 22:00:00,2026-01-19 04:00:00,E,Jones Ave,7,3,6,0
2026-01-18,14,10:00,123,17,15.9,4,2,32.49,0,2026-01-18 22:00:00,2026-01-19 04:00:00,E,Golfview Ave,5,5,3,0
2026-01-18,14,10:00,123,17,15.9,4,2,32.49,0,2026-01-18 22:00:00,2026-01-19 04:00:00,E,Leslie St,6,3,4,0
2026-01-18,14,10:00,123,17,15.9,4,2,32.49,0,2026-01-18 22:00:00,2026-01-19 04:00:00,E,St Matthews Rd,0,0,0,0
2026-01-18,14,10:00,123,17,15.9,4,2,32.49,0,2026-01-18 22:00:00,2026-01-19 04:00:00,E,Jarvis St,4,2,6,0
2026-01-18,14,10:00,123,17,15.9,4,2,32.49,0,2026-01-18 22:00:00,2026-01-19 04:00:00,E,Sherbourne St,4,1,6,0
2026-01-18,14,10:00,123,17,15.9,4,2,32.49,0,2026-01-18 22:00:00,2026-01-19 04:00:00,E,St George St,0,0,0,0
2026-01-18,14,10:00,123,17,15.9,4,2,32.49,0,2026-01-18 22:00:00,2026-01-19 04:00:00,E,Dovercourt Rd,0,4,3,0
2026-01-18,14,10:00,123,17,15.9,4,2,32.49,0,2026-01-18 22:00:00,2026-01-19 04:00:00,E,Glenmount Park Rd,5,4,3,0
2026-01-18,14,10:00,123,17,15.9,4,2,32.49,0,2026-01-18 22:00:00,2026-01-19 04:00:00,E,Prust Ave,0,0,0,0
2026-01-18,14,10:00,123,17,15.9,4,2,32.49,0,2026-01-18 22:00:00,2026-01-19 04:00:00,E,Main Street Station at Bay 7,0,0,0,0
2026-01-18,14,10:00,123,17,15.9,4,2,32.49,0,2026-01-18 22:00:00,2026-01-19 04:00:00,E,Norwood Rd,5,4,3,0
2026-01-18,14,10:00,123,17,15.9,4,2,32.49,0,2026-01-18 22:00:00,2026-01-19 04:00:00,E,McCaul St,1,3,4,0
2026-01-18,14,10:00,123,17,15.9,4,2,32.49,0,2026-01-18 22:00:00,2026-01-19 04:00:00,E,Broadview Ave,5,2,4,0
2026-01-18,14,10:00,123,17,15.9,4,2,32.49,0,2026-01-18 22:00:00,2026-01-19 04:00:00,E,Ontario St,4,2,6,0
2026-01-18,14,10:00,123,17,15.9,4,2,32.49,0,2026-01-18 22:00:00,2026-01-19 04:00:00,E,Rusholme Park Cres,0,3,3,0
2026-01-18,14,10:00,123,17,15.9,4,2,32.49,0,2026-01-18 22:00:00,2026-01-19 04:00:00,E,Havelock St,0,0,0,0
2026-01-18,14,10:00,123,17,15.9,4,2,32.49,0,2026-01-18 22:00:00,2026-01-19 04:00:00,E,High Park Loop,0,0,0,0
2026-01-18,14,10:00,123,17,15.9,4,2,32.49,0,2026-01-18 22:00:00,2026-01-19 04:00:00,E,Queens Park (Queen's Park Station),0,0,0,0
2026-01-18,14,10:00,123,17,15.9,4,2,32.49,0,2026-01-18 22:00:00,2026-01-19 04:00:00,E,Roncesvalles Ave,0,2,5,0
2026-01-18,14,10:00,123,17,15.9,4,2,32.49,0,2026-01-18 22:00:00,2026-01-19 04:00:00,E,De Grassi St,5,3,5,0
2026-01-18,14,10:00,123,17,15.9,4,2,32.49,0,2026-01-18 22:00:00,2026-01-19 04:00:00,E,Parliament St at Carlton St,0,0,0,0
2026-01-18,14,10:00,123,17,15.9,4,2,32.49,0,2026-01-18 22:00:00,2026-01-19 04:00:00,E,Parkside Dr East Side,0,2,4,0
2026-01-18,14,10:00,123,17,15.9,4,2,32.49,0,2026-01-18 22:00:00,2026-01-19 04:00:00,E,Dundas St West,0,2,3,0
2026-01-18,14,10:00,123,17,15.9,4,2,32.49,0,2026-01-18 22:00:00,2026-01-19 04:00:00,E,Howard Park Ave at Roncesvalles Ave,0,0,0,0
2026-01-18,14,10:00,123,17,15.9,4,2,32.49,0,2026-01-18 22:00:00,2026-01-19 04:00:00,E,Parliament St,0,0,0,0
2026-01-18,14,10:00,123,17,15.9,4,2,32.49,0,2026-01-18 22:00:00,2026-01-19 04:00:00,E,Parliament St at Gerrard St East,5,2,4,0
2026-01-18,14,10:00,123,17,15.9,4,2,32.49,0,2026-01-18 22:00:00,2026-01-19 04:00:00,E,Sumach St,4,3,4,0
2026-01-18,14,10:00,123,17,15.9,4,2,32.49,0,2026-01-18 22:00:00,2026-01-19 04:00:00,E,Blackburn St,4,3,4,0
2026-01-18,14,10:00,123,17,15.9,4,2,32.49,0,2026-01-18 22:00:00,2026-01-19 04:00:00,E,Logan Ave,5,2,5,0
2026-01-18,14,10:00,123,17,15.9,4,2,32.49,0,2026-01-18 22:00:00,2026-01-19 04:00:00,E,Augusta Ave,0,1,2,0
2026-01-18,14,10:00,123,17,15.9,4,2,32.49,0,2026-01-18 22:00:00,2026-01-19 04:00:00,E,Beverley St,2,3,4,0
2026-01-18,14,10:00,123,17,15.9,4,2,32.49,0,2026-01-18 22:00:00,2026-01-19 04:00:00,E,University Ave (Queen's Park Station,2,1,4,0
2026-01-18,14,10:00,123,17,15.9,4,2,32.49,0,2026-01-18 22:00:00,2026-01-19 04:00:00,E,Elizabeth St,1,1,4,0
2026-01-18,14,10:00,123,17,15.9,4,2,32.49,0,2026-01-18 22:00:00,2026-01-19 04:00:00,E,Greenwood Ave,4,3,4,0
2026-01-18,14,10:00,123,17,15.9,4,2,32.49,0,2026-01-18 22:00:00,2026-01-19 04:00:00,E,Alton Ave,7,3,5,0
2026-01-18,14,10:00,123,17,15.9,4,2,32.49,0,2026-01-18 22:00:00,2026-01-19 04:00:00,E,Coxwell Ave,6,2,5,0
2026-01-18,14,10:00,123,17,15.9,4,2,32.49,0,2026-01-18 22:00:00,2026-01-19 04:00:00,E,Gerrard St East  at Coxwell Ave,0,0,0,0
2026-01-18,14,10:00,123,17,15.9,4,2,32.49,0,2026-01-18 22:00:00,2026-01-19 04:00:00,E,Coxwell Ave at Lower Gerrard St East,0,0,0,0
2026-01-18,14,10:00,123,17,15.9,4,2,32.49,0,2026-01-18 22:00:00,2026-01-19 04:00:00,E,Ashdale Ave,0,0,0,0
2026-01-18,14,10:00,123,17,15.9,4,2,32.49,0,2026-01-18 22:00:00,2026-01-19 04:00:00,E,Howard Park Ave at Indian Rd,0,0,0,0
2026-01-18,14,10:00,123,17,15.9,4,2,32.49,0,2026-01-18 22:00:00,2026-01-19 04:00:00,E,Dundas St West at Howard Park Ave,0,0,0,0
2026-01-18,14,10:00,123,17,15.9,4,2,32.49,0,2026-01-18 22:00:00,2026-01-19 04:00:00,E,Main St at Gerrard St East,0,0,0,0
2026-01-18,14,10:00,123,17,15.9,4,2,32.49,0,2026-01-18 22:00:00,2026-01-19 04:00:00,E,Main St,5,4,3,0
2026-01-18,14,10:00,123,17,15.9,4,2,32.49,0,2026-01-18 22:00:00,2026-01-19 04:00:00,E,Main St at Danforth Ave,0,0,0,0
2026-01-18,14,10:00,123,17,15.9,4,2,32.49,0,2026-01-18 22:00:00,2026-01-19 04:00:00,E,Howard Park Ave at Parkside Dr,0,0,0,0
2026-01-18,14,10:00,123,17,15.9,4,2,32.49,0,2026-01-18 22:00:00,2026-01-19 04:00:00,W,Woodfield Rd,1,3,3,0
2026-01-18,14,10:00,123,17,15.9,4,2,32.49,0,2026-01-18 22:00:00,2026-01-19 04:00:00,W,Coxwell Ave at Gerrard St East,0,0,0,0
2026-01-18,14,10:00,123,17,15.9,4,2,32.49,0,2026-01-18 22:00:00,2026-01-19 04:00:00,W,Euclid Ave,0,0,0,0
2026-01-18,14,10:00,123,17,15.9,4,2,32.49,0,2026-01-18 22:00:00,2026-01-19 04:00:00,W,Bowmore Rd,1,3,3,0
2026-01-18,14,10:00,123,17,15.9,4,2,32.49,0,2026-01-18 22:00:00,2026-01-19 04:00:00,W,Bay St,0,0,0,0
2026-01-18,14,10:00,123,17,15.9,4,2,32.49,0,2026-01-18 22:00:00,2026-01-19 04:00:00,W,Lansdowne Ave,0,0,0,0
2026-01-18,14,10:00,123,17,15.9,4,2,32.49,0,2026-01-18 22:00:00,2026-01-19 04:00:00,W,Indian Rd,0,0,0,0
2026-01-18,14,10:00,123,17,15.9,4,2,32.49,0,2026-01-18 22:00:00,2026-01-19 04:00:00,W,Grace St,0,0,0,0
2026-01-18,14,10:00,123,17,15.9,4,2,32.49,0,2026-01-18 22:00:00,2026-01-19 04:00:00,W,Dufferin St,0,0,0,0
2026-01-18,14,10:00,123,17,15.9,4,2,32.49,0,2026-01-18 22:00:00,2026-01-19 04:00:00,W,Gerrard St East at Beaton Ave,0,0,0,0
2026-01-18,14,10:00,123,17,15.9,4,2,32.49,0,2026-01-18 22:00:00,2026-01-19 04:00:00,W,Bathurst St,0,0,0,0
2026-01-18,14,10:00,123,17,15.9,4,2,32.49,0,2026-01-18 22:00:00,2026-01-19 04:00:00,W,Yonge St - College Station,0,0,0,0
2026-01-18,14,10:00,123,17,15.9,4,2,32.49,0,2026-01-18 22:00:00,2026-01-19 04:00:00,W,Dundas St West at Sterling Rd,0,0,0,0
2026-01-18,14,10:00,123,17,15.9,4,2,32.49,0,2026-01-18 22:00:00,2026-01-19 04:00:00,W,Brock Ave,0,0,0,0
2026-01-18,14,10:00,123,17,15.9,4,2,32.49,0,2026-01-18 22:00:00,2026-01-19 04:00:00,W,Sackville St,0,0,0,0
2026-01-18,14,10:00,123,17,15.9,4,2,32.49,0,2026-01-18 22:00:00,2026-01-19 04:00:00,W,Carlaw Ave,0,0,0,0
2026-01-18,14,10:00,123,17,15.9,4,2,32.49,0,2026-01-18 22:00:00,2026-01-19 04:00:00,W,Borden St,0,0,0,0
2026-01-18,14,10:00,123,17,15.9,4,2,32.49,0,2026-01-18 22:00:00,2026-01-19 04:00:00,W,Dundas St West at Sorauren Ave,0,0,0,0
2026-01-18,14,10:00,123,17,15.9,4,2,32.49,0,2026-01-18 22:00:00,2026-01-19 04:00:00,W,Crawford St,0,0,0,0
2026-01-18,14,10:00,123,17,15.9,4,2,32.49,0,2026-01-18 22:00:00,2026-01-19 04:00:00,W,Pape Ave,0,0,0,0
2026-01-18,14,10:00,123,17,15.9,4,2,32.49,0,2026-01-18 22:00:00,2026-01-19 04:00:00,W,Spadina Ave,0,0,0,0
2026-01-18,14,10:00,123,17,15.9,4,2,32.49,0,2026-01-18 22:00:00,2026-01-19 04:00:00,W,River St,2,3,5,0
2026-01-18,14,10:00,123,17,15.9,4,2,32.49,0,2026-01-18 22:00:00,2026-01-19 04:00:00,W,Marjory Ave,0,0,0,0
2026-01-18,14,10:00,123,17,15.9,4,2,32.49,0,2026-01-18 22:00:00,2026-01-19 04:00:00,W,Kingsmount Park Rd,0,0,0,0
2026-01-18,14,10:00,123,17,15.9,4,2,32.49,0,2026-01-18 22:00:00,2026-01-19 04:00:00,W,Church St,0,0,0,0
2026-01-18,14,10:00,123,17,15.9,4,2,32.49,0,2026-01-18 22:00:00,2026-01-19 04:00:00,W,Ossington Ave,0,0,0,0
2026-01-18,14,10:00,123,17,15.9,4,2,32.49,0,2026-01-18 22:00:00,2026-01-19 04:00:00,W,Woodbine Ave,0,0,0,0
2026-01-18,14,10:00,123,17,15.9,4,2,32.49,0,2026-01-18 22:00:00,2026-01-19 04:00:00,W,Jones Ave,0,0,0,0
2026-01-18,14,10:00,123,17,15.9,4,2,32.49,0,2026-01-18 22:00:00,2026-01-19 04:00:00,W,Golfview Ave,0,0,0,0
2026-01-18,14,10:00,123,17,15.9,4,2,32.49,0,2026-01-18 22:00:00,2026-01-19 04:00:00,W,Leslie St,0,0,0,0
2026-01-18,14,10:00,123,17,15.9,4,2,32.49,0,2026-01-18 22:00:00,2026-01-19 04:00:00,W,St Matthews Rd,2,3,4,0
2026-01-18,14,10:00,123,17,15.9,4,2,32.49,0,2026-01-18 22:00:00,2026-01-19 04:00:00,W,Jarvis St,0,0,0,0
2026-01-18,14,10:00,123,17,15.9,4,2,32.49,0,2026-01-18 22:00:00,2026-01-19 04:00:00,W,Sherbourne St,0,0,0,0
2026-01-18,14,10:00,123,17,15.9,4,2,32.49,0,2026-01-18 22:00:00,2026-01-19 04:00:00,W,St George St,3,5,6,0
2026-01-18,14,10:00,123,17,15.9,4,2,32.49,0,2026-01-18 22:00:00,2026-01-19 04:00:00,W,Dovercourt Rd,0,0,0,0
2026-01-18,14,10:00,123,17,15.9,4,2,32.49,0,2026-01-18 22:00:00,2026-01-19 04:00:00,W,Glenmount Park Rd,0,0,0,0
2026-01-18,14,10:00,123,17,15.9,4,2,32.49,0,2026-01-18 22:00:00,2026-01-19 04:00:00,W,Prust Ave,1,3,4,0
2026-01-18,14,10:00,123,17,15.9,4,2,32.49,0,2026-01-18 22:00:00,2026-01-19 04:00:00,W,Main Street Station at Bay 7,0,0,0,0
2026-01-18,14,10:00,123,17,15.9,4,2,32.49,0,2026-01-18 22:00:00,2026-01-19 04:00:00,W,Norwood Rd,0,0,0,0
2026-01-18,14,10:00,123,17,15.9,4,2,32.49,0,2026-01-18 22:00:00,2026-01-19 04:00:00,W,McCaul St,0,0,0,0
2026-01-18,14,10:00,123,17,15.9,4,2,32.49,0,2026-01-18 22:00:00,2026-01-19 04:00:00,W,Broadview Ave,0,0,0,0
2026-01-18,14,10:00,123,17,15.9,4,2,32.49,0,2026-01-18 22:00:00,2026-01-19 04:00:00,W,Ontario St,0,0,0,0
2026-01-18,14,10:00,123,17,15.9,4,2,32.49,0,2026-01-18 22:00:00,2026-01-19 04:00:00,W,Rusholme Park Cres,0,0,0,0
2026-01-18,14,10:00,123,17,15.9,4,2,32.49,0,2026-01-18 22:00:00,2026-01-19 04:00:00,W,Havelock St,3,4,5,0
2026-01-18,14,10:00,123,17,15.9,4,2,32.49,0,2026-01-18 22:00:00,2026-01-19 04:00:00,W,High Park Loop,0,0,0,0
2026-01-18,14,10:00,123,17,15.9,4,2,32.49,0,2026-01-18 22:00:00,2026-01-19 04:00:00,W,Queens Park (Queen's Park Station),3,3,6,0
2026-01-18,14,10:00,123,17,15.9,4,2,32.49,0,2026-01-18 22:00:00,2026-01-19 04:00:00,W,Roncesvalles Ave,0,0,0,0
2026-01-18,14,10:00,123,17,15.9,4,2,32.49,0,2026-01-18 22:00:00,2026-01-19 04:00:00,W,De Grassi St,0,0,0,0
2026-01-18,14,10:00,123,17,15.9,4,2,32.49,0,2026-01-18 22:00:00,2026-01-19 04:00:00,W,Parliament St at Carlton St,2,2,4,0
2026-01-18,14,10:00,123,17,15.9,4,2,32.49,0,2026-01-18 22:00:00,2026-01-19 04:00:00,W,Parkside Dr East Side,0,0,0,0
2026-01-18,14,10:00,123,17,15.9,4,2,32.49,0,2026-01-18 22:00:00,2026-01-19 04:00:00,W,Dundas St West,0,0,0,0
2026-01-18,14,10:00,123,17,15.9,4,2,32.49,0,2026-01-18 22:00:00,2026-01-19 04:00:00,W,Howard Park Ave at Roncesvalles Ave,4,5,4,0
2026-01-18,14,10:00,123,17,15.9,4,2,32.49,0,2026-01-18 22:00:00,2026-01-19 04:00:00,W,Parliament St,3,3,5,0
2026-01-18,14,10:00,123,17,15.9,4,2,32.49,0,2026-01-18 22:00:00,2026-01-19 04:00:00,W,Parliament St at Gerrard St East,0,0,0,0
2026-01-18,14,10:00,123,17,15.9,4,2,32.49,0,2026-01-18 22:00:00,2026-01-19 04:00:00,W,Sumach St,0,0,0,0
2026-01-18,14,10:00,123,17,15.9,4,2,32.49,0,2026-01-18 22:00:00,2026-01-19 04:00:00,W,Blackburn St,0,0,0,0
2026-01-18,14,10:00,123,17,15.9,4,2,32.49,0,2026-01-18 22:00:00,2026-01-19 04:00:00,W,Logan Ave,0,0,0,0
2026-01-18,14,10:00,123,17,15.9,4,2,32.49,0,2026-01-18 22:00:00,2026-01-19 04:00:00,W,Augusta Ave,0,0,0,0
2026-01-18,14,10:00,123,17,15.9,4,2,32.49,0,2026-01-18 22:00:00,2026-01-19 04:00:00,W,Beverley St,0,0,0,0
2026-01-18,14,10:00,123,17,15.9,4,2,32.49,0,2026-01-18 22:00:00,2026-01-19 04:00:00,W,University Ave (Queen's Park Station,0,0,0,0
2026-01-18,14,10:00,123,17,15.9,4,2,32.49,0,2026-01-18 22:00:00,2026-01-19 04:00:00,W,Elizabeth St,0,0,0,0
2026-01-18,14,10:00,123,17,15.9,4,2,32.49,0,2026-01-18 22:00:00,2026-01-19 04:00:00,W,Greenwood Ave,0,0,0,0
2026-01-18,14,10:00,123,17,15.9,4,2,32.49,0,2026-01-18 22:00:00,2026-01-19 04:00:00,W,Alton Ave,0,0,0,0
2026-01-18,14,10:00,123,17,15.9,4,2,32.49,0,2026-01-18 22:00:00,2026-01-19 04:00:00,W,Coxwell Ave,0,0,0,0
2026-01-18,14,10:00,123,17,15.9,4,2,32.49,0,2026-01-18 22:00:00,2026-01-19 04:00:00,W,Gerrard St East  at Coxwell Ave,1,3,3,0
2026-01-18,14,10:00,123,17,15.9,4,2,32.49,0,2026-01-18 22:00:00,2026-01-19 04:00:00,W,Coxwell Ave at Lower Gerrard St East,1,3,3,0
2026-01-18,14,10:00,123,17,15.9,4,2,32.49,0,2026-01-18 22:00:00,2026-01-19 04:00:00,W,Ashdale Ave,1,2,3,0
2026-01-18,14,10:00,123,17,15.9,4,2,32.49,0,2026-01-18 22:00:00,2026-01-19 04:00:00,W,Howard Park Ave at Indian Rd,4,6,6,0
2026-01-18,14,10:00,123,17,15.9,4,2,32.49,0,2026-01-18 22:00:00,2026-01-19 04:00:00,W,Dundas St West at Howard Park Ave,5,5,4,0
2026-01-18,14,10:00,123,17,15.9,4,2,32.49,0,2026-01-18 22:00:00,2026-01-19 04:00:00,W,Main St at Gerrard St East,0,3,2,0
2026-01-18,14,10:00,123,17,15.9,4,2,32.49,0,2026-01-18 22:00:00,2026-01-19 04:00:00,W,Main St,0,0,0,0
2026-01-18,14,10:00,123,17,15.9,4,2,32.49,0,2026-01-18 22:00:00,2026-01-19 04:00:00,W,Main St at Danforth Ave,0,0,0,0
2026-01-18,14,10:00,123,17,15.9,4,2,32.49,0,2026-01-18 22:00:00,2026-01-19 04:00:00,W,Howard Park Ave at Parkside Dr,4,5,7,0
2026-01-25,14,10:00,123,17,15.9,4,2,32.49,0,2026-01-25 22:00:00,2026-01-26 04:00:00,E,Woodfield Rd,0,0,0,0
2026-01-25,14,10:00,123,17,15.9,4,2,32.49,0,2026-01-25 22:00:00,2026-01-26 04:00:00,E,Coxwell Ave at Gerrard St East,1,6,2,3
2026-01-25,14,10:00,123,17,15.9,4,2,32.49,0,2026-01-25 22:00:00,2026-01-26 04:00:00,E,Euclid Ave,2,2,2,2
2026-01-25,14,10:00,123,17,15.9,4,2,32.49,0,2026-01-25 22:00:00,2026-01-26 04:00:00,E,Bowmore Rd,0,0,0,0
2026-01-25,14,10:00,123,17,15.9,4,2,32.49,0,2026-01-25 22:00:00,2026-01-26 04:00:00,E,Bay St,3,3,4,2
2026-01-25,14,10:00,123,17,15.9,4,2,32.49,0,2026-01-25 22:00:00,2026-01-26 04:00:00,E,Lansdowne Ave,1,3,2,3
2026-01-25,14,10:00,123,17,15.9,4,2,32.49,0,2026-01-25 22:00:00,2026-01-26 04:00:00,E,Indian Rd,0,2,4,2
2026-01-25,14,10:00,123,17,15.9,4,2,32.49,0,2026-01-25 22:00:00,2026-01-26 04:00:00,E,Grace St,1,2,2,3
2026-01-25,14,10:00,123,17,15.9,4,2,32.49,0,2026-01-25 22:00:00,2026-01-26 04:00:00,E,Dufferin St,1,3,2,5
2026-01-25,14,10:00,123,17,15.9,4,2,32.49,0,2026-01-25 22:00:00,2026-01-26 04:00:00,E,Gerrard St East at Beaton Ave,1,6,2,3
2026-01-25,14,10:00,123,17,15.9,4,2,32.49,0,2026-01-25 22:00:00,2026-01-26 04:00:00,E,Bathurst St,3,2,3,5
2026-01-25,14,10:00,123,17,15.9,4,2,32.49,0,2026-01-25 22:00:00,2026-01-26 04:00:00,E,Yonge St - College Station,3,2,3,2
2026-01-25,14,10:00,123,17,15.9,4,2,32.49,0,2026-01-25 22:00:00,2026-01-26 04:00:00,E,Dundas St West at Sterling Rd,1,2,3,2
2026-01-25,14,10:00,123,17,15.9,4,2,32.49,0,2026-01-25 22:00:00,2026-01-26 04:00:00,E,Brock Ave,1,2,2,5
2026-01-25,14,10:00,123,17,15.9,4,2,32.49,0,2026-01-25 22:00:00,2026-01-26 04:00:00,E,Sackville St,3,5,5,0
2026-01-25,14,10:00,123,17,15.9,4,2,32.49,0,2026-01-25 22:00:00,2026-01-26 04:00:00,E,Carlaw Ave,2,6,4,0
2026-01-25,14,10:00,123,17,15.9,4,2,32.49,0,2026-01-25 22:00:00,2026-01-26 04:00:00,E,Borden St,3,3,3,3
2026-01-25,14,10:00,123,17,15.9,4,2,32.49,0,2026-01-25 22:00:00,2026-01-26 04:00:00,E,Dundas St West at Sorauren Ave,1,2,3,2
2026-01-25,14,10:00,123,17,15.9,4,2,32.49,0,2026-01-25 22:00:00,2026-01-26 04:00:00,E,Crawford St,1,2,2,3
2026-01-25,14,10:00,123,17,15.9,4,2,32.49,0,2026-01-25 22:00:00,2026-01-26 04:00:00,E,Pape Ave,2,6,6,0
2026-01-25,14,10:00,123,17,15.9,4,2,32.49,0,2026-01-25 22:00:00,2026-01-26 04:00:00,E,Spadina Ave,6,2,3,4
2026-01-25,14,10:00,123,17,15.9,4,2,32.49,0,2026-01-25 22:00:00,2026-01-26 04:00:00,E,River St,0,0,0,0
2026-01-25,14,10:00,123,17,15.9,4,2,32.49,0,2026-01-25 22:00:00,2026-01-26 04:00:00,E,Marjory Ave,3,6,6,0
2026-01-25,14,10:00,123,17,15.9,4,2,32.49,0,2026-01-25 22:00:00,2026-01-26 04:00:00,E,Kingsmount Park Rd,1,6,3,2
2026-01-25,14,10:00,123,17,15.9,4,2,32.49,0,2026-01-25 22:00:00,2026-01-26 04:00:00,E,Church St,4,2,3,2
2026-01-25,14,10:00,123,17,15.9,4,2,32.49,0,2026-01-25 22:00:00,2026-01-26 04:00:00,E,Ossington Ave,1,3,3,4
2026-01-25,14,10:00,123,17,15.9,4,2,32.49,0,2026-01-25 22:00:00,2026-01-26 04:00:00,E,Woodbine Ave,2,7,3,2
2026-01-25,14,10:00,123,17,15.9,4,2,32.49,0,2026-01-25 22:00:00,2026-01-26 04:00:00,E,Jones Ave,3,5,6,0
2026-01-25,14,10:00,123,17,15.9,4,2,32.49,0,2026-01-25 22:00:00,2026-01-26 04:00:00,E,Golfview Ave,2,7,3,2
2026-01-25,14,10:00,123,17,15.9,4,2,32.49,0,2026-01-25 22:00:00,2026-01-26 04:00:00,E,Leslie St,3,7,7,0
2026-01-25,14,10:00,123,17,15.9,4,2,32.49,0,2026-01-25 22:00:00,2026-01-26 04:00:00,E,St Matthews Rd,0,0,0,0
2026-01-25,14,10:00,123,17,15.9,4,2,32.49,0,2026-01-25 22:00:00,2026-01-26 04:00:00,E,Jarvis St,3,5,2,4
2026-01-25,14,10:00,123,17,15.9,4,2,32.49,0,2026-01-25 22:00:00,2026-01-26 04:00:00,E,Sherbourne St,3,4,2,4
2026-01-25,14,10:00,123,17,15.9,4,2,32.49,0,2026-01-25 22:00:00,2026-01-26 04:00:00,E,St George St,0,0,0,0
2026-01-25,14,10:00,123,17,15.9,4,2,32.49,0,2026-01-25 22:00:00,2026-01-26 04:00:00,E,Dovercourt Rd,1,3,1,4
2026-01-25,14,10:00,123,17,15.9,4,2,32.49,0,2026-01-25 22:00:00,2026-01-26 04:00:00,E,Glenmount Park Rd,2,8,3,2
2026-01-25,14,10:00,123,17,15.9,4,2,32.49,0,2026-01-25 22:00:00,2026-01-26 04:00:00,E,Prust Ave,0,0,0,0
2026-01-25,14,10:00,123,17,15.9,4,2,32.49,0,2026-01-25 22:00:00,2026-01-26 04:00:00,E,Main Street Station at Bay 7,0,0,0,0
2026-01-25,14,10:00,123,17,15.9,4,2,32.49,0,2026-01-25 22:00:00,2026-01-26 04:00:00,E,Norwood Rd,2,7,4,1
2026-01-25,14,10:00,123,17,15.9,4,2,32.49,0,2026-01-25 22:00:00,2026-01-26 04:00:00,E,McCaul St,5,1,3,2
2026-01-25,14,10:00,123,17,15.9,4,2,32.49,0,2026-01-25 22:00:00,2026-01-26 04:00:00,E,Broadview Ave,2,4,5,1
2026-01-25,14,10:00,123,17,15.9,4,2,32.49,0,2026-01-25 22:00:00,2026-01-26 04:00:00,E,Ontario St,3,5,4,2
2026-01-25,14,10:00,123,17,15.9,4,2,32.49,0,2026-01-25 22:00:00,2026-01-26 04:00:00,E,Rusholme Park Cres,1,3,1,4
2026-01-25,14,10:00,123,17,15.9,4,2,32.49,0,2026-01-25 22:00:00,2026-01-26 04:00:00,E,Havelock St,0,0,0,0
2026-01-25,14,10:00,123,17,15.9,4,2,32.49,0,2026-01-25 22:00:00,2026-01-26 04:00:00,E,High Park Loop,0,0,0,0
2026-01-25,14,10:00,123,17,15.9,4,2,32.49,0,2026-01-25 22:00:00,2026-01-26 04:00:00,E,Queens Park (Queen's Park Station),0,0,0,0
2026-01-25,14,10:00,123,17,15.9,4,2,32.49,0,2026-01-25 22:00:00,2026-01-26 04:00:00,E,Roncesvalles Ave,1,2,5,3
2026-01-25,14,10:00,123,17,15.9,4,2,32.49,0,2026-01-25 22:00:00,2026-01-26 04:00:00,E,De Grassi St,2,4,5,0
2026-01-25,14,10:00,123,17,15.9,4,2,32.49,0,2026-01-25 22:00:00,2026-01-26 04:00:00,E,Parliament St at Carlton St,0,0,0,0
2026-01-25,14,10:00,123,17,15.9,4,2,32.49,0,2026-01-25 22:00:00,2026-01-26 04:00:00,E,Parkside Dr East Side,1,2,5,2
2026-01-25,14,10:00,123,17,15.9,4,2,32.49,0,2026-01-25 22:00:00,2026-01-26 04:00:00,E,Dundas St West,0,2,5,2
2026-01-25,14,10:00,123,17,15.9,4,2,32.49,0,2026-01-25 22:00:00,2026-01-26 04:00:00,E,Howard Park Ave at Roncesvalles Ave,0,0,0,0
2026-01-25,14,10:00,123,17,15.9,4,2,32.49,0,2026-01-25 22:00:00,2026-01-26 04:00:00,E,Parliament St,0,0,0,0
2026-01-25,14,10:00,123,17,15.9,4,2,32.49,0,2026-01-25 22:00:00,2026-01-26 04:00:00,E,Parliament St at Gerrard St East,4,4,6,1
2026-01-25,14,10:00,123,17,15.9,4,2,32.49,0,2026-01-25 22:00:00,2026-01-26 04:00:00,E,Sumach St,3,5,5,0
2026-01-25,14,10:00,123,17,15.9,4,2,32.49,0,2026-01-25 22:00:00,2026-01-26 04:00:00,E,Blackburn St,2,5,6,0
2026-01-25,14,10:00,123,17,15.9,4,2,32.49,0,2026-01-25 22:00:00,2026-01-26 04:00:00,E,Logan Ave,2,5,4,0
2026-01-25,14,10:00,123,17,15.9,4,2,32.49,0,2026-01-25 22:00:00,2026-01-26 04:00:00,E,Augusta Ave,5,3,3,3
2026-01-25,14,10:00,123,17,15.9,4,2,32.49,0,2026-01-25 22:00:00,2026-01-26 04:00:00,E,Beverley St,5,2,4,1
2026-01-25,14,10:00,123,17,15.9,4,2,32.49,0,2026-01-25 22:00:00,2026-01-26 04:00:00,E,University Ave (Queen's Park Station,4,2,3,2
2026-01-25,14,10:00,123,17,15.9,4,2,32.49,0,2026-01-25 22:00:00,2026-01-26 04:00:00,E,Elizabeth St,3,2,3,1
2026-01-25,14,10:00,123,17,15.9,4,2,32.49,0,2026-01-25 22:00:00,2026-01-26 04:00:00,E,Greenwood Ave,3,5,5,0
2026-01-25,14,10:00,123,17,15.9,4,2,32.49,0,2026-01-25 22:00:00,2026-01-26 04:00:00,E,Alton Ave,3,6,5,0
2026-01-25,14,10:00,123,17,15.9,4,2,32.49,0,2026-01-25 22:00:00,2026-01-26 04:00:00,E,Coxwell Ave,1,7,3,2
2026-01-25,14,10:00,123,17,15.9,4,2,32.49,0,2026-01-25 22:00:00,2026-01-26 04:00:00,E,Gerrard St East  at Coxwell Ave,0,0,0,0
2026-01-25,14,10:00,123,17,15.9,4,2,32.49,0,2026-01-25 22:00:00,2026-01-26 04:00:00,E,Coxwell Ave at Lower Gerrard St East,0,0,0,0
2026-01-25,14,10:00,123,17,15.9,4,2,32.49,0,2026-01-25 22:00:00,2026-01-26 04:00:00,E,Ashdale Ave,0,0,0,0
2026-01-25,14,10:00,123,17,15.9,4,2,32.49,0,2026-01-25 22:00:00,2026-01-26 04:00:00,E,Howard Park Ave at Indian Rd,0,0,0,0
2026-01-25,14,10:00,123,17,15.9,4,2,32.49,0,2026-01-25 22:00:00,2026-01-26 04:00:00,E,Dundas St West at Howard Park Ave,0,0,0,0
2026-01-25,14,10:00,123,17,15.9,4,2,32.49,0,2026-01-25 22:00:00,2026-01-26 04:00:00,E,Main St at Gerrard St East,0,0,0,0
2026-01-25,14,10:00,123,17,15.9,4,2,32.49,0,2026-01-25 22:00:00,2026-01-26 04:00:00,E,Main St,2,7,4,1
2026-01-25,14,10:00,123,17,15.9,4,2,32.49,0,2026-01-25 22:00:00,2026-01-26 04:00:00,E,Main St at Danforth Ave,0,0,0,0
2026-01-25,14,10:00,123,17,15.9,4,2,32.49,0,2026-01-25 22:00:00,2026-01-26 04:00:00,E,Howard Park Ave at Parkside Dr,0,0,0,0
2026-01-25,14,10:00,123,17,15.9,4,2,32.49,0,2026-01-25 22:00:00,2026-01-26 04:00:00,W,Woodfield Rd,0,5,4,2
2026-01-25,14,10:00,123,17,15.9,4,2,32.49,0,2026-01-25 22:00:00,2026-01-26 04:00:00,W,Coxwell Ave at Gerrard St East,0,0,0,0
2026-01-25,14,10:00,123,17,15.9,4,2,32.49,0,2026-01-25 22:00:00,2026-01-26 04:00:00,W,Euclid Ave,0,0,0,0
2026-01-25,14,10:00,123,17,15.9,4,2,32.49,0,2026-01-25 22:00:00,2026-01-26 04:00:00,W,Bowmore Rd,0,4,2,3
2026-01-25,14,10:00,123,17,15.9,4,2,32.49,0,2026-01-25 22:00:00,2026-01-26 04:00:00,W,Bay St,0,0,0,0
2026-01-25,14,10:00,123,17,15.9,4,2,32.49,0,2026-01-25 22:00:00,2026-01-26 04:00:00,W,Lansdowne Ave,0,0,0,0
2026-01-25,14,10:00,123,17,15.9,4,2,32.49,0,2026-01-25 22:00:00,2026-01-26 04:00:00,W,Indian Rd,0,0,0,0
2026-01-25,14,10:00,123,17,15.9,4,2,32.49,0,2026-01-25 22:00:00,2026-01-26 04:00:00,W,Grace St,0,0,0,0
2026-01-25,14,10:00,123,17,15.9,4,2,32.49,0,2026-01-25 22:00:00,2026-01-26 04:00:00,W,Dufferin St,0,0,0,0
2026-01-25,14,10:00,123,17,15.9,4,2,32.49,0,2026-01-25 22:00:00,2026-01-26 04:00:00,W,Gerrard St East at Beaton Ave,0,0,0,0
2026-01-25,14,10:00,123,17,15.9,4,2,32.49,0,2026-01-25 22:00:00,2026-01-26 04:00:00,W,Bathurst St,0,0,0,0
2026-01-25,14,10:00,123,17,15.9,4,2,32.49,0,2026-01-25 22:00:00,2026-01-26 04:00:00,W,Yonge St - College Station,0,0,0,0
2026-01-25,14,10:00,123,17,15.9,4,2,32.49,0,2026-01-25 22:00:00,2026-01-26 04:00:00,W,Dundas St West at Sterling Rd,0,0,0,0
2026-01-25,14,10:00,123,17,15.9,4,2,32.49,0,2026-01-25 22:00:00,2026-01-26 04:00:00,W,Brock Ave,0,0,0,0
2026-01-25,14,10:00,123,17,15.9,4,2,32.49,0,2026-01-25 22:00:00,2026-01-26 04:00:00,W,Sackville St,0,0,0,0
2026-01-25,14,10:00,123,17,15.9,4,2,32.49,0,2026-01-25 22:00:00,2026-01-26 04:00:00,W,Carlaw Ave,0,0,0,0
2026-01-25,14,10:00,123,17,15.9,4,2,32.49,0,2026-01-25 22:00:00,2026-01-26 04:00:00,W,Borden St,0,0,0,0
2026-01-25,14,10:00,123,17,15.9,4,2,32.49,0,2026-01-25 22:00:00,2026-01-26 04:00:00,W,Dundas St West at Sorauren Ave,0,0,0,0
2026-01-25,14,10:00,123,17,15.9,4,2,32.49,0,2026-01-25 22:00:00,2026-01-26 04:00:00,W,Crawford St,0,0,0,0
2026-01-25,14,10:00,123,17,15.9,4,2,32.49,0,2026-01-25 22:00:00,2026-01-26 04:00:00,W,Pape Ave,0,0,0,0
2026-01-25,14,10:00,123,17,15.9,4,2,32.49,0,2026-01-25 22:00:00,2026-01-26 04:00:00,W,Spadina Ave,0,0,0,0
2026-01-25,14,10:00,123,17,15.9,4,2,32.49,0,2026-01-25 22:00:00,2026-01-26 04:00:00,W,River St,0,5,3,3
2026-01-25,14,10:00,123,17,15.9,4,2,32.49,0,2026-01-25 22:00:00,2026-01-26 04:00:00,W,Marjory Ave,0,0,0,0
2026-01-25,14,10:00,123,17,15.9,4,2,32.49,0,2026-01-25 22:00:00,2026-01-26 04:00:00,W,Kingsmount Park Rd,0,0,0,0
2026-01-25,14,10:00,123,17,15.9,4,2,32.49,0,2026-01-25 22:00:00,2026-01-26 04:00:00,W,Church St,0,0,0,0
2026-01-25,14,10:00,123,17,15.9,4,2,32.49,0,2026-01-25 22:00:00,2026-01-26 04:00:00,W,Ossington Ave,0,0,0,0
2026-01-25,14,10:00,123,17,15.9,4,2,32.49,0,2026-01-25 22:00:00,2026-01-26 04:00:00,W,Woodbine Ave,0,0,0,0
2026-01-25,14,10:00,123,17,15.9,4,2,32.49,0,2026-01-25 22:00:00,2026-01-26 04:00:00,W,Jones Ave,0,0,0,0
2026-01-25,14,10:00,123,17,15.9,4,2,32.49,0,2026-01-25 22:00:00,2026-01-26 04:00:00,W,Golfview Ave,0,0,0,0
2026-01-25,14,10:00,123,17,15.9,4,2,32.49,0,2026-01-25 22:00:00,2026-01-26 04:00:00,W,Leslie St,0,0,0,0
2026-01-25,14,10:00,123,17,15.9,4,2,32.49,0,2026-01-25 22:00:00,2026-01-26 04:00:00,W,St Matthews Rd,0,5,4,3
2026-01-25,14,10:00,123,17,15.9,4,2,32.49,0,2026-01-25 22:00:00,2026-01-26 04:00:00,W,Jarvis St,0,0,0,0
2026-01-25,14,10:00,123,17,15.9,4,2,32.49,0,2026-01-25 22:00:00,2026-01-26 04:00:00,W,Sherbourne St,0,0,0,0
2026-01-25,14,10:00,123,17,15.9,4,2,32.49,0,2026-01-25 22:00:00,2026-01-26 04:00:00,W,St George St,1,3,4,4
2026-01-25,14,10:00,123,17,15.9,4,2,32.49,0,2026-01-25 22:00:00,2026-01-26 04:00:00,W,Dovercourt Rd,0,0,0,0
2026-01-25,14,10:00,123,17,15.9,4,2,32.49,0,2026-01-25 22:00:00,2026-01-26 04:00:00,W,Glenmount Park Rd,0,0,0,0
2026-01-25,14,10:00,123,17,15.9,4,2,32.49,0,2026-01-25 22:00:00,2026-01-26 04:00:00,W,Prust Ave,0,6,3,3
2026-01-25,14,10:00,123,17,15.9,4,2,32.49,0,2026-01-25 22:00:00,2026-01-26 04:00:00,W,Main Street Station at Bay 7,0,0,0,0
2026-01-25,14,10:00,123,17,15.9,4,2,32.49,0,2026-01-25 22:00:00,2026-01-26 04:00:00,W,Norwood Rd,0,0,0,0
2026-01-25,14,10:00,123,17,15.9,4,2,32.49,0,2026-01-25 22:00:00,2026-01-26 04:00:00,W,McCaul St,0,0,0,0
2026-01-25,14,10:00,123,17,15.9,4,2,32.49,0,2026-01-25 22:00:00,2026-01-26 04:00:00,W,Broadview Ave,0,0,0,0
2026-01-25,14,10:00,123,17,15.9,4,2,32.49,0,2026-01-25 22:00:00,2026-01-26 04:00:00,W,Ontario St,0,0,0,0
2026-01-25,14,10:00,123,17,15.9,4,2,32.49,0,2026-01-25 22:00:00,2026-01-26 04:00:00,W,Rusholme Park Cres,0,0,0,0
2026-01-25,14,10:00,123,17,15.9,4,2,32.49,0,2026-01-25 22:00:00,2026-01-26 04:00:00,W,Havelock St,0,4,3,2
2026-01-25,14,10:00,123,17,15.9,4,2,32.49,0,2026-01-25 22:00:00,2026-01-26 04:00:00,W,High Park Loop,0,0,0,0
2026-01-25,14,10:00,123,17,15.9,4,2,32.49,0,2026-01-25 22:00:00,2026-01-26 04:00:00,W,Queens Park (Queen's Park Station),2,4,2,5
2026-01-25,14,10:00,123,17,15.9,4,2,32.49,0,2026-01-25 22:00:00,2026-01-26 04:00:00,W,Roncesvalles Ave,0,0,0,0
2026-01-25,14,10:00,123,17,15.9,4,2,32.49,0,2026-01-25 22:00:00,2026-01-26 04:00:00,W,De Grassi St,0,0,0,0
2026-01-25,14,10:00,123,17,15.9,4,2,32.49,0,2026-01-25 22:00:00,2026-01-26 04:00:00,W,Parliament St at Carlton St,0,5,3,3
2026-01-25,14,10:00,123,17,15.9,4,2,32.49,0,2026-01-25 22:00:00,2026-01-26 04:00:00,W,Parkside Dr East Side,0,0,0,0
2026-01-25,14,10:00,123,17,15.9,4,2,32.49,0,2026-01-25 22:00:00,2026-01-26 04:00:00,W,Dundas St West,0,0,0,0
2026-01-25,14,10:00,123,17,15.9,4,2,32.49,0,2026-01-25 22:00:00,2026-01-26 04:00:00,W,Howard Park Ave at Roncesvalles Ave,1,4,4,2
2026-01-25,14,10:00,123,17,15.9,4,2,32.49,0,2026-01-25 22:00:00,2026-01-26 04:00:00,W,Parliament St,0,5,3,3
2026-01-25,14,10:00,123,17,15.9,4,2,32.49,0,2026-01-25 22:00:00,2026-01-26 04:00:00,W,Parliament St at Gerrard St East,0,0,0,0
2026-01-25,14,10:00,123,17,15.9,4,2,32.49,0,2026-01-25 22:00:00,2026-01-26 04:00:00,W,Sumach St,0,0,0,0
2026-01-25,14,10:00,123,17,15.9,4,2,32.49,0,2026-01-25 22:00:00,2026-01-26 04:00:00,W,Blackburn St,0,0,0,0
2026-01-25,14,10:00,123,17,15.9,4,2,32.49,0,2026-01-25 22:00:00,2026-01-26 04:00:00,W,Logan Ave,0,0,0,0
2026-01-25,14,10:00,123,17,15.9,4,2,32.49,0,2026-01-25 22:00:00,2026-01-26 04:00:00,W,Augusta Ave,0,0,0,0
2026-01-25,14,10:00,123,17,15.9,4,2,32.49,0,2026-01-25 22:00:00,2026-01-26 04:00:00,W,Beverley St,0,0,0,0
2026-01-25,14,10:00,123,17,15.9,4,2,32.49,0,2026-01-25 22:00:00,2026-01-26 04:00:00,W,University Ave (Queen's Park Station,0,0,0,0
2026-01-25,14,10:00,123,17,15.9,4,2,32.49,0,2026-01-25 22:00:00,2026-01-26 04:00:00,W,Elizabeth St,0,0,0,0
2026-01-25,14,10:00,123,17,15.9,4,2,32.49,0,2026-01-25 22:00:00,2026-01-26 04:00:00,W,Greenwood Ave,0,0,0,0
2026-01-25,14,10:00,123,17,15.9,4,2,32.49,0,2026-01-25 22:00:00,2026-01-26 04:00:00,W,Alton Ave,0,0,0,0
2026-01-25,14,10:00,123,17,15.9,4,2,32.49,0,2026-01-25 22:00:00,2026-01-26 04:00:00,W,Coxwell Ave,0,0,0,0
2026-01-25,14,10:00,123,17,15.9,4,2,32.49,0,2026-01-25 22:00:00,2026-01-26 04:00:00,W,Gerrard St East  at Coxwell Ave,0,4,3,2
2026-01-25,14,10:00,123,17,15.9,4,2,32.49,0,2026-01-25 22:00:00,2026-01-26 04:00:00,W,Coxwell Ave at Lower Gerrard St East,0,4,2,3
2026-01-25,14,10:00,123,17,15.9,4,2,32.49,0,2026-01-25 22:00:00,2026-01-26 04:00:00,W,Ashdale Ave,0,5,3,3
2026-01-25,14,10:00,123,17,15.9,4,2,32.49,0,2026-01-25 22:00:00,2026-01-26 04:00:00,W,Howard Park Ave at Indian Rd,2,5,4,2
2026-01-25,14,10:00,123,17,15.9,4,2,32.49,0,2026-01-25 22:00:00,2026-01-26 04:00:00,W,Dundas St West at Howard Park Ave,1,5,3,2
2026-01-25,14,10:00,123,17,15.9,4,2,32.49,0,2026-01-25 22:00:00,2026-01-26 04:00:00,W,Main St at Gerrard St East,0,3,2,2
2026-01-25,14,10:00,123,17,15.9,4,2,32.49,0,2026-01-25 22:00:00,2026-01-26 04:00:00,W,Main St,0,0,0,0
2026-01-25,14,10:00,123,17,15.9,4,2,32.49,0,2026-01-25 22:00:00,2026-01-26 04:00:00,W,Main St at Danforth Ave,0,0,0,0
2026-01-25,14,10:00,123,17,15.9,4,2,32.49,0,2026-01-25 22:00:00,2026-01-26 04:00:00,W,Howard Park Ave at Parkside Dr,2,5,4,2
2026-02-01,14,10:00,123,17,15.9,4,2,32.49,0,2026-02-01 22:00:00,2026-02-02 04:00:00,E,Woodfield Rd,0,0,0,0
2026-02-01,14,10:00,123,17,15.9,4,2,32.49,0,2026-02-01 22:00:00,2026-02-02 04:00:00,E,Coxwell Ave at Gerrard St East,3,4,6,0
2026-02-01,14,10:00,123,17,15.9,4,2,32.49,0,2026-02-01 22:00:00,2026-02-02 04:00:00,E,Euclid Ave,2,2,6,0
2026-02-01,14,10:00,123,17,15.9,4,2,32.49,0,2026-02-01 22:00:00,2026-02-02 04:00:00,E,Bowmore Rd,0,0,0,0
2026-02-01,14,10:00,123,17,15.9,4,2,32.49,0,2026-02-01 22:00:00,2026-02-02 04:00:00,E,Bay St,2,1,7,1
2026-02-01,14,10:00,123,17,15.9,4,2,32.49,0,2026-02-01 22:00:00,2026-02-02 04:00:00,E,Lansdowne Ave,1,3,5,0
2026-02-01,14,10:00,123,17,15.9,4,2,32.49,0,2026-02-01 22:00:00,2026-02-02 04:00:00,E,Indian Rd,0,5,5,0
2026-02-01,14,10:00,123,17,15.9,4,2,32.49,0,2026-02-01 22:00:00,2026-02-02 04:00:00,E,Grace St,2,2,6,0
2026-02-01,14,10:00,123,17,15.9,4,2,32.49,0,2026-02-01 22:00:00,2026-02-02 04:00:00,E,Dufferin St,1,3,6,0
2026-02-01,14,10:00,123,17,15.9,4,2,32.49,0,2026-02-01 22:00:00,2026-02-02 04:00:00,E,Gerrard St East at Beaton Ave,3,5,7,0
2026-02-01,14,10:00,123,17,15.9,4,2,32.49,0,2026-02-01 22:00:00,2026-02-02 04:00:00,E,Bathurst St,2,2,6,0
2026-02-01,14,10:00,123,17,15.9,4,2,32.49,0,2026-02-01 22:00:00,2026-02-02 04:00:00,E,Yonge St - College Station,2,1,7,1
2026-02-01,14,10:00,123,17,15.9,4,2,32.49,0,2026-02-01 22:00:00,2026-02-02 04:00:00,E,Dundas St West at Sterling Rd,0,4,4,0
2026-02-01,14,10:00,123,17,15.9,4,2,32.49,0,2026-02-01 22:00:00,2026-02-02 04:00:00,E,Brock Ave,1,3,6,0
2026-02-01,14,10:00,123,17,15.9,4,2,32.49,0,2026-02-01 22:00:00,2026-02-02 04:00:00,E,Sackville St,4,3,6,2
2026-02-01,14,10:00,123,17,15.9,4,2,32.49,0,2026-02-01 22:00:00,2026-02-02 04:00:00,E,Carlaw Ave,3,3,5,1
2026-02-01,14,10:00,123,17,15.9,4,2,32.49,0,2026-02-01 22:00:00,2026-02-02 04:00:00,E,Borden St,1,2,6,0
2026-02-01,14,10:00,123,17,15.9,4,2,32.49,0,2026-02-01 22:00:00,2026-02-02 04:00:00,E,Dundas St West at Sorauren Ave,0,4,4,0
2026-02-01,14,10:00,123,17,15.9,4,2,32.49,0,2026-02-01 22:00:00,2026-02-02 04:00:00,E,Crawford St,2,2,6,0
2026-02-01,14,10:00,123,17,15.9,4,2,32.49,0,2026-02-01 22:00:00,2026-02-02 04:00:00,E,Pape Ave,4,2,5,1
2026-02-01,14,10:00,123,17,15.9,4,2,32.49,0,2026-02-01 22:00:00,2026-02-02 04:00:00,E,Spadina Ave,3,2,6,0
2026-02-01,14,10:00,123,17,15.9,4,2,32.49,0,2026-02-01 22:00:00,2026-02-02 04:00:00,E,River St,0,0,0,0
2026-02-01,14,10:00,123,17,15.9,4,2,32.49,0,2026-02-01 22:00:00,2026-02-02 04:00:00,E,Marjory Ave,4,2,5,1
2026-02-01,14,10:00,123,17,15.9,4,2,32.49,0,2026-02-01 22:00:00,2026-02-02 04:00:00,E,Kingsmount Park Rd,3,5,7,0
2026-02-01,14,10:00,123,17,15.9,4,2,32.49,0,2026-02-01 22:00:00,2026-02-02 04:00:00,E,Church St,4,2,7,1
2026-02-01,14,10:00,123,17,15.9,4,2,32.49,0,2026-02-01 22:00:00,2026-02-02 04:00:00,E,Ossington Ave,2,2,6,0
2026-02-01,14,10:00,123,17,15.9,4,2,32.49,0,2026-02-01 22:00:00,2026-02-02 04:00:00,E,Woodbine Ave,3,5,8,0
2026-02-01,14,10:00,123,17,15.9,4,2,32.49,0,2026-02-01 22:00:00,2026-02-02 04:00:00,E,Jones Ave,4,3,5,1
2026-02-01,14,10:00,123,17,15.9,4,2,32.49,0,2026-02-01 22:00:00,2026-02-02 04:00:00,E,Golfview Ave,3,5,7,0
2026-02-01,14,10:00,123,17,15.9,4,2,32.49,0,2026-02-01 22:00:00,2026-02-02 04:00:00,E,Leslie St,3,3,5,1
2026-02-01,14,10:00,123,17,15.9,4,2,32.49,0,2026-02-01 22:00:00,2026-02-02 04:00:00,E,St Matthews Rd,0,0,0,0
2026-02-01,14,10:00,123,17,15.9,4,2,32.49,0,2026-02-01 22:00:00,2026-02-02 04:00:00,E,Jarvis St,0,3,7,1
2026-02-01,14,10:00,123,17,15.9,4,2,32.49,0,2026-02-01 22:00:00,2026-02-02 04:00:00,E,Sherbourne St,1,4,6,2
2026-02-01,14,10:00,123,17,15.9,4,2,32.49,0,2026-02-01 22:00:00,2026-02-02 04:00:00,E,St George St,0,0,0,0
2026-02-01,14,10:00,123,17,15.9,4,2,32.49,0,2026-02-01 22:00:00,2026-02-02 04:00:00,E,Dovercourt Rd,1,3,6,0
2026-02-01,14,10:00,123,17,15.9,4,2,32.49,0,2026-02-01 22:00:00,2026-02-02 04:00:00,E,Glenmount Park Rd,3,5,7,0
2026-02-01,14,10:00,123,17,15.9,4,2,32.49,0,2026-02-01 22:00:00,2026-02-02 04:00:00,E,Prust Ave,0,0,0,0
2026-02-01,14,10:00,123,17,15.9,4,2,32.49,0,2026-02-01 22:00:00,2026-02-02 04:00:00,E,Main Street Station at Bay 7,0,0,0,0
2026-02-01,14,10:00,123,17,15.9,4,2,32.49,0,2026-02-01 22:00:00,2026-02-02 04:00:00,E,Norwood Rd,3,5,7,0
2026-02-01,14,10:00,123,17,15.9,4,2,32.49,0,2026-02-01 22:00:00,2026-02-02 04:00:00,E,McCaul St,2,2,5,2
2026-02-01,14,10:00,123,17,15.9,4,2,32.49,0,2026-02-01 22:00:00,2026-02-02 04:00:00,E,Broadview Ave,6,3,5,3
2026-02-01,14,10:00,123,17,15.9,4,2,32.49,0,2026-02-01 22:00:00,2026-02-02 04:00:00,E,Ontario St,1,5,6,2
2026-02-01,14,10:00,123,17,15.9,4,2,32.49,0,2026-02-01 22:00:00,2026-02-02 04:00:00,E,Rusholme Park Cres,1,3,6,0
2026-02-01,14,10:00,123,17,15.9,4,2,32.49,0,2026-02-01 22:00:00,2026-02-02 04:00:00,E,Havelock St,0,0,0,0
2026-02-01,14,10:00,123,17,15.9,4,2,32.49,0,2026-02-01 22:00:00,2026-02-02 04:00:00,E,High Park Loop,0,0,0,0
2026-02-01,14,10:00,123,17,15.9,4,2,32.49,0,2026-02-01 22:00:00,2026-02-02 04:00:00,E,Queens Park (Queen's Park Station),0,0,0,0
2026-02-01,14,10:00,123,17,15.9,4,2,32.49,0,2026-02-01 22:00:00,2026-02-02 04:00:00,E,Roncesvalles Ave,0,5,5,0
2026-02-01,14,10:00,123,17,15.9,4,2,32.49,0,2026-02-01 22:00:00,2026-02-02 04:00:00,E,De Grassi St,3,3,5,1
2026-02-01,14,10:00,123,17,15.9,4,2,32.49,0,2026-02-01 22:00:00,2026-02-02 04:00:00,E,Parliament St at Carlton St,0,0,0,0
2026-02-01,14,10:00,123,17,15.9,4,2,32.49,0,2026-02-01 22:00:00,2026-02-02 04:00:00,E,Parkside Dr East Side,0,5,4,0
2026-02-01,14,10:00,123,17,15.9,4,2,32.49,0,2026-02-01 22:00:00,2026-02-02 04:00:00,E,Dundas St West,0,4,4,0
2026-02-01,14,10:00,123,17,15.9,4,2,32.49,0,2026-02-01 22:00:00,2026-02-02 04:00:00,E,Howard Park Ave at Roncesvalles Ave,0,0,0,0
2026-02-01,14,10:00,123,17,15.9,4,2,32.49,0,2026-02-01 22:00:00,2026-02-02 04:00:00,E,Parliament St,0,0,0,0
2026-02-01,14,10:00,123,17,15.9,4,2,32.49,0,2026-02-01 22:00:00,2026-02-02 04:00:00,E,Parliament St at Gerrard St East,3,4,6,2
2026-02-01,14,10:00,123,17,15.9,4,2,32.49,0,2026-02-01 22:00:00,2026-02-02 04:00:00,E,Sumach St,4,3,6,2
2026-02-01,14,10:00,123,17,15.9,4,2,32.49,0,2026-02-01 22:00:00,2026-02-02 04:00:00,E,Blackburn St,6,3,6,2
2026-02-01,14,10:00,123,17,15.9,4,2,32.49,0,2026-02-01 22:00:00,2026-02-02 04:00:00,E,Logan Ave,3,3,5,1
2026-02-01,14,10:00,123,17,15.9,4,2,32.49,0,2026-02-01 22:00:00,2026-02-02 04:00:00,E,Augusta Ave,1,2,6,0
2026-02-01,14,10:00,123,17,15.9,4,2,32.49,0,2026-02-01 22:00:00,2026-02-02 04:00:00,E,Beverley St,2,2,6,1
2026-02-01,14,10:00,123,17,15.9,4,2,32.49,0,2026-02-01 22:00:00,2026-02-02 04:00:00,E,University Ave (Queen's Park Station,2,2,7,1
2026-02-01,14,10:00,123,17,15.9,4,2,32.49,0,2026-02-01 22:00:00,2026-02-02 04:00:00,E,Elizabeth St,2,2,7,1
2026-02-01,14,10:00,123,17,15.9,4,2,32.49,0,2026-02-01 22:00:00,2026-02-02 04:00:00,E,Greenwood Ave,3,3,5,1
2026-02-01,14,10:00,123,17,15.9,4,2,32.49,0,2026-02-01 22:00:00,2026-02-02 04:00:00,E,Alton Ave,3,3,5,1
2026-02-01,14,10:00,123,17,15.9,4,2,32.49,0,2026-02-01 22:00:00,2026-02-02 04:00:00,E,Coxwell Ave,3,4,5,0
2026-02-01,14,10:00,123,17,15.9,4,2,32.49,0,2026-02-01 22:00:00,2026-02-02 04:00:00,E,Gerrard St East  at Coxwell Ave,0,0,0,0
2026-02-01,14,10:00,123,17,15.9,4,2,32.49,0,2026-02-01 22:00:00,2026-02-02 04:00:00,E,Coxwell Ave at Lower Gerrard St East,0,0,0,0
2026-02-01,14,10:00,123,17,15.9,4,2,32.49,0,2026-02-01 22:00:00,2026-02-02 04:00:00,E,Ashdale Ave,0,0,0,0
2026-02-01,14,10:00,123,17,15.9,4,2,32.49,0,2026-02-01 22:00:00,2026-02-02 04:00:00,E,Howard Park Ave at Indian Rd,0,0,0,0
2026-02-01,14,10:00,123,17,15.9,4,2,32.49,0,2026-02-01 22:00:00,2026-02-02 04:00:00,E,Dundas St West at Howard Park Ave,0,0,0,0
2026-02-01,14,10:00,123,17,15.9,4,2,32.49,0,2026-02-01 22:00:00,2026-02-02 04:00:00,E,Main St at Gerrard St East,0,0,0,0
2026-02-01,14,10:00,123,17,15.9,4,2,32.49,0,2026-02-01 22:00:00,2026-02-02 04:00:00,E,Main St,3,5,8,0
2026-02-01,14,10:00,123,17,15.9,4,2,32.49,0,2026-02-01 22:00:00,2026-02-02 04:00:00,E,Main St at Danforth Ave,0,0,0,0
2026-02-01,14,10:00,123,17,15.9,4,2,32.49,0,2026-02-01 22:00:00,2026-02-02 04:00:00,E,Howard Park Ave at Parkside Dr,0,0,0,0
2026-02-01,14,10:00,123,17,15.9,4,2,32.49,0,2026-02-01 22:00:00,2026-02-02 04:00:00,W,Woodfield Rd,1,3,5,0
2026-02-01,14,10:00,123,17,15.9,4,2,32.49,0,2026-02-01 22:00:00,2026-02-02 04:00:00,W,Coxwell Ave at Gerrard St East,0,0,0,0
2026-02-01,14,10:00,123,17,15.9,4,2,32.49,0,2026-02-01 22:00:00,2026-02-02 04:00:00,W,Euclid Ave,0,0,0,0
2026-02-01,14,10:00,123,17,15.9,4,2,32.49,0,2026-02-01 22:00:00,2026-02-02 04:00:00,W,Bowmore Rd,1,3,4,0
2026-02-01,14,10:00,123,17,15.9,4,2,32.49,0,2026-02-01 22:00:00,2026-02-02 04:00:00,W,Bay St,0,0,0,0
2026-02-01,14,10:00,123,17,15.9,4,2,32.49,0,2026-02-01 22:00:00,2026-02-02 04:00:00,W,Lansdowne Ave,0,0,0,0
2026-02-01,14,10:00,123,17,15.9,4,2,32.49,0,2026-02-01 22:00:00,2026-02-02 04:00:00,W,Indian Rd,0,0,0,0
2026-02-01,14,10:00,123,17,15.9,4,2,32.49,0,2026-02-01 22:00:00,2026-02-02 04:00:00,W,Grace St,0,0,0,0
2026-02-01,14,10:00,123,17,15.9,4,2,32.49,0,2026-02-01 22:00:00,2026-02-02 04:00:00,W,Dufferin St,0,0,0,0
2026-02-01,14,10:00,123,17,15.9,4,2,32.49,0,2026-02-01 22:00:00,2026-02-02 04:00:00,W,Gerrard St East at Beaton Ave,0,0,0,0
2026-02-01,14,10:00,123,17,15.9,4,2,32.49,0,2026-02-01 22:00:00,2026-02-02 04:00:00,W,Bathurst St,0,0,0,0
2026-02-01,14,10:00,123,17,15.9,4,2,32.49,0,2026-02-01 22:00:00,2026-02-02 04:00:00,W,Yonge St - College Station,0,0,0,0
2026-02-01,14,10:00,123,17,15.9,4,2,32.49,0,2026-02-01 22:00:00,2026-02-02 04:00:00,W,Dundas St West at Sterling Rd,0,0,0,0
2026-02-01,14,10:00,123,17,15.9,4,2,32.49,0,2026-02-01 22:00:00,2026-02-02 04:00:00,W,Brock Ave,0,0,0,0
2026-02-01,14,10:00,123,17,15.9,4,2,32.49,0,2026-02-01 22:00:00,2026-02-02 04:00:00,W,Sackville St,0,0,0,0
2026-02-01,14,10:00,123,17,15.9,4,2,32.49,0,2026-02-01 22:00:00,2026-02-02 04:00:00,W,Carlaw Ave,0,0,0,0
2026-02-01,14,10:00,123,17,15.9,4,2,32.49,0,2026-02-01 22:00:00,2026-02-02 04:00:00,W,Borden St,0,0,0,0
2026-02-01,14,10:00,123,17,15.9,4,2,32.49,0,2026-02-01 22:00:00,2026-02-02 04:00:00,W,Dundas St West at Sorauren Ave,0,0,0,0
2026-02-01,14,10:00,123,17,15.9,4,2,32.49,0,2026-02-01 22:00:00,2026-02-02 04:00:00,W,Crawford St,0,0,0,0
2026-02-01,14,10:00,123,17,15.9,4,2,32.49,0,2026-02-01 22:00:00,2026-02-02 04:00:00,W,Pape Ave,0,0,0,0
2026-02-01,14,10:00,123,17,15.9,4,2,32.49,0,2026-02-01 22:00:00,2026-02-02 04:00:00,W,Spadina Ave,0,0,0,0
2026-02-01,14,10:00,123,17,15.9,4,2,32.49,0,2026-02-01 22:00:00,2026-02-02 04:00:00,W,River St,2,2,5,0
2026-02-01,14,10:00,123,17,15.9,4,2,32.49,0,2026-02-01 22:00:00,2026-02-02 04:00:00,W,Marjory Ave,0,0,0,0
2026-02-01,14,10:00,123,17,15.9,4,2,32.49,0,2026-02-01 22:00:00,2026-02-02 04:00:00,W,Kingsmount Park Rd,0,0,0,0
2026-02-01,14,10:00,123,17,15.9,4,2,32.49,0,2026-02-01 22:00:00,2026-02-02 04:00:00,W,Church St,0,0,0,0
2026-02-01,14,10:00,123,17,15.9,4,2,32.49,0,2026-02-01 22:00:00,2026-02-02 04:00:00,W,Ossington Ave,0,0,0,0
2026-02-01,14,10:00,123,17,15.9,4,2,32.49,0,2026-02-01 22:00:00,2026-02-02 04:00:00,W,Woodbine Ave,0,0,0,0
2026-02-01,14,10:00,123,17,15.9,4,2,32.49,0,2026-02-01 22:00:00,2026-02-02 04:00:00,W,Jones Ave,0,0,0,0
2026-02-01,14,10:00,123,17,15.9,4,2,32.49,0,2026-02-01 22:00:00,2026-02-02 04:00:00,W,Golfview Ave,0,0,0,0
2026-02-01,14,10:00,123,17,15.9,4,2,32.49,0,2026-02-01 22:00:00,2026-02-02 04:00:00,W,Leslie St,0,0,0,0
2026-02-01,14,10:00,123,17,15.9,4,2,32.49,0,2026-02-01 22:00:00,2026-02-02 04:00:00,W,St Matthews Rd,2,3,5,0
2026-02-01,14,10:00,123,17,15.9,4,2,32.49,0,2026-02-01 22:00:00,2026-02-02 04:00:00,W,Jarvis St,0,0,0,0
2026-02-01,14,10:00,123,17,15.9,4,2,32.49,0,2026-02-01 22:00:00,2026-02-02 04:00:00,W,Sherbourne St,0,0,0,0
2026-02-01,14,10:00,123,17,15.9,4,2,32.49,0,2026-02-01 22:00:00,2026-02-02 04:00:00,W,St George St,3,4,6,0
2026-02-01,14,10:00,123,17,15.9,4,2,32.49,0,2026-02-01 22:00:00,2026-02-02 04:00:00,W,Dovercourt Rd,0,0,0,0
2026-02-01,14,10:00,123,17,15.9,4,2,32.49,0,2026-02-01 22:00:00,2026-02-02 04:00:00,W,Glenmount Park Rd,0,0,0,0
2026-02-01,14,10:00,123,17,15.9,4,2,32.49,0,2026-02-01 22:00:00,2026-02-02 04:00:00,W,Prust Ave,0,3,5,0
2026-02-01,14,10:00,123,17,15.9,4,2,32.49,0,2026-02-01 22:00:00,2026-02-02 04:00:00,W,Main Street Station at Bay 7,0,0,0,0
2026-02-01,14,10:00,123,17,15.9,4,2,32.49,0,2026-02-01 22:00:00,2026-02-02 04:00:00,W,Norwood Rd,0,0,0,0
2026-02-01,14,10:00,123,17,15.9,4,2,32.49,0,2026-02-01 22:00:00,2026-02-02 04:00:00,W,McCaul St,0,0,0,0
2026-02-01,14,10:00,123,17,15.9,4,2,32.49,0,2026-02-01 22:00:00,2026-02-02 04:00:00,W,Broadview Ave,0,0,0,0
2026-02-01,14,10:00,123,17,15.9,4,2,32.49,0,2026-02-01 22:00:00,2026-02-02 04:00:00,W,Ontario St,0,0,0,0
2026-02-01,14,10:00,123,17,15.9,4,2,32.49,0,2026-02-01 22:00:00,2026-02-02 04:00:00,W,Rusholme Park Cres,0,0,0,0
2026-02-01,14,10:00,123,17,15.9,4,2,32.49,0,2026-02-01 22:00:00,2026-02-02 04:00:00,W,Havelock St,3,4,4,1
2026-02-01,14,10:00,123,17,15.9,4,2,32.49,0,2026-02-01 22:00:00,2026-02-02 04:00:00,W,High Park Loop,0,0,0,0
2026-02-01,14,10:00,123,17,15.9,4,2,32.49,0,2026-02-01 22:00:00,2026-02-02 04:00:00,W,Queens Park (Queen's Park Station),2,4,6,0
2026-02-01,14,10:00,123,17,15.9,4,2,32.49,0,2026-02-01 22:00:00,2026-02-02 04:00:00,W,Roncesvalles Ave,0,0,0,0
2026-02-01,14,10:00,123,17,15.9,4,2,32.49,0,2026-02-01 22:00:00,2026-02-02 04:00:00,W,De Grassi St,0,0,0,0
2026-02-01,14,10:00,123,17,15.9,4,2,32.49,0,2026-02-01 22:00:00,2026-02-02 04:00:00,W,Parliament St at Carlton St,3,3,5,0
2026-02-01,14,10:00,123,17,15.9,4,2,32.49,0,2026-02-01 22:00:00,2026-02-02 04:00:00,W,Parkside Dr East Side,0,0,0,0
2026-02-01,14,10:00,123,17,15.9,4,2,32.49,0,2026-02-01 22:00:00,2026-02-02 04:00:00,W,Dundas St West,0,0,0,0
2026-02-01,14,10:00,123,17,15.9,4,2,32.49,0,2026-02-01 22:00:00,2026-02-02 04:00:00,W,Howard Park Ave at Roncesvalles Ave,2,5,4,0
2026-02-01,14,10:00,123,17,15.9,4,2,32.49,0,2026-02-01 22:00:00,2026-02-02 04:00:00,W,Parliament St,3,1,4,0
2026-02-01,14,10:00,123,17,15.9,4,2,32.49,0,2026-02-01 22:00:00,2026-02-02 04:00:00,W,Parliament St at Gerrard St East,0,0,0,0
2026-02-01,14,10:00,123,17,15.9,4,2,32.49,0,2026-02-01 22:00:00,2026-02-02 04:00:00,W,Sumach St,0,0,0,0
2026-02-01,14,10:00,123,17,15.9,4,2,32.49,0,2026-02-01 22:00:00,2026-02-02 04:00:00,W,Blackburn St,0,0,0,0
2026-02-01,14,10:00,123,17,15.9,4,2,32.49,0,2026-02-01 22:00:00,2026-02-02 04:00:00,W,Logan Ave,0,0,0,0
2026-02-01,14,10:00,123,17,15.9,4,2,32.49,0,2026-02-01 22:00:00,2026-02-02 04:00:00,W,Augusta Ave,0,0,0,0
2026-02-01,14,10:00,123,17,15.9,4,2,32.49,0,2026-02-01 22:00:00,2026-02-02 04:00:00,W,Beverley St,0,0,0,0
2026-02-01,14,10:00,123,17,15.9,4,2,32.49,0,2026-02-01 22:00:00,2026-02-02 04:00:00,W,University Ave (Queen's Park Station,0,0,0,0
2026-02-01,14,10:00,123,17,15.9,4,2,32.49,0,2026-02-01 22:00:00,2026-02-02 04:00:00,W,Elizabeth St,0,0,0,0
2026-02-01,14,10:00,123,17,15.9,4,2,32.49,0,2026-02-01 22:00:00,2026-02-02 04:00:00,W,Greenwood Ave,0,0,0,0
2026-02-01,14,10:00,123,17,15.9,4,2,32.49,0,2026-02-01 22:00:00,2026-02-02 04:00:00,W,Alton Ave,0,0,0,0
2026-02-01,14,10:00,123,17,15.9,4,2,32.49,0,2026-02-01 22:00:00,2026-02-02 04:00:00,W,Coxwell Ave,0,0,0,0
2026-02-01,14,10:00,123,17,15.9,4,2,32.49,0,2026-02-01 22:00:00,2026-02-02 04:00:00,W,Gerrard St East  at Coxwell Ave,1,3,4,0
2026-02-01,14,10:00,123,17,15.9,4,2,32.49,0,2026-02-01 22:00:00,2026-02-02 04:00:00,W,Coxwell Ave at Lower Gerrard St East,3,3,6,0
2026-02-01,14,10:00,123,17,15.9,4,2,32.49,0,2026-02-01 22:00:00,2026-02-02 04:00:00,W,Ashdale Ave,1,3,5,0
2026-02-01,14,10:00,123,17,15.9,4,2,32.49,0,2026-02-01 22:00:00,2026-02-02 04:00:00,W,Howard Park Ave at Indian Rd,2,5,5,0
2026-02-01,14,10:00,123,17,15.9,4,2,32.49,0,2026-02-01 22:00:00,2026-02-02 04:00:00,W,Dundas St West at Howard Park Ave,2,5,4,0
2026-02-01,14,10:00,123,17,15.9,4,2,32.49,0,2026-02-01 22:00:00,2026-02-02 04:00:00,W,Main St at Gerrard St East,0,3,4,0
2026-02-01,14,10:00,123,17,15.9,4,2,32.49,0,2026-02-01 22:00:00,2026-02-02 04:00:00,W,Main St,0,0,0,0
2026-02-01,14,10:00,123,17,15.9,4,2,32.49,0,2026-02-01 22:00:00,2026-02-02 04:00:00,W,Main St at Danforth Ave,0,0,0,0
2026-02-01,14,10:00,123,17,15.9,4,2,32.49,0,2026-02-01 22:00:00,2026-02-02 04:00:00,W,Howard Park Ave at Parkside Dr,2,5,5,0
2026-02-08,14,10:00,123,17,15.9,4,2,32.49,0,2026-02-08 22:00:00,2026-02-09 04:00:00,E,Woodfield Rd,0,0,0,0
2026-02-08,14,10:00,123,17,15.9,4,2,32.49,0,2026-02-08 22:00:00,2026-02-09 04:00:00,E,Coxwell Ave at Gerrard St East,4,3,3,0
2026-02-08,14,10:00,123,17,15.9,4,2,32.49,0,2026-02-08 22:00:00,2026-02-09 04:00:00,E,Euclid Ave,0,0,3,0
2026-02-08,14,10:00,123,17,15.9,4,2,32.49,0,2026-02-08 22:00:00,2026-02-09 04:00:00,E,Bowmore Rd,0,0,0,0
2026-02-08,14,10:00,123,17,15.9,4,2,32.49,0,2026-02-08 22:00:00,2026-02-09 04:00:00,E,Bay St,0,3,5,0
2026-02-08,14,10:00,123,17,15.9,4,2,32.49,0,2026-02-08 22:00:00,2026-02-09 04:00:00,E,Lansdowne Ave,0,1,2,0
2026-02-08,14,10:00,123,17,15.9,4,2,32.49,0,2026-02-08 22:00:00,2026-02-09 04:00:00,E,Indian Rd,0,1,2,0
2026-02-08,14,10:00,123,17,15.9,4,2,32.49,0,2026-02-08 22:00:00,2026-02-09 04:00:00,E,Grace St,0,0,3,0
2026-02-08,14,10:00,123,17,15.9,4,2,32.49,0,2026-02-08 22:00:00,2026-02-09 04:00:00,E,Dufferin St,0,1,2,0
2026-02-08,14,10:00,123,17,15.9,4,2,32.49,0,2026-02-08 22:00:00,2026-02-09 04:00:00,E,Gerrard St East at Beaton Ave,4,3,3,0
2026-02-08,14,10:00,123,17,15.9,4,2,32.49,0,2026-02-08 22:00:00,2026-02-09 04:00:00,E,Bathurst St,0,0,4,0
2026-02-08,14,10:00,123,17,15.9,4,2,32.49,0,2026-02-08 22:00:00,2026-02-09 04:00:00,E,Yonge St - College Station,0,3,5,0
2026-02-08,14,10:00,123,17,15.9,4,2,32.49,0,2026-02-08 22:00:00,2026-02-09 04:00:00,E,Dundas St West at Sterling Rd,0,0,2,0
2026-02-08,14,10:00,123,17,15.9,4,2,32.49,0,2026-02-08 22:00:00,2026-02-09 04:00:00,E,Brock Ave,0,1,2,0
2026-02-08,14,10:00,123,17,15.9,4,2,32.49,0,2026-02-08 22:00:00,2026-02-09 04:00:00,E,Sackville St,2,3,5,0
2026-02-08,14,10:00,123,17,15.9,4,2,32.49,0,2026-02-08 22:00:00,2026-02-09 04:00:00,E,Carlaw Ave,2,3,4,0
2026-02-08,14,10:00,123,17,15.9,4,2,32.49,0,2026-02-08 22:00:00,2026-02-09 04:00:00,E,Borden St,0,0,4,0
2026-02-08,14,10:00,123,17,15.9,4,2,32.49,0,2026-02-08 22:00:00,2026-02-09 04:00:00,E,Dundas St West at Sorauren Ave,0,0,2,0
2026-02-08,14,10:00,123,17,15.9,4,2,32.49,0,2026-02-08 22:00:00,2026-02-09 04:00:00,E,Crawford St,0,0,3,0
2026-02-08,14,10:00,123,17,15.9,4,2,32.49,0,2026-02-08 22:00:00,2026-02-09 04:00:00,E,Pape Ave,2,3,4,0
2026-02-08,14,10:00,123,17,15.9,4,2,32.49,0,2026-02-08 22:00:00,2026-02-09 04:00:00,E,Spadina Ave,0,1,4,0
2026-02-08,14,10:00,123,17,15.9,4,2,32.49,0,2026-02-08 22:00:00,2026-02-09 04:00:00,E,River St,0,0,0,0
2026-02-08,14,10:00,123,17,15.9,4,2,32.49,0,2026-02-08 22:00:00,2026-02-09 04:00:00,E,Marjory Ave,3,3,4,0
2026-02-08,14,10:00,123,17,15.9,4,2,32.49,0,2026-02-08 22:00:00,2026-02-09 04:00:00,E,Kingsmount Park Rd,4,2,3,0
2026-02-08,14,10:00,123,17,15.9,4,2,32.49,0,2026-02-08 22:00:00,2026-02-09 04:00:00,E,Church St,1,3,5,0
2026-02-08,14,10:00,123,17,15.9,4,2,32.49,0,2026-02-08 22:00:00,2026-02-09 04:00:00,E,Ossington Ave,0,1,3,0
2026-02-08,14,10:00,123,17,15.9,4,2,32.49,0,2026-02-08 22:00:00,2026-02-09 04:00:00,E,Woodbine Ave,4,3,3,0
2026-02-08,14,10:00,123,17,15.9,4,2,32.49,0,2026-02-08 22:00:00,2026-02-09 04:00:00,E,Jones Ave,4,3,5,0
2026-02-08,14,10:00,123,17,15.9,4,2,32.49,0,2026-02-08 22:00:00,2026-02-09 04:00:00,E,Golfview Ave,4,3,3,0
2026-02-08,14,10:00,123,17,15.9,4,2,32.49,0,2026-02-08 22:00:00,2026-02-09 04:00:00,E,Leslie St,4,3,4,0
2026-02-08,14,10:00,123,17,15.9,4,2,32.49,0,2026-02-08 22:00:00,2026-02-09 04:00:00,E,St Matthews Rd,0,0,0,0
2026-02-08,14,10:00,123,17,15.9,4,2,32.49,0,2026-02-08 22:00:00,2026-02-09 04:00:00,E,Jarvis St,1,3,6,0
2026-02-08,14,10:00,123,17,15.9,4,2,32.49,0,2026-02-08 22:00:00,2026-02-09 04:00:00,E,Sherbourne St,1,3,5,0
2026-02-08,14,10:00,123,17,15.9,4,2,32.49,0,2026-02-08 22:00:00,2026-02-09 04:00:00,E,St George St,0,0,0,0
2026-02-08,14,10:00,123,17,15.9,4,2,32.49,0,2026-02-08 22:00:00,2026-02-09 04:00:00,E,Dovercourt Rd,0,0,3,0
2026-02-08,14,10:00,123,17,15.9,4,2,32.49,0,2026-02-08 22:00:00,2026-02-09 04:00:00,E,Glenmount Park Rd,4,3,3,0
2026-02-08,14,10:00,123,17,15.9,4,2,32.49,0,2026-02-08 22:00:00,2026-02-09 04:00:00,E,Prust Ave,0,0,0,0
2026-02-08,14,10:00,123,17,15.9,4,2,32.49,0,2026-02-08 22:00:00,2026-02-09 04:00:00,E,Main Street Station at Bay 7,0,0,0,0
2026-02-08,14,10:00,123,17,15.9,4,2,32.49,0,2026-02-08 22:00:00,2026-02-09 04:00:00,E,Norwood Rd,4,3,3,0
2026-02-08,14,10:00,123,17,15.9,4,2,32.49,0,2026-02-08 22:00:00,2026-02-09 04:00:00,E,McCaul St,0,1,5,0
2026-02-08,14,10:00,123,17,15.9,4,2,32.49,0,2026-02-08 22:00:00,2026-02-09 04:00:00,E,Broadview Ave,2,2,4,0
2026-02-08,14,10:00,123,17,15.9,4,2,32.49,0,2026-02-08 22:00:00,2026-02-09 04:00:00,E,Ontario St,1,3,5,0
2026-02-08,14,10:00,123,17,15.9,4,2,32.49,0,2026-02-08 22:00:00,2026-02-09 04:00:00,E,Rusholme Park Cres,0,1,3,0
2026-02-08,14,10:00,123,17,15.9,4,2,32.49,0,2026-02-08 22:00:00,2026-02-09 04:00:00,E,Havelock St,0,0,0,0
2026-02-08,14,10:00,123,17,15.9,4,2,32.49,0,2026-02-08 22:00:00,2026-02-09 04:00:00,E,High Park Loop,0,0,0,0
2026-02-08,14,10:00,123,17,15.9,4,2,32.49,0,2026-02-08 22:00:00,2026-02-09 04:00:00,E,Queens Park (Queen's Park Station),0,0,0,0
2026-02-08,14,10:00,123,17,15.9,4,2,32.49,0,2026-02-08 22:00:00,2026-02-09 04:00:00,E,Roncesvalles Ave,1,1,4,0
2026-02-08,14,10:00,123,17,15.9,4,2,32.49,0,2026-02-08 22:00:00,2026-02-09 04:00:00,E,De Grassi St,2,3,5,0
2026-02-08,14,10:00,123,17,15.9,4,2,32.49,0,2026-02-08 22:00:00,2026-02-09 04:00:00,E,Parliament St at Carlton St,0,0,0,0
2026-02-08,14,10:00,123,17,15.9,4,2,32.49,0,2026-02-08 22:00:00,2026-02-09 04:00:00,E,Parkside Dr East Side,0,1,3,0
2026-02-08,14,10:00,123,17,15.9,4,2,32.49,0,2026-02-08 22:00:00,2026-02-09 04:00:00,E,Dundas St West,0,0,3,0
2026-02-08,14,10:00,123,17,15.9,4,2,32.49,0,2026-02-08 22:00:00,2026-02-09 04:00:00,E,Howard Park Ave at Roncesvalles Ave,0,0,0,0
2026-02-08,14,10:00,123,17,15.9,4,2,32.49,0,2026-02-08 22:00:00,2026-02-09 04:00:00,E,Parliament St,0,0,0,0
2026-02-08,14,10:00,123,17,15.9,4,2,32.49,0,2026-02-08 22:00:00,2026-02-09 04:00:00,E,Parliament St at Gerrard St East,2,3,5,0
2026-02-08,14,10:00,123,17,15.9,4,2,32.49,0,2026-02-08 22:00:00,2026-02-09 04:00:00,E,Sumach St,2,3,5,0
2026-02-08,14,10:00,123,17,15.9,4,2,32.49,0,2026-02-08 22:00:00,2026-02-09 04:00:00,E,Blackburn St,2,3,5,0
2026-02-08,14,10:00,123,17,15.9,4,2,32.49,0,2026-02-08 22:00:00,2026-02-09 04:00:00,E,Logan Ave,2,3,4,0
2026-02-08,14,10:00,123,17,15.9,4,2,32.49,0,2026-02-08 22:00:00,2026-02-09 04:00:00,E,Augusta Ave,0,0,4,0
2026-02-08,14,10:00,123,17,15.9,4,2,32.49,0,2026-02-08 22:00:00,2026-02-09 04:00:00,E,Beverley St,0,1,5,0
2026-02-08,14,10:00,123,17,15.9,4,2,32.49,0,2026-02-08 22:00:00,2026-02-09 04:00:00,E,University Ave (Queen's Park Station,0,2,5,0
2026-02-08,14,10:00,123,17,15.9,4,2,32.49,0,2026-02-08 22:00:00,2026-02-09 04:00:00,E,Elizabeth St,0,2,5,0
2026-02-08,14,10:00,123,17,15.9,4,2,32.49,0,2026-02-08 22:00:00,2026-02-09 04:00:00,E,Greenwood Ave,4,3,5,0
2026-02-08,14,10:00,123,17,15.9,4,2,32.49,0,2026-02-08 22:00:00,2026-02-09 04:00:00,E,Alton Ave,5,3,4,0
2026-02-08,14,10:00,123,17,15.9,4,2,32.49,0,2026-02-08 22:00:00,2026-02-09 04:00:00,E,Coxwell Ave,5,3,5,0
2026-02-08,14,10:00,123,17,15.9,4,2,32.49,0,2026-02-08 22:00:00,2026-02-09 04:00:00,E,Gerrard St East  at Coxwell Ave,0,0,0,0
2026-02-08,14,10:00,123,17,15.9,4,2,32.49,0,2026-02-08 22:00:00,2026-02-09 04:00:00,E,Coxwell Ave at Lower Gerrard St East,0,0,0,0
2026-02-08,14,10:00,123,17,15.9,4,2,32.49,0,2026-02-08 22:00:00,2026-02-09 04:00:00,E,Ashdale Ave,0,0,0,0
2026-02-08,14,10:00,123,17,15.9,4,2,32.49,0,2026-02-08 22:00:00,2026-02-09 04:00:00,E,Howard Park Ave at Indian Rd,0,0,0,0
2026-02-08,14,10:00,123,17,15.9,4,2,32.49,0,2026-02-08 22:00:00,2026-02-09 04:00:00,E,Dundas St West at Howard Park Ave,0,0,0,0
2026-02-08,14,10:00,123,17,15.9,4,2,32.49,0,2026-02-08 22:00:00,2026-02-09 04:00:00,E,Main St at Gerrard St East,0,0,0,0
2026-02-08,14,10:00,123,17,15.9,4,2,32.49,0,2026-02-08 22:00:00,2026-02-09 04:00:00,E,Main St,5,2,3,0
2026-02-08,14,10:00,123,17,15.9,4,2,32.49,0,2026-02-08 22:00:00,2026-02-09 04:00:00,E,Main St at Danforth Ave,0,0,0,0
2026-02-08,14,10:00,123,17,15.9,4,2,32.49,0,2026-02-08 22:00:00,2026-02-09 04:00:00,E,Howard Park Ave at Parkside Dr,0,0,0,0
2026-02-08,14,10:00,123,17,15.9,4,2,32.49,0,2026-02-08 22:00:00,2026-02-09 04:00:00,W,Woodfield Rd,1,1,1,0
2026-02-08,14,10:00,123,17,15.9,4,2,32.49,0,2026-02-08 22:00:00,2026-02-09 04:00:00,W,Coxwell Ave at Gerrard St East,0,0,0,0
2026-02-08,14,10:00,123,17,15.9,4,2,32.49,0,2026-02-08 22:00:00,2026-02-09 04:00:00,W,Euclid Ave,0,0,0,0
2026-02-08,14,10:00,123,17,15.9,4,2,32.49,0,2026-02-08 22:00:00,2026-02-09 04:00:00,W,Bowmore Rd,0,1,1,0
2026-02-08,14,10:00,123,17,15.9,4,2,32.49,0,2026-02-08 22:00:00,2026-02-09 04:00:00,W,Bay St,0,0,0,0
2026-02-08,14,10:00,123,17,15.9,4,2,32.49,0,2026-02-08 22:00:00,2026-02-09 04:00:00,W,Lansdowne Ave,0,0,0,0
2026-02-08,14,10:00,123,17,15.9,4,2,32.49,0,2026-02-08 22:00:00,2026-02-09 04:00:00,W,Indian Rd,0,0,0,0
2026-02-08,14,10:00,123,17,15.9,4,2,32.49,0,2026-02-08 22:00:00,2026-02-09 04:00:00,W,Grace St,0,0,0,0
2026-02-08,14,10:00,123,17,15.9,4,2,32.49,0,2026-02-08 22:00:00,2026-02-09 04:00:00,W,Dufferin St,0,0,0,0
2026-02-08,14,10:00,123,17,15.9,4,2,32.49,0,2026-02-08 22:00:00,2026-02-09 04:00:00,W,Gerrard St East at Beaton Ave,0,0,0,0
2026-02-08,14,10:00,123,17,15.9,4,2,32.49,0,2026-02-08 22:00:00,2026-02-09 04:00:00,W,Bathurst St,0,0,0,0
2026-02-08,14,10:00,123,17,15.9,4,2,32.49,0,2026-02-08 22:00:00,2026-02-09 04:00:00,W,Yonge St - College Station,0,0,0,0
2026-02-08,14,10:00,123,17,15.9,4,2,32.49,0,2026-02-08 22:00:00,2026-02-09 04:00:00,W,Dundas St West at Sterling Rd,0,0,0,0
2026-02-08,14,10:00,123,17,15.9,4,2,32.49,0,2026-02-08 22:00:00,2026-02-09 04:00:00,W,Brock Ave,0,0,0,0
2026-02-08,14,10:00,123,17,15.9,4,2,32.49,0,2026-02-08 22:00:00,2026-02-09 04:00:00,W,Sackville St,0,0,0,0
2026-02-08,14,10:00,123,17,15.9,4,2,32.49,0,2026-02-08 22:00:00,2026-02-09 04:00:00,W,Carlaw Ave,0,0,0,0
2026-02-08,14,10:00,123,17,15.9,4,2,32.49,0,2026-02-08 22:00:00,2026-02-09 04:00:00,W,Borden St,0,0,0,0
2026-02-08,14,10:00,123,17,15.9,4,2,32.49,0,2026-02-08 22:00:00,2026-02-09 04:00:00,W,Dundas St West at Sorauren Ave,0,0,0,0
2026-02-08,14,10:00,123,17,15.9,4,2,32.49,0,2026-02-08 22:00:00,2026-02-09 04:00:00,W,Crawford St,0,0,0,0
2026-02-08,14,10:00,123,17,15.9,4,2,32.49,0,2026-02-08 22:00:00,2026-02-09 04:00:00,W,Pape Ave,0,0,0,0
2026-02-08,14,10:00,123,17,15.9,4,2,32.49,0,2026-02-08 22:00:00,2026-02-09 04:00:00,W,Spadina Ave,0,0,0,0
2026-02-08,14,10:00,123,17,15.9,4,2,32.49,0,2026-02-08 22:00:00,2026-02-09 04:00:00,W,River St,0,1,1,0
2026-02-08,14,10:00,123,17,15.9,4,2,32.49,0,2026-02-08 22:00:00,2026-02-09 04:00:00,W,Marjory Ave,0,0,0,0
2026-02-08,14,10:00,123,17,15.9,4,2,32.49,0,2026-02-08 22:00:00,2026-02-09 04:00:00,W,Kingsmount Park Rd,0,0,0,0
2026-02-08,14,10:00,123,17,15.9,4,2,32.49,0,2026-02-08 22:00:00,2026-02-09 04:00:00,W,Church St,0,0,0,0
2026-02-08,14,10:00,123,17,15.9,4,2,32.49,0,2026-02-08 22:00:00,2026-02-09 04:00:00,W,Ossington Ave,0,0,0,0
2026-02-08,14,10:00,123,17,15.9,4,2,32.49,0,2026-02-08 22:00:00,2026-02-09 04:00:00,W,Woodbine Ave,0,0,0,0
2026-02-08,14,10:00,123,17,15.9,4,2,32.49,0,2026-02-08 22:00:00,2026-02-09 04:00:00,W,Jones Ave,0,0,0,0
2026-02-08,14,10:00,123,17,15.9,4,2,32.49,0,2026-02-08 22:00:00,2026-02-09 04:00:00,W,Golfview Ave,0,0,0,0
2026-02-08,14,10:00,123,17,15.9,4,2,32.49,0,2026-02-08 22:00:00,2026-02-09 04:00:00,W,Leslie St,0,0,0,0
2026-02-08,14,10:00,123,17,15.9,4,2,32.49,0,2026-02-08 22:00:00,2026-02-09 04:00:00,W,St Matthews Rd,1,1,1,0
2026-02-08,14,10:00,123,17,15.9,4,2,32.49,0,2026-02-08 22:00:00,2026-02-09 04:00:00,W,Jarvis St,0,0,0,0
2026-02-08,14,10:00,123,17,15.9,4,2,32.49,0,2026-02-08 22:00:00,2026-02-09 04:00:00,W,Sherbourne St,0,0,0,0
2026-02-08,14,10:00,123,17,15.9,4,2,32.49,0,2026-02-08 22:00:00,2026-02-09 04:00:00,W,St George St,1,2,1,0
2026-02-08,14,10:00,123,17,15.9,4,2,32.49,0,2026-02-08 22:00:00,2026-02-09 04:00:00,W,Dovercourt Rd,0,0,0,0
2026-02-08,14,10:00,123,17,15.9,4,2,32.49,0,2026-02-08 22:00:00,2026-02-09 04:00:00,W,Glenmount Park Rd,0,0,0,0
2026-02-08,14,10:00,123,17,15.9,4,2,32.49,0,2026-02-08 22:00:00,2026-02-09 04:00:00,W,Prust Ave,1,1,1,0
2026-02-08,14,10:00,123,17,15.9,4,2,32.49,0,2026-02-08 22:00:00,2026-02-09 04:00:00,W,Main Street Station at Bay 7,0,0,0,0
2026-02-08,14,10:00,123,17,15.9,4,2,32.49,0,2026-02-08 22:00:00,2026-02-09 04:00:00,W,Norwood Rd,0,0,0,0
2026-02-08,14,10:00,123,17,15.9,4,2,32.49,0,2026-02-08 22:00:00,2026-02-09 04:00:00,W,McCaul St,0,0,0,0
2026-02-08,14,10:00,123,17,15.9,4,2,32.49,0,2026-02-08 22:00:00,2026-02-09 04:00:00,W,Broadview Ave,0,0,0,0
2026-02-08,14,10:00,123,17,15.9,4,2,32.49,0,2026-02-08 22:00:00,2026-02-09 04:00:00,W,Ontario St,0,0,0,0
2026-02-08,14,10:00,123,17,15.9,4,2,32.49,0,2026-02-08 22:00:00,2026-02-09 04:00:00,W,Rusholme Park Cres,0,0,0,0
2026-02-08,14,10:00,123,17,15.9,4,2,32.49,0,2026-02-08 22:00:00,2026-02-09 04:00:00,W,Havelock St,1,1,2,0
2026-02-08,14,10:00,123,17,15.9,4,2,32.49,0,2026-02-08 22:00:00,2026-02-09 04:00:00,W,High Park Loop,0,0,0,0
2026-02-08,14,10:00,123,17,15.9,4,2,32.49,0,2026-02-08 22:00:00,2026-02-09 04:00:00,W,Queens Park (Queen's Park Station),1,1,1,0
2026-02-08,14,10:00,123,17,15.9,4,2,32.49,0,2026-02-08 22:00:00,2026-02-09 04:00:00,W,Roncesvalles Ave,0,0,0,0
2026-02-08,14,10:00,123,17,15.9,4,2,32.49,0,2026-02-08 22:00:00,2026-02-09 04:00:00,W,De Grassi St,0,0,0,0
2026-02-08,14,10:00,123,17,15.9,4,2,32.49,0,2026-02-08 22:00:00,2026-02-09 04:00:00,W,Parliament St at Carlton St,0,1,1,0
2026-02-08,14,10:00,123,17,15.9,4,2,32.49,0,2026-02-08 22:00:00,2026-02-09 04:00:00,W,Parkside Dr East Side,0,0,0,0
2026-02-08,14,10:00,123,17,15.9,4,2,32.49,0,2026-02-08 22:00:00,2026-02-09 04:00:00,W,Dundas St West,0,0,0,0
2026-02-08,14,10:00,123,17,15.9,4,2,32.49,0,2026-02-08 22:00:00,2026-02-09 04:00:00,W,Howard Park Ave at Roncesvalles Ave,1,3,4,0
2026-02-08,14,10:00,123,17,15.9,4,2,32.49,0,2026-02-08 22:00:00,2026-02-09 04:00:00,W,Parliament St,0,1,1,0
2026-02-08,14,10:00,123,17,15.9,4,2,32.49,0,2026-02-08 22:00:00,2026-02-09 04:00:00,W,Parliament St at Gerrard St East,0,0,0,0
2026-02-08,14,10:00,123,17,15.9,4,2,32.49,0,2026-02-08 22:00:00,2026-02-09 04:00:00,W,Sumach St,0,0,0,0
2026-02-08,14,10:00,123,17,15.9,4,2,32.49,0,2026-02-08 22:00:00,2026-02-09 04:00:00,W,Blackburn St,0,0,0,0
2026-02-08,14,10:00,123,17,15.9,4,2,32.49,0,2026-02-08 22:00:00,2026-02-09 04:00:00,W,Logan Ave,0,0,0,0
2026-02-08,14,10:00,123,17,15.9,4,2,32.49,0,2026-02-08 22:00:00,2026-02-09 04:00:00,W,Augusta Ave,0,0,0,0
2026-02-08,14,10:00,123,17,15.9,4,2,32.49,0,2026-02-08 22:00:00,2026-02-09 04:00:00,W,Beverley St,0,0,0,0
2026-02-08,14,10:00,123,17,15.9,4,2,32.49,0,2026-02-08 22:00:00,2026-02-09 04:00:00,W,University Ave (Queen's Park Station,0,0,0,0
2026-02-08,14,10:00,123,17,15.9,4,2,32.49,0,2026-02-08 22:00:00,2026-02-09 04:00:00,W,Elizabeth St,0,0,0,0
2026-02-08,14,10:00,123,17,15.9,4,2,32.49,0,2026-02-08 22:00:00,2026-02-09 04:00:00,W,Greenwood Ave,0,0,0,0
2026-02-08,14,10:00,123,17,15.9,4,2,32.49,0,2026-02-08 22:00:00,2026-02-09 04:00:00,W,Alton Ave,0,0,0,0
2026-02-08,14,10:00,123,17,15.9,4,2,32.49,0,2026-02-08 22:00:00,2026-02-09 04:00:00,W,Coxwell Ave,0,0,0,0
2026-02-08,14,10:00,123,17,15.9,4,2,32.49,0,2026-02-08 22:00:00,2026-02-09 04:00:00,W,Gerrard St East  at Coxwell Ave,0,1,1,0
2026-02-08,14,10:00,123,17,15.9,4,2,32.49,0,2026-02-08 22:00:00,2026-02-09 04:00:00,W,Coxwell Ave at Lower Gerrard St East,0,1,1,0
2026-02-08,14,10:00,123,17,15.9,4,2,32.49,0,2026-02-08 22:00:00,2026-02-09 04:00:00,W,Ashdale Ave,1,1,0,0
2026-02-08,14,10:00,123,17,15.9,4,2,32.49,0,2026-02-08 22:00:00,2026-02-09 04:00:00,W,Howard Park Ave at Indian Rd,1,4,5,0
2026-02-08,14,10:00,123,17,15.9,4,2,32.49,0,2026-02-08 22:00:00,2026-02-09 04:00:00,W,Dundas St West at Howard Park Ave,1,3,4,0
2026-02-08,14,10:00,123,17,15.9,4,2,32.49,0,2026-02-08 22:00:00,2026-02-09 04:00:00,W,Main St at Gerrard St East,0,1,1,0
2026-02-08,14,10:00,123,17,15.9,4,2,32.49,0,2026-02-08 22:00:00,2026-02-09 04:00:00,W,Main St,0,0,0,0
2026-02-08,14,10:00,123,17,15.9,4,2,32.49,0,2026-02-08 22:00:00,2026-02-09 04:00:00,W,Main St at Danforth Ave,0,0,0,0
2026-02-08,14,10:00,123,17,15.9,4,2,32.49,0,2026-02-08 22:00:00,2026-02-09 04:00:00,W,Howard Park Ave at Parkside Dr,1,4,6,0
2026-02-15,14,10:00,123,17,15.9,4,2,32.49,0,2026-02-15 22:00:00,2026-02-16 04:00:00,E,Woodfield Rd,0,0,0,0
2026-02-15,14,10:00,123,17,15.9,4,2,32.49,0,2026-02-15 22:00:00,2026-02-16 04:00:00,E,Coxwell Ave at Gerrard St East,1,1,3,0
2026-02-15,14,10:00,123,17,15.9,4,2,32.49,0,2026-02-15 22:00:00,2026-02-16 04:00:00,E,Euclid Ave,0,2,3,0
2026-02-15,14,10:00,123,17,15.9,4,2,32.49,0,2026-02-15 22:00:00,2026-02-16 04:00:00,E,Bowmore Rd,0,0,0,0
2026-02-15,14,10:00,123,17,15.9,4,2,32.49,0,2026-02-15 22:00:00,2026-02-16 04:00:00,E,Bay St,0,2,3,0
2026-02-15,14,10:00,123,17,15.9,4,2,32.49,0,2026-02-15 22:00:00,2026-02-16 04:00:00,E,Lansdowne Ave,2,2,4,0
2026-02-15,14,10:00,123,17,15.9,4,2,32.49,0,2026-02-15 22:00:00,2026-02-16 04:00:00,E,Indian Rd,1,3,4,0
2026-02-15,14,10:00,123,17,15.9,4,2,32.49,0,2026-02-15 22:00:00,2026-02-16 04:00:00,E,Grace St,0,1,4,0
2026-02-15,14,10:00,123,17,15.9,4,2,32.49,0,2026-02-15 22:00:00,2026-02-16 04:00:00,E,Dufferin St,0,1,4,0
2026-02-15,14,10:00,123,17,15.9,4,2,32.49,0,2026-02-15 22:00:00,2026-02-16 04:00:00,E,Gerrard St East at Beaton Ave,1,1,3,0
2026-02-15,14,10:00,123,17,15.9,4,2,32.49,0,2026-02-15 22:00:00,2026-02-16 04:00:00,E,Bathurst St,0,1,4,0
2026-02-15,14,10:00,123,17,15.9,4,2,32.49,0,2026-02-15 22:00:00,2026-02-16 04:00:00,E,Yonge St - College Station,1,2,5,0
2026-02-15,14,10:00,123,17,15.9,4,2,32.49,0,2026-02-15 22:00:00,2026-02-16 04:00:00,E,Dundas St West at Sterling Rd,1,3,4,0
2026-02-15,14,10:00,123,17,15.9,4,2,32.49,0,2026-02-15 22:00:00,2026-02-16 04:00:00,E,Brock Ave,0,2,4,0
2026-02-15,14,10:00,123,17,15.9,4,2,32.49,0,2026-02-15 22:00:00,2026-02-16 04:00:00,E,Sackville St,1,2,5,0
2026-02-15,14,10:00,123,17,15.9,4,2,32.49,0,2026-02-15 22:00:00,2026-02-16 04:00:00,E,Carlaw Ave,1,2,6,0
2026-02-15,14,10:00,123,17,15.9,4,2,32.49,0,2026-02-15 22:00:00,2026-02-16 04:00:00,E,Borden St,0,2,3,0
2026-02-15,14,10:00,123,17,15.9,4,2,32.49,0,2026-02-15 22:00:00,2026-02-16 04:00:00,E,Dundas St West at Sorauren Ave,0,3,4,0
2026-02-15,14,10:00,123,17,15.9,4,2,32.49,0,2026-02-15 22:00:00,2026-02-16 04:00:00,E,Crawford St,0,1,4,0
2026-02-15,14,10:00,123,17,15.9,4,2,32.49,0,2026-02-15 22:00:00,2026-02-16 04:00:00,E,Pape Ave,1,2,6,0
2026-02-15,14,10:00,123,17,15.9,4,2,32.49,0,2026-02-15 22:00:00,2026-02-16 04:00:00,E,Spadina Ave,1,1,3,0
2026-02-15,14,10:00,123,17,15.9,4,2,32.49,0,2026-02-15 22:00:00,2026-02-16 04:00:00,E,River St,0,0,0,0
2026-02-15,14,10:00,123,17,15.9,4,2,32.49,0,2026-02-15 22:00:00,2026-02-16 04:00:00,E,Marjory Ave,1,2,6,0
2026-02-15,14,10:00,123,17,15.9,4,2,32.49,0,2026-02-15 22:00:00,2026-02-16 04:00:00,E,Kingsmount Park Rd,1,1,2,0
2026-02-15,14,10:00,123,17,15.9,4,2,32.49,0,2026-02-15 22:00:00,2026-02-16 04:00:00,E,Church St,1,2,5,0
2026-02-15,14,10:00,123,17,15.9,4,2,32.49,0,2026-02-15 22:00:00,2026-02-16 04:00:00,E,Ossington Ave,0,1,4,0
2026-02-15,14,10:00,123,17,15.9,4,2,32.49,0,2026-02-15 22:00:00,2026-02-16 04:00:00,E,Woodbine Ave,1,1,2,0
2026-02-15,14,10:00,123,17,15.9,4,2,32.49,0,2026-02-15 22:00:00,2026-02-16 04:00:00,E,Jones Ave,1,2,6,0
2026-02-15,14,10:00,123,17,15.9,4,2,32.49,0,2026-02-15 22:00:00,2026-02-16 04:00:00,E,Golfview Ave,1,1,3,0
2026-02-15,14,10:00,123,17,15.9,4,2,32.49,0,2026-02-15 22:00:00,2026-02-16 04:00:00,E,Leslie St,1,2,6,0
2026-02-15,14,10:00,123,17,15.9,4,2,32.49,0,2026-02-15 22:00:00,2026-02-16 04:00:00,E,St Matthews Rd,0,0,0,0
2026-02-15,14,10:00,123,17,15.9,4,2,32.49,0,2026-02-15 22:00:00,2026-02-16 04:00:00,E,Jarvis St,1,2,5,0
2026-02-15,14,10:00,123,17,15.9,4,2,32.49,0,2026-02-15 22:00:00,2026-02-16 04:00:00,E,Sherbourne St,1,2,5,0
2026-02-15,14,10:00,123,17,15.9,4,2,32.49,0,2026-02-15 22:00:00,2026-02-16 04:00:00,E,St George St,0,0,0,0
2026-02-15,14,10:00,123,17,15.9,4,2,32.49,0,2026-02-15 22:00:00,2026-02-16 04:00:00,E,Dovercourt Rd,0,1,4,0
2026-02-15,14,10:00,123,17,15.9,4,2,32.49,0,2026-02-15 22:00:00,2026-02-16 04:00:00,E,Glenmount Park Rd,1,1,2,0
2026-02-15,14,10:00,123,17,15.9,4,2,32.49,0,2026-02-15 22:00:00,2026-02-16 04:00:00,E,Prust Ave,0,0,0,0
2026-02-15,14,10:00,123,17,15.9,4,2,32.49,0,2026-02-15 22:00:00,2026-02-16 04:00:00,E,Main Street Station at Bay 7,0,0,0,0
2026-02-15,14,10:00,123,17,15.9,4,2,32.49,0,2026-02-15 22:00:00,2026-02-16 04:00:00,E,Norwood Rd,1,1,3,0
2026-02-15,14,10:00,123,17,15.9,4,2,32.49,0,2026-02-15 22:00:00,2026-02-16 04:00:00,E,McCaul St,0,1,3,0
2026-02-15,14,10:00,123,17,15.9,4,2,32.49,0,2026-02-15 22:00:00,2026-02-16 04:00:00,E,Broadview Ave,0,2,6,0
2026-02-15,14,10:00,123,17,15.9,4,2,32.49,0,2026-02-15 22:00:00,2026-02-16 04:00:00,E,Ontario St,1,3,5,0
2026-02-15,14,10:00,123,17,15.9,4,2,32.49,0,2026-02-15 22:00:00,2026-02-16 04:00:00,E,Rusholme Park Cres,0,1,4,0
2026-02-15,14,10:00,123,17,15.9,4,2,32.49,0,2026-02-15 22:00:00,2026-02-16 04:00:00,E,Havelock St,0,0,0,0
2026-02-15,14,10:00,123,17,15.9,4,2,32.49,0,2026-02-15 22:00:00,2026-02-16 04:00:00,E,High Park Loop,0,0,0,0
2026-02-15,14,10:00,123,17,15.9,4,2,32.49,0,2026-02-15 22:00:00,2026-02-16 04:00:00,E,Queens Park (Queen's Park Station),0,0,0,0
2026-02-15,14,10:00,123,17,15.9,4,2,32.49,0,2026-02-15 22:00:00,2026-02-16 04:00:00,E,Roncesvalles Ave,1,2,4,0
2026-02-15,14,10:00,123,17,15.9,4,2,32.49,0,2026-02-15 22:00:00,2026-02-16 04:00:00,E,De Grassi St,0,2,6,0
2026-02-15,14,10:00,123,17,15.9,4,2,32.49,0,2026-02-15 22:00:00,2026-02-16 04:00:00,E,Parliament St at Carlton St,0,0,0,0
2026-02-15,14,10:00,123,17,15.9,4,2,32.49,0,2026-02-15 22:00:00,2026-02-16 04:00:00,E,Parkside Dr East Side,1,3,4,0
2026-02-15,14,10:00,123,17,15.9,4,2,32.49,0,2026-02-15 22:00:00,2026-02-16 04:00:00,E,Dundas St West,1,3,4,0
2026-02-15,14,10:00,123,17,15.9,4,2,32.49,0,2026-02-15 22:00:00,2026-02-16 04:00:00,E,Howard Park Ave at Roncesvalles Ave,0,0,0,0
2026-02-15,14,10:00,123,17,15.9,4,2,32.49,0,2026-02-15 22:00:00,2026-02-16 04:00:00,E,Parliament St,0,0,0,0
2026-02-15,14,10:00,123,17,15.9,4,2,32.49,0,2026-02-15 22:00:00,2026-02-16 04:00:00,E,Parliament St at Gerrard St East,1,2,5,0
2026-02-15,14,10:00,123,17,15.9,4,2,32.49,0,2026-02-15 22:00:00,2026-02-16 04:00:00,E,Sumach St,1,2,5,0
2026-02-15,14,10:00,123,17,15.9,4,2,32.49,0,2026-02-15 22:00:00,2026-02-16 04:00:00,E,Blackburn St,0,2,5,0
2026-02-15,14,10:00,123,17,15.9,4,2,32.49,0,2026-02-15 22:00:00,2026-02-16 04:00:00,E,Logan Ave,1,2,6,0
2026-02-15,14,10:00,123,17,15.9,4,2,32.49,0,2026-02-15 22:00:00,2026-02-16 04:00:00,E,Augusta Ave,0,2,3,0
2026-02-15,14,10:00,123,17,15.9,4,2,32.49,0,2026-02-15 22:00:00,2026-02-16 04:00:00,E,Beverley St,0,1,3,0
2026-02-15,14,10:00,123,17,15.9,4,2,32.49,0,2026-02-15 22:00:00,2026-02-16 04:00:00,E,University Ave (Queen's Park Station,1,2,3,0
2026-02-15,14,10:00,123,17,15.9,4,2,32.49,0,2026-02-15 22:00:00,2026-02-16 04:00:00,E,Elizabeth St,1,2,3,0
2026-02-15,14,10:00,123,17,15.9,4,2,32.49,0,2026-02-15 22:00:00,2026-02-16 04:00:00,E,Greenwood Ave,1,2,6,0
2026-02-15,14,10:00,123,17,15.9,4,2,32.49,0,2026-02-15 22:00:00,2026-02-16 04:00:00,E,Alton Ave,1,2,6,0
2026-02-15,14,10:00,123,17,15.9,4,2,32.49,0,2026-02-15 22:00:00,2026-02-16 04:00:00,E,Coxwell Ave,3,2,5,0
2026-02-15,14,10:00,123,17,15.9,4,2,32.49,0,2026-02-15 22:00:00,2026-02-16 04:00:00,E,Gerrard St East  at Coxwell Ave,0,0,0,0
2026-02-15,14,10:00,123,17,15.9,4,2,32.49,0,2026-02-15 22:00:00,2026-02-16 04:00:00,E,Coxwell Ave at Lower Gerrard St East,0,0,0,0
2026-02-15,14,10:00,123,17,15.9,4,2,32.49,0,2026-02-15 22:00:00,2026-02-16 04:00:00,E,Ashdale Ave,0,0,0,0
2026-02-15,14,10:00,123,17,15.9,4,2,32.49,0,2026-02-15 22:00:00,2026-02-16 04:00:00,E,Howard Park Ave at Indian Rd,0,0,0,0
2026-02-15,14,10:00,123,17,15.9,4,2,32.49,0,2026-02-15 22:00:00,2026-02-16 04:00:00,E,Dundas St West at Howard Park Ave,0,0,0,0
2026-02-15,14,10:00,123,17,15.9,4,2,32.49,0,2026-02-15 22:00:00,2026-02-16 04:00:00,E,Main St at Gerrard St East,0,0,0,0
2026-02-15,14,10:00,123,17,15.9,4,2,32.49,0,2026-02-15 22:00:00,2026-02-16 04:00:00,E,Main St,1,1,3,0
2026-02-15,14,10:00,123,17,15.9,4,2,32.49,0,2026-02-15 22:00:00,2026-02-16 04:00:00,E,Main St at Danforth Ave,0,0,0,0
2026-02-15,14,10:00,123,17,15.9,4,2,32.49,0,2026-02-15 22:00:00,2026-02-16 04:00:00,E,Howard Park Ave at Parkside Dr,0,0,0,0
2026-02-15,14,10:00,123,17,15.9,4,2,32.49,0,2026-02-15 22:00:00,2026-02-16 04:00:00,W,Woodfield Rd,0,0,0,0
2026-02-15,14,10:00,123,17,15.9,4,2,32.49,0,2026-02-15 22:00:00,2026-02-16 04:00:00,W,Coxwell Ave at Gerrard St East,0,0,0,0
2026-02-15,14,10:00,123,17,15.9,4,2,32.49,0,2026-02-15 22:00:00,2026-02-16 04:00:00,W,Euclid Ave,0,0,0,0
2026-02-15,14,10:00,123,17,15.9,4,2,32.49,0,2026-02-15 22:00:00,2026-02-16 04:00:00,W,Bowmore Rd,0,2,0,0
2026-02-15,14,10:00,123,17,15.9,4,2,32.49,0,2026-02-15 22:00:00,2026-02-16 04:00:00,W,Bay St,0,0,0,0
2026-02-15,14,10:00,123,17,15.9,4,2,32.49,0,2026-02-15 22:00:00,2026-02-16 04:00:00,W,Lansdowne Ave,0,0,0,0
2026-02-15,14,10:00,123,17,15.9,4,2,32.49,0,2026-02-15 22:00:00,2026-02-16 04:00:00,W,Indian Rd,0,0,0,0
2026-02-15,14,10:00,123,17,15.9,4,2,32.49,0,2026-02-15 22:00:00,2026-02-16 04:00:00,W,Grace St,0,0,0,0
2026-02-15,14,10:00,123,17,15.9,4,2,32.49,0,2026-02-15 22:00:00,2026-02-16 04:00:00,W,Dufferin St,0,0,0,0
2026-02-15,14,10:00,123,17,15.9,4,2,32.49,0,2026-02-15 22:00:00,2026-02-16 04:00:00,W,Gerrard St East at Beaton Ave,0,0,0,0
2026-02-15,14,10:00,123,17,15.9,4,2,32.49,0,2026-02-15 22:00:00,2026-02-16 04:00:00,W,Bathurst St,0,0,0,0
2026-02-15,14,10:00,123,17,15.9,4,2,32.49,0,2026-02-15 22:00:00,2026-02-16 04:00:00,W,Yonge St - College Station,0,0,0,0
2026-02-15,14,10:00,123,17,15.9,4,2,32.49,0,2026-02-15 22:00:00,2026-02-16 04:00:00,W,Dundas St West at Sterling Rd,0,0,0,0
2026-02-15,14,10:00,123,17,15.9,4,2,32.49,0,2026-02-15 22:00:00,2026-02-16 04:00:00,W,Brock Ave,0,0,0,0
2026-02-15,14,10:00,123,17,15.9,4,2,32.49,0,2026-02-15 22:00:00,2026-02-16 04:00:00,W,Sackville St,0,0,0,0
2026-02-15,14,10:00,123,17,15.9,4,2,32.49,0,2026-02-15 22:00:00,2026-02-16 04:00:00,W,Carlaw Ave,0,0,0,0
2026-02-15,14,10:00,123,17,15.9,4,2,32.49,0,2026-02-15 22:00:00,2026-02-16 04:00:00,W,Borden St,0,0,0,0
2026-02-15,14,10:00,123,17,15.9,4,2,32.49,0,2026-02-15 22:00:00,2026-02-16 04:00:00,W,Dundas St West at Sorauren Ave,0,0,0,0
2026-02-15,14,10:00,123,17,15.9,4,2,32.49,0,2026-02-15 22:00:00,2026-02-16 04:00:00,W,Crawford St,0,0,0,0
2026-02-15,14,10:00,123,17,15.9,4,2,32.49,0,2026-02-15 22:00:00,2026-02-16 04:00:00,W,Pape Ave,0,0,0,0
2026-02-15,14,10:00,123,17,15.9,4,2,32.49,0,2026-02-15 22:00:00,2026-02-16 04:00:00,W,Spadina Ave,0,0,0,0
2026-02-15,14,10:00,123,17,15.9,4,2,32.49,0,2026-02-15 22:00:00,2026-02-16 04:00:00,W,River St,0,0,0,0
2026-02-15,14,10:00,123,17,15.9,4,2,32.49,0,2026-02-15 22:00:00,2026-02-16 04:00:00,W,Marjory Ave,0,0,0,0
2026-02-15,14,10:00,123,17,15.9,4,2,32.49,0,2026-02-15 22:00:00,2026-02-16 04:00:00,W,Kingsmount Park Rd,0,0,0,0
2026-02-15,14,10:00,123,17,15.9,4,2,32.49,0,2026-02-15 22:00:00,2026-02-16 04:00:00,W,Church St,0,0,0,0
2026-02-15,14,10:00,123,17,15.9,4,2,32.49,0,2026-02-15 22:00:00,2026-02-16 04:00:00,W,Ossington Ave,0,0,0,0
2026-02-15,14,10:00,123,17,15.9,4,2,32.49,0,2026-02-15 22:00:00,2026-02-16 04:00:00,W,Woodbine Ave,0,0,0,0
2026-02-15,14,10:00,123,17,15.9,4,2,32.49,0,2026-02-15 22:00:00,2026-02-16 04:00:00,W,Jones Ave,0,0,0,0
2026-02-15,14,10:00,123,17,15.9,4,2,32.49,0,2026-02-15 22:00:00,2026-02-16 04:00:00,W,Golfview Ave,0,0,0,0
2026-02-15,14,10:00,123,17,15.9,4,2,32.49,0,2026-02-15 22:00:00,2026-02-16 04:00:00,W,Leslie St,0,0,0,0
2026-02-15,14,10:00,123,17,15.9,4,2,32.49,0,2026-02-15 22:00:00,2026-02-16 04:00:00,W,St Matthews Rd,0,0,0,0
2026-02-15,14,10:00,123,17,15.9,4,2,32.49,0,2026-02-15 22:00:00,2026-02-16 04:00:00,W,Jarvis St,0,0,0,0
2026-02-15,14,10:00,123,17,15.9,4,2,32.49,0,2026-02-15 22:00:00,2026-02-16 04:00:00,W,Sherbourne St,0,0,0,0
2026-02-15,14,10:00,123,17,15.9,4,2,32.49,0,2026-02-15 22:00:00,2026-02-16 04:00:00,W,St George St,3,2,4,1
2026-02-15,14,10:00,123,17,15.9,4,2,32.49,0,2026-02-15 22:00:00,2026-02-16 04:00:00,W,Dovercourt Rd,0,0,0,0
2026-02-15,14,10:00,123,17,15.9,4,2,32.49,0,2026-02-15 22:00:00,2026-02-16 04:00:00,W,Glenmount Park Rd,0,0,0,0
2026-02-15,14,10:00,123,17,15.9,4,2,32.49,0,2026-02-15 22:00:00,2026-02-16 04:00:00,W,Prust Ave,0,0,0,0
2026-02-15,14,10:00,123,17,15.9,4,2,32.49,0,2026-02-15 22:00:00,2026-02-16 04:00:00,W,Main Street Station at Bay 7,0,0,0,0
2026-02-15,14,10:00,123,17,15.9,4,2,32.49,0,2026-02-15 22:00:00,2026-02-16 04:00:00,W,Norwood Rd,0,0,0,0
2026-02-15,14,10:00,123,17,15.9,4,2,32.49,0,2026-02-15 22:00:00,2026-02-16 04:00:00,W,McCaul St,0,0,0,0
2026-02-15,14,10:00,123,17,15.9,4,2,32.49,0,2026-02-15 22:00:00,2026-02-16 04:00:00,W,Broadview Ave,0,0,0,0
2026-02-15,14,10:00,123,17,15.9,4,2,32.49,0,2026-02-15 22:00:00,2026-02-16 04:00:00,W,Ontario St,0,0,0,0
2026-02-15,14,10:00,123,17,15.9,4,2,32.49,0,2026-02-15 22:00:00,2026-02-16 04:00:00,W,Rusholme Park Cres,0,0,0,0
2026-02-15,14,10:00,123,17,15.9,4,2,32.49,0,2026-02-15 22:00:00,2026-02-16 04:00:00,W,Havelock St,3,3,6,1
2026-02-15,14,10:00,123,17,15.9,4,2,32.49,0,2026-02-15 22:00:00,2026-02-16 04:00:00,W,High Park Loop,0,0,0,0
2026-02-15,14,10:00,123,17,15.9,4,2,32.49,0,2026-02-15 22:00:00,2026-02-16 04:00:00,W,Queens Park (Queen's Park Station),3,1,4,0
2026-02-15,14,10:00,123,17,15.9,4,2,32.49,0,2026-02-15 22:00:00,2026-02-16 04:00:00,W,Roncesvalles Ave,0,0,0,0
2026-02-15,14,10:00,123,17,15.9,4,2,32.49,0,2026-02-15 22:00:00,2026-02-16 04:00:00,W,De Grassi St,0,0,0,0
2026-02-15,14,10:00,123,17,15.9,4,2,32.49,0,2026-02-15 22:00:00,2026-02-16 04:00:00,W,Parliament St at Carlton St,0,0,0,0
2026-02-15,14,10:00,123,17,15.9,4,2,32.49,0,2026-02-15 22:00:00,2026-02-16 04:00:00,W,Parkside Dr East Side,0,0,0,0
2026-02-15,14,10:00,123,17,15.9,4,2,32.49,0,2026-02-15 22:00:00,2026-02-16 04:00:00,W,Dundas St West,0,0,0,0
2026-02-15,14,10:00,123,17,15.9,4,2,32.49,0,2026-02-15 22:00:00,2026-02-16 04:00:00,W,Howard Park Ave at Roncesvalles Ave,3,3,6,1
2026-02-15,14,10:00,123,17,15.9,4,2,32.49,0,2026-02-15 22:00:00,2026-02-16 04:00:00,W,Parliament St,0,0,1,0
2026-02-15,14,10:00,123,17,15.9,4,2,32.49,0,2026-02-15 22:00:00,2026-02-16 04:00:00,W,Parliament St at Gerrard St East,0,0,0,0
2026-02-15,14,10:00,123,17,15.9,4,2,32.49,0,2026-02-15 22:00:00,2026-02-16 04:00:00,W,Sumach St,0,0,0,0
2026-02-15,14,10:00,123,17,15.9,4,2,32.49,0,2026-02-15 22:00:00,2026-02-16 04:00:00,W,Blackburn St,0,0,0,0
2026-02-15,14,10:00,123,17,15.9,4,2,32.49,0,2026-02-15 22:00:00,2026-02-16 04:00:00,W,Logan Ave,0,0,0,0
2026-02-15,14,10:00,123,17,15.9,4,2,32.49,0,2026-02-15 22:00:00,2026-02-16 04:00:00,W,Augusta Ave,0,0,0,0
2026-02-15,14,10:00,123,17,15.9,4,2,32.49,0,2026-02-15 22:00:00,2026-02-16 04:00:00,W,Beverley St,0,0,0,0
2026-02-15,14,10:00,123,17,15.9,4,2,32.49,0,2026-02-15 22:00:00,2026-02-16 04:00:00,W,University Ave (Queen's Park Station,0,0,0,0
2026-02-15,14,10:00,123,17,15.9,4,2,32.49,0,2026-02-15 22:00:00,2026-02-16 04:00:00,W,Elizabeth St,0,0,0,0
2026-02-15,14,10:00,123,17,15.9,4,2,32.49,0,2026-02-15 22:00:00,2026-02-16 04:00:00,W,Greenwood Ave,0,0,0,0
2026-02-15,14,10:00,123,17,15.9,4,2,32.49,0,2026-02-15 22:00:00,2026-02-16 04:00:00,W,Alton Ave,0,0,0,0
2026-02-15,14,10:00,123,17,15.9,4,2,32.49,0,2026-02-15 22:00:00,2026-02-16 04:00:00,W,Coxwell Ave,0,0,0,0
2026-02-15,14,10:00,123,17,15.9,4,2,32.49,0,2026-02-15 22:00:00,2026-02-16 04:00:00,W,Gerrard St East  at Coxwell Ave,0,2,0,0
2026-02-15,14,10:00,123,17,15.9,4,2,32.49,0,2026-02-15 22:00:00,2026-02-16 04:00:00,W,Coxwell Ave at Lower Gerrard St East,0,0,0,0
2026-02-15,14,10:00,123,17,15.9,4,2,32.49,0,2026-02-15 22:00:00,2026-02-16 04:00:00,W,Ashdale Ave,0,0,0,0
2026-02-15,14,10:00,123,17,15.9,4,2,32.49,0,2026-02-15 22:00:00,2026-02-16 04:00:00,W,Howard Park Ave at Indian Rd,3,3,7,1
2026-02-15,14,10:00,123,17,15.9,4,2,32.49,0,2026-02-15 22:00:00,2026-02-16 04:00:00,W,Dundas St West at Howard Park Ave,3,3,6,1
2026-02-15,14,10:00,123,17,15.9,4,2,32.49,0,2026-02-15 22:00:00,2026-02-16 04:00:00,W,Main St at Gerrard St East,0,2,0,0
2026-02-15,14,10:00,123,17,15.9,4,2,32.49,0,2026-02-15 22:00:00,2026-02-16 04:00:00,W,Main St,0,0,0,0
2026-02-15,14,10:00,123,17,15.9,4,2,32.49,0,2026-02-15 22:00:00,2026-02-16 04:00:00,W,Main St at Danforth Ave,0,0,0,0
2026-02-15,14,10:00,123,17,15.9,4,2,32.49,0,2026-02-15 22:00:00,2026-02-16 04:00:00,W,Howard Park Ave at Parkside Dr,3,4,7,1
2026-02-22,14,10:00,123,17,15.9,4,2,32.49,0,2026-02-22 22:00:00,2026-02-23 04:00:00,E,Woodfield Rd,0,0,0,0
2026-02-22,14,10:00,123,17,15.9,4,2,32.49,0,2026-02-22 22:00:00,2026-02-23 04:00:00,E,Coxwell Ave at Gerrard St East,2,2,2,0
2026-02-22,14,10:00,123,17,15.9,4,2,32.49,0,2026-02-22 22:00:00,2026-02-23 04:00:00,E,Euclid Ave,2,1,2,0
2026-02-22,14,10:00,123,17,15.9,4,2,32.49,0,2026-02-22 22:00:00,2026-02-23 04:00:00,E,Bowmore Rd,0,0,0,0
2026-02-22,14,10:00,123,17,15.9,4,2,32.49,0,2026-02-22 22:00:00,2026-02-23 04:00:00,E,Bay St,2,3,2,0
2026-02-22,14,10:00,123,17,15.9,4,2,32.49,0,2026-02-22 22:00:00,2026-02-23 04:00:00,E,Lansdowne Ave,1,2,1,0
2026-02-22,14,10:00,123,17,15.9,4,2,32.49,0,2026-02-22 22:00:00,2026-02-23 04:00:00,E,Indian Rd,0,2,2,0
2026-02-22,14,10:00,123,17,15.9,4,2,32.49,0,2026-02-22 22:00:00,2026-02-23 04:00:00,E,Grace St,1,3,2,0
2026-02-22,14,10:00,123,17,15.9,4,2,32.49,0,2026-02-22 22:00:00,2026-02-23 04:00:00,E,Dufferin St,1,2,1,0
2026-02-22,14,10:00,123,17,15.9,4,2,32.49,0,2026-02-22 22:00:00,2026-02-23 04:00:00,E,Gerrard St East at Beaton Ave,2,2,2,0
2026-02-22,14,10:00,123,17,15.9,4,2,32.49,0,2026-02-22 22:00:00,2026-02-23 04:00:00,E,Bathurst St,2,2,2,0
2026-02-22,14,10:00,123,17,15.9,4,2,32.49,0,2026-02-22 22:00:00,2026-02-23 04:00:00,E,Yonge St - College Station,1,2,2,0
2026-02-22,14,10:00,123,17,15.9,4,2,32.49,0,2026-02-22 22:00:00,2026-02-23 04:00:00,E,Dundas St West at Sterling Rd,0,2,1,0
2026-02-22,14,10:00,123,17,15.9,4,2,32.49,0,2026-02-22 22:00:00,2026-02-23 04:00:00,E,Brock Ave,1,2,1,0
2026-02-22,14,10:00,123,17,15.9,4,2,32.49,0,2026-02-22 22:00:00,2026-02-23 04:00:00,E,Sackville St,1,0,1,0
2026-02-22,14,10:00,123,17,15.9,4,2,32.49,0,2026-02-22 22:00:00,2026-02-23 04:00:00,E,Carlaw Ave,2,0,1,0
2026-02-22,14,10:00,123,17,15.9,4,2,32.49,0,2026-02-22 22:00:00,2026-02-23 04:00:00,E,Borden St,1,2,2,0
2026-02-22,14,10:00,123,17,15.9,4,2,32.49,0,2026-02-22 22:00:00,2026-02-23 04:00:00,E,Dundas St West at Sorauren Ave,0,2,1,0
2026-02-22,14,10:00,123,17,15.9,4,2,32.49,0,2026-02-22 22:00:00,2026-02-23 04:00:00,E,Crawford St,0,2,0,0
2026-02-22,14,10:00,123,17,15.9,4,2,32.49,0,2026-02-22 22:00:00,2026-02-23 04:00:00,E,Pape Ave,2,1,2,0
2026-02-22,14,10:00,123,17,15.9,4,2,32.49,0,2026-02-22 22:00:00,2026-02-23 04:00:00,E,Spadina Ave,2,2,2,0
2026-02-22,14,10:00,123,17,15.9,4,2,32.49,0,2026-02-22 22:00:00,2026-02-23 04:00:00,E,River St,0,0,0,0
2026-02-22,14,10:00,123,17,15.9,4,2,32.49,0,2026-02-22 22:00:00,2026-02-23 04:00:00,E,Marjory Ave,2,1,2,0
2026-02-22,14,10:00,123,17,15.9,4,2,32.49,0,2026-02-22 22:00:00,2026-02-23 04:00:00,E,Kingsmount Park Rd,2,4,2,0
2026-02-22,14,10:00,123,17,15.9,4,2,32.49,0,2026-02-22 22:00:00,2026-02-23 04:00:00,E,Church St,1,3,2,0
2026-02-22,14,10:00,123,17,15.9,4,2,32.49,0,2026-02-22 22:00:00,2026-02-23 04:00:00,E,Ossington Ave,1,2,2,0
2026-02-22,14,10:00,123,17,15.9,4,2,32.49,0,2026-02-22 22:00:00,2026-02-23 04:00:00,E,Woodbine Ave,3,4,2,0
2026-02-22,14,10:00,123,17,15.9,4,2,32.49,0,2026-02-22 22:00:00,2026-02-23 04:00:00,E,Jones Ave,3,0,2,0
2026-02-22,14,10:00,123,17,15.9,4,2,32.49,0,2026-02-22 22:00:00,2026-02-23 04:00:00,E,Golfview Ave,4,4,2,0
2026-02-22,14,10:00,123,17,15.9,4,2,32.49,0,2026-02-22 22:00:00,2026-02-23 04:00:00,E,Leslie St,3,1,2,0
2026-02-22,14,10:00,123,17,15.9,4,2,32.49,0,2026-02-22 22:00:00,2026-02-23 04:00:00,E,St Matthews Rd,0,0,0,0
2026-02-22,14,10:00,123,17,15.9,4,2,32.49,0,2026-02-22 22:00:00,2026-02-23 04:00:00,E,Jarvis St,1,1,2,0
2026-02-22,14,10:00,123,17,15.9,4,2,32.49,0,2026-02-22 22:00:00,2026-02-23 04:00:00,E,Sherbourne St,1,0,1,0
2026-02-22,14,10:00,123,17,15.9,4,2,32.49,0,2026-02-22 22:00:00,2026-02-23 04:00:00,E,St George St,0,0,0,0
2026-02-22,14,10:00,123,17,15.9,4,2,32.49,0,2026-02-22 22:00:00,2026-02-23 04:00:00,E,Dovercourt Rd,1,2,2,0
2026-02-22,14,10:00,123,17,15.9,4,2,32.49,0,2026-02-22 22:00:00,2026-02-23 04:00:00,E,Glenmount Park Rd,4,4,2,0
2026-02-22,14,10:00,123,17,15.9,4,2,32.49,0,2026-02-22 22:00:00,2026-02-23 04:00:00,E,Prust Ave,0,0,0,0
2026-02-22,14,10:00,123,17,15.9,4,2,32.49,0,2026-02-22 22:00:00,2026-02-23 04:00:00,E,Main Street Station at Bay 7,0,0,0,0
2026-02-22,14,10:00,123,17,15.9,4,2,32.49,0,2026-02-22 22:00:00,2026-02-23 04:00:00,E,Norwood Rd,4,4,2,0
2026-02-22,14,10:00,123,17,15.9,4,2,32.49,0,2026-02-22 22:00:00,2026-02-23 04:00:00,E,McCaul St,2,2,2,0
2026-02-22,14,10:00,123,17,15.9,4,2,32.49,0,2026-02-22 22:00:00,2026-02-23 04:00:00,E,Broadview Ave,2,0,0,0
2026-02-22,14,10:00,123,17,15.9,4,2,32.49,0,2026-02-22 22:00:00,2026-02-23 04:00:00,E,Ontario St,1,1,1,0
2026-02-22,14,10:00,123,17,15.9,4,2,32.49,0,2026-02-22 22:00:00,2026-02-23 04:00:00,E,Rusholme Park Cres,1,2,1,0
2026-02-22,14,10:00,123,17,15.9,4,2,32.49,0,2026-02-22 22:00:00,2026-02-23 04:00:00,E,Havelock St,0,0,0,0
2026-02-22,14,10:00,123,17,15.9,4,2,32.49,0,2026-02-22 22:00:00,2026-02-23 04:00:00,E,High Park Loop,0,0,0,0
2026-02-22,14,10:00,123,17,15.9,4,2,32.49,0,2026-02-22 22:00:00,2026-02-23 04:00:00,E,Queens Park (Queen's Park Station),0,0,0,0
2026-02-22,14,10:00,123,17,15.9,4,2,32.49,0,2026-02-22 22:00:00,2026-02-23 04:00:00,E,Roncesvalles Ave,0,2,2,0
2026-02-22,14,10:00,123,17,15.9,4,2,32.49,0,2026-02-22 22:00:00,2026-02-23 04:00:00,E,De Grassi St,2,0,2,0
2026-02-22,14,10:00,123,17,15.9,4,2,32.49,0,2026-02-22 22:00:00,2026-02-23 04:00:00,E,Parliament St at Carlton St,0,0,0,0
2026-02-22,14,10:00,123,17,15.9,4,2,32.49,0,2026-02-22 22:00:00,2026-02-23 04:00:00,E,Parkside Dr East Side,0,2,2,0
2026-02-22,14,10:00,123,17,15.9,4,2,32.49,0,2026-02-22 22:00:00,2026-02-23 04:00:00,E,Dundas St West,0,2,1,0
2026-02-22,14,10:00,123,17,15.9,4,2,32.49,0,2026-02-22 22:00:00,2026-02-23 04:00:00,E,Howard Park Ave at Roncesvalles Ave,0,0,0,0
2026-02-22,14,10:00,123,17,15.9,4,2,32.49,0,2026-02-22 22:00:00,2026-02-23 04:00:00,E,Parliament St,0,0,0,0
2026-02-22,14,10:00,123,17,15.9,4,2,32.49,0,2026-02-22 22:00:00,2026-02-23 04:00:00,E,Parliament St at Gerrard St East,1,0,1,0
2026-02-22,14,10:00,123,17,15.9,4,2,32.49,0,2026-02-22 22:00:00,2026-02-23 04:00:00,E,Sumach St,1,0,1,0
2026-02-22,14,10:00,123,17,15.9,4,2,32.49,0,2026-02-22 22:00:00,2026-02-23 04:00:00,E,Blackburn St,1,0,1,0
2026-02-22,14,10:00,123,17,15.9,4,2,32.49,0,2026-02-22 22:00:00,2026-02-23 04:00:00,E,Logan Ave,2,0,2,0
2026-02-22,14,10:00,123,17,15.9,4,2,32.49,0,2026-02-22 22:00:00,2026-02-23 04:00:00,E,Augusta Ave,2,2,2,0
2026-02-22,14,10:00,123,17,15.9,4,2,32.49,0,2026-02-22 22:00:00,2026-02-23 04:00:00,E,Beverley St,2,2,2,0
2026-02-22,14,10:00,123,17,15.9,4,2,32.49,0,2026-02-22 22:00:00,2026-02-23 04:00:00,E,University Ave (Queen's Park Station,2,2,2,0
2026-02-22,14,10:00,123,17,15.9,4,2,32.49,0,2026-02-22 22:00:00,2026-02-23 04:00:00,E,Elizabeth St,2,2,2,0
2026-02-22,14,10:00,123,17,15.9,4,2,32.49,0,2026-02-22 22:00:00,2026-02-23 04:00:00,E,Greenwood Ave,3,1,2,0
2026-02-22,14,10:00,123,17,15.9,4,2,32.49,0,2026-02-22 22:00:00,2026-02-23 04:00:00,E,Alton Ave,3,1,2,0
2026-02-22,14,10:00,123,17,15.9,4,2,32.49,0,2026-02-22 22:00:00,2026-02-23 04:00:00,E,Coxwell Ave,2,1,2,0
2026-02-22,14,10:00,123,17,15.9,4,2,32.49,0,2026-02-22 22:00:00,2026-02-23 04:00:00,E,Gerrard St East  at Coxwell Ave,0,0,0,0
2026-02-22,14,10:00,123,17,15.9,4,2,32.49,0,2026-02-22 22:00:00,2026-02-23 04:00:00,E,Coxwell Ave at Lower Gerrard St East,0,0,0,0
2026-02-22,14,10:00,123,17,15.9,4,2,32.49,0,2026-02-22 22:00:00,2026-02-23 04:00:00,E,Ashdale Ave,0,0,0,0
2026-02-22,14,10:00,123,17,15.9,4,2,32.49,0,2026-02-22 22:00:00,2026-02-23 04:00:00,E,Howard Park Ave at Indian Rd,0,0,0,0
2026-02-22,14,10:00,123,17,15.9,4,2,32.49,0,2026-02-22 22:00:00,2026-02-23 04:00:00,E,Dundas St West at Howard Park Ave,0,0,0,0
2026-02-22,14,10:00,123,17,15.9,4,2,32.49,0,2026-02-22 22:00:00,2026-02-23 04:00:00,E,Main St at Gerrard St East,0,0,0,0
2026-02-22,14,10:00,123,17,15.9,4,2,32.49,0,2026-02-22 22:00:00,2026-02-23 04:00:00,E,Main St,4,4,2,0
2026-02-22,14,10:00,123,17,15.9,4,2,32.49,0,2026-02-22 22:00:00,2026-02-23 04:00:00,E,Main St at Danforth Ave,0,0,0,0
2026-02-22,14,10:00,123,17,15.9,4,2,32.49,0,2026-02-22 22:00:00,2026-02-23 04:00:00,E,Howard Park Ave at Parkside Dr,0,0,0,0
2026-02-22,14,10:00,123,17,15.9,4,2,32.49,0,2026-02-22 22:00:00,2026-02-23 04:00:00,W,Woodfield Rd,0,0,0,0
2026-02-22,14,10:00,123,17,15.9,4,2,32.49,0,2026-02-22 22:00:00,2026-02-23 04:00:00,W,Coxwell Ave at Gerrard St East,0,0,0,0
2026-02-22,14,10:00,123,17,15.9,4,2,32.49,0,2026-02-22 22:00:00,2026-02-23 04:00:00,W,Euclid Ave,0,0,0,0
2026-02-22,14,10:00,123,17,15.9,4,2,32.49,0,2026-02-22 22:00:00,2026-02-23 04:00:00,W,Bowmore Rd,0,0,0,0
2026-02-22,14,10:00,123,17,15.9,4,2,32.49,0,2026-02-22 22:00:00,2026-02-23 04:00:00,W,Bay St,0,0,0,0
2026-02-22,14,10:00,123,17,15.9,4,2,32.49,0,2026-02-22 22:00:00,2026-02-23 04:00:00,W,Lansdowne Ave,0,0,0,0
2026-02-22,14,10:00,123,17,15.9,4,2,32.49,0,2026-02-22 22:00:00,2026-02-23 04:00:00,W,Indian Rd,0,0,0,0
2026-02-22,14,10:00,123,17,15.9,4,2,32.49,0,2026-02-22 22:00:00,2026-02-23 04:00:00,W,Grace St,0,0,0,0
2026-02-22,14,10:00,123,17,15.9,4,2,32.49,0,2026-02-22 22:00:00,2026-02-23 04:00:00,W,Dufferin St,0,0,0,0
2026-02-22,14,10:00,123,17,15.9,4,2,32.49,0,2026-02-22 22:00:00,2026-02-23 04:00:00,W,Gerrard St East at Beaton Ave,0,0,0,0
2026-02-22,14,10:00,123,17,15.9,4,2,32.49,0,2026-02-22 22:00:00,2026-02-23 04:00:00,W,Bathurst St,0,0,0,0
2026-02-22,14,10:00,123,17,15.9,4,2,32.49,0,2026-02-22 22:00:00,2026-02-23 04:00:00,W,Yonge St - College Station,0,0,0,0
2026-02-22,14,10:00,123,17,15.9,4,2,32.49,0,2026-02-22 22:00:00,2026-02-23 04:00:00,W,Dundas St West at Sterling Rd,0,0,0,0
2026-02-22,14,10:00,123,17,15.9,4,2,32.49,0,2026-02-22 22:00:00,2026-02-23 04:00:00,W,Brock Ave,0,0,0,0
2026-02-22,14,10:00,123,17,15.9,4,2,32.49,0,2026-02-22 22:00:00,2026-02-23 04:00:00,W,Sackville St,0,0,0,0
2026-02-22,14,10:00,123,17,15.9,4,2,32.49,0,2026-02-22 22:00:00,2026-02-23 04:00:00,W,Carlaw Ave,0,0,0,0
2026-02-22,14,10:00,123,17,15.9,4,2,32.49,0,2026-02-22 22:00:00,2026-02-23 04:00:00,W,Borden St,0,0,0,0
2026-02-22,14,10:00,123,17,15.9,4,2,32.49,0,2026-02-22 22:00:00,2026-02-23 04:00:00,W,Dundas St West at Sorauren Ave,0,0,0,0
2026-02-22,14,10:00,123,17,15.9,4,2,32.49,0,2026-02-22 22:00:00,2026-02-23 04:00:00,W,Crawford St,0,0,0,0
2026-02-22,14,10:00,123,17,15.9,4,2,32.49,0,2026-02-22 22:00:00,2026-02-23 04:00:00,W,Pape Ave,0,0,0,0
2026-02-22,14,10:00,123,17,15.9,4,2,32.49,0,2026-02-22 22:00:00,2026-02-23 04:00:00,W,Spadina Ave,0,0,0,0
2026-02-22,14,10:00,123,17,15.9,4,2,32.49,0,2026-02-22 22:00:00,2026-02-23 04:00:00,W,River St,1,0,0,0
2026-02-22,14,10:00,123,17,15.9,4,2,32.49,0,2026-02-22 22:00:00,2026-02-23 04:00:00,W,Marjory Ave,0,0,0,0
2026-02-22,14,10:00,123,17,15.9,4,2,32.49,0,2026-02-22 22:00:00,2026-02-23 04:00:00,W,Kingsmount Park Rd,0,0,0,0
2026-02-22,14,10:00,123,17,15.9,4,2,32.49,0,2026-02-22 22:00:00,2026-02-23 04:00:00,W,Church St,0,0,0,0
2026-02-22,14,10:00,123,17,15.9,4,2,32.49,0,2026-02-22 22:00:00,2026-02-23 04:00:00,W,Ossington Ave,0,0,0,0
2026-02-22,14,10:00,123,17,15.9,4,2,32.49,0,2026-02-22 22:00:00,2026-02-23 04:00:00,W,Woodbine Ave,0,0,0,0
2026-02-22,14,10:00,123,17,15.9,4,2,32.49,0,2026-02-22 22:00:00,2026-02-23 04:00:00,W,Jones Ave,0,0,0,0
2026-02-22,14,10:00,123,17,15.9,4,2,32.49,0,2026-02-22 22:00:00,2026-02-23 04:00:00,W,Golfview Ave,0,0,0,0
2026-02-22,14,10:00,123,17,15.9,4,2,32.49,0,2026-02-22 22:00:00,2026-02-23 04:00:00,W,Leslie St,0,0,0,0
2026-02-22,14,10:00,123,17,15.9,4,2,32.49,0,2026-02-22 22:00:00,2026-02-23 04:00:00,W,St Matthews Rd,0,0,0,0
2026-02-22,14,10:00,123,17,15.9,4,2,32.49,0,2026-02-22 22:00:00,2026-02-23 04:00:00,W,Jarvis St,0,0,0,0
2026-02-22,14,10:00,123,17,15.9,4,2,32.49,0,2026-02-22 22:00:00,2026-02-23 04:00:00,W,Sherbourne St,0,0,0,0
2026-02-22,14,10:00,123,17,15.9,4,2,32.49,0,2026-02-22 22:00:00,2026-02-23 04:00:00,W,St George St,2,0,0,1
2026-02-22,14,10:00,123,17,15.9,4,2,32.49,0,2026-02-22 22:00:00,2026-02-23 04:00:00,W,Dovercourt Rd,0,0,0,0
2026-02-22,14,10:00,123,17,15.9,4,2,32.49,0,2026-02-22 22:00:00,2026-02-23 04:00:00,W,Glenmount Park Rd,0,0,0,0
2026-02-22,14,10:00,123,17,15.9,4,2,32.49,0,2026-02-22 22:00:00,2026-02-23 04:00:00,W,Prust Ave,0,0,0,0
2026-02-22,14,10:00,123,17,15.9,4,2,32.49,0,2026-02-22 22:00:00,2026-02-23 04:00:00,W,Main Street Station at Bay 7,0,0,0,0
2026-02-22,14,10:00,123,17,15.9,4,2,32.49,0,2026-02-22 22:00:00,2026-02-23 04:00:00,W,Norwood Rd,0,0,0,0
2026-02-22,14,10:00,123,17,15.9,4,2,32.49,0,2026-02-22 22:00:00,2026-02-23 04:00:00,W,McCaul St,0,0,0,0
2026-02-22,14,10:00,123,17,15.9,4,2,32.49,0,2026-02-22 22:00:00,2026-02-23 04:00:00,W,Broadview Ave,0,0,0,0
2026-02-22,14,10:00,123,17,15.9,4,2,32.49,0,2026-02-22 22:00:00,2026-02-23 04:00:00,W,Ontario St,0,0,0,0
2026-02-22,14,10:00,123,17,15.9,4,2,32.49,0,2026-02-22 22:00:00,2026-02-23 04:00:00,W,Rusholme Park Cres,0,0,0,0
2026-02-22,14,10:00,123,17,15.9,4,2,32.49,0,2026-02-22 22:00:00,2026-02-23 04:00:00,W,Havelock St,4,0,3,0
2026-02-22,14,10:00,123,17,15.9,4,2,32.49,0,2026-02-22 22:00:00,2026-02-23 04:00:00,W,High Park Loop,0,0,0,0
2026-02-22,14,10:00,123,17,15.9,4,2,32.49,0,2026-02-22 22:00:00,2026-02-23 04:00:00,W,Queens Park (Queen's Park Station),3,0,0,1
2026-02-22,14,10:00,123,17,15.9,4,2,32.49,0,2026-02-22 22:00:00,2026-02-23 04:00:00,W,Roncesvalles Ave,0,0,0,0
2026-02-22,14,10:00,123,17,15.9,4,2,32.49,0,2026-02-22 22:00:00,2026-02-23 04:00:00,W,De Grassi St,0,0,0,0
2026-02-22,14,10:00,123,17,15.9,4,2,32.49,0,2026-02-22 22:00:00,2026-02-23 04:00:00,W,Parliament St at Carlton St,1,0,0,1
2026-02-22,14,10:00,123,17,15.9,4,2,32.49,0,2026-02-22 22:00:00,2026-02-23 04:00:00,W,Parkside Dr East Side,0,0,0,0
2026-02-22,14,10:00,123,17,15.9,4,2,32.49,0,2026-02-22 22:00:00,2026-02-23 04:00:00,W,Dundas St West,0,0,0,0
2026-02-22,14,10:00,123,17,15.9,4,2,32.49,0,2026-02-22 22:00:00,2026-02-23 04:00:00,W,Howard Park Ave at Roncesvalles Ave,2,3,1,0
2026-02-22,14,10:00,123,17,15.9,4,2,32.49,0,2026-02-22 22:00:00,2026-02-23 04:00:00,W,Parliament St,1,0,0,1
2026-02-22,14,10:00,123,17,15.9,4,2,32.49,0,2026-02-22 22:00:00,2026-02-23 04:00:00,W,Parliament St at Gerrard St East,0,0,0,0
2026-02-22,14,10:00,123,17,15.9,4,2,32.49,0,2026-02-22 22:00:00,2026-02-23 04:00:00,W,Sumach St,0,0,0,0
2026-02-22,14,10:00,123,17,15.9,4,2,32.49,0,2026-02-22 22:00:00,2026-02-23 04:00:00,W,Blackburn St,0,0,0,0
2026-02-22,14,10:00,123,17,15.9,4,2,32.49,0,2026-02-22 22:00:00,2026-02-23 04:00:00,W,Logan Ave,0,0,0,0
2026-02-22,14,10:00,123,17,15.9,4,2,32.49,0,2026-02-22 22:00:00,2026-02-23 04:00:00,W,Augusta Ave,0,0,0,0
2026-02-22,14,10:00,123,17,15.9,4,2,32.49,0,2026-02-22 22:00:00,2026-02-23 04:00:00,W,Beverley St,0,0,0,0
2026-02-22,14,10:00,123,17,15.9,4,2,32.49,0,2026-02-22 22:00:00,2026-02-23 04:00:00,W,University Ave (Queen's Park Station,0,0,0,0
2026-02-22,14,10:00,123,17,15.9,4,2,32.49,0,2026-02-22 22:00:00,2026-02-23 04:00:00,W,Elizabeth St,0,0,0,0
2026-02-22,14,10:00,123,17,15.9,4,2,32.49,0,2026-02-22 22:00:00,2026-02-23 04:00:00,W,Greenwood Ave,0,0,0,0
2026-02-22,14,10:00,123,17,15.9,4,2,32.49,0,2026-02-22 22:00:00,2026-02-23 04:00:00,W,Alton Ave,0,0,0,0
2026-02-22,14,10:00,123,17,15.9,4,2,32.49,0,2026-02-22 22:00:00,2026-02-23 04:00:00,W,Coxwell Ave,0,0,0,0
2026-02-22,14,10:00,123,17,15.9,4,2,32.49,0,2026-02-22 22:00:00,2026-02-23 04:00:00,W,Gerrard St East  at Coxwell Ave,0,0,0,0
2026-02-22,14,10:00,123,17,15.9,4,2,32.49,0,2026-02-22 22:00:00,2026-02-23 04:00:00,W,Coxwell Ave at Lower Gerrard St East,0,0,0,0
2026-02-22,14,10:00,123,17,15.9,4,2,32.49,0,2026-02-22 22:00:00,2026-02-23 04:00:00,W,Ashdale Ave,0,0,0,0
2026-02-22,14,10:00,123,17,15.9,4,2,32.49,0,2026-02-22 22:00:00,2026-02-23 04:00:00,W,Howard Park Ave at Indian Rd,1,4,1,0
2026-02-22,14,10:00,123,17,15.9,4,2,32.49,0,2026-02-22 22:00:00,2026-02-23 04:00:00,W,Dundas St West at Howard Park Ave,2,3,1,0
2026-02-22,14,10:00,123,17,15.9,4,2,32.49,0,2026-02-22 22:00:00,2026-02-23 04:00:00,W,Main St at Gerrard St East,0,0,0,0
2026-02-22,14,10:00,123,17,15.9,4,2,32.49,0,2026-02-22 22:00:00,2026-02-23 04:00:00,W,Main St,0,0,0,0
2026-02-22,14,10:00,123,17,15.9,4,2,32.49,0,2026-02-22 22:00:00,2026-02-23 04:00:00,W,Main St at Danforth Ave,0,0,0,0
2026-02-22,14,10:00,123,17,15.9,4,2,32.49,0,2026-02-22 22:00:00,2026-02-23 04:00:00,W,Howard Park Ave at Parkside Dr,4,3,2,0
