date,No. of Veh,Service interval,Run time (min),Term time (min),Avg. spd (km/h),Time of Day (morning: 0-late evening: 4)*,Weekday=0/Sat=1/Sun=2,RT dist (km),Interruption,time period start,time period end,EB/WB,stop,bunch,gap,"delay time (5,19]","delay time (19,120]"
2025-01-04,13,10:00,119,11,15.2,0,1,30.13,0,2025-01-04 04:00:00,2025-01-04 08:00:00,E,Woodfield Rd,2,3,0,0
2025-01-04,13,10:00,119,11,15.2,0,1,30.13,0,2025-01-04 04:00:00,2025-01-04 08:00:00,E,Coxwell Ave at Gerrard St East,0,0,0,0
2025-01-04,13,10:00,119,11,15.2,0,1,30.13,0,2025-01-04 04:00:00,2025-01-04 08:00:00,E,Euclid Ave,1,3,0,0
2025-01-04,13,10:00,119,11,15.2,0,1,30.13,0,2025-01-04 04:00:00,2025-01-04 08:00:00,E,Bowmore Rd,3,2,0,0
2025-01-04,13,10:00,119,11,15.2,0,1,30.13,0,2025-01-04 04:00:00,2025-01-04 08:00:00,E,Bay St,1,3,0,0
2025-01-04,13,10:00,119,11,15.2,0,1,30.13,0,2025-01-04 04:00:00,2025-01-04 08:00:00,E,Lansdowne Ave,3,7,1,0
2025-01-04,13,10:00,119,11,15.2,0,1,30.13,0,2025-01-04 04:00:00,2025-01-04 08:00:00,E,Indian Rd,0,1,0,0
2025-01-04,13,10:00,119,11,15.2,0,1,30.13,0,2025-01-04 04:00:00,2025-01-04 08:00:00,E,Grace St,2,5,1,0
2025-01-04,13,10:00,119,11,15.2,0,1,30.13,0,2025-01-04 04:00:00,2025-01-04 08:00:00,E,Dufferin St,2,3,0,0
2025-01-04,13,10:00,119,11,15.2,0,1,30.13,0,2025-01-04 04:00:00,2025-01-04 08:00:00,E,Gerrard St East at Beaton Ave,3,2,0,0
2025-01-04,13,10:00,119,11,15.2,0,1,30.13,0,2025-01-04 04:00:00,2025-01-04 08:00:00,E,Bathurst St,1,3,0,0
2025-01-04,13,10:00,119,11,15.2,0,1,30.13,0,2025-01-04 04:00:00,2025-01-04 08:00:00,E,Yonge St - College Station,1,3,0,0
2025-01-04,13,10:00,119,11,15.2,0,1,30.13,0,2025-01-04 04:00:00,2025-01-04 08:00:00,E,Dundas St West at Sterling Rd,0,4,1,0
2025-01-04,13,10:00,119,11,15.2,0,1,30.13,0,2025-01-04 04:00:00,2025-01-04 08:00:00,E,Brock Ave,2,7,1,0
2025-01-04,13,10:00,119,11,15.2,0,1,30.13,0,2025-01-04 04:00:00,2025-01-04 08:00:00,E,Sackville St,1,3,0,0
2025-01-04,13,10:00,119,11,15.2,0,1,30.13,0,2025-01-04 04:00:00,2025-01-04 08:00:00,E,Carlaw Ave,1,3,0,0
2025-01-04,13,10:00,119,11,15.2,0,1,30.13,0,2025-01-04 04:00:00,2025-01-04 08:00:00,E,Borden St,1,3,0,0
2025-01-04,13,10:00,119,11,15.2,0,1,30.13,0,2025-01-04 04:00:00,2025-01-04 08:00:00,E,Dundas St West at Sorauren Ave,0,5,1,0
2025-01-04,13,10:00,119,11,15.2,0,1,30.13,0,2025-01-04 04:00:00,2025-01-04 08:00:00,E,Crawford St,3,6,0,0
2025-01-04,13,10:00,119,11,15.2,0,1,30.13,0,2025-01-04 04:00:00,2025-01-04 08:00:00,E,Pape Ave,2,3,0,0
2025-01-04,13,10:00,119,11,15.2,0,1,30.13,0,2025-01-04 04:00:00,2025-01-04 08:00:00,E,Spadina Ave,1,3,0,0
2025-01-04,13,10:00,119,11,15.2,0,1,30.13,0,2025-01-04 04:00:00,2025-01-04 08:00:00,E,River St,1,3,0,0
2025-01-04,13,10:00,119,11,15.2,0,1,30.13,0,2025-01-04 04:00:00,2025-01-04 08:00:00,E,Marjory Ave,1,3,0,0
2025-01-04,13,10:00,119,11,15.2,0,1,30.13,0,2025-01-04 04:00:00,2025-01-04 08:00:00,E,Kingsmount Park Rd,3,2,0,0
2025-01-04,13,10:00,119,11,15.2,0,1,30.13,0,2025-01-04 04:00:00,2025-01-04 08:00:00,E,Church St,0,4,1,0
2025-01-04,13,10:00,119,11,15.2,0,1,30.13,0,2025-01-04 04:00:00,2025-01-04 08:00:00,E,Ossington Ave,3,6,0,0
2025-01-04,13,10:00,119,11,15.2,0,1,30.13,0,2025-01-04 04:00:00,2025-01-04 08:00:00,E,Woodbine Ave,2,2,0,0
2025-01-04,13,10:00,119,11,15.2,0,1,30.13,0,2025-01-04 04:00:00,2025-01-04 08:00:00,E,Jones Ave,1,3,0,0
2025-01-04,13,10:00,119,11,15.2,0,1,30.13,0,2025-01-04 04:00:00,2025-01-04 08:00:00,E,Golfview Ave,2,2,0,0
2025-01-04,13,10:00,119,11,15.2,0,1,30.13,0,2025-01-04 04:00:00,2025-01-04 08:00:00,E,Leslie St,2,3,0,0
2025-01-04,13,10:00,119,11,15.2,0,1,30.13,0,2025-01-04 04:00:00,2025-01-04 08:00:00,E,St Matthews Rd,1,3,0,0
2025-01-04,13,10:00,119,11,15.2,0,1,30.13,0,2025-01-04 04:00:00,2025-01-04 08:00:00,E,Jarvis St,1,3,1,0
2025-01-04,13,10:00,119,11,15.2,0,1,30.13,0,2025-01-04 04:00:00,2025-01-04 08:00:00,E,Sherbourne St,1,3,1,0
2025-01-04,13,10:00,119,11,15.2,0,1,30.13,0,2025-01-04 04:00:00,2025-01-04 08:00:00,E,St George St,1,3,0,0
2025-01-04,13,10:00,119,11,15.2,0,1,30.13,0,2025-01-04 04:00:00,2025-01-04 08:00:00,E,Dovercourt Rd,1,7,1,0
2025-01-04,13,10:00,119,11,15.2,0,1,30.13,0,2025-01-04 04:00:00,2025-01-04 08:00:00,E,Glenmount Park Rd,2,2,0,0
2025-01-04,13,10:00,119,11,15.2,0,1,30.13,0,2025-01-04 04:00:00,2025-01-04 08:00:00,E,Prust Ave,2,3,0,0
2025-01-04,13,10:00,119,11,15.2,0,1,30.13,0,2025-01-04 04:00:00,2025-01-04 08:00:00,E,Main Street Station at Bay 7,0,0,0,0
2025-01-04,13,10:00,119,11,15.2,0,1,30.13,0,2025-01-04 04:00:00,2025-01-04 08:00:00,E,Norwood Rd,2,2,0,0
2025-01-04,13,10:00,119,11,15.2,0,1,30.13,0,2025-01-04 04:00:00,2025-01-04 08:00:00,E,McCaul St,1,3,0,0
2025-01-04,13,10:00,119,11,15.2,0,1,30.13,0,2025-01-04 04:00:00,2025-01-04 08:00:00,E,Broadview Ave,1,3,0,0
2025-01-04,13,10:00,119,11,15.2,0,1,30.13,0,2025-01-04 04:00:00,2025-01-04 08:00:00,E,Ontario St,1,3,1,0
2025-01-04,13,10:00,119,11,15.2,0,1,30.13,0,2025-01-04 04:00:00,2025-01-04 08:00:00,E,Rusholme Park Cres,0,4,1,0
2025-01-04,13,10:00,119,11,15.2,0,1,30.13,0,2025-01-04 04:00:00,2025-01-04 08:00:00,E,Havelock St,1,3,0,0
2025-01-04,13,10:00,119,11,15.2,0,1,30.13,0,2025-01-04 04:00:00,2025-01-04 08:00:00,E,High Park Loop,0,0,0,0
2025-01-04,13,10:00,119,11,15.2,0,1,30.13,0,2025-01-04 04:00:00,2025-01-04 08:00:00,E,Queens Park (Queen's Park Station),1,3,0,0
2025-01-04,13,10:00,119,11,15.2,0,1,30.13,0,2025-01-04 04:00:00,2025-01-04 08:00:00,E,Roncesvalles Ave,0,4,1,0
2025-01-04,13,10:00,119,11,15.2,0,1,30.13,0,2025-01-04 04:00:00,2025-01-04 08:00:00,E,De Grassi St,1,3,0,0
2025-01-04,13,10:00,119,11,15.2,0,1,30.13,0,2025-01-04 04:00:00,2025-01-04 08:00:00,E,Parliament St at Carlton St,1,3,1,0
2025-01-04,13,10:00,119,11,15.2,0,1,30.13,0,2025-01-04 04:00:00,2025-01-04 08:00:00,E,Parkside Dr East Side,0,0,1,0
2025-01-04,13,10:00,119,11,15.2,0,1,30.13,0,2025-01-04 04:00:00,2025-01-04 08:00:00,E,Dundas St West,0,0,0,0
2025-01-04,13,10:00,119,11,15.2,0,1,30.13,0,2025-01-04 04:00:00,2025-01-04 08:00:00,E,Howard Park Ave at Roncesvalles Ave,0,0,0,0
2025-01-04,13,10:00,119,11,15.2,0,1,30.13,0,2025-01-04 04:00:00,2025-01-04 08:00:00,E,Parliament St,0,0,0,0
2025-01-04,13,10:00,119,11,15.2,0,1,30.13,0,2025-01-04 04:00:00,2025-01-04 08:00:00,E,Parliament St at Gerrard St East,0,0,0,0
2025-01-04,13,10:00,119,11,15.2,0,1,30.13,0,2025-01-04 04:00:00,2025-01-04 08:00:00,E,Sumach St,0,0,0,0
2025-01-04,13,10:00,119,11,15.2,0,1,30.13,0,2025-01-04 04:00:00,2025-01-04 08:00:00,E,Blackburn St,0,0,0,0
2025-01-04,13,10:00,119,11,15.2,0,1,30.13,0,2025-01-04 04:00:00,2025-01-04 08:00:00,E,Logan Ave,0,0,0,0
2025-01-04,13,10:00,119,11,15.2,0,1,30.13,0,2025-01-04 04:00:00,2025-01-04 08:00:00,E,Augusta Ave,0,0,0,0
2025-01-04,13,10:00,119,11,15.2,0,1,30.13,0,2025-01-04 04:00:00,2025-01-04 08:00:00,E,Beverley St,0,0,0,0
2025-01-04,13,10:00,119,11,15.2,0,1,30.13,0,2025-01-04 04:00:00,2025-01-04 08:00:00,E,University Ave (Queen's Park Station,0,0,0,0
2025-01-04,13,10:00,119,11,15.2,0,1,30.13,0,2025-01-04 04:00:00,2025-01-04 08:00:00,E,Elizabeth St,0,0,0,0
2025-01-04,13,10:00,119,11,15.2,0,1,30.13,0,2025-01-04 04:00:00,2025-01-04 08:00:00,E,Greenwood Ave,0,0,0,0
2025-01-04,13,10:00,119,11,15.2,0,1,30.13,0,2025-01-04 04:00:00,2025-01-04 08:00:00,E,Alton Ave,0,0,0,0
2025-01-04,13,10:00,119,11,15.2,0,1,30.13,0,2025-01-04 04:00:00,2025-01-04 08:00:00,E,Coxwell Ave,0,0,0,0
2025-01-04,13,10:00,119,11,15.2,0,1,30.13,0,2025-01-04 04:00:00,2025-01-04 08:00:00,E,Gerrard St East  at Coxwell Ave,0,0,0,0
2025-01-04,13,10:00,119,11,15.2,0,1,30.13,0,2025-01-04 04:00:00,2025-01-04 08:00:00,E,Coxwell Ave at Lower Gerrard St East,0,0,0,0
2025-01-04,13,10:00,119,11,15.2,0,1,30.13,0,2025-01-04 04:00:00,2025-01-04 08:00:00,E,Ashdale Ave,0,0,0,0
2025-01-04,13,10:00,119,11,15.2,0,1,30.13,0,2025-01-04 04:00:00,2025-01-04 08:00:00,E,Howard Park Ave at Indian Rd,0,0,0,0
2025-01-04,13,10:00,119,11,15.2,0,1,30.13,0,2025-01-04 04:00:00,2025-01-04 08:00:00,E,Dundas St West at Howard Park Ave,0,0,0,0
2025-01-04,13,10:00,119,11,15.2,0,1,30.13,0,2025-01-04 04:00:00,2025-01-04 08:00:00,E,Main St at Gerrard St East,0,0,0,0
2025-01-04,13,10:00,119,11,15.2,0,1,30.13,0,2025-01-04 04:00:00,2025-01-04 08:00:00,E,Main St,0,0,0,0
2025-01-04,13,10:00,119,11,15.2,0,1,30.13,0,2025-01-04 04:00:00,2025-01-04 08:00:00,E,Main St at Danforth Ave,0,0,0,0
2025-01-04,13,10:00,119,11,15.2,0,1,30.13,0,2025-01-04 04:00:00,2025-01-04 08:00:00,E,Howard Park Ave at Parkside Dr,0,0,0,0
2025-01-04,13,10:00,119,11,15.2,0,1,30.13,0,2025-01-04 04:00:00,2025-01-04 08:00:00,W,Woodfield Rd,0,0,0,0
2025-01-04,13,10:00,119,11,15.2,0,1,30.13,0,2025-01-04 04:00:00,2025-01-04 08:00:00,W,Coxwell Ave at Gerrard St East,0,1,0,0
2025-01-04,13,10:00,119,11,15.2,0,1,30.13,0,2025-01-04 04:00:00,2025-01-04 08:00:00,W,Euclid Ave,0,0,0,0
2025-01-04,13,10:00,119,11,15.2,0,1,30.13,0,2025-01-04 04:00:00,2025-01-04 08:00:00,W,Bowmore Rd,0,1,0,0
2025-01-04,13,10:00,119,11,15.2,0,1,30.13,0,2025-01-04 04:00:00,2025-01-04 08:00:00,W,Bay St,0,0,0,0
2025-01-04,13,10:00,119,11,15.2,0,1,30.13,0,2025-01-04 04:00:00,2025-01-04 08:00:00,W,Lansdowne Ave,0,0,0,0
2025-01-04,13,10:00,119,11,15.2,0,1,30.13,0,2025-01-04 04:00:00,2025-01-04 08:00:00,W,Indian Rd,1,0,0,0
2025-01-04,13,10:00,119,11,15.2,0,1,30.13,0,2025-01-04 04:00:00,2025-01-04 08:00:00,W,Grace St,0,0,0,0
2025-01-04,13,10:00,119,11,15.2,0,1,30.13,0,2025-01-04 04:00:00,2025-01-04 08:00:00,W,Dufferin St,1,2,0,0
2025-01-04,13,10:00,119,11,15.2,0,1,30.13,0,2025-01-04 04:00:00,2025-01-04 08:00:00,W,Gerrard St East at Beaton Ave,0,1,0,0
2025-01-04,13,10:00,119,11,15.2,0,1,30.13,0,2025-01-04 04:00:00,2025-01-04 08:00:00,W,Bathurst St,0,0,0,0
2025-01-04,13,10:00,119,11,15.2,0,1,30.13,0,2025-01-04 04:00:00,2025-01-04 08:00:00,W,Yonge St - College Station,0,0,0,0
2025-01-04,13,10:00,119,11,15.2,0,1,30.13,0,2025-01-04 04:00:00,2025-01-04 08:00:00,W,Dundas St West at Sterling Rd,0,0,0,0
2025-01-04,13,10:00,119,11,15.2,0,1,30.13,0,2025-01-04 04:00:00,2025-01-04 08:00:00,W,Brock Ave,0,0,0,0
2025-01-04,13,10:00,119,11,15.2,0,1,30.13,0,2025-01-04 04:00:00,2025-01-04 08:00:00,W,Sackville St,1,3,0,0
2025-01-04,13,10:00,119,11,15.2,0,1,30.13,0,2025-01-04 04:00:00,2025-01-04 08:00:00,W,Carlaw Ave,0,0,0,0
2025-01-04,13,10:00,119,11,15.2,0,1,30.13,0,2025-01-04 04:00:00,2025-01-04 08:00:00,W,Borden St,0,0,0,0
2025-01-04,13,10:00,119,11,15.2,0,1,30.13,0,2025-01-04 04:00:00,2025-01-04 08:00:00,W,Dundas St West at Sorauren Ave,1,0,0,0
2025-01-04,13,10:00,119,11,15.2,0,1,30.13,0,2025-01-04 04:00:00,2025-01-04 08:00:00,W,Crawford St,0,0,0,0
2025-01-04,13,10:00,119,11,15.2,0,1,30.13,0,2025-01-04 04:00:00,2025-01-04 08:00:00,W,Pape Ave,0,0,0,0
2025-01-04,13,10:00,119,11,15.2,0,1,30.13,0,2025-01-04 04:00:00,2025-01-04 08:00:00,W,Spadina Ave,1,2,0,0
2025-01-04,13,10:00,119,11,15.2,0,1,30.13,0,2025-01-04 04:00:00,2025-01-04 08:00:00,W,River St,1,2,0,0
2025-01-04,13,10:00,119,11,15.2,0,1,30.13,0,2025-01-04 04:00:00,2025-01-04 08:00:00,W,Marjory Ave,0,0,0,0
2025-01-04,13,10:00,119,11,15.2,0,1,30.13,0,2025-01-04 04:00:00,2025-01-04 08:00:00,W,Kingsmount Park Rd,0,0,0,0
2025-01-04,13,10:00,119,11,15.2,0,1,30.13,0,2025-01-04 04:00:00,2025-01-04 08:00:00,W,Church St,0,0,0,0
2025-01-04,13,10:00,119,11,15.2,0,1,30.13,0,2025-01-04 04:00:00,2025-01-04 08:00:00,W,Ossington Ave,0,0,0,0
2025-01-04,13,10:00,119,11,15.2,0,1,30.13,0,2025-01-04 04:00:00,2025-01-04 08:00:00,W,Woodbine Ave,0,0,0,0
2025-01-04,13,10:00,119,11,15.2,0,1,30.13,0,2025-01-04 04:00:00,2025-01-04 08:00:00,W,Jones Ave,0,0,0,0
2025-01-04,13,10:00,119,11,15.2,0,1,30.13,0,2025-01-04 04:00:00,2025-01-04 08:00:00,W,Golfview Ave,0,0,0,0
2025-01-04,13,10:00,119,11,15.2,0,1,30.13,0,2025-01-04 04:00:00,2025-01-04 08:00:00,W,Leslie St,0,0,0,0
2025-01-04,13,10:00,119,11,15.2,0,1,30.13,0,2025-01-04 04:00:00,2025-01-04 08:00:00,W,St Matthews Rd,0,0,0,0
2025-01-04,13,10:00,119,11,15.2,0,1,30.13,0,2025-01-04 04:00:00,2025-01-04 08:00:00,W,Jarvis St,0,0,0,0
2025-01-04,13,10:00,119,11,15.2,0,1,30.13,0,2025-01-04 04:00:00,2025-01-04 08:00:00,W,Sherbourne St,0,0,0,0
2025-01-04,13,10:00,119,11,15.2,0,1,30.13,0,2025-01-04 04:00:00,2025-01-04 08:00:00,W,St George St,0,0,0,0
2025-01-04,13,10:00,119,11,15.2,0,1,30.13,0,2025-01-04 04:00:00,2025-01-04 08:00:00,W,Dovercourt Rd,0,0,0,0
2025-01-04,13,10:00,119,11,15.2,0,1,30.13,0,2025-01-04 04:00:00,2025-01-04 08:00:00,W,Glenmount Park Rd,0,0,0,0
2025-01-04,13,10:00,119,11,15.2,0,1,30.13,0,2025-01-04 04:00:00,2025-01-04 08:00:00,W,Prust Ave,0,0,0,0
2025-01-04,13,10:00,119,11,15.2,0,1,30.13,0,2025-01-04 04:00:00,2025-01-04 08:00:00,W,Main Street Station at Bay 7,0,1,0,0
2025-01-04,13,10:00,119,11,15.2,0,1,30.13,0,2025-01-04 04:00:00,2025-01-04 08:00:00,W,Norwood Rd,0,0,0,0
2025-01-04,13,10:00,119,11,15.2,0,1,30.13,0,2025-01-04 04:00:00,2025-01-04 08:00:00,W,McCaul St,0,0,0,0
2025-01-04,13,10:00,119,11,15.2,0,1,30.13,0,2025-01-04 04:00:00,2025-01-04 08:00:00,W,Broadview Ave,0,0,0,0
2025-01-04,13,10:00,119,11,15.2,0,1,30.13,0,2025-01-04 04:00:00,2025-01-04 08:00:00,W,Ontario St,0,0,0,0
2025-01-04,13,10:00,119,11,15.2,0,1,30.13,0,2025-01-04 04:00:00,2025-01-04 08:00:00,W,Rusholme Park Cres,0,0,0,0
2025-01-04,13,10:00,119,11,15.2,0,1,30.13,0,2025-01-04 04:00:00,2025-01-04 08:00:00,W,Havelock St,0,0,0,0
2025-01-04,13,10:00,119,11,15.2,0,1,30.13,0,2025-01-04 04:00:00,2025-01-04 08:00:00,W,High Park Loop,0,0,0,0
2025-01-04,13,10:00,119,11,15.2,0,1,30.13,0,2025-01-04 04:00:00,2025-01-04 08:00:00,W,Queens Park (Queen's Park Station),0,0,0,0
2025-01-04,13,10:00,119,11,15.2,0,1,30.13,0,2025-01-04 04:00:00,2025-01-04 08:00:00,W,Roncesvalles Ave,1,0,0,0
2025-01-04,13,10:00,119,11,15.2,0,1,30.13,0,2025-01-04 04:00:00,2025-01-04 08:00:00,W,De Grassi St,0,0,0,0
2025-01-04,13,10:00,119,11,15.2,0,1,30.13,0,2025-01-04 04:00:00,2025-01-04 08:00:00,W,Parliament St at Carlton St,0,0,0,0
2025-01-04,13,10:00,119,11,15.2,0,1,30.13,0,2025-01-04 04:00:00,2025-01-04 08:00:00,W,Parkside Dr East Side,0,0,0,0
2025-01-04,13,10:00,119,11,15.2,0,1,30.13,0,2025-01-04 04:00:00,2025-01-04 08:00:00,W,Dundas St West,0,0,0,0
2025-01-04,13,10:00,119,11,15.2,0,1,30.13,0,2025-01-04 04:00:00,2025-01-04 08:00:00,W,Howard Park Ave at Roncesvalles Ave,0,0,0,0
2025-01-04,13,10:00,119,11,15.2,0,1,30.13,0,2025-01-04 04:00:00,2025-01-04 08:00:00,W,Parliament St,0,0,0,0
2025-01-04,13,10:00,119,11,15.2,0,1,30.13,0,2025-01-04 04:00:00,2025-01-04 08:00:00,W,Parliament St at Gerrard St East,0,0,0,0
2025-01-04,13,10:00,119,11,15.2,0,1,30.13,0,2025-01-04 04:00:00,2025-01-04 08:00:00,W,Sumach St,0,0,0,0
2025-01-04,13,10:00,119,11,15.2,0,1,30.13,0,2025-01-04 04:00:00,2025-01-04 08:00:00,W,Blackburn St,0,0,0,0
2025-01-04,13,10:00,119,11,15.2,0,1,30.13,0,2025-01-04 04:00:00,2025-01-04 08:00:00,W,Logan Ave,0,0,0,0
2025-01-04,13,10:00,119,11,15.2,0,1,30.13,0,2025-01-04 04:00:00,2025-01-04 08:00:00,W,Augusta Ave,0,0,0,0
2025-01-04,13,10:00,119,11,15.2,0,1,30.13,0,2025-01-04 04:00:00,2025-01-04 08:00:00,W,Beverley St,0,0,0,0
2025-01-04,13,10:00,119,11,15.2,0,1,30.13,0,2025-01-04 04:00:00,2025-01-04 08:00:00,W,University Ave (Queen's Park Station,0,0,0,0
2025-01-04,13,10:00,119,11,15.2,0,1,30.13,0,2025-01-04 04:00:00,2025-01-04 08:00:00,W,Elizabeth St,0,0,0,0
2025-01-04,13,10:00,119,11,15.2,0,1,30.13,0,2025-01-04 04:00:00,2025-01-04 08:00:00,W,Greenwood Ave,0,0,0,0
2025-01-04,13,10:00,119,11,15.2,0,1,30.13,0,2025-01-04 04:00:00,2025-01-04 08:00:00,W,Alton Ave,0,0,0,0
2025-01-04,13,10:00,119,11,15.2,0,1,30.13,0,2025-01-04 04:00:00,2025-01-04 08:00:00,W,Coxwell Ave,0,0,0,0
2025-01-04,13,10:00,119,11,15.2,0,1,30.13,0,2025-01-04 04:00:00,2025-01-04 08:00:00,W,Gerrard St East  at Coxwell Ave,0,0,0,0
2025-01-04,13,10:00,119,11,15.2,0,1,30.13,0,2025-01-04 04:00:00,2025-01-04 08:00:00,W,Coxwell Ave at Lower Gerrard St East,0,0,0,0
2025-01-04,13,10:00,119,11,15.2,0,1,30.13,0,2025-01-04 04:00:00,2025-01-04 08:00:00,W,Ashdale Ave,0,0,0,0
2025-01-04,13,10:00,119,11,15.2,0,1,30.13,0,2025-01-04 04:00:00,2025-01-04 08:00:00,W,Howard Park Ave at Indian Rd,0,0,0,0
2025-01-04,13,10:00,119,11,15.2,0,1,30.13,0,2025-01-04 04:00:00,2025-01-04 08:00:00,W,Dundas St West at Howard Park Ave,0,0,0,0
2025-01-04,13,10:00,119,11,15.2,0,1,30.13,0,2025-01-04 04:00:00,2025-01-04 08:00:00,W,Main St at Gerrard St East,0,0,0,0
2025-01-04,13,10:00,119,11,15.2,0,1,30.13,0,2025-01-04 04:00:00,2025-01-04 08:00:00,W,Main St,0,0,0,0
2025-01-04,13,10:00,119,11,15.2,0,1,30.13,0,2025-01-04 04:00:00,2025-01-04 08:00:00,W,Main St at Danforth Ave,0,0,0,0
2025-01-04,13,10:00,119,11,15.2,0,1,30.13,0,2025-01-04 04:00:00,2025-01-04 08:00:00,W,Howard Park Ave at Parkside Dr,0,0,0,0
2025-01-11,13,10:00,119,11,15.2,0,1,30.13,0,2025-01-11 04:00:00,2025-01-11 08:00:00,E,Woodfield Rd,1,1,3,0
2025-01-11,13,10:00,119,11,15.2,0,1,30.13,0,2025-01-11 04:00:00,2025-01-11 08:00:00,E,Coxwell Ave at Gerrard St East,0,0,0,0
2025-01-11,13,10:00,119,11,15.2,0,1,30.13,0,2025-01-11 04:00:00,2025-01-11 08:00:00,E,Euclid Ave,1,1,3,2
2025-01-11,13,10:00,119,11,15.2,0,1,30.13,0,2025-01-11 04:00:00,2025-01-11 08:00:00,E,Bowmore Rd,1,3,4,0
2025-01-11,13,10:00,119,11,15.2,0,1,30.13,0,2025-01-11 04:00:00,2025-01-11 08:00:00,E,Bay St,1,1,3,1
2025-01-11,13,10:00,119,11,15.2,0,1,30.13,0,2025-01-11 04:00:00,2025-01-11 08:00:00,E,Lansdowne Ave,2,3,8,1
2025-01-11,13,10:00,119,11,15.2,0,1,30.13,0,2025-01-11 04:00:00,2025-01-11 08:00:00,E,Indian Rd,1,2,5,1
2025-01-11,13,10:00,119,11,15.2,0,1,30.13,0,2025-01-11 04:00:00,2025-01-11 08:00:00,E,Grace St,2,4,7,3
2025-01-11,13,10:00,119,11,15.2,0,1,30.13,0,2025-01-11 04:00:00,2025-01-11 08:00:00,E,Dufferin St,1,1,4,0
2025-01-11,13,10:00,119,11,15.2,0,1,30.13,0,2025-01-11 04:00:00,2025-01-11 08:00:00,E,Gerrard St East at Beaton Ave,1,3,4,0
2025-01-11,13,10:00,119,11,15.2,0,1,30.13,0,2025-01-11 04:00:00,2025-01-11 08:00:00,E,Bathurst St,1,1,3,1
2025-01-11,13,10:00,119,11,15.2,0,1,30.13,0,2025-01-11 04:00:00,2025-01-11 08:00:00,E,Yonge St - College Station,1,1,3,0
2025-01-11,13,10:00,119,11,15.2,0,1,30.13,0,2025-01-11 04:00:00,2025-01-11 08:00:00,E,Dundas St West at Sterling Rd,0,3,5,1
2025-01-11,13,10:00,119,11,15.2,0,1,30.13,0,2025-01-11 04:00:00,2025-01-11 08:00:00,E,Brock Ave,2,4,9,1
2025-01-11,13,10:00,119,11,15.2,0,1,30.13,0,2025-01-11 04:00:00,2025-01-11 08:00:00,E,Sackville St,0,1,3,2
2025-01-11,13,10:00,119,11,15.2,0,1,30.13,0,2025-01-11 04:00:00,2025-01-11 08:00:00,E,Carlaw Ave,1,1,3,0
2025-01-11,13,10:00,119,11,15.2,0,1,30.13,0,2025-01-11 04:00:00,2025-01-11 08:00:00,E,Borden St,1,1,3,1
2025-01-11,13,10:00,119,11,15.2,0,1,30.13,0,2025-01-11 04:00:00,2025-01-11 08:00:00,E,Dundas St West at Sorauren Ave,0,2,5,1
2025-01-11,13,10:00,119,11,15.2,0,1,30.13,0,2025-01-11 04:00:00,2025-01-11 08:00:00,E,Crawford St,2,4,7,3
2025-01-11,13,10:00,119,11,15.2,0,1,30.13,0,2025-01-11 04:00:00,2025-01-11 08:00:00,E,Pape Ave,1,1,3,0
2025-01-11,13,10:00,119,11,15.2,0,1,30.13,0,2025-01-11 04:00:00,2025-01-11 08:00:00,E,Spadina Ave,1,1,3,1
2025-01-11,13,10:00,119,11,15.2,0,1,30.13,0,2025-01-11 04:00:00,2025-01-11 08:00:00,E,River St,0,1,3,2
2025-01-11,13,10:00,119,11,15.2,0,1,30.13,0,2025-01-11 04:00:00,2025-01-11 08:00:00,E,Marjory Ave,1,1,3,0
2025-01-11,13,10:00,119,11,15.2,0,1,30.13,0,2025-01-11 04:00:00,2025-01-11 08:00:00,E,Kingsmount Park Rd,1,3,4,0
2025-01-11,13,10:00,119,11,15.2,0,1,30.13,0,2025-01-11 04:00:00,2025-01-11 08:00:00,E,Church St,0,3,5,1
2025-01-11,13,10:00,119,11,15.2,0,1,30.13,0,2025-01-11 04:00:00,2025-01-11 08:00:00,E,Ossington Ave,2,4,6,2
2025-01-11,13,10:00,119,11,15.2,0,1,30.13,0,2025-01-11 04:00:00,2025-01-11 08:00:00,E,Woodbine Ave,1,2,4,0
2025-01-11,13,10:00,119,11,15.2,0,1,30.13,0,2025-01-11 04:00:00,2025-01-11 08:00:00,E,Jones Ave,1,1,3,0
2025-01-11,13,10:00,119,11,15.2,0,1,30.13,0,2025-01-11 04:00:00,2025-01-11 08:00:00,E,Golfview Ave,1,2,3,0
2025-01-11,13,10:00,119,11,15.2,0,1,30.13,0,2025-01-11 04:00:00,2025-01-11 08:00:00,E,Leslie St,1,1,3,0
2025-01-11,13,10:00,119,11,15.2,0,1,30.13,0,2025-01-11 04:00:00,2025-01-11 08:00:00,E,St Matthews Rd,0,2,4,1
2025-01-11,13,10:00,119,11,15.2,0,1,30.13,0,2025-01-11 04:00:00,2025-01-11 08:00:00,E,Jarvis St,0,3,4,1
2025-01-11,13,10:00,119,11,15.2,0,1,30.13,0,2025-01-11 04:00:00,2025-01-11 08:00:00,E,Sherbourne St,0,3,4,1
2025-01-11,13,10:00,119,11,15.2,0,1,30.13,0,2025-01-11 04:00:00,2025-01-11 08:00:00,E,St George St,1,1,3,1
2025-01-11,13,10:00,119,11,15.2,0,1,30.13,0,2025-01-11 04:00:00,2025-01-11 08:00:00,E,Dovercourt Rd,2,4,6,2
2025-01-11,13,10:00,119,11,15.2,0,1,30.13,0,2025-01-11 04:00:00,2025-01-11 08:00:00,E,Glenmount Park Rd,1,2,3,0
2025-01-11,13,10:00,119,11,15.2,0,1,30.13,0,2025-01-11 04:00:00,2025-01-11 08:00:00,E,Prust Ave,1,1,3,0
2025-01-11,13,10:00,119,11,15.2,0,1,30.13,0,2025-01-11 04:00:00,2025-01-11 08:00:00,E,Main Street Station at Bay 7,0,0,0,0
2025-01-11,13,10:00,119,11,15.2,0,1,30.13,0,2025-01-11 04:00:00,2025-01-11 08:00:00,E,Norwood Rd,1,2,3,0
2025-01-11,13,10:00,119,11,15.2,0,1,30.13,0,2025-01-11 04:00:00,2025-01-11 08:00:00,E,McCaul St,1,1,3,1
2025-01-11,13,10:00,119,11,15.2,0,1,30.13,0,2025-01-11 04:00:00,2025-01-11 08:00:00,E,Broadview Ave,0,1,4,1
2025-01-11,13,10:00,119,11,15.2,0,1,30.13,0,2025-01-11 04:00:00,2025-01-11 08:00:00,E,Ontario St,0,2,4,1
2025-01-11,13,10:00,119,11,15.2,0,1,30.13,0,2025-01-11 04:00:00,2025-01-11 08:00:00,E,Rusholme Park Cres,0,3,3,1
2025-01-11,13,10:00,119,11,15.2,0,1,30.13,0,2025-01-11 04:00:00,2025-01-11 08:00:00,E,Havelock St,1,1,3,0
2025-01-11,13,10:00,119,11,15.2,0,1,30.13,0,2025-01-11 04:00:00,2025-01-11 08:00:00,E,High Park Loop,0,4,8,2
2025-01-11,13,10:00,119,11,15.2,0,1,30.13,0,2025-01-11 04:00:00,2025-01-11 08:00:00,E,Queens Park (Queen's Park Station),1,1,3,1
2025-01-11,13,10:00,119,11,15.2,0,1,30.13,0,2025-01-11 04:00:00,2025-01-11 08:00:00,E,Roncesvalles Ave,1,4,4,1
2025-01-11,13,10:00,119,11,15.2,0,1,30.13,0,2025-01-11 04:00:00,2025-01-11 08:00:00,E,De Grassi St,1,1,3,2
2025-01-11,13,10:00,119,11,15.2,0,1,30.13,0,2025-01-11 04:00:00,2025-01-11 08:00:00,E,Parliament St at Carlton St,0,2,3,2
2025-01-11,13,10:00,119,11,15.2,0,1,30.13,0,2025-01-11 04:00:00,2025-01-11 08:00:00,E,Parkside Dr East Side,1,2,5,1
2025-01-11,13,10:00,119,11,15.2,0,1,30.13,0,2025-01-11 04:00:00,2025-01-11 08:00:00,E,Dundas St West,0,0,0,0
2025-01-11,13,10:00,119,11,15.2,0,1,30.13,0,2025-01-11 04:00:00,2025-01-11 08:00:00,E,Howard Park Ave at Roncesvalles Ave,0,0,0,0
2025-01-11,13,10:00,119,11,15.2,0,1,30.13,0,2025-01-11 04:00:00,2025-01-11 08:00:00,E,Parliament St,0,0,0,0
2025-01-11,13,10:00,119,11,15.2,0,1,30.13,0,2025-01-11 04:00:00,2025-01-11 08:00:00,E,Parliament St at Gerrard St East,0,0,0,0
2025-01-11,13,10:00,119,11,15.2,0,1,30.13,0,2025-01-11 04:00:00,2025-01-11 08:00:00,E,Sumach St,0,0,0,0
2025-01-11,13,10:00,119,11,15.2,0,1,30.13,0,2025-01-11 04:00:00,2025-01-11 08:00:00,E,Blackburn St,0,0,0,0
2025-01-11,13,10:00,119,11,15.2,0,1,30.13,0,2025-01-11 04:00:00,2025-01-11 08:00:00,E,Logan Ave,0,0,0,0
2025-01-11,13,10:00,119,11,15.2,0,1,30.13,0,2025-01-11 04:00:00,2025-01-11 08:00:00,E,Augusta Ave,0,0,0,0
2025-01-11,13,10:00,119,11,15.2,0,1,30.13,0,2025-01-11 04:00:00,2025-01-11 08:00:00,E,Beverley St,0,0,0,0
2025-01-11,13,10:00,119,11,15.2,0,1,30.13,0,2025-01-11 04:00:00,2025-01-11 08:00:00,E,University Ave (Queen's Park Station,0,0,0,0
2025-01-11,13,10:00,119,11,15.2,0,1,30.13,0,2025-01-11 04:00:00,2025-01-11 08:00:00,E,Elizabeth St,0,0,0,0
2025-01-11,13,10:00,119,11,15.2,0,1,30.13,0,2025-01-11 04:00:00,2025-01-11 08:00:00,E,Greenwood Ave,0,0,0,0
2025-01-11,13,10:00,119,11,15.2,0,1,30.13,0,2025-01-11 04:00:00,2025-01-11 08:00:00,E,Alton Ave,0,0,0,0
2025-01-11,13,10:00,119,11,15.2,0,1,30.13,0,2025-01-11 04:00:00,2025-01-11 08:00:00,E,Coxwell Ave,0,0,0,0
2025-01-11,13,10:00,119,11,15.2,0,1,30.13,0,2025-01-11 04:00:00,2025-01-11 08:00:00,E,Gerrard St East  at Coxwell Ave,0,0,0,0
2025-01-11,13,10:00,119,11,15.2,0,1,30.13,0,2025-01-11 04:00:00,2025-01-11 08:00:00,E,Coxwell Ave at Lower Gerrard St East,0,0,0,0
2025-01-11,13,10:00,119,11,15.2,0,1,30.13,0,2025-01-11 04:00:00,2025-01-11 08:00:00,E,Ashdale Ave,0,0,0,0
2025-01-11,13,10:00,119,11,15.2,0,1,30.13,0,2025-01-11 04:00:00,2025-01-11 08:00:00,E,Howard Park Ave at Indian Rd,0,0,0,0
2025-01-11,13,10:00,119,11,15.2,0,1,30.13,0,2025-01-11 04:00:00,2025-01-11 08:00:00,E,Dundas St West at Howard Park Ave,0,0,0,0
2025-01-11,13,10:00,119,11,15.2,0,1,30.13,0,2025-01-11 04:00:00,2025-01-11 08:00:00,E,Main St at Gerrard St East,0,0,0,0
2025-01-11,13,10:00,119,11,15.2,0,1,30.13,0,2025-01-11 04:00:00,2025-01-11 08:00:00,E,Main St,0,0,0,0
2025-01-11,13,10:00,119,11,15.2,0,1,30.13,0,2025-01-11 04:00:00,2025-01-11 08:00:00,E,Main St at Danforth Ave,0,0,0,0
2025-01-11,13,10:00,119,11,15.2,0,1,30.13,0,2025-01-11 04:00:00,2025-01-11 08:00:00,E,Howard Park Ave at Parkside Dr,0,0,0,0
2025-01-11,13,10:00,119,11,15.2,0,1,30.13,0,2025-01-11 04:00:00,2025-01-11 08:00:00,W,Woodfield Rd,2,2,2,0
2025-01-11,13,10:00,119,11,15.2,0,1,30.13,0,2025-01-11 04:00:00,2025-01-11 08:00:00,W,Coxwell Ave at Gerrard St East,1,2,2,0
2025-01-11,13,10:00,119,11,15.2,0,1,30.13,0,2025-01-11 04:00:00,2025-01-11 08:00:00,W,Euclid Ave,0,0,0,0
2025-01-11,13,10:00,119,11,15.2,0,1,30.13,0,2025-01-11 04:00:00,2025-01-11 08:00:00,W,Bowmore Rd,0,1,2,0
2025-01-11,13,10:00,119,11,15.2,0,1,30.13,0,2025-01-11 04:00:00,2025-01-11 08:00:00,W,Bay St,3,2,3,0
2025-01-11,13,10:00,119,11,15.2,0,1,30.13,0,2025-01-11 04:00:00,2025-01-11 08:00:00,W,Lansdowne Ave,0,0,0,0
2025-01-11,13,10:00,119,11,15.2,0,1,30.13,0,2025-01-11 04:00:00,2025-01-11 08:00:00,W,Indian Rd,2,4,5,1
2025-01-11,13,10:00,119,11,15.2,0,1,30.13,0,2025-01-11 04:00:00,2025-01-11 08:00:00,W,Grace St,0,0,0,0
2025-01-11,13,10:00,119,11,15.2,0,1,30.13,0,2025-01-11 04:00:00,2025-01-11 08:00:00,W,Dufferin St,2,4,5,0
2025-01-11,13,10:00,119,11,15.2,0,1,30.13,0,2025-01-11 04:00:00,2025-01-11 08:00:00,W,Gerrard St East at Beaton Ave,1,0,1,0
2025-01-11,13,10:00,119,11,15.2,0,1,30.13,0,2025-01-11 04:00:00,2025-01-11 08:00:00,W,Bathurst St,0,0,0,0
2025-01-11,13,10:00,119,11,15.2,0,1,30.13,0,2025-01-11 04:00:00,2025-01-11 08:00:00,W,Yonge St - College Station,0,0,1,0
2025-01-11,13,10:00,119,11,15.2,0,1,30.13,0,2025-01-11 04:00:00,2025-01-11 08:00:00,W,Dundas St West at Sterling Rd,0,0,0,0
2025-01-11,13,10:00,119,11,15.2,0,1,30.13,0,2025-01-11 04:00:00,2025-01-11 08:00:00,W,Brock Ave,0,0,0,0
2025-01-11,13,10:00,119,11,15.2,0,1,30.13,0,2025-01-11 04:00:00,2025-01-11 08:00:00,W,Sackville St,5,4,4,0
2025-01-11,13,10:00,119,11,15.2,0,1,30.13,0,2025-01-11 04:00:00,2025-01-11 08:00:00,W,Carlaw Ave,0,0,0,0
2025-01-11,13,10:00,119,11,15.2,0,1,30.13,0,2025-01-11 04:00:00,2025-01-11 08:00:00,W,Borden St,0,0,0,0
2025-01-11,13,10:00,119,11,15.2,0,1,30.13,0,2025-01-11 04:00:00,2025-01-11 08:00:00,W,Dundas St West at Sorauren Ave,3,4,4,1
2025-01-11,13,10:00,119,11,15.2,0,1,30.13,0,2025-01-11 04:00:00,2025-01-11 08:00:00,W,Crawford St,0,0,0,0
2025-01-11,13,10:00,119,11,15.2,0,1,30.13,0,2025-01-11 04:00:00,2025-01-11 08:00:00,W,Pape Ave,0,0,0,0
2025-01-11,13,10:00,119,11,15.2,0,1,30.13,0,2025-01-11 04:00:00,2025-01-11 08:00:00,W,Spadina Ave,4,3,4,0
2025-01-11,13,10:00,119,11,15.2,0,1,30.13,0,2025-01-11 04:00:00,2025-01-11 08:00:00,W,River St,4,3,4,0
2025-01-11,13,10:00,119,11,15.2,0,1,30.13,0,2025-01-11 04:00:00,2025-01-11 08:00:00,W,Marjory Ave,0,0,0,0
2025-01-11,13,10:00,119,11,15.2,0,1,30.13,0,2025-01-11 04:00:00,2025-01-11 08:00:00,W,Kingsmount Park Rd,0,0,0,0
2025-01-11,13,10:00,119,11,15.2,0,1,30.13,0,2025-01-11 04:00:00,2025-01-11 08:00:00,W,Church St,0,0,0,0
2025-01-11,13,10:00,119,11,15.2,0,1,30.13,0,2025-01-11 04:00:00,2025-01-11 08:00:00,W,Ossington Ave,0,0,1,0
2025-01-11,13,10:00,119,11,15.2,0,1,30.13,0,2025-01-11 04:00:00,2025-01-11 08:00:00,W,Woodbine Ave,0,0,0,0
2025-01-11,13,10:00,119,11,15.2,0,1,30.13,0,2025-01-11 04:00:00,2025-01-11 08:00:00,W,Jones Ave,0,0,0,0
2025-01-11,13,10:00,119,11,15.2,0,1,30.13,0,2025-01-11 04:00:00,2025-01-11 08:00:00,W,Golfview Ave,0,0,0,0
2025-01-11,13,10:00,119,11,15.2,0,1,30.13,0,2025-01-11 04:00:00,2025-01-11 08:00:00,W,Leslie St,0,0,0,0
2025-01-11,13,10:00,119,11,15.2,0,1,30.13,0,2025-01-11 04:00:00,2025-01-11 08:00:00,W,St Matthews Rd,0,0,0,0
2025-01-11,13,10:00,119,11,15.2,0,1,30.13,0,2025-01-11 04:00:00,2025-01-11 08:00:00,W,Jarvis St,0,0,0,0
2025-01-11,13,10:00,119,11,15.2,0,1,30.13,0,2025-01-11 04:00:00,2025-01-11 08:00:00,W,Sherbourne St,0,0,0,0
2025-01-11,13,10:00,119,11,15.2,0,1,30.13,0,2025-01-11 04:00:00,2025-01-11 08:00:00,W,St George St,0,0,0,0
2025-01-11,13,10:00,119,11,15.2,0,1,30.13,0,2025-01-11 04:00:00,2025-01-11 08:00:00,W,Dovercourt Rd,0,0,0,0
2025-01-11,13,10:00,119,11,15.2,0,1,30.13,0,2025-01-11 04:00:00,2025-01-11 08:00:00,W,Glenmount Park Rd,0,0,0,0
2025-01-11,13,10:00,119,11,15.2,0,1,30.13,0,2025-01-11 04:00:00,2025-01-11 08:00:00,W,Prust Ave,0,0,0,0
2025-01-11,13,10:00,119,11,15.2,0,1,30.13,0,2025-01-11 04:00:00,2025-01-11 08:00:00,W,Main Street Station at Bay 7,0,1,2,0
2025-01-11,13,10:00,119,11,15.2,0,1,30.13,0,2025-01-11 04:00:00,2025-01-11 08:00:00,W,Norwood Rd,0,0,0,0
2025-01-11,13,10:00,119,11,15.2,0,1,30.13,0,2025-01-11 04:00:00,2025-01-11 08:00:00,W,McCaul St,0,0,1,0
2025-01-11,13,10:00,119,11,15.2,0,1,30.13,0,2025-01-11 04:00:00,2025-01-11 08:00:00,W,Broadview Ave,0,0,0,0
2025-01-11,13,10:00,119,11,15.2,0,1,30.13,0,2025-01-11 04:00:00,2025-01-11 08:00:00,W,Ontario St,0,0,0,0
2025-01-11,13,10:00,119,11,15.2,0,1,30.13,0,2025-01-11 04:00:00,2025-01-11 08:00:00,W,Rusholme Park Cres,0,0,0,0
2025-01-11,13,10:00,119,11,15.2,0,1,30.13,0,2025-01-11 04:00:00,2025-01-11 08:00:00,W,Havelock St,0,0,0,0
2025-01-11,13,10:00,119,11,15.2,0,1,30.13,0,2025-01-11 04:00:00,2025-01-11 08:00:00,W,High Park Loop,0,0,0,0
2025-01-11,13,10:00,119,11,15.2,0,1,30.13,0,2025-01-11 04:00:00,2025-01-11 08:00:00,W,Queens Park (Queen's Park Station),0,0,0,0
2025-01-11,13,10:00,119,11,15.2,0,1,30.13,0,2025-01-11 04:00:00,2025-01-11 08:00:00,W,Roncesvalles Ave,3,4,5,1
2025-01-11,13,10:00,119,11,15.2,0,1,30.13,0,2025-01-11 04:00:00,2025-01-11 08:00:00,W,De Grassi St,0,0,0,1
2025-01-11,13,10:00,119,11,15.2,0,1,30.13,0,2025-01-11 04:00:00,2025-01-11 08:00:00,W,Parliament St at Carlton St,0,0,0,0
2025-01-11,13,10:00,119,11,15.2,0,1,30.13,0,2025-01-11 04:00:00,2025-01-11 08:00:00,W,Parkside Dr East Side,0,0,0,0
2025-01-11,13,10:00,119,11,15.2,0,1,30.13,0,2025-01-11 04:00:00,2025-01-11 08:00:00,W,Dundas St West,4,4,5,1
2025-01-11,13,10:00,119,11,15.2,0,1,30.13,0,2025-01-11 04:00:00,2025-01-11 08:00:00,W,Howard Park Ave at Roncesvalles Ave,0,0,0,0
2025-01-11,13,10:00,119,11,15.2,0,1,30.13,0,2025-01-11 04:00:00,2025-01-11 08:00:00,W,Parliament St,0,0,0,0
2025-01-11,13,10:00,119,11,15.2,0,1,30.13,0,2025-01-11 04:00:00,2025-01-11 08:00:00,W,Parliament St at Gerrard St East,0,0,0,0
2025-01-11,13,10:00,119,11,15.2,0,1,30.13,0,2025-01-11 04:00:00,2025-01-11 08:00:00,W,Sumach St,0,0,0,0
2025-01-11,13,10:00,119,11,15.2,0,1,30.13,0,2025-01-11 04:00:00,2025-01-11 08:00:00,W,Blackburn St,0,0,0,0
2025-01-11,13,10:00,119,11,15.2,0,1,30.13,0,2025-01-11 04:00:00,2025-01-11 08:00:00,W,Logan Ave,0,0,0,1
2025-01-11,13,10:00,119,11,15.2,0,1,30.13,0,2025-01-11 04:00:00,2025-01-11 08:00:00,W,Augusta Ave,0,0,0,0
2025-01-11,13,10:00,119,11,15.2,0,1,30.13,0,2025-01-11 04:00:00,2025-01-11 08:00:00,W,Beverley St,0,0,0,0
2025-01-11,13,10:00,119,11,15.2,0,1,30.13,0,2025-01-11 04:00:00,2025-01-11 08:00:00,W,University Ave (Queen's Park Station,0,0,1,0
2025-01-11,13,10:00,119,11,15.2,0,1,30.13,0,2025-01-11 04:00:00,2025-01-11 08:00:00,W,Elizabeth St,0,0,1,0
2025-01-11,13,10:00,119,11,15.2,0,1,30.13,0,2025-01-11 04:00:00,2025-01-11 08:00:00,W,Greenwood Ave,0,0,0,0
2025-01-11,13,10:00,119,11,15.2,0,1,30.13,0,2025-01-11 04:00:00,2025-01-11 08:00:00,W,Alton Ave,0,0,0,0
2025-01-11,13,10:00,119,11,15.2,0,1,30.13,0,2025-01-11 04:00:00,2025-01-11 08:00:00,W,Coxwell Ave,0,0,0,0
2025-01-11,13,10:00,119,11,15.2,0,1,30.13,0,2025-01-11 04:00:00,2025-01-11 08:00:00,W,Gerrard St East  at Coxwell Ave,0,0,0,0
2025-01-11,13,10:00,119,11,15.2,0,1,30.13,0,2025-01-11 04:00:00,2025-01-11 08:00:00,W,Coxwell Ave at Lower Gerrard St East,0,0,0,0
2025-01-11,13,10:00,119,11,15.2,0,1,30.13,0,2025-01-11 04:00:00,2025-01-11 08:00:00,W,Ashdale Ave,0,0,0,0
2025-01-11,13,10:00,119,11,15.2,0,1,30.13,0,2025-01-11 04:00:00,2025-01-11 08:00:00,W,Howard Park Ave at Indian Rd,0,0,0,0
2025-01-11,13,10:00,119,11,15.2,0,1,30.13,0,2025-01-11 04:00:00,2025-01-11 08:00:00,W,Dundas St West at Howard Park Ave,0,0,0,0
2025-01-11,13,10:00,119,11,15.2,0,1,30.13,0,2025-01-11 04:00:00,2025-01-11 08:00:00,W,Main St at Gerrard St East,0,0,0,0
2025-01-11,13,10:00,119,11,15.2,0,1,30.13,0,2025-01-11 04:00:00,2025-01-11 08:00:00,W,Main St,0,0,0,0
2025-01-11,13,10:00,119,11,15.2,0,1,30.13,0,2025-01-11 04:00:00,2025-01-11 08:00:00,W,Main St at Danforth Ave,0,0,0,0
2025-01-11,13,10:00,119,11,15.2,0,1,30.13,0,2025-01-11 04:00:00,2025-01-11 08:00:00,W,Howard Park Ave at Parkside Dr,0,0,0,0
2025-01-18,13,10:00,119,11,15.2,0,1,30.13,0,2025-01-18 04:00:00,2025-01-18 08:00:00,E,Woodfield Rd,0,0,0,0
2025-01-18,13,10:00,119,11,15.2,0,1,30.13,0,2025-01-18 04:00:00,2025-01-18 08:00:00,E,Coxwell Ave at Gerrard St East,0,0,0,0
2025-01-18,13,10:00,119,11,15.2,0,1,30.13,0,2025-01-18 04:00:00,2025-01-18 08:00:00,E,Euclid Ave,0,0,0,0
2025-01-18,13,10:00,119,11,15.2,0,1,30.13,0,2025-01-18 04:00:00,2025-01-18 08:00:00,E,Bowmore Rd,0,3,0,0
2025-01-18,13,10:00,119,11,15.2,0,1,30.13,0,2025-01-18 04:00:00,2025-01-18 08:00:00,E,Bay St,0,0,0,0
2025-01-18,13,10:00,119,11,15.2,0,1,30.13,0,2025-01-18 04:00:00,2025-01-18 08:00:00,E,Lansdowne Ave,1,3,0,0
2025-01-18,13,10:00,119,11,15.2,0,1,30.13,0,2025-01-18 04:00:00,2025-01-18 08:00:00,E,Indian Rd,0,0,1,0
2025-01-18,13,10:00,119,11,15.2,0,1,30.13,0,2025-01-18 04:00:00,2025-01-18 08:00:00,E,Grace St,0,0,0,0
2025-01-18,13,10:00,119,11,15.2,0,1,30.13,0,2025-01-18 04:00:00,2025-01-18 08:00:00,E,Dufferin St,0,0,0,0
2025-01-18,13,10:00,119,11,15.2,0,1,30.13,0,2025-01-18 04:00:00,2025-01-18 08:00:00,E,Gerrard St East at Beaton Ave,0,3,0,0
2025-01-18,13,10:00,119,11,15.2,0,1,30.13,0,2025-01-18 04:00:00,2025-01-18 08:00:00,E,Bathurst St,0,0,0,0
2025-01-18,13,10:00,119,11,15.2,0,1,30.13,0,2025-01-18 04:00:00,2025-01-18 08:00:00,E,Yonge St - College Station,0,0,0,0
2025-01-18,13,10:00,119,11,15.2,0,1,30.13,0,2025-01-18 04:00:00,2025-01-18 08:00:00,E,Dundas St West at Sterling Rd,0,0,0,0
2025-01-18,13,10:00,119,11,15.2,0,1,30.13,0,2025-01-18 04:00:00,2025-01-18 08:00:00,E,Brock Ave,0,3,0,0
2025-01-18,13,10:00,119,11,15.2,0,1,30.13,0,2025-01-18 04:00:00,2025-01-18 08:00:00,E,Sackville St,0,0,0,0
2025-01-18,13,10:00,119,11,15.2,0,1,30.13,0,2025-01-18 04:00:00,2025-01-18 08:00:00,E,Carlaw Ave,0,0,0,0
2025-01-18,13,10:00,119,11,15.2,0,1,30.13,0,2025-01-18 04:00:00,2025-01-18 08:00:00,E,Borden St,0,0,0,0
2025-01-18,13,10:00,119,11,15.2,0,1,30.13,0,2025-01-18 04:00:00,2025-01-18 08:00:00,E,Dundas St West at Sorauren Ave,1,0,0,0
2025-01-18,13,10:00,119,11,15.2,0,1,30.13,0,2025-01-18 04:00:00,2025-01-18 08:00:00,E,Crawford St,0,0,0,0
2025-01-18,13,10:00,119,11,15.2,0,1,30.13,0,2025-01-18 04:00:00,2025-01-18 08:00:00,E,Pape Ave,0,0,0,0
2025-01-18,13,10:00,119,11,15.2,0,1,30.13,0,2025-01-18 04:00:00,2025-01-18 08:00:00,E,Spadina Ave,0,0,0,0
2025-01-18,13,10:00,119,11,15.2,0,1,30.13,0,2025-01-18 04:00:00,2025-01-18 08:00:00,E,River St,0,0,0,0
2025-01-18,13,10:00,119,11,15.2,0,1,30.13,0,2025-01-18 04:00:00,2025-01-18 08:00:00,E,Marjory Ave,0,0,0,0
2025-01-18,13,10:00,119,11,15.2,0,1,30.13,0,2025-01-18 04:00:00,2025-01-18 08:00:00,E,Kingsmount Park Rd,0,3,0,0
2025-01-18,13,10:00,119,11,15.2,0,1,30.13,0,2025-01-18 04:00:00,2025-01-18 08:00:00,E,Church St,1,0,0,0
2025-01-18,13,10:00,119,11,15.2,0,1,30.13,0,2025-01-18 04:00:00,2025-01-18 08:00:00,E,Ossington Ave,0,0,0,0
2025-01-18,13,10:00,119,11,15.2,0,1,30.13,0,2025-01-18 04:00:00,2025-01-18 08:00:00,E,Woodbine Ave,0,3,0,0
2025-01-18,13,10:00,119,11,15.2,0,1,30.13,0,2025-01-18 04:00:00,2025-01-18 08:00:00,E,Jones Ave,0,0,0,0
2025-01-18,13,10:00,119,11,15.2,0,1,30.13,0,2025-01-18 04:00:00,2025-01-18 08:00:00,E,Golfview Ave,0,3,0,0
2025-01-18,13,10:00,119,11,15.2,0,1,30.13,0,2025-01-18 04:00:00,2025-01-18 08:00:00,E,Leslie St,0,0,0,0
2025-01-18,13,10:00,119,11,15.2,0,1,30.13,0,2025-01-18 04:00:00,2025-01-18 08:00:00,E,St Matthews Rd,0,0,0,0
2025-01-18,13,10:00,119,11,15.2,0,1,30.13,0,2025-01-18 04:00:00,2025-01-18 08:00:00,E,Jarvis St,0,0,0,0
2025-01-18,13,10:00,119,11,15.2,0,1,30.13,0,2025-01-18 04:00:00,2025-01-18 08:00:00,E,Sherbourne St,0,0,0,0
2025-01-18,13,10:00,119,11,15.2,0,1,30.13,0,2025-01-18 04:00:00,2025-01-18 08:00:00,E,St George St,0,0,0,0
2025-01-18,13,10:00,119,11,15.2,0,1,30.13,0,2025-01-18 04:00:00,2025-01-18 08:00:00,E,Dovercourt Rd,0,0,0,0
2025-01-18,13,10:00,119,11,15.2,0,1,30.13,0,2025-01-18 04:00:00,2025-01-18 08:00:00,E,Glenmount Park Rd,0,3,0,0
2025-01-18,13,10:00,119,11,15.2,0,1,30.13,0,2025-01-18 04:00:00,2025-01-18 08:00:00,E,Prust Ave,0,0,0,0
2025-01-18,13,10:00,119,11,15.2,0,1,30.13,0,2025-01-18 04:00:00,2025-01-18 08:00:00,E,Main Street Station at Bay 7,0,0,0,0
2025-01-18,13,10:00,119,11,15.2,0,1,30.13,0,2025-01-18 04:00:00,2025-01-18 08:00:00,E,Norwood Rd,0,3,0,0
2025-01-18,13,10:00,119,11,15.2,0,1,30.13,0,2025-01-18 04:00:00,2025-01-18 08:00:00,E,McCaul St,0,0,0,0
2025-01-18,13,10:00,119,11,15.2,0,1,30.13,0,2025-01-18 04:00:00,2025-01-18 08:00:00,E,Broadview Ave,0,0,0,0
2025-01-18,13,10:00,119,11,15.2,0,1,30.13,0,2025-01-18 04:00:00,2025-01-18 08:00:00,E,Ontario St,0,0,0,0
2025-01-18,13,10:00,119,11,15.2,0,1,30.13,0,2025-01-18 04:00:00,2025-01-18 08:00:00,E,Rusholme Park Cres,0,0,0,0
2025-01-18,13,10:00,119,11,15.2,0,1,30.13,0,2025-01-18 04:00:00,2025-01-18 08:00:00,E,Havelock St,0,0,0,0
2025-01-18,13,10:00,119,11,15.2,0,1,30.13,0,2025-01-18 04:00:00,2025-01-18 08:00:00,E,High Park Loop,0,0,2,0
2025-01-18,13,10:00,119,11,15.2,0,1,30.13,0,2025-01-18 04:00:00,2025-01-18 08:00:00,E,Queens Park (Queen's Park Station),0,0,0,0
2025-01-18,13,10:00,119,11,15.2,0,1,30.13,0,2025-01-18 04:00:00,2025-01-18 08:00:00,E,Roncesvalles Ave,0,0,0,0
2025-01-18,13,10:00,119,11,15.2,0,1,30.13,0,2025-01-18 04:00:00,2025-01-18 08:00:00,E,De Grassi St,0,0,0,0
2025-01-18,13,10:00,119,11,15.2,0,1,30.13,0,2025-01-18 04:00:00,2025-01-18 08:00:00,E,Parliament St at Carlton St,0,0,0,0
2025-01-18,13,10:00,119,11,15.2,0,1,30.13,0,2025-01-18 04:00:00,2025-01-18 08:00:00,E,Parkside Dr East Side,0,0,1,0
2025-01-18,13,10:00,119,11,15.2,0,1,30.13,0,2025-01-18 04:00:00,2025-01-18 08:00:00,E,Dundas St West,0,0,0,0
2025-01-18,13,10:00,119,11,15.2,0,1,30.13,0,2025-01-18 04:00:00,2025-01-18 08:00:00,E,Howard Park Ave at Roncesvalles Ave,0,0,0,0
2025-01-18,13,10:00,119,11,15.2,0,1,30.13,0,2025-01-18 04:00:00,2025-01-18 08:00:00,E,Parliament St,0,0,0,0
2025-01-18,13,10:00,119,11,15.2,0,1,30.13,0,2025-01-18 04:00:00,2025-01-18 08:00:00,E,Parliament St at Gerrard St East,0,0,0,0
2025-01-18,13,10:00,119,11,15.2,0,1,30.13,0,2025-01-18 04:00:00,2025-01-18 08:00:00,E,Sumach St,0,0,0,0
2025-01-18,13,10:00,119,11,15.2,0,1,30.13,0,2025-01-18 04:00:00,2025-01-18 08:00:00,E,Blackburn St,0,0,0,0
2025-01-18,13,10:00,119,11,15.2,0,1,30.13,0,2025-01-18 04:00:00,2025-01-18 08:00:00,E,Logan Ave,0,0,0,0
2025-01-18,13,10:00,119,11,15.2,0,1,30.13,0,2025-01-18 04:00:00,2025-01-18 08:00:00,E,Augusta Ave,0,0,0,0
2025-01-18,13,10:00,119,11,15.2,0,1,30.13,0,2025-01-18 04:00:00,2025-01-18 08:00:00,E,Beverley St,0,0,0,0
2025-01-18,13,10:00,119,11,15.2,0,1,30.13,0,2025-01-18 04:00:00,2025-01-18 08:00:00,E,University Ave (Queen's Park Station,0,0,0,0
2025-01-18,13,10:00,119,11,15.2,0,1,30.13,0,2025-01-18 04:00:00,2025-01-18 08:00:00,E,Elizabeth St,0,0,0,0
2025-01-18,13,10:00,119,11,15.2,0,1,30.13,0,2025-01-18 04:00:00,2025-01-18 08:00:00,E,Greenwood Ave,0,0,0,0
2025-01-18,13,10:00,119,11,15.2,0,1,30.13,0,2025-01-18 04:00:00,2025-01-18 08:00:00,E,Alton Ave,0,0,0,0
2025-01-18,13,10:00,119,11,15.2,0,1,30.13,0,2025-01-18 04:00:00,2025-01-18 08:00:00,E,Coxwell Ave,0,0,0,0
2025-01-18,13,10:00,119,11,15.2,0,1,30.13,0,2025-01-18 04:00:00,2025-01-18 08:00:00,E,Gerrard St East  at Coxwell Ave,0,0,0,0
2025-01-18,13,10:00,119,11,15.2,0,1,30.13,0,2025-01-18 04:00:00,2025-01-18 08:00:00,E,Coxwell Ave at Lower Gerrard St East,0,0,0,0
2025-01-18,13,10:00,119,11,15.2,0,1,30.13,0,2025-01-18 04:00:00,2025-01-18 08:00:00,E,Ashdale Ave,0,0,0,0
2025-01-18,13,10:00,119,11,15.2,0,1,30.13,0,2025-01-18 04:00:00,2025-01-18 08:00:00,E,Howard Park Ave at Indian Rd,0,0,0,0
2025-01-18,13,10:00,119,11,15.2,0,1,30.13,0,2025-01-18 04:00:00,2025-01-18 08:00:00,E,Dundas St West at Howard Park Ave,0,0,0,0
2025-01-18,13,10:00,119,11,15.2,0,1,30.13,0,2025-01-18 04:00:00,2025-01-18 08:00:00,E,Main St at Gerrard St East,0,0,0,0
2025-01-18,13,10:00,119,11,15.2,0,1,30.13,0,2025-01-18 04:00:00,2025-01-18 08:00:00,E,Main St,0,0,0,0
2025-01-18,13,10:00,119,11,15.2,0,1,30.13,0,2025-01-18 04:00:00,2025-01-18 08:00:00,E,Main St at Danforth Ave,0,0,0,0
2025-01-18,13,10:00,119,11,15.2,0,1,30.13,0,2025-01-18 04:00:00,2025-01-18 08:00:00,E,Howard Park Ave at Parkside Dr,0,0,0,0
2025-01-18,13,10:00,119,11,15.2,0,1,30.13,0,2025-01-18 04:00:00,2025-01-18 08:00:00,W,Woodfield Rd,2,1,0,0
2025-01-18,13,10:00,119,11,15.2,0,1,30.13,0,2025-01-18 04:00:00,2025-01-18 08:00:00,W,Coxwell Ave at Gerrard St East,1,1,0,0
2025-01-18,13,10:00,119,11,15.2,0,1,30.13,0,2025-01-18 04:00:00,2025-01-18 08:00:00,W,Euclid Ave,0,0,0,0
2025-01-18,13,10:00,119,11,15.2,0,1,30.13,0,2025-01-18 04:00:00,2025-01-18 08:00:00,W,Bowmore Rd,0,0,0,0
2025-01-18,13,10:00,119,11,15.2,0,1,30.13,0,2025-01-18 04:00:00,2025-01-18 08:00:00,W,Bay St,1,2,0,0
2025-01-18,13,10:00,119,11,15.2,0,1,30.13,0,2025-01-18 04:00:00,2025-01-18 08:00:00,W,Lansdowne Ave,0,0,0,0
2025-01-18,13,10:00,119,11,15.2,0,1,30.13,0,2025-01-18 04:00:00,2025-01-18 08:00:00,W,Indian Rd,4,3,1,0
2025-01-18,13,10:00,119,11,15.2,0,1,30.13,0,2025-01-18 04:00:00,2025-01-18 08:00:00,W,Grace St,0,0,0,0
2025-01-18,13,10:00,119,11,15.2,0,1,30.13,0,2025-01-18 04:00:00,2025-01-18 08:00:00,W,Dufferin St,3,2,0,0
2025-01-18,13,10:00,119,11,15.2,0,1,30.13,0,2025-01-18 04:00:00,2025-01-18 08:00:00,W,Gerrard St East at Beaton Ave,0,0,0,0
2025-01-18,13,10:00,119,11,15.2,0,1,30.13,0,2025-01-18 04:00:00,2025-01-18 08:00:00,W,Bathurst St,0,0,0,0
2025-01-18,13,10:00,119,11,15.2,0,1,30.13,0,2025-01-18 04:00:00,2025-01-18 08:00:00,W,Yonge St - College Station,0,0,0,0
2025-01-18,13,10:00,119,11,15.2,0,1,30.13,0,2025-01-18 04:00:00,2025-01-18 08:00:00,W,Dundas St West at Sterling Rd,0,0,0,0
2025-01-18,13,10:00,119,11,15.2,0,1,30.13,0,2025-01-18 04:00:00,2025-01-18 08:00:00,W,Brock Ave,0,0,0,0
2025-01-18,13,10:00,119,11,15.2,0,1,30.13,0,2025-01-18 04:00:00,2025-01-18 08:00:00,W,Sackville St,3,2,0,0
2025-01-18,13,10:00,119,11,15.2,0,1,30.13,0,2025-01-18 04:00:00,2025-01-18 08:00:00,W,Carlaw Ave,0,0,0,0
2025-01-18,13,10:00,119,11,15.2,0,1,30.13,0,2025-01-18 04:00:00,2025-01-18 08:00:00,W,Borden St,0,0,0,0
2025-01-18,13,10:00,119,11,15.2,0,1,30.13,0,2025-01-18 04:00:00,2025-01-18 08:00:00,W,Dundas St West at Sorauren Ave,3,3,1,0
2025-01-18,13,10:00,119,11,15.2,0,1,30.13,0,2025-01-18 04:00:00,2025-01-18 08:00:00,W,Crawford St,0,0,0,0
2025-01-18,13,10:00,119,11,15.2,0,1,30.13,0,2025-01-18 04:00:00,2025-01-18 08:00:00,W,Pape Ave,0,0,0,0
2025-01-18,13,10:00,119,11,15.2,0,1,30.13,0,2025-01-18 04:00:00,2025-01-18 08:00:00,W,Spadina Ave,1,1,0,0
2025-01-18,13,10:00,119,11,15.2,0,1,30.13,0,2025-01-18 04:00:00,2025-01-18 08:00:00,W,River St,3,2,0,0
2025-01-18,13,10:00,119,11,15.2,0,1,30.13,0,2025-01-18 04:00:00,2025-01-18 08:00:00,W,Marjory Ave,0,0,0,0
2025-01-18,13,10:00,119,11,15.2,0,1,30.13,0,2025-01-18 04:00:00,2025-01-18 08:00:00,W,Kingsmount Park Rd,0,0,0,0
2025-01-18,13,10:00,119,11,15.2,0,1,30.13,0,2025-01-18 04:00:00,2025-01-18 08:00:00,W,Church St,0,0,0,0
2025-01-18,13,10:00,119,11,15.2,0,1,30.13,0,2025-01-18 04:00:00,2025-01-18 08:00:00,W,Ossington Ave,0,0,0,0
2025-01-18,13,10:00,119,11,15.2,0,1,30.13,0,2025-01-18 04:00:00,2025-01-18 08:00:00,W,Woodbine Ave,0,0,0,0
2025-01-18,13,10:00,119,11,15.2,0,1,30.13,0,2025-01-18 04:00:00,2025-01-18 08:00:00,W,Jones Ave,0,0,0,0
2025-01-18,13,10:00,119,11,15.2,0,1,30.13,0,2025-01-18 04:00:00,2025-01-18 08:00:00,W,Golfview Ave,0,0,0,0
2025-01-18,13,10:00,119,11,15.2,0,1,30.13,0,2025-01-18 04:00:00,2025-01-18 08:00:00,W,Leslie St,0,0,0,0
2025-01-18,13,10:00,119,11,15.2,0,1,30.13,0,2025-01-18 04:00:00,2025-01-18 08:00:00,W,St Matthews Rd,0,0,0,0
2025-01-18,13,10:00,119,11,15.2,0,1,30.13,0,2025-01-18 04:00:00,2025-01-18 08:00:00,W,Jarvis St,0,0,0,0
2025-01-18,13,10:00,119,11,15.2,0,1,30.13,0,2025-01-18 04:00:00,2025-01-18 08:00:00,W,Sherbourne St,0,0,0,0
2025-01-18,13,10:00,119,11,15.2,0,1,30.13,0,2025-01-18 04:00:00,2025-01-18 08:00:00,W,St George St,0,0,0,0
2025-01-18,13,10:00,119,11,15.2,0,1,30.13,0,2025-01-18 04:00:00,2025-01-18 08:00:00,W,Dovercourt Rd,0,0,0,0
2025-01-18,13,10:00,119,11,15.2,0,1,30.13,0,2025-01-18 04:00:00,2025-01-18 08:00:00,W,Glenmount Park Rd,0,0,0,0
2025-01-18,13,10:00,119,11,15.2,0,1,30.13,0,2025-01-18 04:00:00,2025-01-18 08:00:00,W,Prust Ave,0,0,0,0
2025-01-18,13,10:00,119,11,15.2,0,1,30.13,0,2025-01-18 04:00:00,2025-01-18 08:00:00,W,Main Street Station at Bay 7,0,0,0,0
2025-01-18,13,10:00,119,11,15.2,0,1,30.13,0,2025-01-18 04:00:00,2025-01-18 08:00:00,W,Norwood Rd,0,0,0,0
2025-01-18,13,10:00,119,11,15.2,0,1,30.13,0,2025-01-18 04:00:00,2025-01-18 08:00:00,W,McCaul St,0,0,0,0
2025-01-18,13,10:00,119,11,15.2,0,1,30.13,0,2025-01-18 04:00:00,2025-01-18 08:00:00,W,Broadview Ave,0,0,0,0
2025-01-18,13,10:00,119,11,15.2,0,1,30.13,0,2025-01-18 04:00:00,2025-01-18 08:00:00,W,Ontario St,0,0,0,0
2025-01-18,13,10:00,119,11,15.2,0,1,30.13,0,2025-01-18 04:00:00,2025-01-18 08:00:00,W,Rusholme Park Cres,0,0,0,0
2025-01-18,13,10:00,119,11,15.2,0,1,30.13,0,2025-01-18 04:00:00,2025-01-18 08:00:00,W,Havelock St,0,0,0,0
2025-01-18,13,10:00,119,11,15.2,0,1,30.13,0,2025-01-18 04:00:00,2025-01-18 08:00:00,W,High Park Loop,0,0,0,0
2025-01-18,13,10:00,119,11,15.2,0,1,30.13,0,2025-01-18 04:00:00,2025-01-18 08:00:00,W,Queens Park (Queen's Park Station),0,0,0,0
2025-01-18,13,10:00,119,11,15.2,0,1,30.13,0,2025-01-18 04:00:00,2025-01-18 08:00:00,W,Roncesvalles Ave,3,3,1,0
2025-01-18,13,10:00,119,11,15.2,0,1,30.13,0,2025-01-18 04:00:00,2025-01-18 08:00:00,W,De Grassi St,0,0,0,0
2025-01-18,13,10:00,119,11,15.2,0,1,30.13,0,2025-01-18 04:00:00,2025-01-18 08:00:00,W,Parliament St at Carlton St,0,0,0,0
2025-01-18,13,10:00,119,11,15.2,0,1,30.13,0,2025-01-18 04:00:00,2025-01-18 08:00:00,W,Parkside Dr East Side,0,0,0,0
2025-01-18,13,10:00,119,11,15.2,0,1,30.13,0,2025-01-18 04:00:00,2025-01-18 08:00:00,W,Dundas St West,3,3,1,0
2025-01-18,13,10:00,119,11,15.2,0,1,30.13,0,2025-01-18 04:00:00,2025-01-18 08:00:00,W,Howard Park Ave at Roncesvalles Ave,0,0,0,0
2025-01-18,13,10:00,119,11,15.2,0,1,30.13,0,2025-01-18 04:00:00,2025-01-18 08:00:00,W,Parliament St,0,0,0,0
2025-01-18,13,10:00,119,11,15.2,0,1,30.13,0,2025-01-18 04:00:00,2025-01-18 08:00:00,W,Parliament St at Gerrard St East,0,0,0,0
2025-01-18,13,10:00,119,11,15.2,0,1,30.13,0,2025-01-18 04:00:00,2025-01-18 08:00:00,W,Sumach St,0,0,0,0
2025-01-18,13,10:00,119,11,15.2,0,1,30.13,0,2025-01-18 04:00:00,2025-01-18 08:00:00,W,Blackburn St,0,0,0,0
2025-01-18,13,10:00,119,11,15.2,0,1,30.13,0,2025-01-18 04:00:00,2025-01-18 08:00:00,W,Logan Ave,0,0,0,0
2025-01-18,13,10:00,119,11,15.2,0,1,30.13,0,2025-01-18 04:00:00,2025-01-18 08:00:00,W,Augusta Ave,0,0,0,0
2025-01-18,13,10:00,119,11,15.2,0,1,30.13,0,2025-01-18 04:00:00,2025-01-18 08:00:00,W,Beverley St,0,0,0,0
2025-01-18,13,10:00,119,11,15.2,0,1,30.13,0,2025-01-18 04:00:00,2025-01-18 08:00:00,W,University Ave (Queen's Park Station,0,0,0,0
2025-01-18,13,10:00,119,11,15.2,0,1,30.13,0,2025-01-18 04:00:00,2025-01-18 08:00:00,W,Elizabeth St,0,0,0,0
2025-01-18,13,10:00,119,11,15.2,0,1,30.13,0,2025-01-18 04:00:00,2025-01-18 08:00:00,W,Greenwood Ave,0,0,0,0
2025-01-18,13,10:00,119,11,15.2,0,1,30.13,0,2025-01-18 04:00:00,2025-01-18 08:00:00,W,Alton Ave,0,0,0,0
2025-01-18,13,10:00,119,11,15.2,0,1,30.13,0,2025-01-18 04:00:00,2025-01-18 08:00:00,W,Coxwell Ave,0,0,0,0
2025-01-18,13,10:00,119,11,15.2,0,1,30.13,0,2025-01-18 04:00:00,2025-01-18 08:00:00,W,Gerrard St East  at Coxwell Ave,0,0,0,0
2025-01-18,13,10:00,119,11,15.2,0,1,30.13,0,2025-01-18 04:00:00,2025-01-18 08:00:00,W,Coxwell Ave at Lower Gerrard St East,0,0,0,0
2025-01-18,13,10:00,119,11,15.2,0,1,30.13,0,2025-01-18 04:00:00,2025-01-18 08:00:00,W,Ashdale Ave,0,0,0,0
2025-01-18,13,10:00,119,11,15.2,0,1,30.13,0,2025-01-18 04:00:00,2025-01-18 08:00:00,W,Howard Park Ave at Indian Rd,0,0,0,0
2025-01-18,13,10:00,119,11,15.2,0,1,30.13,0,2025-01-18 04:00:00,2025-01-18 08:00:00,W,Dundas St West at Howard Park Ave,0,0,0,0
2025-01-18,13,10:00,119,11,15.2,0,1,30.13,0,2025-01-18 04:00:00,2025-01-18 08:00:00,W,Main St at Gerrard St East,0,0,0,0
2025-01-18,13,10:00,119,11,15.2,0,1,30.13,0,2025-01-18 04:00:00,2025-01-18 08:00:00,W,Main St,0,0,0,0
2025-01-18,13,10:00,119,11,15.2,0,1,30.13,0,2025-01-18 04:00:00,2025-01-18 08:00:00,W,Main St at Danforth Ave,0,0,0,0
2025-01-18,13,10:00,119,11,15.2,0,1,30.13,0,2025-01-18 04:00:00,2025-01-18 08:00:00,W,Howard Park Ave at Parkside Dr,0,0,0,0
2025-01-25,13,10:00,119,11,15.2,0,1,30.13,0,2025-01-25 04:00:00,2025-01-25 08:00:00,E,Woodfield Rd,0,0,0,0
2025-01-25,13,10:00,119,11,15.2,0,1,30.13,0,2025-01-25 04:00:00,2025-01-25 08:00:00,E,Coxwell Ave at Gerrard St East,0,0,0,0
2025-01-25,13,10:00,119,11,15.2,0,1,30.13,0,2025-01-25 04:00:00,2025-01-25 08:00:00,E,Euclid Ave,0,0,1,0
2025-01-25,13,10:00,119,11,15.2,0,1,30.13,0,2025-01-25 04:00:00,2025-01-25 08:00:00,E,Bowmore Rd,0,0,0,0
2025-01-25,13,10:00,119,11,15.2,0,1,30.13,0,2025-01-25 04:00:00,2025-01-25 08:00:00,E,Bay St,0,1,1,0
2025-01-25,13,10:00,119,11,15.2,0,1,30.13,0,2025-01-25 04:00:00,2025-01-25 08:00:00,E,Lansdowne Ave,1,1,2,0
2025-01-25,13,10:00,119,11,15.2,0,1,30.13,0,2025-01-25 04:00:00,2025-01-25 08:00:00,E,Indian Rd,0,1,2,0
2025-01-25,13,10:00,119,11,15.2,0,1,30.13,0,2025-01-25 04:00:00,2025-01-25 08:00:00,E,Grace St,0,1,1,0
2025-01-25,13,10:00,119,11,15.2,0,1,30.13,0,2025-01-25 04:00:00,2025-01-25 08:00:00,E,Dufferin St,0,0,0,0
2025-01-25,13,10:00,119,11,15.2,0,1,30.13,0,2025-01-25 04:00:00,2025-01-25 08:00:00,E,Gerrard St East at Beaton Ave,0,0,0,0
2025-01-25,13,10:00,119,11,15.2,0,1,30.13,0,2025-01-25 04:00:00,2025-01-25 08:00:00,E,Bathurst St,0,0,1,0
2025-01-25,13,10:00,119,11,15.2,0,1,30.13,0,2025-01-25 04:00:00,2025-01-25 08:00:00,E,Yonge St - College Station,0,0,0,0
2025-01-25,13,10:00,119,11,15.2,0,1,30.13,0,2025-01-25 04:00:00,2025-01-25 08:00:00,E,Dundas St West at Sterling Rd,1,1,2,0
2025-01-25,13,10:00,119,11,15.2,0,1,30.13,0,2025-01-25 04:00:00,2025-01-25 08:00:00,E,Brock Ave,1,1,1,0
2025-01-25,13,10:00,119,11,15.2,0,1,30.13,0,2025-01-25 04:00:00,2025-01-25 08:00:00,E,Sackville St,0,0,0,0
2025-01-25,13,10:00,119,11,15.2,0,1,30.13,0,2025-01-25 04:00:00,2025-01-25 08:00:00,E,Carlaw Ave,0,0,0,0
2025-01-25,13,10:00,119,11,15.2,0,1,30.13,0,2025-01-25 04:00:00,2025-01-25 08:00:00,E,Borden St,0,0,1,0
2025-01-25,13,10:00,119,11,15.2,0,1,30.13,0,2025-01-25 04:00:00,2025-01-25 08:00:00,E,Dundas St West at Sorauren Ave,1,1,1,0
2025-01-25,13,10:00,119,11,15.2,0,1,30.13,0,2025-01-25 04:00:00,2025-01-25 08:00:00,E,Crawford St,0,1,1,0
2025-01-25,13,10:00,119,11,15.2,0,1,30.13,0,2025-01-25 04:00:00,2025-01-25 08:00:00,E,Pape Ave,0,0,0,0
2025-01-25,13,10:00,119,11,15.2,0,1,30.13,0,2025-01-25 04:00:00,2025-01-25 08:00:00,E,Spadina Ave,0,0,1,0
2025-01-25,13,10:00,119,11,15.2,0,1,30.13,0,2025-01-25 04:00:00,2025-01-25 08:00:00,E,River St,0,0,0,0
2025-01-25,13,10:00,119,11,15.2,0,1,30.13,0,2025-01-25 04:00:00,2025-01-25 08:00:00,E,Marjory Ave,0,0,0,0
2025-01-25,13,10:00,119,11,15.2,0,1,30.13,0,2025-01-25 04:00:00,2025-01-25 08:00:00,E,Kingsmount Park Rd,0,0,0,0
2025-01-25,13,10:00,119,11,15.2,0,1,30.13,0,2025-01-25 04:00:00,2025-01-25 08:00:00,E,Church St,1,1,1,0
2025-01-25,13,10:00,119,11,15.2,0,1,30.13,0,2025-01-25 04:00:00,2025-01-25 08:00:00,E,Ossington Ave,0,1,2,0
2025-01-25,13,10:00,119,11,15.2,0,1,30.13,0,2025-01-25 04:00:00,2025-01-25 08:00:00,E,Woodbine Ave,0,1,0,0
2025-01-25,13,10:00,119,11,15.2,0,1,30.13,0,2025-01-25 04:00:00,2025-01-25 08:00:00,E,Jones Ave,0,0,0,0
2025-01-25,13,10:00,119,11,15.2,0,1,30.13,0,2025-01-25 04:00:00,2025-01-25 08:00:00,E,Golfview Ave,0,1,0,0
2025-01-25,13,10:00,119,11,15.2,0,1,30.13,0,2025-01-25 04:00:00,2025-01-25 08:00:00,E,Leslie St,0,0,0,0
2025-01-25,13,10:00,119,11,15.2,0,1,30.13,0,2025-01-25 04:00:00,2025-01-25 08:00:00,E,St Matthews Rd,0,0,0,0
2025-01-25,13,10:00,119,11,15.2,0,1,30.13,0,2025-01-25 04:00:00,2025-01-25 08:00:00,E,Jarvis St,0,0,2,0
2025-01-25,13,10:00,119,11,15.2,0,1,30.13,0,2025-01-25 04:00:00,2025-01-25 08:00:00,E,Sherbourne St,0,0,2,0
2025-01-25,13,10:00,119,11,15.2,0,1,30.13,0,2025-01-25 04:00:00,2025-01-25 08:00:00,E,St George St,0,0,1,0
2025-01-25,13,10:00,119,11,15.2,0,1,30.13,0,2025-01-25 04:00:00,2025-01-25 08:00:00,E,Dovercourt Rd,0,0,2,0
2025-01-25,13,10:00,119,11,15.2,0,1,30.13,0,2025-01-25 04:00:00,2025-01-25 08:00:00,E,Glenmount Park Rd,0,1,0,0
2025-01-25,13,10:00,119,11,15.2,0,1,30.13,0,2025-01-25 04:00:00,2025-01-25 08:00:00,E,Prust Ave,0,0,0,0
2025-01-25,13,10:00,119,11,15.2,0,1,30.13,0,2025-01-25 04:00:00,2025-01-25 08:00:00,E,Main Street Station at Bay 7,0,0,0,0
2025-01-25,13,10:00,119,11,15.2,0,1,30.13,0,2025-01-25 04:00:00,2025-01-25 08:00:00,E,Norwood Rd,0,1,0,0
2025-01-25,13,10:00,119,11,15.2,0,1,30.13,0,2025-01-25 04:00:00,2025-01-25 08:00:00,E,McCaul St,0,1,1,0
2025-01-25,13,10:00,119,11,15.2,0,1,30.13,0,2025-01-25 04:00:00,2025-01-25 08:00:00,E,Broadview Ave,0,0,1,0
2025-01-25,13,10:00,119,11,15.2,0,1,30.13,0,2025-01-25 04:00:00,2025-01-25 08:00:00,E,Ontario St,0,0,2,0
2025-01-25,13,10:00,119,11,15.2,0,1,30.13,0,2025-01-25 04:00:00,2025-01-25 08:00:00,E,Rusholme Park Cres,1,0,1,0
2025-01-25,13,10:00,119,11,15.2,0,1,30.13,0,2025-01-25 04:00:00,2025-01-25 08:00:00,E,Havelock St,0,0,0,0
2025-01-25,13,10:00,119,11,15.2,0,1,30.13,0,2025-01-25 04:00:00,2025-01-25 08:00:00,E,High Park Loop,0,1,6,0
2025-01-25,13,10:00,119,11,15.2,0,1,30.13,0,2025-01-25 04:00:00,2025-01-25 08:00:00,E,Queens Park (Queen's Park Station),0,0,1,0
2025-01-25,13,10:00,119,11,15.2,0,1,30.13,0,2025-01-25 04:00:00,2025-01-25 08:00:00,E,Roncesvalles Ave,1,0,1,0
2025-01-25,13,10:00,119,11,15.2,0,1,30.13,0,2025-01-25 04:00:00,2025-01-25 08:00:00,E,De Grassi St,0,0,1,0
2025-01-25,13,10:00,119,11,15.2,0,1,30.13,0,2025-01-25 04:00:00,2025-01-25 08:00:00,E,Parliament St at Carlton St,0,0,0,0
2025-01-25,13,10:00,119,11,15.2,0,1,30.13,0,2025-01-25 04:00:00,2025-01-25 08:00:00,E,Parkside Dr East Side,0,1,3,0
2025-01-25,13,10:00,119,11,15.2,0,1,30.13,0,2025-01-25 04:00:00,2025-01-25 08:00:00,E,Dundas St West,0,0,0,0
2025-01-25,13,10:00,119,11,15.2,0,1,30.13,0,2025-01-25 04:00:00,2025-01-25 08:00:00,E,Howard Park Ave at Roncesvalles Ave,0,0,0,0
2025-01-25,13,10:00,119,11,15.2,0,1,30.13,0,2025-01-25 04:00:00,2025-01-25 08:00:00,E,Parliament St,0,0,0,0
2025-01-25,13,10:00,119,11,15.2,0,1,30.13,0,2025-01-25 04:00:00,2025-01-25 08:00:00,E,Parliament St at Gerrard St East,0,0,0,0
2025-01-25,13,10:00,119,11,15.2,0,1,30.13,0,2025-01-25 04:00:00,2025-01-25 08:00:00,E,Sumach St,0,0,0,0
2025-01-25,13,10:00,119,11,15.2,0,1,30.13,0,2025-01-25 04:00:00,2025-01-25 08:00:00,E,Blackburn St,0,0,0,0
2025-01-25,13,10:00,119,11,15.2,0,1,30.13,0,2025-01-25 04:00:00,2025-01-25 08:00:00,E,Logan Ave,0,0,0,0
2025-01-25,13,10:00,119,11,15.2,0,1,30.13,0,2025-01-25 04:00:00,2025-01-25 08:00:00,E,Augusta Ave,0,0,0,0
2025-01-25,13,10:00,119,11,15.2,0,1,30.13,0,2025-01-25 04:00:00,2025-01-25 08:00:00,E,Beverley St,0,0,0,0
2025-01-25,13,10:00,119,11,15.2,0,1,30.13,0,2025-01-25 04:00:00,2025-01-25 08:00:00,E,University Ave (Queen's Park Station,0,0,0,0
2025-01-25,13,10:00,119,11,15.2,0,1,30.13,0,2025-01-25 04:00:00,2025-01-25 08:00:00,E,Elizabeth St,0,0,0,0
2025-01-25,13,10:00,119,11,15.2,0,1,30.13,0,2025-01-25 04:00:00,2025-01-25 08:00:00,E,Greenwood Ave,0,0,0,0
2025-01-25,13,10:00,119,11,15.2,0,1,30.13,0,2025-01-25 04:00:00,2025-01-25 08:00:00,E,Alton Ave,0,0,0,0
2025-01-25,13,10:00,119,11,15.2,0,1,30.13,0,2025-01-25 04:00:00,2025-01-25 08:00:00,E,Coxwell Ave,0,0,0,0
2025-01-25,13,10:00,119,11,15.2,0,1,30.13,0,2025-01-25 04:00:00,2025-01-25 08:00:00,E,Gerrard St East  at Coxwell Ave,0,0,0,0
2025-01-25,13,10:00,119,11,15.2,0,1,30.13,0,2025-01-25 04:00:00,2025-01-25 08:00:00,E,Coxwell Ave at Lower Gerrard St East,0,0,0,0
2025-01-25,13,10:00,119,11,15.2,0,1,30.13,0,2025-01-25 04:00:00,2025-01-25 08:00:00,E,Ashdale Ave,0,0,0,0
2025-01-25,13,10:00,119,11,15.2,0,1,30.13,0,2025-01-25 04:00:00,2025-01-25 08:00:00,E,Howard Park Ave at Indian Rd,0,0,0,0
2025-01-25,13,10:00,119,11,15.2,0,1,30.13,0,2025-01-25 04:00:00,2025-01-25 08:00:00,E,Dundas St West at Howard Park Ave,0,0,0,0
2025-01-25,13,10:00,119,11,15.2,0,1,30.13,0,2025-01-25 04:00:00,2025-01-25 08:00:00,E,Main St at Gerrard St East,0,0,0,0
2025-01-25,13,10:00,119,11,15.2,0,1,30.13,0,2025-01-25 04:00:00,2025-01-25 08:00:00,E,Main St,0,0,0,0
2025-01-25,13,10:00,119,11,15.2,0,1,30.13,0,2025-01-25 04:00:00,2025-01-25 08:00:00,E,Main St at Danforth Ave,0,0,0,0
2025-01-25,13,10:00,119,11,15.2,0,1,30.13,0,2025-01-25 04:00:00,2025-01-25 08:00:00,E,Howard Park Ave at Parkside Dr,0,0,0,0
2025-01-25,13,10:00,119,11,15.2,0,1,30.13,0,2025-01-25 04:00:00,2025-01-25 08:00:00,W,Woodfield Rd,1,1,0,0
2025-01-25,13,10:00,119,11,15.2,0,1,30.13,0,2025-01-25 04:00:00,2025-01-25 08:00:00,W,Coxwell Ave at Gerrard St East,0,2,0,0
2025-01-25,13,10:00,119,11,15.2,0,1,30.13,0,2025-01-25 04:00:00,2025-01-25 08:00:00,W,Euclid Ave,0,0,0,0
2025-01-25,13,10:00,119,11,15.2,0,1,30.13,0,2025-01-25 04:00:00,2025-01-25 08:00:00,W,Bowmore Rd,0,0,0,0
2025-01-25,13,10:00,119,11,15.2,0,1,30.13,0,2025-01-25 04:00:00,2025-01-25 08:00:00,W,Bay St,1,1,0,0
2025-01-25,13,10:00,119,11,15.2,0,1,30.13,0,2025-01-25 04:00:00,2025-01-25 08:00:00,W,Lansdowne Ave,0,0,0,0
2025-01-25,13,10:00,119,11,15.2,0,1,30.13,0,2025-01-25 04:00:00,2025-01-25 08:00:00,W,Indian Rd,4,2,2,0
2025-01-25,13,10:00,119,11,15.2,0,1,30.13,0,2025-01-25 04:00:00,2025-01-25 08:00:00,W,Grace St,0,0,0,0
2025-01-25,13,10:00,119,11,15.2,0,1,30.13,0,2025-01-25 04:00:00,2025-01-25 08:00:00,W,Dufferin St,1,2,0,0
2025-01-25,13,10:00,119,11,15.2,0,1,30.13,0,2025-01-25 04:00:00,2025-01-25 08:00:00,W,Gerrard St East at Beaton Ave,0,1,0,0
2025-01-25,13,10:00,119,11,15.2,0,1,30.13,0,2025-01-25 04:00:00,2025-01-25 08:00:00,W,Bathurst St,0,0,0,0
2025-01-25,13,10:00,119,11,15.2,0,1,30.13,0,2025-01-25 04:00:00,2025-01-25 08:00:00,W,Yonge St - College Station,0,0,0,0
2025-01-25,13,10:00,119,11,15.2,0,1,30.13,0,2025-01-25 04:00:00,2025-01-25 08:00:00,W,Dundas St West at Sterling Rd,0,0,0,0
2025-01-25,13,10:00,119,11,15.2,0,1,30.13,0,2025-01-25 04:00:00,2025-01-25 08:00:00,W,Brock Ave,0,0,0,0
2025-01-25,13,10:00,119,11,15.2,0,1,30.13,0,2025-01-25 04:00:00,2025-01-25 08:00:00,W,Sackville St,2,2,0,0
2025-01-25,13,10:00,119,11,15.2,0,1,30.13,0,2025-01-25 04:00:00,2025-01-25 08:00:00,W,Carlaw Ave,0,0,0,0
2025-01-25,13,10:00,119,11,15.2,0,1,30.13,0,2025-01-25 04:00:00,2025-01-25 08:00:00,W,Borden St,0,0,0,0
2025-01-25,13,10:00,119,11,15.2,0,1,30.13,0,2025-01-25 04:00:00,2025-01-25 08:00:00,W,Dundas St West at Sorauren Ave,4,2,1,0
2025-01-25,13,10:00,119,11,15.2,0,1,30.13,0,2025-01-25 04:00:00,2025-01-25 08:00:00,W,Crawford St,0,0,0,0
2025-01-25,13,10:00,119,11,15.2,0,1,30.13,0,2025-01-25 04:00:00,2025-01-25 08:00:00,W,Pape Ave,0,0,0,0
2025-01-25,13,10:00,119,11,15.2,0,1,30.13,0,2025-01-25 04:00:00,2025-01-25 08:00:00,W,Spadina Ave,2,2,0,0
2025-01-25,13,10:00,119,11,15.2,0,1,30.13,0,2025-01-25 04:00:00,2025-01-25 08:00:00,W,River St,2,3,0,0
2025-01-25,13,10:00,119,11,15.2,0,1,30.13,0,2025-01-25 04:00:00,2025-01-25 08:00:00,W,Marjory Ave,0,0,0,0
2025-01-25,13,10:00,119,11,15.2,0,1,30.13,0,2025-01-25 04:00:00,2025-01-25 08:00:00,W,Kingsmount Park Rd,0,0,0,0
2025-01-25,13,10:00,119,11,15.2,0,1,30.13,0,2025-01-25 04:00:00,2025-01-25 08:00:00,W,Church St,0,0,0,0
2025-01-25,13,10:00,119,11,15.2,0,1,30.13,0,2025-01-25 04:00:00,2025-01-25 08:00:00,W,Ossington Ave,0,0,0,0
2025-01-25,13,10:00,119,11,15.2,0,1,30.13,0,2025-01-25 04:00:00,2025-01-25 08:00:00,W,Woodbine Ave,0,0,0,0
2025-01-25,13,10:00,119,11,15.2,0,1,30.13,0,2025-01-25 04:00:00,2025-01-25 08:00:00,W,Jones Ave,0,0,0,0
2025-01-25,13,10:00,119,11,15.2,0,1,30.13,0,2025-01-25 04:00:00,2025-01-25 08:00:00,W,Golfview Ave,0,0,0,0
2025-01-25,13,10:00,119,11,15.2,0,1,30.13,0,2025-01-25 04:00:00,2025-01-25 08:00:00,W,Leslie St,0,0,0,0
2025-01-25,13,10:00,119,11,15.2,0,1,30.13,0,2025-01-25 04:00:00,2025-01-25 08:00:00,W,St Matthews Rd,0,0,0,0
2025-01-25,13,10:00,119,11,15.2,0,1,30.13,0,2025-01-25 04:00:00,2025-01-25 08:00:00,W,Jarvis St,0,0,0,0
2025-01-25,13,10:00,119,11,15.2,0,1,30.13,0,2025-01-25 04:00:00,2025-01-25 08:00:00,W,Sherbourne St,0,0,0,0
2025-01-25,13,10:00,119,11,15.2,0,1,30.13,0,2025-01-25 04:00:00,2025-01-25 08:00:00,W,St George St,0,0,0,0
2025-01-25,13,10:00,119,11,15.2,0,1,30.13,0,2025-01-25 04:00:00,2025-01-25 08:00:00,W,Dovercourt Rd,0,0,0,0
2025-01-25,13,10:00,119,11,15.2,0,1,30.13,0,2025-01-25 04:00:00,2025-01-25 08:00:00,W,Glenmount Park Rd,0,0,0,0
2025-01-25,13,10:00,119,11,15.2,0,1,30.13,0,2025-01-25 04:00:00,2025-01-25 08:00:00,W,Prust Ave,0,0,0,0
2025-01-25,13,10:00,119,11,15.2,0,1,30.13,0,2025-01-25 04:00:00,2025-01-25 08:00:00,W,Main Street Station at Bay 7,0,0,0,0
2025-01-25,13,10:00,119,11,15.2,0,1,30.13,0,2025-01-25 04:00:00,2025-01-25 08:00:00,W,Norwood Rd,0,0,0,0
2025-01-25,13,10:00,119,11,15.2,0,1,30.13,0,2025-01-25 04:00:00,2025-01-25 08:00:00,W,McCaul St,0,0,0,0
2025-01-25,13,10:00,119,11,15.2,0,1,30.13,0,2025-01-25 04:00:00,2025-01-25 08:00:00,W,Broadview Ave,0,0,0,0
2025-01-25,13,10:00,119,11,15.2,0,1,30.13,0,2025-01-25 04:00:00,2025-01-25 08:00:00,W,Ontario St,0,0,0,0
2025-01-25,13,10:00,119,11,15.2,0,1,30.13,0,2025-01-25 04:00:00,2025-01-25 08:00:00,W,Rusholme Park Cres,0,0,0,0
2025-01-25,13,10:00,119,11,15.2,0,1,30.13,0,2025-01-25 04:00:00,2025-01-25 08:00:00,W,Havelock St,0,0,0,0
2025-01-25,13,10:00,119,11,15.2,0,1,30.13,0,2025-01-25 04:00:00,2025-01-25 08:00:00,W,High Park Loop,0,0,0,0
2025-01-25,13,10:00,119,11,15.2,0,1,30.13,0,2025-01-25 04:00:00,2025-01-25 08:00:00,W,Queens Park (Queen's Park Station),0,0,0,0
2025-01-25,13,10:00,119,11,15.2,0,1,30.13,0,2025-01-25 04:00:00,2025-01-25 08:00:00,W,Roncesvalles Ave,4,2,2,0
2025-01-25,13,10:00,119,11,15.2,0,1,30.13,0,2025-01-25 04:00:00,2025-01-25 08:00:00,W,De Grassi St,0,0,0,0
2025-01-25,13,10:00,119,11,15.2,0,1,30.13,0,2025-01-25 04:00:00,2025-01-25 08:00:00,W,Parliament St at Carlton St,0,0,0,0
2025-01-25,13,10:00,119,11,15.2,0,1,30.13,0,2025-01-25 04:00:00,2025-01-25 08:00:00,W,Parkside Dr East Side,0,0,0,0
2025-01-25,13,10:00,119,11,15.2,0,1,30.13,0,2025-01-25 04:00:00,2025-01-25 08:00:00,W,Dundas St West,3,2,1,0
2025-01-25,13,10:00,119,11,15.2,0,1,30.13,0,2025-01-25 04:00:00,2025-01-25 08:00:00,W,Howard Park Ave at Roncesvalles Ave,0,0,0,0
2025-01-25,13,10:00,119,11,15.2,0,1,30.13,0,2025-01-25 04:00:00,2025-01-25 08:00:00,W,Parliament St,0,0,0,0
2025-01-25,13,10:00,119,11,15.2,0,1,30.13,0,2025-01-25 04:00:00,2025-01-25 08:00:00,W,Parliament St at Gerrard St East,0,0,0,0
2025-01-25,13,10:00,119,11,15.2,0,1,30.13,0,2025-01-25 04:00:00,2025-01-25 08:00:00,W,Sumach St,0,0,0,0
2025-01-25,13,10:00,119,11,15.2,0,1,30.13,0,2025-01-25 04:00:00,2025-01-25 08:00:00,W,Blackburn St,0,0,0,0
2025-01-25,13,10:00,119,11,15.2,0,1,30.13,0,2025-01-25 04:00:00,2025-01-25 08:00:00,W,Logan Ave,0,0,0,0
2025-01-25,13,10:00,119,11,15.2,0,1,30.13,0,2025-01-25 04:00:00,2025-01-25 08:00:00,W,Augusta Ave,0,0,0,0
2025-01-25,13,10:00,119,11,15.2,0,1,30.13,0,2025-01-25 04:00:00,2025-01-25 08:00:00,W,Beverley St,0,0,0,0
2025-01-25,13,10:00,119,11,15.2,0,1,30.13,0,2025-01-25 04:00:00,2025-01-25 08:00:00,W,University Ave (Queen's Park Station,0,0,0,0
2025-01-25,13,10:00,119,11,15.2,0,1,30.13,0,2025-01-25 04:00:00,2025-01-25 08:00:00,W,Elizabeth St,0,0,0,0
2025-01-25,13,10:00,119,11,15.2,0,1,30.13,0,2025-01-25 04:00:00,2025-01-25 08:00:00,W,Greenwood Ave,0,0,0,0
2025-01-25,13,10:00,119,11,15.2,0,1,30.13,0,2025-01-25 04:00:00,2025-01-25 08:00:00,W,Alton Ave,0,0,0,0
2025-01-25,13,10:00,119,11,15.2,0,1,30.13,0,2025-01-25 04:00:00,2025-01-25 08:00:00,W,Coxwell Ave,0,0,0,0
2025-01-25,13,10:00,119,11,15.2,0,1,30.13,0,2025-01-25 04:00:00,2025-01-25 08:00:00,W,Gerrard St East  at Coxwell Ave,0,0,0,0
2025-01-25,13,10:00,119,11,15.2,0,1,30.13,0,2025-01-25 04:00:00,2025-01-25 08:00:00,W,Coxwell Ave at Lower Gerrard St East,0,0,0,0
2025-01-25,13,10:00,119,11,15.2,0,1,30.13,0,2025-01-25 04:00:00,2025-01-25 08:00:00,W,Ashdale Ave,0,0,0,0
2025-01-25,13,10:00,119,11,15.2,0,1,30.13,0,2025-01-25 04:00:00,2025-01-25 08:00:00,W,Howard Park Ave at Indian Rd,0,0,0,0
2025-01-25,13,10:00,119,11,15.2,0,1,30.13,0,2025-01-25 04:00:00,2025-01-25 08:00:00,W,Dundas St West at Howard Park Ave,0,0,0,0
2025-01-25,13,10:00,119,11,15.2,0,1,30.13,0,2025-01-25 04:00:00,2025-01-25 08:00:00,W,Main St at Gerrard St East,0,0,0,0
2025-01-25,13,10:00,119,11,15.2,0,1,30.13,0,2025-01-25 04:00:00,2025-01-25 08:00:00,W,Main St,0,0,0,0
2025-01-25,13,10:00,119,11,15.2,0,1,30.13,0,2025-01-25 04:00:00,2025-01-25 08:00:00,W,Main St at Danforth Ave,0,0,0,0
2025-01-25,13,10:00,119,11,15.2,0,1,30.13,0,2025-01-25 04:00:00,2025-01-25 08:00:00,W,Howard Park Ave at Parkside Dr,0,0,0,0
2025-02-01,13,10:00,119,11,15.2,0,1,30.13,0,2025-02-01 04:00:00,2025-02-01 08:00:00,E,Woodfield Rd,0,0,0,0
2025-02-01,13,10:00,119,11,15.2,0,1,30.13,0,2025-02-01 04:00:00,2025-02-01 08:00:00,E,Coxwell Ave at Gerrard St East,0,0,0,0
2025-02-01,13,10:00,119,11,15.2,0,1,30.13,0,2025-02-01 04:00:00,2025-02-01 08:00:00,E,Euclid Ave,0,1,1,0
2025-02-01,13,10:00,119,11,15.2,0,1,30.13,0,2025-02-01 04:00:00,2025-02-01 08:00:00,E,Bowmore Rd,0,1,0,0
2025-02-01,13,10:00,119,11,15.2,0,1,30.13,0,2025-02-01 04:00:00,2025-02-01 08:00:00,E,Bay St,0,1,0,0
2025-02-01,13,10:00,119,11,15.2,0,1,30.13,0,2025-02-01 04:00:00,2025-02-01 08:00:00,E,Lansdowne Ave,2,2,0,0
2025-02-01,13,10:00,119,11,15.2,0,1,30.13,0,2025-02-01 04:00:00,2025-02-01 08:00:00,E,Indian Rd,0,0,2,0
2025-02-01,13,10:00,119,11,15.2,0,1,30.13,0,2025-02-01 04:00:00,2025-02-01 08:00:00,E,Grace St,1,0,2,0
2025-02-01,13,10:00,119,11,15.2,0,1,30.13,0,2025-02-01 04:00:00,2025-02-01 08:00:00,E,Dufferin St,0,1,0,0
2025-02-01,13,10:00,119,11,15.2,0,1,30.13,0,2025-02-01 04:00:00,2025-02-01 08:00:00,E,Gerrard St East at Beaton Ave,0,1,0,0
2025-02-01,13,10:00,119,11,15.2,0,1,30.13,0,2025-02-01 04:00:00,2025-02-01 08:00:00,E,Bathurst St,0,1,0,0
2025-02-01,13,10:00,119,11,15.2,0,1,30.13,0,2025-02-01 04:00:00,2025-02-01 08:00:00,E,Yonge St - College Station,0,0,0,0
2025-02-01,13,10:00,119,11,15.2,0,1,30.13,0,2025-02-01 04:00:00,2025-02-01 08:00:00,E,Dundas St West at Sterling Rd,0,0,1,0
2025-02-01,13,10:00,119,11,15.2,0,1,30.13,0,2025-02-01 04:00:00,2025-02-01 08:00:00,E,Brock Ave,0,3,0,0
2025-02-01,13,10:00,119,11,15.2,0,1,30.13,0,2025-02-01 04:00:00,2025-02-01 08:00:00,E,Sackville St,1,0,1,0
2025-02-01,13,10:00,119,11,15.2,0,1,30.13,0,2025-02-01 04:00:00,2025-02-01 08:00:00,E,Carlaw Ave,0,0,0,0
2025-02-01,13,10:00,119,11,15.2,0,1,30.13,0,2025-02-01 04:00:00,2025-02-01 08:00:00,E,Borden St,0,0,0,0
2025-02-01,13,10:00,119,11,15.2,0,1,30.13,0,2025-02-01 04:00:00,2025-02-01 08:00:00,E,Dundas St West at Sorauren Ave,0,0,1,0
2025-02-01,13,10:00,119,11,15.2,0,1,30.13,0,2025-02-01 04:00:00,2025-02-01 08:00:00,E,Crawford St,0,0,0,0
2025-02-01,13,10:00,119,11,15.2,0,1,30.13,0,2025-02-01 04:00:00,2025-02-01 08:00:00,E,Pape Ave,0,0,0,0
2025-02-01,13,10:00,119,11,15.2,0,1,30.13,0,2025-02-01 04:00:00,2025-02-01 08:00:00,E,Spadina Ave,0,1,0,0
2025-02-01,13,10:00,119,11,15.2,0,1,30.13,0,2025-02-01 04:00:00,2025-02-01 08:00:00,E,River St,0,0,1,0
2025-02-01,13,10:00,119,11,15.2,0,1,30.13,0,2025-02-01 04:00:00,2025-02-01 08:00:00,E,Marjory Ave,0,0,0,0
2025-02-01,13,10:00,119,11,15.2,0,1,30.13,0,2025-02-01 04:00:00,2025-02-01 08:00:00,E,Kingsmount Park Rd,1,1,0,0
2025-02-01,13,10:00,119,11,15.2,0,1,30.13,0,2025-02-01 04:00:00,2025-02-01 08:00:00,E,Church St,0,0,1,0
2025-02-01,13,10:00,119,11,15.2,0,1,30.13,0,2025-02-01 04:00:00,2025-02-01 08:00:00,E,Ossington Ave,0,1,0,0
2025-02-01,13,10:00,119,11,15.2,0,1,30.13,0,2025-02-01 04:00:00,2025-02-01 08:00:00,E,Woodbine Ave,1,1,0,0
2025-02-01,13,10:00,119,11,15.2,0,1,30.13,0,2025-02-01 04:00:00,2025-02-01 08:00:00,E,Jones Ave,0,1,0,0
2025-02-01,13,10:00,119,11,15.2,0,1,30.13,0,2025-02-01 04:00:00,2025-02-01 08:00:00,E,Golfview Ave,1,1,0,0
2025-02-01,13,10:00,119,11,15.2,0,1,30.13,0,2025-02-01 04:00:00,2025-02-01 08:00:00,E,Leslie St,0,1,0,0
2025-02-01,13,10:00,119,11,15.2,0,1,30.13,0,2025-02-01 04:00:00,2025-02-01 08:00:00,E,St Matthews Rd,0,1,0,0
2025-02-01,13,10:00,119,11,15.2,0,1,30.13,0,2025-02-01 04:00:00,2025-02-01 08:00:00,E,Jarvis St,0,1,1,0
2025-02-01,13,10:00,119,11,15.2,0,1,30.13,0,2025-02-01 04:00:00,2025-02-01 08:00:00,E,Sherbourne St,0,1,1,0
2025-02-01,13,10:00,119,11,15.2,0,1,30.13,0,2025-02-01 04:00:00,2025-02-01 08:00:00,E,St George St,0,0,0,0
2025-02-01,13,10:00,119,11,15.2,0,1,30.13,0,2025-02-01 04:00:00,2025-02-01 08:00:00,E,Dovercourt Rd,0,0,0,0
2025-02-01,13,10:00,119,11,15.2,0,1,30.13,0,2025-02-01 04:00:00,2025-02-01 08:00:00,E,Glenmount Park Rd,1,1,0,0
2025-02-01,13,10:00,119,11,15.2,0,1,30.13,0,2025-02-01 04:00:00,2025-02-01 08:00:00,E,Prust Ave,0,1,0,0
2025-02-01,13,10:00,119,11,15.2,0,1,30.13,0,2025-02-01 04:00:00,2025-02-01 08:00:00,E,Main Street Station at Bay 7,0,0,0,0
2025-02-01,13,10:00,119,11,15.2,0,1,30.13,0,2025-02-01 04:00:00,2025-02-01 08:00:00,E,Norwood Rd,0,2,0,0
2025-02-01,13,10:00,119,11,15.2,0,1,30.13,0,2025-02-01 04:00:00,2025-02-01 08:00:00,E,McCaul St,0,1,0,0
2025-02-01,13,10:00,119,11,15.2,0,1,30.13,0,2025-02-01 04:00:00,2025-02-01 08:00:00,E,Broadview Ave,0,1,1,0
2025-02-01,13,10:00,119,11,15.2,0,1,30.13,0,2025-02-01 04:00:00,2025-02-01 08:00:00,E,Ontario St,0,1,1,0
2025-02-01,13,10:00,119,11,15.2,0,1,30.13,0,2025-02-01 04:00:00,2025-02-01 08:00:00,E,Rusholme Park Cres,0,0,0,0
2025-02-01,13,10:00,119,11,15.2,0,1,30.13,0,2025-02-01 04:00:00,2025-02-01 08:00:00,E,Havelock St,0,0,0,0
2025-02-01,13,10:00,119,11,15.2,0,1,30.13,0,2025-02-01 04:00:00,2025-02-01 08:00:00,E,High Park Loop,1,0,4,0
2025-02-01,13,10:00,119,11,15.2,0,1,30.13,0,2025-02-01 04:00:00,2025-02-01 08:00:00,E,Queens Park (Queen's Park Station),0,0,0,0
2025-02-01,13,10:00,119,11,15.2,0,1,30.13,0,2025-02-01 04:00:00,2025-02-01 08:00:00,E,Roncesvalles Ave,0,0,0,0
2025-02-01,13,10:00,119,11,15.2,0,1,30.13,0,2025-02-01 04:00:00,2025-02-01 08:00:00,E,De Grassi St,0,1,1,0
2025-02-01,13,10:00,119,11,15.2,0,1,30.13,0,2025-02-01 04:00:00,2025-02-01 08:00:00,E,Parliament St at Carlton St,0,1,0,0
2025-02-01,13,10:00,119,11,15.2,0,1,30.13,0,2025-02-01 04:00:00,2025-02-01 08:00:00,E,Parkside Dr East Side,0,0,3,0
2025-02-01,13,10:00,119,11,15.2,0,1,30.13,0,2025-02-01 04:00:00,2025-02-01 08:00:00,E,Dundas St West,0,0,0,0
2025-02-01,13,10:00,119,11,15.2,0,1,30.13,0,2025-02-01 04:00:00,2025-02-01 08:00:00,E,Howard Park Ave at Roncesvalles Ave,0,0,0,0
2025-02-01,13,10:00,119,11,15.2,0,1,30.13,0,2025-02-01 04:00:00,2025-02-01 08:00:00,E,Parliament St,0,0,0,0
2025-02-01,13,10:00,119,11,15.2,0,1,30.13,0,2025-02-01 04:00:00,2025-02-01 08:00:00,E,Parliament St at Gerrard St East,0,0,0,0
2025-02-01,13,10:00,119,11,15.2,0,1,30.13,0,2025-02-01 04:00:00,2025-02-01 08:00:00,E,Sumach St,0,0,0,0
2025-02-01,13,10:00,119,11,15.2,0,1,30.13,0,2025-02-01 04:00:00,2025-02-01 08:00:00,E,Blackburn St,0,0,0,0
2025-02-01,13,10:00,119,11,15.2,0,1,30.13,0,2025-02-01 04:00:00,2025-02-01 08:00:00,E,Logan Ave,0,0,0,0
2025-02-01,13,10:00,119,11,15.2,0,1,30.13,0,2025-02-01 04:00:00,2025-02-01 08:00:00,E,Augusta Ave,0,0,0,0
2025-02-01,13,10:00,119,11,15.2,0,1,30.13,0,2025-02-01 04:00:00,2025-02-01 08:00:00,E,Beverley St,0,0,0,0
2025-02-01,13,10:00,119,11,15.2,0,1,30.13,0,2025-02-01 04:00:00,2025-02-01 08:00:00,E,University Ave (Queen's Park Station,0,0,0,0
2025-02-01,13,10:00,119,11,15.2,0,1,30.13,0,2025-02-01 04:00:00,2025-02-01 08:00:00,E,Elizabeth St,0,0,0,0
2025-02-01,13,10:00,119,11,15.2,0,1,30.13,0,2025-02-01 04:00:00,2025-02-01 08:00:00,E,Greenwood Ave,0,0,0,0
2025-02-01,13,10:00,119,11,15.2,0,1,30.13,0,2025-02-01 04:00:00,2025-02-01 08:00:00,E,Alton Ave,0,0,0,0
2025-02-01,13,10:00,119,11,15.2,0,1,30.13,0,2025-02-01 04:00:00,2025-02-01 08:00:00,E,Coxwell Ave,0,0,0,0
2025-02-01,13,10:00,119,11,15.2,0,1,30.13,0,2025-02-01 04:00:00,2025-02-01 08:00:00,E,Gerrard St East  at Coxwell Ave,0,0,0,0
2025-02-01,13,10:00,119,11,15.2,0,1,30.13,0,2025-02-01 04:00:00,2025-02-01 08:00:00,E,Coxwell Ave at Lower Gerrard St East,0,0,0,0
2025-02-01,13,10:00,119,11,15.2,0,1,30.13,0,2025-02-01 04:00:00,2025-02-01 08:00:00,E,Ashdale Ave,0,0,0,0
2025-02-01,13,10:00,119,11,15.2,0,1,30.13,0,2025-02-01 04:00:00,2025-02-01 08:00:00,E,Howard Park Ave at Indian Rd,0,0,0,0
2025-02-01,13,10:00,119,11,15.2,0,1,30.13,0,2025-02-01 04:00:00,2025-02-01 08:00:00,E,Dundas St West at Howard Park Ave,0,0,0,0
2025-02-01,13,10:00,119,11,15.2,0,1,30.13,0,2025-02-01 04:00:00,2025-02-01 08:00:00,E,Main St at Gerrard St East,0,0,0,0
2025-02-01,13,10:00,119,11,15.2,0,1,30.13,0,2025-02-01 04:00:00,2025-02-01 08:00:00,E,Main St,0,0,0,0
2025-02-01,13,10:00,119,11,15.2,0,1,30.13,0,2025-02-01 04:00:00,2025-02-01 08:00:00,E,Main St at Danforth Ave,0,0,0,0
2025-02-01,13,10:00,119,11,15.2,0,1,30.13,0,2025-02-01 04:00:00,2025-02-01 08:00:00,E,Howard Park Ave at Parkside Dr,0,0,0,0
2025-02-01,13,10:00,119,11,15.2,0,1,30.13,0,2025-02-01 04:00:00,2025-02-01 08:00:00,W,Woodfield Rd,1,1,0,0
2025-02-01,13,10:00,119,11,15.2,0,1,30.13,0,2025-02-01 04:00:00,2025-02-01 08:00:00,W,Coxwell Ave at Gerrard St East,0,2,0,0
2025-02-01,13,10:00,119,11,15.2,0,1,30.13,0,2025-02-01 04:00:00,2025-02-01 08:00:00,W,Euclid Ave,0,0,0,0
2025-02-01,13,10:00,119,11,15.2,0,1,30.13,0,2025-02-01 04:00:00,2025-02-01 08:00:00,W,Bowmore Rd,0,1,0,0
2025-02-01,13,10:00,119,11,15.2,0,1,30.13,0,2025-02-01 04:00:00,2025-02-01 08:00:00,W,Bay St,1,1,0,0
2025-02-01,13,10:00,119,11,15.2,0,1,30.13,0,2025-02-01 04:00:00,2025-02-01 08:00:00,W,Lansdowne Ave,0,1,0,0
2025-02-01,13,10:00,119,11,15.2,0,1,30.13,0,2025-02-01 04:00:00,2025-02-01 08:00:00,W,Indian Rd,2,1,2,0
2025-02-01,13,10:00,119,11,15.2,0,1,30.13,0,2025-02-01 04:00:00,2025-02-01 08:00:00,W,Grace St,0,0,0,0
2025-02-01,13,10:00,119,11,15.2,0,1,30.13,0,2025-02-01 04:00:00,2025-02-01 08:00:00,W,Dufferin St,1,1,0,0
2025-02-01,13,10:00,119,11,15.2,0,1,30.13,0,2025-02-01 04:00:00,2025-02-01 08:00:00,W,Gerrard St East at Beaton Ave,0,1,0,0
2025-02-01,13,10:00,119,11,15.2,0,1,30.13,0,2025-02-01 04:00:00,2025-02-01 08:00:00,W,Bathurst St,0,0,0,0
2025-02-01,13,10:00,119,11,15.2,0,1,30.13,0,2025-02-01 04:00:00,2025-02-01 08:00:00,W,Yonge St - College Station,0,0,0,0
2025-02-01,13,10:00,119,11,15.2,0,1,30.13,0,2025-02-01 04:00:00,2025-02-01 08:00:00,W,Dundas St West at Sterling Rd,0,0,0,0
2025-02-01,13,10:00,119,11,15.2,0,1,30.13,0,2025-02-01 04:00:00,2025-02-01 08:00:00,W,Brock Ave,0,0,0,0
2025-02-01,13,10:00,119,11,15.2,0,1,30.13,0,2025-02-01 04:00:00,2025-02-01 08:00:00,W,Sackville St,2,1,1,0
2025-02-01,13,10:00,119,11,15.2,0,1,30.13,0,2025-02-01 04:00:00,2025-02-01 08:00:00,W,Carlaw Ave,0,0,0,0
2025-02-01,13,10:00,119,11,15.2,0,1,30.13,0,2025-02-01 04:00:00,2025-02-01 08:00:00,W,Borden St,0,0,0,0
2025-02-01,13,10:00,119,11,15.2,0,1,30.13,0,2025-02-01 04:00:00,2025-02-01 08:00:00,W,Dundas St West at Sorauren Ave,2,1,2,0
2025-02-01,13,10:00,119,11,15.2,0,1,30.13,0,2025-02-01 04:00:00,2025-02-01 08:00:00,W,Crawford St,0,0,0,0
2025-02-01,13,10:00,119,11,15.2,0,1,30.13,0,2025-02-01 04:00:00,2025-02-01 08:00:00,W,Pape Ave,0,0,0,0
2025-02-01,13,10:00,119,11,15.2,0,1,30.13,0,2025-02-01 04:00:00,2025-02-01 08:00:00,W,Spadina Ave,1,1,0,0
2025-02-01,13,10:00,119,11,15.2,0,1,30.13,0,2025-02-01 04:00:00,2025-02-01 08:00:00,W,River St,2,1,1,0
2025-02-01,13,10:00,119,11,15.2,0,1,30.13,0,2025-02-01 04:00:00,2025-02-01 08:00:00,W,Marjory Ave,0,0,0,0
2025-02-01,13,10:00,119,11,15.2,0,1,30.13,0,2025-02-01 04:00:00,2025-02-01 08:00:00,W,Kingsmount Park Rd,0,0,0,0
2025-02-01,13,10:00,119,11,15.2,0,1,30.13,0,2025-02-01 04:00:00,2025-02-01 08:00:00,W,Church St,0,0,0,0
2025-02-01,13,10:00,119,11,15.2,0,1,30.13,0,2025-02-01 04:00:00,2025-02-01 08:00:00,W,Ossington Ave,0,0,0,0
2025-02-01,13,10:00,119,11,15.2,0,1,30.13,0,2025-02-01 04:00:00,2025-02-01 08:00:00,W,Woodbine Ave,0,0,0,0
2025-02-01,13,10:00,119,11,15.2,0,1,30.13,0,2025-02-01 04:00:00,2025-02-01 08:00:00,W,Jones Ave,0,0,0,0
2025-02-01,13,10:00,119,11,15.2,0,1,30.13,0,2025-02-01 04:00:00,2025-02-01 08:00:00,W,Golfview Ave,0,0,0,0
2025-02-01,13,10:00,119,11,15.2,0,1,30.13,0,2025-02-01 04:00:00,2025-02-01 08:00:00,W,Leslie St,0,0,0,0
2025-02-01,13,10:00,119,11,15.2,0,1,30.13,0,2025-02-01 04:00:00,2025-02-01 08:00:00,W,St Matthews Rd,0,0,0,0
2025-02-01,13,10:00,119,11,15.2,0,1,30.13,0,2025-02-01 04:00:00,2025-02-01 08:00:00,W,Jarvis St,0,0,0,0
2025-02-01,13,10:00,119,11,15.2,0,1,30.13,0,2025-02-01 04:00:00,2025-02-01 08:00:00,W,Sherbourne St,0,0,0,0
2025-02-01,13,10:00,119,11,15.2,0,1,30.13,0,2025-02-01 04:00:00,2025-02-01 08:00:00,W,St George St,0,0,0,0
2025-02-01,13,10:00,119,11,15.2,0,1,30.13,0,2025-02-01 04:00:00,2025-02-01 08:00:00,W,Dovercourt Rd,0,0,0,0
2025-02-01,13,10:00,119,11,15.2,0,1,30.13,0,2025-02-01 04:00:00,2025-02-01 08:00:00,W,Glenmount Park Rd,0,0,0,0
2025-02-01,13,10:00,119,11,15.2,0,1,30.13,0,2025-02-01 04:00:00,2025-02-01 08:00:00,W,Prust Ave,0,0,0,0
2025-02-01,13,10:00,119,11,15.2,0,1,30.13,0,2025-02-01 04:00:00,2025-02-01 08:00:00,W,Main Street Station at Bay 7,0,1,0,0
2025-02-01,13,10:00,119,11,15.2,0,1,30.13,0,2025-02-01 04:00:00,2025-02-01 08:00:00,W,Norwood Rd,0,0,0,0
2025-02-01,13,10:00,119,11,15.2,0,1,30.13,0,2025-02-01 04:00:00,2025-02-01 08:00:00,W,McCaul St,0,0,0,0
2025-02-01,13,10:00,119,11,15.2,0,1,30.13,0,2025-02-01 04:00:00,2025-02-01 08:00:00,W,Broadview Ave,0,0,0,0
2025-02-01,13,10:00,119,11,15.2,0,1,30.13,0,2025-02-01 04:00:00,2025-02-01 08:00:00,W,Ontario St,0,0,0,0
2025-02-01,13,10:00,119,11,15.2,0,1,30.13,0,2025-02-01 04:00:00,2025-02-01 08:00:00,W,Rusholme Park Cres,0,0,0,0
2025-02-01,13,10:00,119,11,15.2,0,1,30.13,0,2025-02-01 04:00:00,2025-02-01 08:00:00,W,Havelock St,0,0,0,0
2025-02-01,13,10:00,119,11,15.2,0,1,30.13,0,2025-02-01 04:00:00,2025-02-01 08:00:00,W,High Park Loop,0,0,0,0
2025-02-01,13,10:00,119,11,15.2,0,1,30.13,0,2025-02-01 04:00:00,2025-02-01 08:00:00,W,Queens Park (Queen's Park Station),0,0,0,0
2025-02-01,13,10:00,119,11,15.2,0,1,30.13,0,2025-02-01 04:00:00,2025-02-01 08:00:00,W,Roncesvalles Ave,1,1,2,0
2025-02-01,13,10:00,119,11,15.2,0,1,30.13,0,2025-02-01 04:00:00,2025-02-01 08:00:00,W,De Grassi St,0,0,0,0
2025-02-01,13,10:00,119,11,15.2,0,1,30.13,0,2025-02-01 04:00:00,2025-02-01 08:00:00,W,Parliament St at Carlton St,0,0,0,0
2025-02-01,13,10:00,119,11,15.2,0,1,30.13,0,2025-02-01 04:00:00,2025-02-01 08:00:00,W,Parkside Dr East Side,0,0,0,0
2025-02-01,13,10:00,119,11,15.2,0,1,30.13,0,2025-02-01 04:00:00,2025-02-01 08:00:00,W,Dundas St West,1,1,2,0
2025-02-01,13,10:00,119,11,15.2,0,1,30.13,0,2025-02-01 04:00:00,2025-02-01 08:00:00,W,Howard Park Ave at Roncesvalles Ave,0,0,0,0
2025-02-01,13,10:00,119,11,15.2,0,1,30.13,0,2025-02-01 04:00:00,2025-02-01 08:00:00,W,Parliament St,0,0,0,0
2025-02-01,13,10:00,119,11,15.2,0,1,30.13,0,2025-02-01 04:00:00,2025-02-01 08:00:00,W,Parliament St at Gerrard St East,0,0,0,0
2025-02-01,13,10:00,119,11,15.2,0,1,30.13,0,2025-02-01 04:00:00,2025-02-01 08:00:00,W,Sumach St,0,0,0,0
2025-02-01,13,10:00,119,11,15.2,0,1,30.13,0,2025-02-01 04:00:00,2025-02-01 08:00:00,W,Blackburn St,0,0,0,0
2025-02-01,13,10:00,119,11,15.2,0,1,30.13,0,2025-02-01 04:00:00,2025-02-01 08:00:00,W,Logan Ave,0,0,0,0
2025-02-01,13,10:00,119,11,15.2,0,1,30.13,0,2025-02-01 04:00:00,2025-02-01 08:00:00,W,Augusta Ave,0,0,0,0
2025-02-01,13,10:00,119,11,15.2,0,1,30.13,0,2025-02-01 04:00:00,2025-02-01 08:00:00,W,Beverley St,0,0,0,0
2025-02-01,13,10:00,119,11,15.2,0,1,30.13,0,2025-02-01 04:00:00,2025-02-01 08:00:00,W,University Ave (Queen's Park Station,0,0,0,0
2025-02-01,13,10:00,119,11,15.2,0,1,30.13,0,2025-02-01 04:00:00,2025-02-01 08:00:00,W,Elizabeth St,0,0,0,0
2025-02-01,13,10:00,119,11,15.2,0,1,30.13,0,2025-02-01 04:00:00,2025-02-01 08:00:00,W,Greenwood Ave,0,0,0,0
2025-02-01,13,10:00,119,11,15.2,0,1,30.13,0,2025-02-01 04:00:00,2025-02-01 08:00:00,W,Alton Ave,0,0,0,0
2025-02-01,13,10:00,119,11,15.2,0,1,30.13,0,2025-02-01 04:00:00,2025-02-01 08:00:00,W,Coxwell Ave,0,0,0,0
2025-02-01,13,10:00,119,11,15.2,0,1,30.13,0,2025-02-01 04:00:00,2025-02-01 08:00:00,W,Gerrard St East  at Coxwell Ave,0,0,0,0
2025-02-01,13,10:00,119,11,15.2,0,1,30.13,0,2025-02-01 04:00:00,2025-02-01 08:00:00,W,Coxwell Ave at Lower Gerrard St East,0,0,0,0
2025-02-01,13,10:00,119,11,15.2,0,1,30.13,0,2025-02-01 04:00:00,2025-02-01 08:00:00,W,Ashdale Ave,0,0,0,0
2025-02-01,13,10:00,119,11,15.2,0,1,30.13,0,2025-02-01 04:00:00,2025-02-01 08:00:00,W,Howard Park Ave at Indian Rd,0,0,0,0
2025-02-01,13,10:00,119,11,15.2,0,1,30.13,0,2025-02-01 04:00:00,2025-02-01 08:00:00,W,Dundas St West at Howard Park Ave,0,0,0,0
2025-02-01,13,10:00,119,11,15.2,0,1,30.13,0,2025-02-01 04:00:00,2025-02-01 08:00:00,W,Main St at Gerrard St East,0,0,0,0
2025-02-01,13,10:00,119,11,15.2,0,1,30.13,0,2025-02-01 04:00:00,2025-02-01 08:00:00,W,Main St,0,0,0,0
2025-02-01,13,10:00,119,11,15.2,0,1,30.13,0,2025-02-01 04:00:00,2025-02-01 08:00:00,W,Main St at Danforth Ave,0,0,0,0
2025-02-01,13,10:00,119,11,15.2,0,1,30.13,0,2025-02-01 04:00:00,2025-02-01 08:00:00,W,Howard Park Ave at Parkside Dr,0,0,0,0
2025-02-08,13,10:00,119,11,15.2,0,1,30.13,0,2025-02-08 04:00:00,2025-02-08 08:00:00,E,Woodfield Rd,0,0,1,0
2025-02-08,13,10:00,119,11,15.2,0,1,30.13,0,2025-02-08 04:00:00,2025-02-08 08:00:00,E,Coxwell Ave at Gerrard St East,0,0,0,0
2025-02-08,13,10:00,119,11,15.2,0,1,30.13,0,2025-02-08 04:00:00,2025-02-08 08:00:00,E,Euclid Ave,0,1,1,0
2025-02-08,13,10:00,119,11,15.2,0,1,30.13,0,2025-02-08 04:00:00,2025-02-08 08:00:00,E,Bowmore Rd,0,4,0,0
2025-02-08,13,10:00,119,11,15.2,0,1,30.13,0,2025-02-08 04:00:00,2025-02-08 08:00:00,E,Bay St,0,1,1,0
2025-02-08,13,10:00,119,11,15.2,0,1,30.13,0,2025-02-08 04:00:00,2025-02-08 08:00:00,E,Lansdowne Ave,0,3,2,0
2025-02-08,13,10:00,119,11,15.2,0,1,30.13,0,2025-02-08 04:00:00,2025-02-08 08:00:00,E,Indian Rd,1,2,2,1
2025-02-08,13,10:00,119,11,15.2,0,1,30.13,0,2025-02-08 04:00:00,2025-02-08 08:00:00,E,Grace St,1,2,5,0
2025-02-08,13,10:00,119,11,15.2,0,1,30.13,0,2025-02-08 04:00:00,2025-02-08 08:00:00,E,Dufferin St,0,0,1,0
2025-02-08,13,10:00,119,11,15.2,0,1,30.13,0,2025-02-08 04:00:00,2025-02-08 08:00:00,E,Gerrard St East at Beaton Ave,0,3,0,0
2025-02-08,13,10:00,119,11,15.2,0,1,30.13,0,2025-02-08 04:00:00,2025-02-08 08:00:00,E,Bathurst St,0,1,1,0
2025-02-08,13,10:00,119,11,15.2,0,1,30.13,0,2025-02-08 04:00:00,2025-02-08 08:00:00,E,Yonge St - College Station,0,1,1,0
2025-02-08,13,10:00,119,11,15.2,0,1,30.13,0,2025-02-08 04:00:00,2025-02-08 08:00:00,E,Dundas St West at Sterling Rd,0,0,2,0
2025-02-08,13,10:00,119,11,15.2,0,1,30.13,0,2025-02-08 04:00:00,2025-02-08 08:00:00,E,Brock Ave,0,2,2,0
2025-02-08,13,10:00,119,11,15.2,0,1,30.13,0,2025-02-08 04:00:00,2025-02-08 08:00:00,E,Sackville St,0,0,1,0
2025-02-08,13,10:00,119,11,15.2,0,1,30.13,0,2025-02-08 04:00:00,2025-02-08 08:00:00,E,Carlaw Ave,0,1,1,0
2025-02-08,13,10:00,119,11,15.2,0,1,30.13,0,2025-02-08 04:00:00,2025-02-08 08:00:00,E,Borden St,0,1,1,0
2025-02-08,13,10:00,119,11,15.2,0,1,30.13,0,2025-02-08 04:00:00,2025-02-08 08:00:00,E,Dundas St West at Sorauren Ave,0,0,2,0
2025-02-08,13,10:00,119,11,15.2,0,1,30.13,0,2025-02-08 04:00:00,2025-02-08 08:00:00,E,Crawford St,1,2,3,0
2025-02-08,13,10:00,119,11,15.2,0,1,30.13,0,2025-02-08 04:00:00,2025-02-08 08:00:00,E,Pape Ave,0,1,1,0
2025-02-08,13,10:00,119,11,15.2,0,1,30.13,0,2025-02-08 04:00:00,2025-02-08 08:00:00,E,Spadina Ave,0,1,1,0
2025-02-08,13,10:00,119,11,15.2,0,1,30.13,0,2025-02-08 04:00:00,2025-02-08 08:00:00,E,River St,0,1,1,0
2025-02-08,13,10:00,119,11,15.2,0,1,30.13,0,2025-02-08 04:00:00,2025-02-08 08:00:00,E,Marjory Ave,0,1,1,0
2025-02-08,13,10:00,119,11,15.2,0,1,30.13,0,2025-02-08 04:00:00,2025-02-08 08:00:00,E,Kingsmount Park Rd,0,4,0,0
2025-02-08,13,10:00,119,11,15.2,0,1,30.13,0,2025-02-08 04:00:00,2025-02-08 08:00:00,E,Church St,0,0,2,0
2025-02-08,13,10:00,119,11,15.2,0,1,30.13,0,2025-02-08 04:00:00,2025-02-08 08:00:00,E,Ossington Ave,1,3,3,0
2025-02-08,13,10:00,119,11,15.2,0,1,30.13,0,2025-02-08 04:00:00,2025-02-08 08:00:00,E,Woodbine Ave,0,4,0,0
2025-02-08,13,10:00,119,11,15.2,0,1,30.13,0,2025-02-08 04:00:00,2025-02-08 08:00:00,E,Jones Ave,0,1,1,0
2025-02-08,13,10:00,119,11,15.2,0,1,30.13,0,2025-02-08 04:00:00,2025-02-08 08:00:00,E,Golfview Ave,0,3,0,0
2025-02-08,13,10:00,119,11,15.2,0,1,30.13,0,2025-02-08 04:00:00,2025-02-08 08:00:00,E,Leslie St,0,0,1,0
2025-02-08,13,10:00,119,11,15.2,0,1,30.13,0,2025-02-08 04:00:00,2025-02-08 08:00:00,E,St Matthews Rd,0,1,1,0
2025-02-08,13,10:00,119,11,15.2,0,1,30.13,0,2025-02-08 04:00:00,2025-02-08 08:00:00,E,Jarvis St,0,0,2,0
2025-02-08,13,10:00,119,11,15.2,0,1,30.13,0,2025-02-08 04:00:00,2025-02-08 08:00:00,E,Sherbourne St,0,0,2,0
2025-02-08,13,10:00,119,11,15.2,0,1,30.13,0,2025-02-08 04:00:00,2025-02-08 08:00:00,E,St George St,0,1,1,0
2025-02-08,13,10:00,119,11,15.2,0,1,30.13,0,2025-02-08 04:00:00,2025-02-08 08:00:00,E,Dovercourt Rd,1,1,3,0
2025-02-08,13,10:00,119,11,15.2,0,1,30.13,0,2025-02-08 04:00:00,2025-02-08 08:00:00,E,Glenmount Park Rd,0,3,0,0
2025-02-08,13,10:00,119,11,15.2,0,1,30.13,0,2025-02-08 04:00:00,2025-02-08 08:00:00,E,Prust Ave,0,0,1,0
2025-02-08,13,10:00,119,11,15.2,0,1,30.13,0,2025-02-08 04:00:00,2025-02-08 08:00:00,E,Main Street Station at Bay 7,0,0,0,0
2025-02-08,13,10:00,119,11,15.2,0,1,30.13,0,2025-02-08 04:00:00,2025-02-08 08:00:00,E,Norwood Rd,0,3,0,0
2025-02-08,13,10:00,119,11,15.2,0,1,30.13,0,2025-02-08 04:00:00,2025-02-08 08:00:00,E,McCaul St,0,1,1,0
2025-02-08,13,10:00,119,11,15.2,0,1,30.13,0,2025-02-08 04:00:00,2025-02-08 08:00:00,E,Broadview Ave,0,1,1,0
2025-02-08,13,10:00,119,11,15.2,0,1,30.13,0,2025-02-08 04:00:00,2025-02-08 08:00:00,E,Ontario St,0,0,2,0
2025-02-08,13,10:00,119,11,15.2,0,1,30.13,0,2025-02-08 04:00:00,2025-02-08 08:00:00,E,Rusholme Park Cres,0,0,2,0
2025-02-08,13,10:00,119,11,15.2,0,1,30.13,0,2025-02-08 04:00:00,2025-02-08 08:00:00,E,Havelock St,0,0,1,0
2025-02-08,13,10:00,119,11,15.2,0,1,30.13,0,2025-02-08 04:00:00,2025-02-08 08:00:00,E,High Park Loop,2,4,4,2
2025-02-08,13,10:00,119,11,15.2,0,1,30.13,0,2025-02-08 04:00:00,2025-02-08 08:00:00,E,Queens Park (Queen's Park Station),0,1,1,0
2025-02-08,13,10:00,119,11,15.2,0,1,30.13,0,2025-02-08 04:00:00,2025-02-08 08:00:00,E,Roncesvalles Ave,0,0,2,0
2025-02-08,13,10:00,119,11,15.2,0,1,30.13,0,2025-02-08 04:00:00,2025-02-08 08:00:00,E,De Grassi St,0,1,1,0
2025-02-08,13,10:00,119,11,15.2,0,1,30.13,0,2025-02-08 04:00:00,2025-02-08 08:00:00,E,Parliament St at Carlton St,0,0,2,0
2025-02-08,13,10:00,119,11,15.2,0,1,30.13,0,2025-02-08 04:00:00,2025-02-08 08:00:00,E,Parkside Dr East Side,1,2,2,1
2025-02-08,13,10:00,119,11,15.2,0,1,30.13,0,2025-02-08 04:00:00,2025-02-08 08:00:00,E,Dundas St West,0,0,0,0
2025-02-08,13,10:00,119,11,15.2,0,1,30.13,0,2025-02-08 04:00:00,2025-02-08 08:00:00,E,Howard Park Ave at Roncesvalles Ave,0,0,0,0
2025-02-08,13,10:00,119,11,15.2,0,1,30.13,0,2025-02-08 04:00:00,2025-02-08 08:00:00,E,Parliament St,0,0,0,0
2025-02-08,13,10:00,119,11,15.2,0,1,30.13,0,2025-02-08 04:00:00,2025-02-08 08:00:00,E,Parliament St at Gerrard St East,0,0,0,0
2025-02-08,13,10:00,119,11,15.2,0,1,30.13,0,2025-02-08 04:00:00,2025-02-08 08:00:00,E,Sumach St,0,0,0,0
2025-02-08,13,10:00,119,11,15.2,0,1,30.13,0,2025-02-08 04:00:00,2025-02-08 08:00:00,E,Blackburn St,0,0,0,0
2025-02-08,13,10:00,119,11,15.2,0,1,30.13,0,2025-02-08 04:00:00,2025-02-08 08:00:00,E,Logan Ave,0,0,0,0
2025-02-08,13,10:00,119,11,15.2,0,1,30.13,0,2025-02-08 04:00:00,2025-02-08 08:00:00,E,Augusta Ave,0,0,0,0
2025-02-08,13,10:00,119,11,15.2,0,1,30.13,0,2025-02-08 04:00:00,2025-02-08 08:00:00,E,Beverley St,0,0,0,0
2025-02-08,13,10:00,119,11,15.2,0,1,30.13,0,2025-02-08 04:00:00,2025-02-08 08:00:00,E,University Ave (Queen's Park Station,0,0,0,0
2025-02-08,13,10:00,119,11,15.2,0,1,30.13,0,2025-02-08 04:00:00,2025-02-08 08:00:00,E,Elizabeth St,0,0,0,0
2025-02-08,13,10:00,119,11,15.2,0,1,30.13,0,2025-02-08 04:00:00,2025-02-08 08:00:00,E,Greenwood Ave,0,0,0,0
2025-02-08,13,10:00,119,11,15.2,0,1,30.13,0,2025-02-08 04:00:00,2025-02-08 08:00:00,E,Alton Ave,0,0,0,0
2025-02-08,13,10:00,119,11,15.2,0,1,30.13,0,2025-02-08 04:00:00,2025-02-08 08:00:00,E,Coxwell Ave,0,0,0,0
2025-02-08,13,10:00,119,11,15.2,0,1,30.13,0,2025-02-08 04:00:00,2025-02-08 08:00:00,E,Gerrard St East  at Coxwell Ave,0,0,0,0
2025-02-08,13,10:00,119,11,15.2,0,1,30.13,0,2025-02-08 04:00:00,2025-02-08 08:00:00,E,Coxwell Ave at Lower Gerrard St East,0,0,0,0
2025-02-08,13,10:00,119,11,15.2,0,1,30.13,0,2025-02-08 04:00:00,2025-02-08 08:00:00,E,Ashdale Ave,0,0,0,0
2025-02-08,13,10:00,119,11,15.2,0,1,30.13,0,2025-02-08 04:00:00,2025-02-08 08:00:00,E,Howard Park Ave at Indian Rd,0,0,0,0
2025-02-08,13,10:00,119,11,15.2,0,1,30.13,0,2025-02-08 04:00:00,2025-02-08 08:00:00,E,Dundas St West at Howard Park Ave,0,0,0,0
2025-02-08,13,10:00,119,11,15.2,0,1,30.13,0,2025-02-08 04:00:00,2025-02-08 08:00:00,E,Main St at Gerrard St East,0,0,0,0
2025-02-08,13,10:00,119,11,15.2,0,1,30.13,0,2025-02-08 04:00:00,2025-02-08 08:00:00,E,Main St,0,0,0,0
2025-02-08,13,10:00,119,11,15.2,0,1,30.13,0,2025-02-08 04:00:00,2025-02-08 08:00:00,E,Main St at Danforth Ave,0,0,0,0
2025-02-08,13,10:00,119,11,15.2,0,1,30.13,0,2025-02-08 04:00:00,2025-02-08 08:00:00,E,Howard Park Ave at Parkside Dr,0,0,0,0
2025-02-08,13,10:00,119,11,15.2,0,1,30.13,0,2025-02-08 04:00:00,2025-02-08 08:00:00,W,Woodfield Rd,1,1,0,0
2025-02-08,13,10:00,119,11,15.2,0,1,30.13,0,2025-02-08 04:00:00,2025-02-08 08:00:00,W,Coxwell Ave at Gerrard St East,0,0,0,0
2025-02-08,13,10:00,119,11,15.2,0,1,30.13,0,2025-02-08 04:00:00,2025-02-08 08:00:00,W,Euclid Ave,0,0,0,0
2025-02-08,13,10:00,119,11,15.2,0,1,30.13,0,2025-02-08 04:00:00,2025-02-08 08:00:00,W,Bowmore Rd,0,1,0,0
2025-02-08,13,10:00,119,11,15.2,0,1,30.13,0,2025-02-08 04:00:00,2025-02-08 08:00:00,W,Bay St,1,1,0,0
2025-02-08,13,10:00,119,11,15.2,0,1,30.13,0,2025-02-08 04:00:00,2025-02-08 08:00:00,W,Lansdowne Ave,0,0,0,0
2025-02-08,13,10:00,119,11,15.2,0,1,30.13,0,2025-02-08 04:00:00,2025-02-08 08:00:00,W,Indian Rd,2,1,1,0
2025-02-08,13,10:00,119,11,15.2,0,1,30.13,0,2025-02-08 04:00:00,2025-02-08 08:00:00,W,Grace St,0,0,0,0
2025-02-08,13,10:00,119,11,15.2,0,1,30.13,0,2025-02-08 04:00:00,2025-02-08 08:00:00,W,Dufferin St,1,2,1,0
2025-02-08,13,10:00,119,11,15.2,0,1,30.13,0,2025-02-08 04:00:00,2025-02-08 08:00:00,W,Gerrard St East at Beaton Ave,0,0,0,0
2025-02-08,13,10:00,119,11,15.2,0,1,30.13,0,2025-02-08 04:00:00,2025-02-08 08:00:00,W,Bathurst St,0,0,0,0
2025-02-08,13,10:00,119,11,15.2,0,1,30.13,0,2025-02-08 04:00:00,2025-02-08 08:00:00,W,Yonge St - College Station,0,0,0,0
2025-02-08,13,10:00,119,11,15.2,0,1,30.13,0,2025-02-08 04:00:00,2025-02-08 08:00:00,W,Dundas St West at Sterling Rd,0,0,0,0
2025-02-08,13,10:00,119,11,15.2,0,1,30.13,0,2025-02-08 04:00:00,2025-02-08 08:00:00,W,Brock Ave,0,0,0,0
2025-02-08,13,10:00,119,11,15.2,0,1,30.13,0,2025-02-08 04:00:00,2025-02-08 08:00:00,W,Sackville St,1,2,0,0
2025-02-08,13,10:00,119,11,15.2,0,1,30.13,0,2025-02-08 04:00:00,2025-02-08 08:00:00,W,Carlaw Ave,0,0,0,0
2025-02-08,13,10:00,119,11,15.2,0,1,30.13,0,2025-02-08 04:00:00,2025-02-08 08:00:00,W,Borden St,0,0,0,0
2025-02-08,13,10:00,119,11,15.2,0,1,30.13,0,2025-02-08 04:00:00,2025-02-08 08:00:00,W,Dundas St West at Sorauren Ave,1,2,1,0
2025-02-08,13,10:00,119,11,15.2,0,1,30.13,0,2025-02-08 04:00:00,2025-02-08 08:00:00,W,Crawford St,0,0,0,0
2025-02-08,13,10:00,119,11,15.2,0,1,30.13,0,2025-02-08 04:00:00,2025-02-08 08:00:00,W,Pape Ave,0,0,0,0
2025-02-08,13,10:00,119,11,15.2,0,1,30.13,0,2025-02-08 04:00:00,2025-02-08 08:00:00,W,Spadina Ave,2,1,0,0
2025-02-08,13,10:00,119,11,15.2,0,1,30.13,0,2025-02-08 04:00:00,2025-02-08 08:00:00,W,River St,1,2,0,0
2025-02-08,13,10:00,119,11,15.2,0,1,30.13,0,2025-02-08 04:00:00,2025-02-08 08:00:00,W,Marjory Ave,0,0,0,0
2025-02-08,13,10:00,119,11,15.2,0,1,30.13,0,2025-02-08 04:00:00,2025-02-08 08:00:00,W,Kingsmount Park Rd,0,0,0,0
2025-02-08,13,10:00,119,11,15.2,0,1,30.13,0,2025-02-08 04:00:00,2025-02-08 08:00:00,W,Church St,0,0,0,0
2025-02-08,13,10:00,119,11,15.2,0,1,30.13,0,2025-02-08 04:00:00,2025-02-08 08:00:00,W,Ossington Ave,0,0,0,0
2025-02-08,13,10:00,119,11,15.2,0,1,30.13,0,2025-02-08 04:00:00,2025-02-08 08:00:00,W,Woodbine Ave,0,0,0,0
2025-02-08,13,10:00,119,11,15.2,0,1,30.13,0,2025-02-08 04:00:00,2025-02-08 08:00:00,W,Jones Ave,0,0,0,0
2025-02-08,13,10:00,119,11,15.2,0,1,30.13,0,2025-02-08 04:00:00,2025-02-08 08:00:00,W,Golfview Ave,0,0,0,0
2025-02-08,13,10:00,119,11,15.2,0,1,30.13,0,2025-02-08 04:00:00,2025-02-08 08:00:00,W,Leslie St,0,0,0,0
2025-02-08,13,10:00,119,11,15.2,0,1,30.13,0,2025-02-08 04:00:00,2025-02-08 08:00:00,W,St Matthews Rd,0,0,0,0
2025-02-08,13,10:00,119,11,15.2,0,1,30.13,0,2025-02-08 04:00:00,2025-02-08 08:00:00,W,Jarvis St,0,0,0,0
2025-02-08,13,10:00,119,11,15.2,0,1,30.13,0,2025-02-08 04:00:00,2025-02-08 08:00:00,W,Sherbourne St,0,0,0,0
2025-02-08,13,10:00,119,11,15.2,0,1,30.13,0,2025-02-08 04:00:00,2025-02-08 08:00:00,W,St George St,0,0,0,0
2025-02-08,13,10:00,119,11,15.2,0,1,30.13,0,2025-02-08 04:00:00,2025-02-08 08:00:00,W,Dovercourt Rd,0,0,0,0
2025-02-08,13,10:00,119,11,15.2,0,1,30.13,0,2025-02-08 04:00:00,2025-02-08 08:00:00,W,Glenmount Park Rd,0,0,0,0
2025-02-08,13,10:00,119,11,15.2,0,1,30.13,0,2025-02-08 04:00:00,2025-02-08 08:00:00,W,Prust Ave,0,0,0,0
2025-02-08,13,10:00,119,11,15.2,0,1,30.13,0,2025-02-08 04:00:00,2025-02-08 08:00:00,W,Main Street Station at Bay 7,0,1,0,0
2025-02-08,13,10:00,119,11,15.2,0,1,30.13,0,2025-02-08 04:00:00,2025-02-08 08:00:00,W,Norwood Rd,0,0,0,0
2025-02-08,13,10:00,119,11,15.2,0,1,30.13,0,2025-02-08 04:00:00,2025-02-08 08:00:00,W,McCaul St,0,0,0,0
2025-02-08,13,10:00,119,11,15.2,0,1,30.13,0,2025-02-08 04:00:00,2025-02-08 08:00:00,W,Broadview Ave,0,0,0,0
2025-02-08,13,10:00,119,11,15.2,0,1,30.13,0,2025-02-08 04:00:00,2025-02-08 08:00:00,W,Ontario St,0,0,0,0
2025-02-08,13,10:00,119,11,15.2,0,1,30.13,0,2025-02-08 04:00:00,2025-02-08 08:00:00,W,Rusholme Park Cres,0,0,0,0
2025-02-08,13,10:00,119,11,15.2,0,1,30.13,0,2025-02-08 04:00:00,2025-02-08 08:00:00,W,Havelock St,0,0,0,0
2025-02-08,13,10:00,119,11,15.2,0,1,30.13,0,2025-02-08 04:00:00,2025-02-08 08:00:00,W,High Park Loop,0,0,0,0
2025-02-08,13,10:00,119,11,15.2,0,1,30.13,0,2025-02-08 04:00:00,2025-02-08 08:00:00,W,Queens Park (Queen's Park Station),0,0,0,0
2025-02-08,13,10:00,119,11,15.2,0,1,30.13,0,2025-02-08 04:00:00,2025-02-08 08:00:00,W,Roncesvalles Ave,1,2,1,0
2025-02-08,13,10:00,119,11,15.2,0,1,30.13,0,2025-02-08 04:00:00,2025-02-08 08:00:00,W,De Grassi St,0,0,0,0
2025-02-08,13,10:00,119,11,15.2,0,1,30.13,0,2025-02-08 04:00:00,2025-02-08 08:00:00,W,Parliament St at Carlton St,0,0,0,0
2025-02-08,13,10:00,119,11,15.2,0,1,30.13,0,2025-02-08 04:00:00,2025-02-08 08:00:00,W,Parkside Dr East Side,0,0,0,0
2025-02-08,13,10:00,119,11,15.2,0,1,30.13,0,2025-02-08 04:00:00,2025-02-08 08:00:00,W,Dundas St West,1,1,1,0
2025-02-08,13,10:00,119,11,15.2,0,1,30.13,0,2025-02-08 04:00:00,2025-02-08 08:00:00,W,Howard Park Ave at Roncesvalles Ave,0,0,0,0
2025-02-08,13,10:00,119,11,15.2,0,1,30.13,0,2025-02-08 04:00:00,2025-02-08 08:00:00,W,Parliament St,0,0,0,0
2025-02-08,13,10:00,119,11,15.2,0,1,30.13,0,2025-02-08 04:00:00,2025-02-08 08:00:00,W,Parliament St at Gerrard St East,0,0,0,0
2025-02-08,13,10:00,119,11,15.2,0,1,30.13,0,2025-02-08 04:00:00,2025-02-08 08:00:00,W,Sumach St,0,0,0,0
2025-02-08,13,10:00,119,11,15.2,0,1,30.13,0,2025-02-08 04:00:00,2025-02-08 08:00:00,W,Blackburn St,0,0,0,0
2025-02-08,13,10:00,119,11,15.2,0,1,30.13,0,2025-02-08 04:00:00,2025-02-08 08:00:00,W,Logan Ave,0,0,0,0
2025-02-08,13,10:00,119,11,15.2,0,1,30.13,0,2025-02-08 04:00:00,2025-02-08 08:00:00,W,Augusta Ave,0,0,0,0
2025-02-08,13,10:00,119,11,15.2,0,1,30.13,0,2025-02-08 04:00:00,2025-02-08 08:00:00,W,Beverley St,0,0,0,0
2025-02-08,13,10:00,119,11,15.2,0,1,30.13,0,2025-02-08 04:00:00,2025-02-08 08:00:00,W,University Ave (Queen's Park Station,0,0,0,0
2025-02-08,13,10:00,119,11,15.2,0,1,30.13,0,2025-02-08 04:00:00,2025-02-08 08:00:00,W,Elizabeth St,0,0,0,0
2025-02-08,13,10:00,119,11,15.2,0,1,30.13,0,2025-02-08 04:00:00,2025-02-08 08:00:00,W,Greenwood Ave,0,0,0,0
2025-02-08,13,10:00,119,11,15.2,0,1,30.13,0,2025-02-08 04:00:00,2025-02-08 08:00:00,W,Alton Ave,0,0,0,0
2025-02-08,13,10:00,119,11,15.2,0,1,30.13,0,2025-02-08 04:00:00,2025-02-08 08:00:00,W,Coxwell Ave,0,0,0,0
2025-02-08,13,10:00,119,11,15.2,0,1,30.13,0,2025-02-08 04:00:00,2025-02-08 08:00:00,W,Gerrard St East  at Coxwell Ave,0,0,0,0
2025-02-08,13,10:00,119,11,15.2,0,1,30.13,0,2025-02-08 04:00:00,2025-02-08 08:00:00,W,Coxwell Ave at Lower Gerrard St East,0,0,0,0
2025-02-08,13,10:00,119,11,15.2,0,1,30.13,0,2025-02-08 04:00:00,2025-02-08 08:00:00,W,Ashdale Ave,0,0,0,0
2025-02-08,13,10:00,119,11,15.2,0,1,30.13,0,2025-02-08 04:00:00,2025-02-08 08:00:00,W,Howard Park Ave at Indian Rd,0,0,0,0
2025-02-08,13,10:00,119,11,15.2,0,1,30.13,0,2025-02-08 04:00:00,2025-02-08 08:00:00,W,Dundas St West at Howard Park Ave,0,0,0,0
2025-02-08,13,10:00,119,11,15.2,0,1,30.13,0,2025-02-08 04:00:00,2025-02-08 08:00:00,W,Main St at Gerrard St East,0,0,0,0
2025-02-08,13,10:00,119,11,15.2,0,1,30.13,0,2025-02-08 04:00:00,2025-02-08 08:00:00,W,Main St,0,0,0,0
2025-02-08,13,10:00,119,11,15.2,0,1,30.13,0,2025-02-08 04:00:00,2025-02-08 08:00:00,W,Main St at Danforth Ave,0,0,0,0
2025-02-08,13,10:00,119,11,15.2,0,1,30.13,0,2025-02-08 04:00:00,2025-02-08 08:00:00,W,Howard Park Ave at Parkside Dr,0,0,0,0
2025-02-15,13,10:00,119,11,16.4,0,1,32.49,0,2025-02-15 04:00:00,2025-02-15 08:00:00,E,Woodfield Rd,0,0,0,0
2025-02-15,13,10:00,119,11,16.4,0,1,32.49,0,2025-02-15 04:00:00,2025-02-15 08:00:00,E,Coxwell Ave at Gerrard St East,0,0,0,0
2025-02-15,13,10:00,119,11,16.4,0,1,32.49,0,2025-02-15 04:00:00,2025-02-15 08:00:00,E,Euclid Ave,0,0,1,0
2025-02-15,13,10:00,119,11,16.4,0,1,32.49,0,2025-02-15 04:00:00,2025-02-15 08:00:00,E,Bowmore Rd,0,3,0,0
2025-02-15,13,10:00,119,11,16.4,0,1,32.49,0,2025-02-15 04:00:00,2025-02-15 08:00:00,E,Bay St,0,0,0,0
2025-02-15,13,10:00,119,11,16.4,0,1,32.49,0,2025-02-15 04:00:00,2025-02-15 08:00:00,E,Lansdowne Ave,0,3,1,0
2025-02-15,13,10:00,119,11,16.4,0,1,32.49,0,2025-02-15 04:00:00,2025-02-15 08:00:00,E,Indian Rd,0,0,3,0
2025-02-15,13,10:00,119,11,16.4,0,1,32.49,0,2025-02-15 04:00:00,2025-02-15 08:00:00,E,Grace St,0,0,3,0
2025-02-15,13,10:00,119,11,16.4,0,1,32.49,0,2025-02-15 04:00:00,2025-02-15 08:00:00,E,Dufferin St,0,0,0,0
2025-02-15,13,10:00,119,11,16.4,0,1,32.49,0,2025-02-15 04:00:00,2025-02-15 08:00:00,E,Gerrard St East at Beaton Ave,0,3,0,0
2025-02-15,13,10:00,119,11,16.4,0,1,32.49,0,2025-02-15 04:00:00,2025-02-15 08:00:00,E,Bathurst St,0,0,0,0
2025-02-15,13,10:00,119,11,16.4,0,1,32.49,0,2025-02-15 04:00:00,2025-02-15 08:00:00,E,Yonge St - College Station,0,0,0,0
2025-02-15,13,10:00,119,11,16.4,0,1,32.49,0,2025-02-15 04:00:00,2025-02-15 08:00:00,E,Dundas St West at Sterling Rd,0,0,1,0
2025-02-15,13,10:00,119,11,16.4,0,1,32.49,0,2025-02-15 04:00:00,2025-02-15 08:00:00,E,Brock Ave,0,5,1,0
2025-02-15,13,10:00,119,11,16.4,0,1,32.49,0,2025-02-15 04:00:00,2025-02-15 08:00:00,E,Sackville St,0,0,1,0
2025-02-15,13,10:00,119,11,16.4,0,1,32.49,0,2025-02-15 04:00:00,2025-02-15 08:00:00,E,Carlaw Ave,0,0,0,0
2025-02-15,13,10:00,119,11,16.4,0,1,32.49,0,2025-02-15 04:00:00,2025-02-15 08:00:00,E,Borden St,0,0,0,0
2025-02-15,13,10:00,119,11,16.4,0,1,32.49,0,2025-02-15 04:00:00,2025-02-15 08:00:00,E,Dundas St West at Sorauren Ave,0,0,1,0
2025-02-15,13,10:00,119,11,16.4,0,1,32.49,0,2025-02-15 04:00:00,2025-02-15 08:00:00,E,Crawford St,0,0,3,0
2025-02-15,13,10:00,119,11,16.4,0,1,32.49,0,2025-02-15 04:00:00,2025-02-15 08:00:00,E,Pape Ave,0,0,0,0
2025-02-15,13,10:00,119,11,16.4,0,1,32.49,0,2025-02-15 04:00:00,2025-02-15 08:00:00,E,Spadina Ave,0,0,0,0
2025-02-15,13,10:00,119,11,16.4,0,1,32.49,0,2025-02-15 04:00:00,2025-02-15 08:00:00,E,River St,0,0,1,0
2025-02-15,13,10:00,119,11,16.4,0,1,32.49,0,2025-02-15 04:00:00,2025-02-15 08:00:00,E,Marjory Ave,0,0,0,0
2025-02-15,13,10:00,119,11,16.4,0,1,32.49,0,2025-02-15 04:00:00,2025-02-15 08:00:00,E,Kingsmount Park Rd,0,3,0,0
2025-02-15,13,10:00,119,11,16.4,0,1,32.49,0,2025-02-15 04:00:00,2025-02-15 08:00:00,E,Church St,0,0,0,0
2025-02-15,13,10:00,119,11,16.4,0,1,32.49,0,2025-02-15 04:00:00,2025-02-15 08:00:00,E,Ossington Ave,0,0,1,0
2025-02-15,13,10:00,119,11,16.4,0,1,32.49,0,2025-02-15 04:00:00,2025-02-15 08:00:00,E,Woodbine Ave,0,3,0,0
2025-02-15,13,10:00,119,11,16.4,0,1,32.49,0,2025-02-15 04:00:00,2025-02-15 08:00:00,E,Jones Ave,0,0,0,0
2025-02-15,13,10:00,119,11,16.4,0,1,32.49,0,2025-02-15 04:00:00,2025-02-15 08:00:00,E,Golfview Ave,0,3,0,0
2025-02-15,13,10:00,119,11,16.4,0,1,32.49,0,2025-02-15 04:00:00,2025-02-15 08:00:00,E,Leslie St,0,0,0,0
2025-02-15,13,10:00,119,11,16.4,0,1,32.49,0,2025-02-15 04:00:00,2025-02-15 08:00:00,E,St Matthews Rd,0,0,1,0
2025-02-15,13,10:00,119,11,16.4,0,1,32.49,0,2025-02-15 04:00:00,2025-02-15 08:00:00,E,Jarvis St,0,0,1,0
2025-02-15,13,10:00,119,11,16.4,0,1,32.49,0,2025-02-15 04:00:00,2025-02-15 08:00:00,E,Sherbourne St,0,0,1,0
2025-02-15,13,10:00,119,11,16.4,0,1,32.49,0,2025-02-15 04:00:00,2025-02-15 08:00:00,E,St George St,0,0,0,0
2025-02-15,13,10:00,119,11,16.4,0,1,32.49,0,2025-02-15 04:00:00,2025-02-15 08:00:00,E,Dovercourt Rd,0,0,1,0
2025-02-15,13,10:00,119,11,16.4,0,1,32.49,0,2025-02-15 04:00:00,2025-02-15 08:00:00,E,Glenmount Park Rd,0,3,0,0
2025-02-15,13,10:00,119,11,16.4,0,1,32.49,0,2025-02-15 04:00:00,2025-02-15 08:00:00,E,Prust Ave,0,0,0,0
2025-02-15,13,10:00,119,11,16.4,0,1,32.49,0,2025-02-15 04:00:00,2025-02-15 08:00:00,E,Main Street Station at Bay 7,0,0,0,0
2025-02-15,13,10:00,119,11,16.4,0,1,32.49,0,2025-02-15 04:00:00,2025-02-15 08:00:00,E,Norwood Rd,0,3,0,0
2025-02-15,13,10:00,119,11,16.4,0,1,32.49,0,2025-02-15 04:00:00,2025-02-15 08:00:00,E,McCaul St,0,0,0,0
2025-02-15,13,10:00,119,11,16.4,0,1,32.49,0,2025-02-15 04:00:00,2025-02-15 08:00:00,E,Broadview Ave,0,0,1,0
2025-02-15,13,10:00,119,11,16.4,0,1,32.49,0,2025-02-15 04:00:00,2025-02-15 08:00:00,E,Ontario St,0,0,1,0
2025-02-15,13,10:00,119,11,16.4,0,1,32.49,0,2025-02-15 04:00:00,2025-02-15 08:00:00,E,Rusholme Park Cres,0,0,1,0
2025-02-15,13,10:00,119,11,16.4,0,1,32.49,0,2025-02-15 04:00:00,2025-02-15 08:00:00,E,Havelock St,0,0,0,0
2025-02-15,13,10:00,119,11,16.4,0,1,32.49,0,2025-02-15 04:00:00,2025-02-15 08:00:00,E,High Park Loop,0,0,6,0
2025-02-15,13,10:00,119,11,16.4,0,1,32.49,0,2025-02-15 04:00:00,2025-02-15 08:00:00,E,Queens Park (Queen's Park Station),0,0,0,0
2025-02-15,13,10:00,119,11,16.4,0,1,32.49,0,2025-02-15 04:00:00,2025-02-15 08:00:00,E,Roncesvalles Ave,0,0,1,0
2025-02-15,13,10:00,119,11,16.4,0,1,32.49,0,2025-02-15 04:00:00,2025-02-15 08:00:00,E,De Grassi St,0,0,1,0
2025-02-15,13,10:00,119,11,16.4,0,1,32.49,0,2025-02-15 04:00:00,2025-02-15 08:00:00,E,Parliament St at Carlton St,0,0,1,0
2025-02-15,13,10:00,119,11,16.4,0,1,32.49,0,2025-02-15 04:00:00,2025-02-15 08:00:00,E,Parkside Dr East Side,0,0,3,0
2025-02-15,13,10:00,119,11,16.4,0,1,32.49,0,2025-02-15 04:00:00,2025-02-15 08:00:00,E,Dundas St West,0,0,1,0
2025-02-15,13,10:00,119,11,16.4,0,1,32.49,0,2025-02-15 04:00:00,2025-02-15 08:00:00,E,Howard Park Ave at Roncesvalles Ave,0,0,0,0
2025-02-15,13,10:00,119,11,16.4,0,1,32.49,0,2025-02-15 04:00:00,2025-02-15 08:00:00,E,Parliament St,0,0,0,0
2025-02-15,13,10:00,119,11,16.4,0,1,32.49,0,2025-02-15 04:00:00,2025-02-15 08:00:00,E,Parliament St at Gerrard St East,0,0,0,0
2025-02-15,13,10:00,119,11,16.4,0,1,32.49,0,2025-02-15 04:00:00,2025-02-15 08:00:00,E,Sumach St,0,0,0,0
2025-02-15,13,10:00,119,11,16.4,0,1,32.49,0,2025-02-15 04:00:00,2025-02-15 08:00:00,E,Blackburn St,0,0,0,0
2025-02-15,13,10:00,119,11,16.4,0,1,32.49,0,2025-02-15 04:00:00,2025-02-15 08:00:00,E,Logan Ave,0,0,0,0
2025-02-15,13,10:00,119,11,16.4,0,1,32.49,0,2025-02-15 04:00:00,2025-02-15 08:00:00,E,Augusta Ave,0,0,0,0
2025-02-15,13,10:00,119,11,16.4,0,1,32.49,0,2025-02-15 04:00:00,2025-02-15 08:00:00,E,Beverley St,0,0,0,0
2025-02-15,13,10:00,119,11,16.4,0,1,32.49,0,2025-02-15 04:00:00,2025-02-15 08:00:00,E,University Ave (Queen's Park Station,0,0,0,0
2025-02-15,13,10:00,119,11,16.4,0,1,32.49,0,2025-02-15 04:00:00,2025-02-15 08:00:00,E,Elizabeth St,0,0,0,0
2025-02-15,13,10:00,119,11,16.4,0,1,32.49,0,2025-02-15 04:00:00,2025-02-15 08:00:00,E,Greenwood Ave,0,0,0,0
2025-02-15,13,10:00,119,11,16.4,0,1,32.49,0,2025-02-15 04:00:00,2025-02-15 08:00:00,E,Alton Ave,0,0,0,0
2025-02-15,13,10:00,119,11,16.4,0,1,32.49,0,2025-02-15 04:00:00,2025-02-15 08:00:00,E,Coxwell Ave,0,0,0,0
2025-02-15,13,10:00,119,11,16.4,0,1,32.49,0,2025-02-15 04:00:00,2025-02-15 08:00:00,E,Gerrard St East  at Coxwell Ave,0,0,0,0
2025-02-15,13,10:00,119,11,16.4,0,1,32.49,0,2025-02-15 04:00:00,2025-02-15 08:00:00,E,Coxwell Ave at Lower Gerrard St East,0,0,0,0
2025-02-15,13,10:00,119,11,16.4,0,1,32.49,0,2025-02-15 04:00:00,2025-02-15 08:00:00,E,Ashdale Ave,0,0,0,0
2025-02-15,13,10:00,119,11,16.4,0,1,32.49,0,2025-02-15 04:00:00,2025-02-15 08:00:00,E,Howard Park Ave at Indian Rd,0,0,0,0
2025-02-15,13,10:00,119,11,16.4,0,1,32.49,0,2025-02-15 04:00:00,2025-02-15 08:00:00,E,Dundas St West at Howard Park Ave,0,0,0,0
2025-02-15,13,10:00,119,11,16.4,0,1,32.49,0,2025-02-15 04:00:00,2025-02-15 08:00:00,E,Main St at Gerrard St East,0,0,0,0
2025-02-15,13,10:00,119,11,16.4,0,1,32.49,0,2025-02-15 04:00:00,2025-02-15 08:00:00,E,Main St,0,0,0,0
2025-02-15,13,10:00,119,11,16.4,0,1,32.49,0,2025-02-15 04:00:00,2025-02-15 08:00:00,E,Main St at Danforth Ave,0,0,0,0
2025-02-15,13,10:00,119,11,16.4,0,1,32.49,0,2025-02-15 04:00:00,2025-02-15 08:00:00,E,Howard Park Ave at Parkside Dr,0,0,0,0
2025-02-15,13,10:00,119,11,16.4,0,1,32.49,0,2025-02-15 04:00:00,2025-02-15 08:00:00,W,Woodfield Rd,0,0,0,0
2025-02-15,13,10:00,119,11,16.4,0,1,32.49,0,2025-02-15 04:00:00,2025-02-15 08:00:00,W,Coxwell Ave at Gerrard St East,0,0,0,0
2025-02-15,13,10:00,119,11,16.4,0,1,32.49,0,2025-02-15 04:00:00,2025-02-15 08:00:00,W,Euclid Ave,0,0,0,0
2025-02-15,13,10:00,119,11,16.4,0,1,32.49,0,2025-02-15 04:00:00,2025-02-15 08:00:00,W,Bowmore Rd,0,0,0,0
2025-02-15,13,10:00,119,11,16.4,0,1,32.49,0,2025-02-15 04:00:00,2025-02-15 08:00:00,W,Bay St,0,1,0,0
2025-02-15,13,10:00,119,11,16.4,0,1,32.49,0,2025-02-15 04:00:00,2025-02-15 08:00:00,W,Lansdowne Ave,0,1,0,0
2025-02-15,13,10:00,119,11,16.4,0,1,32.49,0,2025-02-15 04:00:00,2025-02-15 08:00:00,W,Indian Rd,1,1,1,0
2025-02-15,13,10:00,119,11,16.4,0,1,32.49,0,2025-02-15 04:00:00,2025-02-15 08:00:00,W,Grace St,0,0,0,0
2025-02-15,13,10:00,119,11,16.4,0,1,32.49,0,2025-02-15 04:00:00,2025-02-15 08:00:00,W,Dufferin St,0,2,0,0
2025-02-15,13,10:00,119,11,16.4,0,1,32.49,0,2025-02-15 04:00:00,2025-02-15 08:00:00,W,Gerrard St East at Beaton Ave,0,0,0,0
2025-02-15,13,10:00,119,11,16.4,0,1,32.49,0,2025-02-15 04:00:00,2025-02-15 08:00:00,W,Bathurst St,0,0,0,0
2025-02-15,13,10:00,119,11,16.4,0,1,32.49,0,2025-02-15 04:00:00,2025-02-15 08:00:00,W,Yonge St - College Station,0,0,0,0
2025-02-15,13,10:00,119,11,16.4,0,1,32.49,0,2025-02-15 04:00:00,2025-02-15 08:00:00,W,Dundas St West at Sterling Rd,0,0,0,0
2025-02-15,13,10:00,119,11,16.4,0,1,32.49,0,2025-02-15 04:00:00,2025-02-15 08:00:00,W,Brock Ave,0,0,0,0
2025-02-15,13,10:00,119,11,16.4,0,1,32.49,0,2025-02-15 04:00:00,2025-02-15 08:00:00,W,Sackville St,0,3,0,0
2025-02-15,13,10:00,119,11,16.4,0,1,32.49,0,2025-02-15 04:00:00,2025-02-15 08:00:00,W,Carlaw Ave,0,0,0,0
2025-02-15,13,10:00,119,11,16.4,0,1,32.49,0,2025-02-15 04:00:00,2025-02-15 08:00:00,W,Borden St,0,0,0,0
2025-02-15,13,10:00,119,11,16.4,0,1,32.49,0,2025-02-15 04:00:00,2025-02-15 08:00:00,W,Dundas St West at Sorauren Ave,0,2,1,0
2025-02-15,13,10:00,119,11,16.4,0,1,32.49,0,2025-02-15 04:00:00,2025-02-15 08:00:00,W,Crawford St,0,0,0,0
2025-02-15,13,10:00,119,11,16.4,0,1,32.49,0,2025-02-15 04:00:00,2025-02-15 08:00:00,W,Pape Ave,0,0,0,0
2025-02-15,13,10:00,119,11,16.4,0,1,32.49,0,2025-02-15 04:00:00,2025-02-15 08:00:00,W,Spadina Ave,0,1,0,0
2025-02-15,13,10:00,119,11,16.4,0,1,32.49,0,2025-02-15 04:00:00,2025-02-15 08:00:00,W,River St,0,3,0,0
2025-02-15,13,10:00,119,11,16.4,0,1,32.49,0,2025-02-15 04:00:00,2025-02-15 08:00:00,W,Marjory Ave,0,0,0,0
2025-02-15,13,10:00,119,11,16.4,0,1,32.49,0,2025-02-15 04:00:00,2025-02-15 08:00:00,W,Kingsmount Park Rd,0,0,0,0
2025-02-15,13,10:00,119,11,16.4,0,1,32.49,0,2025-02-15 04:00:00,2025-02-15 08:00:00,W,Church St,0,0,0,0
2025-02-15,13,10:00,119,11,16.4,0,1,32.49,0,2025-02-15 04:00:00,2025-02-15 08:00:00,W,Ossington Ave,0,0,0,0
2025-02-15,13,10:00,119,11,16.4,0,1,32.49,0,2025-02-15 04:00:00,2025-02-15 08:00:00,W,Woodbine Ave,0,0,0,0
2025-02-15,13,10:00,119,11,16.4,0,1,32.49,0,2025-02-15 04:00:00,2025-02-15 08:00:00,W,Jones Ave,0,0,0,0
2025-02-15,13,10:00,119,11,16.4,0,1,32.49,0,2025-02-15 04:00:00,2025-02-15 08:00:00,W,Golfview Ave,0,0,0,0
2025-02-15,13,10:00,119,11,16.4,0,1,32.49,0,2025-02-15 04:00:00,2025-02-15 08:00:00,W,Leslie St,0,0,0,0
2025-02-15,13,10:00,119,11,16.4,0,1,32.49,0,2025-02-15 04:00:00,2025-02-15 08:00:00,W,St Matthews Rd,0,0,0,0
2025-02-15,13,10:00,119,11,16.4,0,1,32.49,0,2025-02-15 04:00:00,2025-02-15 08:00:00,W,Jarvis St,0,0,0,0
2025-02-15,13,10:00,119,11,16.4,0,1,32.49,0,2025-02-15 04:00:00,2025-02-15 08:00:00,W,Sherbourne St,0,0,0,0
2025-02-15,13,10:00,119,11,16.4,0,1,32.49,0,2025-02-15 04:00:00,2025-02-15 08:00:00,W,St George St,0,0,0,0
2025-02-15,13,10:00,119,11,16.4,0,1,32.49,0,2025-02-15 04:00:00,2025-02-15 08:00:00,W,Dovercourt Rd,0,0,0,0
2025-02-15,13,10:00,119,11,16.4,0,1,32.49,0,2025-02-15 04:00:00,2025-02-15 08:00:00,W,Glenmount Park Rd,0,0,0,0
2025-02-15,13,10:00,119,11,16.4,0,1,32.49,0,2025-02-15 04:00:00,2025-02-15 08:00:00,W,Prust Ave,0,0,0,0
2025-02-15,13,10:00,119,11,16.4,0,1,32.49,0,2025-02-15 04:00:00,2025-02-15 08:00:00,W,Main Street Station at Bay 7,0,1,0,0
2025-02-15,13,10:00,119,11,16.4,0,1,32.49,0,2025-02-15 04:00:00,2025-02-15 08:00:00,W,Norwood Rd,0,0,0,0
2025-02-15,13,10:00,119,11,16.4,0,1,32.49,0,2025-02-15 04:00:00,2025-02-15 08:00:00,W,McCaul St,0,0,0,0
2025-02-15,13,10:00,119,11,16.4,0,1,32.49,0,2025-02-15 04:00:00,2025-02-15 08:00:00,W,Broadview Ave,0,0,0,0
2025-02-15,13,10:00,119,11,16.4,0,1,32.49,0,2025-02-15 04:00:00,2025-02-15 08:00:00,W,Ontario St,0,0,0,0
2025-02-15,13,10:00,119,11,16.4,0,1,32.49,0,2025-02-15 04:00:00,2025-02-15 08:00:00,W,Rusholme Park Cres,0,0,0,0
2025-02-15,13,10:00,119,11,16.4,0,1,32.49,0,2025-02-15 04:00:00,2025-02-15 08:00:00,W,Havelock St,0,0,0,0
2025-02-15,13,10:00,119,11,16.4,0,1,32.49,0,2025-02-15 04:00:00,2025-02-15 08:00:00,W,High Park Loop,0,0,0,0
2025-02-15,13,10:00,119,11,16.4,0,1,32.49,0,2025-02-15 04:00:00,2025-02-15 08:00:00,W,Queens Park (Queen's Park Station),0,0,0,0
2025-02-15,13,10:00,119,11,16.4,0,1,32.49,0,2025-02-15 04:00:00,2025-02-15 08:00:00,W,Roncesvalles Ave,1,1,1,0
2025-02-15,13,10:00,119,11,16.4,0,1,32.49,0,2025-02-15 04:00:00,2025-02-15 08:00:00,W,De Grassi St,0,0,0,0
2025-02-15,13,10:00,119,11,16.4,0,1,32.49,0,2025-02-15 04:00:00,2025-02-15 08:00:00,W,Parliament St at Carlton St,0,0,0,0
2025-02-15,13,10:00,119,11,16.4,0,1,32.49,0,2025-02-15 04:00:00,2025-02-15 08:00:00,W,Parkside Dr East Side,0,0,0,0
2025-02-15,13,10:00,119,11,16.4,0,1,32.49,0,2025-02-15 04:00:00,2025-02-15 08:00:00,W,Dundas St West,1,1,1,0
2025-02-15,13,10:00,119,11,16.4,0,1,32.49,0,2025-02-15 04:00:00,2025-02-15 08:00:00,W,Howard Park Ave at Roncesvalles Ave,0,0,0,0
2025-02-15,13,10:00,119,11,16.4,0,1,32.49,0,2025-02-15 04:00:00,2025-02-15 08:00:00,W,Parliament St,0,0,0,0
2025-02-15,13,10:00,119,11,16.4,0,1,32.49,0,2025-02-15 04:00:00,2025-02-15 08:00:00,W,Parliament St at Gerrard St East,0,0,0,0
2025-02-15,13,10:00,119,11,16.4,0,1,32.49,0,2025-02-15 04:00:00,2025-02-15 08:00:00,W,Sumach St,0,0,0,0
2025-02-15,13,10:00,119,11,16.4,0,1,32.49,0,2025-02-15 04:00:00,2025-02-15 08:00:00,W,Blackburn St,0,0,0,0
2025-02-15,13,10:00,119,11,16.4,0,1,32.49,0,2025-02-15 04:00:00,2025-02-15 08:00:00,W,Logan Ave,0,0,0,0
2025-02-15,13,10:00,119,11,16.4,0,1,32.49,0,2025-02-15 04:00:00,2025-02-15 08:00:00,W,Augusta Ave,0,0,0,0
2025-02-15,13,10:00,119,11,16.4,0,1,32.49,0,2025-02-15 04:00:00,2025-02-15 08:00:00,W,Beverley St,0,0,0,0
2025-02-15,13,10:00,119,11,16.4,0,1,32.49,0,2025-02-15 04:00:00,2025-02-15 08:00:00,W,University Ave (Queen's Park Station,0,0,0,0
2025-02-15,13,10:00,119,11,16.4,0,1,32.49,0,2025-02-15 04:00:00,2025-02-15 08:00:00,W,Elizabeth St,0,0,0,0
2025-02-15,13,10:00,119,11,16.4,0,1,32.49,0,2025-02-15 04:00:00,2025-02-15 08:00:00,W,Greenwood Ave,0,0,0,0
2025-02-15,13,10:00,119,11,16.4,0,1,32.49,0,2025-02-15 04:00:00,2025-02-15 08:00:00,W,Alton Ave,0,0,0,0
2025-02-15,13,10:00,119,11,16.4,0,1,32.49,0,2025-02-15 04:00:00,2025-02-15 08:00:00,W,Coxwell Ave,0,0,0,0
2025-02-15,13,10:00,119,11,16.4,0,1,32.49,0,2025-02-15 04:00:00,2025-02-15 08:00:00,W,Gerrard St East  at Coxwell Ave,0,0,0,0
2025-02-15,13,10:00,119,11,16.4,0,1,32.49,0,2025-02-15 04:00:00,2025-02-15 08:00:00,W,Coxwell Ave at Lower Gerrard St East,0,0,0,0
2025-02-15,13,10:00,119,11,16.4,0,1,32.49,0,2025-02-15 04:00:00,2025-02-15 08:00:00,W,Ashdale Ave,0,0,0,0
2025-02-15,13,10:00,119,11,16.4,0,1,32.49,0,2025-02-15 04:00:00,2025-02-15 08:00:00,W,Howard Park Ave at Indian Rd,0,0,0,0
2025-02-15,13,10:00,119,11,16.4,0,1,32.49,0,2025-02-15 04:00:00,2025-02-15 08:00:00,W,Dundas St West at Howard Park Ave,0,0,0,0
2025-02-15,13,10:00,119,11,16.4,0,1,32.49,0,2025-02-15 04:00:00,2025-02-15 08:00:00,W,Main St at Gerrard St East,0,0,0,0
2025-02-15,13,10:00,119,11,16.4,0,1,32.49,0,2025-02-15 04:00:00,2025-02-15 08:00:00,W,Main St,0,0,0,0
2025-02-15,13,10:00,119,11,16.4,0,1,32.49,0,2025-02-15 04:00:00,2025-02-15 08:00:00,W,Main St at Danforth Ave,0,0,0,0
2025-02-15,13,10:00,119,11,16.4,0,1,32.49,0,2025-02-15 04:00:00,2025-02-15 08:00:00,W,Howard Park Ave at Parkside Dr,0,0,0,0
2025-02-22,13,10:00,119,11,15.2,0,1,30.13,0,2025-02-22 04:00:00,2025-02-22 08:00:00,E,Woodfield Rd,2,1,2,0
2025-02-22,13,10:00,119,11,15.2,0,1,30.13,0,2025-02-22 04:00:00,2025-02-22 08:00:00,E,Coxwell Ave at Gerrard St East,0,0,0,0
2025-02-22,13,10:00,119,11,15.2,0,1,30.13,0,2025-02-22 04:00:00,2025-02-22 08:00:00,E,Euclid Ave,2,1,1,0
2025-02-22,13,10:00,119,11,15.2,0,1,30.13,0,2025-02-22 04:00:00,2025-02-22 08:00:00,E,Bowmore Rd,1,1,2,0
2025-02-22,13,10:00,119,11,15.2,0,1,30.13,0,2025-02-22 04:00:00,2025-02-22 08:00:00,E,Bay St,2,1,1,0
2025-02-22,13,10:00,119,11,15.2,0,1,30.13,0,2025-02-22 04:00:00,2025-02-22 08:00:00,E,Lansdowne Ave,2,1,3,0
2025-02-22,13,10:00,119,11,15.2,0,1,30.13,0,2025-02-22 04:00:00,2025-02-22 08:00:00,E,Indian Rd,1,0,1,0
2025-02-22,13,10:00,119,11,15.2,0,1,30.13,0,2025-02-22 04:00:00,2025-02-22 08:00:00,E,Grace St,2,0,1,0
2025-02-22,13,10:00,119,11,15.2,0,1,30.13,0,2025-02-22 04:00:00,2025-02-22 08:00:00,E,Dufferin St,2,1,2,0
2025-02-22,13,10:00,119,11,15.2,0,1,30.13,0,2025-02-22 04:00:00,2025-02-22 08:00:00,E,Gerrard St East at Beaton Ave,1,1,2,0
2025-02-22,13,10:00,119,11,15.2,0,1,30.13,0,2025-02-22 04:00:00,2025-02-22 08:00:00,E,Bathurst St,1,1,1,0
2025-02-22,13,10:00,119,11,15.2,0,1,30.13,0,2025-02-22 04:00:00,2025-02-22 08:00:00,E,Yonge St - College Station,2,1,2,0
2025-02-22,13,10:00,119,11,15.2,0,1,30.13,0,2025-02-22 04:00:00,2025-02-22 08:00:00,E,Dundas St West at Sterling Rd,1,0,1,0
2025-02-22,13,10:00,119,11,15.2,0,1,30.13,0,2025-02-22 04:00:00,2025-02-22 08:00:00,E,Brock Ave,2,2,3,0
2025-02-22,13,10:00,119,11,15.2,0,1,30.13,0,2025-02-22 04:00:00,2025-02-22 08:00:00,E,Sackville St,0,1,0,0
2025-02-22,13,10:00,119,11,15.2,0,1,30.13,0,2025-02-22 04:00:00,2025-02-22 08:00:00,E,Carlaw Ave,2,1,2,0
2025-02-22,13,10:00,119,11,15.2,0,1,30.13,0,2025-02-22 04:00:00,2025-02-22 08:00:00,E,Borden St,1,1,1,0
2025-02-22,13,10:00,119,11,15.2,0,1,30.13,0,2025-02-22 04:00:00,2025-02-22 08:00:00,E,Dundas St West at Sorauren Ave,1,0,1,0
2025-02-22,13,10:00,119,11,15.2,0,1,30.13,0,2025-02-22 04:00:00,2025-02-22 08:00:00,E,Crawford St,2,1,1,0
2025-02-22,13,10:00,119,11,15.2,0,1,30.13,0,2025-02-22 04:00:00,2025-02-22 08:00:00,E,Pape Ave,2,1,2,0
2025-02-22,13,10:00,119,11,15.2,0,1,30.13,0,2025-02-22 04:00:00,2025-02-22 08:00:00,E,Spadina Ave,2,1,1,0
2025-02-22,13,10:00,119,11,15.2,0,1,30.13,0,2025-02-22 04:00:00,2025-02-22 08:00:00,E,River St,1,1,0,0
2025-02-22,13,10:00,119,11,15.2,0,1,30.13,0,2025-02-22 04:00:00,2025-02-22 08:00:00,E,Marjory Ave,2,1,2,0
2025-02-22,13,10:00,119,11,15.2,0,1,30.13,0,2025-02-22 04:00:00,2025-02-22 08:00:00,E,Kingsmount Park Rd,1,1,2,0
2025-02-22,13,10:00,119,11,15.2,0,1,30.13,0,2025-02-22 04:00:00,2025-02-22 08:00:00,E,Church St,0,0,0,0
2025-02-22,13,10:00,119,11,15.2,0,1,30.13,0,2025-02-22 04:00:00,2025-02-22 08:00:00,E,Ossington Ave,3,1,2,0
2025-02-22,13,10:00,119,11,15.2,0,1,30.13,0,2025-02-22 04:00:00,2025-02-22 08:00:00,E,Woodbine Ave,1,1,2,0
2025-02-22,13,10:00,119,11,15.2,0,1,30.13,0,2025-02-22 04:00:00,2025-02-22 08:00:00,E,Jones Ave,2,1,2,0
2025-02-22,13,10:00,119,11,15.2,0,1,30.13,0,2025-02-22 04:00:00,2025-02-22 08:00:00,E,Golfview Ave,1,1,2,0
2025-02-22,13,10:00,119,11,15.2,0,1,30.13,0,2025-02-22 04:00:00,2025-02-22 08:00:00,E,Leslie St,2,1,2,0
2025-02-22,13,10:00,119,11,15.2,0,1,30.13,0,2025-02-22 04:00:00,2025-02-22 08:00:00,E,St Matthews Rd,1,1,0,0
2025-02-22,13,10:00,119,11,15.2,0,1,30.13,0,2025-02-22 04:00:00,2025-02-22 08:00:00,E,Jarvis St,2,0,0,0
2025-02-22,13,10:00,119,11,15.2,0,1,30.13,0,2025-02-22 04:00:00,2025-02-22 08:00:00,E,Sherbourne St,2,0,0,0
2025-02-22,13,10:00,119,11,15.2,0,1,30.13,0,2025-02-22 04:00:00,2025-02-22 08:00:00,E,St George St,2,1,1,0
2025-02-22,13,10:00,119,11,15.2,0,1,30.13,0,2025-02-22 04:00:00,2025-02-22 08:00:00,E,Dovercourt Rd,3,1,2,0
2025-02-22,13,10:00,119,11,15.2,0,1,30.13,0,2025-02-22 04:00:00,2025-02-22 08:00:00,E,Glenmount Park Rd,1,1,2,0
2025-02-22,13,10:00,119,11,15.2,0,1,30.13,0,2025-02-22 04:00:00,2025-02-22 08:00:00,E,Prust Ave,2,1,2,0
2025-02-22,13,10:00,119,11,15.2,0,1,30.13,0,2025-02-22 04:00:00,2025-02-22 08:00:00,E,Main Street Station at Bay 7,0,0,0,0
2025-02-22,13,10:00,119,11,15.2,0,1,30.13,0,2025-02-22 04:00:00,2025-02-22 08:00:00,E,Norwood Rd,1,1,2,0
2025-02-22,13,10:00,119,11,15.2,0,1,30.13,0,2025-02-22 04:00:00,2025-02-22 08:00:00,E,McCaul St,2,1,1,0
2025-02-22,13,10:00,119,11,15.2,0,1,30.13,0,2025-02-22 04:00:00,2025-02-22 08:00:00,E,Broadview Ave,2,1,1,0
2025-02-22,13,10:00,119,11,15.2,0,1,30.13,0,2025-02-22 04:00:00,2025-02-22 08:00:00,E,Ontario St,1,0,0,0
2025-02-22,13,10:00,119,11,15.2,0,1,30.13,0,2025-02-22 04:00:00,2025-02-22 08:00:00,E,Rusholme Park Cres,1,0,1,0
2025-02-22,13,10:00,119,11,15.2,0,1,30.13,0,2025-02-22 04:00:00,2025-02-22 08:00:00,E,Havelock St,2,1,2,0
2025-02-22,13,10:00,119,11,15.2,0,1,30.13,0,2025-02-22 04:00:00,2025-02-22 08:00:00,E,High Park Loop,2,0,2,0
2025-02-22,13,10:00,119,11,15.2,0,1,30.13,0,2025-02-22 04:00:00,2025-02-22 08:00:00,E,Queens Park (Queen's Park Station),2,1,2,0
2025-02-22,13,10:00,119,11,15.2,0,1,30.13,0,2025-02-22 04:00:00,2025-02-22 08:00:00,E,Roncesvalles Ave,1,0,1,0
2025-02-22,13,10:00,119,11,15.2,0,1,30.13,0,2025-02-22 04:00:00,2025-02-22 08:00:00,E,De Grassi St,2,0,1,0
2025-02-22,13,10:00,119,11,15.2,0,1,30.13,0,2025-02-22 04:00:00,2025-02-22 08:00:00,E,Parliament St at Carlton St,2,0,0,0
2025-02-22,13,10:00,119,11,15.2,0,1,30.13,0,2025-02-22 04:00:00,2025-02-22 08:00:00,E,Parkside Dr East Side,1,0,2,0
2025-02-22,13,10:00,119,11,15.2,0,1,30.13,0,2025-02-22 04:00:00,2025-02-22 08:00:00,E,Dundas St West,1,0,0,0
2025-02-22,13,10:00,119,11,15.2,0,1,30.13,0,2025-02-22 04:00:00,2025-02-22 08:00:00,E,Howard Park Ave at Roncesvalles Ave,0,0,0,0
2025-02-22,13,10:00,119,11,15.2,0,1,30.13,0,2025-02-22 04:00:00,2025-02-22 08:00:00,E,Parliament St,0,0,0,0
2025-02-22,13,10:00,119,11,15.2,0,1,30.13,0,2025-02-22 04:00:00,2025-02-22 08:00:00,E,Parliament St at Gerrard St East,0,0,0,0
2025-02-22,13,10:00,119,11,15.2,0,1,30.13,0,2025-02-22 04:00:00,2025-02-22 08:00:00,E,Sumach St,0,0,0,0
2025-02-22,13,10:00,119,11,15.2,0,1,30.13,0,2025-02-22 04:00:00,2025-02-22 08:00:00,E,Blackburn St,0,0,0,0
2025-02-22,13,10:00,119,11,15.2,0,1,30.13,0,2025-02-22 04:00:00,2025-02-22 08:00:00,E,Logan Ave,0,0,0,0
2025-02-22,13,10:00,119,11,15.2,0,1,30.13,0,2025-02-22 04:00:00,2025-02-22 08:00:00,E,Augusta Ave,0,0,0,0
2025-02-22,13,10:00,119,11,15.2,0,1,30.13,0,2025-02-22 04:00:00,2025-02-22 08:00:00,E,Beverley St,0,0,0,0
2025-02-22,13,10:00,119,11,15.2,0,1,30.13,0,2025-02-22 04:00:00,2025-02-22 08:00:00,E,University Ave (Queen's Park Station,0,0,0,0
2025-02-22,13,10:00,119,11,15.2,0,1,30.13,0,2025-02-22 04:00:00,2025-02-22 08:00:00,E,Elizabeth St,0,0,0,0
2025-02-22,13,10:00,119,11,15.2,0,1,30.13,0,2025-02-22 04:00:00,2025-02-22 08:00:00,E,Greenwood Ave,0,0,0,0
2025-02-22,13,10:00,119,11,15.2,0,1,30.13,0,2025-02-22 04:00:00,2025-02-22 08:00:00,E,Alton Ave,0,0,0,0
2025-02-22,13,10:00,119,11,15.2,0,1,30.13,0,2025-02-22 04:00:00,2025-02-22 08:00:00,E,Coxwell Ave,0,0,0,0
2025-02-22,13,10:00,119,11,15.2,0,1,30.13,0,2025-02-22 04:00:00,2025-02-22 08:00:00,E,Gerrard St East  at Coxwell Ave,0,0,0,0
2025-02-22,13,10:00,119,11,15.2,0,1,30.13,0,2025-02-22 04:00:00,2025-02-22 08:00:00,E,Coxwell Ave at Lower Gerrard St East,0,0,0,0
2025-02-22,13,10:00,119,11,15.2,0,1,30.13,0,2025-02-22 04:00:00,2025-02-22 08:00:00,E,Ashdale Ave,0,0,0,0
2025-02-22,13,10:00,119,11,15.2,0,1,30.13,0,2025-02-22 04:00:00,2025-02-22 08:00:00,E,Howard Park Ave at Indian Rd,0,0,0,0
2025-02-22,13,10:00,119,11,15.2,0,1,30.13,0,2025-02-22 04:00:00,2025-02-22 08:00:00,E,Dundas St West at Howard Park Ave,0,0,0,0
2025-02-22,13,10:00,119,11,15.2,0,1,30.13,0,2025-02-22 04:00:00,2025-02-22 08:00:00,E,Main St at Gerrard St East,0,0,0,0
2025-02-22,13,10:00,119,11,15.2,0,1,30.13,0,2025-02-22 04:00:00,2025-02-22 08:00:00,E,Main St,0,0,0,0
2025-02-22,13,10:00,119,11,15.2,0,1,30.13,0,2025-02-22 04:00:00,2025-02-22 08:00:00,E,Main St at Danforth Ave,0,0,0,0
2025-02-22,13,10:00,119,11,15.2,0,1,30.13,0,2025-02-22 04:00:00,2025-02-22 08:00:00,E,Howard Park Ave at Parkside Dr,0,0,0,0
2025-02-22,13,10:00,119,11,15.2,0,1,30.13,0,2025-02-22 04:00:00,2025-02-22 08:00:00,W,Woodfield Rd,2,1,0,0
2025-02-22,13,10:00,119,11,15.2,0,1,30.13,0,2025-02-22 04:00:00,2025-02-22 08:00:00,W,Coxwell Ave at Gerrard St East,0,1,0,0
2025-02-22,13,10:00,119,11,15.2,0,1,30.13,0,2025-02-22 04:00:00,2025-02-22 08:00:00,W,Euclid Ave,0,0,0,0
2025-02-22,13,10:00,119,11,15.2,0,1,30.13,0,2025-02-22 04:00:00,2025-02-22 08:00:00,W,Bowmore Rd,0,1,0,0
2025-02-22,13,10:00,119,11,15.2,0,1,30.13,0,2025-02-22 04:00:00,2025-02-22 08:00:00,W,Bay St,2,2,0,0
2025-02-22,13,10:00,119,11,15.2,0,1,30.13,0,2025-02-22 04:00:00,2025-02-22 08:00:00,W,Lansdowne Ave,0,0,0,0
2025-02-22,13,10:00,119,11,15.2,0,1,30.13,0,2025-02-22 04:00:00,2025-02-22 08:00:00,W,Indian Rd,2,1,2,0
2025-02-22,13,10:00,119,11,15.2,0,1,30.13,0,2025-02-22 04:00:00,2025-02-22 08:00:00,W,Grace St,0,0,0,0
2025-02-22,13,10:00,119,11,15.2,0,1,30.13,0,2025-02-22 04:00:00,2025-02-22 08:00:00,W,Dufferin St,1,1,0,0
2025-02-22,13,10:00,119,11,15.2,0,1,30.13,0,2025-02-22 04:00:00,2025-02-22 08:00:00,W,Gerrard St East at Beaton Ave,0,1,0,0
2025-02-22,13,10:00,119,11,15.2,0,1,30.13,0,2025-02-22 04:00:00,2025-02-22 08:00:00,W,Bathurst St,0,0,0,0
2025-02-22,13,10:00,119,11,15.2,0,1,30.13,0,2025-02-22 04:00:00,2025-02-22 08:00:00,W,Yonge St - College Station,0,0,0,0
2025-02-22,13,10:00,119,11,15.2,0,1,30.13,0,2025-02-22 04:00:00,2025-02-22 08:00:00,W,Dundas St West at Sterling Rd,0,0,0,0
2025-02-22,13,10:00,119,11,15.2,0,1,30.13,0,2025-02-22 04:00:00,2025-02-22 08:00:00,W,Brock Ave,0,0,0,0
2025-02-22,13,10:00,119,11,15.2,0,1,30.13,0,2025-02-22 04:00:00,2025-02-22 08:00:00,W,Sackville St,2,2,0,0
2025-02-22,13,10:00,119,11,15.2,0,1,30.13,0,2025-02-22 04:00:00,2025-02-22 08:00:00,W,Carlaw Ave,0,0,0,0
2025-02-22,13,10:00,119,11,15.2,0,1,30.13,0,2025-02-22 04:00:00,2025-02-22 08:00:00,W,Borden St,0,0,0,0
2025-02-22,13,10:00,119,11,15.2,0,1,30.13,0,2025-02-22 04:00:00,2025-02-22 08:00:00,W,Dundas St West at Sorauren Ave,1,3,1,0
2025-02-22,13,10:00,119,11,15.2,0,1,30.13,0,2025-02-22 04:00:00,2025-02-22 08:00:00,W,Crawford St,0,0,0,0
2025-02-22,13,10:00,119,11,15.2,0,1,30.13,0,2025-02-22 04:00:00,2025-02-22 08:00:00,W,Pape Ave,0,0,0,0
2025-02-22,13,10:00,119,11,15.2,0,1,30.13,0,2025-02-22 04:00:00,2025-02-22 08:00:00,W,Spadina Ave,2,1,0,0
2025-02-22,13,10:00,119,11,15.2,0,1,30.13,0,2025-02-22 04:00:00,2025-02-22 08:00:00,W,River St,2,1,0,0
2025-02-22,13,10:00,119,11,15.2,0,1,30.13,0,2025-02-22 04:00:00,2025-02-22 08:00:00,W,Marjory Ave,0,0,0,0
2025-02-22,13,10:00,119,11,15.2,0,1,30.13,0,2025-02-22 04:00:00,2025-02-22 08:00:00,W,Kingsmount Park Rd,0,0,0,0
2025-02-22,13,10:00,119,11,15.2,0,1,30.13,0,2025-02-22 04:00:00,2025-02-22 08:00:00,W,Church St,0,0,0,0
2025-02-22,13,10:00,119,11,15.2,0,1,30.13,0,2025-02-22 04:00:00,2025-02-22 08:00:00,W,Ossington Ave,0,0,0,0
2025-02-22,13,10:00,119,11,15.2,0,1,30.13,0,2025-02-22 04:00:00,2025-02-22 08:00:00,W,Woodbine Ave,0,0,0,0
2025-02-22,13,10:00,119,11,15.2,0,1,30.13,0,2025-02-22 04:00:00,2025-02-22 08:00:00,W,Jones Ave,0,0,0,0
2025-02-22,13,10:00,119,11,15.2,0,1,30.13,0,2025-02-22 04:00:00,2025-02-22 08:00:00,W,Golfview Ave,0,0,0,0
2025-02-22,13,10:00,119,11,15.2,0,1,30.13,0,2025-02-22 04:00:00,2025-02-22 08:00:00,W,Leslie St,0,0,0,0
2025-02-22,13,10:00,119,11,15.2,0,1,30.13,0,2025-02-22 04:00:00,2025-02-22 08:00:00,W,St Matthews Rd,0,0,0,0
2025-02-22,13,10:00,119,11,15.2,0,1,30.13,0,2025-02-22 04:00:00,2025-02-22 08:00:00,W,Jarvis St,0,0,0,0
2025-02-22,13,10:00,119,11,15.2,0,1,30.13,0,2025-02-22 04:00:00,2025-02-22 08:00:00,W,Sherbourne St,0,0,0,0
2025-02-22,13,10:00,119,11,15.2,0,1,30.13,0,2025-02-22 04:00:00,2025-02-22 08:00:00,W,St George St,0,0,0,0
2025-02-22,13,10:00,119,11,15.2,0,1,30.13,0,2025-02-22 04:00:00,2025-02-22 08:00:00,W,Dovercourt Rd,0,0,0,0
2025-02-22,13,10:00,119,11,15.2,0,1,30.13,0,2025-02-22 04:00:00,2025-02-22 08:00:00,W,Glenmount Park Rd,0,0,0,0
2025-02-22,13,10:00,119,11,15.2,0,1,30.13,0,2025-02-22 04:00:00,2025-02-22 08:00:00,W,Prust Ave,0,0,0,0
2025-02-22,13,10:00,119,11,15.2,0,1,30.13,0,2025-02-22 04:00:00,2025-02-22 08:00:00,W,Main Street Station at Bay 7,0,1,0,0
2025-02-22,13,10:00,119,11,15.2,0,1,30.13,0,2025-02-22 04:00:00,2025-02-22 08:00:00,W,Norwood Rd,0,0,0,0
2025-02-22,13,10:00,119,11,15.2,0,1,30.13,0,2025-02-22 04:00:00,2025-02-22 08:00:00,W,McCaul St,0,0,0,0
2025-02-22,13,10:00,119,11,15.2,0,1,30.13,0,2025-02-22 04:00:00,2025-02-22 08:00:00,W,Broadview Ave,0,0,0,0
2025-02-22,13,10:00,119,11,15.2,0,1,30.13,0,2025-02-22 04:00:00,2025-02-22 08:00:00,W,Ontario St,0,0,0,0
2025-02-22,13,10:00,119,11,15.2,0,1,30.13,0,2025-02-22 04:00:00,2025-02-22 08:00:00,W,Rusholme Park Cres,0,0,0,0
2025-02-22,13,10:00,119,11,15.2,0,1,30.13,0,2025-02-22 04:00:00,2025-02-22 08:00:00,W,Havelock St,0,0,0,0
2025-02-22,13,10:00,119,11,15.2,0,1,30.13,0,2025-02-22 04:00:00,2025-02-22 08:00:00,W,High Park Loop,0,0,0,0
2025-02-22,13,10:00,119,11,15.2,0,1,30.13,0,2025-02-22 04:00:00,2025-02-22 08:00:00,W,Queens Park (Queen's Park Station),0,0,0,0
2025-02-22,13,10:00,119,11,15.2,0,1,30.13,0,2025-02-22 04:00:00,2025-02-22 08:00:00,W,Roncesvalles Ave,2,2,2,0
2025-02-22,13,10:00,119,11,15.2,0,1,30.13,0,2025-02-22 04:00:00,2025-02-22 08:00:00,W,De Grassi St,0,0,0,0
2025-02-22,13,10:00,119,11,15.2,0,1,30.13,0,2025-02-22 04:00:00,2025-02-22 08:00:00,W,Parliament St at Carlton St,0,0,0,0
2025-02-22,13,10:00,119,11,15.2,0,1,30.13,0,2025-02-22 04:00:00,2025-02-22 08:00:00,W,Parkside Dr East Side,0,0,0,0
2025-02-22,13,10:00,119,11,15.2,0,1,30.13,0,2025-02-22 04:00:00,2025-02-22 08:00:00,W,Dundas St West,2,2,2,0
2025-02-22,13,10:00,119,11,15.2,0,1,30.13,0,2025-02-22 04:00:00,2025-02-22 08:00:00,W,Howard Park Ave at Roncesvalles Ave,0,0,0,0
2025-02-22,13,10:00,119,11,15.2,0,1,30.13,0,2025-02-22 04:00:00,2025-02-22 08:00:00,W,Parliament St,0,0,0,0
2025-02-22,13,10:00,119,11,15.2,0,1,30.13,0,2025-02-22 04:00:00,2025-02-22 08:00:00,W,Parliament St at Gerrard St East,0,0,0,0
2025-02-22,13,10:00,119,11,15.2,0,1,30.13,0,2025-02-22 04:00:00,2025-02-22 08:00:00,W,Sumach St,0,0,0,0
2025-02-22,13,10:00,119,11,15.2,0,1,30.13,0,2025-02-22 04:00:00,2025-02-22 08:00:00,W,Blackburn St,0,0,0,0
2025-02-22,13,10:00,119,11,15.2,0,1,30.13,0,2025-02-22 04:00:00,2025-02-22 08:00:00,W,Logan Ave,0,0,0,0
2025-02-22,13,10:00,119,11,15.2,0,1,30.13,0,2025-02-22 04:00:00,2025-02-22 08:00:00,W,Augusta Ave,0,0,0,0
2025-02-22,13,10:00,119,11,15.2,0,1,30.13,0,2025-02-22 04:00:00,2025-02-22 08:00:00,W,Beverley St,0,0,0,0
2025-02-22,13,10:00,119,11,15.2,0,1,30.13,0,2025-02-22 04:00:00,2025-02-22 08:00:00,W,University Ave (Queen's Park Station,0,0,0,0
2025-02-22,13,10:00,119,11,15.2,0,1,30.13,0,2025-02-22 04:00:00,2025-02-22 08:00:00,W,Elizabeth St,0,0,0,0
2025-02-22,13,10:00,119,11,15.2,0,1,30.13,0,2025-02-22 04:00:00,2025-02-22 08:00:00,W,Greenwood Ave,0,0,0,0
2025-02-22,13,10:00,119,11,15.2,0,1,30.13,0,2025-02-22 04:00:00,2025-02-22 08:00:00,W,Alton Ave,0,0,0,0
2025-02-22,13,10:00,119,11,15.2,0,1,30.13,0,2025-02-22 04:00:00,2025-02-22 08:00:00,W,Coxwell Ave,0,0,0,0
2025-02-22,13,10:00,119,11,15.2,0,1,30.13,0,2025-02-22 04:00:00,2025-02-22 08:00:00,W,Gerrard St East  at Coxwell Ave,0,0,0,0
2025-02-22,13,10:00,119,11,15.2,0,1,30.13,0,2025-02-22 04:00:00,2025-02-22 08:00:00,W,Coxwell Ave at Lower Gerrard St East,0,0,0,0
2025-02-22,13,10:00,119,11,15.2,0,1,30.13,0,2025-02-22 04:00:00,2025-02-22 08:00:00,W,Ashdale Ave,0,0,0,0
2025-02-22,13,10:00,119,11,15.2,0,1,30.13,0,2025-02-22 04:00:00,2025-02-22 08:00:00,W,Howard Park Ave at Indian Rd,0,0,0,0
2025-02-22,13,10:00,119,11,15.2,0,1,30.13,0,2025-02-22 04:00:00,2025-02-22 08:00:00,W,Dundas St West at Howard Park Ave,0,0,0,0
2025-02-22,13,10:00,119,11,15.2,0,1,30.13,0,2025-02-22 04:00:00,2025-02-22 08:00:00,W,Main St at Gerrard St East,0,0,0,0
2025-02-22,13,10:00,119,11,15.2,0,1,30.13,0,2025-02-22 04:00:00,2025-02-22 08:00:00,W,Main St,0,0,0,0
2025-02-22,13,10:00,119,11,15.2,0,1,30.13,0,2025-02-22 04:00:00,2025-02-22 08:00:00,W,Main St at Danforth Ave,0,0,0,0
2025-02-22,13,10:00,119,11,15.2,0,1,30.13,0,2025-02-22 04:00:00,2025-02-22 08:00:00,W,Howard Park Ave at Parkside Dr,0,0,0,0
2025-03-01,13,10:00,119,11,15.2,0,1,30.13,0,2025-03-01 04:00:00,2025-03-01 08:00:00,E,Woodfield Rd,2,1,1,0
2025-03-01,13,10:00,119,11,15.2,0,1,30.13,0,2025-03-01 04:00:00,2025-03-01 08:00:00,E,Coxwell Ave at Gerrard St East,0,0,0,0
2025-03-01,13,10:00,119,11,15.2,0,1,30.13,0,2025-03-01 04:00:00,2025-03-01 08:00:00,E,Euclid Ave,1,0,1,0
2025-03-01,13,10:00,119,11,15.2,0,1,30.13,0,2025-03-01 04:00:00,2025-03-01 08:00:00,E,Bowmore Rd,2,3,1,0
2025-03-01,13,10:00,119,11,15.2,0,1,30.13,0,2025-03-01 04:00:00,2025-03-01 08:00:00,E,Bay St,1,1,1,0
2025-03-01,13,10:00,119,11,15.2,0,1,30.13,0,2025-03-01 04:00:00,2025-03-01 08:00:00,E,Lansdowne Ave,2,3,1,0
2025-03-01,13,10:00,119,11,15.2,0,1,30.13,0,2025-03-01 04:00:00,2025-03-01 08:00:00,E,Indian Rd,0,0,1,0
2025-03-01,13,10:00,119,11,15.2,0,1,30.13,0,2025-03-01 04:00:00,2025-03-01 08:00:00,E,Grace St,1,0,1,0
2025-03-01,13,10:00,119,11,15.2,0,1,30.13,0,2025-03-01 04:00:00,2025-03-01 08:00:00,E,Dufferin St,2,1,1,0
2025-03-01,13,10:00,119,11,15.2,0,1,30.13,0,2025-03-01 04:00:00,2025-03-01 08:00:00,E,Gerrard St East at Beaton Ave,2,3,1,0
2025-03-01,13,10:00,119,11,15.2,0,1,30.13,0,2025-03-01 04:00:00,2025-03-01 08:00:00,E,Bathurst St,1,1,1,0
2025-03-01,13,10:00,119,11,15.2,0,1,30.13,0,2025-03-01 04:00:00,2025-03-01 08:00:00,E,Yonge St - College Station,1,1,1,0
2025-03-01,13,10:00,119,11,15.2,0,1,30.13,0,2025-03-01 04:00:00,2025-03-01 08:00:00,E,Dundas St West at Sterling Rd,0,0,0,0
2025-03-01,13,10:00,119,11,15.2,0,1,30.13,0,2025-03-01 04:00:00,2025-03-01 08:00:00,E,Brock Ave,2,3,1,0
2025-03-01,13,10:00,119,11,15.2,0,1,30.13,0,2025-03-01 04:00:00,2025-03-01 08:00:00,E,Sackville St,0,0,0,0
2025-03-01,13,10:00,119,11,15.2,0,1,30.13,0,2025-03-01 04:00:00,2025-03-01 08:00:00,E,Carlaw Ave,1,1,1,0
2025-03-01,13,10:00,119,11,15.2,0,1,30.13,0,2025-03-01 04:00:00,2025-03-01 08:00:00,E,Borden St,1,1,1,0
2025-03-01,13,10:00,119,11,15.2,0,1,30.13,0,2025-03-01 04:00:00,2025-03-01 08:00:00,E,Dundas St West at Sorauren Ave,0,0,0,0
2025-03-01,13,10:00,119,11,15.2,0,1,30.13,0,2025-03-01 04:00:00,2025-03-01 08:00:00,E,Crawford St,1,0,2,0
2025-03-01,13,10:00,119,11,15.2,0,1,30.13,0,2025-03-01 04:00:00,2025-03-01 08:00:00,E,Pape Ave,1,1,1,0
2025-03-01,13,10:00,119,11,15.2,0,1,30.13,0,2025-03-01 04:00:00,2025-03-01 08:00:00,E,Spadina Ave,1,1,1,0
2025-03-01,13,10:00,119,11,15.2,0,1,30.13,0,2025-03-01 04:00:00,2025-03-01 08:00:00,E,River St,1,0,1,0
2025-03-01,13,10:00,119,11,15.2,0,1,30.13,0,2025-03-01 04:00:00,2025-03-01 08:00:00,E,Marjory Ave,1,2,1,0
2025-03-01,13,10:00,119,11,15.2,0,1,30.13,0,2025-03-01 04:00:00,2025-03-01 08:00:00,E,Kingsmount Park Rd,2,3,1,0
2025-03-01,13,10:00,119,11,15.2,0,1,30.13,0,2025-03-01 04:00:00,2025-03-01 08:00:00,E,Church St,0,0,0,0
2025-03-01,13,10:00,119,11,15.2,0,1,30.13,0,2025-03-01 04:00:00,2025-03-01 08:00:00,E,Ossington Ave,1,1,1,0
2025-03-01,13,10:00,119,11,15.2,0,1,30.13,0,2025-03-01 04:00:00,2025-03-01 08:00:00,E,Woodbine Ave,2,3,1,0
2025-03-01,13,10:00,119,11,15.2,0,1,30.13,0,2025-03-01 04:00:00,2025-03-01 08:00:00,E,Jones Ave,2,2,1,0
2025-03-01,13,10:00,119,11,15.2,0,1,30.13,0,2025-03-01 04:00:00,2025-03-01 08:00:00,E,Golfview Ave,2,3,1,0
2025-03-01,13,10:00,119,11,15.2,0,1,30.13,0,2025-03-01 04:00:00,2025-03-01 08:00:00,E,Leslie St,2,2,1,0
2025-03-01,13,10:00,119,11,15.2,0,1,30.13,0,2025-03-01 04:00:00,2025-03-01 08:00:00,E,St Matthews Rd,1,0,1,0
2025-03-01,13,10:00,119,11,15.2,0,1,30.13,0,2025-03-01 04:00:00,2025-03-01 08:00:00,E,Jarvis St,0,1,0,0
2025-03-01,13,10:00,119,11,15.2,0,1,30.13,0,2025-03-01 04:00:00,2025-03-01 08:00:00,E,Sherbourne St,0,1,0,0
2025-03-01,13,10:00,119,11,15.2,0,1,30.13,0,2025-03-01 04:00:00,2025-03-01 08:00:00,E,St George St,1,1,1,0
2025-03-01,13,10:00,119,11,15.2,0,1,30.13,0,2025-03-01 04:00:00,2025-03-01 08:00:00,E,Dovercourt Rd,1,1,1,0
2025-03-01,13,10:00,119,11,15.2,0,1,30.13,0,2025-03-01 04:00:00,2025-03-01 08:00:00,E,Glenmount Park Rd,2,3,1,0
2025-03-01,13,10:00,119,11,15.2,0,1,30.13,0,2025-03-01 04:00:00,2025-03-01 08:00:00,E,Prust Ave,2,2,1,0
2025-03-01,13,10:00,119,11,15.2,0,1,30.13,0,2025-03-01 04:00:00,2025-03-01 08:00:00,E,Main Street Station at Bay 7,0,0,0,0
2025-03-01,13,10:00,119,11,15.2,0,1,30.13,0,2025-03-01 04:00:00,2025-03-01 08:00:00,E,Norwood Rd,2,3,1,0
2025-03-01,13,10:00,119,11,15.2,0,1,30.13,0,2025-03-01 04:00:00,2025-03-01 08:00:00,E,McCaul St,1,1,1,0
2025-03-01,13,10:00,119,11,15.2,0,1,30.13,0,2025-03-01 04:00:00,2025-03-01 08:00:00,E,Broadview Ave,1,0,1,0
2025-03-01,13,10:00,119,11,15.2,0,1,30.13,0,2025-03-01 04:00:00,2025-03-01 08:00:00,E,Ontario St,0,1,0,0
2025-03-01,13,10:00,119,11,15.2,0,1,30.13,0,2025-03-01 04:00:00,2025-03-01 08:00:00,E,Rusholme Park Cres,0,0,0,0
2025-03-01,13,10:00,119,11,15.2,0,1,30.13,0,2025-03-01 04:00:00,2025-03-01 08:00:00,E,Havelock St,2,2,1,0
2025-03-01,13,10:00,119,11,15.2,0,1,30.13,0,2025-03-01 04:00:00,2025-03-01 08:00:00,E,High Park Loop,0,0,2,0
2025-03-01,13,10:00,119,11,15.2,0,1,30.13,0,2025-03-01 04:00:00,2025-03-01 08:00:00,E,Queens Park (Queen's Park Station),1,1,1,0
2025-03-01,13,10:00,119,11,15.2,0,1,30.13,0,2025-03-01 04:00:00,2025-03-01 08:00:00,E,Roncesvalles Ave,0,0,0,0
2025-03-01,13,10:00,119,11,15.2,0,1,30.13,0,2025-03-01 04:00:00,2025-03-01 08:00:00,E,De Grassi St,1,0,1,0
2025-03-01,13,10:00,119,11,15.2,0,1,30.13,0,2025-03-01 04:00:00,2025-03-01 08:00:00,E,Parliament St at Carlton St,0,0,0,0
2025-03-01,13,10:00,119,11,15.2,0,1,30.13,0,2025-03-01 04:00:00,2025-03-01 08:00:00,E,Parkside Dr East Side,0,0,1,0
2025-03-01,13,10:00,119,11,15.2,0,1,30.13,0,2025-03-01 04:00:00,2025-03-01 08:00:00,E,Dundas St West,0,1,0,0
2025-03-01,13,10:00,119,11,15.2,0,1,30.13,0,2025-03-01 04:00:00,2025-03-01 08:00:00,E,Howard Park Ave at Roncesvalles Ave,0,0,0,0
2025-03-01,13,10:00,119,11,15.2,0,1,30.13,0,2025-03-01 04:00:00,2025-03-01 08:00:00,E,Parliament St,0,0,0,0
2025-03-01,13,10:00,119,11,15.2,0,1,30.13,0,2025-03-01 04:00:00,2025-03-01 08:00:00,E,Parliament St at Gerrard St East,0,0,0,0
2025-03-01,13,10:00,119,11,15.2,0,1,30.13,0,2025-03-01 04:00:00,2025-03-01 08:00:00,E,Sumach St,0,0,0,0
2025-03-01,13,10:00,119,11,15.2,0,1,30.13,0,2025-03-01 04:00:00,2025-03-01 08:00:00,E,Blackburn St,0,0,0,0
2025-03-01,13,10:00,119,11,15.2,0,1,30.13,0,2025-03-01 04:00:00,2025-03-01 08:00:00,E,Logan Ave,0,0,0,0
2025-03-01,13,10:00,119,11,15.2,0,1,30.13,0,2025-03-01 04:00:00,2025-03-01 08:00:00,E,Augusta Ave,0,0,0,0
2025-03-01,13,10:00,119,11,15.2,0,1,30.13,0,2025-03-01 04:00:00,2025-03-01 08:00:00,E,Beverley St,0,0,0,0
2025-03-01,13,10:00,119,11,15.2,0,1,30.13,0,2025-03-01 04:00:00,2025-03-01 08:00:00,E,University Ave (Queen's Park Station,0,0,0,0
2025-03-01,13,10:00,119,11,15.2,0,1,30.13,0,2025-03-01 04:00:00,2025-03-01 08:00:00,E,Elizabeth St,0,0,0,0
2025-03-01,13,10:00,119,11,15.2,0,1,30.13,0,2025-03-01 04:00:00,2025-03-01 08:00:00,E,Greenwood Ave,0,0,0,0
2025-03-01,13,10:00,119,11,15.2,0,1,30.13,0,2025-03-01 04:00:00,2025-03-01 08:00:00,E,Alton Ave,0,0,0,0
2025-03-01,13,10:00,119,11,15.2,0,1,30.13,0,2025-03-01 04:00:00,2025-03-01 08:00:00,E,Coxwell Ave,0,0,0,0
2025-03-01,13,10:00,119,11,15.2,0,1,30.13,0,2025-03-01 04:00:00,2025-03-01 08:00:00,E,Gerrard St East  at Coxwell Ave,0,0,0,0
2025-03-01,13,10:00,119,11,15.2,0,1,30.13,0,2025-03-01 04:00:00,2025-03-01 08:00:00,E,Coxwell Ave at Lower Gerrard St East,0,0,0,0
2025-03-01,13,10:00,119,11,15.2,0,1,30.13,0,2025-03-01 04:00:00,2025-03-01 08:00:00,E,Ashdale Ave,0,0,0,0
2025-03-01,13,10:00,119,11,15.2,0,1,30.13,0,2025-03-01 04:00:00,2025-03-01 08:00:00,E,Howard Park Ave at Indian Rd,0,0,0,0
2025-03-01,13,10:00,119,11,15.2,0,1,30.13,0,2025-03-01 04:00:00,2025-03-01 08:00:00,E,Dundas St West at Howard Park Ave,0,0,0,0
2025-03-01,13,10:00,119,11,15.2,0,1,30.13,0,2025-03-01 04:00:00,2025-03-01 08:00:00,E,Main St at Gerrard St East,0,0,0,0
2025-03-01,13,10:00,119,11,15.2,0,1,30.13,0,2025-03-01 04:00:00,2025-03-01 08:00:00,E,Main St,0,0,0,0
2025-03-01,13,10:00,119,11,15.2,0,1,30.13,0,2025-03-01 04:00:00,2025-03-01 08:00:00,E,Main St at Danforth Ave,0,0,0,0
2025-03-01,13,10:00,119,11,15.2,0,1,30.13,0,2025-03-01 04:00:00,2025-03-01 08:00:00,E,Howard Park Ave at Parkside Dr,0,0,0,0
2025-03-01,13,10:00,119,11,15.2,0,1,30.13,0,2025-03-01 04:00:00,2025-03-01 08:00:00,W,Woodfield Rd,0,2,1,0
2025-03-01,13,10:00,119,11,15.2,0,1,30.13,0,2025-03-01 04:00:00,2025-03-01 08:00:00,W,Coxwell Ave at Gerrard St East,0,2,1,0
2025-03-01,13,10:00,119,11,15.2,0,1,30.13,0,2025-03-01 04:00:00,2025-03-01 08:00:00,W,Euclid Ave,0,0,0,0
2025-03-01,13,10:00,119,11,15.2,0,1,30.13,0,2025-03-01 04:00:00,2025-03-01 08:00:00,W,Bowmore Rd,0,1,1,0
2025-03-01,13,10:00,119,11,15.2,0,1,30.13,0,2025-03-01 04:00:00,2025-03-01 08:00:00,W,Bay St,0,1,0,0
2025-03-01,13,10:00,119,11,15.2,0,1,30.13,0,2025-03-01 04:00:00,2025-03-01 08:00:00,W,Lansdowne Ave,0,0,0,0
2025-03-01,13,10:00,119,11,15.2,0,1,30.13,0,2025-03-01 04:00:00,2025-03-01 08:00:00,W,Indian Rd,1,2,1,0
2025-03-01,13,10:00,119,11,15.2,0,1,30.13,0,2025-03-01 04:00:00,2025-03-01 08:00:00,W,Grace St,0,0,0,0
2025-03-01,13,10:00,119,11,15.2,0,1,30.13,0,2025-03-01 04:00:00,2025-03-01 08:00:00,W,Dufferin St,1,2,0,0
2025-03-01,13,10:00,119,11,15.2,0,1,30.13,0,2025-03-01 04:00:00,2025-03-01 08:00:00,W,Gerrard St East at Beaton Ave,0,2,1,0
2025-03-01,13,10:00,119,11,15.2,0,1,30.13,0,2025-03-01 04:00:00,2025-03-01 08:00:00,W,Bathurst St,0,0,0,0
2025-03-01,13,10:00,119,11,15.2,0,1,30.13,0,2025-03-01 04:00:00,2025-03-01 08:00:00,W,Yonge St - College Station,0,0,0,0
2025-03-01,13,10:00,119,11,15.2,0,1,30.13,0,2025-03-01 04:00:00,2025-03-01 08:00:00,W,Dundas St West at Sterling Rd,0,0,0,0
2025-03-01,13,10:00,119,11,15.2,0,1,30.13,0,2025-03-01 04:00:00,2025-03-01 08:00:00,W,Brock Ave,0,0,0,0
2025-03-01,13,10:00,119,11,15.2,0,1,30.13,0,2025-03-01 04:00:00,2025-03-01 08:00:00,W,Sackville St,1,2,0,0
2025-03-01,13,10:00,119,11,15.2,0,1,30.13,0,2025-03-01 04:00:00,2025-03-01 08:00:00,W,Carlaw Ave,0,0,0,0
2025-03-01,13,10:00,119,11,15.2,0,1,30.13,0,2025-03-01 04:00:00,2025-03-01 08:00:00,W,Borden St,0,0,0,0
2025-03-01,13,10:00,119,11,15.2,0,1,30.13,0,2025-03-01 04:00:00,2025-03-01 08:00:00,W,Dundas St West at Sorauren Ave,1,3,0,0
2025-03-01,13,10:00,119,11,15.2,0,1,30.13,0,2025-03-01 04:00:00,2025-03-01 08:00:00,W,Crawford St,0,0,0,0
2025-03-01,13,10:00,119,11,15.2,0,1,30.13,0,2025-03-01 04:00:00,2025-03-01 08:00:00,W,Pape Ave,0,0,0,0
2025-03-01,13,10:00,119,11,15.2,0,1,30.13,0,2025-03-01 04:00:00,2025-03-01 08:00:00,W,Spadina Ave,0,1,0,0
2025-03-01,13,10:00,119,11,15.2,0,1,30.13,0,2025-03-01 04:00:00,2025-03-01 08:00:00,W,River St,1,2,0,0
2025-03-01,13,10:00,119,11,15.2,0,1,30.13,0,2025-03-01 04:00:00,2025-03-01 08:00:00,W,Marjory Ave,0,0,0,0
2025-03-01,13,10:00,119,11,15.2,0,1,30.13,0,2025-03-01 04:00:00,2025-03-01 08:00:00,W,Kingsmount Park Rd,0,0,0,0
2025-03-01,13,10:00,119,11,15.2,0,1,30.13,0,2025-03-01 04:00:00,2025-03-01 08:00:00,W,Church St,0,0,0,0
2025-03-01,13,10:00,119,11,15.2,0,1,30.13,0,2025-03-01 04:00:00,2025-03-01 08:00:00,W,Ossington Ave,0,0,0,0
2025-03-01,13,10:00,119,11,15.2,0,1,30.13,0,2025-03-01 04:00:00,2025-03-01 08:00:00,W,Woodbine Ave,0,0,0,0
2025-03-01,13,10:00,119,11,15.2,0,1,30.13,0,2025-03-01 04:00:00,2025-03-01 08:00:00,W,Jones Ave,0,0,0,0
2025-03-01,13,10:00,119,11,15.2,0,1,30.13,0,2025-03-01 04:00:00,2025-03-01 08:00:00,W,Golfview Ave,0,0,0,0
2025-03-01,13,10:00,119,11,15.2,0,1,30.13,0,2025-03-01 04:00:00,2025-03-01 08:00:00,W,Leslie St,0,0,0,0
2025-03-01,13,10:00,119,11,15.2,0,1,30.13,0,2025-03-01 04:00:00,2025-03-01 08:00:00,W,St Matthews Rd,0,0,0,0
2025-03-01,13,10:00,119,11,15.2,0,1,30.13,0,2025-03-01 04:00:00,2025-03-01 08:00:00,W,Jarvis St,0,0,0,0
2025-03-01,13,10:00,119,11,15.2,0,1,30.13,0,2025-03-01 04:00:00,2025-03-01 08:00:00,W,Sherbourne St,0,0,0,0
2025-03-01,13,10:00,119,11,15.2,0,1,30.13,0,2025-03-01 04:00:00,2025-03-01 08:00:00,W,St George St,0,0,0,0
2025-03-01,13,10:00,119,11,15.2,0,1,30.13,0,2025-03-01 04:00:00,2025-03-01 08:00:00,W,Dovercourt Rd,0,0,0,0
2025-03-01,13,10:00,119,11,15.2,0,1,30.13,0,2025-03-01 04:00:00,2025-03-01 08:00:00,W,Glenmount Park Rd,0,0,0,0
2025-03-01,13,10:00,119,11,15.2,0,1,30.13,0,2025-03-01 04:00:00,2025-03-01 08:00:00,W,Prust Ave,0,0,0,0
2025-03-01,13,10:00,119,11,15.2,0,1,30.13,0,2025-03-01 04:00:00,2025-03-01 08:00:00,W,Main Street Station at Bay 7,0,0,1,0
2025-03-01,13,10:00,119,11,15.2,0,1,30.13,0,2025-03-01 04:00:00,2025-03-01 08:00:00,W,Norwood Rd,0,0,0,0
2025-03-01,13,10:00,119,11,15.2,0,1,30.13,0,2025-03-01 04:00:00,2025-03-01 08:00:00,W,McCaul St,0,0,0,0
2025-03-01,13,10:00,119,11,15.2,0,1,30.13,0,2025-03-01 04:00:00,2025-03-01 08:00:00,W,Broadview Ave,0,0,0,0
2025-03-01,13,10:00,119,11,15.2,0,1,30.13,0,2025-03-01 04:00:00,2025-03-01 08:00:00,W,Ontario St,0,0,0,0
2025-03-01,13,10:00,119,11,15.2,0,1,30.13,0,2025-03-01 04:00:00,2025-03-01 08:00:00,W,Rusholme Park Cres,0,0,0,0
2025-03-01,13,10:00,119,11,15.2,0,1,30.13,0,2025-03-01 04:00:00,2025-03-01 08:00:00,W,Havelock St,0,0,0,0
2025-03-01,13,10:00,119,11,15.2,0,1,30.13,0,2025-03-01 04:00:00,2025-03-01 08:00:00,W,High Park Loop,0,0,0,0
2025-03-01,13,10:00,119,11,15.2,0,1,30.13,0,2025-03-01 04:00:00,2025-03-01 08:00:00,W,Queens Park (Queen's Park Station),0,0,0,0
2025-03-01,13,10:00,119,11,15.2,0,1,30.13,0,2025-03-01 04:00:00,2025-03-01 08:00:00,W,Roncesvalles Ave,1,2,1,0
2025-03-01,13,10:00,119,11,15.2,0,1,30.13,0,2025-03-01 04:00:00,2025-03-01 08:00:00,W,De Grassi St,0,0,0,0
2025-03-01,13,10:00,119,11,15.2,0,1,30.13,0,2025-03-01 04:00:00,2025-03-01 08:00:00,W,Parliament St at Carlton St,0,0,0,0
2025-03-01,13,10:00,119,11,15.2,0,1,30.13,0,2025-03-01 04:00:00,2025-03-01 08:00:00,W,Parkside Dr East Side,0,0,0,0
2025-03-01,13,10:00,119,11,15.2,0,1,30.13,0,2025-03-01 04:00:00,2025-03-01 08:00:00,W,Dundas St West,1,3,0,0
2025-03-01,13,10:00,119,11,15.2,0,1,30.13,0,2025-03-01 04:00:00,2025-03-01 08:00:00,W,Howard Park Ave at Roncesvalles Ave,0,0,0,0
2025-03-01,13,10:00,119,11,15.2,0,1,30.13,0,2025-03-01 04:00:00,2025-03-01 08:00:00,W,Parliament St,0,0,0,0
2025-03-01,13,10:00,119,11,15.2,0,1,30.13,0,2025-03-01 04:00:00,2025-03-01 08:00:00,W,Parliament St at Gerrard St East,0,0,0,0
2025-03-01,13,10:00,119,11,15.2,0,1,30.13,0,2025-03-01 04:00:00,2025-03-01 08:00:00,W,Sumach St,0,0,0,0
2025-03-01,13,10:00,119,11,15.2,0,1,30.13,0,2025-03-01 04:00:00,2025-03-01 08:00:00,W,Blackburn St,0,0,0,0
2025-03-01,13,10:00,119,11,15.2,0,1,30.13,0,2025-03-01 04:00:00,2025-03-01 08:00:00,W,Logan Ave,0,0,0,0
2025-03-01,13,10:00,119,11,15.2,0,1,30.13,0,2025-03-01 04:00:00,2025-03-01 08:00:00,W,Augusta Ave,0,0,0,0
2025-03-01,13,10:00,119,11,15.2,0,1,30.13,0,2025-03-01 04:00:00,2025-03-01 08:00:00,W,Beverley St,0,0,0,0
2025-03-01,13,10:00,119,11,15.2,0,1,30.13,0,2025-03-01 04:00:00,2025-03-01 08:00:00,W,University Ave (Queen's Park Station,0,0,0,0
2025-03-01,13,10:00,119,11,15.2,0,1,30.13,0,2025-03-01 04:00:00,2025-03-01 08:00:00,W,Elizabeth St,0,0,0,0
2025-03-01,13,10:00,119,11,15.2,0,1,30.13,0,2025-03-01 04:00:00,2025-03-01 08:00:00,W,Greenwood Ave,0,0,0,0
2025-03-01,13,10:00,119,11,15.2,0,1,30.13,0,2025-03-01 04:00:00,2025-03-01 08:00:00,W,Alton Ave,0,0,0,0
2025-03-01,13,10:00,119,11,15.2,0,1,30.13,0,2025-03-01 04:00:00,2025-03-01 08:00:00,W,Coxwell Ave,0,0,0,0
2025-03-01,13,10:00,119,11,15.2,0,1,30.13,0,2025-03-01 04:00:00,2025-03-01 08:00:00,W,Gerrard St East  at Coxwell Ave,0,0,0,0
2025-03-01,13,10:00,119,11,15.2,0,1,30.13,0,2025-03-01 04:00:00,2025-03-01 08:00:00,W,Coxwell Ave at Lower Gerrard St East,0,0,0,0
2025-03-01,13,10:00,119,11,15.2,0,1,30.13,0,2025-03-01 04:00:00,2025-03-01 08:00:00,W,Ashdale Ave,0,0,0,0
2025-03-01,13,10:00,119,11,15.2,0,1,30.13,0,2025-03-01 04:00:00,2025-03-01 08:00:00,W,Howard Park Ave at Indian Rd,0,0,0,0
2025-03-01,13,10:00,119,11,15.2,0,1,30.13,0,2025-03-01 04:00:00,2025-03-01 08:00:00,W,Dundas St West at Howard Park Ave,0,0,0,0
2025-03-01,13,10:00,119,11,15.2,0,1,30.13,0,2025-03-01 04:00:00,2025-03-01 08:00:00,W,Main St at Gerrard St East,0,0,0,0
2025-03-01,13,10:00,119,11,15.2,0,1,30.13,0,2025-03-01 04:00:00,2025-03-01 08:00:00,W,Main St,0,0,0,0
2025-03-01,13,10:00,119,11,15.2,0,1,30.13,0,2025-03-01 04:00:00,2025-03-01 08:00:00,W,Main St at Danforth Ave,0,0,0,0
2025-03-01,13,10:00,119,11,15.2,0,1,30.13,0,2025-03-01 04:00:00,2025-03-01 08:00:00,W,Howard Park Ave at Parkside Dr,0,0,0,0
2025-03-08,13,10:00,119,11,15.2,0,1,30.13,0,2025-03-08 04:00:00,2025-03-08 08:00:00,E,Woodfield Rd,1,0,1,0
2025-03-08,13,10:00,119,11,15.2,0,1,30.13,0,2025-03-08 04:00:00,2025-03-08 08:00:00,E,Coxwell Ave at Gerrard St East,0,0,0,0
2025-03-08,13,10:00,119,11,15.2,0,1,30.13,0,2025-03-08 04:00:00,2025-03-08 08:00:00,E,Euclid Ave,0,0,0,0
2025-03-08,13,10:00,119,11,15.2,0,1,30.13,0,2025-03-08 04:00:00,2025-03-08 08:00:00,E,Bowmore Rd,2,2,1,0
2025-03-08,13,10:00,119,11,15.2,0,1,30.13,0,2025-03-08 04:00:00,2025-03-08 08:00:00,E,Bay St,1,0,0,0
2025-03-08,13,10:00,119,11,15.2,0,1,30.13,0,2025-03-08 04:00:00,2025-03-08 08:00:00,E,Lansdowne Ave,1,2,1,0
2025-03-08,13,10:00,119,11,15.2,0,1,30.13,0,2025-03-08 04:00:00,2025-03-08 08:00:00,E,Indian Rd,0,0,3,0
2025-03-08,13,10:00,119,11,15.2,0,1,30.13,0,2025-03-08 04:00:00,2025-03-08 08:00:00,E,Grace St,0,0,0,0
2025-03-08,13,10:00,119,11,15.2,0,1,30.13,0,2025-03-08 04:00:00,2025-03-08 08:00:00,E,Dufferin St,1,1,1,0
2025-03-08,13,10:00,119,11,15.2,0,1,30.13,0,2025-03-08 04:00:00,2025-03-08 08:00:00,E,Gerrard St East at Beaton Ave,1,3,1,0
2025-03-08,13,10:00,119,11,15.2,0,1,30.13,0,2025-03-08 04:00:00,2025-03-08 08:00:00,E,Bathurst St,0,0,0,0
2025-03-08,13,10:00,119,11,15.2,0,1,30.13,0,2025-03-08 04:00:00,2025-03-08 08:00:00,E,Yonge St - College Station,0,0,0,0
2025-03-08,13,10:00,119,11,15.2,0,1,30.13,0,2025-03-08 04:00:00,2025-03-08 08:00:00,E,Dundas St West at Sterling Rd,0,0,0,0
2025-03-08,13,10:00,119,11,15.2,0,1,30.13,0,2025-03-08 04:00:00,2025-03-08 08:00:00,E,Brock Ave,1,3,1,0
2025-03-08,13,10:00,119,11,15.2,0,1,30.13,0,2025-03-08 04:00:00,2025-03-08 08:00:00,E,Sackville St,0,0,0,0
2025-03-08,13,10:00,119,11,15.2,0,1,30.13,0,2025-03-08 04:00:00,2025-03-08 08:00:00,E,Carlaw Ave,0,0,0,0
2025-03-08,13,10:00,119,11,15.2,0,1,30.13,0,2025-03-08 04:00:00,2025-03-08 08:00:00,E,Borden St,0,0,0,0
2025-03-08,13,10:00,119,11,15.2,0,1,30.13,0,2025-03-08 04:00:00,2025-03-08 08:00:00,E,Dundas St West at Sorauren Ave,0,0,0,0
2025-03-08,13,10:00,119,11,15.2,0,1,30.13,0,2025-03-08 04:00:00,2025-03-08 08:00:00,E,Crawford St,0,0,0,0
2025-03-08,13,10:00,119,11,15.2,0,1,30.13,0,2025-03-08 04:00:00,2025-03-08 08:00:00,E,Pape Ave,1,0,0,0
2025-03-08,13,10:00,119,11,15.2,0,1,30.13,0,2025-03-08 04:00:00,2025-03-08 08:00:00,E,Spadina Ave,0,0,0,0
2025-03-08,13,10:00,119,11,15.2,0,1,30.13,0,2025-03-08 04:00:00,2025-03-08 08:00:00,E,River St,0,0,0,0
2025-03-08,13,10:00,119,11,15.2,0,1,30.13,0,2025-03-08 04:00:00,2025-03-08 08:00:00,E,Marjory Ave,1,0,1,0
2025-03-08,13,10:00,119,11,15.2,0,1,30.13,0,2025-03-08 04:00:00,2025-03-08 08:00:00,E,Kingsmount Park Rd,1,2,1,0
2025-03-08,13,10:00,119,11,15.2,0,1,30.13,0,2025-03-08 04:00:00,2025-03-08 08:00:00,E,Church St,0,0,0,0
2025-03-08,13,10:00,119,11,15.2,0,1,30.13,0,2025-03-08 04:00:00,2025-03-08 08:00:00,E,Ossington Ave,0,0,0,0
2025-03-08,13,10:00,119,11,15.2,0,1,30.13,0,2025-03-08 04:00:00,2025-03-08 08:00:00,E,Woodbine Ave,1,2,1,0
2025-03-08,13,10:00,119,11,15.2,0,1,30.13,0,2025-03-08 04:00:00,2025-03-08 08:00:00,E,Jones Ave,1,0,1,0
2025-03-08,13,10:00,119,11,15.2,0,1,30.13,0,2025-03-08 04:00:00,2025-03-08 08:00:00,E,Golfview Ave,1,2,1,0
2025-03-08,13,10:00,119,11,15.2,0,1,30.13,0,2025-03-08 04:00:00,2025-03-08 08:00:00,E,Leslie St,1,0,1,0
2025-03-08,13,10:00,119,11,15.2,0,1,30.13,0,2025-03-08 04:00:00,2025-03-08 08:00:00,E,St Matthews Rd,0,0,0,0
2025-03-08,13,10:00,119,11,15.2,0,1,30.13,0,2025-03-08 04:00:00,2025-03-08 08:00:00,E,Jarvis St,0,0,0,0
2025-03-08,13,10:00,119,11,15.2,0,1,30.13,0,2025-03-08 04:00:00,2025-03-08 08:00:00,E,Sherbourne St,0,0,0,0
2025-03-08,13,10:00,119,11,15.2,0,1,30.13,0,2025-03-08 04:00:00,2025-03-08 08:00:00,E,St George St,0,0,0,0
2025-03-08,13,10:00,119,11,15.2,0,1,30.13,0,2025-03-08 04:00:00,2025-03-08 08:00:00,E,Dovercourt Rd,0,0,0,0
2025-03-08,13,10:00,119,11,15.2,0,1,30.13,0,2025-03-08 04:00:00,2025-03-08 08:00:00,E,Glenmount Park Rd,1,2,1,0
2025-03-08,13,10:00,119,11,15.2,0,1,30.13,0,2025-03-08 04:00:00,2025-03-08 08:00:00,E,Prust Ave,1,0,1,0
2025-03-08,13,10:00,119,11,15.2,0,1,30.13,0,2025-03-08 04:00:00,2025-03-08 08:00:00,E,Main Street Station at Bay 7,0,0,0,0
2025-03-08,13,10:00,119,11,15.2,0,1,30.13,0,2025-03-08 04:00:00,2025-03-08 08:00:00,E,Norwood Rd,1,2,1,0
2025-03-08,13,10:00,119,11,15.2,0,1,30.13,0,2025-03-08 04:00:00,2025-03-08 08:00:00,E,McCaul St,0,0,0,0
2025-03-08,13,10:00,119,11,15.2,0,1,30.13,0,2025-03-08 04:00:00,2025-03-08 08:00:00,E,Broadview Ave,0,0,0,0
2025-03-08,13,10:00,119,11,15.2,0,1,30.13,0,2025-03-08 04:00:00,2025-03-08 08:00:00,E,Ontario St,0,0,0,0
2025-03-08,13,10:00,119,11,15.2,0,1,30.13,0,2025-03-08 04:00:00,2025-03-08 08:00:00,E,Rusholme Park Cres,0,0,0,0
2025-03-08,13,10:00,119,11,15.2,0,1,30.13,0,2025-03-08 04:00:00,2025-03-08 08:00:00,E,Havelock St,1,0,1,0
2025-03-08,13,10:00,119,11,15.2,0,1,30.13,0,2025-03-08 04:00:00,2025-03-08 08:00:00,E,High Park Loop,0,0,6,0
2025-03-08,13,10:00,119,11,15.2,0,1,30.13,0,2025-03-08 04:00:00,2025-03-08 08:00:00,E,Queens Park (Queen's Park Station),0,0,0,0
2025-03-08,13,10:00,119,11,15.2,0,1,30.13,0,2025-03-08 04:00:00,2025-03-08 08:00:00,E,Roncesvalles Ave,0,0,0,0
2025-03-08,13,10:00,119,11,15.2,0,1,30.13,0,2025-03-08 04:00:00,2025-03-08 08:00:00,E,De Grassi St,0,0,0,0
2025-03-08,13,10:00,119,11,15.2,0,1,30.13,0,2025-03-08 04:00:00,2025-03-08 08:00:00,E,Parliament St at Carlton St,0,0,0,0
2025-03-08,13,10:00,119,11,15.2,0,1,30.13,0,2025-03-08 04:00:00,2025-03-08 08:00:00,E,Parkside Dr East Side,0,0,3,0
2025-03-08,13,10:00,119,11,15.2,0,1,30.13,0,2025-03-08 04:00:00,2025-03-08 08:00:00,E,Dundas St West,0,0,0,0
2025-03-08,13,10:00,119,11,15.2,0,1,30.13,0,2025-03-08 04:00:00,2025-03-08 08:00:00,E,Howard Park Ave at Roncesvalles Ave,0,0,0,0
2025-03-08,13,10:00,119,11,15.2,0,1,30.13,0,2025-03-08 04:00:00,2025-03-08 08:00:00,E,Parliament St,0,0,0,0
2025-03-08,13,10:00,119,11,15.2,0,1,30.13,0,2025-03-08 04:00:00,2025-03-08 08:00:00,E,Parliament St at Gerrard St East,0,0,0,0
2025-03-08,13,10:00,119,11,15.2,0,1,30.13,0,2025-03-08 04:00:00,2025-03-08 08:00:00,E,Sumach St,0,0,0,0
2025-03-08,13,10:00,119,11,15.2,0,1,30.13,0,2025-03-08 04:00:00,2025-03-08 08:00:00,E,Blackburn St,0,0,0,0
2025-03-08,13,10:00,119,11,15.2,0,1,30.13,0,2025-03-08 04:00:00,2025-03-08 08:00:00,E,Logan Ave,0,0,0,0
2025-03-08,13,10:00,119,11,15.2,0,1,30.13,0,2025-03-08 04:00:00,2025-03-08 08:00:00,E,Augusta Ave,0,0,0,0
2025-03-08,13,10:00,119,11,15.2,0,1,30.13,0,2025-03-08 04:00:00,2025-03-08 08:00:00,E,Beverley St,0,0,0,0
2025-03-08,13,10:00,119,11,15.2,0,1,30.13,0,2025-03-08 04:00:00,2025-03-08 08:00:00,E,University Ave (Queen's Park Station,0,0,0,0
2025-03-08,13,10:00,119,11,15.2,0,1,30.13,0,2025-03-08 04:00:00,2025-03-08 08:00:00,E,Elizabeth St,0,0,0,0
2025-03-08,13,10:00,119,11,15.2,0,1,30.13,0,2025-03-08 04:00:00,2025-03-08 08:00:00,E,Greenwood Ave,0,0,0,0
2025-03-08,13,10:00,119,11,15.2,0,1,30.13,0,2025-03-08 04:00:00,2025-03-08 08:00:00,E,Alton Ave,0,0,0,0
2025-03-08,13,10:00,119,11,15.2,0,1,30.13,0,2025-03-08 04:00:00,2025-03-08 08:00:00,E,Coxwell Ave,0,0,0,0
2025-03-08,13,10:00,119,11,15.2,0,1,30.13,0,2025-03-08 04:00:00,2025-03-08 08:00:00,E,Gerrard St East  at Coxwell Ave,0,0,0,0
2025-03-08,13,10:00,119,11,15.2,0,1,30.13,0,2025-03-08 04:00:00,2025-03-08 08:00:00,E,Coxwell Ave at Lower Gerrard St East,0,0,0,0
2025-03-08,13,10:00,119,11,15.2,0,1,30.13,0,2025-03-08 04:00:00,2025-03-08 08:00:00,E,Ashdale Ave,0,0,0,0
2025-03-08,13,10:00,119,11,15.2,0,1,30.13,0,2025-03-08 04:00:00,2025-03-08 08:00:00,E,Howard Park Ave at Indian Rd,0,0,0,0
2025-03-08,13,10:00,119,11,15.2,0,1,30.13,0,2025-03-08 04:00:00,2025-03-08 08:00:00,E,Dundas St West at Howard Park Ave,0,0,0,0
2025-03-08,13,10:00,119,11,15.2,0,1,30.13,0,2025-03-08 04:00:00,2025-03-08 08:00:00,E,Main St at Gerrard St East,0,0,0,0
2025-03-08,13,10:00,119,11,15.2,0,1,30.13,0,2025-03-08 04:00:00,2025-03-08 08:00:00,E,Main St,0,0,0,0
2025-03-08,13,10:00,119,11,15.2,0,1,30.13,0,2025-03-08 04:00:00,2025-03-08 08:00:00,E,Main St at Danforth Ave,0,0,0,0
2025-03-08,13,10:00,119,11,15.2,0,1,30.13,0,2025-03-08 04:00:00,2025-03-08 08:00:00,E,Howard Park Ave at Parkside Dr,0,0,0,0
2025-03-08,13,10:00,119,11,15.2,0,1,30.13,0,2025-03-08 04:00:00,2025-03-08 08:00:00,W,Woodfield Rd,2,1,1,0
2025-03-08,13,10:00,119,11,15.2,0,1,30.13,0,2025-03-08 04:00:00,2025-03-08 08:00:00,W,Coxwell Ave at Gerrard St East,2,2,0,0
2025-03-08,13,10:00,119,11,15.2,0,1,30.13,0,2025-03-08 04:00:00,2025-03-08 08:00:00,W,Euclid Ave,0,0,0,0
2025-03-08,13,10:00,119,11,15.2,0,1,30.13,0,2025-03-08 04:00:00,2025-03-08 08:00:00,W,Bowmore Rd,0,1,0,0
2025-03-08,13,10:00,119,11,15.2,0,1,30.13,0,2025-03-08 04:00:00,2025-03-08 08:00:00,W,Bay St,0,1,1,0
2025-03-08,13,10:00,119,11,15.2,0,1,30.13,0,2025-03-08 04:00:00,2025-03-08 08:00:00,W,Lansdowne Ave,0,1,0,0
2025-03-08,13,10:00,119,11,15.2,0,1,30.13,0,2025-03-08 04:00:00,2025-03-08 08:00:00,W,Indian Rd,0,0,1,0
2025-03-08,13,10:00,119,11,15.2,0,1,30.13,0,2025-03-08 04:00:00,2025-03-08 08:00:00,W,Grace St,0,0,0,0
2025-03-08,13,10:00,119,11,15.2,0,1,30.13,0,2025-03-08 04:00:00,2025-03-08 08:00:00,W,Dufferin St,1,2,1,0
2025-03-08,13,10:00,119,11,15.2,0,1,30.13,0,2025-03-08 04:00:00,2025-03-08 08:00:00,W,Gerrard St East at Beaton Ave,0,1,0,0
2025-03-08,13,10:00,119,11,15.2,0,1,30.13,0,2025-03-08 04:00:00,2025-03-08 08:00:00,W,Bathurst St,0,0,0,0
2025-03-08,13,10:00,119,11,15.2,0,1,30.13,0,2025-03-08 04:00:00,2025-03-08 08:00:00,W,Yonge St - College Station,0,0,0,0
2025-03-08,13,10:00,119,11,15.2,0,1,30.13,0,2025-03-08 04:00:00,2025-03-08 08:00:00,W,Dundas St West at Sterling Rd,0,0,0,0
2025-03-08,13,10:00,119,11,15.2,0,1,30.13,0,2025-03-08 04:00:00,2025-03-08 08:00:00,W,Brock Ave,0,0,0,0
2025-03-08,13,10:00,119,11,15.2,0,1,30.13,0,2025-03-08 04:00:00,2025-03-08 08:00:00,W,Sackville St,1,1,1,0
2025-03-08,13,10:00,119,11,15.2,0,1,30.13,0,2025-03-08 04:00:00,2025-03-08 08:00:00,W,Carlaw Ave,0,0,0,0
2025-03-08,13,10:00,119,11,15.2,0,1,30.13,0,2025-03-08 04:00:00,2025-03-08 08:00:00,W,Borden St,0,0,0,0
2025-03-08,13,10:00,119,11,15.2,0,1,30.13,0,2025-03-08 04:00:00,2025-03-08 08:00:00,W,Dundas St West at Sorauren Ave,0,1,1,0
2025-03-08,13,10:00,119,11,15.2,0,1,30.13,0,2025-03-08 04:00:00,2025-03-08 08:00:00,W,Crawford St,0,0,0,0
2025-03-08,13,10:00,119,11,15.2,0,1,30.13,0,2025-03-08 04:00:00,2025-03-08 08:00:00,W,Pape Ave,0,0,0,0
2025-03-08,13,10:00,119,11,15.2,0,1,30.13,0,2025-03-08 04:00:00,2025-03-08 08:00:00,W,Spadina Ave,2,1,1,0
2025-03-08,13,10:00,119,11,15.2,0,1,30.13,0,2025-03-08 04:00:00,2025-03-08 08:00:00,W,River St,1,1,1,0
2025-03-08,13,10:00,119,11,15.2,0,1,30.13,0,2025-03-08 04:00:00,2025-03-08 08:00:00,W,Marjory Ave,0,0,0,0
2025-03-08,13,10:00,119,11,15.2,0,1,30.13,0,2025-03-08 04:00:00,2025-03-08 08:00:00,W,Kingsmount Park Rd,0,0,0,0
2025-03-08,13,10:00,119,11,15.2,0,1,30.13,0,2025-03-08 04:00:00,2025-03-08 08:00:00,W,Church St,0,0,0,0
2025-03-08,13,10:00,119,11,15.2,0,1,30.13,0,2025-03-08 04:00:00,2025-03-08 08:00:00,W,Ossington Ave,0,0,0,0
2025-03-08,13,10:00,119,11,15.2,0,1,30.13,0,2025-03-08 04:00:00,2025-03-08 08:00:00,W,Woodbine Ave,0,0,0,0
2025-03-08,13,10:00,119,11,15.2,0,1,30.13,0,2025-03-08 04:00:00,2025-03-08 08:00:00,W,Jones Ave,0,0,0,0
2025-03-08,13,10:00,119,11,15.2,0,1,30.13,0,2025-03-08 04:00:00,2025-03-08 08:00:00,W,Golfview Ave,0,0,0,0
2025-03-08,13,10:00,119,11,15.2,0,1,30.13,0,2025-03-08 04:00:00,2025-03-08 08:00:00,W,Leslie St,0,0,0,0
2025-03-08,13,10:00,119,11,15.2,0,1,30.13,0,2025-03-08 04:00:00,2025-03-08 08:00:00,W,St Matthews Rd,0,0,0,0
2025-03-08,13,10:00,119,11,15.2,0,1,30.13,0,2025-03-08 04:00:00,2025-03-08 08:00:00,W,Jarvis St,0,0,0,0
2025-03-08,13,10:00,119,11,15.2,0,1,30.13,0,2025-03-08 04:00:00,2025-03-08 08:00:00,W,Sherbourne St,0,0,0,0
2025-03-08,13,10:00,119,11,15.2,0,1,30.13,0,2025-03-08 04:00:00,2025-03-08 08:00:00,W,St George St,0,0,0,0
2025-03-08,13,10:00,119,11,15.2,0,1,30.13,0,2025-03-08 04:00:00,2025-03-08 08:00:00,W,Dovercourt Rd,0,0,0,0
2025-03-08,13,10:00,119,11,15.2,0,1,30.13,0,2025-03-08 04:00:00,2025-03-08 08:00:00,W,Glenmount Park Rd,0,0,0,0
2025-03-08,13,10:00,119,11,15.2,0,1,30.13,0,2025-03-08 04:00:00,2025-03-08 08:00:00,W,Prust Ave,0,0,0,0
2025-03-08,13,10:00,119,11,15.2,0,1,30.13,0,2025-03-08 04:00:00,2025-03-08 08:00:00,W,Main Street Station at Bay 7,0,1,0,0
2025-03-08,13,10:00,119,11,15.2,0,1,30.13,0,2025-03-08 04:00:00,2025-03-08 08:00:00,W,Norwood Rd,0,0,0,0
2025-03-08,13,10:00,119,11,15.2,0,1,30.13,0,2025-03-08 04:00:00,2025-03-08 08:00:00,W,McCaul St,0,0,0,0
2025-03-08,13,10:00,119,11,15.2,0,1,30.13,0,2025-03-08 04:00:00,2025-03-08 08:00:00,W,Broadview Ave,0,0,0,0
2025-03-08,13,10:00,119,11,15.2,0,1,30.13,0,2025-03-08 04:00:00,2025-03-08 08:00:00,W,Ontario St,0,0,0,0
2025-03-08,13,10:00,119,11,15.2,0,1,30.13,0,2025-03-08 04:00:00,2025-03-08 08:00:00,W,Rusholme Park Cres,0,0,0,0
2025-03-08,13,10:00,119,11,15.2,0,1,30.13,0,2025-03-08 04:00:00,2025-03-08 08:00:00,W,Havelock St,0,0,0,0
2025-03-08,13,10:00,119,11,15.2,0,1,30.13,0,2025-03-08 04:00:00,2025-03-08 08:00:00,W,High Park Loop,0,0,0,0
2025-03-08,13,10:00,119,11,15.2,0,1,30.13,0,2025-03-08 04:00:00,2025-03-08 08:00:00,W,Queens Park (Queen's Park Station),0,0,0,0
2025-03-08,13,10:00,119,11,15.2,0,1,30.13,0,2025-03-08 04:00:00,2025-03-08 08:00:00,W,Roncesvalles Ave,0,0,1,0
2025-03-08,13,10:00,119,11,15.2,0,1,30.13,0,2025-03-08 04:00:00,2025-03-08 08:00:00,W,De Grassi St,0,0,0,0
2025-03-08,13,10:00,119,11,15.2,0,1,30.13,0,2025-03-08 04:00:00,2025-03-08 08:00:00,W,Parliament St at Carlton St,0,0,0,0
2025-03-08,13,10:00,119,11,15.2,0,1,30.13,0,2025-03-08 04:00:00,2025-03-08 08:00:00,W,Parkside Dr East Side,0,0,0,0
2025-03-08,13,10:00,119,11,15.2,0,1,30.13,0,2025-03-08 04:00:00,2025-03-08 08:00:00,W,Dundas St West,1,1,1,0
2025-03-08,13,10:00,119,11,15.2,0,1,30.13,0,2025-03-08 04:00:00,2025-03-08 08:00:00,W,Howard Park Ave at Roncesvalles Ave,0,0,0,0
2025-03-08,13,10:00,119,11,15.2,0,1,30.13,0,2025-03-08 04:00:00,2025-03-08 08:00:00,W,Parliament St,0,0,0,0
2025-03-08,13,10:00,119,11,15.2,0,1,30.13,0,2025-03-08 04:00:00,2025-03-08 08:00:00,W,Parliament St at Gerrard St East,0,0,0,0
2025-03-08,13,10:00,119,11,15.2,0,1,30.13,0,2025-03-08 04:00:00,2025-03-08 08:00:00,W,Sumach St,0,0,0,0
2025-03-08,13,10:00,119,11,15.2,0,1,30.13,0,2025-03-08 04:00:00,2025-03-08 08:00:00,W,Blackburn St,0,0,0,0
2025-03-08,13,10:00,119,11,15.2,0,1,30.13,0,2025-03-08 04:00:00,2025-03-08 08:00:00,W,Logan Ave,0,0,0,0
2025-03-08,13,10:00,119,11,15.2,0,1,30.13,0,2025-03-08 04:00:00,2025-03-08 08:00:00,W,Augusta Ave,0,0,0,0
2025-03-08,13,10:00,119,11,15.2,0,1,30.13,0,2025-03-08 04:00:00,2025-03-08 08:00:00,W,Beverley St,0,0,0,0
2025-03-08,13,10:00,119,11,15.2,0,1,30.13,0,2025-03-08 04:00:00,2025-03-08 08:00:00,W,University Ave (Queen's Park Station,0,0,0,0
2025-03-08,13,10:00,119,11,15.2,0,1,30.13,0,2025-03-08 04:00:00,2025-03-08 08:00:00,W,Elizabeth St,0,0,0,0
2025-03-08,13,10:00,119,11,15.2,0,1,30.13,0,2025-03-08 04:00:00,2025-03-08 08:00:00,W,Greenwood Ave,0,0,0,0
2025-03-08,13,10:00,119,11,15.2,0,1,30.13,0,2025-03-08 04:00:00,2025-03-08 08:00:00,W,Alton Ave,0,0,0,0
2025-03-08,13,10:00,119,11,15.2,0,1,30.13,0,2025-03-08 04:00:00,2025-03-08 08:00:00,W,Coxwell Ave,0,0,0,0
2025-03-08,13,10:00,119,11,15.2,0,1,30.13,0,2025-03-08 04:00:00,2025-03-08 08:00:00,W,Gerrard St East  at Coxwell Ave,0,0,0,0
2025-03-08,13,10:00,119,11,15.2,0,1,30.13,0,2025-03-08 04:00:00,2025-03-08 08:00:00,W,Coxwell Ave at Lower Gerrard St East,0,0,0,0
2025-03-08,13,10:00,119,11,15.2,0,1,30.13,0,2025-03-08 04:00:00,2025-03-08 08:00:00,W,Ashdale Ave,0,0,0,0
2025-03-08,13,10:00,119,11,15.2,0,1,30.13,0,2025-03-08 04:00:00,2025-03-08 08:00:00,W,Howard Park Ave at Indian Rd,0,0,0,0
2025-03-08,13,10:00,119,11,15.2,0,1,30.13,0,2025-03-08 04:00:00,2025-03-08 08:00:00,W,Dundas St West at Howard Park Ave,0,0,0,0
2025-03-08,13,10:00,119,11,15.2,0,1,30.13,0,2025-03-08 04:00:00,2025-03-08 08:00:00,W,Main St at Gerrard St East,0,0,0,0
2025-03-08,13,10:00,119,11,15.2,0,1,30.13,0,2025-03-08 04:00:00,2025-03-08 08:00:00,W,Main St,0,0,0,0
2025-03-08,13,10:00,119,11,15.2,0,1,30.13,0,2025-03-08 04:00:00,2025-03-08 08:00:00,W,Main St at Danforth Ave,0,0,0,0
2025-03-08,13,10:00,119,11,15.2,0,1,30.13,0,2025-03-08 04:00:00,2025-03-08 08:00:00,W,Howard Park Ave at Parkside Dr,0,0,0,0
2025-03-15,13,10:00,119,11,15.2,0,1,30.13,0,2025-03-15 04:00:00,2025-03-15 08:00:00,E,Woodfield Rd,1,0,1,0
2025-03-15,13,10:00,119,11,15.2,0,1,30.13,0,2025-03-15 04:00:00,2025-03-15 08:00:00,E,Coxwell Ave at Gerrard St East,0,0,0,0
2025-03-15,13,10:00,119,11,15.2,0,1,30.13,0,2025-03-15 04:00:00,2025-03-15 08:00:00,E,Euclid Ave,1,0,1,0
2025-03-15,13,10:00,119,11,15.2,0,1,30.13,0,2025-03-15 04:00:00,2025-03-15 08:00:00,E,Bowmore Rd,1,3,1,0
2025-03-15,13,10:00,119,11,15.2,0,1,30.13,0,2025-03-15 04:00:00,2025-03-15 08:00:00,E,Bay St,1,0,1,0
2025-03-15,13,10:00,119,11,15.2,0,1,30.13,0,2025-03-15 04:00:00,2025-03-15 08:00:00,E,Lansdowne Ave,1,3,1,0
2025-03-15,13,10:00,119,11,15.2,0,1,30.13,0,2025-03-15 04:00:00,2025-03-15 08:00:00,E,Indian Rd,0,0,0,0
2025-03-15,13,10:00,119,11,15.2,0,1,30.13,0,2025-03-15 04:00:00,2025-03-15 08:00:00,E,Grace St,0,0,0,0
2025-03-15,13,10:00,119,11,15.2,0,1,30.13,0,2025-03-15 04:00:00,2025-03-15 08:00:00,E,Dufferin St,1,0,1,0
2025-03-15,13,10:00,119,11,15.2,0,1,30.13,0,2025-03-15 04:00:00,2025-03-15 08:00:00,E,Gerrard St East at Beaton Ave,1,3,1,0
2025-03-15,13,10:00,119,11,15.2,0,1,30.13,0,2025-03-15 04:00:00,2025-03-15 08:00:00,E,Bathurst St,0,0,0,0
2025-03-15,13,10:00,119,11,15.2,0,1,30.13,0,2025-03-15 04:00:00,2025-03-15 08:00:00,E,Yonge St - College Station,1,0,1,0
2025-03-15,13,10:00,119,11,15.2,0,1,30.13,0,2025-03-15 04:00:00,2025-03-15 08:00:00,E,Dundas St West at Sterling Rd,0,0,0,0
2025-03-15,13,10:00,119,11,15.2,0,1,30.13,0,2025-03-15 04:00:00,2025-03-15 08:00:00,E,Brock Ave,1,2,1,0
2025-03-15,13,10:00,119,11,15.2,0,1,30.13,0,2025-03-15 04:00:00,2025-03-15 08:00:00,E,Sackville St,0,0,0,0
2025-03-15,13,10:00,119,11,15.2,0,1,30.13,0,2025-03-15 04:00:00,2025-03-15 08:00:00,E,Carlaw Ave,1,0,1,0
2025-03-15,13,10:00,119,11,15.2,0,1,30.13,0,2025-03-15 04:00:00,2025-03-15 08:00:00,E,Borden St,0,0,1,0
2025-03-15,13,10:00,119,11,15.2,0,1,30.13,0,2025-03-15 04:00:00,2025-03-15 08:00:00,E,Dundas St West at Sorauren Ave,0,0,0,0
2025-03-15,13,10:00,119,11,15.2,0,1,30.13,0,2025-03-15 04:00:00,2025-03-15 08:00:00,E,Crawford St,0,0,0,0
2025-03-15,13,10:00,119,11,15.2,0,1,30.13,0,2025-03-15 04:00:00,2025-03-15 08:00:00,E,Pape Ave,1,0,1,0
2025-03-15,13,10:00,119,11,15.2,0,1,30.13,0,2025-03-15 04:00:00,2025-03-15 08:00:00,E,Spadina Ave,0,0,1,0
2025-03-15,13,10:00,119,11,15.2,0,1,30.13,0,2025-03-15 04:00:00,2025-03-15 08:00:00,E,River St,0,0,0,0
2025-03-15,13,10:00,119,11,15.2,0,1,30.13,0,2025-03-15 04:00:00,2025-03-15 08:00:00,E,Marjory Ave,1,0,1,0
2025-03-15,13,10:00,119,11,15.2,0,1,30.13,0,2025-03-15 04:00:00,2025-03-15 08:00:00,E,Kingsmount Park Rd,1,3,1,0
2025-03-15,13,10:00,119,11,15.2,0,1,30.13,0,2025-03-15 04:00:00,2025-03-15 08:00:00,E,Church St,0,0,0,0
2025-03-15,13,10:00,119,11,15.2,0,1,30.13,0,2025-03-15 04:00:00,2025-03-15 08:00:00,E,Ossington Ave,0,0,1,0
2025-03-15,13,10:00,119,11,15.2,0,1,30.13,0,2025-03-15 04:00:00,2025-03-15 08:00:00,E,Woodbine Ave,1,3,1,0
2025-03-15,13,10:00,119,11,15.2,0,1,30.13,0,2025-03-15 04:00:00,2025-03-15 08:00:00,E,Jones Ave,1,0,1,0
2025-03-15,13,10:00,119,11,15.2,0,1,30.13,0,2025-03-15 04:00:00,2025-03-15 08:00:00,E,Golfview Ave,1,3,1,0
2025-03-15,13,10:00,119,11,15.2,0,1,30.13,0,2025-03-15 04:00:00,2025-03-15 08:00:00,E,Leslie St,1,0,1,0
2025-03-15,13,10:00,119,11,15.2,0,1,30.13,0,2025-03-15 04:00:00,2025-03-15 08:00:00,E,St Matthews Rd,0,0,0,0
2025-03-15,13,10:00,119,11,15.2,0,1,30.13,0,2025-03-15 04:00:00,2025-03-15 08:00:00,E,Jarvis St,0,0,0,0
2025-03-15,13,10:00,119,11,15.2,0,1,30.13,0,2025-03-15 04:00:00,2025-03-15 08:00:00,E,Sherbourne St,0,0,0,0
2025-03-15,13,10:00,119,11,15.2,0,1,30.13,0,2025-03-15 04:00:00,2025-03-15 08:00:00,E,St George St,0,0,1,0
2025-03-15,13,10:00,119,11,15.2,0,1,30.13,0,2025-03-15 04:00:00,2025-03-15 08:00:00,E,Dovercourt Rd,1,0,1,0
2025-03-15,13,10:00,119,11,15.2,0,1,30.13,0,2025-03-15 04:00:00,2025-03-15 08:00:00,E,Glenmount Park Rd,1,3,1,0
2025-03-15,13,10:00,119,11,15.2,0,1,30.13,0,2025-03-15 04:00:00,2025-03-15 08:00:00,E,Prust Ave,1,0,1,0
2025-03-15,13,10:00,119,11,15.2,0,1,30.13,0,2025-03-15 04:00:00,2025-03-15 08:00:00,E,Main Street Station at Bay 7,0,0,0,0
2025-03-15,13,10:00,119,11,15.2,0,1,30.13,0,2025-03-15 04:00:00,2025-03-15 08:00:00,E,Norwood Rd,1,3,1,0
2025-03-15,13,10:00,119,11,15.2,0,1,30.13,0,2025-03-15 04:00:00,2025-03-15 08:00:00,E,McCaul St,0,0,1,0
2025-03-15,13,10:00,119,11,15.2,0,1,30.13,0,2025-03-15 04:00:00,2025-03-15 08:00:00,E,Broadview Ave,1,0,1,0
2025-03-15,13,10:00,119,11,15.2,0,1,30.13,0,2025-03-15 04:00:00,2025-03-15 08:00:00,E,Ontario St,0,0,0,0
2025-03-15,13,10:00,119,11,15.2,0,1,30.13,0,2025-03-15 04:00:00,2025-03-15 08:00:00,E,Rusholme Park Cres,0,0,0,0
2025-03-15,13,10:00,119,11,15.2,0,1,30.13,0,2025-03-15 04:00:00,2025-03-15 08:00:00,E,Havelock St,1,0,1,0
2025-03-15,13,10:00,119,11,15.2,0,1,30.13,0,2025-03-15 04:00:00,2025-03-15 08:00:00,E,High Park Loop,0,0,0,0
2025-03-15,13,10:00,119,11,15.2,0,1,30.13,0,2025-03-15 04:00:00,2025-03-15 08:00:00,E,Queens Park (Queen's Park Station),1,0,1,0
2025-03-15,13,10:00,119,11,15.2,0,1,30.13,0,2025-03-15 04:00:00,2025-03-15 08:00:00,E,Roncesvalles Ave,0,0,0,0
2025-03-15,13,10:00,119,11,15.2,0,1,30.13,0,2025-03-15 04:00:00,2025-03-15 08:00:00,E,De Grassi St,0,0,1,0
2025-03-15,13,10:00,119,11,15.2,0,1,30.13,0,2025-03-15 04:00:00,2025-03-15 08:00:00,E,Parliament St at Carlton St,0,0,0,0
2025-03-15,13,10:00,119,11,15.2,0,1,30.13,0,2025-03-15 04:00:00,2025-03-15 08:00:00,E,Parkside Dr East Side,0,0,1,0
2025-03-15,13,10:00,119,11,15.2,0,1,30.13,0,2025-03-15 04:00:00,2025-03-15 08:00:00,E,Dundas St West,0,0,0,0
2025-03-15,13,10:00,119,11,15.2,0,1,30.13,0,2025-03-15 04:00:00,2025-03-15 08:00:00,E,Howard Park Ave at Roncesvalles Ave,0,0,0,0
2025-03-15,13,10:00,119,11,15.2,0,1,30.13,0,2025-03-15 04:00:00,2025-03-15 08:00:00,E,Parliament St,0,0,0,0
2025-03-15,13,10:00,119,11,15.2,0,1,30.13,0,2025-03-15 04:00:00,2025-03-15 08:00:00,E,Parliament St at Gerrard St East,0,0,0,0
2025-03-15,13,10:00,119,11,15.2,0,1,30.13,0,2025-03-15 04:00:00,2025-03-15 08:00:00,E,Sumach St,0,0,0,0
2025-03-15,13,10:00,119,11,15.2,0,1,30.13,0,2025-03-15 04:00:00,2025-03-15 08:00:00,E,Blackburn St,0,0,0,0
2025-03-15,13,10:00,119,11,15.2,0,1,30.13,0,2025-03-15 04:00:00,2025-03-15 08:00:00,E,Logan Ave,0,0,0,0
2025-03-15,13,10:00,119,11,15.2,0,1,30.13,0,2025-03-15 04:00:00,2025-03-15 08:00:00,E,Augusta Ave,0,0,0,0
2025-03-15,13,10:00,119,11,15.2,0,1,30.13,0,2025-03-15 04:00:00,2025-03-15 08:00:00,E,Beverley St,0,0,0,0
2025-03-15,13,10:00,119,11,15.2,0,1,30.13,0,2025-03-15 04:00:00,2025-03-15 08:00:00,E,University Ave (Queen's Park Station,0,0,0,0
2025-03-15,13,10:00,119,11,15.2,0,1,30.13,0,2025-03-15 04:00:00,2025-03-15 08:00:00,E,Elizabeth St,0,0,0,0
2025-03-15,13,10:00,119,11,15.2,0,1,30.13,0,2025-03-15 04:00:00,2025-03-15 08:00:00,E,Greenwood Ave,0,0,0,0
2025-03-15,13,10:00,119,11,15.2,0,1,30.13,0,2025-03-15 04:00:00,2025-03-15 08:00:00,E,Alton Ave,0,0,0,0
2025-03-15,13,10:00,119,11,15.2,0,1,30.13,0,2025-03-15 04:00:00,2025-03-15 08:00:00,E,Coxwell Ave,0,0,0,0
2025-03-15,13,10:00,119,11,15.2,0,1,30.13,0,2025-03-15 04:00:00,2025-03-15 08:00:00,E,Gerrard St East  at Coxwell Ave,0,0,0,0
2025-03-15,13,10:00,119,11,15.2,0,1,30.13,0,2025-03-15 04:00:00,2025-03-15 08:00:00,E,Coxwell Ave at Lower Gerrard St East,0,0,0,0
2025-03-15,13,10:00,119,11,15.2,0,1,30.13,0,2025-03-15 04:00:00,2025-03-15 08:00:00,E,Ashdale Ave,0,0,0,0
2025-03-15,13,10:00,119,11,15.2,0,1,30.13,0,2025-03-15 04:00:00,2025-03-15 08:00:00,E,Howard Park Ave at Indian Rd,0,0,0,0
2025-03-15,13,10:00,119,11,15.2,0,1,30.13,0,2025-03-15 04:00:00,2025-03-15 08:00:00,E,Dundas St West at Howard Park Ave,0,0,0,0
2025-03-15,13,10:00,119,11,15.2,0,1,30.13,0,2025-03-15 04:00:00,2025-03-15 08:00:00,E,Main St at Gerrard St East,0,0,0,0
2025-03-15,13,10:00,119,11,15.2,0,1,30.13,0,2025-03-15 04:00:00,2025-03-15 08:00:00,E,Main St,0,0,0,0
2025-03-15,13,10:00,119,11,15.2,0,1,30.13,0,2025-03-15 04:00:00,2025-03-15 08:00:00,E,Main St at Danforth Ave,0,0,0,0
2025-03-15,13,10:00,119,11,15.2,0,1,30.13,0,2025-03-15 04:00:00,2025-03-15 08:00:00,E,Howard Park Ave at Parkside Dr,0,0,0,0
2025-03-15,13,10:00,119,11,15.2,0,1,30.13,0,2025-03-15 04:00:00,2025-03-15 08:00:00,W,Woodfield Rd,2,1,0,0
2025-03-15,13,10:00,119,11,15.2,0,1,30.13,0,2025-03-15 04:00:00,2025-03-15 08:00:00,W,Coxwell Ave at Gerrard St East,2,1,0,0
2025-03-15,13,10:00,119,11,15.2,0,1,30.13,0,2025-03-15 04:00:00,2025-03-15 08:00:00,W,Euclid Ave,0,0,0,0
2025-03-15,13,10:00,119,11,15.2,0,1,30.13,0,2025-03-15 04:00:00,2025-03-15 08:00:00,W,Bowmore Rd,0,1,0,0
2025-03-15,13,10:00,119,11,15.2,0,1,30.13,0,2025-03-15 04:00:00,2025-03-15 08:00:00,W,Bay St,1,0,0,0
2025-03-15,13,10:00,119,11,15.2,0,1,30.13,0,2025-03-15 04:00:00,2025-03-15 08:00:00,W,Lansdowne Ave,0,1,0,0
2025-03-15,13,10:00,119,11,15.2,0,1,30.13,0,2025-03-15 04:00:00,2025-03-15 08:00:00,W,Indian Rd,1,1,0,0
2025-03-15,13,10:00,119,11,15.2,0,1,30.13,0,2025-03-15 04:00:00,2025-03-15 08:00:00,W,Grace St,0,0,0,0
2025-03-15,13,10:00,119,11,15.2,0,1,30.13,0,2025-03-15 04:00:00,2025-03-15 08:00:00,W,Dufferin St,2,1,0,0
2025-03-15,13,10:00,119,11,15.2,0,1,30.13,0,2025-03-15 04:00:00,2025-03-15 08:00:00,W,Gerrard St East at Beaton Ave,0,1,0,0
2025-03-15,13,10:00,119,11,15.2,0,1,30.13,0,2025-03-15 04:00:00,2025-03-15 08:00:00,W,Bathurst St,0,0,0,0
2025-03-15,13,10:00,119,11,15.2,0,1,30.13,0,2025-03-15 04:00:00,2025-03-15 08:00:00,W,Yonge St - College Station,0,0,0,0
2025-03-15,13,10:00,119,11,15.2,0,1,30.13,0,2025-03-15 04:00:00,2025-03-15 08:00:00,W,Dundas St West at Sterling Rd,0,0,0,0
2025-03-15,13,10:00,119,11,15.2,0,1,30.13,0,2025-03-15 04:00:00,2025-03-15 08:00:00,W,Brock Ave,0,0,0,0
2025-03-15,13,10:00,119,11,15.2,0,1,30.13,0,2025-03-15 04:00:00,2025-03-15 08:00:00,W,Sackville St,2,0,0,0
2025-03-15,13,10:00,119,11,15.2,0,1,30.13,0,2025-03-15 04:00:00,2025-03-15 08:00:00,W,Carlaw Ave,0,0,0,0
2025-03-15,13,10:00,119,11,15.2,0,1,30.13,0,2025-03-15 04:00:00,2025-03-15 08:00:00,W,Borden St,0,0,0,0
2025-03-15,13,10:00,119,11,15.2,0,1,30.13,0,2025-03-15 04:00:00,2025-03-15 08:00:00,W,Dundas St West at Sorauren Ave,1,1,0,0
2025-03-15,13,10:00,119,11,15.2,0,1,30.13,0,2025-03-15 04:00:00,2025-03-15 08:00:00,W,Crawford St,0,0,0,0
2025-03-15,13,10:00,119,11,15.2,0,1,30.13,0,2025-03-15 04:00:00,2025-03-15 08:00:00,W,Pape Ave,0,0,0,0
2025-03-15,13,10:00,119,11,15.2,0,1,30.13,0,2025-03-15 04:00:00,2025-03-15 08:00:00,W,Spadina Ave,1,1,0,0
2025-03-15,13,10:00,119,11,15.2,0,1,30.13,0,2025-03-15 04:00:00,2025-03-15 08:00:00,W,River St,2,0,0,0
2025-03-15,13,10:00,119,11,15.2,0,1,30.13,0,2025-03-15 04:00:00,2025-03-15 08:00:00,W,Marjory Ave,0,0,0,0
2025-03-15,13,10:00,119,11,15.2,0,1,30.13,0,2025-03-15 04:00:00,2025-03-15 08:00:00,W,Kingsmount Park Rd,0,0,0,0
2025-03-15,13,10:00,119,11,15.2,0,1,30.13,0,2025-03-15 04:00:00,2025-03-15 08:00:00,W,Church St,0,0,0,0
2025-03-15,13,10:00,119,11,15.2,0,1,30.13,0,2025-03-15 04:00:00,2025-03-15 08:00:00,W,Ossington Ave,0,0,0,0
2025-03-15,13,10:00,119,11,15.2,0,1,30.13,0,2025-03-15 04:00:00,2025-03-15 08:00:00,W,Woodbine Ave,0,0,0,0
2025-03-15,13,10:00,119,11,15.2,0,1,30.13,0,2025-03-15 04:00:00,2025-03-15 08:00:00,W,Jones Ave,0,0,0,0
2025-03-15,13,10:00,119,11,15.2,0,1,30.13,0,2025-03-15 04:00:00,2025-03-15 08:00:00,W,Golfview Ave,0,0,0,0
2025-03-15,13,10:00,119,11,15.2,0,1,30.13,0,2025-03-15 04:00:00,2025-03-15 08:00:00,W,Leslie St,0,0,0,0
2025-03-15,13,10:00,119,11,15.2,0,1,30.13,0,2025-03-15 04:00:00,2025-03-15 08:00:00,W,St Matthews Rd,0,0,0,0
2025-03-15,13,10:00,119,11,15.2,0,1,30.13,0,2025-03-15 04:00:00,2025-03-15 08:00:00,W,Jarvis St,0,0,0,0
2025-03-15,13,10:00,119,11,15.2,0,1,30.13,0,2025-03-15 04:00:00,2025-03-15 08:00:00,W,Sherbourne St,0,0,0,0
2025-03-15,13,10:00,119,11,15.2,0,1,30.13,0,2025-03-15 04:00:00,2025-03-15 08:00:00,W,St George St,0,0,0,0
2025-03-15,13,10:00,119,11,15.2,0,1,30.13,0,2025-03-15 04:00:00,2025-03-15 08:00:00,W,Dovercourt Rd,0,0,0,0
2025-03-15,13,10:00,119,11,15.2,0,1,30.13,0,2025-03-15 04:00:00,2025-03-15 08:00:00,W,Glenmount Park Rd,0,0,0,0
2025-03-15,13,10:00,119,11,15.2,0,1,30.13,0,2025-03-15 04:00:00,2025-03-15 08:00:00,W,Prust Ave,0,0,0,0
2025-03-15,13,10:00,119,11,15.2,0,1,30.13,0,2025-03-15 04:00:00,2025-03-15 08:00:00,W,Main Street Station at Bay 7,0,1,0,0
2025-03-15,13,10:00,119,11,15.2,0,1,30.13,0,2025-03-15 04:00:00,2025-03-15 08:00:00,W,Norwood Rd,0,0,0,0
2025-03-15,13,10:00,119,11,15.2,0,1,30.13,0,2025-03-15 04:00:00,2025-03-15 08:00:00,W,McCaul St,0,0,0,0
2025-03-15,13,10:00,119,11,15.2,0,1,30.13,0,2025-03-15 04:00:00,2025-03-15 08:00:00,W,Broadview Ave,0,0,0,0
2025-03-15,13,10:00,119,11,15.2,0,1,30.13,0,2025-03-15 04:00:00,2025-03-15 08:00:00,W,Ontario St,0,0,0,0
2025-03-15,13,10:00,119,11,15.2,0,1,30.13,0,2025-03-15 04:00:00,2025-03-15 08:00:00,W,Rusholme Park Cres,0,0,0,0
2025-03-15,13,10:00,119,11,15.2,0,1,30.13,0,2025-03-15 04:00:00,2025-03-15 08:00:00,W,Havelock St,0,0,0,0
2025-03-15,13,10:00,119,11,15.2,0,1,30.13,0,2025-03-15 04:00:00,2025-03-15 08:00:00,W,High Park Loop,0,0,0,0
2025-03-15,13,10:00,119,11,15.2,0,1,30.13,0,2025-03-15 04:00:00,2025-03-15 08:00:00,W,Queens Park (Queen's Park Station),0,0,0,0
2025-03-15,13,10:00,119,11,15.2,0,1,30.13,0,2025-03-15 04:00:00,2025-03-15 08:00:00,W,Roncesvalles Ave,1,1,0,0
2025-03-15,13,10:00,119,11,15.2,0,1,30.13,0,2025-03-15 04:00:00,2025-03-15 08:00:00,W,De Grassi St,0,0,0,0
2025-03-15,13,10:00,119,11,15.2,0,1,30.13,0,2025-03-15 04:00:00,2025-03-15 08:00:00,W,Parliament St at Carlton St,0,0,0,0
2025-03-15,13,10:00,119,11,15.2,0,1,30.13,0,2025-03-15 04:00:00,2025-03-15 08:00:00,W,Parkside Dr East Side,0,0,0,0
2025-03-15,13,10:00,119,11,15.2,0,1,30.13,0,2025-03-15 04:00:00,2025-03-15 08:00:00,W,Dundas St West,1,1,0,0
2025-03-15,13,10:00,119,11,15.2,0,1,30.13,0,2025-03-15 04:00:00,2025-03-15 08:00:00,W,Howard Park Ave at Roncesvalles Ave,0,0,0,0
2025-03-15,13,10:00,119,11,15.2,0,1,30.13,0,2025-03-15 04:00:00,2025-03-15 08:00:00,W,Parliament St,0,0,0,0
2025-03-15,13,10:00,119,11,15.2,0,1,30.13,0,2025-03-15 04:00:00,2025-03-15 08:00:00,W,Parliament St at Gerrard St East,0,0,0,0
2025-03-15,13,10:00,119,11,15.2,0,1,30.13,0,2025-03-15 04:00:00,2025-03-15 08:00:00,W,Sumach St,0,0,0,0
2025-03-15,13,10:00,119,11,15.2,0,1,30.13,0,2025-03-15 04:00:00,2025-03-15 08:00:00,W,Blackburn St,0,0,0,0
2025-03-15,13,10:00,119,11,15.2,0,1,30.13,0,2025-03-15 04:00:00,2025-03-15 08:00:00,W,Logan Ave,0,0,0,0
2025-03-15,13,10:00,119,11,15.2,0,1,30.13,0,2025-03-15 04:00:00,2025-03-15 08:00:00,W,Augusta Ave,0,0,0,0
2025-03-15,13,10:00,119,11,15.2,0,1,30.13,0,2025-03-15 04:00:00,2025-03-15 08:00:00,W,Beverley St,0,0,0,0
2025-03-15,13,10:00,119,11,15.2,0,1,30.13,0,2025-03-15 04:00:00,2025-03-15 08:00:00,W,University Ave (Queen's Park Station,0,0,0,0
2025-03-15,13,10:00,119,11,15.2,0,1,30.13,0,2025-03-15 04:00:00,2025-03-15 08:00:00,W,Elizabeth St,0,0,0,0
2025-03-15,13,10:00,119,11,15.2,0,1,30.13,0,2025-03-15 04:00:00,2025-03-15 08:00:00,W,Greenwood Ave,0,0,0,0
2025-03-15,13,10:00,119,11,15.2,0,1,30.13,0,2025-03-15 04:00:00,2025-03-15 08:00:00,W,Alton Ave,0,0,0,0
2025-03-15,13,10:00,119,11,15.2,0,1,30.13,0,2025-03-15 04:00:00,2025-03-15 08:00:00,W,Coxwell Ave,0,0,0,0
2025-03-15,13,10:00,119,11,15.2,0,1,30.13,0,2025-03-15 04:00:00,2025-03-15 08:00:00,W,Gerrard St East  at Coxwell Ave,0,0,0,0
2025-03-15,13,10:00,119,11,15.2,0,1,30.13,0,2025-03-15 04:00:00,2025-03-15 08:00:00,W,Coxwell Ave at Lower Gerrard St East,0,0,0,0
2025-03-15,13,10:00,119,11,15.2,0,1,30.13,0,2025-03-15 04:00:00,2025-03-15 08:00:00,W,Ashdale Ave,0,0,0,0
2025-03-15,13,10:00,119,11,15.2,0,1,30.13,0,2025-03-15 04:00:00,2025-03-15 08:00:00,W,Howard Park Ave at Indian Rd,0,0,0,0
2025-03-15,13,10:00,119,11,15.2,0,1,30.13,0,2025-03-15 04:00:00,2025-03-15 08:00:00,W,Dundas St West at Howard Park Ave,0,0,0,0
2025-03-15,13,10:00,119,11,15.2,0,1,30.13,0,2025-03-15 04:00:00,2025-03-15 08:00:00,W,Main St at Gerrard St East,0,0,0,0
2025-03-15,13,10:00,119,11,15.2,0,1,30.13,0,2025-03-15 04:00:00,2025-03-15 08:00:00,W,Main St,0,0,0,0
2025-03-15,13,10:00,119,11,15.2,0,1,30.13,0,2025-03-15 04:00:00,2025-03-15 08:00:00,W,Main St at Danforth Ave,0,0,0,0
2025-03-15,13,10:00,119,11,15.2,0,1,30.13,0,2025-03-15 04:00:00,2025-03-15 08:00:00,W,Howard Park Ave at Parkside Dr,0,0,0,0
2025-03-22,13,10:00,119,11,15.2,0,1,30.13,0,2025-03-22 04:00:00,2025-03-22 08:00:00,E,Woodfield Rd,1,0,0,0
2025-03-22,13,10:00,119,11,15.2,0,1,30.13,0,2025-03-22 04:00:00,2025-03-22 08:00:00,E,Coxwell Ave at Gerrard St East,0,0,0,0
2025-03-22,13,10:00,119,11,15.2,0,1,30.13,0,2025-03-22 04:00:00,2025-03-22 08:00:00,E,Euclid Ave,0,0,0,0
2025-03-22,13,10:00,119,11,15.2,0,1,30.13,0,2025-03-22 04:00:00,2025-03-22 08:00:00,E,Bowmore Rd,1,2,0,0
2025-03-22,13,10:00,119,11,15.2,0,1,30.13,0,2025-03-22 04:00:00,2025-03-22 08:00:00,E,Bay St,1,0,0,0
2025-03-22,13,10:00,119,11,15.2,0,1,30.13,0,2025-03-22 04:00:00,2025-03-22 08:00:00,E,Lansdowne Ave,1,2,0,0
2025-03-22,13,10:00,119,11,15.2,0,1,30.13,0,2025-03-22 04:00:00,2025-03-22 08:00:00,E,Indian Rd,0,0,0,0
2025-03-22,13,10:00,119,11,15.2,0,1,30.13,0,2025-03-22 04:00:00,2025-03-22 08:00:00,E,Grace St,0,0,0,0
2025-03-22,13,10:00,119,11,15.2,0,1,30.13,0,2025-03-22 04:00:00,2025-03-22 08:00:00,E,Dufferin St,1,0,0,0
2025-03-22,13,10:00,119,11,15.2,0,1,30.13,0,2025-03-22 04:00:00,2025-03-22 08:00:00,E,Gerrard St East at Beaton Ave,1,2,0,0
2025-03-22,13,10:00,119,11,15.2,0,1,30.13,0,2025-03-22 04:00:00,2025-03-22 08:00:00,E,Bathurst St,0,0,0,0
2025-03-22,13,10:00,119,11,15.2,0,1,30.13,0,2025-03-22 04:00:00,2025-03-22 08:00:00,E,Yonge St - College Station,1,0,0,0
2025-03-22,13,10:00,119,11,15.2,0,1,30.13,0,2025-03-22 04:00:00,2025-03-22 08:00:00,E,Dundas St West at Sterling Rd,0,0,0,0
2025-03-22,13,10:00,119,11,15.2,0,1,30.13,0,2025-03-22 04:00:00,2025-03-22 08:00:00,E,Brock Ave,1,3,0,0
2025-03-22,13,10:00,119,11,15.2,0,1,30.13,0,2025-03-22 04:00:00,2025-03-22 08:00:00,E,Sackville St,0,0,0,0
2025-03-22,13,10:00,119,11,15.2,0,1,30.13,0,2025-03-22 04:00:00,2025-03-22 08:00:00,E,Carlaw Ave,1,0,0,0
2025-03-22,13,10:00,119,11,15.2,0,1,30.13,0,2025-03-22 04:00:00,2025-03-22 08:00:00,E,Borden St,0,0,0,0
2025-03-22,13,10:00,119,11,15.2,0,1,30.13,0,2025-03-22 04:00:00,2025-03-22 08:00:00,E,Dundas St West at Sorauren Ave,0,0,0,0
2025-03-22,13,10:00,119,11,15.2,0,1,30.13,0,2025-03-22 04:00:00,2025-03-22 08:00:00,E,Crawford St,0,0,0,0
2025-03-22,13,10:00,119,11,15.2,0,1,30.13,0,2025-03-22 04:00:00,2025-03-22 08:00:00,E,Pape Ave,1,0,0,0
2025-03-22,13,10:00,119,11,15.2,0,1,30.13,0,2025-03-22 04:00:00,2025-03-22 08:00:00,E,Spadina Ave,1,0,0,0
2025-03-22,13,10:00,119,11,15.2,0,1,30.13,0,2025-03-22 04:00:00,2025-03-22 08:00:00,E,River St,0,0,0,0
2025-03-22,13,10:00,119,11,15.2,0,1,30.13,0,2025-03-22 04:00:00,2025-03-22 08:00:00,E,Marjory Ave,1,0,0,0
2025-03-22,13,10:00,119,11,15.2,0,1,30.13,0,2025-03-22 04:00:00,2025-03-22 08:00:00,E,Kingsmount Park Rd,1,2,0,0
2025-03-22,13,10:00,119,11,15.2,0,1,30.13,0,2025-03-22 04:00:00,2025-03-22 08:00:00,E,Church St,0,0,0,0
2025-03-22,13,10:00,119,11,15.2,0,1,30.13,0,2025-03-22 04:00:00,2025-03-22 08:00:00,E,Ossington Ave,1,0,0,0
2025-03-22,13,10:00,119,11,15.2,0,1,30.13,0,2025-03-22 04:00:00,2025-03-22 08:00:00,E,Woodbine Ave,1,2,0,0
2025-03-22,13,10:00,119,11,15.2,0,1,30.13,0,2025-03-22 04:00:00,2025-03-22 08:00:00,E,Jones Ave,1,0,0,0
2025-03-22,13,10:00,119,11,15.2,0,1,30.13,0,2025-03-22 04:00:00,2025-03-22 08:00:00,E,Golfview Ave,1,2,0,0
2025-03-22,13,10:00,119,11,15.2,0,1,30.13,0,2025-03-22 04:00:00,2025-03-22 08:00:00,E,Leslie St,1,0,0,0
2025-03-22,13,10:00,119,11,15.2,0,1,30.13,0,2025-03-22 04:00:00,2025-03-22 08:00:00,E,St Matthews Rd,0,0,0,0
2025-03-22,13,10:00,119,11,15.2,0,1,30.13,0,2025-03-22 04:00:00,2025-03-22 08:00:00,E,Jarvis St,0,0,0,0
2025-03-22,13,10:00,119,11,15.2,0,1,30.13,0,2025-03-22 04:00:00,2025-03-22 08:00:00,E,Sherbourne St,0,0,0,0
2025-03-22,13,10:00,119,11,15.2,0,1,30.13,0,2025-03-22 04:00:00,2025-03-22 08:00:00,E,St George St,1,0,0,0
2025-03-22,13,10:00,119,11,15.2,0,1,30.13,0,2025-03-22 04:00:00,2025-03-22 08:00:00,E,Dovercourt Rd,1,0,0,0
2025-03-22,13,10:00,119,11,15.2,0,1,30.13,0,2025-03-22 04:00:00,2025-03-22 08:00:00,E,Glenmount Park Rd,1,2,0,0
2025-03-22,13,10:00,119,11,15.2,0,1,30.13,0,2025-03-22 04:00:00,2025-03-22 08:00:00,E,Prust Ave,1,0,0,0
2025-03-22,13,10:00,119,11,15.2,0,1,30.13,0,2025-03-22 04:00:00,2025-03-22 08:00:00,E,Main Street Station at Bay 7,0,0,0,0
2025-03-22,13,10:00,119,11,15.2,0,1,30.13,0,2025-03-22 04:00:00,2025-03-22 08:00:00,E,Norwood Rd,1,2,0,0
2025-03-22,13,10:00,119,11,15.2,0,1,30.13,0,2025-03-22 04:00:00,2025-03-22 08:00:00,E,McCaul St,1,0,0,0
2025-03-22,13,10:00,119,11,15.2,0,1,30.13,0,2025-03-22 04:00:00,2025-03-22 08:00:00,E,Broadview Ave,0,0,0,0
2025-03-22,13,10:00,119,11,15.2,0,1,30.13,0,2025-03-22 04:00:00,2025-03-22 08:00:00,E,Ontario St,0,0,0,0
2025-03-22,13,10:00,119,11,15.2,0,1,30.13,0,2025-03-22 04:00:00,2025-03-22 08:00:00,E,Rusholme Park Cres,0,0,0,0
2025-03-22,13,10:00,119,11,15.2,0,1,30.13,0,2025-03-22 04:00:00,2025-03-22 08:00:00,E,Havelock St,1,0,0,0
2025-03-22,13,10:00,119,11,15.2,0,1,30.13,0,2025-03-22 04:00:00,2025-03-22 08:00:00,E,High Park Loop,0,0,0,0
2025-03-22,13,10:00,119,11,15.2,0,1,30.13,0,2025-03-22 04:00:00,2025-03-22 08:00:00,E,Queens Park (Queen's Park Station),1,0,0,0
2025-03-22,13,10:00,119,11,15.2,0,1,30.13,0,2025-03-22 04:00:00,2025-03-22 08:00:00,E,Roncesvalles Ave,0,0,0,0
2025-03-22,13,10:00,119,11,15.2,0,1,30.13,0,2025-03-22 04:00:00,2025-03-22 08:00:00,E,De Grassi St,0,0,0,0
2025-03-22,13,10:00,119,11,15.2,0,1,30.13,0,2025-03-22 04:00:00,2025-03-22 08:00:00,E,Parliament St at Carlton St,0,0,0,0
2025-03-22,13,10:00,119,11,15.2,0,1,30.13,0,2025-03-22 04:00:00,2025-03-22 08:00:00,E,Parkside Dr East Side,0,0,0,0
2025-03-22,13,10:00,119,11,15.2,0,1,30.13,0,2025-03-22 04:00:00,2025-03-22 08:00:00,E,Dundas St West,0,0,0,0
2025-03-22,13,10:00,119,11,15.2,0,1,30.13,0,2025-03-22 04:00:00,2025-03-22 08:00:00,E,Howard Park Ave at Roncesvalles Ave,0,0,0,0
2025-03-22,13,10:00,119,11,15.2,0,1,30.13,0,2025-03-22 04:00:00,2025-03-22 08:00:00,E,Parliament St,0,0,0,0
2025-03-22,13,10:00,119,11,15.2,0,1,30.13,0,2025-03-22 04:00:00,2025-03-22 08:00:00,E,Parliament St at Gerrard St East,0,0,0,0
2025-03-22,13,10:00,119,11,15.2,0,1,30.13,0,2025-03-22 04:00:00,2025-03-22 08:00:00,E,Sumach St,0,0,0,0
2025-03-22,13,10:00,119,11,15.2,0,1,30.13,0,2025-03-22 04:00:00,2025-03-22 08:00:00,E,Blackburn St,0,0,0,0
2025-03-22,13,10:00,119,11,15.2,0,1,30.13,0,2025-03-22 04:00:00,2025-03-22 08:00:00,E,Logan Ave,0,0,0,0
2025-03-22,13,10:00,119,11,15.2,0,1,30.13,0,2025-03-22 04:00:00,2025-03-22 08:00:00,E,Augusta Ave,0,0,0,0
2025-03-22,13,10:00,119,11,15.2,0,1,30.13,0,2025-03-22 04:00:00,2025-03-22 08:00:00,E,Beverley St,0,0,0,0
2025-03-22,13,10:00,119,11,15.2,0,1,30.13,0,2025-03-22 04:00:00,2025-03-22 08:00:00,E,University Ave (Queen's Park Station,0,0,0,0
2025-03-22,13,10:00,119,11,15.2,0,1,30.13,0,2025-03-22 04:00:00,2025-03-22 08:00:00,E,Elizabeth St,0,0,0,0
2025-03-22,13,10:00,119,11,15.2,0,1,30.13,0,2025-03-22 04:00:00,2025-03-22 08:00:00,E,Greenwood Ave,0,0,0,0
2025-03-22,13,10:00,119,11,15.2,0,1,30.13,0,2025-03-22 04:00:00,2025-03-22 08:00:00,E,Alton Ave,0,0,0,0
2025-03-22,13,10:00,119,11,15.2,0,1,30.13,0,2025-03-22 04:00:00,2025-03-22 08:00:00,E,Coxwell Ave,0,0,0,0
2025-03-22,13,10:00,119,11,15.2,0,1,30.13,0,2025-03-22 04:00:00,2025-03-22 08:00:00,E,Gerrard St East  at Coxwell Ave,0,0,0,0
2025-03-22,13,10:00,119,11,15.2,0,1,30.13,0,2025-03-22 04:00:00,2025-03-22 08:00:00,E,Coxwell Ave at Lower Gerrard St East,0,0,0,0
2025-03-22,13,10:00,119,11,15.2,0,1,30.13,0,2025-03-22 04:00:00,2025-03-22 08:00:00,E,Ashdale Ave,0,0,0,0
2025-03-22,13,10:00,119,11,15.2,0,1,30.13,0,2025-03-22 04:00:00,2025-03-22 08:00:00,E,Howard Park Ave at Indian Rd,0,0,0,0
2025-03-22,13,10:00,119,11,15.2,0,1,30.13,0,2025-03-22 04:00:00,2025-03-22 08:00:00,E,Dundas St West at Howard Park Ave,0,0,0,0
2025-03-22,13,10:00,119,11,15.2,0,1,30.13,0,2025-03-22 04:00:00,2025-03-22 08:00:00,E,Main St at Gerrard St East,0,0,0,0
2025-03-22,13,10:00,119,11,15.2,0,1,30.13,0,2025-03-22 04:00:00,2025-03-22 08:00:00,E,Main St,0,0,0,0
2025-03-22,13,10:00,119,11,15.2,0,1,30.13,0,2025-03-22 04:00:00,2025-03-22 08:00:00,E,Main St at Danforth Ave,0,0,0,0
2025-03-22,13,10:00,119,11,15.2,0,1,30.13,0,2025-03-22 04:00:00,2025-03-22 08:00:00,E,Howard Park Ave at Parkside Dr,0,0,0,0
2025-03-22,13,10:00,119,11,15.2,0,1,30.13,0,2025-03-22 04:00:00,2025-03-22 08:00:00,W,Woodfield Rd,2,0,0,0
2025-03-22,13,10:00,119,11,15.2,0,1,30.13,0,2025-03-22 04:00:00,2025-03-22 08:00:00,W,Coxwell Ave at Gerrard St East,1,1,0,0
2025-03-22,13,10:00,119,11,15.2,0,1,30.13,0,2025-03-22 04:00:00,2025-03-22 08:00:00,W,Euclid Ave,0,0,0,0
2025-03-22,13,10:00,119,11,15.2,0,1,30.13,0,2025-03-22 04:00:00,2025-03-22 08:00:00,W,Bowmore Rd,0,1,0,0
2025-03-22,13,10:00,119,11,15.2,0,1,30.13,0,2025-03-22 04:00:00,2025-03-22 08:00:00,W,Bay St,1,0,0,0
2025-03-22,13,10:00,119,11,15.2,0,1,30.13,0,2025-03-22 04:00:00,2025-03-22 08:00:00,W,Lansdowne Ave,0,1,0,0
2025-03-22,13,10:00,119,11,15.2,0,1,30.13,0,2025-03-22 04:00:00,2025-03-22 08:00:00,W,Indian Rd,1,1,1,0
2025-03-22,13,10:00,119,11,15.2,0,1,30.13,0,2025-03-22 04:00:00,2025-03-22 08:00:00,W,Grace St,0,0,0,0
2025-03-22,13,10:00,119,11,15.2,0,1,30.13,0,2025-03-22 04:00:00,2025-03-22 08:00:00,W,Dufferin St,1,1,0,0
2025-03-22,13,10:00,119,11,15.2,0,1,30.13,0,2025-03-22 04:00:00,2025-03-22 08:00:00,W,Gerrard St East at Beaton Ave,0,1,0,0
2025-03-22,13,10:00,119,11,15.2,0,1,30.13,0,2025-03-22 04:00:00,2025-03-22 08:00:00,W,Bathurst St,0,0,0,0
2025-03-22,13,10:00,119,11,15.2,0,1,30.13,0,2025-03-22 04:00:00,2025-03-22 08:00:00,W,Yonge St - College Station,0,0,0,0
2025-03-22,13,10:00,119,11,15.2,0,1,30.13,0,2025-03-22 04:00:00,2025-03-22 08:00:00,W,Dundas St West at Sterling Rd,0,0,0,0
2025-03-22,13,10:00,119,11,15.2,0,1,30.13,0,2025-03-22 04:00:00,2025-03-22 08:00:00,W,Brock Ave,0,0,0,0
2025-03-22,13,10:00,119,11,15.2,0,1,30.13,0,2025-03-22 04:00:00,2025-03-22 08:00:00,W,Sackville St,1,0,0,0
2025-03-22,13,10:00,119,11,15.2,0,1,30.13,0,2025-03-22 04:00:00,2025-03-22 08:00:00,W,Carlaw Ave,0,0,0,0
2025-03-22,13,10:00,119,11,15.2,0,1,30.13,0,2025-03-22 04:00:00,2025-03-22 08:00:00,W,Borden St,0,0,0,0
2025-03-22,13,10:00,119,11,15.2,0,1,30.13,0,2025-03-22 04:00:00,2025-03-22 08:00:00,W,Dundas St West at Sorauren Ave,1,1,0,0
2025-03-22,13,10:00,119,11,15.2,0,1,30.13,0,2025-03-22 04:00:00,2025-03-22 08:00:00,W,Crawford St,0,0,0,0
2025-03-22,13,10:00,119,11,15.2,0,1,30.13,0,2025-03-22 04:00:00,2025-03-22 08:00:00,W,Pape Ave,0,0,0,0
2025-03-22,13,10:00,119,11,15.2,0,1,30.13,0,2025-03-22 04:00:00,2025-03-22 08:00:00,W,Spadina Ave,1,0,0,0
2025-03-22,13,10:00,119,11,15.2,0,1,30.13,0,2025-03-22 04:00:00,2025-03-22 08:00:00,W,River St,1,0,0,0
2025-03-22,13,10:00,119,11,15.2,0,1,30.13,0,2025-03-22 04:00:00,2025-03-22 08:00:00,W,Marjory Ave,0,0,0,0
2025-03-22,13,10:00,119,11,15.2,0,1,30.13,0,2025-03-22 04:00:00,2025-03-22 08:00:00,W,Kingsmount Park Rd,0,0,0,0
2025-03-22,13,10:00,119,11,15.2,0,1,30.13,0,2025-03-22 04:00:00,2025-03-22 08:00:00,W,Church St,0,0,0,0
2025-03-22,13,10:00,119,11,15.2,0,1,30.13,0,2025-03-22 04:00:00,2025-03-22 08:00:00,W,Ossington Ave,0,0,0,0
2025-03-22,13,10:00,119,11,15.2,0,1,30.13,0,2025-03-22 04:00:00,2025-03-22 08:00:00,W,Woodbine Ave,0,0,0,0
2025-03-22,13,10:00,119,11,15.2,0,1,30.13,0,2025-03-22 04:00:00,2025-03-22 08:00:00,W,Jones Ave,0,0,0,0
2025-03-22,13,10:00,119,11,15.2,0,1,30.13,0,2025-03-22 04:00:00,2025-03-22 08:00:00,W,Golfview Ave,0,0,0,0
2025-03-22,13,10:00,119,11,15.2,0,1,30.13,0,2025-03-22 04:00:00,2025-03-22 08:00:00,W,Leslie St,0,0,0,0
2025-03-22,13,10:00,119,11,15.2,0,1,30.13,0,2025-03-22 04:00:00,2025-03-22 08:00:00,W,St Matthews Rd,0,0,0,0
2025-03-22,13,10:00,119,11,15.2,0,1,30.13,0,2025-03-22 04:00:00,2025-03-22 08:00:00,W,Jarvis St,0,0,0,0
2025-03-22,13,10:00,119,11,15.2,0,1,30.13,0,2025-03-22 04:00:00,2025-03-22 08:00:00,W,Sherbourne St,0,0,0,0
2025-03-22,13,10:00,119,11,15.2,0,1,30.13,0,2025-03-22 04:00:00,2025-03-22 08:00:00,W,St George St,0,0,0,0
2025-03-22,13,10:00,119,11,15.2,0,1,30.13,0,2025-03-22 04:00:00,2025-03-22 08:00:00,W,Dovercourt Rd,0,0,0,0
2025-03-22,13,10:00,119,11,15.2,0,1,30.13,0,2025-03-22 04:00:00,2025-03-22 08:00:00,W,Glenmount Park Rd,0,0,0,0
2025-03-22,13,10:00,119,11,15.2,0,1,30.13,0,2025-03-22 04:00:00,2025-03-22 08:00:00,W,Prust Ave,0,0,0,0
2025-03-22,13,10:00,119,11,15.2,0,1,30.13,0,2025-03-22 04:00:00,2025-03-22 08:00:00,W,Main Street Station at Bay 7,0,1,0,0
2025-03-22,13,10:00,119,11,15.2,0,1,30.13,0,2025-03-22 04:00:00,2025-03-22 08:00:00,W,Norwood Rd,0,0,0,0
2025-03-22,13,10:00,119,11,15.2,0,1,30.13,0,2025-03-22 04:00:00,2025-03-22 08:00:00,W,McCaul St,0,0,0,0
2025-03-22,13,10:00,119,11,15.2,0,1,30.13,0,2025-03-22 04:00:00,2025-03-22 08:00:00,W,Broadview Ave,0,0,0,0
2025-03-22,13,10:00,119,11,15.2,0,1,30.13,0,2025-03-22 04:00:00,2025-03-22 08:00:00,W,Ontario St,0,0,0,0
2025-03-22,13,10:00,119,11,15.2,0,1,30.13,0,2025-03-22 04:00:00,2025-03-22 08:00:00,W,Rusholme Park Cres,0,0,0,0
2025-03-22,13,10:00,119,11,15.2,0,1,30.13,0,2025-03-22 04:00:00,2025-03-22 08:00:00,W,Havelock St,0,0,0,0
2025-03-22,13,10:00,119,11,15.2,0,1,30.13,0,2025-03-22 04:00:00,2025-03-22 08:00:00,W,High Park Loop,0,0,0,0
2025-03-22,13,10:00,119,11,15.2,0,1,30.13,0,2025-03-22 04:00:00,2025-03-22 08:00:00,W,Queens Park (Queen's Park Station),0,0,0,0
2025-03-22,13,10:00,119,11,15.2,0,1,30.13,0,2025-03-22 04:00:00,2025-03-22 08:00:00,W,Roncesvalles Ave,1,0,1,0
2025-03-22,13,10:00,119,11,15.2,0,1,30.13,0,2025-03-22 04:00:00,2025-03-22 08:00:00,W,De Grassi St,0,0,0,0
2025-03-22,13,10:00,119,11,15.2,0,1,30.13,0,2025-03-22 04:00:00,2025-03-22 08:00:00,W,Parliament St at Carlton St,0,0,0,0
2025-03-22,13,10:00,119,11,15.2,0,1,30.13,0,2025-03-22 04:00:00,2025-03-22 08:00:00,W,Parkside Dr East Side,0,0,0,0
2025-03-22,13,10:00,119,11,15.2,0,1,30.13,0,2025-03-22 04:00:00,2025-03-22 08:00:00,W,Dundas St West,1,0,0,0
2025-03-22,13,10:00,119,11,15.2,0,1,30.13,0,2025-03-22 04:00:00,2025-03-22 08:00:00,W,Howard Park Ave at Roncesvalles Ave,0,0,0,0
2025-03-22,13,10:00,119,11,15.2,0,1,30.13,0,2025-03-22 04:00:00,2025-03-22 08:00:00,W,Parliament St,0,0,0,0
2025-03-22,13,10:00,119,11,15.2,0,1,30.13,0,2025-03-22 04:00:00,2025-03-22 08:00:00,W,Parliament St at Gerrard St East,0,0,0,0
2025-03-22,13,10:00,119,11,15.2,0,1,30.13,0,2025-03-22 04:00:00,2025-03-22 08:00:00,W,Sumach St,0,0,0,0
2025-03-22,13,10:00,119,11,15.2,0,1,30.13,0,2025-03-22 04:00:00,2025-03-22 08:00:00,W,Blackburn St,0,0,0,0
2025-03-22,13,10:00,119,11,15.2,0,1,30.13,0,2025-03-22 04:00:00,2025-03-22 08:00:00,W,Logan Ave,0,0,0,0
2025-03-22,13,10:00,119,11,15.2,0,1,30.13,0,2025-03-22 04:00:00,2025-03-22 08:00:00,W,Augusta Ave,0,0,0,0
2025-03-22,13,10:00,119,11,15.2,0,1,30.13,0,2025-03-22 04:00:00,2025-03-22 08:00:00,W,Beverley St,0,0,0,0
2025-03-22,13,10:00,119,11,15.2,0,1,30.13,0,2025-03-22 04:00:00,2025-03-22 08:00:00,W,University Ave (Queen's Park Station,0,0,0,0
2025-03-22,13,10:00,119,11,15.2,0,1,30.13,0,2025-03-22 04:00:00,2025-03-22 08:00:00,W,Elizabeth St,0,0,0,0
2025-03-22,13,10:00,119,11,15.2,0,1,30.13,0,2025-03-22 04:00:00,2025-03-22 08:00:00,W,Greenwood Ave,0,0,0,0
2025-03-22,13,10:00,119,11,15.2,0,1,30.13,0,2025-03-22 04:00:00,2025-03-22 08:00:00,W,Alton Ave,0,0,0,0
2025-03-22,13,10:00,119,11,15.2,0,1,30.13,0,2025-03-22 04:00:00,2025-03-22 08:00:00,W,Coxwell Ave,0,0,0,0
2025-03-22,13,10:00,119,11,15.2,0,1,30.13,0,2025-03-22 04:00:00,2025-03-22 08:00:00,W,Gerrard St East  at Coxwell Ave,0,0,0,0
2025-03-22,13,10:00,119,11,15.2,0,1,30.13,0,2025-03-22 04:00:00,2025-03-22 08:00:00,W,Coxwell Ave at Lower Gerrard St East,0,0,0,0
2025-03-22,13,10:00,119,11,15.2,0,1,30.13,0,2025-03-22 04:00:00,2025-03-22 08:00:00,W,Ashdale Ave,0,0,0,0
2025-03-22,13,10:00,119,11,15.2,0,1,30.13,0,2025-03-22 04:00:00,2025-03-22 08:00:00,W,Howard Park Ave at Indian Rd,0,0,0,0
2025-03-22,13,10:00,119,11,15.2,0,1,30.13,0,2025-03-22 04:00:00,2025-03-22 08:00:00,W,Dundas St West at Howard Park Ave,0,0,0,0
2025-03-22,13,10:00,119,11,15.2,0,1,30.13,0,2025-03-22 04:00:00,2025-03-22 08:00:00,W,Main St at Gerrard St East,0,0,0,0
2025-03-22,13,10:00,119,11,15.2,0,1,30.13,0,2025-03-22 04:00:00,2025-03-22 08:00:00,W,Main St,0,0,0,0
2025-03-22,13,10:00,119,11,15.2,0,1,30.13,0,2025-03-22 04:00:00,2025-03-22 08:00:00,W,Main St at Danforth Ave,0,0,0,0
2025-03-22,13,10:00,119,11,15.2,0,1,30.13,0,2025-03-22 04:00:00,2025-03-22 08:00:00,W,Howard Park Ave at Parkside Dr,0,0,0,0
2025-03-29,13,10:00,119,11,15.2,0,1,30.13,0,2025-03-29 04:00:00,2025-03-29 08:00:00,E,Woodfield Rd,1,1,1,1
2025-03-29,13,10:00,119,11,15.2,0,1,30.13,0,2025-03-29 04:00:00,2025-03-29 08:00:00,E,Coxwell Ave at Gerrard St East,0,0,0,0
2025-03-29,13,10:00,119,11,15.2,0,1,30.13,0,2025-03-29 04:00:00,2025-03-29 08:00:00,E,Euclid Ave,0,0,1,1
2025-03-29,13,10:00,119,11,15.2,0,1,30.13,0,2025-03-29 04:00:00,2025-03-29 08:00:00,E,Bowmore Rd,1,3,1,0
2025-03-29,13,10:00,119,11,15.2,0,1,30.13,0,2025-03-29 04:00:00,2025-03-29 08:00:00,E,Bay St,0,0,1,1
2025-03-29,13,10:00,119,11,15.2,0,1,30.13,0,2025-03-29 04:00:00,2025-03-29 08:00:00,E,Lansdowne Ave,1,3,1,1
2025-03-29,13,10:00,119,11,15.2,0,1,30.13,0,2025-03-29 04:00:00,2025-03-29 08:00:00,E,Indian Rd,0,0,2,0
2025-03-29,13,10:00,119,11,15.2,0,1,30.13,0,2025-03-29 04:00:00,2025-03-29 08:00:00,E,Grace St,0,0,0,1
2025-03-29,13,10:00,119,11,15.2,0,1,30.13,0,2025-03-29 04:00:00,2025-03-29 08:00:00,E,Dufferin St,0,1,1,1
2025-03-29,13,10:00,119,11,15.2,0,1,30.13,0,2025-03-29 04:00:00,2025-03-29 08:00:00,E,Gerrard St East at Beaton Ave,1,3,1,0
2025-03-29,13,10:00,119,11,15.2,0,1,30.13,0,2025-03-29 04:00:00,2025-03-29 08:00:00,E,Bathurst St,0,0,1,1
2025-03-29,13,10:00,119,11,15.2,0,1,30.13,0,2025-03-29 04:00:00,2025-03-29 08:00:00,E,Yonge St - College Station,0,1,1,1
2025-03-29,13,10:00,119,11,15.2,0,1,30.13,0,2025-03-29 04:00:00,2025-03-29 08:00:00,E,Dundas St West at Sterling Rd,0,0,0,1
2025-03-29,13,10:00,119,11,15.2,0,1,30.13,0,2025-03-29 04:00:00,2025-03-29 08:00:00,E,Brock Ave,1,3,1,1
2025-03-29,13,10:00,119,11,15.2,0,1,30.13,0,2025-03-29 04:00:00,2025-03-29 08:00:00,E,Sackville St,0,0,0,1
2025-03-29,13,10:00,119,11,15.2,0,1,30.13,0,2025-03-29 04:00:00,2025-03-29 08:00:00,E,Carlaw Ave,0,1,1,1
2025-03-29,13,10:00,119,11,15.2,0,1,30.13,0,2025-03-29 04:00:00,2025-03-29 08:00:00,E,Borden St,0,0,1,1
2025-03-29,13,10:00,119,11,15.2,0,1,30.13,0,2025-03-29 04:00:00,2025-03-29 08:00:00,E,Dundas St West at Sorauren Ave,0,0,0,1
2025-03-29,13,10:00,119,11,15.2,0,1,30.13,0,2025-03-29 04:00:00,2025-03-29 08:00:00,E,Crawford St,0,0,0,1
2025-03-29,13,10:00,119,11,15.2,0,1,30.13,0,2025-03-29 04:00:00,2025-03-29 08:00:00,E,Pape Ave,0,1,1,1
2025-03-29,13,10:00,119,11,15.2,0,1,30.13,0,2025-03-29 04:00:00,2025-03-29 08:00:00,E,Spadina Ave,0,0,1,1
2025-03-29,13,10:00,119,11,15.2,0,1,30.13,0,2025-03-29 04:00:00,2025-03-29 08:00:00,E,River St,0,0,0,1
2025-03-29,13,10:00,119,11,15.2,0,1,30.13,0,2025-03-29 04:00:00,2025-03-29 08:00:00,E,Marjory Ave,0,1,1,1
2025-03-29,13,10:00,119,11,15.2,0,1,30.13,0,2025-03-29 04:00:00,2025-03-29 08:00:00,E,Kingsmount Park Rd,1,3,1,0
2025-03-29,13,10:00,119,11,15.2,0,1,30.13,0,2025-03-29 04:00:00,2025-03-29 08:00:00,E,Church St,0,0,0,0
2025-03-29,13,10:00,119,11,15.2,0,1,30.13,0,2025-03-29 04:00:00,2025-03-29 08:00:00,E,Ossington Ave,0,0,1,1
2025-03-29,13,10:00,119,11,15.2,0,1,30.13,0,2025-03-29 04:00:00,2025-03-29 08:00:00,E,Woodbine Ave,1,3,1,0
2025-03-29,13,10:00,119,11,15.2,0,1,30.13,0,2025-03-29 04:00:00,2025-03-29 08:00:00,E,Jones Ave,1,1,1,1
2025-03-29,13,10:00,119,11,15.2,0,1,30.13,0,2025-03-29 04:00:00,2025-03-29 08:00:00,E,Golfview Ave,1,3,1,0
2025-03-29,13,10:00,119,11,15.2,0,1,30.13,0,2025-03-29 04:00:00,2025-03-29 08:00:00,E,Leslie St,1,1,1,1
2025-03-29,13,10:00,119,11,15.2,0,1,30.13,0,2025-03-29 04:00:00,2025-03-29 08:00:00,E,St Matthews Rd,0,0,0,1
2025-03-29,13,10:00,119,11,15.2,0,1,30.13,0,2025-03-29 04:00:00,2025-03-29 08:00:00,E,Jarvis St,0,0,0,1
2025-03-29,13,10:00,119,11,15.2,0,1,30.13,0,2025-03-29 04:00:00,2025-03-29 08:00:00,E,Sherbourne St,0,0,0,1
2025-03-29,13,10:00,119,11,15.2,0,1,30.13,0,2025-03-29 04:00:00,2025-03-29 08:00:00,E,St George St,0,0,1,1
2025-03-29,13,10:00,119,11,15.2,0,1,30.13,0,2025-03-29 04:00:00,2025-03-29 08:00:00,E,Dovercourt Rd,0,0,1,2
2025-03-29,13,10:00,119,11,15.2,0,1,30.13,0,2025-03-29 04:00:00,2025-03-29 08:00:00,E,Glenmount Park Rd,1,3,1,0
2025-03-29,13,10:00,119,11,15.2,0,1,30.13,0,2025-03-29 04:00:00,2025-03-29 08:00:00,E,Prust Ave,1,1,1,1
2025-03-29,13,10:00,119,11,15.2,0,1,30.13,0,2025-03-29 04:00:00,2025-03-29 08:00:00,E,Main Street Station at Bay 7,0,0,0,0
2025-03-29,13,10:00,119,11,15.2,0,1,30.13,0,2025-03-29 04:00:00,2025-03-29 08:00:00,E,Norwood Rd,1,3,1,0
2025-03-29,13,10:00,119,11,15.2,0,1,30.13,0,2025-03-29 04:00:00,2025-03-29 08:00:00,E,McCaul St,0,0,1,1
2025-03-29,13,10:00,119,11,15.2,0,1,30.13,0,2025-03-29 04:00:00,2025-03-29 08:00:00,E,Broadview Ave,0,0,0,1
2025-03-29,13,10:00,119,11,15.2,0,1,30.13,0,2025-03-29 04:00:00,2025-03-29 08:00:00,E,Ontario St,0,0,0,1
2025-03-29,13,10:00,119,11,15.2,0,1,30.13,0,2025-03-29 04:00:00,2025-03-29 08:00:00,E,Rusholme Park Cres,0,0,0,1
2025-03-29,13,10:00,119,11,15.2,0,1,30.13,0,2025-03-29 04:00:00,2025-03-29 08:00:00,E,Havelock St,1,1,1,1
2025-03-29,13,10:00,119,11,15.2,0,1,30.13,0,2025-03-29 04:00:00,2025-03-29 08:00:00,E,High Park Loop,0,0,4,0
2025-03-29,13,10:00,119,11,15.2,0,1,30.13,0,2025-03-29 04:00:00,2025-03-29 08:00:00,E,Queens Park (Queen's Park Station),0,0,1,1
2025-03-29,13,10:00,119,11,15.2,0,1,30.13,0,2025-03-29 04:00:00,2025-03-29 08:00:00,E,Roncesvalles Ave,0,0,0,1
2025-03-29,13,10:00,119,11,15.2,0,1,30.13,0,2025-03-29 04:00:00,2025-03-29 08:00:00,E,De Grassi St,0,0,0,1
2025-03-29,13,10:00,119,11,15.2,0,1,30.13,0,2025-03-29 04:00:00,2025-03-29 08:00:00,E,Parliament St at Carlton St,0,0,0,1
2025-03-29,13,10:00,119,11,15.2,0,1,30.13,0,2025-03-29 04:00:00,2025-03-29 08:00:00,E,Parkside Dr East Side,0,0,2,0
2025-03-29,13,10:00,119,11,15.2,0,1,30.13,0,2025-03-29 04:00:00,2025-03-29 08:00:00,E,Dundas St West,0,0,0,1
2025-03-29,13,10:00,119,11,15.2,0,1,30.13,0,2025-03-29 04:00:00,2025-03-29 08:00:00,E,Howard Park Ave at Roncesvalles Ave,0,0,0,0
2025-03-29,13,10:00,119,11,15.2,0,1,30.13,0,2025-03-29 04:00:00,2025-03-29 08:00:00,E,Parliament St,0,0,0,0
2025-03-29,13,10:00,119,11,15.2,0,1,30.13,0,2025-03-29 04:00:00,2025-03-29 08:00:00,E,Parliament St at Gerrard St East,0,0,0,0
2025-03-29,13,10:00,119,11,15.2,0,1,30.13,0,2025-03-29 04:00:00,2025-03-29 08:00:00,E,Sumach St,0,0,0,0
2025-03-29,13,10:00,119,11,15.2,0,1,30.13,0,2025-03-29 04:00:00,2025-03-29 08:00:00,E,Blackburn St,0,0,0,0
2025-03-29,13,10:00,119,11,15.2,0,1,30.13,0,2025-03-29 04:00:00,2025-03-29 08:00:00,E,Logan Ave,0,0,0,0
2025-03-29,13,10:00,119,11,15.2,0,1,30.13,0,2025-03-29 04:00:00,2025-03-29 08:00:00,E,Augusta Ave,0,0,0,0
2025-03-29,13,10:00,119,11,15.2,0,1,30.13,0,2025-03-29 04:00:00,2025-03-29 08:00:00,E,Beverley St,0,0,0,0
2025-03-29,13,10:00,119,11,15.2,0,1,30.13,0,2025-03-29 04:00:00,2025-03-29 08:00:00,E,University Ave (Queen's Park Station,0,0,0,0
2025-03-29,13,10:00,119,11,15.2,0,1,30.13,0,2025-03-29 04:00:00,2025-03-29 08:00:00,E,Elizabeth St,0,0,0,0
2025-03-29,13,10:00,119,11,15.2,0,1,30.13,0,2025-03-29 04:00:00,2025-03-29 08:00:00,E,Greenwood Ave,0,0,0,0
2025-03-29,13,10:00,119,11,15.2,0,1,30.13,0,2025-03-29 04:00:00,2025-03-29 08:00:00,E,Alton Ave,0,0,0,0
2025-03-29,13,10:00,119,11,15.2,0,1,30.13,0,2025-03-29 04:00:00,2025-03-29 08:00:00,E,Coxwell Ave,0,0,0,0
2025-03-29,13,10:00,119,11,15.2,0,1,30.13,0,2025-03-29 04:00:00,2025-03-29 08:00:00,E,Gerrard St East  at Coxwell Ave,0,0,0,0
2025-03-29,13,10:00,119,11,15.2,0,1,30.13,0,2025-03-29 04:00:00,2025-03-29 08:00:00,E,Coxwell Ave at Lower Gerrard St East,0,0,0,0
2025-03-29,13,10:00,119,11,15.2,0,1,30.13,0,2025-03-29 04:00:00,2025-03-29 08:00:00,E,Ashdale Ave,0,0,0,0
2025-03-29,13,10:00,119,11,15.2,0,1,30.13,0,2025-03-29 04:00:00,2025-03-29 08:00:00,E,Howard Park Ave at Indian Rd,0,0,0,0
2025-03-29,13,10:00,119,11,15.2,0,1,30.13,0,2025-03-29 04:00:00,2025-03-29 08:00:00,E,Dundas St West at Howard Park Ave,0,0,0,0
2025-03-29,13,10:00,119,11,15.2,0,1,30.13,0,2025-03-29 04:00:00,2025-03-29 08:00:00,E,Main St at Gerrard St East,0,0,0,0
2025-03-29,13,10:00,119,11,15.2,0,1,30.13,0,2025-03-29 04:00:00,2025-03-29 08:00:00,E,Main St,0,0,0,0
2025-03-29,13,10:00,119,11,15.2,0,1,30.13,0,2025-03-29 04:00:00,2025-03-29 08:00:00,E,Main St at Danforth Ave,0,0,0,0
2025-03-29,13,10:00,119,11,15.2,0,1,30.13,0,2025-03-29 04:00:00,2025-03-29 08:00:00,E,Howard Park Ave at Parkside Dr,0,0,0,0
2025-03-29,13,10:00,119,11,15.2,0,1,30.13,0,2025-03-29 04:00:00,2025-03-29 08:00:00,W,Woodfield Rd,0,1,1,0
2025-03-29,13,10:00,119,11,15.2,0,1,30.13,0,2025-03-29 04:00:00,2025-03-29 08:00:00,W,Coxwell Ave at Gerrard St East,0,2,1,0
2025-03-29,13,10:00,119,11,15.2,0,1,30.13,0,2025-03-29 04:00:00,2025-03-29 08:00:00,W,Euclid Ave,0,0,0,0
2025-03-29,13,10:00,119,11,15.2,0,1,30.13,0,2025-03-29 04:00:00,2025-03-29 08:00:00,W,Bowmore Rd,0,1,1,0
2025-03-29,13,10:00,119,11,15.2,0,1,30.13,0,2025-03-29 04:00:00,2025-03-29 08:00:00,W,Bay St,0,0,1,0
2025-03-29,13,10:00,119,11,15.2,0,1,30.13,0,2025-03-29 04:00:00,2025-03-29 08:00:00,W,Lansdowne Ave,0,1,0,0
2025-03-29,13,10:00,119,11,15.2,0,1,30.13,0,2025-03-29 04:00:00,2025-03-29 08:00:00,W,Indian Rd,2,2,0,0
2025-03-29,13,10:00,119,11,15.2,0,1,30.13,0,2025-03-29 04:00:00,2025-03-29 08:00:00,W,Grace St,0,0,0,0
2025-03-29,13,10:00,119,11,15.2,0,1,30.13,0,2025-03-29 04:00:00,2025-03-29 08:00:00,W,Dufferin St,1,2,0,0
2025-03-29,13,10:00,119,11,15.2,0,1,30.13,0,2025-03-29 04:00:00,2025-03-29 08:00:00,W,Gerrard St East at Beaton Ave,0,1,1,0
2025-03-29,13,10:00,119,11,15.2,0,1,30.13,0,2025-03-29 04:00:00,2025-03-29 08:00:00,W,Bathurst St,0,0,0,0
2025-03-29,13,10:00,119,11,15.2,0,1,30.13,0,2025-03-29 04:00:00,2025-03-29 08:00:00,W,Yonge St - College Station,0,0,0,0
2025-03-29,13,10:00,119,11,15.2,0,1,30.13,0,2025-03-29 04:00:00,2025-03-29 08:00:00,W,Dundas St West at Sterling Rd,0,0,0,0
2025-03-29,13,10:00,119,11,15.2,0,1,30.13,0,2025-03-29 04:00:00,2025-03-29 08:00:00,W,Brock Ave,0,0,0,0
2025-03-29,13,10:00,119,11,15.2,0,1,30.13,0,2025-03-29 04:00:00,2025-03-29 08:00:00,W,Sackville St,2,2,1,0
2025-03-29,13,10:00,119,11,15.2,0,1,30.13,0,2025-03-29 04:00:00,2025-03-29 08:00:00,W,Carlaw Ave,0,0,0,0
2025-03-29,13,10:00,119,11,15.2,0,1,30.13,0,2025-03-29 04:00:00,2025-03-29 08:00:00,W,Borden St,0,0,0,0
2025-03-29,13,10:00,119,11,15.2,0,1,30.13,0,2025-03-29 04:00:00,2025-03-29 08:00:00,W,Dundas St West at Sorauren Ave,1,2,0,0
2025-03-29,13,10:00,119,11,15.2,0,1,30.13,0,2025-03-29 04:00:00,2025-03-29 08:00:00,W,Crawford St,0,0,0,0
2025-03-29,13,10:00,119,11,15.2,0,1,30.13,0,2025-03-29 04:00:00,2025-03-29 08:00:00,W,Pape Ave,0,0,0,0
2025-03-29,13,10:00,119,11,15.2,0,1,30.13,0,2025-03-29 04:00:00,2025-03-29 08:00:00,W,Spadina Ave,1,0,1,0
2025-03-29,13,10:00,119,11,15.2,0,1,30.13,0,2025-03-29 04:00:00,2025-03-29 08:00:00,W,River St,2,2,1,0
2025-03-29,13,10:00,119,11,15.2,0,1,30.13,0,2025-03-29 04:00:00,2025-03-29 08:00:00,W,Marjory Ave,0,0,0,0
2025-03-29,13,10:00,119,11,15.2,0,1,30.13,0,2025-03-29 04:00:00,2025-03-29 08:00:00,W,Kingsmount Park Rd,0,0,0,0
2025-03-29,13,10:00,119,11,15.2,0,1,30.13,0,2025-03-29 04:00:00,2025-03-29 08:00:00,W,Church St,0,0,0,0
2025-03-29,13,10:00,119,11,15.2,0,1,30.13,0,2025-03-29 04:00:00,2025-03-29 08:00:00,W,Ossington Ave,0,0,0,0
2025-03-29,13,10:00,119,11,15.2,0,1,30.13,0,2025-03-29 04:00:00,2025-03-29 08:00:00,W,Woodbine Ave,0,0,0,0
2025-03-29,13,10:00,119,11,15.2,0,1,30.13,0,2025-03-29 04:00:00,2025-03-29 08:00:00,W,Jones Ave,0,0,0,0
2025-03-29,13,10:00,119,11,15.2,0,1,30.13,0,2025-03-29 04:00:00,2025-03-29 08:00:00,W,Golfview Ave,0,0,0,0
2025-03-29,13,10:00,119,11,15.2,0,1,30.13,0,2025-03-29 04:00:00,2025-03-29 08:00:00,W,Leslie St,0,0,0,0
2025-03-29,13,10:00,119,11,15.2,0,1,30.13,0,2025-03-29 04:00:00,2025-03-29 08:00:00,W,St Matthews Rd,0,0,0,0
2025-03-29,13,10:00,119,11,15.2,0,1,30.13,0,2025-03-29 04:00:00,2025-03-29 08:00:00,W,Jarvis St,0,0,0,0
2025-03-29,13,10:00,119,11,15.2,0,1,30.13,0,2025-03-29 04:00:00,2025-03-29 08:00:00,W,Sherbourne St,0,0,0,0
2025-03-29,13,10:00,119,11,15.2,0,1,30.13,0,2025-03-29 04:00:00,2025-03-29 08:00:00,W,St George St,0,0,0,0
2025-03-29,13,10:00,119,11,15.2,0,1,30.13,0,2025-03-29 04:00:00,2025-03-29 08:00:00,W,Dovercourt Rd,0,0,0,0
2025-03-29,13,10:00,119,11,15.2,0,1,30.13,0,2025-03-29 04:00:00,2025-03-29 08:00:00,W,Glenmount Park Rd,0,0,0,0
2025-03-29,13,10:00,119,11,15.2,0,1,30.13,0,2025-03-29 04:00:00,2025-03-29 08:00:00,W,Prust Ave,0,0,0,0
2025-03-29,13,10:00,119,11,15.2,0,1,30.13,0,2025-03-29 04:00:00,2025-03-29 08:00:00,W,Main Street Station at Bay 7,0,1,1,0
2025-03-29,13,10:00,119,11,15.2,0,1,30.13,0,2025-03-29 04:00:00,2025-03-29 08:00:00,W,Norwood Rd,0,0,0,0
2025-03-29,13,10:00,119,11,15.2,0,1,30.13,0,2025-03-29 04:00:00,2025-03-29 08:00:00,W,McCaul St,0,0,0,0
2025-03-29,13,10:00,119,11,15.2,0,1,30.13,0,2025-03-29 04:00:00,2025-03-29 08:00:00,W,Broadview Ave,0,0,0,0
2025-03-29,13,10:00,119,11,15.2,0,1,30.13,0,2025-03-29 04:00:00,2025-03-29 08:00:00,W,Ontario St,0,0,0,0
2025-03-29,13,10:00,119,11,15.2,0,1,30.13,0,2025-03-29 04:00:00,2025-03-29 08:00:00,W,Rusholme Park Cres,0,0,0,0
2025-03-29,13,10:00,119,11,15.2,0,1,30.13,0,2025-03-29 04:00:00,2025-03-29 08:00:00,W,Havelock St,0,0,0,0
2025-03-29,13,10:00,119,11,15.2,0,1,30.13,0,2025-03-29 04:00:00,2025-03-29 08:00:00,W,High Park Loop,0,0,0,0
2025-03-29,13,10:00,119,11,15.2,0,1,30.13,0,2025-03-29 04:00:00,2025-03-29 08:00:00,W,Queens Park (Queen's Park Station),0,0,0,0
2025-03-29,13,10:00,119,11,15.2,0,1,30.13,0,2025-03-29 04:00:00,2025-03-29 08:00:00,W,Roncesvalles Ave,1,2,1,0
2025-03-29,13,10:00,119,11,15.2,0,1,30.13,0,2025-03-29 04:00:00,2025-03-29 08:00:00,W,De Grassi St,0,0,0,0
2025-03-29,13,10:00,119,11,15.2,0,1,30.13,0,2025-03-29 04:00:00,2025-03-29 08:00:00,W,Parliament St at Carlton St,0,0,0,0
2025-03-29,13,10:00,119,11,15.2,0,1,30.13,0,2025-03-29 04:00:00,2025-03-29 08:00:00,W,Parkside Dr East Side,0,0,0,0
2025-03-29,13,10:00,119,11,15.2,0,1,30.13,0,2025-03-29 04:00:00,2025-03-29 08:00:00,W,Dundas St West,2,2,0,0
2025-03-29,13,10:00,119,11,15.2,0,1,30.13,0,2025-03-29 04:00:00,2025-03-29 08:00:00,W,Howard Park Ave at Roncesvalles Ave,0,0,0,0
2025-03-29,13,10:00,119,11,15.2,0,1,30.13,0,2025-03-29 04:00:00,2025-03-29 08:00:00,W,Parliament St,0,0,0,0
2025-03-29,13,10:00,119,11,15.2,0,1,30.13,0,2025-03-29 04:00:00,2025-03-29 08:00:00,W,Parliament St at Gerrard St East,0,0,0,0
2025-03-29,13,10:00,119,11,15.2,0,1,30.13,0,2025-03-29 04:00:00,2025-03-29 08:00:00,W,Sumach St,0,0,0,0
2025-03-29,13,10:00,119,11,15.2,0,1,30.13,0,2025-03-29 04:00:00,2025-03-29 08:00:00,W,Blackburn St,0,0,0,0
2025-03-29,13,10:00,119,11,15.2,0,1,30.13,0,2025-03-29 04:00:00,2025-03-29 08:00:00,W,Logan Ave,0,0,0,0
2025-03-29,13,10:00,119,11,15.2,0,1,30.13,0,2025-03-29 04:00:00,2025-03-29 08:00:00,W,Augusta Ave,0,0,0,0
2025-03-29,13,10:00,119,11,15.2,0,1,30.13,0,2025-03-29 04:00:00,2025-03-29 08:00:00,W,Beverley St,0,0,0,0
2025-03-29,13,10:00,119,11,15.2,0,1,30.13,0,2025-03-29 04:00:00,2025-03-29 08:00:00,W,University Ave (Queen's Park Station,0,0,0,0
2025-03-29,13,10:00,119,11,15.2,0,1,30.13,0,2025-03-29 04:00:00,2025-03-29 08:00:00,W,Elizabeth St,0,0,0,0
2025-03-29,13,10:00,119,11,15.2,0,1,30.13,0,2025-03-29 04:00:00,2025-03-29 08:00:00,W,Greenwood Ave,0,0,0,0
2025-03-29,13,10:00,119,11,15.2,0,1,30.13,0,2025-03-29 04:00:00,2025-03-29 08:00:00,W,Alton Ave,0,0,0,0
2025-03-29,13,10:00,119,11,15.2,0,1,30.13,0,2025-03-29 04:00:00,2025-03-29 08:00:00,W,Coxwell Ave,0,0,0,0
2025-03-29,13,10:00,119,11,15.2,0,1,30.13,0,2025-03-29 04:00:00,2025-03-29 08:00:00,W,Gerrard St East  at Coxwell Ave,0,0,0,0
2025-03-29,13,10:00,119,11,15.2,0,1,30.13,0,2025-03-29 04:00:00,2025-03-29 08:00:00,W,Coxwell Ave at Lower Gerrard St East,0,0,0,0
2025-03-29,13,10:00,119,11,15.2,0,1,30.13,0,2025-03-29 04:00:00,2025-03-29 08:00:00,W,Ashdale Ave,0,0,0,0
2025-03-29,13,10:00,119,11,15.2,0,1,30.13,0,2025-03-29 04:00:00,2025-03-29 08:00:00,W,Howard Park Ave at Indian Rd,0,0,0,0
2025-03-29,13,10:00,119,11,15.2,0,1,30.13,0,2025-03-29 04:00:00,2025-03-29 08:00:00,W,Dundas St West at Howard Park Ave,0,0,0,0
2025-03-29,13,10:00,119,11,15.2,0,1,30.13,0,2025-03-29 04:00:00,2025-03-29 08:00:00,W,Main St at Gerrard St East,0,0,0,0
2025-03-29,13,10:00,119,11,15.2,0,1,30.13,0,2025-03-29 04:00:00,2025-03-29 08:00:00,W,Main St,0,0,0,0
2025-03-29,13,10:00,119,11,15.2,0,1,30.13,0,2025-03-29 04:00:00,2025-03-29 08:00:00,W,Main St at Danforth Ave,0,0,0,0
2025-03-29,13,10:00,119,11,15.2,0,1,30.13,0,2025-03-29 04:00:00,2025-03-29 08:00:00,W,Howard Park Ave at Parkside Dr,0,0,0,0
2025-04-05,13,10:00,119,11,15.2,0,1,30.13,0,2025-04-05 04:00:00,2025-04-05 08:00:00,E,Woodfield Rd,0,0,1,0
2025-04-05,13,10:00,119,11,15.2,0,1,30.13,0,2025-04-05 04:00:00,2025-04-05 08:00:00,E,Coxwell Ave at Gerrard St East,0,0,0,0
2025-04-05,13,10:00,119,11,15.2,0,1,30.13,0,2025-04-05 04:00:00,2025-04-05 08:00:00,E,Euclid Ave,0,0,1,0
2025-04-05,13,10:00,119,11,15.2,0,1,30.13,0,2025-04-05 04:00:00,2025-04-05 08:00:00,E,Bowmore Rd,0,1,1,0
2025-04-05,13,10:00,119,11,15.2,0,1,30.13,0,2025-04-05 04:00:00,2025-04-05 08:00:00,E,Bay St,1,0,1,0
2025-04-05,13,10:00,119,11,15.2,0,1,30.13,0,2025-04-05 04:00:00,2025-04-05 08:00:00,E,Lansdowne Ave,0,1,1,0
2025-04-05,13,10:00,119,11,15.2,0,1,30.13,0,2025-04-05 04:00:00,2025-04-05 08:00:00,E,Indian Rd,0,0,0,0
2025-04-05,13,10:00,119,11,15.2,0,1,30.13,0,2025-04-05 04:00:00,2025-04-05 08:00:00,E,Grace St,0,0,0,0
2025-04-05,13,10:00,119,11,15.2,0,1,30.13,0,2025-04-05 04:00:00,2025-04-05 08:00:00,E,Dufferin St,0,0,1,0
2025-04-05,13,10:00,119,11,15.2,0,1,30.13,0,2025-04-05 04:00:00,2025-04-05 08:00:00,E,Gerrard St East at Beaton Ave,0,1,1,0
2025-04-05,13,10:00,119,11,15.2,0,1,30.13,0,2025-04-05 04:00:00,2025-04-05 08:00:00,E,Bathurst St,0,0,1,0
2025-04-05,13,10:00,119,11,15.2,0,1,30.13,0,2025-04-05 04:00:00,2025-04-05 08:00:00,E,Yonge St - College Station,1,1,1,0
2025-04-05,13,10:00,119,11,15.2,0,1,30.13,0,2025-04-05 04:00:00,2025-04-05 08:00:00,E,Dundas St West at Sterling Rd,0,0,0,0
2025-04-05,13,10:00,119,11,15.2,0,1,30.13,0,2025-04-05 04:00:00,2025-04-05 08:00:00,E,Brock Ave,0,3,1,0
2025-04-05,13,10:00,119,11,15.2,0,1,30.13,0,2025-04-05 04:00:00,2025-04-05 08:00:00,E,Sackville St,0,0,0,0
2025-04-05,13,10:00,119,11,15.2,0,1,30.13,0,2025-04-05 04:00:00,2025-04-05 08:00:00,E,Carlaw Ave,1,0,1,0
2025-04-05,13,10:00,119,11,15.2,0,1,30.13,0,2025-04-05 04:00:00,2025-04-05 08:00:00,E,Borden St,0,0,1,0
2025-04-05,13,10:00,119,11,15.2,0,1,30.13,0,2025-04-05 04:00:00,2025-04-05 08:00:00,E,Dundas St West at Sorauren Ave,0,0,0,0
2025-04-05,13,10:00,119,11,15.2,0,1,30.13,0,2025-04-05 04:00:00,2025-04-05 08:00:00,E,Crawford St,0,0,0,0
2025-04-05,13,10:00,119,11,15.2,0,1,30.13,0,2025-04-05 04:00:00,2025-04-05 08:00:00,E,Pape Ave,1,0,1,0
2025-04-05,13,10:00,119,11,15.2,0,1,30.13,0,2025-04-05 04:00:00,2025-04-05 08:00:00,E,Spadina Ave,0,0,1,0
2025-04-05,13,10:00,119,11,15.2,0,1,30.13,0,2025-04-05 04:00:00,2025-04-05 08:00:00,E,River St,0,0,0,0
2025-04-05,13,10:00,119,11,15.2,0,1,30.13,0,2025-04-05 04:00:00,2025-04-05 08:00:00,E,Marjory Ave,1,1,1,0
2025-04-05,13,10:00,119,11,15.2,0,1,30.13,0,2025-04-05 04:00:00,2025-04-05 08:00:00,E,Kingsmount Park Rd,0,1,1,0
2025-04-05,13,10:00,119,11,15.2,0,1,30.13,0,2025-04-05 04:00:00,2025-04-05 08:00:00,E,Church St,0,0,0,0
2025-04-05,13,10:00,119,11,15.2,0,1,30.13,0,2025-04-05 04:00:00,2025-04-05 08:00:00,E,Ossington Ave,1,0,1,0
2025-04-05,13,10:00,119,11,15.2,0,1,30.13,0,2025-04-05 04:00:00,2025-04-05 08:00:00,E,Woodbine Ave,0,1,1,0
2025-04-05,13,10:00,119,11,15.2,0,1,30.13,0,2025-04-05 04:00:00,2025-04-05 08:00:00,E,Jones Ave,1,1,1,0
2025-04-05,13,10:00,119,11,15.2,0,1,30.13,0,2025-04-05 04:00:00,2025-04-05 08:00:00,E,Golfview Ave,0,1,1,0
2025-04-05,13,10:00,119,11,15.2,0,1,30.13,0,2025-04-05 04:00:00,2025-04-05 08:00:00,E,Leslie St,0,1,1,0
2025-04-05,13,10:00,119,11,15.2,0,1,30.13,0,2025-04-05 04:00:00,2025-04-05 08:00:00,E,St Matthews Rd,0,0,0,0
2025-04-05,13,10:00,119,11,15.2,0,1,30.13,0,2025-04-05 04:00:00,2025-04-05 08:00:00,E,Jarvis St,0,0,0,0
2025-04-05,13,10:00,119,11,15.2,0,1,30.13,0,2025-04-05 04:00:00,2025-04-05 08:00:00,E,Sherbourne St,0,0,0,0
2025-04-05,13,10:00,119,11,15.2,0,1,30.13,0,2025-04-05 04:00:00,2025-04-05 08:00:00,E,St George St,1,1,1,0
2025-04-05,13,10:00,119,11,15.2,0,1,30.13,0,2025-04-05 04:00:00,2025-04-05 08:00:00,E,Dovercourt Rd,1,0,1,0
2025-04-05,13,10:00,119,11,15.2,0,1,30.13,0,2025-04-05 04:00:00,2025-04-05 08:00:00,E,Glenmount Park Rd,0,1,1,0
2025-04-05,13,10:00,119,11,15.2,0,1,30.13,0,2025-04-05 04:00:00,2025-04-05 08:00:00,E,Prust Ave,0,0,1,0
2025-04-05,13,10:00,119,11,15.2,0,1,30.13,0,2025-04-05 04:00:00,2025-04-05 08:00:00,E,Main Street Station at Bay 7,0,0,0,0
2025-04-05,13,10:00,119,11,15.2,0,1,30.13,0,2025-04-05 04:00:00,2025-04-05 08:00:00,E,Norwood Rd,0,1,1,0
2025-04-05,13,10:00,119,11,15.2,0,1,30.13,0,2025-04-05 04:00:00,2025-04-05 08:00:00,E,McCaul St,1,0,1,0
2025-04-05,13,10:00,119,11,15.2,0,1,30.13,0,2025-04-05 04:00:00,2025-04-05 08:00:00,E,Broadview Ave,0,0,0,0
2025-04-05,13,10:00,119,11,15.2,0,1,30.13,0,2025-04-05 04:00:00,2025-04-05 08:00:00,E,Ontario St,0,0,0,0
2025-04-05,13,10:00,119,11,15.2,0,1,30.13,0,2025-04-05 04:00:00,2025-04-05 08:00:00,E,Rusholme Park Cres,0,0,0,0
2025-04-05,13,10:00,119,11,15.2,0,1,30.13,0,2025-04-05 04:00:00,2025-04-05 08:00:00,E,Havelock St,0,0,1,0
2025-04-05,13,10:00,119,11,15.2,0,1,30.13,0,2025-04-05 04:00:00,2025-04-05 08:00:00,E,High Park Loop,0,0,0,0
2025-04-05,13,10:00,119,11,15.2,0,1,30.13,0,2025-04-05 04:00:00,2025-04-05 08:00:00,E,Queens Park (Queen's Park Station),0,0,1,0
2025-04-05,13,10:00,119,11,15.2,0,1,30.13,0,2025-04-05 04:00:00,2025-04-05 08:00:00,E,Roncesvalles Ave,0,0,0,0
2025-04-05,13,10:00,119,11,15.2,0,1,30.13,0,2025-04-05 04:00:00,2025-04-05 08:00:00,E,De Grassi St,0,0,0,0
2025-04-05,13,10:00,119,11,15.2,0,1,30.13,0,2025-04-05 04:00:00,2025-04-05 08:00:00,E,Parliament St at Carlton St,0,0,0,0
2025-04-05,13,10:00,119,11,15.2,0,1,30.13,0,2025-04-05 04:00:00,2025-04-05 08:00:00,E,Parkside Dr East Side,0,0,0,0
2025-04-05,13,10:00,119,11,15.2,0,1,30.13,0,2025-04-05 04:00:00,2025-04-05 08:00:00,E,Dundas St West,0,0,0,0
2025-04-05,13,10:00,119,11,15.2,0,1,30.13,0,2025-04-05 04:00:00,2025-04-05 08:00:00,E,Howard Park Ave at Roncesvalles Ave,0,0,0,0
2025-04-05,13,10:00,119,11,15.2,0,1,30.13,0,2025-04-05 04:00:00,2025-04-05 08:00:00,E,Parliament St,0,0,0,0
2025-04-05,13,10:00,119,11,15.2,0,1,30.13,0,2025-04-05 04:00:00,2025-04-05 08:00:00,E,Parliament St at Gerrard St East,0,0,0,0
2025-04-05,13,10:00,119,11,15.2,0,1,30.13,0,2025-04-05 04:00:00,2025-04-05 08:00:00,E,Sumach St,0,0,0,0
2025-04-05,13,10:00,119,11,15.2,0,1,30.13,0,2025-04-05 04:00:00,2025-04-05 08:00:00,E,Blackburn St,0,0,0,0
2025-04-05,13,10:00,119,11,15.2,0,1,30.13,0,2025-04-05 04:00:00,2025-04-05 08:00:00,E,Logan Ave,0,0,0,0
2025-04-05,13,10:00,119,11,15.2,0,1,30.13,0,2025-04-05 04:00:00,2025-04-05 08:00:00,E,Augusta Ave,0,0,0,0
2025-04-05,13,10:00,119,11,15.2,0,1,30.13,0,2025-04-05 04:00:00,2025-04-05 08:00:00,E,Beverley St,0,0,0,0
2025-04-05,13,10:00,119,11,15.2,0,1,30.13,0,2025-04-05 04:00:00,2025-04-05 08:00:00,E,University Ave (Queen's Park Station,0,0,0,0
2025-04-05,13,10:00,119,11,15.2,0,1,30.13,0,2025-04-05 04:00:00,2025-04-05 08:00:00,E,Elizabeth St,0,0,0,0
2025-04-05,13,10:00,119,11,15.2,0,1,30.13,0,2025-04-05 04:00:00,2025-04-05 08:00:00,E,Greenwood Ave,0,0,0,0
2025-04-05,13,10:00,119,11,15.2,0,1,30.13,0,2025-04-05 04:00:00,2025-04-05 08:00:00,E,Alton Ave,0,0,0,0
2025-04-05,13,10:00,119,11,15.2,0,1,30.13,0,2025-04-05 04:00:00,2025-04-05 08:00:00,E,Coxwell Ave,0,0,0,0
2025-04-05,13,10:00,119,11,15.2,0,1,30.13,0,2025-04-05 04:00:00,2025-04-05 08:00:00,E,Gerrard St East  at Coxwell Ave,0,0,0,0
2025-04-05,13,10:00,119,11,15.2,0,1,30.13,0,2025-04-05 04:00:00,2025-04-05 08:00:00,E,Coxwell Ave at Lower Gerrard St East,0,0,0,0
2025-04-05,13,10:00,119,11,15.2,0,1,30.13,0,2025-04-05 04:00:00,2025-04-05 08:00:00,E,Ashdale Ave,0,0,0,0
2025-04-05,13,10:00,119,11,15.2,0,1,30.13,0,2025-04-05 04:00:00,2025-04-05 08:00:00,E,Howard Park Ave at Indian Rd,0,0,0,0
2025-04-05,13,10:00,119,11,15.2,0,1,30.13,0,2025-04-05 04:00:00,2025-04-05 08:00:00,E,Dundas St West at Howard Park Ave,0,0,0,0
2025-04-05,13,10:00,119,11,15.2,0,1,30.13,0,2025-04-05 04:00:00,2025-04-05 08:00:00,E,Main St at Gerrard St East,0,0,0,0
2025-04-05,13,10:00,119,11,15.2,0,1,30.13,0,2025-04-05 04:00:00,2025-04-05 08:00:00,E,Main St,0,0,0,0
2025-04-05,13,10:00,119,11,15.2,0,1,30.13,0,2025-04-05 04:00:00,2025-04-05 08:00:00,E,Main St at Danforth Ave,0,0,0,0
2025-04-05,13,10:00,119,11,15.2,0,1,30.13,0,2025-04-05 04:00:00,2025-04-05 08:00:00,E,Howard Park Ave at Parkside Dr,0,0,0,0
2025-04-05,13,10:00,119,11,15.2,0,1,30.13,0,2025-04-05 04:00:00,2025-04-05 08:00:00,W,Woodfield Rd,0,0,0,0
2025-04-05,13,10:00,119,11,15.2,0,1,30.13,0,2025-04-05 04:00:00,2025-04-05 08:00:00,W,Coxwell Ave at Gerrard St East,0,1,0,0
2025-04-05,13,10:00,119,11,15.2,0,1,30.13,0,2025-04-05 04:00:00,2025-04-05 08:00:00,W,Euclid Ave,0,0,0,0
2025-04-05,13,10:00,119,11,15.2,0,1,30.13,0,2025-04-05 04:00:00,2025-04-05 08:00:00,W,Bowmore Rd,0,1,0,0
2025-04-05,13,10:00,119,11,15.2,0,1,30.13,0,2025-04-05 04:00:00,2025-04-05 08:00:00,W,Bay St,0,2,0,0
2025-04-05,13,10:00,119,11,15.2,0,1,30.13,0,2025-04-05 04:00:00,2025-04-05 08:00:00,W,Lansdowne Ave,0,1,0,0
2025-04-05,13,10:00,119,11,15.2,0,1,30.13,0,2025-04-05 04:00:00,2025-04-05 08:00:00,W,Indian Rd,1,1,1,0
2025-04-05,13,10:00,119,11,15.2,0,1,30.13,0,2025-04-05 04:00:00,2025-04-05 08:00:00,W,Grace St,0,0,0,0
2025-04-05,13,10:00,119,11,15.2,0,1,30.13,0,2025-04-05 04:00:00,2025-04-05 08:00:00,W,Dufferin St,1,2,1,0
2025-04-05,13,10:00,119,11,15.2,0,1,30.13,0,2025-04-05 04:00:00,2025-04-05 08:00:00,W,Gerrard St East at Beaton Ave,0,1,0,0
2025-04-05,13,10:00,119,11,15.2,0,1,30.13,0,2025-04-05 04:00:00,2025-04-05 08:00:00,W,Bathurst St,0,0,0,0
2025-04-05,13,10:00,119,11,15.2,0,1,30.13,0,2025-04-05 04:00:00,2025-04-05 08:00:00,W,Yonge St - College Station,0,0,0,0
2025-04-05,13,10:00,119,11,15.2,0,1,30.13,0,2025-04-05 04:00:00,2025-04-05 08:00:00,W,Dundas St West at Sterling Rd,0,0,0,0
2025-04-05,13,10:00,119,11,15.2,0,1,30.13,0,2025-04-05 04:00:00,2025-04-05 08:00:00,W,Brock Ave,0,0,0,0
2025-04-05,13,10:00,119,11,15.2,0,1,30.13,0,2025-04-05 04:00:00,2025-04-05 08:00:00,W,Sackville St,1,2,0,0
2025-04-05,13,10:00,119,11,15.2,0,1,30.13,0,2025-04-05 04:00:00,2025-04-05 08:00:00,W,Carlaw Ave,0,0,0,0
2025-04-05,13,10:00,119,11,15.2,0,1,30.13,0,2025-04-05 04:00:00,2025-04-05 08:00:00,W,Borden St,0,0,0,0
2025-04-05,13,10:00,119,11,15.2,0,1,30.13,0,2025-04-05 04:00:00,2025-04-05 08:00:00,W,Dundas St West at Sorauren Ave,1,2,1,0
2025-04-05,13,10:00,119,11,15.2,0,1,30.13,0,2025-04-05 04:00:00,2025-04-05 08:00:00,W,Crawford St,0,0,0,0
2025-04-05,13,10:00,119,11,15.2,0,1,30.13,0,2025-04-05 04:00:00,2025-04-05 08:00:00,W,Pape Ave,0,0,0,0
2025-04-05,13,10:00,119,11,15.2,0,1,30.13,0,2025-04-05 04:00:00,2025-04-05 08:00:00,W,Spadina Ave,0,3,0,0
2025-04-05,13,10:00,119,11,15.2,0,1,30.13,0,2025-04-05 04:00:00,2025-04-05 08:00:00,W,River St,1,2,0,0
2025-04-05,13,10:00,119,11,15.2,0,1,30.13,0,2025-04-05 04:00:00,2025-04-05 08:00:00,W,Marjory Ave,0,0,0,0
2025-04-05,13,10:00,119,11,15.2,0,1,30.13,0,2025-04-05 04:00:00,2025-04-05 08:00:00,W,Kingsmount Park Rd,0,0,0,0
2025-04-05,13,10:00,119,11,15.2,0,1,30.13,0,2025-04-05 04:00:00,2025-04-05 08:00:00,W,Church St,0,0,0,0
2025-04-05,13,10:00,119,11,15.2,0,1,30.13,0,2025-04-05 04:00:00,2025-04-05 08:00:00,W,Ossington Ave,0,0,0,0
2025-04-05,13,10:00,119,11,15.2,0,1,30.13,0,2025-04-05 04:00:00,2025-04-05 08:00:00,W,Woodbine Ave,0,0,0,0
2025-04-05,13,10:00,119,11,15.2,0,1,30.13,0,2025-04-05 04:00:00,2025-04-05 08:00:00,W,Jones Ave,0,0,0,0
2025-04-05,13,10:00,119,11,15.2,0,1,30.13,0,2025-04-05 04:00:00,2025-04-05 08:00:00,W,Golfview Ave,0,0,0,0
2025-04-05,13,10:00,119,11,15.2,0,1,30.13,0,2025-04-05 04:00:00,2025-04-05 08:00:00,W,Leslie St,0,0,0,0
2025-04-05,13,10:00,119,11,15.2,0,1,30.13,0,2025-04-05 04:00:00,2025-04-05 08:00:00,W,St Matthews Rd,0,0,0,0
2025-04-05,13,10:00,119,11,15.2,0,1,30.13,0,2025-04-05 04:00:00,2025-04-05 08:00:00,W,Jarvis St,0,0,0,0
2025-04-05,13,10:00,119,11,15.2,0,1,30.13,0,2025-04-05 04:00:00,2025-04-05 08:00:00,W,Sherbourne St,0,0,0,0
2025-04-05,13,10:00,119,11,15.2,0,1,30.13,0,2025-04-05 04:00:00,2025-04-05 08:00:00,W,St George St,0,0,0,0
2025-04-05,13,10:00,119,11,15.2,0,1,30.13,0,2025-04-05 04:00:00,2025-04-05 08:00:00,W,Dovercourt Rd,0,0,0,0
2025-04-05,13,10:00,119,11,15.2,0,1,30.13,0,2025-04-05 04:00:00,2025-04-05 08:00:00,W,Glenmount Park Rd,0,0,0,0
2025-04-05,13,10:00,119,11,15.2,0,1,30.13,0,2025-04-05 04:00:00,2025-04-05 08:00:00,W,Prust Ave,0,0,0,0
2025-04-05,13,10:00,119,11,15.2,0,1,30.13,0,2025-04-05 04:00:00,2025-04-05 08:00:00,W,Main Street Station at Bay 7,0,1,0,0
2025-04-05,13,10:00,119,11,15.2,0,1,30.13,0,2025-04-05 04:00:00,2025-04-05 08:00:00,W,Norwood Rd,0,0,0,0
2025-04-05,13,10:00,119,11,15.2,0,1,30.13,0,2025-04-05 04:00:00,2025-04-05 08:00:00,W,McCaul St,0,0,0,0
2025-04-05,13,10:00,119,11,15.2,0,1,30.13,0,2025-04-05 04:00:00,2025-04-05 08:00:00,W,Broadview Ave,0,0,0,0
2025-04-05,13,10:00,119,11,15.2,0,1,30.13,0,2025-04-05 04:00:00,2025-04-05 08:00:00,W,Ontario St,0,0,0,0
2025-04-05,13,10:00,119,11,15.2,0,1,30.13,0,2025-04-05 04:00:00,2025-04-05 08:00:00,W,Rusholme Park Cres,0,0,0,0
2025-04-05,13,10:00,119,11,15.2,0,1,30.13,0,2025-04-05 04:00:00,2025-04-05 08:00:00,W,Havelock St,0,0,0,0
2025-04-05,13,10:00,119,11,15.2,0,1,30.13,0,2025-04-05 04:00:00,2025-04-05 08:00:00,W,High Park Loop,0,0,0,0
2025-04-05,13,10:00,119,11,15.2,0,1,30.13,0,2025-04-05 04:00:00,2025-04-05 08:00:00,W,Queens Park (Queen's Park Station),0,0,0,0
2025-04-05,13,10:00,119,11,15.2,0,1,30.13,0,2025-04-05 04:00:00,2025-04-05 08:00:00,W,Roncesvalles Ave,1,1,1,0
2025-04-05,13,10:00,119,11,15.2,0,1,30.13,0,2025-04-05 04:00:00,2025-04-05 08:00:00,W,De Grassi St,0,0,0,0
2025-04-05,13,10:00,119,11,15.2,0,1,30.13,0,2025-04-05 04:00:00,2025-04-05 08:00:00,W,Parliament St at Carlton St,0,0,0,0
2025-04-05,13,10:00,119,11,15.2,0,1,30.13,0,2025-04-05 04:00:00,2025-04-05 08:00:00,W,Parkside Dr East Side,0,0,0,0
2025-04-05,13,10:00,119,11,15.2,0,1,30.13,0,2025-04-05 04:00:00,2025-04-05 08:00:00,W,Dundas St West,1,1,1,0
2025-04-05,13,10:00,119,11,15.2,0,1,30.13,0,2025-04-05 04:00:00,2025-04-05 08:00:00,W,Howard Park Ave at Roncesvalles Ave,0,0,0,0
2025-04-05,13,10:00,119,11,15.2,0,1,30.13,0,2025-04-05 04:00:00,2025-04-05 08:00:00,W,Parliament St,0,0,0,0
2025-04-05,13,10:00,119,11,15.2,0,1,30.13,0,2025-04-05 04:00:00,2025-04-05 08:00:00,W,Parliament St at Gerrard St East,0,0,0,0
2025-04-05,13,10:00,119,11,15.2,0,1,30.13,0,2025-04-05 04:00:00,2025-04-05 08:00:00,W,Sumach St,0,0,0,0
2025-04-05,13,10:00,119,11,15.2,0,1,30.13,0,2025-04-05 04:00:00,2025-04-05 08:00:00,W,Blackburn St,0,0,0,0
2025-04-05,13,10:00,119,11,15.2,0,1,30.13,0,2025-04-05 04:00:00,2025-04-05 08:00:00,W,Logan Ave,0,0,0,0
2025-04-05,13,10:00,119,11,15.2,0,1,30.13,0,2025-04-05 04:00:00,2025-04-05 08:00:00,W,Augusta Ave,0,0,0,0
2025-04-05,13,10:00,119,11,15.2,0,1,30.13,0,2025-04-05 04:00:00,2025-04-05 08:00:00,W,Beverley St,0,0,0,0
2025-04-05,13,10:00,119,11,15.2,0,1,30.13,0,2025-04-05 04:00:00,2025-04-05 08:00:00,W,University Ave (Queen's Park Station,0,0,0,0
2025-04-05,13,10:00,119,11,15.2,0,1,30.13,0,2025-04-05 04:00:00,2025-04-05 08:00:00,W,Elizabeth St,0,0,0,0
2025-04-05,13,10:00,119,11,15.2,0,1,30.13,0,2025-04-05 04:00:00,2025-04-05 08:00:00,W,Greenwood Ave,0,0,0,0
2025-04-05,13,10:00,119,11,15.2,0,1,30.13,0,2025-04-05 04:00:00,2025-04-05 08:00:00,W,Alton Ave,0,0,0,0
2025-04-05,13,10:00,119,11,15.2,0,1,30.13,0,2025-04-05 04:00:00,2025-04-05 08:00:00,W,Coxwell Ave,0,0,0,0
2025-04-05,13,10:00,119,11,15.2,0,1,30.13,0,2025-04-05 04:00:00,2025-04-05 08:00:00,W,Gerrard St East  at Coxwell Ave,0,0,0,0
2025-04-05,13,10:00,119,11,15.2,0,1,30.13,0,2025-04-05 04:00:00,2025-04-05 08:00:00,W,Coxwell Ave at Lower Gerrard St East,0,0,0,0
2025-04-05,13,10:00,119,11,15.2,0,1,30.13,0,2025-04-05 04:00:00,2025-04-05 08:00:00,W,Ashdale Ave,0,0,0,0
2025-04-05,13,10:00,119,11,15.2,0,1,30.13,0,2025-04-05 04:00:00,2025-04-05 08:00:00,W,Howard Park Ave at Indian Rd,0,0,0,0
2025-04-05,13,10:00,119,11,15.2,0,1,30.13,0,2025-04-05 04:00:00,2025-04-05 08:00:00,W,Dundas St West at Howard Park Ave,0,0,0,0
2025-04-05,13,10:00,119,11,15.2,0,1,30.13,0,2025-04-05 04:00:00,2025-04-05 08:00:00,W,Main St at Gerrard St East,0,0,0,0
2025-04-05,13,10:00,119,11,15.2,0,1,30.13,0,2025-04-05 04:00:00,2025-04-05 08:00:00,W,Main St,0,0,0,0
2025-04-05,13,10:00,119,11,15.2,0,1,30.13,0,2025-04-05 04:00:00,2025-04-05 08:00:00,W,Main St at Danforth Ave,0,0,0,0
2025-04-05,13,10:00,119,11,15.2,0,1,30.13,0,2025-04-05 04:00:00,2025-04-05 08:00:00,W,Howard Park Ave at Parkside Dr,0,0,0,0
2025-04-12,13,10:00,119,11,15.2,0,1,30.13,0,2025-04-12 04:00:00,2025-04-12 08:00:00,E,Woodfield Rd,0,0,0,0
2025-04-12,13,10:00,119,11,15.2,0,1,30.13,0,2025-04-12 04:00:00,2025-04-12 08:00:00,E,Coxwell Ave at Gerrard St East,0,0,0,0
2025-04-12,13,10:00,119,11,15.2,0,1,30.13,0,2025-04-12 04:00:00,2025-04-12 08:00:00,E,Euclid Ave,0,0,0,0
2025-04-12,13,10:00,119,11,15.2,0,1,30.13,0,2025-04-12 04:00:00,2025-04-12 08:00:00,E,Bowmore Rd,0,1,0,0
2025-04-12,13,10:00,119,11,15.2,0,1,30.13,0,2025-04-12 04:00:00,2025-04-12 08:00:00,E,Bay St,0,0,0,0
2025-04-12,13,10:00,119,11,15.2,0,1,30.13,0,2025-04-12 04:00:00,2025-04-12 08:00:00,E,Lansdowne Ave,1,1,0,0
2025-04-12,13,10:00,119,11,15.2,0,1,30.13,0,2025-04-12 04:00:00,2025-04-12 08:00:00,E,Indian Rd,0,0,0,0
2025-04-12,13,10:00,119,11,15.2,0,1,30.13,0,2025-04-12 04:00:00,2025-04-12 08:00:00,E,Grace St,0,0,0,0
2025-04-12,13,10:00,119,11,15.2,0,1,30.13,0,2025-04-12 04:00:00,2025-04-12 08:00:00,E,Dufferin St,0,0,0,0
2025-04-12,13,10:00,119,11,15.2,0,1,30.13,0,2025-04-12 04:00:00,2025-04-12 08:00:00,E,Gerrard St East at Beaton Ave,0,1,0,0
2025-04-12,13,10:00,119,11,15.2,0,1,30.13,0,2025-04-12 04:00:00,2025-04-12 08:00:00,E,Bathurst St,0,0,0,0
2025-04-12,13,10:00,119,11,15.2,0,1,30.13,0,2025-04-12 04:00:00,2025-04-12 08:00:00,E,Yonge St - College Station,0,0,0,0
2025-04-12,13,10:00,119,11,15.2,0,1,30.13,0,2025-04-12 04:00:00,2025-04-12 08:00:00,E,Dundas St West at Sterling Rd,0,0,0,0
2025-04-12,13,10:00,119,11,15.2,0,1,30.13,0,2025-04-12 04:00:00,2025-04-12 08:00:00,E,Brock Ave,0,1,0,0
2025-04-12,13,10:00,119,11,15.2,0,1,30.13,0,2025-04-12 04:00:00,2025-04-12 08:00:00,E,Sackville St,0,0,0,0
2025-04-12,13,10:00,119,11,15.2,0,1,30.13,0,2025-04-12 04:00:00,2025-04-12 08:00:00,E,Carlaw Ave,0,0,0,0
2025-04-12,13,10:00,119,11,15.2,0,1,30.13,0,2025-04-12 04:00:00,2025-04-12 08:00:00,E,Borden St,0,0,0,0
2025-04-12,13,10:00,119,11,15.2,0,1,30.13,0,2025-04-12 04:00:00,2025-04-12 08:00:00,E,Dundas St West at Sorauren Ave,0,0,0,0
2025-04-12,13,10:00,119,11,15.2,0,1,30.13,0,2025-04-12 04:00:00,2025-04-12 08:00:00,E,Crawford St,0,0,0,0
2025-04-12,13,10:00,119,11,15.2,0,1,30.13,0,2025-04-12 04:00:00,2025-04-12 08:00:00,E,Pape Ave,0,0,0,0
2025-04-12,13,10:00,119,11,15.2,0,1,30.13,0,2025-04-12 04:00:00,2025-04-12 08:00:00,E,Spadina Ave,0,0,0,0
2025-04-12,13,10:00,119,11,15.2,0,1,30.13,0,2025-04-12 04:00:00,2025-04-12 08:00:00,E,River St,0,0,0,0
2025-04-12,13,10:00,119,11,15.2,0,1,30.13,0,2025-04-12 04:00:00,2025-04-12 08:00:00,E,Marjory Ave,0,0,0,0
2025-04-12,13,10:00,119,11,15.2,0,1,30.13,0,2025-04-12 04:00:00,2025-04-12 08:00:00,E,Kingsmount Park Rd,0,1,0,0
2025-04-12,13,10:00,119,11,15.2,0,1,30.13,0,2025-04-12 04:00:00,2025-04-12 08:00:00,E,Church St,0,0,0,0
2025-04-12,13,10:00,119,11,15.2,0,1,30.13,0,2025-04-12 04:00:00,2025-04-12 08:00:00,E,Ossington Ave,0,0,0,0
2025-04-12,13,10:00,119,11,15.2,0,1,30.13,0,2025-04-12 04:00:00,2025-04-12 08:00:00,E,Woodbine Ave,0,1,0,0
2025-04-12,13,10:00,119,11,15.2,0,1,30.13,0,2025-04-12 04:00:00,2025-04-12 08:00:00,E,Jones Ave,0,0,0,0
2025-04-12,13,10:00,119,11,15.2,0,1,30.13,0,2025-04-12 04:00:00,2025-04-12 08:00:00,E,Golfview Ave,0,0,0,0
2025-04-12,13,10:00,119,11,15.2,0,1,30.13,0,2025-04-12 04:00:00,2025-04-12 08:00:00,E,Leslie St,0,0,0,0
2025-04-12,13,10:00,119,11,15.2,0,1,30.13,0,2025-04-12 04:00:00,2025-04-12 08:00:00,E,St Matthews Rd,0,0,0,0
2025-04-12,13,10:00,119,11,15.2,0,1,30.13,0,2025-04-12 04:00:00,2025-04-12 08:00:00,E,Jarvis St,0,0,0,0
2025-04-12,13,10:00,119,11,15.2,0,1,30.13,0,2025-04-12 04:00:00,2025-04-12 08:00:00,E,Sherbourne St,0,0,0,0
2025-04-12,13,10:00,119,11,15.2,0,1,30.13,0,2025-04-12 04:00:00,2025-04-12 08:00:00,E,St George St,0,0,0,0
2025-04-12,13,10:00,119,11,15.2,0,1,30.13,0,2025-04-12 04:00:00,2025-04-12 08:00:00,E,Dovercourt Rd,0,0,0,0
2025-04-12,13,10:00,119,11,15.2,0,1,30.13,0,2025-04-12 04:00:00,2025-04-12 08:00:00,E,Glenmount Park Rd,0,1,0,0
2025-04-12,13,10:00,119,11,15.2,0,1,30.13,0,2025-04-12 04:00:00,2025-04-12 08:00:00,E,Prust Ave,0,0,0,0
2025-04-12,13,10:00,119,11,15.2,0,1,30.13,0,2025-04-12 04:00:00,2025-04-12 08:00:00,E,Main Street Station at Bay 7,0,0,0,0
2025-04-12,13,10:00,119,11,15.2,0,1,30.13,0,2025-04-12 04:00:00,2025-04-12 08:00:00,E,Norwood Rd,0,1,0,0
2025-04-12,13,10:00,119,11,15.2,0,1,30.13,0,2025-04-12 04:00:00,2025-04-12 08:00:00,E,McCaul St,0,0,0,0
2025-04-12,13,10:00,119,11,15.2,0,1,30.13,0,2025-04-12 04:00:00,2025-04-12 08:00:00,E,Broadview Ave,0,0,0,0
2025-04-12,13,10:00,119,11,15.2,0,1,30.13,0,2025-04-12 04:00:00,2025-04-12 08:00:00,E,Ontario St,0,0,0,0
2025-04-12,13,10:00,119,11,15.2,0,1,30.13,0,2025-04-12 04:00:00,2025-04-12 08:00:00,E,Rusholme Park Cres,0,0,0,0
2025-04-12,13,10:00,119,11,15.2,0,1,30.13,0,2025-04-12 04:00:00,2025-04-12 08:00:00,E,Havelock St,0,0,0,0
2025-04-12,13,10:00,119,11,15.2,0,1,30.13,0,2025-04-12 04:00:00,2025-04-12 08:00:00,E,High Park Loop,0,0,2,0
2025-04-12,13,10:00,119,11,15.2,0,1,30.13,0,2025-04-12 04:00:00,2025-04-12 08:00:00,E,Queens Park (Queen's Park Station),0,0,0,0
2025-04-12,13,10:00,119,11,15.2,0,1,30.13,0,2025-04-12 04:00:00,2025-04-12 08:00:00,E,Roncesvalles Ave,0,0,0,0
2025-04-12,13,10:00,119,11,15.2,0,1,30.13,0,2025-04-12 04:00:00,2025-04-12 08:00:00,E,De Grassi St,0,0,0,0
2025-04-12,13,10:00,119,11,15.2,0,1,30.13,0,2025-04-12 04:00:00,2025-04-12 08:00:00,E,Parliament St at Carlton St,0,0,0,0
2025-04-12,13,10:00,119,11,15.2,0,1,30.13,0,2025-04-12 04:00:00,2025-04-12 08:00:00,E,Parkside Dr East Side,0,0,1,0
2025-04-12,13,10:00,119,11,15.2,0,1,30.13,0,2025-04-12 04:00:00,2025-04-12 08:00:00,E,Dundas St West,0,0,0,0
2025-04-12,13,10:00,119,11,15.2,0,1,30.13,0,2025-04-12 04:00:00,2025-04-12 08:00:00,E,Howard Park Ave at Roncesvalles Ave,0,0,0,0
2025-04-12,13,10:00,119,11,15.2,0,1,30.13,0,2025-04-12 04:00:00,2025-04-12 08:00:00,E,Parliament St,0,0,0,0
2025-04-12,13,10:00,119,11,15.2,0,1,30.13,0,2025-04-12 04:00:00,2025-04-12 08:00:00,E,Parliament St at Gerrard St East,0,0,0,0
2025-04-12,13,10:00,119,11,15.2,0,1,30.13,0,2025-04-12 04:00:00,2025-04-12 08:00:00,E,Sumach St,0,0,0,0
2025-04-12,13,10:00,119,11,15.2,0,1,30.13,0,2025-04-12 04:00:00,2025-04-12 08:00:00,E,Blackburn St,0,0,0,0
2025-04-12,13,10:00,119,11,15.2,0,1,30.13,0,2025-04-12 04:00:00,2025-04-12 08:00:00,E,Logan Ave,0,0,0,0
2025-04-12,13,10:00,119,11,15.2,0,1,30.13,0,2025-04-12 04:00:00,2025-04-12 08:00:00,E,Augusta Ave,0,0,0,0
2025-04-12,13,10:00,119,11,15.2,0,1,30.13,0,2025-04-12 04:00:00,2025-04-12 08:00:00,E,Beverley St,0,0,0,0
2025-04-12,13,10:00,119,11,15.2,0,1,30.13,0,2025-04-12 04:00:00,2025-04-12 08:00:00,E,University Ave (Queen's Park Station,0,0,0,0
2025-04-12,13,10:00,119,11,15.2,0,1,30.13,0,2025-04-12 04:00:00,2025-04-12 08:00:00,E,Elizabeth St,0,0,0,0
2025-04-12,13,10:00,119,11,15.2,0,1,30.13,0,2025-04-12 04:00:00,2025-04-12 08:00:00,E,Greenwood Ave,0,0,0,0
2025-04-12,13,10:00,119,11,15.2,0,1,30.13,0,2025-04-12 04:00:00,2025-04-12 08:00:00,E,Alton Ave,0,0,0,0
2025-04-12,13,10:00,119,11,15.2,0,1,30.13,0,2025-04-12 04:00:00,2025-04-12 08:00:00,E,Coxwell Ave,0,0,0,0
2025-04-12,13,10:00,119,11,15.2,0,1,30.13,0,2025-04-12 04:00:00,2025-04-12 08:00:00,E,Gerrard St East  at Coxwell Ave,0,0,0,0
2025-04-12,13,10:00,119,11,15.2,0,1,30.13,0,2025-04-12 04:00:00,2025-04-12 08:00:00,E,Coxwell Ave at Lower Gerrard St East,0,0,0,0
2025-04-12,13,10:00,119,11,15.2,0,1,30.13,0,2025-04-12 04:00:00,2025-04-12 08:00:00,E,Ashdale Ave,0,0,0,0
2025-04-12,13,10:00,119,11,15.2,0,1,30.13,0,2025-04-12 04:00:00,2025-04-12 08:00:00,E,Howard Park Ave at Indian Rd,0,0,0,0
2025-04-12,13,10:00,119,11,15.2,0,1,30.13,0,2025-04-12 04:00:00,2025-04-12 08:00:00,E,Dundas St West at Howard Park Ave,0,0,0,0
2025-04-12,13,10:00,119,11,15.2,0,1,30.13,0,2025-04-12 04:00:00,2025-04-12 08:00:00,E,Main St at Gerrard St East,0,0,0,0
2025-04-12,13,10:00,119,11,15.2,0,1,30.13,0,2025-04-12 04:00:00,2025-04-12 08:00:00,E,Main St,0,0,0,0
2025-04-12,13,10:00,119,11,15.2,0,1,30.13,0,2025-04-12 04:00:00,2025-04-12 08:00:00,E,Main St at Danforth Ave,0,0,0,0
2025-04-12,13,10:00,119,11,15.2,0,1,30.13,0,2025-04-12 04:00:00,2025-04-12 08:00:00,E,Howard Park Ave at Parkside Dr,0,0,0,0
2025-04-12,13,10:00,119,11,15.2,0,1,30.13,0,2025-04-12 04:00:00,2025-04-12 08:00:00,W,Woodfield Rd,1,1,0,0
2025-04-12,13,10:00,119,11,15.2,0,1,30.13,0,2025-04-12 04:00:00,2025-04-12 08:00:00,W,Coxwell Ave at Gerrard St East,0,2,0,0
2025-04-12,13,10:00,119,11,15.2,0,1,30.13,0,2025-04-12 04:00:00,2025-04-12 08:00:00,W,Euclid Ave,0,0,0,0
2025-04-12,13,10:00,119,11,15.2,0,1,30.13,0,2025-04-12 04:00:00,2025-04-12 08:00:00,W,Bowmore Rd,0,1,0,0
2025-04-12,13,10:00,119,11,15.2,0,1,30.13,0,2025-04-12 04:00:00,2025-04-12 08:00:00,W,Bay St,0,1,0,0
2025-04-12,13,10:00,119,11,15.2,0,1,30.13,0,2025-04-12 04:00:00,2025-04-12 08:00:00,W,Lansdowne Ave,0,1,0,0
2025-04-12,13,10:00,119,11,15.2,0,1,30.13,0,2025-04-12 04:00:00,2025-04-12 08:00:00,W,Indian Rd,2,0,0,0
2025-04-12,13,10:00,119,11,15.2,0,1,30.13,0,2025-04-12 04:00:00,2025-04-12 08:00:00,W,Grace St,0,0,0,0
2025-04-12,13,10:00,119,11,15.2,0,1,30.13,0,2025-04-12 04:00:00,2025-04-12 08:00:00,W,Dufferin St,1,0,0,0
2025-04-12,13,10:00,119,11,15.2,0,1,30.13,0,2025-04-12 04:00:00,2025-04-12 08:00:00,W,Gerrard St East at Beaton Ave,0,1,0,0
2025-04-12,13,10:00,119,11,15.2,0,1,30.13,0,2025-04-12 04:00:00,2025-04-12 08:00:00,W,Bathurst St,0,0,0,0
2025-04-12,13,10:00,119,11,15.2,0,1,30.13,0,2025-04-12 04:00:00,2025-04-12 08:00:00,W,Yonge St - College Station,0,0,0,0
2025-04-12,13,10:00,119,11,15.2,0,1,30.13,0,2025-04-12 04:00:00,2025-04-12 08:00:00,W,Dundas St West at Sterling Rd,0,0,0,0
2025-04-12,13,10:00,119,11,15.2,0,1,30.13,0,2025-04-12 04:00:00,2025-04-12 08:00:00,W,Brock Ave,0,0,0,0
2025-04-12,13,10:00,119,11,15.2,0,1,30.13,0,2025-04-12 04:00:00,2025-04-12 08:00:00,W,Sackville St,2,1,0,0
2025-04-12,13,10:00,119,11,15.2,0,1,30.13,0,2025-04-12 04:00:00,2025-04-12 08:00:00,W,Carlaw Ave,0,0,0,0
2025-04-12,13,10:00,119,11,15.2,0,1,30.13,0,2025-04-12 04:00:00,2025-04-12 08:00:00,W,Borden St,0,0,0,0
2025-04-12,13,10:00,119,11,15.2,0,1,30.13,0,2025-04-12 04:00:00,2025-04-12 08:00:00,W,Dundas St West at Sorauren Ave,1,0,0,0
2025-04-12,13,10:00,119,11,15.2,0,1,30.13,0,2025-04-12 04:00:00,2025-04-12 08:00:00,W,Crawford St,0,0,0,0
2025-04-12,13,10:00,119,11,15.2,0,1,30.13,0,2025-04-12 04:00:00,2025-04-12 08:00:00,W,Pape Ave,0,0,0,0
2025-04-12,13,10:00,119,11,15.2,0,1,30.13,0,2025-04-12 04:00:00,2025-04-12 08:00:00,W,Spadina Ave,1,1,0,0
2025-04-12,13,10:00,119,11,15.2,0,1,30.13,0,2025-04-12 04:00:00,2025-04-12 08:00:00,W,River St,2,1,0,0
2025-04-12,13,10:00,119,11,15.2,0,1,30.13,0,2025-04-12 04:00:00,2025-04-12 08:00:00,W,Marjory Ave,0,0,0,0
2025-04-12,13,10:00,119,11,15.2,0,1,30.13,0,2025-04-12 04:00:00,2025-04-12 08:00:00,W,Kingsmount Park Rd,0,0,0,0
2025-04-12,13,10:00,119,11,15.2,0,1,30.13,0,2025-04-12 04:00:00,2025-04-12 08:00:00,W,Church St,0,0,0,0
2025-04-12,13,10:00,119,11,15.2,0,1,30.13,0,2025-04-12 04:00:00,2025-04-12 08:00:00,W,Ossington Ave,0,0,0,0
2025-04-12,13,10:00,119,11,15.2,0,1,30.13,0,2025-04-12 04:00:00,2025-04-12 08:00:00,W,Woodbine Ave,0,0,0,0
2025-04-12,13,10:00,119,11,15.2,0,1,30.13,0,2025-04-12 04:00:00,2025-04-12 08:00:00,W,Jones Ave,0,0,0,0
2025-04-12,13,10:00,119,11,15.2,0,1,30.13,0,2025-04-12 04:00:00,2025-04-12 08:00:00,W,Golfview Ave,0,0,0,0
2025-04-12,13,10:00,119,11,15.2,0,1,30.13,0,2025-04-12 04:00:00,2025-04-12 08:00:00,W,Leslie St,0,0,0,0
2025-04-12,13,10:00,119,11,15.2,0,1,30.13,0,2025-04-12 04:00:00,2025-04-12 08:00:00,W,St Matthews Rd,0,0,0,0
2025-04-12,13,10:00,119,11,15.2,0,1,30.13,0,2025-04-12 04:00:00,2025-04-12 08:00:00,W,Jarvis St,0,0,0,0
2025-04-12,13,10:00,119,11,15.2,0,1,30.13,0,2025-04-12 04:00:00,2025-04-12 08:00:00,W,Sherbourne St,0,0,0,0
2025-04-12,13,10:00,119,11,15.2,0,1,30.13,0,2025-04-12 04:00:00,2025-04-12 08:00:00,W,St George St,0,0,0,0
2025-04-12,13,10:00,119,11,15.2,0,1,30.13,0,2025-04-12 04:00:00,2025-04-12 08:00:00,W,Dovercourt Rd,0,0,0,0
2025-04-12,13,10:00,119,11,15.2,0,1,30.13,0,2025-04-12 04:00:00,2025-04-12 08:00:00,W,Glenmount Park Rd,0,0,0,0
2025-04-12,13,10:00,119,11,15.2,0,1,30.13,0,2025-04-12 04:00:00,2025-04-12 08:00:00,W,Prust Ave,0,0,0,0
2025-04-12,13,10:00,119,11,15.2,0,1,30.13,0,2025-04-12 04:00:00,2025-04-12 08:00:00,W,Main Street Station at Bay 7,0,1,0,0
2025-04-12,13,10:00,119,11,15.2,0,1,30.13,0,2025-04-12 04:00:00,2025-04-12 08:00:00,W,Norwood Rd,0,0,0,0
2025-04-12,13,10:00,119,11,15.2,0,1,30.13,0,2025-04-12 04:00:00,2025-04-12 08:00:00,W,McCaul St,0,0,0,0
2025-04-12,13,10:00,119,11,15.2,0,1,30.13,0,2025-04-12 04:00:00,2025-04-12 08:00:00,W,Broadview Ave,0,0,0,0
2025-04-12,13,10:00,119,11,15.2,0,1,30.13,0,2025-04-12 04:00:00,2025-04-12 08:00:00,W,Ontario St,0,0,0,0
2025-04-12,13,10:00,119,11,15.2,0,1,30.13,0,2025-04-12 04:00:00,2025-04-12 08:00:00,W,Rusholme Park Cres,0,0,0,0
2025-04-12,13,10:00,119,11,15.2,0,1,30.13,0,2025-04-12 04:00:00,2025-04-12 08:00:00,W,Havelock St,0,0,0,0
2025-04-12,13,10:00,119,11,15.2,0,1,30.13,0,2025-04-12 04:00:00,2025-04-12 08:00:00,W,High Park Loop,0,0,0,0
2025-04-12,13,10:00,119,11,15.2,0,1,30.13,0,2025-04-12 04:00:00,2025-04-12 08:00:00,W,Queens Park (Queen's Park Station),0,0,0,0
2025-04-12,13,10:00,119,11,15.2,0,1,30.13,0,2025-04-12 04:00:00,2025-04-12 08:00:00,W,Roncesvalles Ave,1,0,0,0
2025-04-12,13,10:00,119,11,15.2,0,1,30.13,0,2025-04-12 04:00:00,2025-04-12 08:00:00,W,De Grassi St,0,0,0,0
2025-04-12,13,10:00,119,11,15.2,0,1,30.13,0,2025-04-12 04:00:00,2025-04-12 08:00:00,W,Parliament St at Carlton St,0,0,0,0
2025-04-12,13,10:00,119,11,15.2,0,1,30.13,0,2025-04-12 04:00:00,2025-04-12 08:00:00,W,Parkside Dr East Side,0,0,0,0
2025-04-12,13,10:00,119,11,15.2,0,1,30.13,0,2025-04-12 04:00:00,2025-04-12 08:00:00,W,Dundas St West,1,0,0,0
2025-04-12,13,10:00,119,11,15.2,0,1,30.13,0,2025-04-12 04:00:00,2025-04-12 08:00:00,W,Howard Park Ave at Roncesvalles Ave,0,0,0,0
2025-04-12,13,10:00,119,11,15.2,0,1,30.13,0,2025-04-12 04:00:00,2025-04-12 08:00:00,W,Parliament St,0,0,0,0
2025-04-12,13,10:00,119,11,15.2,0,1,30.13,0,2025-04-12 04:00:00,2025-04-12 08:00:00,W,Parliament St at Gerrard St East,0,0,0,0
2025-04-12,13,10:00,119,11,15.2,0,1,30.13,0,2025-04-12 04:00:00,2025-04-12 08:00:00,W,Sumach St,0,0,0,0
2025-04-12,13,10:00,119,11,15.2,0,1,30.13,0,2025-04-12 04:00:00,2025-04-12 08:00:00,W,Blackburn St,0,0,0,0
2025-04-12,13,10:00,119,11,15.2,0,1,30.13,0,2025-04-12 04:00:00,2025-04-12 08:00:00,W,Logan Ave,0,0,0,0
2025-04-12,13,10:00,119,11,15.2,0,1,30.13,0,2025-04-12 04:00:00,2025-04-12 08:00:00,W,Augusta Ave,0,0,0,0
2025-04-12,13,10:00,119,11,15.2,0,1,30.13,0,2025-04-12 04:00:00,2025-04-12 08:00:00,W,Beverley St,0,0,0,0
2025-04-12,13,10:00,119,11,15.2,0,1,30.13,0,2025-04-12 04:00:00,2025-04-12 08:00:00,W,University Ave (Queen's Park Station,0,0,0,0
2025-04-12,13,10:00,119,11,15.2,0,1,30.13,0,2025-04-12 04:00:00,2025-04-12 08:00:00,W,Elizabeth St,0,0,0,0
2025-04-12,13,10:00,119,11,15.2,0,1,30.13,0,2025-04-12 04:00:00,2025-04-12 08:00:00,W,Greenwood Ave,0,0,0,0
2025-04-12,13,10:00,119,11,15.2,0,1,30.13,0,2025-04-12 04:00:00,2025-04-12 08:00:00,W,Alton Ave,0,0,0,0
2025-04-12,13,10:00,119,11,15.2,0,1,30.13,0,2025-04-12 04:00:00,2025-04-12 08:00:00,W,Coxwell Ave,0,0,0,0
2025-04-12,13,10:00,119,11,15.2,0,1,30.13,0,2025-04-12 04:00:00,2025-04-12 08:00:00,W,Gerrard St East  at Coxwell Ave,0,0,0,0
2025-04-12,13,10:00,119,11,15.2,0,1,30.13,0,2025-04-12 04:00:00,2025-04-12 08:00:00,W,Coxwell Ave at Lower Gerrard St East,0,0,0,0
2025-04-12,13,10:00,119,11,15.2,0,1,30.13,0,2025-04-12 04:00:00,2025-04-12 08:00:00,W,Ashdale Ave,0,0,0,0
2025-04-12,13,10:00,119,11,15.2,0,1,30.13,0,2025-04-12 04:00:00,2025-04-12 08:00:00,W,Howard Park Ave at Indian Rd,0,0,0,0
2025-04-12,13,10:00,119,11,15.2,0,1,30.13,0,2025-04-12 04:00:00,2025-04-12 08:00:00,W,Dundas St West at Howard Park Ave,0,0,0,0
2025-04-12,13,10:00,119,11,15.2,0,1,30.13,0,2025-04-12 04:00:00,2025-04-12 08:00:00,W,Main St at Gerrard St East,0,0,0,0
2025-04-12,13,10:00,119,11,15.2,0,1,30.13,0,2025-04-12 04:00:00,2025-04-12 08:00:00,W,Main St,0,0,0,0
2025-04-12,13,10:00,119,11,15.2,0,1,30.13,0,2025-04-12 04:00:00,2025-04-12 08:00:00,W,Main St at Danforth Ave,0,0,0,0
2025-04-12,13,10:00,119,11,15.2,0,1,30.13,0,2025-04-12 04:00:00,2025-04-12 08:00:00,W,Howard Park Ave at Parkside Dr,0,0,0,0
2025-04-19,13,10:00,119,11,15.2,0,1,30.13,0,2025-04-19 04:00:00,2025-04-19 08:00:00,E,Woodfield Rd,0,0,0,0
2025-04-19,13,10:00,119,11,15.2,0,1,30.13,0,2025-04-19 04:00:00,2025-04-19 08:00:00,E,Coxwell Ave at Gerrard St East,0,0,0,0
2025-04-19,13,10:00,119,11,15.2,0,1,30.13,0,2025-04-19 04:00:00,2025-04-19 08:00:00,E,Euclid Ave,0,2,0,0
2025-04-19,13,10:00,119,11,15.2,0,1,30.13,0,2025-04-19 04:00:00,2025-04-19 08:00:00,E,Bowmore Rd,0,4,0,0
2025-04-19,13,10:00,119,11,15.2,0,1,30.13,0,2025-04-19 04:00:00,2025-04-19 08:00:00,E,Bay St,0,0,0,0
2025-04-19,13,10:00,119,11,15.2,0,1,30.13,0,2025-04-19 04:00:00,2025-04-19 08:00:00,E,Lansdowne Ave,0,3,0,0
2025-04-19,13,10:00,119,11,15.2,0,1,30.13,0,2025-04-19 04:00:00,2025-04-19 08:00:00,E,Indian Rd,0,1,0,0
2025-04-19,13,10:00,119,11,15.2,0,1,30.13,0,2025-04-19 04:00:00,2025-04-19 08:00:00,E,Grace St,0,1,0,0
2025-04-19,13,10:00,119,11,15.2,0,1,30.13,0,2025-04-19 04:00:00,2025-04-19 08:00:00,E,Dufferin St,0,2,0,0
2025-04-19,13,10:00,119,11,15.2,0,1,30.13,0,2025-04-19 04:00:00,2025-04-19 08:00:00,E,Gerrard St East at Beaton Ave,0,4,0,0
2025-04-19,13,10:00,119,11,15.2,0,1,30.13,0,2025-04-19 04:00:00,2025-04-19 08:00:00,E,Bathurst St,0,0,0,0
2025-04-19,13,10:00,119,11,15.2,0,1,30.13,0,2025-04-19 04:00:00,2025-04-19 08:00:00,E,Yonge St - College Station,0,0,0,0
2025-04-19,13,10:00,119,11,15.2,0,1,30.13,0,2025-04-19 04:00:00,2025-04-19 08:00:00,E,Dundas St West at Sterling Rd,0,0,0,0
2025-04-19,13,10:00,119,11,15.2,0,1,30.13,0,2025-04-19 04:00:00,2025-04-19 08:00:00,E,Brock Ave,0,3,0,0
2025-04-19,13,10:00,119,11,15.2,0,1,30.13,0,2025-04-19 04:00:00,2025-04-19 08:00:00,E,Sackville St,0,0,0,0
2025-04-19,13,10:00,119,11,15.2,0,1,30.13,0,2025-04-19 04:00:00,2025-04-19 08:00:00,E,Carlaw Ave,0,1,0,0
2025-04-19,13,10:00,119,11,15.2,0,1,30.13,0,2025-04-19 04:00:00,2025-04-19 08:00:00,E,Borden St,0,0,0,0
2025-04-19,13,10:00,119,11,15.2,0,1,30.13,0,2025-04-19 04:00:00,2025-04-19 08:00:00,E,Dundas St West at Sorauren Ave,0,0,0,0
2025-04-19,13,10:00,119,11,15.2,0,1,30.13,0,2025-04-19 04:00:00,2025-04-19 08:00:00,E,Crawford St,0,1,0,0
2025-04-19,13,10:00,119,11,15.2,0,1,30.13,0,2025-04-19 04:00:00,2025-04-19 08:00:00,E,Pape Ave,0,1,0,0
2025-04-19,13,10:00,119,11,15.2,0,1,30.13,0,2025-04-19 04:00:00,2025-04-19 08:00:00,E,Spadina Ave,0,1,0,0
2025-04-19,13,10:00,119,11,15.2,0,1,30.13,0,2025-04-19 04:00:00,2025-04-19 08:00:00,E,River St,0,0,0,0
2025-04-19,13,10:00,119,11,15.2,0,1,30.13,0,2025-04-19 04:00:00,2025-04-19 08:00:00,E,Marjory Ave,0,1,0,0
2025-04-19,13,10:00,119,11,15.2,0,1,30.13,0,2025-04-19 04:00:00,2025-04-19 08:00:00,E,Kingsmount Park Rd,0,3,0,0
2025-04-19,13,10:00,119,11,15.2,0,1,30.13,0,2025-04-19 04:00:00,2025-04-19 08:00:00,E,Church St,0,0,0,0
2025-04-19,13,10:00,119,11,15.2,0,1,30.13,0,2025-04-19 04:00:00,2025-04-19 08:00:00,E,Ossington Ave,0,1,0,0
2025-04-19,13,10:00,119,11,15.2,0,1,30.13,0,2025-04-19 04:00:00,2025-04-19 08:00:00,E,Woodbine Ave,0,3,0,0
2025-04-19,13,10:00,119,11,15.2,0,1,30.13,0,2025-04-19 04:00:00,2025-04-19 08:00:00,E,Jones Ave,0,0,0,0
2025-04-19,13,10:00,119,11,15.2,0,1,30.13,0,2025-04-19 04:00:00,2025-04-19 08:00:00,E,Golfview Ave,0,3,0,0
2025-04-19,13,10:00,119,11,15.2,0,1,30.13,0,2025-04-19 04:00:00,2025-04-19 08:00:00,E,Leslie St,0,0,0,0
2025-04-19,13,10:00,119,11,15.2,0,1,30.13,0,2025-04-19 04:00:00,2025-04-19 08:00:00,E,St Matthews Rd,0,1,0,0
2025-04-19,13,10:00,119,11,15.2,0,1,30.13,0,2025-04-19 04:00:00,2025-04-19 08:00:00,E,Jarvis St,0,0,0,0
2025-04-19,13,10:00,119,11,15.2,0,1,30.13,0,2025-04-19 04:00:00,2025-04-19 08:00:00,E,Sherbourne St,0,0,0,0
2025-04-19,13,10:00,119,11,15.2,0,1,30.13,0,2025-04-19 04:00:00,2025-04-19 08:00:00,E,St George St,0,0,0,0
2025-04-19,13,10:00,119,11,15.2,0,1,30.13,0,2025-04-19 04:00:00,2025-04-19 08:00:00,E,Dovercourt Rd,0,0,0,0
2025-04-19,13,10:00,119,11,15.2,0,1,30.13,0,2025-04-19 04:00:00,2025-04-19 08:00:00,E,Glenmount Park Rd,0,3,0,0
2025-04-19,13,10:00,119,11,15.2,0,1,30.13,0,2025-04-19 04:00:00,2025-04-19 08:00:00,E,Prust Ave,0,0,0,0
2025-04-19,13,10:00,119,11,15.2,0,1,30.13,0,2025-04-19 04:00:00,2025-04-19 08:00:00,E,Main Street Station at Bay 7,0,0,0,0
2025-04-19,13,10:00,119,11,15.2,0,1,30.13,0,2025-04-19 04:00:00,2025-04-19 08:00:00,E,Norwood Rd,0,3,0,0
2025-04-19,13,10:00,119,11,15.2,0,1,30.13,0,2025-04-19 04:00:00,2025-04-19 08:00:00,E,McCaul St,0,0,0,0
2025-04-19,13,10:00,119,11,15.2,0,1,30.13,0,2025-04-19 04:00:00,2025-04-19 08:00:00,E,Broadview Ave,0,0,0,0
2025-04-19,13,10:00,119,11,15.2,0,1,30.13,0,2025-04-19 04:00:00,2025-04-19 08:00:00,E,Ontario St,0,0,0,0
2025-04-19,13,10:00,119,11,15.2,0,1,30.13,0,2025-04-19 04:00:00,2025-04-19 08:00:00,E,Rusholme Park Cres,0,0,0,0
2025-04-19,13,10:00,119,11,15.2,0,1,30.13,0,2025-04-19 04:00:00,2025-04-19 08:00:00,E,Havelock St,0,0,0,0
2025-04-19,13,10:00,119,11,15.2,0,1,30.13,0,2025-04-19 04:00:00,2025-04-19 08:00:00,E,High Park Loop,0,2,0,0
2025-04-19,13,10:00,119,11,15.2,0,1,30.13,0,2025-04-19 04:00:00,2025-04-19 08:00:00,E,Queens Park (Queen's Park Station),0,0,0,0
2025-04-19,13,10:00,119,11,15.2,0,1,30.13,0,2025-04-19 04:00:00,2025-04-19 08:00:00,E,Roncesvalles Ave,0,0,0,0
2025-04-19,13,10:00,119,11,15.2,0,1,30.13,0,2025-04-19 04:00:00,2025-04-19 08:00:00,E,De Grassi St,0,0,0,0
2025-04-19,13,10:00,119,11,15.2,0,1,30.13,0,2025-04-19 04:00:00,2025-04-19 08:00:00,E,Parliament St at Carlton St,0,0,0,0
2025-04-19,13,10:00,119,11,15.2,0,1,30.13,0,2025-04-19 04:00:00,2025-04-19 08:00:00,E,Parkside Dr East Side,0,1,0,0
2025-04-19,13,10:00,119,11,15.2,0,1,30.13,0,2025-04-19 04:00:00,2025-04-19 08:00:00,E,Dundas St West,0,0,0,0
2025-04-19,13,10:00,119,11,15.2,0,1,30.13,0,2025-04-19 04:00:00,2025-04-19 08:00:00,E,Howard Park Ave at Roncesvalles Ave,0,0,0,0
2025-04-19,13,10:00,119,11,15.2,0,1,30.13,0,2025-04-19 04:00:00,2025-04-19 08:00:00,E,Parliament St,0,0,0,0
2025-04-19,13,10:00,119,11,15.2,0,1,30.13,0,2025-04-19 04:00:00,2025-04-19 08:00:00,E,Parliament St at Gerrard St East,0,0,0,0
2025-04-19,13,10:00,119,11,15.2,0,1,30.13,0,2025-04-19 04:00:00,2025-04-19 08:00:00,E,Sumach St,0,0,0,0
2025-04-19,13,10:00,119,11,15.2,0,1,30.13,0,2025-04-19 04:00:00,2025-04-19 08:00:00,E,Blackburn St,0,0,0,0
2025-04-19,13,10:00,119,11,15.2,0,1,30.13,0,2025-04-19 04:00:00,2025-04-19 08:00:00,E,Logan Ave,0,0,0,0
2025-04-19,13,10:00,119,11,15.2,0,1,30.13,0,2025-04-19 04:00:00,2025-04-19 08:00:00,E,Augusta Ave,0,0,0,0
2025-04-19,13,10:00,119,11,15.2,0,1,30.13,0,2025-04-19 04:00:00,2025-04-19 08:00:00,E,Beverley St,0,0,0,0
2025-04-19,13,10:00,119,11,15.2,0,1,30.13,0,2025-04-19 04:00:00,2025-04-19 08:00:00,E,University Ave (Queen's Park Station,0,0,0,0
2025-04-19,13,10:00,119,11,15.2,0,1,30.13,0,2025-04-19 04:00:00,2025-04-19 08:00:00,E,Elizabeth St,0,0,0,0
2025-04-19,13,10:00,119,11,15.2,0,1,30.13,0,2025-04-19 04:00:00,2025-04-19 08:00:00,E,Greenwood Ave,0,0,0,0
2025-04-19,13,10:00,119,11,15.2,0,1,30.13,0,2025-04-19 04:00:00,2025-04-19 08:00:00,E,Alton Ave,0,0,0,0
2025-04-19,13,10:00,119,11,15.2,0,1,30.13,0,2025-04-19 04:00:00,2025-04-19 08:00:00,E,Coxwell Ave,0,0,0,0
2025-04-19,13,10:00,119,11,15.2,0,1,30.13,0,2025-04-19 04:00:00,2025-04-19 08:00:00,E,Gerrard St East  at Coxwell Ave,0,0,0,0
2025-04-19,13,10:00,119,11,15.2,0,1,30.13,0,2025-04-19 04:00:00,2025-04-19 08:00:00,E,Coxwell Ave at Lower Gerrard St East,0,0,0,0
2025-04-19,13,10:00,119,11,15.2,0,1,30.13,0,2025-04-19 04:00:00,2025-04-19 08:00:00,E,Ashdale Ave,0,0,0,0
2025-04-19,13,10:00,119,11,15.2,0,1,30.13,0,2025-04-19 04:00:00,2025-04-19 08:00:00,E,Howard Park Ave at Indian Rd,0,0,0,0
2025-04-19,13,10:00,119,11,15.2,0,1,30.13,0,2025-04-19 04:00:00,2025-04-19 08:00:00,E,Dundas St West at Howard Park Ave,0,0,0,0
2025-04-19,13,10:00,119,11,15.2,0,1,30.13,0,2025-04-19 04:00:00,2025-04-19 08:00:00,E,Main St at Gerrard St East,0,0,0,0
2025-04-19,13,10:00,119,11,15.2,0,1,30.13,0,2025-04-19 04:00:00,2025-04-19 08:00:00,E,Main St,0,0,0,0
2025-04-19,13,10:00,119,11,15.2,0,1,30.13,0,2025-04-19 04:00:00,2025-04-19 08:00:00,E,Main St at Danforth Ave,0,0,0,0
2025-04-19,13,10:00,119,11,15.2,0,1,30.13,0,2025-04-19 04:00:00,2025-04-19 08:00:00,E,Howard Park Ave at Parkside Dr,0,0,0,0
2025-04-19,13,10:00,119,11,15.2,0,1,30.13,0,2025-04-19 04:00:00,2025-04-19 08:00:00,W,Woodfield Rd,2,1,1,0
2025-04-19,13,10:00,119,11,15.2,0,1,30.13,0,2025-04-19 04:00:00,2025-04-19 08:00:00,W,Coxwell Ave at Gerrard St East,0,0,1,0
2025-04-19,13,10:00,119,11,15.2,0,1,30.13,0,2025-04-19 04:00:00,2025-04-19 08:00:00,W,Euclid Ave,0,0,0,0
2025-04-19,13,10:00,119,11,15.2,0,1,30.13,0,2025-04-19 04:00:00,2025-04-19 08:00:00,W,Bowmore Rd,1,0,1,0
2025-04-19,13,10:00,119,11,15.2,0,1,30.13,0,2025-04-19 04:00:00,2025-04-19 08:00:00,W,Bay St,1,1,1,0
2025-04-19,13,10:00,119,11,15.2,0,1,30.13,0,2025-04-19 04:00:00,2025-04-19 08:00:00,W,Lansdowne Ave,0,0,1,0
2025-04-19,13,10:00,119,11,15.2,0,1,30.13,0,2025-04-19 04:00:00,2025-04-19 08:00:00,W,Indian Rd,1,2,0,0
2025-04-19,13,10:00,119,11,15.2,0,1,30.13,0,2025-04-19 04:00:00,2025-04-19 08:00:00,W,Grace St,0,0,0,0
2025-04-19,13,10:00,119,11,15.2,0,1,30.13,0,2025-04-19 04:00:00,2025-04-19 08:00:00,W,Dufferin St,2,2,1,0
2025-04-19,13,10:00,119,11,15.2,0,1,30.13,0,2025-04-19 04:00:00,2025-04-19 08:00:00,W,Gerrard St East at Beaton Ave,1,0,1,0
2025-04-19,13,10:00,119,11,15.2,0,1,30.13,0,2025-04-19 04:00:00,2025-04-19 08:00:00,W,Bathurst St,0,0,0,0
2025-04-19,13,10:00,119,11,15.2,0,1,30.13,0,2025-04-19 04:00:00,2025-04-19 08:00:00,W,Yonge St - College Station,0,0,0,0
2025-04-19,13,10:00,119,11,15.2,0,1,30.13,0,2025-04-19 04:00:00,2025-04-19 08:00:00,W,Dundas St West at Sterling Rd,0,0,0,0
2025-04-19,13,10:00,119,11,15.2,0,1,30.13,0,2025-04-19 04:00:00,2025-04-19 08:00:00,W,Brock Ave,0,0,0,0
2025-04-19,13,10:00,119,11,15.2,0,1,30.13,0,2025-04-19 04:00:00,2025-04-19 08:00:00,W,Sackville St,2,1,0,0
2025-04-19,13,10:00,119,11,15.2,0,1,30.13,0,2025-04-19 04:00:00,2025-04-19 08:00:00,W,Carlaw Ave,0,0,0,0
2025-04-19,13,10:00,119,11,15.2,0,1,30.13,0,2025-04-19 04:00:00,2025-04-19 08:00:00,W,Borden St,0,0,0,0
2025-04-19,13,10:00,119,11,15.2,0,1,30.13,0,2025-04-19 04:00:00,2025-04-19 08:00:00,W,Dundas St West at Sorauren Ave,1,2,0,0
2025-04-19,13,10:00,119,11,15.2,0,1,30.13,0,2025-04-19 04:00:00,2025-04-19 08:00:00,W,Crawford St,0,0,0,0
2025-04-19,13,10:00,119,11,15.2,0,1,30.13,0,2025-04-19 04:00:00,2025-04-19 08:00:00,W,Pape Ave,0,0,0,0
2025-04-19,13,10:00,119,11,15.2,0,1,30.13,0,2025-04-19 04:00:00,2025-04-19 08:00:00,W,Spadina Ave,2,1,1,0
2025-04-19,13,10:00,119,11,15.2,0,1,30.13,0,2025-04-19 04:00:00,2025-04-19 08:00:00,W,River St,2,1,1,0
2025-04-19,13,10:00,119,11,15.2,0,1,30.13,0,2025-04-19 04:00:00,2025-04-19 08:00:00,W,Marjory Ave,0,0,0,0
2025-04-19,13,10:00,119,11,15.2,0,1,30.13,0,2025-04-19 04:00:00,2025-04-19 08:00:00,W,Kingsmount Park Rd,0,0,0,0
2025-04-19,13,10:00,119,11,15.2,0,1,30.13,0,2025-04-19 04:00:00,2025-04-19 08:00:00,W,Church St,0,0,0,0
2025-04-19,13,10:00,119,11,15.2,0,1,30.13,0,2025-04-19 04:00:00,2025-04-19 08:00:00,W,Ossington Ave,0,0,0,0
2025-04-19,13,10:00,119,11,15.2,0,1,30.13,0,2025-04-19 04:00:00,2025-04-19 08:00:00,W,Woodbine Ave,0,0,0,0
2025-04-19,13,10:00,119,11,15.2,0,1,30.13,0,2025-04-19 04:00:00,2025-04-19 08:00:00,W,Jones Ave,0,0,0,0
2025-04-19,13,10:00,119,11,15.2,0,1,30.13,0,2025-04-19 04:00:00,2025-04-19 08:00:00,W,Golfview Ave,0,0,0,0
2025-04-19,13,10:00,119,11,15.2,0,1,30.13,0,2025-04-19 04:00:00,2025-04-19 08:00:00,W,Leslie St,0,0,0,0
2025-04-19,13,10:00,119,11,15.2,0,1,30.13,0,2025-04-19 04:00:00,2025-04-19 08:00:00,W,St Matthews Rd,0,0,0,0
2025-04-19,13,10:00,119,11,15.2,0,1,30.13,0,2025-04-19 04:00:00,2025-04-19 08:00:00,W,Jarvis St,0,0,0,0
2025-04-19,13,10:00,119,11,15.2,0,1,30.13,0,2025-04-19 04:00:00,2025-04-19 08:00:00,W,Sherbourne St,0,0,0,0
2025-04-19,13,10:00,119,11,15.2,0,1,30.13,0,2025-04-19 04:00:00,2025-04-19 08:00:00,W,St George St,0,0,0,0
2025-04-19,13,10:00,119,11,15.2,0,1,30.13,0,2025-04-19 04:00:00,2025-04-19 08:00:00,W,Dovercourt Rd,0,0,0,0
2025-04-19,13,10:00,119,11,15.2,0,1,30.13,0,2025-04-19 04:00:00,2025-04-19 08:00:00,W,Glenmount Park Rd,0,0,0,0
2025-04-19,13,10:00,119,11,15.2,0,1,30.13,0,2025-04-19 04:00:00,2025-04-19 08:00:00,W,Prust Ave,0,0,0,0
2025-04-19,13,10:00,119,11,15.2,0,1,30.13,0,2025-04-19 04:00:00,2025-04-19 08:00:00,W,Main Street Station at Bay 7,1,0,2,0
2025-04-19,13,10:00,119,11,15.2,0,1,30.13,0,2025-04-19 04:00:00,2025-04-19 08:00:00,W,Norwood Rd,0,0,0,0
2025-04-19,13,10:00,119,11,15.2,0,1,30.13,0,2025-04-19 04:00:00,2025-04-19 08:00:00,W,McCaul St,0,0,0,0
2025-04-19,13,10:00,119,11,15.2,0,1,30.13,0,2025-04-19 04:00:00,2025-04-19 08:00:00,W,Broadview Ave,0,0,0,0
2025-04-19,13,10:00,119,11,15.2,0,1,30.13,0,2025-04-19 04:00:00,2025-04-19 08:00:00,W,Ontario St,0,0,0,0
2025-04-19,13,10:00,119,11,15.2,0,1,30.13,0,2025-04-19 04:00:00,2025-04-19 08:00:00,W,Rusholme Park Cres,0,0,0,0
2025-04-19,13,10:00,119,11,15.2,0,1,30.13,0,2025-04-19 04:00:00,2025-04-19 08:00:00,W,Havelock St,0,0,0,0
2025-04-19,13,10:00,119,11,15.2,0,1,30.13,0,2025-04-19 04:00:00,2025-04-19 08:00:00,W,High Park Loop,0,0,0,0
2025-04-19,13,10:00,119,11,15.2,0,1,30.13,0,2025-04-19 04:00:00,2025-04-19 08:00:00,W,Queens Park (Queen's Park Station),0,0,0,0
2025-04-19,13,10:00,119,11,15.2,0,1,30.13,0,2025-04-19 04:00:00,2025-04-19 08:00:00,W,Roncesvalles Ave,1,2,0,0
2025-04-19,13,10:00,119,11,15.2,0,1,30.13,0,2025-04-19 04:00:00,2025-04-19 08:00:00,W,De Grassi St,0,0,0,0
2025-04-19,13,10:00,119,11,15.2,0,1,30.13,0,2025-04-19 04:00:00,2025-04-19 08:00:00,W,Parliament St at Carlton St,0,0,0,0
2025-04-19,13,10:00,119,11,15.2,0,1,30.13,0,2025-04-19 04:00:00,2025-04-19 08:00:00,W,Parkside Dr East Side,0,0,0,0
2025-04-19,13,10:00,119,11,15.2,0,1,30.13,0,2025-04-19 04:00:00,2025-04-19 08:00:00,W,Dundas St West,1,2,0,0
2025-04-19,13,10:00,119,11,15.2,0,1,30.13,0,2025-04-19 04:00:00,2025-04-19 08:00:00,W,Howard Park Ave at Roncesvalles Ave,0,0,0,0
2025-04-19,13,10:00,119,11,15.2,0,1,30.13,0,2025-04-19 04:00:00,2025-04-19 08:00:00,W,Parliament St,0,0,0,0
2025-04-19,13,10:00,119,11,15.2,0,1,30.13,0,2025-04-19 04:00:00,2025-04-19 08:00:00,W,Parliament St at Gerrard St East,0,0,0,0
2025-04-19,13,10:00,119,11,15.2,0,1,30.13,0,2025-04-19 04:00:00,2025-04-19 08:00:00,W,Sumach St,0,0,0,0
2025-04-19,13,10:00,119,11,15.2,0,1,30.13,0,2025-04-19 04:00:00,2025-04-19 08:00:00,W,Blackburn St,0,0,0,0
2025-04-19,13,10:00,119,11,15.2,0,1,30.13,0,2025-04-19 04:00:00,2025-04-19 08:00:00,W,Logan Ave,0,0,0,0
2025-04-19,13,10:00,119,11,15.2,0,1,30.13,0,2025-04-19 04:00:00,2025-04-19 08:00:00,W,Augusta Ave,0,0,0,0
2025-04-19,13,10:00,119,11,15.2,0,1,30.13,0,2025-04-19 04:00:00,2025-04-19 08:00:00,W,Beverley St,0,0,0,0
2025-04-19,13,10:00,119,11,15.2,0,1,30.13,0,2025-04-19 04:00:00,2025-04-19 08:00:00,W,University Ave (Queen's Park Station,0,0,0,0
2025-04-19,13,10:00,119,11,15.2,0,1,30.13,0,2025-04-19 04:00:00,2025-04-19 08:00:00,W,Elizabeth St,0,0,0,0
2025-04-19,13,10:00,119,11,15.2,0,1,30.13,0,2025-04-19 04:00:00,2025-04-19 08:00:00,W,Greenwood Ave,0,0,0,0
2025-04-19,13,10:00,119,11,15.2,0,1,30.13,0,2025-04-19 04:00:00,2025-04-19 08:00:00,W,Alton Ave,0,0,0,0
2025-04-19,13,10:00,119,11,15.2,0,1,30.13,0,2025-04-19 04:00:00,2025-04-19 08:00:00,W,Coxwell Ave,0,0,0,0
2025-04-19,13,10:00,119,11,15.2,0,1,30.13,0,2025-04-19 04:00:00,2025-04-19 08:00:00,W,Gerrard St East  at Coxwell Ave,0,0,0,0
2025-04-19,13,10:00,119,11,15.2,0,1,30.13,0,2025-04-19 04:00:00,2025-04-19 08:00:00,W,Coxwell Ave at Lower Gerrard St East,0,0,0,0
2025-04-19,13,10:00,119,11,15.2,0,1,30.13,0,2025-04-19 04:00:00,2025-04-19 08:00:00,W,Ashdale Ave,0,0,0,0
2025-04-19,13,10:00,119,11,15.2,0,1,30.13,0,2025-04-19 04:00:00,2025-04-19 08:00:00,W,Howard Park Ave at Indian Rd,0,0,0,0
2025-04-19,13,10:00,119,11,15.2,0,1,30.13,0,2025-04-19 04:00:00,2025-04-19 08:00:00,W,Dundas St West at Howard Park Ave,0,0,0,0
2025-04-19,13,10:00,119,11,15.2,0,1,30.13,0,2025-04-19 04:00:00,2025-04-19 08:00:00,W,Main St at Gerrard St East,0,0,0,0
2025-04-19,13,10:00,119,11,15.2,0,1,30.13,0,2025-04-19 04:00:00,2025-04-19 08:00:00,W,Main St,0,0,0,0
2025-04-19,13,10:00,119,11,15.2,0,1,30.13,0,2025-04-19 04:00:00,2025-04-19 08:00:00,W,Main St at Danforth Ave,0,0,0,0
2025-04-19,13,10:00,119,11,15.2,0,1,30.13,0,2025-04-19 04:00:00,2025-04-19 08:00:00,W,Howard Park Ave at Parkside Dr,0,0,0,0
2025-04-26,13,10:00,119,11,15.2,0,1,30.13,0,2025-04-26 04:00:00,2025-04-26 08:00:00,E,Woodfield Rd,0,0,0,0
2025-04-26,13,10:00,119,11,15.2,0,1,30.13,0,2025-04-26 04:00:00,2025-04-26 08:00:00,E,Coxwell Ave at Gerrard St East,0,0,0,0
2025-04-26,13,10:00,119,11,15.2,0,1,30.13,0,2025-04-26 04:00:00,2025-04-26 08:00:00,E,Euclid Ave,2,2,2,2
2025-04-26,13,10:00,119,11,15.2,0,1,30.13,0,2025-04-26 04:00:00,2025-04-26 08:00:00,E,Bowmore Rd,0,2,3,0
2025-04-26,13,10:00,119,11,15.2,0,1,30.13,0,2025-04-26 04:00:00,2025-04-26 08:00:00,E,Bay St,0,1,0,1
2025-04-26,13,10:00,119,11,15.2,0,1,30.13,0,2025-04-26 04:00:00,2025-04-26 08:00:00,E,Lansdowne Ave,2,3,5,1
2025-04-26,13,10:00,119,11,15.2,0,1,30.13,0,2025-04-26 04:00:00,2025-04-26 08:00:00,E,Indian Rd,0,3,6,1
2025-04-26,13,10:00,119,11,15.2,0,1,30.13,0,2025-04-26 04:00:00,2025-04-26 08:00:00,E,Grace St,2,5,8,2
2025-04-26,13,10:00,119,11,15.2,0,1,30.13,0,2025-04-26 04:00:00,2025-04-26 08:00:00,E,Dufferin St,0,1,3,0
2025-04-26,13,10:00,119,11,15.2,0,1,30.13,0,2025-04-26 04:00:00,2025-04-26 08:00:00,E,Gerrard St East at Beaton Ave,0,2,3,0
2025-04-26,13,10:00,119,11,15.2,0,1,30.13,0,2025-04-26 04:00:00,2025-04-26 08:00:00,E,Bathurst St,2,0,1,2
2025-04-26,13,10:00,119,11,15.2,0,1,30.13,0,2025-04-26 04:00:00,2025-04-26 08:00:00,E,Yonge St - College Station,0,0,0,0
2025-04-26,13,10:00,119,11,15.2,0,1,30.13,0,2025-04-26 04:00:00,2025-04-26 08:00:00,E,Dundas St West at Sterling Rd,2,2,4,1
2025-04-26,13,10:00,119,11,15.2,0,1,30.13,0,2025-04-26 04:00:00,2025-04-26 08:00:00,E,Brock Ave,3,4,7,1
2025-04-26,13,10:00,119,11,15.2,0,1,30.13,0,2025-04-26 04:00:00,2025-04-26 08:00:00,E,Sackville St,2,2,3,1
2025-04-26,13,10:00,119,11,15.2,0,1,30.13,0,2025-04-26 04:00:00,2025-04-26 08:00:00,E,Carlaw Ave,0,0,0,0
2025-04-26,13,10:00,119,11,15.2,0,1,30.13,0,2025-04-26 04:00:00,2025-04-26 08:00:00,E,Borden St,2,1,2,2
2025-04-26,13,10:00,119,11,15.2,0,1,30.13,0,2025-04-26 04:00:00,2025-04-26 08:00:00,E,Dundas St West at Sorauren Ave,2,2,4,1
2025-04-26,13,10:00,119,11,15.2,0,1,30.13,0,2025-04-26 04:00:00,2025-04-26 08:00:00,E,Crawford St,2,5,7,2
2025-04-26,13,10:00,119,11,15.2,0,1,30.13,0,2025-04-26 04:00:00,2025-04-26 08:00:00,E,Pape Ave,0,0,0,0
2025-04-26,13,10:00,119,11,15.2,0,1,30.13,0,2025-04-26 04:00:00,2025-04-26 08:00:00,E,Spadina Ave,2,1,2,2
2025-04-26,13,10:00,119,11,15.2,0,1,30.13,0,2025-04-26 04:00:00,2025-04-26 08:00:00,E,River St,1,2,3,1
2025-04-26,13,10:00,119,11,15.2,0,1,30.13,0,2025-04-26 04:00:00,2025-04-26 08:00:00,E,Marjory Ave,0,0,0,0
2025-04-26,13,10:00,119,11,15.2,0,1,30.13,0,2025-04-26 04:00:00,2025-04-26 08:00:00,E,Kingsmount Park Rd,0,2,3,0
2025-04-26,13,10:00,119,11,15.2,0,1,30.13,0,2025-04-26 04:00:00,2025-04-26 08:00:00,E,Church St,0,0,0,0
2025-04-26,13,10:00,119,11,15.2,0,1,30.13,0,2025-04-26 04:00:00,2025-04-26 08:00:00,E,Ossington Ave,3,2,5,3
2025-04-26,13,10:00,119,11,15.2,0,1,30.13,0,2025-04-26 04:00:00,2025-04-26 08:00:00,E,Woodbine Ave,0,2,3,0
2025-04-26,13,10:00,119,11,15.2,0,1,30.13,0,2025-04-26 04:00:00,2025-04-26 08:00:00,E,Jones Ave,0,0,0,0
2025-04-26,13,10:00,119,11,15.2,0,1,30.13,0,2025-04-26 04:00:00,2025-04-26 08:00:00,E,Golfview Ave,0,1,2,0
2025-04-26,13,10:00,119,11,15.2,0,1,30.13,0,2025-04-26 04:00:00,2025-04-26 08:00:00,E,Leslie St,0,0,0,0
2025-04-26,13,10:00,119,11,15.2,0,1,30.13,0,2025-04-26 04:00:00,2025-04-26 08:00:00,E,St Matthews Rd,2,2,3,1
2025-04-26,13,10:00,119,11,15.2,0,1,30.13,0,2025-04-26 04:00:00,2025-04-26 08:00:00,E,Jarvis St,2,2,4,1
2025-04-26,13,10:00,119,11,15.2,0,1,30.13,0,2025-04-26 04:00:00,2025-04-26 08:00:00,E,Sherbourne St,2,2,4,1
2025-04-26,13,10:00,119,11,15.2,0,1,30.13,0,2025-04-26 04:00:00,2025-04-26 08:00:00,E,St George St,0,0,0,1
2025-04-26,13,10:00,119,11,15.2,0,1,30.13,0,2025-04-26 04:00:00,2025-04-26 08:00:00,E,Dovercourt Rd,2,2,3,2
2025-04-26,13,10:00,119,11,15.2,0,1,30.13,0,2025-04-26 04:00:00,2025-04-26 08:00:00,E,Glenmount Park Rd,0,1,2,0
2025-04-26,13,10:00,119,11,15.2,0,1,30.13,0,2025-04-26 04:00:00,2025-04-26 08:00:00,E,Prust Ave,0,0,0,0
2025-04-26,13,10:00,119,11,15.2,0,1,30.13,0,2025-04-26 04:00:00,2025-04-26 08:00:00,E,Main Street Station at Bay 7,0,0,0,0
2025-04-26,13,10:00,119,11,15.2,0,1,30.13,0,2025-04-26 04:00:00,2025-04-26 08:00:00,E,Norwood Rd,0,1,2,0
2025-04-26,13,10:00,119,11,15.2,0,1,30.13,0,2025-04-26 04:00:00,2025-04-26 08:00:00,E,McCaul St,0,1,0,1
2025-04-26,13,10:00,119,11,15.2,0,1,30.13,0,2025-04-26 04:00:00,2025-04-26 08:00:00,E,Broadview Ave,1,2,3,1
2025-04-26,13,10:00,119,11,15.2,0,1,30.13,0,2025-04-26 04:00:00,2025-04-26 08:00:00,E,Ontario St,2,2,4,1
2025-04-26,13,10:00,119,11,15.2,0,1,30.13,0,2025-04-26 04:00:00,2025-04-26 08:00:00,E,Rusholme Park Cres,2,2,3,1
2025-04-26,13,10:00,119,11,15.2,0,1,30.13,0,2025-04-26 04:00:00,2025-04-26 08:00:00,E,Havelock St,0,0,0,0
2025-04-26,13,10:00,119,11,15.2,0,1,30.13,0,2025-04-26 04:00:00,2025-04-26 08:00:00,E,High Park Loop,0,6,14,2
2025-04-26,13,10:00,119,11,15.2,0,1,30.13,0,2025-04-26 04:00:00,2025-04-26 08:00:00,E,Queens Park (Queen's Park Station),0,1,0,1
2025-04-26,13,10:00,119,11,15.2,0,1,30.13,0,2025-04-26 04:00:00,2025-04-26 08:00:00,E,Roncesvalles Ave,2,2,4,1
2025-04-26,13,10:00,119,11,15.2,0,1,30.13,0,2025-04-26 04:00:00,2025-04-26 08:00:00,E,De Grassi St,2,2,3,1
2025-04-26,13,10:00,119,11,15.2,0,1,30.13,0,2025-04-26 04:00:00,2025-04-26 08:00:00,E,Parliament St at Carlton St,2,1,4,1
2025-04-26,13,10:00,119,11,15.2,0,1,30.13,0,2025-04-26 04:00:00,2025-04-26 08:00:00,E,Parkside Dr East Side,0,3,7,1
2025-04-26,13,10:00,119,11,15.2,0,1,30.13,0,2025-04-26 04:00:00,2025-04-26 08:00:00,E,Dundas St West,2,2,4,1
2025-04-26,13,10:00,119,11,15.2,0,1,30.13,0,2025-04-26 04:00:00,2025-04-26 08:00:00,E,Howard Park Ave at Roncesvalles Ave,0,0,0,0
2025-04-26,13,10:00,119,11,15.2,0,1,30.13,0,2025-04-26 04:00:00,2025-04-26 08:00:00,E,Parliament St,0,0,0,0
2025-04-26,13,10:00,119,11,15.2,0,1,30.13,0,2025-04-26 04:00:00,2025-04-26 08:00:00,E,Parliament St at Gerrard St East,0,0,0,0
2025-04-26,13,10:00,119,11,15.2,0,1,30.13,0,2025-04-26 04:00:00,2025-04-26 08:00:00,E,Sumach St,0,0,0,0
2025-04-26,13,10:00,119,11,15.2,0,1,30.13,0,2025-04-26 04:00:00,2025-04-26 08:00:00,E,Blackburn St,0,0,0,0
2025-04-26,13,10:00,119,11,15.2,0,1,30.13,0,2025-04-26 04:00:00,2025-04-26 08:00:00,E,Logan Ave,0,0,0,0
2025-04-26,13,10:00,119,11,15.2,0,1,30.13,0,2025-04-26 04:00:00,2025-04-26 08:00:00,E,Augusta Ave,0,0,0,0
2025-04-26,13,10:00,119,11,15.2,0,1,30.13,0,2025-04-26 04:00:00,2025-04-26 08:00:00,E,Beverley St,0,0,0,0
2025-04-26,13,10:00,119,11,15.2,0,1,30.13,0,2025-04-26 04:00:00,2025-04-26 08:00:00,E,University Ave (Queen's Park Station,0,0,0,0
2025-04-26,13,10:00,119,11,15.2,0,1,30.13,0,2025-04-26 04:00:00,2025-04-26 08:00:00,E,Elizabeth St,0,0,0,0
2025-04-26,13,10:00,119,11,15.2,0,1,30.13,0,2025-04-26 04:00:00,2025-04-26 08:00:00,E,Greenwood Ave,0,0,0,0
2025-04-26,13,10:00,119,11,15.2,0,1,30.13,0,2025-04-26 04:00:00,2025-04-26 08:00:00,E,Alton Ave,0,0,0,0
2025-04-26,13,10:00,119,11,15.2,0,1,30.13,0,2025-04-26 04:00:00,2025-04-26 08:00:00,E,Coxwell Ave,0,0,0,0
2025-04-26,13,10:00,119,11,15.2,0,1,30.13,0,2025-04-26 04:00:00,2025-04-26 08:00:00,E,Gerrard St East  at Coxwell Ave,0,0,0,0
2025-04-26,13,10:00,119,11,15.2,0,1,30.13,0,2025-04-26 04:00:00,2025-04-26 08:00:00,E,Coxwell Ave at Lower Gerrard St East,0,0,0,0
2025-04-26,13,10:00,119,11,15.2,0,1,30.13,0,2025-04-26 04:00:00,2025-04-26 08:00:00,E,Ashdale Ave,0,0,0,0
2025-04-26,13,10:00,119,11,15.2,0,1,30.13,0,2025-04-26 04:00:00,2025-04-26 08:00:00,E,Howard Park Ave at Indian Rd,0,0,0,0
2025-04-26,13,10:00,119,11,15.2,0,1,30.13,0,2025-04-26 04:00:00,2025-04-26 08:00:00,E,Dundas St West at Howard Park Ave,0,0,0,0
2025-04-26,13,10:00,119,11,15.2,0,1,30.13,0,2025-04-26 04:00:00,2025-04-26 08:00:00,E,Main St at Gerrard St East,0,0,0,0
2025-04-26,13,10:00,119,11,15.2,0,1,30.13,0,2025-04-26 04:00:00,2025-04-26 08:00:00,E,Main St,0,0,0,0
2025-04-26,13,10:00,119,11,15.2,0,1,30.13,0,2025-04-26 04:00:00,2025-04-26 08:00:00,E,Main St at Danforth Ave,0,0,0,0
2025-04-26,13,10:00,119,11,15.2,0,1,30.13,0,2025-04-26 04:00:00,2025-04-26 08:00:00,E,Howard Park Ave at Parkside Dr,0,0,0,0
2025-04-26,13,10:00,119,11,15.2,0,1,30.13,0,2025-04-26 04:00:00,2025-04-26 08:00:00,W,Woodfield Rd,0,0,0,0
2025-04-26,13,10:00,119,11,15.2,0,1,30.13,0,2025-04-26 04:00:00,2025-04-26 08:00:00,W,Coxwell Ave at Gerrard St East,0,0,0,0
2025-04-26,13,10:00,119,11,15.2,0,1,30.13,0,2025-04-26 04:00:00,2025-04-26 08:00:00,W,Euclid Ave,0,0,0,0
2025-04-26,13,10:00,119,11,15.2,0,1,30.13,0,2025-04-26 04:00:00,2025-04-26 08:00:00,W,Bowmore Rd,0,1,0,0
2025-04-26,13,10:00,119,11,15.2,0,1,30.13,0,2025-04-26 04:00:00,2025-04-26 08:00:00,W,Bay St,0,0,0,0
2025-04-26,13,10:00,119,11,15.2,0,1,30.13,0,2025-04-26 04:00:00,2025-04-26 08:00:00,W,Lansdowne Ave,0,0,0,0
2025-04-26,13,10:00,119,11,15.2,0,1,30.13,0,2025-04-26 04:00:00,2025-04-26 08:00:00,W,Indian Rd,1,3,6,1
2025-04-26,13,10:00,119,11,15.2,0,1,30.13,0,2025-04-26 04:00:00,2025-04-26 08:00:00,W,Grace St,0,0,0,0
2025-04-26,13,10:00,119,11,15.2,0,1,30.13,0,2025-04-26 04:00:00,2025-04-26 08:00:00,W,Dufferin St,2,4,6,1
2025-04-26,13,10:00,119,11,15.2,0,1,30.13,0,2025-04-26 04:00:00,2025-04-26 08:00:00,W,Gerrard St East at Beaton Ave,0,2,0,0
2025-04-26,13,10:00,119,11,15.2,0,1,30.13,0,2025-04-26 04:00:00,2025-04-26 08:00:00,W,Bathurst St,0,0,0,0
2025-04-26,13,10:00,119,11,15.2,0,1,30.13,0,2025-04-26 04:00:00,2025-04-26 08:00:00,W,Yonge St - College Station,0,0,0,0
2025-04-26,13,10:00,119,11,15.2,0,1,30.13,0,2025-04-26 04:00:00,2025-04-26 08:00:00,W,Dundas St West at Sterling Rd,0,0,0,0
2025-04-26,13,10:00,119,11,15.2,0,1,30.13,0,2025-04-26 04:00:00,2025-04-26 08:00:00,W,Brock Ave,0,0,0,0
2025-04-26,13,10:00,119,11,15.2,0,1,30.13,0,2025-04-26 04:00:00,2025-04-26 08:00:00,W,Sackville St,3,4,8,1
2025-04-26,13,10:00,119,11,15.2,0,1,30.13,0,2025-04-26 04:00:00,2025-04-26 08:00:00,W,Carlaw Ave,0,0,0,0
2025-04-26,13,10:00,119,11,15.2,0,1,30.13,0,2025-04-26 04:00:00,2025-04-26 08:00:00,W,Borden St,0,0,0,0
2025-04-26,13,10:00,119,11,15.2,0,1,30.13,0,2025-04-26 04:00:00,2025-04-26 08:00:00,W,Dundas St West at Sorauren Ave,1,3,5,1
2025-04-26,13,10:00,119,11,15.2,0,1,30.13,0,2025-04-26 04:00:00,2025-04-26 08:00:00,W,Crawford St,0,0,0,0
2025-04-26,13,10:00,119,11,15.2,0,1,30.13,0,2025-04-26 04:00:00,2025-04-26 08:00:00,W,Pape Ave,0,0,0,0
2025-04-26,13,10:00,119,11,15.2,0,1,30.13,0,2025-04-26 04:00:00,2025-04-26 08:00:00,W,Spadina Ave,0,1,9,1
2025-04-26,13,10:00,119,11,15.2,0,1,30.13,0,2025-04-26 04:00:00,2025-04-26 08:00:00,W,River St,3,4,8,1
2025-04-26,13,10:00,119,11,15.2,0,1,30.13,0,2025-04-26 04:00:00,2025-04-26 08:00:00,W,Marjory Ave,0,0,0,0
2025-04-26,13,10:00,119,11,15.2,0,1,30.13,0,2025-04-26 04:00:00,2025-04-26 08:00:00,W,Kingsmount Park Rd,0,0,0,0
2025-04-26,13,10:00,119,11,15.2,0,1,30.13,0,2025-04-26 04:00:00,2025-04-26 08:00:00,W,Church St,0,0,0,0
2025-04-26,13,10:00,119,11,15.2,0,1,30.13,0,2025-04-26 04:00:00,2025-04-26 08:00:00,W,Ossington Ave,0,0,0,0
2025-04-26,13,10:00,119,11,15.2,0,1,30.13,0,2025-04-26 04:00:00,2025-04-26 08:00:00,W,Woodbine Ave,0,0,0,0
2025-04-26,13,10:00,119,11,15.2,0,1,30.13,0,2025-04-26 04:00:00,2025-04-26 08:00:00,W,Jones Ave,0,0,0,0
2025-04-26,13,10:00,119,11,15.2,0,1,30.13,0,2025-04-26 04:00:00,2025-04-26 08:00:00,W,Golfview Ave,0,0,0,0
2025-04-26,13,10:00,119,11,15.2,0,1,30.13,0,2025-04-26 04:00:00,2025-04-26 08:00:00,W,Leslie St,0,1,0,0
2025-04-26,13,10:00,119,11,15.2,0,1,30.13,0,2025-04-26 04:00:00,2025-04-26 08:00:00,W,St Matthews Rd,0,0,0,0
2025-04-26,13,10:00,119,11,15.2,0,1,30.13,0,2025-04-26 04:00:00,2025-04-26 08:00:00,W,Jarvis St,0,0,0,0
2025-04-26,13,10:00,119,11,15.2,0,1,30.13,0,2025-04-26 04:00:00,2025-04-26 08:00:00,W,Sherbourne St,0,0,0,0
2025-04-26,13,10:00,119,11,15.2,0,1,30.13,0,2025-04-26 04:00:00,2025-04-26 08:00:00,W,St George St,0,0,0,0
2025-04-26,13,10:00,119,11,15.2,0,1,30.13,0,2025-04-26 04:00:00,2025-04-26 08:00:00,W,Dovercourt Rd,0,3,1,1
2025-04-26,13,10:00,119,11,15.2,0,1,30.13,0,2025-04-26 04:00:00,2025-04-26 08:00:00,W,Glenmount Park Rd,0,0,0,0
2025-04-26,13,10:00,119,11,15.2,0,1,30.13,0,2025-04-26 04:00:00,2025-04-26 08:00:00,W,Prust Ave,0,0,0,0
2025-04-26,13,10:00,119,11,15.2,0,1,30.13,0,2025-04-26 04:00:00,2025-04-26 08:00:00,W,Main Street Station at Bay 7,0,0,1,0
2025-04-26,13,10:00,119,11,15.2,0,1,30.13,0,2025-04-26 04:00:00,2025-04-26 08:00:00,W,Norwood Rd,0,0,0,0
2025-04-26,13,10:00,119,11,15.2,0,1,30.13,0,2025-04-26 04:00:00,2025-04-26 08:00:00,W,McCaul St,0,0,0,0
2025-04-26,13,10:00,119,11,15.2,0,1,30.13,0,2025-04-26 04:00:00,2025-04-26 08:00:00,W,Broadview Ave,0,0,0,0
2025-04-26,13,10:00,119,11,15.2,0,1,30.13,0,2025-04-26 04:00:00,2025-04-26 08:00:00,W,Ontario St,0,0,0,0
2025-04-26,13,10:00,119,11,15.2,0,1,30.13,0,2025-04-26 04:00:00,2025-04-26 08:00:00,W,Rusholme Park Cres,0,0,0,0
2025-04-26,13,10:00,119,11,15.2,0,1,30.13,0,2025-04-26 04:00:00,2025-04-26 08:00:00,W,Havelock St,0,0,0,0
2025-04-26,13,10:00,119,11,15.2,0,1,30.13,0,2025-04-26 04:00:00,2025-04-26 08:00:00,W,High Park Loop,0,0,0,0
2025-04-26,13,10:00,119,11,15.2,0,1,30.13,0,2025-04-26 04:00:00,2025-04-26 08:00:00,W,Queens Park (Queen's Park Station),0,0,0,0
2025-04-26,13,10:00,119,11,15.2,0,1,30.13,0,2025-04-26 04:00:00,2025-04-26 08:00:00,W,Roncesvalles Ave,1,3,6,1
2025-04-26,13,10:00,119,11,15.2,0,1,30.13,0,2025-04-26 04:00:00,2025-04-26 08:00:00,W,De Grassi St,0,0,0,0
2025-04-26,13,10:00,119,11,15.2,0,1,30.13,0,2025-04-26 04:00:00,2025-04-26 08:00:00,W,Parliament St at Carlton St,0,0,0,0
2025-04-26,13,10:00,119,11,15.2,0,1,30.13,0,2025-04-26 04:00:00,2025-04-26 08:00:00,W,Parkside Dr East Side,0,0,0,0
2025-04-26,13,10:00,119,11,15.2,0,1,30.13,0,2025-04-26 04:00:00,2025-04-26 08:00:00,W,Dundas St West,1,3,5,1
2025-04-26,13,10:00,119,11,15.2,0,1,30.13,0,2025-04-26 04:00:00,2025-04-26 08:00:00,W,Howard Park Ave at Roncesvalles Ave,0,0,0,0
2025-04-26,13,10:00,119,11,15.2,0,1,30.13,0,2025-04-26 04:00:00,2025-04-26 08:00:00,W,Parliament St,0,0,0,0
2025-04-26,13,10:00,119,11,15.2,0,1,30.13,0,2025-04-26 04:00:00,2025-04-26 08:00:00,W,Parliament St at Gerrard St East,0,0,0,0
2025-04-26,13,10:00,119,11,15.2,0,1,30.13,0,2025-04-26 04:00:00,2025-04-26 08:00:00,W,Sumach St,0,0,0,0
2025-04-26,13,10:00,119,11,15.2,0,1,30.13,0,2025-04-26 04:00:00,2025-04-26 08:00:00,W,Blackburn St,0,0,0,0
2025-04-26,13,10:00,119,11,15.2,0,1,30.13,0,2025-04-26 04:00:00,2025-04-26 08:00:00,W,Logan Ave,0,0,0,0
2025-04-26,13,10:00,119,11,15.2,0,1,30.13,0,2025-04-26 04:00:00,2025-04-26 08:00:00,W,Augusta Ave,0,0,0,0
2025-04-26,13,10:00,119,11,15.2,0,1,30.13,0,2025-04-26 04:00:00,2025-04-26 08:00:00,W,Beverley St,0,0,0,0
2025-04-26,13,10:00,119,11,15.2,0,1,30.13,0,2025-04-26 04:00:00,2025-04-26 08:00:00,W,University Ave (Queen's Park Station,0,0,0,0
2025-04-26,13,10:00,119,11,15.2,0,1,30.13,0,2025-04-26 04:00:00,2025-04-26 08:00:00,W,Elizabeth St,0,0,0,0
2025-04-26,13,10:00,119,11,15.2,0,1,30.13,0,2025-04-26 04:00:00,2025-04-26 08:00:00,W,Greenwood Ave,0,2,0,1
2025-04-26,13,10:00,119,11,15.2,0,1,30.13,0,2025-04-26 04:00:00,2025-04-26 08:00:00,W,Alton Ave,0,1,0,2
2025-04-26,13,10:00,119,11,15.2,0,1,30.13,0,2025-04-26 04:00:00,2025-04-26 08:00:00,W,Coxwell Ave,0,0,0,0
2025-04-26,13,10:00,119,11,15.2,0,1,30.13,0,2025-04-26 04:00:00,2025-04-26 08:00:00,W,Gerrard St East  at Coxwell Ave,0,0,0,0
2025-04-26,13,10:00,119,11,15.2,0,1,30.13,0,2025-04-26 04:00:00,2025-04-26 08:00:00,W,Coxwell Ave at Lower Gerrard St East,0,0,0,0
2025-04-26,13,10:00,119,11,15.2,0,1,30.13,0,2025-04-26 04:00:00,2025-04-26 08:00:00,W,Ashdale Ave,0,0,0,0
2025-04-26,13,10:00,119,11,15.2,0,1,30.13,0,2025-04-26 04:00:00,2025-04-26 08:00:00,W,Howard Park Ave at Indian Rd,0,0,0,0
2025-04-26,13,10:00,119,11,15.2,0,1,30.13,0,2025-04-26 04:00:00,2025-04-26 08:00:00,W,Dundas St West at Howard Park Ave,0,0,0,0
2025-04-26,13,10:00,119,11,15.2,0,1,30.13,0,2025-04-26 04:00:00,2025-04-26 08:00:00,W,Main St at Gerrard St East,0,0,0,0
2025-04-26,13,10:00,119,11,15.2,0,1,30.13,0,2025-04-26 04:00:00,2025-04-26 08:00:00,W,Main St,0,0,0,0
2025-04-26,13,10:00,119,11,15.2,0,1,30.13,0,2025-04-26 04:00:00,2025-04-26 08:00:00,W,Main St at Danforth Ave,0,0,0,0
2025-04-26,13,10:00,119,11,15.2,0,1,30.13,0,2025-04-26 04:00:00,2025-04-26 08:00:00,W,Howard Park Ave at Parkside Dr,0,0,0,0
2025-05-03,13,10:00,119,11,15.2,0,1,30.13,0,2025-05-03 04:00:00,2025-05-03 08:00:00,E,Woodfield Rd,0,1,1,0
2025-05-03,13,10:00,119,11,15.2,0,1,30.13,0,2025-05-03 04:00:00,2025-05-03 08:00:00,E,Coxwell Ave at Gerrard St East,0,0,0,0
2025-05-03,13,10:00,119,11,15.2,0,1,30.13,0,2025-05-03 04:00:00,2025-05-03 08:00:00,E,Euclid Ave,0,0,1,0
2025-05-03,13,10:00,119,11,15.2,0,1,30.13,0,2025-05-03 04:00:00,2025-05-03 08:00:00,E,Bowmore Rd,0,4,1,0
2025-05-03,13,10:00,119,11,15.2,0,1,30.13,0,2025-05-03 04:00:00,2025-05-03 08:00:00,E,Bay St,0,0,0,0
2025-05-03,13,10:00,119,11,15.2,0,1,30.13,0,2025-05-03 04:00:00,2025-05-03 08:00:00,E,Lansdowne Ave,1,3,2,0
2025-05-03,13,10:00,119,11,15.2,0,1,30.13,0,2025-05-03 04:00:00,2025-05-03 08:00:00,E,Indian Rd,0,0,2,0
2025-05-03,13,10:00,119,11,15.2,0,1,30.13,0,2025-05-03 04:00:00,2025-05-03 08:00:00,E,Grace St,1,0,2,0
2025-05-03,13,10:00,119,11,15.2,0,1,30.13,0,2025-05-03 04:00:00,2025-05-03 08:00:00,E,Dufferin St,0,1,1,0
2025-05-03,13,10:00,119,11,15.2,0,1,30.13,0,2025-05-03 04:00:00,2025-05-03 08:00:00,E,Gerrard St East at Beaton Ave,0,4,1,0
2025-05-03,13,10:00,119,11,15.2,0,1,30.13,0,2025-05-03 04:00:00,2025-05-03 08:00:00,E,Bathurst St,0,0,0,0
2025-05-03,13,10:00,119,11,15.2,0,1,30.13,0,2025-05-03 04:00:00,2025-05-03 08:00:00,E,Yonge St - College Station,0,0,0,0
2025-05-03,13,10:00,119,11,15.2,0,1,30.13,0,2025-05-03 04:00:00,2025-05-03 08:00:00,E,Dundas St West at Sterling Rd,1,0,1,0
2025-05-03,13,10:00,119,11,15.2,0,1,30.13,0,2025-05-03 04:00:00,2025-05-03 08:00:00,E,Brock Ave,0,3,2,0
2025-05-03,13,10:00,119,11,15.2,0,1,30.13,0,2025-05-03 04:00:00,2025-05-03 08:00:00,E,Sackville St,0,0,1,0
2025-05-03,13,10:00,119,11,15.2,0,1,30.13,0,2025-05-03 04:00:00,2025-05-03 08:00:00,E,Carlaw Ave,0,0,0,0
2025-05-03,13,10:00,119,11,15.2,0,1,30.13,0,2025-05-03 04:00:00,2025-05-03 08:00:00,E,Borden St,0,0,0,0
2025-05-03,13,10:00,119,11,15.2,0,1,30.13,0,2025-05-03 04:00:00,2025-05-03 08:00:00,E,Dundas St West at Sorauren Ave,1,0,1,0
2025-05-03,13,10:00,119,11,15.2,0,1,30.13,0,2025-05-03 04:00:00,2025-05-03 08:00:00,E,Crawford St,0,0,2,0
2025-05-03,13,10:00,119,11,15.2,0,1,30.13,0,2025-05-03 04:00:00,2025-05-03 08:00:00,E,Pape Ave,0,0,0,0
2025-05-03,13,10:00,119,11,15.2,0,1,30.13,0,2025-05-03 04:00:00,2025-05-03 08:00:00,E,Spadina Ave,0,0,0,0
2025-05-03,13,10:00,119,11,15.2,0,1,30.13,0,2025-05-03 04:00:00,2025-05-03 08:00:00,E,River St,0,0,1,0
2025-05-03,13,10:00,119,11,15.2,0,1,30.13,0,2025-05-03 04:00:00,2025-05-03 08:00:00,E,Marjory Ave,0,0,0,0
2025-05-03,13,10:00,119,11,15.2,0,1,30.13,0,2025-05-03 04:00:00,2025-05-03 08:00:00,E,Kingsmount Park Rd,0,4,1,0
2025-05-03,13,10:00,119,11,15.2,0,1,30.13,0,2025-05-03 04:00:00,2025-05-03 08:00:00,E,Church St,0,0,0,0
2025-05-03,13,10:00,119,11,15.2,0,1,30.13,0,2025-05-03 04:00:00,2025-05-03 08:00:00,E,Ossington Ave,1,0,1,0
2025-05-03,13,10:00,119,11,15.2,0,1,30.13,0,2025-05-03 04:00:00,2025-05-03 08:00:00,E,Woodbine Ave,0,4,1,0
2025-05-03,13,10:00,119,11,15.2,0,1,30.13,0,2025-05-03 04:00:00,2025-05-03 08:00:00,E,Jones Ave,0,0,1,0
2025-05-03,13,10:00,119,11,15.2,0,1,30.13,0,2025-05-03 04:00:00,2025-05-03 08:00:00,E,Golfview Ave,0,3,1,0
2025-05-03,13,10:00,119,11,15.2,0,1,30.13,0,2025-05-03 04:00:00,2025-05-03 08:00:00,E,Leslie St,0,0,1,0
2025-05-03,13,10:00,119,11,15.2,0,1,30.13,0,2025-05-03 04:00:00,2025-05-03 08:00:00,E,St Matthews Rd,0,0,1,0
2025-05-03,13,10:00,119,11,15.2,0,1,30.13,0,2025-05-03 04:00:00,2025-05-03 08:00:00,E,Jarvis St,1,0,1,0
2025-05-03,13,10:00,119,11,15.2,0,1,30.13,0,2025-05-03 04:00:00,2025-05-03 08:00:00,E,Sherbourne St,1,0,1,0
2025-05-03,13,10:00,119,11,15.2,0,1,30.13,0,2025-05-03 04:00:00,2025-05-03 08:00:00,E,St George St,0,0,0,0
2025-05-03,13,10:00,119,11,15.2,0,1,30.13,0,2025-05-03 04:00:00,2025-05-03 08:00:00,E,Dovercourt Rd,0,0,1,0
2025-05-03,13,10:00,119,11,15.2,0,1,30.13,0,2025-05-03 04:00:00,2025-05-03 08:00:00,E,Glenmount Park Rd,0,3,1,0
2025-05-03,13,10:00,119,11,15.2,0,1,30.13,0,2025-05-03 04:00:00,2025-05-03 08:00:00,E,Prust Ave,0,0,1,0
2025-05-03,13,10:00,119,11,15.2,0,1,30.13,0,2025-05-03 04:00:00,2025-05-03 08:00:00,E,Main Street Station at Bay 7,0,0,0,0
2025-05-03,13,10:00,119,11,15.2,0,1,30.13,0,2025-05-03 04:00:00,2025-05-03 08:00:00,E,Norwood Rd,0,3,1,0
2025-05-03,13,10:00,119,11,15.2,0,1,30.13,0,2025-05-03 04:00:00,2025-05-03 08:00:00,E,McCaul St,0,0,0,0
2025-05-03,13,10:00,119,11,15.2,0,1,30.13,0,2025-05-03 04:00:00,2025-05-03 08:00:00,E,Broadview Ave,0,0,1,0
2025-05-03,13,10:00,119,11,15.2,0,1,30.13,0,2025-05-03 04:00:00,2025-05-03 08:00:00,E,Ontario St,1,0,1,0
2025-05-03,13,10:00,119,11,15.2,0,1,30.13,0,2025-05-03 04:00:00,2025-05-03 08:00:00,E,Rusholme Park Cres,0,0,1,0
2025-05-03,13,10:00,119,11,15.2,0,1,30.13,0,2025-05-03 04:00:00,2025-05-03 08:00:00,E,Havelock St,0,1,1,0
2025-05-03,13,10:00,119,11,15.2,0,1,30.13,0,2025-05-03 04:00:00,2025-05-03 08:00:00,E,High Park Loop,0,0,4,0
2025-05-03,13,10:00,119,11,15.2,0,1,30.13,0,2025-05-03 04:00:00,2025-05-03 08:00:00,E,Queens Park (Queen's Park Station),0,0,0,0
2025-05-03,13,10:00,119,11,15.2,0,1,30.13,0,2025-05-03 04:00:00,2025-05-03 08:00:00,E,Roncesvalles Ave,0,0,1,0
2025-05-03,13,10:00,119,11,15.2,0,1,30.13,0,2025-05-03 04:00:00,2025-05-03 08:00:00,E,De Grassi St,0,0,1,0
2025-05-03,13,10:00,119,11,15.2,0,1,30.13,0,2025-05-03 04:00:00,2025-05-03 08:00:00,E,Parliament St at Carlton St,1,0,1,0
2025-05-03,13,10:00,119,11,15.2,0,1,30.13,0,2025-05-03 04:00:00,2025-05-03 08:00:00,E,Parkside Dr East Side,0,0,3,0
2025-05-03,13,10:00,119,11,15.2,0,1,30.13,0,2025-05-03 04:00:00,2025-05-03 08:00:00,E,Dundas St West,1,0,1,0
2025-05-03,13,10:00,119,11,15.2,0,1,30.13,0,2025-05-03 04:00:00,2025-05-03 08:00:00,E,Howard Park Ave at Roncesvalles Ave,0,0,0,0
2025-05-03,13,10:00,119,11,15.2,0,1,30.13,0,2025-05-03 04:00:00,2025-05-03 08:00:00,E,Parliament St,0,0,0,0
2025-05-03,13,10:00,119,11,15.2,0,1,30.13,0,2025-05-03 04:00:00,2025-05-03 08:00:00,E,Parliament St at Gerrard St East,0,0,0,0
2025-05-03,13,10:00,119,11,15.2,0,1,30.13,0,2025-05-03 04:00:00,2025-05-03 08:00:00,E,Sumach St,0,0,0,0
2025-05-03,13,10:00,119,11,15.2,0,1,30.13,0,2025-05-03 04:00:00,2025-05-03 08:00:00,E,Blackburn St,0,0,0,0
2025-05-03,13,10:00,119,11,15.2,0,1,30.13,0,2025-05-03 04:00:00,2025-05-03 08:00:00,E,Logan Ave,0,0,0,0
2025-05-03,13,10:00,119,11,15.2,0,1,30.13,0,2025-05-03 04:00:00,2025-05-03 08:00:00,E,Augusta Ave,0,0,0,0
2025-05-03,13,10:00,119,11,15.2,0,1,30.13,0,2025-05-03 04:00:00,2025-05-03 08:00:00,E,Beverley St,0,0,0,0
2025-05-03,13,10:00,119,11,15.2,0,1,30.13,0,2025-05-03 04:00:00,2025-05-03 08:00:00,E,University Ave (Queen's Park Station,0,0,0,0
2025-05-03,13,10:00,119,11,15.2,0,1,30.13,0,2025-05-03 04:00:00,2025-05-03 08:00:00,E,Elizabeth St,0,0,0,0
2025-05-03,13,10:00,119,11,15.2,0,1,30.13,0,2025-05-03 04:00:00,2025-05-03 08:00:00,E,Greenwood Ave,0,0,0,0
2025-05-03,13,10:00,119,11,15.2,0,1,30.13,0,2025-05-03 04:00:00,2025-05-03 08:00:00,E,Alton Ave,0,0,0,0
2025-05-03,13,10:00,119,11,15.2,0,1,30.13,0,2025-05-03 04:00:00,2025-05-03 08:00:00,E,Coxwell Ave,0,0,0,0
2025-05-03,13,10:00,119,11,15.2,0,1,30.13,0,2025-05-03 04:00:00,2025-05-03 08:00:00,E,Gerrard St East  at Coxwell Ave,0,0,0,0
2025-05-03,13,10:00,119,11,15.2,0,1,30.13,0,2025-05-03 04:00:00,2025-05-03 08:00:00,E,Coxwell Ave at Lower Gerrard St East,0,0,0,0
2025-05-03,13,10:00,119,11,15.2,0,1,30.13,0,2025-05-03 04:00:00,2025-05-03 08:00:00,E,Ashdale Ave,0,0,0,0
2025-05-03,13,10:00,119,11,15.2,0,1,30.13,0,2025-05-03 04:00:00,2025-05-03 08:00:00,E,Howard Park Ave at Indian Rd,0,0,0,0
2025-05-03,13,10:00,119,11,15.2,0,1,30.13,0,2025-05-03 04:00:00,2025-05-03 08:00:00,E,Dundas St West at Howard Park Ave,0,0,0,0
2025-05-03,13,10:00,119,11,15.2,0,1,30.13,0,2025-05-03 04:00:00,2025-05-03 08:00:00,E,Main St at Gerrard St East,0,0,0,0
2025-05-03,13,10:00,119,11,15.2,0,1,30.13,0,2025-05-03 04:00:00,2025-05-03 08:00:00,E,Main St,0,0,0,0
2025-05-03,13,10:00,119,11,15.2,0,1,30.13,0,2025-05-03 04:00:00,2025-05-03 08:00:00,E,Main St at Danforth Ave,0,0,0,0
2025-05-03,13,10:00,119,11,15.2,0,1,30.13,0,2025-05-03 04:00:00,2025-05-03 08:00:00,E,Howard Park Ave at Parkside Dr,0,0,0,0
2025-05-03,13,10:00,119,11,15.2,0,1,30.13,0,2025-05-03 04:00:00,2025-05-03 08:00:00,W,Woodfield Rd,1,0,0,0
2025-05-03,13,10:00,119,11,15.2,0,1,30.13,0,2025-05-03 04:00:00,2025-05-03 08:00:00,W,Coxwell Ave at Gerrard St East,0,0,0,0
2025-05-03,13,10:00,119,11,15.2,0,1,30.13,0,2025-05-03 04:00:00,2025-05-03 08:00:00,W,Euclid Ave,0,0,0,0
2025-05-03,13,10:00,119,11,15.2,0,1,30.13,0,2025-05-03 04:00:00,2025-05-03 08:00:00,W,Bowmore Rd,0,1,0,0
2025-05-03,13,10:00,119,11,15.2,0,1,30.13,0,2025-05-03 04:00:00,2025-05-03 08:00:00,W,Bay St,0,0,0,0
2025-05-03,13,10:00,119,11,15.2,0,1,30.13,0,2025-05-03 04:00:00,2025-05-03 08:00:00,W,Lansdowne Ave,0,1,0,0
2025-05-03,13,10:00,119,11,15.2,0,1,30.13,0,2025-05-03 04:00:00,2025-05-03 08:00:00,W,Indian Rd,1,0,1,0
2025-05-03,13,10:00,119,11,15.2,0,1,30.13,0,2025-05-03 04:00:00,2025-05-03 08:00:00,W,Grace St,0,0,0,0
2025-05-03,13,10:00,119,11,15.2,0,1,30.13,0,2025-05-03 04:00:00,2025-05-03 08:00:00,W,Dufferin St,1,2,1,0
2025-05-03,13,10:00,119,11,15.2,0,1,30.13,0,2025-05-03 04:00:00,2025-05-03 08:00:00,W,Gerrard St East at Beaton Ave,0,1,0,0
2025-05-03,13,10:00,119,11,15.2,0,1,30.13,0,2025-05-03 04:00:00,2025-05-03 08:00:00,W,Bathurst St,0,0,0,0
2025-05-03,13,10:00,119,11,15.2,0,1,30.13,0,2025-05-03 04:00:00,2025-05-03 08:00:00,W,Yonge St - College Station,0,0,0,0
2025-05-03,13,10:00,119,11,15.2,0,1,30.13,0,2025-05-03 04:00:00,2025-05-03 08:00:00,W,Dundas St West at Sterling Rd,0,0,0,0
2025-05-03,13,10:00,119,11,15.2,0,1,30.13,0,2025-05-03 04:00:00,2025-05-03 08:00:00,W,Brock Ave,0,0,0,0
2025-05-03,13,10:00,119,11,15.2,0,1,30.13,0,2025-05-03 04:00:00,2025-05-03 08:00:00,W,Sackville St,2,2,1,0
2025-05-03,13,10:00,119,11,15.2,0,1,30.13,0,2025-05-03 04:00:00,2025-05-03 08:00:00,W,Carlaw Ave,0,0,0,0
2025-05-03,13,10:00,119,11,15.2,0,1,30.13,0,2025-05-03 04:00:00,2025-05-03 08:00:00,W,Borden St,0,0,0,0
2025-05-03,13,10:00,119,11,15.2,0,1,30.13,0,2025-05-03 04:00:00,2025-05-03 08:00:00,W,Dundas St West at Sorauren Ave,1,2,1,0
2025-05-03,13,10:00,119,11,15.2,0,1,30.13,0,2025-05-03 04:00:00,2025-05-03 08:00:00,W,Crawford St,0,0,0,0
2025-05-03,13,10:00,119,11,15.2,0,1,30.13,0,2025-05-03 04:00:00,2025-05-03 08:00:00,W,Pape Ave,0,0,0,0
2025-05-03,13,10:00,119,11,15.2,0,1,30.13,0,2025-05-03 04:00:00,2025-05-03 08:00:00,W,Spadina Ave,2,1,0,0
2025-05-03,13,10:00,119,11,15.2,0,1,30.13,0,2025-05-03 04:00:00,2025-05-03 08:00:00,W,River St,3,3,1,0
2025-05-03,13,10:00,119,11,15.2,0,1,30.13,0,2025-05-03 04:00:00,2025-05-03 08:00:00,W,Marjory Ave,0,0,0,0
2025-05-03,13,10:00,119,11,15.2,0,1,30.13,0,2025-05-03 04:00:00,2025-05-03 08:00:00,W,Kingsmount Park Rd,0,0,0,0
2025-05-03,13,10:00,119,11,15.2,0,1,30.13,0,2025-05-03 04:00:00,2025-05-03 08:00:00,W,Church St,0,0,0,0
2025-05-03,13,10:00,119,11,15.2,0,1,30.13,0,2025-05-03 04:00:00,2025-05-03 08:00:00,W,Ossington Ave,0,0,0,0
2025-05-03,13,10:00,119,11,15.2,0,1,30.13,0,2025-05-03 04:00:00,2025-05-03 08:00:00,W,Woodbine Ave,0,0,0,0
2025-05-03,13,10:00,119,11,15.2,0,1,30.13,0,2025-05-03 04:00:00,2025-05-03 08:00:00,W,Jones Ave,0,0,0,0
2025-05-03,13,10:00,119,11,15.2,0,1,30.13,0,2025-05-03 04:00:00,2025-05-03 08:00:00,W,Golfview Ave,0,0,0,0
2025-05-03,13,10:00,119,11,15.2,0,1,30.13,0,2025-05-03 04:00:00,2025-05-03 08:00:00,W,Leslie St,0,0,0,0
2025-05-03,13,10:00,119,11,15.2,0,1,30.13,0,2025-05-03 04:00:00,2025-05-03 08:00:00,W,St Matthews Rd,0,0,0,0
2025-05-03,13,10:00,119,11,15.2,0,1,30.13,0,2025-05-03 04:00:00,2025-05-03 08:00:00,W,Jarvis St,0,0,0,0
2025-05-03,13,10:00,119,11,15.2,0,1,30.13,0,2025-05-03 04:00:00,2025-05-03 08:00:00,W,Sherbourne St,0,0,0,0
2025-05-03,13,10:00,119,11,15.2,0,1,30.13,0,2025-05-03 04:00:00,2025-05-03 08:00:00,W,St George St,0,0,0,0
2025-05-03,13,10:00,119,11,15.2,0,1,30.13,0,2025-05-03 04:00:00,2025-05-03 08:00:00,W,Dovercourt Rd,0,0,0,0
2025-05-03,13,10:00,119,11,15.2,0,1,30.13,0,2025-05-03 04:00:00,2025-05-03 08:00:00,W,Glenmount Park Rd,0,0,0,0
2025-05-03,13,10:00,119,11,15.2,0,1,30.13,0,2025-05-03 04:00:00,2025-05-03 08:00:00,W,Prust Ave,0,0,0,0
2025-05-03,13,10:00,119,11,15.2,0,1,30.13,0,2025-05-03 04:00:00,2025-05-03 08:00:00,W,Main Street Station at Bay 7,0,1,0,0
2025-05-03,13,10:00,119,11,15.2,0,1,30.13,0,2025-05-03 04:00:00,2025-05-03 08:00:00,W,Norwood Rd,0,0,0,0
2025-05-03,13,10:00,119,11,15.2,0,1,30.13,0,2025-05-03 04:00:00,2025-05-03 08:00:00,W,McCaul St,0,0,0,0
2025-05-03,13,10:00,119,11,15.2,0,1,30.13,0,2025-05-03 04:00:00,2025-05-03 08:00:00,W,Broadview Ave,0,0,0,0
2025-05-03,13,10:00,119,11,15.2,0,1,30.13,0,2025-05-03 04:00:00,2025-05-03 08:00:00,W,Ontario St,0,0,0,0
2025-05-03,13,10:00,119,11,15.2,0,1,30.13,0,2025-05-03 04:00:00,2025-05-03 08:00:00,W,Rusholme Park Cres,0,0,0,0
2025-05-03,13,10:00,119,11,15.2,0,1,30.13,0,2025-05-03 04:00:00,2025-05-03 08:00:00,W,Havelock St,0,0,0,0
2025-05-03,13,10:00,119,11,15.2,0,1,30.13,0,2025-05-03 04:00:00,2025-05-03 08:00:00,W,High Park Loop,0,0,0,0
2025-05-03,13,10:00,119,11,15.2,0,1,30.13,0,2025-05-03 04:00:00,2025-05-03 08:00:00,W,Queens Park (Queen's Park Station),0,0,0,0
2025-05-03,13,10:00,119,11,15.2,0,1,30.13,0,2025-05-03 04:00:00,2025-05-03 08:00:00,W,Roncesvalles Ave,1,0,1,0
2025-05-03,13,10:00,119,11,15.2,0,1,30.13,0,2025-05-03 04:00:00,2025-05-03 08:00:00,W,De Grassi St,0,0,0,0
2025-05-03,13,10:00,119,11,15.2,0,1,30.13,0,2025-05-03 04:00:00,2025-05-03 08:00:00,W,Parliament St at Carlton St,0,0,0,0
2025-05-03,13,10:00,119,11,15.2,0,1,30.13,0,2025-05-03 04:00:00,2025-05-03 08:00:00,W,Parkside Dr East Side,0,0,0,0
2025-05-03,13,10:00,119,11,15.2,0,1,30.13,0,2025-05-03 04:00:00,2025-05-03 08:00:00,W,Dundas St West,1,0,1,0
2025-05-03,13,10:00,119,11,15.2,0,1,30.13,0,2025-05-03 04:00:00,2025-05-03 08:00:00,W,Howard Park Ave at Roncesvalles Ave,0,0,0,0
2025-05-03,13,10:00,119,11,15.2,0,1,30.13,0,2025-05-03 04:00:00,2025-05-03 08:00:00,W,Parliament St,0,0,0,0
2025-05-03,13,10:00,119,11,15.2,0,1,30.13,0,2025-05-03 04:00:00,2025-05-03 08:00:00,W,Parliament St at Gerrard St East,0,0,0,0
2025-05-03,13,10:00,119,11,15.2,0,1,30.13,0,2025-05-03 04:00:00,2025-05-03 08:00:00,W,Sumach St,0,0,0,0
2025-05-03,13,10:00,119,11,15.2,0,1,30.13,0,2025-05-03 04:00:00,2025-05-03 08:00:00,W,Blackburn St,0,0,0,0
2025-05-03,13,10:00,119,11,15.2,0,1,30.13,0,2025-05-03 04:00:00,2025-05-03 08:00:00,W,Logan Ave,0,0,0,0
2025-05-03,13,10:00,119,11,15.2,0,1,30.13,0,2025-05-03 04:00:00,2025-05-03 08:00:00,W,Augusta Ave,0,0,0,0
2025-05-03,13,10:00,119,11,15.2,0,1,30.13,0,2025-05-03 04:00:00,2025-05-03 08:00:00,W,Beverley St,0,0,0,0
2025-05-03,13,10:00,119,11,15.2,0,1,30.13,0,2025-05-03 04:00:00,2025-05-03 08:00:00,W,University Ave (Queen's Park Station,0,0,0,0
2025-05-03,13,10:00,119,11,15.2,0,1,30.13,0,2025-05-03 04:00:00,2025-05-03 08:00:00,W,Elizabeth St,0,0,0,0
2025-05-03,13,10:00,119,11,15.2,0,1,30.13,0,2025-05-03 04:00:00,2025-05-03 08:00:00,W,Greenwood Ave,0,0,0,0
2025-05-03,13,10:00,119,11,15.2,0,1,30.13,0,2025-05-03 04:00:00,2025-05-03 08:00:00,W,Alton Ave,0,0,0,0
2025-05-03,13,10:00,119,11,15.2,0,1,30.13,0,2025-05-03 04:00:00,2025-05-03 08:00:00,W,Coxwell Ave,0,0,0,0
2025-05-03,13,10:00,119,11,15.2,0,1,30.13,0,2025-05-03 04:00:00,2025-05-03 08:00:00,W,Gerrard St East  at Coxwell Ave,0,0,0,0
2025-05-03,13,10:00,119,11,15.2,0,1,30.13,0,2025-05-03 04:00:00,2025-05-03 08:00:00,W,Coxwell Ave at Lower Gerrard St East,0,0,0,0
2025-05-03,13,10:00,119,11,15.2,0,1,30.13,0,2025-05-03 04:00:00,2025-05-03 08:00:00,W,Ashdale Ave,0,0,0,0
2025-05-03,13,10:00,119,11,15.2,0,1,30.13,0,2025-05-03 04:00:00,2025-05-03 08:00:00,W,Howard Park Ave at Indian Rd,0,0,0,0
2025-05-03,13,10:00,119,11,15.2,0,1,30.13,0,2025-05-03 04:00:00,2025-05-03 08:00:00,W,Dundas St West at Howard Park Ave,0,0,0,0
2025-05-03,13,10:00,119,11,15.2,0,1,30.13,0,2025-05-03 04:00:00,2025-05-03 08:00:00,W,Main St at Gerrard St East,0,0,0,0
2025-05-03,13,10:00,119,11,15.2,0,1,30.13,0,2025-05-03 04:00:00,2025-05-03 08:00:00,W,Main St,0,0,0,0
2025-05-03,13,10:00,119,11,15.2,0,1,30.13,0,2025-05-03 04:00:00,2025-05-03 08:00:00,W,Main St at Danforth Ave,0,0,0,0
2025-05-03,13,10:00,119,11,15.2,0,1,30.13,0,2025-05-03 04:00:00,2025-05-03 08:00:00,W,Howard Park Ave at Parkside Dr,0,0,0,0
2025-05-10,13,10:00,119,11,15.2,0,1,30.13,0,2025-05-10 04:00:00,2025-05-10 08:00:00,E,Woodfield Rd,3,1,3,0
2025-05-10,13,10:00,119,11,15.2,0,1,30.13,0,2025-05-10 04:00:00,2025-05-10 08:00:00,E,Coxwell Ave at Gerrard St East,0,0,0,0
2025-05-10,13,10:00,119,11,15.2,0,1,30.13,0,2025-05-10 04:00:00,2025-05-10 08:00:00,E,Euclid Ave,2,1,2,0
2025-05-10,13,10:00,119,11,15.2,0,1,30.13,0,2025-05-10 04:00:00,2025-05-10 08:00:00,E,Bowmore Rd,0,0,0,0
2025-05-10,13,10:00,119,11,15.2,0,1,30.13,0,2025-05-10 04:00:00,2025-05-10 08:00:00,E,Bay St,2,0,2,0
2025-05-10,13,10:00,119,11,15.2,0,1,30.13,0,2025-05-10 04:00:00,2025-05-10 08:00:00,E,Lansdowne Ave,1,2,2,0
2025-05-10,13,10:00,119,11,15.2,0,1,30.13,0,2025-05-10 04:00:00,2025-05-10 08:00:00,E,Indian Rd,1,1,3,0
2025-05-10,13,10:00,119,11,15.2,0,1,30.13,0,2025-05-10 04:00:00,2025-05-10 08:00:00,E,Grace St,1,2,5,0
2025-05-10,13,10:00,119,11,15.2,0,1,30.13,0,2025-05-10 04:00:00,2025-05-10 08:00:00,E,Dufferin St,1,0,3,0
2025-05-10,13,10:00,119,11,15.2,0,1,30.13,0,2025-05-10 04:00:00,2025-05-10 08:00:00,E,Gerrard St East at Beaton Ave,0,0,0,0
2025-05-10,13,10:00,119,11,15.2,0,1,30.13,0,2025-05-10 04:00:00,2025-05-10 08:00:00,E,Bathurst St,2,1,1,0
2025-05-10,13,10:00,119,11,15.2,0,1,30.13,0,2025-05-10 04:00:00,2025-05-10 08:00:00,E,Yonge St - College Station,1,1,3,0
2025-05-10,13,10:00,119,11,15.2,0,1,30.13,0,2025-05-10 04:00:00,2025-05-10 08:00:00,E,Dundas St West at Sterling Rd,1,1,2,0
2025-05-10,13,10:00,119,11,15.2,0,1,30.13,0,2025-05-10 04:00:00,2025-05-10 08:00:00,E,Brock Ave,1,2,2,0
2025-05-10,13,10:00,119,11,15.2,0,1,30.13,0,2025-05-10 04:00:00,2025-05-10 08:00:00,E,Sackville St,1,0,2,0
2025-05-10,13,10:00,119,11,15.2,0,1,30.13,0,2025-05-10 04:00:00,2025-05-10 08:00:00,E,Carlaw Ave,1,1,3,0
2025-05-10,13,10:00,119,11,15.2,0,1,30.13,0,2025-05-10 04:00:00,2025-05-10 08:00:00,E,Borden St,2,1,1,0
2025-05-10,13,10:00,119,11,15.2,0,1,30.13,0,2025-05-10 04:00:00,2025-05-10 08:00:00,E,Dundas St West at Sorauren Ave,1,0,2,0
2025-05-10,13,10:00,119,11,15.2,0,1,30.13,0,2025-05-10 04:00:00,2025-05-10 08:00:00,E,Crawford St,2,2,5,0
2025-05-10,13,10:00,119,11,15.2,0,1,30.13,0,2025-05-10 04:00:00,2025-05-10 08:00:00,E,Pape Ave,2,1,3,0
2025-05-10,13,10:00,119,11,15.2,0,1,30.13,0,2025-05-10 04:00:00,2025-05-10 08:00:00,E,Spadina Ave,1,0,2,0
2025-05-10,13,10:00,119,11,15.2,0,1,30.13,0,2025-05-10 04:00:00,2025-05-10 08:00:00,E,River St,1,0,2,0
2025-05-10,13,10:00,119,11,15.2,0,1,30.13,0,2025-05-10 04:00:00,2025-05-10 08:00:00,E,Marjory Ave,2,1,3,0
2025-05-10,13,10:00,119,11,15.2,0,1,30.13,0,2025-05-10 04:00:00,2025-05-10 08:00:00,E,Kingsmount Park Rd,0,0,0,0
2025-05-10,13,10:00,119,11,15.2,0,1,30.13,0,2025-05-10 04:00:00,2025-05-10 08:00:00,E,Church St,0,0,0,0
2025-05-10,13,10:00,119,11,15.2,0,1,30.13,0,2025-05-10 04:00:00,2025-05-10 08:00:00,E,Ossington Ave,3,2,5,0
2025-05-10,13,10:00,119,11,15.2,0,1,30.13,0,2025-05-10 04:00:00,2025-05-10 08:00:00,E,Woodbine Ave,0,0,0,0
2025-05-10,13,10:00,119,11,15.2,0,1,30.13,0,2025-05-10 04:00:00,2025-05-10 08:00:00,E,Jones Ave,2,1,3,0
2025-05-10,13,10:00,119,11,15.2,0,1,30.13,0,2025-05-10 04:00:00,2025-05-10 08:00:00,E,Golfview Ave,0,0,0,0
2025-05-10,13,10:00,119,11,15.2,0,1,30.13,0,2025-05-10 04:00:00,2025-05-10 08:00:00,E,Leslie St,2,0,3,0
2025-05-10,13,10:00,119,11,15.2,0,1,30.13,0,2025-05-10 04:00:00,2025-05-10 08:00:00,E,St Matthews Rd,2,1,2,0
2025-05-10,13,10:00,119,11,15.2,0,1,30.13,0,2025-05-10 04:00:00,2025-05-10 08:00:00,E,Jarvis St,1,0,2,0
2025-05-10,13,10:00,119,11,15.2,0,1,30.13,0,2025-05-10 04:00:00,2025-05-10 08:00:00,E,Sherbourne St,1,0,2,0
2025-05-10,13,10:00,119,11,15.2,0,1,30.13,0,2025-05-10 04:00:00,2025-05-10 08:00:00,E,St George St,2,1,2,0
2025-05-10,13,10:00,119,11,15.2,0,1,30.13,0,2025-05-10 04:00:00,2025-05-10 08:00:00,E,Dovercourt Rd,3,2,4,0
2025-05-10,13,10:00,119,11,15.2,0,1,30.13,0,2025-05-10 04:00:00,2025-05-10 08:00:00,E,Glenmount Park Rd,0,0,0,0
2025-05-10,13,10:00,119,11,15.2,0,1,30.13,0,2025-05-10 04:00:00,2025-05-10 08:00:00,E,Prust Ave,2,0,3,0
2025-05-10,13,10:00,119,11,15.2,0,1,30.13,0,2025-05-10 04:00:00,2025-05-10 08:00:00,E,Main Street Station at Bay 7,0,0,0,0
2025-05-10,13,10:00,119,11,15.2,0,1,30.13,0,2025-05-10 04:00:00,2025-05-10 08:00:00,E,Norwood Rd,0,0,0,0
2025-05-10,13,10:00,119,11,15.2,0,1,30.13,0,2025-05-10 04:00:00,2025-05-10 08:00:00,E,McCaul St,2,1,2,0
2025-05-10,13,10:00,119,11,15.2,0,1,30.13,0,2025-05-10 04:00:00,2025-05-10 08:00:00,E,Broadview Ave,1,1,2,0
2025-05-10,13,10:00,119,11,15.2,0,1,30.13,0,2025-05-10 04:00:00,2025-05-10 08:00:00,E,Ontario St,1,0,2,0
2025-05-10,13,10:00,119,11,15.2,0,1,30.13,0,2025-05-10 04:00:00,2025-05-10 08:00:00,E,Rusholme Park Cres,1,2,2,0
2025-05-10,13,10:00,119,11,15.2,0,1,30.13,0,2025-05-10 04:00:00,2025-05-10 08:00:00,E,Havelock St,2,0,3,0
2025-05-10,13,10:00,119,11,15.2,0,1,30.13,0,2025-05-10 04:00:00,2025-05-10 08:00:00,E,High Park Loop,2,0,7,0
2025-05-10,13,10:00,119,11,15.2,0,1,30.13,0,2025-05-10 04:00:00,2025-05-10 08:00:00,E,Queens Park (Queen's Park Station),2,1,2,0
2025-05-10,13,10:00,119,11,15.2,0,1,30.13,0,2025-05-10 04:00:00,2025-05-10 08:00:00,E,Roncesvalles Ave,1,2,2,0
2025-05-10,13,10:00,119,11,15.2,0,1,30.13,0,2025-05-10 04:00:00,2025-05-10 08:00:00,E,De Grassi St,1,1,2,0
2025-05-10,13,10:00,119,11,15.2,0,1,30.13,0,2025-05-10 04:00:00,2025-05-10 08:00:00,E,Parliament St at Carlton St,2,0,2,0
2025-05-10,13,10:00,119,11,15.2,0,1,30.13,0,2025-05-10 04:00:00,2025-05-10 08:00:00,E,Parkside Dr East Side,1,1,7,0
2025-05-10,13,10:00,119,11,15.2,0,1,30.13,0,2025-05-10 04:00:00,2025-05-10 08:00:00,E,Dundas St West,1,0,2,0
2025-05-10,13,10:00,119,11,15.2,0,1,30.13,0,2025-05-10 04:00:00,2025-05-10 08:00:00,E,Howard Park Ave at Roncesvalles Ave,0,0,0,0
2025-05-10,13,10:00,119,11,15.2,0,1,30.13,0,2025-05-10 04:00:00,2025-05-10 08:00:00,E,Parliament St,0,0,0,0
2025-05-10,13,10:00,119,11,15.2,0,1,30.13,0,2025-05-10 04:00:00,2025-05-10 08:00:00,E,Parliament St at Gerrard St East,0,0,0,0
2025-05-10,13,10:00,119,11,15.2,0,1,30.13,0,2025-05-10 04:00:00,2025-05-10 08:00:00,E,Sumach St,0,0,0,0
2025-05-10,13,10:00,119,11,15.2,0,1,30.13,0,2025-05-10 04:00:00,2025-05-10 08:00:00,E,Blackburn St,0,0,0,0
2025-05-10,13,10:00,119,11,15.2,0,1,30.13,0,2025-05-10 04:00:00,2025-05-10 08:00:00,E,Logan Ave,0,0,0,0
2025-05-10,13,10:00,119,11,15.2,0,1,30.13,0,2025-05-10 04:00:00,2025-05-10 08:00:00,E,Augusta Ave,0,0,0,0
2025-05-10,13,10:00,119,11,15.2,0,1,30.13,0,2025-05-10 04:00:00,2025-05-10 08:00:00,E,Beverley St,0,0,0,0
2025-05-10,13,10:00,119,11,15.2,0,1,30.13,0,2025-05-10 04:00:00,2025-05-10 08:00:00,E,University Ave (Queen's Park Station,0,0,0,0
2025-05-10,13,10:00,119,11,15.2,0,1,30.13,0,2025-05-10 04:00:00,2025-05-10 08:00:00,E,Elizabeth St,0,0,0,0
2025-05-10,13,10:00,119,11,15.2,0,1,30.13,0,2025-05-10 04:00:00,2025-05-10 08:00:00,E,Greenwood Ave,0,0,0,0
2025-05-10,13,10:00,119,11,15.2,0,1,30.13,0,2025-05-10 04:00:00,2025-05-10 08:00:00,E,Alton Ave,0,0,0,0
2025-05-10,13,10:00,119,11,15.2,0,1,30.13,0,2025-05-10 04:00:00,2025-05-10 08:00:00,E,Coxwell Ave,0,0,0,0
2025-05-10,13,10:00,119,11,15.2,0,1,30.13,0,2025-05-10 04:00:00,2025-05-10 08:00:00,E,Gerrard St East  at Coxwell Ave,0,0,0,0
2025-05-10,13,10:00,119,11,15.2,0,1,30.13,0,2025-05-10 04:00:00,2025-05-10 08:00:00,E,Coxwell Ave at Lower Gerrard St East,0,0,0,0
2025-05-10,13,10:00,119,11,15.2,0,1,30.13,0,2025-05-10 04:00:00,2025-05-10 08:00:00,E,Ashdale Ave,0,0,0,0
2025-05-10,13,10:00,119,11,15.2,0,1,30.13,0,2025-05-10 04:00:00,2025-05-10 08:00:00,E,Howard Park Ave at Indian Rd,0,0,0,0
2025-05-10,13,10:00,119,11,15.2,0,1,30.13,0,2025-05-10 04:00:00,2025-05-10 08:00:00,E,Dundas St West at Howard Park Ave,0,0,0,0
2025-05-10,13,10:00,119,11,15.2,0,1,30.13,0,2025-05-10 04:00:00,2025-05-10 08:00:00,E,Main St at Gerrard St East,0,0,0,0
2025-05-10,13,10:00,119,11,15.2,0,1,30.13,0,2025-05-10 04:00:00,2025-05-10 08:00:00,E,Main St,0,0,0,0
2025-05-10,13,10:00,119,11,15.2,0,1,30.13,0,2025-05-10 04:00:00,2025-05-10 08:00:00,E,Main St at Danforth Ave,0,0,0,0
2025-05-10,13,10:00,119,11,15.2,0,1,30.13,0,2025-05-10 04:00:00,2025-05-10 08:00:00,E,Howard Park Ave at Parkside Dr,0,0,0,0
2025-05-10,13,10:00,119,11,15.2,0,1,30.13,0,2025-05-10 04:00:00,2025-05-10 08:00:00,W,Woodfield Rd,3,1,2,0
2025-05-10,13,10:00,119,11,15.2,0,1,30.13,0,2025-05-10 04:00:00,2025-05-10 08:00:00,W,Coxwell Ave at Gerrard St East,3,1,2,0
2025-05-10,13,10:00,119,11,15.2,0,1,30.13,0,2025-05-10 04:00:00,2025-05-10 08:00:00,W,Euclid Ave,0,0,0,0
2025-05-10,13,10:00,119,11,15.2,0,1,30.13,0,2025-05-10 04:00:00,2025-05-10 08:00:00,W,Bowmore Rd,0,0,0,0
2025-05-10,13,10:00,119,11,15.2,0,1,30.13,0,2025-05-10 04:00:00,2025-05-10 08:00:00,W,Bay St,1,3,1,0
2025-05-10,13,10:00,119,11,15.2,0,1,30.13,0,2025-05-10 04:00:00,2025-05-10 08:00:00,W,Lansdowne Ave,0,0,0,0
2025-05-10,13,10:00,119,11,15.2,0,1,30.13,0,2025-05-10 04:00:00,2025-05-10 08:00:00,W,Indian Rd,2,0,2,0
2025-05-10,13,10:00,119,11,15.2,0,1,30.13,0,2025-05-10 04:00:00,2025-05-10 08:00:00,W,Grace St,0,0,0,0
2025-05-10,13,10:00,119,11,15.2,0,1,30.13,0,2025-05-10 04:00:00,2025-05-10 08:00:00,W,Dufferin St,3,2,1,0
2025-05-10,13,10:00,119,11,15.2,0,1,30.13,0,2025-05-10 04:00:00,2025-05-10 08:00:00,W,Gerrard St East at Beaton Ave,0,2,1,0
2025-05-10,13,10:00,119,11,15.2,0,1,30.13,0,2025-05-10 04:00:00,2025-05-10 08:00:00,W,Bathurst St,0,0,0,0
2025-05-10,13,10:00,119,11,15.2,0,1,30.13,0,2025-05-10 04:00:00,2025-05-10 08:00:00,W,Yonge St - College Station,0,0,0,0
2025-05-10,13,10:00,119,11,15.2,0,1,30.13,0,2025-05-10 04:00:00,2025-05-10 08:00:00,W,Dundas St West at Sterling Rd,0,0,0,0
2025-05-10,13,10:00,119,11,15.2,0,1,30.13,0,2025-05-10 04:00:00,2025-05-10 08:00:00,W,Brock Ave,0,0,0,0
2025-05-10,13,10:00,119,11,15.2,0,1,30.13,0,2025-05-10 04:00:00,2025-05-10 08:00:00,W,Sackville St,5,2,1,0
2025-05-10,13,10:00,119,11,15.2,0,1,30.13,0,2025-05-10 04:00:00,2025-05-10 08:00:00,W,Carlaw Ave,0,0,0,0
2025-05-10,13,10:00,119,11,15.2,0,1,30.13,0,2025-05-10 04:00:00,2025-05-10 08:00:00,W,Borden St,0,0,0,0
2025-05-10,13,10:00,119,11,15.2,0,1,30.13,0,2025-05-10 04:00:00,2025-05-10 08:00:00,W,Dundas St West at Sorauren Ave,4,2,1,0
2025-05-10,13,10:00,119,11,15.2,0,1,30.13,0,2025-05-10 04:00:00,2025-05-10 08:00:00,W,Crawford St,0,0,0,0
2025-05-10,13,10:00,119,11,15.2,0,1,30.13,0,2025-05-10 04:00:00,2025-05-10 08:00:00,W,Pape Ave,0,0,0,0
2025-05-10,13,10:00,119,11,15.2,0,1,30.13,0,2025-05-10 04:00:00,2025-05-10 08:00:00,W,Spadina Ave,1,3,1,0
2025-05-10,13,10:00,119,11,15.2,0,1,30.13,0,2025-05-10 04:00:00,2025-05-10 08:00:00,W,River St,5,3,1,0
2025-05-10,13,10:00,119,11,15.2,0,1,30.13,0,2025-05-10 04:00:00,2025-05-10 08:00:00,W,Marjory Ave,0,0,0,0
2025-05-10,13,10:00,119,11,15.2,0,1,30.13,0,2025-05-10 04:00:00,2025-05-10 08:00:00,W,Kingsmount Park Rd,0,0,0,0
2025-05-10,13,10:00,119,11,15.2,0,1,30.13,0,2025-05-10 04:00:00,2025-05-10 08:00:00,W,Church St,0,0,0,0
2025-05-10,13,10:00,119,11,15.2,0,1,30.13,0,2025-05-10 04:00:00,2025-05-10 08:00:00,W,Ossington Ave,0,0,0,0
2025-05-10,13,10:00,119,11,15.2,0,1,30.13,0,2025-05-10 04:00:00,2025-05-10 08:00:00,W,Woodbine Ave,0,0,0,0
2025-05-10,13,10:00,119,11,15.2,0,1,30.13,0,2025-05-10 04:00:00,2025-05-10 08:00:00,W,Jones Ave,0,0,0,0
2025-05-10,13,10:00,119,11,15.2,0,1,30.13,0,2025-05-10 04:00:00,2025-05-10 08:00:00,W,Golfview Ave,0,0,0,0
2025-05-10,13,10:00,119,11,15.2,0,1,30.13,0,2025-05-10 04:00:00,2025-05-10 08:00:00,W,Leslie St,0,0,0,0
2025-05-10,13,10:00,119,11,15.2,0,1,30.13,0,2025-05-10 04:00:00,2025-05-10 08:00:00,W,St Matthews Rd,0,0,0,0
2025-05-10,13,10:00,119,11,15.2,0,1,30.13,0,2025-05-10 04:00:00,2025-05-10 08:00:00,W,Jarvis St,0,0,0,0
2025-05-10,13,10:00,119,11,15.2,0,1,30.13,0,2025-05-10 04:00:00,2025-05-10 08:00:00,W,Sherbourne St,0,0,0,0
2025-05-10,13,10:00,119,11,15.2,0,1,30.13,0,2025-05-10 04:00:00,2025-05-10 08:00:00,W,St George St,0,0,0,0
2025-05-10,13,10:00,119,11,15.2,0,1,30.13,0,2025-05-10 04:00:00,2025-05-10 08:00:00,W,Dovercourt Rd,0,0,0,0
2025-05-10,13,10:00,119,11,15.2,0,1,30.13,0,2025-05-10 04:00:00,2025-05-10 08:00:00,W,Glenmount Park Rd,0,0,0,0
2025-05-10,13,10:00,119,11,15.2,0,1,30.13,0,2025-05-10 04:00:00,2025-05-10 08:00:00,W,Prust Ave,0,0,0,0
2025-05-10,13,10:00,119,11,15.2,0,1,30.13,0,2025-05-10 04:00:00,2025-05-10 08:00:00,W,Main Street Station at Bay 7,0,0,0,0
2025-05-10,13,10:00,119,11,15.2,0,1,30.13,0,2025-05-10 04:00:00,2025-05-10 08:00:00,W,Norwood Rd,0,0,0,0
2025-05-10,13,10:00,119,11,15.2,0,1,30.13,0,2025-05-10 04:00:00,2025-05-10 08:00:00,W,McCaul St,0,0,0,0
2025-05-10,13,10:00,119,11,15.2,0,1,30.13,0,2025-05-10 04:00:00,2025-05-10 08:00:00,W,Broadview Ave,0,0,0,0
2025-05-10,13,10:00,119,11,15.2,0,1,30.13,0,2025-05-10 04:00:00,2025-05-10 08:00:00,W,Ontario St,0,0,0,0
2025-05-10,13,10:00,119,11,15.2,0,1,30.13,0,2025-05-10 04:00:00,2025-05-10 08:00:00,W,Rusholme Park Cres,0,0,0,0
2025-05-10,13,10:00,119,11,15.2,0,1,30.13,0,2025-05-10 04:00:00,2025-05-10 08:00:00,W,Havelock St,0,0,0,0
2025-05-10,13,10:00,119,11,15.2,0,1,30.13,0,2025-05-10 04:00:00,2025-05-10 08:00:00,W,High Park Loop,0,0,0,0
2025-05-10,13,10:00,119,11,15.2,0,1,30.13,0,2025-05-10 04:00:00,2025-05-10 08:00:00,W,Queens Park (Queen's Park Station),0,0,0,0
2025-05-10,13,10:00,119,11,15.2,0,1,30.13,0,2025-05-10 04:00:00,2025-05-10 08:00:00,W,Roncesvalles Ave,1,0,2,0
2025-05-10,13,10:00,119,11,15.2,0,1,30.13,0,2025-05-10 04:00:00,2025-05-10 08:00:00,W,De Grassi St,0,0,0,0
2025-05-10,13,10:00,119,11,15.2,0,1,30.13,0,2025-05-10 04:00:00,2025-05-10 08:00:00,W,Parliament St at Carlton St,0,0,0,0
2025-05-10,13,10:00,119,11,15.2,0,1,30.13,0,2025-05-10 04:00:00,2025-05-10 08:00:00,W,Parkside Dr East Side,0,0,0,0
2025-05-10,13,10:00,119,11,15.2,0,1,30.13,0,2025-05-10 04:00:00,2025-05-10 08:00:00,W,Dundas St West,3,1,1,0
2025-05-10,13,10:00,119,11,15.2,0,1,30.13,0,2025-05-10 04:00:00,2025-05-10 08:00:00,W,Howard Park Ave at Roncesvalles Ave,0,0,0,0
2025-05-10,13,10:00,119,11,15.2,0,1,30.13,0,2025-05-10 04:00:00,2025-05-10 08:00:00,W,Parliament St,0,0,0,0
2025-05-10,13,10:00,119,11,15.2,0,1,30.13,0,2025-05-10 04:00:00,2025-05-10 08:00:00,W,Parliament St at Gerrard St East,0,0,0,0
2025-05-10,13,10:00,119,11,15.2,0,1,30.13,0,2025-05-10 04:00:00,2025-05-10 08:00:00,W,Sumach St,0,0,0,0
2025-05-10,13,10:00,119,11,15.2,0,1,30.13,0,2025-05-10 04:00:00,2025-05-10 08:00:00,W,Blackburn St,0,0,0,0
2025-05-10,13,10:00,119,11,15.2,0,1,30.13,0,2025-05-10 04:00:00,2025-05-10 08:00:00,W,Logan Ave,0,0,0,0
2025-05-10,13,10:00,119,11,15.2,0,1,30.13,0,2025-05-10 04:00:00,2025-05-10 08:00:00,W,Augusta Ave,0,0,0,0
2025-05-10,13,10:00,119,11,15.2,0,1,30.13,0,2025-05-10 04:00:00,2025-05-10 08:00:00,W,Beverley St,0,0,0,0
2025-05-10,13,10:00,119,11,15.2,0,1,30.13,0,2025-05-10 04:00:00,2025-05-10 08:00:00,W,University Ave (Queen's Park Station,0,0,0,0
2025-05-10,13,10:00,119,11,15.2,0,1,30.13,0,2025-05-10 04:00:00,2025-05-10 08:00:00,W,Elizabeth St,0,0,0,0
2025-05-10,13,10:00,119,11,15.2,0,1,30.13,0,2025-05-10 04:00:00,2025-05-10 08:00:00,W,Greenwood Ave,0,0,0,0
2025-05-10,13,10:00,119,11,15.2,0,1,30.13,0,2025-05-10 04:00:00,2025-05-10 08:00:00,W,Alton Ave,0,0,0,0
2025-05-10,13,10:00,119,11,15.2,0,1,30.13,0,2025-05-10 04:00:00,2025-05-10 08:00:00,W,Coxwell Ave,0,0,0,0
2025-05-10,13,10:00,119,11,15.2,0,1,30.13,0,2025-05-10 04:00:00,2025-05-10 08:00:00,W,Gerrard St East  at Coxwell Ave,0,0,0,0
2025-05-10,13,10:00,119,11,15.2,0,1,30.13,0,2025-05-10 04:00:00,2025-05-10 08:00:00,W,Coxwell Ave at Lower Gerrard St East,0,0,0,0
2025-05-10,13,10:00,119,11,15.2,0,1,30.13,0,2025-05-10 04:00:00,2025-05-10 08:00:00,W,Ashdale Ave,0,0,0,0
2025-05-10,13,10:00,119,11,15.2,0,1,30.13,0,2025-05-10 04:00:00,2025-05-10 08:00:00,W,Howard Park Ave at Indian Rd,0,0,0,0
2025-05-10,13,10:00,119,11,15.2,0,1,30.13,0,2025-05-10 04:00:00,2025-05-10 08:00:00,W,Dundas St West at Howard Park Ave,0,0,0,0
2025-05-10,13,10:00,119,11,15.2,0,1,30.13,0,2025-05-10 04:00:00,2025-05-10 08:00:00,W,Main St at Gerrard St East,0,0,0,0
2025-05-10,13,10:00,119,11,15.2,0,1,30.13,0,2025-05-10 04:00:00,2025-05-10 08:00:00,W,Main St,0,0,0,0
2025-05-10,13,10:00,119,11,15.2,0,1,30.13,0,2025-05-10 04:00:00,2025-05-10 08:00:00,W,Main St at Danforth Ave,0,0,0,0
2025-05-10,13,10:00,119,11,15.2,0,1,30.13,0,2025-05-10 04:00:00,2025-05-10 08:00:00,W,Howard Park Ave at Parkside Dr,0,0,0,0
2025-05-17,13,10:00,119,11,15.2,0,1,30.13,0,2025-05-17 04:00:00,2025-05-17 08:00:00,E,Woodfield Rd,0,0,0,0
2025-05-17,13,10:00,119,11,15.2,0,1,30.13,0,2025-05-17 04:00:00,2025-05-17 08:00:00,E,Coxwell Ave at Gerrard St East,0,0,0,0
2025-05-17,13,10:00,119,11,15.2,0,1,30.13,0,2025-05-17 04:00:00,2025-05-17 08:00:00,E,Euclid Ave,1,1,2,0
2025-05-17,13,10:00,119,11,15.2,0,1,30.13,0,2025-05-17 04:00:00,2025-05-17 08:00:00,E,Bowmore Rd,0,2,0,0
2025-05-17,13,10:00,119,11,15.2,0,1,30.13,0,2025-05-17 04:00:00,2025-05-17 08:00:00,E,Bay St,0,1,1,0
2025-05-17,13,10:00,119,11,15.2,0,1,30.13,0,2025-05-17 04:00:00,2025-05-17 08:00:00,E,Lansdowne Ave,1,3,1,0
2025-05-17,13,10:00,119,11,15.2,0,1,30.13,0,2025-05-17 04:00:00,2025-05-17 08:00:00,E,Indian Rd,2,2,2,0
2025-05-17,13,10:00,119,11,15.2,0,1,30.13,0,2025-05-17 04:00:00,2025-05-17 08:00:00,E,Grace St,2,2,3,0
2025-05-17,13,10:00,119,11,15.2,0,1,30.13,0,2025-05-17 04:00:00,2025-05-17 08:00:00,E,Dufferin St,0,0,0,0
2025-05-17,13,10:00,119,11,15.2,0,1,30.13,0,2025-05-17 04:00:00,2025-05-17 08:00:00,E,Gerrard St East at Beaton Ave,0,2,0,0
2025-05-17,13,10:00,119,11,15.2,0,1,30.13,0,2025-05-17 04:00:00,2025-05-17 08:00:00,E,Bathurst St,0,1,1,0
2025-05-17,13,10:00,119,11,15.2,0,1,30.13,0,2025-05-17 04:00:00,2025-05-17 08:00:00,E,Yonge St - College Station,0,0,0,0
2025-05-17,13,10:00,119,11,15.2,0,1,30.13,0,2025-05-17 04:00:00,2025-05-17 08:00:00,E,Dundas St West at Sterling Rd,1,1,1,0
2025-05-17,13,10:00,119,11,15.2,0,1,30.13,0,2025-05-17 04:00:00,2025-05-17 08:00:00,E,Brock Ave,1,3,1,0
2025-05-17,13,10:00,119,11,15.2,0,1,30.13,0,2025-05-17 04:00:00,2025-05-17 08:00:00,E,Sackville St,1,1,1,0
2025-05-17,13,10:00,119,11,15.2,0,1,30.13,0,2025-05-17 04:00:00,2025-05-17 08:00:00,E,Carlaw Ave,0,0,0,0
2025-05-17,13,10:00,119,11,15.2,0,1,30.13,0,2025-05-17 04:00:00,2025-05-17 08:00:00,E,Borden St,0,1,1,0
2025-05-17,13,10:00,119,11,15.2,0,1,30.13,0,2025-05-17 04:00:00,2025-05-17 08:00:00,E,Dundas St West at Sorauren Ave,1,1,1,0
2025-05-17,13,10:00,119,11,15.2,0,1,30.13,0,2025-05-17 04:00:00,2025-05-17 08:00:00,E,Crawford St,2,2,4,0
2025-05-17,13,10:00,119,11,15.2,0,1,30.13,0,2025-05-17 04:00:00,2025-05-17 08:00:00,E,Pape Ave,0,0,0,0
2025-05-17,13,10:00,119,11,15.2,0,1,30.13,0,2025-05-17 04:00:00,2025-05-17 08:00:00,E,Spadina Ave,0,1,1,0
2025-05-17,13,10:00,119,11,15.2,0,1,30.13,0,2025-05-17 04:00:00,2025-05-17 08:00:00,E,River St,1,1,2,0
2025-05-17,13,10:00,119,11,15.2,0,1,30.13,0,2025-05-17 04:00:00,2025-05-17 08:00:00,E,Marjory Ave,0,0,0,0
2025-05-17,13,10:00,119,11,15.2,0,1,30.13,0,2025-05-17 04:00:00,2025-05-17 08:00:00,E,Kingsmount Park Rd,0,2,0,0
2025-05-17,13,10:00,119,11,15.2,0,1,30.13,0,2025-05-17 04:00:00,2025-05-17 08:00:00,E,Church St,0,0,0,0
2025-05-17,13,10:00,119,11,15.2,0,1,30.13,0,2025-05-17 04:00:00,2025-05-17 08:00:00,E,Ossington Ave,1,2,3,0
2025-05-17,13,10:00,119,11,15.2,0,1,30.13,0,2025-05-17 04:00:00,2025-05-17 08:00:00,E,Woodbine Ave,0,2,0,0
2025-05-17,13,10:00,119,11,15.2,0,1,30.13,0,2025-05-17 04:00:00,2025-05-17 08:00:00,E,Jones Ave,0,0,0,0
2025-05-17,13,10:00,119,11,15.2,0,1,30.13,0,2025-05-17 04:00:00,2025-05-17 08:00:00,E,Golfview Ave,0,2,0,0
2025-05-17,13,10:00,119,11,15.2,0,1,30.13,0,2025-05-17 04:00:00,2025-05-17 08:00:00,E,Leslie St,0,0,0,0
2025-05-17,13,10:00,119,11,15.2,0,1,30.13,0,2025-05-17 04:00:00,2025-05-17 08:00:00,E,St Matthews Rd,1,1,2,0
2025-05-17,13,10:00,119,11,15.2,0,1,30.13,0,2025-05-17 04:00:00,2025-05-17 08:00:00,E,Jarvis St,1,1,1,0
2025-05-17,13,10:00,119,11,15.2,0,1,30.13,0,2025-05-17 04:00:00,2025-05-17 08:00:00,E,Sherbourne St,1,1,1,0
2025-05-17,13,10:00,119,11,15.2,0,1,30.13,0,2025-05-17 04:00:00,2025-05-17 08:00:00,E,St George St,0,1,1,0
2025-05-17,13,10:00,119,11,15.2,0,1,30.13,0,2025-05-17 04:00:00,2025-05-17 08:00:00,E,Dovercourt Rd,1,2,3,0
2025-05-17,13,10:00,119,11,15.2,0,1,30.13,0,2025-05-17 04:00:00,2025-05-17 08:00:00,E,Glenmount Park Rd,0,2,0,0
2025-05-17,13,10:00,119,11,15.2,0,1,30.13,0,2025-05-17 04:00:00,2025-05-17 08:00:00,E,Prust Ave,0,0,0,0
2025-05-17,13,10:00,119,11,15.2,0,1,30.13,0,2025-05-17 04:00:00,2025-05-17 08:00:00,E,Main Street Station at Bay 7,0,0,0,0
2025-05-17,13,10:00,119,11,15.2,0,1,30.13,0,2025-05-17 04:00:00,2025-05-17 08:00:00,E,Norwood Rd,0,2,0,0
2025-05-17,13,10:00,119,11,15.2,0,1,30.13,0,2025-05-17 04:00:00,2025-05-17 08:00:00,E,McCaul St,0,1,1,0
2025-05-17,13,10:00,119,11,15.2,0,1,30.13,0,2025-05-17 04:00:00,2025-05-17 08:00:00,E,Broadview Ave,1,1,2,0
2025-05-17,13,10:00,119,11,15.2,0,1,30.13,0,2025-05-17 04:00:00,2025-05-17 08:00:00,E,Ontario St,1,1,1,0
2025-05-17,13,10:00,119,11,15.2,0,1,30.13,0,2025-05-17 04:00:00,2025-05-17 08:00:00,E,Rusholme Park Cres,1,1,1,0
2025-05-17,13,10:00,119,11,15.2,0,1,30.13,0,2025-05-17 04:00:00,2025-05-17 08:00:00,E,Havelock St,0,0,0,0
2025-05-17,13,10:00,119,11,15.2,0,1,30.13,0,2025-05-17 04:00:00,2025-05-17 08:00:00,E,High Park Loop,3,3,4,0
2025-05-17,13,10:00,119,11,15.2,0,1,30.13,0,2025-05-17 04:00:00,2025-05-17 08:00:00,E,Queens Park (Queen's Park Station),0,1,1,0
2025-05-17,13,10:00,119,11,15.2,0,1,30.13,0,2025-05-17 04:00:00,2025-05-17 08:00:00,E,Roncesvalles Ave,1,1,1,0
2025-05-17,13,10:00,119,11,15.2,0,1,30.13,0,2025-05-17 04:00:00,2025-05-17 08:00:00,E,De Grassi St,1,1,2,0
2025-05-17,13,10:00,119,11,15.2,0,1,30.13,0,2025-05-17 04:00:00,2025-05-17 08:00:00,E,Parliament St at Carlton St,1,1,1,0
2025-05-17,13,10:00,119,11,15.2,0,1,30.13,0,2025-05-17 04:00:00,2025-05-17 08:00:00,E,Parkside Dr East Side,1,2,2,0
2025-05-17,13,10:00,119,11,15.2,0,1,30.13,0,2025-05-17 04:00:00,2025-05-17 08:00:00,E,Dundas St West,1,1,1,0
2025-05-17,13,10:00,119,11,15.2,0,1,30.13,0,2025-05-17 04:00:00,2025-05-17 08:00:00,E,Howard Park Ave at Roncesvalles Ave,0,0,0,0
2025-05-17,13,10:00,119,11,15.2,0,1,30.13,0,2025-05-17 04:00:00,2025-05-17 08:00:00,E,Parliament St,0,0,0,0
2025-05-17,13,10:00,119,11,15.2,0,1,30.13,0,2025-05-17 04:00:00,2025-05-17 08:00:00,E,Parliament St at Gerrard St East,0,0,0,0
2025-05-17,13,10:00,119,11,15.2,0,1,30.13,0,2025-05-17 04:00:00,2025-05-17 08:00:00,E,Sumach St,0,0,0,0
2025-05-17,13,10:00,119,11,15.2,0,1,30.13,0,2025-05-17 04:00:00,2025-05-17 08:00:00,E,Blackburn St,0,0,0,0
2025-05-17,13,10:00,119,11,15.2,0,1,30.13,0,2025-05-17 04:00:00,2025-05-17 08:00:00,E,Logan Ave,0,0,0,0
2025-05-17,13,10:00,119,11,15.2,0,1,30.13,0,2025-05-17 04:00:00,2025-05-17 08:00:00,E,Augusta Ave,0,0,0,0
2025-05-17,13,10:00,119,11,15.2,0,1,30.13,0,2025-05-17 04:00:00,2025-05-17 08:00:00,E,Beverley St,0,0,0,0
2025-05-17,13,10:00,119,11,15.2,0,1,30.13,0,2025-05-17 04:00:00,2025-05-17 08:00:00,E,University Ave (Queen's Park Station,0,0,0,0
2025-05-17,13,10:00,119,11,15.2,0,1,30.13,0,2025-05-17 04:00:00,2025-05-17 08:00:00,E,Elizabeth St,0,0,0,0
2025-05-17,13,10:00,119,11,15.2,0,1,30.13,0,2025-05-17 04:00:00,2025-05-17 08:00:00,E,Greenwood Ave,0,0,0,0
2025-05-17,13,10:00,119,11,15.2,0,1,30.13,0,2025-05-17 04:00:00,2025-05-17 08:00:00,E,Alton Ave,0,0,0,0
2025-05-17,13,10:00,119,11,15.2,0,1,30.13,0,2025-05-17 04:00:00,2025-05-17 08:00:00,E,Coxwell Ave,0,0,0,0
2025-05-17,13,10:00,119,11,15.2,0,1,30.13,0,2025-05-17 04:00:00,2025-05-17 08:00:00,E,Gerrard St East  at Coxwell Ave,0,0,0,0
2025-05-17,13,10:00,119,11,15.2,0,1,30.13,0,2025-05-17 04:00:00,2025-05-17 08:00:00,E,Coxwell Ave at Lower Gerrard St East,0,0,0,0
2025-05-17,13,10:00,119,11,15.2,0,1,30.13,0,2025-05-17 04:00:00,2025-05-17 08:00:00,E,Ashdale Ave,0,0,0,0
2025-05-17,13,10:00,119,11,15.2,0,1,30.13,0,2025-05-17 04:00:00,2025-05-17 08:00:00,E,Howard Park Ave at Indian Rd,0,0,0,0
2025-05-17,13,10:00,119,11,15.2,0,1,30.13,0,2025-05-17 04:00:00,2025-05-17 08:00:00,E,Dundas St West at Howard Park Ave,0,0,0,0
2025-05-17,13,10:00,119,11,15.2,0,1,30.13,0,2025-05-17 04:00:00,2025-05-17 08:00:00,E,Main St at Gerrard St East,0,0,0,0
2025-05-17,13,10:00,119,11,15.2,0,1,30.13,0,2025-05-17 04:00:00,2025-05-17 08:00:00,E,Main St,0,0,0,0
2025-05-17,13,10:00,119,11,15.2,0,1,30.13,0,2025-05-17 04:00:00,2025-05-17 08:00:00,E,Main St at Danforth Ave,0,0,0,0
2025-05-17,13,10:00,119,11,15.2,0,1,30.13,0,2025-05-17 04:00:00,2025-05-17 08:00:00,E,Howard Park Ave at Parkside Dr,0,0,0,0
2025-05-17,13,10:00,119,11,15.2,0,1,30.13,0,2025-05-17 04:00:00,2025-05-17 08:00:00,W,Woodfield Rd,1,1,0,0
2025-05-17,13,10:00,119,11,15.2,0,1,30.13,0,2025-05-17 04:00:00,2025-05-17 08:00:00,W,Coxwell Ave at Gerrard St East,1,3,0,0
2025-05-17,13,10:00,119,11,15.2,0,1,30.13,0,2025-05-17 04:00:00,2025-05-17 08:00:00,W,Euclid Ave,0,0,0,0
2025-05-17,13,10:00,119,11,15.2,0,1,30.13,0,2025-05-17 04:00:00,2025-05-17 08:00:00,W,Bowmore Rd,0,2,0,0
2025-05-17,13,10:00,119,11,15.2,0,1,30.13,0,2025-05-17 04:00:00,2025-05-17 08:00:00,W,Bay St,1,1,0,0
2025-05-17,13,10:00,119,11,15.2,0,1,30.13,0,2025-05-17 04:00:00,2025-05-17 08:00:00,W,Lansdowne Ave,0,1,0,0
2025-05-17,13,10:00,119,11,15.2,0,1,30.13,0,2025-05-17 04:00:00,2025-05-17 08:00:00,W,Indian Rd,2,1,2,0
2025-05-17,13,10:00,119,11,15.2,0,1,30.13,0,2025-05-17 04:00:00,2025-05-17 08:00:00,W,Grace St,0,0,0,0
2025-05-17,13,10:00,119,11,15.2,0,1,30.13,0,2025-05-17 04:00:00,2025-05-17 08:00:00,W,Dufferin St,2,2,2,0
2025-05-17,13,10:00,119,11,15.2,0,1,30.13,0,2025-05-17 04:00:00,2025-05-17 08:00:00,W,Gerrard St East at Beaton Ave,0,2,0,0
2025-05-17,13,10:00,119,11,15.2,0,1,30.13,0,2025-05-17 04:00:00,2025-05-17 08:00:00,W,Bathurst St,0,0,0,0
2025-05-17,13,10:00,119,11,15.2,0,1,30.13,0,2025-05-17 04:00:00,2025-05-17 08:00:00,W,Yonge St - College Station,0,0,0,0
2025-05-17,13,10:00,119,11,15.2,0,1,30.13,0,2025-05-17 04:00:00,2025-05-17 08:00:00,W,Dundas St West at Sterling Rd,0,0,0,0
2025-05-17,13,10:00,119,11,15.2,0,1,30.13,0,2025-05-17 04:00:00,2025-05-17 08:00:00,W,Brock Ave,0,0,0,0
2025-05-17,13,10:00,119,11,15.2,0,1,30.13,0,2025-05-17 04:00:00,2025-05-17 08:00:00,W,Sackville St,2,1,1,0
2025-05-17,13,10:00,119,11,15.2,0,1,30.13,0,2025-05-17 04:00:00,2025-05-17 08:00:00,W,Carlaw Ave,0,0,0,0
2025-05-17,13,10:00,119,11,15.2,0,1,30.13,0,2025-05-17 04:00:00,2025-05-17 08:00:00,W,Borden St,0,0,0,0
2025-05-17,13,10:00,119,11,15.2,0,1,30.13,0,2025-05-17 04:00:00,2025-05-17 08:00:00,W,Dundas St West at Sorauren Ave,2,2,2,0
2025-05-17,13,10:00,119,11,15.2,0,1,30.13,0,2025-05-17 04:00:00,2025-05-17 08:00:00,W,Crawford St,0,0,0,0
2025-05-17,13,10:00,119,11,15.2,0,1,30.13,0,2025-05-17 04:00:00,2025-05-17 08:00:00,W,Pape Ave,0,0,0,0
2025-05-17,13,10:00,119,11,15.2,0,1,30.13,0,2025-05-17 04:00:00,2025-05-17 08:00:00,W,Spadina Ave,1,1,0,0
2025-05-17,13,10:00,119,11,15.2,0,1,30.13,0,2025-05-17 04:00:00,2025-05-17 08:00:00,W,River St,1,1,1,0
2025-05-17,13,10:00,119,11,15.2,0,1,30.13,0,2025-05-17 04:00:00,2025-05-17 08:00:00,W,Marjory Ave,0,0,0,0
2025-05-17,13,10:00,119,11,15.2,0,1,30.13,0,2025-05-17 04:00:00,2025-05-17 08:00:00,W,Kingsmount Park Rd,0,0,0,0
2025-05-17,13,10:00,119,11,15.2,0,1,30.13,0,2025-05-17 04:00:00,2025-05-17 08:00:00,W,Church St,0,0,0,0
2025-05-17,13,10:00,119,11,15.2,0,1,30.13,0,2025-05-17 04:00:00,2025-05-17 08:00:00,W,Ossington Ave,0,0,0,0
2025-05-17,13,10:00,119,11,15.2,0,1,30.13,0,2025-05-17 04:00:00,2025-05-17 08:00:00,W,Woodbine Ave,0,0,0,0
2025-05-17,13,10:00,119,11,15.2,0,1,30.13,0,2025-05-17 04:00:00,2025-05-17 08:00:00,W,Jones Ave,0,0,0,0
2025-05-17,13,10:00,119,11,15.2,0,1,30.13,0,2025-05-17 04:00:00,2025-05-17 08:00:00,W,Golfview Ave,0,0,0,0
2025-05-17,13,10:00,119,11,15.2,0,1,30.13,0,2025-05-17 04:00:00,2025-05-17 08:00:00,W,Leslie St,0,0,0,0
2025-05-17,13,10:00,119,11,15.2,0,1,30.13,0,2025-05-17 04:00:00,2025-05-17 08:00:00,W,St Matthews Rd,0,0,0,0
2025-05-17,13,10:00,119,11,15.2,0,1,30.13,0,2025-05-17 04:00:00,2025-05-17 08:00:00,W,Jarvis St,0,0,0,0
2025-05-17,13,10:00,119,11,15.2,0,1,30.13,0,2025-05-17 04:00:00,2025-05-17 08:00:00,W,Sherbourne St,0,0,0,0
2025-05-17,13,10:00,119,11,15.2,0,1,30.13,0,2025-05-17 04:00:00,2025-05-17 08:00:00,W,St George St,0,0,0,0
2025-05-17,13,10:00,119,11,15.2,0,1,30.13,0,2025-05-17 04:00:00,2025-05-17 08:00:00,W,Dovercourt Rd,0,0,0,0
2025-05-17,13,10:00,119,11,15.2,0,1,30.13,0,2025-05-17 04:00:00,2025-05-17 08:00:00,W,Glenmount Park Rd,0,0,0,0
2025-05-17,13,10:00,119,11,15.2,0,1,30.13,0,2025-05-17 04:00:00,2025-05-17 08:00:00,W,Prust Ave,0,0,0,0
2025-05-17,13,10:00,119,11,15.2,0,1,30.13,0,2025-05-17 04:00:00,2025-05-17 08:00:00,W,Main Street Station at Bay 7,0,1,0,0
2025-05-17,13,10:00,119,11,15.2,0,1,30.13,0,2025-05-17 04:00:00,2025-05-17 08:00:00,W,Norwood Rd,0,0,0,0
2025-05-17,13,10:00,119,11,15.2,0,1,30.13,0,2025-05-17 04:00:00,2025-05-17 08:00:00,W,McCaul St,0,0,0,0
2025-05-17,13,10:00,119,11,15.2,0,1,30.13,0,2025-05-17 04:00:00,2025-05-17 08:00:00,W,Broadview Ave,0,0,0,0
2025-05-17,13,10:00,119,11,15.2,0,1,30.13,0,2025-05-17 04:00:00,2025-05-17 08:00:00,W,Ontario St,0,0,0,0
2025-05-17,13,10:00,119,11,15.2,0,1,30.13,0,2025-05-17 04:00:00,2025-05-17 08:00:00,W,Rusholme Park Cres,0,0,0,0
2025-05-17,13,10:00,119,11,15.2,0,1,30.13,0,2025-05-17 04:00:00,2025-05-17 08:00:00,W,Havelock St,0,0,0,0
2025-05-17,13,10:00,119,11,15.2,0,1,30.13,0,2025-05-17 04:00:00,2025-05-17 08:00:00,W,High Park Loop,0,0,0,0
2025-05-17,13,10:00,119,11,15.2,0,1,30.13,0,2025-05-17 04:00:00,2025-05-17 08:00:00,W,Queens Park (Queen's Park Station),0,0,0,0
2025-05-17,13,10:00,119,11,15.2,0,1,30.13,0,2025-05-17 04:00:00,2025-05-17 08:00:00,W,Roncesvalles Ave,2,1,2,0
2025-05-17,13,10:00,119,11,15.2,0,1,30.13,0,2025-05-17 04:00:00,2025-05-17 08:00:00,W,De Grassi St,0,0,0,0
2025-05-17,13,10:00,119,11,15.2,0,1,30.13,0,2025-05-17 04:00:00,2025-05-17 08:00:00,W,Parliament St at Carlton St,0,0,0,0
2025-05-17,13,10:00,119,11,15.2,0,1,30.13,0,2025-05-17 04:00:00,2025-05-17 08:00:00,W,Parkside Dr East Side,0,0,0,0
2025-05-17,13,10:00,119,11,15.2,0,1,30.13,0,2025-05-17 04:00:00,2025-05-17 08:00:00,W,Dundas St West,2,1,2,0
2025-05-17,13,10:00,119,11,15.2,0,1,30.13,0,2025-05-17 04:00:00,2025-05-17 08:00:00,W,Howard Park Ave at Roncesvalles Ave,0,0,0,0
2025-05-17,13,10:00,119,11,15.2,0,1,30.13,0,2025-05-17 04:00:00,2025-05-17 08:00:00,W,Parliament St,0,0,0,0
2025-05-17,13,10:00,119,11,15.2,0,1,30.13,0,2025-05-17 04:00:00,2025-05-17 08:00:00,W,Parliament St at Gerrard St East,0,0,0,0
2025-05-17,13,10:00,119,11,15.2,0,1,30.13,0,2025-05-17 04:00:00,2025-05-17 08:00:00,W,Sumach St,0,0,0,0
2025-05-17,13,10:00,119,11,15.2,0,1,30.13,0,2025-05-17 04:00:00,2025-05-17 08:00:00,W,Blackburn St,0,0,0,0
2025-05-17,13,10:00,119,11,15.2,0,1,30.13,0,2025-05-17 04:00:00,2025-05-17 08:00:00,W,Logan Ave,0,0,0,0
2025-05-17,13,10:00,119,11,15.2,0,1,30.13,0,2025-05-17 04:00:00,2025-05-17 08:00:00,W,Augusta Ave,0,0,0,0
2025-05-17,13,10:00,119,11,15.2,0,1,30.13,0,2025-05-17 04:00:00,2025-05-17 08:00:00,W,Beverley St,0,0,0,0
2025-05-17,13,10:00,119,11,15.2,0,1,30.13,0,2025-05-17 04:00:00,2025-05-17 08:00:00,W,University Ave (Queen's Park Station,0,0,0,0
2025-05-17,13,10:00,119,11,15.2,0,1,30.13,0,2025-05-17 04:00:00,2025-05-17 08:00:00,W,Elizabeth St,0,0,0,0
2025-05-17,13,10:00,119,11,15.2,0,1,30.13,0,2025-05-17 04:00:00,2025-05-17 08:00:00,W,Greenwood Ave,0,0,0,0
2025-05-17,13,10:00,119,11,15.2,0,1,30.13,0,2025-05-17 04:00:00,2025-05-17 08:00:00,W,Alton Ave,0,0,0,0
2025-05-17,13,10:00,119,11,15.2,0,1,30.13,0,2025-05-17 04:00:00,2025-05-17 08:00:00,W,Coxwell Ave,0,0,0,0
2025-05-17,13,10:00,119,11,15.2,0,1,30.13,0,2025-05-17 04:00:00,2025-05-17 08:00:00,W,Gerrard St East  at Coxwell Ave,0,0,0,0
2025-05-17,13,10:00,119,11,15.2,0,1,30.13,0,2025-05-17 04:00:00,2025-05-17 08:00:00,W,Coxwell Ave at Lower Gerrard St East,0,0,0,0
2025-05-17,13,10:00,119,11,15.2,0,1,30.13,0,2025-05-17 04:00:00,2025-05-17 08:00:00,W,Ashdale Ave,0,0,0,0
2025-05-17,13,10:00,119,11,15.2,0,1,30.13,0,2025-05-17 04:00:00,2025-05-17 08:00:00,W,Howard Park Ave at Indian Rd,0,0,0,0
2025-05-17,13,10:00,119,11,15.2,0,1,30.13,0,2025-05-17 04:00:00,2025-05-17 08:00:00,W,Dundas St West at Howard Park Ave,0,0,0,0
2025-05-17,13,10:00,119,11,15.2,0,1,30.13,0,2025-05-17 04:00:00,2025-05-17 08:00:00,W,Main St at Gerrard St East,0,0,0,0
2025-05-17,13,10:00,119,11,15.2,0,1,30.13,0,2025-05-17 04:00:00,2025-05-17 08:00:00,W,Main St,0,0,0,0
2025-05-17,13,10:00,119,11,15.2,0,1,30.13,0,2025-05-17 04:00:00,2025-05-17 08:00:00,W,Main St at Danforth Ave,0,0,0,0
2025-05-17,13,10:00,119,11,15.2,0,1,30.13,0,2025-05-17 04:00:00,2025-05-17 08:00:00,W,Howard Park Ave at Parkside Dr,0,0,0,0
2025-05-24,13,10:00,119,11,15.2,0,1,30.13,0,2025-05-24 04:00:00,2025-05-24 08:00:00,E,Woodfield Rd,1,0,1,0
2025-05-24,13,10:00,119,11,15.2,0,1,30.13,0,2025-05-24 04:00:00,2025-05-24 08:00:00,E,Coxwell Ave at Gerrard St East,0,0,0,0
2025-05-24,13,10:00,119,11,15.2,0,1,30.13,0,2025-05-24 04:00:00,2025-05-24 08:00:00,E,Euclid Ave,0,0,0,0
2025-05-24,13,10:00,119,11,15.2,0,1,30.13,0,2025-05-24 04:00:00,2025-05-24 08:00:00,E,Bowmore Rd,1,2,1,0
2025-05-24,13,10:00,119,11,15.2,0,1,30.13,0,2025-05-24 04:00:00,2025-05-24 08:00:00,E,Bay St,1,0,1,0
2025-05-24,13,10:00,119,11,15.2,0,1,30.13,0,2025-05-24 04:00:00,2025-05-24 08:00:00,E,Lansdowne Ave,1,2,1,0
2025-05-24,13,10:00,119,11,15.2,0,1,30.13,0,2025-05-24 04:00:00,2025-05-24 08:00:00,E,Indian Rd,0,0,0,0
2025-05-24,13,10:00,119,11,15.2,0,1,30.13,0,2025-05-24 04:00:00,2025-05-24 08:00:00,E,Grace St,0,0,0,0
2025-05-24,13,10:00,119,11,15.2,0,1,30.13,0,2025-05-24 04:00:00,2025-05-24 08:00:00,E,Dufferin St,1,0,1,0
2025-05-24,13,10:00,119,11,15.2,0,1,30.13,0,2025-05-24 04:00:00,2025-05-24 08:00:00,E,Gerrard St East at Beaton Ave,1,2,1,0
2025-05-24,13,10:00,119,11,15.2,0,1,30.13,0,2025-05-24 04:00:00,2025-05-24 08:00:00,E,Bathurst St,0,0,0,0
2025-05-24,13,10:00,119,11,15.2,0,1,30.13,0,2025-05-24 04:00:00,2025-05-24 08:00:00,E,Yonge St - College Station,1,0,1,0
2025-05-24,13,10:00,119,11,15.2,0,1,30.13,0,2025-05-24 04:00:00,2025-05-24 08:00:00,E,Dundas St West at Sterling Rd,1,0,0,0
2025-05-24,13,10:00,119,11,15.2,0,1,30.13,0,2025-05-24 04:00:00,2025-05-24 08:00:00,E,Brock Ave,1,2,1,0
2025-05-24,13,10:00,119,11,15.2,0,1,30.13,0,2025-05-24 04:00:00,2025-05-24 08:00:00,E,Sackville St,0,0,0,0
2025-05-24,13,10:00,119,11,15.2,0,1,30.13,0,2025-05-24 04:00:00,2025-05-24 08:00:00,E,Carlaw Ave,1,0,1,0
2025-05-24,13,10:00,119,11,15.2,0,1,30.13,0,2025-05-24 04:00:00,2025-05-24 08:00:00,E,Borden St,0,0,0,0
2025-05-24,13,10:00,119,11,15.2,0,1,30.13,0,2025-05-24 04:00:00,2025-05-24 08:00:00,E,Dundas St West at Sorauren Ave,1,0,0,0
2025-05-24,13,10:00,119,11,15.2,0,1,30.13,0,2025-05-24 04:00:00,2025-05-24 08:00:00,E,Crawford St,0,0,0,0
2025-05-24,13,10:00,119,11,15.2,0,1,30.13,0,2025-05-24 04:00:00,2025-05-24 08:00:00,E,Pape Ave,1,0,1,0
2025-05-24,13,10:00,119,11,15.2,0,1,30.13,0,2025-05-24 04:00:00,2025-05-24 08:00:00,E,Spadina Ave,0,0,0,0
2025-05-24,13,10:00,119,11,15.2,0,1,30.13,0,2025-05-24 04:00:00,2025-05-24 08:00:00,E,River St,0,0,0,0
2025-05-24,13,10:00,119,11,15.2,0,1,30.13,0,2025-05-24 04:00:00,2025-05-24 08:00:00,E,Marjory Ave,1,0,1,0
2025-05-24,13,10:00,119,11,15.2,0,1,30.13,0,2025-05-24 04:00:00,2025-05-24 08:00:00,E,Kingsmount Park Rd,1,2,1,0
2025-05-24,13,10:00,119,11,15.2,0,1,30.13,0,2025-05-24 04:00:00,2025-05-24 08:00:00,E,Church St,0,0,0,0
2025-05-24,13,10:00,119,11,15.2,0,1,30.13,0,2025-05-24 04:00:00,2025-05-24 08:00:00,E,Ossington Ave,0,0,0,0
2025-05-24,13,10:00,119,11,15.2,0,1,30.13,0,2025-05-24 04:00:00,2025-05-24 08:00:00,E,Woodbine Ave,1,2,1,0
2025-05-24,13,10:00,119,11,15.2,0,1,30.13,0,2025-05-24 04:00:00,2025-05-24 08:00:00,E,Jones Ave,1,0,1,0
2025-05-24,13,10:00,119,11,15.2,0,1,30.13,0,2025-05-24 04:00:00,2025-05-24 08:00:00,E,Golfview Ave,1,2,1,0
2025-05-24,13,10:00,119,11,15.2,0,1,30.13,0,2025-05-24 04:00:00,2025-05-24 08:00:00,E,Leslie St,1,0,1,0
2025-05-24,13,10:00,119,11,15.2,0,1,30.13,0,2025-05-24 04:00:00,2025-05-24 08:00:00,E,St Matthews Rd,0,0,0,0
2025-05-24,13,10:00,119,11,15.2,0,1,30.13,0,2025-05-24 04:00:00,2025-05-24 08:00:00,E,Jarvis St,0,0,0,0
2025-05-24,13,10:00,119,11,15.2,0,1,30.13,0,2025-05-24 04:00:00,2025-05-24 08:00:00,E,Sherbourne St,0,0,0,0
2025-05-24,13,10:00,119,11,15.2,0,1,30.13,0,2025-05-24 04:00:00,2025-05-24 08:00:00,E,St George St,0,0,0,0
2025-05-24,13,10:00,119,11,15.2,0,1,30.13,0,2025-05-24 04:00:00,2025-05-24 08:00:00,E,Dovercourt Rd,0,0,0,0
2025-05-24,13,10:00,119,11,15.2,0,1,30.13,0,2025-05-24 04:00:00,2025-05-24 08:00:00,E,Glenmount Park Rd,1,2,1,0
2025-05-24,13,10:00,119,11,15.2,0,1,30.13,0,2025-05-24 04:00:00,2025-05-24 08:00:00,E,Prust Ave,1,0,1,0
2025-05-24,13,10:00,119,11,15.2,0,1,30.13,0,2025-05-24 04:00:00,2025-05-24 08:00:00,E,Main Street Station at Bay 7,0,0,0,0
2025-05-24,13,10:00,119,11,15.2,0,1,30.13,0,2025-05-24 04:00:00,2025-05-24 08:00:00,E,Norwood Rd,1,2,1,0
2025-05-24,13,10:00,119,11,15.2,0,1,30.13,0,2025-05-24 04:00:00,2025-05-24 08:00:00,E,McCaul St,0,0,0,0
2025-05-24,13,10:00,119,11,15.2,0,1,30.13,0,2025-05-24 04:00:00,2025-05-24 08:00:00,E,Broadview Ave,1,0,0,0
2025-05-24,13,10:00,119,11,15.2,0,1,30.13,0,2025-05-24 04:00:00,2025-05-24 08:00:00,E,Ontario St,0,0,0,0
2025-05-24,13,10:00,119,11,15.2,0,1,30.13,0,2025-05-24 04:00:00,2025-05-24 08:00:00,E,Rusholme Park Cres,0,0,0,0
2025-05-24,13,10:00,119,11,15.2,0,1,30.13,0,2025-05-24 04:00:00,2025-05-24 08:00:00,E,Havelock St,1,0,1,0
2025-05-24,13,10:00,119,11,15.2,0,1,30.13,0,2025-05-24 04:00:00,2025-05-24 08:00:00,E,High Park Loop,0,0,0,0
2025-05-24,13,10:00,119,11,15.2,0,1,30.13,0,2025-05-24 04:00:00,2025-05-24 08:00:00,E,Queens Park (Queen's Park Station),0,0,0,0
2025-05-24,13,10:00,119,11,15.2,0,1,30.13,0,2025-05-24 04:00:00,2025-05-24 08:00:00,E,Roncesvalles Ave,0,0,0,0
2025-05-24,13,10:00,119,11,15.2,0,1,30.13,0,2025-05-24 04:00:00,2025-05-24 08:00:00,E,De Grassi St,1,0,0,0
2025-05-24,13,10:00,119,11,15.2,0,1,30.13,0,2025-05-24 04:00:00,2025-05-24 08:00:00,E,Parliament St at Carlton St,0,0,0,0
2025-05-24,13,10:00,119,11,15.2,0,1,30.13,0,2025-05-24 04:00:00,2025-05-24 08:00:00,E,Parkside Dr East Side,0,0,0,0
2025-05-24,13,10:00,119,11,15.2,0,1,30.13,0,2025-05-24 04:00:00,2025-05-24 08:00:00,E,Dundas St West,1,0,0,0
2025-05-24,13,10:00,119,11,15.2,0,1,30.13,0,2025-05-24 04:00:00,2025-05-24 08:00:00,E,Howard Park Ave at Roncesvalles Ave,0,0,0,0
2025-05-24,13,10:00,119,11,15.2,0,1,30.13,0,2025-05-24 04:00:00,2025-05-24 08:00:00,E,Parliament St,0,0,0,0
2025-05-24,13,10:00,119,11,15.2,0,1,30.13,0,2025-05-24 04:00:00,2025-05-24 08:00:00,E,Parliament St at Gerrard St East,0,0,0,0
2025-05-24,13,10:00,119,11,15.2,0,1,30.13,0,2025-05-24 04:00:00,2025-05-24 08:00:00,E,Sumach St,0,0,0,0
2025-05-24,13,10:00,119,11,15.2,0,1,30.13,0,2025-05-24 04:00:00,2025-05-24 08:00:00,E,Blackburn St,0,0,0,0
2025-05-24,13,10:00,119,11,15.2,0,1,30.13,0,2025-05-24 04:00:00,2025-05-24 08:00:00,E,Logan Ave,0,0,0,0
2025-05-24,13,10:00,119,11,15.2,0,1,30.13,0,2025-05-24 04:00:00,2025-05-24 08:00:00,E,Augusta Ave,0,0,0,0
2025-05-24,13,10:00,119,11,15.2,0,1,30.13,0,2025-05-24 04:00:00,2025-05-24 08:00:00,E,Beverley St,0,0,0,0
2025-05-24,13,10:00,119,11,15.2,0,1,30.13,0,2025-05-24 04:00:00,2025-05-24 08:00:00,E,University Ave (Queen's Park Station,0,0,0,0
2025-05-24,13,10:00,119,11,15.2,0,1,30.13,0,2025-05-24 04:00:00,2025-05-24 08:00:00,E,Elizabeth St,0,0,0,0
2025-05-24,13,10:00,119,11,15.2,0,1,30.13,0,2025-05-24 04:00:00,2025-05-24 08:00:00,E,Greenwood Ave,0,0,0,0
2025-05-24,13,10:00,119,11,15.2,0,1,30.13,0,2025-05-24 04:00:00,2025-05-24 08:00:00,E,Alton Ave,0,0,0,0
2025-05-24,13,10:00,119,11,15.2,0,1,30.13,0,2025-05-24 04:00:00,2025-05-24 08:00:00,E,Coxwell Ave,0,0,0,0
2025-05-24,13,10:00,119,11,15.2,0,1,30.13,0,2025-05-24 04:00:00,2025-05-24 08:00:00,E,Gerrard St East  at Coxwell Ave,0,0,0,0
2025-05-24,13,10:00,119,11,15.2,0,1,30.13,0,2025-05-24 04:00:00,2025-05-24 08:00:00,E,Coxwell Ave at Lower Gerrard St East,0,0,0,0
2025-05-24,13,10:00,119,11,15.2,0,1,30.13,0,2025-05-24 04:00:00,2025-05-24 08:00:00,E,Ashdale Ave,0,0,0,0
2025-05-24,13,10:00,119,11,15.2,0,1,30.13,0,2025-05-24 04:00:00,2025-05-24 08:00:00,E,Howard Park Ave at Indian Rd,0,0,0,0
2025-05-24,13,10:00,119,11,15.2,0,1,30.13,0,2025-05-24 04:00:00,2025-05-24 08:00:00,E,Dundas St West at Howard Park Ave,0,0,0,0
2025-05-24,13,10:00,119,11,15.2,0,1,30.13,0,2025-05-24 04:00:00,2025-05-24 08:00:00,E,Main St at Gerrard St East,0,0,0,0
2025-05-24,13,10:00,119,11,15.2,0,1,30.13,0,2025-05-24 04:00:00,2025-05-24 08:00:00,E,Main St,0,0,0,0
2025-05-24,13,10:00,119,11,15.2,0,1,30.13,0,2025-05-24 04:00:00,2025-05-24 08:00:00,E,Main St at Danforth Ave,0,0,0,0
2025-05-24,13,10:00,119,11,15.2,0,1,30.13,0,2025-05-24 04:00:00,2025-05-24 08:00:00,E,Howard Park Ave at Parkside Dr,0,0,0,0
2025-05-24,13,10:00,119,11,15.2,0,1,30.13,0,2025-05-24 04:00:00,2025-05-24 08:00:00,W,Woodfield Rd,1,2,1,0
2025-05-24,13,10:00,119,11,15.2,0,1,30.13,0,2025-05-24 04:00:00,2025-05-24 08:00:00,W,Coxwell Ave at Gerrard St East,2,2,1,0
2025-05-24,13,10:00,119,11,15.2,0,1,30.13,0,2025-05-24 04:00:00,2025-05-24 08:00:00,W,Euclid Ave,0,0,0,0
2025-05-24,13,10:00,119,11,15.2,0,1,30.13,0,2025-05-24 04:00:00,2025-05-24 08:00:00,W,Bowmore Rd,1,1,1,0
2025-05-24,13,10:00,119,11,15.2,0,1,30.13,0,2025-05-24 04:00:00,2025-05-24 08:00:00,W,Bay St,2,1,1,0
2025-05-24,13,10:00,119,11,15.2,0,1,30.13,0,2025-05-24 04:00:00,2025-05-24 08:00:00,W,Lansdowne Ave,0,1,0,0
2025-05-24,13,10:00,119,11,15.2,0,1,30.13,0,2025-05-24 04:00:00,2025-05-24 08:00:00,W,Indian Rd,0,0,0,0
2025-05-24,13,10:00,119,11,15.2,0,1,30.13,0,2025-05-24 04:00:00,2025-05-24 08:00:00,W,Grace St,0,0,0,0
2025-05-24,13,10:00,119,11,15.2,0,1,30.13,0,2025-05-24 04:00:00,2025-05-24 08:00:00,W,Dufferin St,1,1,1,0
2025-05-24,13,10:00,119,11,15.2,0,1,30.13,0,2025-05-24 04:00:00,2025-05-24 08:00:00,W,Gerrard St East at Beaton Ave,1,0,1,0
2025-05-24,13,10:00,119,11,15.2,0,1,30.13,0,2025-05-24 04:00:00,2025-05-24 08:00:00,W,Bathurst St,0,0,0,0
2025-05-24,13,10:00,119,11,15.2,0,1,30.13,0,2025-05-24 04:00:00,2025-05-24 08:00:00,W,Yonge St - College Station,0,0,0,0
2025-05-24,13,10:00,119,11,15.2,0,1,30.13,0,2025-05-24 04:00:00,2025-05-24 08:00:00,W,Dundas St West at Sterling Rd,0,0,0,0
2025-05-24,13,10:00,119,11,15.2,0,1,30.13,0,2025-05-24 04:00:00,2025-05-24 08:00:00,W,Brock Ave,0,0,0,0
2025-05-24,13,10:00,119,11,15.2,0,1,30.13,0,2025-05-24 04:00:00,2025-05-24 08:00:00,W,Sackville St,2,1,1,0
2025-05-24,13,10:00,119,11,15.2,0,1,30.13,0,2025-05-24 04:00:00,2025-05-24 08:00:00,W,Carlaw Ave,0,0,0,0
2025-05-24,13,10:00,119,11,15.2,0,1,30.13,0,2025-05-24 04:00:00,2025-05-24 08:00:00,W,Borden St,0,0,0,0
2025-05-24,13,10:00,119,11,15.2,0,1,30.13,0,2025-05-24 04:00:00,2025-05-24 08:00:00,W,Dundas St West at Sorauren Ave,0,0,0,0
2025-05-24,13,10:00,119,11,15.2,0,1,30.13,0,2025-05-24 04:00:00,2025-05-24 08:00:00,W,Crawford St,0,0,0,0
2025-05-24,13,10:00,119,11,15.2,0,1,30.13,0,2025-05-24 04:00:00,2025-05-24 08:00:00,W,Pape Ave,0,0,0,0
2025-05-24,13,10:00,119,11,15.2,0,1,30.13,0,2025-05-24 04:00:00,2025-05-24 08:00:00,W,Spadina Ave,2,1,1,0
2025-05-24,13,10:00,119,11,15.2,0,1,30.13,0,2025-05-24 04:00:00,2025-05-24 08:00:00,W,River St,2,2,1,0
2025-05-24,13,10:00,119,11,15.2,0,1,30.13,0,2025-05-24 04:00:00,2025-05-24 08:00:00,W,Marjory Ave,0,0,0,0
2025-05-24,13,10:00,119,11,15.2,0,1,30.13,0,2025-05-24 04:00:00,2025-05-24 08:00:00,W,Kingsmount Park Rd,0,0,0,0
2025-05-24,13,10:00,119,11,15.2,0,1,30.13,0,2025-05-24 04:00:00,2025-05-24 08:00:00,W,Church St,0,0,0,0
2025-05-24,13,10:00,119,11,15.2,0,1,30.13,0,2025-05-24 04:00:00,2025-05-24 08:00:00,W,Ossington Ave,0,0,0,0
2025-05-24,13,10:00,119,11,15.2,0,1,30.13,0,2025-05-24 04:00:00,2025-05-24 08:00:00,W,Woodbine Ave,0,0,0,0
2025-05-24,13,10:00,119,11,15.2,0,1,30.13,0,2025-05-24 04:00:00,2025-05-24 08:00:00,W,Jones Ave,0,0,0,0
2025-05-24,13,10:00,119,11,15.2,0,1,30.13,0,2025-05-24 04:00:00,2025-05-24 08:00:00,W,Golfview Ave,0,0,0,0
2025-05-24,13,10:00,119,11,15.2,0,1,30.13,0,2025-05-24 04:00:00,2025-05-24 08:00:00,W,Leslie St,0,0,0,0
2025-05-24,13,10:00,119,11,15.2,0,1,30.13,0,2025-05-24 04:00:00,2025-05-24 08:00:00,W,St Matthews Rd,0,0,0,0
2025-05-24,13,10:00,119,11,15.2,0,1,30.13,0,2025-05-24 04:00:00,2025-05-24 08:00:00,W,Jarvis St,0,0,0,0
2025-05-24,13,10:00,119,11,15.2,0,1,30.13,0,2025-05-24 04:00:00,2025-05-24 08:00:00,W,Sherbourne St,0,0,0,0
2025-05-24,13,10:00,119,11,15.2,0,1,30.13,0,2025-05-24 04:00:00,2025-05-24 08:00:00,W,St George St,0,0,0,0
2025-05-24,13,10:00,119,11,15.2,0,1,30.13,0,2025-05-24 04:00:00,2025-05-24 08:00:00,W,Dovercourt Rd,0,0,0,0
2025-05-24,13,10:00,119,11,15.2,0,1,30.13,0,2025-05-24 04:00:00,2025-05-24 08:00:00,W,Glenmount Park Rd,0,0,0,0
2025-05-24,13,10:00,119,11,15.2,0,1,30.13,0,2025-05-24 04:00:00,2025-05-24 08:00:00,W,Prust Ave,0,0,0,0
2025-05-24,13,10:00,119,11,15.2,0,1,30.13,0,2025-05-24 04:00:00,2025-05-24 08:00:00,W,Main Street Station at Bay 7,0,1,1,0
2025-05-24,13,10:00,119,11,15.2,0,1,30.13,0,2025-05-24 04:00:00,2025-05-24 08:00:00,W,Norwood Rd,0,0,0,0
2025-05-24,13,10:00,119,11,15.2,0,1,30.13,0,2025-05-24 04:00:00,2025-05-24 08:00:00,W,McCaul St,0,0,0,0
2025-05-24,13,10:00,119,11,15.2,0,1,30.13,0,2025-05-24 04:00:00,2025-05-24 08:00:00,W,Broadview Ave,0,0,0,0
2025-05-24,13,10:00,119,11,15.2,0,1,30.13,0,2025-05-24 04:00:00,2025-05-24 08:00:00,W,Ontario St,0,0,0,0
2025-05-24,13,10:00,119,11,15.2,0,1,30.13,0,2025-05-24 04:00:00,2025-05-24 08:00:00,W,Rusholme Park Cres,0,0,0,0
2025-05-24,13,10:00,119,11,15.2,0,1,30.13,0,2025-05-24 04:00:00,2025-05-24 08:00:00,W,Havelock St,0,0,0,0
2025-05-24,13,10:00,119,11,15.2,0,1,30.13,0,2025-05-24 04:00:00,2025-05-24 08:00:00,W,High Park Loop,0,0,0,0
2025-05-24,13,10:00,119,11,15.2,0,1,30.13,0,2025-05-24 04:00:00,2025-05-24 08:00:00,W,Queens Park (Queen's Park Station),0,0,0,0
2025-05-24,13,10:00,119,11,15.2,0,1,30.13,0,2025-05-24 04:00:00,2025-05-24 08:00:00,W,Roncesvalles Ave,0,0,0,0
2025-05-24,13,10:00,119,11,15.2,0,1,30.13,0,2025-05-24 04:00:00,2025-05-24 08:00:00,W,De Grassi St,0,0,0,0
2025-05-24,13,10:00,119,11,15.2,0,1,30.13,0,2025-05-24 04:00:00,2025-05-24 08:00:00,W,Parliament St at Carlton St,0,0,0,0
2025-05-24,13,10:00,119,11,15.2,0,1,30.13,0,2025-05-24 04:00:00,2025-05-24 08:00:00,W,Parkside Dr East Side,0,0,0,0
2025-05-24,13,10:00,119,11,15.2,0,1,30.13,0,2025-05-24 04:00:00,2025-05-24 08:00:00,W,Dundas St West,0,0,0,0
2025-05-24,13,10:00,119,11,15.2,0,1,30.13,0,2025-05-24 04:00:00,2025-05-24 08:00:00,W,Howard Park Ave at Roncesvalles Ave,0,0,0,0
2025-05-24,13,10:00,119,11,15.2,0,1,30.13,0,2025-05-24 04:00:00,2025-05-24 08:00:00,W,Parliament St,0,0,0,0
2025-05-24,13,10:00,119,11,15.2,0,1,30.13,0,2025-05-24 04:00:00,2025-05-24 08:00:00,W,Parliament St at Gerrard St East,0,0,0,0
2025-05-24,13,10:00,119,11,15.2,0,1,30.13,0,2025-05-24 04:00:00,2025-05-24 08:00:00,W,Sumach St,0,0,0,0
2025-05-24,13,10:00,119,11,15.2,0,1,30.13,0,2025-05-24 04:00:00,2025-05-24 08:00:00,W,Blackburn St,0,0,0,0
2025-05-24,13,10:00,119,11,15.2,0,1,30.13,0,2025-05-24 04:00:00,2025-05-24 08:00:00,W,Logan Ave,0,0,0,0
2025-05-24,13,10:00,119,11,15.2,0,1,30.13,0,2025-05-24 04:00:00,2025-05-24 08:00:00,W,Augusta Ave,0,0,0,0
2025-05-24,13,10:00,119,11,15.2,0,1,30.13,0,2025-05-24 04:00:00,2025-05-24 08:00:00,W,Beverley St,0,0,0,0
2025-05-24,13,10:00,119,11,15.2,0,1,30.13,0,2025-05-24 04:00:00,2025-05-24 08:00:00,W,University Ave (Queen's Park Station,0,0,0,0
2025-05-24,13,10:00,119,11,15.2,0,1,30.13,0,2025-05-24 04:00:00,2025-05-24 08:00:00,W,Elizabeth St,0,0,0,0
2025-05-24,13,10:00,119,11,15.2,0,1,30.13,0,2025-05-24 04:00:00,2025-05-24 08:00:00,W,Greenwood Ave,0,0,0,0
2025-05-24,13,10:00,119,11,15.2,0,1,30.13,0,2025-05-24 04:00:00,2025-05-24 08:00:00,W,Alton Ave,0,0,0,0
2025-05-24,13,10:00,119,11,15.2,0,1,30.13,0,2025-05-24 04:00:00,2025-05-24 08:00:00,W,Coxwell Ave,0,0,0,0
2025-05-24,13,10:00,119,11,15.2,0,1,30.13,0,2025-05-24 04:00:00,2025-05-24 08:00:00,W,Gerrard St East  at Coxwell Ave,0,0,0,0
2025-05-24,13,10:00,119,11,15.2,0,1,30.13,0,2025-05-24 04:00:00,2025-05-24 08:00:00,W,Coxwell Ave at Lower Gerrard St East,0,0,0,0
2025-05-24,13,10:00,119,11,15.2,0,1,30.13,0,2025-05-24 04:00:00,2025-05-24 08:00:00,W,Ashdale Ave,0,0,0,0
2025-05-24,13,10:00,119,11,15.2,0,1,30.13,0,2025-05-24 04:00:00,2025-05-24 08:00:00,W,Howard Park Ave at Indian Rd,0,0,0,0
2025-05-24,13,10:00,119,11,15.2,0,1,30.13,0,2025-05-24 04:00:00,2025-05-24 08:00:00,W,Dundas St West at Howard Park Ave,0,0,0,0
2025-05-24,13,10:00,119,11,15.2,0,1,30.13,0,2025-05-24 04:00:00,2025-05-24 08:00:00,W,Main St at Gerrard St East,0,0,0,0
2025-05-24,13,10:00,119,11,15.2,0,1,30.13,0,2025-05-24 04:00:00,2025-05-24 08:00:00,W,Main St,0,0,0,0
2025-05-24,13,10:00,119,11,15.2,0,1,30.13,0,2025-05-24 04:00:00,2025-05-24 08:00:00,W,Main St at Danforth Ave,0,0,0,0
2025-05-24,13,10:00,119,11,15.2,0,1,30.13,0,2025-05-24 04:00:00,2025-05-24 08:00:00,W,Howard Park Ave at Parkside Dr,0,0,0,0
2025-05-31,13,10:00,119,11,15.2,0,1,30.13,0,2025-05-31 04:00:00,2025-05-31 08:00:00,E,Woodfield Rd,0,0,0,0
2025-05-31,13,10:00,119,11,15.2,0,1,30.13,0,2025-05-31 04:00:00,2025-05-31 08:00:00,E,Coxwell Ave at Gerrard St East,0,0,0,0
2025-05-31,13,10:00,119,11,15.2,0,1,30.13,0,2025-05-31 04:00:00,2025-05-31 08:00:00,E,Euclid Ave,0,0,0,0
2025-05-31,13,10:00,119,11,15.2,0,1,30.13,0,2025-05-31 04:00:00,2025-05-31 08:00:00,E,Bowmore Rd,1,2,1,0
2025-05-31,13,10:00,119,11,15.2,0,1,30.13,0,2025-05-31 04:00:00,2025-05-31 08:00:00,E,Bay St,0,0,0,0
2025-05-31,13,10:00,119,11,15.2,0,1,30.13,0,2025-05-31 04:00:00,2025-05-31 08:00:00,E,Lansdowne Ave,1,3,1,0
2025-05-31,13,10:00,119,11,15.2,0,1,30.13,0,2025-05-31 04:00:00,2025-05-31 08:00:00,E,Indian Rd,1,0,1,0
2025-05-31,13,10:00,119,11,15.2,0,1,30.13,0,2025-05-31 04:00:00,2025-05-31 08:00:00,E,Grace St,1,0,1,0
2025-05-31,13,10:00,119,11,15.2,0,1,30.13,0,2025-05-31 04:00:00,2025-05-31 08:00:00,E,Dufferin St,0,0,0,0
2025-05-31,13,10:00,119,11,15.2,0,1,30.13,0,2025-05-31 04:00:00,2025-05-31 08:00:00,E,Gerrard St East at Beaton Ave,1,3,1,0
2025-05-31,13,10:00,119,11,15.2,0,1,30.13,0,2025-05-31 04:00:00,2025-05-31 08:00:00,E,Bathurst St,0,1,0,0
2025-05-31,13,10:00,119,11,15.2,0,1,30.13,0,2025-05-31 04:00:00,2025-05-31 08:00:00,E,Yonge St - College Station,0,0,0,0
2025-05-31,13,10:00,119,11,15.2,0,1,30.13,0,2025-05-31 04:00:00,2025-05-31 08:00:00,E,Dundas St West at Sterling Rd,0,0,0,0
2025-05-31,13,10:00,119,11,15.2,0,1,30.13,0,2025-05-31 04:00:00,2025-05-31 08:00:00,E,Brock Ave,1,2,1,0
2025-05-31,13,10:00,119,11,15.2,0,1,30.13,0,2025-05-31 04:00:00,2025-05-31 08:00:00,E,Sackville St,0,0,0,0
2025-05-31,13,10:00,119,11,15.2,0,1,30.13,0,2025-05-31 04:00:00,2025-05-31 08:00:00,E,Carlaw Ave,0,1,0,0
2025-05-31,13,10:00,119,11,15.2,0,1,30.13,0,2025-05-31 04:00:00,2025-05-31 08:00:00,E,Borden St,0,1,0,0
2025-05-31,13,10:00,119,11,15.2,0,1,30.13,0,2025-05-31 04:00:00,2025-05-31 08:00:00,E,Dundas St West at Sorauren Ave,1,0,0,0
2025-05-31,13,10:00,119,11,15.2,0,1,30.13,0,2025-05-31 04:00:00,2025-05-31 08:00:00,E,Crawford St,1,0,1,0
2025-05-31,13,10:00,119,11,15.2,0,1,30.13,0,2025-05-31 04:00:00,2025-05-31 08:00:00,E,Pape Ave,0,0,0,0
2025-05-31,13,10:00,119,11,15.2,0,1,30.13,0,2025-05-31 04:00:00,2025-05-31 08:00:00,E,Spadina Ave,0,1,0,0
2025-05-31,13,10:00,119,11,15.2,0,1,30.13,0,2025-05-31 04:00:00,2025-05-31 08:00:00,E,River St,0,0,0,0
2025-05-31,13,10:00,119,11,15.2,0,1,30.13,0,2025-05-31 04:00:00,2025-05-31 08:00:00,E,Marjory Ave,0,1,0,0
2025-05-31,13,10:00,119,11,15.2,0,1,30.13,0,2025-05-31 04:00:00,2025-05-31 08:00:00,E,Kingsmount Park Rd,1,2,0,0
2025-05-31,13,10:00,119,11,15.2,0,1,30.13,0,2025-05-31 04:00:00,2025-05-31 08:00:00,E,Church St,0,0,0,0
2025-05-31,13,10:00,119,11,15.2,0,1,30.13,0,2025-05-31 04:00:00,2025-05-31 08:00:00,E,Ossington Ave,1,1,1,0
2025-05-31,13,10:00,119,11,15.2,0,1,30.13,0,2025-05-31 04:00:00,2025-05-31 08:00:00,E,Woodbine Ave,1,2,0,0
2025-05-31,13,10:00,119,11,15.2,0,1,30.13,0,2025-05-31 04:00:00,2025-05-31 08:00:00,E,Jones Ave,0,1,0,0
2025-05-31,13,10:00,119,11,15.2,0,1,30.13,0,2025-05-31 04:00:00,2025-05-31 08:00:00,E,Golfview Ave,1,2,0,0
2025-05-31,13,10:00,119,11,15.2,0,1,30.13,0,2025-05-31 04:00:00,2025-05-31 08:00:00,E,Leslie St,0,1,0,0
2025-05-31,13,10:00,119,11,15.2,0,1,30.13,0,2025-05-31 04:00:00,2025-05-31 08:00:00,E,St Matthews Rd,0,0,0,0
2025-05-31,13,10:00,119,11,15.2,0,1,30.13,0,2025-05-31 04:00:00,2025-05-31 08:00:00,E,Jarvis St,0,0,0,0
2025-05-31,13,10:00,119,11,15.2,0,1,30.13,0,2025-05-31 04:00:00,2025-05-31 08:00:00,E,Sherbourne St,0,0,0,0
2025-05-31,13,10:00,119,11,15.2,0,1,30.13,0,2025-05-31 04:00:00,2025-05-31 08:00:00,E,St George St,0,1,0,0
2025-05-31,13,10:00,119,11,15.2,0,1,30.13,0,2025-05-31 04:00:00,2025-05-31 08:00:00,E,Dovercourt Rd,1,0,1,0
2025-05-31,13,10:00,119,11,15.2,0,1,30.13,0,2025-05-31 04:00:00,2025-05-31 08:00:00,E,Glenmount Park Rd,1,2,0,0
2025-05-31,13,10:00,119,11,15.2,0,1,30.13,0,2025-05-31 04:00:00,2025-05-31 08:00:00,E,Prust Ave,0,1,0,0
2025-05-31,13,10:00,119,11,15.2,0,1,30.13,0,2025-05-31 04:00:00,2025-05-31 08:00:00,E,Main Street Station at Bay 7,0,0,0,0
2025-05-31,13,10:00,119,11,15.2,0,1,30.13,0,2025-05-31 04:00:00,2025-05-31 08:00:00,E,Norwood Rd,1,2,0,0
2025-05-31,13,10:00,119,11,15.2,0,1,30.13,0,2025-05-31 04:00:00,2025-05-31 08:00:00,E,McCaul St,0,1,0,0
2025-05-31,13,10:00,119,11,15.2,0,1,30.13,0,2025-05-31 04:00:00,2025-05-31 08:00:00,E,Broadview Ave,0,0,0,0
2025-05-31,13,10:00,119,11,15.2,0,1,30.13,0,2025-05-31 04:00:00,2025-05-31 08:00:00,E,Ontario St,0,0,0,0
2025-05-31,13,10:00,119,11,15.2,0,1,30.13,0,2025-05-31 04:00:00,2025-05-31 08:00:00,E,Rusholme Park Cres,1,0,1,0
2025-05-31,13,10:00,119,11,15.2,0,1,30.13,0,2025-05-31 04:00:00,2025-05-31 08:00:00,E,Havelock St,0,1,0,0
2025-05-31,13,10:00,119,11,15.2,0,1,30.13,0,2025-05-31 04:00:00,2025-05-31 08:00:00,E,High Park Loop,2,0,2,0
2025-05-31,13,10:00,119,11,15.2,0,1,30.13,0,2025-05-31 04:00:00,2025-05-31 08:00:00,E,Queens Park (Queen's Park Station),0,1,0,0
2025-05-31,13,10:00,119,11,15.2,0,1,30.13,0,2025-05-31 04:00:00,2025-05-31 08:00:00,E,Roncesvalles Ave,0,0,1,0
2025-05-31,13,10:00,119,11,15.2,0,1,30.13,0,2025-05-31 04:00:00,2025-05-31 08:00:00,E,De Grassi St,0,0,0,0
2025-05-31,13,10:00,119,11,15.2,0,1,30.13,0,2025-05-31 04:00:00,2025-05-31 08:00:00,E,Parliament St at Carlton St,0,0,0,0
2025-05-31,13,10:00,119,11,15.2,0,1,30.13,0,2025-05-31 04:00:00,2025-05-31 08:00:00,E,Parkside Dr East Side,1,0,1,0
2025-05-31,13,10:00,119,11,15.2,0,1,30.13,0,2025-05-31 04:00:00,2025-05-31 08:00:00,E,Dundas St West,1,0,0,0
2025-05-31,13,10:00,119,11,15.2,0,1,30.13,0,2025-05-31 04:00:00,2025-05-31 08:00:00,E,Howard Park Ave at Roncesvalles Ave,0,0,0,0
2025-05-31,13,10:00,119,11,15.2,0,1,30.13,0,2025-05-31 04:00:00,2025-05-31 08:00:00,E,Parliament St,0,0,0,0
2025-05-31,13,10:00,119,11,15.2,0,1,30.13,0,2025-05-31 04:00:00,2025-05-31 08:00:00,E,Parliament St at Gerrard St East,0,0,0,0
2025-05-31,13,10:00,119,11,15.2,0,1,30.13,0,2025-05-31 04:00:00,2025-05-31 08:00:00,E,Sumach St,0,0,0,0
2025-05-31,13,10:00,119,11,15.2,0,1,30.13,0,2025-05-31 04:00:00,2025-05-31 08:00:00,E,Blackburn St,0,0,0,0
2025-05-31,13,10:00,119,11,15.2,0,1,30.13,0,2025-05-31 04:00:00,2025-05-31 08:00:00,E,Logan Ave,0,0,0,0
2025-05-31,13,10:00,119,11,15.2,0,1,30.13,0,2025-05-31 04:00:00,2025-05-31 08:00:00,E,Augusta Ave,0,0,0,0
2025-05-31,13,10:00,119,11,15.2,0,1,30.13,0,2025-05-31 04:00:00,2025-05-31 08:00:00,E,Beverley St,0,0,0,0
2025-05-31,13,10:00,119,11,15.2,0,1,30.13,0,2025-05-31 04:00:00,2025-05-31 08:00:00,E,University Ave (Queen's Park Station,0,0,0,0
2025-05-31,13,10:00,119,11,15.2,0,1,30.13,0,2025-05-31 04:00:00,2025-05-31 08:00:00,E,Elizabeth St,0,0,0,0
2025-05-31,13,10:00,119,11,15.2,0,1,30.13,0,2025-05-31 04:00:00,2025-05-31 08:00:00,E,Greenwood Ave,0,0,0,0
2025-05-31,13,10:00,119,11,15.2,0,1,30.13,0,2025-05-31 04:00:00,2025-05-31 08:00:00,E,Alton Ave,0,0,0,0
2025-05-31,13,10:00,119,11,15.2,0,1,30.13,0,2025-05-31 04:00:00,2025-05-31 08:00:00,E,Coxwell Ave,0,0,0,0
2025-05-31,13,10:00,119,11,15.2,0,1,30.13,0,2025-05-31 04:00:00,2025-05-31 08:00:00,E,Gerrard St East  at Coxwell Ave,0,0,0,0
2025-05-31,13,10:00,119,11,15.2,0,1,30.13,0,2025-05-31 04:00:00,2025-05-31 08:00:00,E,Coxwell Ave at Lower Gerrard St East,0,0,0,0
2025-05-31,13,10:00,119,11,15.2,0,1,30.13,0,2025-05-31 04:00:00,2025-05-31 08:00:00,E,Ashdale Ave,0,0,0,0
2025-05-31,13,10:00,119,11,15.2,0,1,30.13,0,2025-05-31 04:00:00,2025-05-31 08:00:00,E,Howard Park Ave at Indian Rd,0,0,0,0
2025-05-31,13,10:00,119,11,15.2,0,1,30.13,0,2025-05-31 04:00:00,2025-05-31 08:00:00,E,Dundas St West at Howard Park Ave,0,0,0,0
2025-05-31,13,10:00,119,11,15.2,0,1,30.13,0,2025-05-31 04:00:00,2025-05-31 08:00:00,E,Main St at Gerrard St East,0,0,0,0
2025-05-31,13,10:00,119,11,15.2,0,1,30.13,0,2025-05-31 04:00:00,2025-05-31 08:00:00,E,Main St,0,0,0,0
2025-05-31,13,10:00,119,11,15.2,0,1,30.13,0,2025-05-31 04:00:00,2025-05-31 08:00:00,E,Main St at Danforth Ave,0,0,0,0
2025-05-31,13,10:00,119,11,15.2,0,1,30.13,0,2025-05-31 04:00:00,2025-05-31 08:00:00,E,Howard Park Ave at Parkside Dr,0,0,0,0
2025-05-31,13,10:00,119,11,15.2,0,1,30.13,0,2025-05-31 04:00:00,2025-05-31 08:00:00,W,Woodfield Rd,0,1,0,0
2025-05-31,13,10:00,119,11,15.2,0,1,30.13,0,2025-05-31 04:00:00,2025-05-31 08:00:00,W,Coxwell Ave at Gerrard St East,0,2,0,0
2025-05-31,13,10:00,119,11,15.2,0,1,30.13,0,2025-05-31 04:00:00,2025-05-31 08:00:00,W,Euclid Ave,0,0,0,0
2025-05-31,13,10:00,119,11,15.2,0,1,30.13,0,2025-05-31 04:00:00,2025-05-31 08:00:00,W,Bowmore Rd,0,1,0,0
2025-05-31,13,10:00,119,11,15.2,0,1,30.13,0,2025-05-31 04:00:00,2025-05-31 08:00:00,W,Bay St,0,1,0,0
2025-05-31,13,10:00,119,11,15.2,0,1,30.13,0,2025-05-31 04:00:00,2025-05-31 08:00:00,W,Lansdowne Ave,0,1,0,0
2025-05-31,13,10:00,119,11,15.2,0,1,30.13,0,2025-05-31 04:00:00,2025-05-31 08:00:00,W,Indian Rd,1,1,1,0
2025-05-31,13,10:00,119,11,15.2,0,1,30.13,0,2025-05-31 04:00:00,2025-05-31 08:00:00,W,Grace St,0,0,0,0
2025-05-31,13,10:00,119,11,15.2,0,1,30.13,0,2025-05-31 04:00:00,2025-05-31 08:00:00,W,Dufferin St,1,2,0,0
2025-05-31,13,10:00,119,11,15.2,0,1,30.13,0,2025-05-31 04:00:00,2025-05-31 08:00:00,W,Gerrard St East at Beaton Ave,0,1,0,0
2025-05-31,13,10:00,119,11,15.2,0,1,30.13,0,2025-05-31 04:00:00,2025-05-31 08:00:00,W,Bathurst St,0,0,0,0
2025-05-31,13,10:00,119,11,15.2,0,1,30.13,0,2025-05-31 04:00:00,2025-05-31 08:00:00,W,Yonge St - College Station,0,0,0,0
2025-05-31,13,10:00,119,11,15.2,0,1,30.13,0,2025-05-31 04:00:00,2025-05-31 08:00:00,W,Dundas St West at Sterling Rd,0,0,0,0
2025-05-31,13,10:00,119,11,15.2,0,1,30.13,0,2025-05-31 04:00:00,2025-05-31 08:00:00,W,Brock Ave,0,0,0,0
2025-05-31,13,10:00,119,11,15.2,0,1,30.13,0,2025-05-31 04:00:00,2025-05-31 08:00:00,W,Sackville St,1,1,1,0
2025-05-31,13,10:00,119,11,15.2,0,1,30.13,0,2025-05-31 04:00:00,2025-05-31 08:00:00,W,Carlaw Ave,0,0,0,0
2025-05-31,13,10:00,119,11,15.2,0,1,30.13,0,2025-05-31 04:00:00,2025-05-31 08:00:00,W,Borden St,0,0,0,0
2025-05-31,13,10:00,119,11,15.2,0,1,30.13,0,2025-05-31 04:00:00,2025-05-31 08:00:00,W,Dundas St West at Sorauren Ave,1,1,1,0
2025-05-31,13,10:00,119,11,15.2,0,1,30.13,0,2025-05-31 04:00:00,2025-05-31 08:00:00,W,Crawford St,0,0,0,0
2025-05-31,13,10:00,119,11,15.2,0,1,30.13,0,2025-05-31 04:00:00,2025-05-31 08:00:00,W,Pape Ave,0,0,0,0
2025-05-31,13,10:00,119,11,15.2,0,1,30.13,0,2025-05-31 04:00:00,2025-05-31 08:00:00,W,Spadina Ave,0,1,0,0
2025-05-31,13,10:00,119,11,15.2,0,1,30.13,0,2025-05-31 04:00:00,2025-05-31 08:00:00,W,River St,1,3,1,0
2025-05-31,13,10:00,119,11,15.2,0,1,30.13,0,2025-05-31 04:00:00,2025-05-31 08:00:00,W,Marjory Ave,0,0,0,0
2025-05-31,13,10:00,119,11,15.2,0,1,30.13,0,2025-05-31 04:00:00,2025-05-31 08:00:00,W,Kingsmount Park Rd,0,0,0,0
2025-05-31,13,10:00,119,11,15.2,0,1,30.13,0,2025-05-31 04:00:00,2025-05-31 08:00:00,W,Church St,0,0,0,0
2025-05-31,13,10:00,119,11,15.2,0,1,30.13,0,2025-05-31 04:00:00,2025-05-31 08:00:00,W,Ossington Ave,0,0,0,0
2025-05-31,13,10:00,119,11,15.2,0,1,30.13,0,2025-05-31 04:00:00,2025-05-31 08:00:00,W,Woodbine Ave,0,0,0,0
2025-05-31,13,10:00,119,11,15.2,0,1,30.13,0,2025-05-31 04:00:00,2025-05-31 08:00:00,W,Jones Ave,0,0,0,0
2025-05-31,13,10:00,119,11,15.2,0,1,30.13,0,2025-05-31 04:00:00,2025-05-31 08:00:00,W,Golfview Ave,0,0,0,0
2025-05-31,13,10:00,119,11,15.2,0,1,30.13,0,2025-05-31 04:00:00,2025-05-31 08:00:00,W,Leslie St,0,0,0,0
2025-05-31,13,10:00,119,11,15.2,0,1,30.13,0,2025-05-31 04:00:00,2025-05-31 08:00:00,W,St Matthews Rd,0,0,0,0
2025-05-31,13,10:00,119,11,15.2,0,1,30.13,0,2025-05-31 04:00:00,2025-05-31 08:00:00,W,Jarvis St,0,0,0,0
2025-05-31,13,10:00,119,11,15.2,0,1,30.13,0,2025-05-31 04:00:00,2025-05-31 08:00:00,W,Sherbourne St,0,0,0,0
2025-05-31,13,10:00,119,11,15.2,0,1,30.13,0,2025-05-31 04:00:00,2025-05-31 08:00:00,W,St George St,0,0,0,0
2025-05-31,13,10:00,119,11,15.2,0,1,30.13,0,2025-05-31 04:00:00,2025-05-31 08:00:00,W,Dovercourt Rd,0,0,0,0
2025-05-31,13,10:00,119,11,15.2,0,1,30.13,0,2025-05-31 04:00:00,2025-05-31 08:00:00,W,Glenmount Park Rd,0,0,0,0
2025-05-31,13,10:00,119,11,15.2,0,1,30.13,0,2025-05-31 04:00:00,2025-05-31 08:00:00,W,Prust Ave,0,0,0,0
2025-05-31,13,10:00,119,11,15.2,0,1,30.13,0,2025-05-31 04:00:00,2025-05-31 08:00:00,W,Main Street Station at Bay 7,0,1,0,0
2025-05-31,13,10:00,119,11,15.2,0,1,30.13,0,2025-05-31 04:00:00,2025-05-31 08:00:00,W,Norwood Rd,0,0,0,0
2025-05-31,13,10:00,119,11,15.2,0,1,30.13,0,2025-05-31 04:00:00,2025-05-31 08:00:00,W,McCaul St,0,0,0,0
2025-05-31,13,10:00,119,11,15.2,0,1,30.13,0,2025-05-31 04:00:00,2025-05-31 08:00:00,W,Broadview Ave,0,0,0,0
2025-05-31,13,10:00,119,11,15.2,0,1,30.13,0,2025-05-31 04:00:00,2025-05-31 08:00:00,W,Ontario St,0,0,0,0
2025-05-31,13,10:00,119,11,15.2,0,1,30.13,0,2025-05-31 04:00:00,2025-05-31 08:00:00,W,Rusholme Park Cres,0,0,0,0
2025-05-31,13,10:00,119,11,15.2,0,1,30.13,0,2025-05-31 04:00:00,2025-05-31 08:00:00,W,Havelock St,0,0,0,0
2025-05-31,13,10:00,119,11,15.2,0,1,30.13,0,2025-05-31 04:00:00,2025-05-31 08:00:00,W,High Park Loop,0,0,0,0
2025-05-31,13,10:00,119,11,15.2,0,1,30.13,0,2025-05-31 04:00:00,2025-05-31 08:00:00,W,Queens Park (Queen's Park Station),0,0,0,0
2025-05-31,13,10:00,119,11,15.2,0,1,30.13,0,2025-05-31 04:00:00,2025-05-31 08:00:00,W,Roncesvalles Ave,1,1,1,0
2025-05-31,13,10:00,119,11,15.2,0,1,30.13,0,2025-05-31 04:00:00,2025-05-31 08:00:00,W,De Grassi St,0,0,0,0
2025-05-31,13,10:00,119,11,15.2,0,1,30.13,0,2025-05-31 04:00:00,2025-05-31 08:00:00,W,Parliament St at Carlton St,0,0,0,0
2025-05-31,13,10:00,119,11,15.2,0,1,30.13,0,2025-05-31 04:00:00,2025-05-31 08:00:00,W,Parkside Dr East Side,0,0,0,0
2025-05-31,13,10:00,119,11,15.2,0,1,30.13,0,2025-05-31 04:00:00,2025-05-31 08:00:00,W,Dundas St West,1,1,1,0
2025-05-31,13,10:00,119,11,15.2,0,1,30.13,0,2025-05-31 04:00:00,2025-05-31 08:00:00,W,Howard Park Ave at Roncesvalles Ave,0,0,0,0
2025-05-31,13,10:00,119,11,15.2,0,1,30.13,0,2025-05-31 04:00:00,2025-05-31 08:00:00,W,Parliament St,0,0,0,0
2025-05-31,13,10:00,119,11,15.2,0,1,30.13,0,2025-05-31 04:00:00,2025-05-31 08:00:00,W,Parliament St at Gerrard St East,0,0,0,0
2025-05-31,13,10:00,119,11,15.2,0,1,30.13,0,2025-05-31 04:00:00,2025-05-31 08:00:00,W,Sumach St,0,0,0,0
2025-05-31,13,10:00,119,11,15.2,0,1,30.13,0,2025-05-31 04:00:00,2025-05-31 08:00:00,W,Blackburn St,0,0,0,0
2025-05-31,13,10:00,119,11,15.2,0,1,30.13,0,2025-05-31 04:00:00,2025-05-31 08:00:00,W,Logan Ave,0,0,0,0
2025-05-31,13,10:00,119,11,15.2,0,1,30.13,0,2025-05-31 04:00:00,2025-05-31 08:00:00,W,Augusta Ave,0,0,0,0
2025-05-31,13,10:00,119,11,15.2,0,1,30.13,0,2025-05-31 04:00:00,2025-05-31 08:00:00,W,Beverley St,0,0,0,0
2025-05-31,13,10:00,119,11,15.2,0,1,30.13,0,2025-05-31 04:00:00,2025-05-31 08:00:00,W,University Ave (Queen's Park Station,0,0,0,0
2025-05-31,13,10:00,119,11,15.2,0,1,30.13,0,2025-05-31 04:00:00,2025-05-31 08:00:00,W,Elizabeth St,0,0,0,0
2025-05-31,13,10:00,119,11,15.2,0,1,30.13,0,2025-05-31 04:00:00,2025-05-31 08:00:00,W,Greenwood Ave,0,0,0,0
2025-05-31,13,10:00,119,11,15.2,0,1,30.13,0,2025-05-31 04:00:00,2025-05-31 08:00:00,W,Alton Ave,0,0,0,0
2025-05-31,13,10:00,119,11,15.2,0,1,30.13,0,2025-05-31 04:00:00,2025-05-31 08:00:00,W,Coxwell Ave,0,0,0,0
2025-05-31,13,10:00,119,11,15.2,0,1,30.13,0,2025-05-31 04:00:00,2025-05-31 08:00:00,W,Gerrard St East  at Coxwell Ave,0,0,0,0
2025-05-31,13,10:00,119,11,15.2,0,1,30.13,0,2025-05-31 04:00:00,2025-05-31 08:00:00,W,Coxwell Ave at Lower Gerrard St East,0,0,0,0
2025-05-31,13,10:00,119,11,15.2,0,1,30.13,0,2025-05-31 04:00:00,2025-05-31 08:00:00,W,Ashdale Ave,0,0,0,0
2025-05-31,13,10:00,119,11,15.2,0,1,30.13,0,2025-05-31 04:00:00,2025-05-31 08:00:00,W,Howard Park Ave at Indian Rd,0,0,0,0
2025-05-31,13,10:00,119,11,15.2,0,1,30.13,0,2025-05-31 04:00:00,2025-05-31 08:00:00,W,Dundas St West at Howard Park Ave,0,0,0,0
2025-05-31,13,10:00,119,11,15.2,0,1,30.13,0,2025-05-31 04:00:00,2025-05-31 08:00:00,W,Main St at Gerrard St East,0,0,0,0
2025-05-31,13,10:00,119,11,15.2,0,1,30.13,0,2025-05-31 04:00:00,2025-05-31 08:00:00,W,Main St,0,0,0,0
2025-05-31,13,10:00,119,11,15.2,0,1,30.13,0,2025-05-31 04:00:00,2025-05-31 08:00:00,W,Main St at Danforth Ave,0,0,0,0
2025-05-31,13,10:00,119,11,15.2,0,1,30.13,0,2025-05-31 04:00:00,2025-05-31 08:00:00,W,Howard Park Ave at Parkside Dr,0,0,0,0
2025-06-07,13,10:00,119,11,15.2,0,1,30.13,0,2025-06-07 04:00:00,2025-06-07 08:00:00,E,Woodfield Rd,0,1,1,0
2025-06-07,13,10:00,119,11,15.2,0,1,30.13,0,2025-06-07 04:00:00,2025-06-07 08:00:00,E,Coxwell Ave at Gerrard St East,0,0,0,0
2025-06-07,13,10:00,119,11,15.2,0,1,30.13,0,2025-06-07 04:00:00,2025-06-07 08:00:00,E,Euclid Ave,0,0,0,0
2025-06-07,13,10:00,119,11,15.2,0,1,30.13,0,2025-06-07 04:00:00,2025-06-07 08:00:00,E,Bowmore Rd,0,3,0,0
2025-06-07,13,10:00,119,11,15.2,0,1,30.13,0,2025-06-07 04:00:00,2025-06-07 08:00:00,E,Bay St,0,1,2,0
2025-06-07,13,10:00,119,11,15.2,0,1,30.13,0,2025-06-07 04:00:00,2025-06-07 08:00:00,E,Lansdowne Ave,1,3,1,0
2025-06-07,13,10:00,119,11,15.2,0,1,30.13,0,2025-06-07 04:00:00,2025-06-07 08:00:00,E,Indian Rd,1,0,2,0
2025-06-07,13,10:00,119,11,15.2,0,1,30.13,0,2025-06-07 04:00:00,2025-06-07 08:00:00,E,Grace St,3,0,2,0
2025-06-07,13,10:00,119,11,15.2,0,1,30.13,0,2025-06-07 04:00:00,2025-06-07 08:00:00,E,Dufferin St,0,1,1,0
2025-06-07,13,10:00,119,11,15.2,0,1,30.13,0,2025-06-07 04:00:00,2025-06-07 08:00:00,E,Gerrard St East at Beaton Ave,0,3,0,0
2025-06-07,13,10:00,119,11,15.2,0,1,30.13,0,2025-06-07 04:00:00,2025-06-07 08:00:00,E,Bathurst St,0,1,2,0
2025-06-07,13,10:00,119,11,15.2,0,1,30.13,0,2025-06-07 04:00:00,2025-06-07 08:00:00,E,Yonge St - College Station,0,1,1,0
2025-06-07,13,10:00,119,11,15.2,0,1,30.13,0,2025-06-07 04:00:00,2025-06-07 08:00:00,E,Dundas St West at Sterling Rd,1,0,1,0
2025-06-07,13,10:00,119,11,15.2,0,1,30.13,0,2025-06-07 04:00:00,2025-06-07 08:00:00,E,Brock Ave,2,3,1,0
2025-06-07,13,10:00,119,11,15.2,0,1,30.13,0,2025-06-07 04:00:00,2025-06-07 08:00:00,E,Sackville St,1,0,1,0
2025-06-07,13,10:00,119,11,15.2,0,1,30.13,0,2025-06-07 04:00:00,2025-06-07 08:00:00,E,Carlaw Ave,0,1,1,0
2025-06-07,13,10:00,119,11,15.2,0,1,30.13,0,2025-06-07 04:00:00,2025-06-07 08:00:00,E,Borden St,0,1,2,0
2025-06-07,13,10:00,119,11,15.2,0,1,30.13,0,2025-06-07 04:00:00,2025-06-07 08:00:00,E,Dundas St West at Sorauren Ave,1,0,1,0
2025-06-07,13,10:00,119,11,15.2,0,1,30.13,0,2025-06-07 04:00:00,2025-06-07 08:00:00,E,Crawford St,2,0,3,0
2025-06-07,13,10:00,119,11,15.2,0,1,30.13,0,2025-06-07 04:00:00,2025-06-07 08:00:00,E,Pape Ave,0,1,1,0
2025-06-07,13,10:00,119,11,15.2,0,1,30.13,0,2025-06-07 04:00:00,2025-06-07 08:00:00,E,Spadina Ave,0,1,2,0
2025-06-07,13,10:00,119,11,15.2,0,1,30.13,0,2025-06-07 04:00:00,2025-06-07 08:00:00,E,River St,1,1,2,0
2025-06-07,13,10:00,119,11,15.2,0,1,30.13,0,2025-06-07 04:00:00,2025-06-07 08:00:00,E,Marjory Ave,0,1,1,0
2025-06-07,13,10:00,119,11,15.2,0,1,30.13,0,2025-06-07 04:00:00,2025-06-07 08:00:00,E,Kingsmount Park Rd,0,3,0,0
2025-06-07,13,10:00,119,11,15.2,0,1,30.13,0,2025-06-07 04:00:00,2025-06-07 08:00:00,E,Church St,0,0,0,0
2025-06-07,13,10:00,119,11,15.2,0,1,30.13,0,2025-06-07 04:00:00,2025-06-07 08:00:00,E,Ossington Ave,2,1,3,0
2025-06-07,13,10:00,119,11,15.2,0,1,30.13,0,2025-06-07 04:00:00,2025-06-07 08:00:00,E,Woodbine Ave,0,3,0,0
2025-06-07,13,10:00,119,11,15.2,0,1,30.13,0,2025-06-07 04:00:00,2025-06-07 08:00:00,E,Jones Ave,0,1,1,0
2025-06-07,13,10:00,119,11,15.2,0,1,30.13,0,2025-06-07 04:00:00,2025-06-07 08:00:00,E,Golfview Ave,0,3,0,0
2025-06-07,13,10:00,119,11,15.2,0,1,30.13,0,2025-06-07 04:00:00,2025-06-07 08:00:00,E,Leslie St,0,1,1,0
2025-06-07,13,10:00,119,11,15.2,0,1,30.13,0,2025-06-07 04:00:00,2025-06-07 08:00:00,E,St Matthews Rd,0,1,2,0
2025-06-07,13,10:00,119,11,15.2,0,1,30.13,0,2025-06-07 04:00:00,2025-06-07 08:00:00,E,Jarvis St,1,0,1,0
2025-06-07,13,10:00,119,11,15.2,0,1,30.13,0,2025-06-07 04:00:00,2025-06-07 08:00:00,E,Sherbourne St,1,0,1,0
2025-06-07,13,10:00,119,11,15.2,0,1,30.13,0,2025-06-07 04:00:00,2025-06-07 08:00:00,E,St George St,0,1,2,0
2025-06-07,13,10:00,119,11,15.2,0,1,30.13,0,2025-06-07 04:00:00,2025-06-07 08:00:00,E,Dovercourt Rd,1,1,3,0
2025-06-07,13,10:00,119,11,15.2,0,1,30.13,0,2025-06-07 04:00:00,2025-06-07 08:00:00,E,Glenmount Park Rd,0,3,0,0
2025-06-07,13,10:00,119,11,15.2,0,1,30.13,0,2025-06-07 04:00:00,2025-06-07 08:00:00,E,Prust Ave,0,1,1,0
2025-06-07,13,10:00,119,11,15.2,0,1,30.13,0,2025-06-07 04:00:00,2025-06-07 08:00:00,E,Main Street Station at Bay 7,0,0,0,0
2025-06-07,13,10:00,119,11,15.2,0,1,30.13,0,2025-06-07 04:00:00,2025-06-07 08:00:00,E,Norwood Rd,0,3,0,0
2025-06-07,13,10:00,119,11,15.2,0,1,30.13,0,2025-06-07 04:00:00,2025-06-07 08:00:00,E,McCaul St,0,1,2,0
2025-06-07,13,10:00,119,11,15.2,0,1,30.13,0,2025-06-07 04:00:00,2025-06-07 08:00:00,E,Broadview Ave,1,1,2,0
2025-06-07,13,10:00,119,11,15.2,0,1,30.13,0,2025-06-07 04:00:00,2025-06-07 08:00:00,E,Ontario St,1,0,1,0
2025-06-07,13,10:00,119,11,15.2,0,1,30.13,0,2025-06-07 04:00:00,2025-06-07 08:00:00,E,Rusholme Park Cres,1,0,1,0
2025-06-07,13,10:00,119,11,15.2,0,1,30.13,0,2025-06-07 04:00:00,2025-06-07 08:00:00,E,Havelock St,0,1,1,0
2025-06-07,13,10:00,119,11,15.2,0,1,30.13,0,2025-06-07 04:00:00,2025-06-07 08:00:00,E,High Park Loop,2,0,4,0
2025-06-07,13,10:00,119,11,15.2,0,1,30.13,0,2025-06-07 04:00:00,2025-06-07 08:00:00,E,Queens Park (Queen's Park Station),0,1,2,0
2025-06-07,13,10:00,119,11,15.2,0,1,30.13,0,2025-06-07 04:00:00,2025-06-07 08:00:00,E,Roncesvalles Ave,1,0,1,0
2025-06-07,13,10:00,119,11,15.2,0,1,30.13,0,2025-06-07 04:00:00,2025-06-07 08:00:00,E,De Grassi St,1,1,2,0
2025-06-07,13,10:00,119,11,15.2,0,1,30.13,0,2025-06-07 04:00:00,2025-06-07 08:00:00,E,Parliament St at Carlton St,1,0,1,0
2025-06-07,13,10:00,119,11,15.2,0,1,30.13,0,2025-06-07 04:00:00,2025-06-07 08:00:00,E,Parkside Dr East Side,2,0,2,0
2025-06-07,13,10:00,119,11,15.2,0,1,30.13,0,2025-06-07 04:00:00,2025-06-07 08:00:00,E,Dundas St West,1,0,1,0
2025-06-07,13,10:00,119,11,15.2,0,1,30.13,0,2025-06-07 04:00:00,2025-06-07 08:00:00,E,Howard Park Ave at Roncesvalles Ave,0,0,0,0
2025-06-07,13,10:00,119,11,15.2,0,1,30.13,0,2025-06-07 04:00:00,2025-06-07 08:00:00,E,Parliament St,0,0,0,0
2025-06-07,13,10:00,119,11,15.2,0,1,30.13,0,2025-06-07 04:00:00,2025-06-07 08:00:00,E,Parliament St at Gerrard St East,0,0,0,0
2025-06-07,13,10:00,119,11,15.2,0,1,30.13,0,2025-06-07 04:00:00,2025-06-07 08:00:00,E,Sumach St,0,0,0,0
2025-06-07,13,10:00,119,11,15.2,0,1,30.13,0,2025-06-07 04:00:00,2025-06-07 08:00:00,E,Blackburn St,0,0,0,0
2025-06-07,13,10:00,119,11,15.2,0,1,30.13,0,2025-06-07 04:00:00,2025-06-07 08:00:00,E,Logan Ave,1,1,3,0
2025-06-07,13,10:00,119,11,15.2,0,1,30.13,0,2025-06-07 04:00:00,2025-06-07 08:00:00,E,Augusta Ave,0,0,0,0
2025-06-07,13,10:00,119,11,15.2,0,1,30.13,0,2025-06-07 04:00:00,2025-06-07 08:00:00,E,Beverley St,0,0,0,0
2025-06-07,13,10:00,119,11,15.2,0,1,30.13,0,2025-06-07 04:00:00,2025-06-07 08:00:00,E,University Ave (Queen's Park Station,0,0,0,0
2025-06-07,13,10:00,119,11,15.2,0,1,30.13,0,2025-06-07 04:00:00,2025-06-07 08:00:00,E,Elizabeth St,0,0,0,0
2025-06-07,13,10:00,119,11,15.2,0,1,30.13,0,2025-06-07 04:00:00,2025-06-07 08:00:00,E,Greenwood Ave,0,0,0,0
2025-06-07,13,10:00,119,11,15.2,0,1,30.13,0,2025-06-07 04:00:00,2025-06-07 08:00:00,E,Alton Ave,0,0,0,0
2025-06-07,13,10:00,119,11,15.2,0,1,30.13,0,2025-06-07 04:00:00,2025-06-07 08:00:00,E,Coxwell Ave,0,0,0,0
2025-06-07,13,10:00,119,11,15.2,0,1,30.13,0,2025-06-07 04:00:00,2025-06-07 08:00:00,E,Gerrard St East  at Coxwell Ave,0,0,0,0
2025-06-07,13,10:00,119,11,15.2,0,1,30.13,0,2025-06-07 04:00:00,2025-06-07 08:00:00,E,Coxwell Ave at Lower Gerrard St East,0,0,0,0
2025-06-07,13,10:00,119,11,15.2,0,1,30.13,0,2025-06-07 04:00:00,2025-06-07 08:00:00,E,Ashdale Ave,0,0,0,0
2025-06-07,13,10:00,119,11,15.2,0,1,30.13,0,2025-06-07 04:00:00,2025-06-07 08:00:00,E,Howard Park Ave at Indian Rd,0,0,0,0
2025-06-07,13,10:00,119,11,15.2,0,1,30.13,0,2025-06-07 04:00:00,2025-06-07 08:00:00,E,Dundas St West at Howard Park Ave,0,0,0,0
2025-06-07,13,10:00,119,11,15.2,0,1,30.13,0,2025-06-07 04:00:00,2025-06-07 08:00:00,E,Main St at Gerrard St East,0,0,0,0
2025-06-07,13,10:00,119,11,15.2,0,1,30.13,0,2025-06-07 04:00:00,2025-06-07 08:00:00,E,Main St,0,0,0,0
2025-06-07,13,10:00,119,11,15.2,0,1,30.13,0,2025-06-07 04:00:00,2025-06-07 08:00:00,E,Main St at Danforth Ave,0,0,0,0
2025-06-07,13,10:00,119,11,15.2,0,1,30.13,0,2025-06-07 04:00:00,2025-06-07 08:00:00,E,Howard Park Ave at Parkside Dr,0,0,0,0
2025-06-07,13,10:00,119,11,15.2,0,1,30.13,0,2025-06-07 04:00:00,2025-06-07 08:00:00,W,Woodfield Rd,0,1,0,0
2025-06-07,13,10:00,119,11,15.2,0,1,30.13,0,2025-06-07 04:00:00,2025-06-07 08:00:00,W,Coxwell Ave at Gerrard St East,0,0,0,0
2025-06-07,13,10:00,119,11,15.2,0,1,30.13,0,2025-06-07 04:00:00,2025-06-07 08:00:00,W,Euclid Ave,0,0,0,0
2025-06-07,13,10:00,119,11,15.2,0,1,30.13,0,2025-06-07 04:00:00,2025-06-07 08:00:00,W,Bowmore Rd,0,0,0,0
2025-06-07,13,10:00,119,11,15.2,0,1,30.13,0,2025-06-07 04:00:00,2025-06-07 08:00:00,W,Bay St,0,1,0,0
2025-06-07,13,10:00,119,11,15.2,0,1,30.13,0,2025-06-07 04:00:00,2025-06-07 08:00:00,W,Lansdowne Ave,0,0,0,0
2025-06-07,13,10:00,119,11,15.2,0,1,30.13,0,2025-06-07 04:00:00,2025-06-07 08:00:00,W,Indian Rd,4,1,2,0
2025-06-07,13,10:00,119,11,15.2,0,1,30.13,0,2025-06-07 04:00:00,2025-06-07 08:00:00,W,Grace St,0,0,0,0
2025-06-07,13,10:00,119,11,15.2,0,1,30.13,0,2025-06-07 04:00:00,2025-06-07 08:00:00,W,Dufferin St,2,2,2,0
2025-06-07,13,10:00,119,11,15.2,0,1,30.13,0,2025-06-07 04:00:00,2025-06-07 08:00:00,W,Gerrard St East at Beaton Ave,0,0,0,0
2025-06-07,13,10:00,119,11,15.2,0,1,30.13,0,2025-06-07 04:00:00,2025-06-07 08:00:00,W,Bathurst St,0,0,0,0
2025-06-07,13,10:00,119,11,15.2,0,1,30.13,0,2025-06-07 04:00:00,2025-06-07 08:00:00,W,Yonge St - College Station,0,0,0,0
2025-06-07,13,10:00,119,11,15.2,0,1,30.13,0,2025-06-07 04:00:00,2025-06-07 08:00:00,W,Dundas St West at Sterling Rd,0,0,0,0
2025-06-07,13,10:00,119,11,15.2,0,1,30.13,0,2025-06-07 04:00:00,2025-06-07 08:00:00,W,Brock Ave,0,0,0,0
2025-06-07,13,10:00,119,11,15.2,0,1,30.13,0,2025-06-07 04:00:00,2025-06-07 08:00:00,W,Sackville St,2,1,3,0
2025-06-07,13,10:00,119,11,15.2,0,1,30.13,0,2025-06-07 04:00:00,2025-06-07 08:00:00,W,Carlaw Ave,0,0,0,0
2025-06-07,13,10:00,119,11,15.2,0,1,30.13,0,2025-06-07 04:00:00,2025-06-07 08:00:00,W,Borden St,0,0,0,0
2025-06-07,13,10:00,119,11,15.2,0,1,30.13,0,2025-06-07 04:00:00,2025-06-07 08:00:00,W,Dundas St West at Sorauren Ave,2,1,2,0
2025-06-07,13,10:00,119,11,15.2,0,1,30.13,0,2025-06-07 04:00:00,2025-06-07 08:00:00,W,Crawford St,0,0,0,0
2025-06-07,13,10:00,119,11,15.2,0,1,30.13,0,2025-06-07 04:00:00,2025-06-07 08:00:00,W,Pape Ave,0,0,0,0
2025-06-07,13,10:00,119,11,15.2,0,1,30.13,0,2025-06-07 04:00:00,2025-06-07 08:00:00,W,Spadina Ave,1,1,0,0
2025-06-07,13,10:00,119,11,15.2,0,1,30.13,0,2025-06-07 04:00:00,2025-06-07 08:00:00,W,River St,3,1,3,0
2025-06-07,13,10:00,119,11,15.2,0,1,30.13,0,2025-06-07 04:00:00,2025-06-07 08:00:00,W,Marjory Ave,0,0,0,0
2025-06-07,13,10:00,119,11,15.2,0,1,30.13,0,2025-06-07 04:00:00,2025-06-07 08:00:00,W,Kingsmount Park Rd,0,0,0,0
2025-06-07,13,10:00,119,11,15.2,0,1,30.13,0,2025-06-07 04:00:00,2025-06-07 08:00:00,W,Church St,0,0,0,0
2025-06-07,13,10:00,119,11,15.2,0,1,30.13,0,2025-06-07 04:00:00,2025-06-07 08:00:00,W,Ossington Ave,0,0,0,0
2025-06-07,13,10:00,119,11,15.2,0,1,30.13,0,2025-06-07 04:00:00,2025-06-07 08:00:00,W,Woodbine Ave,0,0,0,0
2025-06-07,13,10:00,119,11,15.2,0,1,30.13,0,2025-06-07 04:00:00,2025-06-07 08:00:00,W,Jones Ave,0,0,0,0
2025-06-07,13,10:00,119,11,15.2,0,1,30.13,0,2025-06-07 04:00:00,2025-06-07 08:00:00,W,Golfview Ave,0,0,0,0
2025-06-07,13,10:00,119,11,15.2,0,1,30.13,0,2025-06-07 04:00:00,2025-06-07 08:00:00,W,Leslie St,0,0,0,0
2025-06-07,13,10:00,119,11,15.2,0,1,30.13,0,2025-06-07 04:00:00,2025-06-07 08:00:00,W,St Matthews Rd,0,0,0,0
2025-06-07,13,10:00,119,11,15.2,0,1,30.13,0,2025-06-07 04:00:00,2025-06-07 08:00:00,W,Jarvis St,0,0,0,0
2025-06-07,13,10:00,119,11,15.2,0,1,30.13,0,2025-06-07 04:00:00,2025-06-07 08:00:00,W,Sherbourne St,0,0,0,0
2025-06-07,13,10:00,119,11,15.2,0,1,30.13,0,2025-06-07 04:00:00,2025-06-07 08:00:00,W,St George St,0,0,0,0
2025-06-07,13,10:00,119,11,15.2,0,1,30.13,0,2025-06-07 04:00:00,2025-06-07 08:00:00,W,Dovercourt Rd,0,0,0,0
2025-06-07,13,10:00,119,11,15.2,0,1,30.13,0,2025-06-07 04:00:00,2025-06-07 08:00:00,W,Glenmount Park Rd,0,0,0,0
2025-06-07,13,10:00,119,11,15.2,0,1,30.13,0,2025-06-07 04:00:00,2025-06-07 08:00:00,W,Prust Ave,0,0,0,0
2025-06-07,13,10:00,119,11,15.2,0,1,30.13,0,2025-06-07 04:00:00,2025-06-07 08:00:00,W,Main Street Station at Bay 7,0,0,0,0
2025-06-07,13,10:00,119,11,15.2,0,1,30.13,0,2025-06-07 04:00:00,2025-06-07 08:00:00,W,Norwood Rd,0,0,0,0
2025-06-07,13,10:00,119,11,15.2,0,1,30.13,0,2025-06-07 04:00:00,2025-06-07 08:00:00,W,McCaul St,0,0,0,0
2025-06-07,13,10:00,119,11,15.2,0,1,30.13,0,2025-06-07 04:00:00,2025-06-07 08:00:00,W,Broadview Ave,0,0,0,0
2025-06-07,13,10:00,119,11,15.2,0,1,30.13,0,2025-06-07 04:00:00,2025-06-07 08:00:00,W,Ontario St,0,0,0,0
2025-06-07,13,10:00,119,11,15.2,0,1,30.13,0,2025-06-07 04:00:00,2025-06-07 08:00:00,W,Rusholme Park Cres,0,0,0,0
2025-06-07,13,10:00,119,11,15.2,0,1,30.13,0,2025-06-07 04:00:00,2025-06-07 08:00:00,W,Havelock St,0,0,0,0
2025-06-07,13,10:00,119,11,15.2,0,1,30.13,0,2025-06-07 04:00:00,2025-06-07 08:00:00,W,High Park Loop,0,0,0,0
2025-06-07,13,10:00,119,11,15.2,0,1,30.13,0,2025-06-07 04:00:00,2025-06-07 08:00:00,W,Queens Park (Queen's Park Station),0,0,0,0
2025-06-07,13,10:00,119,11,15.2,0,1,30.13,0,2025-06-07 04:00:00,2025-06-07 08:00:00,W,Roncesvalles Ave,2,1,2,0
2025-06-07,13,10:00,119,11,15.2,0,1,30.13,0,2025-06-07 04:00:00,2025-06-07 08:00:00,W,De Grassi St,0,0,0,0
2025-06-07,13,10:00,119,11,15.2,0,1,30.13,0,2025-06-07 04:00:00,2025-06-07 08:00:00,W,Parliament St at Carlton St,0,0,0,0
2025-06-07,13,10:00,119,11,15.2,0,1,30.13,0,2025-06-07 04:00:00,2025-06-07 08:00:00,W,Parkside Dr East Side,0,0,0,0
2025-06-07,13,10:00,119,11,15.2,0,1,30.13,0,2025-06-07 04:00:00,2025-06-07 08:00:00,W,Dundas St West,3,1,2,0
2025-06-07,13,10:00,119,11,15.2,0,1,30.13,0,2025-06-07 04:00:00,2025-06-07 08:00:00,W,Howard Park Ave at Roncesvalles Ave,0,0,0,0
2025-06-07,13,10:00,119,11,15.2,0,1,30.13,0,2025-06-07 04:00:00,2025-06-07 08:00:00,W,Parliament St,0,0,0,0
2025-06-07,13,10:00,119,11,15.2,0,1,30.13,0,2025-06-07 04:00:00,2025-06-07 08:00:00,W,Parliament St at Gerrard St East,0,0,0,0
2025-06-07,13,10:00,119,11,15.2,0,1,30.13,0,2025-06-07 04:00:00,2025-06-07 08:00:00,W,Sumach St,0,0,0,0
2025-06-07,13,10:00,119,11,15.2,0,1,30.13,0,2025-06-07 04:00:00,2025-06-07 08:00:00,W,Blackburn St,0,0,0,0
2025-06-07,13,10:00,119,11,15.2,0,1,30.13,0,2025-06-07 04:00:00,2025-06-07 08:00:00,W,Logan Ave,0,0,0,0
2025-06-07,13,10:00,119,11,15.2,0,1,30.13,0,2025-06-07 04:00:00,2025-06-07 08:00:00,W,Augusta Ave,0,0,0,0
2025-06-07,13,10:00,119,11,15.2,0,1,30.13,0,2025-06-07 04:00:00,2025-06-07 08:00:00,W,Beverley St,0,0,0,0
2025-06-07,13,10:00,119,11,15.2,0,1,30.13,0,2025-06-07 04:00:00,2025-06-07 08:00:00,W,University Ave (Queen's Park Station,0,0,0,0
2025-06-07,13,10:00,119,11,15.2,0,1,30.13,0,2025-06-07 04:00:00,2025-06-07 08:00:00,W,Elizabeth St,0,0,0,0
2025-06-07,13,10:00,119,11,15.2,0,1,30.13,0,2025-06-07 04:00:00,2025-06-07 08:00:00,W,Greenwood Ave,0,0,0,0
2025-06-07,13,10:00,119,11,15.2,0,1,30.13,0,2025-06-07 04:00:00,2025-06-07 08:00:00,W,Alton Ave,0,0,0,0
2025-06-07,13,10:00,119,11,15.2,0,1,30.13,0,2025-06-07 04:00:00,2025-06-07 08:00:00,W,Coxwell Ave,0,0,0,0
2025-06-07,13,10:00,119,11,15.2,0,1,30.13,0,2025-06-07 04:00:00,2025-06-07 08:00:00,W,Gerrard St East  at Coxwell Ave,0,0,0,0
2025-06-07,13,10:00,119,11,15.2,0,1,30.13,0,2025-06-07 04:00:00,2025-06-07 08:00:00,W,Coxwell Ave at Lower Gerrard St East,0,0,0,0
2025-06-07,13,10:00,119,11,15.2,0,1,30.13,0,2025-06-07 04:00:00,2025-06-07 08:00:00,W,Ashdale Ave,0,0,0,0
2025-06-07,13,10:00,119,11,15.2,0,1,30.13,0,2025-06-07 04:00:00,2025-06-07 08:00:00,W,Howard Park Ave at Indian Rd,0,0,0,0
2025-06-07,13,10:00,119,11,15.2,0,1,30.13,0,2025-06-07 04:00:00,2025-06-07 08:00:00,W,Dundas St West at Howard Park Ave,0,0,0,0
2025-06-07,13,10:00,119,11,15.2,0,1,30.13,0,2025-06-07 04:00:00,2025-06-07 08:00:00,W,Main St at Gerrard St East,0,0,0,0
2025-06-07,13,10:00,119,11,15.2,0,1,30.13,0,2025-06-07 04:00:00,2025-06-07 08:00:00,W,Main St,0,0,0,0
2025-06-07,13,10:00,119,11,15.2,0,1,30.13,0,2025-06-07 04:00:00,2025-06-07 08:00:00,W,Main St at Danforth Ave,0,0,0,0
2025-06-07,13,10:00,119,11,15.2,0,1,30.13,0,2025-06-07 04:00:00,2025-06-07 08:00:00,W,Howard Park Ave at Parkside Dr,0,0,0,0
2025-06-14,13,10:00,119,11,15.2,0,1,30.13,0,2025-06-14 04:00:00,2025-06-14 08:00:00,E,Woodfield Rd,2,1,2,0
2025-06-14,13,10:00,119,11,15.2,0,1,30.13,0,2025-06-14 04:00:00,2025-06-14 08:00:00,E,Coxwell Ave at Gerrard St East,0,0,0,0
2025-06-14,13,10:00,119,11,15.2,0,1,30.13,0,2025-06-14 04:00:00,2025-06-14 08:00:00,E,Euclid Ave,0,0,0,0
2025-06-14,13,10:00,119,11,15.2,0,1,30.13,0,2025-06-14 04:00:00,2025-06-14 08:00:00,E,Bowmore Rd,1,4,1,0
2025-06-14,13,10:00,119,11,15.2,0,1,30.13,0,2025-06-14 04:00:00,2025-06-14 08:00:00,E,Bay St,1,1,2,0
2025-06-14,13,10:00,119,11,15.2,0,1,30.13,0,2025-06-14 04:00:00,2025-06-14 08:00:00,E,Lansdowne Ave,3,5,2,0
2025-06-14,13,10:00,119,11,15.2,0,1,30.13,0,2025-06-14 04:00:00,2025-06-14 08:00:00,E,Indian Rd,0,1,1,0
2025-06-14,13,10:00,119,11,15.2,0,1,30.13,0,2025-06-14 04:00:00,2025-06-14 08:00:00,E,Grace St,2,2,2,0
2025-06-14,13,10:00,119,11,15.2,0,1,30.13,0,2025-06-14 04:00:00,2025-06-14 08:00:00,E,Dufferin St,2,1,2,0
2025-06-14,13,10:00,119,11,15.2,0,1,30.13,0,2025-06-14 04:00:00,2025-06-14 08:00:00,E,Gerrard St East at Beaton Ave,1,4,0,1
2025-06-14,13,10:00,119,11,15.2,0,1,30.13,0,2025-06-14 04:00:00,2025-06-14 08:00:00,E,Bathurst St,1,1,2,0
2025-06-14,13,10:00,119,11,15.2,0,1,30.13,0,2025-06-14 04:00:00,2025-06-14 08:00:00,E,Yonge St - College Station,1,1,2,0
2025-06-14,13,10:00,119,11,15.2,0,1,30.13,0,2025-06-14 04:00:00,2025-06-14 08:00:00,E,Dundas St West at Sterling Rd,0,0,0,0
2025-06-14,13,10:00,119,11,15.2,0,1,30.13,0,2025-06-14 04:00:00,2025-06-14 08:00:00,E,Brock Ave,3,5,2,0
2025-06-14,13,10:00,119,11,15.2,0,1,30.13,0,2025-06-14 04:00:00,2025-06-14 08:00:00,E,Sackville St,2,1,1,0
2025-06-14,13,10:00,119,11,15.2,0,1,30.13,0,2025-06-14 04:00:00,2025-06-14 08:00:00,E,Carlaw Ave,1,1,2,0
2025-06-14,13,10:00,119,11,15.2,0,1,30.13,0,2025-06-14 04:00:00,2025-06-14 08:00:00,E,Borden St,1,1,2,0
2025-06-14,13,10:00,119,11,15.2,0,1,30.13,0,2025-06-14 04:00:00,2025-06-14 08:00:00,E,Dundas St West at Sorauren Ave,2,2,1,0
2025-06-14,13,10:00,119,11,15.2,0,1,30.13,0,2025-06-14 04:00:00,2025-06-14 08:00:00,E,Crawford St,1,2,3,0
2025-06-14,13,10:00,119,11,15.2,0,1,30.13,0,2025-06-14 04:00:00,2025-06-14 08:00:00,E,Pape Ave,2,1,2,0
2025-06-14,13,10:00,119,11,15.2,0,1,30.13,0,2025-06-14 04:00:00,2025-06-14 08:00:00,E,Spadina Ave,1,1,2,0
2025-06-14,13,10:00,119,11,15.2,0,1,30.13,0,2025-06-14 04:00:00,2025-06-14 08:00:00,E,River St,1,1,1,0
2025-06-14,13,10:00,119,11,15.2,0,1,30.13,0,2025-06-14 04:00:00,2025-06-14 08:00:00,E,Marjory Ave,2,1,2,0
2025-06-14,13,10:00,119,11,15.2,0,1,30.13,0,2025-06-14 04:00:00,2025-06-14 08:00:00,E,Kingsmount Park Rd,1,4,1,0
2025-06-14,13,10:00,119,11,15.2,0,1,30.13,0,2025-06-14 04:00:00,2025-06-14 08:00:00,E,Church St,0,0,0,0
2025-06-14,13,10:00,119,11,15.2,0,1,30.13,0,2025-06-14 04:00:00,2025-06-14 08:00:00,E,Ossington Ave,3,3,3,0
2025-06-14,13,10:00,119,11,15.2,0,1,30.13,0,2025-06-14 04:00:00,2025-06-14 08:00:00,E,Woodbine Ave,1,4,1,0
2025-06-14,13,10:00,119,11,15.2,0,1,30.13,0,2025-06-14 04:00:00,2025-06-14 08:00:00,E,Jones Ave,1,1,2,0
2025-06-14,13,10:00,119,11,15.2,0,1,30.13,0,2025-06-14 04:00:00,2025-06-14 08:00:00,E,Golfview Ave,1,4,1,0
2025-06-14,13,10:00,119,11,15.2,0,1,30.13,0,2025-06-14 04:00:00,2025-06-14 08:00:00,E,Leslie St,1,1,2,0
2025-06-14,13,10:00,119,11,15.2,0,1,30.13,0,2025-06-14 04:00:00,2025-06-14 08:00:00,E,St Matthews Rd,1,1,2,0
2025-06-14,13,10:00,119,11,15.2,0,1,30.13,0,2025-06-14 04:00:00,2025-06-14 08:00:00,E,Jarvis St,0,4,7,0
2025-06-14,13,10:00,119,11,15.2,0,1,30.13,0,2025-06-14 04:00:00,2025-06-14 08:00:00,E,Sherbourne St,0,4,7,0
2025-06-14,13,10:00,119,11,15.2,0,1,30.13,0,2025-06-14 04:00:00,2025-06-14 08:00:00,E,St George St,1,1,2,0
2025-06-14,13,10:00,119,11,15.2,0,1,30.13,0,2025-06-14 04:00:00,2025-06-14 08:00:00,E,Dovercourt Rd,2,2,3,0
2025-06-14,13,10:00,119,11,15.2,0,1,30.13,0,2025-06-14 04:00:00,2025-06-14 08:00:00,E,Glenmount Park Rd,1,4,1,0
2025-06-14,13,10:00,119,11,15.2,0,1,30.13,0,2025-06-14 04:00:00,2025-06-14 08:00:00,E,Prust Ave,1,1,2,0
2025-06-14,13,10:00,119,11,15.2,0,1,30.13,0,2025-06-14 04:00:00,2025-06-14 08:00:00,E,Main Street Station at Bay 7,0,0,0,0
2025-06-14,13,10:00,119,11,15.2,0,1,30.13,0,2025-06-14 04:00:00,2025-06-14 08:00:00,E,Norwood Rd,1,4,1,0
2025-06-14,13,10:00,119,11,15.2,0,1,30.13,0,2025-06-14 04:00:00,2025-06-14 08:00:00,E,McCaul St,1,1,2,0
2025-06-14,13,10:00,119,11,15.2,0,1,30.13,0,2025-06-14 04:00:00,2025-06-14 08:00:00,E,Broadview Ave,1,1,2,0
2025-06-14,13,10:00,119,11,15.2,0,1,30.13,0,2025-06-14 04:00:00,2025-06-14 08:00:00,E,Ontario St,2,1,2,0
2025-06-14,13,10:00,119,11,15.2,0,1,30.13,0,2025-06-14 04:00:00,2025-06-14 08:00:00,E,Rusholme Park Cres,2,1,1,0
2025-06-14,13,10:00,119,11,15.2,0,1,30.13,0,2025-06-14 04:00:00,2025-06-14 08:00:00,E,Havelock St,1,1,2,0
2025-06-14,13,10:00,119,11,15.2,0,1,30.13,0,2025-06-14 04:00:00,2025-06-14 08:00:00,E,High Park Loop,0,4,4,0
2025-06-14,13,10:00,119,11,15.2,0,1,30.13,0,2025-06-14 04:00:00,2025-06-14 08:00:00,E,Queens Park (Queen's Park Station),1,1,2,0
2025-06-14,13,10:00,119,11,15.2,0,1,30.13,0,2025-06-14 04:00:00,2025-06-14 08:00:00,E,Roncesvalles Ave,2,1,1,0
2025-06-14,13,10:00,119,11,15.2,0,1,30.13,0,2025-06-14 04:00:00,2025-06-14 08:00:00,E,De Grassi St,1,1,2,0
2025-06-14,13,10:00,119,11,15.2,0,1,30.13,0,2025-06-14 04:00:00,2025-06-14 08:00:00,E,Parliament St at Carlton St,2,1,3,0
2025-06-14,13,10:00,119,11,15.2,0,1,30.13,0,2025-06-14 04:00:00,2025-06-14 08:00:00,E,Parkside Dr East Side,0,1,2,0
2025-06-14,13,10:00,119,11,15.2,0,1,30.13,0,2025-06-14 04:00:00,2025-06-14 08:00:00,E,Dundas St West,2,2,1,0
2025-06-14,13,10:00,119,11,15.2,0,1,30.13,0,2025-06-14 04:00:00,2025-06-14 08:00:00,E,Howard Park Ave at Roncesvalles Ave,0,0,0,0
2025-06-14,13,10:00,119,11,15.2,0,1,30.13,0,2025-06-14 04:00:00,2025-06-14 08:00:00,E,Parliament St,0,0,0,0
2025-06-14,13,10:00,119,11,15.2,0,1,30.13,0,2025-06-14 04:00:00,2025-06-14 08:00:00,E,Parliament St at Gerrard St East,0,0,0,0
2025-06-14,13,10:00,119,11,15.2,0,1,30.13,0,2025-06-14 04:00:00,2025-06-14 08:00:00,E,Sumach St,0,0,0,0
2025-06-14,13,10:00,119,11,15.2,0,1,30.13,0,2025-06-14 04:00:00,2025-06-14 08:00:00,E,Blackburn St,0,0,0,0
2025-06-14,13,10:00,119,11,15.2,0,1,30.13,0,2025-06-14 04:00:00,2025-06-14 08:00:00,E,Logan Ave,2,1,2,0
2025-06-14,13,10:00,119,11,15.2,0,1,30.13,0,2025-06-14 04:00:00,2025-06-14 08:00:00,E,Augusta Ave,0,0,0,0
2025-06-14,13,10:00,119,11,15.2,0,1,30.13,0,2025-06-14 04:00:00,2025-06-14 08:00:00,E,Beverley St,0,0,0,0
2025-06-14,13,10:00,119,11,15.2,0,1,30.13,0,2025-06-14 04:00:00,2025-06-14 08:00:00,E,University Ave (Queen's Park Station,0,0,0,0
2025-06-14,13,10:00,119,11,15.2,0,1,30.13,0,2025-06-14 04:00:00,2025-06-14 08:00:00,E,Elizabeth St,0,0,0,0
2025-06-14,13,10:00,119,11,15.2,0,1,30.13,0,2025-06-14 04:00:00,2025-06-14 08:00:00,E,Greenwood Ave,0,0,0,0
2025-06-14,13,10:00,119,11,15.2,0,1,30.13,0,2025-06-14 04:00:00,2025-06-14 08:00:00,E,Alton Ave,0,0,0,0
2025-06-14,13,10:00,119,11,15.2,0,1,30.13,0,2025-06-14 04:00:00,2025-06-14 08:00:00,E,Coxwell Ave,0,0,0,0
2025-06-14,13,10:00,119,11,15.2,0,1,30.13,0,2025-06-14 04:00:00,2025-06-14 08:00:00,E,Gerrard St East  at Coxwell Ave,0,0,0,0
2025-06-14,13,10:00,119,11,15.2,0,1,30.13,0,2025-06-14 04:00:00,2025-06-14 08:00:00,E,Coxwell Ave at Lower Gerrard St East,0,0,0,0
2025-06-14,13,10:00,119,11,15.2,0,1,30.13,0,2025-06-14 04:00:00,2025-06-14 08:00:00,E,Ashdale Ave,0,0,0,0
2025-06-14,13,10:00,119,11,15.2,0,1,30.13,0,2025-06-14 04:00:00,2025-06-14 08:00:00,E,Howard Park Ave at Indian Rd,0,0,0,0
2025-06-14,13,10:00,119,11,15.2,0,1,30.13,0,2025-06-14 04:00:00,2025-06-14 08:00:00,E,Dundas St West at Howard Park Ave,0,0,0,0
2025-06-14,13,10:00,119,11,15.2,0,1,30.13,0,2025-06-14 04:00:00,2025-06-14 08:00:00,E,Main St at Gerrard St East,0,0,0,0
2025-06-14,13,10:00,119,11,15.2,0,1,30.13,0,2025-06-14 04:00:00,2025-06-14 08:00:00,E,Main St,0,0,0,0
2025-06-14,13,10:00,119,11,15.2,0,1,30.13,0,2025-06-14 04:00:00,2025-06-14 08:00:00,E,Main St at Danforth Ave,0,0,0,0
2025-06-14,13,10:00,119,11,15.2,0,1,30.13,0,2025-06-14 04:00:00,2025-06-14 08:00:00,E,Howard Park Ave at Parkside Dr,0,0,0,0
2025-06-14,13,10:00,119,11,15.2,0,1,30.13,0,2025-06-14 04:00:00,2025-06-14 08:00:00,W,Woodfield Rd,0,2,1,0
2025-06-14,13,10:00,119,11,15.2,0,1,30.13,0,2025-06-14 04:00:00,2025-06-14 08:00:00,W,Coxwell Ave at Gerrard St East,0,3,1,0
2025-06-14,13,10:00,119,11,15.2,0,1,30.13,0,2025-06-14 04:00:00,2025-06-14 08:00:00,W,Euclid Ave,0,0,0,0
2025-06-14,13,10:00,119,11,15.2,0,1,30.13,0,2025-06-14 04:00:00,2025-06-14 08:00:00,W,Bowmore Rd,0,3,1,0
2025-06-14,13,10:00,119,11,15.2,0,1,30.13,0,2025-06-14 04:00:00,2025-06-14 08:00:00,W,Bay St,0,2,0,0
2025-06-14,13,10:00,119,11,15.2,0,1,30.13,0,2025-06-14 04:00:00,2025-06-14 08:00:00,W,Lansdowne Ave,0,1,0,0
2025-06-14,13,10:00,119,11,15.2,0,1,30.13,0,2025-06-14 04:00:00,2025-06-14 08:00:00,W,Indian Rd,0,3,2,0
2025-06-14,13,10:00,119,11,15.2,0,1,30.13,0,2025-06-14 04:00:00,2025-06-14 08:00:00,W,Grace St,0,0,0,0
2025-06-14,13,10:00,119,11,15.2,0,1,30.13,0,2025-06-14 04:00:00,2025-06-14 08:00:00,W,Dufferin St,1,3,1,0
2025-06-14,13,10:00,119,11,15.2,0,1,30.13,0,2025-06-14 04:00:00,2025-06-14 08:00:00,W,Gerrard St East at Beaton Ave,0,2,1,0
2025-06-14,13,10:00,119,11,15.2,0,1,30.13,0,2025-06-14 04:00:00,2025-06-14 08:00:00,W,Bathurst St,0,0,0,0
2025-06-14,13,10:00,119,11,15.2,0,1,30.13,0,2025-06-14 04:00:00,2025-06-14 08:00:00,W,Yonge St - College Station,0,0,0,0
2025-06-14,13,10:00,119,11,15.2,0,1,30.13,0,2025-06-14 04:00:00,2025-06-14 08:00:00,W,Dundas St West at Sterling Rd,0,0,0,0
2025-06-14,13,10:00,119,11,15.2,0,1,30.13,0,2025-06-14 04:00:00,2025-06-14 08:00:00,W,Brock Ave,0,0,0,0
2025-06-14,13,10:00,119,11,15.2,0,1,30.13,0,2025-06-14 04:00:00,2025-06-14 08:00:00,W,Sackville St,2,4,1,0
2025-06-14,13,10:00,119,11,15.2,0,1,30.13,0,2025-06-14 04:00:00,2025-06-14 08:00:00,W,Carlaw Ave,0,0,0,0
2025-06-14,13,10:00,119,11,15.2,0,1,30.13,0,2025-06-14 04:00:00,2025-06-14 08:00:00,W,Borden St,0,0,0,0
2025-06-14,13,10:00,119,11,15.2,0,1,30.13,0,2025-06-14 04:00:00,2025-06-14 08:00:00,W,Dundas St West at Sorauren Ave,0,3,1,0
2025-06-14,13,10:00,119,11,15.2,0,1,30.13,0,2025-06-14 04:00:00,2025-06-14 08:00:00,W,Crawford St,0,0,0,0
2025-06-14,13,10:00,119,11,15.2,0,1,30.13,0,2025-06-14 04:00:00,2025-06-14 08:00:00,W,Pape Ave,0,0,0,0
2025-06-14,13,10:00,119,11,15.2,0,1,30.13,0,2025-06-14 04:00:00,2025-06-14 08:00:00,W,Spadina Ave,1,4,0,0
2025-06-14,13,10:00,119,11,15.2,0,1,30.13,0,2025-06-14 04:00:00,2025-06-14 08:00:00,W,River St,2,4,1,0
2025-06-14,13,10:00,119,11,15.2,0,1,30.13,0,2025-06-14 04:00:00,2025-06-14 08:00:00,W,Marjory Ave,0,0,0,0
2025-06-14,13,10:00,119,11,15.2,0,1,30.13,0,2025-06-14 04:00:00,2025-06-14 08:00:00,W,Kingsmount Park Rd,0,0,0,0
2025-06-14,13,10:00,119,11,15.2,0,1,30.13,0,2025-06-14 04:00:00,2025-06-14 08:00:00,W,Church St,0,0,0,0
2025-06-14,13,10:00,119,11,15.2,0,1,30.13,0,2025-06-14 04:00:00,2025-06-14 08:00:00,W,Ossington Ave,0,0,0,0
2025-06-14,13,10:00,119,11,15.2,0,1,30.13,0,2025-06-14 04:00:00,2025-06-14 08:00:00,W,Woodbine Ave,0,0,0,0
2025-06-14,13,10:00,119,11,15.2,0,1,30.13,0,2025-06-14 04:00:00,2025-06-14 08:00:00,W,Jones Ave,0,0,0,0
2025-06-14,13,10:00,119,11,15.2,0,1,30.13,0,2025-06-14 04:00:00,2025-06-14 08:00:00,W,Golfview Ave,0,0,0,0
2025-06-14,13,10:00,119,11,15.2,0,1,30.13,0,2025-06-14 04:00:00,2025-06-14 08:00:00,W,Leslie St,0,0,0,0
2025-06-14,13,10:00,119,11,15.2,0,1,30.13,0,2025-06-14 04:00:00,2025-06-14 08:00:00,W,St Matthews Rd,0,0,0,0
2025-06-14,13,10:00,119,11,15.2,0,1,30.13,0,2025-06-14 04:00:00,2025-06-14 08:00:00,W,Jarvis St,0,0,0,0
2025-06-14,13,10:00,119,11,15.2,0,1,30.13,0,2025-06-14 04:00:00,2025-06-14 08:00:00,W,Sherbourne St,0,0,0,0
2025-06-14,13,10:00,119,11,15.2,0,1,30.13,0,2025-06-14 04:00:00,2025-06-14 08:00:00,W,St George St,0,0,0,0
2025-06-14,13,10:00,119,11,15.2,0,1,30.13,0,2025-06-14 04:00:00,2025-06-14 08:00:00,W,Dovercourt Rd,0,0,0,0
2025-06-14,13,10:00,119,11,15.2,0,1,30.13,0,2025-06-14 04:00:00,2025-06-14 08:00:00,W,Glenmount Park Rd,0,0,0,0
2025-06-14,13,10:00,119,11,15.2,0,1,30.13,0,2025-06-14 04:00:00,2025-06-14 08:00:00,W,Prust Ave,0,0,0,0
2025-06-14,13,10:00,119,11,15.2,0,1,30.13,0,2025-06-14 04:00:00,2025-06-14 08:00:00,W,Main Street Station at Bay 7,0,3,1,0
2025-06-14,13,10:00,119,11,15.2,0,1,30.13,0,2025-06-14 04:00:00,2025-06-14 08:00:00,W,Norwood Rd,0,0,0,0
2025-06-14,13,10:00,119,11,15.2,0,1,30.13,0,2025-06-14 04:00:00,2025-06-14 08:00:00,W,McCaul St,0,0,0,0
2025-06-14,13,10:00,119,11,15.2,0,1,30.13,0,2025-06-14 04:00:00,2025-06-14 08:00:00,W,Broadview Ave,0,0,0,0
2025-06-14,13,10:00,119,11,15.2,0,1,30.13,0,2025-06-14 04:00:00,2025-06-14 08:00:00,W,Ontario St,0,0,0,0
2025-06-14,13,10:00,119,11,15.2,0,1,30.13,0,2025-06-14 04:00:00,2025-06-14 08:00:00,W,Rusholme Park Cres,0,0,0,0
2025-06-14,13,10:00,119,11,15.2,0,1,30.13,0,2025-06-14 04:00:00,2025-06-14 08:00:00,W,Havelock St,0,0,0,0
2025-06-14,13,10:00,119,11,15.2,0,1,30.13,0,2025-06-14 04:00:00,2025-06-14 08:00:00,W,High Park Loop,0,0,0,0
2025-06-14,13,10:00,119,11,15.2,0,1,30.13,0,2025-06-14 04:00:00,2025-06-14 08:00:00,W,Queens Park (Queen's Park Station),0,0,0,0
2025-06-14,13,10:00,119,11,15.2,0,1,30.13,0,2025-06-14 04:00:00,2025-06-14 08:00:00,W,Roncesvalles Ave,0,3,2,0
2025-06-14,13,10:00,119,11,15.2,0,1,30.13,0,2025-06-14 04:00:00,2025-06-14 08:00:00,W,De Grassi St,0,0,0,0
2025-06-14,13,10:00,119,11,15.2,0,1,30.13,0,2025-06-14 04:00:00,2025-06-14 08:00:00,W,Parliament St at Carlton St,0,0,0,0
2025-06-14,13,10:00,119,11,15.2,0,1,30.13,0,2025-06-14 04:00:00,2025-06-14 08:00:00,W,Parkside Dr East Side,0,0,0,0
2025-06-14,13,10:00,119,11,15.2,0,1,30.13,0,2025-06-14 04:00:00,2025-06-14 08:00:00,W,Dundas St West,1,3,1,0
2025-06-14,13,10:00,119,11,15.2,0,1,30.13,0,2025-06-14 04:00:00,2025-06-14 08:00:00,W,Howard Park Ave at Roncesvalles Ave,0,0,0,0
2025-06-14,13,10:00,119,11,15.2,0,1,30.13,0,2025-06-14 04:00:00,2025-06-14 08:00:00,W,Parliament St,0,0,0,0
2025-06-14,13,10:00,119,11,15.2,0,1,30.13,0,2025-06-14 04:00:00,2025-06-14 08:00:00,W,Parliament St at Gerrard St East,0,0,0,0
2025-06-14,13,10:00,119,11,15.2,0,1,30.13,0,2025-06-14 04:00:00,2025-06-14 08:00:00,W,Sumach St,0,0,0,0
2025-06-14,13,10:00,119,11,15.2,0,1,30.13,0,2025-06-14 04:00:00,2025-06-14 08:00:00,W,Blackburn St,0,0,0,0
2025-06-14,13,10:00,119,11,15.2,0,1,30.13,0,2025-06-14 04:00:00,2025-06-14 08:00:00,W,Logan Ave,0,0,0,0
2025-06-14,13,10:00,119,11,15.2,0,1,30.13,0,2025-06-14 04:00:00,2025-06-14 08:00:00,W,Augusta Ave,0,0,0,0
2025-06-14,13,10:00,119,11,15.2,0,1,30.13,0,2025-06-14 04:00:00,2025-06-14 08:00:00,W,Beverley St,0,0,0,0
2025-06-14,13,10:00,119,11,15.2,0,1,30.13,0,2025-06-14 04:00:00,2025-06-14 08:00:00,W,University Ave (Queen's Park Station,0,0,0,0
2025-06-14,13,10:00,119,11,15.2,0,1,30.13,0,2025-06-14 04:00:00,2025-06-14 08:00:00,W,Elizabeth St,0,0,0,0
2025-06-14,13,10:00,119,11,15.2,0,1,30.13,0,2025-06-14 04:00:00,2025-06-14 08:00:00,W,Greenwood Ave,0,0,0,0
2025-06-14,13,10:00,119,11,15.2,0,1,30.13,0,2025-06-14 04:00:00,2025-06-14 08:00:00,W,Alton Ave,0,0,0,0
2025-06-14,13,10:00,119,11,15.2,0,1,30.13,0,2025-06-14 04:00:00,2025-06-14 08:00:00,W,Coxwell Ave,0,0,0,0
2025-06-14,13,10:00,119,11,15.2,0,1,30.13,0,2025-06-14 04:00:00,2025-06-14 08:00:00,W,Gerrard St East  at Coxwell Ave,0,0,0,0
2025-06-14,13,10:00,119,11,15.2,0,1,30.13,0,2025-06-14 04:00:00,2025-06-14 08:00:00,W,Coxwell Ave at Lower Gerrard St East,0,0,0,0
2025-06-14,13,10:00,119,11,15.2,0,1,30.13,0,2025-06-14 04:00:00,2025-06-14 08:00:00,W,Ashdale Ave,0,0,0,0
2025-06-14,13,10:00,119,11,15.2,0,1,30.13,0,2025-06-14 04:00:00,2025-06-14 08:00:00,W,Howard Park Ave at Indian Rd,0,0,0,0
2025-06-14,13,10:00,119,11,15.2,0,1,30.13,0,2025-06-14 04:00:00,2025-06-14 08:00:00,W,Dundas St West at Howard Park Ave,0,0,0,0
2025-06-14,13,10:00,119,11,15.2,0,1,30.13,0,2025-06-14 04:00:00,2025-06-14 08:00:00,W,Main St at Gerrard St East,0,0,0,0
2025-06-14,13,10:00,119,11,15.2,0,1,30.13,0,2025-06-14 04:00:00,2025-06-14 08:00:00,W,Main St,0,0,0,0
2025-06-14,13,10:00,119,11,15.2,0,1,30.13,0,2025-06-14 04:00:00,2025-06-14 08:00:00,W,Main St at Danforth Ave,0,0,0,0
2025-06-14,13,10:00,119,11,15.2,0,1,30.13,0,2025-06-14 04:00:00,2025-06-14 08:00:00,W,Howard Park Ave at Parkside Dr,0,0,0,0
2025-06-21,13,10:00,119,11,15.2,0,1,30.13,0,2025-06-21 04:00:00,2025-06-21 08:00:00,E,Woodfield Rd,0,0,0,0
2025-06-21,13,10:00,119,11,15.2,0,1,30.13,0,2025-06-21 04:00:00,2025-06-21 08:00:00,E,Coxwell Ave at Gerrard St East,0,0,0,0
2025-06-21,13,10:00,119,11,15.2,0,1,30.13,0,2025-06-21 04:00:00,2025-06-21 08:00:00,E,Euclid Ave,0,0,0,0
2025-06-21,13,10:00,119,11,15.2,0,1,30.13,0,2025-06-21 04:00:00,2025-06-21 08:00:00,E,Bowmore Rd,0,2,0,0
2025-06-21,13,10:00,119,11,15.2,0,1,30.13,0,2025-06-21 04:00:00,2025-06-21 08:00:00,E,Bay St,0,0,0,0
2025-06-21,13,10:00,119,11,15.2,0,1,30.13,0,2025-06-21 04:00:00,2025-06-21 08:00:00,E,Lansdowne Ave,0,2,0,0
2025-06-21,13,10:00,119,11,15.2,0,1,30.13,0,2025-06-21 04:00:00,2025-06-21 08:00:00,E,Indian Rd,0,0,0,0
2025-06-21,13,10:00,119,11,15.2,0,1,30.13,0,2025-06-21 04:00:00,2025-06-21 08:00:00,E,Grace St,0,0,0,0
2025-06-21,13,10:00,119,11,15.2,0,1,30.13,0,2025-06-21 04:00:00,2025-06-21 08:00:00,E,Dufferin St,0,0,0,0
2025-06-21,13,10:00,119,11,15.2,0,1,30.13,0,2025-06-21 04:00:00,2025-06-21 08:00:00,E,Gerrard St East at Beaton Ave,0,2,0,0
2025-06-21,13,10:00,119,11,15.2,0,1,30.13,0,2025-06-21 04:00:00,2025-06-21 08:00:00,E,Bathurst St,0,0,0,0
2025-06-21,13,10:00,119,11,15.2,0,1,30.13,0,2025-06-21 04:00:00,2025-06-21 08:00:00,E,Yonge St - College Station,0,0,0,0
2025-06-21,13,10:00,119,11,15.2,0,1,30.13,0,2025-06-21 04:00:00,2025-06-21 08:00:00,E,Dundas St West at Sterling Rd,0,0,0,0
2025-06-21,13,10:00,119,11,15.2,0,1,30.13,0,2025-06-21 04:00:00,2025-06-21 08:00:00,E,Brock Ave,0,2,0,0
2025-06-21,13,10:00,119,11,15.2,0,1,30.13,0,2025-06-21 04:00:00,2025-06-21 08:00:00,E,Sackville St,0,0,0,0
2025-06-21,13,10:00,119,11,15.2,0,1,30.13,0,2025-06-21 04:00:00,2025-06-21 08:00:00,E,Carlaw Ave,0,0,0,0
2025-06-21,13,10:00,119,11,15.2,0,1,30.13,0,2025-06-21 04:00:00,2025-06-21 08:00:00,E,Borden St,0,0,0,0
2025-06-21,13,10:00,119,11,15.2,0,1,30.13,0,2025-06-21 04:00:00,2025-06-21 08:00:00,E,Dundas St West at Sorauren Ave,0,0,0,0
2025-06-21,13,10:00,119,11,15.2,0,1,30.13,0,2025-06-21 04:00:00,2025-06-21 08:00:00,E,Crawford St,0,0,0,0
2025-06-21,13,10:00,119,11,15.2,0,1,30.13,0,2025-06-21 04:00:00,2025-06-21 08:00:00,E,Pape Ave,0,0,0,0
2025-06-21,13,10:00,119,11,15.2,0,1,30.13,0,2025-06-21 04:00:00,2025-06-21 08:00:00,E,Spadina Ave,0,0,0,0
2025-06-21,13,10:00,119,11,15.2,0,1,30.13,0,2025-06-21 04:00:00,2025-06-21 08:00:00,E,River St,0,0,0,0
2025-06-21,13,10:00,119,11,15.2,0,1,30.13,0,2025-06-21 04:00:00,2025-06-21 08:00:00,E,Marjory Ave,0,0,0,0
2025-06-21,13,10:00,119,11,15.2,0,1,30.13,0,2025-06-21 04:00:00,2025-06-21 08:00:00,E,Kingsmount Park Rd,0,2,0,0
2025-06-21,13,10:00,119,11,15.2,0,1,30.13,0,2025-06-21 04:00:00,2025-06-21 08:00:00,E,Church St,0,0,0,0
2025-06-21,13,10:00,119,11,15.2,0,1,30.13,0,2025-06-21 04:00:00,2025-06-21 08:00:00,E,Ossington Ave,0,0,0,0
2025-06-21,13,10:00,119,11,15.2,0,1,30.13,0,2025-06-21 04:00:00,2025-06-21 08:00:00,E,Woodbine Ave,0,2,0,0
2025-06-21,13,10:00,119,11,15.2,0,1,30.13,0,2025-06-21 04:00:00,2025-06-21 08:00:00,E,Jones Ave,0,0,0,0
2025-06-21,13,10:00,119,11,15.2,0,1,30.13,0,2025-06-21 04:00:00,2025-06-21 08:00:00,E,Golfview Ave,0,2,0,0
2025-06-21,13,10:00,119,11,15.2,0,1,30.13,0,2025-06-21 04:00:00,2025-06-21 08:00:00,E,Leslie St,0,0,0,0
2025-06-21,13,10:00,119,11,15.2,0,1,30.13,0,2025-06-21 04:00:00,2025-06-21 08:00:00,E,St Matthews Rd,0,0,0,0
2025-06-21,13,10:00,119,11,15.2,0,1,30.13,0,2025-06-21 04:00:00,2025-06-21 08:00:00,E,Jarvis St,0,0,0,0
2025-06-21,13,10:00,119,11,15.2,0,1,30.13,0,2025-06-21 04:00:00,2025-06-21 08:00:00,E,Sherbourne St,0,0,0,0
2025-06-21,13,10:00,119,11,15.2,0,1,30.13,0,2025-06-21 04:00:00,2025-06-21 08:00:00,E,St George St,0,0,0,0
2025-06-21,13,10:00,119,11,15.2,0,1,30.13,0,2025-06-21 04:00:00,2025-06-21 08:00:00,E,Dovercourt Rd,0,0,0,0
2025-06-21,13,10:00,119,11,15.2,0,1,30.13,0,2025-06-21 04:00:00,2025-06-21 08:00:00,E,Glenmount Park Rd,0,2,0,0
2025-06-21,13,10:00,119,11,15.2,0,1,30.13,0,2025-06-21 04:00:00,2025-06-21 08:00:00,E,Prust Ave,0,0,0,0
2025-06-21,13,10:00,119,11,15.2,0,1,30.13,0,2025-06-21 04:00:00,2025-06-21 08:00:00,E,Main Street Station at Bay 7,0,0,0,0
2025-06-21,13,10:00,119,11,15.2,0,1,30.13,0,2025-06-21 04:00:00,2025-06-21 08:00:00,E,Norwood Rd,0,2,0,0
2025-06-21,13,10:00,119,11,15.2,0,1,30.13,0,2025-06-21 04:00:00,2025-06-21 08:00:00,E,McCaul St,0,0,0,0
2025-06-21,13,10:00,119,11,15.2,0,1,30.13,0,2025-06-21 04:00:00,2025-06-21 08:00:00,E,Broadview Ave,0,0,0,0
2025-06-21,13,10:00,119,11,15.2,0,1,30.13,0,2025-06-21 04:00:00,2025-06-21 08:00:00,E,Ontario St,0,0,0,0
2025-06-21,13,10:00,119,11,15.2,0,1,30.13,0,2025-06-21 04:00:00,2025-06-21 08:00:00,E,Rusholme Park Cres,0,0,0,0
2025-06-21,13,10:00,119,11,15.2,0,1,30.13,0,2025-06-21 04:00:00,2025-06-21 08:00:00,E,Havelock St,0,0,0,0
2025-06-21,13,10:00,119,11,15.2,0,1,30.13,0,2025-06-21 04:00:00,2025-06-21 08:00:00,E,High Park Loop,0,0,0,0
2025-06-21,13,10:00,119,11,15.2,0,1,30.13,0,2025-06-21 04:00:00,2025-06-21 08:00:00,E,Queens Park (Queen's Park Station),0,0,0,0
2025-06-21,13,10:00,119,11,15.2,0,1,30.13,0,2025-06-21 04:00:00,2025-06-21 08:00:00,E,Roncesvalles Ave,0,0,0,0
2025-06-21,13,10:00,119,11,15.2,0,1,30.13,0,2025-06-21 04:00:00,2025-06-21 08:00:00,E,De Grassi St,0,0,0,0
2025-06-21,13,10:00,119,11,15.2,0,1,30.13,0,2025-06-21 04:00:00,2025-06-21 08:00:00,E,Parliament St at Carlton St,0,0,0,0
2025-06-21,13,10:00,119,11,15.2,0,1,30.13,0,2025-06-21 04:00:00,2025-06-21 08:00:00,E,Parkside Dr East Side,0,0,0,0
2025-06-21,13,10:00,119,11,15.2,0,1,30.13,0,2025-06-21 04:00:00,2025-06-21 08:00:00,E,Dundas St West,0,0,0,0
2025-06-21,13,10:00,119,11,15.2,0,1,30.13,0,2025-06-21 04:00:00,2025-06-21 08:00:00,E,Howard Park Ave at Roncesvalles Ave,0,0,0,0
2025-06-21,13,10:00,119,11,15.2,0,1,30.13,0,2025-06-21 04:00:00,2025-06-21 08:00:00,E,Parliament St,0,0,0,0
2025-06-21,13,10:00,119,11,15.2,0,1,30.13,0,2025-06-21 04:00:00,2025-06-21 08:00:00,E,Parliament St at Gerrard St East,0,0,0,0
2025-06-21,13,10:00,119,11,15.2,0,1,30.13,0,2025-06-21 04:00:00,2025-06-21 08:00:00,E,Sumach St,0,0,0,0
2025-06-21,13,10:00,119,11,15.2,0,1,30.13,0,2025-06-21 04:00:00,2025-06-21 08:00:00,E,Blackburn St,0,0,0,0
2025-06-21,13,10:00,119,11,15.2,0,1,30.13,0,2025-06-21 04:00:00,2025-06-21 08:00:00,E,Logan Ave,0,0,0,0
2025-06-21,13,10:00,119,11,15.2,0,1,30.13,0,2025-06-21 04:00:00,2025-06-21 08:00:00,E,Augusta Ave,0,0,0,0
2025-06-21,13,10:00,119,11,15.2,0,1,30.13,0,2025-06-21 04:00:00,2025-06-21 08:00:00,E,Beverley St,0,0,0,0
2025-06-21,13,10:00,119,11,15.2,0,1,30.13,0,2025-06-21 04:00:00,2025-06-21 08:00:00,E,University Ave (Queen's Park Station,0,0,0,0
2025-06-21,13,10:00,119,11,15.2,0,1,30.13,0,2025-06-21 04:00:00,2025-06-21 08:00:00,E,Elizabeth St,0,0,0,0
2025-06-21,13,10:00,119,11,15.2,0,1,30.13,0,2025-06-21 04:00:00,2025-06-21 08:00:00,E,Greenwood Ave,0,0,0,0
2025-06-21,13,10:00,119,11,15.2,0,1,30.13,0,2025-06-21 04:00:00,2025-06-21 08:00:00,E,Alton Ave,0,0,0,0
2025-06-21,13,10:00,119,11,15.2,0,1,30.13,0,2025-06-21 04:00:00,2025-06-21 08:00:00,E,Coxwell Ave,0,0,0,0
2025-06-21,13,10:00,119,11,15.2,0,1,30.13,0,2025-06-21 04:00:00,2025-06-21 08:00:00,E,Gerrard St East  at Coxwell Ave,0,0,0,0
2025-06-21,13,10:00,119,11,15.2,0,1,30.13,0,2025-06-21 04:00:00,2025-06-21 08:00:00,E,Coxwell Ave at Lower Gerrard St East,0,0,0,0
2025-06-21,13,10:00,119,11,15.2,0,1,30.13,0,2025-06-21 04:00:00,2025-06-21 08:00:00,E,Ashdale Ave,0,0,0,0
2025-06-21,13,10:00,119,11,15.2,0,1,30.13,0,2025-06-21 04:00:00,2025-06-21 08:00:00,E,Howard Park Ave at Indian Rd,0,0,0,0
2025-06-21,13,10:00,119,11,15.2,0,1,30.13,0,2025-06-21 04:00:00,2025-06-21 08:00:00,E,Dundas St West at Howard Park Ave,0,0,0,0
2025-06-21,13,10:00,119,11,15.2,0,1,30.13,0,2025-06-21 04:00:00,2025-06-21 08:00:00,E,Main St at Gerrard St East,0,0,0,0
2025-06-21,13,10:00,119,11,15.2,0,1,30.13,0,2025-06-21 04:00:00,2025-06-21 08:00:00,E,Main St,0,0,0,0
2025-06-21,13,10:00,119,11,15.2,0,1,30.13,0,2025-06-21 04:00:00,2025-06-21 08:00:00,E,Main St at Danforth Ave,0,0,0,0
2025-06-21,13,10:00,119,11,15.2,0,1,30.13,0,2025-06-21 04:00:00,2025-06-21 08:00:00,E,Howard Park Ave at Parkside Dr,0,0,0,0
2025-06-21,13,10:00,119,11,15.2,0,1,30.13,0,2025-06-21 04:00:00,2025-06-21 08:00:00,W,Woodfield Rd,0,1,0,0
2025-06-21,13,10:00,119,11,15.2,0,1,30.13,0,2025-06-21 04:00:00,2025-06-21 08:00:00,W,Coxwell Ave at Gerrard St East,0,0,0,0
2025-06-21,13,10:00,119,11,15.2,0,1,30.13,0,2025-06-21 04:00:00,2025-06-21 08:00:00,W,Euclid Ave,0,0,0,0
2025-06-21,13,10:00,119,11,15.2,0,1,30.13,0,2025-06-21 04:00:00,2025-06-21 08:00:00,W,Bowmore Rd,0,0,0,0
2025-06-21,13,10:00,119,11,15.2,0,1,30.13,0,2025-06-21 04:00:00,2025-06-21 08:00:00,W,Bay St,0,1,0,0
2025-06-21,13,10:00,119,11,15.2,0,1,30.13,0,2025-06-21 04:00:00,2025-06-21 08:00:00,W,Lansdowne Ave,0,0,0,0
2025-06-21,13,10:00,119,11,15.2,0,1,30.13,0,2025-06-21 04:00:00,2025-06-21 08:00:00,W,Indian Rd,1,1,2,0
2025-06-21,13,10:00,119,11,15.2,0,1,30.13,0,2025-06-21 04:00:00,2025-06-21 08:00:00,W,Grace St,0,0,0,0
2025-06-21,13,10:00,119,11,15.2,0,1,30.13,0,2025-06-21 04:00:00,2025-06-21 08:00:00,W,Dufferin St,1,1,0,0
2025-06-21,13,10:00,119,11,15.2,0,1,30.13,0,2025-06-21 04:00:00,2025-06-21 08:00:00,W,Gerrard St East at Beaton Ave,0,0,0,0
2025-06-21,13,10:00,119,11,15.2,0,1,30.13,0,2025-06-21 04:00:00,2025-06-21 08:00:00,W,Bathurst St,0,0,0,0
2025-06-21,13,10:00,119,11,15.2,0,1,30.13,0,2025-06-21 04:00:00,2025-06-21 08:00:00,W,Yonge St - College Station,0,0,0,0
2025-06-21,13,10:00,119,11,15.2,0,1,30.13,0,2025-06-21 04:00:00,2025-06-21 08:00:00,W,Dundas St West at Sterling Rd,0,0,0,0
2025-06-21,13,10:00,119,11,15.2,0,1,30.13,0,2025-06-21 04:00:00,2025-06-21 08:00:00,W,Brock Ave,0,0,0,0
2025-06-21,13,10:00,119,11,15.2,0,1,30.13,0,2025-06-21 04:00:00,2025-06-21 08:00:00,W,Sackville St,1,1,0,0
2025-06-21,13,10:00,119,11,15.2,0,1,30.13,0,2025-06-21 04:00:00,2025-06-21 08:00:00,W,Carlaw Ave,0,0,0,0
2025-06-21,13,10:00,119,11,15.2,0,1,30.13,0,2025-06-21 04:00:00,2025-06-21 08:00:00,W,Borden St,0,0,0,0
2025-06-21,13,10:00,119,11,15.2,0,1,30.13,0,2025-06-21 04:00:00,2025-06-21 08:00:00,W,Dundas St West at Sorauren Ave,1,1,1,0
2025-06-21,13,10:00,119,11,15.2,0,1,30.13,0,2025-06-21 04:00:00,2025-06-21 08:00:00,W,Crawford St,0,0,0,0
2025-06-21,13,10:00,119,11,15.2,0,1,30.13,0,2025-06-21 04:00:00,2025-06-21 08:00:00,W,Pape Ave,0,0,0,0
2025-06-21,13,10:00,119,11,15.2,0,1,30.13,0,2025-06-21 04:00:00,2025-06-21 08:00:00,W,Spadina Ave,0,1,0,0
2025-06-21,13,10:00,119,11,15.2,0,1,30.13,0,2025-06-21 04:00:00,2025-06-21 08:00:00,W,River St,1,1,0,0
2025-06-21,13,10:00,119,11,15.2,0,1,30.13,0,2025-06-21 04:00:00,2025-06-21 08:00:00,W,Marjory Ave,0,0,0,0
2025-06-21,13,10:00,119,11,15.2,0,1,30.13,0,2025-06-21 04:00:00,2025-06-21 08:00:00,W,Kingsmount Park Rd,0,0,0,0
2025-06-21,13,10:00,119,11,15.2,0,1,30.13,0,2025-06-21 04:00:00,2025-06-21 08:00:00,W,Church St,0,0,0,0
2025-06-21,13,10:00,119,11,15.2,0,1,30.13,0,2025-06-21 04:00:00,2025-06-21 08:00:00,W,Ossington Ave,0,0,0,0
2025-06-21,13,10:00,119,11,15.2,0,1,30.13,0,2025-06-21 04:00:00,2025-06-21 08:00:00,W,Woodbine Ave,0,0,0,0
2025-06-21,13,10:00,119,11,15.2,0,1,30.13,0,2025-06-21 04:00:00,2025-06-21 08:00:00,W,Jones Ave,0,0,0,0
2025-06-21,13,10:00,119,11,15.2,0,1,30.13,0,2025-06-21 04:00:00,2025-06-21 08:00:00,W,Golfview Ave,0,0,0,0
2025-06-21,13,10:00,119,11,15.2,0,1,30.13,0,2025-06-21 04:00:00,2025-06-21 08:00:00,W,Leslie St,0,0,0,0
2025-06-21,13,10:00,119,11,15.2,0,1,30.13,0,2025-06-21 04:00:00,2025-06-21 08:00:00,W,St Matthews Rd,0,0,0,0
2025-06-21,13,10:00,119,11,15.2,0,1,30.13,0,2025-06-21 04:00:00,2025-06-21 08:00:00,W,Jarvis St,0,0,0,0
2025-06-21,13,10:00,119,11,15.2,0,1,30.13,0,2025-06-21 04:00:00,2025-06-21 08:00:00,W,Sherbourne St,0,0,0,0
2025-06-21,13,10:00,119,11,15.2,0,1,30.13,0,2025-06-21 04:00:00,2025-06-21 08:00:00,W,St George St,0,0,0,0
2025-06-21,13,10:00,119,11,15.2,0,1,30.13,0,2025-06-21 04:00:00,2025-06-21 08:00:00,W,Dovercourt Rd,0,0,0,0
2025-06-21,13,10:00,119,11,15.2,0,1,30.13,0,2025-06-21 04:00:00,2025-06-21 08:00:00,W,Glenmount Park Rd,0,0,0,0
2025-06-21,13,10:00,119,11,15.2,0,1,30.13,0,2025-06-21 04:00:00,2025-06-21 08:00:00,W,Prust Ave,0,0,0,0
2025-06-21,13,10:00,119,11,15.2,0,1,30.13,0,2025-06-21 04:00:00,2025-06-21 08:00:00,W,Main Street Station at Bay 7,0,0,0,0
2025-06-21,13,10:00,119,11,15.2,0,1,30.13,0,2025-06-21 04:00:00,2025-06-21 08:00:00,W,Norwood Rd,0,0,0,0
2025-06-21,13,10:00,119,11,15.2,0,1,30.13,0,2025-06-21 04:00:00,2025-06-21 08:00:00,W,McCaul St,0,0,0,0
2025-06-21,13,10:00,119,11,15.2,0,1,30.13,0,2025-06-21 04:00:00,2025-06-21 08:00:00,W,Broadview Ave,0,0,0,0
2025-06-21,13,10:00,119,11,15.2,0,1,30.13,0,2025-06-21 04:00:00,2025-06-21 08:00:00,W,Ontario St,0,0,0,0
2025-06-21,13,10:00,119,11,15.2,0,1,30.13,0,2025-06-21 04:00:00,2025-06-21 08:00:00,W,Rusholme Park Cres,0,0,0,0
2025-06-21,13,10:00,119,11,15.2,0,1,30.13,0,2025-06-21 04:00:00,2025-06-21 08:00:00,W,Havelock St,0,0,0,0
2025-06-21,13,10:00,119,11,15.2,0,1,30.13,0,2025-06-21 04:00:00,2025-06-21 08:00:00,W,High Park Loop,0,0,0,0
2025-06-21,13,10:00,119,11,15.2,0,1,30.13,0,2025-06-21 04:00:00,2025-06-21 08:00:00,W,Queens Park (Queen's Park Station),0,0,0,0
2025-06-21,13,10:00,119,11,15.2,0,1,30.13,0,2025-06-21 04:00:00,2025-06-21 08:00:00,W,Roncesvalles Ave,1,1,2,0
2025-06-21,13,10:00,119,11,15.2,0,1,30.13,0,2025-06-21 04:00:00,2025-06-21 08:00:00,W,De Grassi St,0,0,0,0
2025-06-21,13,10:00,119,11,15.2,0,1,30.13,0,2025-06-21 04:00:00,2025-06-21 08:00:00,W,Parliament St at Carlton St,0,0,0,0
2025-06-21,13,10:00,119,11,15.2,0,1,30.13,0,2025-06-21 04:00:00,2025-06-21 08:00:00,W,Parkside Dr East Side,0,0,0,0
2025-06-21,13,10:00,119,11,15.2,0,1,30.13,0,2025-06-21 04:00:00,2025-06-21 08:00:00,W,Dundas St West,1,0,2,0
2025-06-21,13,10:00,119,11,15.2,0,1,30.13,0,2025-06-21 04:00:00,2025-06-21 08:00:00,W,Howard Park Ave at Roncesvalles Ave,0,0,0,0
2025-06-21,13,10:00,119,11,15.2,0,1,30.13,0,2025-06-21 04:00:00,2025-06-21 08:00:00,W,Parliament St,0,0,0,0
2025-06-21,13,10:00,119,11,15.2,0,1,30.13,0,2025-06-21 04:00:00,2025-06-21 08:00:00,W,Parliament St at Gerrard St East,0,0,0,0
2025-06-21,13,10:00,119,11,15.2,0,1,30.13,0,2025-06-21 04:00:00,2025-06-21 08:00:00,W,Sumach St,0,0,0,0
2025-06-21,13,10:00,119,11,15.2,0,1,30.13,0,2025-06-21 04:00:00,2025-06-21 08:00:00,W,Blackburn St,0,0,0,0
2025-06-21,13,10:00,119,11,15.2,0,1,30.13,0,2025-06-21 04:00:00,2025-06-21 08:00:00,W,Logan Ave,0,0,0,0
2025-06-21,13,10:00,119,11,15.2,0,1,30.13,0,2025-06-21 04:00:00,2025-06-21 08:00:00,W,Augusta Ave,0,0,0,0
2025-06-21,13,10:00,119,11,15.2,0,1,30.13,0,2025-06-21 04:00:00,2025-06-21 08:00:00,W,Beverley St,0,0,0,0
2025-06-21,13,10:00,119,11,15.2,0,1,30.13,0,2025-06-21 04:00:00,2025-06-21 08:00:00,W,University Ave (Queen's Park Station,0,0,0,0
2025-06-21,13,10:00,119,11,15.2,0,1,30.13,0,2025-06-21 04:00:00,2025-06-21 08:00:00,W,Elizabeth St,0,0,0,0
2025-06-21,13,10:00,119,11,15.2,0,1,30.13,0,2025-06-21 04:00:00,2025-06-21 08:00:00,W,Greenwood Ave,0,0,0,0
2025-06-21,13,10:00,119,11,15.2,0,1,30.13,0,2025-06-21 04:00:00,2025-06-21 08:00:00,W,Alton Ave,0,0,0,0
2025-06-21,13,10:00,119,11,15.2,0,1,30.13,0,2025-06-21 04:00:00,2025-06-21 08:00:00,W,Coxwell Ave,0,0,0,0
2025-06-21,13,10:00,119,11,15.2,0,1,30.13,0,2025-06-21 04:00:00,2025-06-21 08:00:00,W,Gerrard St East  at Coxwell Ave,0,0,0,0
2025-06-21,13,10:00,119,11,15.2,0,1,30.13,0,2025-06-21 04:00:00,2025-06-21 08:00:00,W,Coxwell Ave at Lower Gerrard St East,0,0,0,0
2025-06-21,13,10:00,119,11,15.2,0,1,30.13,0,2025-06-21 04:00:00,2025-06-21 08:00:00,W,Ashdale Ave,0,0,0,0
2025-06-21,13,10:00,119,11,15.2,0,1,30.13,0,2025-06-21 04:00:00,2025-06-21 08:00:00,W,Howard Park Ave at Indian Rd,0,0,0,0
2025-06-21,13,10:00,119,11,15.2,0,1,30.13,0,2025-06-21 04:00:00,2025-06-21 08:00:00,W,Dundas St West at Howard Park Ave,0,0,0,0
2025-06-21,13,10:00,119,11,15.2,0,1,30.13,0,2025-06-21 04:00:00,2025-06-21 08:00:00,W,Main St at Gerrard St East,0,0,0,0
2025-06-21,13,10:00,119,11,15.2,0,1,30.13,0,2025-06-21 04:00:00,2025-06-21 08:00:00,W,Main St,0,0,0,0
2025-06-21,13,10:00,119,11,15.2,0,1,30.13,0,2025-06-21 04:00:00,2025-06-21 08:00:00,W,Main St at Danforth Ave,0,0,0,0
2025-06-21,13,10:00,119,11,15.2,0,1,30.13,0,2025-06-21 04:00:00,2025-06-21 08:00:00,W,Howard Park Ave at Parkside Dr,0,0,0,0
2025-06-28,13,10:00,119,11,15.2,0,1,30.13,0,2025-06-28 04:00:00,2025-06-28 08:00:00,E,Woodfield Rd,0,0,1,0
2025-06-28,13,10:00,119,11,15.2,0,1,30.13,0,2025-06-28 04:00:00,2025-06-28 08:00:00,E,Coxwell Ave at Gerrard St East,0,0,0,0
2025-06-28,13,10:00,119,11,15.2,0,1,30.13,0,2025-06-28 04:00:00,2025-06-28 08:00:00,E,Euclid Ave,0,0,0,0
2025-06-28,13,10:00,119,11,15.2,0,1,30.13,0,2025-06-28 04:00:00,2025-06-28 08:00:00,E,Bowmore Rd,1,2,1,0
2025-06-28,13,10:00,119,11,15.2,0,1,30.13,0,2025-06-28 04:00:00,2025-06-28 08:00:00,E,Bay St,1,0,1,0
2025-06-28,13,10:00,119,11,15.2,0,1,30.13,0,2025-06-28 04:00:00,2025-06-28 08:00:00,E,Lansdowne Ave,2,2,0,0
2025-06-28,13,10:00,119,11,15.2,0,1,30.13,0,2025-06-28 04:00:00,2025-06-28 08:00:00,E,Indian Rd,0,0,0,0
2025-06-28,13,10:00,119,11,15.2,0,1,30.13,0,2025-06-28 04:00:00,2025-06-28 08:00:00,E,Grace St,0,0,0,0
2025-06-28,13,10:00,119,11,15.2,0,1,30.13,0,2025-06-28 04:00:00,2025-06-28 08:00:00,E,Dufferin St,0,0,1,0
2025-06-28,13,10:00,119,11,15.2,0,1,30.13,0,2025-06-28 04:00:00,2025-06-28 08:00:00,E,Gerrard St East at Beaton Ave,1,2,2,0
2025-06-28,13,10:00,119,11,15.2,0,1,30.13,0,2025-06-28 04:00:00,2025-06-28 08:00:00,E,Bathurst St,0,0,0,0
2025-06-28,13,10:00,119,11,15.2,0,1,30.13,0,2025-06-28 04:00:00,2025-06-28 08:00:00,E,Yonge St - College Station,0,0,1,0
2025-06-28,13,10:00,119,11,15.2,0,1,30.13,0,2025-06-28 04:00:00,2025-06-28 08:00:00,E,Dundas St West at Sterling Rd,0,0,0,0
2025-06-28,13,10:00,119,11,15.2,0,1,30.13,0,2025-06-28 04:00:00,2025-06-28 08:00:00,E,Brock Ave,1,3,1,0
2025-06-28,13,10:00,119,11,15.2,0,1,30.13,0,2025-06-28 04:00:00,2025-06-28 08:00:00,E,Sackville St,0,0,0,0
2025-06-28,13,10:00,119,11,15.2,0,1,30.13,0,2025-06-28 04:00:00,2025-06-28 08:00:00,E,Carlaw Ave,0,0,0,0
2025-06-28,13,10:00,119,11,15.2,0,1,30.13,0,2025-06-28 04:00:00,2025-06-28 08:00:00,E,Borden St,0,0,0,0
2025-06-28,13,10:00,119,11,15.2,0,1,30.13,0,2025-06-28 04:00:00,2025-06-28 08:00:00,E,Dundas St West at Sorauren Ave,0,0,0,0
2025-06-28,13,10:00,119,11,15.2,0,1,30.13,0,2025-06-28 04:00:00,2025-06-28 08:00:00,E,Crawford St,0,0,0,0
2025-06-28,13,10:00,119,11,15.2,0,1,30.13,0,2025-06-28 04:00:00,2025-06-28 08:00:00,E,Pape Ave,0,0,1,0
2025-06-28,13,10:00,119,11,15.2,0,1,30.13,0,2025-06-28 04:00:00,2025-06-28 08:00:00,E,Spadina Ave,0,0,0,0
2025-06-28,13,10:00,119,11,15.2,0,1,30.13,0,2025-06-28 04:00:00,2025-06-28 08:00:00,E,River St,0,0,0,0
2025-06-28,13,10:00,119,11,15.2,0,1,30.13,0,2025-06-28 04:00:00,2025-06-28 08:00:00,E,Marjory Ave,0,0,1,0
2025-06-28,13,10:00,119,11,15.2,0,1,30.13,0,2025-06-28 04:00:00,2025-06-28 08:00:00,E,Kingsmount Park Rd,1,3,1,0
2025-06-28,13,10:00,119,11,15.2,0,1,30.13,0,2025-06-28 04:00:00,2025-06-28 08:00:00,E,Church St,0,0,0,0
2025-06-28,13,10:00,119,11,15.2,0,1,30.13,0,2025-06-28 04:00:00,2025-06-28 08:00:00,E,Ossington Ave,0,0,0,0
2025-06-28,13,10:00,119,11,15.2,0,1,30.13,0,2025-06-28 04:00:00,2025-06-28 08:00:00,E,Woodbine Ave,1,3,1,0
2025-06-28,13,10:00,119,11,15.2,0,1,30.13,0,2025-06-28 04:00:00,2025-06-28 08:00:00,E,Jones Ave,0,0,1,0
2025-06-28,13,10:00,119,11,15.2,0,1,30.13,0,2025-06-28 04:00:00,2025-06-28 08:00:00,E,Golfview Ave,1,2,0,0
2025-06-28,13,10:00,119,11,15.2,0,1,30.13,0,2025-06-28 04:00:00,2025-06-28 08:00:00,E,Leslie St,0,0,1,0
2025-06-28,13,10:00,119,11,15.2,0,1,30.13,0,2025-06-28 04:00:00,2025-06-28 08:00:00,E,St Matthews Rd,0,0,0,0
2025-06-28,13,10:00,119,11,15.2,0,1,30.13,0,2025-06-28 04:00:00,2025-06-28 08:00:00,E,Jarvis St,0,0,0,0
2025-06-28,13,10:00,119,11,15.2,0,1,30.13,0,2025-06-28 04:00:00,2025-06-28 08:00:00,E,Sherbourne St,0,0,0,0
2025-06-28,13,10:00,119,11,15.2,0,1,30.13,0,2025-06-28 04:00:00,2025-06-28 08:00:00,E,St George St,0,0,0,0
2025-06-28,13,10:00,119,11,15.2,0,1,30.13,0,2025-06-28 04:00:00,2025-06-28 08:00:00,E,Dovercourt Rd,0,0,0,0
2025-06-28,13,10:00,119,11,15.2,0,1,30.13,0,2025-06-28 04:00:00,2025-06-28 08:00:00,E,Glenmount Park Rd,1,2,0,0
2025-06-28,13,10:00,119,11,15.2,0,1,30.13,0,2025-06-28 04:00:00,2025-06-28 08:00:00,E,Prust Ave,0,0,1,0
2025-06-28,13,10:00,119,11,15.2,0,1,30.13,0,2025-06-28 04:00:00,2025-06-28 08:00:00,E,Main Street Station at Bay 7,0,0,0,0
2025-06-28,13,10:00,119,11,15.2,0,1,30.13,0,2025-06-28 04:00:00,2025-06-28 08:00:00,E,Norwood Rd,1,2,0,0
2025-06-28,13,10:00,119,11,15.2,0,1,30.13,0,2025-06-28 04:00:00,2025-06-28 08:00:00,E,McCaul St,0,0,0,0
2025-06-28,13,10:00,119,11,15.2,0,1,30.13,0,2025-06-28 04:00:00,2025-06-28 08:00:00,E,Broadview Ave,0,0,0,0
2025-06-28,13,10:00,119,11,15.2,0,1,30.13,0,2025-06-28 04:00:00,2025-06-28 08:00:00,E,Ontario St,0,0,0,0
2025-06-28,13,10:00,119,11,15.2,0,1,30.13,0,2025-06-28 04:00:00,2025-06-28 08:00:00,E,Rusholme Park Cres,0,0,0,0
2025-06-28,13,10:00,119,11,15.2,0,1,30.13,0,2025-06-28 04:00:00,2025-06-28 08:00:00,E,Havelock St,0,0,1,0
2025-06-28,13,10:00,119,11,15.2,0,1,30.13,0,2025-06-28 04:00:00,2025-06-28 08:00:00,E,High Park Loop,0,0,0,0
2025-06-28,13,10:00,119,11,15.2,0,1,30.13,0,2025-06-28 04:00:00,2025-06-28 08:00:00,E,Queens Park (Queen's Park Station),0,0,0,0
2025-06-28,13,10:00,119,11,15.2,0,1,30.13,0,2025-06-28 04:00:00,2025-06-28 08:00:00,E,Roncesvalles Ave,0,0,0,0
2025-06-28,13,10:00,119,11,15.2,0,1,30.13,0,2025-06-28 04:00:00,2025-06-28 08:00:00,E,De Grassi St,0,0,0,0
2025-06-28,13,10:00,119,11,15.2,0,1,30.13,0,2025-06-28 04:00:00,2025-06-28 08:00:00,E,Parliament St at Carlton St,0,0,0,0
2025-06-28,13,10:00,119,11,15.2,0,1,30.13,0,2025-06-28 04:00:00,2025-06-28 08:00:00,E,Parkside Dr East Side,0,0,0,0
2025-06-28,13,10:00,119,11,15.2,0,1,30.13,0,2025-06-28 04:00:00,2025-06-28 08:00:00,E,Dundas St West,0,0,0,0
2025-06-28,13,10:00,119,11,15.2,0,1,30.13,0,2025-06-28 04:00:00,2025-06-28 08:00:00,E,Howard Park Ave at Roncesvalles Ave,0,0,0,0
2025-06-28,13,10:00,119,11,15.2,0,1,30.13,0,2025-06-28 04:00:00,2025-06-28 08:00:00,E,Parliament St,0,0,0,0
2025-06-28,13,10:00,119,11,15.2,0,1,30.13,0,2025-06-28 04:00:00,2025-06-28 08:00:00,E,Parliament St at Gerrard St East,0,0,0,0
2025-06-28,13,10:00,119,11,15.2,0,1,30.13,0,2025-06-28 04:00:00,2025-06-28 08:00:00,E,Sumach St,0,0,0,0
2025-06-28,13,10:00,119,11,15.2,0,1,30.13,0,2025-06-28 04:00:00,2025-06-28 08:00:00,E,Blackburn St,0,0,0,0
2025-06-28,13,10:00,119,11,15.2,0,1,30.13,0,2025-06-28 04:00:00,2025-06-28 08:00:00,E,Logan Ave,0,1,0,0
2025-06-28,13,10:00,119,11,15.2,0,1,30.13,0,2025-06-28 04:00:00,2025-06-28 08:00:00,E,Augusta Ave,0,0,0,0
2025-06-28,13,10:00,119,11,15.2,0,1,30.13,0,2025-06-28 04:00:00,2025-06-28 08:00:00,E,Beverley St,0,0,0,0
2025-06-28,13,10:00,119,11,15.2,0,1,30.13,0,2025-06-28 04:00:00,2025-06-28 08:00:00,E,University Ave (Queen's Park Station,0,0,0,0
2025-06-28,13,10:00,119,11,15.2,0,1,30.13,0,2025-06-28 04:00:00,2025-06-28 08:00:00,E,Elizabeth St,0,0,0,0
2025-06-28,13,10:00,119,11,15.2,0,1,30.13,0,2025-06-28 04:00:00,2025-06-28 08:00:00,E,Greenwood Ave,0,0,0,0
2025-06-28,13,10:00,119,11,15.2,0,1,30.13,0,2025-06-28 04:00:00,2025-06-28 08:00:00,E,Alton Ave,0,0,0,0
2025-06-28,13,10:00,119,11,15.2,0,1,30.13,0,2025-06-28 04:00:00,2025-06-28 08:00:00,E,Coxwell Ave,0,0,0,0
2025-06-28,13,10:00,119,11,15.2,0,1,30.13,0,2025-06-28 04:00:00,2025-06-28 08:00:00,E,Gerrard St East  at Coxwell Ave,0,0,0,0
2025-06-28,13,10:00,119,11,15.2,0,1,30.13,0,2025-06-28 04:00:00,2025-06-28 08:00:00,E,Coxwell Ave at Lower Gerrard St East,0,0,0,0
2025-06-28,13,10:00,119,11,15.2,0,1,30.13,0,2025-06-28 04:00:00,2025-06-28 08:00:00,E,Ashdale Ave,0,0,0,0
2025-06-28,13,10:00,119,11,15.2,0,1,30.13,0,2025-06-28 04:00:00,2025-06-28 08:00:00,E,Howard Park Ave at Indian Rd,0,0,0,0
2025-06-28,13,10:00,119,11,15.2,0,1,30.13,0,2025-06-28 04:00:00,2025-06-28 08:00:00,E,Dundas St West at Howard Park Ave,0,0,0,0
2025-06-28,13,10:00,119,11,15.2,0,1,30.13,0,2025-06-28 04:00:00,2025-06-28 08:00:00,E,Main St at Gerrard St East,0,0,0,0
2025-06-28,13,10:00,119,11,15.2,0,1,30.13,0,2025-06-28 04:00:00,2025-06-28 08:00:00,E,Main St,0,0,0,0
2025-06-28,13,10:00,119,11,15.2,0,1,30.13,0,2025-06-28 04:00:00,2025-06-28 08:00:00,E,Main St at Danforth Ave,0,0,0,0
2025-06-28,13,10:00,119,11,15.2,0,1,30.13,0,2025-06-28 04:00:00,2025-06-28 08:00:00,E,Howard Park Ave at Parkside Dr,0,0,0,0
2025-06-28,13,10:00,119,11,15.2,0,1,30.13,0,2025-06-28 04:00:00,2025-06-28 08:00:00,W,Woodfield Rd,0,1,0,0
2025-06-28,13,10:00,119,11,15.2,0,1,30.13,0,2025-06-28 04:00:00,2025-06-28 08:00:00,W,Coxwell Ave at Gerrard St East,0,1,0,0
2025-06-28,13,10:00,119,11,15.2,0,1,30.13,0,2025-06-28 04:00:00,2025-06-28 08:00:00,W,Euclid Ave,0,0,0,0
2025-06-28,13,10:00,119,11,15.2,0,1,30.13,0,2025-06-28 04:00:00,2025-06-28 08:00:00,W,Bowmore Rd,0,0,0,0
2025-06-28,13,10:00,119,11,15.2,0,1,30.13,0,2025-06-28 04:00:00,2025-06-28 08:00:00,W,Bay St,0,1,0,0
2025-06-28,13,10:00,119,11,15.2,0,1,30.13,0,2025-06-28 04:00:00,2025-06-28 08:00:00,W,Lansdowne Ave,0,0,1,0
2025-06-28,13,10:00,119,11,15.2,0,1,30.13,0,2025-06-28 04:00:00,2025-06-28 08:00:00,W,Indian Rd,0,1,0,0
2025-06-28,13,10:00,119,11,15.2,0,1,30.13,0,2025-06-28 04:00:00,2025-06-28 08:00:00,W,Grace St,0,0,0,0
2025-06-28,13,10:00,119,11,15.2,0,1,30.13,0,2025-06-28 04:00:00,2025-06-28 08:00:00,W,Dufferin St,1,1,0,0
2025-06-28,13,10:00,119,11,15.2,0,1,30.13,0,2025-06-28 04:00:00,2025-06-28 08:00:00,W,Gerrard St East at Beaton Ave,0,0,0,0
2025-06-28,13,10:00,119,11,15.2,0,1,30.13,0,2025-06-28 04:00:00,2025-06-28 08:00:00,W,Bathurst St,0,0,0,0
2025-06-28,13,10:00,119,11,15.2,0,1,30.13,0,2025-06-28 04:00:00,2025-06-28 08:00:00,W,Yonge St - College Station,0,0,0,0
2025-06-28,13,10:00,119,11,15.2,0,1,30.13,0,2025-06-28 04:00:00,2025-06-28 08:00:00,W,Dundas St West at Sterling Rd,0,0,0,0
2025-06-28,13,10:00,119,11,15.2,0,1,30.13,0,2025-06-28 04:00:00,2025-06-28 08:00:00,W,Brock Ave,0,0,0,0
2025-06-28,13,10:00,119,11,15.2,0,1,30.13,0,2025-06-28 04:00:00,2025-06-28 08:00:00,W,Sackville St,1,1,0,0
2025-06-28,13,10:00,119,11,15.2,0,1,30.13,0,2025-06-28 04:00:00,2025-06-28 08:00:00,W,Carlaw Ave,0,0,0,0
2025-06-28,13,10:00,119,11,15.2,0,1,30.13,0,2025-06-28 04:00:00,2025-06-28 08:00:00,W,Borden St,0,0,0,0
2025-06-28,13,10:00,119,11,15.2,0,1,30.13,0,2025-06-28 04:00:00,2025-06-28 08:00:00,W,Dundas St West at Sorauren Ave,0,1,0,0
2025-06-28,13,10:00,119,11,15.2,0,1,30.13,0,2025-06-28 04:00:00,2025-06-28 08:00:00,W,Crawford St,0,0,0,0
2025-06-28,13,10:00,119,11,15.2,0,1,30.13,0,2025-06-28 04:00:00,2025-06-28 08:00:00,W,Pape Ave,0,0,0,0
2025-06-28,13,10:00,119,11,15.2,0,1,30.13,0,2025-06-28 04:00:00,2025-06-28 08:00:00,W,Spadina Ave,0,1,0,0
2025-06-28,13,10:00,119,11,15.2,0,1,30.13,0,2025-06-28 04:00:00,2025-06-28 08:00:00,W,River St,1,1,0,0
2025-06-28,13,10:00,119,11,15.2,0,1,30.13,0,2025-06-28 04:00:00,2025-06-28 08:00:00,W,Marjory Ave,0,0,0,0
2025-06-28,13,10:00,119,11,15.2,0,1,30.13,0,2025-06-28 04:00:00,2025-06-28 08:00:00,W,Kingsmount Park Rd,0,0,0,0
2025-06-28,13,10:00,119,11,15.2,0,1,30.13,0,2025-06-28 04:00:00,2025-06-28 08:00:00,W,Church St,0,0,0,0
2025-06-28,13,10:00,119,11,15.2,0,1,30.13,0,2025-06-28 04:00:00,2025-06-28 08:00:00,W,Ossington Ave,0,0,0,0
2025-06-28,13,10:00,119,11,15.2,0,1,30.13,0,2025-06-28 04:00:00,2025-06-28 08:00:00,W,Woodbine Ave,0,0,0,0
2025-06-28,13,10:00,119,11,15.2,0,1,30.13,0,2025-06-28 04:00:00,2025-06-28 08:00:00,W,Jones Ave,0,0,0,0
2025-06-28,13,10:00,119,11,15.2,0,1,30.13,0,2025-06-28 04:00:00,2025-06-28 08:00:00,W,Golfview Ave,0,0,0,0
2025-06-28,13,10:00,119,11,15.2,0,1,30.13,0,2025-06-28 04:00:00,2025-06-28 08:00:00,W,Leslie St,0,0,0,0
2025-06-28,13,10:00,119,11,15.2,0,1,30.13,0,2025-06-28 04:00:00,2025-06-28 08:00:00,W,St Matthews Rd,0,0,0,0
2025-06-28,13,10:00,119,11,15.2,0,1,30.13,0,2025-06-28 04:00:00,2025-06-28 08:00:00,W,Jarvis St,0,0,0,0
2025-06-28,13,10:00,119,11,15.2,0,1,30.13,0,2025-06-28 04:00:00,2025-06-28 08:00:00,W,Sherbourne St,0,0,0,0
2025-06-28,13,10:00,119,11,15.2,0,1,30.13,0,2025-06-28 04:00:00,2025-06-28 08:00:00,W,St George St,0,0,0,0
2025-06-28,13,10:00,119,11,15.2,0,1,30.13,0,2025-06-28 04:00:00,2025-06-28 08:00:00,W,Dovercourt Rd,0,0,0,0
2025-06-28,13,10:00,119,11,15.2,0,1,30.13,0,2025-06-28 04:00:00,2025-06-28 08:00:00,W,Glenmount Park Rd,0,0,0,0
2025-06-28,13,10:00,119,11,15.2,0,1,30.13,0,2025-06-28 04:00:00,2025-06-28 08:00:00,W,Prust Ave,0,0,0,0
2025-06-28,13,10:00,119,11,15.2,0,1,30.13,0,2025-06-28 04:00:00,2025-06-28 08:00:00,W,Main Street Station at Bay 7,0,0,1,0
2025-06-28,13,10:00,119,11,15.2,0,1,30.13,0,2025-06-28 04:00:00,2025-06-28 08:00:00,W,Norwood Rd,0,0,0,0
2025-06-28,13,10:00,119,11,15.2,0,1,30.13,0,2025-06-28 04:00:00,2025-06-28 08:00:00,W,McCaul St,0,0,0,0
2025-06-28,13,10:00,119,11,15.2,0,1,30.13,0,2025-06-28 04:00:00,2025-06-28 08:00:00,W,Broadview Ave,0,0,0,0
2025-06-28,13,10:00,119,11,15.2,0,1,30.13,0,2025-06-28 04:00:00,2025-06-28 08:00:00,W,Ontario St,0,0,0,0
2025-06-28,13,10:00,119,11,15.2,0,1,30.13,0,2025-06-28 04:00:00,2025-06-28 08:00:00,W,Rusholme Park Cres,0,0,0,0
2025-06-28,13,10:00,119,11,15.2,0,1,30.13,0,2025-06-28 04:00:00,2025-06-28 08:00:00,W,Havelock St,0,0,0,0
2025-06-28,13,10:00,119,11,15.2,0,1,30.13,0,2025-06-28 04:00:00,2025-06-28 08:00:00,W,High Park Loop,0,0,0,0
2025-06-28,13,10:00,119,11,15.2,0,1,30.13,0,2025-06-28 04:00:00,2025-06-28 08:00:00,W,Queens Park (Queen's Park Station),0,0,0,0
2025-06-28,13,10:00,119,11,15.2,0,1,30.13,0,2025-06-28 04:00:00,2025-06-28 08:00:00,W,Roncesvalles Ave,0,1,0,0
2025-06-28,13,10:00,119,11,15.2,0,1,30.13,0,2025-06-28 04:00:00,2025-06-28 08:00:00,W,De Grassi St,0,0,0,0
2025-06-28,13,10:00,119,11,15.2,0,1,30.13,0,2025-06-28 04:00:00,2025-06-28 08:00:00,W,Parliament St at Carlton St,0,0,0,0
2025-06-28,13,10:00,119,11,15.2,0,1,30.13,0,2025-06-28 04:00:00,2025-06-28 08:00:00,W,Parkside Dr East Side,0,0,0,0
2025-06-28,13,10:00,119,11,15.2,0,1,30.13,0,2025-06-28 04:00:00,2025-06-28 08:00:00,W,Dundas St West,1,1,0,0
2025-06-28,13,10:00,119,11,15.2,0,1,30.13,0,2025-06-28 04:00:00,2025-06-28 08:00:00,W,Howard Park Ave at Roncesvalles Ave,0,0,0,0
2025-06-28,13,10:00,119,11,15.2,0,1,30.13,0,2025-06-28 04:00:00,2025-06-28 08:00:00,W,Parliament St,0,0,0,0
2025-06-28,13,10:00,119,11,15.2,0,1,30.13,0,2025-06-28 04:00:00,2025-06-28 08:00:00,W,Parliament St at Gerrard St East,0,0,0,0
2025-06-28,13,10:00,119,11,15.2,0,1,30.13,0,2025-06-28 04:00:00,2025-06-28 08:00:00,W,Sumach St,0,0,0,0
2025-06-28,13,10:00,119,11,15.2,0,1,30.13,0,2025-06-28 04:00:00,2025-06-28 08:00:00,W,Blackburn St,0,0,0,0
2025-06-28,13,10:00,119,11,15.2,0,1,30.13,0,2025-06-28 04:00:00,2025-06-28 08:00:00,W,Logan Ave,0,0,0,0
2025-06-28,13,10:00,119,11,15.2,0,1,30.13,0,2025-06-28 04:00:00,2025-06-28 08:00:00,W,Augusta Ave,0,0,0,0
2025-06-28,13,10:00,119,11,15.2,0,1,30.13,0,2025-06-28 04:00:00,2025-06-28 08:00:00,W,Beverley St,0,0,0,0
2025-06-28,13,10:00,119,11,15.2,0,1,30.13,0,2025-06-28 04:00:00,2025-06-28 08:00:00,W,University Ave (Queen's Park Station,0,0,0,0
2025-06-28,13,10:00,119,11,15.2,0,1,30.13,0,2025-06-28 04:00:00,2025-06-28 08:00:00,W,Elizabeth St,0,0,0,0
2025-06-28,13,10:00,119,11,15.2,0,1,30.13,0,2025-06-28 04:00:00,2025-06-28 08:00:00,W,Greenwood Ave,0,0,0,0
2025-06-28,13,10:00,119,11,15.2,0,1,30.13,0,2025-06-28 04:00:00,2025-06-28 08:00:00,W,Alton Ave,0,0,0,0
2025-06-28,13,10:00,119,11,15.2,0,1,30.13,0,2025-06-28 04:00:00,2025-06-28 08:00:00,W,Coxwell Ave,0,0,0,0
2025-06-28,13,10:00,119,11,15.2,0,1,30.13,0,2025-06-28 04:00:00,2025-06-28 08:00:00,W,Gerrard St East  at Coxwell Ave,0,0,0,0
2025-06-28,13,10:00,119,11,15.2,0,1,30.13,0,2025-06-28 04:00:00,2025-06-28 08:00:00,W,Coxwell Ave at Lower Gerrard St East,0,0,0,0
2025-06-28,13,10:00,119,11,15.2,0,1,30.13,0,2025-06-28 04:00:00,2025-06-28 08:00:00,W,Ashdale Ave,0,0,0,0
2025-06-28,13,10:00,119,11,15.2,0,1,30.13,0,2025-06-28 04:00:00,2025-06-28 08:00:00,W,Howard Park Ave at Indian Rd,0,0,0,0
2025-06-28,13,10:00,119,11,15.2,0,1,30.13,0,2025-06-28 04:00:00,2025-06-28 08:00:00,W,Dundas St West at Howard Park Ave,0,0,0,0
2025-06-28,13,10:00,119,11,15.2,0,1,30.13,0,2025-06-28 04:00:00,2025-06-28 08:00:00,W,Main St at Gerrard St East,0,0,0,0
2025-06-28,13,10:00,119,11,15.2,0,1,30.13,0,2025-06-28 04:00:00,2025-06-28 08:00:00,W,Main St,0,0,0,0
2025-06-28,13,10:00,119,11,15.2,0,1,30.13,0,2025-06-28 04:00:00,2025-06-28 08:00:00,W,Main St at Danforth Ave,0,0,0,0
2025-06-28,13,10:00,119,11,15.2,0,1,30.13,0,2025-06-28 04:00:00,2025-06-28 08:00:00,W,Howard Park Ave at Parkside Dr,0,0,0,0
2025-07-05,13,10:00,119,11,15.2,0,1,30.13,0,2025-07-05 04:00:00,2025-07-05 08:00:00,E,Woodfield Rd,0,1,1,0
2025-07-05,13,10:00,119,11,15.2,0,1,30.13,0,2025-07-05 04:00:00,2025-07-05 08:00:00,E,Coxwell Ave at Gerrard St East,0,0,0,0
2025-07-05,13,10:00,119,11,15.2,0,1,30.13,0,2025-07-05 04:00:00,2025-07-05 08:00:00,E,Euclid Ave,0,0,0,0
2025-07-05,13,10:00,119,11,15.2,0,1,30.13,0,2025-07-05 04:00:00,2025-07-05 08:00:00,E,Bowmore Rd,1,3,1,0
2025-07-05,13,10:00,119,11,15.2,0,1,30.13,0,2025-07-05 04:00:00,2025-07-05 08:00:00,E,Bay St,0,0,0,0
2025-07-05,13,10:00,119,11,15.2,0,1,30.13,0,2025-07-05 04:00:00,2025-07-05 08:00:00,E,Lansdowne Ave,1,3,0,0
2025-07-05,13,10:00,119,11,15.2,0,1,30.13,0,2025-07-05 04:00:00,2025-07-05 08:00:00,E,Indian Rd,0,0,0,0
2025-07-05,13,10:00,119,11,15.2,0,1,30.13,0,2025-07-05 04:00:00,2025-07-05 08:00:00,E,Grace St,0,0,0,0
2025-07-05,13,10:00,119,11,15.2,0,1,30.13,0,2025-07-05 04:00:00,2025-07-05 08:00:00,E,Dufferin St,0,1,1,0
2025-07-05,13,10:00,119,11,15.2,0,1,30.13,0,2025-07-05 04:00:00,2025-07-05 08:00:00,E,Gerrard St East at Beaton Ave,0,3,1,0
2025-07-05,13,10:00,119,11,15.2,0,1,30.13,0,2025-07-05 04:00:00,2025-07-05 08:00:00,E,Bathurst St,0,0,0,0
2025-07-05,13,10:00,119,11,15.2,0,1,30.13,0,2025-07-05 04:00:00,2025-07-05 08:00:00,E,Yonge St - College Station,0,1,0,0
2025-07-05,13,10:00,119,11,15.2,0,1,30.13,0,2025-07-05 04:00:00,2025-07-05 08:00:00,E,Dundas St West at Sterling Rd,0,0,0,0
2025-07-05,13,10:00,119,11,15.2,0,1,30.13,0,2025-07-05 04:00:00,2025-07-05 08:00:00,E,Brock Ave,0,4,1,0
2025-07-05,13,10:00,119,11,15.2,0,1,30.13,0,2025-07-05 04:00:00,2025-07-05 08:00:00,E,Sackville St,0,0,0,0
2025-07-05,13,10:00,119,11,15.2,0,1,30.13,0,2025-07-05 04:00:00,2025-07-05 08:00:00,E,Carlaw Ave,0,1,1,0
2025-07-05,13,10:00,119,11,15.2,0,1,30.13,0,2025-07-05 04:00:00,2025-07-05 08:00:00,E,Borden St,0,0,0,0
2025-07-05,13,10:00,119,11,15.2,0,1,30.13,0,2025-07-05 04:00:00,2025-07-05 08:00:00,E,Dundas St West at Sorauren Ave,0,0,0,0
2025-07-05,13,10:00,119,11,15.2,0,1,30.13,0,2025-07-05 04:00:00,2025-07-05 08:00:00,E,Crawford St,0,0,0,0
2025-07-05,13,10:00,119,11,15.2,0,1,30.13,0,2025-07-05 04:00:00,2025-07-05 08:00:00,E,Pape Ave,0,1,1,0
2025-07-05,13,10:00,119,11,15.2,0,1,30.13,0,2025-07-05 04:00:00,2025-07-05 08:00:00,E,Spadina Ave,0,0,0,0
2025-07-05,13,10:00,119,11,15.2,0,1,30.13,0,2025-07-05 04:00:00,2025-07-05 08:00:00,E,River St,0,0,0,0
2025-07-05,13,10:00,119,11,15.2,0,1,30.13,0,2025-07-05 04:00:00,2025-07-05 08:00:00,E,Marjory Ave,0,0,1,0
2025-07-05,13,10:00,119,11,15.2,0,1,30.13,0,2025-07-05 04:00:00,2025-07-05 08:00:00,E,Kingsmount Park Rd,1,3,1,0
2025-07-05,13,10:00,119,11,15.2,0,1,30.13,0,2025-07-05 04:00:00,2025-07-05 08:00:00,E,Church St,0,0,0,0
2025-07-05,13,10:00,119,11,15.2,0,1,30.13,0,2025-07-05 04:00:00,2025-07-05 08:00:00,E,Ossington Ave,0,0,0,0
2025-07-05,13,10:00,119,11,15.2,0,1,30.13,0,2025-07-05 04:00:00,2025-07-05 08:00:00,E,Woodbine Ave,1,3,1,0
2025-07-05,13,10:00,119,11,15.2,0,1,30.13,0,2025-07-05 04:00:00,2025-07-05 08:00:00,E,Jones Ave,0,0,1,0
2025-07-05,13,10:00,119,11,15.2,0,1,30.13,0,2025-07-05 04:00:00,2025-07-05 08:00:00,E,Golfview Ave,1,3,0,0
2025-07-05,13,10:00,119,11,15.2,0,1,30.13,0,2025-07-05 04:00:00,2025-07-05 08:00:00,E,Leslie St,0,0,1,0
2025-07-05,13,10:00,119,11,15.2,0,1,30.13,0,2025-07-05 04:00:00,2025-07-05 08:00:00,E,St Matthews Rd,0,0,0,0
2025-07-05,13,10:00,119,11,15.2,0,1,30.13,0,2025-07-05 04:00:00,2025-07-05 08:00:00,E,Jarvis St,0,0,0,0
2025-07-05,13,10:00,119,11,15.2,0,1,30.13,0,2025-07-05 04:00:00,2025-07-05 08:00:00,E,Sherbourne St,0,0,0,0
2025-07-05,13,10:00,119,11,15.2,0,1,30.13,0,2025-07-05 04:00:00,2025-07-05 08:00:00,E,St George St,0,0,0,0
2025-07-05,13,10:00,119,11,15.2,0,1,30.13,0,2025-07-05 04:00:00,2025-07-05 08:00:00,E,Dovercourt Rd,0,0,0,0
2025-07-05,13,10:00,119,11,15.2,0,1,30.13,0,2025-07-05 04:00:00,2025-07-05 08:00:00,E,Glenmount Park Rd,1,3,0,0
2025-07-05,13,10:00,119,11,15.2,0,1,30.13,0,2025-07-05 04:00:00,2025-07-05 08:00:00,E,Prust Ave,0,0,1,0
2025-07-05,13,10:00,119,11,15.2,0,1,30.13,0,2025-07-05 04:00:00,2025-07-05 08:00:00,E,Main Street Station at Bay 7,0,0,0,0
2025-07-05,13,10:00,119,11,15.2,0,1,30.13,0,2025-07-05 04:00:00,2025-07-05 08:00:00,E,Norwood Rd,1,3,0,0
2025-07-05,13,10:00,119,11,15.2,0,1,30.13,0,2025-07-05 04:00:00,2025-07-05 08:00:00,E,McCaul St,0,0,0,0
2025-07-05,13,10:00,119,11,15.2,0,1,30.13,0,2025-07-05 04:00:00,2025-07-05 08:00:00,E,Broadview Ave,0,0,0,0
2025-07-05,13,10:00,119,11,15.2,0,1,30.13,0,2025-07-05 04:00:00,2025-07-05 08:00:00,E,Ontario St,0,0,0,0
2025-07-05,13,10:00,119,11,15.2,0,1,30.13,0,2025-07-05 04:00:00,2025-07-05 08:00:00,E,Rusholme Park Cres,0,0,0,0
2025-07-05,13,10:00,119,11,15.2,0,1,30.13,0,2025-07-05 04:00:00,2025-07-05 08:00:00,E,Havelock St,0,0,1,0
2025-07-05,13,10:00,119,11,15.2,0,1,30.13,0,2025-07-05 04:00:00,2025-07-05 08:00:00,E,High Park Loop,0,0,0,0
2025-07-05,13,10:00,119,11,15.2,0,1,30.13,0,2025-07-05 04:00:00,2025-07-05 08:00:00,E,Queens Park (Queen's Park Station),0,0,0,0
2025-07-05,13,10:00,119,11,15.2,0,1,30.13,0,2025-07-05 04:00:00,2025-07-05 08:00:00,E,Roncesvalles Ave,0,0,0,0
2025-07-05,13,10:00,119,11,15.2,0,1,30.13,0,2025-07-05 04:00:00,2025-07-05 08:00:00,E,De Grassi St,0,0,0,0
2025-07-05,13,10:00,119,11,15.2,0,1,30.13,0,2025-07-05 04:00:00,2025-07-05 08:00:00,E,Parliament St at Carlton St,0,0,0,0
2025-07-05,13,10:00,119,11,15.2,0,1,30.13,0,2025-07-05 04:00:00,2025-07-05 08:00:00,E,Parkside Dr East Side,0,0,0,0
2025-07-05,13,10:00,119,11,15.2,0,1,30.13,0,2025-07-05 04:00:00,2025-07-05 08:00:00,E,Dundas St West,0,0,0,0
2025-07-05,13,10:00,119,11,15.2,0,1,30.13,0,2025-07-05 04:00:00,2025-07-05 08:00:00,E,Howard Park Ave at Roncesvalles Ave,0,0,0,0
2025-07-05,13,10:00,119,11,15.2,0,1,30.13,0,2025-07-05 04:00:00,2025-07-05 08:00:00,E,Parliament St,0,0,0,0
2025-07-05,13,10:00,119,11,15.2,0,1,30.13,0,2025-07-05 04:00:00,2025-07-05 08:00:00,E,Parliament St at Gerrard St East,0,0,0,0
2025-07-05,13,10:00,119,11,15.2,0,1,30.13,0,2025-07-05 04:00:00,2025-07-05 08:00:00,E,Sumach St,0,0,0,0
2025-07-05,13,10:00,119,11,15.2,0,1,30.13,0,2025-07-05 04:00:00,2025-07-05 08:00:00,E,Blackburn St,0,0,0,0
2025-07-05,13,10:00,119,11,15.2,0,1,30.13,0,2025-07-05 04:00:00,2025-07-05 08:00:00,E,Logan Ave,0,0,0,0
2025-07-05,13,10:00,119,11,15.2,0,1,30.13,0,2025-07-05 04:00:00,2025-07-05 08:00:00,E,Augusta Ave,0,0,0,0
2025-07-05,13,10:00,119,11,15.2,0,1,30.13,0,2025-07-05 04:00:00,2025-07-05 08:00:00,E,Beverley St,0,0,0,0
2025-07-05,13,10:00,119,11,15.2,0,1,30.13,0,2025-07-05 04:00:00,2025-07-05 08:00:00,E,University Ave (Queen's Park Station,0,0,0,0
2025-07-05,13,10:00,119,11,15.2,0,1,30.13,0,2025-07-05 04:00:00,2025-07-05 08:00:00,E,Elizabeth St,0,0,0,0
2025-07-05,13,10:00,119,11,15.2,0,1,30.13,0,2025-07-05 04:00:00,2025-07-05 08:00:00,E,Greenwood Ave,0,0,0,0
2025-07-05,13,10:00,119,11,15.2,0,1,30.13,0,2025-07-05 04:00:00,2025-07-05 08:00:00,E,Alton Ave,0,0,0,0
2025-07-05,13,10:00,119,11,15.2,0,1,30.13,0,2025-07-05 04:00:00,2025-07-05 08:00:00,E,Coxwell Ave,0,0,0,0
2025-07-05,13,10:00,119,11,15.2,0,1,30.13,0,2025-07-05 04:00:00,2025-07-05 08:00:00,E,Gerrard St East  at Coxwell Ave,0,0,0,0
2025-07-05,13,10:00,119,11,15.2,0,1,30.13,0,2025-07-05 04:00:00,2025-07-05 08:00:00,E,Coxwell Ave at Lower Gerrard St East,0,0,0,0
2025-07-05,13,10:00,119,11,15.2,0,1,30.13,0,2025-07-05 04:00:00,2025-07-05 08:00:00,E,Ashdale Ave,0,0,0,0
2025-07-05,13,10:00,119,11,15.2,0,1,30.13,0,2025-07-05 04:00:00,2025-07-05 08:00:00,E,Howard Park Ave at Indian Rd,0,0,0,0
2025-07-05,13,10:00,119,11,15.2,0,1,30.13,0,2025-07-05 04:00:00,2025-07-05 08:00:00,E,Dundas St West at Howard Park Ave,0,0,0,0
2025-07-05,13,10:00,119,11,15.2,0,1,30.13,0,2025-07-05 04:00:00,2025-07-05 08:00:00,E,Main St at Gerrard St East,0,0,0,0
2025-07-05,13,10:00,119,11,15.2,0,1,30.13,0,2025-07-05 04:00:00,2025-07-05 08:00:00,E,Main St,0,0,0,0
2025-07-05,13,10:00,119,11,15.2,0,1,30.13,0,2025-07-05 04:00:00,2025-07-05 08:00:00,E,Main St at Danforth Ave,0,0,0,0
2025-07-05,13,10:00,119,11,15.2,0,1,30.13,0,2025-07-05 04:00:00,2025-07-05 08:00:00,E,Howard Park Ave at Parkside Dr,0,0,0,0
2025-07-05,13,10:00,119,11,15.2,0,1,30.13,0,2025-07-05 04:00:00,2025-07-05 08:00:00,W,Woodfield Rd,0,1,0,0
2025-07-05,13,10:00,119,11,15.2,0,1,30.13,0,2025-07-05 04:00:00,2025-07-05 08:00:00,W,Coxwell Ave at Gerrard St East,0,1,0,0
2025-07-05,13,10:00,119,11,15.2,0,1,30.13,0,2025-07-05 04:00:00,2025-07-05 08:00:00,W,Euclid Ave,0,0,0,0
2025-07-05,13,10:00,119,11,15.2,0,1,30.13,0,2025-07-05 04:00:00,2025-07-05 08:00:00,W,Bowmore Rd,0,1,0,0
2025-07-05,13,10:00,119,11,15.2,0,1,30.13,0,2025-07-05 04:00:00,2025-07-05 08:00:00,W,Bay St,1,1,0,0
2025-07-05,13,10:00,119,11,15.2,0,1,30.13,0,2025-07-05 04:00:00,2025-07-05 08:00:00,W,Lansdowne Ave,0,1,0,0
2025-07-05,13,10:00,119,11,15.2,0,1,30.13,0,2025-07-05 04:00:00,2025-07-05 08:00:00,W,Indian Rd,0,2,1,0
2025-07-05,13,10:00,119,11,15.2,0,1,30.13,0,2025-07-05 04:00:00,2025-07-05 08:00:00,W,Grace St,0,0,0,0
2025-07-05,13,10:00,119,11,15.2,0,1,30.13,0,2025-07-05 04:00:00,2025-07-05 08:00:00,W,Dufferin St,1,2,2,0
2025-07-05,13,10:00,119,11,15.2,0,1,30.13,0,2025-07-05 04:00:00,2025-07-05 08:00:00,W,Gerrard St East at Beaton Ave,0,1,0,0
2025-07-05,13,10:00,119,11,15.2,0,1,30.13,0,2025-07-05 04:00:00,2025-07-05 08:00:00,W,Bathurst St,0,0,0,0
2025-07-05,13,10:00,119,11,15.2,0,1,30.13,0,2025-07-05 04:00:00,2025-07-05 08:00:00,W,Yonge St - College Station,0,0,0,0
2025-07-05,13,10:00,119,11,15.2,0,1,30.13,0,2025-07-05 04:00:00,2025-07-05 08:00:00,W,Dundas St West at Sterling Rd,0,0,0,0
2025-07-05,13,10:00,119,11,15.2,0,1,30.13,0,2025-07-05 04:00:00,2025-07-05 08:00:00,W,Brock Ave,0,0,0,0
2025-07-05,13,10:00,119,11,15.2,0,1,30.13,0,2025-07-05 04:00:00,2025-07-05 08:00:00,W,Sackville St,1,2,0,0
2025-07-05,13,10:00,119,11,15.2,0,1,30.13,0,2025-07-05 04:00:00,2025-07-05 08:00:00,W,Carlaw Ave,0,0,0,0
2025-07-05,13,10:00,119,11,15.2,0,1,30.13,0,2025-07-05 04:00:00,2025-07-05 08:00:00,W,Borden St,0,0,0,0
2025-07-05,13,10:00,119,11,15.2,0,1,30.13,0,2025-07-05 04:00:00,2025-07-05 08:00:00,W,Dundas St West at Sorauren Ave,1,2,1,0
2025-07-05,13,10:00,119,11,15.2,0,1,30.13,0,2025-07-05 04:00:00,2025-07-05 08:00:00,W,Crawford St,0,0,0,0
2025-07-05,13,10:00,119,11,15.2,0,1,30.13,0,2025-07-05 04:00:00,2025-07-05 08:00:00,W,Pape Ave,0,0,0,0
2025-07-05,13,10:00,119,11,15.2,0,1,30.13,0,2025-07-05 04:00:00,2025-07-05 08:00:00,W,Spadina Ave,0,1,0,0
2025-07-05,13,10:00,119,11,15.2,0,1,30.13,0,2025-07-05 04:00:00,2025-07-05 08:00:00,W,River St,1,2,0,0
2025-07-05,13,10:00,119,11,15.2,0,1,30.13,0,2025-07-05 04:00:00,2025-07-05 08:00:00,W,Marjory Ave,0,0,0,0
2025-07-05,13,10:00,119,11,15.2,0,1,30.13,0,2025-07-05 04:00:00,2025-07-05 08:00:00,W,Kingsmount Park Rd,0,0,0,0
2025-07-05,13,10:00,119,11,15.2,0,1,30.13,0,2025-07-05 04:00:00,2025-07-05 08:00:00,W,Church St,0,0,0,0
2025-07-05,13,10:00,119,11,15.2,0,1,30.13,0,2025-07-05 04:00:00,2025-07-05 08:00:00,W,Ossington Ave,0,0,0,0
2025-07-05,13,10:00,119,11,15.2,0,1,30.13,0,2025-07-05 04:00:00,2025-07-05 08:00:00,W,Woodbine Ave,0,0,0,0
2025-07-05,13,10:00,119,11,15.2,0,1,30.13,0,2025-07-05 04:00:00,2025-07-05 08:00:00,W,Jones Ave,0,0,0,0
2025-07-05,13,10:00,119,11,15.2,0,1,30.13,0,2025-07-05 04:00:00,2025-07-05 08:00:00,W,Golfview Ave,0,0,0,0
2025-07-05,13,10:00,119,11,15.2,0,1,30.13,0,2025-07-05 04:00:00,2025-07-05 08:00:00,W,Leslie St,0,0,0,0
2025-07-05,13,10:00,119,11,15.2,0,1,30.13,0,2025-07-05 04:00:00,2025-07-05 08:00:00,W,St Matthews Rd,0,0,0,0
2025-07-05,13,10:00,119,11,15.2,0,1,30.13,0,2025-07-05 04:00:00,2025-07-05 08:00:00,W,Jarvis St,0,0,0,0
2025-07-05,13,10:00,119,11,15.2,0,1,30.13,0,2025-07-05 04:00:00,2025-07-05 08:00:00,W,Sherbourne St,0,0,0,0
2025-07-05,13,10:00,119,11,15.2,0,1,30.13,0,2025-07-05 04:00:00,2025-07-05 08:00:00,W,St George St,0,0,0,0
2025-07-05,13,10:00,119,11,15.2,0,1,30.13,0,2025-07-05 04:00:00,2025-07-05 08:00:00,W,Dovercourt Rd,0,0,0,0
2025-07-05,13,10:00,119,11,15.2,0,1,30.13,0,2025-07-05 04:00:00,2025-07-05 08:00:00,W,Glenmount Park Rd,0,0,0,0
2025-07-05,13,10:00,119,11,15.2,0,1,30.13,0,2025-07-05 04:00:00,2025-07-05 08:00:00,W,Prust Ave,0,0,0,0
2025-07-05,13,10:00,119,11,15.2,0,1,30.13,0,2025-07-05 04:00:00,2025-07-05 08:00:00,W,Main Street Station at Bay 7,0,1,0,0
2025-07-05,13,10:00,119,11,15.2,0,1,30.13,0,2025-07-05 04:00:00,2025-07-05 08:00:00,W,Norwood Rd,0,0,0,0
2025-07-05,13,10:00,119,11,15.2,0,1,30.13,0,2025-07-05 04:00:00,2025-07-05 08:00:00,W,McCaul St,0,0,0,0
2025-07-05,13,10:00,119,11,15.2,0,1,30.13,0,2025-07-05 04:00:00,2025-07-05 08:00:00,W,Broadview Ave,0,0,0,0
2025-07-05,13,10:00,119,11,15.2,0,1,30.13,0,2025-07-05 04:00:00,2025-07-05 08:00:00,W,Ontario St,0,0,0,0
2025-07-05,13,10:00,119,11,15.2,0,1,30.13,0,2025-07-05 04:00:00,2025-07-05 08:00:00,W,Rusholme Park Cres,0,0,0,0
2025-07-05,13,10:00,119,11,15.2,0,1,30.13,0,2025-07-05 04:00:00,2025-07-05 08:00:00,W,Havelock St,0,0,0,0
2025-07-05,13,10:00,119,11,15.2,0,1,30.13,0,2025-07-05 04:00:00,2025-07-05 08:00:00,W,High Park Loop,0,0,0,0
2025-07-05,13,10:00,119,11,15.2,0,1,30.13,0,2025-07-05 04:00:00,2025-07-05 08:00:00,W,Queens Park (Queen's Park Station),0,0,0,0
2025-07-05,13,10:00,119,11,15.2,0,1,30.13,0,2025-07-05 04:00:00,2025-07-05 08:00:00,W,Roncesvalles Ave,0,2,1,0
2025-07-05,13,10:00,119,11,15.2,0,1,30.13,0,2025-07-05 04:00:00,2025-07-05 08:00:00,W,De Grassi St,0,0,0,0
2025-07-05,13,10:00,119,11,15.2,0,1,30.13,0,2025-07-05 04:00:00,2025-07-05 08:00:00,W,Parliament St at Carlton St,0,0,0,0
2025-07-05,13,10:00,119,11,15.2,0,1,30.13,0,2025-07-05 04:00:00,2025-07-05 08:00:00,W,Parkside Dr East Side,0,0,0,0
2025-07-05,13,10:00,119,11,15.2,0,1,30.13,0,2025-07-05 04:00:00,2025-07-05 08:00:00,W,Dundas St West,0,2,1,0
2025-07-05,13,10:00,119,11,15.2,0,1,30.13,0,2025-07-05 04:00:00,2025-07-05 08:00:00,W,Howard Park Ave at Roncesvalles Ave,0,0,0,0
2025-07-05,13,10:00,119,11,15.2,0,1,30.13,0,2025-07-05 04:00:00,2025-07-05 08:00:00,W,Parliament St,0,0,0,0
2025-07-05,13,10:00,119,11,15.2,0,1,30.13,0,2025-07-05 04:00:00,2025-07-05 08:00:00,W,Parliament St at Gerrard St East,0,0,0,0
2025-07-05,13,10:00,119,11,15.2,0,1,30.13,0,2025-07-05 04:00:00,2025-07-05 08:00:00,W,Sumach St,0,0,0,0
2025-07-05,13,10:00,119,11,15.2,0,1,30.13,0,2025-07-05 04:00:00,2025-07-05 08:00:00,W,Blackburn St,0,0,0,0
2025-07-05,13,10:00,119,11,15.2,0,1,30.13,0,2025-07-05 04:00:00,2025-07-05 08:00:00,W,Logan Ave,0,0,0,0
2025-07-05,13,10:00,119,11,15.2,0,1,30.13,0,2025-07-05 04:00:00,2025-07-05 08:00:00,W,Augusta Ave,0,0,0,0
2025-07-05,13,10:00,119,11,15.2,0,1,30.13,0,2025-07-05 04:00:00,2025-07-05 08:00:00,W,Beverley St,0,0,0,0
2025-07-05,13,10:00,119,11,15.2,0,1,30.13,0,2025-07-05 04:00:00,2025-07-05 08:00:00,W,University Ave (Queen's Park Station,0,0,0,0
2025-07-05,13,10:00,119,11,15.2,0,1,30.13,0,2025-07-05 04:00:00,2025-07-05 08:00:00,W,Elizabeth St,0,0,0,0
2025-07-05,13,10:00,119,11,15.2,0,1,30.13,0,2025-07-05 04:00:00,2025-07-05 08:00:00,W,Greenwood Ave,0,0,0,0
2025-07-05,13,10:00,119,11,15.2,0,1,30.13,0,2025-07-05 04:00:00,2025-07-05 08:00:00,W,Alton Ave,0,0,0,0
2025-07-05,13,10:00,119,11,15.2,0,1,30.13,0,2025-07-05 04:00:00,2025-07-05 08:00:00,W,Coxwell Ave,0,0,0,0
2025-07-05,13,10:00,119,11,15.2,0,1,30.13,0,2025-07-05 04:00:00,2025-07-05 08:00:00,W,Gerrard St East  at Coxwell Ave,0,0,0,0
2025-07-05,13,10:00,119,11,15.2,0,1,30.13,0,2025-07-05 04:00:00,2025-07-05 08:00:00,W,Coxwell Ave at Lower Gerrard St East,0,0,0,0
2025-07-05,13,10:00,119,11,15.2,0,1,30.13,0,2025-07-05 04:00:00,2025-07-05 08:00:00,W,Ashdale Ave,0,0,0,0
2025-07-05,13,10:00,119,11,15.2,0,1,30.13,0,2025-07-05 04:00:00,2025-07-05 08:00:00,W,Howard Park Ave at Indian Rd,0,0,0,0
2025-07-05,13,10:00,119,11,15.2,0,1,30.13,0,2025-07-05 04:00:00,2025-07-05 08:00:00,W,Dundas St West at Howard Park Ave,0,0,0,0
2025-07-05,13,10:00,119,11,15.2,0,1,30.13,0,2025-07-05 04:00:00,2025-07-05 08:00:00,W,Main St at Gerrard St East,0,0,0,0
2025-07-05,13,10:00,119,11,15.2,0,1,30.13,0,2025-07-05 04:00:00,2025-07-05 08:00:00,W,Main St,0,0,0,0
2025-07-05,13,10:00,119,11,15.2,0,1,30.13,0,2025-07-05 04:00:00,2025-07-05 08:00:00,W,Main St at Danforth Ave,0,0,0,0
2025-07-05,13,10:00,119,11,15.2,0,1,30.13,0,2025-07-05 04:00:00,2025-07-05 08:00:00,W,Howard Park Ave at Parkside Dr,0,0,0,0
2025-07-12,13,10:00,119,11,15.2,0,1,30.13,0,2025-07-12 04:00:00,2025-07-12 08:00:00,E,Woodfield Rd,1,1,1,0
2025-07-12,13,10:00,119,11,15.2,0,1,30.13,0,2025-07-12 04:00:00,2025-07-12 08:00:00,E,Coxwell Ave at Gerrard St East,0,0,0,0
2025-07-12,13,10:00,119,11,15.2,0,1,30.13,0,2025-07-12 04:00:00,2025-07-12 08:00:00,E,Euclid Ave,0,0,0,0
2025-07-12,13,10:00,119,11,15.2,0,1,30.13,0,2025-07-12 04:00:00,2025-07-12 08:00:00,E,Bowmore Rd,1,2,1,0
2025-07-12,13,10:00,119,11,15.2,0,1,30.13,0,2025-07-12 04:00:00,2025-07-12 08:00:00,E,Bay St,1,1,0,0
2025-07-12,13,10:00,119,11,15.2,0,1,30.13,0,2025-07-12 04:00:00,2025-07-12 08:00:00,E,Lansdowne Ave,2,3,1,0
2025-07-12,13,10:00,119,11,15.2,0,1,30.13,0,2025-07-12 04:00:00,2025-07-12 08:00:00,E,Indian Rd,0,0,0,0
2025-07-12,13,10:00,119,11,15.2,0,1,30.13,0,2025-07-12 04:00:00,2025-07-12 08:00:00,E,Grace St,0,1,0,0
2025-07-12,13,10:00,119,11,15.2,0,1,30.13,0,2025-07-12 04:00:00,2025-07-12 08:00:00,E,Dufferin St,1,1,1,0
2025-07-12,13,10:00,119,11,15.2,0,1,30.13,0,2025-07-12 04:00:00,2025-07-12 08:00:00,E,Gerrard St East at Beaton Ave,1,2,1,0
2025-07-12,13,10:00,119,11,15.2,0,1,30.13,0,2025-07-12 04:00:00,2025-07-12 08:00:00,E,Bathurst St,0,1,0,0
2025-07-12,13,10:00,119,11,15.2,0,1,30.13,0,2025-07-12 04:00:00,2025-07-12 08:00:00,E,Yonge St - College Station,1,1,0,0
2025-07-12,13,10:00,119,11,15.2,0,1,30.13,0,2025-07-12 04:00:00,2025-07-12 08:00:00,E,Dundas St West at Sterling Rd,1,1,0,0
2025-07-12,13,10:00,119,11,15.2,0,1,30.13,0,2025-07-12 04:00:00,2025-07-12 08:00:00,E,Brock Ave,1,4,1,0
2025-07-12,13,10:00,119,11,15.2,0,1,30.13,0,2025-07-12 04:00:00,2025-07-12 08:00:00,E,Sackville St,0,1,0,0
2025-07-12,13,10:00,119,11,15.2,0,1,30.13,0,2025-07-12 04:00:00,2025-07-12 08:00:00,E,Carlaw Ave,1,1,0,0
2025-07-12,13,10:00,119,11,15.2,0,1,30.13,0,2025-07-12 04:00:00,2025-07-12 08:00:00,E,Borden St,0,1,0,0
2025-07-12,13,10:00,119,11,15.2,0,1,30.13,0,2025-07-12 04:00:00,2025-07-12 08:00:00,E,Dundas St West at Sorauren Ave,1,1,0,0
2025-07-12,13,10:00,119,11,15.2,0,1,30.13,0,2025-07-12 04:00:00,2025-07-12 08:00:00,E,Crawford St,0,1,0,0
2025-07-12,13,10:00,119,11,15.2,0,1,30.13,0,2025-07-12 04:00:00,2025-07-12 08:00:00,E,Pape Ave,1,1,0,0
2025-07-12,13,10:00,119,11,15.2,0,1,30.13,0,2025-07-12 04:00:00,2025-07-12 08:00:00,E,Spadina Ave,0,1,0,0
2025-07-12,13,10:00,119,11,15.2,0,1,30.13,0,2025-07-12 04:00:00,2025-07-12 08:00:00,E,River St,0,1,0,0
2025-07-12,13,10:00,119,11,15.2,0,1,30.13,0,2025-07-12 04:00:00,2025-07-12 08:00:00,E,Marjory Ave,1,1,0,0
2025-07-12,13,10:00,119,11,15.2,0,1,30.13,0,2025-07-12 04:00:00,2025-07-12 08:00:00,E,Kingsmount Park Rd,1,2,1,0
2025-07-12,13,10:00,119,11,15.2,0,1,30.13,0,2025-07-12 04:00:00,2025-07-12 08:00:00,E,Church St,0,0,0,0
2025-07-12,13,10:00,119,11,15.2,0,1,30.13,0,2025-07-12 04:00:00,2025-07-12 08:00:00,E,Ossington Ave,1,1,0,0
2025-07-12,13,10:00,119,11,15.2,0,1,30.13,0,2025-07-12 04:00:00,2025-07-12 08:00:00,E,Woodbine Ave,1,2,1,0
2025-07-12,13,10:00,119,11,15.2,0,1,30.13,0,2025-07-12 04:00:00,2025-07-12 08:00:00,E,Jones Ave,1,1,1,0
2025-07-12,13,10:00,119,11,15.2,0,1,30.13,0,2025-07-12 04:00:00,2025-07-12 08:00:00,E,Golfview Ave,1,2,1,0
2025-07-12,13,10:00,119,11,15.2,0,1,30.13,0,2025-07-12 04:00:00,2025-07-12 08:00:00,E,Leslie St,1,1,1,0
2025-07-12,13,10:00,119,11,15.2,0,1,30.13,0,2025-07-12 04:00:00,2025-07-12 08:00:00,E,St Matthews Rd,0,1,0,0
2025-07-12,13,10:00,119,11,15.2,0,1,30.13,0,2025-07-12 04:00:00,2025-07-12 08:00:00,E,Jarvis St,0,1,0,0
2025-07-12,13,10:00,119,11,15.2,0,1,30.13,0,2025-07-12 04:00:00,2025-07-12 08:00:00,E,Sherbourne St,0,1,0,0
2025-07-12,13,10:00,119,11,15.2,0,1,30.13,0,2025-07-12 04:00:00,2025-07-12 08:00:00,E,St George St,1,1,0,0
2025-07-12,13,10:00,119,11,15.2,0,1,30.13,0,2025-07-12 04:00:00,2025-07-12 08:00:00,E,Dovercourt Rd,1,2,0,0
2025-07-12,13,10:00,119,11,15.2,0,1,30.13,0,2025-07-12 04:00:00,2025-07-12 08:00:00,E,Glenmount Park Rd,1,2,1,0
2025-07-12,13,10:00,119,11,15.2,0,1,30.13,0,2025-07-12 04:00:00,2025-07-12 08:00:00,E,Prust Ave,1,1,1,0
2025-07-12,13,10:00,119,11,15.2,0,1,30.13,0,2025-07-12 04:00:00,2025-07-12 08:00:00,E,Main Street Station at Bay 7,0,0,0,0
2025-07-12,13,10:00,119,11,15.2,0,1,30.13,0,2025-07-12 04:00:00,2025-07-12 08:00:00,E,Norwood Rd,1,2,1,0
2025-07-12,13,10:00,119,11,15.2,0,1,30.13,0,2025-07-12 04:00:00,2025-07-12 08:00:00,E,McCaul St,1,1,0,0
2025-07-12,13,10:00,119,11,15.2,0,1,30.13,0,2025-07-12 04:00:00,2025-07-12 08:00:00,E,Broadview Ave,0,1,0,0
2025-07-12,13,10:00,119,11,15.2,0,1,30.13,0,2025-07-12 04:00:00,2025-07-12 08:00:00,E,Ontario St,0,1,0,0
2025-07-12,13,10:00,119,11,15.2,0,1,30.13,0,2025-07-12 04:00:00,2025-07-12 08:00:00,E,Rusholme Park Cres,1,1,0,0
2025-07-12,13,10:00,119,11,15.2,0,1,30.13,0,2025-07-12 04:00:00,2025-07-12 08:00:00,E,Havelock St,1,1,1,0
2025-07-12,13,10:00,119,11,15.2,0,1,30.13,0,2025-07-12 04:00:00,2025-07-12 08:00:00,E,High Park Loop,0,0,2,0
2025-07-12,13,10:00,119,11,15.2,0,1,30.13,0,2025-07-12 04:00:00,2025-07-12 08:00:00,E,Queens Park (Queen's Park Station),1,1,0,0
2025-07-12,13,10:00,119,11,15.2,0,1,30.13,0,2025-07-12 04:00:00,2025-07-12 08:00:00,E,Roncesvalles Ave,0,1,0,0
2025-07-12,13,10:00,119,11,15.2,0,1,30.13,0,2025-07-12 04:00:00,2025-07-12 08:00:00,E,De Grassi St,0,1,0,0
2025-07-12,13,10:00,119,11,15.2,0,1,30.13,0,2025-07-12 04:00:00,2025-07-12 08:00:00,E,Parliament St at Carlton St,0,1,0,0
2025-07-12,13,10:00,119,11,15.2,0,1,30.13,0,2025-07-12 04:00:00,2025-07-12 08:00:00,E,Parkside Dr East Side,0,0,1,0
2025-07-12,13,10:00,119,11,15.2,0,1,30.13,0,2025-07-12 04:00:00,2025-07-12 08:00:00,E,Dundas St West,1,1,0,0
2025-07-12,13,10:00,119,11,15.2,0,1,30.13,0,2025-07-12 04:00:00,2025-07-12 08:00:00,E,Howard Park Ave at Roncesvalles Ave,0,0,0,0
2025-07-12,13,10:00,119,11,15.2,0,1,30.13,0,2025-07-12 04:00:00,2025-07-12 08:00:00,E,Parliament St,0,0,0,0
2025-07-12,13,10:00,119,11,15.2,0,1,30.13,0,2025-07-12 04:00:00,2025-07-12 08:00:00,E,Parliament St at Gerrard St East,0,0,0,0
2025-07-12,13,10:00,119,11,15.2,0,1,30.13,0,2025-07-12 04:00:00,2025-07-12 08:00:00,E,Sumach St,0,0,0,0
2025-07-12,13,10:00,119,11,15.2,0,1,30.13,0,2025-07-12 04:00:00,2025-07-12 08:00:00,E,Blackburn St,0,0,0,0
2025-07-12,13,10:00,119,11,15.2,0,1,30.13,0,2025-07-12 04:00:00,2025-07-12 08:00:00,E,Logan Ave,0,1,0,0
2025-07-12,13,10:00,119,11,15.2,0,1,30.13,0,2025-07-12 04:00:00,2025-07-12 08:00:00,E,Augusta Ave,0,0,0,0
2025-07-12,13,10:00,119,11,15.2,0,1,30.13,0,2025-07-12 04:00:00,2025-07-12 08:00:00,E,Beverley St,0,0,0,0
2025-07-12,13,10:00,119,11,15.2,0,1,30.13,0,2025-07-12 04:00:00,2025-07-12 08:00:00,E,University Ave (Queen's Park Station,0,0,0,0
2025-07-12,13,10:00,119,11,15.2,0,1,30.13,0,2025-07-12 04:00:00,2025-07-12 08:00:00,E,Elizabeth St,0,0,0,0
2025-07-12,13,10:00,119,11,15.2,0,1,30.13,0,2025-07-12 04:00:00,2025-07-12 08:00:00,E,Greenwood Ave,0,0,0,0
2025-07-12,13,10:00,119,11,15.2,0,1,30.13,0,2025-07-12 04:00:00,2025-07-12 08:00:00,E,Alton Ave,0,0,0,0
2025-07-12,13,10:00,119,11,15.2,0,1,30.13,0,2025-07-12 04:00:00,2025-07-12 08:00:00,E,Coxwell Ave,0,0,0,0
2025-07-12,13,10:00,119,11,15.2,0,1,30.13,0,2025-07-12 04:00:00,2025-07-12 08:00:00,E,Gerrard St East  at Coxwell Ave,0,0,0,0
2025-07-12,13,10:00,119,11,15.2,0,1,30.13,0,2025-07-12 04:00:00,2025-07-12 08:00:00,E,Coxwell Ave at Lower Gerrard St East,0,0,0,0
2025-07-12,13,10:00,119,11,15.2,0,1,30.13,0,2025-07-12 04:00:00,2025-07-12 08:00:00,E,Ashdale Ave,0,0,0,0
2025-07-12,13,10:00,119,11,15.2,0,1,30.13,0,2025-07-12 04:00:00,2025-07-12 08:00:00,E,Howard Park Ave at Indian Rd,0,0,0,0
2025-07-12,13,10:00,119,11,15.2,0,1,30.13,0,2025-07-12 04:00:00,2025-07-12 08:00:00,E,Dundas St West at Howard Park Ave,0,0,0,0
2025-07-12,13,10:00,119,11,15.2,0,1,30.13,0,2025-07-12 04:00:00,2025-07-12 08:00:00,E,Main St at Gerrard St East,0,0,0,0
2025-07-12,13,10:00,119,11,15.2,0,1,30.13,0,2025-07-12 04:00:00,2025-07-12 08:00:00,E,Main St,0,0,0,0
2025-07-12,13,10:00,119,11,15.2,0,1,30.13,0,2025-07-12 04:00:00,2025-07-12 08:00:00,E,Main St at Danforth Ave,0,0,0,0
2025-07-12,13,10:00,119,11,15.2,0,1,30.13,0,2025-07-12 04:00:00,2025-07-12 08:00:00,E,Howard Park Ave at Parkside Dr,0,0,0,0
2025-07-12,13,10:00,119,11,15.2,0,1,30.13,0,2025-07-12 04:00:00,2025-07-12 08:00:00,W,Woodfield Rd,1,1,0,0
2025-07-12,13,10:00,119,11,15.2,0,1,30.13,0,2025-07-12 04:00:00,2025-07-12 08:00:00,W,Coxwell Ave at Gerrard St East,1,1,0,0
2025-07-12,13,10:00,119,11,15.2,0,1,30.13,0,2025-07-12 04:00:00,2025-07-12 08:00:00,W,Euclid Ave,0,0,0,0
2025-07-12,13,10:00,119,11,15.2,0,1,30.13,0,2025-07-12 04:00:00,2025-07-12 08:00:00,W,Bowmore Rd,0,0,0,0
2025-07-12,13,10:00,119,11,15.2,0,1,30.13,0,2025-07-12 04:00:00,2025-07-12 08:00:00,W,Bay St,1,1,0,0
2025-07-12,13,10:00,119,11,15.2,0,1,30.13,0,2025-07-12 04:00:00,2025-07-12 08:00:00,W,Lansdowne Ave,0,0,1,0
2025-07-12,13,10:00,119,11,15.2,0,1,30.13,0,2025-07-12 04:00:00,2025-07-12 08:00:00,W,Indian Rd,1,2,1,0
2025-07-12,13,10:00,119,11,15.2,0,1,30.13,0,2025-07-12 04:00:00,2025-07-12 08:00:00,W,Grace St,0,0,0,0
2025-07-12,13,10:00,119,11,15.2,0,1,30.13,0,2025-07-12 04:00:00,2025-07-12 08:00:00,W,Dufferin St,1,2,0,0
2025-07-12,13,10:00,119,11,15.2,0,1,30.13,0,2025-07-12 04:00:00,2025-07-12 08:00:00,W,Gerrard St East at Beaton Ave,0,0,0,0
2025-07-12,13,10:00,119,11,15.2,0,1,30.13,0,2025-07-12 04:00:00,2025-07-12 08:00:00,W,Bathurst St,0,0,0,0
2025-07-12,13,10:00,119,11,15.2,0,1,30.13,0,2025-07-12 04:00:00,2025-07-12 08:00:00,W,Yonge St - College Station,0,0,0,0
2025-07-12,13,10:00,119,11,15.2,0,1,30.13,0,2025-07-12 04:00:00,2025-07-12 08:00:00,W,Dundas St West at Sterling Rd,0,0,0,0
2025-07-12,13,10:00,119,11,15.2,0,1,30.13,0,2025-07-12 04:00:00,2025-07-12 08:00:00,W,Brock Ave,0,0,0,0
2025-07-12,13,10:00,119,11,15.2,0,1,30.13,0,2025-07-12 04:00:00,2025-07-12 08:00:00,W,Sackville St,1,2,0,0
2025-07-12,13,10:00,119,11,15.2,0,1,30.13,0,2025-07-12 04:00:00,2025-07-12 08:00:00,W,Carlaw Ave,0,0,0,0
2025-07-12,13,10:00,119,11,15.2,0,1,30.13,0,2025-07-12 04:00:00,2025-07-12 08:00:00,W,Borden St,0,0,0,0
2025-07-12,13,10:00,119,11,15.2,0,1,30.13,0,2025-07-12 04:00:00,2025-07-12 08:00:00,W,Dundas St West at Sorauren Ave,1,2,0,0
2025-07-12,13,10:00,119,11,15.2,0,1,30.13,0,2025-07-12 04:00:00,2025-07-12 08:00:00,W,Crawford St,0,0,0,0
2025-07-12,13,10:00,119,11,15.2,0,1,30.13,0,2025-07-12 04:00:00,2025-07-12 08:00:00,W,Pape Ave,0,0,0,0
2025-07-12,13,10:00,119,11,15.2,0,1,30.13,0,2025-07-12 04:00:00,2025-07-12 08:00:00,W,Spadina Ave,1,2,0,0
2025-07-12,13,10:00,119,11,15.2,0,1,30.13,0,2025-07-12 04:00:00,2025-07-12 08:00:00,W,River St,0,2,0,0
2025-07-12,13,10:00,119,11,15.2,0,1,30.13,0,2025-07-12 04:00:00,2025-07-12 08:00:00,W,Marjory Ave,0,0,0,0
2025-07-12,13,10:00,119,11,15.2,0,1,30.13,0,2025-07-12 04:00:00,2025-07-12 08:00:00,W,Kingsmount Park Rd,0,0,0,0
2025-07-12,13,10:00,119,11,15.2,0,1,30.13,0,2025-07-12 04:00:00,2025-07-12 08:00:00,W,Church St,0,0,0,0
2025-07-12,13,10:00,119,11,15.2,0,1,30.13,0,2025-07-12 04:00:00,2025-07-12 08:00:00,W,Ossington Ave,0,0,0,0
2025-07-12,13,10:00,119,11,15.2,0,1,30.13,0,2025-07-12 04:00:00,2025-07-12 08:00:00,W,Woodbine Ave,0,0,0,0
2025-07-12,13,10:00,119,11,15.2,0,1,30.13,0,2025-07-12 04:00:00,2025-07-12 08:00:00,W,Jones Ave,0,0,0,0
2025-07-12,13,10:00,119,11,15.2,0,1,30.13,0,2025-07-12 04:00:00,2025-07-12 08:00:00,W,Golfview Ave,0,0,0,0
2025-07-12,13,10:00,119,11,15.2,0,1,30.13,0,2025-07-12 04:00:00,2025-07-12 08:00:00,W,Leslie St,0,0,0,0
2025-07-12,13,10:00,119,11,15.2,0,1,30.13,0,2025-07-12 04:00:00,2025-07-12 08:00:00,W,St Matthews Rd,0,0,0,0
2025-07-12,13,10:00,119,11,15.2,0,1,30.13,0,2025-07-12 04:00:00,2025-07-12 08:00:00,W,Jarvis St,0,0,0,0
2025-07-12,13,10:00,119,11,15.2,0,1,30.13,0,2025-07-12 04:00:00,2025-07-12 08:00:00,W,Sherbourne St,0,0,0,0
2025-07-12,13,10:00,119,11,15.2,0,1,30.13,0,2025-07-12 04:00:00,2025-07-12 08:00:00,W,St George St,0,0,0,0
2025-07-12,13,10:00,119,11,15.2,0,1,30.13,0,2025-07-12 04:00:00,2025-07-12 08:00:00,W,Dovercourt Rd,0,0,0,0
2025-07-12,13,10:00,119,11,15.2,0,1,30.13,0,2025-07-12 04:00:00,2025-07-12 08:00:00,W,Glenmount Park Rd,0,0,0,0
2025-07-12,13,10:00,119,11,15.2,0,1,30.13,0,2025-07-12 04:00:00,2025-07-12 08:00:00,W,Prust Ave,0,0,0,0
2025-07-12,13,10:00,119,11,15.2,0,1,30.13,0,2025-07-12 04:00:00,2025-07-12 08:00:00,W,Main Street Station at Bay 7,0,0,1,0
2025-07-12,13,10:00,119,11,15.2,0,1,30.13,0,2025-07-12 04:00:00,2025-07-12 08:00:00,W,Norwood Rd,0,0,0,0
2025-07-12,13,10:00,119,11,15.2,0,1,30.13,0,2025-07-12 04:00:00,2025-07-12 08:00:00,W,McCaul St,0,0,0,0
2025-07-12,13,10:00,119,11,15.2,0,1,30.13,0,2025-07-12 04:00:00,2025-07-12 08:00:00,W,Broadview Ave,0,0,0,0
2025-07-12,13,10:00,119,11,15.2,0,1,30.13,0,2025-07-12 04:00:00,2025-07-12 08:00:00,W,Ontario St,0,0,0,0
2025-07-12,13,10:00,119,11,15.2,0,1,30.13,0,2025-07-12 04:00:00,2025-07-12 08:00:00,W,Rusholme Park Cres,0,0,0,0
2025-07-12,13,10:00,119,11,15.2,0,1,30.13,0,2025-07-12 04:00:00,2025-07-12 08:00:00,W,Havelock St,0,0,0,0
2025-07-12,13,10:00,119,11,15.2,0,1,30.13,0,2025-07-12 04:00:00,2025-07-12 08:00:00,W,High Park Loop,0,0,0,0
2025-07-12,13,10:00,119,11,15.2,0,1,30.13,0,2025-07-12 04:00:00,2025-07-12 08:00:00,W,Queens Park (Queen's Park Station),0,0,0,0
2025-07-12,13,10:00,119,11,15.2,0,1,30.13,0,2025-07-12 04:00:00,2025-07-12 08:00:00,W,Roncesvalles Ave,1,2,1,0
2025-07-12,13,10:00,119,11,15.2,0,1,30.13,0,2025-07-12 04:00:00,2025-07-12 08:00:00,W,De Grassi St,0,0,0,0
2025-07-12,13,10:00,119,11,15.2,0,1,30.13,0,2025-07-12 04:00:00,2025-07-12 08:00:00,W,Parliament St at Carlton St,0,0,0,0
2025-07-12,13,10:00,119,11,15.2,0,1,30.13,0,2025-07-12 04:00:00,2025-07-12 08:00:00,W,Parkside Dr East Side,0,0,0,0
2025-07-12,13,10:00,119,11,15.2,0,1,30.13,0,2025-07-12 04:00:00,2025-07-12 08:00:00,W,Dundas St West,1,2,0,0
2025-07-12,13,10:00,119,11,15.2,0,1,30.13,0,2025-07-12 04:00:00,2025-07-12 08:00:00,W,Howard Park Ave at Roncesvalles Ave,0,0,0,0
2025-07-12,13,10:00,119,11,15.2,0,1,30.13,0,2025-07-12 04:00:00,2025-07-12 08:00:00,W,Parliament St,0,0,0,0
2025-07-12,13,10:00,119,11,15.2,0,1,30.13,0,2025-07-12 04:00:00,2025-07-12 08:00:00,W,Parliament St at Gerrard St East,0,0,0,0
2025-07-12,13,10:00,119,11,15.2,0,1,30.13,0,2025-07-12 04:00:00,2025-07-12 08:00:00,W,Sumach St,0,0,0,0
2025-07-12,13,10:00,119,11,15.2,0,1,30.13,0,2025-07-12 04:00:00,2025-07-12 08:00:00,W,Blackburn St,0,0,0,0
2025-07-12,13,10:00,119,11,15.2,0,1,30.13,0,2025-07-12 04:00:00,2025-07-12 08:00:00,W,Logan Ave,0,0,0,0
2025-07-12,13,10:00,119,11,15.2,0,1,30.13,0,2025-07-12 04:00:00,2025-07-12 08:00:00,W,Augusta Ave,0,0,0,0
2025-07-12,13,10:00,119,11,15.2,0,1,30.13,0,2025-07-12 04:00:00,2025-07-12 08:00:00,W,Beverley St,0,0,0,0
2025-07-12,13,10:00,119,11,15.2,0,1,30.13,0,2025-07-12 04:00:00,2025-07-12 08:00:00,W,University Ave (Queen's Park Station,0,0,0,0
2025-07-12,13,10:00,119,11,15.2,0,1,30.13,0,2025-07-12 04:00:00,2025-07-12 08:00:00,W,Elizabeth St,0,0,0,0
2025-07-12,13,10:00,119,11,15.2,0,1,30.13,0,2025-07-12 04:00:00,2025-07-12 08:00:00,W,Greenwood Ave,0,0,0,0
2025-07-12,13,10:00,119,11,15.2,0,1,30.13,0,2025-07-12 04:00:00,2025-07-12 08:00:00,W,Alton Ave,0,0,0,0
2025-07-12,13,10:00,119,11,15.2,0,1,30.13,0,2025-07-12 04:00:00,2025-07-12 08:00:00,W,Coxwell Ave,0,0,0,0
2025-07-12,13,10:00,119,11,15.2,0,1,30.13,0,2025-07-12 04:00:00,2025-07-12 08:00:00,W,Gerrard St East  at Coxwell Ave,0,0,0,0
2025-07-12,13,10:00,119,11,15.2,0,1,30.13,0,2025-07-12 04:00:00,2025-07-12 08:00:00,W,Coxwell Ave at Lower Gerrard St East,0,0,0,0
2025-07-12,13,10:00,119,11,15.2,0,1,30.13,0,2025-07-12 04:00:00,2025-07-12 08:00:00,W,Ashdale Ave,0,0,0,0
2025-07-12,13,10:00,119,11,15.2,0,1,30.13,0,2025-07-12 04:00:00,2025-07-12 08:00:00,W,Howard Park Ave at Indian Rd,0,0,0,0
2025-07-12,13,10:00,119,11,15.2,0,1,30.13,0,2025-07-12 04:00:00,2025-07-12 08:00:00,W,Dundas St West at Howard Park Ave,0,0,0,0
2025-07-12,13,10:00,119,11,15.2,0,1,30.13,0,2025-07-12 04:00:00,2025-07-12 08:00:00,W,Main St at Gerrard St East,0,0,0,0
2025-07-12,13,10:00,119,11,15.2,0,1,30.13,0,2025-07-12 04:00:00,2025-07-12 08:00:00,W,Main St,0,0,0,0
2025-07-12,13,10:00,119,11,15.2,0,1,30.13,0,2025-07-12 04:00:00,2025-07-12 08:00:00,W,Main St at Danforth Ave,0,0,0,0
2025-07-12,13,10:00,119,11,15.2,0,1,30.13,0,2025-07-12 04:00:00,2025-07-12 08:00:00,W,Howard Park Ave at Parkside Dr,0,0,0,0
2025-07-19,13,10:00,119,11,15.2,0,1,30.13,0,2025-07-19 04:00:00,2025-07-19 08:00:00,E,Woodfield Rd,0,0,0,0
2025-07-19,13,10:00,119,11,15.2,0,1,30.13,0,2025-07-19 04:00:00,2025-07-19 08:00:00,E,Coxwell Ave at Gerrard St East,0,0,0,0
2025-07-19,13,10:00,119,11,15.2,0,1,30.13,0,2025-07-19 04:00:00,2025-07-19 08:00:00,E,Euclid Ave,0,0,0,0
2025-07-19,13,10:00,119,11,15.2,0,1,30.13,0,2025-07-19 04:00:00,2025-07-19 08:00:00,E,Bowmore Rd,0,4,2,0
2025-07-19,13,10:00,119,11,15.2,0,1,30.13,0,2025-07-19 04:00:00,2025-07-19 08:00:00,E,Bay St,1,2,3,0
2025-07-19,13,10:00,119,11,15.2,0,1,30.13,0,2025-07-19 04:00:00,2025-07-19 08:00:00,E,Lansdowne Ave,3,6,6,0
2025-07-19,13,10:00,119,11,15.2,0,1,30.13,0,2025-07-19 04:00:00,2025-07-19 08:00:00,E,Indian Rd,0,4,7,2
2025-07-19,13,10:00,119,11,15.2,0,1,30.13,0,2025-07-19 04:00:00,2025-07-19 08:00:00,E,Grace St,2,5,8,1
2025-07-19,13,10:00,119,11,15.2,0,1,30.13,0,2025-07-19 04:00:00,2025-07-19 08:00:00,E,Dufferin St,0,1,2,0
2025-07-19,13,10:00,119,11,15.2,0,1,30.13,0,2025-07-19 04:00:00,2025-07-19 08:00:00,E,Gerrard St East at Beaton Ave,0,4,2,0
2025-07-19,13,10:00,119,11,15.2,0,1,30.13,0,2025-07-19 04:00:00,2025-07-19 08:00:00,E,Bathurst St,1,2,3,0
2025-07-19,13,10:00,119,11,15.2,0,1,30.13,0,2025-07-19 04:00:00,2025-07-19 08:00:00,E,Yonge St - College Station,0,0,0,0
2025-07-19,13,10:00,119,11,15.2,0,1,30.13,0,2025-07-19 04:00:00,2025-07-19 08:00:00,E,Dundas St West at Sterling Rd,2,2,4,0
2025-07-19,13,10:00,119,11,15.2,0,1,30.13,0,2025-07-19 04:00:00,2025-07-19 08:00:00,E,Brock Ave,2,6,6,0
2025-07-19,13,10:00,119,11,15.2,0,1,30.13,0,2025-07-19 04:00:00,2025-07-19 08:00:00,E,Sackville St,2,2,3,0
2025-07-19,13,10:00,119,11,15.2,0,1,30.13,0,2025-07-19 04:00:00,2025-07-19 08:00:00,E,Carlaw Ave,0,0,0,0
2025-07-19,13,10:00,119,11,15.2,0,1,30.13,0,2025-07-19 04:00:00,2025-07-19 08:00:00,E,Borden St,1,2,2,0
2025-07-19,13,10:00,119,11,15.2,0,1,30.13,0,2025-07-19 04:00:00,2025-07-19 08:00:00,E,Dundas St West at Sorauren Ave,2,2,3,0
2025-07-19,13,10:00,119,11,15.2,0,1,30.13,0,2025-07-19 04:00:00,2025-07-19 08:00:00,E,Crawford St,1,5,8,0
2025-07-19,13,10:00,119,11,15.2,0,1,30.13,0,2025-07-19 04:00:00,2025-07-19 08:00:00,E,Pape Ave,0,0,0,0
2025-07-19,13,10:00,119,11,15.2,0,1,30.13,0,2025-07-19 04:00:00,2025-07-19 08:00:00,E,Spadina Ave,1,2,2,0
2025-07-19,13,10:00,119,11,15.2,0,1,30.13,0,2025-07-19 04:00:00,2025-07-19 08:00:00,E,River St,1,2,3,0
2025-07-19,13,10:00,119,11,15.2,0,1,30.13,0,2025-07-19 04:00:00,2025-07-19 08:00:00,E,Marjory Ave,0,0,0,0
2025-07-19,13,10:00,119,11,15.2,0,1,30.13,0,2025-07-19 04:00:00,2025-07-19 08:00:00,E,Kingsmount Park Rd,0,4,2,0
2025-07-19,13,10:00,119,11,15.2,0,1,30.13,0,2025-07-19 04:00:00,2025-07-19 08:00:00,E,Church St,0,0,0,0
2025-07-19,13,10:00,119,11,15.2,0,1,30.13,0,2025-07-19 04:00:00,2025-07-19 08:00:00,E,Ossington Ave,2,5,6,0
2025-07-19,13,10:00,119,11,15.2,0,1,30.13,0,2025-07-19 04:00:00,2025-07-19 08:00:00,E,Woodbine Ave,1,4,2,0
2025-07-19,13,10:00,119,11,15.2,0,1,30.13,0,2025-07-19 04:00:00,2025-07-19 08:00:00,E,Jones Ave,0,0,0,0
2025-07-19,13,10:00,119,11,15.2,0,1,30.13,0,2025-07-19 04:00:00,2025-07-19 08:00:00,E,Golfview Ave,1,4,2,0
2025-07-19,13,10:00,119,11,15.2,0,1,30.13,0,2025-07-19 04:00:00,2025-07-19 08:00:00,E,Leslie St,0,0,0,0
2025-07-19,13,10:00,119,11,15.2,0,1,30.13,0,2025-07-19 04:00:00,2025-07-19 08:00:00,E,St Matthews Rd,1,2,3,0
2025-07-19,13,10:00,119,11,15.2,0,1,30.13,0,2025-07-19 04:00:00,2025-07-19 08:00:00,E,Jarvis St,2,2,3,0
2025-07-19,13,10:00,119,11,15.2,0,1,30.13,0,2025-07-19 04:00:00,2025-07-19 08:00:00,E,Sherbourne St,2,2,3,0
2025-07-19,13,10:00,119,11,15.2,0,1,30.13,0,2025-07-19 04:00:00,2025-07-19 08:00:00,E,St George St,1,2,2,0
2025-07-19,13,10:00,119,11,15.2,0,1,30.13,0,2025-07-19 04:00:00,2025-07-19 08:00:00,E,Dovercourt Rd,3,5,7,0
2025-07-19,13,10:00,119,11,15.2,0,1,30.13,0,2025-07-19 04:00:00,2025-07-19 08:00:00,E,Glenmount Park Rd,1,4,2,0
2025-07-19,13,10:00,119,11,15.2,0,1,30.13,0,2025-07-19 04:00:00,2025-07-19 08:00:00,E,Prust Ave,0,0,0,0
2025-07-19,13,10:00,119,11,15.2,0,1,30.13,0,2025-07-19 04:00:00,2025-07-19 08:00:00,E,Main Street Station at Bay 7,0,0,0,0
2025-07-19,13,10:00,119,11,15.2,0,1,30.13,0,2025-07-19 04:00:00,2025-07-19 08:00:00,E,Norwood Rd,1,4,2,0
2025-07-19,13,10:00,119,11,15.2,0,1,30.13,0,2025-07-19 04:00:00,2025-07-19 08:00:00,E,McCaul St,1,2,2,0
2025-07-19,13,10:00,119,11,15.2,0,1,30.13,0,2025-07-19 04:00:00,2025-07-19 08:00:00,E,Broadview Ave,1,1,3,0
2025-07-19,13,10:00,119,11,15.2,0,1,30.13,0,2025-07-19 04:00:00,2025-07-19 08:00:00,E,Ontario St,2,2,3,0
2025-07-19,13,10:00,119,11,15.2,0,1,30.13,0,2025-07-19 04:00:00,2025-07-19 08:00:00,E,Rusholme Park Cres,2,2,4,0
2025-07-19,13,10:00,119,11,15.2,0,1,30.13,0,2025-07-19 04:00:00,2025-07-19 08:00:00,E,Havelock St,0,0,0,0
2025-07-19,13,10:00,119,11,15.2,0,1,30.13,0,2025-07-19 04:00:00,2025-07-19 08:00:00,E,High Park Loop,4,8,12,7
2025-07-19,13,10:00,119,11,15.2,0,1,30.13,0,2025-07-19 04:00:00,2025-07-19 08:00:00,E,Queens Park (Queen's Park Station),1,2,2,0
2025-07-19,13,10:00,119,11,15.2,0,1,30.13,0,2025-07-19 04:00:00,2025-07-19 08:00:00,E,Roncesvalles Ave,2,2,4,0
2025-07-19,13,10:00,119,11,15.2,0,1,30.13,0,2025-07-19 04:00:00,2025-07-19 08:00:00,E,De Grassi St,2,2,3,0
2025-07-19,13,10:00,119,11,15.2,0,1,30.13,0,2025-07-19 04:00:00,2025-07-19 08:00:00,E,Parliament St at Carlton St,1,2,3,0
2025-07-19,13,10:00,119,11,15.2,0,1,30.13,0,2025-07-19 04:00:00,2025-07-19 08:00:00,E,Parkside Dr East Side,2,4,7,3
2025-07-19,13,10:00,119,11,15.2,0,1,30.13,0,2025-07-19 04:00:00,2025-07-19 08:00:00,E,Dundas St West,2,2,3,0
2025-07-19,13,10:00,119,11,15.2,0,1,30.13,0,2025-07-19 04:00:00,2025-07-19 08:00:00,E,Howard Park Ave at Roncesvalles Ave,0,0,0,0
2025-07-19,13,10:00,119,11,15.2,0,1,30.13,0,2025-07-19 04:00:00,2025-07-19 08:00:00,E,Parliament St,0,0,0,0
2025-07-19,13,10:00,119,11,15.2,0,1,30.13,0,2025-07-19 04:00:00,2025-07-19 08:00:00,E,Parliament St at Gerrard St East,0,0,0,0
2025-07-19,13,10:00,119,11,15.2,0,1,30.13,0,2025-07-19 04:00:00,2025-07-19 08:00:00,E,Sumach St,0,0,0,0
2025-07-19,13,10:00,119,11,15.2,0,1,30.13,0,2025-07-19 04:00:00,2025-07-19 08:00:00,E,Blackburn St,0,0,0,0
2025-07-19,13,10:00,119,11,15.2,0,1,30.13,0,2025-07-19 04:00:00,2025-07-19 08:00:00,E,Logan Ave,2,2,4,0
2025-07-19,13,10:00,119,11,15.2,0,1,30.13,0,2025-07-19 04:00:00,2025-07-19 08:00:00,E,Augusta Ave,0,0,0,0
2025-07-19,13,10:00,119,11,15.2,0,1,30.13,0,2025-07-19 04:00:00,2025-07-19 08:00:00,E,Beverley St,0,0,0,0
2025-07-19,13,10:00,119,11,15.2,0,1,30.13,0,2025-07-19 04:00:00,2025-07-19 08:00:00,E,University Ave (Queen's Park Station,0,0,0,0
2025-07-19,13,10:00,119,11,15.2,0,1,30.13,0,2025-07-19 04:00:00,2025-07-19 08:00:00,E,Elizabeth St,0,0,0,0
2025-07-19,13,10:00,119,11,15.2,0,1,30.13,0,2025-07-19 04:00:00,2025-07-19 08:00:00,E,Greenwood Ave,0,0,0,0
2025-07-19,13,10:00,119,11,15.2,0,1,30.13,0,2025-07-19 04:00:00,2025-07-19 08:00:00,E,Alton Ave,0,0,0,0
2025-07-19,13,10:00,119,11,15.2,0,1,30.13,0,2025-07-19 04:00:00,2025-07-19 08:00:00,E,Coxwell Ave,0,0,0,0
2025-07-19,13,10:00,119,11,15.2,0,1,30.13,0,2025-07-19 04:00:00,2025-07-19 08:00:00,E,Gerrard St East  at Coxwell Ave,0,0,0,0
2025-07-19,13,10:00,119,11,15.2,0,1,30.13,0,2025-07-19 04:00:00,2025-07-19 08:00:00,E,Coxwell Ave at Lower Gerrard St East,0,0,0,0
2025-07-19,13,10:00,119,11,15.2,0,1,30.13,0,2025-07-19 04:00:00,2025-07-19 08:00:00,E,Ashdale Ave,0,0,0,0
2025-07-19,13,10:00,119,11,15.2,0,1,30.13,0,2025-07-19 04:00:00,2025-07-19 08:00:00,E,Howard Park Ave at Indian Rd,0,0,0,0
2025-07-19,13,10:00,119,11,15.2,0,1,30.13,0,2025-07-19 04:00:00,2025-07-19 08:00:00,E,Dundas St West at Howard Park Ave,0,0,0,0
2025-07-19,13,10:00,119,11,15.2,0,1,30.13,0,2025-07-19 04:00:00,2025-07-19 08:00:00,E,Main St at Gerrard St East,0,0,0,0
2025-07-19,13,10:00,119,11,15.2,0,1,30.13,0,2025-07-19 04:00:00,2025-07-19 08:00:00,E,Main St,0,0,0,0
2025-07-19,13,10:00,119,11,15.2,0,1,30.13,0,2025-07-19 04:00:00,2025-07-19 08:00:00,E,Main St at Danforth Ave,0,0,0,0
2025-07-19,13,10:00,119,11,15.2,0,1,30.13,0,2025-07-19 04:00:00,2025-07-19 08:00:00,E,Howard Park Ave at Parkside Dr,0,0,0,0
2025-07-19,13,10:00,119,11,15.2,0,1,30.13,0,2025-07-19 04:00:00,2025-07-19 08:00:00,W,Woodfield Rd,0,0,0,0
2025-07-19,13,10:00,119,11,15.2,0,1,30.13,0,2025-07-19 04:00:00,2025-07-19 08:00:00,W,Coxwell Ave at Gerrard St East,0,0,0,0
2025-07-19,13,10:00,119,11,15.2,0,1,30.13,0,2025-07-19 04:00:00,2025-07-19 08:00:00,W,Euclid Ave,0,0,0,0
2025-07-19,13,10:00,119,11,15.2,0,1,30.13,0,2025-07-19 04:00:00,2025-07-19 08:00:00,W,Bowmore Rd,0,2,1,0
2025-07-19,13,10:00,119,11,15.2,0,1,30.13,0,2025-07-19 04:00:00,2025-07-19 08:00:00,W,Bay St,0,0,0,0
2025-07-19,13,10:00,119,11,15.2,0,1,30.13,0,2025-07-19 04:00:00,2025-07-19 08:00:00,W,Lansdowne Ave,0,0,0,0
2025-07-19,13,10:00,119,11,15.2,0,1,30.13,0,2025-07-19 04:00:00,2025-07-19 08:00:00,W,Indian Rd,1,3,8,0
2025-07-19,13,10:00,119,11,15.2,0,1,30.13,0,2025-07-19 04:00:00,2025-07-19 08:00:00,W,Grace St,0,0,0,0
2025-07-19,13,10:00,119,11,15.2,0,1,30.13,0,2025-07-19 04:00:00,2025-07-19 08:00:00,W,Dufferin St,2,2,5,0
2025-07-19,13,10:00,119,11,15.2,0,1,30.13,0,2025-07-19 04:00:00,2025-07-19 08:00:00,W,Gerrard St East at Beaton Ave,0,2,0,0
2025-07-19,13,10:00,119,11,15.2,0,1,30.13,0,2025-07-19 04:00:00,2025-07-19 08:00:00,W,Bathurst St,0,0,0,0
2025-07-19,13,10:00,119,11,15.2,0,1,30.13,0,2025-07-19 04:00:00,2025-07-19 08:00:00,W,Yonge St - College Station,0,0,1,0
2025-07-19,13,10:00,119,11,15.2,0,1,30.13,0,2025-07-19 04:00:00,2025-07-19 08:00:00,W,Dundas St West at Sterling Rd,0,0,0,0
2025-07-19,13,10:00,119,11,15.2,0,1,30.13,0,2025-07-19 04:00:00,2025-07-19 08:00:00,W,Brock Ave,0,0,0,0
2025-07-19,13,10:00,119,11,15.2,0,1,30.13,0,2025-07-19 04:00:00,2025-07-19 08:00:00,W,Sackville St,3,1,6,0
2025-07-19,13,10:00,119,11,15.2,0,1,30.13,0,2025-07-19 04:00:00,2025-07-19 08:00:00,W,Carlaw Ave,0,0,0,0
2025-07-19,13,10:00,119,11,15.2,0,1,30.13,0,2025-07-19 04:00:00,2025-07-19 08:00:00,W,Borden St,0,0,1,0
2025-07-19,13,10:00,119,11,15.2,0,1,30.13,0,2025-07-19 04:00:00,2025-07-19 08:00:00,W,Dundas St West at Sorauren Ave,1,4,6,0
2025-07-19,13,10:00,119,11,15.2,0,1,30.13,0,2025-07-19 04:00:00,2025-07-19 08:00:00,W,Crawford St,0,0,1,0
2025-07-19,13,10:00,119,11,15.2,0,1,30.13,0,2025-07-19 04:00:00,2025-07-19 08:00:00,W,Pape Ave,0,0,1,0
2025-07-19,13,10:00,119,11,15.2,0,1,30.13,0,2025-07-19 04:00:00,2025-07-19 08:00:00,W,Spadina Ave,4,1,7,0
2025-07-19,13,10:00,119,11,15.2,0,1,30.13,0,2025-07-19 04:00:00,2025-07-19 08:00:00,W,River St,4,2,7,0
2025-07-19,13,10:00,119,11,15.2,0,1,30.13,0,2025-07-19 04:00:00,2025-07-19 08:00:00,W,Marjory Ave,0,0,1,0
2025-07-19,13,10:00,119,11,15.2,0,1,30.13,0,2025-07-19 04:00:00,2025-07-19 08:00:00,W,Kingsmount Park Rd,0,0,0,0
2025-07-19,13,10:00,119,11,15.2,0,1,30.13,0,2025-07-19 04:00:00,2025-07-19 08:00:00,W,Church St,0,0,1,0
2025-07-19,13,10:00,119,11,15.2,0,1,30.13,0,2025-07-19 04:00:00,2025-07-19 08:00:00,W,Ossington Ave,0,0,1,0
2025-07-19,13,10:00,119,11,15.2,0,1,30.13,0,2025-07-19 04:00:00,2025-07-19 08:00:00,W,Woodbine Ave,0,0,0,0
2025-07-19,13,10:00,119,11,15.2,0,1,30.13,0,2025-07-19 04:00:00,2025-07-19 08:00:00,W,Jones Ave,0,0,1,0
2025-07-19,13,10:00,119,11,15.2,0,1,30.13,0,2025-07-19 04:00:00,2025-07-19 08:00:00,W,Golfview Ave,0,0,0,0
2025-07-19,13,10:00,119,11,15.2,0,1,30.13,0,2025-07-19 04:00:00,2025-07-19 08:00:00,W,Leslie St,0,0,1,0
2025-07-19,13,10:00,119,11,15.2,0,1,30.13,0,2025-07-19 04:00:00,2025-07-19 08:00:00,W,St Matthews Rd,0,0,0,0
2025-07-19,13,10:00,119,11,15.2,0,1,30.13,0,2025-07-19 04:00:00,2025-07-19 08:00:00,W,Jarvis St,0,0,0,0
2025-07-19,13,10:00,119,11,15.2,0,1,30.13,0,2025-07-19 04:00:00,2025-07-19 08:00:00,W,Sherbourne St,0,0,0,0
2025-07-19,13,10:00,119,11,15.2,0,1,30.13,0,2025-07-19 04:00:00,2025-07-19 08:00:00,W,St George St,0,0,0,0
2025-07-19,13,10:00,119,11,15.2,0,1,30.13,0,2025-07-19 04:00:00,2025-07-19 08:00:00,W,Dovercourt Rd,0,0,1,0
2025-07-19,13,10:00,119,11,15.2,0,1,30.13,0,2025-07-19 04:00:00,2025-07-19 08:00:00,W,Glenmount Park Rd,0,0,0,0
2025-07-19,13,10:00,119,11,15.2,0,1,30.13,0,2025-07-19 04:00:00,2025-07-19 08:00:00,W,Prust Ave,0,0,0,0
2025-07-19,13,10:00,119,11,15.2,0,1,30.13,0,2025-07-19 04:00:00,2025-07-19 08:00:00,W,Main Street Station at Bay 7,0,1,1,0
2025-07-19,13,10:00,119,11,15.2,0,1,30.13,0,2025-07-19 04:00:00,2025-07-19 08:00:00,W,Norwood Rd,0,0,0,0
2025-07-19,13,10:00,119,11,15.2,0,1,30.13,0,2025-07-19 04:00:00,2025-07-19 08:00:00,W,McCaul St,0,0,1,0
2025-07-19,13,10:00,119,11,15.2,0,1,30.13,0,2025-07-19 04:00:00,2025-07-19 08:00:00,W,Broadview Ave,0,0,0,0
2025-07-19,13,10:00,119,11,15.2,0,1,30.13,0,2025-07-19 04:00:00,2025-07-19 08:00:00,W,Ontario St,0,0,0,0
2025-07-19,13,10:00,119,11,15.2,0,1,30.13,0,2025-07-19 04:00:00,2025-07-19 08:00:00,W,Rusholme Park Cres,0,0,0,0
2025-07-19,13,10:00,119,11,15.2,0,1,30.13,0,2025-07-19 04:00:00,2025-07-19 08:00:00,W,Havelock St,0,0,0,0
2025-07-19,13,10:00,119,11,15.2,0,1,30.13,0,2025-07-19 04:00:00,2025-07-19 08:00:00,W,High Park Loop,0,0,0,0
2025-07-19,13,10:00,119,11,15.2,0,1,30.13,0,2025-07-19 04:00:00,2025-07-19 08:00:00,W,Queens Park (Queen's Park Station),0,0,0,0
2025-07-19,13,10:00,119,11,15.2,0,1,30.13,0,2025-07-19 04:00:00,2025-07-19 08:00:00,W,Roncesvalles Ave,1,3,7,0
2025-07-19,13,10:00,119,11,15.2,0,1,30.13,0,2025-07-19 04:00:00,2025-07-19 08:00:00,W,De Grassi St,0,0,0,0
2025-07-19,13,10:00,119,11,15.2,0,1,30.13,0,2025-07-19 04:00:00,2025-07-19 08:00:00,W,Parliament St at Carlton St,0,0,0,0
2025-07-19,13,10:00,119,11,15.2,0,1,30.13,0,2025-07-19 04:00:00,2025-07-19 08:00:00,W,Parkside Dr East Side,0,0,0,0
2025-07-19,13,10:00,119,11,15.2,0,1,30.13,0,2025-07-19 04:00:00,2025-07-19 08:00:00,W,Dundas St West,1,3,7,0
2025-07-19,13,10:00,119,11,15.2,0,1,30.13,0,2025-07-19 04:00:00,2025-07-19 08:00:00,W,Howard Park Ave at Roncesvalles Ave,0,0,0,0
2025-07-19,13,10:00,119,11,15.2,0,1,30.13,0,2025-07-19 04:00:00,2025-07-19 08:00:00,W,Parliament St,0,0,0,0
2025-07-19,13,10:00,119,11,15.2,0,1,30.13,0,2025-07-19 04:00:00,2025-07-19 08:00:00,W,Parliament St at Gerrard St East,0,0,0,0
2025-07-19,13,10:00,119,11,15.2,0,1,30.13,0,2025-07-19 04:00:00,2025-07-19 08:00:00,W,Sumach St,0,0,0,0
2025-07-19,13,10:00,119,11,15.2,0,1,30.13,0,2025-07-19 04:00:00,2025-07-19 08:00:00,W,Blackburn St,0,0,0,0
2025-07-19,13,10:00,119,11,15.2,0,1,30.13,0,2025-07-19 04:00:00,2025-07-19 08:00:00,W,Logan Ave,0,0,0,0
2025-07-19,13,10:00,119,11,15.2,0,1,30.13,0,2025-07-19 04:00:00,2025-07-19 08:00:00,W,Augusta Ave,0,0,1,0
2025-07-19,13,10:00,119,11,15.2,0,1,30.13,0,2025-07-19 04:00:00,2025-07-19 08:00:00,W,Beverley St,0,0,1,0
2025-07-19,13,10:00,119,11,15.2,0,1,30.13,0,2025-07-19 04:00:00,2025-07-19 08:00:00,W,University Ave (Queen's Park Station,0,0,1,0
2025-07-19,13,10:00,119,11,15.2,0,1,30.13,0,2025-07-19 04:00:00,2025-07-19 08:00:00,W,Elizabeth St,0,0,1,0
2025-07-19,13,10:00,119,11,15.2,0,1,30.13,0,2025-07-19 04:00:00,2025-07-19 08:00:00,W,Greenwood Ave,0,0,1,0
2025-07-19,13,10:00,119,11,15.2,0,1,30.13,0,2025-07-19 04:00:00,2025-07-19 08:00:00,W,Alton Ave,0,0,1,0
2025-07-19,13,10:00,119,11,15.2,0,1,30.13,0,2025-07-19 04:00:00,2025-07-19 08:00:00,W,Coxwell Ave,0,0,0,0
2025-07-19,13,10:00,119,11,15.2,0,1,30.13,0,2025-07-19 04:00:00,2025-07-19 08:00:00,W,Gerrard St East  at Coxwell Ave,0,0,0,0
2025-07-19,13,10:00,119,11,15.2,0,1,30.13,0,2025-07-19 04:00:00,2025-07-19 08:00:00,W,Coxwell Ave at Lower Gerrard St East,0,0,0,0
2025-07-19,13,10:00,119,11,15.2,0,1,30.13,0,2025-07-19 04:00:00,2025-07-19 08:00:00,W,Ashdale Ave,0,0,0,0
2025-07-19,13,10:00,119,11,15.2,0,1,30.13,0,2025-07-19 04:00:00,2025-07-19 08:00:00,W,Howard Park Ave at Indian Rd,0,0,0,0
2025-07-19,13,10:00,119,11,15.2,0,1,30.13,0,2025-07-19 04:00:00,2025-07-19 08:00:00,W,Dundas St West at Howard Park Ave,0,0,0,0
2025-07-19,13,10:00,119,11,15.2,0,1,30.13,0,2025-07-19 04:00:00,2025-07-19 08:00:00,W,Main St at Gerrard St East,0,0,0,0
2025-07-19,13,10:00,119,11,15.2,0,1,30.13,0,2025-07-19 04:00:00,2025-07-19 08:00:00,W,Main St,0,0,0,0
2025-07-19,13,10:00,119,11,15.2,0,1,30.13,0,2025-07-19 04:00:00,2025-07-19 08:00:00,W,Main St at Danforth Ave,0,0,0,0
2025-07-19,13,10:00,119,11,15.2,0,1,30.13,0,2025-07-19 04:00:00,2025-07-19 08:00:00,W,Howard Park Ave at Parkside Dr,0,0,0,0
2025-07-26,13,10:00,119,11,15.2,0,1,30.13,0,2025-07-26 04:00:00,2025-07-26 08:00:00,E,Woodfield Rd,0,1,0,0
2025-07-26,13,10:00,119,11,15.2,0,1,30.13,0,2025-07-26 04:00:00,2025-07-26 08:00:00,E,Coxwell Ave at Gerrard St East,0,0,0,0
2025-07-26,13,10:00,119,11,15.2,0,1,30.13,0,2025-07-26 04:00:00,2025-07-26 08:00:00,E,Euclid Ave,0,0,0,0
2025-07-26,13,10:00,119,11,15.2,0,1,30.13,0,2025-07-26 04:00:00,2025-07-26 08:00:00,E,Bowmore Rd,1,2,0,0
2025-07-26,13,10:00,119,11,15.2,0,1,30.13,0,2025-07-26 04:00:00,2025-07-26 08:00:00,E,Bay St,0,0,0,0
2025-07-26,13,10:00,119,11,15.2,0,1,30.13,0,2025-07-26 04:00:00,2025-07-26 08:00:00,E,Lansdowne Ave,1,2,0,0
2025-07-26,13,10:00,119,11,15.2,0,1,30.13,0,2025-07-26 04:00:00,2025-07-26 08:00:00,E,Indian Rd,0,1,1,0
2025-07-26,13,10:00,119,11,15.2,0,1,30.13,0,2025-07-26 04:00:00,2025-07-26 08:00:00,E,Grace St,0,1,0,0
2025-07-26,13,10:00,119,11,15.2,0,1,30.13,0,2025-07-26 04:00:00,2025-07-26 08:00:00,E,Dufferin St,0,2,0,0
2025-07-26,13,10:00,119,11,15.2,0,1,30.13,0,2025-07-26 04:00:00,2025-07-26 08:00:00,E,Gerrard St East at Beaton Ave,0,2,1,0
2025-07-26,13,10:00,119,11,15.2,0,1,30.13,0,2025-07-26 04:00:00,2025-07-26 08:00:00,E,Bathurst St,0,0,0,0
2025-07-26,13,10:00,119,11,15.2,0,1,30.13,0,2025-07-26 04:00:00,2025-07-26 08:00:00,E,Yonge St - College Station,0,1,0,0
2025-07-26,13,10:00,119,11,15.2,0,1,30.13,0,2025-07-26 04:00:00,2025-07-26 08:00:00,E,Dundas St West at Sterling Rd,0,0,0,0
2025-07-26,13,10:00,119,11,15.2,0,1,30.13,0,2025-07-26 04:00:00,2025-07-26 08:00:00,E,Brock Ave,0,2,0,0
2025-07-26,13,10:00,119,11,15.2,0,1,30.13,0,2025-07-26 04:00:00,2025-07-26 08:00:00,E,Sackville St,1,0,0,0
2025-07-26,13,10:00,119,11,15.2,0,1,30.13,0,2025-07-26 04:00:00,2025-07-26 08:00:00,E,Carlaw Ave,1,1,0,0
2025-07-26,13,10:00,119,11,15.2,0,1,30.13,0,2025-07-26 04:00:00,2025-07-26 08:00:00,E,Borden St,0,0,0,0
2025-07-26,13,10:00,119,11,15.2,0,1,30.13,0,2025-07-26 04:00:00,2025-07-26 08:00:00,E,Dundas St West at Sorauren Ave,0,0,0,0
2025-07-26,13,10:00,119,11,15.2,0,1,30.13,0,2025-07-26 04:00:00,2025-07-26 08:00:00,E,Crawford St,0,1,0,0
2025-07-26,13,10:00,119,11,15.2,0,1,30.13,0,2025-07-26 04:00:00,2025-07-26 08:00:00,E,Pape Ave,0,1,0,0
2025-07-26,13,10:00,119,11,15.2,0,1,30.13,0,2025-07-26 04:00:00,2025-07-26 08:00:00,E,Spadina Ave,0,0,0,0
2025-07-26,13,10:00,119,11,15.2,0,1,30.13,0,2025-07-26 04:00:00,2025-07-26 08:00:00,E,River St,0,0,0,0
2025-07-26,13,10:00,119,11,15.2,0,1,30.13,0,2025-07-26 04:00:00,2025-07-26 08:00:00,E,Marjory Ave,0,1,0,0
2025-07-26,13,10:00,119,11,15.2,0,1,30.13,0,2025-07-26 04:00:00,2025-07-26 08:00:00,E,Kingsmount Park Rd,1,2,0,0
2025-07-26,13,10:00,119,11,15.2,0,1,30.13,0,2025-07-26 04:00:00,2025-07-26 08:00:00,E,Church St,0,0,0,0
2025-07-26,13,10:00,119,11,15.2,0,1,30.13,0,2025-07-26 04:00:00,2025-07-26 08:00:00,E,Ossington Ave,0,1,0,0
2025-07-26,13,10:00,119,11,15.2,0,1,30.13,0,2025-07-26 04:00:00,2025-07-26 08:00:00,E,Woodbine Ave,1,2,0,0
2025-07-26,13,10:00,119,11,15.2,0,1,30.13,0,2025-07-26 04:00:00,2025-07-26 08:00:00,E,Jones Ave,0,1,0,0
2025-07-26,13,10:00,119,11,15.2,0,1,30.13,0,2025-07-26 04:00:00,2025-07-26 08:00:00,E,Golfview Ave,1,2,0,0
2025-07-26,13,10:00,119,11,15.2,0,1,30.13,0,2025-07-26 04:00:00,2025-07-26 08:00:00,E,Leslie St,0,1,0,0
2025-07-26,13,10:00,119,11,15.2,0,1,30.13,0,2025-07-26 04:00:00,2025-07-26 08:00:00,E,St Matthews Rd,0,1,0,0
2025-07-26,13,10:00,119,11,15.2,0,1,30.13,0,2025-07-26 04:00:00,2025-07-26 08:00:00,E,Jarvis St,0,0,0,0
2025-07-26,13,10:00,119,11,15.2,0,1,30.13,0,2025-07-26 04:00:00,2025-07-26 08:00:00,E,Sherbourne St,0,0,0,0
2025-07-26,13,10:00,119,11,15.2,0,1,30.13,0,2025-07-26 04:00:00,2025-07-26 08:00:00,E,St George St,0,1,0,0
2025-07-26,13,10:00,119,11,15.2,0,1,30.13,0,2025-07-26 04:00:00,2025-07-26 08:00:00,E,Dovercourt Rd,0,1,0,0
2025-07-26,13,10:00,119,11,15.2,0,1,30.13,0,2025-07-26 04:00:00,2025-07-26 08:00:00,E,Glenmount Park Rd,1,2,0,0
2025-07-26,13,10:00,119,11,15.2,0,1,30.13,0,2025-07-26 04:00:00,2025-07-26 08:00:00,E,Prust Ave,0,1,1,0
2025-07-26,13,10:00,119,11,15.2,0,1,30.13,0,2025-07-26 04:00:00,2025-07-26 08:00:00,E,Main Street Station at Bay 7,0,0,0,0
2025-07-26,13,10:00,119,11,15.2,0,1,30.13,0,2025-07-26 04:00:00,2025-07-26 08:00:00,E,Norwood Rd,1,2,0,0
2025-07-26,13,10:00,119,11,15.2,0,1,30.13,0,2025-07-26 04:00:00,2025-07-26 08:00:00,E,McCaul St,0,1,0,0
2025-07-26,13,10:00,119,11,15.2,0,1,30.13,0,2025-07-26 04:00:00,2025-07-26 08:00:00,E,Broadview Ave,0,1,0,0
2025-07-26,13,10:00,119,11,15.2,0,1,30.13,0,2025-07-26 04:00:00,2025-07-26 08:00:00,E,Ontario St,0,0,0,0
2025-07-26,13,10:00,119,11,15.2,0,1,30.13,0,2025-07-26 04:00:00,2025-07-26 08:00:00,E,Rusholme Park Cres,0,0,0,0
2025-07-26,13,10:00,119,11,15.2,0,1,30.13,0,2025-07-26 04:00:00,2025-07-26 08:00:00,E,Havelock St,0,1,1,0
2025-07-26,13,10:00,119,11,15.2,0,1,30.13,0,2025-07-26 04:00:00,2025-07-26 08:00:00,E,High Park Loop,0,2,4,0
2025-07-26,13,10:00,119,11,15.2,0,1,30.13,0,2025-07-26 04:00:00,2025-07-26 08:00:00,E,Queens Park (Queen's Park Station),0,0,0,0
2025-07-26,13,10:00,119,11,15.2,0,1,30.13,0,2025-07-26 04:00:00,2025-07-26 08:00:00,E,Roncesvalles Ave,0,0,0,0
2025-07-26,13,10:00,119,11,15.2,0,1,30.13,0,2025-07-26 04:00:00,2025-07-26 08:00:00,E,De Grassi St,0,1,0,0
2025-07-26,13,10:00,119,11,15.2,0,1,30.13,0,2025-07-26 04:00:00,2025-07-26 08:00:00,E,Parliament St at Carlton St,0,0,0,0
2025-07-26,13,10:00,119,11,15.2,0,1,30.13,0,2025-07-26 04:00:00,2025-07-26 08:00:00,E,Parkside Dr East Side,0,1,2,0
2025-07-26,13,10:00,119,11,15.2,0,1,30.13,0,2025-07-26 04:00:00,2025-07-26 08:00:00,E,Dundas St West,0,0,0,0
2025-07-26,13,10:00,119,11,15.2,0,1,30.13,0,2025-07-26 04:00:00,2025-07-26 08:00:00,E,Howard Park Ave at Roncesvalles Ave,0,0,0,0
2025-07-26,13,10:00,119,11,15.2,0,1,30.13,0,2025-07-26 04:00:00,2025-07-26 08:00:00,E,Parliament St,0,0,0,0
2025-07-26,13,10:00,119,11,15.2,0,1,30.13,0,2025-07-26 04:00:00,2025-07-26 08:00:00,E,Parliament St at Gerrard St East,0,0,0,0
2025-07-26,13,10:00,119,11,15.2,0,1,30.13,0,2025-07-26 04:00:00,2025-07-26 08:00:00,E,Sumach St,0,0,0,0
2025-07-26,13,10:00,119,11,15.2,0,1,30.13,0,2025-07-26 04:00:00,2025-07-26 08:00:00,E,Blackburn St,0,0,0,0
2025-07-26,13,10:00,119,11,15.2,0,1,30.13,0,2025-07-26 04:00:00,2025-07-26 08:00:00,E,Logan Ave,0,0,0,0
2025-07-26,13,10:00,119,11,15.2,0,1,30.13,0,2025-07-26 04:00:00,2025-07-26 08:00:00,E,Augusta Ave,0,0,0,0
2025-07-26,13,10:00,119,11,15.2,0,1,30.13,0,2025-07-26 04:00:00,2025-07-26 08:00:00,E,Beverley St,0,0,0,0
2025-07-26,13,10:00,119,11,15.2,0,1,30.13,0,2025-07-26 04:00:00,2025-07-26 08:00:00,E,University Ave (Queen's Park Station,0,0,0,0
2025-07-26,13,10:00,119,11,15.2,0,1,30.13,0,2025-07-26 04:00:00,2025-07-26 08:00:00,E,Elizabeth St,0,0,0,0
2025-07-26,13,10:00,119,11,15.2,0,1,30.13,0,2025-07-26 04:00:00,2025-07-26 08:00:00,E,Greenwood Ave,0,0,0,0
2025-07-26,13,10:00,119,11,15.2,0,1,30.13,0,2025-07-26 04:00:00,2025-07-26 08:00:00,E,Alton Ave,0,0,0,0
2025-07-26,13,10:00,119,11,15.2,0,1,30.13,0,2025-07-26 04:00:00,2025-07-26 08:00:00,E,Coxwell Ave,0,0,0,0
2025-07-26,13,10:00,119,11,15.2,0,1,30.13,0,2025-07-26 04:00:00,2025-07-26 08:00:00,E,Gerrard St East  at Coxwell Ave,0,0,0,0
2025-07-26,13,10:00,119,11,15.2,0,1,30.13,0,2025-07-26 04:00:00,2025-07-26 08:00:00,E,Coxwell Ave at Lower Gerrard St East,0,0,0,0
2025-07-26,13,10:00,119,11,15.2,0,1,30.13,0,2025-07-26 04:00:00,2025-07-26 08:00:00,E,Ashdale Ave,0,0,0,0
2025-07-26,13,10:00,119,11,15.2,0,1,30.13,0,2025-07-26 04:00:00,2025-07-26 08:00:00,E,Howard Park Ave at Indian Rd,0,0,0,0
2025-07-26,13,10:00,119,11,15.2,0,1,30.13,0,2025-07-26 04:00:00,2025-07-26 08:00:00,E,Dundas St West at Howard Park Ave,0,0,0,0
2025-07-26,13,10:00,119,11,15.2,0,1,30.13,0,2025-07-26 04:00:00,2025-07-26 08:00:00,E,Main St at Gerrard St East,0,0,0,0
2025-07-26,13,10:00,119,11,15.2,0,1,30.13,0,2025-07-26 04:00:00,2025-07-26 08:00:00,E,Main St,0,0,0,0
2025-07-26,13,10:00,119,11,15.2,0,1,30.13,0,2025-07-26 04:00:00,2025-07-26 08:00:00,E,Main St at Danforth Ave,0,0,0,0
2025-07-26,13,10:00,119,11,15.2,0,1,30.13,0,2025-07-26 04:00:00,2025-07-26 08:00:00,E,Howard Park Ave at Parkside Dr,0,0,0,0
2025-07-26,13,10:00,119,11,15.2,0,1,30.13,0,2025-07-26 04:00:00,2025-07-26 08:00:00,W,Woodfield Rd,0,1,0,0
2025-07-26,13,10:00,119,11,15.2,0,1,30.13,0,2025-07-26 04:00:00,2025-07-26 08:00:00,W,Coxwell Ave at Gerrard St East,0,0,0,0
2025-07-26,13,10:00,119,11,15.2,0,1,30.13,0,2025-07-26 04:00:00,2025-07-26 08:00:00,W,Euclid Ave,0,0,0,0
2025-07-26,13,10:00,119,11,15.2,0,1,30.13,0,2025-07-26 04:00:00,2025-07-26 08:00:00,W,Bowmore Rd,0,1,0,0
2025-07-26,13,10:00,119,11,15.2,0,1,30.13,0,2025-07-26 04:00:00,2025-07-26 08:00:00,W,Bay St,0,1,0,0
2025-07-26,13,10:00,119,11,15.2,0,1,30.13,0,2025-07-26 04:00:00,2025-07-26 08:00:00,W,Lansdowne Ave,0,0,0,0
2025-07-26,13,10:00,119,11,15.2,0,1,30.13,0,2025-07-26 04:00:00,2025-07-26 08:00:00,W,Indian Rd,0,3,2,0
2025-07-26,13,10:00,119,11,15.2,0,1,30.13,0,2025-07-26 04:00:00,2025-07-26 08:00:00,W,Grace St,0,0,0,0
2025-07-26,13,10:00,119,11,15.2,0,1,30.13,0,2025-07-26 04:00:00,2025-07-26 08:00:00,W,Dufferin St,1,2,1,0
2025-07-26,13,10:00,119,11,15.2,0,1,30.13,0,2025-07-26 04:00:00,2025-07-26 08:00:00,W,Gerrard St East at Beaton Ave,0,1,0,0
2025-07-26,13,10:00,119,11,15.2,0,1,30.13,0,2025-07-26 04:00:00,2025-07-26 08:00:00,W,Bathurst St,0,0,0,0
2025-07-26,13,10:00,119,11,15.2,0,1,30.13,0,2025-07-26 04:00:00,2025-07-26 08:00:00,W,Yonge St - College Station,0,0,0,0
2025-07-26,13,10:00,119,11,15.2,0,1,30.13,0,2025-07-26 04:00:00,2025-07-26 08:00:00,W,Dundas St West at Sterling Rd,0,0,0,0
2025-07-26,13,10:00,119,11,15.2,0,1,30.13,0,2025-07-26 04:00:00,2025-07-26 08:00:00,W,Brock Ave,0,0,0,0
2025-07-26,13,10:00,119,11,15.2,0,1,30.13,0,2025-07-26 04:00:00,2025-07-26 08:00:00,W,Sackville St,1,2,0,0
2025-07-26,13,10:00,119,11,15.2,0,1,30.13,0,2025-07-26 04:00:00,2025-07-26 08:00:00,W,Carlaw Ave,0,0,0,0
2025-07-26,13,10:00,119,11,15.2,0,1,30.13,0,2025-07-26 04:00:00,2025-07-26 08:00:00,W,Borden St,0,0,0,0
2025-07-26,13,10:00,119,11,15.2,0,1,30.13,0,2025-07-26 04:00:00,2025-07-26 08:00:00,W,Dundas St West at Sorauren Ave,1,3,0,0
2025-07-26,13,10:00,119,11,15.2,0,1,30.13,0,2025-07-26 04:00:00,2025-07-26 08:00:00,W,Crawford St,0,0,0,0
2025-07-26,13,10:00,119,11,15.2,0,1,30.13,0,2025-07-26 04:00:00,2025-07-26 08:00:00,W,Pape Ave,0,0,0,0
2025-07-26,13,10:00,119,11,15.2,0,1,30.13,0,2025-07-26 04:00:00,2025-07-26 08:00:00,W,Spadina Ave,0,1,0,0
2025-07-26,13,10:00,119,11,15.2,0,1,30.13,0,2025-07-26 04:00:00,2025-07-26 08:00:00,W,River St,1,1,0,0
2025-07-26,13,10:00,119,11,15.2,0,1,30.13,0,2025-07-26 04:00:00,2025-07-26 08:00:00,W,Marjory Ave,0,0,0,0
2025-07-26,13,10:00,119,11,15.2,0,1,30.13,0,2025-07-26 04:00:00,2025-07-26 08:00:00,W,Kingsmount Park Rd,0,0,0,0
2025-07-26,13,10:00,119,11,15.2,0,1,30.13,0,2025-07-26 04:00:00,2025-07-26 08:00:00,W,Church St,0,0,0,0
2025-07-26,13,10:00,119,11,15.2,0,1,30.13,0,2025-07-26 04:00:00,2025-07-26 08:00:00,W,Ossington Ave,0,0,0,0
2025-07-26,13,10:00,119,11,15.2,0,1,30.13,0,2025-07-26 04:00:00,2025-07-26 08:00:00,W,Woodbine Ave,0,0,0,0
2025-07-26,13,10:00,119,11,15.2,0,1,30.13,0,2025-07-26 04:00:00,2025-07-26 08:00:00,W,Jones Ave,0,0,0,0
2025-07-26,13,10:00,119,11,15.2,0,1,30.13,0,2025-07-26 04:00:00,2025-07-26 08:00:00,W,Golfview Ave,0,0,0,0
2025-07-26,13,10:00,119,11,15.2,0,1,30.13,0,2025-07-26 04:00:00,2025-07-26 08:00:00,W,Leslie St,0,0,0,0
2025-07-26,13,10:00,119,11,15.2,0,1,30.13,0,2025-07-26 04:00:00,2025-07-26 08:00:00,W,St Matthews Rd,0,0,0,0
2025-07-26,13,10:00,119,11,15.2,0,1,30.13,0,2025-07-26 04:00:00,2025-07-26 08:00:00,W,Jarvis St,0,0,0,0
2025-07-26,13,10:00,119,11,15.2,0,1,30.13,0,2025-07-26 04:00:00,2025-07-26 08:00:00,W,Sherbourne St,0,0,0,0
2025-07-26,13,10:00,119,11,15.2,0,1,30.13,0,2025-07-26 04:00:00,2025-07-26 08:00:00,W,St George St,0,0,0,0
2025-07-26,13,10:00,119,11,15.2,0,1,30.13,0,2025-07-26 04:00:00,2025-07-26 08:00:00,W,Dovercourt Rd,0,0,0,0
2025-07-26,13,10:00,119,11,15.2,0,1,30.13,0,2025-07-26 04:00:00,2025-07-26 08:00:00,W,Glenmount Park Rd,0,0,0,0
2025-07-26,13,10:00,119,11,15.2,0,1,30.13,0,2025-07-26 04:00:00,2025-07-26 08:00:00,W,Prust Ave,0,0,0,0
2025-07-26,13,10:00,119,11,15.2,0,1,30.13,0,2025-07-26 04:00:00,2025-07-26 08:00:00,W,Main Street Station at Bay 7,0,0,0,0
2025-07-26,13,10:00,119,11,15.2,0,1,30.13,0,2025-07-26 04:00:00,2025-07-26 08:00:00,W,Norwood Rd,0,0,0,0
2025-07-26,13,10:00,119,11,15.2,0,1,30.13,0,2025-07-26 04:00:00,2025-07-26 08:00:00,W,McCaul St,0,0,0,0
2025-07-26,13,10:00,119,11,15.2,0,1,30.13,0,2025-07-26 04:00:00,2025-07-26 08:00:00,W,Broadview Ave,0,0,0,0
2025-07-26,13,10:00,119,11,15.2,0,1,30.13,0,2025-07-26 04:00:00,2025-07-26 08:00:00,W,Ontario St,0,0,0,0
2025-07-26,13,10:00,119,11,15.2,0,1,30.13,0,2025-07-26 04:00:00,2025-07-26 08:00:00,W,Rusholme Park Cres,0,0,0,0
2025-07-26,13,10:00,119,11,15.2,0,1,30.13,0,2025-07-26 04:00:00,2025-07-26 08:00:00,W,Havelock St,0,0,0,0
2025-07-26,13,10:00,119,11,15.2,0,1,30.13,0,2025-07-26 04:00:00,2025-07-26 08:00:00,W,High Park Loop,0,0,0,0
2025-07-26,13,10:00,119,11,15.2,0,1,30.13,0,2025-07-26 04:00:00,2025-07-26 08:00:00,W,Queens Park (Queen's Park Station),0,0,0,0
2025-07-26,13,10:00,119,11,15.2,0,1,30.13,0,2025-07-26 04:00:00,2025-07-26 08:00:00,W,Roncesvalles Ave,0,3,2,0
2025-07-26,13,10:00,119,11,15.2,0,1,30.13,0,2025-07-26 04:00:00,2025-07-26 08:00:00,W,De Grassi St,0,0,0,0
2025-07-26,13,10:00,119,11,15.2,0,1,30.13,0,2025-07-26 04:00:00,2025-07-26 08:00:00,W,Parliament St at Carlton St,0,0,0,0
2025-07-26,13,10:00,119,11,15.2,0,1,30.13,0,2025-07-26 04:00:00,2025-07-26 08:00:00,W,Parkside Dr East Side,0,0,0,0
2025-07-26,13,10:00,119,11,15.2,0,1,30.13,0,2025-07-26 04:00:00,2025-07-26 08:00:00,W,Dundas St West,2,3,0,0
2025-07-26,13,10:00,119,11,15.2,0,1,30.13,0,2025-07-26 04:00:00,2025-07-26 08:00:00,W,Howard Park Ave at Roncesvalles Ave,0,0,0,0
2025-07-26,13,10:00,119,11,15.2,0,1,30.13,0,2025-07-26 04:00:00,2025-07-26 08:00:00,W,Parliament St,0,0,0,0
2025-07-26,13,10:00,119,11,15.2,0,1,30.13,0,2025-07-26 04:00:00,2025-07-26 08:00:00,W,Parliament St at Gerrard St East,0,0,0,0
2025-07-26,13,10:00,119,11,15.2,0,1,30.13,0,2025-07-26 04:00:00,2025-07-26 08:00:00,W,Sumach St,0,0,0,0
2025-07-26,13,10:00,119,11,15.2,0,1,30.13,0,2025-07-26 04:00:00,2025-07-26 08:00:00,W,Blackburn St,0,0,0,0
2025-07-26,13,10:00,119,11,15.2,0,1,30.13,0,2025-07-26 04:00:00,2025-07-26 08:00:00,W,Logan Ave,0,0,0,0
2025-07-26,13,10:00,119,11,15.2,0,1,30.13,0,2025-07-26 04:00:00,2025-07-26 08:00:00,W,Augusta Ave,0,0,0,0
2025-07-26,13,10:00,119,11,15.2,0,1,30.13,0,2025-07-26 04:00:00,2025-07-26 08:00:00,W,Beverley St,0,0,0,0
2025-07-26,13,10:00,119,11,15.2,0,1,30.13,0,2025-07-26 04:00:00,2025-07-26 08:00:00,W,University Ave (Queen's Park Station,0,0,0,0
2025-07-26,13,10:00,119,11,15.2,0,1,30.13,0,2025-07-26 04:00:00,2025-07-26 08:00:00,W,Elizabeth St,0,0,0,0
2025-07-26,13,10:00,119,11,15.2,0,1,30.13,0,2025-07-26 04:00:00,2025-07-26 08:00:00,W,Greenwood Ave,0,0,0,0
2025-07-26,13,10:00,119,11,15.2,0,1,30.13,0,2025-07-26 04:00:00,2025-07-26 08:00:00,W,Alton Ave,0,0,0,0
2025-07-26,13,10:00,119,11,15.2,0,1,30.13,0,2025-07-26 04:00:00,2025-07-26 08:00:00,W,Coxwell Ave,0,0,0,0
2025-07-26,13,10:00,119,11,15.2,0,1,30.13,0,2025-07-26 04:00:00,2025-07-26 08:00:00,W,Gerrard St East  at Coxwell Ave,0,0,0,0
2025-07-26,13,10:00,119,11,15.2,0,1,30.13,0,2025-07-26 04:00:00,2025-07-26 08:00:00,W,Coxwell Ave at Lower Gerrard St East,0,0,0,0
2025-07-26,13,10:00,119,11,15.2,0,1,30.13,0,2025-07-26 04:00:00,2025-07-26 08:00:00,W,Ashdale Ave,0,0,0,0
2025-07-26,13,10:00,119,11,15.2,0,1,30.13,0,2025-07-26 04:00:00,2025-07-26 08:00:00,W,Howard Park Ave at Indian Rd,0,0,0,0
2025-07-26,13,10:00,119,11,15.2,0,1,30.13,0,2025-07-26 04:00:00,2025-07-26 08:00:00,W,Dundas St West at Howard Park Ave,0,0,0,0
2025-07-26,13,10:00,119,11,15.2,0,1,30.13,0,2025-07-26 04:00:00,2025-07-26 08:00:00,W,Main St at Gerrard St East,0,0,0,0
2025-07-26,13,10:00,119,11,15.2,0,1,30.13,0,2025-07-26 04:00:00,2025-07-26 08:00:00,W,Main St,0,0,0,0
2025-07-26,13,10:00,119,11,15.2,0,1,30.13,0,2025-07-26 04:00:00,2025-07-26 08:00:00,W,Main St at Danforth Ave,0,0,0,0
2025-07-26,13,10:00,119,11,15.2,0,1,30.13,0,2025-07-26 04:00:00,2025-07-26 08:00:00,W,Howard Park Ave at Parkside Dr,0,0,0,0
2025-08-02,13,10:00,119,11,15.2,0,1,30.13,0,2025-08-02 04:00:00,2025-08-02 08:00:00,E,Woodfield Rd,0,2,1,1
2025-08-02,13,10:00,119,11,15.2,0,1,30.13,0,2025-08-02 04:00:00,2025-08-02 08:00:00,E,Coxwell Ave at Gerrard St East,0,0,0,0
2025-08-02,13,10:00,119,11,15.2,0,1,30.13,0,2025-08-02 04:00:00,2025-08-02 08:00:00,E,Euclid Ave,0,0,0,0
2025-08-02,13,10:00,119,11,15.2,0,1,30.13,0,2025-08-02 04:00:00,2025-08-02 08:00:00,E,Bowmore Rd,0,3,1,1
2025-08-02,13,10:00,119,11,15.2,0,1,30.13,0,2025-08-02 04:00:00,2025-08-02 08:00:00,E,Bay St,2,1,3,0
2025-08-02,13,10:00,119,11,15.2,0,1,30.13,0,2025-08-02 04:00:00,2025-08-02 08:00:00,E,Lansdowne Ave,1,4,2,0
2025-08-02,13,10:00,119,11,15.2,0,1,30.13,0,2025-08-02 04:00:00,2025-08-02 08:00:00,E,Indian Rd,0,1,3,0
2025-08-02,13,10:00,119,11,15.2,0,1,30.13,0,2025-08-02 04:00:00,2025-08-02 08:00:00,E,Grace St,2,2,3,0
2025-08-02,13,10:00,119,11,15.2,0,1,30.13,0,2025-08-02 04:00:00,2025-08-02 08:00:00,E,Dufferin St,0,2,1,1
2025-08-02,13,10:00,119,11,15.2,0,1,30.13,0,2025-08-02 04:00:00,2025-08-02 08:00:00,E,Gerrard St East at Beaton Ave,0,3,1,1
2025-08-02,13,10:00,119,11,15.2,0,1,30.13,0,2025-08-02 04:00:00,2025-08-02 08:00:00,E,Bathurst St,2,2,3,0
2025-08-02,13,10:00,119,11,15.2,0,1,30.13,0,2025-08-02 04:00:00,2025-08-02 08:00:00,E,Yonge St - College Station,1,2,1,1
2025-08-02,13,10:00,119,11,15.2,0,1,30.13,0,2025-08-02 04:00:00,2025-08-02 08:00:00,E,Dundas St West at Sterling Rd,1,1,1,0
2025-08-02,13,10:00,119,11,15.2,0,1,30.13,0,2025-08-02 04:00:00,2025-08-02 08:00:00,E,Brock Ave,1,4,2,1
2025-08-02,13,10:00,119,11,15.2,0,1,30.13,0,2025-08-02 04:00:00,2025-08-02 08:00:00,E,Sackville St,2,1,2,0
2025-08-02,13,10:00,119,11,15.2,0,1,30.13,0,2025-08-02 04:00:00,2025-08-02 08:00:00,E,Carlaw Ave,1,2,1,1
2025-08-02,13,10:00,119,11,15.2,0,1,30.13,0,2025-08-02 04:00:00,2025-08-02 08:00:00,E,Borden St,1,2,3,0
2025-08-02,13,10:00,119,11,15.2,0,1,30.13,0,2025-08-02 04:00:00,2025-08-02 08:00:00,E,Dundas St West at Sorauren Ave,1,1,1,0
2025-08-02,13,10:00,119,11,15.2,0,1,30.13,0,2025-08-02 04:00:00,2025-08-02 08:00:00,E,Crawford St,2,3,3,0
2025-08-02,13,10:00,119,11,15.2,0,1,30.13,0,2025-08-02 04:00:00,2025-08-02 08:00:00,E,Pape Ave,1,2,1,1
2025-08-02,13,10:00,119,11,15.2,0,1,30.13,0,2025-08-02 04:00:00,2025-08-02 08:00:00,E,Spadina Ave,2,2,3,0
2025-08-02,13,10:00,119,11,15.2,0,1,30.13,0,2025-08-02 04:00:00,2025-08-02 08:00:00,E,River St,1,2,2,0
2025-08-02,13,10:00,119,11,15.2,0,1,30.13,0,2025-08-02 04:00:00,2025-08-02 08:00:00,E,Marjory Ave,1,2,1,1
2025-08-02,13,10:00,119,11,15.2,0,1,30.13,0,2025-08-02 04:00:00,2025-08-02 08:00:00,E,Kingsmount Park Rd,0,3,1,1
2025-08-02,13,10:00,119,11,15.2,0,1,30.13,0,2025-08-02 04:00:00,2025-08-02 08:00:00,E,Church St,0,0,0,0
2025-08-02,13,10:00,119,11,15.2,0,1,30.13,0,2025-08-02 04:00:00,2025-08-02 08:00:00,E,Ossington Ave,2,3,4,0
2025-08-02,13,10:00,119,11,15.2,0,1,30.13,0,2025-08-02 04:00:00,2025-08-02 08:00:00,E,Woodbine Ave,0,3,1,1
2025-08-02,13,10:00,119,11,15.2,0,1,30.13,0,2025-08-02 04:00:00,2025-08-02 08:00:00,E,Jones Ave,0,2,1,1
2025-08-02,13,10:00,119,11,15.2,0,1,30.13,0,2025-08-02 04:00:00,2025-08-02 08:00:00,E,Golfview Ave,0,3,1,0
2025-08-02,13,10:00,119,11,15.2,0,1,30.13,0,2025-08-02 04:00:00,2025-08-02 08:00:00,E,Leslie St,0,2,1,1
2025-08-02,13,10:00,119,11,15.2,0,1,30.13,0,2025-08-02 04:00:00,2025-08-02 08:00:00,E,St Matthews Rd,2,2,1,0
2025-08-02,13,10:00,119,11,15.2,0,1,30.13,0,2025-08-02 04:00:00,2025-08-02 08:00:00,E,Jarvis St,1,1,1,0
2025-08-02,13,10:00,119,11,15.2,0,1,30.13,0,2025-08-02 04:00:00,2025-08-02 08:00:00,E,Sherbourne St,1,1,1,0
2025-08-02,13,10:00,119,11,15.2,0,1,30.13,0,2025-08-02 04:00:00,2025-08-02 08:00:00,E,St George St,2,2,3,0
2025-08-02,13,10:00,119,11,15.2,0,1,30.13,0,2025-08-02 04:00:00,2025-08-02 08:00:00,E,Dovercourt Rd,2,3,4,0
2025-08-02,13,10:00,119,11,15.2,0,1,30.13,0,2025-08-02 04:00:00,2025-08-02 08:00:00,E,Glenmount Park Rd,0,3,1,0
2025-08-02,13,10:00,119,11,15.2,0,1,30.13,0,2025-08-02 04:00:00,2025-08-02 08:00:00,E,Prust Ave,0,2,1,1
2025-08-02,13,10:00,119,11,15.2,0,1,30.13,0,2025-08-02 04:00:00,2025-08-02 08:00:00,E,Main Street Station at Bay 7,0,0,0,0
2025-08-02,13,10:00,119,11,15.2,0,1,30.13,0,2025-08-02 04:00:00,2025-08-02 08:00:00,E,Norwood Rd,0,3,1,0
2025-08-02,13,10:00,119,11,15.2,0,1,30.13,0,2025-08-02 04:00:00,2025-08-02 08:00:00,E,McCaul St,2,2,3,0
2025-08-02,13,10:00,119,11,15.2,0,1,30.13,0,2025-08-02 04:00:00,2025-08-02 08:00:00,E,Broadview Ave,2,2,2,0
2025-08-02,13,10:00,119,11,15.2,0,1,30.13,0,2025-08-02 04:00:00,2025-08-02 08:00:00,E,Ontario St,1,1,2,0
2025-08-02,13,10:00,119,11,15.2,0,1,30.13,0,2025-08-02 04:00:00,2025-08-02 08:00:00,E,Rusholme Park Cres,0,1,1,0
2025-08-02,13,10:00,119,11,15.2,0,1,30.13,0,2025-08-02 04:00:00,2025-08-02 08:00:00,E,Havelock St,0,2,1,1
2025-08-02,13,10:00,119,11,15.2,0,1,30.13,0,2025-08-02 04:00:00,2025-08-02 08:00:00,E,High Park Loop,0,2,4,0
2025-08-02,13,10:00,119,11,15.2,0,1,30.13,0,2025-08-02 04:00:00,2025-08-02 08:00:00,E,Queens Park (Queen's Park Station),2,2,3,0
2025-08-02,13,10:00,119,11,15.2,0,1,30.13,0,2025-08-02 04:00:00,2025-08-02 08:00:00,E,Roncesvalles Ave,0,1,1,0
2025-08-02,13,10:00,119,11,15.2,0,1,30.13,0,2025-08-02 04:00:00,2025-08-02 08:00:00,E,De Grassi St,3,2,2,0
2025-08-02,13,10:00,119,11,15.2,0,1,30.13,0,2025-08-02 04:00:00,2025-08-02 08:00:00,E,Parliament St at Carlton St,2,1,2,0
2025-08-02,13,10:00,119,11,15.2,0,1,30.13,0,2025-08-02 04:00:00,2025-08-02 08:00:00,E,Parkside Dr East Side,0,1,2,0
2025-08-02,13,10:00,119,11,15.2,0,1,30.13,0,2025-08-02 04:00:00,2025-08-02 08:00:00,E,Dundas St West,1,1,1,0
2025-08-02,13,10:00,119,11,15.2,0,1,30.13,0,2025-08-02 04:00:00,2025-08-02 08:00:00,E,Howard Park Ave at Roncesvalles Ave,0,0,0,0
2025-08-02,13,10:00,119,11,15.2,0,1,30.13,0,2025-08-02 04:00:00,2025-08-02 08:00:00,E,Parliament St,0,0,0,0
2025-08-02,13,10:00,119,11,15.2,0,1,30.13,0,2025-08-02 04:00:00,2025-08-02 08:00:00,E,Parliament St at Gerrard St East,0,0,0,0
2025-08-02,13,10:00,119,11,15.2,0,1,30.13,0,2025-08-02 04:00:00,2025-08-02 08:00:00,E,Sumach St,0,0,0,0
2025-08-02,13,10:00,119,11,15.2,0,1,30.13,0,2025-08-02 04:00:00,2025-08-02 08:00:00,E,Blackburn St,0,0,0,0
2025-08-02,13,10:00,119,11,15.2,0,1,30.13,0,2025-08-02 04:00:00,2025-08-02 08:00:00,E,Logan Ave,3,2,3,0
2025-08-02,13,10:00,119,11,15.2,0,1,30.13,0,2025-08-02 04:00:00,2025-08-02 08:00:00,E,Augusta Ave,0,0,0,0
2025-08-02,13,10:00,119,11,15.2,0,1,30.13,0,2025-08-02 04:00:00,2025-08-02 08:00:00,E,Beverley St,0,0,0,0
2025-08-02,13,10:00,119,11,15.2,0,1,30.13,0,2025-08-02 04:00:00,2025-08-02 08:00:00,E,University Ave (Queen's Park Station,0,0,0,0
2025-08-02,13,10:00,119,11,15.2,0,1,30.13,0,2025-08-02 04:00:00,2025-08-02 08:00:00,E,Elizabeth St,0,0,0,0
2025-08-02,13,10:00,119,11,15.2,0,1,30.13,0,2025-08-02 04:00:00,2025-08-02 08:00:00,E,Greenwood Ave,0,0,0,0
2025-08-02,13,10:00,119,11,15.2,0,1,30.13,0,2025-08-02 04:00:00,2025-08-02 08:00:00,E,Alton Ave,0,0,0,0
2025-08-02,13,10:00,119,11,15.2,0,1,30.13,0,2025-08-02 04:00:00,2025-08-02 08:00:00,E,Coxwell Ave,0,0,0,0
2025-08-02,13,10:00,119,11,15.2,0,1,30.13,0,2025-08-02 04:00:00,2025-08-02 08:00:00,E,Gerrard St East  at Coxwell Ave,0,0,0,0
2025-08-02,13,10:00,119,11,15.2,0,1,30.13,0,2025-08-02 04:00:00,2025-08-02 08:00:00,E,Coxwell Ave at Lower Gerrard St East,0,0,0,0
2025-08-02,13,10:00,119,11,15.2,0,1,30.13,0,2025-08-02 04:00:00,2025-08-02 08:00:00,E,Ashdale Ave,0,0,0,0
2025-08-02,13,10:00,119,11,15.2,0,1,30.13,0,2025-08-02 04:00:00,2025-08-02 08:00:00,E,Howard Park Ave at Indian Rd,0,0,0,0
2025-08-02,13,10:00,119,11,15.2,0,1,30.13,0,2025-08-02 04:00:00,2025-08-02 08:00:00,E,Dundas St West at Howard Park Ave,0,0,0,0
2025-08-02,13,10:00,119,11,15.2,0,1,30.13,0,2025-08-02 04:00:00,2025-08-02 08:00:00,E,Main St at Gerrard St East,0,0,0,0
2025-08-02,13,10:00,119,11,15.2,0,1,30.13,0,2025-08-02 04:00:00,2025-08-02 08:00:00,E,Main St,0,0,0,0
2025-08-02,13,10:00,119,11,15.2,0,1,30.13,0,2025-08-02 04:00:00,2025-08-02 08:00:00,E,Main St at Danforth Ave,0,0,0,0
2025-08-02,13,10:00,119,11,15.2,0,1,30.13,0,2025-08-02 04:00:00,2025-08-02 08:00:00,E,Howard Park Ave at Parkside Dr,0,0,0,0
2025-08-02,13,10:00,119,11,15.2,0,1,30.13,0,2025-08-02 04:00:00,2025-08-02 08:00:00,W,Woodfield Rd,1,2,1,0
2025-08-02,13,10:00,119,11,15.2,0,1,30.13,0,2025-08-02 04:00:00,2025-08-02 08:00:00,W,Coxwell Ave at Gerrard St East,1,3,1,0
2025-08-02,13,10:00,119,11,15.2,0,1,30.13,0,2025-08-02 04:00:00,2025-08-02 08:00:00,W,Euclid Ave,0,0,0,0
2025-08-02,13,10:00,119,11,15.2,0,1,30.13,0,2025-08-02 04:00:00,2025-08-02 08:00:00,W,Bowmore Rd,1,2,1,0
2025-08-02,13,10:00,119,11,15.2,0,1,30.13,0,2025-08-02 04:00:00,2025-08-02 08:00:00,W,Bay St,1,2,1,0
2025-08-02,13,10:00,119,11,15.2,0,1,30.13,0,2025-08-02 04:00:00,2025-08-02 08:00:00,W,Lansdowne Ave,0,0,0,0
2025-08-02,13,10:00,119,11,15.2,0,1,30.13,0,2025-08-02 04:00:00,2025-08-02 08:00:00,W,Indian Rd,1,1,1,0
2025-08-02,13,10:00,119,11,15.2,0,1,30.13,0,2025-08-02 04:00:00,2025-08-02 08:00:00,W,Grace St,0,0,0,0
2025-08-02,13,10:00,119,11,15.2,0,1,30.13,0,2025-08-02 04:00:00,2025-08-02 08:00:00,W,Dufferin St,2,1,1,0
2025-08-02,13,10:00,119,11,15.2,0,1,30.13,0,2025-08-02 04:00:00,2025-08-02 08:00:00,W,Gerrard St East at Beaton Ave,1,2,1,0
2025-08-02,13,10:00,119,11,15.2,0,1,30.13,0,2025-08-02 04:00:00,2025-08-02 08:00:00,W,Bathurst St,0,0,0,0
2025-08-02,13,10:00,119,11,15.2,0,1,30.13,0,2025-08-02 04:00:00,2025-08-02 08:00:00,W,Yonge St - College Station,0,0,0,0
2025-08-02,13,10:00,119,11,15.2,0,1,30.13,0,2025-08-02 04:00:00,2025-08-02 08:00:00,W,Dundas St West at Sterling Rd,0,0,0,0
2025-08-02,13,10:00,119,11,15.2,0,1,30.13,0,2025-08-02 04:00:00,2025-08-02 08:00:00,W,Brock Ave,0,0,0,0
2025-08-02,13,10:00,119,11,15.2,0,1,30.13,0,2025-08-02 04:00:00,2025-08-02 08:00:00,W,Sackville St,2,2,1,0
2025-08-02,13,10:00,119,11,15.2,0,1,30.13,0,2025-08-02 04:00:00,2025-08-02 08:00:00,W,Carlaw Ave,0,0,0,0
2025-08-02,13,10:00,119,11,15.2,0,1,30.13,0,2025-08-02 04:00:00,2025-08-02 08:00:00,W,Borden St,0,0,0,0
2025-08-02,13,10:00,119,11,15.2,0,1,30.13,0,2025-08-02 04:00:00,2025-08-02 08:00:00,W,Dundas St West at Sorauren Ave,1,1,1,0
2025-08-02,13,10:00,119,11,15.2,0,1,30.13,0,2025-08-02 04:00:00,2025-08-02 08:00:00,W,Crawford St,0,0,0,0
2025-08-02,13,10:00,119,11,15.2,0,1,30.13,0,2025-08-02 04:00:00,2025-08-02 08:00:00,W,Pape Ave,0,0,0,0
2025-08-02,13,10:00,119,11,15.2,0,1,30.13,0,2025-08-02 04:00:00,2025-08-02 08:00:00,W,Spadina Ave,2,2,1,0
2025-08-02,13,10:00,119,11,15.2,0,1,30.13,0,2025-08-02 04:00:00,2025-08-02 08:00:00,W,River St,1,2,1,0
2025-08-02,13,10:00,119,11,15.2,0,1,30.13,0,2025-08-02 04:00:00,2025-08-02 08:00:00,W,Marjory Ave,0,0,0,0
2025-08-02,13,10:00,119,11,15.2,0,1,30.13,0,2025-08-02 04:00:00,2025-08-02 08:00:00,W,Kingsmount Park Rd,0,0,0,0
2025-08-02,13,10:00,119,11,15.2,0,1,30.13,0,2025-08-02 04:00:00,2025-08-02 08:00:00,W,Church St,0,0,0,0
2025-08-02,13,10:00,119,11,15.2,0,1,30.13,0,2025-08-02 04:00:00,2025-08-02 08:00:00,W,Ossington Ave,0,0,0,0
2025-08-02,13,10:00,119,11,15.2,0,1,30.13,0,2025-08-02 04:00:00,2025-08-02 08:00:00,W,Woodbine Ave,0,0,0,0
2025-08-02,13,10:00,119,11,15.2,0,1,30.13,0,2025-08-02 04:00:00,2025-08-02 08:00:00,W,Jones Ave,0,0,0,0
2025-08-02,13,10:00,119,11,15.2,0,1,30.13,0,2025-08-02 04:00:00,2025-08-02 08:00:00,W,Golfview Ave,0,0,0,0
2025-08-02,13,10:00,119,11,15.2,0,1,30.13,0,2025-08-02 04:00:00,2025-08-02 08:00:00,W,Leslie St,0,0,0,0
2025-08-02,13,10:00,119,11,15.2,0,1,30.13,0,2025-08-02 04:00:00,2025-08-02 08:00:00,W,St Matthews Rd,0,0,0,0
2025-08-02,13,10:00,119,11,15.2,0,1,30.13,0,2025-08-02 04:00:00,2025-08-02 08:00:00,W,Jarvis St,0,0,0,0
2025-08-02,13,10:00,119,11,15.2,0,1,30.13,0,2025-08-02 04:00:00,2025-08-02 08:00:00,W,Sherbourne St,0,0,0,0
2025-08-02,13,10:00,119,11,15.2,0,1,30.13,0,2025-08-02 04:00:00,2025-08-02 08:00:00,W,St George St,0,0,0,0
2025-08-02,13,10:00,119,11,15.2,0,1,30.13,0,2025-08-02 04:00:00,2025-08-02 08:00:00,W,Dovercourt Rd,0,0,0,0
2025-08-02,13,10:00,119,11,15.2,0,1,30.13,0,2025-08-02 04:00:00,2025-08-02 08:00:00,W,Glenmount Park Rd,0,0,0,0
2025-08-02,13,10:00,119,11,15.2,0,1,30.13,0,2025-08-02 04:00:00,2025-08-02 08:00:00,W,Prust Ave,0,0,0,0
2025-08-02,13,10:00,119,11,15.2,0,1,30.13,0,2025-08-02 04:00:00,2025-08-02 08:00:00,W,Main Street Station at Bay 7,1,2,1,0
2025-08-02,13,10:00,119,11,15.2,0,1,30.13,0,2025-08-02 04:00:00,2025-08-02 08:00:00,W,Norwood Rd,0,0,0,0
2025-08-02,13,10:00,119,11,15.2,0,1,30.13,0,2025-08-02 04:00:00,2025-08-02 08:00:00,W,McCaul St,0,0,0,0
2025-08-02,13,10:00,119,11,15.2,0,1,30.13,0,2025-08-02 04:00:00,2025-08-02 08:00:00,W,Broadview Ave,0,0,0,0
2025-08-02,13,10:00,119,11,15.2,0,1,30.13,0,2025-08-02 04:00:00,2025-08-02 08:00:00,W,Ontario St,0,0,0,0
2025-08-02,13,10:00,119,11,15.2,0,1,30.13,0,2025-08-02 04:00:00,2025-08-02 08:00:00,W,Rusholme Park Cres,0,0,0,0
2025-08-02,13,10:00,119,11,15.2,0,1,30.13,0,2025-08-02 04:00:00,2025-08-02 08:00:00,W,Havelock St,0,0,0,0
2025-08-02,13,10:00,119,11,15.2,0,1,30.13,0,2025-08-02 04:00:00,2025-08-02 08:00:00,W,High Park Loop,0,0,0,0
2025-08-02,13,10:00,119,11,15.2,0,1,30.13,0,2025-08-02 04:00:00,2025-08-02 08:00:00,W,Queens Park (Queen's Park Station),0,0,0,0
2025-08-02,13,10:00,119,11,15.2,0,1,30.13,0,2025-08-02 04:00:00,2025-08-02 08:00:00,W,Roncesvalles Ave,1,1,1,0
2025-08-02,13,10:00,119,11,15.2,0,1,30.13,0,2025-08-02 04:00:00,2025-08-02 08:00:00,W,De Grassi St,0,0,0,0
2025-08-02,13,10:00,119,11,15.2,0,1,30.13,0,2025-08-02 04:00:00,2025-08-02 08:00:00,W,Parliament St at Carlton St,0,0,0,0
2025-08-02,13,10:00,119,11,15.2,0,1,30.13,0,2025-08-02 04:00:00,2025-08-02 08:00:00,W,Parkside Dr East Side,0,0,0,0
2025-08-02,13,10:00,119,11,15.2,0,1,30.13,0,2025-08-02 04:00:00,2025-08-02 08:00:00,W,Dundas St West,2,1,1,0
2025-08-02,13,10:00,119,11,15.2,0,1,30.13,0,2025-08-02 04:00:00,2025-08-02 08:00:00,W,Howard Park Ave at Roncesvalles Ave,0,0,0,0
2025-08-02,13,10:00,119,11,15.2,0,1,30.13,0,2025-08-02 04:00:00,2025-08-02 08:00:00,W,Parliament St,0,0,0,0
2025-08-02,13,10:00,119,11,15.2,0,1,30.13,0,2025-08-02 04:00:00,2025-08-02 08:00:00,W,Parliament St at Gerrard St East,0,0,0,0
2025-08-02,13,10:00,119,11,15.2,0,1,30.13,0,2025-08-02 04:00:00,2025-08-02 08:00:00,W,Sumach St,0,0,0,0
2025-08-02,13,10:00,119,11,15.2,0,1,30.13,0,2025-08-02 04:00:00,2025-08-02 08:00:00,W,Blackburn St,0,0,0,0
2025-08-02,13,10:00,119,11,15.2,0,1,30.13,0,2025-08-02 04:00:00,2025-08-02 08:00:00,W,Logan Ave,0,0,0,0
2025-08-02,13,10:00,119,11,15.2,0,1,30.13,0,2025-08-02 04:00:00,2025-08-02 08:00:00,W,Augusta Ave,0,0,0,0
2025-08-02,13,10:00,119,11,15.2,0,1,30.13,0,2025-08-02 04:00:00,2025-08-02 08:00:00,W,Beverley St,0,0,0,0
2025-08-02,13,10:00,119,11,15.2,0,1,30.13,0,2025-08-02 04:00:00,2025-08-02 08:00:00,W,University Ave (Queen's Park Station,0,0,0,0
2025-08-02,13,10:00,119,11,15.2,0,1,30.13,0,2025-08-02 04:00:00,2025-08-02 08:00:00,W,Elizabeth St,0,0,0,0
2025-08-02,13,10:00,119,11,15.2,0,1,30.13,0,2025-08-02 04:00:00,2025-08-02 08:00:00,W,Greenwood Ave,0,0,0,0
2025-08-02,13,10:00,119,11,15.2,0,1,30.13,0,2025-08-02 04:00:00,2025-08-02 08:00:00,W,Alton Ave,0,0,0,0
2025-08-02,13,10:00,119,11,15.2,0,1,30.13,0,2025-08-02 04:00:00,2025-08-02 08:00:00,W,Coxwell Ave,0,0,0,0
2025-08-02,13,10:00,119,11,15.2,0,1,30.13,0,2025-08-02 04:00:00,2025-08-02 08:00:00,W,Gerrard St East  at Coxwell Ave,0,0,0,0
2025-08-02,13,10:00,119,11,15.2,0,1,30.13,0,2025-08-02 04:00:00,2025-08-02 08:00:00,W,Coxwell Ave at Lower Gerrard St East,0,0,0,0
2025-08-02,13,10:00,119,11,15.2,0,1,30.13,0,2025-08-02 04:00:00,2025-08-02 08:00:00,W,Ashdale Ave,0,0,0,0
2025-08-02,13,10:00,119,11,15.2,0,1,30.13,0,2025-08-02 04:00:00,2025-08-02 08:00:00,W,Howard Park Ave at Indian Rd,0,0,0,0
2025-08-02,13,10:00,119,11,15.2,0,1,30.13,0,2025-08-02 04:00:00,2025-08-02 08:00:00,W,Dundas St West at Howard Park Ave,0,0,0,0
2025-08-02,13,10:00,119,11,15.2,0,1,30.13,0,2025-08-02 04:00:00,2025-08-02 08:00:00,W,Main St at Gerrard St East,0,0,0,0
2025-08-02,13,10:00,119,11,15.2,0,1,30.13,0,2025-08-02 04:00:00,2025-08-02 08:00:00,W,Main St,0,0,0,0
2025-08-02,13,10:00,119,11,15.2,0,1,30.13,0,2025-08-02 04:00:00,2025-08-02 08:00:00,W,Main St at Danforth Ave,0,0,0,0
2025-08-02,13,10:00,119,11,15.2,0,1,30.13,0,2025-08-02 04:00:00,2025-08-02 08:00:00,W,Howard Park Ave at Parkside Dr,0,0,0,0
2025-08-09,13,10:00,119,11,15.2,0,1,30.13,0,2025-08-09 04:00:00,2025-08-09 08:00:00,E,Woodfield Rd,0,0,0,0
2025-08-09,13,10:00,119,11,15.2,0,1,30.13,0,2025-08-09 04:00:00,2025-08-09 08:00:00,E,Coxwell Ave at Gerrard St East,0,0,0,0
2025-08-09,13,10:00,119,11,15.2,0,1,30.13,0,2025-08-09 04:00:00,2025-08-09 08:00:00,E,Euclid Ave,0,0,0,0
2025-08-09,13,10:00,119,11,15.2,0,1,30.13,0,2025-08-09 04:00:00,2025-08-09 08:00:00,E,Bowmore Rd,0,3,0,0
2025-08-09,13,10:00,119,11,15.2,0,1,30.13,0,2025-08-09 04:00:00,2025-08-09 08:00:00,E,Bay St,0,0,0,0
2025-08-09,13,10:00,119,11,15.2,0,1,30.13,0,2025-08-09 04:00:00,2025-08-09 08:00:00,E,Lansdowne Ave,1,3,1,0
2025-08-09,13,10:00,119,11,15.2,0,1,30.13,0,2025-08-09 04:00:00,2025-08-09 08:00:00,E,Indian Rd,1,0,1,0
2025-08-09,13,10:00,119,11,15.2,0,1,30.13,0,2025-08-09 04:00:00,2025-08-09 08:00:00,E,Grace St,3,0,1,0
2025-08-09,13,10:00,119,11,15.2,0,1,30.13,0,2025-08-09 04:00:00,2025-08-09 08:00:00,E,Dufferin St,0,0,0,0
2025-08-09,13,10:00,119,11,15.2,0,1,30.13,0,2025-08-09 04:00:00,2025-08-09 08:00:00,E,Gerrard St East at Beaton Ave,0,3,0,0
2025-08-09,13,10:00,119,11,15.2,0,1,30.13,0,2025-08-09 04:00:00,2025-08-09 08:00:00,E,Bathurst St,0,0,0,0
2025-08-09,13,10:00,119,11,15.2,0,1,30.13,0,2025-08-09 04:00:00,2025-08-09 08:00:00,E,Yonge St - College Station,0,0,0,0
2025-08-09,13,10:00,119,11,15.2,0,1,30.13,0,2025-08-09 04:00:00,2025-08-09 08:00:00,E,Dundas St West at Sterling Rd,1,0,0,0
2025-08-09,13,10:00,119,11,15.2,0,1,30.13,0,2025-08-09 04:00:00,2025-08-09 08:00:00,E,Brock Ave,1,3,1,0
2025-08-09,13,10:00,119,11,15.2,0,1,30.13,0,2025-08-09 04:00:00,2025-08-09 08:00:00,E,Sackville St,1,0,0,0
2025-08-09,13,10:00,119,11,15.2,0,1,30.13,0,2025-08-09 04:00:00,2025-08-09 08:00:00,E,Carlaw Ave,0,0,0,0
2025-08-09,13,10:00,119,11,15.2,0,1,30.13,0,2025-08-09 04:00:00,2025-08-09 08:00:00,E,Borden St,0,0,0,0
2025-08-09,13,10:00,119,11,15.2,0,1,30.13,0,2025-08-09 04:00:00,2025-08-09 08:00:00,E,Dundas St West at Sorauren Ave,1,0,0,0
2025-08-09,13,10:00,119,11,15.2,0,1,30.13,0,2025-08-09 04:00:00,2025-08-09 08:00:00,E,Crawford St,2,0,1,0
2025-08-09,13,10:00,119,11,15.2,0,1,30.13,0,2025-08-09 04:00:00,2025-08-09 08:00:00,E,Pape Ave,0,0,0,0
2025-08-09,13,10:00,119,11,15.2,0,1,30.13,0,2025-08-09 04:00:00,2025-08-09 08:00:00,E,Spadina Ave,0,0,0,0
2025-08-09,13,10:00,119,11,15.2,0,1,30.13,0,2025-08-09 04:00:00,2025-08-09 08:00:00,E,River St,0,0,0,0
2025-08-09,13,10:00,119,11,15.2,0,1,30.13,0,2025-08-09 04:00:00,2025-08-09 08:00:00,E,Marjory Ave,0,0,0,0
2025-08-09,13,10:00,119,11,15.2,0,1,30.13,0,2025-08-09 04:00:00,2025-08-09 08:00:00,E,Kingsmount Park Rd,0,3,0,0
2025-08-09,13,10:00,119,11,15.2,0,1,30.13,0,2025-08-09 04:00:00,2025-08-09 08:00:00,E,Church St,0,0,0,0
2025-08-09,13,10:00,119,11,15.2,0,1,30.13,0,2025-08-09 04:00:00,2025-08-09 08:00:00,E,Ossington Ave,1,0,0,0
2025-08-09,13,10:00,119,11,15.2,0,1,30.13,0,2025-08-09 04:00:00,2025-08-09 08:00:00,E,Woodbine Ave,0,3,0,0
2025-08-09,13,10:00,119,11,15.2,0,1,30.13,0,2025-08-09 04:00:00,2025-08-09 08:00:00,E,Jones Ave,0,0,0,0
2025-08-09,13,10:00,119,11,15.2,0,1,30.13,0,2025-08-09 04:00:00,2025-08-09 08:00:00,E,Golfview Ave,0,3,0,0
2025-08-09,13,10:00,119,11,15.2,0,1,30.13,0,2025-08-09 04:00:00,2025-08-09 08:00:00,E,Leslie St,0,0,0,0
2025-08-09,13,10:00,119,11,15.2,0,1,30.13,0,2025-08-09 04:00:00,2025-08-09 08:00:00,E,St Matthews Rd,0,0,0,0
2025-08-09,13,10:00,119,11,15.2,0,1,30.13,0,2025-08-09 04:00:00,2025-08-09 08:00:00,E,Jarvis St,1,0,0,0
2025-08-09,13,10:00,119,11,15.2,0,1,30.13,0,2025-08-09 04:00:00,2025-08-09 08:00:00,E,Sherbourne St,1,0,0,0
2025-08-09,13,10:00,119,11,15.2,0,1,30.13,0,2025-08-09 04:00:00,2025-08-09 08:00:00,E,St George St,0,0,0,0
2025-08-09,13,10:00,119,11,15.2,0,1,30.13,0,2025-08-09 04:00:00,2025-08-09 08:00:00,E,Dovercourt Rd,0,0,1,0
2025-08-09,13,10:00,119,11,15.2,0,1,30.13,0,2025-08-09 04:00:00,2025-08-09 08:00:00,E,Glenmount Park Rd,0,3,0,0
2025-08-09,13,10:00,119,11,15.2,0,1,30.13,0,2025-08-09 04:00:00,2025-08-09 08:00:00,E,Prust Ave,0,0,0,0
2025-08-09,13,10:00,119,11,15.2,0,1,30.13,0,2025-08-09 04:00:00,2025-08-09 08:00:00,E,Main Street Station at Bay 7,0,0,0,0
2025-08-09,13,10:00,119,11,15.2,0,1,30.13,0,2025-08-09 04:00:00,2025-08-09 08:00:00,E,Norwood Rd,0,3,0,0
2025-08-09,13,10:00,119,11,15.2,0,1,30.13,0,2025-08-09 04:00:00,2025-08-09 08:00:00,E,McCaul St,0,0,0,0
2025-08-09,13,10:00,119,11,15.2,0,1,30.13,0,2025-08-09 04:00:00,2025-08-09 08:00:00,E,Broadview Ave,0,0,0,0
2025-08-09,13,10:00,119,11,15.2,0,1,30.13,0,2025-08-09 04:00:00,2025-08-09 08:00:00,E,Ontario St,1,0,0,0
2025-08-09,13,10:00,119,11,15.2,0,1,30.13,0,2025-08-09 04:00:00,2025-08-09 08:00:00,E,Rusholme Park Cres,0,0,1,0
2025-08-09,13,10:00,119,11,15.2,0,1,30.13,0,2025-08-09 04:00:00,2025-08-09 08:00:00,E,Havelock St,0,0,0,0
2025-08-09,13,10:00,119,11,15.2,0,1,30.13,0,2025-08-09 04:00:00,2025-08-09 08:00:00,E,High Park Loop,0,0,0,0
2025-08-09,13,10:00,119,11,15.2,0,1,30.13,0,2025-08-09 04:00:00,2025-08-09 08:00:00,E,Queens Park (Queen's Park Station),0,0,0,0
2025-08-09,13,10:00,119,11,15.2,0,1,30.13,0,2025-08-09 04:00:00,2025-08-09 08:00:00,E,Roncesvalles Ave,0,0,1,0
2025-08-09,13,10:00,119,11,15.2,0,1,30.13,0,2025-08-09 04:00:00,2025-08-09 08:00:00,E,De Grassi St,0,0,0,0
2025-08-09,13,10:00,119,11,15.2,0,1,30.13,0,2025-08-09 04:00:00,2025-08-09 08:00:00,E,Parliament St at Carlton St,2,0,0,0
2025-08-09,13,10:00,119,11,15.2,0,1,30.13,0,2025-08-09 04:00:00,2025-08-09 08:00:00,E,Parkside Dr East Side,1,0,0,0
2025-08-09,13,10:00,119,11,15.2,0,1,30.13,0,2025-08-09 04:00:00,2025-08-09 08:00:00,E,Dundas St West,1,0,0,0
2025-08-09,13,10:00,119,11,15.2,0,1,30.13,0,2025-08-09 04:00:00,2025-08-09 08:00:00,E,Howard Park Ave at Roncesvalles Ave,0,0,0,0
2025-08-09,13,10:00,119,11,15.2,0,1,30.13,0,2025-08-09 04:00:00,2025-08-09 08:00:00,E,Parliament St,0,0,0,0
2025-08-09,13,10:00,119,11,15.2,0,1,30.13,0,2025-08-09 04:00:00,2025-08-09 08:00:00,E,Parliament St at Gerrard St East,0,0,0,0
2025-08-09,13,10:00,119,11,15.2,0,1,30.13,0,2025-08-09 04:00:00,2025-08-09 08:00:00,E,Sumach St,0,0,0,0
2025-08-09,13,10:00,119,11,15.2,0,1,30.13,0,2025-08-09 04:00:00,2025-08-09 08:00:00,E,Blackburn St,0,0,0,0
2025-08-09,13,10:00,119,11,15.2,0,1,30.13,0,2025-08-09 04:00:00,2025-08-09 08:00:00,E,Logan Ave,0,0,0,0
2025-08-09,13,10:00,119,11,15.2,0,1,30.13,0,2025-08-09 04:00:00,2025-08-09 08:00:00,E,Augusta Ave,0,0,0,0
2025-08-09,13,10:00,119,11,15.2,0,1,30.13,0,2025-08-09 04:00:00,2025-08-09 08:00:00,E,Beverley St,0,0,0,0
2025-08-09,13,10:00,119,11,15.2,0,1,30.13,0,2025-08-09 04:00:00,2025-08-09 08:00:00,E,University Ave (Queen's Park Station,0,0,0,0
2025-08-09,13,10:00,119,11,15.2,0,1,30.13,0,2025-08-09 04:00:00,2025-08-09 08:00:00,E,Elizabeth St,0,0,0,0
2025-08-09,13,10:00,119,11,15.2,0,1,30.13,0,2025-08-09 04:00:00,2025-08-09 08:00:00,E,Greenwood Ave,0,0,0,0
2025-08-09,13,10:00,119,11,15.2,0,1,30.13,0,2025-08-09 04:00:00,2025-08-09 08:00:00,E,Alton Ave,0,0,0,0
2025-08-09,13,10:00,119,11,15.2,0,1,30.13,0,2025-08-09 04:00:00,2025-08-09 08:00:00,E,Coxwell Ave,0,0,0,0
2025-08-09,13,10:00,119,11,15.2,0,1,30.13,0,2025-08-09 04:00:00,2025-08-09 08:00:00,E,Gerrard St East  at Coxwell Ave,0,0,0,0
2025-08-09,13,10:00,119,11,15.2,0,1,30.13,0,2025-08-09 04:00:00,2025-08-09 08:00:00,E,Coxwell Ave at Lower Gerrard St East,0,0,0,0
2025-08-09,13,10:00,119,11,15.2,0,1,30.13,0,2025-08-09 04:00:00,2025-08-09 08:00:00,E,Ashdale Ave,0,0,0,0
2025-08-09,13,10:00,119,11,15.2,0,1,30.13,0,2025-08-09 04:00:00,2025-08-09 08:00:00,E,Howard Park Ave at Indian Rd,0,0,0,0
2025-08-09,13,10:00,119,11,15.2,0,1,30.13,0,2025-08-09 04:00:00,2025-08-09 08:00:00,E,Dundas St West at Howard Park Ave,0,0,0,0
2025-08-09,13,10:00,119,11,15.2,0,1,30.13,0,2025-08-09 04:00:00,2025-08-09 08:00:00,E,Main St at Gerrard St East,0,0,0,0
2025-08-09,13,10:00,119,11,15.2,0,1,30.13,0,2025-08-09 04:00:00,2025-08-09 08:00:00,E,Main St,0,0,0,0
2025-08-09,13,10:00,119,11,15.2,0,1,30.13,0,2025-08-09 04:00:00,2025-08-09 08:00:00,E,Main St at Danforth Ave,0,0,0,0
2025-08-09,13,10:00,119,11,15.2,0,1,30.13,0,2025-08-09 04:00:00,2025-08-09 08:00:00,E,Howard Park Ave at Parkside Dr,0,0,0,0
2025-08-09,13,10:00,119,11,15.2,0,1,30.13,0,2025-08-09 04:00:00,2025-08-09 08:00:00,W,Woodfield Rd,0,2,0,0
2025-08-09,13,10:00,119,11,15.2,0,1,30.13,0,2025-08-09 04:00:00,2025-08-09 08:00:00,W,Coxwell Ave at Gerrard St East,0,3,0,0
2025-08-09,13,10:00,119,11,15.2,0,1,30.13,0,2025-08-09 04:00:00,2025-08-09 08:00:00,W,Euclid Ave,0,0,0,0
2025-08-09,13,10:00,119,11,15.2,0,1,30.13,0,2025-08-09 04:00:00,2025-08-09 08:00:00,W,Bowmore Rd,0,2,0,0
2025-08-09,13,10:00,119,11,15.2,0,1,30.13,0,2025-08-09 04:00:00,2025-08-09 08:00:00,W,Bay St,0,1,0,0
2025-08-09,13,10:00,119,11,15.2,0,1,30.13,0,2025-08-09 04:00:00,2025-08-09 08:00:00,W,Lansdowne Ave,0,0,0,0
2025-08-09,13,10:00,119,11,15.2,0,1,30.13,0,2025-08-09 04:00:00,2025-08-09 08:00:00,W,Indian Rd,2,1,0,0
2025-08-09,13,10:00,119,11,15.2,0,1,30.13,0,2025-08-09 04:00:00,2025-08-09 08:00:00,W,Grace St,0,0,0,0
2025-08-09,13,10:00,119,11,15.2,0,1,30.13,0,2025-08-09 04:00:00,2025-08-09 08:00:00,W,Dufferin St,1,1,0,0
2025-08-09,13,10:00,119,11,15.2,0,1,30.13,0,2025-08-09 04:00:00,2025-08-09 08:00:00,W,Gerrard St East at Beaton Ave,0,2,0,0
2025-08-09,13,10:00,119,11,15.2,0,1,30.13,0,2025-08-09 04:00:00,2025-08-09 08:00:00,W,Bathurst St,0,0,0,0
2025-08-09,13,10:00,119,11,15.2,0,1,30.13,0,2025-08-09 04:00:00,2025-08-09 08:00:00,W,Yonge St - College Station,0,0,0,0
2025-08-09,13,10:00,119,11,15.2,0,1,30.13,0,2025-08-09 04:00:00,2025-08-09 08:00:00,W,Dundas St West at Sterling Rd,0,0,0,0
2025-08-09,13,10:00,119,11,15.2,0,1,30.13,0,2025-08-09 04:00:00,2025-08-09 08:00:00,W,Brock Ave,0,0,0,0
2025-08-09,13,10:00,119,11,15.2,0,1,30.13,0,2025-08-09 04:00:00,2025-08-09 08:00:00,W,Sackville St,0,1,0,0
2025-08-09,13,10:00,119,11,15.2,0,1,30.13,0,2025-08-09 04:00:00,2025-08-09 08:00:00,W,Carlaw Ave,0,0,0,0
2025-08-09,13,10:00,119,11,15.2,0,1,30.13,0,2025-08-09 04:00:00,2025-08-09 08:00:00,W,Borden St,0,0,0,0
2025-08-09,13,10:00,119,11,15.2,0,1,30.13,0,2025-08-09 04:00:00,2025-08-09 08:00:00,W,Dundas St West at Sorauren Ave,2,1,0,0
2025-08-09,13,10:00,119,11,15.2,0,1,30.13,0,2025-08-09 04:00:00,2025-08-09 08:00:00,W,Crawford St,0,0,0,0
2025-08-09,13,10:00,119,11,15.2,0,1,30.13,0,2025-08-09 04:00:00,2025-08-09 08:00:00,W,Pape Ave,0,0,0,0
2025-08-09,13,10:00,119,11,15.2,0,1,30.13,0,2025-08-09 04:00:00,2025-08-09 08:00:00,W,Spadina Ave,0,1,0,0
2025-08-09,13,10:00,119,11,15.2,0,1,30.13,0,2025-08-09 04:00:00,2025-08-09 08:00:00,W,River St,0,1,0,0
2025-08-09,13,10:00,119,11,15.2,0,1,30.13,0,2025-08-09 04:00:00,2025-08-09 08:00:00,W,Marjory Ave,0,0,0,0
2025-08-09,13,10:00,119,11,15.2,0,1,30.13,0,2025-08-09 04:00:00,2025-08-09 08:00:00,W,Kingsmount Park Rd,0,0,0,0
2025-08-09,13,10:00,119,11,15.2,0,1,30.13,0,2025-08-09 04:00:00,2025-08-09 08:00:00,W,Church St,0,0,0,0
2025-08-09,13,10:00,119,11,15.2,0,1,30.13,0,2025-08-09 04:00:00,2025-08-09 08:00:00,W,Ossington Ave,0,0,0,0
2025-08-09,13,10:00,119,11,15.2,0,1,30.13,0,2025-08-09 04:00:00,2025-08-09 08:00:00,W,Woodbine Ave,0,0,0,0
2025-08-09,13,10:00,119,11,15.2,0,1,30.13,0,2025-08-09 04:00:00,2025-08-09 08:00:00,W,Jones Ave,0,0,0,0
2025-08-09,13,10:00,119,11,15.2,0,1,30.13,0,2025-08-09 04:00:00,2025-08-09 08:00:00,W,Golfview Ave,0,0,0,0
2025-08-09,13,10:00,119,11,15.2,0,1,30.13,0,2025-08-09 04:00:00,2025-08-09 08:00:00,W,Leslie St,0,0,0,0
2025-08-09,13,10:00,119,11,15.2,0,1,30.13,0,2025-08-09 04:00:00,2025-08-09 08:00:00,W,St Matthews Rd,0,0,0,0
2025-08-09,13,10:00,119,11,15.2,0,1,30.13,0,2025-08-09 04:00:00,2025-08-09 08:00:00,W,Jarvis St,0,0,0,0
2025-08-09,13,10:00,119,11,15.2,0,1,30.13,0,2025-08-09 04:00:00,2025-08-09 08:00:00,W,Sherbourne St,0,0,0,0
2025-08-09,13,10:00,119,11,15.2,0,1,30.13,0,2025-08-09 04:00:00,2025-08-09 08:00:00,W,St George St,0,0,0,0
2025-08-09,13,10:00,119,11,15.2,0,1,30.13,0,2025-08-09 04:00:00,2025-08-09 08:00:00,W,Dovercourt Rd,0,0,0,0
2025-08-09,13,10:00,119,11,15.2,0,1,30.13,0,2025-08-09 04:00:00,2025-08-09 08:00:00,W,Glenmount Park Rd,0,0,0,0
2025-08-09,13,10:00,119,11,15.2,0,1,30.13,0,2025-08-09 04:00:00,2025-08-09 08:00:00,W,Prust Ave,0,0,0,0
2025-08-09,13,10:00,119,11,15.2,0,1,30.13,0,2025-08-09 04:00:00,2025-08-09 08:00:00,W,Main Street Station at Bay 7,0,1,0,0
2025-08-09,13,10:00,119,11,15.2,0,1,30.13,0,2025-08-09 04:00:00,2025-08-09 08:00:00,W,Norwood Rd,0,0,0,0
2025-08-09,13,10:00,119,11,15.2,0,1,30.13,0,2025-08-09 04:00:00,2025-08-09 08:00:00,W,McCaul St,0,0,0,0
2025-08-09,13,10:00,119,11,15.2,0,1,30.13,0,2025-08-09 04:00:00,2025-08-09 08:00:00,W,Broadview Ave,0,0,0,0
2025-08-09,13,10:00,119,11,15.2,0,1,30.13,0,2025-08-09 04:00:00,2025-08-09 08:00:00,W,Ontario St,0,0,0,0
2025-08-09,13,10:00,119,11,15.2,0,1,30.13,0,2025-08-09 04:00:00,2025-08-09 08:00:00,W,Rusholme Park Cres,0,0,0,0
2025-08-09,13,10:00,119,11,15.2,0,1,30.13,0,2025-08-09 04:00:00,2025-08-09 08:00:00,W,Havelock St,0,0,0,0
2025-08-09,13,10:00,119,11,15.2,0,1,30.13,0,2025-08-09 04:00:00,2025-08-09 08:00:00,W,High Park Loop,0,0,0,0
2025-08-09,13,10:00,119,11,15.2,0,1,30.13,0,2025-08-09 04:00:00,2025-08-09 08:00:00,W,Queens Park (Queen's Park Station),0,0,0,0
2025-08-09,13,10:00,119,11,15.2,0,1,30.13,0,2025-08-09 04:00:00,2025-08-09 08:00:00,W,Roncesvalles Ave,2,1,0,0
2025-08-09,13,10:00,119,11,15.2,0,1,30.13,0,2025-08-09 04:00:00,2025-08-09 08:00:00,W,De Grassi St,0,0,0,0
2025-08-09,13,10:00,119,11,15.2,0,1,30.13,0,2025-08-09 04:00:00,2025-08-09 08:00:00,W,Parliament St at Carlton St,0,0,0,0
2025-08-09,13,10:00,119,11,15.2,0,1,30.13,0,2025-08-09 04:00:00,2025-08-09 08:00:00,W,Parkside Dr East Side,0,0,0,0
2025-08-09,13,10:00,119,11,15.2,0,1,30.13,0,2025-08-09 04:00:00,2025-08-09 08:00:00,W,Dundas St West,2,1,0,0
2025-08-09,13,10:00,119,11,15.2,0,1,30.13,0,2025-08-09 04:00:00,2025-08-09 08:00:00,W,Howard Park Ave at Roncesvalles Ave,0,0,0,0
2025-08-09,13,10:00,119,11,15.2,0,1,30.13,0,2025-08-09 04:00:00,2025-08-09 08:00:00,W,Parliament St,0,0,0,0
2025-08-09,13,10:00,119,11,15.2,0,1,30.13,0,2025-08-09 04:00:00,2025-08-09 08:00:00,W,Parliament St at Gerrard St East,0,0,0,0
2025-08-09,13,10:00,119,11,15.2,0,1,30.13,0,2025-08-09 04:00:00,2025-08-09 08:00:00,W,Sumach St,0,0,0,0
2025-08-09,13,10:00,119,11,15.2,0,1,30.13,0,2025-08-09 04:00:00,2025-08-09 08:00:00,W,Blackburn St,0,0,0,0
2025-08-09,13,10:00,119,11,15.2,0,1,30.13,0,2025-08-09 04:00:00,2025-08-09 08:00:00,W,Logan Ave,0,0,0,0
2025-08-09,13,10:00,119,11,15.2,0,1,30.13,0,2025-08-09 04:00:00,2025-08-09 08:00:00,W,Augusta Ave,0,0,0,0
2025-08-09,13,10:00,119,11,15.2,0,1,30.13,0,2025-08-09 04:00:00,2025-08-09 08:00:00,W,Beverley St,0,0,0,0
2025-08-09,13,10:00,119,11,15.2,0,1,30.13,0,2025-08-09 04:00:00,2025-08-09 08:00:00,W,University Ave (Queen's Park Station,0,0,0,0
2025-08-09,13,10:00,119,11,15.2,0,1,30.13,0,2025-08-09 04:00:00,2025-08-09 08:00:00,W,Elizabeth St,0,0,0,0
2025-08-09,13,10:00,119,11,15.2,0,1,30.13,0,2025-08-09 04:00:00,2025-08-09 08:00:00,W,Greenwood Ave,0,0,0,0
2025-08-09,13,10:00,119,11,15.2,0,1,30.13,0,2025-08-09 04:00:00,2025-08-09 08:00:00,W,Alton Ave,0,0,0,0
2025-08-09,13,10:00,119,11,15.2,0,1,30.13,0,2025-08-09 04:00:00,2025-08-09 08:00:00,W,Coxwell Ave,0,0,0,0
2025-08-09,13,10:00,119,11,15.2,0,1,30.13,0,2025-08-09 04:00:00,2025-08-09 08:00:00,W,Gerrard St East  at Coxwell Ave,0,0,0,0
2025-08-09,13,10:00,119,11,15.2,0,1,30.13,0,2025-08-09 04:00:00,2025-08-09 08:00:00,W,Coxwell Ave at Lower Gerrard St East,0,0,0,0
2025-08-09,13,10:00,119,11,15.2,0,1,30.13,0,2025-08-09 04:00:00,2025-08-09 08:00:00,W,Ashdale Ave,0,0,0,0
2025-08-09,13,10:00,119,11,15.2,0,1,30.13,0,2025-08-09 04:00:00,2025-08-09 08:00:00,W,Howard Park Ave at Indian Rd,0,0,0,0
2025-08-09,13,10:00,119,11,15.2,0,1,30.13,0,2025-08-09 04:00:00,2025-08-09 08:00:00,W,Dundas St West at Howard Park Ave,0,0,0,0
2025-08-09,13,10:00,119,11,15.2,0,1,30.13,0,2025-08-09 04:00:00,2025-08-09 08:00:00,W,Main St at Gerrard St East,0,0,0,0
2025-08-09,13,10:00,119,11,15.2,0,1,30.13,0,2025-08-09 04:00:00,2025-08-09 08:00:00,W,Main St,0,0,0,0
2025-08-09,13,10:00,119,11,15.2,0,1,30.13,0,2025-08-09 04:00:00,2025-08-09 08:00:00,W,Main St at Danforth Ave,0,0,0,0
2025-08-09,13,10:00,119,11,15.2,0,1,30.13,0,2025-08-09 04:00:00,2025-08-09 08:00:00,W,Howard Park Ave at Parkside Dr,0,0,0,0
2025-08-16,13,10:00,119,11,15.2,0,1,30.13,0,2025-08-16 04:00:00,2025-08-16 08:00:00,E,Woodfield Rd,0,0,0,0
2025-08-16,13,10:00,119,11,15.2,0,1,30.13,0,2025-08-16 04:00:00,2025-08-16 08:00:00,E,Coxwell Ave at Gerrard St East,0,0,0,0
2025-08-16,13,10:00,119,11,15.2,0,1,30.13,0,2025-08-16 04:00:00,2025-08-16 08:00:00,E,Euclid Ave,0,0,0,0
2025-08-16,13,10:00,119,11,15.2,0,1,30.13,0,2025-08-16 04:00:00,2025-08-16 08:00:00,E,Bowmore Rd,0,4,3,0
2025-08-16,13,10:00,119,11,15.2,0,1,30.13,0,2025-08-16 04:00:00,2025-08-16 08:00:00,E,Bay St,2,3,4,0
2025-08-16,13,10:00,119,11,15.2,0,1,30.13,0,2025-08-16 04:00:00,2025-08-16 08:00:00,E,Lansdowne Ave,1,6,9,0
2025-08-16,13,10:00,119,11,15.2,0,1,30.13,0,2025-08-16 04:00:00,2025-08-16 08:00:00,E,Indian Rd,1,2,8,0
2025-08-16,13,10:00,119,11,15.2,0,1,30.13,0,2025-08-16 04:00:00,2025-08-16 08:00:00,E,Grace St,2,5,13,0
2025-08-16,13,10:00,119,11,15.2,0,1,30.13,0,2025-08-16 04:00:00,2025-08-16 08:00:00,E,Dufferin St,0,3,3,0
2025-08-16,13,10:00,119,11,15.2,0,1,30.13,0,2025-08-16 04:00:00,2025-08-16 08:00:00,E,Gerrard St East at Beaton Ave,0,4,3,0
2025-08-16,13,10:00,119,11,15.2,0,1,30.13,0,2025-08-16 04:00:00,2025-08-16 08:00:00,E,Bathurst St,1,4,4,0
2025-08-16,13,10:00,119,11,15.2,0,1,30.13,0,2025-08-16 04:00:00,2025-08-16 08:00:00,E,Yonge St - College Station,0,0,0,0
2025-08-16,13,10:00,119,11,15.2,0,1,30.13,0,2025-08-16 04:00:00,2025-08-16 08:00:00,E,Dundas St West at Sterling Rd,0,2,6,0
2025-08-16,13,10:00,119,11,15.2,0,1,30.13,0,2025-08-16 04:00:00,2025-08-16 08:00:00,E,Brock Ave,0,8,9,0
2025-08-16,13,10:00,119,11,15.2,0,1,30.13,0,2025-08-16 04:00:00,2025-08-16 08:00:00,E,Sackville St,0,3,5,0
2025-08-16,13,10:00,119,11,15.2,0,1,30.13,0,2025-08-16 04:00:00,2025-08-16 08:00:00,E,Carlaw Ave,0,0,0,0
2025-08-16,13,10:00,119,11,15.2,0,1,30.13,0,2025-08-16 04:00:00,2025-08-16 08:00:00,E,Borden St,1,2,4,0
2025-08-16,13,10:00,119,11,15.2,0,1,30.13,0,2025-08-16 04:00:00,2025-08-16 08:00:00,E,Dundas St West at Sorauren Ave,0,2,6,0
2025-08-16,13,10:00,119,11,15.2,0,1,30.13,0,2025-08-16 04:00:00,2025-08-16 08:00:00,E,Crawford St,3,5,11,0
2025-08-16,13,10:00,119,11,15.2,0,1,30.13,0,2025-08-16 04:00:00,2025-08-16 08:00:00,E,Pape Ave,0,0,0,0
2025-08-16,13,10:00,119,11,15.2,0,1,30.13,0,2025-08-16 04:00:00,2025-08-16 08:00:00,E,Spadina Ave,1,3,4,0
2025-08-16,13,10:00,119,11,15.2,0,1,30.13,0,2025-08-16 04:00:00,2025-08-16 08:00:00,E,River St,1,3,5,0
2025-08-16,13,10:00,119,11,15.2,0,1,30.13,0,2025-08-16 04:00:00,2025-08-16 08:00:00,E,Marjory Ave,0,0,0,0
2025-08-16,13,10:00,119,11,15.2,0,1,30.13,0,2025-08-16 04:00:00,2025-08-16 08:00:00,E,Kingsmount Park Rd,0,4,3,0
2025-08-16,13,10:00,119,11,15.2,0,1,30.13,0,2025-08-16 04:00:00,2025-08-16 08:00:00,E,Church St,0,0,0,0
2025-08-16,13,10:00,119,11,15.2,0,1,30.13,0,2025-08-16 04:00:00,2025-08-16 08:00:00,E,Ossington Ave,2,4,10,0
2025-08-16,13,10:00,119,11,15.2,0,1,30.13,0,2025-08-16 04:00:00,2025-08-16 08:00:00,E,Woodbine Ave,0,4,3,0
2025-08-16,13,10:00,119,11,15.2,0,1,30.13,0,2025-08-16 04:00:00,2025-08-16 08:00:00,E,Jones Ave,0,0,0,0
2025-08-16,13,10:00,119,11,15.2,0,1,30.13,0,2025-08-16 04:00:00,2025-08-16 08:00:00,E,Golfview Ave,0,4,3,0
2025-08-16,13,10:00,119,11,15.2,0,1,30.13,0,2025-08-16 04:00:00,2025-08-16 08:00:00,E,Leslie St,0,0,0,0
2025-08-16,13,10:00,119,11,15.2,0,1,30.13,0,2025-08-16 04:00:00,2025-08-16 08:00:00,E,St Matthews Rd,1,3,5,0
2025-08-16,13,10:00,119,11,15.2,0,1,30.13,0,2025-08-16 04:00:00,2025-08-16 08:00:00,E,Jarvis St,1,3,6,0
2025-08-16,13,10:00,119,11,15.2,0,1,30.13,0,2025-08-16 04:00:00,2025-08-16 08:00:00,E,Sherbourne St,1,3,6,0
2025-08-16,13,10:00,119,11,15.2,0,1,30.13,0,2025-08-16 04:00:00,2025-08-16 08:00:00,E,St George St,1,3,4,0
2025-08-16,13,10:00,119,11,15.2,0,1,30.13,0,2025-08-16 04:00:00,2025-08-16 08:00:00,E,Dovercourt Rd,2,5,10,0
2025-08-16,13,10:00,119,11,15.2,0,1,30.13,0,2025-08-16 04:00:00,2025-08-16 08:00:00,E,Glenmount Park Rd,0,4,3,0
2025-08-16,13,10:00,119,11,15.2,0,1,30.13,0,2025-08-16 04:00:00,2025-08-16 08:00:00,E,Prust Ave,0,0,0,0
2025-08-16,13,10:00,119,11,15.2,0,1,30.13,0,2025-08-16 04:00:00,2025-08-16 08:00:00,E,Main Street Station at Bay 7,0,0,0,0
2025-08-16,13,10:00,119,11,15.2,0,1,30.13,0,2025-08-16 04:00:00,2025-08-16 08:00:00,E,Norwood Rd,0,4,3,0
2025-08-16,13,10:00,119,11,15.2,0,1,30.13,0,2025-08-16 04:00:00,2025-08-16 08:00:00,E,McCaul St,1,3,4,0
2025-08-16,13,10:00,119,11,15.2,0,1,30.13,0,2025-08-16 04:00:00,2025-08-16 08:00:00,E,Broadview Ave,1,2,5,0
2025-08-16,13,10:00,119,11,15.2,0,1,30.13,0,2025-08-16 04:00:00,2025-08-16 08:00:00,E,Ontario St,1,3,6,0
2025-08-16,13,10:00,119,11,15.2,0,1,30.13,0,2025-08-16 04:00:00,2025-08-16 08:00:00,E,Rusholme Park Cres,0,2,6,0
2025-08-16,13,10:00,119,11,15.2,0,1,30.13,0,2025-08-16 04:00:00,2025-08-16 08:00:00,E,Havelock St,0,0,0,0
2025-08-16,13,10:00,119,11,15.2,0,1,30.13,0,2025-08-16 04:00:00,2025-08-16 08:00:00,E,High Park Loop,2,4,15,1
2025-08-16,13,10:00,119,11,15.2,0,1,30.13,0,2025-08-16 04:00:00,2025-08-16 08:00:00,E,Queens Park (Queen's Park Station),1,3,4,0
2025-08-16,13,10:00,119,11,15.2,0,1,30.13,0,2025-08-16 04:00:00,2025-08-16 08:00:00,E,Roncesvalles Ave,0,2,6,0
2025-08-16,13,10:00,119,11,15.2,0,1,30.13,0,2025-08-16 04:00:00,2025-08-16 08:00:00,E,De Grassi St,1,2,5,0
2025-08-16,13,10:00,119,11,15.2,0,1,30.13,0,2025-08-16 04:00:00,2025-08-16 08:00:00,E,Parliament St at Carlton St,2,3,6,0
2025-08-16,13,10:00,119,11,15.2,0,1,30.13,0,2025-08-16 04:00:00,2025-08-16 08:00:00,E,Parkside Dr East Side,1,2,7,1
2025-08-16,13,10:00,119,11,15.2,0,1,30.13,0,2025-08-16 04:00:00,2025-08-16 08:00:00,E,Dundas St West,1,3,6,0
2025-08-16,13,10:00,119,11,15.2,0,1,30.13,0,2025-08-16 04:00:00,2025-08-16 08:00:00,E,Howard Park Ave at Roncesvalles Ave,0,0,0,0
2025-08-16,13,10:00,119,11,15.2,0,1,30.13,0,2025-08-16 04:00:00,2025-08-16 08:00:00,E,Parliament St,0,0,0,0
2025-08-16,13,10:00,119,11,15.2,0,1,30.13,0,2025-08-16 04:00:00,2025-08-16 08:00:00,E,Parliament St at Gerrard St East,0,0,0,0
2025-08-16,13,10:00,119,11,15.2,0,1,30.13,0,2025-08-16 04:00:00,2025-08-16 08:00:00,E,Sumach St,0,0,0,0
2025-08-16,13,10:00,119,11,15.2,0,1,30.13,0,2025-08-16 04:00:00,2025-08-16 08:00:00,E,Blackburn St,0,0,0,0
2025-08-16,13,10:00,119,11,15.2,0,1,30.13,0,2025-08-16 04:00:00,2025-08-16 08:00:00,E,Logan Ave,1,3,5,0
2025-08-16,13,10:00,119,11,15.2,0,1,30.13,0,2025-08-16 04:00:00,2025-08-16 08:00:00,E,Augusta Ave,0,0,0,0
2025-08-16,13,10:00,119,11,15.2,0,1,30.13,0,2025-08-16 04:00:00,2025-08-16 08:00:00,E,Beverley St,0,0,0,0
2025-08-16,13,10:00,119,11,15.2,0,1,30.13,0,2025-08-16 04:00:00,2025-08-16 08:00:00,E,University Ave (Queen's Park Station,0,0,0,0
2025-08-16,13,10:00,119,11,15.2,0,1,30.13,0,2025-08-16 04:00:00,2025-08-16 08:00:00,E,Elizabeth St,0,0,0,0
2025-08-16,13,10:00,119,11,15.2,0,1,30.13,0,2025-08-16 04:00:00,2025-08-16 08:00:00,E,Greenwood Ave,0,0,0,0
2025-08-16,13,10:00,119,11,15.2,0,1,30.13,0,2025-08-16 04:00:00,2025-08-16 08:00:00,E,Alton Ave,0,0,0,0
2025-08-16,13,10:00,119,11,15.2,0,1,30.13,0,2025-08-16 04:00:00,2025-08-16 08:00:00,E,Coxwell Ave,0,0,0,0
2025-08-16,13,10:00,119,11,15.2,0,1,30.13,0,2025-08-16 04:00:00,2025-08-16 08:00:00,E,Gerrard St East  at Coxwell Ave,0,0,0,0
2025-08-16,13,10:00,119,11,15.2,0,1,30.13,0,2025-08-16 04:00:00,2025-08-16 08:00:00,E,Coxwell Ave at Lower Gerrard St East,0,0,0,0
2025-08-16,13,10:00,119,11,15.2,0,1,30.13,0,2025-08-16 04:00:00,2025-08-16 08:00:00,E,Ashdale Ave,0,0,0,0
2025-08-16,13,10:00,119,11,15.2,0,1,30.13,0,2025-08-16 04:00:00,2025-08-16 08:00:00,E,Howard Park Ave at Indian Rd,0,0,0,0
2025-08-16,13,10:00,119,11,15.2,0,1,30.13,0,2025-08-16 04:00:00,2025-08-16 08:00:00,E,Dundas St West at Howard Park Ave,0,0,0,0
2025-08-16,13,10:00,119,11,15.2,0,1,30.13,0,2025-08-16 04:00:00,2025-08-16 08:00:00,E,Main St at Gerrard St East,0,0,0,0
2025-08-16,13,10:00,119,11,15.2,0,1,30.13,0,2025-08-16 04:00:00,2025-08-16 08:00:00,E,Main St,0,0,0,0
2025-08-16,13,10:00,119,11,15.2,0,1,30.13,0,2025-08-16 04:00:00,2025-08-16 08:00:00,E,Main St at Danforth Ave,0,0,0,0
2025-08-16,13,10:00,119,11,15.2,0,1,30.13,0,2025-08-16 04:00:00,2025-08-16 08:00:00,E,Howard Park Ave at Parkside Dr,0,0,0,0
2025-08-16,13,10:00,119,11,15.2,0,1,30.13,0,2025-08-16 04:00:00,2025-08-16 08:00:00,W,Woodfield Rd,0,0,0,0
2025-08-16,13,10:00,119,11,15.2,0,1,30.13,0,2025-08-16 04:00:00,2025-08-16 08:00:00,W,Coxwell Ave at Gerrard St East,0,0,0,0
2025-08-16,13,10:00,119,11,15.2,0,1,30.13,0,2025-08-16 04:00:00,2025-08-16 08:00:00,W,Euclid Ave,0,0,0,0
2025-08-16,13,10:00,119,11,15.2,0,1,30.13,0,2025-08-16 04:00:00,2025-08-16 08:00:00,W,Bowmore Rd,0,3,2,1
2025-08-16,13,10:00,119,11,15.2,0,1,30.13,0,2025-08-16 04:00:00,2025-08-16 08:00:00,W,Bay St,0,0,0,0
2025-08-16,13,10:00,119,11,15.2,0,1,30.13,0,2025-08-16 04:00:00,2025-08-16 08:00:00,W,Lansdowne Ave,0,1,0,0
2025-08-16,13,10:00,119,11,15.2,0,1,30.13,0,2025-08-16 04:00:00,2025-08-16 08:00:00,W,Indian Rd,3,1,6,0
2025-08-16,13,10:00,119,11,15.2,0,1,30.13,0,2025-08-16 04:00:00,2025-08-16 08:00:00,W,Grace St,0,0,0,0
2025-08-16,13,10:00,119,11,15.2,0,1,30.13,0,2025-08-16 04:00:00,2025-08-16 08:00:00,W,Dufferin St,2,1,5,0
2025-08-16,13,10:00,119,11,15.2,0,1,30.13,0,2025-08-16 04:00:00,2025-08-16 08:00:00,W,Gerrard St East at Beaton Ave,2,3,1,1
2025-08-16,13,10:00,119,11,15.2,0,1,30.13,0,2025-08-16 04:00:00,2025-08-16 08:00:00,W,Bathurst St,0,0,0,0
2025-08-16,13,10:00,119,11,15.2,0,1,30.13,0,2025-08-16 04:00:00,2025-08-16 08:00:00,W,Yonge St - College Station,0,1,0,0
2025-08-16,13,10:00,119,11,15.2,0,1,30.13,0,2025-08-16 04:00:00,2025-08-16 08:00:00,W,Dundas St West at Sterling Rd,0,0,0,0
2025-08-16,13,10:00,119,11,15.2,0,1,30.13,0,2025-08-16 04:00:00,2025-08-16 08:00:00,W,Brock Ave,0,0,0,0
2025-08-16,13,10:00,119,11,15.2,0,1,30.13,0,2025-08-16 04:00:00,2025-08-16 08:00:00,W,Sackville St,2,2,5,1
2025-08-16,13,10:00,119,11,15.2,0,1,30.13,0,2025-08-16 04:00:00,2025-08-16 08:00:00,W,Carlaw Ave,0,0,0,0
2025-08-16,13,10:00,119,11,15.2,0,1,30.13,0,2025-08-16 04:00:00,2025-08-16 08:00:00,W,Borden St,0,0,0,0
2025-08-16,13,10:00,119,11,15.2,0,1,30.13,0,2025-08-16 04:00:00,2025-08-16 08:00:00,W,Dundas St West at Sorauren Ave,2,2,6,0
2025-08-16,13,10:00,119,11,15.2,0,1,30.13,0,2025-08-16 04:00:00,2025-08-16 08:00:00,W,Crawford St,0,0,0,0
2025-08-16,13,10:00,119,11,15.2,0,1,30.13,0,2025-08-16 04:00:00,2025-08-16 08:00:00,W,Pape Ave,0,1,0,0
2025-08-16,13,10:00,119,11,15.2,0,1,30.13,0,2025-08-16 04:00:00,2025-08-16 08:00:00,W,Spadina Ave,3,3,8,1
2025-08-16,13,10:00,119,11,15.2,0,1,30.13,0,2025-08-16 04:00:00,2025-08-16 08:00:00,W,River St,2,2,5,1
2025-08-16,13,10:00,119,11,15.2,0,1,30.13,0,2025-08-16 04:00:00,2025-08-16 08:00:00,W,Marjory Ave,0,1,0,0
2025-08-16,13,10:00,119,11,15.2,0,1,30.13,0,2025-08-16 04:00:00,2025-08-16 08:00:00,W,Kingsmount Park Rd,0,0,0,0
2025-08-16,13,10:00,119,11,15.2,0,1,30.13,0,2025-08-16 04:00:00,2025-08-16 08:00:00,W,Church St,0,1,0,0
2025-08-16,13,10:00,119,11,15.2,0,1,30.13,0,2025-08-16 04:00:00,2025-08-16 08:00:00,W,Ossington Ave,0,1,0,0
2025-08-16,13,10:00,119,11,15.2,0,1,30.13,0,2025-08-16 04:00:00,2025-08-16 08:00:00,W,Woodbine Ave,0,0,0,0
2025-08-16,13,10:00,119,11,15.2,0,1,30.13,0,2025-08-16 04:00:00,2025-08-16 08:00:00,W,Jones Ave,0,1,0,0
2025-08-16,13,10:00,119,11,15.2,0,1,30.13,0,2025-08-16 04:00:00,2025-08-16 08:00:00,W,Golfview Ave,0,0,0,0
2025-08-16,13,10:00,119,11,15.2,0,1,30.13,0,2025-08-16 04:00:00,2025-08-16 08:00:00,W,Leslie St,0,1,0,0
2025-08-16,13,10:00,119,11,15.2,0,1,30.13,0,2025-08-16 04:00:00,2025-08-16 08:00:00,W,St Matthews Rd,0,0,0,0
2025-08-16,13,10:00,119,11,15.2,0,1,30.13,0,2025-08-16 04:00:00,2025-08-16 08:00:00,W,Jarvis St,0,0,0,0
2025-08-16,13,10:00,119,11,15.2,0,1,30.13,0,2025-08-16 04:00:00,2025-08-16 08:00:00,W,Sherbourne St,0,0,0,0
2025-08-16,13,10:00,119,11,15.2,0,1,30.13,0,2025-08-16 04:00:00,2025-08-16 08:00:00,W,St George St,0,0,0,0
2025-08-16,13,10:00,119,11,15.2,0,1,30.13,0,2025-08-16 04:00:00,2025-08-16 08:00:00,W,Dovercourt Rd,0,1,0,0
2025-08-16,13,10:00,119,11,15.2,0,1,30.13,0,2025-08-16 04:00:00,2025-08-16 08:00:00,W,Glenmount Park Rd,0,0,0,0
2025-08-16,13,10:00,119,11,15.2,0,1,30.13,0,2025-08-16 04:00:00,2025-08-16 08:00:00,W,Prust Ave,0,0,0,0
2025-08-16,13,10:00,119,11,15.2,0,1,30.13,0,2025-08-16 04:00:00,2025-08-16 08:00:00,W,Main Street Station at Bay 7,0,3,3,1
2025-08-16,13,10:00,119,11,15.2,0,1,30.13,0,2025-08-16 04:00:00,2025-08-16 08:00:00,W,Norwood Rd,0,0,0,0
2025-08-16,13,10:00,119,11,15.2,0,1,30.13,0,2025-08-16 04:00:00,2025-08-16 08:00:00,W,McCaul St,0,0,0,0
2025-08-16,13,10:00,119,11,15.2,0,1,30.13,0,2025-08-16 04:00:00,2025-08-16 08:00:00,W,Broadview Ave,0,0,0,0
2025-08-16,13,10:00,119,11,15.2,0,1,30.13,0,2025-08-16 04:00:00,2025-08-16 08:00:00,W,Ontario St,0,0,0,0
2025-08-16,13,10:00,119,11,15.2,0,1,30.13,0,2025-08-16 04:00:00,2025-08-16 08:00:00,W,Rusholme Park Cres,0,0,0,0
2025-08-16,13,10:00,119,11,15.2,0,1,30.13,0,2025-08-16 04:00:00,2025-08-16 08:00:00,W,Havelock St,0,0,0,0
2025-08-16,13,10:00,119,11,15.2,0,1,30.13,0,2025-08-16 04:00:00,2025-08-16 08:00:00,W,High Park Loop,0,0,0,0
2025-08-16,13,10:00,119,11,15.2,0,1,30.13,0,2025-08-16 04:00:00,2025-08-16 08:00:00,W,Queens Park (Queen's Park Station),0,0,0,0
2025-08-16,13,10:00,119,11,15.2,0,1,30.13,0,2025-08-16 04:00:00,2025-08-16 08:00:00,W,Roncesvalles Ave,2,2,6,0
2025-08-16,13,10:00,119,11,15.2,0,1,30.13,0,2025-08-16 04:00:00,2025-08-16 08:00:00,W,De Grassi St,0,0,0,0
2025-08-16,13,10:00,119,11,15.2,0,1,30.13,0,2025-08-16 04:00:00,2025-08-16 08:00:00,W,Parliament St at Carlton St,0,0,0,0
2025-08-16,13,10:00,119,11,15.2,0,1,30.13,0,2025-08-16 04:00:00,2025-08-16 08:00:00,W,Parkside Dr East Side,0,0,0,0
2025-08-16,13,10:00,119,11,15.2,0,1,30.13,0,2025-08-16 04:00:00,2025-08-16 08:00:00,W,Dundas St West,3,2,6,0
2025-08-16,13,10:00,119,11,15.2,0,1,30.13,0,2025-08-16 04:00:00,2025-08-16 08:00:00,W,Howard Park Ave at Roncesvalles Ave,0,0,0,0
2025-08-16,13,10:00,119,11,15.2,0,1,30.13,0,2025-08-16 04:00:00,2025-08-16 08:00:00,W,Parliament St,0,0,0,0
2025-08-16,13,10:00,119,11,15.2,0,1,30.13,0,2025-08-16 04:00:00,2025-08-16 08:00:00,W,Parliament St at Gerrard St East,0,0,0,0
2025-08-16,13,10:00,119,11,15.2,0,1,30.13,0,2025-08-16 04:00:00,2025-08-16 08:00:00,W,Sumach St,0,0,0,0
2025-08-16,13,10:00,119,11,15.2,0,1,30.13,0,2025-08-16 04:00:00,2025-08-16 08:00:00,W,Blackburn St,0,0,0,0
2025-08-16,13,10:00,119,11,15.2,0,1,30.13,0,2025-08-16 04:00:00,2025-08-16 08:00:00,W,Logan Ave,0,0,0,0
2025-08-16,13,10:00,119,11,15.2,0,1,30.13,0,2025-08-16 04:00:00,2025-08-16 08:00:00,W,Augusta Ave,0,0,0,0
2025-08-16,13,10:00,119,11,15.2,0,1,30.13,0,2025-08-16 04:00:00,2025-08-16 08:00:00,W,Beverley St,0,0,0,0
2025-08-16,13,10:00,119,11,15.2,0,1,30.13,0,2025-08-16 04:00:00,2025-08-16 08:00:00,W,University Ave (Queen's Park Station,0,1,0,1
2025-08-16,13,10:00,119,11,15.2,0,1,30.13,0,2025-08-16 04:00:00,2025-08-16 08:00:00,W,Elizabeth St,0,1,1,0
2025-08-16,13,10:00,119,11,15.2,0,1,30.13,0,2025-08-16 04:00:00,2025-08-16 08:00:00,W,Greenwood Ave,0,1,0,0
2025-08-16,13,10:00,119,11,15.2,0,1,30.13,0,2025-08-16 04:00:00,2025-08-16 08:00:00,W,Alton Ave,0,1,0,0
2025-08-16,13,10:00,119,11,15.2,0,1,30.13,0,2025-08-16 04:00:00,2025-08-16 08:00:00,W,Coxwell Ave,0,0,0,0
2025-08-16,13,10:00,119,11,15.2,0,1,30.13,0,2025-08-16 04:00:00,2025-08-16 08:00:00,W,Gerrard St East  at Coxwell Ave,0,0,0,0
2025-08-16,13,10:00,119,11,15.2,0,1,30.13,0,2025-08-16 04:00:00,2025-08-16 08:00:00,W,Coxwell Ave at Lower Gerrard St East,0,0,0,0
2025-08-16,13,10:00,119,11,15.2,0,1,30.13,0,2025-08-16 04:00:00,2025-08-16 08:00:00,W,Ashdale Ave,0,0,0,0
2025-08-16,13,10:00,119,11,15.2,0,1,30.13,0,2025-08-16 04:00:00,2025-08-16 08:00:00,W,Howard Park Ave at Indian Rd,0,0,0,0
2025-08-16,13,10:00,119,11,15.2,0,1,30.13,0,2025-08-16 04:00:00,2025-08-16 08:00:00,W,Dundas St West at Howard Park Ave,0,0,0,0
2025-08-16,13,10:00,119,11,15.2,0,1,30.13,0,2025-08-16 04:00:00,2025-08-16 08:00:00,W,Main St at Gerrard St East,0,0,0,0
2025-08-16,13,10:00,119,11,15.2,0,1,30.13,0,2025-08-16 04:00:00,2025-08-16 08:00:00,W,Main St,0,0,0,0
2025-08-16,13,10:00,119,11,15.2,0,1,30.13,0,2025-08-16 04:00:00,2025-08-16 08:00:00,W,Main St at Danforth Ave,0,0,0,0
2025-08-16,13,10:00,119,11,15.2,0,1,30.13,0,2025-08-16 04:00:00,2025-08-16 08:00:00,W,Howard Park Ave at Parkside Dr,0,0,0,0
2025-08-23,13,10:00,119,11,15.2,0,1,30.13,0,2025-08-23 04:00:00,2025-08-23 08:00:00,E,Woodfield Rd,2,1,2,1
2025-08-23,13,10:00,119,11,15.2,0,1,30.13,0,2025-08-23 04:00:00,2025-08-23 08:00:00,E,Coxwell Ave at Gerrard St East,0,0,0,0
2025-08-23,13,10:00,119,11,15.2,0,1,30.13,0,2025-08-23 04:00:00,2025-08-23 08:00:00,E,Euclid Ave,0,0,0,0
2025-08-23,13,10:00,119,11,15.2,0,1,30.13,0,2025-08-23 04:00:00,2025-08-23 08:00:00,E,Bowmore Rd,1,4,1,1
2025-08-23,13,10:00,119,11,15.2,0,1,30.13,0,2025-08-23 04:00:00,2025-08-23 08:00:00,E,Bay St,1,3,4,1
2025-08-23,13,10:00,119,11,15.2,0,1,30.13,0,2025-08-23 04:00:00,2025-08-23 08:00:00,E,Lansdowne Ave,1,4,2,1
2025-08-23,13,10:00,119,11,15.2,0,1,30.13,0,2025-08-23 04:00:00,2025-08-23 08:00:00,E,Indian Rd,1,0,4,0
2025-08-23,13,10:00,119,11,15.2,0,1,30.13,0,2025-08-23 04:00:00,2025-08-23 08:00:00,E,Grace St,2,1,3,0
2025-08-23,13,10:00,119,11,15.2,0,1,30.13,0,2025-08-23 04:00:00,2025-08-23 08:00:00,E,Dufferin St,2,0,2,1
2025-08-23,13,10:00,119,11,15.2,0,1,30.13,0,2025-08-23 04:00:00,2025-08-23 08:00:00,E,Gerrard St East at Beaton Ave,1,4,1,1
2025-08-23,13,10:00,119,11,15.2,0,1,30.13,0,2025-08-23 04:00:00,2025-08-23 08:00:00,E,Bathurst St,0,0,0,0
2025-08-23,13,10:00,119,11,15.2,0,1,30.13,0,2025-08-23 04:00:00,2025-08-23 08:00:00,E,Yonge St - College Station,1,1,2,1
2025-08-23,13,10:00,119,11,15.2,0,1,30.13,0,2025-08-23 04:00:00,2025-08-23 08:00:00,E,Dundas St West at Sterling Rd,1,1,1,0
2025-08-23,13,10:00,119,11,15.2,0,1,30.13,0,2025-08-23 04:00:00,2025-08-23 08:00:00,E,Brock Ave,2,6,2,1
2025-08-23,13,10:00,119,11,15.2,0,1,30.13,0,2025-08-23 04:00:00,2025-08-23 08:00:00,E,Sackville St,1,2,1,0
2025-08-23,13,10:00,119,11,15.2,0,1,30.13,0,2025-08-23 04:00:00,2025-08-23 08:00:00,E,Carlaw Ave,1,1,2,1
2025-08-23,13,10:00,119,11,15.2,0,1,30.13,0,2025-08-23 04:00:00,2025-08-23 08:00:00,E,Borden St,0,0,0,0
2025-08-23,13,10:00,119,11,15.2,0,1,30.13,0,2025-08-23 04:00:00,2025-08-23 08:00:00,E,Dundas St West at Sorauren Ave,1,1,1,0
2025-08-23,13,10:00,119,11,15.2,0,1,30.13,0,2025-08-23 04:00:00,2025-08-23 08:00:00,E,Crawford St,2,1,2,0
2025-08-23,13,10:00,119,11,15.2,0,1,30.13,0,2025-08-23 04:00:00,2025-08-23 08:00:00,E,Pape Ave,4,0,2,1
2025-08-23,13,10:00,119,11,15.2,0,1,30.13,0,2025-08-23 04:00:00,2025-08-23 08:00:00,E,Spadina Ave,0,0,0,0
2025-08-23,13,10:00,119,11,15.2,0,1,30.13,0,2025-08-23 04:00:00,2025-08-23 08:00:00,E,River St,1,1,1,0
2025-08-23,13,10:00,119,11,15.2,0,1,30.13,0,2025-08-23 04:00:00,2025-08-23 08:00:00,E,Marjory Ave,2,1,2,1
2025-08-23,13,10:00,119,11,15.2,0,1,30.13,0,2025-08-23 04:00:00,2025-08-23 08:00:00,E,Kingsmount Park Rd,1,4,1,1
2025-08-23,13,10:00,119,11,15.2,0,1,30.13,0,2025-08-23 04:00:00,2025-08-23 08:00:00,E,Church St,0,0,0,0
2025-08-23,13,10:00,119,11,15.2,0,1,30.13,0,2025-08-23 04:00:00,2025-08-23 08:00:00,E,Ossington Ave,2,0,1,0
2025-08-23,13,10:00,119,11,15.2,0,1,30.13,0,2025-08-23 04:00:00,2025-08-23 08:00:00,E,Woodbine Ave,2,3,1,1
2025-08-23,13,10:00,119,11,15.2,0,1,30.13,0,2025-08-23 04:00:00,2025-08-23 08:00:00,E,Jones Ave,2,0,2,1
2025-08-23,13,10:00,119,11,15.2,0,1,30.13,0,2025-08-23 04:00:00,2025-08-23 08:00:00,E,Golfview Ave,0,4,1,1
2025-08-23,13,10:00,119,11,15.2,0,1,30.13,0,2025-08-23 04:00:00,2025-08-23 08:00:00,E,Leslie St,2,1,2,1
2025-08-23,13,10:00,119,11,15.2,0,1,30.13,0,2025-08-23 04:00:00,2025-08-23 08:00:00,E,St Matthews Rd,1,1,1,0
2025-08-23,13,10:00,119,11,15.2,0,1,30.13,0,2025-08-23 04:00:00,2025-08-23 08:00:00,E,Jarvis St,1,1,1,0
2025-08-23,13,10:00,119,11,15.2,0,1,30.13,0,2025-08-23 04:00:00,2025-08-23 08:00:00,E,Sherbourne St,1,1,1,0
2025-08-23,13,10:00,119,11,15.2,0,1,30.13,0,2025-08-23 04:00:00,2025-08-23 08:00:00,E,St George St,1,1,3,1
2025-08-23,13,10:00,119,11,15.2,0,1,30.13,0,2025-08-23 04:00:00,2025-08-23 08:00:00,E,Dovercourt Rd,3,0,4,0
2025-08-23,13,10:00,119,11,15.2,0,1,30.13,0,2025-08-23 04:00:00,2025-08-23 08:00:00,E,Glenmount Park Rd,0,4,1,1
2025-08-23,13,10:00,119,11,15.2,0,1,30.13,0,2025-08-23 04:00:00,2025-08-23 08:00:00,E,Prust Ave,2,1,2,1
2025-08-23,13,10:00,119,11,15.2,0,1,30.13,0,2025-08-23 04:00:00,2025-08-23 08:00:00,E,Main Street Station at Bay 7,0,0,0,0
2025-08-23,13,10:00,119,11,15.2,0,1,30.13,0,2025-08-23 04:00:00,2025-08-23 08:00:00,E,Norwood Rd,1,3,1,1
2025-08-23,13,10:00,119,11,15.2,0,1,30.13,0,2025-08-23 04:00:00,2025-08-23 08:00:00,E,McCaul St,1,1,2,1
2025-08-23,13,10:00,119,11,15.2,0,1,30.13,0,2025-08-23 04:00:00,2025-08-23 08:00:00,E,Broadview Ave,1,2,1,0
2025-08-23,13,10:00,119,11,15.2,0,1,30.13,0,2025-08-23 04:00:00,2025-08-23 08:00:00,E,Ontario St,1,1,1,0
2025-08-23,13,10:00,119,11,15.2,0,1,30.13,0,2025-08-23 04:00:00,2025-08-23 08:00:00,E,Rusholme Park Cres,1,0,1,0
2025-08-23,13,10:00,119,11,15.2,0,1,30.13,0,2025-08-23 04:00:00,2025-08-23 08:00:00,E,Havelock St,2,0,2,1
2025-08-23,13,10:00,119,11,15.2,0,1,30.13,0,2025-08-23 04:00:00,2025-08-23 08:00:00,E,High Park Loop,2,0,10,0
2025-08-23,13,10:00,119,11,15.2,0,1,30.13,0,2025-08-23 04:00:00,2025-08-23 08:00:00,E,Queens Park (Queen's Park Station),1,1,3,1
2025-08-23,13,10:00,119,11,15.2,0,1,30.13,0,2025-08-23 04:00:00,2025-08-23 08:00:00,E,Roncesvalles Ave,1,1,1,0
2025-08-23,13,10:00,119,11,15.2,0,1,30.13,0,2025-08-23 04:00:00,2025-08-23 08:00:00,E,De Grassi St,1,2,3,0
2025-08-23,13,10:00,119,11,15.2,0,1,30.13,0,2025-08-23 04:00:00,2025-08-23 08:00:00,E,Parliament St at Carlton St,1,1,1,0
2025-08-23,13,10:00,119,11,15.2,0,1,30.13,0,2025-08-23 04:00:00,2025-08-23 08:00:00,E,Parkside Dr East Side,2,0,6,0
2025-08-23,13,10:00,119,11,15.2,0,1,30.13,0,2025-08-23 04:00:00,2025-08-23 08:00:00,E,Dundas St West,1,1,1,0
2025-08-23,13,10:00,119,11,15.2,0,1,30.13,0,2025-08-23 04:00:00,2025-08-23 08:00:00,E,Howard Park Ave at Roncesvalles Ave,0,0,0,0
2025-08-23,13,10:00,119,11,15.2,0,1,30.13,0,2025-08-23 04:00:00,2025-08-23 08:00:00,E,Parliament St,0,0,0,0
2025-08-23,13,10:00,119,11,15.2,0,1,30.13,0,2025-08-23 04:00:00,2025-08-23 08:00:00,E,Parliament St at Gerrard St East,0,0,0,0
2025-08-23,13,10:00,119,11,15.2,0,1,30.13,0,2025-08-23 04:00:00,2025-08-23 08:00:00,E,Sumach St,0,0,0,0
2025-08-23,13,10:00,119,11,15.2,0,1,30.13,0,2025-08-23 04:00:00,2025-08-23 08:00:00,E,Blackburn St,0,0,0,0
2025-08-23,13,10:00,119,11,15.2,0,1,30.13,0,2025-08-23 04:00:00,2025-08-23 08:00:00,E,Logan Ave,0,0,0,0
2025-08-23,13,10:00,119,11,15.2,0,1,30.13,0,2025-08-23 04:00:00,2025-08-23 08:00:00,E,Augusta Ave,0,0,0,0
2025-08-23,13,10:00,119,11,15.2,0,1,30.13,0,2025-08-23 04:00:00,2025-08-23 08:00:00,E,Beverley St,0,0,0,0
2025-08-23,13,10:00,119,11,15.2,0,1,30.13,0,2025-08-23 04:00:00,2025-08-23 08:00:00,E,University Ave (Queen's Park Station,0,0,0,0
2025-08-23,13,10:00,119,11,15.2,0,1,30.13,0,2025-08-23 04:00:00,2025-08-23 08:00:00,E,Elizabeth St,0,0,0,0
2025-08-23,13,10:00,119,11,15.2,0,1,30.13,0,2025-08-23 04:00:00,2025-08-23 08:00:00,E,Greenwood Ave,0,0,0,0
2025-08-23,13,10:00,119,11,15.2,0,1,30.13,0,2025-08-23 04:00:00,2025-08-23 08:00:00,E,Alton Ave,0,0,0,0
2025-08-23,13,10:00,119,11,15.2,0,1,30.13,0,2025-08-23 04:00:00,2025-08-23 08:00:00,E,Coxwell Ave,0,0,0,0
2025-08-23,13,10:00,119,11,15.2,0,1,30.13,0,2025-08-23 04:00:00,2025-08-23 08:00:00,E,Gerrard St East  at Coxwell Ave,0,0,0,0
2025-08-23,13,10:00,119,11,15.2,0,1,30.13,0,2025-08-23 04:00:00,2025-08-23 08:00:00,E,Coxwell Ave at Lower Gerrard St East,0,0,0,0
2025-08-23,13,10:00,119,11,15.2,0,1,30.13,0,2025-08-23 04:00:00,2025-08-23 08:00:00,E,Ashdale Ave,0,0,0,0
2025-08-23,13,10:00,119,11,15.2,0,1,30.13,0,2025-08-23 04:00:00,2025-08-23 08:00:00,E,Howard Park Ave at Indian Rd,0,0,0,0
2025-08-23,13,10:00,119,11,15.2,0,1,30.13,0,2025-08-23 04:00:00,2025-08-23 08:00:00,E,Dundas St West at Howard Park Ave,0,0,0,0
2025-08-23,13,10:00,119,11,15.2,0,1,30.13,0,2025-08-23 04:00:00,2025-08-23 08:00:00,E,Main St at Gerrard St East,0,0,0,0
2025-08-23,13,10:00,119,11,15.2,0,1,30.13,0,2025-08-23 04:00:00,2025-08-23 08:00:00,E,Main St,0,0,0,0
2025-08-23,13,10:00,119,11,15.2,0,1,30.13,0,2025-08-23 04:00:00,2025-08-23 08:00:00,E,Main St at Danforth Ave,0,0,0,0
2025-08-23,13,10:00,119,11,15.2,0,1,30.13,0,2025-08-23 04:00:00,2025-08-23 08:00:00,E,Howard Park Ave at Parkside Dr,0,0,0,0
2025-08-23,13,10:00,119,11,15.2,0,1,30.13,0,2025-08-23 04:00:00,2025-08-23 08:00:00,W,Woodfield Rd,4,0,0,0
2025-08-23,13,10:00,119,11,15.2,0,1,30.13,0,2025-08-23 04:00:00,2025-08-23 08:00:00,W,Coxwell Ave at Gerrard St East,3,0,0,0
2025-08-23,13,10:00,119,11,15.2,0,1,30.13,0,2025-08-23 04:00:00,2025-08-23 08:00:00,W,Euclid Ave,0,0,0,0
2025-08-23,13,10:00,119,11,15.2,0,1,30.13,0,2025-08-23 04:00:00,2025-08-23 08:00:00,W,Bowmore Rd,3,0,0,1
2025-08-23,13,10:00,119,11,15.2,0,1,30.13,0,2025-08-23 04:00:00,2025-08-23 08:00:00,W,Bay St,0,0,0,0
2025-08-23,13,10:00,119,11,15.2,0,1,30.13,0,2025-08-23 04:00:00,2025-08-23 08:00:00,W,Lansdowne Ave,0,0,0,0
2025-08-23,13,10:00,119,11,15.2,0,1,30.13,0,2025-08-23 04:00:00,2025-08-23 08:00:00,W,Indian Rd,2,0,1,0
2025-08-23,13,10:00,119,11,15.2,0,1,30.13,0,2025-08-23 04:00:00,2025-08-23 08:00:00,W,Grace St,0,0,0,0
2025-08-23,13,10:00,119,11,15.2,0,1,30.13,0,2025-08-23 04:00:00,2025-08-23 08:00:00,W,Dufferin St,2,1,1,0
2025-08-23,13,10:00,119,11,15.2,0,1,30.13,0,2025-08-23 04:00:00,2025-08-23 08:00:00,W,Gerrard St East at Beaton Ave,1,0,0,0
2025-08-23,13,10:00,119,11,15.2,0,1,30.13,0,2025-08-23 04:00:00,2025-08-23 08:00:00,W,Bathurst St,0,0,0,0
2025-08-23,13,10:00,119,11,15.2,0,1,30.13,0,2025-08-23 04:00:00,2025-08-23 08:00:00,W,Yonge St - College Station,0,0,0,0
2025-08-23,13,10:00,119,11,15.2,0,1,30.13,0,2025-08-23 04:00:00,2025-08-23 08:00:00,W,Dundas St West at Sterling Rd,0,0,0,0
2025-08-23,13,10:00,119,11,15.2,0,1,30.13,0,2025-08-23 04:00:00,2025-08-23 08:00:00,W,Brock Ave,0,0,0,0
2025-08-23,13,10:00,119,11,15.2,0,1,30.13,0,2025-08-23 04:00:00,2025-08-23 08:00:00,W,Sackville St,2,3,1,0
2025-08-23,13,10:00,119,11,15.2,0,1,30.13,0,2025-08-23 04:00:00,2025-08-23 08:00:00,W,Carlaw Ave,0,0,0,0
2025-08-23,13,10:00,119,11,15.2,0,1,30.13,0,2025-08-23 04:00:00,2025-08-23 08:00:00,W,Borden St,0,0,0,0
2025-08-23,13,10:00,119,11,15.2,0,1,30.13,0,2025-08-23 04:00:00,2025-08-23 08:00:00,W,Dundas St West at Sorauren Ave,2,0,1,0
2025-08-23,13,10:00,119,11,15.2,0,1,30.13,0,2025-08-23 04:00:00,2025-08-23 08:00:00,W,Crawford St,0,0,0,0
2025-08-23,13,10:00,119,11,15.2,0,1,30.13,0,2025-08-23 04:00:00,2025-08-23 08:00:00,W,Pape Ave,0,0,0,0
2025-08-23,13,10:00,119,11,15.2,0,1,30.13,0,2025-08-23 04:00:00,2025-08-23 08:00:00,W,Spadina Ave,3,0,0,0
2025-08-23,13,10:00,119,11,15.2,0,1,30.13,0,2025-08-23 04:00:00,2025-08-23 08:00:00,W,River St,1,3,2,0
2025-08-23,13,10:00,119,11,15.2,0,1,30.13,0,2025-08-23 04:00:00,2025-08-23 08:00:00,W,Marjory Ave,0,0,0,0
2025-08-23,13,10:00,119,11,15.2,0,1,30.13,0,2025-08-23 04:00:00,2025-08-23 08:00:00,W,Kingsmount Park Rd,0,0,0,0
2025-08-23,13,10:00,119,11,15.2,0,1,30.13,0,2025-08-23 04:00:00,2025-08-23 08:00:00,W,Church St,0,0,0,0
2025-08-23,13,10:00,119,11,15.2,0,1,30.13,0,2025-08-23 04:00:00,2025-08-23 08:00:00,W,Ossington Ave,0,0,0,0
2025-08-23,13,10:00,119,11,15.2,0,1,30.13,0,2025-08-23 04:00:00,2025-08-23 08:00:00,W,Woodbine Ave,0,0,0,0
2025-08-23,13,10:00,119,11,15.2,0,1,30.13,0,2025-08-23 04:00:00,2025-08-23 08:00:00,W,Jones Ave,0,0,0,0
2025-08-23,13,10:00,119,11,15.2,0,1,30.13,0,2025-08-23 04:00:00,2025-08-23 08:00:00,W,Golfview Ave,0,0,0,0
2025-08-23,13,10:00,119,11,15.2,0,1,30.13,0,2025-08-23 04:00:00,2025-08-23 08:00:00,W,Leslie St,0,0,0,0
2025-08-23,13,10:00,119,11,15.2,0,1,30.13,0,2025-08-23 04:00:00,2025-08-23 08:00:00,W,St Matthews Rd,0,0,0,0
2025-08-23,13,10:00,119,11,15.2,0,1,30.13,0,2025-08-23 04:00:00,2025-08-23 08:00:00,W,Jarvis St,0,0,0,0
2025-08-23,13,10:00,119,11,15.2,0,1,30.13,0,2025-08-23 04:00:00,2025-08-23 08:00:00,W,Sherbourne St,0,0,0,0
2025-08-23,13,10:00,119,11,15.2,0,1,30.13,0,2025-08-23 04:00:00,2025-08-23 08:00:00,W,St George St,0,0,0,0
2025-08-23,13,10:00,119,11,15.2,0,1,30.13,0,2025-08-23 04:00:00,2025-08-23 08:00:00,W,Dovercourt Rd,0,0,0,0
2025-08-23,13,10:00,119,11,15.2,0,1,30.13,0,2025-08-23 04:00:00,2025-08-23 08:00:00,W,Glenmount Park Rd,0,0,0,0
2025-08-23,13,10:00,119,11,15.2,0,1,30.13,0,2025-08-23 04:00:00,2025-08-23 08:00:00,W,Prust Ave,0,0,0,0
2025-08-23,13,10:00,119,11,15.2,0,1,30.13,0,2025-08-23 04:00:00,2025-08-23 08:00:00,W,Main Street Station at Bay 7,2,0,0,1
2025-08-23,13,10:00,119,11,15.2,0,1,30.13,0,2025-08-23 04:00:00,2025-08-23 08:00:00,W,Norwood Rd,0,0,0,0
2025-08-23,13,10:00,119,11,15.2,0,1,30.13,0,2025-08-23 04:00:00,2025-08-23 08:00:00,W,McCaul St,0,0,0,0
2025-08-23,13,10:00,119,11,15.2,0,1,30.13,0,2025-08-23 04:00:00,2025-08-23 08:00:00,W,Broadview Ave,0,0,0,0
2025-08-23,13,10:00,119,11,15.2,0,1,30.13,0,2025-08-23 04:00:00,2025-08-23 08:00:00,W,Ontario St,0,0,0,0
2025-08-23,13,10:00,119,11,15.2,0,1,30.13,0,2025-08-23 04:00:00,2025-08-23 08:00:00,W,Rusholme Park Cres,0,0,0,0
2025-08-23,13,10:00,119,11,15.2,0,1,30.13,0,2025-08-23 04:00:00,2025-08-23 08:00:00,W,Havelock St,0,0,0,0
2025-08-23,13,10:00,119,11,15.2,0,1,30.13,0,2025-08-23 04:00:00,2025-08-23 08:00:00,W,High Park Loop,0,0,0,0
2025-08-23,13,10:00,119,11,15.2,0,1,30.13,0,2025-08-23 04:00:00,2025-08-23 08:00:00,W,Queens Park (Queen's Park Station),0,0,0,0
2025-08-23,13,10:00,119,11,15.2,0,1,30.13,0,2025-08-23 04:00:00,2025-08-23 08:00:00,W,Roncesvalles Ave,2,0,1,0
2025-08-23,13,10:00,119,11,15.2,0,1,30.13,0,2025-08-23 04:00:00,2025-08-23 08:00:00,W,De Grassi St,0,0,0,0
2025-08-23,13,10:00,119,11,15.2,0,1,30.13,0,2025-08-23 04:00:00,2025-08-23 08:00:00,W,Parliament St at Carlton St,0,0,0,0
2025-08-23,13,10:00,119,11,15.2,0,1,30.13,0,2025-08-23 04:00:00,2025-08-23 08:00:00,W,Parkside Dr East Side,0,0,0,0
2025-08-23,13,10:00,119,11,15.2,0,1,30.13,0,2025-08-23 04:00:00,2025-08-23 08:00:00,W,Dundas St West,2,0,1,0
2025-08-23,13,10:00,119,11,15.2,0,1,30.13,0,2025-08-23 04:00:00,2025-08-23 08:00:00,W,Howard Park Ave at Roncesvalles Ave,0,0,0,0
2025-08-23,13,10:00,119,11,15.2,0,1,30.13,0,2025-08-23 04:00:00,2025-08-23 08:00:00,W,Parliament St,0,0,0,0
2025-08-23,13,10:00,119,11,15.2,0,1,30.13,0,2025-08-23 04:00:00,2025-08-23 08:00:00,W,Parliament St at Gerrard St East,0,0,0,0
2025-08-23,13,10:00,119,11,15.2,0,1,30.13,0,2025-08-23 04:00:00,2025-08-23 08:00:00,W,Sumach St,0,0,0,0
2025-08-23,13,10:00,119,11,15.2,0,1,30.13,0,2025-08-23 04:00:00,2025-08-23 08:00:00,W,Blackburn St,0,0,0,0
2025-08-23,13,10:00,119,11,15.2,0,1,30.13,0,2025-08-23 04:00:00,2025-08-23 08:00:00,W,Logan Ave,0,0,0,0
2025-08-23,13,10:00,119,11,15.2,0,1,30.13,0,2025-08-23 04:00:00,2025-08-23 08:00:00,W,Augusta Ave,0,0,0,0
2025-08-23,13,10:00,119,11,15.2,0,1,30.13,0,2025-08-23 04:00:00,2025-08-23 08:00:00,W,Beverley St,0,0,0,0
2025-08-23,13,10:00,119,11,15.2,0,1,30.13,0,2025-08-23 04:00:00,2025-08-23 08:00:00,W,University Ave (Queen's Park Station,0,0,0,0
2025-08-23,13,10:00,119,11,15.2,0,1,30.13,0,2025-08-23 04:00:00,2025-08-23 08:00:00,W,Elizabeth St,0,0,0,0
2025-08-23,13,10:00,119,11,15.2,0,1,30.13,0,2025-08-23 04:00:00,2025-08-23 08:00:00,W,Greenwood Ave,0,0,0,0
2025-08-23,13,10:00,119,11,15.2,0,1,30.13,0,2025-08-23 04:00:00,2025-08-23 08:00:00,W,Alton Ave,0,0,0,0
2025-08-23,13,10:00,119,11,15.2,0,1,30.13,0,2025-08-23 04:00:00,2025-08-23 08:00:00,W,Coxwell Ave,0,0,0,0
2025-08-23,13,10:00,119,11,15.2,0,1,30.13,0,2025-08-23 04:00:00,2025-08-23 08:00:00,W,Gerrard St East  at Coxwell Ave,0,0,0,0
2025-08-23,13,10:00,119,11,15.2,0,1,30.13,0,2025-08-23 04:00:00,2025-08-23 08:00:00,W,Coxwell Ave at Lower Gerrard St East,0,0,0,0
2025-08-23,13,10:00,119,11,15.2,0,1,30.13,0,2025-08-23 04:00:00,2025-08-23 08:00:00,W,Ashdale Ave,0,0,0,0
2025-08-23,13,10:00,119,11,15.2,0,1,30.13,0,2025-08-23 04:00:00,2025-08-23 08:00:00,W,Howard Park Ave at Indian Rd,0,0,0,0
2025-08-23,13,10:00,119,11,15.2,0,1,30.13,0,2025-08-23 04:00:00,2025-08-23 08:00:00,W,Dundas St West at Howard Park Ave,0,0,0,0
2025-08-23,13,10:00,119,11,15.2,0,1,30.13,0,2025-08-23 04:00:00,2025-08-23 08:00:00,W,Main St at Gerrard St East,0,0,0,0
2025-08-23,13,10:00,119,11,15.2,0,1,30.13,0,2025-08-23 04:00:00,2025-08-23 08:00:00,W,Main St,0,0,0,0
2025-08-23,13,10:00,119,11,15.2,0,1,30.13,0,2025-08-23 04:00:00,2025-08-23 08:00:00,W,Main St at Danforth Ave,0,0,0,0
2025-08-23,13,10:00,119,11,15.2,0,1,30.13,0,2025-08-23 04:00:00,2025-08-23 08:00:00,W,Howard Park Ave at Parkside Dr,0,0,0,0
2025-08-30,13,10:00,119,11,15.2,0,1,30.13,0,2025-08-30 04:00:00,2025-08-30 08:00:00,E,Woodfield Rd,0,1,1,0
2025-08-30,13,10:00,119,11,15.2,0,1,30.13,0,2025-08-30 04:00:00,2025-08-30 08:00:00,E,Coxwell Ave at Gerrard St East,0,0,0,0
2025-08-30,13,10:00,119,11,15.2,0,1,30.13,0,2025-08-30 04:00:00,2025-08-30 08:00:00,E,Euclid Ave,0,0,0,0
2025-08-30,13,10:00,119,11,15.2,0,1,30.13,0,2025-08-30 04:00:00,2025-08-30 08:00:00,E,Bowmore Rd,0,2,1,0
2025-08-30,13,10:00,119,11,15.2,0,1,30.13,0,2025-08-30 04:00:00,2025-08-30 08:00:00,E,Bay St,0,1,1,0
2025-08-30,13,10:00,119,11,15.2,0,1,30.13,0,2025-08-30 04:00:00,2025-08-30 08:00:00,E,Lansdowne Ave,0,2,0,0
2025-08-30,13,10:00,119,11,15.2,0,1,30.13,0,2025-08-30 04:00:00,2025-08-30 08:00:00,E,Indian Rd,0,0,0,0
2025-08-30,13,10:00,119,11,15.2,0,1,30.13,0,2025-08-30 04:00:00,2025-08-30 08:00:00,E,Grace St,0,0,0,0
2025-08-30,13,10:00,119,11,15.2,0,1,30.13,0,2025-08-30 04:00:00,2025-08-30 08:00:00,E,Dufferin St,0,1,1,0
2025-08-30,13,10:00,119,11,15.2,0,1,30.13,0,2025-08-30 04:00:00,2025-08-30 08:00:00,E,Gerrard St East at Beaton Ave,0,2,1,0
2025-08-30,13,10:00,119,11,15.2,0,1,30.13,0,2025-08-30 04:00:00,2025-08-30 08:00:00,E,Bathurst St,0,0,1,0
2025-08-30,13,10:00,119,11,15.2,0,1,30.13,0,2025-08-30 04:00:00,2025-08-30 08:00:00,E,Yonge St - College Station,0,1,1,0
2025-08-30,13,10:00,119,11,15.2,0,1,30.13,0,2025-08-30 04:00:00,2025-08-30 08:00:00,E,Dundas St West at Sterling Rd,0,0,0,0
2025-08-30,13,10:00,119,11,15.2,0,1,30.13,0,2025-08-30 04:00:00,2025-08-30 08:00:00,E,Brock Ave,0,2,1,0
2025-08-30,13,10:00,119,11,15.2,0,1,30.13,0,2025-08-30 04:00:00,2025-08-30 08:00:00,E,Sackville St,0,0,0,0
2025-08-30,13,10:00,119,11,15.2,0,1,30.13,0,2025-08-30 04:00:00,2025-08-30 08:00:00,E,Carlaw Ave,0,1,1,0
2025-08-30,13,10:00,119,11,15.2,0,1,30.13,0,2025-08-30 04:00:00,2025-08-30 08:00:00,E,Borden St,0,0,1,0
2025-08-30,13,10:00,119,11,15.2,0,1,30.13,0,2025-08-30 04:00:00,2025-08-30 08:00:00,E,Dundas St West at Sorauren Ave,0,0,0,0
2025-08-30,13,10:00,119,11,15.2,0,1,30.13,0,2025-08-30 04:00:00,2025-08-30 08:00:00,E,Crawford St,0,0,0,0
2025-08-30,13,10:00,119,11,15.2,0,1,30.13,0,2025-08-30 04:00:00,2025-08-30 08:00:00,E,Pape Ave,0,1,1,0
2025-08-30,13,10:00,119,11,15.2,0,1,30.13,0,2025-08-30 04:00:00,2025-08-30 08:00:00,E,Spadina Ave,0,0,1,0
2025-08-30,13,10:00,119,11,15.2,0,1,30.13,0,2025-08-30 04:00:00,2025-08-30 08:00:00,E,River St,0,0,1,0
2025-08-30,13,10:00,119,11,15.2,0,1,30.13,0,2025-08-30 04:00:00,2025-08-30 08:00:00,E,Marjory Ave,0,1,1,0
2025-08-30,13,10:00,119,11,15.2,0,1,30.13,0,2025-08-30 04:00:00,2025-08-30 08:00:00,E,Kingsmount Park Rd,0,2,1,0
2025-08-30,13,10:00,119,11,15.2,0,1,30.13,0,2025-08-30 04:00:00,2025-08-30 08:00:00,E,Church St,0,0,0,0
2025-08-30,13,10:00,119,11,15.2,0,1,30.13,0,2025-08-30 04:00:00,2025-08-30 08:00:00,E,Ossington Ave,0,1,1,0
2025-08-30,13,10:00,119,11,15.2,0,1,30.13,0,2025-08-30 04:00:00,2025-08-30 08:00:00,E,Woodbine Ave,0,2,1,0
2025-08-30,13,10:00,119,11,15.2,0,1,30.13,0,2025-08-30 04:00:00,2025-08-30 08:00:00,E,Jones Ave,0,1,1,0
2025-08-30,13,10:00,119,11,15.2,0,1,30.13,0,2025-08-30 04:00:00,2025-08-30 08:00:00,E,Golfview Ave,0,2,0,0
2025-08-30,13,10:00,119,11,15.2,0,1,30.13,0,2025-08-30 04:00:00,2025-08-30 08:00:00,E,Leslie St,0,1,1,0
2025-08-30,13,10:00,119,11,15.2,0,1,30.13,0,2025-08-30 04:00:00,2025-08-30 08:00:00,E,St Matthews Rd,0,0,1,0
2025-08-30,13,10:00,119,11,15.2,0,1,30.13,0,2025-08-30 04:00:00,2025-08-30 08:00:00,E,Jarvis St,0,0,0,0
2025-08-30,13,10:00,119,11,15.2,0,1,30.13,0,2025-08-30 04:00:00,2025-08-30 08:00:00,E,Sherbourne St,0,0,0,0
2025-08-30,13,10:00,119,11,15.2,0,1,30.13,0,2025-08-30 04:00:00,2025-08-30 08:00:00,E,St George St,0,1,1,0
2025-08-30,13,10:00,119,11,15.2,0,1,30.13,0,2025-08-30 04:00:00,2025-08-30 08:00:00,E,Dovercourt Rd,0,1,1,0
2025-08-30,13,10:00,119,11,15.2,0,1,30.13,0,2025-08-30 04:00:00,2025-08-30 08:00:00,E,Glenmount Park Rd,0,2,0,0
2025-08-30,13,10:00,119,11,15.2,0,1,30.13,0,2025-08-30 04:00:00,2025-08-30 08:00:00,E,Prust Ave,0,1,1,0
2025-08-30,13,10:00,119,11,15.2,0,1,30.13,0,2025-08-30 04:00:00,2025-08-30 08:00:00,E,Main Street Station at Bay 7,0,0,0,0
2025-08-30,13,10:00,119,11,15.2,0,1,30.13,0,2025-08-30 04:00:00,2025-08-30 08:00:00,E,Norwood Rd,0,2,0,0
2025-08-30,13,10:00,119,11,15.2,0,1,30.13,0,2025-08-30 04:00:00,2025-08-30 08:00:00,E,McCaul St,0,1,1,0
2025-08-30,13,10:00,119,11,15.2,0,1,30.13,0,2025-08-30 04:00:00,2025-08-30 08:00:00,E,Broadview Ave,0,0,1,0
2025-08-30,13,10:00,119,11,15.2,0,1,30.13,0,2025-08-30 04:00:00,2025-08-30 08:00:00,E,Ontario St,0,0,0,0
2025-08-30,13,10:00,119,11,15.2,0,1,30.13,0,2025-08-30 04:00:00,2025-08-30 08:00:00,E,Rusholme Park Cres,0,0,0,0
2025-08-30,13,10:00,119,11,15.2,0,1,30.13,0,2025-08-30 04:00:00,2025-08-30 08:00:00,E,Havelock St,0,1,1,0
2025-08-30,13,10:00,119,11,15.2,0,1,30.13,0,2025-08-30 04:00:00,2025-08-30 08:00:00,E,High Park Loop,0,0,0,0
2025-08-30,13,10:00,119,11,15.2,0,1,30.13,0,2025-08-30 04:00:00,2025-08-30 08:00:00,E,Queens Park (Queen's Park Station),0,1,1,0
2025-08-30,13,10:00,119,11,15.2,0,1,30.13,0,2025-08-30 04:00:00,2025-08-30 08:00:00,E,Roncesvalles Ave,0,0,0,0
2025-08-30,13,10:00,119,11,15.2,0,1,30.13,0,2025-08-30 04:00:00,2025-08-30 08:00:00,E,De Grassi St,0,0,1,0
2025-08-30,13,10:00,119,11,15.2,0,1,30.13,0,2025-08-30 04:00:00,2025-08-30 08:00:00,E,Parliament St at Carlton St,0,0,0,0
2025-08-30,13,10:00,119,11,15.2,0,1,30.13,0,2025-08-30 04:00:00,2025-08-30 08:00:00,E,Parkside Dr East Side,0,0,0,0
2025-08-30,13,10:00,119,11,15.2,0,1,30.13,0,2025-08-30 04:00:00,2025-08-30 08:00:00,E,Dundas St West,0,0,0,0
2025-08-30,13,10:00,119,11,15.2,0,1,30.13,0,2025-08-30 04:00:00,2025-08-30 08:00:00,E,Howard Park Ave at Roncesvalles Ave,0,0,0,0
2025-08-30,13,10:00,119,11,15.2,0,1,30.13,0,2025-08-30 04:00:00,2025-08-30 08:00:00,E,Parliament St,0,0,0,0
2025-08-30,13,10:00,119,11,15.2,0,1,30.13,0,2025-08-30 04:00:00,2025-08-30 08:00:00,E,Parliament St at Gerrard St East,0,0,0,0
2025-08-30,13,10:00,119,11,15.2,0,1,30.13,0,2025-08-30 04:00:00,2025-08-30 08:00:00,E,Sumach St,0,0,0,0
2025-08-30,13,10:00,119,11,15.2,0,1,30.13,0,2025-08-30 04:00:00,2025-08-30 08:00:00,E,Blackburn St,0,0,0,0
2025-08-30,13,10:00,119,11,15.2,0,1,30.13,0,2025-08-30 04:00:00,2025-08-30 08:00:00,E,Logan Ave,0,0,1,0
2025-08-30,13,10:00,119,11,15.2,0,1,30.13,0,2025-08-30 04:00:00,2025-08-30 08:00:00,E,Augusta Ave,0,0,0,0
2025-08-30,13,10:00,119,11,15.2,0,1,30.13,0,2025-08-30 04:00:00,2025-08-30 08:00:00,E,Beverley St,0,0,0,0
2025-08-30,13,10:00,119,11,15.2,0,1,30.13,0,2025-08-30 04:00:00,2025-08-30 08:00:00,E,University Ave (Queen's Park Station,0,0,0,0
2025-08-30,13,10:00,119,11,15.2,0,1,30.13,0,2025-08-30 04:00:00,2025-08-30 08:00:00,E,Elizabeth St,0,0,0,0
2025-08-30,13,10:00,119,11,15.2,0,1,30.13,0,2025-08-30 04:00:00,2025-08-30 08:00:00,E,Greenwood Ave,0,0,0,0
2025-08-30,13,10:00,119,11,15.2,0,1,30.13,0,2025-08-30 04:00:00,2025-08-30 08:00:00,E,Alton Ave,0,0,0,0
2025-08-30,13,10:00,119,11,15.2,0,1,30.13,0,2025-08-30 04:00:00,2025-08-30 08:00:00,E,Coxwell Ave,0,0,0,0
2025-08-30,13,10:00,119,11,15.2,0,1,30.13,0,2025-08-30 04:00:00,2025-08-30 08:00:00,E,Gerrard St East  at Coxwell Ave,0,0,0,0
2025-08-30,13,10:00,119,11,15.2,0,1,30.13,0,2025-08-30 04:00:00,2025-08-30 08:00:00,E,Coxwell Ave at Lower Gerrard St East,0,0,0,0
2025-08-30,13,10:00,119,11,15.2,0,1,30.13,0,2025-08-30 04:00:00,2025-08-30 08:00:00,E,Ashdale Ave,0,0,0,0
2025-08-30,13,10:00,119,11,15.2,0,1,30.13,0,2025-08-30 04:00:00,2025-08-30 08:00:00,E,Howard Park Ave at Indian Rd,0,0,0,0
2025-08-30,13,10:00,119,11,15.2,0,1,30.13,0,2025-08-30 04:00:00,2025-08-30 08:00:00,E,Dundas St West at Howard Park Ave,0,0,0,0
2025-08-30,13,10:00,119,11,15.2,0,1,30.13,0,2025-08-30 04:00:00,2025-08-30 08:00:00,E,Main St at Gerrard St East,0,0,0,0
2025-08-30,13,10:00,119,11,15.2,0,1,30.13,0,2025-08-30 04:00:00,2025-08-30 08:00:00,E,Main St,0,0,0,0
2025-08-30,13,10:00,119,11,15.2,0,1,30.13,0,2025-08-30 04:00:00,2025-08-30 08:00:00,E,Main St at Danforth Ave,0,0,0,0
2025-08-30,13,10:00,119,11,15.2,0,1,30.13,0,2025-08-30 04:00:00,2025-08-30 08:00:00,E,Howard Park Ave at Parkside Dr,0,0,0,0
2025-08-30,13,10:00,119,11,15.2,0,1,30.13,0,2025-08-30 04:00:00,2025-08-30 08:00:00,W,Woodfield Rd,0,1,0,0
2025-08-30,13,10:00,119,11,15.2,0,1,30.13,0,2025-08-30 04:00:00,2025-08-30 08:00:00,W,Coxwell Ave at Gerrard St East,0,2,0,0
2025-08-30,13,10:00,119,11,15.2,0,1,30.13,0,2025-08-30 04:00:00,2025-08-30 08:00:00,W,Euclid Ave,0,0,0,0
2025-08-30,13,10:00,119,11,15.2,0,1,30.13,0,2025-08-30 04:00:00,2025-08-30 08:00:00,W,Bowmore Rd,0,1,0,0
2025-08-30,13,10:00,119,11,15.2,0,1,30.13,0,2025-08-30 04:00:00,2025-08-30 08:00:00,W,Bay St,0,1,0,0
2025-08-30,13,10:00,119,11,15.2,0,1,30.13,0,2025-08-30 04:00:00,2025-08-30 08:00:00,W,Lansdowne Ave,0,1,0,0
2025-08-30,13,10:00,119,11,15.2,0,1,30.13,0,2025-08-30 04:00:00,2025-08-30 08:00:00,W,Indian Rd,1,0,0,0
2025-08-30,13,10:00,119,11,15.2,0,1,30.13,0,2025-08-30 04:00:00,2025-08-30 08:00:00,W,Grace St,0,0,0,0
2025-08-30,13,10:00,119,11,15.2,0,1,30.13,0,2025-08-30 04:00:00,2025-08-30 08:00:00,W,Dufferin St,1,1,0,0
2025-08-30,13,10:00,119,11,15.2,0,1,30.13,0,2025-08-30 04:00:00,2025-08-30 08:00:00,W,Gerrard St East at Beaton Ave,0,1,0,0
2025-08-30,13,10:00,119,11,15.2,0,1,30.13,0,2025-08-30 04:00:00,2025-08-30 08:00:00,W,Bathurst St,0,0,0,0
2025-08-30,13,10:00,119,11,15.2,0,1,30.13,0,2025-08-30 04:00:00,2025-08-30 08:00:00,W,Yonge St - College Station,0,0,0,0
2025-08-30,13,10:00,119,11,15.2,0,1,30.13,0,2025-08-30 04:00:00,2025-08-30 08:00:00,W,Dundas St West at Sterling Rd,0,0,0,0
2025-08-30,13,10:00,119,11,15.2,0,1,30.13,0,2025-08-30 04:00:00,2025-08-30 08:00:00,W,Brock Ave,0,0,0,0
2025-08-30,13,10:00,119,11,15.2,0,1,30.13,0,2025-08-30 04:00:00,2025-08-30 08:00:00,W,Sackville St,2,1,0,0
2025-08-30,13,10:00,119,11,15.2,0,1,30.13,0,2025-08-30 04:00:00,2025-08-30 08:00:00,W,Carlaw Ave,0,0,0,0
2025-08-30,13,10:00,119,11,15.2,0,1,30.13,0,2025-08-30 04:00:00,2025-08-30 08:00:00,W,Borden St,0,0,0,0
2025-08-30,13,10:00,119,11,15.2,0,1,30.13,0,2025-08-30 04:00:00,2025-08-30 08:00:00,W,Dundas St West at Sorauren Ave,1,1,0,0
2025-08-30,13,10:00,119,11,15.2,0,1,30.13,0,2025-08-30 04:00:00,2025-08-30 08:00:00,W,Crawford St,0,0,0,0
2025-08-30,13,10:00,119,11,15.2,0,1,30.13,0,2025-08-30 04:00:00,2025-08-30 08:00:00,W,Pape Ave,0,0,0,0
2025-08-30,13,10:00,119,11,15.2,0,1,30.13,0,2025-08-30 04:00:00,2025-08-30 08:00:00,W,Spadina Ave,0,1,0,0
2025-08-30,13,10:00,119,11,15.2,0,1,30.13,0,2025-08-30 04:00:00,2025-08-30 08:00:00,W,River St,2,1,0,0
2025-08-30,13,10:00,119,11,15.2,0,1,30.13,0,2025-08-30 04:00:00,2025-08-30 08:00:00,W,Marjory Ave,0,0,0,0
2025-08-30,13,10:00,119,11,15.2,0,1,30.13,0,2025-08-30 04:00:00,2025-08-30 08:00:00,W,Kingsmount Park Rd,0,0,0,0
2025-08-30,13,10:00,119,11,15.2,0,1,30.13,0,2025-08-30 04:00:00,2025-08-30 08:00:00,W,Church St,0,0,0,0
2025-08-30,13,10:00,119,11,15.2,0,1,30.13,0,2025-08-30 04:00:00,2025-08-30 08:00:00,W,Ossington Ave,0,0,0,0
2025-08-30,13,10:00,119,11,15.2,0,1,30.13,0,2025-08-30 04:00:00,2025-08-30 08:00:00,W,Woodbine Ave,0,0,0,0
2025-08-30,13,10:00,119,11,15.2,0,1,30.13,0,2025-08-30 04:00:00,2025-08-30 08:00:00,W,Jones Ave,0,0,0,0
2025-08-30,13,10:00,119,11,15.2,0,1,30.13,0,2025-08-30 04:00:00,2025-08-30 08:00:00,W,Golfview Ave,0,0,0,0
2025-08-30,13,10:00,119,11,15.2,0,1,30.13,0,2025-08-30 04:00:00,2025-08-30 08:00:00,W,Leslie St,0,0,0,0
2025-08-30,13,10:00,119,11,15.2,0,1,30.13,0,2025-08-30 04:00:00,2025-08-30 08:00:00,W,St Matthews Rd,0,0,0,0
2025-08-30,13,10:00,119,11,15.2,0,1,30.13,0,2025-08-30 04:00:00,2025-08-30 08:00:00,W,Jarvis St,0,0,0,0
2025-08-30,13,10:00,119,11,15.2,0,1,30.13,0,2025-08-30 04:00:00,2025-08-30 08:00:00,W,Sherbourne St,0,0,0,0
2025-08-30,13,10:00,119,11,15.2,0,1,30.13,0,2025-08-30 04:00:00,2025-08-30 08:00:00,W,St George St,0,0,0,0
2025-08-30,13,10:00,119,11,15.2,0,1,30.13,0,2025-08-30 04:00:00,2025-08-30 08:00:00,W,Dovercourt Rd,0,0,0,0
2025-08-30,13,10:00,119,11,15.2,0,1,30.13,0,2025-08-30 04:00:00,2025-08-30 08:00:00,W,Glenmount Park Rd,0,0,0,0
2025-08-30,13,10:00,119,11,15.2,0,1,30.13,0,2025-08-30 04:00:00,2025-08-30 08:00:00,W,Prust Ave,0,0,0,0
2025-08-30,13,10:00,119,11,15.2,0,1,30.13,0,2025-08-30 04:00:00,2025-08-30 08:00:00,W,Main Street Station at Bay 7,0,1,0,0
2025-08-30,13,10:00,119,11,15.2,0,1,30.13,0,2025-08-30 04:00:00,2025-08-30 08:00:00,W,Norwood Rd,0,0,0,0
2025-08-30,13,10:00,119,11,15.2,0,1,30.13,0,2025-08-30 04:00:00,2025-08-30 08:00:00,W,McCaul St,0,0,0,0
2025-08-30,13,10:00,119,11,15.2,0,1,30.13,0,2025-08-30 04:00:00,2025-08-30 08:00:00,W,Broadview Ave,0,0,0,0
2025-08-30,13,10:00,119,11,15.2,0,1,30.13,0,2025-08-30 04:00:00,2025-08-30 08:00:00,W,Ontario St,0,0,0,0
2025-08-30,13,10:00,119,11,15.2,0,1,30.13,0,2025-08-30 04:00:00,2025-08-30 08:00:00,W,Rusholme Park Cres,0,0,0,0
2025-08-30,13,10:00,119,11,15.2,0,1,30.13,0,2025-08-30 04:00:00,2025-08-30 08:00:00,W,Havelock St,0,0,0,0
2025-08-30,13,10:00,119,11,15.2,0,1,30.13,0,2025-08-30 04:00:00,2025-08-30 08:00:00,W,High Park Loop,0,0,0,0
2025-08-30,13,10:00,119,11,15.2,0,1,30.13,0,2025-08-30 04:00:00,2025-08-30 08:00:00,W,Queens Park (Queen's Park Station),0,0,0,0
2025-08-30,13,10:00,119,11,15.2,0,1,30.13,0,2025-08-30 04:00:00,2025-08-30 08:00:00,W,Roncesvalles Ave,0,0,0,0
2025-08-30,13,10:00,119,11,15.2,0,1,30.13,0,2025-08-30 04:00:00,2025-08-30 08:00:00,W,De Grassi St,0,0,0,0
2025-08-30,13,10:00,119,11,15.2,0,1,30.13,0,2025-08-30 04:00:00,2025-08-30 08:00:00,W,Parliament St at Carlton St,0,0,0,0
2025-08-30,13,10:00,119,11,15.2,0,1,30.13,0,2025-08-30 04:00:00,2025-08-30 08:00:00,W,Parkside Dr East Side,0,0,0,0
2025-08-30,13,10:00,119,11,15.2,0,1,30.13,0,2025-08-30 04:00:00,2025-08-30 08:00:00,W,Dundas St West,1,1,0,0
2025-08-30,13,10:00,119,11,15.2,0,1,30.13,0,2025-08-30 04:00:00,2025-08-30 08:00:00,W,Howard Park Ave at Roncesvalles Ave,0,0,0,0
2025-08-30,13,10:00,119,11,15.2,0,1,30.13,0,2025-08-30 04:00:00,2025-08-30 08:00:00,W,Parliament St,0,0,0,0
2025-08-30,13,10:00,119,11,15.2,0,1,30.13,0,2025-08-30 04:00:00,2025-08-30 08:00:00,W,Parliament St at Gerrard St East,0,0,0,0
2025-08-30,13,10:00,119,11,15.2,0,1,30.13,0,2025-08-30 04:00:00,2025-08-30 08:00:00,W,Sumach St,0,0,0,0
2025-08-30,13,10:00,119,11,15.2,0,1,30.13,0,2025-08-30 04:00:00,2025-08-30 08:00:00,W,Blackburn St,0,0,0,0
2025-08-30,13,10:00,119,11,15.2,0,1,30.13,0,2025-08-30 04:00:00,2025-08-30 08:00:00,W,Logan Ave,0,0,0,0
2025-08-30,13,10:00,119,11,15.2,0,1,30.13,0,2025-08-30 04:00:00,2025-08-30 08:00:00,W,Augusta Ave,0,0,0,0
2025-08-30,13,10:00,119,11,15.2,0,1,30.13,0,2025-08-30 04:00:00,2025-08-30 08:00:00,W,Beverley St,0,0,0,0
2025-08-30,13,10:00,119,11,15.2,0,1,30.13,0,2025-08-30 04:00:00,2025-08-30 08:00:00,W,University Ave (Queen's Park Station,0,0,0,0
2025-08-30,13,10:00,119,11,15.2,0,1,30.13,0,2025-08-30 04:00:00,2025-08-30 08:00:00,W,Elizabeth St,0,0,0,0
2025-08-30,13,10:00,119,11,15.2,0,1,30.13,0,2025-08-30 04:00:00,2025-08-30 08:00:00,W,Greenwood Ave,0,0,0,0
2025-08-30,13,10:00,119,11,15.2,0,1,30.13,0,2025-08-30 04:00:00,2025-08-30 08:00:00,W,Alton Ave,0,0,0,0
2025-08-30,13,10:00,119,11,15.2,0,1,30.13,0,2025-08-30 04:00:00,2025-08-30 08:00:00,W,Coxwell Ave,0,0,0,0
2025-08-30,13,10:00,119,11,15.2,0,1,30.13,0,2025-08-30 04:00:00,2025-08-30 08:00:00,W,Gerrard St East  at Coxwell Ave,0,0,0,0
2025-08-30,13,10:00,119,11,15.2,0,1,30.13,0,2025-08-30 04:00:00,2025-08-30 08:00:00,W,Coxwell Ave at Lower Gerrard St East,0,0,0,0
2025-08-30,13,10:00,119,11,15.2,0,1,30.13,0,2025-08-30 04:00:00,2025-08-30 08:00:00,W,Ashdale Ave,0,0,0,0
2025-08-30,13,10:00,119,11,15.2,0,1,30.13,0,2025-08-30 04:00:00,2025-08-30 08:00:00,W,Howard Park Ave at Indian Rd,0,0,0,0
2025-08-30,13,10:00,119,11,15.2,0,1,30.13,0,2025-08-30 04:00:00,2025-08-30 08:00:00,W,Dundas St West at Howard Park Ave,0,0,0,0
2025-08-30,13,10:00,119,11,15.2,0,1,30.13,0,2025-08-30 04:00:00,2025-08-30 08:00:00,W,Main St at Gerrard St East,0,0,0,0
2025-08-30,13,10:00,119,11,15.2,0,1,30.13,0,2025-08-30 04:00:00,2025-08-30 08:00:00,W,Main St,0,0,0,0
2025-08-30,13,10:00,119,11,15.2,0,1,30.13,0,2025-08-30 04:00:00,2025-08-30 08:00:00,W,Main St at Danforth Ave,0,0,0,0
2025-08-30,13,10:00,119,11,15.2,0,1,30.13,0,2025-08-30 04:00:00,2025-08-30 08:00:00,W,Howard Park Ave at Parkside Dr,0,0,0,0
2025-09-06,13,10:00,119,11,15.2,0,1,30.13,0,2025-09-06 04:00:00,2025-09-06 08:00:00,E,Woodfield Rd,0,1,5,0
2025-09-06,13,10:00,119,11,15.2,0,1,30.13,0,2025-09-06 04:00:00,2025-09-06 08:00:00,E,Coxwell Ave at Gerrard St East,0,0,0,0
2025-09-06,13,10:00,119,11,15.2,0,1,30.13,0,2025-09-06 04:00:00,2025-09-06 08:00:00,E,Euclid Ave,0,0,0,0
2025-09-06,13,10:00,119,11,15.2,0,1,30.13,0,2025-09-06 04:00:00,2025-09-06 08:00:00,E,Bowmore Rd,1,2,4,0
2025-09-06,13,10:00,119,11,15.2,0,1,30.13,0,2025-09-06 04:00:00,2025-09-06 08:00:00,E,Bay St,1,1,3,0
2025-09-06,13,10:00,119,11,15.2,0,1,30.13,0,2025-09-06 04:00:00,2025-09-06 08:00:00,E,Lansdowne Ave,2,2,3,0
2025-09-06,13,10:00,119,11,15.2,0,1,30.13,0,2025-09-06 04:00:00,2025-09-06 08:00:00,E,Indian Rd,0,1,4,0
2025-09-06,13,10:00,119,11,15.2,0,1,30.13,0,2025-09-06 04:00:00,2025-09-06 08:00:00,E,Grace St,0,0,2,0
2025-09-06,13,10:00,119,11,15.2,0,1,30.13,0,2025-09-06 04:00:00,2025-09-06 08:00:00,E,Dufferin St,0,1,4,0
2025-09-06,13,10:00,119,11,15.2,0,1,30.13,0,2025-09-06 04:00:00,2025-09-06 08:00:00,E,Gerrard St East at Beaton Ave,0,2,6,0
2025-09-06,13,10:00,119,11,15.2,0,1,30.13,0,2025-09-06 04:00:00,2025-09-06 08:00:00,E,Bathurst St,0,0,0,0
2025-09-06,13,10:00,119,11,15.2,0,1,30.13,0,2025-09-06 04:00:00,2025-09-06 08:00:00,E,Yonge St - College Station,0,1,3,0
2025-09-06,13,10:00,119,11,15.2,0,1,30.13,0,2025-09-06 04:00:00,2025-09-06 08:00:00,E,Dundas St West at Sterling Rd,1,0,1,0
2025-09-06,13,10:00,119,11,15.2,0,1,30.13,0,2025-09-06 04:00:00,2025-09-06 08:00:00,E,Brock Ave,1,2,7,0
2025-09-06,13,10:00,119,11,15.2,0,1,30.13,0,2025-09-06 04:00:00,2025-09-06 08:00:00,E,Sackville St,0,0,1,0
2025-09-06,13,10:00,119,11,15.2,0,1,30.13,0,2025-09-06 04:00:00,2025-09-06 08:00:00,E,Carlaw Ave,0,1,3,0
2025-09-06,13,10:00,119,11,15.2,0,1,30.13,0,2025-09-06 04:00:00,2025-09-06 08:00:00,E,Borden St,0,0,0,0
2025-09-06,13,10:00,119,11,15.2,0,1,30.13,0,2025-09-06 04:00:00,2025-09-06 08:00:00,E,Dundas St West at Sorauren Ave,1,0,1,0
2025-09-06,13,10:00,119,11,15.2,0,1,30.13,0,2025-09-06 04:00:00,2025-09-06 08:00:00,E,Crawford St,0,1,2,0
2025-09-06,13,10:00,119,11,15.2,0,1,30.13,0,2025-09-06 04:00:00,2025-09-06 08:00:00,E,Pape Ave,0,1,3,0
2025-09-06,13,10:00,119,11,15.2,0,1,30.13,0,2025-09-06 04:00:00,2025-09-06 08:00:00,E,Spadina Ave,0,0,0,0
2025-09-06,13,10:00,119,11,15.2,0,1,30.13,0,2025-09-06 04:00:00,2025-09-06 08:00:00,E,River St,0,1,1,0
2025-09-06,13,10:00,119,11,15.2,0,1,30.13,0,2025-09-06 04:00:00,2025-09-06 08:00:00,E,Marjory Ave,0,1,5,0
2025-09-06,13,10:00,119,11,15.2,0,1,30.13,0,2025-09-06 04:00:00,2025-09-06 08:00:00,E,Kingsmount Park Rd,1,2,5,0
2025-09-06,13,10:00,119,11,15.2,0,1,30.13,0,2025-09-06 04:00:00,2025-09-06 08:00:00,E,Church St,0,0,0,0
2025-09-06,13,10:00,119,11,15.2,0,1,30.13,0,2025-09-06 04:00:00,2025-09-06 08:00:00,E,Ossington Ave,0,1,1,0
2025-09-06,13,10:00,119,11,15.2,0,1,30.13,0,2025-09-06 04:00:00,2025-09-06 08:00:00,E,Woodbine Ave,1,3,6,0
2025-09-06,13,10:00,119,11,15.2,0,1,30.13,0,2025-09-06 04:00:00,2025-09-06 08:00:00,E,Jones Ave,0,1,5,0
2025-09-06,13,10:00,119,11,15.2,0,1,30.13,0,2025-09-06 04:00:00,2025-09-06 08:00:00,E,Golfview Ave,1,2,3,0
2025-09-06,13,10:00,119,11,15.2,0,1,30.13,0,2025-09-06 04:00:00,2025-09-06 08:00:00,E,Leslie St,0,1,6,0
2025-09-06,13,10:00,119,11,15.2,0,1,30.13,0,2025-09-06 04:00:00,2025-09-06 08:00:00,E,St Matthews Rd,0,1,1,0
2025-09-06,13,10:00,119,11,15.2,0,1,30.13,0,2025-09-06 04:00:00,2025-09-06 08:00:00,E,Jarvis St,0,0,1,0
2025-09-06,13,10:00,119,11,15.2,0,1,30.13,0,2025-09-06 04:00:00,2025-09-06 08:00:00,E,Sherbourne St,0,0,1,0
2025-09-06,13,10:00,119,11,15.2,0,1,30.13,0,2025-09-06 04:00:00,2025-09-06 08:00:00,E,St George St,1,1,3,0
2025-09-06,13,10:00,119,11,15.2,0,1,30.13,0,2025-09-06 04:00:00,2025-09-06 08:00:00,E,Dovercourt Rd,1,1,3,0
2025-09-06,13,10:00,119,11,15.2,0,1,30.13,0,2025-09-06 04:00:00,2025-09-06 08:00:00,E,Glenmount Park Rd,1,2,3,0
2025-09-06,13,10:00,119,11,15.2,0,1,30.13,0,2025-09-06 04:00:00,2025-09-06 08:00:00,E,Prust Ave,0,1,6,0
2025-09-06,13,10:00,119,11,15.2,0,1,30.13,0,2025-09-06 04:00:00,2025-09-06 08:00:00,E,Main Street Station at Bay 7,0,0,0,0
2025-09-06,13,10:00,119,11,15.2,0,1,30.13,0,2025-09-06 04:00:00,2025-09-06 08:00:00,E,Norwood Rd,1,2,3,0
2025-09-06,13,10:00,119,11,15.2,0,1,30.13,0,2025-09-06 04:00:00,2025-09-06 08:00:00,E,McCaul St,0,1,3,0
2025-09-06,13,10:00,119,11,15.2,0,1,30.13,0,2025-09-06 04:00:00,2025-09-06 08:00:00,E,Broadview Ave,0,1,1,0
2025-09-06,13,10:00,119,11,15.2,0,1,30.13,0,2025-09-06 04:00:00,2025-09-06 08:00:00,E,Ontario St,0,1,1,0
2025-09-06,13,10:00,119,11,15.2,0,1,30.13,0,2025-09-06 04:00:00,2025-09-06 08:00:00,E,Rusholme Park Cres,0,0,1,0
2025-09-06,13,10:00,119,11,15.2,0,1,30.13,0,2025-09-06 04:00:00,2025-09-06 08:00:00,E,Havelock St,0,1,5,0
2025-09-06,13,10:00,119,11,15.2,0,1,30.13,0,2025-09-06 04:00:00,2025-09-06 08:00:00,E,High Park Loop,0,2,10,0
2025-09-06,13,10:00,119,11,15.2,0,1,30.13,0,2025-09-06 04:00:00,2025-09-06 08:00:00,E,Queens Park (Queen's Park Station),1,1,3,0
2025-09-06,13,10:00,119,11,15.2,0,1,30.13,0,2025-09-06 04:00:00,2025-09-06 08:00:00,E,Roncesvalles Ave,1,0,1,0
2025-09-06,13,10:00,119,11,15.2,0,1,30.13,0,2025-09-06 04:00:00,2025-09-06 08:00:00,E,De Grassi St,0,1,1,0
2025-09-06,13,10:00,119,11,15.2,0,1,30.13,0,2025-09-06 04:00:00,2025-09-06 08:00:00,E,Parliament St at Carlton St,0,1,1,0
2025-09-06,13,10:00,119,11,15.2,0,1,30.13,0,2025-09-06 04:00:00,2025-09-06 08:00:00,E,Parkside Dr East Side,0,1,5,0
2025-09-06,13,10:00,119,11,15.2,0,1,30.13,0,2025-09-06 04:00:00,2025-09-06 08:00:00,E,Dundas St West,1,0,1,0
2025-09-06,13,10:00,119,11,15.2,0,1,30.13,0,2025-09-06 04:00:00,2025-09-06 08:00:00,E,Howard Park Ave at Roncesvalles Ave,0,0,0,0
2025-09-06,13,10:00,119,11,15.2,0,1,30.13,0,2025-09-06 04:00:00,2025-09-06 08:00:00,E,Parliament St,0,0,0,0
2025-09-06,13,10:00,119,11,15.2,0,1,30.13,0,2025-09-06 04:00:00,2025-09-06 08:00:00,E,Parliament St at Gerrard St East,0,0,0,0
2025-09-06,13,10:00,119,11,15.2,0,1,30.13,0,2025-09-06 04:00:00,2025-09-06 08:00:00,E,Sumach St,0,0,0,0
2025-09-06,13,10:00,119,11,15.2,0,1,30.13,0,2025-09-06 04:00:00,2025-09-06 08:00:00,E,Blackburn St,0,0,0,0
2025-09-06,13,10:00,119,11,15.2,0,1,30.13,0,2025-09-06 04:00:00,2025-09-06 08:00:00,E,Logan Ave,0,0,0,0
2025-09-06,13,10:00,119,11,15.2,0,1,30.13,0,2025-09-06 04:00:00,2025-09-06 08:00:00,E,Augusta Ave,0,0,0,0
2025-09-06,13,10:00,119,11,15.2,0,1,30.13,0,2025-09-06 04:00:00,2025-09-06 08:00:00,E,Beverley St,0,0,0,0
2025-09-06,13,10:00,119,11,15.2,0,1,30.13,0,2025-09-06 04:00:00,2025-09-06 08:00:00,E,University Ave (Queen's Park Station,0,0,0,0
2025-09-06,13,10:00,119,11,15.2,0,1,30.13,0,2025-09-06 04:00:00,2025-09-06 08:00:00,E,Elizabeth St,0,0,0,0
2025-09-06,13,10:00,119,11,15.2,0,1,30.13,0,2025-09-06 04:00:00,2025-09-06 08:00:00,E,Greenwood Ave,0,0,0,0
2025-09-06,13,10:00,119,11,15.2,0,1,30.13,0,2025-09-06 04:00:00,2025-09-06 08:00:00,E,Alton Ave,0,0,0,0
2025-09-06,13,10:00,119,11,15.2,0,1,30.13,0,2025-09-06 04:00:00,2025-09-06 08:00:00,E,Coxwell Ave,0,0,0,0
2025-09-06,13,10:00,119,11,15.2,0,1,30.13,0,2025-09-06 04:00:00,2025-09-06 08:00:00,E,Gerrard St East  at Coxwell Ave,0,0,0,0
2025-09-06,13,10:00,119,11,15.2,0,1,30.13,0,2025-09-06 04:00:00,2025-09-06 08:00:00,E,Coxwell Ave at Lower Gerrard St East,0,0,0,0
2025-09-06,13,10:00,119,11,15.2,0,1,30.13,0,2025-09-06 04:00:00,2025-09-06 08:00:00,E,Ashdale Ave,0,0,0,0
2025-09-06,13,10:00,119,11,15.2,0,1,30.13,0,2025-09-06 04:00:00,2025-09-06 08:00:00,E,Howard Park Ave at Indian Rd,0,0,0,0
2025-09-06,13,10:00,119,11,15.2,0,1,30.13,0,2025-09-06 04:00:00,2025-09-06 08:00:00,E,Dundas St West at Howard Park Ave,0,0,0,0
2025-09-06,13,10:00,119,11,15.2,0,1,30.13,0,2025-09-06 04:00:00,2025-09-06 08:00:00,E,Main St at Gerrard St East,0,0,0,0
2025-09-06,13,10:00,119,11,15.2,0,1,30.13,0,2025-09-06 04:00:00,2025-09-06 08:00:00,E,Main St,0,0,0,0
2025-09-06,13,10:00,119,11,15.2,0,1,30.13,0,2025-09-06 04:00:00,2025-09-06 08:00:00,E,Main St at Danforth Ave,0,0,0,0
2025-09-06,13,10:00,119,11,15.2,0,1,30.13,0,2025-09-06 04:00:00,2025-09-06 08:00:00,E,Howard Park Ave at Parkside Dr,0,0,0,0
2025-09-06,13,10:00,119,11,15.2,0,1,30.13,0,2025-09-06 04:00:00,2025-09-06 08:00:00,W,Woodfield Rd,1,1,0,0
2025-09-06,13,10:00,119,11,15.2,0,1,30.13,0,2025-09-06 04:00:00,2025-09-06 08:00:00,W,Coxwell Ave at Gerrard St East,1,1,0,0
2025-09-06,13,10:00,119,11,15.2,0,1,30.13,0,2025-09-06 04:00:00,2025-09-06 08:00:00,W,Euclid Ave,0,0,0,0
2025-09-06,13,10:00,119,11,15.2,0,1,30.13,0,2025-09-06 04:00:00,2025-09-06 08:00:00,W,Bowmore Rd,0,0,0,0
2025-09-06,13,10:00,119,11,15.2,0,1,30.13,0,2025-09-06 04:00:00,2025-09-06 08:00:00,W,Bay St,0,1,0,0
2025-09-06,13,10:00,119,11,15.2,0,1,30.13,0,2025-09-06 04:00:00,2025-09-06 08:00:00,W,Lansdowne Ave,0,1,0,0
2025-09-06,13,10:00,119,11,15.2,0,1,30.13,0,2025-09-06 04:00:00,2025-09-06 08:00:00,W,Indian Rd,1,4,4,0
2025-09-06,13,10:00,119,11,15.2,0,1,30.13,0,2025-09-06 04:00:00,2025-09-06 08:00:00,W,Grace St,0,0,0,0
2025-09-06,13,10:00,119,11,15.2,0,1,30.13,0,2025-09-06 04:00:00,2025-09-06 08:00:00,W,Dufferin St,1,2,3,0
2025-09-06,13,10:00,119,11,15.2,0,1,30.13,0,2025-09-06 04:00:00,2025-09-06 08:00:00,W,Gerrard St East at Beaton Ave,0,0,0,0
2025-09-06,13,10:00,119,11,15.2,0,1,30.13,0,2025-09-06 04:00:00,2025-09-06 08:00:00,W,Bathurst St,0,0,0,0
2025-09-06,13,10:00,119,11,15.2,0,1,30.13,0,2025-09-06 04:00:00,2025-09-06 08:00:00,W,Yonge St - College Station,0,0,0,0
2025-09-06,13,10:00,119,11,15.2,0,1,30.13,0,2025-09-06 04:00:00,2025-09-06 08:00:00,W,Dundas St West at Sterling Rd,0,0,0,0
2025-09-06,13,10:00,119,11,15.2,0,1,30.13,0,2025-09-06 04:00:00,2025-09-06 08:00:00,W,Brock Ave,0,0,0,0
2025-09-06,13,10:00,119,11,15.2,0,1,30.13,0,2025-09-06 04:00:00,2025-09-06 08:00:00,W,Sackville St,2,1,3,0
2025-09-06,13,10:00,119,11,15.2,0,1,30.13,0,2025-09-06 04:00:00,2025-09-06 08:00:00,W,Carlaw Ave,0,0,0,0
2025-09-06,13,10:00,119,11,15.2,0,1,30.13,0,2025-09-06 04:00:00,2025-09-06 08:00:00,W,Borden St,0,0,0,0
2025-09-06,13,10:00,119,11,15.2,0,1,30.13,0,2025-09-06 04:00:00,2025-09-06 08:00:00,W,Dundas St West at Sorauren Ave,1,2,4,0
2025-09-06,13,10:00,119,11,15.2,0,1,30.13,0,2025-09-06 04:00:00,2025-09-06 08:00:00,W,Crawford St,0,0,0,0
2025-09-06,13,10:00,119,11,15.2,0,1,30.13,0,2025-09-06 04:00:00,2025-09-06 08:00:00,W,Pape Ave,0,0,0,0
2025-09-06,13,10:00,119,11,15.2,0,1,30.13,0,2025-09-06 04:00:00,2025-09-06 08:00:00,W,Spadina Ave,0,0,0,0
2025-09-06,13,10:00,119,11,15.2,0,1,30.13,0,2025-09-06 04:00:00,2025-09-06 08:00:00,W,River St,2,1,3,0
2025-09-06,13,10:00,119,11,15.2,0,1,30.13,0,2025-09-06 04:00:00,2025-09-06 08:00:00,W,Marjory Ave,0,0,0,0
2025-09-06,13,10:00,119,11,15.2,0,1,30.13,0,2025-09-06 04:00:00,2025-09-06 08:00:00,W,Kingsmount Park Rd,0,0,0,0
2025-09-06,13,10:00,119,11,15.2,0,1,30.13,0,2025-09-06 04:00:00,2025-09-06 08:00:00,W,Church St,0,0,0,0
2025-09-06,13,10:00,119,11,15.2,0,1,30.13,0,2025-09-06 04:00:00,2025-09-06 08:00:00,W,Ossington Ave,0,0,0,0
2025-09-06,13,10:00,119,11,15.2,0,1,30.13,0,2025-09-06 04:00:00,2025-09-06 08:00:00,W,Woodbine Ave,0,0,0,0
2025-09-06,13,10:00,119,11,15.2,0,1,30.13,0,2025-09-06 04:00:00,2025-09-06 08:00:00,W,Jones Ave,0,0,0,0
2025-09-06,13,10:00,119,11,15.2,0,1,30.13,0,2025-09-06 04:00:00,2025-09-06 08:00:00,W,Golfview Ave,0,0,0,0
2025-09-06,13,10:00,119,11,15.2,0,1,30.13,0,2025-09-06 04:00:00,2025-09-06 08:00:00,W,Leslie St,0,0,0,0
2025-09-06,13,10:00,119,11,15.2,0,1,30.13,0,2025-09-06 04:00:00,2025-09-06 08:00:00,W,St Matthews Rd,0,0,0,0
2025-09-06,13,10:00,119,11,15.2,0,1,30.13,0,2025-09-06 04:00:00,2025-09-06 08:00:00,W,Jarvis St,0,0,0,0
2025-09-06,13,10:00,119,11,15.2,0,1,30.13,0,2025-09-06 04:00:00,2025-09-06 08:00:00,W,Sherbourne St,0,0,0,0
2025-09-06,13,10:00,119,11,15.2,0,1,30.13,0,2025-09-06 04:00:00,2025-09-06 08:00:00,W,St George St,0,0,0,0
2025-09-06,13,10:00,119,11,15.2,0,1,30.13,0,2025-09-06 04:00:00,2025-09-06 08:00:00,W,Dovercourt Rd,0,0,0,0
2025-09-06,13,10:00,119,11,15.2,0,1,30.13,0,2025-09-06 04:00:00,2025-09-06 08:00:00,W,Glenmount Park Rd,0,0,0,0
2025-09-06,13,10:00,119,11,15.2,0,1,30.13,0,2025-09-06 04:00:00,2025-09-06 08:00:00,W,Prust Ave,0,0,0,0
2025-09-06,13,10:00,119,11,15.2,0,1,30.13,0,2025-09-06 04:00:00,2025-09-06 08:00:00,W,Main Street Station at Bay 7,0,0,0,0
2025-09-06,13,10:00,119,11,15.2,0,1,30.13,0,2025-09-06 04:00:00,2025-09-06 08:00:00,W,Norwood Rd,0,0,0,0
2025-09-06,13,10:00,119,11,15.2,0,1,30.13,0,2025-09-06 04:00:00,2025-09-06 08:00:00,W,McCaul St,0,0,0,0
2025-09-06,13,10:00,119,11,15.2,0,1,30.13,0,2025-09-06 04:00:00,2025-09-06 08:00:00,W,Broadview Ave,0,0,0,0
2025-09-06,13,10:00,119,11,15.2,0,1,30.13,0,2025-09-06 04:00:00,2025-09-06 08:00:00,W,Ontario St,0,0,0,0
2025-09-06,13,10:00,119,11,15.2,0,1,30.13,0,2025-09-06 04:00:00,2025-09-06 08:00:00,W,Rusholme Park Cres,0,0,0,0
2025-09-06,13,10:00,119,11,15.2,0,1,30.13,0,2025-09-06 04:00:00,2025-09-06 08:00:00,W,Havelock St,0,0,0,0
2025-09-06,13,10:00,119,11,15.2,0,1,30.13,0,2025-09-06 04:00:00,2025-09-06 08:00:00,W,High Park Loop,0,0,0,0
2025-09-06,13,10:00,119,11,15.2,0,1,30.13,0,2025-09-06 04:00:00,2025-09-06 08:00:00,W,Queens Park (Queen's Park Station),0,0,0,0
2025-09-06,13,10:00,119,11,15.2,0,1,30.13,0,2025-09-06 04:00:00,2025-09-06 08:00:00,W,Roncesvalles Ave,1,4,4,0
2025-09-06,13,10:00,119,11,15.2,0,1,30.13,0,2025-09-06 04:00:00,2025-09-06 08:00:00,W,De Grassi St,0,0,0,0
2025-09-06,13,10:00,119,11,15.2,0,1,30.13,0,2025-09-06 04:00:00,2025-09-06 08:00:00,W,Parliament St at Carlton St,0,0,0,0
2025-09-06,13,10:00,119,11,15.2,0,1,30.13,0,2025-09-06 04:00:00,2025-09-06 08:00:00,W,Parkside Dr East Side,0,0,0,0
2025-09-06,13,10:00,119,11,15.2,0,1,30.13,0,2025-09-06 04:00:00,2025-09-06 08:00:00,W,Dundas St West,1,4,4,0
2025-09-06,13,10:00,119,11,15.2,0,1,30.13,0,2025-09-06 04:00:00,2025-09-06 08:00:00,W,Howard Park Ave at Roncesvalles Ave,0,0,0,0
2025-09-06,13,10:00,119,11,15.2,0,1,30.13,0,2025-09-06 04:00:00,2025-09-06 08:00:00,W,Parliament St,0,0,0,0
2025-09-06,13,10:00,119,11,15.2,0,1,30.13,0,2025-09-06 04:00:00,2025-09-06 08:00:00,W,Parliament St at Gerrard St East,0,0,0,0
2025-09-06,13,10:00,119,11,15.2,0,1,30.13,0,2025-09-06 04:00:00,2025-09-06 08:00:00,W,Sumach St,0,0,0,0
2025-09-06,13,10:00,119,11,15.2,0,1,30.13,0,2025-09-06 04:00:00,2025-09-06 08:00:00,W,Blackburn St,0,0,0,0
2025-09-06,13,10:00,119,11,15.2,0,1,30.13,0,2025-09-06 04:00:00,2025-09-06 08:00:00,W,Logan Ave,0,0,0,0
2025-09-06,13,10:00,119,11,15.2,0,1,30.13,0,2025-09-06 04:00:00,2025-09-06 08:00:00,W,Augusta Ave,0,0,0,0
2025-09-06,13,10:00,119,11,15.2,0,1,30.13,0,2025-09-06 04:00:00,2025-09-06 08:00:00,W,Beverley St,0,0,0,0
2025-09-06,13,10:00,119,11,15.2,0,1,30.13,0,2025-09-06 04:00:00,2025-09-06 08:00:00,W,University Ave (Queen's Park Station,0,0,0,0
2025-09-06,13,10:00,119,11,15.2,0,1,30.13,0,2025-09-06 04:00:00,2025-09-06 08:00:00,W,Elizabeth St,0,0,0,0
2025-09-06,13,10:00,119,11,15.2,0,1,30.13,0,2025-09-06 04:00:00,2025-09-06 08:00:00,W,Greenwood Ave,0,0,0,0
2025-09-06,13,10:00,119,11,15.2,0,1,30.13,0,2025-09-06 04:00:00,2025-09-06 08:00:00,W,Alton Ave,0,0,0,0
2025-09-06,13,10:00,119,11,15.2,0,1,30.13,0,2025-09-06 04:00:00,2025-09-06 08:00:00,W,Coxwell Ave,0,0,0,0
2025-09-06,13,10:00,119,11,15.2,0,1,30.13,0,2025-09-06 04:00:00,2025-09-06 08:00:00,W,Gerrard St East  at Coxwell Ave,0,0,0,0
2025-09-06,13,10:00,119,11,15.2,0,1,30.13,0,2025-09-06 04:00:00,2025-09-06 08:00:00,W,Coxwell Ave at Lower Gerrard St East,0,0,0,0
2025-09-06,13,10:00,119,11,15.2,0,1,30.13,0,2025-09-06 04:00:00,2025-09-06 08:00:00,W,Ashdale Ave,0,0,0,0
2025-09-06,13,10:00,119,11,15.2,0,1,30.13,0,2025-09-06 04:00:00,2025-09-06 08:00:00,W,Howard Park Ave at Indian Rd,0,0,0,0
2025-09-06,13,10:00,119,11,15.2,0,1,30.13,0,2025-09-06 04:00:00,2025-09-06 08:00:00,W,Dundas St West at Howard Park Ave,0,0,0,0
2025-09-06,13,10:00,119,11,15.2,0,1,30.13,0,2025-09-06 04:00:00,2025-09-06 08:00:00,W,Main St at Gerrard St East,0,0,0,0
2025-09-06,13,10:00,119,11,15.2,0,1,30.13,0,2025-09-06 04:00:00,2025-09-06 08:00:00,W,Main St,0,0,0,0
2025-09-06,13,10:00,119,11,15.2,0,1,30.13,0,2025-09-06 04:00:00,2025-09-06 08:00:00,W,Main St at Danforth Ave,0,0,0,0
2025-09-06,13,10:00,119,11,15.2,0,1,30.13,0,2025-09-06 04:00:00,2025-09-06 08:00:00,W,Howard Park Ave at Parkside Dr,0,0,0,0
2025-09-13,13,10:00,119,11,15.2,0,1,30.13,0,2025-09-13 04:00:00,2025-09-13 08:00:00,E,Woodfield Rd,0,1,0,0
2025-09-13,13,10:00,119,11,15.2,0,1,30.13,0,2025-09-13 04:00:00,2025-09-13 08:00:00,E,Coxwell Ave at Gerrard St East,0,0,0,0
2025-09-13,13,10:00,119,11,15.2,0,1,30.13,0,2025-09-13 04:00:00,2025-09-13 08:00:00,E,Euclid Ave,0,0,0,0
2025-09-13,13,10:00,119,11,15.2,0,1,30.13,0,2025-09-13 04:00:00,2025-09-13 08:00:00,E,Bowmore Rd,0,3,0,0
2025-09-13,13,10:00,119,11,15.2,0,1,30.13,0,2025-09-13 04:00:00,2025-09-13 08:00:00,E,Bay St,0,0,0,0
2025-09-13,13,10:00,119,11,15.2,0,1,30.13,0,2025-09-13 04:00:00,2025-09-13 08:00:00,E,Lansdowne Ave,1,3,1,0
2025-09-13,13,10:00,119,11,15.2,0,1,30.13,0,2025-09-13 04:00:00,2025-09-13 08:00:00,E,Indian Rd,0,0,0,0
2025-09-13,13,10:00,119,11,15.2,0,1,30.13,0,2025-09-13 04:00:00,2025-09-13 08:00:00,E,Grace St,0,0,0,0
2025-09-13,13,10:00,119,11,15.2,0,1,30.13,0,2025-09-13 04:00:00,2025-09-13 08:00:00,E,Dufferin St,0,1,0,0
2025-09-13,13,10:00,119,11,15.2,0,1,30.13,0,2025-09-13 04:00:00,2025-09-13 08:00:00,E,Gerrard St East at Beaton Ave,0,3,0,0
2025-09-13,13,10:00,119,11,15.2,0,1,30.13,0,2025-09-13 04:00:00,2025-09-13 08:00:00,E,Bathurst St,0,0,0,0
2025-09-13,13,10:00,119,11,15.2,0,1,30.13,0,2025-09-13 04:00:00,2025-09-13 08:00:00,E,Yonge St - College Station,0,1,0,0
2025-09-13,13,10:00,119,11,15.2,0,1,30.13,0,2025-09-13 04:00:00,2025-09-13 08:00:00,E,Dundas St West at Sterling Rd,0,0,0,0
2025-09-13,13,10:00,119,11,15.2,0,1,30.13,0,2025-09-13 04:00:00,2025-09-13 08:00:00,E,Brock Ave,0,3,0,0
2025-09-13,13,10:00,119,11,15.2,0,1,30.13,0,2025-09-13 04:00:00,2025-09-13 08:00:00,E,Sackville St,0,1,0,0
2025-09-13,13,10:00,119,11,15.2,0,1,30.13,0,2025-09-13 04:00:00,2025-09-13 08:00:00,E,Carlaw Ave,0,1,0,0
2025-09-13,13,10:00,119,11,15.2,0,1,30.13,0,2025-09-13 04:00:00,2025-09-13 08:00:00,E,Borden St,0,0,0,0
2025-09-13,13,10:00,119,11,15.2,0,1,30.13,0,2025-09-13 04:00:00,2025-09-13 08:00:00,E,Dundas St West at Sorauren Ave,0,0,0,0
2025-09-13,13,10:00,119,11,15.2,0,1,30.13,0,2025-09-13 04:00:00,2025-09-13 08:00:00,E,Crawford St,0,1,0,0
2025-09-13,13,10:00,119,11,15.2,0,1,30.13,0,2025-09-13 04:00:00,2025-09-13 08:00:00,E,Pape Ave,0,1,0,0
2025-09-13,13,10:00,119,11,15.2,0,1,30.13,0,2025-09-13 04:00:00,2025-09-13 08:00:00,E,Spadina Ave,0,0,0,0
2025-09-13,13,10:00,119,11,15.2,0,1,30.13,0,2025-09-13 04:00:00,2025-09-13 08:00:00,E,River St,0,1,0,0
2025-09-13,13,10:00,119,11,15.2,0,1,30.13,0,2025-09-13 04:00:00,2025-09-13 08:00:00,E,Marjory Ave,0,1,0,0
2025-09-13,13,10:00,119,11,15.2,0,1,30.13,0,2025-09-13 04:00:00,2025-09-13 08:00:00,E,Kingsmount Park Rd,0,3,0,0
2025-09-13,13,10:00,119,11,15.2,0,1,30.13,0,2025-09-13 04:00:00,2025-09-13 08:00:00,E,Church St,0,0,0,0
2025-09-13,13,10:00,119,11,15.2,0,1,30.13,0,2025-09-13 04:00:00,2025-09-13 08:00:00,E,Ossington Ave,0,0,0,0
2025-09-13,13,10:00,119,11,15.2,0,1,30.13,0,2025-09-13 04:00:00,2025-09-13 08:00:00,E,Woodbine Ave,0,3,0,0
2025-09-13,13,10:00,119,11,15.2,0,1,30.13,0,2025-09-13 04:00:00,2025-09-13 08:00:00,E,Jones Ave,0,1,0,0
2025-09-13,13,10:00,119,11,15.2,0,1,30.13,0,2025-09-13 04:00:00,2025-09-13 08:00:00,E,Golfview Ave,0,3,0,0
2025-09-13,13,10:00,119,11,15.2,0,1,30.13,0,2025-09-13 04:00:00,2025-09-13 08:00:00,E,Leslie St,0,1,0,0
2025-09-13,13,10:00,119,11,15.2,0,1,30.13,0,2025-09-13 04:00:00,2025-09-13 08:00:00,E,St Matthews Rd,0,1,0,0
2025-09-13,13,10:00,119,11,15.2,0,1,30.13,0,2025-09-13 04:00:00,2025-09-13 08:00:00,E,Jarvis St,0,0,0,0
2025-09-13,13,10:00,119,11,15.2,0,1,30.13,0,2025-09-13 04:00:00,2025-09-13 08:00:00,E,Sherbourne St,0,0,0,0
2025-09-13,13,10:00,119,11,15.2,0,1,30.13,0,2025-09-13 04:00:00,2025-09-13 08:00:00,E,St George St,0,1,0,0
2025-09-13,13,10:00,119,11,15.2,0,1,30.13,0,2025-09-13 04:00:00,2025-09-13 08:00:00,E,Dovercourt Rd,0,0,0,0
2025-09-13,13,10:00,119,11,15.2,0,1,30.13,0,2025-09-13 04:00:00,2025-09-13 08:00:00,E,Glenmount Park Rd,0,3,0,0
2025-09-13,13,10:00,119,11,15.2,0,1,30.13,0,2025-09-13 04:00:00,2025-09-13 08:00:00,E,Prust Ave,0,1,0,0
2025-09-13,13,10:00,119,11,15.2,0,1,30.13,0,2025-09-13 04:00:00,2025-09-13 08:00:00,E,Main Street Station at Bay 7,0,0,0,0
2025-09-13,13,10:00,119,11,15.2,0,1,30.13,0,2025-09-13 04:00:00,2025-09-13 08:00:00,E,Norwood Rd,0,3,0,0
2025-09-13,13,10:00,119,11,15.2,0,1,30.13,0,2025-09-13 04:00:00,2025-09-13 08:00:00,E,McCaul St,0,1,0,0
2025-09-13,13,10:00,119,11,15.2,0,1,30.13,0,2025-09-13 04:00:00,2025-09-13 08:00:00,E,Broadview Ave,0,1,0,0
2025-09-13,13,10:00,119,11,15.2,0,1,30.13,0,2025-09-13 04:00:00,2025-09-13 08:00:00,E,Ontario St,0,0,0,0
2025-09-13,13,10:00,119,11,15.2,0,1,30.13,0,2025-09-13 04:00:00,2025-09-13 08:00:00,E,Rusholme Park Cres,0,0,0,0
2025-09-13,13,10:00,119,11,15.2,0,1,30.13,0,2025-09-13 04:00:00,2025-09-13 08:00:00,E,Havelock St,0,1,0,0
2025-09-13,13,10:00,119,11,15.2,0,1,30.13,0,2025-09-13 04:00:00,2025-09-13 08:00:00,E,High Park Loop,0,0,2,0
2025-09-13,13,10:00,119,11,15.2,0,1,30.13,0,2025-09-13 04:00:00,2025-09-13 08:00:00,E,Queens Park (Queen's Park Station),0,0,0,0
2025-09-13,13,10:00,119,11,15.2,0,1,30.13,0,2025-09-13 04:00:00,2025-09-13 08:00:00,E,Roncesvalles Ave,0,1,0,0
2025-09-13,13,10:00,119,11,15.2,0,1,30.13,0,2025-09-13 04:00:00,2025-09-13 08:00:00,E,De Grassi St,0,1,0,0
2025-09-13,13,10:00,119,11,15.2,0,1,30.13,0,2025-09-13 04:00:00,2025-09-13 08:00:00,E,Parliament St at Carlton St,0,0,0,0
2025-09-13,13,10:00,119,11,15.2,0,1,30.13,0,2025-09-13 04:00:00,2025-09-13 08:00:00,E,Parkside Dr East Side,0,0,1,0
2025-09-13,13,10:00,119,11,15.2,0,1,30.13,0,2025-09-13 04:00:00,2025-09-13 08:00:00,E,Dundas St West,0,0,0,0
2025-09-13,13,10:00,119,11,15.2,0,1,30.13,0,2025-09-13 04:00:00,2025-09-13 08:00:00,E,Howard Park Ave at Roncesvalles Ave,0,0,0,0
2025-09-13,13,10:00,119,11,15.2,0,1,30.13,0,2025-09-13 04:00:00,2025-09-13 08:00:00,E,Parliament St,0,0,0,0
2025-09-13,13,10:00,119,11,15.2,0,1,30.13,0,2025-09-13 04:00:00,2025-09-13 08:00:00,E,Parliament St at Gerrard St East,0,0,0,0
2025-09-13,13,10:00,119,11,15.2,0,1,30.13,0,2025-09-13 04:00:00,2025-09-13 08:00:00,E,Sumach St,0,0,0,0
2025-09-13,13,10:00,119,11,15.2,0,1,30.13,0,2025-09-13 04:00:00,2025-09-13 08:00:00,E,Blackburn St,0,0,0,0
2025-09-13,13,10:00,119,11,15.2,0,1,30.13,0,2025-09-13 04:00:00,2025-09-13 08:00:00,E,Logan Ave,0,1,0,0
2025-09-13,13,10:00,119,11,15.2,0,1,30.13,0,2025-09-13 04:00:00,2025-09-13 08:00:00,E,Augusta Ave,0,0,0,0
2025-09-13,13,10:00,119,11,15.2,0,1,30.13,0,2025-09-13 04:00:00,2025-09-13 08:00:00,E,Beverley St,0,0,0,0
2025-09-13,13,10:00,119,11,15.2,0,1,30.13,0,2025-09-13 04:00:00,2025-09-13 08:00:00,E,University Ave (Queen's Park Station,0,0,0,0
2025-09-13,13,10:00,119,11,15.2,0,1,30.13,0,2025-09-13 04:00:00,2025-09-13 08:00:00,E,Elizabeth St,0,0,0,0
2025-09-13,13,10:00,119,11,15.2,0,1,30.13,0,2025-09-13 04:00:00,2025-09-13 08:00:00,E,Greenwood Ave,0,0,0,0
2025-09-13,13,10:00,119,11,15.2,0,1,30.13,0,2025-09-13 04:00:00,2025-09-13 08:00:00,E,Alton Ave,0,0,0,0
2025-09-13,13,10:00,119,11,15.2,0,1,30.13,0,2025-09-13 04:00:00,2025-09-13 08:00:00,E,Coxwell Ave,0,0,0,0
2025-09-13,13,10:00,119,11,15.2,0,1,30.13,0,2025-09-13 04:00:00,2025-09-13 08:00:00,E,Gerrard St East  at Coxwell Ave,0,0,0,0
2025-09-13,13,10:00,119,11,15.2,0,1,30.13,0,2025-09-13 04:00:00,2025-09-13 08:00:00,E,Coxwell Ave at Lower Gerrard St East,0,0,0,0
2025-09-13,13,10:00,119,11,15.2,0,1,30.13,0,2025-09-13 04:00:00,2025-09-13 08:00:00,E,Ashdale Ave,0,0,0,0
2025-09-13,13,10:00,119,11,15.2,0,1,30.13,0,2025-09-13 04:00:00,2025-09-13 08:00:00,E,Howard Park Ave at Indian Rd,0,0,0,0
2025-09-13,13,10:00,119,11,15.2,0,1,30.13,0,2025-09-13 04:00:00,2025-09-13 08:00:00,E,Dundas St West at Howard Park Ave,0,0,0,0
2025-09-13,13,10:00,119,11,15.2,0,1,30.13,0,2025-09-13 04:00:00,2025-09-13 08:00:00,E,Main St at Gerrard St East,0,0,0,0
2025-09-13,13,10:00,119,11,15.2,0,1,30.13,0,2025-09-13 04:00:00,2025-09-13 08:00:00,E,Main St,0,0,0,0
2025-09-13,13,10:00,119,11,15.2,0,1,30.13,0,2025-09-13 04:00:00,2025-09-13 08:00:00,E,Main St at Danforth Ave,0,0,0,0
2025-09-13,13,10:00,119,11,15.2,0,1,30.13,0,2025-09-13 04:00:00,2025-09-13 08:00:00,E,Howard Park Ave at Parkside Dr,0,0,0,0
2025-09-13,13,10:00,119,11,15.2,0,1,30.13,0,2025-09-13 04:00:00,2025-09-13 08:00:00,W,Woodfield Rd,1,2,1,0
2025-09-13,13,10:00,119,11,15.2,0,1,30.13,0,2025-09-13 04:00:00,2025-09-13 08:00:00,W,Coxwell Ave at Gerrard St East,1,2,1,0
2025-09-13,13,10:00,119,11,15.2,0,1,30.13,0,2025-09-13 04:00:00,2025-09-13 08:00:00,W,Euclid Ave,0,0,0,0
2025-09-13,13,10:00,119,11,15.2,0,1,30.13,0,2025-09-13 04:00:00,2025-09-13 08:00:00,W,Bowmore Rd,0,2,1,0
2025-09-13,13,10:00,119,11,15.2,0,1,30.13,0,2025-09-13 04:00:00,2025-09-13 08:00:00,W,Bay St,0,2,1,0
2025-09-13,13,10:00,119,11,15.2,0,1,30.13,0,2025-09-13 04:00:00,2025-09-13 08:00:00,W,Lansdowne Ave,0,1,0,0
2025-09-13,13,10:00,119,11,15.2,0,1,30.13,0,2025-09-13 04:00:00,2025-09-13 08:00:00,W,Indian Rd,1,3,2,0
2025-09-13,13,10:00,119,11,15.2,0,1,30.13,0,2025-09-13 04:00:00,2025-09-13 08:00:00,W,Grace St,0,0,0,0
2025-09-13,13,10:00,119,11,15.2,0,1,30.13,0,2025-09-13 04:00:00,2025-09-13 08:00:00,W,Dufferin St,1,3,2,0
2025-09-13,13,10:00,119,11,15.2,0,1,30.13,0,2025-09-13 04:00:00,2025-09-13 08:00:00,W,Gerrard St East at Beaton Ave,0,2,1,0
2025-09-13,13,10:00,119,11,15.2,0,1,30.13,0,2025-09-13 04:00:00,2025-09-13 08:00:00,W,Bathurst St,0,0,0,0
2025-09-13,13,10:00,119,11,15.2,0,1,30.13,0,2025-09-13 04:00:00,2025-09-13 08:00:00,W,Yonge St - College Station,0,0,0,0
2025-09-13,13,10:00,119,11,15.2,0,1,30.13,0,2025-09-13 04:00:00,2025-09-13 08:00:00,W,Dundas St West at Sterling Rd,0,0,0,0
2025-09-13,13,10:00,119,11,15.2,0,1,30.13,0,2025-09-13 04:00:00,2025-09-13 08:00:00,W,Brock Ave,0,0,0,0
2025-09-13,13,10:00,119,11,15.2,0,1,30.13,0,2025-09-13 04:00:00,2025-09-13 08:00:00,W,Sackville St,0,2,1,0
2025-09-13,13,10:00,119,11,15.2,0,1,30.13,0,2025-09-13 04:00:00,2025-09-13 08:00:00,W,Carlaw Ave,0,0,0,0
2025-09-13,13,10:00,119,11,15.2,0,1,30.13,0,2025-09-13 04:00:00,2025-09-13 08:00:00,W,Borden St,0,0,0,0
2025-09-13,13,10:00,119,11,15.2,0,1,30.13,0,2025-09-13 04:00:00,2025-09-13 08:00:00,W,Dundas St West at Sorauren Ave,1,3,2,0
2025-09-13,13,10:00,119,11,15.2,0,1,30.13,0,2025-09-13 04:00:00,2025-09-13 08:00:00,W,Crawford St,0,0,0,0
2025-09-13,13,10:00,119,11,15.2,0,1,30.13,0,2025-09-13 04:00:00,2025-09-13 08:00:00,W,Pape Ave,0,0,0,0
2025-09-13,13,10:00,119,11,15.2,0,1,30.13,0,2025-09-13 04:00:00,2025-09-13 08:00:00,W,Spadina Ave,0,2,1,0
2025-09-13,13,10:00,119,11,15.2,0,1,30.13,0,2025-09-13 04:00:00,2025-09-13 08:00:00,W,River St,0,2,1,0
2025-09-13,13,10:00,119,11,15.2,0,1,30.13,0,2025-09-13 04:00:00,2025-09-13 08:00:00,W,Marjory Ave,0,0,0,0
2025-09-13,13,10:00,119,11,15.2,0,1,30.13,0,2025-09-13 04:00:00,2025-09-13 08:00:00,W,Kingsmount Park Rd,0,0,0,0
2025-09-13,13,10:00,119,11,15.2,0,1,30.13,0,2025-09-13 04:00:00,2025-09-13 08:00:00,W,Church St,0,0,0,0
2025-09-13,13,10:00,119,11,15.2,0,1,30.13,0,2025-09-13 04:00:00,2025-09-13 08:00:00,W,Ossington Ave,0,0,0,0
2025-09-13,13,10:00,119,11,15.2,0,1,30.13,0,2025-09-13 04:00:00,2025-09-13 08:00:00,W,Woodbine Ave,0,0,0,0
2025-09-13,13,10:00,119,11,15.2,0,1,30.13,0,2025-09-13 04:00:00,2025-09-13 08:00:00,W,Jones Ave,0,0,0,0
2025-09-13,13,10:00,119,11,15.2,0,1,30.13,0,2025-09-13 04:00:00,2025-09-13 08:00:00,W,Golfview Ave,0,0,0,0
2025-09-13,13,10:00,119,11,15.2,0,1,30.13,0,2025-09-13 04:00:00,2025-09-13 08:00:00,W,Leslie St,0,0,0,0
2025-09-13,13,10:00,119,11,15.2,0,1,30.13,0,2025-09-13 04:00:00,2025-09-13 08:00:00,W,St Matthews Rd,0,0,0,0
2025-09-13,13,10:00,119,11,15.2,0,1,30.13,0,2025-09-13 04:00:00,2025-09-13 08:00:00,W,Jarvis St,0,0,0,0
2025-09-13,13,10:00,119,11,15.2,0,1,30.13,0,2025-09-13 04:00:00,2025-09-13 08:00:00,W,Sherbourne St,0,0,0,0
2025-09-13,13,10:00,119,11,15.2,0,1,30.13,0,2025-09-13 04:00:00,2025-09-13 08:00:00,W,St George St,0,0,0,0
2025-09-13,13,10:00,119,11,15.2,0,1,30.13,0,2025-09-13 04:00:00,2025-09-13 08:00:00,W,Dovercourt Rd,0,0,0,0
2025-09-13,13,10:00,119,11,15.2,0,1,30.13,0,2025-09-13 04:00:00,2025-09-13 08:00:00,W,Glenmount Park Rd,0,0,0,0
2025-09-13,13,10:00,119,11,15.2,0,1,30.13,0,2025-09-13 04:00:00,2025-09-13 08:00:00,W,Prust Ave,0,0,0,0
2025-09-13,13,10:00,119,11,15.2,0,1,30.13,0,2025-09-13 04:00:00,2025-09-13 08:00:00,W,Main Street Station at Bay 7,1,2,1,0
2025-09-13,13,10:00,119,11,15.2,0,1,30.13,0,2025-09-13 04:00:00,2025-09-13 08:00:00,W,Norwood Rd,0,0,0,0
2025-09-13,13,10:00,119,11,15.2,0,1,30.13,0,2025-09-13 04:00:00,2025-09-13 08:00:00,W,McCaul St,0,0,0,0
2025-09-13,13,10:00,119,11,15.2,0,1,30.13,0,2025-09-13 04:00:00,2025-09-13 08:00:00,W,Broadview Ave,0,0,0,0
2025-09-13,13,10:00,119,11,15.2,0,1,30.13,0,2025-09-13 04:00:00,2025-09-13 08:00:00,W,Ontario St,0,0,0,0
2025-09-13,13,10:00,119,11,15.2,0,1,30.13,0,2025-09-13 04:00:00,2025-09-13 08:00:00,W,Rusholme Park Cres,0,0,0,0
2025-09-13,13,10:00,119,11,15.2,0,1,30.13,0,2025-09-13 04:00:00,2025-09-13 08:00:00,W,Havelock St,0,0,0,0
2025-09-13,13,10:00,119,11,15.2,0,1,30.13,0,2025-09-13 04:00:00,2025-09-13 08:00:00,W,High Park Loop,0,0,0,0
2025-09-13,13,10:00,119,11,15.2,0,1,30.13,0,2025-09-13 04:00:00,2025-09-13 08:00:00,W,Queens Park (Queen's Park Station),0,0,0,0
2025-09-13,13,10:00,119,11,15.2,0,1,30.13,0,2025-09-13 04:00:00,2025-09-13 08:00:00,W,Roncesvalles Ave,1,3,2,0
2025-09-13,13,10:00,119,11,15.2,0,1,30.13,0,2025-09-13 04:00:00,2025-09-13 08:00:00,W,De Grassi St,0,0,0,0
2025-09-13,13,10:00,119,11,15.2,0,1,30.13,0,2025-09-13 04:00:00,2025-09-13 08:00:00,W,Parliament St at Carlton St,0,0,0,0
2025-09-13,13,10:00,119,11,15.2,0,1,30.13,0,2025-09-13 04:00:00,2025-09-13 08:00:00,W,Parkside Dr East Side,0,0,0,0
2025-09-13,13,10:00,119,11,15.2,0,1,30.13,0,2025-09-13 04:00:00,2025-09-13 08:00:00,W,Dundas St West,1,2,2,0
2025-09-13,13,10:00,119,11,15.2,0,1,30.13,0,2025-09-13 04:00:00,2025-09-13 08:00:00,W,Howard Park Ave at Roncesvalles Ave,0,0,0,0
2025-09-13,13,10:00,119,11,15.2,0,1,30.13,0,2025-09-13 04:00:00,2025-09-13 08:00:00,W,Parliament St,0,0,0,0
2025-09-13,13,10:00,119,11,15.2,0,1,30.13,0,2025-09-13 04:00:00,2025-09-13 08:00:00,W,Parliament St at Gerrard St East,0,0,0,0
2025-09-13,13,10:00,119,11,15.2,0,1,30.13,0,2025-09-13 04:00:00,2025-09-13 08:00:00,W,Sumach St,0,0,0,0
2025-09-13,13,10:00,119,11,15.2,0,1,30.13,0,2025-09-13 04:00:00,2025-09-13 08:00:00,W,Blackburn St,0,0,0,0
2025-09-13,13,10:00,119,11,15.2,0,1,30.13,0,2025-09-13 04:00:00,2025-09-13 08:00:00,W,Logan Ave,0,0,0,0
2025-09-13,13,10:00,119,11,15.2,0,1,30.13,0,2025-09-13 04:00:00,2025-09-13 08:00:00,W,Augusta Ave,0,0,0,0
2025-09-13,13,10:00,119,11,15.2,0,1,30.13,0,2025-09-13 04:00:00,2025-09-13 08:00:00,W,Beverley St,0,0,0,0
2025-09-13,13,10:00,119,11,15.2,0,1,30.13,0,2025-09-13 04:00:00,2025-09-13 08:00:00,W,University Ave (Queen's Park Station,0,0,0,0
2025-09-13,13,10:00,119,11,15.2,0,1,30.13,0,2025-09-13 04:00:00,2025-09-13 08:00:00,W,Elizabeth St,0,0,0,0
2025-09-13,13,10:00,119,11,15.2,0,1,30.13,0,2025-09-13 04:00:00,2025-09-13 08:00:00,W,Greenwood Ave,0,0,0,0
2025-09-13,13,10:00,119,11,15.2,0,1,30.13,0,2025-09-13 04:00:00,2025-09-13 08:00:00,W,Alton Ave,0,0,0,0
2025-09-13,13,10:00,119,11,15.2,0,1,30.13,0,2025-09-13 04:00:00,2025-09-13 08:00:00,W,Coxwell Ave,0,0,0,0
2025-09-13,13,10:00,119,11,15.2,0,1,30.13,0,2025-09-13 04:00:00,2025-09-13 08:00:00,W,Gerrard St East  at Coxwell Ave,0,0,0,0
2025-09-13,13,10:00,119,11,15.2,0,1,30.13,0,2025-09-13 04:00:00,2025-09-13 08:00:00,W,Coxwell Ave at Lower Gerrard St East,0,0,0,0
2025-09-13,13,10:00,119,11,15.2,0,1,30.13,0,2025-09-13 04:00:00,2025-09-13 08:00:00,W,Ashdale Ave,0,0,0,0
2025-09-13,13,10:00,119,11,15.2,0,1,30.13,0,2025-09-13 04:00:00,2025-09-13 08:00:00,W,Howard Park Ave at Indian Rd,0,0,0,0
2025-09-13,13,10:00,119,11,15.2,0,1,30.13,0,2025-09-13 04:00:00,2025-09-13 08:00:00,W,Dundas St West at Howard Park Ave,0,0,0,0
2025-09-13,13,10:00,119,11,15.2,0,1,30.13,0,2025-09-13 04:00:00,2025-09-13 08:00:00,W,Main St at Gerrard St East,0,0,0,0
2025-09-13,13,10:00,119,11,15.2,0,1,30.13,0,2025-09-13 04:00:00,2025-09-13 08:00:00,W,Main St,0,0,0,0
2025-09-13,13,10:00,119,11,15.2,0,1,30.13,0,2025-09-13 04:00:00,2025-09-13 08:00:00,W,Main St at Danforth Ave,0,0,0,0
2025-09-13,13,10:00,119,11,15.2,0,1,30.13,0,2025-09-13 04:00:00,2025-09-13 08:00:00,W,Howard Park Ave at Parkside Dr,0,0,0,0
2025-09-20,13,10:00,119,11,15.2,0,1,30.13,0,2025-09-20 04:00:00,2025-09-20 08:00:00,E,Woodfield Rd,0,2,1,0
2025-09-20,13,10:00,119,11,15.2,0,1,30.13,0,2025-09-20 04:00:00,2025-09-20 08:00:00,E,Coxwell Ave at Gerrard St East,0,0,0,0
2025-09-20,13,10:00,119,11,15.2,0,1,30.13,0,2025-09-20 04:00:00,2025-09-20 08:00:00,E,Euclid Ave,0,0,0,0
2025-09-20,13,10:00,119,11,15.2,0,1,30.13,0,2025-09-20 04:00:00,2025-09-20 08:00:00,E,Bowmore Rd,0,5,1,0
2025-09-20,13,10:00,119,11,15.2,0,1,30.13,0,2025-09-20 04:00:00,2025-09-20 08:00:00,E,Bay St,1,1,1,0
2025-09-20,13,10:00,119,11,15.2,0,1,30.13,0,2025-09-20 04:00:00,2025-09-20 08:00:00,E,Lansdowne Ave,0,3,0,0
2025-09-20,13,10:00,119,11,15.2,0,1,30.13,0,2025-09-20 04:00:00,2025-09-20 08:00:00,E,Indian Rd,0,1,0,0
2025-09-20,13,10:00,119,11,15.2,0,1,30.13,0,2025-09-20 04:00:00,2025-09-20 08:00:00,E,Grace St,1,0,0,0
2025-09-20,13,10:00,119,11,15.2,0,1,30.13,0,2025-09-20 04:00:00,2025-09-20 08:00:00,E,Dufferin St,0,2,1,0
2025-09-20,13,10:00,119,11,15.2,0,1,30.13,0,2025-09-20 04:00:00,2025-09-20 08:00:00,E,Gerrard St East at Beaton Ave,0,5,1,0
2025-09-20,13,10:00,119,11,15.2,0,1,30.13,0,2025-09-20 04:00:00,2025-09-20 08:00:00,E,Bathurst St,1,1,1,0
2025-09-20,13,10:00,119,11,15.2,0,1,30.13,0,2025-09-20 04:00:00,2025-09-20 08:00:00,E,Yonge St - College Station,0,1,1,0
2025-09-20,13,10:00,119,11,15.2,0,1,30.13,0,2025-09-20 04:00:00,2025-09-20 08:00:00,E,Dundas St West at Sterling Rd,0,0,0,0
2025-09-20,13,10:00,119,11,15.2,0,1,30.13,0,2025-09-20 04:00:00,2025-09-20 08:00:00,E,Brock Ave,0,5,1,0
2025-09-20,13,10:00,119,11,15.2,0,1,30.13,0,2025-09-20 04:00:00,2025-09-20 08:00:00,E,Sackville St,1,0,0,0
2025-09-20,13,10:00,119,11,15.2,0,1,30.13,0,2025-09-20 04:00:00,2025-09-20 08:00:00,E,Carlaw Ave,0,1,0,0
2025-09-20,13,10:00,119,11,15.2,0,1,30.13,0,2025-09-20 04:00:00,2025-09-20 08:00:00,E,Borden St,1,1,1,0
2025-09-20,13,10:00,119,11,15.2,0,1,30.13,0,2025-09-20 04:00:00,2025-09-20 08:00:00,E,Dundas St West at Sorauren Ave,0,0,0,0
2025-09-20,13,10:00,119,11,15.2,0,1,30.13,0,2025-09-20 04:00:00,2025-09-20 08:00:00,E,Crawford St,1,0,0,0
2025-09-20,13,10:00,119,11,15.2,0,1,30.13,0,2025-09-20 04:00:00,2025-09-20 08:00:00,E,Pape Ave,0,1,1,0
2025-09-20,13,10:00,119,11,15.2,0,1,30.13,0,2025-09-20 04:00:00,2025-09-20 08:00:00,E,Spadina Ave,1,1,1,0
2025-09-20,13,10:00,119,11,15.2,0,1,30.13,0,2025-09-20 04:00:00,2025-09-20 08:00:00,E,River St,1,0,0,0
2025-09-20,13,10:00,119,11,15.2,0,1,30.13,0,2025-09-20 04:00:00,2025-09-20 08:00:00,E,Marjory Ave,0,0,1,0
2025-09-20,13,10:00,119,11,15.2,0,1,30.13,0,2025-09-20 04:00:00,2025-09-20 08:00:00,E,Kingsmount Park Rd,0,5,1,0
2025-09-20,13,10:00,119,11,15.2,0,1,30.13,0,2025-09-20 04:00:00,2025-09-20 08:00:00,E,Church St,0,0,0,0
2025-09-20,13,10:00,119,11,15.2,0,1,30.13,0,2025-09-20 04:00:00,2025-09-20 08:00:00,E,Ossington Ave,1,1,1,0
2025-09-20,13,10:00,119,11,15.2,0,1,30.13,0,2025-09-20 04:00:00,2025-09-20 08:00:00,E,Woodbine Ave,0,4,1,0
2025-09-20,13,10:00,119,11,15.2,0,1,30.13,0,2025-09-20 04:00:00,2025-09-20 08:00:00,E,Jones Ave,0,0,1,0
2025-09-20,13,10:00,119,11,15.2,0,1,30.13,0,2025-09-20 04:00:00,2025-09-20 08:00:00,E,Golfview Ave,0,3,0,0
2025-09-20,13,10:00,119,11,15.2,0,1,30.13,0,2025-09-20 04:00:00,2025-09-20 08:00:00,E,Leslie St,0,1,1,0
2025-09-20,13,10:00,119,11,15.2,0,1,30.13,0,2025-09-20 04:00:00,2025-09-20 08:00:00,E,St Matthews Rd,1,0,0,0
2025-09-20,13,10:00,119,11,15.2,0,1,30.13,0,2025-09-20 04:00:00,2025-09-20 08:00:00,E,Jarvis St,0,0,0,0
2025-09-20,13,10:00,119,11,15.2,0,1,30.13,0,2025-09-20 04:00:00,2025-09-20 08:00:00,E,Sherbourne St,0,0,0,0
2025-09-20,13,10:00,119,11,15.2,0,1,30.13,0,2025-09-20 04:00:00,2025-09-20 08:00:00,E,St George St,1,1,1,0
2025-09-20,13,10:00,119,11,15.2,0,1,30.13,0,2025-09-20 04:00:00,2025-09-20 08:00:00,E,Dovercourt Rd,1,1,0,0
2025-09-20,13,10:00,119,11,15.2,0,1,30.13,0,2025-09-20 04:00:00,2025-09-20 08:00:00,E,Glenmount Park Rd,0,3,0,0
2025-09-20,13,10:00,119,11,15.2,0,1,30.13,0,2025-09-20 04:00:00,2025-09-20 08:00:00,E,Prust Ave,0,2,1,0
2025-09-20,13,10:00,119,11,15.2,0,1,30.13,0,2025-09-20 04:00:00,2025-09-20 08:00:00,E,Main Street Station at Bay 7,0,0,0,0
2025-09-20,13,10:00,119,11,15.2,0,1,30.13,0,2025-09-20 04:00:00,2025-09-20 08:00:00,E,Norwood Rd,0,3,0,0
2025-09-20,13,10:00,119,11,15.2,0,1,30.13,0,2025-09-20 04:00:00,2025-09-20 08:00:00,E,McCaul St,1,1,1,0
2025-09-20,13,10:00,119,11,15.2,0,1,30.13,0,2025-09-20 04:00:00,2025-09-20 08:00:00,E,Broadview Ave,1,0,0,0
2025-09-20,13,10:00,119,11,15.2,0,1,30.13,0,2025-09-20 04:00:00,2025-09-20 08:00:00,E,Ontario St,0,0,0,0
2025-09-20,13,10:00,119,11,15.2,0,1,30.13,0,2025-09-20 04:00:00,2025-09-20 08:00:00,E,Rusholme Park Cres,0,0,0,0
2025-09-20,13,10:00,119,11,15.2,0,1,30.13,0,2025-09-20 04:00:00,2025-09-20 08:00:00,E,Havelock St,0,2,1,0
2025-09-20,13,10:00,119,11,15.2,0,1,30.13,0,2025-09-20 04:00:00,2025-09-20 08:00:00,E,High Park Loop,0,2,0,0
2025-09-20,13,10:00,119,11,15.2,0,1,30.13,0,2025-09-20 04:00:00,2025-09-20 08:00:00,E,Queens Park (Queen's Park Station),1,1,1,0
2025-09-20,13,10:00,119,11,15.2,0,1,30.13,0,2025-09-20 04:00:00,2025-09-20 08:00:00,E,Roncesvalles Ave,0,0,0,0
2025-09-20,13,10:00,119,11,15.2,0,1,30.13,0,2025-09-20 04:00:00,2025-09-20 08:00:00,E,De Grassi St,1,0,0,0
2025-09-20,13,10:00,119,11,15.2,0,1,30.13,0,2025-09-20 04:00:00,2025-09-20 08:00:00,E,Parliament St at Carlton St,1,0,0,0
2025-09-20,13,10:00,119,11,15.2,0,1,30.13,0,2025-09-20 04:00:00,2025-09-20 08:00:00,E,Parkside Dr East Side,0,1,0,0
2025-09-20,13,10:00,119,11,15.2,0,1,30.13,0,2025-09-20 04:00:00,2025-09-20 08:00:00,E,Dundas St West,0,0,0,0
2025-09-20,13,10:00,119,11,15.2,0,1,30.13,0,2025-09-20 04:00:00,2025-09-20 08:00:00,E,Howard Park Ave at Roncesvalles Ave,0,0,0,0
2025-09-20,13,10:00,119,11,15.2,0,1,30.13,0,2025-09-20 04:00:00,2025-09-20 08:00:00,E,Parliament St,0,0,0,0
2025-09-20,13,10:00,119,11,15.2,0,1,30.13,0,2025-09-20 04:00:00,2025-09-20 08:00:00,E,Parliament St at Gerrard St East,0,0,0,0
2025-09-20,13,10:00,119,11,15.2,0,1,30.13,0,2025-09-20 04:00:00,2025-09-20 08:00:00,E,Sumach St,0,0,0,0
2025-09-20,13,10:00,119,11,15.2,0,1,30.13,0,2025-09-20 04:00:00,2025-09-20 08:00:00,E,Blackburn St,0,0,0,0
2025-09-20,13,10:00,119,11,15.2,0,1,30.13,0,2025-09-20 04:00:00,2025-09-20 08:00:00,E,Logan Ave,1,1,1,0
2025-09-20,13,10:00,119,11,15.2,0,1,30.13,0,2025-09-20 04:00:00,2025-09-20 08:00:00,E,Augusta Ave,0,0,0,0
2025-09-20,13,10:00,119,11,15.2,0,1,30.13,0,2025-09-20 04:00:00,2025-09-20 08:00:00,E,Beverley St,0,0,0,0
2025-09-20,13,10:00,119,11,15.2,0,1,30.13,0,2025-09-20 04:00:00,2025-09-20 08:00:00,E,University Ave (Queen's Park Station,0,0,0,0
2025-09-20,13,10:00,119,11,15.2,0,1,30.13,0,2025-09-20 04:00:00,2025-09-20 08:00:00,E,Elizabeth St,0,0,0,0
2025-09-20,13,10:00,119,11,15.2,0,1,30.13,0,2025-09-20 04:00:00,2025-09-20 08:00:00,E,Greenwood Ave,0,0,0,0
2025-09-20,13,10:00,119,11,15.2,0,1,30.13,0,2025-09-20 04:00:00,2025-09-20 08:00:00,E,Alton Ave,0,0,0,0
2025-09-20,13,10:00,119,11,15.2,0,1,30.13,0,2025-09-20 04:00:00,2025-09-20 08:00:00,E,Coxwell Ave,0,0,0,0
2025-09-20,13,10:00,119,11,15.2,0,1,30.13,0,2025-09-20 04:00:00,2025-09-20 08:00:00,E,Gerrard St East  at Coxwell Ave,0,0,0,0
2025-09-20,13,10:00,119,11,15.2,0,1,30.13,0,2025-09-20 04:00:00,2025-09-20 08:00:00,E,Coxwell Ave at Lower Gerrard St East,0,0,0,0
2025-09-20,13,10:00,119,11,15.2,0,1,30.13,0,2025-09-20 04:00:00,2025-09-20 08:00:00,E,Ashdale Ave,0,0,0,0
2025-09-20,13,10:00,119,11,15.2,0,1,30.13,0,2025-09-20 04:00:00,2025-09-20 08:00:00,E,Howard Park Ave at Indian Rd,0,0,0,0
2025-09-20,13,10:00,119,11,15.2,0,1,30.13,0,2025-09-20 04:00:00,2025-09-20 08:00:00,E,Dundas St West at Howard Park Ave,0,0,0,0
2025-09-20,13,10:00,119,11,15.2,0,1,30.13,0,2025-09-20 04:00:00,2025-09-20 08:00:00,E,Main St at Gerrard St East,0,0,0,0
2025-09-20,13,10:00,119,11,15.2,0,1,30.13,0,2025-09-20 04:00:00,2025-09-20 08:00:00,E,Main St,0,0,0,0
2025-09-20,13,10:00,119,11,15.2,0,1,30.13,0,2025-09-20 04:00:00,2025-09-20 08:00:00,E,Main St at Danforth Ave,0,0,0,0
2025-09-20,13,10:00,119,11,15.2,0,1,30.13,0,2025-09-20 04:00:00,2025-09-20 08:00:00,E,Howard Park Ave at Parkside Dr,0,0,0,0
2025-09-20,13,10:00,119,11,15.2,0,1,30.13,0,2025-09-20 04:00:00,2025-09-20 08:00:00,W,Woodfield Rd,0,3,0,0
2025-09-20,13,10:00,119,11,15.2,0,1,30.13,0,2025-09-20 04:00:00,2025-09-20 08:00:00,W,Coxwell Ave at Gerrard St East,0,3,0,0
2025-09-20,13,10:00,119,11,15.2,0,1,30.13,0,2025-09-20 04:00:00,2025-09-20 08:00:00,W,Euclid Ave,0,0,0,0
2025-09-20,13,10:00,119,11,15.2,0,1,30.13,0,2025-09-20 04:00:00,2025-09-20 08:00:00,W,Bowmore Rd,0,2,0,0
2025-09-20,13,10:00,119,11,15.2,0,1,30.13,0,2025-09-20 04:00:00,2025-09-20 08:00:00,W,Bay St,1,3,0,0
2025-09-20,13,10:00,119,11,15.2,0,1,30.13,0,2025-09-20 04:00:00,2025-09-20 08:00:00,W,Lansdowne Ave,0,1,0,0
2025-09-20,13,10:00,119,11,15.2,0,1,30.13,0,2025-09-20 04:00:00,2025-09-20 08:00:00,W,Indian Rd,1,3,0,0
2025-09-20,13,10:00,119,11,15.2,0,1,30.13,0,2025-09-20 04:00:00,2025-09-20 08:00:00,W,Grace St,0,0,0,0
2025-09-20,13,10:00,119,11,15.2,0,1,30.13,0,2025-09-20 04:00:00,2025-09-20 08:00:00,W,Dufferin St,1,3,0,0
2025-09-20,13,10:00,119,11,15.2,0,1,30.13,0,2025-09-20 04:00:00,2025-09-20 08:00:00,W,Gerrard St East at Beaton Ave,0,2,0,0
2025-09-20,13,10:00,119,11,15.2,0,1,30.13,0,2025-09-20 04:00:00,2025-09-20 08:00:00,W,Bathurst St,0,0,0,0
2025-09-20,13,10:00,119,11,15.2,0,1,30.13,0,2025-09-20 04:00:00,2025-09-20 08:00:00,W,Yonge St - College Station,0,0,0,0
2025-09-20,13,10:00,119,11,15.2,0,1,30.13,0,2025-09-20 04:00:00,2025-09-20 08:00:00,W,Dundas St West at Sterling Rd,0,0,0,0
2025-09-20,13,10:00,119,11,15.2,0,1,30.13,0,2025-09-20 04:00:00,2025-09-20 08:00:00,W,Brock Ave,0,0,0,0
2025-09-20,13,10:00,119,11,15.2,0,1,30.13,0,2025-09-20 04:00:00,2025-09-20 08:00:00,W,Sackville St,2,3,0,0
2025-09-20,13,10:00,119,11,15.2,0,1,30.13,0,2025-09-20 04:00:00,2025-09-20 08:00:00,W,Carlaw Ave,0,0,0,0
2025-09-20,13,10:00,119,11,15.2,0,1,30.13,0,2025-09-20 04:00:00,2025-09-20 08:00:00,W,Borden St,0,0,0,0
2025-09-20,13,10:00,119,11,15.2,0,1,30.13,0,2025-09-20 04:00:00,2025-09-20 08:00:00,W,Dundas St West at Sorauren Ave,1,3,0,0
2025-09-20,13,10:00,119,11,15.2,0,1,30.13,0,2025-09-20 04:00:00,2025-09-20 08:00:00,W,Crawford St,0,0,0,0
2025-09-20,13,10:00,119,11,15.2,0,1,30.13,0,2025-09-20 04:00:00,2025-09-20 08:00:00,W,Pape Ave,0,0,0,0
2025-09-20,13,10:00,119,11,15.2,0,1,30.13,0,2025-09-20 04:00:00,2025-09-20 08:00:00,W,Spadina Ave,1,3,0,0
2025-09-20,13,10:00,119,11,15.2,0,1,30.13,0,2025-09-20 04:00:00,2025-09-20 08:00:00,W,River St,1,3,0,0
2025-09-20,13,10:00,119,11,15.2,0,1,30.13,0,2025-09-20 04:00:00,2025-09-20 08:00:00,W,Marjory Ave,0,0,0,0
2025-09-20,13,10:00,119,11,15.2,0,1,30.13,0,2025-09-20 04:00:00,2025-09-20 08:00:00,W,Kingsmount Park Rd,0,0,0,0
2025-09-20,13,10:00,119,11,15.2,0,1,30.13,0,2025-09-20 04:00:00,2025-09-20 08:00:00,W,Church St,0,0,0,0
2025-09-20,13,10:00,119,11,15.2,0,1,30.13,0,2025-09-20 04:00:00,2025-09-20 08:00:00,W,Ossington Ave,0,0,0,0
2025-09-20,13,10:00,119,11,15.2,0,1,30.13,0,2025-09-20 04:00:00,2025-09-20 08:00:00,W,Woodbine Ave,0,0,0,0
2025-09-20,13,10:00,119,11,15.2,0,1,30.13,0,2025-09-20 04:00:00,2025-09-20 08:00:00,W,Jones Ave,0,0,0,0
2025-09-20,13,10:00,119,11,15.2,0,1,30.13,0,2025-09-20 04:00:00,2025-09-20 08:00:00,W,Golfview Ave,0,0,0,0
2025-09-20,13,10:00,119,11,15.2,0,1,30.13,0,2025-09-20 04:00:00,2025-09-20 08:00:00,W,Leslie St,0,0,0,0
2025-09-20,13,10:00,119,11,15.2,0,1,30.13,0,2025-09-20 04:00:00,2025-09-20 08:00:00,W,St Matthews Rd,0,0,0,0
2025-09-20,13,10:00,119,11,15.2,0,1,30.13,0,2025-09-20 04:00:00,2025-09-20 08:00:00,W,Jarvis St,0,0,0,0
2025-09-20,13,10:00,119,11,15.2,0,1,30.13,0,2025-09-20 04:00:00,2025-09-20 08:00:00,W,Sherbourne St,0,0,0,0
2025-09-20,13,10:00,119,11,15.2,0,1,30.13,0,2025-09-20 04:00:00,2025-09-20 08:00:00,W,St George St,0,0,0,0
2025-09-20,13,10:00,119,11,15.2,0,1,30.13,0,2025-09-20 04:00:00,2025-09-20 08:00:00,W,Dovercourt Rd,0,0,0,0
2025-09-20,13,10:00,119,11,15.2,0,1,30.13,0,2025-09-20 04:00:00,2025-09-20 08:00:00,W,Glenmount Park Rd,0,0,0,0
2025-09-20,13,10:00,119,11,15.2,0,1,30.13,0,2025-09-20 04:00:00,2025-09-20 08:00:00,W,Prust Ave,0,0,0,0
2025-09-20,13,10:00,119,11,15.2,0,1,30.13,0,2025-09-20 04:00:00,2025-09-20 08:00:00,W,Main Street Station at Bay 7,0,3,0,0
2025-09-20,13,10:00,119,11,15.2,0,1,30.13,0,2025-09-20 04:00:00,2025-09-20 08:00:00,W,Norwood Rd,0,0,0,0
2025-09-20,13,10:00,119,11,15.2,0,1,30.13,0,2025-09-20 04:00:00,2025-09-20 08:00:00,W,McCaul St,0,0,0,0
2025-09-20,13,10:00,119,11,15.2,0,1,30.13,0,2025-09-20 04:00:00,2025-09-20 08:00:00,W,Broadview Ave,0,0,0,0
2025-09-20,13,10:00,119,11,15.2,0,1,30.13,0,2025-09-20 04:00:00,2025-09-20 08:00:00,W,Ontario St,0,0,0,0
2025-09-20,13,10:00,119,11,15.2,0,1,30.13,0,2025-09-20 04:00:00,2025-09-20 08:00:00,W,Rusholme Park Cres,0,0,0,0
2025-09-20,13,10:00,119,11,15.2,0,1,30.13,0,2025-09-20 04:00:00,2025-09-20 08:00:00,W,Havelock St,0,0,0,0
2025-09-20,13,10:00,119,11,15.2,0,1,30.13,0,2025-09-20 04:00:00,2025-09-20 08:00:00,W,High Park Loop,0,0,0,0
2025-09-20,13,10:00,119,11,15.2,0,1,30.13,0,2025-09-20 04:00:00,2025-09-20 08:00:00,W,Queens Park (Queen's Park Station),0,0,0,0
2025-09-20,13,10:00,119,11,15.2,0,1,30.13,0,2025-09-20 04:00:00,2025-09-20 08:00:00,W,Roncesvalles Ave,1,3,0,0
2025-09-20,13,10:00,119,11,15.2,0,1,30.13,0,2025-09-20 04:00:00,2025-09-20 08:00:00,W,De Grassi St,0,0,0,0
2025-09-20,13,10:00,119,11,15.2,0,1,30.13,0,2025-09-20 04:00:00,2025-09-20 08:00:00,W,Parliament St at Carlton St,0,0,0,0
2025-09-20,13,10:00,119,11,15.2,0,1,30.13,0,2025-09-20 04:00:00,2025-09-20 08:00:00,W,Parkside Dr East Side,0,0,0,0
2025-09-20,13,10:00,119,11,15.2,0,1,30.13,0,2025-09-20 04:00:00,2025-09-20 08:00:00,W,Dundas St West,1,3,0,0
2025-09-20,13,10:00,119,11,15.2,0,1,30.13,0,2025-09-20 04:00:00,2025-09-20 08:00:00,W,Howard Park Ave at Roncesvalles Ave,0,0,0,0
2025-09-20,13,10:00,119,11,15.2,0,1,30.13,0,2025-09-20 04:00:00,2025-09-20 08:00:00,W,Parliament St,0,0,0,0
2025-09-20,13,10:00,119,11,15.2,0,1,30.13,0,2025-09-20 04:00:00,2025-09-20 08:00:00,W,Parliament St at Gerrard St East,0,0,0,0
2025-09-20,13,10:00,119,11,15.2,0,1,30.13,0,2025-09-20 04:00:00,2025-09-20 08:00:00,W,Sumach St,0,0,0,0
2025-09-20,13,10:00,119,11,15.2,0,1,30.13,0,2025-09-20 04:00:00,2025-09-20 08:00:00,W,Blackburn St,0,0,0,0
2025-09-20,13,10:00,119,11,15.2,0,1,30.13,0,2025-09-20 04:00:00,2025-09-20 08:00:00,W,Logan Ave,0,0,0,0
2025-09-20,13,10:00,119,11,15.2,0,1,30.13,0,2025-09-20 04:00:00,2025-09-20 08:00:00,W,Augusta Ave,0,0,0,0
2025-09-20,13,10:00,119,11,15.2,0,1,30.13,0,2025-09-20 04:00:00,2025-09-20 08:00:00,W,Beverley St,0,0,0,0
2025-09-20,13,10:00,119,11,15.2,0,1,30.13,0,2025-09-20 04:00:00,2025-09-20 08:00:00,W,University Ave (Queen's Park Station,0,0,0,0
2025-09-20,13,10:00,119,11,15.2,0,1,30.13,0,2025-09-20 04:00:00,2025-09-20 08:00:00,W,Elizabeth St,0,0,0,0
2025-09-20,13,10:00,119,11,15.2,0,1,30.13,0,2025-09-20 04:00:00,2025-09-20 08:00:00,W,Greenwood Ave,0,0,0,0
2025-09-20,13,10:00,119,11,15.2,0,1,30.13,0,2025-09-20 04:00:00,2025-09-20 08:00:00,W,Alton Ave,0,0,0,0
2025-09-20,13,10:00,119,11,15.2,0,1,30.13,0,2025-09-20 04:00:00,2025-09-20 08:00:00,W,Coxwell Ave,0,0,0,0
2025-09-20,13,10:00,119,11,15.2,0,1,30.13,0,2025-09-20 04:00:00,2025-09-20 08:00:00,W,Gerrard St East  at Coxwell Ave,0,0,0,0
2025-09-20,13,10:00,119,11,15.2,0,1,30.13,0,2025-09-20 04:00:00,2025-09-20 08:00:00,W,Coxwell Ave at Lower Gerrard St East,0,0,0,0
2025-09-20,13,10:00,119,11,15.2,0,1,30.13,0,2025-09-20 04:00:00,2025-09-20 08:00:00,W,Ashdale Ave,0,0,0,0
2025-09-20,13,10:00,119,11,15.2,0,1,30.13,0,2025-09-20 04:00:00,2025-09-20 08:00:00,W,Howard Park Ave at Indian Rd,0,0,0,0
2025-09-20,13,10:00,119,11,15.2,0,1,30.13,0,2025-09-20 04:00:00,2025-09-20 08:00:00,W,Dundas St West at Howard Park Ave,0,0,0,0
2025-09-20,13,10:00,119,11,15.2,0,1,30.13,0,2025-09-20 04:00:00,2025-09-20 08:00:00,W,Main St at Gerrard St East,0,0,0,0
2025-09-20,13,10:00,119,11,15.2,0,1,30.13,0,2025-09-20 04:00:00,2025-09-20 08:00:00,W,Main St,0,0,0,0
2025-09-20,13,10:00,119,11,15.2,0,1,30.13,0,2025-09-20 04:00:00,2025-09-20 08:00:00,W,Main St at Danforth Ave,0,0,0,0
2025-09-20,13,10:00,119,11,15.2,0,1,30.13,0,2025-09-20 04:00:00,2025-09-20 08:00:00,W,Howard Park Ave at Parkside Dr,0,0,0,0
2025-09-27,13,10:00,119,11,15.2,0,1,30.13,0,2025-09-27 04:00:00,2025-09-27 08:00:00,E,Woodfield Rd,0,0,0,0
2025-09-27,13,10:00,119,11,15.2,0,1,30.13,0,2025-09-27 04:00:00,2025-09-27 08:00:00,E,Coxwell Ave at Gerrard St East,0,0,0,0
2025-09-27,13,10:00,119,11,15.2,0,1,30.13,0,2025-09-27 04:00:00,2025-09-27 08:00:00,E,Euclid Ave,0,0,0,0
2025-09-27,13,10:00,119,11,15.2,0,1,30.13,0,2025-09-27 04:00:00,2025-09-27 08:00:00,E,Bowmore Rd,0,2,0,0
2025-09-27,13,10:00,119,11,15.2,0,1,30.13,0,2025-09-27 04:00:00,2025-09-27 08:00:00,E,Bay St,0,0,0,0
2025-09-27,13,10:00,119,11,15.2,0,1,30.13,0,2025-09-27 04:00:00,2025-09-27 08:00:00,E,Lansdowne Ave,0,2,0,0
2025-09-27,13,10:00,119,11,15.2,0,1,30.13,0,2025-09-27 04:00:00,2025-09-27 08:00:00,E,Indian Rd,0,0,0,0
2025-09-27,13,10:00,119,11,15.2,0,1,30.13,0,2025-09-27 04:00:00,2025-09-27 08:00:00,E,Grace St,1,0,0,0
2025-09-27,13,10:00,119,11,15.2,0,1,30.13,0,2025-09-27 04:00:00,2025-09-27 08:00:00,E,Dufferin St,0,0,0,0
2025-09-27,13,10:00,119,11,15.2,0,1,30.13,0,2025-09-27 04:00:00,2025-09-27 08:00:00,E,Gerrard St East at Beaton Ave,0,2,0,0
2025-09-27,13,10:00,119,11,15.2,0,1,30.13,0,2025-09-27 04:00:00,2025-09-27 08:00:00,E,Bathurst St,0,0,0,0
2025-09-27,13,10:00,119,11,15.2,0,1,30.13,0,2025-09-27 04:00:00,2025-09-27 08:00:00,E,Yonge St - College Station,0,0,0,0
2025-09-27,13,10:00,119,11,15.2,0,1,30.13,0,2025-09-27 04:00:00,2025-09-27 08:00:00,E,Dundas St West at Sterling Rd,0,0,0,0
2025-09-27,13,10:00,119,11,15.2,0,1,30.13,0,2025-09-27 04:00:00,2025-09-27 08:00:00,E,Brock Ave,0,3,0,0
2025-09-27,13,10:00,119,11,15.2,0,1,30.13,0,2025-09-27 04:00:00,2025-09-27 08:00:00,E,Sackville St,0,0,0,0
2025-09-27,13,10:00,119,11,15.2,0,1,30.13,0,2025-09-27 04:00:00,2025-09-27 08:00:00,E,Carlaw Ave,0,0,0,0
2025-09-27,13,10:00,119,11,15.2,0,1,30.13,0,2025-09-27 04:00:00,2025-09-27 08:00:00,E,Borden St,0,0,0,0
2025-09-27,13,10:00,119,11,15.2,0,1,30.13,0,2025-09-27 04:00:00,2025-09-27 08:00:00,E,Dundas St West at Sorauren Ave,0,0,0,0
2025-09-27,13,10:00,119,11,15.2,0,1,30.13,0,2025-09-27 04:00:00,2025-09-27 08:00:00,E,Crawford St,0,0,0,0
2025-09-27,13,10:00,119,11,15.2,0,1,30.13,0,2025-09-27 04:00:00,2025-09-27 08:00:00,E,Pape Ave,0,0,0,0
2025-09-27,13,10:00,119,11,15.2,0,1,30.13,0,2025-09-27 04:00:00,2025-09-27 08:00:00,E,Spadina Ave,0,0,0,0
2025-09-27,13,10:00,119,11,15.2,0,1,30.13,0,2025-09-27 04:00:00,2025-09-27 08:00:00,E,River St,0,0,0,0
2025-09-27,13,10:00,119,11,15.2,0,1,30.13,0,2025-09-27 04:00:00,2025-09-27 08:00:00,E,Marjory Ave,0,0,0,0
2025-09-27,13,10:00,119,11,15.2,0,1,30.13,0,2025-09-27 04:00:00,2025-09-27 08:00:00,E,Kingsmount Park Rd,0,2,0,0
2025-09-27,13,10:00,119,11,15.2,0,1,30.13,0,2025-09-27 04:00:00,2025-09-27 08:00:00,E,Church St,0,0,0,0
2025-09-27,13,10:00,119,11,15.2,0,1,30.13,0,2025-09-27 04:00:00,2025-09-27 08:00:00,E,Ossington Ave,0,0,0,0
2025-09-27,13,10:00,119,11,15.2,0,1,30.13,0,2025-09-27 04:00:00,2025-09-27 08:00:00,E,Woodbine Ave,0,2,0,0
2025-09-27,13,10:00,119,11,15.2,0,1,30.13,0,2025-09-27 04:00:00,2025-09-27 08:00:00,E,Jones Ave,0,0,0,0
2025-09-27,13,10:00,119,11,15.2,0,1,30.13,0,2025-09-27 04:00:00,2025-09-27 08:00:00,E,Golfview Ave,0,2,0,0
2025-09-27,13,10:00,119,11,15.2,0,1,30.13,0,2025-09-27 04:00:00,2025-09-27 08:00:00,E,Leslie St,0,0,0,0
2025-09-27,13,10:00,119,11,15.2,0,1,30.13,0,2025-09-27 04:00:00,2025-09-27 08:00:00,E,St Matthews Rd,0,0,0,0
2025-09-27,13,10:00,119,11,15.2,0,1,30.13,0,2025-09-27 04:00:00,2025-09-27 08:00:00,E,Jarvis St,0,0,0,0
2025-09-27,13,10:00,119,11,15.2,0,1,30.13,0,2025-09-27 04:00:00,2025-09-27 08:00:00,E,Sherbourne St,0,0,0,0
2025-09-27,13,10:00,119,11,15.2,0,1,30.13,0,2025-09-27 04:00:00,2025-09-27 08:00:00,E,St George St,0,0,0,0
2025-09-27,13,10:00,119,11,15.2,0,1,30.13,0,2025-09-27 04:00:00,2025-09-27 08:00:00,E,Dovercourt Rd,0,0,0,0
2025-09-27,13,10:00,119,11,15.2,0,1,30.13,0,2025-09-27 04:00:00,2025-09-27 08:00:00,E,Glenmount Park Rd,0,2,0,0
2025-09-27,13,10:00,119,11,15.2,0,1,30.13,0,2025-09-27 04:00:00,2025-09-27 08:00:00,E,Prust Ave,0,0,0,0
2025-09-27,13,10:00,119,11,15.2,0,1,30.13,0,2025-09-27 04:00:00,2025-09-27 08:00:00,E,Main Street Station at Bay 7,0,0,0,0
2025-09-27,13,10:00,119,11,15.2,0,1,30.13,0,2025-09-27 04:00:00,2025-09-27 08:00:00,E,Norwood Rd,0,2,0,0
2025-09-27,13,10:00,119,11,15.2,0,1,30.13,0,2025-09-27 04:00:00,2025-09-27 08:00:00,E,McCaul St,0,0,0,0
2025-09-27,13,10:00,119,11,15.2,0,1,30.13,0,2025-09-27 04:00:00,2025-09-27 08:00:00,E,Broadview Ave,0,0,0,0
2025-09-27,13,10:00,119,11,15.2,0,1,30.13,0,2025-09-27 04:00:00,2025-09-27 08:00:00,E,Ontario St,0,0,0,0
2025-09-27,13,10:00,119,11,15.2,0,1,30.13,0,2025-09-27 04:00:00,2025-09-27 08:00:00,E,Rusholme Park Cres,0,0,0,0
2025-09-27,13,10:00,119,11,15.2,0,1,30.13,0,2025-09-27 04:00:00,2025-09-27 08:00:00,E,Havelock St,0,0,0,0
2025-09-27,13,10:00,119,11,15.2,0,1,30.13,0,2025-09-27 04:00:00,2025-09-27 08:00:00,E,High Park Loop,1,0,0,0
2025-09-27,13,10:00,119,11,15.2,0,1,30.13,0,2025-09-27 04:00:00,2025-09-27 08:00:00,E,Queens Park (Queen's Park Station),0,0,0,0
2025-09-27,13,10:00,119,11,15.2,0,1,30.13,0,2025-09-27 04:00:00,2025-09-27 08:00:00,E,Roncesvalles Ave,0,0,0,0
2025-09-27,13,10:00,119,11,15.2,0,1,30.13,0,2025-09-27 04:00:00,2025-09-27 08:00:00,E,De Grassi St,0,0,0,0
2025-09-27,13,10:00,119,11,15.2,0,1,30.13,0,2025-09-27 04:00:00,2025-09-27 08:00:00,E,Parliament St at Carlton St,0,0,0,0
2025-09-27,13,10:00,119,11,15.2,0,1,30.13,0,2025-09-27 04:00:00,2025-09-27 08:00:00,E,Parkside Dr East Side,0,0,0,0
2025-09-27,13,10:00,119,11,15.2,0,1,30.13,0,2025-09-27 04:00:00,2025-09-27 08:00:00,E,Dundas St West,0,1,0,0
2025-09-27,13,10:00,119,11,15.2,0,1,30.13,0,2025-09-27 04:00:00,2025-09-27 08:00:00,E,Howard Park Ave at Roncesvalles Ave,0,0,0,0
2025-09-27,13,10:00,119,11,15.2,0,1,30.13,0,2025-09-27 04:00:00,2025-09-27 08:00:00,E,Parliament St,0,0,0,0
2025-09-27,13,10:00,119,11,15.2,0,1,30.13,0,2025-09-27 04:00:00,2025-09-27 08:00:00,E,Parliament St at Gerrard St East,0,0,0,0
2025-09-27,13,10:00,119,11,15.2,0,1,30.13,0,2025-09-27 04:00:00,2025-09-27 08:00:00,E,Sumach St,0,0,0,0
2025-09-27,13,10:00,119,11,15.2,0,1,30.13,0,2025-09-27 04:00:00,2025-09-27 08:00:00,E,Blackburn St,0,0,0,0
2025-09-27,13,10:00,119,11,15.2,0,1,30.13,0,2025-09-27 04:00:00,2025-09-27 08:00:00,E,Logan Ave,0,0,0,0
2025-09-27,13,10:00,119,11,15.2,0,1,30.13,0,2025-09-27 04:00:00,2025-09-27 08:00:00,E,Augusta Ave,0,0,0,0
2025-09-27,13,10:00,119,11,15.2,0,1,30.13,0,2025-09-27 04:00:00,2025-09-27 08:00:00,E,Beverley St,0,0,0,0
2025-09-27,13,10:00,119,11,15.2,0,1,30.13,0,2025-09-27 04:00:00,2025-09-27 08:00:00,E,University Ave (Queen's Park Station,0,0,0,0
2025-09-27,13,10:00,119,11,15.2,0,1,30.13,0,2025-09-27 04:00:00,2025-09-27 08:00:00,E,Elizabeth St,0,0,0,0
2025-09-27,13,10:00,119,11,15.2,0,1,30.13,0,2025-09-27 04:00:00,2025-09-27 08:00:00,E,Greenwood Ave,0,0,0,0
2025-09-27,13,10:00,119,11,15.2,0,1,30.13,0,2025-09-27 04:00:00,2025-09-27 08:00:00,E,Alton Ave,0,0,0,0
2025-09-27,13,10:00,119,11,15.2,0,1,30.13,0,2025-09-27 04:00:00,2025-09-27 08:00:00,E,Coxwell Ave,0,0,0,0
2025-09-27,13,10:00,119,11,15.2,0,1,30.13,0,2025-09-27 04:00:00,2025-09-27 08:00:00,E,Gerrard St East  at Coxwell Ave,0,0,0,0
2025-09-27,13,10:00,119,11,15.2,0,1,30.13,0,2025-09-27 04:00:00,2025-09-27 08:00:00,E,Coxwell Ave at Lower Gerrard St East,0,0,0,0
2025-09-27,13,10:00,119,11,15.2,0,1,30.13,0,2025-09-27 04:00:00,2025-09-27 08:00:00,E,Ashdale Ave,0,0,0,0
2025-09-27,13,10:00,119,11,15.2,0,1,30.13,0,2025-09-27 04:00:00,2025-09-27 08:00:00,E,Howard Park Ave at Indian Rd,0,0,0,0
2025-09-27,13,10:00,119,11,15.2,0,1,30.13,0,2025-09-27 04:00:00,2025-09-27 08:00:00,E,Dundas St West at Howard Park Ave,0,0,0,0
2025-09-27,13,10:00,119,11,15.2,0,1,30.13,0,2025-09-27 04:00:00,2025-09-27 08:00:00,E,Main St at Gerrard St East,0,0,0,0
2025-09-27,13,10:00,119,11,15.2,0,1,30.13,0,2025-09-27 04:00:00,2025-09-27 08:00:00,E,Main St,0,0,0,0
2025-09-27,13,10:00,119,11,15.2,0,1,30.13,0,2025-09-27 04:00:00,2025-09-27 08:00:00,E,Main St at Danforth Ave,0,0,0,0
2025-09-27,13,10:00,119,11,15.2,0,1,30.13,0,2025-09-27 04:00:00,2025-09-27 08:00:00,E,Howard Park Ave at Parkside Dr,0,0,0,0
2025-09-27,13,10:00,119,11,15.2,0,1,30.13,0,2025-09-27 04:00:00,2025-09-27 08:00:00,W,Woodfield Rd,0,1,0,0
2025-09-27,13,10:00,119,11,15.2,0,1,30.13,0,2025-09-27 04:00:00,2025-09-27 08:00:00,W,Coxwell Ave at Gerrard St East,0,1,0,0
2025-09-27,13,10:00,119,11,15.2,0,1,30.13,0,2025-09-27 04:00:00,2025-09-27 08:00:00,W,Euclid Ave,0,0,0,0
2025-09-27,13,10:00,119,11,15.2,0,1,30.13,0,2025-09-27 04:00:00,2025-09-27 08:00:00,W,Bowmore Rd,0,1,0,0
2025-09-27,13,10:00,119,11,15.2,0,1,30.13,0,2025-09-27 04:00:00,2025-09-27 08:00:00,W,Bay St,0,1,0,0
2025-09-27,13,10:00,119,11,15.2,0,1,30.13,0,2025-09-27 04:00:00,2025-09-27 08:00:00,W,Lansdowne Ave,0,1,0,0
2025-09-27,13,10:00,119,11,15.2,0,1,30.13,0,2025-09-27 04:00:00,2025-09-27 08:00:00,W,Indian Rd,1,3,1,0
2025-09-27,13,10:00,119,11,15.2,0,1,30.13,0,2025-09-27 04:00:00,2025-09-27 08:00:00,W,Grace St,0,0,0,0
2025-09-27,13,10:00,119,11,15.2,0,1,30.13,0,2025-09-27 04:00:00,2025-09-27 08:00:00,W,Dufferin St,2,2,0,0
2025-09-27,13,10:00,119,11,15.2,0,1,30.13,0,2025-09-27 04:00:00,2025-09-27 08:00:00,W,Gerrard St East at Beaton Ave,0,1,0,0
2025-09-27,13,10:00,119,11,15.2,0,1,30.13,0,2025-09-27 04:00:00,2025-09-27 08:00:00,W,Bathurst St,0,0,0,0
2025-09-27,13,10:00,119,11,15.2,0,1,30.13,0,2025-09-27 04:00:00,2025-09-27 08:00:00,W,Yonge St - College Station,0,0,0,0
2025-09-27,13,10:00,119,11,15.2,0,1,30.13,0,2025-09-27 04:00:00,2025-09-27 08:00:00,W,Dundas St West at Sterling Rd,0,0,0,0
2025-09-27,13,10:00,119,11,15.2,0,1,30.13,0,2025-09-27 04:00:00,2025-09-27 08:00:00,W,Brock Ave,0,0,0,0
2025-09-27,13,10:00,119,11,15.2,0,1,30.13,0,2025-09-27 04:00:00,2025-09-27 08:00:00,W,Sackville St,1,0,0,0
2025-09-27,13,10:00,119,11,15.2,0,1,30.13,0,2025-09-27 04:00:00,2025-09-27 08:00:00,W,Carlaw Ave,0,0,0,0
2025-09-27,13,10:00,119,11,15.2,0,1,30.13,0,2025-09-27 04:00:00,2025-09-27 08:00:00,W,Borden St,0,0,0,0
2025-09-27,13,10:00,119,11,15.2,0,1,30.13,0,2025-09-27 04:00:00,2025-09-27 08:00:00,W,Dundas St West at Sorauren Ave,1,3,1,0
2025-09-27,13,10:00,119,11,15.2,0,1,30.13,0,2025-09-27 04:00:00,2025-09-27 08:00:00,W,Crawford St,0,0,0,0
2025-09-27,13,10:00,119,11,15.2,0,1,30.13,0,2025-09-27 04:00:00,2025-09-27 08:00:00,W,Pape Ave,0,0,0,0
2025-09-27,13,10:00,119,11,15.2,0,1,30.13,0,2025-09-27 04:00:00,2025-09-27 08:00:00,W,Spadina Ave,2,2,0,0
2025-09-27,13,10:00,119,11,15.2,0,1,30.13,0,2025-09-27 04:00:00,2025-09-27 08:00:00,W,River St,1,0,0,0
2025-09-27,13,10:00,119,11,15.2,0,1,30.13,0,2025-09-27 04:00:00,2025-09-27 08:00:00,W,Marjory Ave,0,0,0,0
2025-09-27,13,10:00,119,11,15.2,0,1,30.13,0,2025-09-27 04:00:00,2025-09-27 08:00:00,W,Kingsmount Park Rd,0,0,0,0
2025-09-27,13,10:00,119,11,15.2,0,1,30.13,0,2025-09-27 04:00:00,2025-09-27 08:00:00,W,Church St,0,0,0,0
2025-09-27,13,10:00,119,11,15.2,0,1,30.13,0,2025-09-27 04:00:00,2025-09-27 08:00:00,W,Ossington Ave,0,0,0,0
2025-09-27,13,10:00,119,11,15.2,0,1,30.13,0,2025-09-27 04:00:00,2025-09-27 08:00:00,W,Woodbine Ave,0,0,0,0
2025-09-27,13,10:00,119,11,15.2,0,1,30.13,0,2025-09-27 04:00:00,2025-09-27 08:00:00,W,Jones Ave,0,0,0,0
2025-09-27,13,10:00,119,11,15.2,0,1,30.13,0,2025-09-27 04:00:00,2025-09-27 08:00:00,W,Golfview Ave,0,0,0,0
2025-09-27,13,10:00,119,11,15.2,0,1,30.13,0,2025-09-27 04:00:00,2025-09-27 08:00:00,W,Leslie St,0,0,0,0
2025-09-27,13,10:00,119,11,15.2,0,1,30.13,0,2025-09-27 04:00:00,2025-09-27 08:00:00,W,St Matthews Rd,0,0,0,0
2025-09-27,13,10:00,119,11,15.2,0,1,30.13,0,2025-09-27 04:00:00,2025-09-27 08:00:00,W,Jarvis St,0,0,0,0
2025-09-27,13,10:00,119,11,15.2,0,1,30.13,0,2025-09-27 04:00:00,2025-09-27 08:00:00,W,Sherbourne St,0,0,0,0
2025-09-27,13,10:00,119,11,15.2,0,1,30.13,0,2025-09-27 04:00:00,2025-09-27 08:00:00,W,St George St,0,0,0,0
2025-09-27,13,10:00,119,11,15.2,0,1,30.13,0,2025-09-27 04:00:00,2025-09-27 08:00:00,W,Dovercourt Rd,0,0,0,0
2025-09-27,13,10:00,119,11,15.2,0,1,30.13,0,2025-09-27 04:00:00,2025-09-27 08:00:00,W,Glenmount Park Rd,0,0,0,0
2025-09-27,13,10:00,119,11,15.2,0,1,30.13,0,2025-09-27 04:00:00,2025-09-27 08:00:00,W,Prust Ave,0,0,0,0
2025-09-27,13,10:00,119,11,15.2,0,1,30.13,0,2025-09-27 04:00:00,2025-09-27 08:00:00,W,Main Street Station at Bay 7,0,1,0,0
2025-09-27,13,10:00,119,11,15.2,0,1,30.13,0,2025-09-27 04:00:00,2025-09-27 08:00:00,W,Norwood Rd,0,0,0,0
2025-09-27,13,10:00,119,11,15.2,0,1,30.13,0,2025-09-27 04:00:00,2025-09-27 08:00:00,W,McCaul St,0,0,0,0
2025-09-27,13,10:00,119,11,15.2,0,1,30.13,0,2025-09-27 04:00:00,2025-09-27 08:00:00,W,Broadview Ave,0,0,0,0
2025-09-27,13,10:00,119,11,15.2,0,1,30.13,0,2025-09-27 04:00:00,2025-09-27 08:00:00,W,Ontario St,0,0,0,0
2025-09-27,13,10:00,119,11,15.2,0,1,30.13,0,2025-09-27 04:00:00,2025-09-27 08:00:00,W,Rusholme Park Cres,0,0,0,0
2025-09-27,13,10:00,119,11,15.2,0,1,30.13,0,2025-09-27 04:00:00,2025-09-27 08:00:00,W,Havelock St,0,0,0,0
2025-09-27,13,10:00,119,11,15.2,0,1,30.13,0,2025-09-27 04:00:00,2025-09-27 08:00:00,W,High Park Loop,0,0,0,0
2025-09-27,13,10:00,119,11,15.2,0,1,30.13,0,2025-09-27 04:00:00,2025-09-27 08:00:00,W,Queens Park (Queen's Park Station),0,0,0,0
2025-09-27,13,10:00,119,11,15.2,0,1,30.13,0,2025-09-27 04:00:00,2025-09-27 08:00:00,W,Roncesvalles Ave,0,3,1,0
2025-09-27,13,10:00,119,11,15.2,0,1,30.13,0,2025-09-27 04:00:00,2025-09-27 08:00:00,W,De Grassi St,0,0,0,0
2025-09-27,13,10:00,119,11,15.2,0,1,30.13,0,2025-09-27 04:00:00,2025-09-27 08:00:00,W,Parliament St at Carlton St,0,0,0,0
2025-09-27,13,10:00,119,11,15.2,0,1,30.13,0,2025-09-27 04:00:00,2025-09-27 08:00:00,W,Parkside Dr East Side,0,0,0,0
2025-09-27,13,10:00,119,11,15.2,0,1,30.13,0,2025-09-27 04:00:00,2025-09-27 08:00:00,W,Dundas St West,1,3,1,0
2025-09-27,13,10:00,119,11,15.2,0,1,30.13,0,2025-09-27 04:00:00,2025-09-27 08:00:00,W,Howard Park Ave at Roncesvalles Ave,0,0,0,0
2025-09-27,13,10:00,119,11,15.2,0,1,30.13,0,2025-09-27 04:00:00,2025-09-27 08:00:00,W,Parliament St,0,0,0,0
2025-09-27,13,10:00,119,11,15.2,0,1,30.13,0,2025-09-27 04:00:00,2025-09-27 08:00:00,W,Parliament St at Gerrard St East,0,0,0,0
2025-09-27,13,10:00,119,11,15.2,0,1,30.13,0,2025-09-27 04:00:00,2025-09-27 08:00:00,W,Sumach St,0,0,0,0
2025-09-27,13,10:00,119,11,15.2,0,1,30.13,0,2025-09-27 04:00:00,2025-09-27 08:00:00,W,Blackburn St,0,0,0,0
2025-09-27,13,10:00,119,11,15.2,0,1,30.13,0,2025-09-27 04:00:00,2025-09-27 08:00:00,W,Logan Ave,0,0,0,0
2025-09-27,13,10:00,119,11,15.2,0,1,30.13,0,2025-09-27 04:00:00,2025-09-27 08:00:00,W,Augusta Ave,0,0,0,0
2025-09-27,13,10:00,119,11,15.2,0,1,30.13,0,2025-09-27 04:00:00,2025-09-27 08:00:00,W,Beverley St,0,0,0,0
2025-09-27,13,10:00,119,11,15.2,0,1,30.13,0,2025-09-27 04:00:00,2025-09-27 08:00:00,W,University Ave (Queen's Park Station,0,0,0,0
2025-09-27,13,10:00,119,11,15.2,0,1,30.13,0,2025-09-27 04:00:00,2025-09-27 08:00:00,W,Elizabeth St,0,0,0,0
2025-09-27,13,10:00,119,11,15.2,0,1,30.13,0,2025-09-27 04:00:00,2025-09-27 08:00:00,W,Greenwood Ave,0,0,0,0
2025-09-27,13,10:00,119,11,15.2,0,1,30.13,0,2025-09-27 04:00:00,2025-09-27 08:00:00,W,Alton Ave,0,0,0,0
2025-09-27,13,10:00,119,11,15.2,0,1,30.13,0,2025-09-27 04:00:00,2025-09-27 08:00:00,W,Coxwell Ave,0,0,0,0
2025-09-27,13,10:00,119,11,15.2,0,1,30.13,0,2025-09-27 04:00:00,2025-09-27 08:00:00,W,Gerrard St East  at Coxwell Ave,0,0,0,0
2025-09-27,13,10:00,119,11,15.2,0,1,30.13,0,2025-09-27 04:00:00,2025-09-27 08:00:00,W,Coxwell Ave at Lower Gerrard St East,0,0,0,0
2025-09-27,13,10:00,119,11,15.2,0,1,30.13,0,2025-09-27 04:00:00,2025-09-27 08:00:00,W,Ashdale Ave,0,0,0,0
2025-09-27,13,10:00,119,11,15.2,0,1,30.13,0,2025-09-27 04:00:00,2025-09-27 08:00:00,W,Howard Park Ave at Indian Rd,0,0,0,0
2025-09-27,13,10:00,119,11,15.2,0,1,30.13,0,2025-09-27 04:00:00,2025-09-27 08:00:00,W,Dundas St West at Howard Park Ave,0,0,0,0
2025-09-27,13,10:00,119,11,15.2,0,1,30.13,0,2025-09-27 04:00:00,2025-09-27 08:00:00,W,Main St at Gerrard St East,0,0,0,0
2025-09-27,13,10:00,119,11,15.2,0,1,30.13,0,2025-09-27 04:00:00,2025-09-27 08:00:00,W,Main St,0,0,0,0
2025-09-27,13,10:00,119,11,15.2,0,1,30.13,0,2025-09-27 04:00:00,2025-09-27 08:00:00,W,Main St at Danforth Ave,0,0,0,0
2025-09-27,13,10:00,119,11,15.2,0,1,30.13,0,2025-09-27 04:00:00,2025-09-27 08:00:00,W,Howard Park Ave at Parkside Dr,0,0,0,0
2025-10-04,13,10:00,119,11,15.2,0,1,30.13,0,2025-10-04 04:00:00,2025-10-04 08:00:00,E,Woodfield Rd,2,1,3,3
2025-10-04,13,10:00,119,11,15.2,0,1,30.13,0,2025-10-04 04:00:00,2025-10-04 08:00:00,E,Coxwell Ave at Gerrard St East,0,0,0,0
2025-10-04,13,10:00,119,11,15.2,0,1,30.13,0,2025-10-04 04:00:00,2025-10-04 08:00:00,E,Euclid Ave,0,0,0,0
2025-10-04,13,10:00,119,11,15.2,0,1,30.13,0,2025-10-04 04:00:00,2025-10-04 08:00:00,E,Bowmore Rd,0,3,1,2
2025-10-04,13,10:00,119,11,15.2,0,1,30.13,0,2025-10-04 04:00:00,2025-10-04 08:00:00,E,Bay St,3,1,3,4
2025-10-04,13,10:00,119,11,15.2,0,1,30.13,0,2025-10-04 04:00:00,2025-10-04 08:00:00,E,Lansdowne Ave,2,3,4,5
2025-10-04,13,10:00,119,11,15.2,0,1,30.13,0,2025-10-04 04:00:00,2025-10-04 08:00:00,E,Indian Rd,1,3,4,5
2025-10-04,13,10:00,119,11,15.2,0,1,30.13,0,2025-10-04 04:00:00,2025-10-04 08:00:00,E,Grace St,1,3,5,4
2025-10-04,13,10:00,119,11,15.2,0,1,30.13,0,2025-10-04 04:00:00,2025-10-04 08:00:00,E,Dufferin St,3,1,3,3
2025-10-04,13,10:00,119,11,15.2,0,1,30.13,0,2025-10-04 04:00:00,2025-10-04 08:00:00,E,Gerrard St East at Beaton Ave,0,3,1,2
2025-10-04,13,10:00,119,11,15.2,0,1,30.13,0,2025-10-04 04:00:00,2025-10-04 08:00:00,E,Bathurst St,2,1,3,4
2025-10-04,13,10:00,119,11,15.2,0,1,30.13,0,2025-10-04 04:00:00,2025-10-04 08:00:00,E,Yonge St - College Station,2,1,3,4
2025-10-04,13,10:00,119,11,15.2,0,1,30.13,0,2025-10-04 04:00:00,2025-10-04 08:00:00,E,Dundas St West at Sterling Rd,0,0,0,0
2025-10-04,13,10:00,119,11,15.2,0,1,30.13,0,2025-10-04 04:00:00,2025-10-04 08:00:00,E,Brock Ave,2,4,3,6
2025-10-04,13,10:00,119,11,15.2,0,1,30.13,0,2025-10-04 04:00:00,2025-10-04 08:00:00,E,Sackville St,0,1,3,6
2025-10-04,13,10:00,119,11,15.2,0,1,30.13,0,2025-10-04 04:00:00,2025-10-04 08:00:00,E,Carlaw Ave,2,1,3,4
2025-10-04,13,10:00,119,11,15.2,0,1,30.13,0,2025-10-04 04:00:00,2025-10-04 08:00:00,E,Borden St,2,1,3,4
2025-10-04,13,10:00,119,11,15.2,0,1,30.13,0,2025-10-04 04:00:00,2025-10-04 08:00:00,E,Dundas St West at Sorauren Ave,1,1,1,2
2025-10-04,13,10:00,119,11,15.2,0,1,30.13,0,2025-10-04 04:00:00,2025-10-04 08:00:00,E,Crawford St,5,4,9,9
2025-10-04,13,10:00,119,11,15.2,0,1,30.13,0,2025-10-04 04:00:00,2025-10-04 08:00:00,E,Pape Ave,2,1,3,4
2025-10-04,13,10:00,119,11,15.2,0,1,30.13,0,2025-10-04 04:00:00,2025-10-04 08:00:00,E,Spadina Ave,3,1,3,4
2025-10-04,13,10:00,119,11,15.2,0,1,30.13,0,2025-10-04 04:00:00,2025-10-04 08:00:00,E,River St,2,1,3,5
2025-10-04,13,10:00,119,11,15.2,0,1,30.13,0,2025-10-04 04:00:00,2025-10-04 08:00:00,E,Marjory Ave,2,1,3,4
2025-10-04,13,10:00,119,11,15.2,0,1,30.13,0,2025-10-04 04:00:00,2025-10-04 08:00:00,E,Kingsmount Park Rd,0,3,1,2
2025-10-04,13,10:00,119,11,15.2,0,1,30.13,0,2025-10-04 04:00:00,2025-10-04 08:00:00,E,Church St,0,0,0,0
2025-10-04,13,10:00,119,11,15.2,0,1,30.13,0,2025-10-04 04:00:00,2025-10-04 08:00:00,E,Ossington Ave,5,3,8,8
2025-10-04,13,10:00,119,11,15.2,0,1,30.13,0,2025-10-04 04:00:00,2025-10-04 08:00:00,E,Woodbine Ave,0,3,1,2
2025-10-04,13,10:00,119,11,15.2,0,1,30.13,0,2025-10-04 04:00:00,2025-10-04 08:00:00,E,Jones Ave,2,1,3,4
2025-10-04,13,10:00,119,11,15.2,0,1,30.13,0,2025-10-04 04:00:00,2025-10-04 08:00:00,E,Golfview Ave,0,3,1,2
2025-10-04,13,10:00,119,11,15.2,0,1,30.13,0,2025-10-04 04:00:00,2025-10-04 08:00:00,E,Leslie St,2,1,3,4
2025-10-04,13,10:00,119,11,15.2,0,1,30.13,0,2025-10-04 04:00:00,2025-10-04 08:00:00,E,St Matthews Rd,2,1,3,5
2025-10-04,13,10:00,119,11,15.2,0,1,30.13,0,2025-10-04 04:00:00,2025-10-04 08:00:00,E,Jarvis St,0,2,1,6
2025-10-04,13,10:00,119,11,15.2,0,1,30.13,0,2025-10-04 04:00:00,2025-10-04 08:00:00,E,Sherbourne St,0,2,1,6
2025-10-04,13,10:00,119,11,15.2,0,1,30.13,0,2025-10-04 04:00:00,2025-10-04 08:00:00,E,St George St,3,1,3,4
2025-10-04,13,10:00,119,11,15.2,0,1,30.13,0,2025-10-04 04:00:00,2025-10-04 08:00:00,E,Dovercourt Rd,4,2,6,8
2025-10-04,13,10:00,119,11,15.2,0,1,30.13,0,2025-10-04 04:00:00,2025-10-04 08:00:00,E,Glenmount Park Rd,0,3,1,2
2025-10-04,13,10:00,119,11,15.2,0,1,30.13,0,2025-10-04 04:00:00,2025-10-04 08:00:00,E,Prust Ave,2,1,3,4
2025-10-04,13,10:00,119,11,15.2,0,1,30.13,0,2025-10-04 04:00:00,2025-10-04 08:00:00,E,Main Street Station at Bay 7,0,0,0,0
2025-10-04,13,10:00,119,11,15.2,0,1,30.13,0,2025-10-04 04:00:00,2025-10-04 08:00:00,E,Norwood Rd,0,3,1,2
2025-10-04,13,10:00,119,11,15.2,0,1,30.13,0,2025-10-04 04:00:00,2025-10-04 08:00:00,E,McCaul St,2,1,3,4
2025-10-04,13,10:00,119,11,15.2,0,1,30.13,0,2025-10-04 04:00:00,2025-10-04 08:00:00,E,Broadview Ave,2,1,3,5
2025-10-04,13,10:00,119,11,15.2,0,1,30.13,0,2025-10-04 04:00:00,2025-10-04 08:00:00,E,Ontario St,0,0,0,0
2025-10-04,13,10:00,119,11,15.2,0,1,30.13,0,2025-10-04 04:00:00,2025-10-04 08:00:00,E,Rusholme Park Cres,2,1,2,4
2025-10-04,13,10:00,119,11,15.2,0,1,30.13,0,2025-10-04 04:00:00,2025-10-04 08:00:00,E,Havelock St,2,1,3,4
2025-10-04,13,10:00,119,11,15.2,0,1,30.13,0,2025-10-04 04:00:00,2025-10-04 08:00:00,E,High Park Loop,4,4,6,14
2025-10-04,13,10:00,119,11,15.2,0,1,30.13,0,2025-10-04 04:00:00,2025-10-04 08:00:00,E,Queens Park (Queen's Park Station),2,1,3,4
2025-10-04,13,10:00,119,11,15.2,0,1,30.13,0,2025-10-04 04:00:00,2025-10-04 08:00:00,E,Roncesvalles Ave,2,1,2,4
2025-10-04,13,10:00,119,11,15.2,0,1,30.13,0,2025-10-04 04:00:00,2025-10-04 08:00:00,E,De Grassi St,3,1,3,5
2025-10-04,13,10:00,119,11,15.2,0,1,30.13,0,2025-10-04 04:00:00,2025-10-04 08:00:00,E,Parliament St at Carlton St,0,0,0,0
2025-10-04,13,10:00,119,11,15.2,0,1,30.13,0,2025-10-04 04:00:00,2025-10-04 08:00:00,E,Parkside Dr East Side,2,2,4,6
2025-10-04,13,10:00,119,11,15.2,0,1,30.13,0,2025-10-04 04:00:00,2025-10-04 08:00:00,E,Dundas St West,1,1,1,4
2025-10-04,13,10:00,119,11,15.2,0,1,30.13,0,2025-10-04 04:00:00,2025-10-04 08:00:00,E,Howard Park Ave at Roncesvalles Ave,0,0,0,0
2025-10-04,13,10:00,119,11,15.2,0,1,30.13,0,2025-10-04 04:00:00,2025-10-04 08:00:00,E,Parliament St,0,0,0,0
2025-10-04,13,10:00,119,11,15.2,0,1,30.13,0,2025-10-04 04:00:00,2025-10-04 08:00:00,E,Parliament St at Gerrard St East,0,0,0,0
2025-10-04,13,10:00,119,11,15.2,0,1,30.13,0,2025-10-04 04:00:00,2025-10-04 08:00:00,E,Sumach St,0,0,0,0
2025-10-04,13,10:00,119,11,15.2,0,1,30.13,0,2025-10-04 04:00:00,2025-10-04 08:00:00,E,Blackburn St,0,0,0,0
2025-10-04,13,10:00,119,11,15.2,0,1,30.13,0,2025-10-04 04:00:00,2025-10-04 08:00:00,E,Logan Ave,2,1,3,5
2025-10-04,13,10:00,119,11,15.2,0,1,30.13,0,2025-10-04 04:00:00,2025-10-04 08:00:00,E,Augusta Ave,0,0,0,0
2025-10-04,13,10:00,119,11,15.2,0,1,30.13,0,2025-10-04 04:00:00,2025-10-04 08:00:00,E,Beverley St,0,0,0,0
2025-10-04,13,10:00,119,11,15.2,0,1,30.13,0,2025-10-04 04:00:00,2025-10-04 08:00:00,E,University Ave (Queen's Park Station,0,0,0,0
2025-10-04,13,10:00,119,11,15.2,0,1,30.13,0,2025-10-04 04:00:00,2025-10-04 08:00:00,E,Elizabeth St,0,0,0,0
2025-10-04,13,10:00,119,11,15.2,0,1,30.13,0,2025-10-04 04:00:00,2025-10-04 08:00:00,E,Greenwood Ave,0,0,0,0
2025-10-04,13,10:00,119,11,15.2,0,1,30.13,0,2025-10-04 04:00:00,2025-10-04 08:00:00,E,Alton Ave,0,0,0,0
2025-10-04,13,10:00,119,11,15.2,0,1,30.13,0,2025-10-04 04:00:00,2025-10-04 08:00:00,E,Coxwell Ave,0,0,0,0
2025-10-04,13,10:00,119,11,15.2,0,1,30.13,0,2025-10-04 04:00:00,2025-10-04 08:00:00,E,Gerrard St East  at Coxwell Ave,0,0,0,0
2025-10-04,13,10:00,119,11,15.2,0,1,30.13,0,2025-10-04 04:00:00,2025-10-04 08:00:00,E,Coxwell Ave at Lower Gerrard St East,0,0,0,0
2025-10-04,13,10:00,119,11,15.2,0,1,30.13,0,2025-10-04 04:00:00,2025-10-04 08:00:00,E,Ashdale Ave,0,0,0,0
2025-10-04,13,10:00,119,11,15.2,0,1,30.13,0,2025-10-04 04:00:00,2025-10-04 08:00:00,E,Howard Park Ave at Indian Rd,0,0,0,0
2025-10-04,13,10:00,119,11,15.2,0,1,30.13,0,2025-10-04 04:00:00,2025-10-04 08:00:00,E,Dundas St West at Howard Park Ave,0,0,0,0
2025-10-04,13,10:00,119,11,15.2,0,1,30.13,0,2025-10-04 04:00:00,2025-10-04 08:00:00,E,Main St at Gerrard St East,0,0,0,0
2025-10-04,13,10:00,119,11,15.2,0,1,30.13,0,2025-10-04 04:00:00,2025-10-04 08:00:00,E,Main St,0,0,0,0
2025-10-04,13,10:00,119,11,15.2,0,1,30.13,0,2025-10-04 04:00:00,2025-10-04 08:00:00,E,Main St at Danforth Ave,0,0,0,0
2025-10-04,13,10:00,119,11,15.2,0,1,30.13,0,2025-10-04 04:00:00,2025-10-04 08:00:00,E,Howard Park Ave at Parkside Dr,0,0,0,0
2025-10-04,13,10:00,119,11,15.2,0,1,30.13,0,2025-10-04 04:00:00,2025-10-04 08:00:00,W,Woodfield Rd,0,2,2,2
2025-10-04,13,10:00,119,11,15.2,0,1,30.13,0,2025-10-04 04:00:00,2025-10-04 08:00:00,W,Coxwell Ave at Gerrard St East,0,2,2,3
2025-10-04,13,10:00,119,11,15.2,0,1,30.13,0,2025-10-04 04:00:00,2025-10-04 08:00:00,W,Euclid Ave,0,0,0,0
2025-10-04,13,10:00,119,11,15.2,0,1,30.13,0,2025-10-04 04:00:00,2025-10-04 08:00:00,W,Bowmore Rd,0,2,2,1
2025-10-04,13,10:00,119,11,15.2,0,1,30.13,0,2025-10-04 04:00:00,2025-10-04 08:00:00,W,Bay St,0,1,0,3
2025-10-04,13,10:00,119,11,15.2,0,1,30.13,0,2025-10-04 04:00:00,2025-10-04 08:00:00,W,Lansdowne Ave,0,1,0,0
2025-10-04,13,10:00,119,11,15.2,0,1,30.13,0,2025-10-04 04:00:00,2025-10-04 08:00:00,W,Indian Rd,0,1,1,0
2025-10-04,13,10:00,119,11,15.2,0,1,30.13,0,2025-10-04 04:00:00,2025-10-04 08:00:00,W,Grace St,0,0,0,0
2025-10-04,13,10:00,119,11,15.2,0,1,30.13,0,2025-10-04 04:00:00,2025-10-04 08:00:00,W,Dufferin St,0,2,4,0
2025-10-04,13,10:00,119,11,15.2,0,1,30.13,0,2025-10-04 04:00:00,2025-10-04 08:00:00,W,Gerrard St East at Beaton Ave,0,2,2,1
2025-10-04,13,10:00,119,11,15.2,0,1,30.13,0,2025-10-04 04:00:00,2025-10-04 08:00:00,W,Bathurst St,0,0,0,0
2025-10-04,13,10:00,119,11,15.2,0,1,30.13,0,2025-10-04 04:00:00,2025-10-04 08:00:00,W,Yonge St - College Station,0,0,0,0
2025-10-04,13,10:00,119,11,15.2,0,1,30.13,0,2025-10-04 04:00:00,2025-10-04 08:00:00,W,Dundas St West at Sterling Rd,0,0,0,0
2025-10-04,13,10:00,119,11,15.2,0,1,30.13,0,2025-10-04 04:00:00,2025-10-04 08:00:00,W,Brock Ave,0,0,0,0
2025-10-04,13,10:00,119,11,15.2,0,1,30.13,0,2025-10-04 04:00:00,2025-10-04 08:00:00,W,Sackville St,0,0,0,0
2025-10-04,13,10:00,119,11,15.2,0,1,30.13,0,2025-10-04 04:00:00,2025-10-04 08:00:00,W,Carlaw Ave,0,0,0,0
2025-10-04,13,10:00,119,11,15.2,0,1,30.13,0,2025-10-04 04:00:00,2025-10-04 08:00:00,W,Borden St,0,0,0,0
2025-10-04,13,10:00,119,11,15.2,0,1,30.13,0,2025-10-04 04:00:00,2025-10-04 08:00:00,W,Dundas St West at Sorauren Ave,0,2,1,1
2025-10-04,13,10:00,119,11,15.2,0,1,30.13,0,2025-10-04 04:00:00,2025-10-04 08:00:00,W,Crawford St,0,0,0,0
2025-10-04,13,10:00,119,11,15.2,0,1,30.13,0,2025-10-04 04:00:00,2025-10-04 08:00:00,W,Pape Ave,0,0,0,0
2025-10-04,13,10:00,119,11,15.2,0,1,30.13,0,2025-10-04 04:00:00,2025-10-04 08:00:00,W,Spadina Ave,0,1,0,2
2025-10-04,13,10:00,119,11,15.2,0,1,30.13,0,2025-10-04 04:00:00,2025-10-04 08:00:00,W,River St,0,3,0,1
2025-10-04,13,10:00,119,11,15.2,0,1,30.13,0,2025-10-04 04:00:00,2025-10-04 08:00:00,W,Marjory Ave,0,0,0,0
2025-10-04,13,10:00,119,11,15.2,0,1,30.13,0,2025-10-04 04:00:00,2025-10-04 08:00:00,W,Kingsmount Park Rd,0,0,0,0
2025-10-04,13,10:00,119,11,15.2,0,1,30.13,0,2025-10-04 04:00:00,2025-10-04 08:00:00,W,Church St,0,0,0,0
2025-10-04,13,10:00,119,11,15.2,0,1,30.13,0,2025-10-04 04:00:00,2025-10-04 08:00:00,W,Ossington Ave,0,0,0,0
2025-10-04,13,10:00,119,11,15.2,0,1,30.13,0,2025-10-04 04:00:00,2025-10-04 08:00:00,W,Woodbine Ave,0,0,0,0
2025-10-04,13,10:00,119,11,15.2,0,1,30.13,0,2025-10-04 04:00:00,2025-10-04 08:00:00,W,Jones Ave,0,0,0,0
2025-10-04,13,10:00,119,11,15.2,0,1,30.13,0,2025-10-04 04:00:00,2025-10-04 08:00:00,W,Golfview Ave,0,0,0,0
2025-10-04,13,10:00,119,11,15.2,0,1,30.13,0,2025-10-04 04:00:00,2025-10-04 08:00:00,W,Leslie St,0,0,0,0
2025-10-04,13,10:00,119,11,15.2,0,1,30.13,0,2025-10-04 04:00:00,2025-10-04 08:00:00,W,St Matthews Rd,0,0,0,0
2025-10-04,13,10:00,119,11,15.2,0,1,30.13,0,2025-10-04 04:00:00,2025-10-04 08:00:00,W,Jarvis St,0,0,0,0
2025-10-04,13,10:00,119,11,15.2,0,1,30.13,0,2025-10-04 04:00:00,2025-10-04 08:00:00,W,Sherbourne St,0,0,0,0
2025-10-04,13,10:00,119,11,15.2,0,1,30.13,0,2025-10-04 04:00:00,2025-10-04 08:00:00,W,St George St,0,0,0,0
2025-10-04,13,10:00,119,11,15.2,0,1,30.13,0,2025-10-04 04:00:00,2025-10-04 08:00:00,W,Dovercourt Rd,0,0,0,0
2025-10-04,13,10:00,119,11,15.2,0,1,30.13,0,2025-10-04 04:00:00,2025-10-04 08:00:00,W,Glenmount Park Rd,0,0,0,0
2025-10-04,13,10:00,119,11,15.2,0,1,30.13,0,2025-10-04 04:00:00,2025-10-04 08:00:00,W,Prust Ave,0,0,0,0
2025-10-04,13,10:00,119,11,15.2,0,1,30.13,0,2025-10-04 04:00:00,2025-10-04 08:00:00,W,Main Street Station at Bay 7,0,2,1,1
2025-10-04,13,10:00,119,11,15.2,0,1,30.13,0,2025-10-04 04:00:00,2025-10-04 08:00:00,W,Norwood Rd,0,0,0,0
2025-10-04,13,10:00,119,11,15.2,0,1,30.13,0,2025-10-04 04:00:00,2025-10-04 08:00:00,W,McCaul St,0,0,0,0
2025-10-04,13,10:00,119,11,15.2,0,1,30.13,0,2025-10-04 04:00:00,2025-10-04 08:00:00,W,Broadview Ave,0,0,0,0
2025-10-04,13,10:00,119,11,15.2,0,1,30.13,0,2025-10-04 04:00:00,2025-10-04 08:00:00,W,Ontario St,0,0,0,0
2025-10-04,13,10:00,119,11,15.2,0,1,30.13,0,2025-10-04 04:00:00,2025-10-04 08:00:00,W,Rusholme Park Cres,0,0,0,0
2025-10-04,13,10:00,119,11,15.2,0,1,30.13,0,2025-10-04 04:00:00,2025-10-04 08:00:00,W,Havelock St,0,0,0,0
2025-10-04,13,10:00,119,11,15.2,0,1,30.13,0,2025-10-04 04:00:00,2025-10-04 08:00:00,W,High Park Loop,0,0,0,0
2025-10-04,13,10:00,119,11,15.2,0,1,30.13,0,2025-10-04 04:00:00,2025-10-04 08:00:00,W,Queens Park (Queen's Park Station),0,0,0,0
2025-10-04,13,10:00,119,11,15.2,0,1,30.13,0,2025-10-04 04:00:00,2025-10-04 08:00:00,W,Roncesvalles Ave,0,1,1,0
2025-10-04,13,10:00,119,11,15.2,0,1,30.13,0,2025-10-04 04:00:00,2025-10-04 08:00:00,W,De Grassi St,0,0,0,0
2025-10-04,13,10:00,119,11,15.2,0,1,30.13,0,2025-10-04 04:00:00,2025-10-04 08:00:00,W,Parliament St at Carlton St,0,0,0,0
2025-10-04,13,10:00,119,11,15.2,0,1,30.13,0,2025-10-04 04:00:00,2025-10-04 08:00:00,W,Parkside Dr East Side,0,0,0,0
2025-10-04,13,10:00,119,11,15.2,0,1,30.13,0,2025-10-04 04:00:00,2025-10-04 08:00:00,W,Dundas St West,4,2,6,2
2025-10-04,13,10:00,119,11,15.2,0,1,30.13,0,2025-10-04 04:00:00,2025-10-04 08:00:00,W,Howard Park Ave at Roncesvalles Ave,0,0,0,0
2025-10-04,13,10:00,119,11,15.2,0,1,30.13,0,2025-10-04 04:00:00,2025-10-04 08:00:00,W,Parliament St,0,0,0,0
2025-10-04,13,10:00,119,11,15.2,0,1,30.13,0,2025-10-04 04:00:00,2025-10-04 08:00:00,W,Parliament St at Gerrard St East,0,0,0,0
2025-10-04,13,10:00,119,11,15.2,0,1,30.13,0,2025-10-04 04:00:00,2025-10-04 08:00:00,W,Sumach St,0,0,0,0
2025-10-04,13,10:00,119,11,15.2,0,1,30.13,0,2025-10-04 04:00:00,2025-10-04 08:00:00,W,Blackburn St,0,0,0,0
2025-10-04,13,10:00,119,11,15.2,0,1,30.13,0,2025-10-04 04:00:00,2025-10-04 08:00:00,W,Logan Ave,0,0,0,0
2025-10-04,13,10:00,119,11,15.2,0,1,30.13,0,2025-10-04 04:00:00,2025-10-04 08:00:00,W,Augusta Ave,0,0,0,0
2025-10-04,13,10:00,119,11,15.2,0,1,30.13,0,2025-10-04 04:00:00,2025-10-04 08:00:00,W,Beverley St,0,0,0,0
2025-10-04,13,10:00,119,11,15.2,0,1,30.13,0,2025-10-04 04:00:00,2025-10-04 08:00:00,W,University Ave (Queen's Park Station,0,0,0,0
2025-10-04,13,10:00,119,11,15.2,0,1,30.13,0,2025-10-04 04:00:00,2025-10-04 08:00:00,W,Elizabeth St,0,0,0,0
2025-10-04,13,10:00,119,11,15.2,0,1,30.13,0,2025-10-04 04:00:00,2025-10-04 08:00:00,W,Greenwood Ave,0,0,0,0
2025-10-04,13,10:00,119,11,15.2,0,1,30.13,0,2025-10-04 04:00:00,2025-10-04 08:00:00,W,Alton Ave,0,0,0,0
2025-10-04,13,10:00,119,11,15.2,0,1,30.13,0,2025-10-04 04:00:00,2025-10-04 08:00:00,W,Coxwell Ave,0,0,0,0
2025-10-04,13,10:00,119,11,15.2,0,1,30.13,0,2025-10-04 04:00:00,2025-10-04 08:00:00,W,Gerrard St East  at Coxwell Ave,0,0,0,0
2025-10-04,13,10:00,119,11,15.2,0,1,30.13,0,2025-10-04 04:00:00,2025-10-04 08:00:00,W,Coxwell Ave at Lower Gerrard St East,0,0,0,0
2025-10-04,13,10:00,119,11,15.2,0,1,30.13,0,2025-10-04 04:00:00,2025-10-04 08:00:00,W,Ashdale Ave,0,0,0,0
2025-10-04,13,10:00,119,11,15.2,0,1,30.13,0,2025-10-04 04:00:00,2025-10-04 08:00:00,W,Howard Park Ave at Indian Rd,0,0,0,0
2025-10-04,13,10:00,119,11,15.2,0,1,30.13,0,2025-10-04 04:00:00,2025-10-04 08:00:00,W,Dundas St West at Howard Park Ave,0,0,0,0
2025-10-04,13,10:00,119,11,15.2,0,1,30.13,0,2025-10-04 04:00:00,2025-10-04 08:00:00,W,Main St at Gerrard St East,0,0,0,0
2025-10-04,13,10:00,119,11,15.2,0,1,30.13,0,2025-10-04 04:00:00,2025-10-04 08:00:00,W,Main St,0,0,0,0
2025-10-04,13,10:00,119,11,15.2,0,1,30.13,0,2025-10-04 04:00:00,2025-10-04 08:00:00,W,Main St at Danforth Ave,0,0,0,0
2025-10-04,13,10:00,119,11,15.2,0,1,30.13,0,2025-10-04 04:00:00,2025-10-04 08:00:00,W,Howard Park Ave at Parkside Dr,0,0,0,0
2025-10-11,13,10:00,119,11,15.2,0,1,30.13,0,2025-10-11 04:00:00,2025-10-11 08:00:00,E,Woodfield Rd,1,1,0,0
2025-10-11,13,10:00,119,11,15.2,0,1,30.13,0,2025-10-11 04:00:00,2025-10-11 08:00:00,E,Coxwell Ave at Gerrard St East,0,0,0,0
2025-10-11,13,10:00,119,11,15.2,0,1,30.13,0,2025-10-11 04:00:00,2025-10-11 08:00:00,E,Euclid Ave,0,0,1,0
2025-10-11,13,10:00,119,11,15.2,0,1,30.13,0,2025-10-11 04:00:00,2025-10-11 08:00:00,E,Bowmore Rd,1,3,2,0
2025-10-11,13,10:00,119,11,15.2,0,1,30.13,0,2025-10-11 04:00:00,2025-10-11 08:00:00,E,Bay St,0,0,0,0
2025-10-11,13,10:00,119,11,15.2,0,1,30.13,0,2025-10-11 04:00:00,2025-10-11 08:00:00,E,Lansdowne Ave,1,3,1,0
2025-10-11,13,10:00,119,11,15.2,0,1,30.13,0,2025-10-11 04:00:00,2025-10-11 08:00:00,E,Indian Rd,0,0,1,0
2025-10-11,13,10:00,119,11,15.2,0,1,30.13,0,2025-10-11 04:00:00,2025-10-11 08:00:00,E,Grace St,0,0,1,0
2025-10-11,13,10:00,119,11,15.2,0,1,30.13,0,2025-10-11 04:00:00,2025-10-11 08:00:00,E,Dufferin St,1,1,1,0
2025-10-11,13,10:00,119,11,15.2,0,1,30.13,0,2025-10-11 04:00:00,2025-10-11 08:00:00,E,Gerrard St East at Beaton Ave,1,3,2,0
2025-10-11,13,10:00,119,11,15.2,0,1,30.13,0,2025-10-11 04:00:00,2025-10-11 08:00:00,E,Bathurst St,0,0,1,0
2025-10-11,13,10:00,119,11,15.2,0,1,30.13,0,2025-10-11 04:00:00,2025-10-11 08:00:00,E,Yonge St - College Station,0,0,0,0
2025-10-11,13,10:00,119,11,15.2,0,1,30.13,0,2025-10-11 04:00:00,2025-10-11 08:00:00,E,Dundas St West at Sterling Rd,0,0,1,0
2025-10-11,13,10:00,119,11,15.2,0,1,30.13,0,2025-10-11 04:00:00,2025-10-11 08:00:00,E,Brock Ave,1,3,2,0
2025-10-11,13,10:00,119,11,15.2,0,1,30.13,0,2025-10-11 04:00:00,2025-10-11 08:00:00,E,Sackville St,0,0,1,0
2025-10-11,13,10:00,119,11,15.2,0,1,30.13,0,2025-10-11 04:00:00,2025-10-11 08:00:00,E,Carlaw Ave,0,0,0,0
2025-10-11,13,10:00,119,11,15.2,0,1,30.13,0,2025-10-11 04:00:00,2025-10-11 08:00:00,E,Borden St,0,0,1,0
2025-10-11,13,10:00,119,11,15.2,0,1,30.13,0,2025-10-11 04:00:00,2025-10-11 08:00:00,E,Dundas St West at Sorauren Ave,0,0,1,0
2025-10-11,13,10:00,119,11,15.2,0,1,30.13,0,2025-10-11 04:00:00,2025-10-11 08:00:00,E,Crawford St,0,0,1,0
2025-10-11,13,10:00,119,11,15.2,0,1,30.13,0,2025-10-11 04:00:00,2025-10-11 08:00:00,E,Pape Ave,0,0,0,0
2025-10-11,13,10:00,119,11,15.2,0,1,30.13,0,2025-10-11 04:00:00,2025-10-11 08:00:00,E,Spadina Ave,0,0,1,0
2025-10-11,13,10:00,119,11,15.2,0,1,30.13,0,2025-10-11 04:00:00,2025-10-11 08:00:00,E,River St,0,0,1,0
2025-10-11,13,10:00,119,11,15.2,0,1,30.13,0,2025-10-11 04:00:00,2025-10-11 08:00:00,E,Marjory Ave,0,0,0,0
2025-10-11,13,10:00,119,11,15.2,0,1,30.13,0,2025-10-11 04:00:00,2025-10-11 08:00:00,E,Kingsmount Park Rd,1,3,1,0
2025-10-11,13,10:00,119,11,15.2,0,1,30.13,0,2025-10-11 04:00:00,2025-10-11 08:00:00,E,Church St,0,0,0,0
2025-10-11,13,10:00,119,11,15.2,0,1,30.13,0,2025-10-11 04:00:00,2025-10-11 08:00:00,E,Ossington Ave,0,0,1,0
2025-10-11,13,10:00,119,11,15.2,0,1,30.13,0,2025-10-11 04:00:00,2025-10-11 08:00:00,E,Woodbine Ave,1,3,1,0
2025-10-11,13,10:00,119,11,15.2,0,1,30.13,0,2025-10-11 04:00:00,2025-10-11 08:00:00,E,Jones Ave,0,0,0,0
2025-10-11,13,10:00,119,11,15.2,0,1,30.13,0,2025-10-11 04:00:00,2025-10-11 08:00:00,E,Golfview Ave,1,3,1,0
2025-10-11,13,10:00,119,11,15.2,0,1,30.13,0,2025-10-11 04:00:00,2025-10-11 08:00:00,E,Leslie St,0,0,1,0
2025-10-11,13,10:00,119,11,15.2,0,1,30.13,0,2025-10-11 04:00:00,2025-10-11 08:00:00,E,St Matthews Rd,0,0,1,0
2025-10-11,13,10:00,119,11,15.2,0,1,30.13,0,2025-10-11 04:00:00,2025-10-11 08:00:00,E,Jarvis St,0,0,0,0
2025-10-11,13,10:00,119,11,15.2,0,1,30.13,0,2025-10-11 04:00:00,2025-10-11 08:00:00,E,Sherbourne St,0,0,0,0
2025-10-11,13,10:00,119,11,15.2,0,1,30.13,0,2025-10-11 04:00:00,2025-10-11 08:00:00,E,St George St,0,0,1,0
2025-10-11,13,10:00,119,11,15.2,0,1,30.13,0,2025-10-11 04:00:00,2025-10-11 08:00:00,E,Dovercourt Rd,0,0,0,0
2025-10-11,13,10:00,119,11,15.2,0,1,30.13,0,2025-10-11 04:00:00,2025-10-11 08:00:00,E,Glenmount Park Rd,1,3,1,0
2025-10-11,13,10:00,119,11,15.2,0,1,30.13,0,2025-10-11 04:00:00,2025-10-11 08:00:00,E,Prust Ave,0,0,0,0
2025-10-11,13,10:00,119,11,15.2,0,1,30.13,0,2025-10-11 04:00:00,2025-10-11 08:00:00,E,Main Street Station at Bay 7,0,0,0,0
2025-10-11,13,10:00,119,11,15.2,0,1,30.13,0,2025-10-11 04:00:00,2025-10-11 08:00:00,E,Norwood Rd,1,3,0,0
2025-10-11,13,10:00,119,11,15.2,0,1,30.13,0,2025-10-11 04:00:00,2025-10-11 08:00:00,E,McCaul St,0,0,1,0
2025-10-11,13,10:00,119,11,15.2,0,1,30.13,0,2025-10-11 04:00:00,2025-10-11 08:00:00,E,Broadview Ave,0,0,1,0
2025-10-11,13,10:00,119,11,15.2,0,1,30.13,0,2025-10-11 04:00:00,2025-10-11 08:00:00,E,Ontario St,0,0,1,0
2025-10-11,13,10:00,119,11,15.2,0,1,30.13,0,2025-10-11 04:00:00,2025-10-11 08:00:00,E,Rusholme Park Cres,0,0,0,0
2025-10-11,13,10:00,119,11,15.2,0,1,30.13,0,2025-10-11 04:00:00,2025-10-11 08:00:00,E,Havelock St,0,0,0,0
2025-10-11,13,10:00,119,11,15.2,0,1,30.13,0,2025-10-11 04:00:00,2025-10-11 08:00:00,E,High Park Loop,0,0,2,0
2025-10-11,13,10:00,119,11,15.2,0,1,30.13,0,2025-10-11 04:00:00,2025-10-11 08:00:00,E,Queens Park (Queen's Park Station),0,0,1,0
2025-10-11,13,10:00,119,11,15.2,0,1,30.13,0,2025-10-11 04:00:00,2025-10-11 08:00:00,E,Roncesvalles Ave,0,0,0,0
2025-10-11,13,10:00,119,11,15.2,0,1,30.13,0,2025-10-11 04:00:00,2025-10-11 08:00:00,E,De Grassi St,0,0,1,0
2025-10-11,13,10:00,119,11,15.2,0,1,30.13,0,2025-10-11 04:00:00,2025-10-11 08:00:00,E,Parliament St at Carlton St,0,0,1,0
2025-10-11,13,10:00,119,11,15.2,0,1,30.13,0,2025-10-11 04:00:00,2025-10-11 08:00:00,E,Parkside Dr East Side,0,0,1,0
2025-10-11,13,10:00,119,11,15.2,0,1,30.13,0,2025-10-11 04:00:00,2025-10-11 08:00:00,E,Dundas St West,0,0,0,0
2025-10-11,13,10:00,119,11,15.2,0,1,30.13,0,2025-10-11 04:00:00,2025-10-11 08:00:00,E,Howard Park Ave at Roncesvalles Ave,0,0,0,0
2025-10-11,13,10:00,119,11,15.2,0,1,30.13,0,2025-10-11 04:00:00,2025-10-11 08:00:00,E,Parliament St,0,0,0,0
2025-10-11,13,10:00,119,11,15.2,0,1,30.13,0,2025-10-11 04:00:00,2025-10-11 08:00:00,E,Parliament St at Gerrard St East,0,0,0,0
2025-10-11,13,10:00,119,11,15.2,0,1,30.13,0,2025-10-11 04:00:00,2025-10-11 08:00:00,E,Sumach St,0,0,0,0
2025-10-11,13,10:00,119,11,15.2,0,1,30.13,0,2025-10-11 04:00:00,2025-10-11 08:00:00,E,Blackburn St,0,0,0,0
2025-10-11,13,10:00,119,11,15.2,0,1,30.13,0,2025-10-11 04:00:00,2025-10-11 08:00:00,E,Logan Ave,0,0,1,0
2025-10-11,13,10:00,119,11,15.2,0,1,30.13,0,2025-10-11 04:00:00,2025-10-11 08:00:00,E,Augusta Ave,0,0,0,0
2025-10-11,13,10:00,119,11,15.2,0,1,30.13,0,2025-10-11 04:00:00,2025-10-11 08:00:00,E,Beverley St,0,0,0,0
2025-10-11,13,10:00,119,11,15.2,0,1,30.13,0,2025-10-11 04:00:00,2025-10-11 08:00:00,E,University Ave (Queen's Park Station,0,0,0,0
2025-10-11,13,10:00,119,11,15.2,0,1,30.13,0,2025-10-11 04:00:00,2025-10-11 08:00:00,E,Elizabeth St,0,0,0,0
2025-10-11,13,10:00,119,11,15.2,0,1,30.13,0,2025-10-11 04:00:00,2025-10-11 08:00:00,E,Greenwood Ave,0,0,0,0
2025-10-11,13,10:00,119,11,15.2,0,1,30.13,0,2025-10-11 04:00:00,2025-10-11 08:00:00,E,Alton Ave,0,0,0,0
2025-10-11,13,10:00,119,11,15.2,0,1,30.13,0,2025-10-11 04:00:00,2025-10-11 08:00:00,E,Coxwell Ave,0,0,0,0
2025-10-11,13,10:00,119,11,15.2,0,1,30.13,0,2025-10-11 04:00:00,2025-10-11 08:00:00,E,Gerrard St East  at Coxwell Ave,0,0,0,0
2025-10-11,13,10:00,119,11,15.2,0,1,30.13,0,2025-10-11 04:00:00,2025-10-11 08:00:00,E,Coxwell Ave at Lower Gerrard St East,0,0,0,0
2025-10-11,13,10:00,119,11,15.2,0,1,30.13,0,2025-10-11 04:00:00,2025-10-11 08:00:00,E,Ashdale Ave,0,0,0,0
2025-10-11,13,10:00,119,11,15.2,0,1,30.13,0,2025-10-11 04:00:00,2025-10-11 08:00:00,E,Howard Park Ave at Indian Rd,0,0,0,0
2025-10-11,13,10:00,119,11,15.2,0,1,30.13,0,2025-10-11 04:00:00,2025-10-11 08:00:00,E,Dundas St West at Howard Park Ave,0,0,0,0
2025-10-11,13,10:00,119,11,15.2,0,1,30.13,0,2025-10-11 04:00:00,2025-10-11 08:00:00,E,Main St at Gerrard St East,0,0,0,0
2025-10-11,13,10:00,119,11,15.2,0,1,30.13,0,2025-10-11 04:00:00,2025-10-11 08:00:00,E,Main St,0,0,0,0
2025-10-11,13,10:00,119,11,15.2,0,1,30.13,0,2025-10-11 04:00:00,2025-10-11 08:00:00,E,Main St at Danforth Ave,0,0,0,0
2025-10-11,13,10:00,119,11,15.2,0,1,30.13,0,2025-10-11 04:00:00,2025-10-11 08:00:00,E,Howard Park Ave at Parkside Dr,0,0,0,0
2025-10-11,13,10:00,119,11,15.2,0,1,30.13,0,2025-10-11 04:00:00,2025-10-11 08:00:00,W,Woodfield Rd,1,1,0,0
2025-10-11,13,10:00,119,11,15.2,0,1,30.13,0,2025-10-11 04:00:00,2025-10-11 08:00:00,W,Coxwell Ave at Gerrard St East,1,0,0,0
2025-10-11,13,10:00,119,11,15.2,0,1,30.13,0,2025-10-11 04:00:00,2025-10-11 08:00:00,W,Euclid Ave,0,0,0,0
2025-10-11,13,10:00,119,11,15.2,0,1,30.13,0,2025-10-11 04:00:00,2025-10-11 08:00:00,W,Bowmore Rd,0,0,0,0
2025-10-11,13,10:00,119,11,15.2,0,1,30.13,0,2025-10-11 04:00:00,2025-10-11 08:00:00,W,Bay St,0,1,0,0
2025-10-11,13,10:00,119,11,15.2,0,1,30.13,0,2025-10-11 04:00:00,2025-10-11 08:00:00,W,Lansdowne Ave,0,0,0,0
2025-10-11,13,10:00,119,11,15.2,0,1,30.13,0,2025-10-11 04:00:00,2025-10-11 08:00:00,W,Indian Rd,1,2,2,0
2025-10-11,13,10:00,119,11,15.2,0,1,30.13,0,2025-10-11 04:00:00,2025-10-11 08:00:00,W,Grace St,0,0,0,0
2025-10-11,13,10:00,119,11,15.2,0,1,30.13,0,2025-10-11 04:00:00,2025-10-11 08:00:00,W,Dufferin St,1,2,0,0
2025-10-11,13,10:00,119,11,15.2,0,1,30.13,0,2025-10-11 04:00:00,2025-10-11 08:00:00,W,Gerrard St East at Beaton Ave,0,0,0,0
2025-10-11,13,10:00,119,11,15.2,0,1,30.13,0,2025-10-11 04:00:00,2025-10-11 08:00:00,W,Bathurst St,0,0,0,0
2025-10-11,13,10:00,119,11,15.2,0,1,30.13,0,2025-10-11 04:00:00,2025-10-11 08:00:00,W,Yonge St - College Station,0,0,0,0
2025-10-11,13,10:00,119,11,15.2,0,1,30.13,0,2025-10-11 04:00:00,2025-10-11 08:00:00,W,Dundas St West at Sterling Rd,0,0,0,0
2025-10-11,13,10:00,119,11,15.2,0,1,30.13,0,2025-10-11 04:00:00,2025-10-11 08:00:00,W,Brock Ave,0,0,0,0
2025-10-11,13,10:00,119,11,15.2,0,1,30.13,0,2025-10-11 04:00:00,2025-10-11 08:00:00,W,Sackville St,0,2,0,0
2025-10-11,13,10:00,119,11,15.2,0,1,30.13,0,2025-10-11 04:00:00,2025-10-11 08:00:00,W,Carlaw Ave,0,0,0,0
2025-10-11,13,10:00,119,11,15.2,0,1,30.13,0,2025-10-11 04:00:00,2025-10-11 08:00:00,W,Borden St,0,0,0,0
2025-10-11,13,10:00,119,11,15.2,0,1,30.13,0,2025-10-11 04:00:00,2025-10-11 08:00:00,W,Dundas St West at Sorauren Ave,0,2,0,0
2025-10-11,13,10:00,119,11,15.2,0,1,30.13,0,2025-10-11 04:00:00,2025-10-11 08:00:00,W,Crawford St,0,0,0,0
2025-10-11,13,10:00,119,11,15.2,0,1,30.13,0,2025-10-11 04:00:00,2025-10-11 08:00:00,W,Pape Ave,0,0,0,0
2025-10-11,13,10:00,119,11,15.2,0,1,30.13,0,2025-10-11 04:00:00,2025-10-11 08:00:00,W,Spadina Ave,0,1,0,0
2025-10-11,13,10:00,119,11,15.2,0,1,30.13,0,2025-10-11 04:00:00,2025-10-11 08:00:00,W,River St,0,2,0,0
2025-10-11,13,10:00,119,11,15.2,0,1,30.13,0,2025-10-11 04:00:00,2025-10-11 08:00:00,W,Marjory Ave,0,0,0,0
2025-10-11,13,10:00,119,11,15.2,0,1,30.13,0,2025-10-11 04:00:00,2025-10-11 08:00:00,W,Kingsmount Park Rd,0,0,0,0
2025-10-11,13,10:00,119,11,15.2,0,1,30.13,0,2025-10-11 04:00:00,2025-10-11 08:00:00,W,Church St,0,0,0,0
2025-10-11,13,10:00,119,11,15.2,0,1,30.13,0,2025-10-11 04:00:00,2025-10-11 08:00:00,W,Ossington Ave,0,0,0,0
2025-10-11,13,10:00,119,11,15.2,0,1,30.13,0,2025-10-11 04:00:00,2025-10-11 08:00:00,W,Woodbine Ave,0,0,0,0
2025-10-11,13,10:00,119,11,15.2,0,1,30.13,0,2025-10-11 04:00:00,2025-10-11 08:00:00,W,Jones Ave,0,0,0,0
2025-10-11,13,10:00,119,11,15.2,0,1,30.13,0,2025-10-11 04:00:00,2025-10-11 08:00:00,W,Golfview Ave,0,0,0,0
2025-10-11,13,10:00,119,11,15.2,0,1,30.13,0,2025-10-11 04:00:00,2025-10-11 08:00:00,W,Leslie St,0,0,0,0
2025-10-11,13,10:00,119,11,15.2,0,1,30.13,0,2025-10-11 04:00:00,2025-10-11 08:00:00,W,St Matthews Rd,0,0,0,0
2025-10-11,13,10:00,119,11,15.2,0,1,30.13,0,2025-10-11 04:00:00,2025-10-11 08:00:00,W,Jarvis St,0,0,0,0
2025-10-11,13,10:00,119,11,15.2,0,1,30.13,0,2025-10-11 04:00:00,2025-10-11 08:00:00,W,Sherbourne St,0,0,0,0
2025-10-11,13,10:00,119,11,15.2,0,1,30.13,0,2025-10-11 04:00:00,2025-10-11 08:00:00,W,St George St,0,0,0,0
2025-10-11,13,10:00,119,11,15.2,0,1,30.13,0,2025-10-11 04:00:00,2025-10-11 08:00:00,W,Dovercourt Rd,0,0,0,0
2025-10-11,13,10:00,119,11,15.2,0,1,30.13,0,2025-10-11 04:00:00,2025-10-11 08:00:00,W,Glenmount Park Rd,0,0,0,0
2025-10-11,13,10:00,119,11,15.2,0,1,30.13,0,2025-10-11 04:00:00,2025-10-11 08:00:00,W,Prust Ave,0,0,0,0
2025-10-11,13,10:00,119,11,15.2,0,1,30.13,0,2025-10-11 04:00:00,2025-10-11 08:00:00,W,Main Street Station at Bay 7,0,0,0,0
2025-10-11,13,10:00,119,11,15.2,0,1,30.13,0,2025-10-11 04:00:00,2025-10-11 08:00:00,W,Norwood Rd,0,0,0,0
2025-10-11,13,10:00,119,11,15.2,0,1,30.13,0,2025-10-11 04:00:00,2025-10-11 08:00:00,W,McCaul St,0,0,0,0
2025-10-11,13,10:00,119,11,15.2,0,1,30.13,0,2025-10-11 04:00:00,2025-10-11 08:00:00,W,Broadview Ave,0,0,0,0
2025-10-11,13,10:00,119,11,15.2,0,1,30.13,0,2025-10-11 04:00:00,2025-10-11 08:00:00,W,Ontario St,0,0,0,0
2025-10-11,13,10:00,119,11,15.2,0,1,30.13,0,2025-10-11 04:00:00,2025-10-11 08:00:00,W,Rusholme Park Cres,0,0,0,0
2025-10-11,13,10:00,119,11,15.2,0,1,30.13,0,2025-10-11 04:00:00,2025-10-11 08:00:00,W,Havelock St,0,0,0,0
2025-10-11,13,10:00,119,11,15.2,0,1,30.13,0,2025-10-11 04:00:00,2025-10-11 08:00:00,W,High Park Loop,0,0,0,0
2025-10-11,13,10:00,119,11,15.2,0,1,30.13,0,2025-10-11 04:00:00,2025-10-11 08:00:00,W,Queens Park (Queen's Park Station),0,0,0,0
2025-10-11,13,10:00,119,11,15.2,0,1,30.13,0,2025-10-11 04:00:00,2025-10-11 08:00:00,W,Roncesvalles Ave,1,2,2,0
2025-10-11,13,10:00,119,11,15.2,0,1,30.13,0,2025-10-11 04:00:00,2025-10-11 08:00:00,W,De Grassi St,0,0,0,0
2025-10-11,13,10:00,119,11,15.2,0,1,30.13,0,2025-10-11 04:00:00,2025-10-11 08:00:00,W,Parliament St at Carlton St,0,0,0,0
2025-10-11,13,10:00,119,11,15.2,0,1,30.13,0,2025-10-11 04:00:00,2025-10-11 08:00:00,W,Parkside Dr East Side,0,0,0,0
2025-10-11,13,10:00,119,11,15.2,0,1,30.13,0,2025-10-11 04:00:00,2025-10-11 08:00:00,W,Dundas St West,1,2,1,0
2025-10-11,13,10:00,119,11,15.2,0,1,30.13,0,2025-10-11 04:00:00,2025-10-11 08:00:00,W,Howard Park Ave at Roncesvalles Ave,0,0,0,0
2025-10-11,13,10:00,119,11,15.2,0,1,30.13,0,2025-10-11 04:00:00,2025-10-11 08:00:00,W,Parliament St,0,0,0,0
2025-10-11,13,10:00,119,11,15.2,0,1,30.13,0,2025-10-11 04:00:00,2025-10-11 08:00:00,W,Parliament St at Gerrard St East,0,0,0,0
2025-10-11,13,10:00,119,11,15.2,0,1,30.13,0,2025-10-11 04:00:00,2025-10-11 08:00:00,W,Sumach St,0,0,0,0
2025-10-11,13,10:00,119,11,15.2,0,1,30.13,0,2025-10-11 04:00:00,2025-10-11 08:00:00,W,Blackburn St,0,0,0,0
2025-10-11,13,10:00,119,11,15.2,0,1,30.13,0,2025-10-11 04:00:00,2025-10-11 08:00:00,W,Logan Ave,0,0,0,0
2025-10-11,13,10:00,119,11,15.2,0,1,30.13,0,2025-10-11 04:00:00,2025-10-11 08:00:00,W,Augusta Ave,0,0,0,0
2025-10-11,13,10:00,119,11,15.2,0,1,30.13,0,2025-10-11 04:00:00,2025-10-11 08:00:00,W,Beverley St,0,0,0,0
2025-10-11,13,10:00,119,11,15.2,0,1,30.13,0,2025-10-11 04:00:00,2025-10-11 08:00:00,W,University Ave (Queen's Park Station,0,0,0,0
2025-10-11,13,10:00,119,11,15.2,0,1,30.13,0,2025-10-11 04:00:00,2025-10-11 08:00:00,W,Elizabeth St,0,0,0,0
2025-10-11,13,10:00,119,11,15.2,0,1,30.13,0,2025-10-11 04:00:00,2025-10-11 08:00:00,W,Greenwood Ave,0,0,0,0
2025-10-11,13,10:00,119,11,15.2,0,1,30.13,0,2025-10-11 04:00:00,2025-10-11 08:00:00,W,Alton Ave,0,0,0,0
2025-10-11,13,10:00,119,11,15.2,0,1,30.13,0,2025-10-11 04:00:00,2025-10-11 08:00:00,W,Coxwell Ave,0,0,0,0
2025-10-11,13,10:00,119,11,15.2,0,1,30.13,0,2025-10-11 04:00:00,2025-10-11 08:00:00,W,Gerrard St East  at Coxwell Ave,0,0,0,0
2025-10-11,13,10:00,119,11,15.2,0,1,30.13,0,2025-10-11 04:00:00,2025-10-11 08:00:00,W,Coxwell Ave at Lower Gerrard St East,0,0,0,0
2025-10-11,13,10:00,119,11,15.2,0,1,30.13,0,2025-10-11 04:00:00,2025-10-11 08:00:00,W,Ashdale Ave,0,0,0,0
2025-10-11,13,10:00,119,11,15.2,0,1,30.13,0,2025-10-11 04:00:00,2025-10-11 08:00:00,W,Howard Park Ave at Indian Rd,0,0,0,0
2025-10-11,13,10:00,119,11,15.2,0,1,30.13,0,2025-10-11 04:00:00,2025-10-11 08:00:00,W,Dundas St West at Howard Park Ave,0,0,0,0
2025-10-11,13,10:00,119,11,15.2,0,1,30.13,0,2025-10-11 04:00:00,2025-10-11 08:00:00,W,Main St at Gerrard St East,0,0,0,0
2025-10-11,13,10:00,119,11,15.2,0,1,30.13,0,2025-10-11 04:00:00,2025-10-11 08:00:00,W,Main St,0,0,0,0
2025-10-11,13,10:00,119,11,15.2,0,1,30.13,0,2025-10-11 04:00:00,2025-10-11 08:00:00,W,Main St at Danforth Ave,0,0,0,0
2025-10-11,13,10:00,119,11,15.2,0,1,30.13,0,2025-10-11 04:00:00,2025-10-11 08:00:00,W,Howard Park Ave at Parkside Dr,0,0,0,0
2025-10-18,15,10:00,140,10,13.9,0,1,32.49,1,2025-10-18 04:00:00,2025-10-18 08:00:00,E,Woodfield Rd,0,0,0,0
2025-10-18,15,10:00,140,10,13.9,0,1,32.49,1,2025-10-18 04:00:00,2025-10-18 08:00:00,E,Coxwell Ave at Gerrard St East,0,0,0,0
2025-10-18,15,10:00,140,10,13.9,0,1,32.49,1,2025-10-18 04:00:00,2025-10-18 08:00:00,E,Euclid Ave,0,0,0,0
2025-10-18,15,10:00,140,10,13.9,0,1,32.49,1,2025-10-18 04:00:00,2025-10-18 08:00:00,E,Bowmore Rd,0,1,0,0
2025-10-18,15,10:00,140,10,13.9,0,1,32.49,1,2025-10-18 04:00:00,2025-10-18 08:00:00,E,Bay St,0,0,0,0
2025-10-18,15,10:00,140,10,13.9,0,1,32.49,1,2025-10-18 04:00:00,2025-10-18 08:00:00,E,Lansdowne Ave,0,1,0,0
2025-10-18,15,10:00,140,10,13.9,0,1,32.49,1,2025-10-18 04:00:00,2025-10-18 08:00:00,E,Indian Rd,0,0,0,0
2025-10-18,15,10:00,140,10,13.9,0,1,32.49,1,2025-10-18 04:00:00,2025-10-18 08:00:00,E,Grace St,0,0,0,0
2025-10-18,15,10:00,140,10,13.9,0,1,32.49,1,2025-10-18 04:00:00,2025-10-18 08:00:00,E,Dufferin St,0,0,0,0
2025-10-18,15,10:00,140,10,13.9,0,1,32.49,1,2025-10-18 04:00:00,2025-10-18 08:00:00,E,Gerrard St East at Beaton Ave,0,1,0,0
2025-10-18,15,10:00,140,10,13.9,0,1,32.49,1,2025-10-18 04:00:00,2025-10-18 08:00:00,E,Bathurst St,0,0,0,0
2025-10-18,15,10:00,140,10,13.9,0,1,32.49,1,2025-10-18 04:00:00,2025-10-18 08:00:00,E,Yonge St - College Station,0,0,0,0
2025-10-18,15,10:00,140,10,13.9,0,1,32.49,1,2025-10-18 04:00:00,2025-10-18 08:00:00,E,Dundas St West at Sterling Rd,0,0,0,0
2025-10-18,15,10:00,140,10,13.9,0,1,32.49,1,2025-10-18 04:00:00,2025-10-18 08:00:00,E,Brock Ave,0,1,0,0
2025-10-18,15,10:00,140,10,13.9,0,1,32.49,1,2025-10-18 04:00:00,2025-10-18 08:00:00,E,Sackville St,0,0,0,0
2025-10-18,15,10:00,140,10,13.9,0,1,32.49,1,2025-10-18 04:00:00,2025-10-18 08:00:00,E,Carlaw Ave,0,0,0,0
2025-10-18,15,10:00,140,10,13.9,0,1,32.49,1,2025-10-18 04:00:00,2025-10-18 08:00:00,E,Borden St,0,0,0,0
2025-10-18,15,10:00,140,10,13.9,0,1,32.49,1,2025-10-18 04:00:00,2025-10-18 08:00:00,E,Dundas St West at Sorauren Ave,0,0,0,0
2025-10-18,15,10:00,140,10,13.9,0,1,32.49,1,2025-10-18 04:00:00,2025-10-18 08:00:00,E,Crawford St,0,0,0,0
2025-10-18,15,10:00,140,10,13.9,0,1,32.49,1,2025-10-18 04:00:00,2025-10-18 08:00:00,E,Pape Ave,0,0,0,0
2025-10-18,15,10:00,140,10,13.9,0,1,32.49,1,2025-10-18 04:00:00,2025-10-18 08:00:00,E,Spadina Ave,0,0,0,0
2025-10-18,15,10:00,140,10,13.9,0,1,32.49,1,2025-10-18 04:00:00,2025-10-18 08:00:00,E,River St,0,0,0,0
2025-10-18,15,10:00,140,10,13.9,0,1,32.49,1,2025-10-18 04:00:00,2025-10-18 08:00:00,E,Marjory Ave,0,0,0,0
2025-10-18,15,10:00,140,10,13.9,0,1,32.49,1,2025-10-18 04:00:00,2025-10-18 08:00:00,E,Kingsmount Park Rd,0,1,0,0
2025-10-18,15,10:00,140,10,13.9,0,1,32.49,1,2025-10-18 04:00:00,2025-10-18 08:00:00,E,Church St,0,0,0,0
2025-10-18,15,10:00,140,10,13.9,0,1,32.49,1,2025-10-18 04:00:00,2025-10-18 08:00:00,E,Ossington Ave,0,0,0,0
2025-10-18,15,10:00,140,10,13.9,0,1,32.49,1,2025-10-18 04:00:00,2025-10-18 08:00:00,E,Woodbine Ave,0,1,0,0
2025-10-18,15,10:00,140,10,13.9,0,1,32.49,1,2025-10-18 04:00:00,2025-10-18 08:00:00,E,Jones Ave,0,0,0,0
2025-10-18,15,10:00,140,10,13.9,0,1,32.49,1,2025-10-18 04:00:00,2025-10-18 08:00:00,E,Golfview Ave,0,1,0,0
2025-10-18,15,10:00,140,10,13.9,0,1,32.49,1,2025-10-18 04:00:00,2025-10-18 08:00:00,E,Leslie St,0,0,0,0
2025-10-18,15,10:00,140,10,13.9,0,1,32.49,1,2025-10-18 04:00:00,2025-10-18 08:00:00,E,St Matthews Rd,0,0,0,0
2025-10-18,15,10:00,140,10,13.9,0,1,32.49,1,2025-10-18 04:00:00,2025-10-18 08:00:00,E,Jarvis St,0,0,0,0
2025-10-18,15,10:00,140,10,13.9,0,1,32.49,1,2025-10-18 04:00:00,2025-10-18 08:00:00,E,Sherbourne St,0,0,0,0
2025-10-18,15,10:00,140,10,13.9,0,1,32.49,1,2025-10-18 04:00:00,2025-10-18 08:00:00,E,St George St,0,0,0,0
2025-10-18,15,10:00,140,10,13.9,0,1,32.49,1,2025-10-18 04:00:00,2025-10-18 08:00:00,E,Dovercourt Rd,0,0,0,0
2025-10-18,15,10:00,140,10,13.9,0,1,32.49,1,2025-10-18 04:00:00,2025-10-18 08:00:00,E,Glenmount Park Rd,0,1,0,0
2025-10-18,15,10:00,140,10,13.9,0,1,32.49,1,2025-10-18 04:00:00,2025-10-18 08:00:00,E,Prust Ave,0,0,0,0
2025-10-18,15,10:00,140,10,13.9,0,1,32.49,1,2025-10-18 04:00:00,2025-10-18 08:00:00,E,Main Street Station at Bay 7,0,0,0,0
2025-10-18,15,10:00,140,10,13.9,0,1,32.49,1,2025-10-18 04:00:00,2025-10-18 08:00:00,E,Norwood Rd,0,1,0,0
2025-10-18,15,10:00,140,10,13.9,0,1,32.49,1,2025-10-18 04:00:00,2025-10-18 08:00:00,E,McCaul St,0,0,0,0
2025-10-18,15,10:00,140,10,13.9,0,1,32.49,1,2025-10-18 04:00:00,2025-10-18 08:00:00,E,Broadview Ave,0,0,0,0
2025-10-18,15,10:00,140,10,13.9,0,1,32.49,1,2025-10-18 04:00:00,2025-10-18 08:00:00,E,Ontario St,0,0,0,0
2025-10-18,15,10:00,140,10,13.9,0,1,32.49,1,2025-10-18 04:00:00,2025-10-18 08:00:00,E,Rusholme Park Cres,0,0,0,0
2025-10-18,15,10:00,140,10,13.9,0,1,32.49,1,2025-10-18 04:00:00,2025-10-18 08:00:00,E,Havelock St,0,0,0,0
2025-10-18,15,10:00,140,10,13.9,0,1,32.49,1,2025-10-18 04:00:00,2025-10-18 08:00:00,E,High Park Loop,0,0,0,0
2025-10-18,15,10:00,140,10,13.9,0,1,32.49,1,2025-10-18 04:00:00,2025-10-18 08:00:00,E,Queens Park (Queen's Park Station),0,0,0,0
2025-10-18,15,10:00,140,10,13.9,0,1,32.49,1,2025-10-18 04:00:00,2025-10-18 08:00:00,E,Roncesvalles Ave,0,0,0,0
2025-10-18,15,10:00,140,10,13.9,0,1,32.49,1,2025-10-18 04:00:00,2025-10-18 08:00:00,E,De Grassi St,0,0,0,0
2025-10-18,15,10:00,140,10,13.9,0,1,32.49,1,2025-10-18 04:00:00,2025-10-18 08:00:00,E,Parliament St at Carlton St,0,0,0,0
2025-10-18,15,10:00,140,10,13.9,0,1,32.49,1,2025-10-18 04:00:00,2025-10-18 08:00:00,E,Parkside Dr East Side,0,0,0,0
2025-10-18,15,10:00,140,10,13.9,0,1,32.49,1,2025-10-18 04:00:00,2025-10-18 08:00:00,E,Dundas St West,0,0,0,0
2025-10-18,15,10:00,140,10,13.9,0,1,32.49,1,2025-10-18 04:00:00,2025-10-18 08:00:00,E,Howard Park Ave at Roncesvalles Ave,0,0,0,0
2025-10-18,15,10:00,140,10,13.9,0,1,32.49,1,2025-10-18 04:00:00,2025-10-18 08:00:00,E,Parliament St,0,0,0,0
2025-10-18,15,10:00,140,10,13.9,0,1,32.49,1,2025-10-18 04:00:00,2025-10-18 08:00:00,E,Parliament St at Gerrard St East,0,0,0,0
2025-10-18,15,10:00,140,10,13.9,0,1,32.49,1,2025-10-18 04:00:00,2025-10-18 08:00:00,E,Sumach St,0,0,0,0
2025-10-18,15,10:00,140,10,13.9,0,1,32.49,1,2025-10-18 04:00:00,2025-10-18 08:00:00,E,Blackburn St,0,0,0,0
2025-10-18,15,10:00,140,10,13.9,0,1,32.49,1,2025-10-18 04:00:00,2025-10-18 08:00:00,E,Logan Ave,0,0,0,0
2025-10-18,15,10:00,140,10,13.9,0,1,32.49,1,2025-10-18 04:00:00,2025-10-18 08:00:00,E,Augusta Ave,0,0,0,0
2025-10-18,15,10:00,140,10,13.9,0,1,32.49,1,2025-10-18 04:00:00,2025-10-18 08:00:00,E,Beverley St,0,0,0,0
2025-10-18,15,10:00,140,10,13.9,0,1,32.49,1,2025-10-18 04:00:00,2025-10-18 08:00:00,E,University Ave (Queen's Park Station,0,0,0,0
2025-10-18,15,10:00,140,10,13.9,0,1,32.49,1,2025-10-18 04:00:00,2025-10-18 08:00:00,E,Elizabeth St,0,0,0,0
2025-10-18,15,10:00,140,10,13.9,0,1,32.49,1,2025-10-18 04:00:00,2025-10-18 08:00:00,E,Greenwood Ave,0,0,0,0
2025-10-18,15,10:00,140,10,13.9,0,1,32.49,1,2025-10-18 04:00:00,2025-10-18 08:00:00,E,Alton Ave,0,0,0,0
2025-10-18,15,10:00,140,10,13.9,0,1,32.49,1,2025-10-18 04:00:00,2025-10-18 08:00:00,E,Coxwell Ave,0,0,0,0
2025-10-18,15,10:00,140,10,13.9,0,1,32.49,1,2025-10-18 04:00:00,2025-10-18 08:00:00,E,Gerrard St East  at Coxwell Ave,0,0,0,0
2025-10-18,15,10:00,140,10,13.9,0,1,32.49,1,2025-10-18 04:00:00,2025-10-18 08:00:00,E,Coxwell Ave at Lower Gerrard St East,0,0,0,0
2025-10-18,15,10:00,140,10,13.9,0,1,32.49,1,2025-10-18 04:00:00,2025-10-18 08:00:00,E,Ashdale Ave,0,0,0,0
2025-10-18,15,10:00,140,10,13.9,0,1,32.49,1,2025-10-18 04:00:00,2025-10-18 08:00:00,E,Howard Park Ave at Indian Rd,0,0,0,0
2025-10-18,15,10:00,140,10,13.9,0,1,32.49,1,2025-10-18 04:00:00,2025-10-18 08:00:00,E,Dundas St West at Howard Park Ave,0,0,0,0
2025-10-18,15,10:00,140,10,13.9,0,1,32.49,1,2025-10-18 04:00:00,2025-10-18 08:00:00,E,Main St at Gerrard St East,0,0,0,0
2025-10-18,15,10:00,140,10,13.9,0,1,32.49,1,2025-10-18 04:00:00,2025-10-18 08:00:00,E,Main St,0,0,0,0
2025-10-18,15,10:00,140,10,13.9,0,1,32.49,1,2025-10-18 04:00:00,2025-10-18 08:00:00,E,Main St at Danforth Ave,0,0,0,0
2025-10-18,15,10:00,140,10,13.9,0,1,32.49,1,2025-10-18 04:00:00,2025-10-18 08:00:00,E,Howard Park Ave at Parkside Dr,0,0,0,0
2025-10-18,15,10:00,140,10,13.9,0,1,32.49,1,2025-10-18 04:00:00,2025-10-18 08:00:00,W,Woodfield Rd,2,0,1,0
2025-10-18,15,10:00,140,10,13.9,0,1,32.49,1,2025-10-18 04:00:00,2025-10-18 08:00:00,W,Coxwell Ave at Gerrard St East,2,0,1,0
2025-10-18,15,10:00,140,10,13.9,0,1,32.49,1,2025-10-18 04:00:00,2025-10-18 08:00:00,W,Euclid Ave,0,0,0,0
2025-10-18,15,10:00,140,10,13.9,0,1,32.49,1,2025-10-18 04:00:00,2025-10-18 08:00:00,W,Bowmore Rd,1,0,1,0
2025-10-18,15,10:00,140,10,13.9,0,1,32.49,1,2025-10-18 04:00:00,2025-10-18 08:00:00,W,Bay St,1,0,1,0
2025-10-18,15,10:00,140,10,13.9,0,1,32.49,1,2025-10-18 04:00:00,2025-10-18 08:00:00,W,Lansdowne Ave,0,0,0,0
2025-10-18,15,10:00,140,10,13.9,0,1,32.49,1,2025-10-18 04:00:00,2025-10-18 08:00:00,W,Indian Rd,2,1,1,0
2025-10-18,15,10:00,140,10,13.9,0,1,32.49,1,2025-10-18 04:00:00,2025-10-18 08:00:00,W,Grace St,0,0,0,0
2025-10-18,15,10:00,140,10,13.9,0,1,32.49,1,2025-10-18 04:00:00,2025-10-18 08:00:00,W,Dufferin St,1,1,0,0
2025-10-18,15,10:00,140,10,13.9,0,1,32.49,1,2025-10-18 04:00:00,2025-10-18 08:00:00,W,Gerrard St East at Beaton Ave,1,0,1,0
2025-10-18,15,10:00,140,10,13.9,0,1,32.49,1,2025-10-18 04:00:00,2025-10-18 08:00:00,W,Bathurst St,0,0,0,0
2025-10-18,15,10:00,140,10,13.9,0,1,32.49,1,2025-10-18 04:00:00,2025-10-18 08:00:00,W,Yonge St - College Station,0,0,0,0
2025-10-18,15,10:00,140,10,13.9,0,1,32.49,1,2025-10-18 04:00:00,2025-10-18 08:00:00,W,Dundas St West at Sterling Rd,0,0,0,0
2025-10-18,15,10:00,140,10,13.9,0,1,32.49,1,2025-10-18 04:00:00,2025-10-18 08:00:00,W,Brock Ave,0,0,0,0
2025-10-18,15,10:00,140,10,13.9,0,1,32.49,1,2025-10-18 04:00:00,2025-10-18 08:00:00,W,Sackville St,0,0,0,0
2025-10-18,15,10:00,140,10,13.9,0,1,32.49,1,2025-10-18 04:00:00,2025-10-18 08:00:00,W,Carlaw Ave,0,0,0,0
2025-10-18,15,10:00,140,10,13.9,0,1,32.49,1,2025-10-18 04:00:00,2025-10-18 08:00:00,W,Borden St,0,0,0,0
2025-10-18,15,10:00,140,10,13.9,0,1,32.49,1,2025-10-18 04:00:00,2025-10-18 08:00:00,W,Dundas St West at Sorauren Ave,2,1,0,0
2025-10-18,15,10:00,140,10,13.9,0,1,32.49,1,2025-10-18 04:00:00,2025-10-18 08:00:00,W,Crawford St,0,0,0,0
2025-10-18,15,10:00,140,10,13.9,0,1,32.49,1,2025-10-18 04:00:00,2025-10-18 08:00:00,W,Pape Ave,0,0,0,0
2025-10-18,15,10:00,140,10,13.9,0,1,32.49,1,2025-10-18 04:00:00,2025-10-18 08:00:00,W,Spadina Ave,1,0,1,0
2025-10-18,15,10:00,140,10,13.9,0,1,32.49,1,2025-10-18 04:00:00,2025-10-18 08:00:00,W,River St,0,0,0,0
2025-10-18,15,10:00,140,10,13.9,0,1,32.49,1,2025-10-18 04:00:00,2025-10-18 08:00:00,W,Marjory Ave,0,0,0,0
2025-10-18,15,10:00,140,10,13.9,0,1,32.49,1,2025-10-18 04:00:00,2025-10-18 08:00:00,W,Kingsmount Park Rd,0,0,0,0
2025-10-18,15,10:00,140,10,13.9,0,1,32.49,1,2025-10-18 04:00:00,2025-10-18 08:00:00,W,Church St,0,0,0,0
2025-10-18,15,10:00,140,10,13.9,0,1,32.49,1,2025-10-18 04:00:00,2025-10-18 08:00:00,W,Ossington Ave,0,0,0,0
2025-10-18,15,10:00,140,10,13.9,0,1,32.49,1,2025-10-18 04:00:00,2025-10-18 08:00:00,W,Woodbine Ave,0,0,0,0
2025-10-18,15,10:00,140,10,13.9,0,1,32.49,1,2025-10-18 04:00:00,2025-10-18 08:00:00,W,Jones Ave,0,0,0,0
2025-10-18,15,10:00,140,10,13.9,0,1,32.49,1,2025-10-18 04:00:00,2025-10-18 08:00:00,W,Golfview Ave,0,0,0,0
2025-10-18,15,10:00,140,10,13.9,0,1,32.49,1,2025-10-18 04:00:00,2025-10-18 08:00:00,W,Leslie St,0,0,0,0
2025-10-18,15,10:00,140,10,13.9,0,1,32.49,1,2025-10-18 04:00:00,2025-10-18 08:00:00,W,St Matthews Rd,0,0,0,0
2025-10-18,15,10:00,140,10,13.9,0,1,32.49,1,2025-10-18 04:00:00,2025-10-18 08:00:00,W,Jarvis St,0,0,0,0
2025-10-18,15,10:00,140,10,13.9,0,1,32.49,1,2025-10-18 04:00:00,2025-10-18 08:00:00,W,Sherbourne St,0,0,0,0
2025-10-18,15,10:00,140,10,13.9,0,1,32.49,1,2025-10-18 04:00:00,2025-10-18 08:00:00,W,St George St,0,0,0,0
2025-10-18,15,10:00,140,10,13.9,0,1,32.49,1,2025-10-18 04:00:00,2025-10-18 08:00:00,W,Dovercourt Rd,0,0,0,0
2025-10-18,15,10:00,140,10,13.9,0,1,32.49,1,2025-10-18 04:00:00,2025-10-18 08:00:00,W,Glenmount Park Rd,0,0,0,0
2025-10-18,15,10:00,140,10,13.9,0,1,32.49,1,2025-10-18 04:00:00,2025-10-18 08:00:00,W,Prust Ave,0,0,0,0
2025-10-18,15,10:00,140,10,13.9,0,1,32.49,1,2025-10-18 04:00:00,2025-10-18 08:00:00,W,Main Street Station at Bay 7,1,0,1,0
2025-10-18,15,10:00,140,10,13.9,0,1,32.49,1,2025-10-18 04:00:00,2025-10-18 08:00:00,W,Norwood Rd,0,0,0,0
2025-10-18,15,10:00,140,10,13.9,0,1,32.49,1,2025-10-18 04:00:00,2025-10-18 08:00:00,W,McCaul St,0,0,0,0
2025-10-18,15,10:00,140,10,13.9,0,1,32.49,1,2025-10-18 04:00:00,2025-10-18 08:00:00,W,Broadview Ave,0,0,0,0
2025-10-18,15,10:00,140,10,13.9,0,1,32.49,1,2025-10-18 04:00:00,2025-10-18 08:00:00,W,Ontario St,0,0,0,0
2025-10-18,15,10:00,140,10,13.9,0,1,32.49,1,2025-10-18 04:00:00,2025-10-18 08:00:00,W,Rusholme Park Cres,0,0,0,0
2025-10-18,15,10:00,140,10,13.9,0,1,32.49,1,2025-10-18 04:00:00,2025-10-18 08:00:00,W,Havelock St,0,0,0,0
2025-10-18,15,10:00,140,10,13.9,0,1,32.49,1,2025-10-18 04:00:00,2025-10-18 08:00:00,W,High Park Loop,0,0,0,0
2025-10-18,15,10:00,140,10,13.9,0,1,32.49,1,2025-10-18 04:00:00,2025-10-18 08:00:00,W,Queens Park (Queen's Park Station),0,0,0,0
2025-10-18,15,10:00,140,10,13.9,0,1,32.49,1,2025-10-18 04:00:00,2025-10-18 08:00:00,W,Roncesvalles Ave,1,1,1,0
2025-10-18,15,10:00,140,10,13.9,0,1,32.49,1,2025-10-18 04:00:00,2025-10-18 08:00:00,W,De Grassi St,0,0,0,0
2025-10-18,15,10:00,140,10,13.9,0,1,32.49,1,2025-10-18 04:00:00,2025-10-18 08:00:00,W,Parliament St at Carlton St,0,0,0,0
2025-10-18,15,10:00,140,10,13.9,0,1,32.49,1,2025-10-18 04:00:00,2025-10-18 08:00:00,W,Parkside Dr East Side,0,0,0,0
2025-10-18,15,10:00,140,10,13.9,0,1,32.49,1,2025-10-18 04:00:00,2025-10-18 08:00:00,W,Dundas St West,1,1,1,0
2025-10-18,15,10:00,140,10,13.9,0,1,32.49,1,2025-10-18 04:00:00,2025-10-18 08:00:00,W,Howard Park Ave at Roncesvalles Ave,0,0,0,0
2025-10-18,15,10:00,140,10,13.9,0,1,32.49,1,2025-10-18 04:00:00,2025-10-18 08:00:00,W,Parliament St,0,0,0,0
2025-10-18,15,10:00,140,10,13.9,0,1,32.49,1,2025-10-18 04:00:00,2025-10-18 08:00:00,W,Parliament St at Gerrard St East,0,0,0,0
2025-10-18,15,10:00,140,10,13.9,0,1,32.49,1,2025-10-18 04:00:00,2025-10-18 08:00:00,W,Sumach St,0,0,0,0
2025-10-18,15,10:00,140,10,13.9,0,1,32.49,1,2025-10-18 04:00:00,2025-10-18 08:00:00,W,Blackburn St,0,0,0,0
2025-10-18,15,10:00,140,10,13.9,0,1,32.49,1,2025-10-18 04:00:00,2025-10-18 08:00:00,W,Logan Ave,0,0,0,0
2025-10-18,15,10:00,140,10,13.9,0,1,32.49,1,2025-10-18 04:00:00,2025-10-18 08:00:00,W,Augusta Ave,0,0,0,0
2025-10-18,15,10:00,140,10,13.9,0,1,32.49,1,2025-10-18 04:00:00,2025-10-18 08:00:00,W,Beverley St,0,0,0,0
2025-10-18,15,10:00,140,10,13.9,0,1,32.49,1,2025-10-18 04:00:00,2025-10-18 08:00:00,W,University Ave (Queen's Park Station,0,0,0,0
2025-10-18,15,10:00,140,10,13.9,0,1,32.49,1,2025-10-18 04:00:00,2025-10-18 08:00:00,W,Elizabeth St,0,0,0,0
2025-10-18,15,10:00,140,10,13.9,0,1,32.49,1,2025-10-18 04:00:00,2025-10-18 08:00:00,W,Greenwood Ave,0,0,0,0
2025-10-18,15,10:00,140,10,13.9,0,1,32.49,1,2025-10-18 04:00:00,2025-10-18 08:00:00,W,Alton Ave,0,0,0,0
2025-10-18,15,10:00,140,10,13.9,0,1,32.49,1,2025-10-18 04:00:00,2025-10-18 08:00:00,W,Coxwell Ave,0,0,0,0
2025-10-18,15,10:00,140,10,13.9,0,1,32.49,1,2025-10-18 04:00:00,2025-10-18 08:00:00,W,Gerrard St East  at Coxwell Ave,0,0,0,0
2025-10-18,15,10:00,140,10,13.9,0,1,32.49,1,2025-10-18 04:00:00,2025-10-18 08:00:00,W,Coxwell Ave at Lower Gerrard St East,0,0,0,0
2025-10-18,15,10:00,140,10,13.9,0,1,32.49,1,2025-10-18 04:00:00,2025-10-18 08:00:00,W,Ashdale Ave,0,0,0,0
2025-10-18,15,10:00,140,10,13.9,0,1,32.49,1,2025-10-18 04:00:00,2025-10-18 08:00:00,W,Howard Park Ave at Indian Rd,0,0,0,0
2025-10-18,15,10:00,140,10,13.9,0,1,32.49,1,2025-10-18 04:00:00,2025-10-18 08:00:00,W,Dundas St West at Howard Park Ave,0,0,0,0
2025-10-18,15,10:00,140,10,13.9,0,1,32.49,1,2025-10-18 04:00:00,2025-10-18 08:00:00,W,Main St at Gerrard St East,0,0,0,0
2025-10-18,15,10:00,140,10,13.9,0,1,32.49,1,2025-10-18 04:00:00,2025-10-18 08:00:00,W,Main St,0,0,0,0
2025-10-18,15,10:00,140,10,13.9,0,1,32.49,1,2025-10-18 04:00:00,2025-10-18 08:00:00,W,Main St at Danforth Ave,0,0,0,0
2025-10-18,15,10:00,140,10,13.9,0,1,32.49,1,2025-10-18 04:00:00,2025-10-18 08:00:00,W,Howard Park Ave at Parkside Dr,0,0,0,0
2025-10-25,15,10:00,140,10,13.9,0,1,32.49,1,2025-10-25 04:00:00,2025-10-25 08:00:00,E,Woodfield Rd,0,0,0,0
2025-10-25,15,10:00,140,10,13.9,0,1,32.49,1,2025-10-25 04:00:00,2025-10-25 08:00:00,E,Coxwell Ave at Gerrard St East,0,0,0,0
2025-10-25,15,10:00,140,10,13.9,0,1,32.49,1,2025-10-25 04:00:00,2025-10-25 08:00:00,E,Euclid Ave,0,1,0,0
2025-10-25,15,10:00,140,10,13.9,0,1,32.49,1,2025-10-25 04:00:00,2025-10-25 08:00:00,E,Bowmore Rd,0,0,0,0
2025-10-25,15,10:00,140,10,13.9,0,1,32.49,1,2025-10-25 04:00:00,2025-10-25 08:00:00,E,Bay St,2,0,0,0
2025-10-25,15,10:00,140,10,13.9,0,1,32.49,1,2025-10-25 04:00:00,2025-10-25 08:00:00,E,Lansdowne Ave,0,1,0,0
2025-10-25,15,10:00,140,10,13.9,0,1,32.49,1,2025-10-25 04:00:00,2025-10-25 08:00:00,E,Indian Rd,0,1,0,0
2025-10-25,15,10:00,140,10,13.9,0,1,32.49,1,2025-10-25 04:00:00,2025-10-25 08:00:00,E,Grace St,0,1,0,0
2025-10-25,15,10:00,140,10,13.9,0,1,32.49,1,2025-10-25 04:00:00,2025-10-25 08:00:00,E,Dufferin St,0,0,0,0
2025-10-25,15,10:00,140,10,13.9,0,1,32.49,1,2025-10-25 04:00:00,2025-10-25 08:00:00,E,Gerrard St East at Beaton Ave,0,0,0,0
2025-10-25,15,10:00,140,10,13.9,0,1,32.49,1,2025-10-25 04:00:00,2025-10-25 08:00:00,E,Bathurst St,1,1,1,0
2025-10-25,15,10:00,140,10,13.9,0,1,32.49,1,2025-10-25 04:00:00,2025-10-25 08:00:00,E,Yonge St - College Station,0,0,0,0
2025-10-25,15,10:00,140,10,13.9,0,1,32.49,1,2025-10-25 04:00:00,2025-10-25 08:00:00,E,Dundas St West at Sterling Rd,0,1,0,0
2025-10-25,15,10:00,140,10,13.9,0,1,32.49,1,2025-10-25 04:00:00,2025-10-25 08:00:00,E,Brock Ave,0,1,0,0
2025-10-25,15,10:00,140,10,13.9,0,1,32.49,1,2025-10-25 04:00:00,2025-10-25 08:00:00,E,Sackville St,0,0,0,0
2025-10-25,15,10:00,140,10,13.9,0,1,32.49,1,2025-10-25 04:00:00,2025-10-25 08:00:00,E,Carlaw Ave,0,0,0,0
2025-10-25,15,10:00,140,10,13.9,0,1,32.49,1,2025-10-25 04:00:00,2025-10-25 08:00:00,E,Borden St,1,1,0,0
2025-10-25,15,10:00,140,10,13.9,0,1,32.49,1,2025-10-25 04:00:00,2025-10-25 08:00:00,E,Dundas St West at Sorauren Ave,0,1,0,0
2025-10-25,15,10:00,140,10,13.9,0,1,32.49,1,2025-10-25 04:00:00,2025-10-25 08:00:00,E,Crawford St,0,1,0,0
2025-10-25,15,10:00,140,10,13.9,0,1,32.49,1,2025-10-25 04:00:00,2025-10-25 08:00:00,E,Pape Ave,0,0,0,0
2025-10-25,15,10:00,140,10,13.9,0,1,32.49,1,2025-10-25 04:00:00,2025-10-25 08:00:00,E,Spadina Ave,1,2,0,1
2025-10-25,15,10:00,140,10,13.9,0,1,32.49,1,2025-10-25 04:00:00,2025-10-25 08:00:00,E,River St,0,0,0,0
2025-10-25,15,10:00,140,10,13.9,0,1,32.49,1,2025-10-25 04:00:00,2025-10-25 08:00:00,E,Marjory Ave,0,0,0,0
2025-10-25,15,10:00,140,10,13.9,0,1,32.49,1,2025-10-25 04:00:00,2025-10-25 08:00:00,E,Kingsmount Park Rd,0,0,0,0
2025-10-25,15,10:00,140,10,13.9,0,1,32.49,1,2025-10-25 04:00:00,2025-10-25 08:00:00,E,Church St,0,0,0,0
2025-10-25,15,10:00,140,10,13.9,0,1,32.49,1,2025-10-25 04:00:00,2025-10-25 08:00:00,E,Ossington Ave,6,1,0,0
2025-10-25,15,10:00,140,10,13.9,0,1,32.49,1,2025-10-25 04:00:00,2025-10-25 08:00:00,E,Woodbine Ave,0,0,0,0
2025-10-25,15,10:00,140,10,13.9,0,1,32.49,1,2025-10-25 04:00:00,2025-10-25 08:00:00,E,Jones Ave,0,0,0,0
2025-10-25,15,10:00,140,10,13.9,0,1,32.49,1,2025-10-25 04:00:00,2025-10-25 08:00:00,E,Golfview Ave,0,0,0,0
2025-10-25,15,10:00,140,10,13.9,0,1,32.49,1,2025-10-25 04:00:00,2025-10-25 08:00:00,E,Leslie St,0,0,0,0
2025-10-25,15,10:00,140,10,13.9,0,1,32.49,1,2025-10-25 04:00:00,2025-10-25 08:00:00,E,St Matthews Rd,0,0,0,0
2025-10-25,15,10:00,140,10,13.9,0,1,32.49,1,2025-10-25 04:00:00,2025-10-25 08:00:00,E,Jarvis St,0,1,0,0
2025-10-25,15,10:00,140,10,13.9,0,1,32.49,1,2025-10-25 04:00:00,2025-10-25 08:00:00,E,Sherbourne St,0,1,0,0
2025-10-25,15,10:00,140,10,13.9,0,1,32.49,1,2025-10-25 04:00:00,2025-10-25 08:00:00,E,St George St,2,1,0,0
2025-10-25,15,10:00,140,10,13.9,0,1,32.49,1,2025-10-25 04:00:00,2025-10-25 08:00:00,E,Dovercourt Rd,0,3,0,0
2025-10-25,15,10:00,140,10,13.9,0,1,32.49,1,2025-10-25 04:00:00,2025-10-25 08:00:00,E,Glenmount Park Rd,0,0,0,0
2025-10-25,15,10:00,140,10,13.9,0,1,32.49,1,2025-10-25 04:00:00,2025-10-25 08:00:00,E,Prust Ave,0,0,0,0
2025-10-25,15,10:00,140,10,13.9,0,1,32.49,1,2025-10-25 04:00:00,2025-10-25 08:00:00,E,Main Street Station at Bay 7,0,0,0,0
2025-10-25,15,10:00,140,10,13.9,0,1,32.49,1,2025-10-25 04:00:00,2025-10-25 08:00:00,E,Norwood Rd,0,0,0,0
2025-10-25,15,10:00,140,10,13.9,0,1,32.49,1,2025-10-25 04:00:00,2025-10-25 08:00:00,E,McCaul St,1,1,0,0
2025-10-25,15,10:00,140,10,13.9,0,1,32.49,1,2025-10-25 04:00:00,2025-10-25 08:00:00,E,Broadview Ave,1,1,0,0
2025-10-25,15,10:00,140,10,13.9,0,1,32.49,1,2025-10-25 04:00:00,2025-10-25 08:00:00,E,Ontario St,0,1,0,0
2025-10-25,15,10:00,140,10,13.9,0,1,32.49,1,2025-10-25 04:00:00,2025-10-25 08:00:00,E,Rusholme Park Cres,0,2,0,0
2025-10-25,15,10:00,140,10,13.9,0,1,32.49,1,2025-10-25 04:00:00,2025-10-25 08:00:00,E,Havelock St,0,0,0,0
2025-10-25,15,10:00,140,10,13.9,0,1,32.49,1,2025-10-25 04:00:00,2025-10-25 08:00:00,E,High Park Loop,0,2,0,0
2025-10-25,15,10:00,140,10,13.9,0,1,32.49,1,2025-10-25 04:00:00,2025-10-25 08:00:00,E,Queens Park (Queen's Park Station),1,1,0,0
2025-10-25,15,10:00,140,10,13.9,0,1,32.49,1,2025-10-25 04:00:00,2025-10-25 08:00:00,E,Roncesvalles Ave,0,0,0,0
2025-10-25,15,10:00,140,10,13.9,0,1,32.49,1,2025-10-25 04:00:00,2025-10-25 08:00:00,E,De Grassi St,1,1,0,0
2025-10-25,15,10:00,140,10,13.9,0,1,32.49,1,2025-10-25 04:00:00,2025-10-25 08:00:00,E,Parliament St at Carlton St,0,1,0,0
2025-10-25,15,10:00,140,10,13.9,0,1,32.49,1,2025-10-25 04:00:00,2025-10-25 08:00:00,E,Parkside Dr East Side,0,0,0,0
2025-10-25,15,10:00,140,10,13.9,0,1,32.49,1,2025-10-25 04:00:00,2025-10-25 08:00:00,E,Dundas St West,0,1,0,0
2025-10-25,15,10:00,140,10,13.9,0,1,32.49,1,2025-10-25 04:00:00,2025-10-25 08:00:00,E,Howard Park Ave at Roncesvalles Ave,0,0,0,0
2025-10-25,15,10:00,140,10,13.9,0,1,32.49,1,2025-10-25 04:00:00,2025-10-25 08:00:00,E,Parliament St,0,0,0,0
2025-10-25,15,10:00,140,10,13.9,0,1,32.49,1,2025-10-25 04:00:00,2025-10-25 08:00:00,E,Parliament St at Gerrard St East,0,0,0,0
2025-10-25,15,10:00,140,10,13.9,0,1,32.49,1,2025-10-25 04:00:00,2025-10-25 08:00:00,E,Sumach St,0,0,0,0
2025-10-25,15,10:00,140,10,13.9,0,1,32.49,1,2025-10-25 04:00:00,2025-10-25 08:00:00,E,Blackburn St,0,0,0,0
2025-10-25,15,10:00,140,10,13.9,0,1,32.49,1,2025-10-25 04:00:00,2025-10-25 08:00:00,E,Logan Ave,1,1,0,0
2025-10-25,15,10:00,140,10,13.9,0,1,32.49,1,2025-10-25 04:00:00,2025-10-25 08:00:00,E,Augusta Ave,0,0,0,0
2025-10-25,15,10:00,140,10,13.9,0,1,32.49,1,2025-10-25 04:00:00,2025-10-25 08:00:00,E,Beverley St,0,0,0,0
2025-10-25,15,10:00,140,10,13.9,0,1,32.49,1,2025-10-25 04:00:00,2025-10-25 08:00:00,E,University Ave (Queen's Park Station,0,0,0,0
2025-10-25,15,10:00,140,10,13.9,0,1,32.49,1,2025-10-25 04:00:00,2025-10-25 08:00:00,E,Elizabeth St,0,0,0,0
2025-10-25,15,10:00,140,10,13.9,0,1,32.49,1,2025-10-25 04:00:00,2025-10-25 08:00:00,E,Greenwood Ave,0,0,0,0
2025-10-25,15,10:00,140,10,13.9,0,1,32.49,1,2025-10-25 04:00:00,2025-10-25 08:00:00,E,Alton Ave,0,0,0,0
2025-10-25,15,10:00,140,10,13.9,0,1,32.49,1,2025-10-25 04:00:00,2025-10-25 08:00:00,E,Coxwell Ave,0,0,0,0
2025-10-25,15,10:00,140,10,13.9,0,1,32.49,1,2025-10-25 04:00:00,2025-10-25 08:00:00,E,Gerrard St East  at Coxwell Ave,0,0,0,0
2025-10-25,15,10:00,140,10,13.9,0,1,32.49,1,2025-10-25 04:00:00,2025-10-25 08:00:00,E,Coxwell Ave at Lower Gerrard St East,0,0,0,0
2025-10-25,15,10:00,140,10,13.9,0,1,32.49,1,2025-10-25 04:00:00,2025-10-25 08:00:00,E,Ashdale Ave,0,0,0,0
2025-10-25,15,10:00,140,10,13.9,0,1,32.49,1,2025-10-25 04:00:00,2025-10-25 08:00:00,E,Howard Park Ave at Indian Rd,0,0,0,0
2025-10-25,15,10:00,140,10,13.9,0,1,32.49,1,2025-10-25 04:00:00,2025-10-25 08:00:00,E,Dundas St West at Howard Park Ave,0,0,0,0
2025-10-25,15,10:00,140,10,13.9,0,1,32.49,1,2025-10-25 04:00:00,2025-10-25 08:00:00,E,Main St at Gerrard St East,0,0,0,0
2025-10-25,15,10:00,140,10,13.9,0,1,32.49,1,2025-10-25 04:00:00,2025-10-25 08:00:00,E,Main St,0,0,0,0
2025-10-25,15,10:00,140,10,13.9,0,1,32.49,1,2025-10-25 04:00:00,2025-10-25 08:00:00,E,Main St at Danforth Ave,0,0,0,0
2025-10-25,15,10:00,140,10,13.9,0,1,32.49,1,2025-10-25 04:00:00,2025-10-25 08:00:00,E,Howard Park Ave at Parkside Dr,0,0,0,0
2025-10-25,15,10:00,140,10,13.9,0,1,32.49,1,2025-10-25 04:00:00,2025-10-25 08:00:00,W,Woodfield Rd,0,0,0,0
2025-10-25,15,10:00,140,10,13.9,0,1,32.49,1,2025-10-25 04:00:00,2025-10-25 08:00:00,W,Coxwell Ave at Gerrard St East,0,0,0,0
2025-10-25,15,10:00,140,10,13.9,0,1,32.49,1,2025-10-25 04:00:00,2025-10-25 08:00:00,W,Euclid Ave,0,0,0,0
2025-10-25,15,10:00,140,10,13.9,0,1,32.49,1,2025-10-25 04:00:00,2025-10-25 08:00:00,W,Bowmore Rd,0,0,0,0
2025-10-25,15,10:00,140,10,13.9,0,1,32.49,1,2025-10-25 04:00:00,2025-10-25 08:00:00,W,Bay St,0,0,0,0
2025-10-25,15,10:00,140,10,13.9,0,1,32.49,1,2025-10-25 04:00:00,2025-10-25 08:00:00,W,Lansdowne Ave,0,0,0,0
2025-10-25,15,10:00,140,10,13.9,0,1,32.49,1,2025-10-25 04:00:00,2025-10-25 08:00:00,W,Indian Rd,0,1,0,0
2025-10-25,15,10:00,140,10,13.9,0,1,32.49,1,2025-10-25 04:00:00,2025-10-25 08:00:00,W,Grace St,0,0,0,0
2025-10-25,15,10:00,140,10,13.9,0,1,32.49,1,2025-10-25 04:00:00,2025-10-25 08:00:00,W,Dufferin St,0,1,0,0
2025-10-25,15,10:00,140,10,13.9,0,1,32.49,1,2025-10-25 04:00:00,2025-10-25 08:00:00,W,Gerrard St East at Beaton Ave,0,0,0,0
2025-10-25,15,10:00,140,10,13.9,0,1,32.49,1,2025-10-25 04:00:00,2025-10-25 08:00:00,W,Bathurst St,0,0,0,0
2025-10-25,15,10:00,140,10,13.9,0,1,32.49,1,2025-10-25 04:00:00,2025-10-25 08:00:00,W,Yonge St - College Station,0,0,0,0
2025-10-25,15,10:00,140,10,13.9,0,1,32.49,1,2025-10-25 04:00:00,2025-10-25 08:00:00,W,Dundas St West at Sterling Rd,0,0,0,0
2025-10-25,15,10:00,140,10,13.9,0,1,32.49,1,2025-10-25 04:00:00,2025-10-25 08:00:00,W,Brock Ave,0,0,0,0
2025-10-25,15,10:00,140,10,13.9,0,1,32.49,1,2025-10-25 04:00:00,2025-10-25 08:00:00,W,Sackville St,0,0,0,0
2025-10-25,15,10:00,140,10,13.9,0,1,32.49,1,2025-10-25 04:00:00,2025-10-25 08:00:00,W,Carlaw Ave,0,0,0,0
2025-10-25,15,10:00,140,10,13.9,0,1,32.49,1,2025-10-25 04:00:00,2025-10-25 08:00:00,W,Borden St,0,0,0,0
2025-10-25,15,10:00,140,10,13.9,0,1,32.49,1,2025-10-25 04:00:00,2025-10-25 08:00:00,W,Dundas St West at Sorauren Ave,0,1,0,0
2025-10-25,15,10:00,140,10,13.9,0,1,32.49,1,2025-10-25 04:00:00,2025-10-25 08:00:00,W,Crawford St,0,0,0,0
2025-10-25,15,10:00,140,10,13.9,0,1,32.49,1,2025-10-25 04:00:00,2025-10-25 08:00:00,W,Pape Ave,0,0,0,0
2025-10-25,15,10:00,140,10,13.9,0,1,32.49,1,2025-10-25 04:00:00,2025-10-25 08:00:00,W,Spadina Ave,2,2,1,0
2025-10-25,15,10:00,140,10,13.9,0,1,32.49,1,2025-10-25 04:00:00,2025-10-25 08:00:00,W,River St,0,0,0,0
2025-10-25,15,10:00,140,10,13.9,0,1,32.49,1,2025-10-25 04:00:00,2025-10-25 08:00:00,W,Marjory Ave,0,0,0,0
2025-10-25,15,10:00,140,10,13.9,0,1,32.49,1,2025-10-25 04:00:00,2025-10-25 08:00:00,W,Kingsmount Park Rd,0,0,0,0
2025-10-25,15,10:00,140,10,13.9,0,1,32.49,1,2025-10-25 04:00:00,2025-10-25 08:00:00,W,Church St,0,0,0,0
2025-10-25,15,10:00,140,10,13.9,0,1,32.49,1,2025-10-25 04:00:00,2025-10-25 08:00:00,W,Ossington Ave,0,0,0,0
2025-10-25,15,10:00,140,10,13.9,0,1,32.49,1,2025-10-25 04:00:00,2025-10-25 08:00:00,W,Woodbine Ave,0,0,0,0
2025-10-25,15,10:00,140,10,13.9,0,1,32.49,1,2025-10-25 04:00:00,2025-10-25 08:00:00,W,Jones Ave,0,0,0,0
2025-10-25,15,10:00,140,10,13.9,0,1,32.49,1,2025-10-25 04:00:00,2025-10-25 08:00:00,W,Golfview Ave,0,0,0,0
2025-10-25,15,10:00,140,10,13.9,0,1,32.49,1,2025-10-25 04:00:00,2025-10-25 08:00:00,W,Leslie St,0,0,0,0
2025-10-25,15,10:00,140,10,13.9,0,1,32.49,1,2025-10-25 04:00:00,2025-10-25 08:00:00,W,St Matthews Rd,0,0,0,0
2025-10-25,15,10:00,140,10,13.9,0,1,32.49,1,2025-10-25 04:00:00,2025-10-25 08:00:00,W,Jarvis St,0,0,0,0
2025-10-25,15,10:00,140,10,13.9,0,1,32.49,1,2025-10-25 04:00:00,2025-10-25 08:00:00,W,Sherbourne St,0,0,0,0
2025-10-25,15,10:00,140,10,13.9,0,1,32.49,1,2025-10-25 04:00:00,2025-10-25 08:00:00,W,St George St,0,0,0,0
2025-10-25,15,10:00,140,10,13.9,0,1,32.49,1,2025-10-25 04:00:00,2025-10-25 08:00:00,W,Dovercourt Rd,0,0,0,0
2025-10-25,15,10:00,140,10,13.9,0,1,32.49,1,2025-10-25 04:00:00,2025-10-25 08:00:00,W,Glenmount Park Rd,0,0,0,0
2025-10-25,15,10:00,140,10,13.9,0,1,32.49,1,2025-10-25 04:00:00,2025-10-25 08:00:00,W,Prust Ave,0,0,0,0
2025-10-25,15,10:00,140,10,13.9,0,1,32.49,1,2025-10-25 04:00:00,2025-10-25 08:00:00,W,Main Street Station at Bay 7,0,0,0,0
2025-10-25,15,10:00,140,10,13.9,0,1,32.49,1,2025-10-25 04:00:00,2025-10-25 08:00:00,W,Norwood Rd,0,0,0,0
2025-10-25,15,10:00,140,10,13.9,0,1,32.49,1,2025-10-25 04:00:00,2025-10-25 08:00:00,W,McCaul St,0,0,0,0
2025-10-25,15,10:00,140,10,13.9,0,1,32.49,1,2025-10-25 04:00:00,2025-10-25 08:00:00,W,Broadview Ave,0,0,0,0
2025-10-25,15,10:00,140,10,13.9,0,1,32.49,1,2025-10-25 04:00:00,2025-10-25 08:00:00,W,Ontario St,0,0,0,0
2025-10-25,15,10:00,140,10,13.9,0,1,32.49,1,2025-10-25 04:00:00,2025-10-25 08:00:00,W,Rusholme Park Cres,0,0,0,0
2025-10-25,15,10:00,140,10,13.9,0,1,32.49,1,2025-10-25 04:00:00,2025-10-25 08:00:00,W,Havelock St,0,0,0,0
2025-10-25,15,10:00,140,10,13.9,0,1,32.49,1,2025-10-25 04:00:00,2025-10-25 08:00:00,W,High Park Loop,0,0,0,0
2025-10-25,15,10:00,140,10,13.9,0,1,32.49,1,2025-10-25 04:00:00,2025-10-25 08:00:00,W,Queens Park (Queen's Park Station),0,0,0,0
2025-10-25,15,10:00,140,10,13.9,0,1,32.49,1,2025-10-25 04:00:00,2025-10-25 08:00:00,W,Roncesvalles Ave,0,1,0,0
2025-10-25,15,10:00,140,10,13.9,0,1,32.49,1,2025-10-25 04:00:00,2025-10-25 08:00:00,W,De Grassi St,0,0,0,0
2025-10-25,15,10:00,140,10,13.9,0,1,32.49,1,2025-10-25 04:00:00,2025-10-25 08:00:00,W,Parliament St at Carlton St,0,0,0,0
2025-10-25,15,10:00,140,10,13.9,0,1,32.49,1,2025-10-25 04:00:00,2025-10-25 08:00:00,W,Parkside Dr East Side,0,0,0,0
2025-10-25,15,10:00,140,10,13.9,0,1,32.49,1,2025-10-25 04:00:00,2025-10-25 08:00:00,W,Dundas St West,1,1,0,0
2025-10-25,15,10:00,140,10,13.9,0,1,32.49,1,2025-10-25 04:00:00,2025-10-25 08:00:00,W,Howard Park Ave at Roncesvalles Ave,0,0,0,0
2025-10-25,15,10:00,140,10,13.9,0,1,32.49,1,2025-10-25 04:00:00,2025-10-25 08:00:00,W,Parliament St,0,0,0,0
2025-10-25,15,10:00,140,10,13.9,0,1,32.49,1,2025-10-25 04:00:00,2025-10-25 08:00:00,W,Parliament St at Gerrard St East,0,0,0,0
2025-10-25,15,10:00,140,10,13.9,0,1,32.49,1,2025-10-25 04:00:00,2025-10-25 08:00:00,W,Sumach St,0,0,0,0
2025-10-25,15,10:00,140,10,13.9,0,1,32.49,1,2025-10-25 04:00:00,2025-10-25 08:00:00,W,Blackburn St,0,0,0,0
2025-10-25,15,10:00,140,10,13.9,0,1,32.49,1,2025-10-25 04:00:00,2025-10-25 08:00:00,W,Logan Ave,0,0,0,0
2025-10-25,15,10:00,140,10,13.9,0,1,32.49,1,2025-10-25 04:00:00,2025-10-25 08:00:00,W,Augusta Ave,0,0,0,0
2025-10-25,15,10:00,140,10,13.9,0,1,32.49,1,2025-10-25 04:00:00,2025-10-25 08:00:00,W,Beverley St,0,0,0,0
2025-10-25,15,10:00,140,10,13.9,0,1,32.49,1,2025-10-25 04:00:00,2025-10-25 08:00:00,W,University Ave (Queen's Park Station,0,0,0,0
2025-10-25,15,10:00,140,10,13.9,0,1,32.49,1,2025-10-25 04:00:00,2025-10-25 08:00:00,W,Elizabeth St,0,0,0,0
2025-10-25,15,10:00,140,10,13.9,0,1,32.49,1,2025-10-25 04:00:00,2025-10-25 08:00:00,W,Greenwood Ave,0,0,0,0
2025-10-25,15,10:00,140,10,13.9,0,1,32.49,1,2025-10-25 04:00:00,2025-10-25 08:00:00,W,Alton Ave,0,0,0,0
2025-10-25,15,10:00,140,10,13.9,0,1,32.49,1,2025-10-25 04:00:00,2025-10-25 08:00:00,W,Coxwell Ave,0,0,0,0
2025-10-25,15,10:00,140,10,13.9,0,1,32.49,1,2025-10-25 04:00:00,2025-10-25 08:00:00,W,Gerrard St East  at Coxwell Ave,0,0,0,0
2025-10-25,15,10:00,140,10,13.9,0,1,32.49,1,2025-10-25 04:00:00,2025-10-25 08:00:00,W,Coxwell Ave at Lower Gerrard St East,0,0,0,0
2025-10-25,15,10:00,140,10,13.9,0,1,32.49,1,2025-10-25 04:00:00,2025-10-25 08:00:00,W,Ashdale Ave,0,0,0,0
2025-10-25,15,10:00,140,10,13.9,0,1,32.49,1,2025-10-25 04:00:00,2025-10-25 08:00:00,W,Howard Park Ave at Indian Rd,0,0,0,0
2025-10-25,15,10:00,140,10,13.9,0,1,32.49,1,2025-10-25 04:00:00,2025-10-25 08:00:00,W,Dundas St West at Howard Park Ave,0,0,0,0
2025-10-25,15,10:00,140,10,13.9,0,1,32.49,1,2025-10-25 04:00:00,2025-10-25 08:00:00,W,Main St at Gerrard St East,0,0,0,0
2025-10-25,15,10:00,140,10,13.9,0,1,32.49,1,2025-10-25 04:00:00,2025-10-25 08:00:00,W,Main St,0,0,0,0
2025-10-25,15,10:00,140,10,13.9,0,1,32.49,1,2025-10-25 04:00:00,2025-10-25 08:00:00,W,Main St at Danforth Ave,0,0,0,0
2025-10-25,15,10:00,140,10,13.9,0,1,32.49,1,2025-10-25 04:00:00,2025-10-25 08:00:00,W,Howard Park Ave at Parkside Dr,0,0,0,0
2025-11-01,15,10:00,140,10,13.9,0,1,32.49,1,2025-11-01 04:00:00,2025-11-01 08:00:00,E,Woodfield Rd,0,0,0,0
2025-11-01,15,10:00,140,10,13.9,0,1,32.49,1,2025-11-01 04:00:00,2025-11-01 08:00:00,E,Coxwell Ave at Gerrard St East,0,0,0,0
2025-11-01,15,10:00,140,10,13.9,0,1,32.49,1,2025-11-01 04:00:00,2025-11-01 08:00:00,E,Euclid Ave,0,0,0,0
2025-11-01,15,10:00,140,10,13.9,0,1,32.49,1,2025-11-01 04:00:00,2025-11-01 08:00:00,E,Bowmore Rd,0,2,0,0
2025-11-01,15,10:00,140,10,13.9,0,1,32.49,1,2025-11-01 04:00:00,2025-11-01 08:00:00,E,Bay St,0,0,0,0
2025-11-01,15,10:00,140,10,13.9,0,1,32.49,1,2025-11-01 04:00:00,2025-11-01 08:00:00,E,Lansdowne Ave,0,2,0,0
2025-11-01,15,10:00,140,10,13.9,0,1,32.49,1,2025-11-01 04:00:00,2025-11-01 08:00:00,E,Indian Rd,0,0,1,0
2025-11-01,15,10:00,140,10,13.9,0,1,32.49,1,2025-11-01 04:00:00,2025-11-01 08:00:00,E,Grace St,0,0,0,0
2025-11-01,15,10:00,140,10,13.9,0,1,32.49,1,2025-11-01 04:00:00,2025-11-01 08:00:00,E,Dufferin St,0,0,0,0
2025-11-01,15,10:00,140,10,13.9,0,1,32.49,1,2025-11-01 04:00:00,2025-11-01 08:00:00,E,Gerrard St East at Beaton Ave,0,2,0,0
2025-11-01,15,10:00,140,10,13.9,0,1,32.49,1,2025-11-01 04:00:00,2025-11-01 08:00:00,E,Bathurst St,0,0,0,0
2025-11-01,15,10:00,140,10,13.9,0,1,32.49,1,2025-11-01 04:00:00,2025-11-01 08:00:00,E,Yonge St - College Station,0,0,0,0
2025-11-01,15,10:00,140,10,13.9,0,1,32.49,1,2025-11-01 04:00:00,2025-11-01 08:00:00,E,Dundas St West at Sterling Rd,0,0,0,0
2025-11-01,15,10:00,140,10,13.9,0,1,32.49,1,2025-11-01 04:00:00,2025-11-01 08:00:00,E,Brock Ave,0,2,0,0
2025-11-01,15,10:00,140,10,13.9,0,1,32.49,1,2025-11-01 04:00:00,2025-11-01 08:00:00,E,Sackville St,0,0,0,0
2025-11-01,15,10:00,140,10,13.9,0,1,32.49,1,2025-11-01 04:00:00,2025-11-01 08:00:00,E,Carlaw Ave,0,0,0,0
2025-11-01,15,10:00,140,10,13.9,0,1,32.49,1,2025-11-01 04:00:00,2025-11-01 08:00:00,E,Borden St,0,0,0,0
2025-11-01,15,10:00,140,10,13.9,0,1,32.49,1,2025-11-01 04:00:00,2025-11-01 08:00:00,E,Dundas St West at Sorauren Ave,0,0,0,0
2025-11-01,15,10:00,140,10,13.9,0,1,32.49,1,2025-11-01 04:00:00,2025-11-01 08:00:00,E,Crawford St,0,0,0,0
2025-11-01,15,10:00,140,10,13.9,0,1,32.49,1,2025-11-01 04:00:00,2025-11-01 08:00:00,E,Pape Ave,0,0,0,0
2025-11-01,15,10:00,140,10,13.9,0,1,32.49,1,2025-11-01 04:00:00,2025-11-01 08:00:00,E,Spadina Ave,0,0,0,0
2025-11-01,15,10:00,140,10,13.9,0,1,32.49,1,2025-11-01 04:00:00,2025-11-01 08:00:00,E,River St,0,0,0,0
2025-11-01,15,10:00,140,10,13.9,0,1,32.49,1,2025-11-01 04:00:00,2025-11-01 08:00:00,E,Marjory Ave,0,0,0,0
2025-11-01,15,10:00,140,10,13.9,0,1,32.49,1,2025-11-01 04:00:00,2025-11-01 08:00:00,E,Kingsmount Park Rd,0,2,0,0
2025-11-01,15,10:00,140,10,13.9,0,1,32.49,1,2025-11-01 04:00:00,2025-11-01 08:00:00,E,Church St,0,0,0,0
2025-11-01,15,10:00,140,10,13.9,0,1,32.49,1,2025-11-01 04:00:00,2025-11-01 08:00:00,E,Ossington Ave,0,0,0,0
2025-11-01,15,10:00,140,10,13.9,0,1,32.49,1,2025-11-01 04:00:00,2025-11-01 08:00:00,E,Woodbine Ave,0,2,0,0
2025-11-01,15,10:00,140,10,13.9,0,1,32.49,1,2025-11-01 04:00:00,2025-11-01 08:00:00,E,Jones Ave,0,0,0,0
2025-11-01,15,10:00,140,10,13.9,0,1,32.49,1,2025-11-01 04:00:00,2025-11-01 08:00:00,E,Golfview Ave,0,2,0,0
2025-11-01,15,10:00,140,10,13.9,0,1,32.49,1,2025-11-01 04:00:00,2025-11-01 08:00:00,E,Leslie St,0,0,0,0
2025-11-01,15,10:00,140,10,13.9,0,1,32.49,1,2025-11-01 04:00:00,2025-11-01 08:00:00,E,St Matthews Rd,0,0,0,0
2025-11-01,15,10:00,140,10,13.9,0,1,32.49,1,2025-11-01 04:00:00,2025-11-01 08:00:00,E,Jarvis St,0,0,0,0
2025-11-01,15,10:00,140,10,13.9,0,1,32.49,1,2025-11-01 04:00:00,2025-11-01 08:00:00,E,Sherbourne St,0,0,0,0
2025-11-01,15,10:00,140,10,13.9,0,1,32.49,1,2025-11-01 04:00:00,2025-11-01 08:00:00,E,St George St,0,0,0,0
2025-11-01,15,10:00,140,10,13.9,0,1,32.49,1,2025-11-01 04:00:00,2025-11-01 08:00:00,E,Dovercourt Rd,0,0,0,0
2025-11-01,15,10:00,140,10,13.9,0,1,32.49,1,2025-11-01 04:00:00,2025-11-01 08:00:00,E,Glenmount Park Rd,0,2,0,0
2025-11-01,15,10:00,140,10,13.9,0,1,32.49,1,2025-11-01 04:00:00,2025-11-01 08:00:00,E,Prust Ave,0,0,0,0
2025-11-01,15,10:00,140,10,13.9,0,1,32.49,1,2025-11-01 04:00:00,2025-11-01 08:00:00,E,Main Street Station at Bay 7,0,0,0,0
2025-11-01,15,10:00,140,10,13.9,0,1,32.49,1,2025-11-01 04:00:00,2025-11-01 08:00:00,E,Norwood Rd,0,2,0,0
2025-11-01,15,10:00,140,10,13.9,0,1,32.49,1,2025-11-01 04:00:00,2025-11-01 08:00:00,E,McCaul St,0,0,0,0
2025-11-01,15,10:00,140,10,13.9,0,1,32.49,1,2025-11-01 04:00:00,2025-11-01 08:00:00,E,Broadview Ave,0,0,0,0
2025-11-01,15,10:00,140,10,13.9,0,1,32.49,1,2025-11-01 04:00:00,2025-11-01 08:00:00,E,Ontario St,0,0,0,0
2025-11-01,15,10:00,140,10,13.9,0,1,32.49,1,2025-11-01 04:00:00,2025-11-01 08:00:00,E,Rusholme Park Cres,0,0,0,0
2025-11-01,15,10:00,140,10,13.9,0,1,32.49,1,2025-11-01 04:00:00,2025-11-01 08:00:00,E,Havelock St,0,0,0,0
2025-11-01,15,10:00,140,10,13.9,0,1,32.49,1,2025-11-01 04:00:00,2025-11-01 08:00:00,E,High Park Loop,0,1,2,0
2025-11-01,15,10:00,140,10,13.9,0,1,32.49,1,2025-11-01 04:00:00,2025-11-01 08:00:00,E,Queens Park (Queen's Park Station),0,0,0,0
2025-11-01,15,10:00,140,10,13.9,0,1,32.49,1,2025-11-01 04:00:00,2025-11-01 08:00:00,E,Roncesvalles Ave,0,0,0,0
2025-11-01,15,10:00,140,10,13.9,0,1,32.49,1,2025-11-01 04:00:00,2025-11-01 08:00:00,E,De Grassi St,0,0,0,0
2025-11-01,15,10:00,140,10,13.9,0,1,32.49,1,2025-11-01 04:00:00,2025-11-01 08:00:00,E,Parliament St at Carlton St,0,0,0,0
2025-11-01,15,10:00,140,10,13.9,0,1,32.49,1,2025-11-01 04:00:00,2025-11-01 08:00:00,E,Parkside Dr East Side,0,0,1,0
2025-11-01,15,10:00,140,10,13.9,0,1,32.49,1,2025-11-01 04:00:00,2025-11-01 08:00:00,E,Dundas St West,0,0,0,0
2025-11-01,15,10:00,140,10,13.9,0,1,32.49,1,2025-11-01 04:00:00,2025-11-01 08:00:00,E,Howard Park Ave at Roncesvalles Ave,0,0,0,0
2025-11-01,15,10:00,140,10,13.9,0,1,32.49,1,2025-11-01 04:00:00,2025-11-01 08:00:00,E,Parliament St,0,0,0,0
2025-11-01,15,10:00,140,10,13.9,0,1,32.49,1,2025-11-01 04:00:00,2025-11-01 08:00:00,E,Parliament St at Gerrard St East,0,0,0,0
2025-11-01,15,10:00,140,10,13.9,0,1,32.49,1,2025-11-01 04:00:00,2025-11-01 08:00:00,E,Sumach St,0,0,0,0
2025-11-01,15,10:00,140,10,13.9,0,1,32.49,1,2025-11-01 04:00:00,2025-11-01 08:00:00,E,Blackburn St,0,0,0,0
2025-11-01,15,10:00,140,10,13.9,0,1,32.49,1,2025-11-01 04:00:00,2025-11-01 08:00:00,E,Logan Ave,0,0,0,0
2025-11-01,15,10:00,140,10,13.9,0,1,32.49,1,2025-11-01 04:00:00,2025-11-01 08:00:00,E,Augusta Ave,0,0,0,0
2025-11-01,15,10:00,140,10,13.9,0,1,32.49,1,2025-11-01 04:00:00,2025-11-01 08:00:00,E,Beverley St,0,0,0,0
2025-11-01,15,10:00,140,10,13.9,0,1,32.49,1,2025-11-01 04:00:00,2025-11-01 08:00:00,E,University Ave (Queen's Park Station,0,0,0,0
2025-11-01,15,10:00,140,10,13.9,0,1,32.49,1,2025-11-01 04:00:00,2025-11-01 08:00:00,E,Elizabeth St,0,0,0,0
2025-11-01,15,10:00,140,10,13.9,0,1,32.49,1,2025-11-01 04:00:00,2025-11-01 08:00:00,E,Greenwood Ave,0,0,0,0
2025-11-01,15,10:00,140,10,13.9,0,1,32.49,1,2025-11-01 04:00:00,2025-11-01 08:00:00,E,Alton Ave,0,0,0,0
2025-11-01,15,10:00,140,10,13.9,0,1,32.49,1,2025-11-01 04:00:00,2025-11-01 08:00:00,E,Coxwell Ave,0,0,0,0
2025-11-01,15,10:00,140,10,13.9,0,1,32.49,1,2025-11-01 04:00:00,2025-11-01 08:00:00,E,Gerrard St East  at Coxwell Ave,0,0,0,0
2025-11-01,15,10:00,140,10,13.9,0,1,32.49,1,2025-11-01 04:00:00,2025-11-01 08:00:00,E,Coxwell Ave at Lower Gerrard St East,0,0,0,0
2025-11-01,15,10:00,140,10,13.9,0,1,32.49,1,2025-11-01 04:00:00,2025-11-01 08:00:00,E,Ashdale Ave,0,0,0,0
2025-11-01,15,10:00,140,10,13.9,0,1,32.49,1,2025-11-01 04:00:00,2025-11-01 08:00:00,E,Howard Park Ave at Indian Rd,0,0,0,0
2025-11-01,15,10:00,140,10,13.9,0,1,32.49,1,2025-11-01 04:00:00,2025-11-01 08:00:00,E,Dundas St West at Howard Park Ave,0,0,0,0
2025-11-01,15,10:00,140,10,13.9,0,1,32.49,1,2025-11-01 04:00:00,2025-11-01 08:00:00,E,Main St at Gerrard St East,0,0,0,0
2025-11-01,15,10:00,140,10,13.9,0,1,32.49,1,2025-11-01 04:00:00,2025-11-01 08:00:00,E,Main St,0,0,0,0
2025-11-01,15,10:00,140,10,13.9,0,1,32.49,1,2025-11-01 04:00:00,2025-11-01 08:00:00,E,Main St at Danforth Ave,0,0,0,0
2025-11-01,15,10:00,140,10,13.9,0,1,32.49,1,2025-11-01 04:00:00,2025-11-01 08:00:00,E,Howard Park Ave at Parkside Dr,0,0,0,0
2025-11-01,15,10:00,140,10,13.9,0,1,32.49,1,2025-11-01 04:00:00,2025-11-01 08:00:00,W,Woodfield Rd,2,1,1,0
2025-11-01,15,10:00,140,10,13.9,0,1,32.49,1,2025-11-01 04:00:00,2025-11-01 08:00:00,W,Coxwell Ave at Gerrard St East,3,1,1,0
2025-11-01,15,10:00,140,10,13.9,0,1,32.49,1,2025-11-01 04:00:00,2025-11-01 08:00:00,W,Euclid Ave,0,0,0,0
2025-11-01,15,10:00,140,10,13.9,0,1,32.49,1,2025-11-01 04:00:00,2025-11-01 08:00:00,W,Bowmore Rd,1,1,1,0
2025-11-01,15,10:00,140,10,13.9,0,1,32.49,1,2025-11-01 04:00:00,2025-11-01 08:00:00,W,Bay St,1,1,1,0
2025-11-01,15,10:00,140,10,13.9,0,1,32.49,1,2025-11-01 04:00:00,2025-11-01 08:00:00,W,Lansdowne Ave,0,0,0,0
2025-11-01,15,10:00,140,10,13.9,0,1,32.49,1,2025-11-01 04:00:00,2025-11-01 08:00:00,W,Indian Rd,1,0,0,0
2025-11-01,15,10:00,140,10,13.9,0,1,32.49,1,2025-11-01 04:00:00,2025-11-01 08:00:00,W,Grace St,0,0,0,0
2025-11-01,15,10:00,140,10,13.9,0,1,32.49,1,2025-11-01 04:00:00,2025-11-01 08:00:00,W,Dufferin St,0,0,0,0
2025-11-01,15,10:00,140,10,13.9,0,1,32.49,1,2025-11-01 04:00:00,2025-11-01 08:00:00,W,Gerrard St East at Beaton Ave,1,1,1,0
2025-11-01,15,10:00,140,10,13.9,0,1,32.49,1,2025-11-01 04:00:00,2025-11-01 08:00:00,W,Bathurst St,0,0,0,0
2025-11-01,15,10:00,140,10,13.9,0,1,32.49,1,2025-11-01 04:00:00,2025-11-01 08:00:00,W,Yonge St - College Station,0,0,0,0
2025-11-01,15,10:00,140,10,13.9,0,1,32.49,1,2025-11-01 04:00:00,2025-11-01 08:00:00,W,Dundas St West at Sterling Rd,0,0,0,0
2025-11-01,15,10:00,140,10,13.9,0,1,32.49,1,2025-11-01 04:00:00,2025-11-01 08:00:00,W,Brock Ave,0,0,0,0
2025-11-01,15,10:00,140,10,13.9,0,1,32.49,1,2025-11-01 04:00:00,2025-11-01 08:00:00,W,Sackville St,0,0,0,0
2025-11-01,15,10:00,140,10,13.9,0,1,32.49,1,2025-11-01 04:00:00,2025-11-01 08:00:00,W,Carlaw Ave,0,0,0,0
2025-11-01,15,10:00,140,10,13.9,0,1,32.49,1,2025-11-01 04:00:00,2025-11-01 08:00:00,W,Borden St,0,0,0,0
2025-11-01,15,10:00,140,10,13.9,0,1,32.49,1,2025-11-01 04:00:00,2025-11-01 08:00:00,W,Dundas St West at Sorauren Ave,0,0,0,0
2025-11-01,15,10:00,140,10,13.9,0,1,32.49,1,2025-11-01 04:00:00,2025-11-01 08:00:00,W,Crawford St,0,0,0,0
2025-11-01,15,10:00,140,10,13.9,0,1,32.49,1,2025-11-01 04:00:00,2025-11-01 08:00:00,W,Pape Ave,0,0,0,0
2025-11-01,15,10:00,140,10,13.9,0,1,32.49,1,2025-11-01 04:00:00,2025-11-01 08:00:00,W,Spadina Ave,1,0,0,0
2025-11-01,15,10:00,140,10,13.9,0,1,32.49,1,2025-11-01 04:00:00,2025-11-01 08:00:00,W,River St,0,0,0,0
2025-11-01,15,10:00,140,10,13.9,0,1,32.49,1,2025-11-01 04:00:00,2025-11-01 08:00:00,W,Marjory Ave,0,0,0,0
2025-11-01,15,10:00,140,10,13.9,0,1,32.49,1,2025-11-01 04:00:00,2025-11-01 08:00:00,W,Kingsmount Park Rd,0,0,0,0
2025-11-01,15,10:00,140,10,13.9,0,1,32.49,1,2025-11-01 04:00:00,2025-11-01 08:00:00,W,Church St,0,0,0,0
2025-11-01,15,10:00,140,10,13.9,0,1,32.49,1,2025-11-01 04:00:00,2025-11-01 08:00:00,W,Ossington Ave,0,0,0,0
2025-11-01,15,10:00,140,10,13.9,0,1,32.49,1,2025-11-01 04:00:00,2025-11-01 08:00:00,W,Woodbine Ave,0,0,0,0
2025-11-01,15,10:00,140,10,13.9,0,1,32.49,1,2025-11-01 04:00:00,2025-11-01 08:00:00,W,Jones Ave,0,0,0,0
2025-11-01,15,10:00,140,10,13.9,0,1,32.49,1,2025-11-01 04:00:00,2025-11-01 08:00:00,W,Golfview Ave,0,0,0,0
2025-11-01,15,10:00,140,10,13.9,0,1,32.49,1,2025-11-01 04:00:00,2025-11-01 08:00:00,W,Leslie St,0,0,0,0
2025-11-01,15,10:00,140,10,13.9,0,1,32.49,1,2025-11-01 04:00:00,2025-11-01 08:00:00,W,St Matthews Rd,0,0,0,0
2025-11-01,15,10:00,140,10,13.9,0,1,32.49,1,2025-11-01 04:00:00,2025-11-01 08:00:00,W,Jarvis St,0,0,0,0
2025-11-01,15,10:00,140,10,13.9,0,1,32.49,1,2025-11-01 04:00:00,2025-11-01 08:00:00,W,Sherbourne St,0,0,0,0
2025-11-01,15,10:00,140,10,13.9,0,1,32.49,1,2025-11-01 04:00:00,2025-11-01 08:00:00,W,St George St,0,0,0,0
2025-11-01,15,10:00,140,10,13.9,0,1,32.49,1,2025-11-01 04:00:00,2025-11-01 08:00:00,W,Dovercourt Rd,0,0,0,0
2025-11-01,15,10:00,140,10,13.9,0,1,32.49,1,2025-11-01 04:00:00,2025-11-01 08:00:00,W,Glenmount Park Rd,0,0,0,0
2025-11-01,15,10:00,140,10,13.9,0,1,32.49,1,2025-11-01 04:00:00,2025-11-01 08:00:00,W,Prust Ave,0,0,0,0
2025-11-01,15,10:00,140,10,13.9,0,1,32.49,1,2025-11-01 04:00:00,2025-11-01 08:00:00,W,Main Street Station at Bay 7,1,1,1,0
2025-11-01,15,10:00,140,10,13.9,0,1,32.49,1,2025-11-01 04:00:00,2025-11-01 08:00:00,W,Norwood Rd,0,0,0,0
2025-11-01,15,10:00,140,10,13.9,0,1,32.49,1,2025-11-01 04:00:00,2025-11-01 08:00:00,W,McCaul St,0,0,0,0
2025-11-01,15,10:00,140,10,13.9,0,1,32.49,1,2025-11-01 04:00:00,2025-11-01 08:00:00,W,Broadview Ave,0,0,0,0
2025-11-01,15,10:00,140,10,13.9,0,1,32.49,1,2025-11-01 04:00:00,2025-11-01 08:00:00,W,Ontario St,0,0,0,0
2025-11-01,15,10:00,140,10,13.9,0,1,32.49,1,2025-11-01 04:00:00,2025-11-01 08:00:00,W,Rusholme Park Cres,0,0,0,0
2025-11-01,15,10:00,140,10,13.9,0,1,32.49,1,2025-11-01 04:00:00,2025-11-01 08:00:00,W,Havelock St,0,0,0,0
2025-11-01,15,10:00,140,10,13.9,0,1,32.49,1,2025-11-01 04:00:00,2025-11-01 08:00:00,W,High Park Loop,0,0,0,0
2025-11-01,15,10:00,140,10,13.9,0,1,32.49,1,2025-11-01 04:00:00,2025-11-01 08:00:00,W,Queens Park (Queen's Park Station),0,0,0,0
2025-11-01,15,10:00,140,10,13.9,0,1,32.49,1,2025-11-01 04:00:00,2025-11-01 08:00:00,W,Roncesvalles Ave,1,0,0,0
2025-11-01,15,10:00,140,10,13.9,0,1,32.49,1,2025-11-01 04:00:00,2025-11-01 08:00:00,W,De Grassi St,0,0,0,0
2025-11-01,15,10:00,140,10,13.9,0,1,32.49,1,2025-11-01 04:00:00,2025-11-01 08:00:00,W,Parliament St at Carlton St,0,0,0,0
2025-11-01,15,10:00,140,10,13.9,0,1,32.49,1,2025-11-01 04:00:00,2025-11-01 08:00:00,W,Parkside Dr East Side,0,0,0,0
2025-11-01,15,10:00,140,10,13.9,0,1,32.49,1,2025-11-01 04:00:00,2025-11-01 08:00:00,W,Dundas St West,0,0,0,0
2025-11-01,15,10:00,140,10,13.9,0,1,32.49,1,2025-11-01 04:00:00,2025-11-01 08:00:00,W,Howard Park Ave at Roncesvalles Ave,0,0,0,0
2025-11-01,15,10:00,140,10,13.9,0,1,32.49,1,2025-11-01 04:00:00,2025-11-01 08:00:00,W,Parliament St,0,0,0,0
2025-11-01,15,10:00,140,10,13.9,0,1,32.49,1,2025-11-01 04:00:00,2025-11-01 08:00:00,W,Parliament St at Gerrard St East,0,0,0,0
2025-11-01,15,10:00,140,10,13.9,0,1,32.49,1,2025-11-01 04:00:00,2025-11-01 08:00:00,W,Sumach St,0,0,0,0
2025-11-01,15,10:00,140,10,13.9,0,1,32.49,1,2025-11-01 04:00:00,2025-11-01 08:00:00,W,Blackburn St,0,0,0,0
2025-11-01,15,10:00,140,10,13.9,0,1,32.49,1,2025-11-01 04:00:00,2025-11-01 08:00:00,W,Logan Ave,0,0,0,0
2025-11-01,15,10:00,140,10,13.9,0,1,32.49,1,2025-11-01 04:00:00,2025-11-01 08:00:00,W,Augusta Ave,0,0,0,0
2025-11-01,15,10:00,140,10,13.9,0,1,32.49,1,2025-11-01 04:00:00,2025-11-01 08:00:00,W,Beverley St,0,0,0,0
2025-11-01,15,10:00,140,10,13.9,0,1,32.49,1,2025-11-01 04:00:00,2025-11-01 08:00:00,W,University Ave (Queen's Park Station,0,0,0,0
2025-11-01,15,10:00,140,10,13.9,0,1,32.49,1,2025-11-01 04:00:00,2025-11-01 08:00:00,W,Elizabeth St,0,0,0,0
2025-11-01,15,10:00,140,10,13.9,0,1,32.49,1,2025-11-01 04:00:00,2025-11-01 08:00:00,W,Greenwood Ave,0,0,0,0
2025-11-01,15,10:00,140,10,13.9,0,1,32.49,1,2025-11-01 04:00:00,2025-11-01 08:00:00,W,Alton Ave,0,0,0,0
2025-11-01,15,10:00,140,10,13.9,0,1,32.49,1,2025-11-01 04:00:00,2025-11-01 08:00:00,W,Coxwell Ave,0,0,0,0
2025-11-01,15,10:00,140,10,13.9,0,1,32.49,1,2025-11-01 04:00:00,2025-11-01 08:00:00,W,Gerrard St East  at Coxwell Ave,0,0,0,0
2025-11-01,15,10:00,140,10,13.9,0,1,32.49,1,2025-11-01 04:00:00,2025-11-01 08:00:00,W,Coxwell Ave at Lower Gerrard St East,0,0,0,0
2025-11-01,15,10:00,140,10,13.9,0,1,32.49,1,2025-11-01 04:00:00,2025-11-01 08:00:00,W,Ashdale Ave,0,0,0,0
2025-11-01,15,10:00,140,10,13.9,0,1,32.49,1,2025-11-01 04:00:00,2025-11-01 08:00:00,W,Howard Park Ave at Indian Rd,0,0,0,0
2025-11-01,15,10:00,140,10,13.9,0,1,32.49,1,2025-11-01 04:00:00,2025-11-01 08:00:00,W,Dundas St West at Howard Park Ave,0,0,0,0
2025-11-01,15,10:00,140,10,13.9,0,1,32.49,1,2025-11-01 04:00:00,2025-11-01 08:00:00,W,Main St at Gerrard St East,0,0,0,0
2025-11-01,15,10:00,140,10,13.9,0,1,32.49,1,2025-11-01 04:00:00,2025-11-01 08:00:00,W,Main St,0,0,0,0
2025-11-01,15,10:00,140,10,13.9,0,1,32.49,1,2025-11-01 04:00:00,2025-11-01 08:00:00,W,Main St at Danforth Ave,0,0,0,0
2025-11-01,15,10:00,140,10,13.9,0,1,32.49,1,2025-11-01 04:00:00,2025-11-01 08:00:00,W,Howard Park Ave at Parkside Dr,0,0,0,0
2025-11-08,15,10:00,140,10,13.9,0,1,32.49,1,2025-11-08 04:00:00,2025-11-08 08:00:00,E,Woodfield Rd,0,1,0,0
2025-11-08,15,10:00,140,10,13.9,0,1,32.49,1,2025-11-08 04:00:00,2025-11-08 08:00:00,E,Coxwell Ave at Gerrard St East,0,0,0,0
2025-11-08,15,10:00,140,10,13.9,0,1,32.49,1,2025-11-08 04:00:00,2025-11-08 08:00:00,E,Euclid Ave,0,0,0,0
2025-11-08,15,10:00,140,10,13.9,0,1,32.49,1,2025-11-08 04:00:00,2025-11-08 08:00:00,E,Bowmore Rd,1,3,2,0
2025-11-08,15,10:00,140,10,13.9,0,1,32.49,1,2025-11-08 04:00:00,2025-11-08 08:00:00,E,Bay St,0,1,0,0
2025-11-08,15,10:00,140,10,13.9,0,1,32.49,1,2025-11-08 04:00:00,2025-11-08 08:00:00,E,Lansdowne Ave,0,3,0,0
2025-11-08,15,10:00,140,10,13.9,0,1,32.49,1,2025-11-08 04:00:00,2025-11-08 08:00:00,E,Indian Rd,0,0,0,0
2025-11-08,15,10:00,140,10,13.9,0,1,32.49,1,2025-11-08 04:00:00,2025-11-08 08:00:00,E,Grace St,0,0,0,0
2025-11-08,15,10:00,140,10,13.9,0,1,32.49,1,2025-11-08 04:00:00,2025-11-08 08:00:00,E,Dufferin St,0,1,0,0
2025-11-08,15,10:00,140,10,13.9,0,1,32.49,1,2025-11-08 04:00:00,2025-11-08 08:00:00,E,Gerrard St East at Beaton Ave,1,3,2,0
2025-11-08,15,10:00,140,10,13.9,0,1,32.49,1,2025-11-08 04:00:00,2025-11-08 08:00:00,E,Bathurst St,0,1,0,0
2025-11-08,15,10:00,140,10,13.9,0,1,32.49,1,2025-11-08 04:00:00,2025-11-08 08:00:00,E,Yonge St - College Station,0,1,0,0
2025-11-08,15,10:00,140,10,13.9,0,1,32.49,1,2025-11-08 04:00:00,2025-11-08 08:00:00,E,Dundas St West at Sterling Rd,0,0,0,0
2025-11-08,15,10:00,140,10,13.9,0,1,32.49,1,2025-11-08 04:00:00,2025-11-08 08:00:00,E,Brock Ave,1,3,2,0
2025-11-08,15,10:00,140,10,13.9,0,1,32.49,1,2025-11-08 04:00:00,2025-11-08 08:00:00,E,Sackville St,0,0,0,0
2025-11-08,15,10:00,140,10,13.9,0,1,32.49,1,2025-11-08 04:00:00,2025-11-08 08:00:00,E,Carlaw Ave,0,1,0,0
2025-11-08,15,10:00,140,10,13.9,0,1,32.49,1,2025-11-08 04:00:00,2025-11-08 08:00:00,E,Borden St,0,1,0,0
2025-11-08,15,10:00,140,10,13.9,0,1,32.49,1,2025-11-08 04:00:00,2025-11-08 08:00:00,E,Dundas St West at Sorauren Ave,0,0,0,0
2025-11-08,15,10:00,140,10,13.9,0,1,32.49,1,2025-11-08 04:00:00,2025-11-08 08:00:00,E,Crawford St,0,0,0,0
2025-11-08,15,10:00,140,10,13.9,0,1,32.49,1,2025-11-08 04:00:00,2025-11-08 08:00:00,E,Pape Ave,0,1,0,0
2025-11-08,15,10:00,140,10,13.9,0,1,32.49,1,2025-11-08 04:00:00,2025-11-08 08:00:00,E,Spadina Ave,0,1,0,0
2025-11-08,15,10:00,140,10,13.9,0,1,32.49,1,2025-11-08 04:00:00,2025-11-08 08:00:00,E,River St,0,0,0,0
2025-11-08,15,10:00,140,10,13.9,0,1,32.49,1,2025-11-08 04:00:00,2025-11-08 08:00:00,E,Marjory Ave,0,1,0,0
2025-11-08,15,10:00,140,10,13.9,0,1,32.49,1,2025-11-08 04:00:00,2025-11-08 08:00:00,E,Kingsmount Park Rd,1,3,2,0
2025-11-08,15,10:00,140,10,13.9,0,1,32.49,1,2025-11-08 04:00:00,2025-11-08 08:00:00,E,Church St,0,0,0,0
2025-11-08,15,10:00,140,10,13.9,0,1,32.49,1,2025-11-08 04:00:00,2025-11-08 08:00:00,E,Ossington Ave,0,1,0,0
2025-11-08,15,10:00,140,10,13.9,0,1,32.49,1,2025-11-08 04:00:00,2025-11-08 08:00:00,E,Woodbine Ave,1,3,1,0
2025-11-08,15,10:00,140,10,13.9,0,1,32.49,1,2025-11-08 04:00:00,2025-11-08 08:00:00,E,Jones Ave,0,1,0,0
2025-11-08,15,10:00,140,10,13.9,0,1,32.49,1,2025-11-08 04:00:00,2025-11-08 08:00:00,E,Golfview Ave,1,3,1,0
2025-11-08,15,10:00,140,10,13.9,0,1,32.49,1,2025-11-08 04:00:00,2025-11-08 08:00:00,E,Leslie St,0,1,0,0
2025-11-08,15,10:00,140,10,13.9,0,1,32.49,1,2025-11-08 04:00:00,2025-11-08 08:00:00,E,St Matthews Rd,0,0,0,0
2025-11-08,15,10:00,140,10,13.9,0,1,32.49,1,2025-11-08 04:00:00,2025-11-08 08:00:00,E,Jarvis St,0,0,0,0
2025-11-08,15,10:00,140,10,13.9,0,1,32.49,1,2025-11-08 04:00:00,2025-11-08 08:00:00,E,Sherbourne St,0,0,0,0
2025-11-08,15,10:00,140,10,13.9,0,1,32.49,1,2025-11-08 04:00:00,2025-11-08 08:00:00,E,St George St,0,1,0,0
2025-11-08,15,10:00,140,10,13.9,0,1,32.49,1,2025-11-08 04:00:00,2025-11-08 08:00:00,E,Dovercourt Rd,0,1,0,0
2025-11-08,15,10:00,140,10,13.9,0,1,32.49,1,2025-11-08 04:00:00,2025-11-08 08:00:00,E,Glenmount Park Rd,1,3,1,0
2025-11-08,15,10:00,140,10,13.9,0,1,32.49,1,2025-11-08 04:00:00,2025-11-08 08:00:00,E,Prust Ave,0,1,0,0
2025-11-08,15,10:00,140,10,13.9,0,1,32.49,1,2025-11-08 04:00:00,2025-11-08 08:00:00,E,Main Street Station at Bay 7,0,0,0,0
2025-11-08,15,10:00,140,10,13.9,0,1,32.49,1,2025-11-08 04:00:00,2025-11-08 08:00:00,E,Norwood Rd,1,3,0,0
2025-11-08,15,10:00,140,10,13.9,0,1,32.49,1,2025-11-08 04:00:00,2025-11-08 08:00:00,E,McCaul St,0,1,0,0
2025-11-08,15,10:00,140,10,13.9,0,1,32.49,1,2025-11-08 04:00:00,2025-11-08 08:00:00,E,Broadview Ave,0,1,0,0
2025-11-08,15,10:00,140,10,13.9,0,1,32.49,1,2025-11-08 04:00:00,2025-11-08 08:00:00,E,Ontario St,0,0,0,0
2025-11-08,15,10:00,140,10,13.9,0,1,32.49,1,2025-11-08 04:00:00,2025-11-08 08:00:00,E,Rusholme Park Cres,0,0,0,0
2025-11-08,15,10:00,140,10,13.9,0,1,32.49,1,2025-11-08 04:00:00,2025-11-08 08:00:00,E,Havelock St,0,1,0,0
2025-11-08,15,10:00,140,10,13.9,0,1,32.49,1,2025-11-08 04:00:00,2025-11-08 08:00:00,E,High Park Loop,0,0,0,0
2025-11-08,15,10:00,140,10,13.9,0,1,32.49,1,2025-11-08 04:00:00,2025-11-08 08:00:00,E,Queens Park (Queen's Park Station),0,1,0,0
2025-11-08,15,10:00,140,10,13.9,0,1,32.49,1,2025-11-08 04:00:00,2025-11-08 08:00:00,E,Roncesvalles Ave,0,0,0,0
2025-11-08,15,10:00,140,10,13.9,0,1,32.49,1,2025-11-08 04:00:00,2025-11-08 08:00:00,E,De Grassi St,0,1,0,0
2025-11-08,15,10:00,140,10,13.9,0,1,32.49,1,2025-11-08 04:00:00,2025-11-08 08:00:00,E,Parliament St at Carlton St,0,0,0,0
2025-11-08,15,10:00,140,10,13.9,0,1,32.49,1,2025-11-08 04:00:00,2025-11-08 08:00:00,E,Parkside Dr East Side,0,0,0,0
2025-11-08,15,10:00,140,10,13.9,0,1,32.49,1,2025-11-08 04:00:00,2025-11-08 08:00:00,E,Dundas St West,0,0,0,0
2025-11-08,15,10:00,140,10,13.9,0,1,32.49,1,2025-11-08 04:00:00,2025-11-08 08:00:00,E,Howard Park Ave at Roncesvalles Ave,0,0,0,0
2025-11-08,15,10:00,140,10,13.9,0,1,32.49,1,2025-11-08 04:00:00,2025-11-08 08:00:00,E,Parliament St,0,0,0,0
2025-11-08,15,10:00,140,10,13.9,0,1,32.49,1,2025-11-08 04:00:00,2025-11-08 08:00:00,E,Parliament St at Gerrard St East,0,0,0,0
2025-11-08,15,10:00,140,10,13.9,0,1,32.49,1,2025-11-08 04:00:00,2025-11-08 08:00:00,E,Sumach St,0,0,0,0
2025-11-08,15,10:00,140,10,13.9,0,1,32.49,1,2025-11-08 04:00:00,2025-11-08 08:00:00,E,Blackburn St,0,0,0,0
2025-11-08,15,10:00,140,10,13.9,0,1,32.49,1,2025-11-08 04:00:00,2025-11-08 08:00:00,E,Logan Ave,0,1,0,0
2025-11-08,15,10:00,140,10,13.9,0,1,32.49,1,2025-11-08 04:00:00,2025-11-08 08:00:00,E,Augusta Ave,0,0,0,0
2025-11-08,15,10:00,140,10,13.9,0,1,32.49,1,2025-11-08 04:00:00,2025-11-08 08:00:00,E,Beverley St,0,0,0,0
2025-11-08,15,10:00,140,10,13.9,0,1,32.49,1,2025-11-08 04:00:00,2025-11-08 08:00:00,E,University Ave (Queen's Park Station,0,0,0,0
2025-11-08,15,10:00,140,10,13.9,0,1,32.49,1,2025-11-08 04:00:00,2025-11-08 08:00:00,E,Elizabeth St,0,0,0,0
2025-11-08,15,10:00,140,10,13.9,0,1,32.49,1,2025-11-08 04:00:00,2025-11-08 08:00:00,E,Greenwood Ave,0,0,0,0
2025-11-08,15,10:00,140,10,13.9,0,1,32.49,1,2025-11-08 04:00:00,2025-11-08 08:00:00,E,Alton Ave,0,0,0,0
2025-11-08,15,10:00,140,10,13.9,0,1,32.49,1,2025-11-08 04:00:00,2025-11-08 08:00:00,E,Coxwell Ave,0,0,0,0
2025-11-08,15,10:00,140,10,13.9,0,1,32.49,1,2025-11-08 04:00:00,2025-11-08 08:00:00,E,Gerrard St East  at Coxwell Ave,0,0,0,0
2025-11-08,15,10:00,140,10,13.9,0,1,32.49,1,2025-11-08 04:00:00,2025-11-08 08:00:00,E,Coxwell Ave at Lower Gerrard St East,0,0,0,0
2025-11-08,15,10:00,140,10,13.9,0,1,32.49,1,2025-11-08 04:00:00,2025-11-08 08:00:00,E,Ashdale Ave,0,0,0,0
2025-11-08,15,10:00,140,10,13.9,0,1,32.49,1,2025-11-08 04:00:00,2025-11-08 08:00:00,E,Howard Park Ave at Indian Rd,0,0,0,0
2025-11-08,15,10:00,140,10,13.9,0,1,32.49,1,2025-11-08 04:00:00,2025-11-08 08:00:00,E,Dundas St West at Howard Park Ave,0,0,0,0
2025-11-08,15,10:00,140,10,13.9,0,1,32.49,1,2025-11-08 04:00:00,2025-11-08 08:00:00,E,Main St at Gerrard St East,0,0,0,0
2025-11-08,15,10:00,140,10,13.9,0,1,32.49,1,2025-11-08 04:00:00,2025-11-08 08:00:00,E,Main St,0,0,0,0
2025-11-08,15,10:00,140,10,13.9,0,1,32.49,1,2025-11-08 04:00:00,2025-11-08 08:00:00,E,Main St at Danforth Ave,0,0,0,0
2025-11-08,15,10:00,140,10,13.9,0,1,32.49,1,2025-11-08 04:00:00,2025-11-08 08:00:00,E,Howard Park Ave at Parkside Dr,0,0,0,0
2025-11-08,15,10:00,140,10,13.9,0,1,32.49,1,2025-11-08 04:00:00,2025-11-08 08:00:00,W,Woodfield Rd,3,0,2,0
2025-11-08,15,10:00,140,10,13.9,0,1,32.49,1,2025-11-08 04:00:00,2025-11-08 08:00:00,W,Coxwell Ave at Gerrard St East,2,0,2,0
2025-11-08,15,10:00,140,10,13.9,0,1,32.49,1,2025-11-08 04:00:00,2025-11-08 08:00:00,W,Euclid Ave,0,0,0,0
2025-11-08,15,10:00,140,10,13.9,0,1,32.49,1,2025-11-08 04:00:00,2025-11-08 08:00:00,W,Bowmore Rd,0,0,0,0
2025-11-08,15,10:00,140,10,13.9,0,1,32.49,1,2025-11-08 04:00:00,2025-11-08 08:00:00,W,Bay St,3,0,2,0
2025-11-08,15,10:00,140,10,13.9,0,1,32.49,1,2025-11-08 04:00:00,2025-11-08 08:00:00,W,Lansdowne Ave,0,0,2,0
2025-11-08,15,10:00,140,10,13.9,0,1,32.49,1,2025-11-08 04:00:00,2025-11-08 08:00:00,W,Indian Rd,0,1,0,0
2025-11-08,15,10:00,140,10,13.9,0,1,32.49,1,2025-11-08 04:00:00,2025-11-08 08:00:00,W,Grace St,0,0,0,0
2025-11-08,15,10:00,140,10,13.9,0,1,32.49,1,2025-11-08 04:00:00,2025-11-08 08:00:00,W,Dufferin St,3,1,0,0
2025-11-08,15,10:00,140,10,13.9,0,1,32.49,1,2025-11-08 04:00:00,2025-11-08 08:00:00,W,Gerrard St East at Beaton Ave,0,0,1,0
2025-11-08,15,10:00,140,10,13.9,0,1,32.49,1,2025-11-08 04:00:00,2025-11-08 08:00:00,W,Bathurst St,0,0,0,0
2025-11-08,15,10:00,140,10,13.9,0,1,32.49,1,2025-11-08 04:00:00,2025-11-08 08:00:00,W,Yonge St - College Station,0,0,0,0
2025-11-08,15,10:00,140,10,13.9,0,1,32.49,1,2025-11-08 04:00:00,2025-11-08 08:00:00,W,Dundas St West at Sterling Rd,0,0,0,0
2025-11-08,15,10:00,140,10,13.9,0,1,32.49,1,2025-11-08 04:00:00,2025-11-08 08:00:00,W,Brock Ave,0,0,0,0
2025-11-08,15,10:00,140,10,13.9,0,1,32.49,1,2025-11-08 04:00:00,2025-11-08 08:00:00,W,Sackville St,0,0,0,0
2025-11-08,15,10:00,140,10,13.9,0,1,32.49,1,2025-11-08 04:00:00,2025-11-08 08:00:00,W,Carlaw Ave,0,0,0,0
2025-11-08,15,10:00,140,10,13.9,0,1,32.49,1,2025-11-08 04:00:00,2025-11-08 08:00:00,W,Borden St,0,0,0,0
2025-11-08,15,10:00,140,10,13.9,0,1,32.49,1,2025-11-08 04:00:00,2025-11-08 08:00:00,W,Dundas St West at Sorauren Ave,0,1,0,0
2025-11-08,15,10:00,140,10,13.9,0,1,32.49,1,2025-11-08 04:00:00,2025-11-08 08:00:00,W,Crawford St,0,0,0,0
2025-11-08,15,10:00,140,10,13.9,0,1,32.49,1,2025-11-08 04:00:00,2025-11-08 08:00:00,W,Pape Ave,0,0,0,0
2025-11-08,15,10:00,140,10,13.9,0,1,32.49,1,2025-11-08 04:00:00,2025-11-08 08:00:00,W,Spadina Ave,3,0,2,0
2025-11-08,15,10:00,140,10,13.9,0,1,32.49,1,2025-11-08 04:00:00,2025-11-08 08:00:00,W,River St,0,0,0,0
2025-11-08,15,10:00,140,10,13.9,0,1,32.49,1,2025-11-08 04:00:00,2025-11-08 08:00:00,W,Marjory Ave,0,0,0,0
2025-11-08,15,10:00,140,10,13.9,0,1,32.49,1,2025-11-08 04:00:00,2025-11-08 08:00:00,W,Kingsmount Park Rd,0,0,0,0
2025-11-08,15,10:00,140,10,13.9,0,1,32.49,1,2025-11-08 04:00:00,2025-11-08 08:00:00,W,Church St,0,0,0,0
2025-11-08,15,10:00,140,10,13.9,0,1,32.49,1,2025-11-08 04:00:00,2025-11-08 08:00:00,W,Ossington Ave,0,0,0,0
2025-11-08,15,10:00,140,10,13.9,0,1,32.49,1,2025-11-08 04:00:00,2025-11-08 08:00:00,W,Woodbine Ave,0,0,0,0
2025-11-08,15,10:00,140,10,13.9,0,1,32.49,1,2025-11-08 04:00:00,2025-11-08 08:00:00,W,Jones Ave,0,0,0,0
2025-11-08,15,10:00,140,10,13.9,0,1,32.49,1,2025-11-08 04:00:00,2025-11-08 08:00:00,W,Golfview Ave,0,0,0,0
2025-11-08,15,10:00,140,10,13.9,0,1,32.49,1,2025-11-08 04:00:00,2025-11-08 08:00:00,W,Leslie St,0,0,0,0
2025-11-08,15,10:00,140,10,13.9,0,1,32.49,1,2025-11-08 04:00:00,2025-11-08 08:00:00,W,St Matthews Rd,0,0,0,0
2025-11-08,15,10:00,140,10,13.9,0,1,32.49,1,2025-11-08 04:00:00,2025-11-08 08:00:00,W,Jarvis St,0,0,0,0
2025-11-08,15,10:00,140,10,13.9,0,1,32.49,1,2025-11-08 04:00:00,2025-11-08 08:00:00,W,Sherbourne St,0,0,0,0
2025-11-08,15,10:00,140,10,13.9,0,1,32.49,1,2025-11-08 04:00:00,2025-11-08 08:00:00,W,St George St,0,0,0,0
2025-11-08,15,10:00,140,10,13.9,0,1,32.49,1,2025-11-08 04:00:00,2025-11-08 08:00:00,W,Dovercourt Rd,0,0,0,0
2025-11-08,15,10:00,140,10,13.9,0,1,32.49,1,2025-11-08 04:00:00,2025-11-08 08:00:00,W,Glenmount Park Rd,0,0,0,0
2025-11-08,15,10:00,140,10,13.9,0,1,32.49,1,2025-11-08 04:00:00,2025-11-08 08:00:00,W,Prust Ave,0,0,0,0
2025-11-08,15,10:00,140,10,13.9,0,1,32.49,1,2025-11-08 04:00:00,2025-11-08 08:00:00,W,Main Street Station at Bay 7,0,0,2,0
2025-11-08,15,10:00,140,10,13.9,0,1,32.49,1,2025-11-08 04:00:00,2025-11-08 08:00:00,W,Norwood Rd,0,0,0,0
2025-11-08,15,10:00,140,10,13.9,0,1,32.49,1,2025-11-08 04:00:00,2025-11-08 08:00:00,W,McCaul St,0,0,0,0
2025-11-08,15,10:00,140,10,13.9,0,1,32.49,1,2025-11-08 04:00:00,2025-11-08 08:00:00,W,Broadview Ave,0,0,0,0
2025-11-08,15,10:00,140,10,13.9,0,1,32.49,1,2025-11-08 04:00:00,2025-11-08 08:00:00,W,Ontario St,0,0,0,0
2025-11-08,15,10:00,140,10,13.9,0,1,32.49,1,2025-11-08 04:00:00,2025-11-08 08:00:00,W,Rusholme Park Cres,0,0,0,0
2025-11-08,15,10:00,140,10,13.9,0,1,32.49,1,2025-11-08 04:00:00,2025-11-08 08:00:00,W,Havelock St,0,0,0,0
2025-11-08,15,10:00,140,10,13.9,0,1,32.49,1,2025-11-08 04:00:00,2025-11-08 08:00:00,W,High Park Loop,0,0,0,0
2025-11-08,15,10:00,140,10,13.9,0,1,32.49,1,2025-11-08 04:00:00,2025-11-08 08:00:00,W,Queens Park (Queen's Park Station),0,0,0,0
2025-11-08,15,10:00,140,10,13.9,0,1,32.49,1,2025-11-08 04:00:00,2025-11-08 08:00:00,W,Roncesvalles Ave,0,1,0,0
2025-11-08,15,10:00,140,10,13.9,0,1,32.49,1,2025-11-08 04:00:00,2025-11-08 08:00:00,W,De Grassi St,0,0,0,0
2025-11-08,15,10:00,140,10,13.9,0,1,32.49,1,2025-11-08 04:00:00,2025-11-08 08:00:00,W,Parliament St at Carlton St,0,0,0,0
2025-11-08,15,10:00,140,10,13.9,0,1,32.49,1,2025-11-08 04:00:00,2025-11-08 08:00:00,W,Parkside Dr East Side,0,0,0,0
2025-11-08,15,10:00,140,10,13.9,0,1,32.49,1,2025-11-08 04:00:00,2025-11-08 08:00:00,W,Dundas St West,0,1,0,0
2025-11-08,15,10:00,140,10,13.9,0,1,32.49,1,2025-11-08 04:00:00,2025-11-08 08:00:00,W,Howard Park Ave at Roncesvalles Ave,0,0,0,0
2025-11-08,15,10:00,140,10,13.9,0,1,32.49,1,2025-11-08 04:00:00,2025-11-08 08:00:00,W,Parliament St,0,0,0,0
2025-11-08,15,10:00,140,10,13.9,0,1,32.49,1,2025-11-08 04:00:00,2025-11-08 08:00:00,W,Parliament St at Gerrard St East,0,0,0,0
2025-11-08,15,10:00,140,10,13.9,0,1,32.49,1,2025-11-08 04:00:00,2025-11-08 08:00:00,W,Sumach St,0,0,0,0
2025-11-08,15,10:00,140,10,13.9,0,1,32.49,1,2025-11-08 04:00:00,2025-11-08 08:00:00,W,Blackburn St,0,0,0,0
2025-11-08,15,10:00,140,10,13.9,0,1,32.49,1,2025-11-08 04:00:00,2025-11-08 08:00:00,W,Logan Ave,0,0,0,0
2025-11-08,15,10:00,140,10,13.9,0,1,32.49,1,2025-11-08 04:00:00,2025-11-08 08:00:00,W,Augusta Ave,0,0,0,0
2025-11-08,15,10:00,140,10,13.9,0,1,32.49,1,2025-11-08 04:00:00,2025-11-08 08:00:00,W,Beverley St,0,0,0,0
2025-11-08,15,10:00,140,10,13.9,0,1,32.49,1,2025-11-08 04:00:00,2025-11-08 08:00:00,W,University Ave (Queen's Park Station,0,0,0,0
2025-11-08,15,10:00,140,10,13.9,0,1,32.49,1,2025-11-08 04:00:00,2025-11-08 08:00:00,W,Elizabeth St,0,0,0,0
2025-11-08,15,10:00,140,10,13.9,0,1,32.49,1,2025-11-08 04:00:00,2025-11-08 08:00:00,W,Greenwood Ave,0,0,0,0
2025-11-08,15,10:00,140,10,13.9,0,1,32.49,1,2025-11-08 04:00:00,2025-11-08 08:00:00,W,Alton Ave,0,0,0,0
2025-11-08,15,10:00,140,10,13.9,0,1,32.49,1,2025-11-08 04:00:00,2025-11-08 08:00:00,W,Coxwell Ave,0,0,0,0
2025-11-08,15,10:00,140,10,13.9,0,1,32.49,1,2025-11-08 04:00:00,2025-11-08 08:00:00,W,Gerrard St East  at Coxwell Ave,0,0,0,0
2025-11-08,15,10:00,140,10,13.9,0,1,32.49,1,2025-11-08 04:00:00,2025-11-08 08:00:00,W,Coxwell Ave at Lower Gerrard St East,0,0,0,0
2025-11-08,15,10:00,140,10,13.9,0,1,32.49,1,2025-11-08 04:00:00,2025-11-08 08:00:00,W,Ashdale Ave,0,0,0,0
2025-11-08,15,10:00,140,10,13.9,0,1,32.49,1,2025-11-08 04:00:00,2025-11-08 08:00:00,W,Howard Park Ave at Indian Rd,0,0,0,0
2025-11-08,15,10:00,140,10,13.9,0,1,32.49,1,2025-11-08 04:00:00,2025-11-08 08:00:00,W,Dundas St West at Howard Park Ave,0,0,0,0
2025-11-08,15,10:00,140,10,13.9,0,1,32.49,1,2025-11-08 04:00:00,2025-11-08 08:00:00,W,Main St at Gerrard St East,0,0,0,0
2025-11-08,15,10:00,140,10,13.9,0,1,32.49,1,2025-11-08 04:00:00,2025-11-08 08:00:00,W,Main St,0,0,0,0
2025-11-08,15,10:00,140,10,13.9,0,1,32.49,1,2025-11-08 04:00:00,2025-11-08 08:00:00,W,Main St at Danforth Ave,0,0,0,0
2025-11-08,15,10:00,140,10,13.9,0,1,32.49,1,2025-11-08 04:00:00,2025-11-08 08:00:00,W,Howard Park Ave at Parkside Dr,0,0,0,0
2025-11-15,15,10:00,140,10,13.9,0,1,32.49,1,2025-11-15 04:00:00,2025-11-15 08:00:00,E,Woodfield Rd,0,0,0,0
2025-11-15,15,10:00,140,10,13.9,0,1,32.49,1,2025-11-15 04:00:00,2025-11-15 08:00:00,E,Coxwell Ave at Gerrard St East,0,0,0,0
2025-11-15,15,10:00,140,10,13.9,0,1,32.49,1,2025-11-15 04:00:00,2025-11-15 08:00:00,E,Euclid Ave,0,0,0,0
2025-11-15,15,10:00,140,10,13.9,0,1,32.49,1,2025-11-15 04:00:00,2025-11-15 08:00:00,E,Bowmore Rd,2,3,1,0
2025-11-15,15,10:00,140,10,13.9,0,1,32.49,1,2025-11-15 04:00:00,2025-11-15 08:00:00,E,Bay St,0,1,0,0
2025-11-15,15,10:00,140,10,13.9,0,1,32.49,1,2025-11-15 04:00:00,2025-11-15 08:00:00,E,Lansdowne Ave,2,4,1,0
2025-11-15,15,10:00,140,10,13.9,0,1,32.49,1,2025-11-15 04:00:00,2025-11-15 08:00:00,E,Indian Rd,0,0,0,0
2025-11-15,15,10:00,140,10,13.9,0,1,32.49,1,2025-11-15 04:00:00,2025-11-15 08:00:00,E,Grace St,0,0,0,0
2025-11-15,15,10:00,140,10,13.9,0,1,32.49,1,2025-11-15 04:00:00,2025-11-15 08:00:00,E,Dufferin St,1,0,0,0
2025-11-15,15,10:00,140,10,13.9,0,1,32.49,1,2025-11-15 04:00:00,2025-11-15 08:00:00,E,Gerrard St East at Beaton Ave,2,2,1,0
2025-11-15,15,10:00,140,10,13.9,0,1,32.49,1,2025-11-15 04:00:00,2025-11-15 08:00:00,E,Bathurst St,0,1,0,0
2025-11-15,15,10:00,140,10,13.9,0,1,32.49,1,2025-11-15 04:00:00,2025-11-15 08:00:00,E,Yonge St - College Station,0,1,0,0
2025-11-15,15,10:00,140,10,13.9,0,1,32.49,1,2025-11-15 04:00:00,2025-11-15 08:00:00,E,Dundas St West at Sterling Rd,0,0,0,0
2025-11-15,15,10:00,140,10,13.9,0,1,32.49,1,2025-11-15 04:00:00,2025-11-15 08:00:00,E,Brock Ave,2,2,1,0
2025-11-15,15,10:00,140,10,13.9,0,1,32.49,1,2025-11-15 04:00:00,2025-11-15 08:00:00,E,Sackville St,0,0,0,0
2025-11-15,15,10:00,140,10,13.9,0,1,32.49,1,2025-11-15 04:00:00,2025-11-15 08:00:00,E,Carlaw Ave,0,1,0,0
2025-11-15,15,10:00,140,10,13.9,0,1,32.49,1,2025-11-15 04:00:00,2025-11-15 08:00:00,E,Borden St,0,1,0,0
2025-11-15,15,10:00,140,10,13.9,0,1,32.49,1,2025-11-15 04:00:00,2025-11-15 08:00:00,E,Dundas St West at Sorauren Ave,0,0,0,0
2025-11-15,15,10:00,140,10,13.9,0,1,32.49,1,2025-11-15 04:00:00,2025-11-15 08:00:00,E,Crawford St,0,0,0,0
2025-11-15,15,10:00,140,10,13.9,0,1,32.49,1,2025-11-15 04:00:00,2025-11-15 08:00:00,E,Pape Ave,0,1,0,0
2025-11-15,15,10:00,140,10,13.9,0,1,32.49,1,2025-11-15 04:00:00,2025-11-15 08:00:00,E,Spadina Ave,0,1,0,0
2025-11-15,15,10:00,140,10,13.9,0,1,32.49,1,2025-11-15 04:00:00,2025-11-15 08:00:00,E,River St,0,0,0,0
2025-11-15,15,10:00,140,10,13.9,0,1,32.49,1,2025-11-15 04:00:00,2025-11-15 08:00:00,E,Marjory Ave,0,0,0,0
2025-11-15,15,10:00,140,10,13.9,0,1,32.49,1,2025-11-15 04:00:00,2025-11-15 08:00:00,E,Kingsmount Park Rd,2,3,1,0
2025-11-15,15,10:00,140,10,13.9,0,1,32.49,1,2025-11-15 04:00:00,2025-11-15 08:00:00,E,Church St,0,0,0,0
2025-11-15,15,10:00,140,10,13.9,0,1,32.49,1,2025-11-15 04:00:00,2025-11-15 08:00:00,E,Ossington Ave,0,1,0,0
2025-11-15,15,10:00,140,10,13.9,0,1,32.49,1,2025-11-15 04:00:00,2025-11-15 08:00:00,E,Woodbine Ave,2,2,1,0
2025-11-15,15,10:00,140,10,13.9,0,1,32.49,1,2025-11-15 04:00:00,2025-11-15 08:00:00,E,Jones Ave,0,0,0,0
2025-11-15,15,10:00,140,10,13.9,0,1,32.49,1,2025-11-15 04:00:00,2025-11-15 08:00:00,E,Golfview Ave,2,3,1,0
2025-11-15,15,10:00,140,10,13.9,0,1,32.49,1,2025-11-15 04:00:00,2025-11-15 08:00:00,E,Leslie St,0,0,0,0
2025-11-15,15,10:00,140,10,13.9,0,1,32.49,1,2025-11-15 04:00:00,2025-11-15 08:00:00,E,St Matthews Rd,0,0,0,0
2025-11-15,15,10:00,140,10,13.9,0,1,32.49,1,2025-11-15 04:00:00,2025-11-15 08:00:00,E,Jarvis St,0,0,0,0
2025-11-15,15,10:00,140,10,13.9,0,1,32.49,1,2025-11-15 04:00:00,2025-11-15 08:00:00,E,Sherbourne St,0,0,0,0
2025-11-15,15,10:00,140,10,13.9,0,1,32.49,1,2025-11-15 04:00:00,2025-11-15 08:00:00,E,St George St,0,1,0,0
2025-11-15,15,10:00,140,10,13.9,0,1,32.49,1,2025-11-15 04:00:00,2025-11-15 08:00:00,E,Dovercourt Rd,0,1,0,0
2025-11-15,15,10:00,140,10,13.9,0,1,32.49,1,2025-11-15 04:00:00,2025-11-15 08:00:00,E,Glenmount Park Rd,2,3,1,0
2025-11-15,15,10:00,140,10,13.9,0,1,32.49,1,2025-11-15 04:00:00,2025-11-15 08:00:00,E,Prust Ave,0,0,0,0
2025-11-15,15,10:00,140,10,13.9,0,1,32.49,1,2025-11-15 04:00:00,2025-11-15 08:00:00,E,Main Street Station at Bay 7,0,0,0,0
2025-11-15,15,10:00,140,10,13.9,0,1,32.49,1,2025-11-15 04:00:00,2025-11-15 08:00:00,E,Norwood Rd,2,4,1,0
2025-11-15,15,10:00,140,10,13.9,0,1,32.49,1,2025-11-15 04:00:00,2025-11-15 08:00:00,E,McCaul St,0,1,0,0
2025-11-15,15,10:00,140,10,13.9,0,1,32.49,1,2025-11-15 04:00:00,2025-11-15 08:00:00,E,Broadview Ave,1,0,0,0
2025-11-15,15,10:00,140,10,13.9,0,1,32.49,1,2025-11-15 04:00:00,2025-11-15 08:00:00,E,Ontario St,0,0,0,0
2025-11-15,15,10:00,140,10,13.9,0,1,32.49,1,2025-11-15 04:00:00,2025-11-15 08:00:00,E,Rusholme Park Cres,0,0,0,0
2025-11-15,15,10:00,140,10,13.9,0,1,32.49,1,2025-11-15 04:00:00,2025-11-15 08:00:00,E,Havelock St,0,0,0,0
2025-11-15,15,10:00,140,10,13.9,0,1,32.49,1,2025-11-15 04:00:00,2025-11-15 08:00:00,E,High Park Loop,0,0,0,0
2025-11-15,15,10:00,140,10,13.9,0,1,32.49,1,2025-11-15 04:00:00,2025-11-15 08:00:00,E,Queens Park (Queen's Park Station),0,1,0,0
2025-11-15,15,10:00,140,10,13.9,0,1,32.49,1,2025-11-15 04:00:00,2025-11-15 08:00:00,E,Roncesvalles Ave,0,0,0,0
2025-11-15,15,10:00,140,10,13.9,0,1,32.49,1,2025-11-15 04:00:00,2025-11-15 08:00:00,E,De Grassi St,1,0,0,0
2025-11-15,15,10:00,140,10,13.9,0,1,32.49,1,2025-11-15 04:00:00,2025-11-15 08:00:00,E,Parliament St at Carlton St,1,0,0,0
2025-11-15,15,10:00,140,10,13.9,0,1,32.49,1,2025-11-15 04:00:00,2025-11-15 08:00:00,E,Parkside Dr East Side,0,0,0,0
2025-11-15,15,10:00,140,10,13.9,0,1,32.49,1,2025-11-15 04:00:00,2025-11-15 08:00:00,E,Dundas St West,0,0,0,0
2025-11-15,15,10:00,140,10,13.9,0,1,32.49,1,2025-11-15 04:00:00,2025-11-15 08:00:00,E,Howard Park Ave at Roncesvalles Ave,0,0,0,0
2025-11-15,15,10:00,140,10,13.9,0,1,32.49,1,2025-11-15 04:00:00,2025-11-15 08:00:00,E,Parliament St,0,0,0,0
2025-11-15,15,10:00,140,10,13.9,0,1,32.49,1,2025-11-15 04:00:00,2025-11-15 08:00:00,E,Parliament St at Gerrard St East,0,0,0,0
2025-11-15,15,10:00,140,10,13.9,0,1,32.49,1,2025-11-15 04:00:00,2025-11-15 08:00:00,E,Sumach St,0,0,0,0
2025-11-15,15,10:00,140,10,13.9,0,1,32.49,1,2025-11-15 04:00:00,2025-11-15 08:00:00,E,Blackburn St,0,0,0,0
2025-11-15,15,10:00,140,10,13.9,0,1,32.49,1,2025-11-15 04:00:00,2025-11-15 08:00:00,E,Logan Ave,0,0,0,0
2025-11-15,15,10:00,140,10,13.9,0,1,32.49,1,2025-11-15 04:00:00,2025-11-15 08:00:00,E,Augusta Ave,0,0,0,0
2025-11-15,15,10:00,140,10,13.9,0,1,32.49,1,2025-11-15 04:00:00,2025-11-15 08:00:00,E,Beverley St,0,0,0,0
2025-11-15,15,10:00,140,10,13.9,0,1,32.49,1,2025-11-15 04:00:00,2025-11-15 08:00:00,E,University Ave (Queen's Park Station,0,0,0,0
2025-11-15,15,10:00,140,10,13.9,0,1,32.49,1,2025-11-15 04:00:00,2025-11-15 08:00:00,E,Elizabeth St,0,0,0,0
2025-11-15,15,10:00,140,10,13.9,0,1,32.49,1,2025-11-15 04:00:00,2025-11-15 08:00:00,E,Greenwood Ave,0,0,0,0
2025-11-15,15,10:00,140,10,13.9,0,1,32.49,1,2025-11-15 04:00:00,2025-11-15 08:00:00,E,Alton Ave,0,0,0,0
2025-11-15,15,10:00,140,10,13.9,0,1,32.49,1,2025-11-15 04:00:00,2025-11-15 08:00:00,E,Coxwell Ave,0,0,0,0
2025-11-15,15,10:00,140,10,13.9,0,1,32.49,1,2025-11-15 04:00:00,2025-11-15 08:00:00,E,Gerrard St East  at Coxwell Ave,0,0,0,0
2025-11-15,15,10:00,140,10,13.9,0,1,32.49,1,2025-11-15 04:00:00,2025-11-15 08:00:00,E,Coxwell Ave at Lower Gerrard St East,0,0,0,0
2025-11-15,15,10:00,140,10,13.9,0,1,32.49,1,2025-11-15 04:00:00,2025-11-15 08:00:00,E,Ashdale Ave,0,0,0,0
2025-11-15,15,10:00,140,10,13.9,0,1,32.49,1,2025-11-15 04:00:00,2025-11-15 08:00:00,E,Howard Park Ave at Indian Rd,0,0,0,0
2025-11-15,15,10:00,140,10,13.9,0,1,32.49,1,2025-11-15 04:00:00,2025-11-15 08:00:00,E,Dundas St West at Howard Park Ave,0,0,0,0
2025-11-15,15,10:00,140,10,13.9,0,1,32.49,1,2025-11-15 04:00:00,2025-11-15 08:00:00,E,Main St at Gerrard St East,0,0,0,0
2025-11-15,15,10:00,140,10,13.9,0,1,32.49,1,2025-11-15 04:00:00,2025-11-15 08:00:00,E,Main St,0,0,0,0
2025-11-15,15,10:00,140,10,13.9,0,1,32.49,1,2025-11-15 04:00:00,2025-11-15 08:00:00,E,Main St at Danforth Ave,0,0,0,0
2025-11-15,15,10:00,140,10,13.9,0,1,32.49,1,2025-11-15 04:00:00,2025-11-15 08:00:00,E,Howard Park Ave at Parkside Dr,0,0,0,0
2025-11-15,15,10:00,140,10,13.9,0,1,32.49,1,2025-11-15 04:00:00,2025-11-15 08:00:00,W,Woodfield Rd,1,0,2,0
2025-11-15,15,10:00,140,10,13.9,0,1,32.49,1,2025-11-15 04:00:00,2025-11-15 08:00:00,W,Coxwell Ave at Gerrard St East,1,0,2,0
2025-11-15,15,10:00,140,10,13.9,0,1,32.49,1,2025-11-15 04:00:00,2025-11-15 08:00:00,W,Euclid Ave,0,0,0,0
2025-11-15,15,10:00,140,10,13.9,0,1,32.49,1,2025-11-15 04:00:00,2025-11-15 08:00:00,W,Bowmore Rd,0,1,1,0
2025-11-15,15,10:00,140,10,13.9,0,1,32.49,1,2025-11-15 04:00:00,2025-11-15 08:00:00,W,Bay St,0,0,1,0
2025-11-15,15,10:00,140,10,13.9,0,1,32.49,1,2025-11-15 04:00:00,2025-11-15 08:00:00,W,Lansdowne Ave,0,0,0,0
2025-11-15,15,10:00,140,10,13.9,0,1,32.49,1,2025-11-15 04:00:00,2025-11-15 08:00:00,W,Indian Rd,2,1,0,0
2025-11-15,15,10:00,140,10,13.9,0,1,32.49,1,2025-11-15 04:00:00,2025-11-15 08:00:00,W,Grace St,0,0,0,0
2025-11-15,15,10:00,140,10,13.9,0,1,32.49,1,2025-11-15 04:00:00,2025-11-15 08:00:00,W,Dufferin St,0,1,0,0
2025-11-15,15,10:00,140,10,13.9,0,1,32.49,1,2025-11-15 04:00:00,2025-11-15 08:00:00,W,Gerrard St East at Beaton Ave,0,1,1,0
2025-11-15,15,10:00,140,10,13.9,0,1,32.49,1,2025-11-15 04:00:00,2025-11-15 08:00:00,W,Bathurst St,0,0,0,0
2025-11-15,15,10:00,140,10,13.9,0,1,32.49,1,2025-11-15 04:00:00,2025-11-15 08:00:00,W,Yonge St - College Station,0,0,0,0
2025-11-15,15,10:00,140,10,13.9,0,1,32.49,1,2025-11-15 04:00:00,2025-11-15 08:00:00,W,Dundas St West at Sterling Rd,0,0,0,0
2025-11-15,15,10:00,140,10,13.9,0,1,32.49,1,2025-11-15 04:00:00,2025-11-15 08:00:00,W,Brock Ave,0,0,0,0
2025-11-15,15,10:00,140,10,13.9,0,1,32.49,1,2025-11-15 04:00:00,2025-11-15 08:00:00,W,Sackville St,0,0,0,0
2025-11-15,15,10:00,140,10,13.9,0,1,32.49,1,2025-11-15 04:00:00,2025-11-15 08:00:00,W,Carlaw Ave,0,0,0,0
2025-11-15,15,10:00,140,10,13.9,0,1,32.49,1,2025-11-15 04:00:00,2025-11-15 08:00:00,W,Borden St,0,0,0,0
2025-11-15,15,10:00,140,10,13.9,0,1,32.49,1,2025-11-15 04:00:00,2025-11-15 08:00:00,W,Dundas St West at Sorauren Ave,2,1,0,0
2025-11-15,15,10:00,140,10,13.9,0,1,32.49,1,2025-11-15 04:00:00,2025-11-15 08:00:00,W,Crawford St,0,0,0,0
2025-11-15,15,10:00,140,10,13.9,0,1,32.49,1,2025-11-15 04:00:00,2025-11-15 08:00:00,W,Pape Ave,0,0,0,0
2025-11-15,15,10:00,140,10,13.9,0,1,32.49,1,2025-11-15 04:00:00,2025-11-15 08:00:00,W,Spadina Ave,0,0,1,0
2025-11-15,15,10:00,140,10,13.9,0,1,32.49,1,2025-11-15 04:00:00,2025-11-15 08:00:00,W,River St,0,0,0,0
2025-11-15,15,10:00,140,10,13.9,0,1,32.49,1,2025-11-15 04:00:00,2025-11-15 08:00:00,W,Marjory Ave,0,0,0,0
2025-11-15,15,10:00,140,10,13.9,0,1,32.49,1,2025-11-15 04:00:00,2025-11-15 08:00:00,W,Kingsmount Park Rd,0,0,0,0
2025-11-15,15,10:00,140,10,13.9,0,1,32.49,1,2025-11-15 04:00:00,2025-11-15 08:00:00,W,Church St,0,0,0,0
2025-11-15,15,10:00,140,10,13.9,0,1,32.49,1,2025-11-15 04:00:00,2025-11-15 08:00:00,W,Ossington Ave,0,0,0,0
2025-11-15,15,10:00,140,10,13.9,0,1,32.49,1,2025-11-15 04:00:00,2025-11-15 08:00:00,W,Woodbine Ave,0,0,0,0
2025-11-15,15,10:00,140,10,13.9,0,1,32.49,1,2025-11-15 04:00:00,2025-11-15 08:00:00,W,Jones Ave,0,0,0,0
2025-11-15,15,10:00,140,10,13.9,0,1,32.49,1,2025-11-15 04:00:00,2025-11-15 08:00:00,W,Golfview Ave,0,0,0,0
2025-11-15,15,10:00,140,10,13.9,0,1,32.49,1,2025-11-15 04:00:00,2025-11-15 08:00:00,W,Leslie St,0,0,0,0
2025-11-15,15,10:00,140,10,13.9,0,1,32.49,1,2025-11-15 04:00:00,2025-11-15 08:00:00,W,St Matthews Rd,0,0,0,0
2025-11-15,15,10:00,140,10,13.9,0,1,32.49,1,2025-11-15 04:00:00,2025-11-15 08:00:00,W,Jarvis St,0,0,0,0
2025-11-15,15,10:00,140,10,13.9,0,1,32.49,1,2025-11-15 04:00:00,2025-11-15 08:00:00,W,Sherbourne St,0,0,0,0
2025-11-15,15,10:00,140,10,13.9,0,1,32.49,1,2025-11-15 04:00:00,2025-11-15 08:00:00,W,St George St,0,0,0,0
2025-11-15,15,10:00,140,10,13.9,0,1,32.49,1,2025-11-15 04:00:00,2025-11-15 08:00:00,W,Dovercourt Rd,0,0,0,0
2025-11-15,15,10:00,140,10,13.9,0,1,32.49,1,2025-11-15 04:00:00,2025-11-15 08:00:00,W,Glenmount Park Rd,0,0,0,0
2025-11-15,15,10:00,140,10,13.9,0,1,32.49,1,2025-11-15 04:00:00,2025-11-15 08:00:00,W,Prust Ave,0,0,0,0
2025-11-15,15,10:00,140,10,13.9,0,1,32.49,1,2025-11-15 04:00:00,2025-11-15 08:00:00,W,Main Street Station at Bay 7,0,1,1,0
2025-11-15,15,10:00,140,10,13.9,0,1,32.49,1,2025-11-15 04:00:00,2025-11-15 08:00:00,W,Norwood Rd,0,0,0,0
2025-11-15,15,10:00,140,10,13.9,0,1,32.49,1,2025-11-15 04:00:00,2025-11-15 08:00:00,W,McCaul St,0,0,0,0
2025-11-15,15,10:00,140,10,13.9,0,1,32.49,1,2025-11-15 04:00:00,2025-11-15 08:00:00,W,Broadview Ave,0,0,0,0
2025-11-15,15,10:00,140,10,13.9,0,1,32.49,1,2025-11-15 04:00:00,2025-11-15 08:00:00,W,Ontario St,0,0,0,0
2025-11-15,15,10:00,140,10,13.9,0,1,32.49,1,2025-11-15 04:00:00,2025-11-15 08:00:00,W,Rusholme Park Cres,0,0,0,0
2025-11-15,15,10:00,140,10,13.9,0,1,32.49,1,2025-11-15 04:00:00,2025-11-15 08:00:00,W,Havelock St,0,0,0,0
2025-11-15,15,10:00,140,10,13.9,0,1,32.49,1,2025-11-15 04:00:00,2025-11-15 08:00:00,W,High Park Loop,0,0,0,0
2025-11-15,15,10:00,140,10,13.9,0,1,32.49,1,2025-11-15 04:00:00,2025-11-15 08:00:00,W,Queens Park (Queen's Park Station),0,0,0,0
2025-11-15,15,10:00,140,10,13.9,0,1,32.49,1,2025-11-15 04:00:00,2025-11-15 08:00:00,W,Roncesvalles Ave,2,2,0,0
2025-11-15,15,10:00,140,10,13.9,0,1,32.49,1,2025-11-15 04:00:00,2025-11-15 08:00:00,W,De Grassi St,0,0,0,0
2025-11-15,15,10:00,140,10,13.9,0,1,32.49,1,2025-11-15 04:00:00,2025-11-15 08:00:00,W,Parliament St at Carlton St,0,0,0,0
2025-11-15,15,10:00,140,10,13.9,0,1,32.49,1,2025-11-15 04:00:00,2025-11-15 08:00:00,W,Parkside Dr East Side,0,0,0,0
2025-11-15,15,10:00,140,10,13.9,0,1,32.49,1,2025-11-15 04:00:00,2025-11-15 08:00:00,W,Dundas St West,2,1,0,0
2025-11-15,15,10:00,140,10,13.9,0,1,32.49,1,2025-11-15 04:00:00,2025-11-15 08:00:00,W,Howard Park Ave at Roncesvalles Ave,0,0,0,0
2025-11-15,15,10:00,140,10,13.9,0,1,32.49,1,2025-11-15 04:00:00,2025-11-15 08:00:00,W,Parliament St,0,0,0,0
2025-11-15,15,10:00,140,10,13.9,0,1,32.49,1,2025-11-15 04:00:00,2025-11-15 08:00:00,W,Parliament St at Gerrard St East,0,0,0,0
2025-11-15,15,10:00,140,10,13.9,0,1,32.49,1,2025-11-15 04:00:00,2025-11-15 08:00:00,W,Sumach St,0,0,0,0
2025-11-15,15,10:00,140,10,13.9,0,1,32.49,1,2025-11-15 04:00:00,2025-11-15 08:00:00,W,Blackburn St,0,0,0,0
2025-11-15,15,10:00,140,10,13.9,0,1,32.49,1,2025-11-15 04:00:00,2025-11-15 08:00:00,W,Logan Ave,0,0,0,0
2025-11-15,15,10:00,140,10,13.9,0,1,32.49,1,2025-11-15 04:00:00,2025-11-15 08:00:00,W,Augusta Ave,0,0,0,0
2025-11-15,15,10:00,140,10,13.9,0,1,32.49,1,2025-11-15 04:00:00,2025-11-15 08:00:00,W,Beverley St,0,0,0,0
2025-11-15,15,10:00,140,10,13.9,0,1,32.49,1,2025-11-15 04:00:00,2025-11-15 08:00:00,W,University Ave (Queen's Park Station,0,0,0,0
2025-11-15,15,10:00,140,10,13.9,0,1,32.49,1,2025-11-15 04:00:00,2025-11-15 08:00:00,W,Elizabeth St,0,0,0,0
2025-11-15,15,10:00,140,10,13.9,0,1,32.49,1,2025-11-15 04:00:00,2025-11-15 08:00:00,W,Greenwood Ave,0,0,0,0
2025-11-15,15,10:00,140,10,13.9,0,1,32.49,1,2025-11-15 04:00:00,2025-11-15 08:00:00,W,Alton Ave,0,0,0,0
2025-11-15,15,10:00,140,10,13.9,0,1,32.49,1,2025-11-15 04:00:00,2025-11-15 08:00:00,W,Coxwell Ave,0,0,0,0
2025-11-15,15,10:00,140,10,13.9,0,1,32.49,1,2025-11-15 04:00:00,2025-11-15 08:00:00,W,Gerrard St East  at Coxwell Ave,0,0,0,0
2025-11-15,15,10:00,140,10,13.9,0,1,32.49,1,2025-11-15 04:00:00,2025-11-15 08:00:00,W,Coxwell Ave at Lower Gerrard St East,0,0,0,0
2025-11-15,15,10:00,140,10,13.9,0,1,32.49,1,2025-11-15 04:00:00,2025-11-15 08:00:00,W,Ashdale Ave,0,0,0,0
2025-11-15,15,10:00,140,10,13.9,0,1,32.49,1,2025-11-15 04:00:00,2025-11-15 08:00:00,W,Howard Park Ave at Indian Rd,0,0,0,0
2025-11-15,15,10:00,140,10,13.9,0,1,32.49,1,2025-11-15 04:00:00,2025-11-15 08:00:00,W,Dundas St West at Howard Park Ave,0,0,0,0
2025-11-15,15,10:00,140,10,13.9,0,1,32.49,1,2025-11-15 04:00:00,2025-11-15 08:00:00,W,Main St at Gerrard St East,0,0,0,0
2025-11-15,15,10:00,140,10,13.9,0,1,32.49,1,2025-11-15 04:00:00,2025-11-15 08:00:00,W,Main St,0,0,0,0
2025-11-15,15,10:00,140,10,13.9,0,1,32.49,1,2025-11-15 04:00:00,2025-11-15 08:00:00,W,Main St at Danforth Ave,0,0,0,0
2025-11-15,15,10:00,140,10,13.9,0,1,32.49,1,2025-11-15 04:00:00,2025-11-15 08:00:00,W,Howard Park Ave at Parkside Dr,0,0,0,0
2025-11-22,15,10:00,140,10,13.9,0,1,32.49,1,2025-11-22 04:00:00,2025-11-22 08:00:00,E,Woodfield Rd,1,0,2,0
2025-11-22,15,10:00,140,10,13.9,0,1,32.49,1,2025-11-22 04:00:00,2025-11-22 08:00:00,E,Coxwell Ave at Gerrard St East,0,0,0,0
2025-11-22,15,10:00,140,10,13.9,0,1,32.49,1,2025-11-22 04:00:00,2025-11-22 08:00:00,E,Euclid Ave,0,0,1,0
2025-11-22,15,10:00,140,10,13.9,0,1,32.49,1,2025-11-22 04:00:00,2025-11-22 08:00:00,E,Bowmore Rd,1,1,4,0
2025-11-22,15,10:00,140,10,13.9,0,1,32.49,1,2025-11-22 04:00:00,2025-11-22 08:00:00,E,Bay St,6,0,1,0
2025-11-22,15,10:00,140,10,13.9,0,1,32.49,1,2025-11-22 04:00:00,2025-11-22 08:00:00,E,Lansdowne Ave,0,1,3,0
2025-11-22,15,10:00,140,10,13.9,0,1,32.49,1,2025-11-22 04:00:00,2025-11-22 08:00:00,E,Indian Rd,0,0,1,0
2025-11-22,15,10:00,140,10,13.9,0,1,32.49,1,2025-11-22 04:00:00,2025-11-22 08:00:00,E,Grace St,0,0,1,0
2025-11-22,15,10:00,140,10,13.9,0,1,32.49,1,2025-11-22 04:00:00,2025-11-22 08:00:00,E,Dufferin St,1,1,2,0
2025-11-22,15,10:00,140,10,13.9,0,1,32.49,1,2025-11-22 04:00:00,2025-11-22 08:00:00,E,Gerrard St East at Beaton Ave,1,1,4,0
2025-11-22,15,10:00,140,10,13.9,0,1,32.49,1,2025-11-22 04:00:00,2025-11-22 08:00:00,E,Bathurst St,1,0,0,0
2025-11-22,15,10:00,140,10,13.9,0,1,32.49,1,2025-11-22 04:00:00,2025-11-22 08:00:00,E,Yonge St - College Station,1,0,1,0
2025-11-22,15,10:00,140,10,13.9,0,1,32.49,1,2025-11-22 04:00:00,2025-11-22 08:00:00,E,Dundas St West at Sterling Rd,0,0,1,0
2025-11-22,15,10:00,140,10,13.9,0,1,32.49,1,2025-11-22 04:00:00,2025-11-22 08:00:00,E,Brock Ave,1,1,6,0
2025-11-22,15,10:00,140,10,13.9,0,1,32.49,1,2025-11-22 04:00:00,2025-11-22 08:00:00,E,Sackville St,0,0,0,0
2025-11-22,15,10:00,140,10,13.9,0,1,32.49,1,2025-11-22 04:00:00,2025-11-22 08:00:00,E,Carlaw Ave,0,0,0,0
2025-11-22,15,10:00,140,10,13.9,0,1,32.49,1,2025-11-22 04:00:00,2025-11-22 08:00:00,E,Borden St,0,0,0,0
2025-11-22,15,10:00,140,10,13.9,0,1,32.49,1,2025-11-22 04:00:00,2025-11-22 08:00:00,E,Dundas St West at Sorauren Ave,0,0,1,0
2025-11-22,15,10:00,140,10,13.9,0,1,32.49,1,2025-11-22 04:00:00,2025-11-22 08:00:00,E,Crawford St,0,0,1,0
2025-11-22,15,10:00,140,10,13.9,0,1,32.49,1,2025-11-22 04:00:00,2025-11-22 08:00:00,E,Pape Ave,1,0,1,0
2025-11-22,15,10:00,140,10,13.9,0,1,32.49,1,2025-11-22 04:00:00,2025-11-22 08:00:00,E,Spadina Ave,0,0,0,0
2025-11-22,15,10:00,140,10,13.9,0,1,32.49,1,2025-11-22 04:00:00,2025-11-22 08:00:00,E,River St,0,0,0,0
2025-11-22,15,10:00,140,10,13.9,0,1,32.49,1,2025-11-22 04:00:00,2025-11-22 08:00:00,E,Marjory Ave,1,0,2,0
2025-11-22,15,10:00,140,10,13.9,0,1,32.49,1,2025-11-22 04:00:00,2025-11-22 08:00:00,E,Kingsmount Park Rd,1,1,4,0
2025-11-22,15,10:00,140,10,13.9,0,1,32.49,1,2025-11-22 04:00:00,2025-11-22 08:00:00,E,Church St,1,0,1,0
2025-11-22,15,10:00,140,10,13.9,0,1,32.49,1,2025-11-22 04:00:00,2025-11-22 08:00:00,E,Ossington Ave,0,0,1,0
2025-11-22,15,10:00,140,10,13.9,0,1,32.49,1,2025-11-22 04:00:00,2025-11-22 08:00:00,E,Woodbine Ave,1,1,4,0
2025-11-22,15,10:00,140,10,13.9,0,1,32.49,1,2025-11-22 04:00:00,2025-11-22 08:00:00,E,Jones Ave,1,0,2,0
2025-11-22,15,10:00,140,10,13.9,0,1,32.49,1,2025-11-22 04:00:00,2025-11-22 08:00:00,E,Golfview Ave,1,1,4,0
2025-11-22,15,10:00,140,10,13.9,0,1,32.49,1,2025-11-22 04:00:00,2025-11-22 08:00:00,E,Leslie St,1,0,2,0
2025-11-22,15,10:00,140,10,13.9,0,1,32.49,1,2025-11-22 04:00:00,2025-11-22 08:00:00,E,St Matthews Rd,0,0,0,0
2025-11-22,15,10:00,140,10,13.9,0,1,32.49,1,2025-11-22 04:00:00,2025-11-22 08:00:00,E,Jarvis St,1,0,1,0
2025-11-22,15,10:00,140,10,13.9,0,1,32.49,1,2025-11-22 04:00:00,2025-11-22 08:00:00,E,Sherbourne St,1,0,1,0
2025-11-22,15,10:00,140,10,13.9,0,1,32.49,1,2025-11-22 04:00:00,2025-11-22 08:00:00,E,St George St,2,1,1,0
2025-11-22,15,10:00,140,10,13.9,0,1,32.49,1,2025-11-22 04:00:00,2025-11-22 08:00:00,E,Dovercourt Rd,1,1,2,0
2025-11-22,15,10:00,140,10,13.9,0,1,32.49,1,2025-11-22 04:00:00,2025-11-22 08:00:00,E,Glenmount Park Rd,1,1,4,0
2025-11-22,15,10:00,140,10,13.9,0,1,32.49,1,2025-11-22 04:00:00,2025-11-22 08:00:00,E,Prust Ave,1,0,2,0
2025-11-22,15,10:00,140,10,13.9,0,1,32.49,1,2025-11-22 04:00:00,2025-11-22 08:00:00,E,Main Street Station at Bay 7,0,0,0,0
2025-11-22,15,10:00,140,10,13.9,0,1,32.49,1,2025-11-22 04:00:00,2025-11-22 08:00:00,E,Norwood Rd,1,1,2,0
2025-11-22,15,10:00,140,10,13.9,0,1,32.49,1,2025-11-22 04:00:00,2025-11-22 08:00:00,E,McCaul St,1,1,1,0
2025-11-22,15,10:00,140,10,13.9,0,1,32.49,1,2025-11-22 04:00:00,2025-11-22 08:00:00,E,Broadview Ave,2,1,1,0
2025-11-22,15,10:00,140,10,13.9,0,1,32.49,1,2025-11-22 04:00:00,2025-11-22 08:00:00,E,Ontario St,1,0,1,0
2025-11-22,15,10:00,140,10,13.9,0,1,32.49,1,2025-11-22 04:00:00,2025-11-22 08:00:00,E,Rusholme Park Cres,0,0,1,0
2025-11-22,15,10:00,140,10,13.9,0,1,32.49,1,2025-11-22 04:00:00,2025-11-22 08:00:00,E,Havelock St,1,0,2,0
2025-11-22,15,10:00,140,10,13.9,0,1,32.49,1,2025-11-22 04:00:00,2025-11-22 08:00:00,E,High Park Loop,0,0,2,0
2025-11-22,15,10:00,140,10,13.9,0,1,32.49,1,2025-11-22 04:00:00,2025-11-22 08:00:00,E,Queens Park (Queen's Park Station),3,0,1,0
2025-11-22,15,10:00,140,10,13.9,0,1,32.49,1,2025-11-22 04:00:00,2025-11-22 08:00:00,E,Roncesvalles Ave,0,0,0,0
2025-11-22,15,10:00,140,10,13.9,0,1,32.49,1,2025-11-22 04:00:00,2025-11-22 08:00:00,E,De Grassi St,2,1,1,0
2025-11-22,15,10:00,140,10,13.9,0,1,32.49,1,2025-11-22 04:00:00,2025-11-22 08:00:00,E,Parliament St at Carlton St,1,0,1,0
2025-11-22,15,10:00,140,10,13.9,0,1,32.49,1,2025-11-22 04:00:00,2025-11-22 08:00:00,E,Parkside Dr East Side,0,0,1,0
2025-11-22,15,10:00,140,10,13.9,0,1,32.49,1,2025-11-22 04:00:00,2025-11-22 08:00:00,E,Dundas St West,1,0,1,0
2025-11-22,15,10:00,140,10,13.9,0,1,32.49,1,2025-11-22 04:00:00,2025-11-22 08:00:00,E,Howard Park Ave at Roncesvalles Ave,0,0,0,0
2025-11-22,15,10:00,140,10,13.9,0,1,32.49,1,2025-11-22 04:00:00,2025-11-22 08:00:00,E,Parliament St,0,0,0,0
2025-11-22,15,10:00,140,10,13.9,0,1,32.49,1,2025-11-22 04:00:00,2025-11-22 08:00:00,E,Parliament St at Gerrard St East,0,0,0,0
2025-11-22,15,10:00,140,10,13.9,0,1,32.49,1,2025-11-22 04:00:00,2025-11-22 08:00:00,E,Sumach St,0,0,0,0
2025-11-22,15,10:00,140,10,13.9,0,1,32.49,1,2025-11-22 04:00:00,2025-11-22 08:00:00,E,Blackburn St,0,0,0,0
2025-11-22,15,10:00,140,10,13.9,0,1,32.49,1,2025-11-22 04:00:00,2025-11-22 08:00:00,E,Logan Ave,0,0,0,0
2025-11-22,15,10:00,140,10,13.9,0,1,32.49,1,2025-11-22 04:00:00,2025-11-22 08:00:00,E,Augusta Ave,0,0,0,0
2025-11-22,15,10:00,140,10,13.9,0,1,32.49,1,2025-11-22 04:00:00,2025-11-22 08:00:00,E,Beverley St,0,0,0,0
2025-11-22,15,10:00,140,10,13.9,0,1,32.49,1,2025-11-22 04:00:00,2025-11-22 08:00:00,E,University Ave (Queen's Park Station,0,0,0,0
2025-11-22,15,10:00,140,10,13.9,0,1,32.49,1,2025-11-22 04:00:00,2025-11-22 08:00:00,E,Elizabeth St,0,0,0,0
2025-11-22,15,10:00,140,10,13.9,0,1,32.49,1,2025-11-22 04:00:00,2025-11-22 08:00:00,E,Greenwood Ave,0,0,0,0
2025-11-22,15,10:00,140,10,13.9,0,1,32.49,1,2025-11-22 04:00:00,2025-11-22 08:00:00,E,Alton Ave,0,0,0,0
2025-11-22,15,10:00,140,10,13.9,0,1,32.49,1,2025-11-22 04:00:00,2025-11-22 08:00:00,E,Coxwell Ave,0,0,0,0
2025-11-22,15,10:00,140,10,13.9,0,1,32.49,1,2025-11-22 04:00:00,2025-11-22 08:00:00,E,Gerrard St East  at Coxwell Ave,0,0,0,0
2025-11-22,15,10:00,140,10,13.9,0,1,32.49,1,2025-11-22 04:00:00,2025-11-22 08:00:00,E,Coxwell Ave at Lower Gerrard St East,0,0,0,0
2025-11-22,15,10:00,140,10,13.9,0,1,32.49,1,2025-11-22 04:00:00,2025-11-22 08:00:00,E,Ashdale Ave,0,0,0,0
2025-11-22,15,10:00,140,10,13.9,0,1,32.49,1,2025-11-22 04:00:00,2025-11-22 08:00:00,E,Howard Park Ave at Indian Rd,0,0,0,0
2025-11-22,15,10:00,140,10,13.9,0,1,32.49,1,2025-11-22 04:00:00,2025-11-22 08:00:00,E,Dundas St West at Howard Park Ave,0,0,0,0
2025-11-22,15,10:00,140,10,13.9,0,1,32.49,1,2025-11-22 04:00:00,2025-11-22 08:00:00,E,Main St at Gerrard St East,0,0,0,0
2025-11-22,15,10:00,140,10,13.9,0,1,32.49,1,2025-11-22 04:00:00,2025-11-22 08:00:00,E,Main St,0,0,0,0
2025-11-22,15,10:00,140,10,13.9,0,1,32.49,1,2025-11-22 04:00:00,2025-11-22 08:00:00,E,Main St at Danforth Ave,0,0,0,0
2025-11-22,15,10:00,140,10,13.9,0,1,32.49,1,2025-11-22 04:00:00,2025-11-22 08:00:00,E,Howard Park Ave at Parkside Dr,0,0,0,0
2025-11-22,15,10:00,140,10,13.9,0,1,32.49,1,2025-11-22 04:00:00,2025-11-22 08:00:00,W,Woodfield Rd,2,0,1,0
2025-11-22,15,10:00,140,10,13.9,0,1,32.49,1,2025-11-22 04:00:00,2025-11-22 08:00:00,W,Coxwell Ave at Gerrard St East,2,1,2,0
2025-11-22,15,10:00,140,10,13.9,0,1,32.49,1,2025-11-22 04:00:00,2025-11-22 08:00:00,W,Euclid Ave,0,0,0,0
2025-11-22,15,10:00,140,10,13.9,0,1,32.49,1,2025-11-22 04:00:00,2025-11-22 08:00:00,W,Bowmore Rd,1,0,2,0
2025-11-22,15,10:00,140,10,13.9,0,1,32.49,1,2025-11-22 04:00:00,2025-11-22 08:00:00,W,Bay St,3,1,1,0
2025-11-22,15,10:00,140,10,13.9,0,1,32.49,1,2025-11-22 04:00:00,2025-11-22 08:00:00,W,Lansdowne Ave,0,0,2,0
2025-11-22,15,10:00,140,10,13.9,0,1,32.49,1,2025-11-22 04:00:00,2025-11-22 08:00:00,W,Indian Rd,1,1,2,0
2025-11-22,15,10:00,140,10,13.9,0,1,32.49,1,2025-11-22 04:00:00,2025-11-22 08:00:00,W,Grace St,0,0,0,0
2025-11-22,15,10:00,140,10,13.9,0,1,32.49,1,2025-11-22 04:00:00,2025-11-22 08:00:00,W,Dufferin St,1,1,2,0
2025-11-22,15,10:00,140,10,13.9,0,1,32.49,1,2025-11-22 04:00:00,2025-11-22 08:00:00,W,Gerrard St East at Beaton Ave,1,0,2,0
2025-11-22,15,10:00,140,10,13.9,0,1,32.49,1,2025-11-22 04:00:00,2025-11-22 08:00:00,W,Bathurst St,0,0,0,0
2025-11-22,15,10:00,140,10,13.9,0,1,32.49,1,2025-11-22 04:00:00,2025-11-22 08:00:00,W,Yonge St - College Station,0,0,0,0
2025-11-22,15,10:00,140,10,13.9,0,1,32.49,1,2025-11-22 04:00:00,2025-11-22 08:00:00,W,Dundas St West at Sterling Rd,0,0,0,0
2025-11-22,15,10:00,140,10,13.9,0,1,32.49,1,2025-11-22 04:00:00,2025-11-22 08:00:00,W,Brock Ave,0,0,0,0
2025-11-22,15,10:00,140,10,13.9,0,1,32.49,1,2025-11-22 04:00:00,2025-11-22 08:00:00,W,Sackville St,0,0,0,0
2025-11-22,15,10:00,140,10,13.9,0,1,32.49,1,2025-11-22 04:00:00,2025-11-22 08:00:00,W,Carlaw Ave,0,0,0,0
2025-11-22,15,10:00,140,10,13.9,0,1,32.49,1,2025-11-22 04:00:00,2025-11-22 08:00:00,W,Borden St,0,0,0,0
2025-11-22,15,10:00,140,10,13.9,0,1,32.49,1,2025-11-22 04:00:00,2025-11-22 08:00:00,W,Dundas St West at Sorauren Ave,1,1,1,0
2025-11-22,15,10:00,140,10,13.9,0,1,32.49,1,2025-11-22 04:00:00,2025-11-22 08:00:00,W,Crawford St,0,0,0,0
2025-11-22,15,10:00,140,10,13.9,0,1,32.49,1,2025-11-22 04:00:00,2025-11-22 08:00:00,W,Pape Ave,0,0,0,0
2025-11-22,15,10:00,140,10,13.9,0,1,32.49,1,2025-11-22 04:00:00,2025-11-22 08:00:00,W,Spadina Ave,0,0,0,0
2025-11-22,15,10:00,140,10,13.9,0,1,32.49,1,2025-11-22 04:00:00,2025-11-22 08:00:00,W,River St,0,0,0,0
2025-11-22,15,10:00,140,10,13.9,0,1,32.49,1,2025-11-22 04:00:00,2025-11-22 08:00:00,W,Marjory Ave,0,0,0,0
2025-11-22,15,10:00,140,10,13.9,0,1,32.49,1,2025-11-22 04:00:00,2025-11-22 08:00:00,W,Kingsmount Park Rd,0,0,0,0
2025-11-22,15,10:00,140,10,13.9,0,1,32.49,1,2025-11-22 04:00:00,2025-11-22 08:00:00,W,Church St,0,0,0,0
2025-11-22,15,10:00,140,10,13.9,0,1,32.49,1,2025-11-22 04:00:00,2025-11-22 08:00:00,W,Ossington Ave,0,0,0,0
2025-11-22,15,10:00,140,10,13.9,0,1,32.49,1,2025-11-22 04:00:00,2025-11-22 08:00:00,W,Woodbine Ave,0,0,0,0
2025-11-22,15,10:00,140,10,13.9,0,1,32.49,1,2025-11-22 04:00:00,2025-11-22 08:00:00,W,Jones Ave,0,0,0,0
2025-11-22,15,10:00,140,10,13.9,0,1,32.49,1,2025-11-22 04:00:00,2025-11-22 08:00:00,W,Golfview Ave,0,0,0,0
2025-11-22,15,10:00,140,10,13.9,0,1,32.49,1,2025-11-22 04:00:00,2025-11-22 08:00:00,W,Leslie St,0,0,0,0
2025-11-22,15,10:00,140,10,13.9,0,1,32.49,1,2025-11-22 04:00:00,2025-11-22 08:00:00,W,St Matthews Rd,0,0,0,0
2025-11-22,15,10:00,140,10,13.9,0,1,32.49,1,2025-11-22 04:00:00,2025-11-22 08:00:00,W,Jarvis St,0,0,0,0
2025-11-22,15,10:00,140,10,13.9,0,1,32.49,1,2025-11-22 04:00:00,2025-11-22 08:00:00,W,Sherbourne St,0,0,0,0
2025-11-22,15,10:00,140,10,13.9,0,1,32.49,1,2025-11-22 04:00:00,2025-11-22 08:00:00,W,St George St,0,0,0,0
2025-11-22,15,10:00,140,10,13.9,0,1,32.49,1,2025-11-22 04:00:00,2025-11-22 08:00:00,W,Dovercourt Rd,0,0,0,0
2025-11-22,15,10:00,140,10,13.9,0,1,32.49,1,2025-11-22 04:00:00,2025-11-22 08:00:00,W,Glenmount Park Rd,0,0,0,0
2025-11-22,15,10:00,140,10,13.9,0,1,32.49,1,2025-11-22 04:00:00,2025-11-22 08:00:00,W,Prust Ave,0,0,0,0
2025-11-22,15,10:00,140,10,13.9,0,1,32.49,1,2025-11-22 04:00:00,2025-11-22 08:00:00,W,Main Street Station at Bay 7,1,0,3,0
2025-11-22,15,10:00,140,10,13.9,0,1,32.49,1,2025-11-22 04:00:00,2025-11-22 08:00:00,W,Norwood Rd,0,0,0,0
2025-11-22,15,10:00,140,10,13.9,0,1,32.49,1,2025-11-22 04:00:00,2025-11-22 08:00:00,W,McCaul St,0,0,0,0
2025-11-22,15,10:00,140,10,13.9,0,1,32.49,1,2025-11-22 04:00:00,2025-11-22 08:00:00,W,Broadview Ave,0,0,0,0
2025-11-22,15,10:00,140,10,13.9,0,1,32.49,1,2025-11-22 04:00:00,2025-11-22 08:00:00,W,Ontario St,0,0,0,0
2025-11-22,15,10:00,140,10,13.9,0,1,32.49,1,2025-11-22 04:00:00,2025-11-22 08:00:00,W,Rusholme Park Cres,0,0,0,0
2025-11-22,15,10:00,140,10,13.9,0,1,32.49,1,2025-11-22 04:00:00,2025-11-22 08:00:00,W,Havelock St,0,0,0,0
2025-11-22,15,10:00,140,10,13.9,0,1,32.49,1,2025-11-22 04:00:00,2025-11-22 08:00:00,W,High Park Loop,0,0,0,0
2025-11-22,15,10:00,140,10,13.9,0,1,32.49,1,2025-11-22 04:00:00,2025-11-22 08:00:00,W,Queens Park (Queen's Park Station),0,0,0,0
2025-11-22,15,10:00,140,10,13.9,0,1,32.49,1,2025-11-22 04:00:00,2025-11-22 08:00:00,W,Roncesvalles Ave,1,1,2,0
2025-11-22,15,10:00,140,10,13.9,0,1,32.49,1,2025-11-22 04:00:00,2025-11-22 08:00:00,W,De Grassi St,0,0,0,0
2025-11-22,15,10:00,140,10,13.9,0,1,32.49,1,2025-11-22 04:00:00,2025-11-22 08:00:00,W,Parliament St at Carlton St,0,0,0,0
2025-11-22,15,10:00,140,10,13.9,0,1,32.49,1,2025-11-22 04:00:00,2025-11-22 08:00:00,W,Parkside Dr East Side,0,0,0,0
2025-11-22,15,10:00,140,10,13.9,0,1,32.49,1,2025-11-22 04:00:00,2025-11-22 08:00:00,W,Dundas St West,1,1,1,0
2025-11-22,15,10:00,140,10,13.9,0,1,32.49,1,2025-11-22 04:00:00,2025-11-22 08:00:00,W,Howard Park Ave at Roncesvalles Ave,0,0,0,0
2025-11-22,15,10:00,140,10,13.9,0,1,32.49,1,2025-11-22 04:00:00,2025-11-22 08:00:00,W,Parliament St,0,0,0,0
2025-11-22,15,10:00,140,10,13.9,0,1,32.49,1,2025-11-22 04:00:00,2025-11-22 08:00:00,W,Parliament St at Gerrard St East,0,0,0,0
2025-11-22,15,10:00,140,10,13.9,0,1,32.49,1,2025-11-22 04:00:00,2025-11-22 08:00:00,W,Sumach St,0,0,0,0
2025-11-22,15,10:00,140,10,13.9,0,1,32.49,1,2025-11-22 04:00:00,2025-11-22 08:00:00,W,Blackburn St,0,0,0,0
2025-11-22,15,10:00,140,10,13.9,0,1,32.49,1,2025-11-22 04:00:00,2025-11-22 08:00:00,W,Logan Ave,0,0,0,0
2025-11-22,15,10:00,140,10,13.9,0,1,32.49,1,2025-11-22 04:00:00,2025-11-22 08:00:00,W,Augusta Ave,0,0,0,0
2025-11-22,15,10:00,140,10,13.9,0,1,32.49,1,2025-11-22 04:00:00,2025-11-22 08:00:00,W,Beverley St,0,0,0,0
2025-11-22,15,10:00,140,10,13.9,0,1,32.49,1,2025-11-22 04:00:00,2025-11-22 08:00:00,W,University Ave (Queen's Park Station,0,0,0,0
2025-11-22,15,10:00,140,10,13.9,0,1,32.49,1,2025-11-22 04:00:00,2025-11-22 08:00:00,W,Elizabeth St,0,0,0,0
2025-11-22,15,10:00,140,10,13.9,0,1,32.49,1,2025-11-22 04:00:00,2025-11-22 08:00:00,W,Greenwood Ave,0,0,0,0
2025-11-22,15,10:00,140,10,13.9,0,1,32.49,1,2025-11-22 04:00:00,2025-11-22 08:00:00,W,Alton Ave,0,0,0,0
2025-11-22,15,10:00,140,10,13.9,0,1,32.49,1,2025-11-22 04:00:00,2025-11-22 08:00:00,W,Coxwell Ave,0,0,0,0
2025-11-22,15,10:00,140,10,13.9,0,1,32.49,1,2025-11-22 04:00:00,2025-11-22 08:00:00,W,Gerrard St East  at Coxwell Ave,0,0,0,0
2025-11-22,15,10:00,140,10,13.9,0,1,32.49,1,2025-11-22 04:00:00,2025-11-22 08:00:00,W,Coxwell Ave at Lower Gerrard St East,0,0,0,0
2025-11-22,15,10:00,140,10,13.9,0,1,32.49,1,2025-11-22 04:00:00,2025-11-22 08:00:00,W,Ashdale Ave,0,0,0,0
2025-11-22,15,10:00,140,10,13.9,0,1,32.49,1,2025-11-22 04:00:00,2025-11-22 08:00:00,W,Howard Park Ave at Indian Rd,0,0,0,0
2025-11-22,15,10:00,140,10,13.9,0,1,32.49,1,2025-11-22 04:00:00,2025-11-22 08:00:00,W,Dundas St West at Howard Park Ave,0,0,0,0
2025-11-22,15,10:00,140,10,13.9,0,1,32.49,1,2025-11-22 04:00:00,2025-11-22 08:00:00,W,Main St at Gerrard St East,0,0,0,0
2025-11-22,15,10:00,140,10,13.9,0,1,32.49,1,2025-11-22 04:00:00,2025-11-22 08:00:00,W,Main St,0,0,0,0
2025-11-22,15,10:00,140,10,13.9,0,1,32.49,1,2025-11-22 04:00:00,2025-11-22 08:00:00,W,Main St at Danforth Ave,0,0,0,0
2025-11-22,15,10:00,140,10,13.9,0,1,32.49,1,2025-11-22 04:00:00,2025-11-22 08:00:00,W,Howard Park Ave at Parkside Dr,0,0,0,0
2025-11-29,15,10:00,140,10,13.9,0,1,32.49,1,2025-11-29 04:00:00,2025-11-29 08:00:00,E,Woodfield Rd,0,0,0,0
2025-11-29,15,10:00,140,10,13.9,0,1,32.49,1,2025-11-29 04:00:00,2025-11-29 08:00:00,E,Coxwell Ave at Gerrard St East,0,0,0,0
2025-11-29,15,10:00,140,10,13.9,0,1,32.49,1,2025-11-29 04:00:00,2025-11-29 08:00:00,E,Euclid Ave,0,0,0,0
2025-11-29,15,10:00,140,10,13.9,0,1,32.49,1,2025-11-29 04:00:00,2025-11-29 08:00:00,E,Bowmore Rd,0,1,0,0
2025-11-29,15,10:00,140,10,13.9,0,1,32.49,1,2025-11-29 04:00:00,2025-11-29 08:00:00,E,Bay St,1,0,1,0
2025-11-29,15,10:00,140,10,13.9,0,1,32.49,1,2025-11-29 04:00:00,2025-11-29 08:00:00,E,Lansdowne Ave,0,4,0,0
2025-11-29,15,10:00,140,10,13.9,0,1,32.49,1,2025-11-29 04:00:00,2025-11-29 08:00:00,E,Indian Rd,0,0,0,0
2025-11-29,15,10:00,140,10,13.9,0,1,32.49,1,2025-11-29 04:00:00,2025-11-29 08:00:00,E,Grace St,0,0,0,0
2025-11-29,15,10:00,140,10,13.9,0,1,32.49,1,2025-11-29 04:00:00,2025-11-29 08:00:00,E,Dufferin St,0,1,0,0
2025-11-29,15,10:00,140,10,13.9,0,1,32.49,1,2025-11-29 04:00:00,2025-11-29 08:00:00,E,Gerrard St East at Beaton Ave,0,2,0,0
2025-11-29,15,10:00,140,10,13.9,0,1,32.49,1,2025-11-29 04:00:00,2025-11-29 08:00:00,E,Bathurst St,1,0,1,0
2025-11-29,15,10:00,140,10,13.9,0,1,32.49,1,2025-11-29 04:00:00,2025-11-29 08:00:00,E,Yonge St - College Station,0,0,0,0
2025-11-29,15,10:00,140,10,13.9,0,1,32.49,1,2025-11-29 04:00:00,2025-11-29 08:00:00,E,Dundas St West at Sterling Rd,0,0,0,0
2025-11-29,15,10:00,140,10,13.9,0,1,32.49,1,2025-11-29 04:00:00,2025-11-29 08:00:00,E,Brock Ave,0,3,0,0
2025-11-29,15,10:00,140,10,13.9,0,1,32.49,1,2025-11-29 04:00:00,2025-11-29 08:00:00,E,Sackville St,0,0,0,0
2025-11-29,15,10:00,140,10,13.9,0,1,32.49,1,2025-11-29 04:00:00,2025-11-29 08:00:00,E,Carlaw Ave,0,0,0,0
2025-11-29,15,10:00,140,10,13.9,0,1,32.49,1,2025-11-29 04:00:00,2025-11-29 08:00:00,E,Borden St,0,0,1,0
2025-11-29,15,10:00,140,10,13.9,0,1,32.49,1,2025-11-29 04:00:00,2025-11-29 08:00:00,E,Dundas St West at Sorauren Ave,0,0,0,0
2025-11-29,15,10:00,140,10,13.9,0,1,32.49,1,2025-11-29 04:00:00,2025-11-29 08:00:00,E,Crawford St,0,0,0,0
2025-11-29,15,10:00,140,10,13.9,0,1,32.49,1,2025-11-29 04:00:00,2025-11-29 08:00:00,E,Pape Ave,0,0,0,0
2025-11-29,15,10:00,140,10,13.9,0,1,32.49,1,2025-11-29 04:00:00,2025-11-29 08:00:00,E,Spadina Ave,0,0,1,0
2025-11-29,15,10:00,140,10,13.9,0,1,32.49,1,2025-11-29 04:00:00,2025-11-29 08:00:00,E,River St,0,0,0,0
2025-11-29,15,10:00,140,10,13.9,0,1,32.49,1,2025-11-29 04:00:00,2025-11-29 08:00:00,E,Marjory Ave,0,0,0,0
2025-11-29,15,10:00,140,10,13.9,0,1,32.49,1,2025-11-29 04:00:00,2025-11-29 08:00:00,E,Kingsmount Park Rd,0,2,0,0
2025-11-29,15,10:00,140,10,13.9,0,1,32.49,1,2025-11-29 04:00:00,2025-11-29 08:00:00,E,Church St,0,0,0,0
2025-11-29,15,10:00,140,10,13.9,0,1,32.49,1,2025-11-29 04:00:00,2025-11-29 08:00:00,E,Ossington Ave,1,0,1,0
2025-11-29,15,10:00,140,10,13.9,0,1,32.49,1,2025-11-29 04:00:00,2025-11-29 08:00:00,E,Woodbine Ave,1,1,0,0
2025-11-29,15,10:00,140,10,13.9,0,1,32.49,1,2025-11-29 04:00:00,2025-11-29 08:00:00,E,Jones Ave,0,0,0,0
2025-11-29,15,10:00,140,10,13.9,0,1,32.49,1,2025-11-29 04:00:00,2025-11-29 08:00:00,E,Golfview Ave,0,1,0,0
2025-11-29,15,10:00,140,10,13.9,0,1,32.49,1,2025-11-29 04:00:00,2025-11-29 08:00:00,E,Leslie St,0,0,0,0
2025-11-29,15,10:00,140,10,13.9,0,1,32.49,1,2025-11-29 04:00:00,2025-11-29 08:00:00,E,St Matthews Rd,0,0,0,0
2025-11-29,15,10:00,140,10,13.9,0,1,32.49,1,2025-11-29 04:00:00,2025-11-29 08:00:00,E,Jarvis St,0,0,0,0
2025-11-29,15,10:00,140,10,13.9,0,1,32.49,1,2025-11-29 04:00:00,2025-11-29 08:00:00,E,Sherbourne St,0,0,0,0
2025-11-29,15,10:00,140,10,13.9,0,1,32.49,1,2025-11-29 04:00:00,2025-11-29 08:00:00,E,St George St,0,0,1,0
2025-11-29,15,10:00,140,10,13.9,0,1,32.49,1,2025-11-29 04:00:00,2025-11-29 08:00:00,E,Dovercourt Rd,1,1,1,0
2025-11-29,15,10:00,140,10,13.9,0,1,32.49,1,2025-11-29 04:00:00,2025-11-29 08:00:00,E,Glenmount Park Rd,0,3,0,0
2025-11-29,15,10:00,140,10,13.9,0,1,32.49,1,2025-11-29 04:00:00,2025-11-29 08:00:00,E,Prust Ave,0,0,0,0
2025-11-29,15,10:00,140,10,13.9,0,1,32.49,1,2025-11-29 04:00:00,2025-11-29 08:00:00,E,Main Street Station at Bay 7,0,0,0,0
2025-11-29,15,10:00,140,10,13.9,0,1,32.49,1,2025-11-29 04:00:00,2025-11-29 08:00:00,E,Norwood Rd,0,2,0,0
2025-11-29,15,10:00,140,10,13.9,0,1,32.49,1,2025-11-29 04:00:00,2025-11-29 08:00:00,E,McCaul St,0,1,1,0
2025-11-29,15,10:00,140,10,13.9,0,1,32.49,1,2025-11-29 04:00:00,2025-11-29 08:00:00,E,Broadview Ave,0,1,0,0
2025-11-29,15,10:00,140,10,13.9,0,1,32.49,1,2025-11-29 04:00:00,2025-11-29 08:00:00,E,Ontario St,0,0,0,0
2025-11-29,15,10:00,140,10,13.9,0,1,32.49,1,2025-11-29 04:00:00,2025-11-29 08:00:00,E,Rusholme Park Cres,0,0,0,0
2025-11-29,15,10:00,140,10,13.9,0,1,32.49,1,2025-11-29 04:00:00,2025-11-29 08:00:00,E,Havelock St,0,0,0,0
2025-11-29,15,10:00,140,10,13.9,0,1,32.49,1,2025-11-29 04:00:00,2025-11-29 08:00:00,E,High Park Loop,0,0,0,0
2025-11-29,15,10:00,140,10,13.9,0,1,32.49,1,2025-11-29 04:00:00,2025-11-29 08:00:00,E,Queens Park (Queen's Park Station),0,1,1,0
2025-11-29,15,10:00,140,10,13.9,0,1,32.49,1,2025-11-29 04:00:00,2025-11-29 08:00:00,E,Roncesvalles Ave,0,0,0,0
2025-11-29,15,10:00,140,10,13.9,0,1,32.49,1,2025-11-29 04:00:00,2025-11-29 08:00:00,E,De Grassi St,1,1,0,0
2025-11-29,15,10:00,140,10,13.9,0,1,32.49,1,2025-11-29 04:00:00,2025-11-29 08:00:00,E,Parliament St at Carlton St,0,0,0,0
2025-11-29,15,10:00,140,10,13.9,0,1,32.49,1,2025-11-29 04:00:00,2025-11-29 08:00:00,E,Parkside Dr East Side,0,0,0,0
2025-11-29,15,10:00,140,10,13.9,0,1,32.49,1,2025-11-29 04:00:00,2025-11-29 08:00:00,E,Dundas St West,0,0,0,0
2025-11-29,15,10:00,140,10,13.9,0,1,32.49,1,2025-11-29 04:00:00,2025-11-29 08:00:00,E,Howard Park Ave at Roncesvalles Ave,0,0,0,0
2025-11-29,15,10:00,140,10,13.9,0,1,32.49,1,2025-11-29 04:00:00,2025-11-29 08:00:00,E,Parliament St,0,0,0,0
2025-11-29,15,10:00,140,10,13.9,0,1,32.49,1,2025-11-29 04:00:00,2025-11-29 08:00:00,E,Parliament St at Gerrard St East,0,0,0,0
2025-11-29,15,10:00,140,10,13.9,0,1,32.49,1,2025-11-29 04:00:00,2025-11-29 08:00:00,E,Sumach St,0,0,0,0
2025-11-29,15,10:00,140,10,13.9,0,1,32.49,1,2025-11-29 04:00:00,2025-11-29 08:00:00,E,Blackburn St,0,0,0,0
2025-11-29,15,10:00,140,10,13.9,0,1,32.49,1,2025-11-29 04:00:00,2025-11-29 08:00:00,E,Logan Ave,2,0,0,0
2025-11-29,15,10:00,140,10,13.9,0,1,32.49,1,2025-11-29 04:00:00,2025-11-29 08:00:00,E,Augusta Ave,0,0,0,0
2025-11-29,15,10:00,140,10,13.9,0,1,32.49,1,2025-11-29 04:00:00,2025-11-29 08:00:00,E,Beverley St,0,0,0,0
2025-11-29,15,10:00,140,10,13.9,0,1,32.49,1,2025-11-29 04:00:00,2025-11-29 08:00:00,E,University Ave (Queen's Park Station,0,0,0,0
2025-11-29,15,10:00,140,10,13.9,0,1,32.49,1,2025-11-29 04:00:00,2025-11-29 08:00:00,E,Elizabeth St,0,0,0,0
2025-11-29,15,10:00,140,10,13.9,0,1,32.49,1,2025-11-29 04:00:00,2025-11-29 08:00:00,E,Greenwood Ave,0,0,0,0
2025-11-29,15,10:00,140,10,13.9,0,1,32.49,1,2025-11-29 04:00:00,2025-11-29 08:00:00,E,Alton Ave,0,0,0,0
2025-11-29,15,10:00,140,10,13.9,0,1,32.49,1,2025-11-29 04:00:00,2025-11-29 08:00:00,E,Coxwell Ave,0,0,0,0
2025-11-29,15,10:00,140,10,13.9,0,1,32.49,1,2025-11-29 04:00:00,2025-11-29 08:00:00,E,Gerrard St East  at Coxwell Ave,0,0,0,0
2025-11-29,15,10:00,140,10,13.9,0,1,32.49,1,2025-11-29 04:00:00,2025-11-29 08:00:00,E,Coxwell Ave at Lower Gerrard St East,0,0,0,0
2025-11-29,15,10:00,140,10,13.9,0,1,32.49,1,2025-11-29 04:00:00,2025-11-29 08:00:00,E,Ashdale Ave,0,0,0,0
2025-11-29,15,10:00,140,10,13.9,0,1,32.49,1,2025-11-29 04:00:00,2025-11-29 08:00:00,E,Howard Park Ave at Indian Rd,0,0,0,0
2025-11-29,15,10:00,140,10,13.9,0,1,32.49,1,2025-11-29 04:00:00,2025-11-29 08:00:00,E,Dundas St West at Howard Park Ave,0,0,0,0
2025-11-29,15,10:00,140,10,13.9,0,1,32.49,1,2025-11-29 04:00:00,2025-11-29 08:00:00,E,Main St at Gerrard St East,0,0,0,0
2025-11-29,15,10:00,140,10,13.9,0,1,32.49,1,2025-11-29 04:00:00,2025-11-29 08:00:00,E,Main St,0,0,0,0
2025-11-29,15,10:00,140,10,13.9,0,1,32.49,1,2025-11-29 04:00:00,2025-11-29 08:00:00,E,Main St at Danforth Ave,0,0,0,0
2025-11-29,15,10:00,140,10,13.9,0,1,32.49,1,2025-11-29 04:00:00,2025-11-29 08:00:00,E,Howard Park Ave at Parkside Dr,0,0,0,0
2025-11-29,15,10:00,140,10,13.9,0,1,32.49,1,2025-11-29 04:00:00,2025-11-29 08:00:00,W,Woodfield Rd,0,0,0,0
2025-11-29,15,10:00,140,10,13.9,0,1,32.49,1,2025-11-29 04:00:00,2025-11-29 08:00:00,W,Coxwell Ave at Gerrard St East,0,0,0,0
2025-11-29,15,10:00,140,10,13.9,0,1,32.49,1,2025-11-29 04:00:00,2025-11-29 08:00:00,W,Euclid Ave,0,0,0,0
2025-11-29,15,10:00,140,10,13.9,0,1,32.49,1,2025-11-29 04:00:00,2025-11-29 08:00:00,W,Bowmore Rd,0,0,0,0
2025-11-29,15,10:00,140,10,13.9,0,1,32.49,1,2025-11-29 04:00:00,2025-11-29 08:00:00,W,Bay St,1,1,2,0
2025-11-29,15,10:00,140,10,13.9,0,1,32.49,1,2025-11-29 04:00:00,2025-11-29 08:00:00,W,Lansdowne Ave,0,0,0,0
2025-11-29,15,10:00,140,10,13.9,0,1,32.49,1,2025-11-29 04:00:00,2025-11-29 08:00:00,W,Indian Rd,0,0,0,0
2025-11-29,15,10:00,140,10,13.9,0,1,32.49,1,2025-11-29 04:00:00,2025-11-29 08:00:00,W,Grace St,0,0,0,0
2025-11-29,15,10:00,140,10,13.9,0,1,32.49,1,2025-11-29 04:00:00,2025-11-29 08:00:00,W,Dufferin St,0,1,0,0
2025-11-29,15,10:00,140,10,13.9,0,1,32.49,1,2025-11-29 04:00:00,2025-11-29 08:00:00,W,Gerrard St East at Beaton Ave,0,0,0,0
2025-11-29,15,10:00,140,10,13.9,0,1,32.49,1,2025-11-29 04:00:00,2025-11-29 08:00:00,W,Bathurst St,0,0,0,0
2025-11-29,15,10:00,140,10,13.9,0,1,32.49,1,2025-11-29 04:00:00,2025-11-29 08:00:00,W,Yonge St - College Station,0,0,0,0
2025-11-29,15,10:00,140,10,13.9,0,1,32.49,1,2025-11-29 04:00:00,2025-11-29 08:00:00,W,Dundas St West at Sterling Rd,0,0,0,0
2025-11-29,15,10:00,140,10,13.9,0,1,32.49,1,2025-11-29 04:00:00,2025-11-29 08:00:00,W,Brock Ave,0,0,0,0
2025-11-29,15,10:00,140,10,13.9,0,1,32.49,1,2025-11-29 04:00:00,2025-11-29 08:00:00,W,Sackville St,0,0,0,0
2025-11-29,15,10:00,140,10,13.9,0,1,32.49,1,2025-11-29 04:00:00,2025-11-29 08:00:00,W,Carlaw Ave,0,0,0,0
2025-11-29,15,10:00,140,10,13.9,0,1,32.49,1,2025-11-29 04:00:00,2025-11-29 08:00:00,W,Borden St,0,0,0,0
2025-11-29,15,10:00,140,10,13.9,0,1,32.49,1,2025-11-29 04:00:00,2025-11-29 08:00:00,W,Dundas St West at Sorauren Ave,0,0,0,0
2025-11-29,15,10:00,140,10,13.9,0,1,32.49,1,2025-11-29 04:00:00,2025-11-29 08:00:00,W,Crawford St,0,0,0,0
2025-11-29,15,10:00,140,10,13.9,0,1,32.49,1,2025-11-29 04:00:00,2025-11-29 08:00:00,W,Pape Ave,0,0,0,0
2025-11-29,15,10:00,140,10,13.9,0,1,32.49,1,2025-11-29 04:00:00,2025-11-29 08:00:00,W,Spadina Ave,1,1,2,0
2025-11-29,15,10:00,140,10,13.9,0,1,32.49,1,2025-11-29 04:00:00,2025-11-29 08:00:00,W,River St,0,0,0,0
2025-11-29,15,10:00,140,10,13.9,0,1,32.49,1,2025-11-29 04:00:00,2025-11-29 08:00:00,W,Marjory Ave,0,0,0,0
2025-11-29,15,10:00,140,10,13.9,0,1,32.49,1,2025-11-29 04:00:00,2025-11-29 08:00:00,W,Kingsmount Park Rd,0,0,0,0
2025-11-29,15,10:00,140,10,13.9,0,1,32.49,1,2025-11-29 04:00:00,2025-11-29 08:00:00,W,Church St,0,0,0,0
2025-11-29,15,10:00,140,10,13.9,0,1,32.49,1,2025-11-29 04:00:00,2025-11-29 08:00:00,W,Ossington Ave,0,0,0,0
2025-11-29,15,10:00,140,10,13.9,0,1,32.49,1,2025-11-29 04:00:00,2025-11-29 08:00:00,W,Woodbine Ave,0,0,0,0
2025-11-29,15,10:00,140,10,13.9,0,1,32.49,1,2025-11-29 04:00:00,2025-11-29 08:00:00,W,Jones Ave,0,0,0,0
2025-11-29,15,10:00,140,10,13.9,0,1,32.49,1,2025-11-29 04:00:00,2025-11-29 08:00:00,W,Golfview Ave,0,0,0,0
2025-11-29,15,10:00,140,10,13.9,0,1,32.49,1,2025-11-29 04:00:00,2025-11-29 08:00:00,W,Leslie St,0,0,0,0
2025-11-29,15,10:00,140,10,13.9,0,1,32.49,1,2025-11-29 04:00:00,2025-11-29 08:00:00,W,St Matthews Rd,0,0,0,0
2025-11-29,15,10:00,140,10,13.9,0,1,32.49,1,2025-11-29 04:00:00,2025-11-29 08:00:00,W,Jarvis St,0,0,0,0
2025-11-29,15,10:00,140,10,13.9,0,1,32.49,1,2025-11-29 04:00:00,2025-11-29 08:00:00,W,Sherbourne St,0,0,0,0
2025-11-29,15,10:00,140,10,13.9,0,1,32.49,1,2025-11-29 04:00:00,2025-11-29 08:00:00,W,St George St,0,0,0,0
2025-11-29,15,10:00,140,10,13.9,0,1,32.49,1,2025-11-29 04:00:00,2025-11-29 08:00:00,W,Dovercourt Rd,0,0,0,0
2025-11-29,15,10:00,140,10,13.9,0,1,32.49,1,2025-11-29 04:00:00,2025-11-29 08:00:00,W,Glenmount Park Rd,0,0,0,0
2025-11-29,15,10:00,140,10,13.9,0,1,32.49,1,2025-11-29 04:00:00,2025-11-29 08:00:00,W,Prust Ave,0,0,0,0
2025-11-29,15,10:00,140,10,13.9,0,1,32.49,1,2025-11-29 04:00:00,2025-11-29 08:00:00,W,Main Street Station at Bay 7,1,1,1,0
2025-11-29,15,10:00,140,10,13.9,0,1,32.49,1,2025-11-29 04:00:00,2025-11-29 08:00:00,W,Norwood Rd,0,0,0,0
2025-11-29,15,10:00,140,10,13.9,0,1,32.49,1,2025-11-29 04:00:00,2025-11-29 08:00:00,W,McCaul St,0,0,0,0
2025-11-29,15,10:00,140,10,13.9,0,1,32.49,1,2025-11-29 04:00:00,2025-11-29 08:00:00,W,Broadview Ave,0,0,0,0
2025-11-29,15,10:00,140,10,13.9,0,1,32.49,1,2025-11-29 04:00:00,2025-11-29 08:00:00,W,Ontario St,0,0,0,0
2025-11-29,15,10:00,140,10,13.9,0,1,32.49,1,2025-11-29 04:00:00,2025-11-29 08:00:00,W,Rusholme Park Cres,0,0,0,0
2025-11-29,15,10:00,140,10,13.9,0,1,32.49,1,2025-11-29 04:00:00,2025-11-29 08:00:00,W,Havelock St,0,0,0,0
2025-11-29,15,10:00,140,10,13.9,0,1,32.49,1,2025-11-29 04:00:00,2025-11-29 08:00:00,W,High Park Loop,0,0,0,0
2025-11-29,15,10:00,140,10,13.9,0,1,32.49,1,2025-11-29 04:00:00,2025-11-29 08:00:00,W,Queens Park (Queen's Park Station),0,0,0,0
2025-11-29,15,10:00,140,10,13.9,0,1,32.49,1,2025-11-29 04:00:00,2025-11-29 08:00:00,W,Roncesvalles Ave,0,0,0,0
2025-11-29,15,10:00,140,10,13.9,0,1,32.49,1,2025-11-29 04:00:00,2025-11-29 08:00:00,W,De Grassi St,0,0,0,0
2025-11-29,15,10:00,140,10,13.9,0,1,32.49,1,2025-11-29 04:00:00,2025-11-29 08:00:00,W,Parliament St at Carlton St,0,0,0,0
2025-11-29,15,10:00,140,10,13.9,0,1,32.49,1,2025-11-29 04:00:00,2025-11-29 08:00:00,W,Parkside Dr East Side,0,0,0,0
2025-11-29,15,10:00,140,10,13.9,0,1,32.49,1,2025-11-29 04:00:00,2025-11-29 08:00:00,W,Dundas St West,0,0,0,0
2025-11-29,15,10:00,140,10,13.9,0,1,32.49,1,2025-11-29 04:00:00,2025-11-29 08:00:00,W,Howard Park Ave at Roncesvalles Ave,0,0,0,0
2025-11-29,15,10:00,140,10,13.9,0,1,32.49,1,2025-11-29 04:00:00,2025-11-29 08:00:00,W,Parliament St,0,0,0,0
2025-11-29,15,10:00,140,10,13.9,0,1,32.49,1,2025-11-29 04:00:00,2025-11-29 08:00:00,W,Parliament St at Gerrard St East,0,0,0,0
2025-11-29,15,10:00,140,10,13.9,0,1,32.49,1,2025-11-29 04:00:00,2025-11-29 08:00:00,W,Sumach St,0,0,0,0
2025-11-29,15,10:00,140,10,13.9,0,1,32.49,1,2025-11-29 04:00:00,2025-11-29 08:00:00,W,Blackburn St,0,0,0,0
2025-11-29,15,10:00,140,10,13.9,0,1,32.49,1,2025-11-29 04:00:00,2025-11-29 08:00:00,W,Logan Ave,0,0,0,0
2025-11-29,15,10:00,140,10,13.9,0,1,32.49,1,2025-11-29 04:00:00,2025-11-29 08:00:00,W,Augusta Ave,0,0,0,0
2025-11-29,15,10:00,140,10,13.9,0,1,32.49,1,2025-11-29 04:00:00,2025-11-29 08:00:00,W,Beverley St,0,0,0,0
2025-11-29,15,10:00,140,10,13.9,0,1,32.49,1,2025-11-29 04:00:00,2025-11-29 08:00:00,W,University Ave (Queen's Park Station,0,0,0,0
2025-11-29,15,10:00,140,10,13.9,0,1,32.49,1,2025-11-29 04:00:00,2025-11-29 08:00:00,W,Elizabeth St,0,0,0,0
2025-11-29,15,10:00,140,10,13.9,0,1,32.49,1,2025-11-29 04:00:00,2025-11-29 08:00:00,W,Greenwood Ave,0,0,0,0
2025-11-29,15,10:00,140,10,13.9,0,1,32.49,1,2025-11-29 04:00:00,2025-11-29 08:00:00,W,Alton Ave,0,0,0,0
2025-11-29,15,10:00,140,10,13.9,0,1,32.49,1,2025-11-29 04:00:00,2025-11-29 08:00:00,W,Coxwell Ave,0,0,0,0
2025-11-29,15,10:00,140,10,13.9,0,1,32.49,1,2025-11-29 04:00:00,2025-11-29 08:00:00,W,Gerrard St East  at Coxwell Ave,0,0,0,0
2025-11-29,15,10:00,140,10,13.9,0,1,32.49,1,2025-11-29 04:00:00,2025-11-29 08:00:00,W,Coxwell Ave at Lower Gerrard St East,0,0,0,0
2025-11-29,15,10:00,140,10,13.9,0,1,32.49,1,2025-11-29 04:00:00,2025-11-29 08:00:00,W,Ashdale Ave,0,0,0,0
2025-11-29,15,10:00,140,10,13.9,0,1,32.49,1,2025-11-29 04:00:00,2025-11-29 08:00:00,W,Howard Park Ave at Indian Rd,0,0,0,0
2025-11-29,15,10:00,140,10,13.9,0,1,32.49,1,2025-11-29 04:00:00,2025-11-29 08:00:00,W,Dundas St West at Howard Park Ave,0,0,0,0
2025-11-29,15,10:00,140,10,13.9,0,1,32.49,1,2025-11-29 04:00:00,2025-11-29 08:00:00,W,Main St at Gerrard St East,0,0,0,0
2025-11-29,15,10:00,140,10,13.9,0,1,32.49,1,2025-11-29 04:00:00,2025-11-29 08:00:00,W,Main St,0,0,0,0
2025-11-29,15,10:00,140,10,13.9,0,1,32.49,1,2025-11-29 04:00:00,2025-11-29 08:00:00,W,Main St at Danforth Ave,0,0,0,0
2025-11-29,15,10:00,140,10,13.9,0,1,32.49,1,2025-11-29 04:00:00,2025-11-29 08:00:00,W,Howard Park Ave at Parkside Dr,0,0,0,0
2025-12-06,15,10:00,140,10,13.9,0,1,32.49,1,2025-12-06 04:00:00,2025-12-06 08:00:00,E,Woodfield Rd,1,1,0,0
2025-12-06,15,10:00,140,10,13.9,0,1,32.49,1,2025-12-06 04:00:00,2025-12-06 08:00:00,E,Coxwell Ave at Gerrard St East,0,0,0,0
2025-12-06,15,10:00,140,10,13.9,0,1,32.49,1,2025-12-06 04:00:00,2025-12-06 08:00:00,E,Euclid Ave,0,0,0,0
2025-12-06,15,10:00,140,10,13.9,0,1,32.49,1,2025-12-06 04:00:00,2025-12-06 08:00:00,E,Bowmore Rd,1,1,1,0
2025-12-06,15,10:00,140,10,13.9,0,1,32.49,1,2025-12-06 04:00:00,2025-12-06 08:00:00,E,Bay St,1,1,0,0
2025-12-06,15,10:00,140,10,13.9,0,1,32.49,1,2025-12-06 04:00:00,2025-12-06 08:00:00,E,Lansdowne Ave,1,1,1,0
2025-12-06,15,10:00,140,10,13.9,0,1,32.49,1,2025-12-06 04:00:00,2025-12-06 08:00:00,E,Indian Rd,0,0,1,0
2025-12-06,15,10:00,140,10,13.9,0,1,32.49,1,2025-12-06 04:00:00,2025-12-06 08:00:00,E,Grace St,0,0,0,0
2025-12-06,15,10:00,140,10,13.9,0,1,32.49,1,2025-12-06 04:00:00,2025-12-06 08:00:00,E,Dufferin St,1,1,0,0
2025-12-06,15,10:00,140,10,13.9,0,1,32.49,1,2025-12-06 04:00:00,2025-12-06 08:00:00,E,Gerrard St East at Beaton Ave,1,1,1,0
2025-12-06,15,10:00,140,10,13.9,0,1,32.49,1,2025-12-06 04:00:00,2025-12-06 08:00:00,E,Bathurst St,0,1,0,0
2025-12-06,15,10:00,140,10,13.9,0,1,32.49,1,2025-12-06 04:00:00,2025-12-06 08:00:00,E,Yonge St - College Station,1,1,0,0
2025-12-06,15,10:00,140,10,13.9,0,1,32.49,1,2025-12-06 04:00:00,2025-12-06 08:00:00,E,Dundas St West at Sterling Rd,0,0,0,0
2025-12-06,15,10:00,140,10,13.9,0,1,32.49,1,2025-12-06 04:00:00,2025-12-06 08:00:00,E,Brock Ave,1,1,1,0
2025-12-06,15,10:00,140,10,13.9,0,1,32.49,1,2025-12-06 04:00:00,2025-12-06 08:00:00,E,Sackville St,0,0,0,0
2025-12-06,15,10:00,140,10,13.9,0,1,32.49,1,2025-12-06 04:00:00,2025-12-06 08:00:00,E,Carlaw Ave,0,0,0,0
2025-12-06,15,10:00,140,10,13.9,0,1,32.49,1,2025-12-06 04:00:00,2025-12-06 08:00:00,E,Borden St,0,1,0,0
2025-12-06,15,10:00,140,10,13.9,0,1,32.49,1,2025-12-06 04:00:00,2025-12-06 08:00:00,E,Dundas St West at Sorauren Ave,0,0,0,0
2025-12-06,15,10:00,140,10,13.9,0,1,32.49,1,2025-12-06 04:00:00,2025-12-06 08:00:00,E,Crawford St,0,0,0,0
2025-12-06,15,10:00,140,10,13.9,0,1,32.49,1,2025-12-06 04:00:00,2025-12-06 08:00:00,E,Pape Ave,1,1,0,0
2025-12-06,15,10:00,140,10,13.9,0,1,32.49,1,2025-12-06 04:00:00,2025-12-06 08:00:00,E,Spadina Ave,1,1,0,0
2025-12-06,15,10:00,140,10,13.9,0,1,32.49,1,2025-12-06 04:00:00,2025-12-06 08:00:00,E,River St,0,0,0,0
2025-12-06,15,10:00,140,10,13.9,0,1,32.49,1,2025-12-06 04:00:00,2025-12-06 08:00:00,E,Marjory Ave,1,1,0,0
2025-12-06,15,10:00,140,10,13.9,0,1,32.49,1,2025-12-06 04:00:00,2025-12-06 08:00:00,E,Kingsmount Park Rd,1,1,1,0
2025-12-06,15,10:00,140,10,13.9,0,1,32.49,1,2025-12-06 04:00:00,2025-12-06 08:00:00,E,Church St,1,1,0,0
2025-12-06,15,10:00,140,10,13.9,0,1,32.49,1,2025-12-06 04:00:00,2025-12-06 08:00:00,E,Ossington Ave,1,1,0,0
2025-12-06,15,10:00,140,10,13.9,0,1,32.49,1,2025-12-06 04:00:00,2025-12-06 08:00:00,E,Woodbine Ave,1,1,1,0
2025-12-06,15,10:00,140,10,13.9,0,1,32.49,1,2025-12-06 04:00:00,2025-12-06 08:00:00,E,Jones Ave,1,1,0,0
2025-12-06,15,10:00,140,10,13.9,0,1,32.49,1,2025-12-06 04:00:00,2025-12-06 08:00:00,E,Golfview Ave,1,1,1,0
2025-12-06,15,10:00,140,10,13.9,0,1,32.49,1,2025-12-06 04:00:00,2025-12-06 08:00:00,E,Leslie St,1,1,0,0
2025-12-06,15,10:00,140,10,13.9,0,1,32.49,1,2025-12-06 04:00:00,2025-12-06 08:00:00,E,St Matthews Rd,0,0,0,0
2025-12-06,15,10:00,140,10,13.9,0,1,32.49,1,2025-12-06 04:00:00,2025-12-06 08:00:00,E,Jarvis St,0,0,0,0
2025-12-06,15,10:00,140,10,13.9,0,1,32.49,1,2025-12-06 04:00:00,2025-12-06 08:00:00,E,Sherbourne St,0,0,0,0
2025-12-06,15,10:00,140,10,13.9,0,1,32.49,1,2025-12-06 04:00:00,2025-12-06 08:00:00,E,St George St,0,1,0,0
2025-12-06,15,10:00,140,10,13.9,0,1,32.49,1,2025-12-06 04:00:00,2025-12-06 08:00:00,E,Dovercourt Rd,1,1,0,0
2025-12-06,15,10:00,140,10,13.9,0,1,32.49,1,2025-12-06 04:00:00,2025-12-06 08:00:00,E,Glenmount Park Rd,1,1,1,0
2025-12-06,15,10:00,140,10,13.9,0,1,32.49,1,2025-12-06 04:00:00,2025-12-06 08:00:00,E,Prust Ave,1,1,0,0
2025-12-06,15,10:00,140,10,13.9,0,1,32.49,1,2025-12-06 04:00:00,2025-12-06 08:00:00,E,Main Street Station at Bay 7,0,0,0,0
2025-12-06,15,10:00,140,10,13.9,0,1,32.49,1,2025-12-06 04:00:00,2025-12-06 08:00:00,E,Norwood Rd,1,1,1,0
2025-12-06,15,10:00,140,10,13.9,0,1,32.49,1,2025-12-06 04:00:00,2025-12-06 08:00:00,E,McCaul St,0,1,0,0
2025-12-06,15,10:00,140,10,13.9,0,1,32.49,1,2025-12-06 04:00:00,2025-12-06 08:00:00,E,Broadview Ave,0,1,0,0
2025-12-06,15,10:00,140,10,13.9,0,1,32.49,1,2025-12-06 04:00:00,2025-12-06 08:00:00,E,Ontario St,0,0,0,0
2025-12-06,15,10:00,140,10,13.9,0,1,32.49,1,2025-12-06 04:00:00,2025-12-06 08:00:00,E,Rusholme Park Cres,0,0,0,0
2025-12-06,15,10:00,140,10,13.9,0,1,32.49,1,2025-12-06 04:00:00,2025-12-06 08:00:00,E,Havelock St,1,1,0,0
2025-12-06,15,10:00,140,10,13.9,0,1,32.49,1,2025-12-06 04:00:00,2025-12-06 08:00:00,E,High Park Loop,0,0,0,0
2025-12-06,15,10:00,140,10,13.9,0,1,32.49,1,2025-12-06 04:00:00,2025-12-06 08:00:00,E,Queens Park (Queen's Park Station),1,1,0,0
2025-12-06,15,10:00,140,10,13.9,0,1,32.49,1,2025-12-06 04:00:00,2025-12-06 08:00:00,E,Roncesvalles Ave,0,0,0,0
2025-12-06,15,10:00,140,10,13.9,0,1,32.49,1,2025-12-06 04:00:00,2025-12-06 08:00:00,E,De Grassi St,0,1,0,0
2025-12-06,15,10:00,140,10,13.9,0,1,32.49,1,2025-12-06 04:00:00,2025-12-06 08:00:00,E,Parliament St at Carlton St,0,0,0,0
2025-12-06,15,10:00,140,10,13.9,0,1,32.49,1,2025-12-06 04:00:00,2025-12-06 08:00:00,E,Parkside Dr East Side,0,0,1,0
2025-12-06,15,10:00,140,10,13.9,0,1,32.49,1,2025-12-06 04:00:00,2025-12-06 08:00:00,E,Dundas St West,0,0,0,0
2025-12-06,15,10:00,140,10,13.9,0,1,32.49,1,2025-12-06 04:00:00,2025-12-06 08:00:00,E,Howard Park Ave at Roncesvalles Ave,0,0,0,0
2025-12-06,15,10:00,140,10,13.9,0,1,32.49,1,2025-12-06 04:00:00,2025-12-06 08:00:00,E,Parliament St,0,0,0,0
2025-12-06,15,10:00,140,10,13.9,0,1,32.49,1,2025-12-06 04:00:00,2025-12-06 08:00:00,E,Parliament St at Gerrard St East,0,0,0,0
2025-12-06,15,10:00,140,10,13.9,0,1,32.49,1,2025-12-06 04:00:00,2025-12-06 08:00:00,E,Sumach St,0,0,0,0
2025-12-06,15,10:00,140,10,13.9,0,1,32.49,1,2025-12-06 04:00:00,2025-12-06 08:00:00,E,Blackburn St,0,0,0,0
2025-12-06,15,10:00,140,10,13.9,0,1,32.49,1,2025-12-06 04:00:00,2025-12-06 08:00:00,E,Logan Ave,0,1,0,0
2025-12-06,15,10:00,140,10,13.9,0,1,32.49,1,2025-12-06 04:00:00,2025-12-06 08:00:00,E,Augusta Ave,0,0,0,0
2025-12-06,15,10:00,140,10,13.9,0,1,32.49,1,2025-12-06 04:00:00,2025-12-06 08:00:00,E,Beverley St,0,0,0,0
2025-12-06,15,10:00,140,10,13.9,0,1,32.49,1,2025-12-06 04:00:00,2025-12-06 08:00:00,E,University Ave (Queen's Park Station,0,0,0,0
2025-12-06,15,10:00,140,10,13.9,0,1,32.49,1,2025-12-06 04:00:00,2025-12-06 08:00:00,E,Elizabeth St,0,0,0,0
2025-12-06,15,10:00,140,10,13.9,0,1,32.49,1,2025-12-06 04:00:00,2025-12-06 08:00:00,E,Greenwood Ave,0,0,0,0
2025-12-06,15,10:00,140,10,13.9,0,1,32.49,1,2025-12-06 04:00:00,2025-12-06 08:00:00,E,Alton Ave,0,0,0,0
2025-12-06,15,10:00,140,10,13.9,0,1,32.49,1,2025-12-06 04:00:00,2025-12-06 08:00:00,E,Coxwell Ave,0,0,0,0
2025-12-06,15,10:00,140,10,13.9,0,1,32.49,1,2025-12-06 04:00:00,2025-12-06 08:00:00,E,Gerrard St East  at Coxwell Ave,0,0,0,0
2025-12-06,15,10:00,140,10,13.9,0,1,32.49,1,2025-12-06 04:00:00,2025-12-06 08:00:00,E,Coxwell Ave at Lower Gerrard St East,0,0,0,0
2025-12-06,15,10:00,140,10,13.9,0,1,32.49,1,2025-12-06 04:00:00,2025-12-06 08:00:00,E,Ashdale Ave,0,0,0,0
2025-12-06,15,10:00,140,10,13.9,0,1,32.49,1,2025-12-06 04:00:00,2025-12-06 08:00:00,E,Howard Park Ave at Indian Rd,0,0,0,0
2025-12-06,15,10:00,140,10,13.9,0,1,32.49,1,2025-12-06 04:00:00,2025-12-06 08:00:00,E,Dundas St West at Howard Park Ave,0,0,0,0
2025-12-06,15,10:00,140,10,13.9,0,1,32.49,1,2025-12-06 04:00:00,2025-12-06 08:00:00,E,Main St at Gerrard St East,0,0,0,0
2025-12-06,15,10:00,140,10,13.9,0,1,32.49,1,2025-12-06 04:00:00,2025-12-06 08:00:00,E,Main St,0,0,0,0
2025-12-06,15,10:00,140,10,13.9,0,1,32.49,1,2025-12-06 04:00:00,2025-12-06 08:00:00,E,Main St at Danforth Ave,0,0,0,0
2025-12-06,15,10:00,140,10,13.9,0,1,32.49,1,2025-12-06 04:00:00,2025-12-06 08:00:00,E,Howard Park Ave at Parkside Dr,0,0,0,0
2025-12-06,15,10:00,140,10,13.9,0,1,32.49,1,2025-12-06 04:00:00,2025-12-06 08:00:00,W,Woodfield Rd,2,1,1,0
2025-12-06,15,10:00,140,10,13.9,0,1,32.49,1,2025-12-06 04:00:00,2025-12-06 08:00:00,W,Coxwell Ave at Gerrard St East,2,0,2,0
2025-12-06,15,10:00,140,10,13.9,0,1,32.49,1,2025-12-06 04:00:00,2025-12-06 08:00:00,W,Euclid Ave,0,0,0,0
2025-12-06,15,10:00,140,10,13.9,0,1,32.49,1,2025-12-06 04:00:00,2025-12-06 08:00:00,W,Bowmore Rd,0,0,0,0
2025-12-06,15,10:00,140,10,13.9,0,1,32.49,1,2025-12-06 04:00:00,2025-12-06 08:00:00,W,Bay St,1,1,2,0
2025-12-06,15,10:00,140,10,13.9,0,1,32.49,1,2025-12-06 04:00:00,2025-12-06 08:00:00,W,Lansdowne Ave,0,0,2,0
2025-12-06,15,10:00,140,10,13.9,0,1,32.49,1,2025-12-06 04:00:00,2025-12-06 08:00:00,W,Indian Rd,0,1,0,0
2025-12-06,15,10:00,140,10,13.9,0,1,32.49,1,2025-12-06 04:00:00,2025-12-06 08:00:00,W,Grace St,0,0,0,0
2025-12-06,15,10:00,140,10,13.9,0,1,32.49,1,2025-12-06 04:00:00,2025-12-06 08:00:00,W,Dufferin St,3,1,0,0
2025-12-06,15,10:00,140,10,13.9,0,1,32.49,1,2025-12-06 04:00:00,2025-12-06 08:00:00,W,Gerrard St East at Beaton Ave,0,0,0,0
2025-12-06,15,10:00,140,10,13.9,0,1,32.49,1,2025-12-06 04:00:00,2025-12-06 08:00:00,W,Bathurst St,0,0,0,0
2025-12-06,15,10:00,140,10,13.9,0,1,32.49,1,2025-12-06 04:00:00,2025-12-06 08:00:00,W,Yonge St - College Station,0,0,0,0
2025-12-06,15,10:00,140,10,13.9,0,1,32.49,1,2025-12-06 04:00:00,2025-12-06 08:00:00,W,Dundas St West at Sterling Rd,0,0,0,0
2025-12-06,15,10:00,140,10,13.9,0,1,32.49,1,2025-12-06 04:00:00,2025-12-06 08:00:00,W,Brock Ave,0,0,0,0
2025-12-06,15,10:00,140,10,13.9,0,1,32.49,1,2025-12-06 04:00:00,2025-12-06 08:00:00,W,Sackville St,0,0,0,0
2025-12-06,15,10:00,140,10,13.9,0,1,32.49,1,2025-12-06 04:00:00,2025-12-06 08:00:00,W,Carlaw Ave,0,0,0,0
2025-12-06,15,10:00,140,10,13.9,0,1,32.49,1,2025-12-06 04:00:00,2025-12-06 08:00:00,W,Borden St,0,0,0,0
2025-12-06,15,10:00,140,10,13.9,0,1,32.49,1,2025-12-06 04:00:00,2025-12-06 08:00:00,W,Dundas St West at Sorauren Ave,1,1,0,0
2025-12-06,15,10:00,140,10,13.9,0,1,32.49,1,2025-12-06 04:00:00,2025-12-06 08:00:00,W,Crawford St,0,0,0,0
2025-12-06,15,10:00,140,10,13.9,0,1,32.49,1,2025-12-06 04:00:00,2025-12-06 08:00:00,W,Pape Ave,0,0,0,0
2025-12-06,15,10:00,140,10,13.9,0,1,32.49,1,2025-12-06 04:00:00,2025-12-06 08:00:00,W,Spadina Ave,2,1,2,0
2025-12-06,15,10:00,140,10,13.9,0,1,32.49,1,2025-12-06 04:00:00,2025-12-06 08:00:00,W,River St,0,0,0,0
2025-12-06,15,10:00,140,10,13.9,0,1,32.49,1,2025-12-06 04:00:00,2025-12-06 08:00:00,W,Marjory Ave,0,0,0,0
2025-12-06,15,10:00,140,10,13.9,0,1,32.49,1,2025-12-06 04:00:00,2025-12-06 08:00:00,W,Kingsmount Park Rd,0,0,0,0
2025-12-06,15,10:00,140,10,13.9,0,1,32.49,1,2025-12-06 04:00:00,2025-12-06 08:00:00,W,Church St,0,0,0,0
2025-12-06,15,10:00,140,10,13.9,0,1,32.49,1,2025-12-06 04:00:00,2025-12-06 08:00:00,W,Ossington Ave,0,0,0,0
2025-12-06,15,10:00,140,10,13.9,0,1,32.49,1,2025-12-06 04:00:00,2025-12-06 08:00:00,W,Woodbine Ave,0,0,0,0
2025-12-06,15,10:00,140,10,13.9,0,1,32.49,1,2025-12-06 04:00:00,2025-12-06 08:00:00,W,Jones Ave,0,0,0,0
2025-12-06,15,10:00,140,10,13.9,0,1,32.49,1,2025-12-06 04:00:00,2025-12-06 08:00:00,W,Golfview Ave,0,0,0,0
2025-12-06,15,10:00,140,10,13.9,0,1,32.49,1,2025-12-06 04:00:00,2025-12-06 08:00:00,W,Leslie St,0,0,0,0
2025-12-06,15,10:00,140,10,13.9,0,1,32.49,1,2025-12-06 04:00:00,2025-12-06 08:00:00,W,St Matthews Rd,0,0,0,0
2025-12-06,15,10:00,140,10,13.9,0,1,32.49,1,2025-12-06 04:00:00,2025-12-06 08:00:00,W,Jarvis St,0,0,0,0
2025-12-06,15,10:00,140,10,13.9,0,1,32.49,1,2025-12-06 04:00:00,2025-12-06 08:00:00,W,Sherbourne St,0,0,0,0
2025-12-06,15,10:00,140,10,13.9,0,1,32.49,1,2025-12-06 04:00:00,2025-12-06 08:00:00,W,St George St,0,0,0,0
2025-12-06,15,10:00,140,10,13.9,0,1,32.49,1,2025-12-06 04:00:00,2025-12-06 08:00:00,W,Dovercourt Rd,0,0,0,0
2025-12-06,15,10:00,140,10,13.9,0,1,32.49,1,2025-12-06 04:00:00,2025-12-06 08:00:00,W,Glenmount Park Rd,0,0,0,0
2025-12-06,15,10:00,140,10,13.9,0,1,32.49,1,2025-12-06 04:00:00,2025-12-06 08:00:00,W,Prust Ave,0,0,0,0
2025-12-06,15,10:00,140,10,13.9,0,1,32.49,1,2025-12-06 04:00:00,2025-12-06 08:00:00,W,Main Street Station at Bay 7,0,0,2,0
2025-12-06,15,10:00,140,10,13.9,0,1,32.49,1,2025-12-06 04:00:00,2025-12-06 08:00:00,W,Norwood Rd,0,0,0,0
2025-12-06,15,10:00,140,10,13.9,0,1,32.49,1,2025-12-06 04:00:00,2025-12-06 08:00:00,W,McCaul St,0,0,0,0
2025-12-06,15,10:00,140,10,13.9,0,1,32.49,1,2025-12-06 04:00:00,2025-12-06 08:00:00,W,Broadview Ave,0,0,0,0
2025-12-06,15,10:00,140,10,13.9,0,1,32.49,1,2025-12-06 04:00:00,2025-12-06 08:00:00,W,Ontario St,0,0,0,0
2025-12-06,15,10:00,140,10,13.9,0,1,32.49,1,2025-12-06 04:00:00,2025-12-06 08:00:00,W,Rusholme Park Cres,0,0,0,0
2025-12-06,15,10:00,140,10,13.9,0,1,32.49,1,2025-12-06 04:00:00,2025-12-06 08:00:00,W,Havelock St,0,0,0,0
2025-12-06,15,10:00,140,10,13.9,0,1,32.49,1,2025-12-06 04:00:00,2025-12-06 08:00:00,W,High Park Loop,0,0,0,0
2025-12-06,15,10:00,140,10,13.9,0,1,32.49,1,2025-12-06 04:00:00,2025-12-06 08:00:00,W,Queens Park (Queen's Park Station),0,0,0,0
2025-12-06,15,10:00,140,10,13.9,0,1,32.49,1,2025-12-06 04:00:00,2025-12-06 08:00:00,W,Roncesvalles Ave,0,1,0,0
2025-12-06,15,10:00,140,10,13.9,0,1,32.49,1,2025-12-06 04:00:00,2025-12-06 08:00:00,W,De Grassi St,0,0,0,0
2025-12-06,15,10:00,140,10,13.9,0,1,32.49,1,2025-12-06 04:00:00,2025-12-06 08:00:00,W,Parliament St at Carlton St,0,0,0,0
2025-12-06,15,10:00,140,10,13.9,0,1,32.49,1,2025-12-06 04:00:00,2025-12-06 08:00:00,W,Parkside Dr East Side,0,0,0,0
2025-12-06,15,10:00,140,10,13.9,0,1,32.49,1,2025-12-06 04:00:00,2025-12-06 08:00:00,W,Dundas St West,1,1,0,0
2025-12-06,15,10:00,140,10,13.9,0,1,32.49,1,2025-12-06 04:00:00,2025-12-06 08:00:00,W,Howard Park Ave at Roncesvalles Ave,0,0,0,0
2025-12-06,15,10:00,140,10,13.9,0,1,32.49,1,2025-12-06 04:00:00,2025-12-06 08:00:00,W,Parliament St,0,0,0,0
2025-12-06,15,10:00,140,10,13.9,0,1,32.49,1,2025-12-06 04:00:00,2025-12-06 08:00:00,W,Parliament St at Gerrard St East,0,0,0,0
2025-12-06,15,10:00,140,10,13.9,0,1,32.49,1,2025-12-06 04:00:00,2025-12-06 08:00:00,W,Sumach St,0,0,0,0
2025-12-06,15,10:00,140,10,13.9,0,1,32.49,1,2025-12-06 04:00:00,2025-12-06 08:00:00,W,Blackburn St,0,0,0,0
2025-12-06,15,10:00,140,10,13.9,0,1,32.49,1,2025-12-06 04:00:00,2025-12-06 08:00:00,W,Logan Ave,0,0,0,0
2025-12-06,15,10:00,140,10,13.9,0,1,32.49,1,2025-12-06 04:00:00,2025-12-06 08:00:00,W,Augusta Ave,0,0,0,0
2025-12-06,15,10:00,140,10,13.9,0,1,32.49,1,2025-12-06 04:00:00,2025-12-06 08:00:00,W,Beverley St,0,0,0,0
2025-12-06,15,10:00,140,10,13.9,0,1,32.49,1,2025-12-06 04:00:00,2025-12-06 08:00:00,W,University Ave (Queen's Park Station,0,0,0,0
2025-12-06,15,10:00,140,10,13.9,0,1,32.49,1,2025-12-06 04:00:00,2025-12-06 08:00:00,W,Elizabeth St,0,0,0,0
2025-12-06,15,10:00,140,10,13.9,0,1,32.49,1,2025-12-06 04:00:00,2025-12-06 08:00:00,W,Greenwood Ave,0,0,0,0
2025-12-06,15,10:00,140,10,13.9,0,1,32.49,1,2025-12-06 04:00:00,2025-12-06 08:00:00,W,Alton Ave,0,0,0,0
2025-12-06,15,10:00,140,10,13.9,0,1,32.49,1,2025-12-06 04:00:00,2025-12-06 08:00:00,W,Coxwell Ave,0,0,0,0
2025-12-06,15,10:00,140,10,13.9,0,1,32.49,1,2025-12-06 04:00:00,2025-12-06 08:00:00,W,Gerrard St East  at Coxwell Ave,0,0,0,0
2025-12-06,15,10:00,140,10,13.9,0,1,32.49,1,2025-12-06 04:00:00,2025-12-06 08:00:00,W,Coxwell Ave at Lower Gerrard St East,0,0,0,0
2025-12-06,15,10:00,140,10,13.9,0,1,32.49,1,2025-12-06 04:00:00,2025-12-06 08:00:00,W,Ashdale Ave,0,0,0,0
2025-12-06,15,10:00,140,10,13.9,0,1,32.49,1,2025-12-06 04:00:00,2025-12-06 08:00:00,W,Howard Park Ave at Indian Rd,0,0,0,0
2025-12-06,15,10:00,140,10,13.9,0,1,32.49,1,2025-12-06 04:00:00,2025-12-06 08:00:00,W,Dundas St West at Howard Park Ave,0,0,0,0
2025-12-06,15,10:00,140,10,13.9,0,1,32.49,1,2025-12-06 04:00:00,2025-12-06 08:00:00,W,Main St at Gerrard St East,0,0,0,0
2025-12-06,15,10:00,140,10,13.9,0,1,32.49,1,2025-12-06 04:00:00,2025-12-06 08:00:00,W,Main St,0,0,0,0
2025-12-06,15,10:00,140,10,13.9,0,1,32.49,1,2025-12-06 04:00:00,2025-12-06 08:00:00,W,Main St at Danforth Ave,0,0,0,0
2025-12-06,15,10:00,140,10,13.9,0,1,32.49,1,2025-12-06 04:00:00,2025-12-06 08:00:00,W,Howard Park Ave at Parkside Dr,0,0,0,0
2025-12-13,15,10:00,140,10,13.9,0,1,32.49,1,2025-12-13 04:00:00,2025-12-13 08:00:00,E,Woodfield Rd,1,0,0,0
2025-12-13,15,10:00,140,10,13.9,0,1,32.49,1,2025-12-13 04:00:00,2025-12-13 08:00:00,E,Coxwell Ave at Gerrard St East,0,0,0,0
2025-12-13,15,10:00,140,10,13.9,0,1,32.49,1,2025-12-13 04:00:00,2025-12-13 08:00:00,E,Euclid Ave,0,0,1,0
2025-12-13,15,10:00,140,10,13.9,0,1,32.49,1,2025-12-13 04:00:00,2025-12-13 08:00:00,E,Bowmore Rd,1,2,2,0
2025-12-13,15,10:00,140,10,13.9,0,1,32.49,1,2025-12-13 04:00:00,2025-12-13 08:00:00,E,Bay St,1,0,0,0
2025-12-13,15,10:00,140,10,13.9,0,1,32.49,1,2025-12-13 04:00:00,2025-12-13 08:00:00,E,Lansdowne Ave,1,2,3,0
2025-12-13,15,10:00,140,10,13.9,0,1,32.49,1,2025-12-13 04:00:00,2025-12-13 08:00:00,E,Indian Rd,0,2,0,0
2025-12-13,15,10:00,140,10,13.9,0,1,32.49,1,2025-12-13 04:00:00,2025-12-13 08:00:00,E,Grace St,0,0,0,0
2025-12-13,15,10:00,140,10,13.9,0,1,32.49,1,2025-12-13 04:00:00,2025-12-13 08:00:00,E,Dufferin St,1,0,0,0
2025-12-13,15,10:00,140,10,13.9,0,1,32.49,1,2025-12-13 04:00:00,2025-12-13 08:00:00,E,Gerrard St East at Beaton Ave,1,2,2,0
2025-12-13,15,10:00,140,10,13.9,0,1,32.49,1,2025-12-13 04:00:00,2025-12-13 08:00:00,E,Bathurst St,1,0,0,0
2025-12-13,15,10:00,140,10,13.9,0,1,32.49,1,2025-12-13 04:00:00,2025-12-13 08:00:00,E,Yonge St - College Station,1,0,0,0
2025-12-13,15,10:00,140,10,13.9,0,1,32.49,1,2025-12-13 04:00:00,2025-12-13 08:00:00,E,Dundas St West at Sterling Rd,0,0,1,0
2025-12-13,15,10:00,140,10,13.9,0,1,32.49,1,2025-12-13 04:00:00,2025-12-13 08:00:00,E,Brock Ave,1,1,3,0
2025-12-13,15,10:00,140,10,13.9,0,1,32.49,1,2025-12-13 04:00:00,2025-12-13 08:00:00,E,Sackville St,0,0,0,0
2025-12-13,15,10:00,140,10,13.9,0,1,32.49,1,2025-12-13 04:00:00,2025-12-13 08:00:00,E,Carlaw Ave,0,0,0,0
2025-12-13,15,10:00,140,10,13.9,0,1,32.49,1,2025-12-13 04:00:00,2025-12-13 08:00:00,E,Borden St,1,0,0,0
2025-12-13,15,10:00,140,10,13.9,0,1,32.49,1,2025-12-13 04:00:00,2025-12-13 08:00:00,E,Dundas St West at Sorauren Ave,0,2,1,0
2025-12-13,15,10:00,140,10,13.9,0,1,32.49,1,2025-12-13 04:00:00,2025-12-13 08:00:00,E,Crawford St,0,2,0,0
2025-12-13,15,10:00,140,10,13.9,0,1,32.49,1,2025-12-13 04:00:00,2025-12-13 08:00:00,E,Pape Ave,0,0,0,0
2025-12-13,15,10:00,140,10,13.9,0,1,32.49,1,2025-12-13 04:00:00,2025-12-13 08:00:00,E,Spadina Ave,1,0,0,0
2025-12-13,15,10:00,140,10,13.9,0,1,32.49,1,2025-12-13 04:00:00,2025-12-13 08:00:00,E,River St,0,0,0,0
2025-12-13,15,10:00,140,10,13.9,0,1,32.49,1,2025-12-13 04:00:00,2025-12-13 08:00:00,E,Marjory Ave,0,0,0,0
2025-12-13,15,10:00,140,10,13.9,0,1,32.49,1,2025-12-13 04:00:00,2025-12-13 08:00:00,E,Kingsmount Park Rd,1,1,2,0
2025-12-13,15,10:00,140,10,13.9,0,1,32.49,1,2025-12-13 04:00:00,2025-12-13 08:00:00,E,Church St,0,0,0,0
2025-12-13,15,10:00,140,10,13.9,0,1,32.49,1,2025-12-13 04:00:00,2025-12-13 08:00:00,E,Ossington Ave,1,1,0,0
2025-12-13,15,10:00,140,10,13.9,0,1,32.49,1,2025-12-13 04:00:00,2025-12-13 08:00:00,E,Woodbine Ave,1,1,2,0
2025-12-13,15,10:00,140,10,13.9,0,1,32.49,1,2025-12-13 04:00:00,2025-12-13 08:00:00,E,Jones Ave,0,0,0,0
2025-12-13,15,10:00,140,10,13.9,0,1,32.49,1,2025-12-13 04:00:00,2025-12-13 08:00:00,E,Golfview Ave,1,2,2,0
2025-12-13,15,10:00,140,10,13.9,0,1,32.49,1,2025-12-13 04:00:00,2025-12-13 08:00:00,E,Leslie St,0,0,0,0
2025-12-13,15,10:00,140,10,13.9,0,1,32.49,1,2025-12-13 04:00:00,2025-12-13 08:00:00,E,St Matthews Rd,0,0,0,0
2025-12-13,15,10:00,140,10,13.9,0,1,32.49,1,2025-12-13 04:00:00,2025-12-13 08:00:00,E,Jarvis St,0,0,1,0
2025-12-13,15,10:00,140,10,13.9,0,1,32.49,1,2025-12-13 04:00:00,2025-12-13 08:00:00,E,Sherbourne St,0,0,1,0
2025-12-13,15,10:00,140,10,13.9,0,1,32.49,1,2025-12-13 04:00:00,2025-12-13 08:00:00,E,St George St,1,0,0,0
2025-12-13,15,10:00,140,10,13.9,0,1,32.49,1,2025-12-13 04:00:00,2025-12-13 08:00:00,E,Dovercourt Rd,2,1,1,0
2025-12-13,15,10:00,140,10,13.9,0,1,32.49,1,2025-12-13 04:00:00,2025-12-13 08:00:00,E,Glenmount Park Rd,1,2,2,0
2025-12-13,15,10:00,140,10,13.9,0,1,32.49,1,2025-12-13 04:00:00,2025-12-13 08:00:00,E,Prust Ave,0,0,0,0
2025-12-13,15,10:00,140,10,13.9,0,1,32.49,1,2025-12-13 04:00:00,2025-12-13 08:00:00,E,Main Street Station at Bay 7,0,0,0,0
2025-12-13,15,10:00,140,10,13.9,0,1,32.49,1,2025-12-13 04:00:00,2025-12-13 08:00:00,E,Norwood Rd,1,2,2,0
2025-12-13,15,10:00,140,10,13.9,0,1,32.49,1,2025-12-13 04:00:00,2025-12-13 08:00:00,E,McCaul St,1,0,0,0
2025-12-13,15,10:00,140,10,13.9,0,1,32.49,1,2025-12-13 04:00:00,2025-12-13 08:00:00,E,Broadview Ave,1,0,0,0
2025-12-13,15,10:00,140,10,13.9,0,1,32.49,1,2025-12-13 04:00:00,2025-12-13 08:00:00,E,Ontario St,0,0,1,0
2025-12-13,15,10:00,140,10,13.9,0,1,32.49,1,2025-12-13 04:00:00,2025-12-13 08:00:00,E,Rusholme Park Cres,0,0,1,0
2025-12-13,15,10:00,140,10,13.9,0,1,32.49,1,2025-12-13 04:00:00,2025-12-13 08:00:00,E,Havelock St,0,0,0,0
2025-12-13,15,10:00,140,10,13.9,0,1,32.49,1,2025-12-13 04:00:00,2025-12-13 08:00:00,E,High Park Loop,0,4,0,0
2025-12-13,15,10:00,140,10,13.9,0,1,32.49,1,2025-12-13 04:00:00,2025-12-13 08:00:00,E,Queens Park (Queen's Park Station),1,0,0,0
2025-12-13,15,10:00,140,10,13.9,0,1,32.49,1,2025-12-13 04:00:00,2025-12-13 08:00:00,E,Roncesvalles Ave,0,0,0,0
2025-12-13,15,10:00,140,10,13.9,0,1,32.49,1,2025-12-13 04:00:00,2025-12-13 08:00:00,E,De Grassi St,1,0,0,0
2025-12-13,15,10:00,140,10,13.9,0,1,32.49,1,2025-12-13 04:00:00,2025-12-13 08:00:00,E,Parliament St at Carlton St,1,0,1,0
2025-12-13,15,10:00,140,10,13.9,0,1,32.49,1,2025-12-13 04:00:00,2025-12-13 08:00:00,E,Parkside Dr East Side,0,1,0,0
2025-12-13,15,10:00,140,10,13.9,0,1,32.49,1,2025-12-13 04:00:00,2025-12-13 08:00:00,E,Dundas St West,0,0,1,0
2025-12-13,15,10:00,140,10,13.9,0,1,32.49,1,2025-12-13 04:00:00,2025-12-13 08:00:00,E,Howard Park Ave at Roncesvalles Ave,0,0,0,0
2025-12-13,15,10:00,140,10,13.9,0,1,32.49,1,2025-12-13 04:00:00,2025-12-13 08:00:00,E,Parliament St,0,0,0,0
2025-12-13,15,10:00,140,10,13.9,0,1,32.49,1,2025-12-13 04:00:00,2025-12-13 08:00:00,E,Parliament St at Gerrard St East,0,0,0,0
2025-12-13,15,10:00,140,10,13.9,0,1,32.49,1,2025-12-13 04:00:00,2025-12-13 08:00:00,E,Sumach St,0,0,0,0
2025-12-13,15,10:00,140,10,13.9,0,1,32.49,1,2025-12-13 04:00:00,2025-12-13 08:00:00,E,Blackburn St,0,0,0,0
2025-12-13,15,10:00,140,10,13.9,0,1,32.49,1,2025-12-13 04:00:00,2025-12-13 08:00:00,E,Logan Ave,1,0,0,0
2025-12-13,15,10:00,140,10,13.9,0,1,32.49,1,2025-12-13 04:00:00,2025-12-13 08:00:00,E,Augusta Ave,0,0,0,0
2025-12-13,15,10:00,140,10,13.9,0,1,32.49,1,2025-12-13 04:00:00,2025-12-13 08:00:00,E,Beverley St,0,0,0,0
2025-12-13,15,10:00,140,10,13.9,0,1,32.49,1,2025-12-13 04:00:00,2025-12-13 08:00:00,E,University Ave (Queen's Park Station,0,0,0,0
2025-12-13,15,10:00,140,10,13.9,0,1,32.49,1,2025-12-13 04:00:00,2025-12-13 08:00:00,E,Elizabeth St,0,0,0,0
2025-12-13,15,10:00,140,10,13.9,0,1,32.49,1,2025-12-13 04:00:00,2025-12-13 08:00:00,E,Greenwood Ave,0,0,0,0
2025-12-13,15,10:00,140,10,13.9,0,1,32.49,1,2025-12-13 04:00:00,2025-12-13 08:00:00,E,Alton Ave,0,0,0,0
2025-12-13,15,10:00,140,10,13.9,0,1,32.49,1,2025-12-13 04:00:00,2025-12-13 08:00:00,E,Coxwell Ave,0,0,0,0
2025-12-13,15,10:00,140,10,13.9,0,1,32.49,1,2025-12-13 04:00:00,2025-12-13 08:00:00,E,Gerrard St East  at Coxwell Ave,0,0,0,0
2025-12-13,15,10:00,140,10,13.9,0,1,32.49,1,2025-12-13 04:00:00,2025-12-13 08:00:00,E,Coxwell Ave at Lower Gerrard St East,0,0,0,0
2025-12-13,15,10:00,140,10,13.9,0,1,32.49,1,2025-12-13 04:00:00,2025-12-13 08:00:00,E,Ashdale Ave,0,0,0,0
2025-12-13,15,10:00,140,10,13.9,0,1,32.49,1,2025-12-13 04:00:00,2025-12-13 08:00:00,E,Howard Park Ave at Indian Rd,0,0,0,0
2025-12-13,15,10:00,140,10,13.9,0,1,32.49,1,2025-12-13 04:00:00,2025-12-13 08:00:00,E,Dundas St West at Howard Park Ave,0,0,0,0
2025-12-13,15,10:00,140,10,13.9,0,1,32.49,1,2025-12-13 04:00:00,2025-12-13 08:00:00,E,Main St at Gerrard St East,0,0,0,0
2025-12-13,15,10:00,140,10,13.9,0,1,32.49,1,2025-12-13 04:00:00,2025-12-13 08:00:00,E,Main St,0,0,0,0
2025-12-13,15,10:00,140,10,13.9,0,1,32.49,1,2025-12-13 04:00:00,2025-12-13 08:00:00,E,Main St at Danforth Ave,0,0,0,0
2025-12-13,15,10:00,140,10,13.9,0,1,32.49,1,2025-12-13 04:00:00,2025-12-13 08:00:00,E,Howard Park Ave at Parkside Dr,0,0,0,0
2025-12-13,15,10:00,140,10,13.9,0,1,32.49,1,2025-12-13 04:00:00,2025-12-13 08:00:00,W,Woodfield Rd,2,1,2,1
2025-12-13,15,10:00,140,10,13.9,0,1,32.49,1,2025-12-13 04:00:00,2025-12-13 08:00:00,W,Coxwell Ave at Gerrard St East,2,2,3,2
2025-12-13,15,10:00,140,10,13.9,0,1,32.49,1,2025-12-13 04:00:00,2025-12-13 08:00:00,W,Euclid Ave,0,0,0,0
2025-12-13,15,10:00,140,10,13.9,0,1,32.49,1,2025-12-13 04:00:00,2025-12-13 08:00:00,W,Bowmore Rd,1,1,1,1
2025-12-13,15,10:00,140,10,13.9,0,1,32.49,1,2025-12-13 04:00:00,2025-12-13 08:00:00,W,Bay St,3,1,2,1
2025-12-13,15,10:00,140,10,13.9,0,1,32.49,1,2025-12-13 04:00:00,2025-12-13 08:00:00,W,Lansdowne Ave,0,0,0,0
2025-12-13,15,10:00,140,10,13.9,0,1,32.49,1,2025-12-13 04:00:00,2025-12-13 08:00:00,W,Indian Rd,2,2,0,0
2025-12-13,15,10:00,140,10,13.9,0,1,32.49,1,2025-12-13 04:00:00,2025-12-13 08:00:00,W,Grace St,0,0,0,0
2025-12-13,15,10:00,140,10,13.9,0,1,32.49,1,2025-12-13 04:00:00,2025-12-13 08:00:00,W,Dufferin St,3,2,3,0
2025-12-13,15,10:00,140,10,13.9,0,1,32.49,1,2025-12-13 04:00:00,2025-12-13 08:00:00,W,Gerrard St East at Beaton Ave,1,1,1,1
2025-12-13,15,10:00,140,10,13.9,0,1,32.49,1,2025-12-13 04:00:00,2025-12-13 08:00:00,W,Bathurst St,0,0,0,0
2025-12-13,15,10:00,140,10,13.9,0,1,32.49,1,2025-12-13 04:00:00,2025-12-13 08:00:00,W,Yonge St - College Station,0,0,0,0
2025-12-13,15,10:00,140,10,13.9,0,1,32.49,1,2025-12-13 04:00:00,2025-12-13 08:00:00,W,Dundas St West at Sterling Rd,0,0,0,0
2025-12-13,15,10:00,140,10,13.9,0,1,32.49,1,2025-12-13 04:00:00,2025-12-13 08:00:00,W,Brock Ave,0,0,0,0
2025-12-13,15,10:00,140,10,13.9,0,1,32.49,1,2025-12-13 04:00:00,2025-12-13 08:00:00,W,Sackville St,0,0,0,0
2025-12-13,15,10:00,140,10,13.9,0,1,32.49,1,2025-12-13 04:00:00,2025-12-13 08:00:00,W,Carlaw Ave,0,0,0,0
2025-12-13,15,10:00,140,10,13.9,0,1,32.49,1,2025-12-13 04:00:00,2025-12-13 08:00:00,W,Borden St,0,0,0,0
2025-12-13,15,10:00,140,10,13.9,0,1,32.49,1,2025-12-13 04:00:00,2025-12-13 08:00:00,W,Dundas St West at Sorauren Ave,2,2,0,0
2025-12-13,15,10:00,140,10,13.9,0,1,32.49,1,2025-12-13 04:00:00,2025-12-13 08:00:00,W,Crawford St,0,0,0,0
2025-12-13,15,10:00,140,10,13.9,0,1,32.49,1,2025-12-13 04:00:00,2025-12-13 08:00:00,W,Pape Ave,0,0,0,0
2025-12-13,15,10:00,140,10,13.9,0,1,32.49,1,2025-12-13 04:00:00,2025-12-13 08:00:00,W,Spadina Ave,2,0,2,2
2025-12-13,15,10:00,140,10,13.9,0,1,32.49,1,2025-12-13 04:00:00,2025-12-13 08:00:00,W,River St,0,0,0,0
2025-12-13,15,10:00,140,10,13.9,0,1,32.49,1,2025-12-13 04:00:00,2025-12-13 08:00:00,W,Marjory Ave,0,0,0,0
2025-12-13,15,10:00,140,10,13.9,0,1,32.49,1,2025-12-13 04:00:00,2025-12-13 08:00:00,W,Kingsmount Park Rd,0,0,0,0
2025-12-13,15,10:00,140,10,13.9,0,1,32.49,1,2025-12-13 04:00:00,2025-12-13 08:00:00,W,Church St,0,0,0,0
2025-12-13,15,10:00,140,10,13.9,0,1,32.49,1,2025-12-13 04:00:00,2025-12-13 08:00:00,W,Ossington Ave,0,0,0,0
2025-12-13,15,10:00,140,10,13.9,0,1,32.49,1,2025-12-13 04:00:00,2025-12-13 08:00:00,W,Woodbine Ave,0,0,0,0
2025-12-13,15,10:00,140,10,13.9,0,1,32.49,1,2025-12-13 04:00:00,2025-12-13 08:00:00,W,Jones Ave,0,0,0,0
2025-12-13,15,10:00,140,10,13.9,0,1,32.49,1,2025-12-13 04:00:00,2025-12-13 08:00:00,W,Golfview Ave,0,0,0,0
2025-12-13,15,10:00,140,10,13.9,0,1,32.49,1,2025-12-13 04:00:00,2025-12-13 08:00:00,W,Leslie St,0,0,0,0
2025-12-13,15,10:00,140,10,13.9,0,1,32.49,1,2025-12-13 04:00:00,2025-12-13 08:00:00,W,St Matthews Rd,0,0,0,0
2025-12-13,15,10:00,140,10,13.9,0,1,32.49,1,2025-12-13 04:00:00,2025-12-13 08:00:00,W,Jarvis St,0,0,0,0
2025-12-13,15,10:00,140,10,13.9,0,1,32.49,1,2025-12-13 04:00:00,2025-12-13 08:00:00,W,Sherbourne St,0,0,0,0
2025-12-13,15,10:00,140,10,13.9,0,1,32.49,1,2025-12-13 04:00:00,2025-12-13 08:00:00,W,St George St,0,0,0,0
2025-12-13,15,10:00,140,10,13.9,0,1,32.49,1,2025-12-13 04:00:00,2025-12-13 08:00:00,W,Dovercourt Rd,0,0,0,0
2025-12-13,15,10:00,140,10,13.9,0,1,32.49,1,2025-12-13 04:00:00,2025-12-13 08:00:00,W,Glenmount Park Rd,0,0,0,0
2025-12-13,15,10:00,140,10,13.9,0,1,32.49,1,2025-12-13 04:00:00,2025-12-13 08:00:00,W,Prust Ave,0,0,0,0
2025-12-13,15,10:00,140,10,13.9,0,1,32.49,1,2025-12-13 04:00:00,2025-12-13 08:00:00,W,Main Street Station at Bay 7,1,1,1,2
2025-12-13,15,10:00,140,10,13.9,0,1,32.49,1,2025-12-13 04:00:00,2025-12-13 08:00:00,W,Norwood Rd,0,0,0,0
2025-12-13,15,10:00,140,10,13.9,0,1,32.49,1,2025-12-13 04:00:00,2025-12-13 08:00:00,W,McCaul St,0,0,0,0
2025-12-13,15,10:00,140,10,13.9,0,1,32.49,1,2025-12-13 04:00:00,2025-12-13 08:00:00,W,Broadview Ave,0,0,0,0
2025-12-13,15,10:00,140,10,13.9,0,1,32.49,1,2025-12-13 04:00:00,2025-12-13 08:00:00,W,Ontario St,0,0,0,0
2025-12-13,15,10:00,140,10,13.9,0,1,32.49,1,2025-12-13 04:00:00,2025-12-13 08:00:00,W,Rusholme Park Cres,0,0,0,0
2025-12-13,15,10:00,140,10,13.9,0,1,32.49,1,2025-12-13 04:00:00,2025-12-13 08:00:00,W,Havelock St,0,0,0,0
2025-12-13,15,10:00,140,10,13.9,0,1,32.49,1,2025-12-13 04:00:00,2025-12-13 08:00:00,W,High Park Loop,0,0,0,0
2025-12-13,15,10:00,140,10,13.9,0,1,32.49,1,2025-12-13 04:00:00,2025-12-13 08:00:00,W,Queens Park (Queen's Park Station),0,0,0,0
2025-12-13,15,10:00,140,10,13.9,0,1,32.49,1,2025-12-13 04:00:00,2025-12-13 08:00:00,W,Roncesvalles Ave,2,2,0,0
2025-12-13,15,10:00,140,10,13.9,0,1,32.49,1,2025-12-13 04:00:00,2025-12-13 08:00:00,W,De Grassi St,0,0,0,0
2025-12-13,15,10:00,140,10,13.9,0,1,32.49,1,2025-12-13 04:00:00,2025-12-13 08:00:00,W,Parliament St at Carlton St,0,0,0,0
2025-12-13,15,10:00,140,10,13.9,0,1,32.49,1,2025-12-13 04:00:00,2025-12-13 08:00:00,W,Parkside Dr East Side,0,0,0,0
2025-12-13,15,10:00,140,10,13.9,0,1,32.49,1,2025-12-13 04:00:00,2025-12-13 08:00:00,W,Dundas St West,2,2,0,0
2025-12-13,15,10:00,140,10,13.9,0,1,32.49,1,2025-12-13 04:00:00,2025-12-13 08:00:00,W,Howard Park Ave at Roncesvalles Ave,0,0,0,0
2025-12-13,15,10:00,140,10,13.9,0,1,32.49,1,2025-12-13 04:00:00,2025-12-13 08:00:00,W,Parliament St,0,0,0,0
2025-12-13,15,10:00,140,10,13.9,0,1,32.49,1,2025-12-13 04:00:00,2025-12-13 08:00:00,W,Parliament St at Gerrard St East,0,0,0,0
2025-12-13,15,10:00,140,10,13.9,0,1,32.49,1,2025-12-13 04:00:00,2025-12-13 08:00:00,W,Sumach St,0,0,0,0
2025-12-13,15,10:00,140,10,13.9,0,1,32.49,1,2025-12-13 04:00:00,2025-12-13 08:00:00,W,Blackburn St,0,0,0,0
2025-12-13,15,10:00,140,10,13.9,0,1,32.49,1,2025-12-13 04:00:00,2025-12-13 08:00:00,W,Logan Ave,0,0,0,0
2025-12-13,15,10:00,140,10,13.9,0,1,32.49,1,2025-12-13 04:00:00,2025-12-13 08:00:00,W,Augusta Ave,0,0,0,0
2025-12-13,15,10:00,140,10,13.9,0,1,32.49,1,2025-12-13 04:00:00,2025-12-13 08:00:00,W,Beverley St,0,0,0,0
2025-12-13,15,10:00,140,10,13.9,0,1,32.49,1,2025-12-13 04:00:00,2025-12-13 08:00:00,W,University Ave (Queen's Park Station,0,0,0,0
2025-12-13,15,10:00,140,10,13.9,0,1,32.49,1,2025-12-13 04:00:00,2025-12-13 08:00:00,W,Elizabeth St,0,0,0,0
2025-12-13,15,10:00,140,10,13.9,0,1,32.49,1,2025-12-13 04:00:00,2025-12-13 08:00:00,W,Greenwood Ave,0,0,0,0
2025-12-13,15,10:00,140,10,13.9,0,1,32.49,1,2025-12-13 04:00:00,2025-12-13 08:00:00,W,Alton Ave,0,0,0,0
2025-12-13,15,10:00,140,10,13.9,0,1,32.49,1,2025-12-13 04:00:00,2025-12-13 08:00:00,W,Coxwell Ave,0,0,0,0
2025-12-13,15,10:00,140,10,13.9,0,1,32.49,1,2025-12-13 04:00:00,2025-12-13 08:00:00,W,Gerrard St East  at Coxwell Ave,0,0,0,0
2025-12-13,15,10:00,140,10,13.9,0,1,32.49,1,2025-12-13 04:00:00,2025-12-13 08:00:00,W,Coxwell Ave at Lower Gerrard St East,0,0,0,0
2025-12-13,15,10:00,140,10,13.9,0,1,32.49,1,2025-12-13 04:00:00,2025-12-13 08:00:00,W,Ashdale Ave,0,0,0,0
2025-12-13,15,10:00,140,10,13.9,0,1,32.49,1,2025-12-13 04:00:00,2025-12-13 08:00:00,W,Howard Park Ave at Indian Rd,0,0,0,0
2025-12-13,15,10:00,140,10,13.9,0,1,32.49,1,2025-12-13 04:00:00,2025-12-13 08:00:00,W,Dundas St West at Howard Park Ave,0,0,0,0
2025-12-13,15,10:00,140,10,13.9,0,1,32.49,1,2025-12-13 04:00:00,2025-12-13 08:00:00,W,Main St at Gerrard St East,0,0,0,0
2025-12-13,15,10:00,140,10,13.9,0,1,32.49,1,2025-12-13 04:00:00,2025-12-13 08:00:00,W,Main St,0,0,0,0
2025-12-13,15,10:00,140,10,13.9,0,1,32.49,1,2025-12-13 04:00:00,2025-12-13 08:00:00,W,Main St at Danforth Ave,0,0,0,0
2025-12-13,15,10:00,140,10,13.9,0,1,32.49,1,2025-12-13 04:00:00,2025-12-13 08:00:00,W,Howard Park Ave at Parkside Dr,0,0,0,0
2025-12-20,15,10:00,140,10,13.9,0,1,32.49,1,2025-12-20 04:00:00,2025-12-20 08:00:00,E,Woodfield Rd,0,0,0,0
2025-12-20,15,10:00,140,10,13.9,0,1,32.49,1,2025-12-20 04:00:00,2025-12-20 08:00:00,E,Coxwell Ave at Gerrard St East,0,0,0,0
2025-12-20,15,10:00,140,10,13.9,0,1,32.49,1,2025-12-20 04:00:00,2025-12-20 08:00:00,E,Euclid Ave,0,0,0,0
2025-12-20,15,10:00,140,10,13.9,0,1,32.49,1,2025-12-20 04:00:00,2025-12-20 08:00:00,E,Bowmore Rd,0,0,0,0
2025-12-20,15,10:00,140,10,13.9,0,1,32.49,1,2025-12-20 04:00:00,2025-12-20 08:00:00,E,Bay St,0,0,0,0
2025-12-20,15,10:00,140,10,13.9,0,1,32.49,1,2025-12-20 04:00:00,2025-12-20 08:00:00,E,Lansdowne Ave,0,0,0,0
2025-12-20,15,10:00,140,10,13.9,0,1,32.49,1,2025-12-20 04:00:00,2025-12-20 08:00:00,E,Indian Rd,0,0,0,0
2025-12-20,15,10:00,140,10,13.9,0,1,32.49,1,2025-12-20 04:00:00,2025-12-20 08:00:00,E,Grace St,0,0,0,0
2025-12-20,15,10:00,140,10,13.9,0,1,32.49,1,2025-12-20 04:00:00,2025-12-20 08:00:00,E,Dufferin St,0,0,0,0
2025-12-20,15,10:00,140,10,13.9,0,1,32.49,1,2025-12-20 04:00:00,2025-12-20 08:00:00,E,Gerrard St East at Beaton Ave,0,0,0,0
2025-12-20,15,10:00,140,10,13.9,0,1,32.49,1,2025-12-20 04:00:00,2025-12-20 08:00:00,E,Bathurst St,0,0,0,0
2025-12-20,15,10:00,140,10,13.9,0,1,32.49,1,2025-12-20 04:00:00,2025-12-20 08:00:00,E,Yonge St - College Station,0,0,0,0
2025-12-20,15,10:00,140,10,13.9,0,1,32.49,1,2025-12-20 04:00:00,2025-12-20 08:00:00,E,Dundas St West at Sterling Rd,0,0,0,0
2025-12-20,15,10:00,140,10,13.9,0,1,32.49,1,2025-12-20 04:00:00,2025-12-20 08:00:00,E,Brock Ave,0,0,0,0
2025-12-20,15,10:00,140,10,13.9,0,1,32.49,1,2025-12-20 04:00:00,2025-12-20 08:00:00,E,Sackville St,0,0,0,0
2025-12-20,15,10:00,140,10,13.9,0,1,32.49,1,2025-12-20 04:00:00,2025-12-20 08:00:00,E,Carlaw Ave,0,0,0,0
2025-12-20,15,10:00,140,10,13.9,0,1,32.49,1,2025-12-20 04:00:00,2025-12-20 08:00:00,E,Borden St,0,0,0,0
2025-12-20,15,10:00,140,10,13.9,0,1,32.49,1,2025-12-20 04:00:00,2025-12-20 08:00:00,E,Dundas St West at Sorauren Ave,0,0,0,0
2025-12-20,15,10:00,140,10,13.9,0,1,32.49,1,2025-12-20 04:00:00,2025-12-20 08:00:00,E,Crawford St,0,0,0,0
2025-12-20,15,10:00,140,10,13.9,0,1,32.49,1,2025-12-20 04:00:00,2025-12-20 08:00:00,E,Pape Ave,0,0,0,0
2025-12-20,15,10:00,140,10,13.9,0,1,32.49,1,2025-12-20 04:00:00,2025-12-20 08:00:00,E,Spadina Ave,0,0,0,0
2025-12-20,15,10:00,140,10,13.9,0,1,32.49,1,2025-12-20 04:00:00,2025-12-20 08:00:00,E,River St,0,0,0,0
2025-12-20,15,10:00,140,10,13.9,0,1,32.49,1,2025-12-20 04:00:00,2025-12-20 08:00:00,E,Marjory Ave,0,0,0,0
2025-12-20,15,10:00,140,10,13.9,0,1,32.49,1,2025-12-20 04:00:00,2025-12-20 08:00:00,E,Kingsmount Park Rd,0,0,0,0
2025-12-20,15,10:00,140,10,13.9,0,1,32.49,1,2025-12-20 04:00:00,2025-12-20 08:00:00,E,Church St,0,0,0,0
2025-12-20,15,10:00,140,10,13.9,0,1,32.49,1,2025-12-20 04:00:00,2025-12-20 08:00:00,E,Ossington Ave,0,0,0,0
2025-12-20,15,10:00,140,10,13.9,0,1,32.49,1,2025-12-20 04:00:00,2025-12-20 08:00:00,E,Woodbine Ave,0,0,0,0
2025-12-20,15,10:00,140,10,13.9,0,1,32.49,1,2025-12-20 04:00:00,2025-12-20 08:00:00,E,Jones Ave,0,0,0,0
2025-12-20,15,10:00,140,10,13.9,0,1,32.49,1,2025-12-20 04:00:00,2025-12-20 08:00:00,E,Golfview Ave,0,0,0,0
2025-12-20,15,10:00,140,10,13.9,0,1,32.49,1,2025-12-20 04:00:00,2025-12-20 08:00:00,E,Leslie St,0,0,0,0
2025-12-20,15,10:00,140,10,13.9,0,1,32.49,1,2025-12-20 04:00:00,2025-12-20 08:00:00,E,St Matthews Rd,0,0,0,0
2025-12-20,15,10:00,140,10,13.9,0,1,32.49,1,2025-12-20 04:00:00,2025-12-20 08:00:00,E,Jarvis St,0,0,0,0
2025-12-20,15,10:00,140,10,13.9,0,1,32.49,1,2025-12-20 04:00:00,2025-12-20 08:00:00,E,Sherbourne St,0,0,0,0
2025-12-20,15,10:00,140,10,13.9,0,1,32.49,1,2025-12-20 04:00:00,2025-12-20 08:00:00,E,St George St,0,0,0,0
2025-12-20,15,10:00,140,10,13.9,0,1,32.49,1,2025-12-20 04:00:00,2025-12-20 08:00:00,E,Dovercourt Rd,0,0,0,0
2025-12-20,15,10:00,140,10,13.9,0,1,32.49,1,2025-12-20 04:00:00,2025-12-20 08:00:00,E,Glenmount Park Rd,0,0,0,0
2025-12-20,15,10:00,140,10,13.9,0,1,32.49,1,2025-12-20 04:00:00,2025-12-20 08:00:00,E,Prust Ave,0,0,0,0
2025-12-20,15,10:00,140,10,13.9,0,1,32.49,1,2025-12-20 04:00:00,2025-12-20 08:00:00,E,Main Street Station at Bay 7,0,0,0,0
2025-12-20,15,10:00,140,10,13.9,0,1,32.49,1,2025-12-20 04:00:00,2025-12-20 08:00:00,E,Norwood Rd,0,0,0,0
2025-12-20,15,10:00,140,10,13.9,0,1,32.49,1,2025-12-20 04:00:00,2025-12-20 08:00:00,E,McCaul St,0,0,0,0
2025-12-20,15,10:00,140,10,13.9,0,1,32.49,1,2025-12-20 04:00:00,2025-12-20 08:00:00,E,Broadview Ave,0,0,0,0
2025-12-20,15,10:00,140,10,13.9,0,1,32.49,1,2025-12-20 04:00:00,2025-12-20 08:00:00,E,Ontario St,0,0,0,0
2025-12-20,15,10:00,140,10,13.9,0,1,32.49,1,2025-12-20 04:00:00,2025-12-20 08:00:00,E,Rusholme Park Cres,0,0,0,0
2025-12-20,15,10:00,140,10,13.9,0,1,32.49,1,2025-12-20 04:00:00,2025-12-20 08:00:00,E,Havelock St,0,0,0,0
2025-12-20,15,10:00,140,10,13.9,0,1,32.49,1,2025-12-20 04:00:00,2025-12-20 08:00:00,E,High Park Loop,0,0,0,0
2025-12-20,15,10:00,140,10,13.9,0,1,32.49,1,2025-12-20 04:00:00,2025-12-20 08:00:00,E,Queens Park (Queen's Park Station),0,0,0,0
2025-12-20,15,10:00,140,10,13.9,0,1,32.49,1,2025-12-20 04:00:00,2025-12-20 08:00:00,E,Roncesvalles Ave,0,0,0,0
2025-12-20,15,10:00,140,10,13.9,0,1,32.49,1,2025-12-20 04:00:00,2025-12-20 08:00:00,E,De Grassi St,0,0,0,0
2025-12-20,15,10:00,140,10,13.9,0,1,32.49,1,2025-12-20 04:00:00,2025-12-20 08:00:00,E,Parliament St at Carlton St,0,0,0,0
2025-12-20,15,10:00,140,10,13.9,0,1,32.49,1,2025-12-20 04:00:00,2025-12-20 08:00:00,E,Parkside Dr East Side,0,0,0,0
2025-12-20,15,10:00,140,10,13.9,0,1,32.49,1,2025-12-20 04:00:00,2025-12-20 08:00:00,E,Dundas St West,0,0,0,0
2025-12-20,15,10:00,140,10,13.9,0,1,32.49,1,2025-12-20 04:00:00,2025-12-20 08:00:00,E,Howard Park Ave at Roncesvalles Ave,0,0,0,0
2025-12-20,15,10:00,140,10,13.9,0,1,32.49,1,2025-12-20 04:00:00,2025-12-20 08:00:00,E,Parliament St,0,0,0,0
2025-12-20,15,10:00,140,10,13.9,0,1,32.49,1,2025-12-20 04:00:00,2025-12-20 08:00:00,E,Parliament St at Gerrard St East,0,0,0,0
2025-12-20,15,10:00,140,10,13.9,0,1,32.49,1,2025-12-20 04:00:00,2025-12-20 08:00:00,E,Sumach St,0,0,0,0
2025-12-20,15,10:00,140,10,13.9,0,1,32.49,1,2025-12-20 04:00:00,2025-12-20 08:00:00,E,Blackburn St,0,0,0,0
2025-12-20,15,10:00,140,10,13.9,0,1,32.49,1,2025-12-20 04:00:00,2025-12-20 08:00:00,E,Logan Ave,0,0,0,0
2025-12-20,15,10:00,140,10,13.9,0,1,32.49,1,2025-12-20 04:00:00,2025-12-20 08:00:00,E,Augusta Ave,0,0,0,0
2025-12-20,15,10:00,140,10,13.9,0,1,32.49,1,2025-12-20 04:00:00,2025-12-20 08:00:00,E,Beverley St,0,0,0,0
2025-12-20,15,10:00,140,10,13.9,0,1,32.49,1,2025-12-20 04:00:00,2025-12-20 08:00:00,E,University Ave (Queen's Park Station,0,0,0,0
2025-12-20,15,10:00,140,10,13.9,0,1,32.49,1,2025-12-20 04:00:00,2025-12-20 08:00:00,E,Elizabeth St,0,0,0,0
2025-12-20,15,10:00,140,10,13.9,0,1,32.49,1,2025-12-20 04:00:00,2025-12-20 08:00:00,E,Greenwood Ave,0,0,0,0
2025-12-20,15,10:00,140,10,13.9,0,1,32.49,1,2025-12-20 04:00:00,2025-12-20 08:00:00,E,Alton Ave,0,0,0,0
2025-12-20,15,10:00,140,10,13.9,0,1,32.49,1,2025-12-20 04:00:00,2025-12-20 08:00:00,E,Coxwell Ave,0,0,0,0
2025-12-20,15,10:00,140,10,13.9,0,1,32.49,1,2025-12-20 04:00:00,2025-12-20 08:00:00,E,Gerrard St East  at Coxwell Ave,0,0,0,0
2025-12-20,15,10:00,140,10,13.9,0,1,32.49,1,2025-12-20 04:00:00,2025-12-20 08:00:00,E,Coxwell Ave at Lower Gerrard St East,0,0,0,0
2025-12-20,15,10:00,140,10,13.9,0,1,32.49,1,2025-12-20 04:00:00,2025-12-20 08:00:00,E,Ashdale Ave,0,0,0,0
2025-12-20,15,10:00,140,10,13.9,0,1,32.49,1,2025-12-20 04:00:00,2025-12-20 08:00:00,E,Howard Park Ave at Indian Rd,0,0,0,0
2025-12-20,15,10:00,140,10,13.9,0,1,32.49,1,2025-12-20 04:00:00,2025-12-20 08:00:00,E,Dundas St West at Howard Park Ave,0,0,0,0
2025-12-20,15,10:00,140,10,13.9,0,1,32.49,1,2025-12-20 04:00:00,2025-12-20 08:00:00,E,Main St at Gerrard St East,0,0,0,0
2025-12-20,15,10:00,140,10,13.9,0,1,32.49,1,2025-12-20 04:00:00,2025-12-20 08:00:00,E,Main St,0,0,0,0
2025-12-20,15,10:00,140,10,13.9,0,1,32.49,1,2025-12-20 04:00:00,2025-12-20 08:00:00,E,Main St at Danforth Ave,0,0,0,0
2025-12-20,15,10:00,140,10,13.9,0,1,32.49,1,2025-12-20 04:00:00,2025-12-20 08:00:00,E,Howard Park Ave at Parkside Dr,0,0,0,0
2025-12-20,15,10:00,140,10,13.9,0,1,32.49,1,2025-12-20 04:00:00,2025-12-20 08:00:00,W,Woodfield Rd,0,0,0,0
2025-12-20,15,10:00,140,10,13.9,0,1,32.49,1,2025-12-20 04:00:00,2025-12-20 08:00:00,W,Coxwell Ave at Gerrard St East,0,0,0,0
2025-12-20,15,10:00,140,10,13.9,0,1,32.49,1,2025-12-20 04:00:00,2025-12-20 08:00:00,W,Euclid Ave,0,0,0,0
2025-12-20,15,10:00,140,10,13.9,0,1,32.49,1,2025-12-20 04:00:00,2025-12-20 08:00:00,W,Bowmore Rd,0,0,0,0
2025-12-20,15,10:00,140,10,13.9,0,1,32.49,1,2025-12-20 04:00:00,2025-12-20 08:00:00,W,Bay St,0,0,0,0
2025-12-20,15,10:00,140,10,13.9,0,1,32.49,1,2025-12-20 04:00:00,2025-12-20 08:00:00,W,Lansdowne Ave,0,0,0,0
2025-12-20,15,10:00,140,10,13.9,0,1,32.49,1,2025-12-20 04:00:00,2025-12-20 08:00:00,W,Indian Rd,0,0,0,0
2025-12-20,15,10:00,140,10,13.9,0,1,32.49,1,2025-12-20 04:00:00,2025-12-20 08:00:00,W,Grace St,0,0,0,0
2025-12-20,15,10:00,140,10,13.9,0,1,32.49,1,2025-12-20 04:00:00,2025-12-20 08:00:00,W,Dufferin St,0,0,0,0
2025-12-20,15,10:00,140,10,13.9,0,1,32.49,1,2025-12-20 04:00:00,2025-12-20 08:00:00,W,Gerrard St East at Beaton Ave,0,0,0,0
2025-12-20,15,10:00,140,10,13.9,0,1,32.49,1,2025-12-20 04:00:00,2025-12-20 08:00:00,W,Bathurst St,0,0,0,0
2025-12-20,15,10:00,140,10,13.9,0,1,32.49,1,2025-12-20 04:00:00,2025-12-20 08:00:00,W,Yonge St - College Station,0,0,0,0
2025-12-20,15,10:00,140,10,13.9,0,1,32.49,1,2025-12-20 04:00:00,2025-12-20 08:00:00,W,Dundas St West at Sterling Rd,0,0,0,0
2025-12-20,15,10:00,140,10,13.9,0,1,32.49,1,2025-12-20 04:00:00,2025-12-20 08:00:00,W,Brock Ave,0,0,0,0
2025-12-20,15,10:00,140,10,13.9,0,1,32.49,1,2025-12-20 04:00:00,2025-12-20 08:00:00,W,Sackville St,0,0,0,0
2025-12-20,15,10:00,140,10,13.9,0,1,32.49,1,2025-12-20 04:00:00,2025-12-20 08:00:00,W,Carlaw Ave,0,0,0,0
2025-12-20,15,10:00,140,10,13.9,0,1,32.49,1,2025-12-20 04:00:00,2025-12-20 08:00:00,W,Borden St,0,0,0,0
2025-12-20,15,10:00,140,10,13.9,0,1,32.49,1,2025-12-20 04:00:00,2025-12-20 08:00:00,W,Dundas St West at Sorauren Ave,0,0,0,0
2025-12-20,15,10:00,140,10,13.9,0,1,32.49,1,2025-12-20 04:00:00,2025-12-20 08:00:00,W,Crawford St,0,0,0,0
2025-12-20,15,10:00,140,10,13.9,0,1,32.49,1,2025-12-20 04:00:00,2025-12-20 08:00:00,W,Pape Ave,0,0,0,0
2025-12-20,15,10:00,140,10,13.9,0,1,32.49,1,2025-12-20 04:00:00,2025-12-20 08:00:00,W,Spadina Ave,0,0,0,0
2025-12-20,15,10:00,140,10,13.9,0,1,32.49,1,2025-12-20 04:00:00,2025-12-20 08:00:00,W,River St,0,0,0,0
2025-12-20,15,10:00,140,10,13.9,0,1,32.49,1,2025-12-20 04:00:00,2025-12-20 08:00:00,W,Marjory Ave,0,0,0,0
2025-12-20,15,10:00,140,10,13.9,0,1,32.49,1,2025-12-20 04:00:00,2025-12-20 08:00:00,W,Kingsmount Park Rd,0,0,0,0
2025-12-20,15,10:00,140,10,13.9,0,1,32.49,1,2025-12-20 04:00:00,2025-12-20 08:00:00,W,Church St,0,0,0,0
2025-12-20,15,10:00,140,10,13.9,0,1,32.49,1,2025-12-20 04:00:00,2025-12-20 08:00:00,W,Ossington Ave,0,0,0,0
2025-12-20,15,10:00,140,10,13.9,0,1,32.49,1,2025-12-20 04:00:00,2025-12-20 08:00:00,W,Woodbine Ave,0,0,0,0
2025-12-20,15,10:00,140,10,13.9,0,1,32.49,1,2025-12-20 04:00:00,2025-12-20 08:00:00,W,Jones Ave,0,0,0,0
2025-12-20,15,10:00,140,10,13.9,0,1,32.49,1,2025-12-20 04:00:00,2025-12-20 08:00:00,W,Golfview Ave,0,0,0,0
2025-12-20,15,10:00,140,10,13.9,0,1,32.49,1,2025-12-20 04:00:00,2025-12-20 08:00:00,W,Leslie St,0,0,0,0
2025-12-20,15,10:00,140,10,13.9,0,1,32.49,1,2025-12-20 04:00:00,2025-12-20 08:00:00,W,St Matthews Rd,0,0,0,0
2025-12-20,15,10:00,140,10,13.9,0,1,32.49,1,2025-12-20 04:00:00,2025-12-20 08:00:00,W,Jarvis St,0,0,0,0
2025-12-20,15,10:00,140,10,13.9,0,1,32.49,1,2025-12-20 04:00:00,2025-12-20 08:00:00,W,Sherbourne St,0,0,0,0
2025-12-20,15,10:00,140,10,13.9,0,1,32.49,1,2025-12-20 04:00:00,2025-12-20 08:00:00,W,St George St,0,0,0,0
2025-12-20,15,10:00,140,10,13.9,0,1,32.49,1,2025-12-20 04:00:00,2025-12-20 08:00:00,W,Dovercourt Rd,0,0,0,0
2025-12-20,15,10:00,140,10,13.9,0,1,32.49,1,2025-12-20 04:00:00,2025-12-20 08:00:00,W,Glenmount Park Rd,0,0,0,0
2025-12-20,15,10:00,140,10,13.9,0,1,32.49,1,2025-12-20 04:00:00,2025-12-20 08:00:00,W,Prust Ave,0,0,0,0
2025-12-20,15,10:00,140,10,13.9,0,1,32.49,1,2025-12-20 04:00:00,2025-12-20 08:00:00,W,Main Street Station at Bay 7,0,0,0,0
2025-12-20,15,10:00,140,10,13.9,0,1,32.49,1,2025-12-20 04:00:00,2025-12-20 08:00:00,W,Norwood Rd,0,0,0,0
2025-12-20,15,10:00,140,10,13.9,0,1,32.49,1,2025-12-20 04:00:00,2025-12-20 08:00:00,W,McCaul St,0,0,0,0
2025-12-20,15,10:00,140,10,13.9,0,1,32.49,1,2025-12-20 04:00:00,2025-12-20 08:00:00,W,Broadview Ave,0,0,0,0
2025-12-20,15,10:00,140,10,13.9,0,1,32.49,1,2025-12-20 04:00:00,2025-12-20 08:00:00,W,Ontario St,0,0,0,0
2025-12-20,15,10:00,140,10,13.9,0,1,32.49,1,2025-12-20 04:00:00,2025-12-20 08:00:00,W,Rusholme Park Cres,0,0,0,0
2025-12-20,15,10:00,140,10,13.9,0,1,32.49,1,2025-12-20 04:00:00,2025-12-20 08:00:00,W,Havelock St,0,0,0,0
2025-12-20,15,10:00,140,10,13.9,0,1,32.49,1,2025-12-20 04:00:00,2025-12-20 08:00:00,W,High Park Loop,0,0,0,0
2025-12-20,15,10:00,140,10,13.9,0,1,32.49,1,2025-12-20 04:00:00,2025-12-20 08:00:00,W,Queens Park (Queen's Park Station),0,0,0,0
2025-12-20,15,10:00,140,10,13.9,0,1,32.49,1,2025-12-20 04:00:00,2025-12-20 08:00:00,W,Roncesvalles Ave,0,0,0,0
2025-12-20,15,10:00,140,10,13.9,0,1,32.49,1,2025-12-20 04:00:00,2025-12-20 08:00:00,W,De Grassi St,0,0,0,0
2025-12-20,15,10:00,140,10,13.9,0,1,32.49,1,2025-12-20 04:00:00,2025-12-20 08:00:00,W,Parliament St at Carlton St,0,0,0,0
2025-12-20,15,10:00,140,10,13.9,0,1,32.49,1,2025-12-20 04:00:00,2025-12-20 08:00:00,W,Parkside Dr East Side,0,0,0,0
2025-12-20,15,10:00,140,10,13.9,0,1,32.49,1,2025-12-20 04:00:00,2025-12-20 08:00:00,W,Dundas St West,0,0,0,0
2025-12-20,15,10:00,140,10,13.9,0,1,32.49,1,2025-12-20 04:00:00,2025-12-20 08:00:00,W,Howard Park Ave at Roncesvalles Ave,0,0,0,0
2025-12-20,15,10:00,140,10,13.9,0,1,32.49,1,2025-12-20 04:00:00,2025-12-20 08:00:00,W,Parliament St,0,0,0,0
2025-12-20,15,10:00,140,10,13.9,0,1,32.49,1,2025-12-20 04:00:00,2025-12-20 08:00:00,W,Parliament St at Gerrard St East,0,0,0,0
2025-12-20,15,10:00,140,10,13.9,0,1,32.49,1,2025-12-20 04:00:00,2025-12-20 08:00:00,W,Sumach St,0,0,0,0
2025-12-20,15,10:00,140,10,13.9,0,1,32.49,1,2025-12-20 04:00:00,2025-12-20 08:00:00,W,Blackburn St,0,0,0,0
2025-12-20,15,10:00,140,10,13.9,0,1,32.49,1,2025-12-20 04:00:00,2025-12-20 08:00:00,W,Logan Ave,0,0,0,0
2025-12-20,15,10:00,140,10,13.9,0,1,32.49,1,2025-12-20 04:00:00,2025-12-20 08:00:00,W,Augusta Ave,0,0,0,0
2025-12-20,15,10:00,140,10,13.9,0,1,32.49,1,2025-12-20 04:00:00,2025-12-20 08:00:00,W,Beverley St,0,0,0,0
2025-12-20,15,10:00,140,10,13.9,0,1,32.49,1,2025-12-20 04:00:00,2025-12-20 08:00:00,W,University Ave (Queen's Park Station,0,0,0,0
2025-12-20,15,10:00,140,10,13.9,0,1,32.49,1,2025-12-20 04:00:00,2025-12-20 08:00:00,W,Elizabeth St,0,0,0,0
2025-12-20,15,10:00,140,10,13.9,0,1,32.49,1,2025-12-20 04:00:00,2025-12-20 08:00:00,W,Greenwood Ave,0,0,0,0
2025-12-20,15,10:00,140,10,13.9,0,1,32.49,1,2025-12-20 04:00:00,2025-12-20 08:00:00,W,Alton Ave,0,0,0,0
2025-12-20,15,10:00,140,10,13.9,0,1,32.49,1,2025-12-20 04:00:00,2025-12-20 08:00:00,W,Coxwell Ave,0,0,0,0
2025-12-20,15,10:00,140,10,13.9,0,1,32.49,1,2025-12-20 04:00:00,2025-12-20 08:00:00,W,Gerrard St East  at Coxwell Ave,0,0,0,0
2025-12-20,15,10:00,140,10,13.9,0,1,32.49,1,2025-12-20 04:00:00,2025-12-20 08:00:00,W,Coxwell Ave at Lower Gerrard St East,0,0,0,0
2025-12-20,15,10:00,140,10,13.9,0,1,32.49,1,2025-12-20 04:00:00,2025-12-20 08:00:00,W,Ashdale Ave,0,0,0,0
2025-12-20,15,10:00,140,10,13.9,0,1,32.49,1,2025-12-20 04:00:00,2025-12-20 08:00:00,W,Howard Park Ave at Indian Rd,0,0,0,0
2025-12-20,15,10:00,140,10,13.9,0,1,32.49,1,2025-12-20 04:00:00,2025-12-20 08:00:00,W,Dundas St West at Howard Park Ave,0,0,0,0
2025-12-20,15,10:00,140,10,13.9,0,1,32.49,1,2025-12-20 04:00:00,2025-12-20 08:00:00,W,Main St at Gerrard St East,0,0,0,0
2025-12-20,15,10:00,140,10,13.9,0,1,32.49,1,2025-12-20 04:00:00,2025-12-20 08:00:00,W,Main St,0,0,0,0
2025-12-20,15,10:00,140,10,13.9,0,1,32.49,1,2025-12-20 04:00:00,2025-12-20 08:00:00,W,Main St at Danforth Ave,0,0,0,0
2025-12-20,15,10:00,140,10,13.9,0,1,32.49,1,2025-12-20 04:00:00,2025-12-20 08:00:00,W,Howard Park Ave at Parkside Dr,0,0,0,0
2025-12-27,15,10:00,140,10,13.9,0,1,32.49,1,2025-12-27 04:00:00,2025-12-27 08:00:00,E,Woodfield Rd,0,0,0,0
2025-12-27,15,10:00,140,10,13.9,0,1,32.49,1,2025-12-27 04:00:00,2025-12-27 08:00:00,E,Coxwell Ave at Gerrard St East,0,0,0,0
2025-12-27,15,10:00,140,10,13.9,0,1,32.49,1,2025-12-27 04:00:00,2025-12-27 08:00:00,E,Euclid Ave,0,0,0,0
2025-12-27,15,10:00,140,10,13.9,0,1,32.49,1,2025-12-27 04:00:00,2025-12-27 08:00:00,E,Bowmore Rd,0,0,0,0
2025-12-27,15,10:00,140,10,13.9,0,1,32.49,1,2025-12-27 04:00:00,2025-12-27 08:00:00,E,Bay St,0,0,0,0
2025-12-27,15,10:00,140,10,13.9,0,1,32.49,1,2025-12-27 04:00:00,2025-12-27 08:00:00,E,Lansdowne Ave,0,0,0,0
2025-12-27,15,10:00,140,10,13.9,0,1,32.49,1,2025-12-27 04:00:00,2025-12-27 08:00:00,E,Indian Rd,0,0,0,0
2025-12-27,15,10:00,140,10,13.9,0,1,32.49,1,2025-12-27 04:00:00,2025-12-27 08:00:00,E,Grace St,0,0,0,0
2025-12-27,15,10:00,140,10,13.9,0,1,32.49,1,2025-12-27 04:00:00,2025-12-27 08:00:00,E,Dufferin St,0,0,0,0
2025-12-27,15,10:00,140,10,13.9,0,1,32.49,1,2025-12-27 04:00:00,2025-12-27 08:00:00,E,Gerrard St East at Beaton Ave,0,0,0,0
2025-12-27,15,10:00,140,10,13.9,0,1,32.49,1,2025-12-27 04:00:00,2025-12-27 08:00:00,E,Bathurst St,0,0,0,0
2025-12-27,15,10:00,140,10,13.9,0,1,32.49,1,2025-12-27 04:00:00,2025-12-27 08:00:00,E,Yonge St - College Station,0,0,0,0
2025-12-27,15,10:00,140,10,13.9,0,1,32.49,1,2025-12-27 04:00:00,2025-12-27 08:00:00,E,Dundas St West at Sterling Rd,0,0,0,0
2025-12-27,15,10:00,140,10,13.9,0,1,32.49,1,2025-12-27 04:00:00,2025-12-27 08:00:00,E,Brock Ave,0,0,0,0
2025-12-27,15,10:00,140,10,13.9,0,1,32.49,1,2025-12-27 04:00:00,2025-12-27 08:00:00,E,Sackville St,0,0,0,0
2025-12-27,15,10:00,140,10,13.9,0,1,32.49,1,2025-12-27 04:00:00,2025-12-27 08:00:00,E,Carlaw Ave,0,0,0,0
2025-12-27,15,10:00,140,10,13.9,0,1,32.49,1,2025-12-27 04:00:00,2025-12-27 08:00:00,E,Borden St,0,0,0,0
2025-12-27,15,10:00,140,10,13.9,0,1,32.49,1,2025-12-27 04:00:00,2025-12-27 08:00:00,E,Dundas St West at Sorauren Ave,0,0,0,0
2025-12-27,15,10:00,140,10,13.9,0,1,32.49,1,2025-12-27 04:00:00,2025-12-27 08:00:00,E,Crawford St,0,0,0,0
2025-12-27,15,10:00,140,10,13.9,0,1,32.49,1,2025-12-27 04:00:00,2025-12-27 08:00:00,E,Pape Ave,0,0,0,0
2025-12-27,15,10:00,140,10,13.9,0,1,32.49,1,2025-12-27 04:00:00,2025-12-27 08:00:00,E,Spadina Ave,0,0,0,0
2025-12-27,15,10:00,140,10,13.9,0,1,32.49,1,2025-12-27 04:00:00,2025-12-27 08:00:00,E,River St,0,0,0,0
2025-12-27,15,10:00,140,10,13.9,0,1,32.49,1,2025-12-27 04:00:00,2025-12-27 08:00:00,E,Marjory Ave,0,0,0,0
2025-12-27,15,10:00,140,10,13.9,0,1,32.49,1,2025-12-27 04:00:00,2025-12-27 08:00:00,E,Kingsmount Park Rd,0,0,0,0
2025-12-27,15,10:00,140,10,13.9,0,1,32.49,1,2025-12-27 04:00:00,2025-12-27 08:00:00,E,Church St,0,0,0,0
2025-12-27,15,10:00,140,10,13.9,0,1,32.49,1,2025-12-27 04:00:00,2025-12-27 08:00:00,E,Ossington Ave,0,0,0,0
2025-12-27,15,10:00,140,10,13.9,0,1,32.49,1,2025-12-27 04:00:00,2025-12-27 08:00:00,E,Woodbine Ave,0,0,0,0
2025-12-27,15,10:00,140,10,13.9,0,1,32.49,1,2025-12-27 04:00:00,2025-12-27 08:00:00,E,Jones Ave,0,0,0,0
2025-12-27,15,10:00,140,10,13.9,0,1,32.49,1,2025-12-27 04:00:00,2025-12-27 08:00:00,E,Golfview Ave,0,0,0,0
2025-12-27,15,10:00,140,10,13.9,0,1,32.49,1,2025-12-27 04:00:00,2025-12-27 08:00:00,E,Leslie St,0,0,0,0
2025-12-27,15,10:00,140,10,13.9,0,1,32.49,1,2025-12-27 04:00:00,2025-12-27 08:00:00,E,St Matthews Rd,0,0,0,0
2025-12-27,15,10:00,140,10,13.9,0,1,32.49,1,2025-12-27 04:00:00,2025-12-27 08:00:00,E,Jarvis St,0,0,0,0
2025-12-27,15,10:00,140,10,13.9,0,1,32.49,1,2025-12-27 04:00:00,2025-12-27 08:00:00,E,Sherbourne St,0,0,0,0
2025-12-27,15,10:00,140,10,13.9,0,1,32.49,1,2025-12-27 04:00:00,2025-12-27 08:00:00,E,St George St,0,0,0,0
2025-12-27,15,10:00,140,10,13.9,0,1,32.49,1,2025-12-27 04:00:00,2025-12-27 08:00:00,E,Dovercourt Rd,0,0,0,0
2025-12-27,15,10:00,140,10,13.9,0,1,32.49,1,2025-12-27 04:00:00,2025-12-27 08:00:00,E,Glenmount Park Rd,0,0,0,0
2025-12-27,15,10:00,140,10,13.9,0,1,32.49,1,2025-12-27 04:00:00,2025-12-27 08:00:00,E,Prust Ave,0,0,0,0
2025-12-27,15,10:00,140,10,13.9,0,1,32.49,1,2025-12-27 04:00:00,2025-12-27 08:00:00,E,Main Street Station at Bay 7,0,0,0,0
2025-12-27,15,10:00,140,10,13.9,0,1,32.49,1,2025-12-27 04:00:00,2025-12-27 08:00:00,E,Norwood Rd,0,0,0,0
2025-12-27,15,10:00,140,10,13.9,0,1,32.49,1,2025-12-27 04:00:00,2025-12-27 08:00:00,E,McCaul St,0,0,0,0
2025-12-27,15,10:00,140,10,13.9,0,1,32.49,1,2025-12-27 04:00:00,2025-12-27 08:00:00,E,Broadview Ave,0,0,0,0
2025-12-27,15,10:00,140,10,13.9,0,1,32.49,1,2025-12-27 04:00:00,2025-12-27 08:00:00,E,Ontario St,0,0,0,0
2025-12-27,15,10:00,140,10,13.9,0,1,32.49,1,2025-12-27 04:00:00,2025-12-27 08:00:00,E,Rusholme Park Cres,0,0,0,0
2025-12-27,15,10:00,140,10,13.9,0,1,32.49,1,2025-12-27 04:00:00,2025-12-27 08:00:00,E,Havelock St,0,0,0,0
2025-12-27,15,10:00,140,10,13.9,0,1,32.49,1,2025-12-27 04:00:00,2025-12-27 08:00:00,E,High Park Loop,0,0,0,0
2025-12-27,15,10:00,140,10,13.9,0,1,32.49,1,2025-12-27 04:00:00,2025-12-27 08:00:00,E,Queens Park (Queen's Park Station),0,0,0,0
2025-12-27,15,10:00,140,10,13.9,0,1,32.49,1,2025-12-27 04:00:00,2025-12-27 08:00:00,E,Roncesvalles Ave,0,0,0,0
2025-12-27,15,10:00,140,10,13.9,0,1,32.49,1,2025-12-27 04:00:00,2025-12-27 08:00:00,E,De Grassi St,0,0,0,0
2025-12-27,15,10:00,140,10,13.9,0,1,32.49,1,2025-12-27 04:00:00,2025-12-27 08:00:00,E,Parliament St at Carlton St,0,0,0,0
2025-12-27,15,10:00,140,10,13.9,0,1,32.49,1,2025-12-27 04:00:00,2025-12-27 08:00:00,E,Parkside Dr East Side,0,0,0,0
2025-12-27,15,10:00,140,10,13.9,0,1,32.49,1,2025-12-27 04:00:00,2025-12-27 08:00:00,E,Dundas St West,0,0,0,0
2025-12-27,15,10:00,140,10,13.9,0,1,32.49,1,2025-12-27 04:00:00,2025-12-27 08:00:00,E,Howard Park Ave at Roncesvalles Ave,0,0,0,0
2025-12-27,15,10:00,140,10,13.9,0,1,32.49,1,2025-12-27 04:00:00,2025-12-27 08:00:00,E,Parliament St,0,0,0,0
2025-12-27,15,10:00,140,10,13.9,0,1,32.49,1,2025-12-27 04:00:00,2025-12-27 08:00:00,E,Parliament St at Gerrard St East,0,0,0,0
2025-12-27,15,10:00,140,10,13.9,0,1,32.49,1,2025-12-27 04:00:00,2025-12-27 08:00:00,E,Sumach St,0,0,0,0
2025-12-27,15,10:00,140,10,13.9,0,1,32.49,1,2025-12-27 04:00:00,2025-12-27 08:00:00,E,Blackburn St,0,0,0,0
2025-12-27,15,10:00,140,10,13.9,0,1,32.49,1,2025-12-27 04:00:00,2025-12-27 08:00:00,E,Logan Ave,0,0,0,0
2025-12-27,15,10:00,140,10,13.9,0,1,32.49,1,2025-12-27 04:00:00,2025-12-27 08:00:00,E,Augusta Ave,0,0,0,0
2025-12-27,15,10:00,140,10,13.9,0,1,32.49,1,2025-12-27 04:00:00,2025-12-27 08:00:00,E,Beverley St,0,0,0,0
2025-12-27,15,10:00,140,10,13.9,0,1,32.49,1,2025-12-27 04:00:00,2025-12-27 08:00:00,E,University Ave (Queen's Park Station,0,0,0,0
2025-12-27,15,10:00,140,10,13.9,0,1,32.49,1,2025-12-27 04:00:00,2025-12-27 08:00:00,E,Elizabeth St,0,0,0,0
2025-12-27,15,10:00,140,10,13.9,0,1,32.49,1,2025-12-27 04:00:00,2025-12-27 08:00:00,E,Greenwood Ave,0,0,0,0
2025-12-27,15,10:00,140,10,13.9,0,1,32.49,1,2025-12-27 04:00:00,2025-12-27 08:00:00,E,Alton Ave,0,0,0,0
2025-12-27,15,10:00,140,10,13.9,0,1,32.49,1,2025-12-27 04:00:00,2025-12-27 08:00:00,E,Coxwell Ave,0,0,0,0
2025-12-27,15,10:00,140,10,13.9,0,1,32.49,1,2025-12-27 04:00:00,2025-12-27 08:00:00,E,Gerrard St East  at Coxwell Ave,0,0,0,0
2025-12-27,15,10:00,140,10,13.9,0,1,32.49,1,2025-12-27 04:00:00,2025-12-27 08:00:00,E,Coxwell Ave at Lower Gerrard St East,0,0,0,0
2025-12-27,15,10:00,140,10,13.9,0,1,32.49,1,2025-12-27 04:00:00,2025-12-27 08:00:00,E,Ashdale Ave,0,0,0,0
2025-12-27,15,10:00,140,10,13.9,0,1,32.49,1,2025-12-27 04:00:00,2025-12-27 08:00:00,E,Howard Park Ave at Indian Rd,0,0,0,0
2025-12-27,15,10:00,140,10,13.9,0,1,32.49,1,2025-12-27 04:00:00,2025-12-27 08:00:00,E,Dundas St West at Howard Park Ave,0,0,0,0
2025-12-27,15,10:00,140,10,13.9,0,1,32.49,1,2025-12-27 04:00:00,2025-12-27 08:00:00,E,Main St at Gerrard St East,0,0,0,0
2025-12-27,15,10:00,140,10,13.9,0,1,32.49,1,2025-12-27 04:00:00,2025-12-27 08:00:00,E,Main St,0,0,0,0
2025-12-27,15,10:00,140,10,13.9,0,1,32.49,1,2025-12-27 04:00:00,2025-12-27 08:00:00,E,Main St at Danforth Ave,0,0,0,0
2025-12-27,15,10:00,140,10,13.9,0,1,32.49,1,2025-12-27 04:00:00,2025-12-27 08:00:00,E,Howard Park Ave at Parkside Dr,0,0,0,0
2025-12-27,15,10:00,140,10,13.9,0,1,32.49,1,2025-12-27 04:00:00,2025-12-27 08:00:00,W,Woodfield Rd,0,0,0,0
2025-12-27,15,10:00,140,10,13.9,0,1,32.49,1,2025-12-27 04:00:00,2025-12-27 08:00:00,W,Coxwell Ave at Gerrard St East,0,0,0,0
2025-12-27,15,10:00,140,10,13.9,0,1,32.49,1,2025-12-27 04:00:00,2025-12-27 08:00:00,W,Euclid Ave,0,0,0,0
2025-12-27,15,10:00,140,10,13.9,0,1,32.49,1,2025-12-27 04:00:00,2025-12-27 08:00:00,W,Bowmore Rd,0,0,0,0
2025-12-27,15,10:00,140,10,13.9,0,1,32.49,1,2025-12-27 04:00:00,2025-12-27 08:00:00,W,Bay St,0,0,0,0
2025-12-27,15,10:00,140,10,13.9,0,1,32.49,1,2025-12-27 04:00:00,2025-12-27 08:00:00,W,Lansdowne Ave,0,0,0,0
2025-12-27,15,10:00,140,10,13.9,0,1,32.49,1,2025-12-27 04:00:00,2025-12-27 08:00:00,W,Indian Rd,0,0,0,0
2025-12-27,15,10:00,140,10,13.9,0,1,32.49,1,2025-12-27 04:00:00,2025-12-27 08:00:00,W,Grace St,0,0,0,0
2025-12-27,15,10:00,140,10,13.9,0,1,32.49,1,2025-12-27 04:00:00,2025-12-27 08:00:00,W,Dufferin St,0,0,0,0
2025-12-27,15,10:00,140,10,13.9,0,1,32.49,1,2025-12-27 04:00:00,2025-12-27 08:00:00,W,Gerrard St East at Beaton Ave,0,0,0,0
2025-12-27,15,10:00,140,10,13.9,0,1,32.49,1,2025-12-27 04:00:00,2025-12-27 08:00:00,W,Bathurst St,0,0,0,0
2025-12-27,15,10:00,140,10,13.9,0,1,32.49,1,2025-12-27 04:00:00,2025-12-27 08:00:00,W,Yonge St - College Station,0,0,0,0
2025-12-27,15,10:00,140,10,13.9,0,1,32.49,1,2025-12-27 04:00:00,2025-12-27 08:00:00,W,Dundas St West at Sterling Rd,0,0,0,0
2025-12-27,15,10:00,140,10,13.9,0,1,32.49,1,2025-12-27 04:00:00,2025-12-27 08:00:00,W,Brock Ave,0,0,0,0
2025-12-27,15,10:00,140,10,13.9,0,1,32.49,1,2025-12-27 04:00:00,2025-12-27 08:00:00,W,Sackville St,0,0,0,0
2025-12-27,15,10:00,140,10,13.9,0,1,32.49,1,2025-12-27 04:00:00,2025-12-27 08:00:00,W,Carlaw Ave,0,0,0,0
2025-12-27,15,10:00,140,10,13.9,0,1,32.49,1,2025-12-27 04:00:00,2025-12-27 08:00:00,W,Borden St,0,0,0,0
2025-12-27,15,10:00,140,10,13.9,0,1,32.49,1,2025-12-27 04:00:00,2025-12-27 08:00:00,W,Dundas St West at Sorauren Ave,0,0,0,0
2025-12-27,15,10:00,140,10,13.9,0,1,32.49,1,2025-12-27 04:00:00,2025-12-27 08:00:00,W,Crawford St,0,0,0,0
2025-12-27,15,10:00,140,10,13.9,0,1,32.49,1,2025-12-27 04:00:00,2025-12-27 08:00:00,W,Pape Ave,0,0,0,0
2025-12-27,15,10:00,140,10,13.9,0,1,32.49,1,2025-12-27 04:00:00,2025-12-27 08:00:00,W,Spadina Ave,0,0,0,0
2025-12-27,15,10:00,140,10,13.9,0,1,32.49,1,2025-12-27 04:00:00,2025-12-27 08:00:00,W,River St,0,0,0,0
2025-12-27,15,10:00,140,10,13.9,0,1,32.49,1,2025-12-27 04:00:00,2025-12-27 08:00:00,W,Marjory Ave,0,0,0,0
2025-12-27,15,10:00,140,10,13.9,0,1,32.49,1,2025-12-27 04:00:00,2025-12-27 08:00:00,W,Kingsmount Park Rd,0,0,0,0
2025-12-27,15,10:00,140,10,13.9,0,1,32.49,1,2025-12-27 04:00:00,2025-12-27 08:00:00,W,Church St,0,0,0,0
2025-12-27,15,10:00,140,10,13.9,0,1,32.49,1,2025-12-27 04:00:00,2025-12-27 08:00:00,W,Ossington Ave,0,0,0,0
2025-12-27,15,10:00,140,10,13.9,0,1,32.49,1,2025-12-27 04:00:00,2025-12-27 08:00:00,W,Woodbine Ave,0,0,0,0
2025-12-27,15,10:00,140,10,13.9,0,1,32.49,1,2025-12-27 04:00:00,2025-12-27 08:00:00,W,Jones Ave,0,0,0,0
2025-12-27,15,10:00,140,10,13.9,0,1,32.49,1,2025-12-27 04:00:00,2025-12-27 08:00:00,W,Golfview Ave,0,0,0,0
2025-12-27,15,10:00,140,10,13.9,0,1,32.49,1,2025-12-27 04:00:00,2025-12-27 08:00:00,W,Leslie St,0,0,0,0
2025-12-27,15,10:00,140,10,13.9,0,1,32.49,1,2025-12-27 04:00:00,2025-12-27 08:00:00,W,St Matthews Rd,0,0,0,0
2025-12-27,15,10:00,140,10,13.9,0,1,32.49,1,2025-12-27 04:00:00,2025-12-27 08:00:00,W,Jarvis St,0,0,0,0
2025-12-27,15,10:00,140,10,13.9,0,1,32.49,1,2025-12-27 04:00:00,2025-12-27 08:00:00,W,Sherbourne St,0,0,0,0
2025-12-27,15,10:00,140,10,13.9,0,1,32.49,1,2025-12-27 04:00:00,2025-12-27 08:00:00,W,St George St,0,0,0,0
2025-12-27,15,10:00,140,10,13.9,0,1,32.49,1,2025-12-27 04:00:00,2025-12-27 08:00:00,W,Dovercourt Rd,0,0,0,0
2025-12-27,15,10:00,140,10,13.9,0,1,32.49,1,2025-12-27 04:00:00,2025-12-27 08:00:00,W,Glenmount Park Rd,0,0,0,0
2025-12-27,15,10:00,140,10,13.9,0,1,32.49,1,2025-12-27 04:00:00,2025-12-27 08:00:00,W,Prust Ave,0,0,0,0
2025-12-27,15,10:00,140,10,13.9,0,1,32.49,1,2025-12-27 04:00:00,2025-12-27 08:00:00,W,Main Street Station at Bay 7,0,0,0,0
2025-12-27,15,10:00,140,10,13.9,0,1,32.49,1,2025-12-27 04:00:00,2025-12-27 08:00:00,W,Norwood Rd,0,0,0,0
2025-12-27,15,10:00,140,10,13.9,0,1,32.49,1,2025-12-27 04:00:00,2025-12-27 08:00:00,W,McCaul St,0,0,0,0
2025-12-27,15,10:00,140,10,13.9,0,1,32.49,1,2025-12-27 04:00:00,2025-12-27 08:00:00,W,Broadview Ave,0,0,0,0
2025-12-27,15,10:00,140,10,13.9,0,1,32.49,1,2025-12-27 04:00:00,2025-12-27 08:00:00,W,Ontario St,0,0,0,0
2025-12-27,15,10:00,140,10,13.9,0,1,32.49,1,2025-12-27 04:00:00,2025-12-27 08:00:00,W,Rusholme Park Cres,0,0,0,0
2025-12-27,15,10:00,140,10,13.9,0,1,32.49,1,2025-12-27 04:00:00,2025-12-27 08:00:00,W,Havelock St,0,0,0,0
2025-12-27,15,10:00,140,10,13.9,0,1,32.49,1,2025-12-27 04:00:00,2025-12-27 08:00:00,W,High Park Loop,0,0,0,0
2025-12-27,15,10:00,140,10,13.9,0,1,32.49,1,2025-12-27 04:00:00,2025-12-27 08:00:00,W,Queens Park (Queen's Park Station),0,0,0,0
2025-12-27,15,10:00,140,10,13.9,0,1,32.49,1,2025-12-27 04:00:00,2025-12-27 08:00:00,W,Roncesvalles Ave,0,0,0,0
2025-12-27,15,10:00,140,10,13.9,0,1,32.49,1,2025-12-27 04:00:00,2025-12-27 08:00:00,W,De Grassi St,0,0,0,0
2025-12-27,15,10:00,140,10,13.9,0,1,32.49,1,2025-12-27 04:00:00,2025-12-27 08:00:00,W,Parliament St at Carlton St,0,0,0,0
2025-12-27,15,10:00,140,10,13.9,0,1,32.49,1,2025-12-27 04:00:00,2025-12-27 08:00:00,W,Parkside Dr East Side,0,0,0,0
2025-12-27,15,10:00,140,10,13.9,0,1,32.49,1,2025-12-27 04:00:00,2025-12-27 08:00:00,W,Dundas St West,0,0,0,0
2025-12-27,15,10:00,140,10,13.9,0,1,32.49,1,2025-12-27 04:00:00,2025-12-27 08:00:00,W,Howard Park Ave at Roncesvalles Ave,0,0,0,0
2025-12-27,15,10:00,140,10,13.9,0,1,32.49,1,2025-12-27 04:00:00,2025-12-27 08:00:00,W,Parliament St,0,0,0,0
2025-12-27,15,10:00,140,10,13.9,0,1,32.49,1,2025-12-27 04:00:00,2025-12-27 08:00:00,W,Parliament St at Gerrard St East,0,0,0,0
2025-12-27,15,10:00,140,10,13.9,0,1,32.49,1,2025-12-27 04:00:00,2025-12-27 08:00:00,W,Sumach St,0,0,0,0
2025-12-27,15,10:00,140,10,13.9,0,1,32.49,1,2025-12-27 04:00:00,2025-12-27 08:00:00,W,Blackburn St,0,0,0,0
2025-12-27,15,10:00,140,10,13.9,0,1,32.49,1,2025-12-27 04:00:00,2025-12-27 08:00:00,W,Logan Ave,0,0,0,0
2025-12-27,15,10:00,140,10,13.9,0,1,32.49,1,2025-12-27 04:00:00,2025-12-27 08:00:00,W,Augusta Ave,0,0,0,0
2025-12-27,15,10:00,140,10,13.9,0,1,32.49,1,2025-12-27 04:00:00,2025-12-27 08:00:00,W,Beverley St,0,0,0,0
2025-12-27,15,10:00,140,10,13.9,0,1,32.49,1,2025-12-27 04:00:00,2025-12-27 08:00:00,W,University Ave (Queen's Park Station,0,0,0,0
2025-12-27,15,10:00,140,10,13.9,0,1,32.49,1,2025-12-27 04:00:00,2025-12-27 08:00:00,W,Elizabeth St,0,0,0,0
2025-12-27,15,10:00,140,10,13.9,0,1,32.49,1,2025-12-27 04:00:00,2025-12-27 08:00:00,W,Greenwood Ave,0,0,0,0
2025-12-27,15,10:00,140,10,13.9,0,1,32.49,1,2025-12-27 04:00:00,2025-12-27 08:00:00,W,Alton Ave,0,0,0,0
2025-12-27,15,10:00,140,10,13.9,0,1,32.49,1,2025-12-27 04:00:00,2025-12-27 08:00:00,W,Coxwell Ave,0,0,0,0
2025-12-27,15,10:00,140,10,13.9,0,1,32.49,1,2025-12-27 04:00:00,2025-12-27 08:00:00,W,Gerrard St East  at Coxwell Ave,0,0,0,0
2025-12-27,15,10:00,140,10,13.9,0,1,32.49,1,2025-12-27 04:00:00,2025-12-27 08:00:00,W,Coxwell Ave at Lower Gerrard St East,0,0,0,0
2025-12-27,15,10:00,140,10,13.9,0,1,32.49,1,2025-12-27 04:00:00,2025-12-27 08:00:00,W,Ashdale Ave,0,0,0,0
2025-12-27,15,10:00,140,10,13.9,0,1,32.49,1,2025-12-27 04:00:00,2025-12-27 08:00:00,W,Howard Park Ave at Indian Rd,0,0,0,0
2025-12-27,15,10:00,140,10,13.9,0,1,32.49,1,2025-12-27 04:00:00,2025-12-27 08:00:00,W,Dundas St West at Howard Park Ave,0,0,0,0
2025-12-27,15,10:00,140,10,13.9,0,1,32.49,1,2025-12-27 04:00:00,2025-12-27 08:00:00,W,Main St at Gerrard St East,0,0,0,0
2025-12-27,15,10:00,140,10,13.9,0,1,32.49,1,2025-12-27 04:00:00,2025-12-27 08:00:00,W,Main St,0,0,0,0
2025-12-27,15,10:00,140,10,13.9,0,1,32.49,1,2025-12-27 04:00:00,2025-12-27 08:00:00,W,Main St at Danforth Ave,0,0,0,0
2025-12-27,15,10:00,140,10,13.9,0,1,32.49,1,2025-12-27 04:00:00,2025-12-27 08:00:00,W,Howard Park Ave at Parkside Dr,0,0,0,0
2026-01-03,15,10:00,140,10,13.9,0,1,32.49,1,2026-01-03 04:00:00,2026-01-03 08:00:00,E,Woodfield Rd,0,0,0,0
2026-01-03,15,10:00,140,10,13.9,0,1,32.49,1,2026-01-03 04:00:00,2026-01-03 08:00:00,E,Coxwell Ave at Gerrard St East,1,4,0,0
2026-01-03,15,10:00,140,10,13.9,0,1,32.49,1,2026-01-03 04:00:00,2026-01-03 08:00:00,E,Euclid Ave,0,0,0,0
2026-01-03,15,10:00,140,10,13.9,0,1,32.49,1,2026-01-03 04:00:00,2026-01-03 08:00:00,E,Bowmore Rd,0,0,0,0
2026-01-03,15,10:00,140,10,13.9,0,1,32.49,1,2026-01-03 04:00:00,2026-01-03 08:00:00,E,Bay St,0,0,0,0
2026-01-03,15,10:00,140,10,13.9,0,1,32.49,1,2026-01-03 04:00:00,2026-01-03 08:00:00,E,Lansdowne Ave,0,0,0,0
2026-01-03,15,10:00,140,10,13.9,0,1,32.49,1,2026-01-03 04:00:00,2026-01-03 08:00:00,E,Indian Rd,0,0,1,0
2026-01-03,15,10:00,140,10,13.9,0,1,32.49,1,2026-01-03 04:00:00,2026-01-03 08:00:00,E,Grace St,0,0,0,0
2026-01-03,15,10:00,140,10,13.9,0,1,32.49,1,2026-01-03 04:00:00,2026-01-03 08:00:00,E,Dufferin St,0,0,0,0
2026-01-03,15,10:00,140,10,13.9,0,1,32.49,1,2026-01-03 04:00:00,2026-01-03 08:00:00,E,Gerrard St East at Beaton Ave,1,4,0,0
2026-01-03,15,10:00,140,10,13.9,0,1,32.49,1,2026-01-03 04:00:00,2026-01-03 08:00:00,E,Bathurst St,0,0,0,0
2026-01-03,15,10:00,140,10,13.9,0,1,32.49,1,2026-01-03 04:00:00,2026-01-03 08:00:00,E,Yonge St - College Station,0,0,0,0
2026-01-03,15,10:00,140,10,13.9,0,1,32.49,1,2026-01-03 04:00:00,2026-01-03 08:00:00,E,Dundas St West at Sterling Rd,0,0,0,0
2026-01-03,15,10:00,140,10,13.9,0,1,32.49,1,2026-01-03 04:00:00,2026-01-03 08:00:00,E,Brock Ave,0,0,0,0
2026-01-03,15,10:00,140,10,13.9,0,1,32.49,1,2026-01-03 04:00:00,2026-01-03 08:00:00,E,Sackville St,1,0,0,0
2026-01-03,15,10:00,140,10,13.9,0,1,32.49,1,2026-01-03 04:00:00,2026-01-03 08:00:00,E,Carlaw Ave,0,0,0,0
2026-01-03,15,10:00,140,10,13.9,0,1,32.49,1,2026-01-03 04:00:00,2026-01-03 08:00:00,E,Borden St,0,0,0,0
2026-01-03,15,10:00,140,10,13.9,0,1,32.49,1,2026-01-03 04:00:00,2026-01-03 08:00:00,E,Dundas St West at Sorauren Ave,0,0,0,0
2026-01-03,15,10:00,140,10,13.9,0,1,32.49,1,2026-01-03 04:00:00,2026-01-03 08:00:00,E,Crawford St,0,0,0,0
2026-01-03,15,10:00,140,10,13.9,0,1,32.49,1,2026-01-03 04:00:00,2026-01-03 08:00:00,E,Pape Ave,0,0,0,0
2026-01-03,15,10:00,140,10,13.9,0,1,32.49,1,2026-01-03 04:00:00,2026-01-03 08:00:00,E,Spadina Ave,1,0,0,0
2026-01-03,15,10:00,140,10,13.9,0,1,32.49,1,2026-01-03 04:00:00,2026-01-03 08:00:00,E,River St,0,0,0,0
2026-01-03,15,10:00,140,10,13.9,0,1,32.49,1,2026-01-03 04:00:00,2026-01-03 08:00:00,E,Marjory Ave,0,0,0,0
2026-01-03,15,10:00,140,10,13.9,0,1,32.49,1,2026-01-03 04:00:00,2026-01-03 08:00:00,E,Kingsmount Park Rd,1,4,0,0
2026-01-03,15,10:00,140,10,13.9,0,1,32.49,1,2026-01-03 04:00:00,2026-01-03 08:00:00,E,Church St,0,0,0,0
2026-01-03,15,10:00,140,10,13.9,0,1,32.49,1,2026-01-03 04:00:00,2026-01-03 08:00:00,E,Ossington Ave,0,0,0,0
2026-01-03,15,10:00,140,10,13.9,0,1,32.49,1,2026-01-03 04:00:00,2026-01-03 08:00:00,E,Woodbine Ave,1,4,0,0
2026-01-03,15,10:00,140,10,13.9,0,1,32.49,1,2026-01-03 04:00:00,2026-01-03 08:00:00,E,Jones Ave,0,0,0,0
2026-01-03,15,10:00,140,10,13.9,0,1,32.49,1,2026-01-03 04:00:00,2026-01-03 08:00:00,E,Golfview Ave,1,4,0,0
2026-01-03,15,10:00,140,10,13.9,0,1,32.49,1,2026-01-03 04:00:00,2026-01-03 08:00:00,E,Leslie St,0,0,0,0
2026-01-03,15,10:00,140,10,13.9,0,1,32.49,1,2026-01-03 04:00:00,2026-01-03 08:00:00,E,St Matthews Rd,0,0,0,0
2026-01-03,15,10:00,140,10,13.9,0,1,32.49,1,2026-01-03 04:00:00,2026-01-03 08:00:00,E,Jarvis St,0,0,0,0
2026-01-03,15,10:00,140,10,13.9,0,1,32.49,1,2026-01-03 04:00:00,2026-01-03 08:00:00,E,Sherbourne St,0,0,0,0
2026-01-03,15,10:00,140,10,13.9,0,1,32.49,1,2026-01-03 04:00:00,2026-01-03 08:00:00,E,St George St,0,0,0,0
2026-01-03,15,10:00,140,10,13.9,0,1,32.49,1,2026-01-03 04:00:00,2026-01-03 08:00:00,E,Dovercourt Rd,0,0,0,0
2026-01-03,15,10:00,140,10,13.9,0,1,32.49,1,2026-01-03 04:00:00,2026-01-03 08:00:00,E,Glenmount Park Rd,1,4,0,0
2026-01-03,15,10:00,140,10,13.9,0,1,32.49,1,2026-01-03 04:00:00,2026-01-03 08:00:00,E,Prust Ave,0,0,0,0
2026-01-03,15,10:00,140,10,13.9,0,1,32.49,1,2026-01-03 04:00:00,2026-01-03 08:00:00,E,Main Street Station at Bay 7,0,0,0,0
2026-01-03,15,10:00,140,10,13.9,0,1,32.49,1,2026-01-03 04:00:00,2026-01-03 08:00:00,E,Norwood Rd,1,4,0,0
2026-01-03,15,10:00,140,10,13.9,0,1,32.49,1,2026-01-03 04:00:00,2026-01-03 08:00:00,E,McCaul St,0,0,0,0
2026-01-03,15,10:00,140,10,13.9,0,1,32.49,1,2026-01-03 04:00:00,2026-01-03 08:00:00,E,Broadview Ave,1,0,0,0
2026-01-03,15,10:00,140,10,13.9,0,1,32.49,1,2026-01-03 04:00:00,2026-01-03 08:00:00,E,Ontario St,0,0,0,0
2026-01-03,15,10:00,140,10,13.9,0,1,32.49,1,2026-01-03 04:00:00,2026-01-03 08:00:00,E,Rusholme Park Cres,0,0,0,0
2026-01-03,15,10:00,140,10,13.9,0,1,32.49,1,2026-01-03 04:00:00,2026-01-03 08:00:00,E,Havelock St,0,0,0,0
2026-01-03,15,10:00,140,10,13.9,0,1,32.49,1,2026-01-03 04:00:00,2026-01-03 08:00:00,E,High Park Loop,0,0,0,0
2026-01-03,15,10:00,140,10,13.9,0,1,32.49,1,2026-01-03 04:00:00,2026-01-03 08:00:00,E,Queens Park (Queen's Park Station),0,0,0,0
2026-01-03,15,10:00,140,10,13.9,0,1,32.49,1,2026-01-03 04:00:00,2026-01-03 08:00:00,E,Roncesvalles Ave,0,0,3,0
2026-01-03,15,10:00,140,10,13.9,0,1,32.49,1,2026-01-03 04:00:00,2026-01-03 08:00:00,E,De Grassi St,0,0,0,0
2026-01-03,15,10:00,140,10,13.9,0,1,32.49,1,2026-01-03 04:00:00,2026-01-03 08:00:00,E,Parliament St at Carlton St,0,0,0,0
2026-01-03,15,10:00,140,10,13.9,0,1,32.49,1,2026-01-03 04:00:00,2026-01-03 08:00:00,E,Parkside Dr East Side,0,0,1,0
2026-01-03,15,10:00,140,10,13.9,0,1,32.49,1,2026-01-03 04:00:00,2026-01-03 08:00:00,E,Dundas St West,0,0,0,0
2026-01-03,15,10:00,140,10,13.9,0,1,32.49,1,2026-01-03 04:00:00,2026-01-03 08:00:00,E,Howard Park Ave at Roncesvalles Ave,0,0,0,0
2026-01-03,15,10:00,140,10,13.9,0,1,32.49,1,2026-01-03 04:00:00,2026-01-03 08:00:00,E,Parliament St,0,0,0,0
2026-01-03,15,10:00,140,10,13.9,0,1,32.49,1,2026-01-03 04:00:00,2026-01-03 08:00:00,E,Parliament St at Gerrard St East,1,0,0,0
2026-01-03,15,10:00,140,10,13.9,0,1,32.49,1,2026-01-03 04:00:00,2026-01-03 08:00:00,E,Sumach St,0,0,0,0
2026-01-03,15,10:00,140,10,13.9,0,1,32.49,1,2026-01-03 04:00:00,2026-01-03 08:00:00,E,Blackburn St,0,0,0,0
2026-01-03,15,10:00,140,10,13.9,0,1,32.49,1,2026-01-03 04:00:00,2026-01-03 08:00:00,E,Logan Ave,0,0,0,0
2026-01-03,15,10:00,140,10,13.9,0,1,32.49,1,2026-01-03 04:00:00,2026-01-03 08:00:00,E,Augusta Ave,1,0,0,0
2026-01-03,15,10:00,140,10,13.9,0,1,32.49,1,2026-01-03 04:00:00,2026-01-03 08:00:00,E,Beverley St,0,0,0,0
2026-01-03,15,10:00,140,10,13.9,0,1,32.49,1,2026-01-03 04:00:00,2026-01-03 08:00:00,E,University Ave (Queen's Park Station,0,0,0,0
2026-01-03,15,10:00,140,10,13.9,0,1,32.49,1,2026-01-03 04:00:00,2026-01-03 08:00:00,E,Elizabeth St,0,0,0,0
2026-01-03,15,10:00,140,10,13.9,0,1,32.49,1,2026-01-03 04:00:00,2026-01-03 08:00:00,E,Greenwood Ave,0,0,0,0
2026-01-03,15,10:00,140,10,13.9,0,1,32.49,1,2026-01-03 04:00:00,2026-01-03 08:00:00,E,Alton Ave,0,0,0,0
2026-01-03,15,10:00,140,10,13.9,0,1,32.49,1,2026-01-03 04:00:00,2026-01-03 08:00:00,E,Coxwell Ave,0,0,0,0
2026-01-03,15,10:00,140,10,13.9,0,1,32.49,1,2026-01-03 04:00:00,2026-01-03 08:00:00,E,Gerrard St East  at Coxwell Ave,0,0,0,0
2026-01-03,15,10:00,140,10,13.9,0,1,32.49,1,2026-01-03 04:00:00,2026-01-03 08:00:00,E,Coxwell Ave at Lower Gerrard St East,0,0,0,0
2026-01-03,15,10:00,140,10,13.9,0,1,32.49,1,2026-01-03 04:00:00,2026-01-03 08:00:00,E,Ashdale Ave,0,0,0,0
2026-01-03,15,10:00,140,10,13.9,0,1,32.49,1,2026-01-03 04:00:00,2026-01-03 08:00:00,E,Howard Park Ave at Indian Rd,0,0,0,0
2026-01-03,15,10:00,140,10,13.9,0,1,32.49,1,2026-01-03 04:00:00,2026-01-03 08:00:00,E,Dundas St West at Howard Park Ave,0,0,0,0
2026-01-03,15,10:00,140,10,13.9,0,1,32.49,1,2026-01-03 04:00:00,2026-01-03 08:00:00,E,Main St at Gerrard St East,0,0,0,0
2026-01-03,15,10:00,140,10,13.9,0,1,32.49,1,2026-01-03 04:00:00,2026-01-03 08:00:00,E,Main St,1,4,0,0
2026-01-03,15,10:00,140,10,13.9,0,1,32.49,1,2026-01-03 04:00:00,2026-01-03 08:00:00,E,Main St at Danforth Ave,0,0,0,0
2026-01-03,15,10:00,140,10,13.9,0,1,32.49,1,2026-01-03 04:00:00,2026-01-03 08:00:00,E,Howard Park Ave at Parkside Dr,0,0,0,0
2026-01-03,15,10:00,140,10,13.9,0,1,32.49,1,2026-01-03 04:00:00,2026-01-03 08:00:00,W,Woodfield Rd,1,0,0,0
2026-01-03,15,10:00,140,10,13.9,0,1,32.49,1,2026-01-03 04:00:00,2026-01-03 08:00:00,W,Coxwell Ave at Gerrard St East,0,0,0,0
2026-01-03,15,10:00,140,10,13.9,0,1,32.49,1,2026-01-03 04:00:00,2026-01-03 08:00:00,W,Euclid Ave,0,0,0,0
2026-01-03,15,10:00,140,10,13.9,0,1,32.49,1,2026-01-03 04:00:00,2026-01-03 08:00:00,W,Bowmore Rd,0,2,0,0
2026-01-03,15,10:00,140,10,13.9,0,1,32.49,1,2026-01-03 04:00:00,2026-01-03 08:00:00,W,Bay St,0,0,0,0
2026-01-03,15,10:00,140,10,13.9,0,1,32.49,1,2026-01-03 04:00:00,2026-01-03 08:00:00,W,Lansdowne Ave,0,0,0,0
2026-01-03,15,10:00,140,10,13.9,0,1,32.49,1,2026-01-03 04:00:00,2026-01-03 08:00:00,W,Indian Rd,0,0,0,0
2026-01-03,15,10:00,140,10,13.9,0,1,32.49,1,2026-01-03 04:00:00,2026-01-03 08:00:00,W,Grace St,0,0,0,0
2026-01-03,15,10:00,140,10,13.9,0,1,32.49,1,2026-01-03 04:00:00,2026-01-03 08:00:00,W,Dufferin St,0,0,0,0
2026-01-03,15,10:00,140,10,13.9,0,1,32.49,1,2026-01-03 04:00:00,2026-01-03 08:00:00,W,Gerrard St East at Beaton Ave,0,0,0,0
2026-01-03,15,10:00,140,10,13.9,0,1,32.49,1,2026-01-03 04:00:00,2026-01-03 08:00:00,W,Bathurst St,0,0,0,0
2026-01-03,15,10:00,140,10,13.9,0,1,32.49,1,2026-01-03 04:00:00,2026-01-03 08:00:00,W,Yonge St - College Station,0,0,0,0
2026-01-03,15,10:00,140,10,13.9,0,1,32.49,1,2026-01-03 04:00:00,2026-01-03 08:00:00,W,Dundas St West at Sterling Rd,0,0,0,0
2026-01-03,15,10:00,140,10,13.9,0,1,32.49,1,2026-01-03 04:00:00,2026-01-03 08:00:00,W,Brock Ave,0,0,0,0
2026-01-03,15,10:00,140,10,13.9,0,1,32.49,1,2026-01-03 04:00:00,2026-01-03 08:00:00,W,Sackville St,0,0,0,0
2026-01-03,15,10:00,140,10,13.9,0,1,32.49,1,2026-01-03 04:00:00,2026-01-03 08:00:00,W,Carlaw Ave,0,0,0,0
2026-01-03,15,10:00,140,10,13.9,0,1,32.49,1,2026-01-03 04:00:00,2026-01-03 08:00:00,W,Borden St,0,0,0,0
2026-01-03,15,10:00,140,10,13.9,0,1,32.49,1,2026-01-03 04:00:00,2026-01-03 08:00:00,W,Dundas St West at Sorauren Ave,0,0,0,0
2026-01-03,15,10:00,140,10,13.9,0,1,32.49,1,2026-01-03 04:00:00,2026-01-03 08:00:00,W,Crawford St,0,0,0,0
2026-01-03,15,10:00,140,10,13.9,0,1,32.49,1,2026-01-03 04:00:00,2026-01-03 08:00:00,W,Pape Ave,0,0,0,0
2026-01-03,15,10:00,140,10,13.9,0,1,32.49,1,2026-01-03 04:00:00,2026-01-03 08:00:00,W,Spadina Ave,0,0,0,0
2026-01-03,15,10:00,140,10,13.9,0,1,32.49,1,2026-01-03 04:00:00,2026-01-03 08:00:00,W,River St,1,1,0,0
2026-01-03,15,10:00,140,10,13.9,0,1,32.49,1,2026-01-03 04:00:00,2026-01-03 08:00:00,W,Marjory Ave,0,0,0,0
2026-01-03,15,10:00,140,10,13.9,0,1,32.49,1,2026-01-03 04:00:00,2026-01-03 08:00:00,W,Kingsmount Park Rd,0,0,0,0
2026-01-03,15,10:00,140,10,13.9,0,1,32.49,1,2026-01-03 04:00:00,2026-01-03 08:00:00,W,Church St,0,0,0,0
2026-01-03,15,10:00,140,10,13.9,0,1,32.49,1,2026-01-03 04:00:00,2026-01-03 08:00:00,W,Ossington Ave,0,0,0,0
2026-01-03,15,10:00,140,10,13.9,0,1,32.49,1,2026-01-03 04:00:00,2026-01-03 08:00:00,W,Woodbine Ave,0,0,0,0
2026-01-03,15,10:00,140,10,13.9,0,1,32.49,1,2026-01-03 04:00:00,2026-01-03 08:00:00,W,Jones Ave,0,0,0,0
2026-01-03,15,10:00,140,10,13.9,0,1,32.49,1,2026-01-03 04:00:00,2026-01-03 08:00:00,W,Golfview Ave,0,0,0,0
2026-01-03,15,10:00,140,10,13.9,0,1,32.49,1,2026-01-03 04:00:00,2026-01-03 08:00:00,W,Leslie St,0,0,0,0
2026-01-03,15,10:00,140,10,13.9,0,1,32.49,1,2026-01-03 04:00:00,2026-01-03 08:00:00,W,St Matthews Rd,1,1,0,0
2026-01-03,15,10:00,140,10,13.9,0,1,32.49,1,2026-01-03 04:00:00,2026-01-03 08:00:00,W,Jarvis St,0,0,0,0
2026-01-03,15,10:00,140,10,13.9,0,1,32.49,1,2026-01-03 04:00:00,2026-01-03 08:00:00,W,Sherbourne St,0,0,0,0
2026-01-03,15,10:00,140,10,13.9,0,1,32.49,1,2026-01-03 04:00:00,2026-01-03 08:00:00,W,St George St,0,1,0,0
2026-01-03,15,10:00,140,10,13.9,0,1,32.49,1,2026-01-03 04:00:00,2026-01-03 08:00:00,W,Dovercourt Rd,0,0,0,0
2026-01-03,15,10:00,140,10,13.9,0,1,32.49,1,2026-01-03 04:00:00,2026-01-03 08:00:00,W,Glenmount Park Rd,0,0,0,0
2026-01-03,15,10:00,140,10,13.9,0,1,32.49,1,2026-01-03 04:00:00,2026-01-03 08:00:00,W,Prust Ave,1,1,0,0
2026-01-03,15,10:00,140,10,13.9,0,1,32.49,1,2026-01-03 04:00:00,2026-01-03 08:00:00,W,Main Street Station at Bay 7,0,0,0,0
2026-01-03,15,10:00,140,10,13.9,0,1,32.49,1,2026-01-03 04:00:00,2026-01-03 08:00:00,W,Norwood Rd,0,0,0,0
2026-01-03,15,10:00,140,10,13.9,0,1,32.49,1,2026-01-03 04:00:00,2026-01-03 08:00:00,W,McCaul St,0,0,0,0
2026-01-03,15,10:00,140,10,13.9,0,1,32.49,1,2026-01-03 04:00:00,2026-01-03 08:00:00,W,Broadview Ave,0,0,0,0
2026-01-03,15,10:00,140,10,13.9,0,1,32.49,1,2026-01-03 04:00:00,2026-01-03 08:00:00,W,Ontario St,0,0,0,0
2026-01-03,15,10:00,140,10,13.9,0,1,32.49,1,2026-01-03 04:00:00,2026-01-03 08:00:00,W,Rusholme Park Cres,0,0,0,0
2026-01-03,15,10:00,140,10,13.9,0,1,32.49,1,2026-01-03 04:00:00,2026-01-03 08:00:00,W,Havelock St,1,1,0,0
2026-01-03,15,10:00,140,10,13.9,0,1,32.49,1,2026-01-03 04:00:00,2026-01-03 08:00:00,W,High Park Loop,0,0,0,0
2026-01-03,15,10:00,140,10,13.9,0,1,32.49,1,2026-01-03 04:00:00,2026-01-03 08:00:00,W,Queens Park (Queen's Park Station),1,1,0,0
2026-01-03,15,10:00,140,10,13.9,0,1,32.49,1,2026-01-03 04:00:00,2026-01-03 08:00:00,W,Roncesvalles Ave,0,0,0,0
2026-01-03,15,10:00,140,10,13.9,0,1,32.49,1,2026-01-03 04:00:00,2026-01-03 08:00:00,W,De Grassi St,0,0,0,0
2026-01-03,15,10:00,140,10,13.9,0,1,32.49,1,2026-01-03 04:00:00,2026-01-03 08:00:00,W,Parliament St at Carlton St,1,1,0,0
2026-01-03,15,10:00,140,10,13.9,0,1,32.49,1,2026-01-03 04:00:00,2026-01-03 08:00:00,W,Parkside Dr East Side,0,0,0,0
2026-01-03,15,10:00,140,10,13.9,0,1,32.49,1,2026-01-03 04:00:00,2026-01-03 08:00:00,W,Dundas St West,0,0,0,0
2026-01-03,15,10:00,140,10,13.9,0,1,32.49,1,2026-01-03 04:00:00,2026-01-03 08:00:00,W,Howard Park Ave at Roncesvalles Ave,0,1,1,0
2026-01-03,15,10:00,140,10,13.9,0,1,32.49,1,2026-01-03 04:00:00,2026-01-03 08:00:00,W,Parliament St,1,1,0,0
2026-01-03,15,10:00,140,10,13.9,0,1,32.49,1,2026-01-03 04:00:00,2026-01-03 08:00:00,W,Parliament St at Gerrard St East,0,0,0,0
2026-01-03,15,10:00,140,10,13.9,0,1,32.49,1,2026-01-03 04:00:00,2026-01-03 08:00:00,W,Sumach St,0,0,0,0
2026-01-03,15,10:00,140,10,13.9,0,1,32.49,1,2026-01-03 04:00:00,2026-01-03 08:00:00,W,Blackburn St,0,0,0,0
2026-01-03,15,10:00,140,10,13.9,0,1,32.49,1,2026-01-03 04:00:00,2026-01-03 08:00:00,W,Logan Ave,0,0,0,0
2026-01-03,15,10:00,140,10,13.9,0,1,32.49,1,2026-01-03 04:00:00,2026-01-03 08:00:00,W,Augusta Ave,0,0,0,0
2026-01-03,15,10:00,140,10,13.9,0,1,32.49,1,2026-01-03 04:00:00,2026-01-03 08:00:00,W,Beverley St,0,0,0,0
2026-01-03,15,10:00,140,10,13.9,0,1,32.49,1,2026-01-03 04:00:00,2026-01-03 08:00:00,W,University Ave (Queen's Park Station,0,0,0,0
2026-01-03,15,10:00,140,10,13.9,0,1,32.49,1,2026-01-03 04:00:00,2026-01-03 08:00:00,W,Elizabeth St,0,0,0,0
2026-01-03,15,10:00,140,10,13.9,0,1,32.49,1,2026-01-03 04:00:00,2026-01-03 08:00:00,W,Greenwood Ave,0,0,0,0
2026-01-03,15,10:00,140,10,13.9,0,1,32.49,1,2026-01-03 04:00:00,2026-01-03 08:00:00,W,Alton Ave,0,0,0,0
2026-01-03,15,10:00,140,10,13.9,0,1,32.49,1,2026-01-03 04:00:00,2026-01-03 08:00:00,W,Coxwell Ave,0,0,0,0
2026-01-03,15,10:00,140,10,13.9,0,1,32.49,1,2026-01-03 04:00:00,2026-01-03 08:00:00,W,Gerrard St East  at Coxwell Ave,0,2,0,0
2026-01-03,15,10:00,140,10,13.9,0,1,32.49,1,2026-01-03 04:00:00,2026-01-03 08:00:00,W,Coxwell Ave at Lower Gerrard St East,0,2,0,0
2026-01-03,15,10:00,140,10,13.9,0,1,32.49,1,2026-01-03 04:00:00,2026-01-03 08:00:00,W,Ashdale Ave,1,0,0,0
2026-01-03,15,10:00,140,10,13.9,0,1,32.49,1,2026-01-03 04:00:00,2026-01-03 08:00:00,W,Howard Park Ave at Indian Rd,0,1,1,0
2026-01-03,15,10:00,140,10,13.9,0,1,32.49,1,2026-01-03 04:00:00,2026-01-03 08:00:00,W,Dundas St West at Howard Park Ave,0,1,0,0
2026-01-03,15,10:00,140,10,13.9,0,1,32.49,1,2026-01-03 04:00:00,2026-01-03 08:00:00,W,Main St at Gerrard St East,0,2,0,0
2026-01-03,15,10:00,140,10,13.9,0,1,32.49,1,2026-01-03 04:00:00,2026-01-03 08:00:00,W,Main St,0,0,0,0
2026-01-03,15,10:00,140,10,13.9,0,1,32.49,1,2026-01-03 04:00:00,2026-01-03 08:00:00,W,Main St at Danforth Ave,0,1,0,0
2026-01-03,15,10:00,140,10,13.9,0,1,32.49,1,2026-01-03 04:00:00,2026-01-03 08:00:00,W,Howard Park Ave at Parkside Dr,0,1,1,0
2026-01-10,15,10:00,140,10,13.9,0,1,32.49,1,2026-01-10 04:00:00,2026-01-10 08:00:00,E,Woodfield Rd,0,0,0,0
2026-01-10,15,10:00,140,10,13.9,0,1,32.49,1,2026-01-10 04:00:00,2026-01-10 08:00:00,E,Coxwell Ave at Gerrard St East,2,4,0,0
2026-01-10,15,10:00,140,10,13.9,0,1,32.49,1,2026-01-10 04:00:00,2026-01-10 08:00:00,E,Euclid Ave,0,0,0,0
2026-01-10,15,10:00,140,10,13.9,0,1,32.49,1,2026-01-10 04:00:00,2026-01-10 08:00:00,E,Bowmore Rd,0,0,0,0
2026-01-10,15,10:00,140,10,13.9,0,1,32.49,1,2026-01-10 04:00:00,2026-01-10 08:00:00,E,Bay St,0,1,0,0
2026-01-10,15,10:00,140,10,13.9,0,1,32.49,1,2026-01-10 04:00:00,2026-01-10 08:00:00,E,Lansdowne Ave,0,0,1,0
2026-01-10,15,10:00,140,10,13.9,0,1,32.49,1,2026-01-10 04:00:00,2026-01-10 08:00:00,E,Indian Rd,0,0,1,0
2026-01-10,15,10:00,140,10,13.9,0,1,32.49,1,2026-01-10 04:00:00,2026-01-10 08:00:00,E,Grace St,0,0,0,0
2026-01-10,15,10:00,140,10,13.9,0,1,32.49,1,2026-01-10 04:00:00,2026-01-10 08:00:00,E,Dufferin St,0,0,0,0
2026-01-10,15,10:00,140,10,13.9,0,1,32.49,1,2026-01-10 04:00:00,2026-01-10 08:00:00,E,Gerrard St East at Beaton Ave,2,4,0,0
2026-01-10,15,10:00,140,10,13.9,0,1,32.49,1,2026-01-10 04:00:00,2026-01-10 08:00:00,E,Bathurst St,0,0,0,0
2026-01-10,15,10:00,140,10,13.9,0,1,32.49,1,2026-01-10 04:00:00,2026-01-10 08:00:00,E,Yonge St - College Station,0,0,0,0
2026-01-10,15,10:00,140,10,13.9,0,1,32.49,1,2026-01-10 04:00:00,2026-01-10 08:00:00,E,Dundas St West at Sterling Rd,0,0,1,0
2026-01-10,15,10:00,140,10,13.9,0,1,32.49,1,2026-01-10 04:00:00,2026-01-10 08:00:00,E,Brock Ave,0,0,0,0
2026-01-10,15,10:00,140,10,13.9,0,1,32.49,1,2026-01-10 04:00:00,2026-01-10 08:00:00,E,Sackville St,0,1,0,0
2026-01-10,15,10:00,140,10,13.9,0,1,32.49,1,2026-01-10 04:00:00,2026-01-10 08:00:00,E,Carlaw Ave,0,0,0,0
2026-01-10,15,10:00,140,10,13.9,0,1,32.49,1,2026-01-10 04:00:00,2026-01-10 08:00:00,E,Borden St,0,0,0,0
2026-01-10,15,10:00,140,10,13.9,0,1,32.49,1,2026-01-10 04:00:00,2026-01-10 08:00:00,E,Dundas St West at Sorauren Ave,0,0,1,0
2026-01-10,15,10:00,140,10,13.9,0,1,32.49,1,2026-01-10 04:00:00,2026-01-10 08:00:00,E,Crawford St,0,0,0,0
2026-01-10,15,10:00,140,10,13.9,0,1,32.49,1,2026-01-10 04:00:00,2026-01-10 08:00:00,E,Pape Ave,0,1,0,0
2026-01-10,15,10:00,140,10,13.9,0,1,32.49,1,2026-01-10 04:00:00,2026-01-10 08:00:00,E,Spadina Ave,0,0,0,0
2026-01-10,15,10:00,140,10,13.9,0,1,32.49,1,2026-01-10 04:00:00,2026-01-10 08:00:00,E,River St,0,0,0,0
2026-01-10,15,10:00,140,10,13.9,0,1,32.49,1,2026-01-10 04:00:00,2026-01-10 08:00:00,E,Marjory Ave,0,1,0,0
2026-01-10,15,10:00,140,10,13.9,0,1,32.49,1,2026-01-10 04:00:00,2026-01-10 08:00:00,E,Kingsmount Park Rd,2,4,0,0
2026-01-10,15,10:00,140,10,13.9,0,1,32.49,1,2026-01-10 04:00:00,2026-01-10 08:00:00,E,Church St,0,0,0,0
2026-01-10,15,10:00,140,10,13.9,0,1,32.49,1,2026-01-10 04:00:00,2026-01-10 08:00:00,E,Ossington Ave,0,0,0,0
2026-01-10,15,10:00,140,10,13.9,0,1,32.49,1,2026-01-10 04:00:00,2026-01-10 08:00:00,E,Woodbine Ave,2,4,0,0
2026-01-10,15,10:00,140,10,13.9,0,1,32.49,1,2026-01-10 04:00:00,2026-01-10 08:00:00,E,Jones Ave,0,1,0,0
2026-01-10,15,10:00,140,10,13.9,0,1,32.49,1,2026-01-10 04:00:00,2026-01-10 08:00:00,E,Golfview Ave,2,4,0,0
2026-01-10,15,10:00,140,10,13.9,0,1,32.49,1,2026-01-10 04:00:00,2026-01-10 08:00:00,E,Leslie St,0,1,0,0
2026-01-10,15,10:00,140,10,13.9,0,1,32.49,1,2026-01-10 04:00:00,2026-01-10 08:00:00,E,St Matthews Rd,0,0,0,0
2026-01-10,15,10:00,140,10,13.9,0,1,32.49,1,2026-01-10 04:00:00,2026-01-10 08:00:00,E,Jarvis St,0,0,0,0
2026-01-10,15,10:00,140,10,13.9,0,1,32.49,1,2026-01-10 04:00:00,2026-01-10 08:00:00,E,Sherbourne St,0,1,0,0
2026-01-10,15,10:00,140,10,13.9,0,1,32.49,1,2026-01-10 04:00:00,2026-01-10 08:00:00,E,St George St,0,0,0,0
2026-01-10,15,10:00,140,10,13.9,0,1,32.49,1,2026-01-10 04:00:00,2026-01-10 08:00:00,E,Dovercourt Rd,0,0,0,0
2026-01-10,15,10:00,140,10,13.9,0,1,32.49,1,2026-01-10 04:00:00,2026-01-10 08:00:00,E,Glenmount Park Rd,2,4,0,0
2026-01-10,15,10:00,140,10,13.9,0,1,32.49,1,2026-01-10 04:00:00,2026-01-10 08:00:00,E,Prust Ave,0,0,0,0
2026-01-10,15,10:00,140,10,13.9,0,1,32.49,1,2026-01-10 04:00:00,2026-01-10 08:00:00,E,Main Street Station at Bay 7,0,0,0,0
2026-01-10,15,10:00,140,10,13.9,0,1,32.49,1,2026-01-10 04:00:00,2026-01-10 08:00:00,E,Norwood Rd,2,4,0,0
2026-01-10,15,10:00,140,10,13.9,0,1,32.49,1,2026-01-10 04:00:00,2026-01-10 08:00:00,E,McCaul St,0,1,0,0
2026-01-10,15,10:00,140,10,13.9,0,1,32.49,1,2026-01-10 04:00:00,2026-01-10 08:00:00,E,Broadview Ave,0,0,0,0
2026-01-10,15,10:00,140,10,13.9,0,1,32.49,1,2026-01-10 04:00:00,2026-01-10 08:00:00,E,Ontario St,0,1,0,0
2026-01-10,15,10:00,140,10,13.9,0,1,32.49,1,2026-01-10 04:00:00,2026-01-10 08:00:00,E,Rusholme Park Cres,0,0,0,0
2026-01-10,15,10:00,140,10,13.9,0,1,32.49,1,2026-01-10 04:00:00,2026-01-10 08:00:00,E,Havelock St,0,0,0,0
2026-01-10,15,10:00,140,10,13.9,0,1,32.49,1,2026-01-10 04:00:00,2026-01-10 08:00:00,E,High Park Loop,0,0,0,0
2026-01-10,15,10:00,140,10,13.9,0,1,32.49,1,2026-01-10 04:00:00,2026-01-10 08:00:00,E,Queens Park (Queen's Park Station),0,0,0,0
2026-01-10,15,10:00,140,10,13.9,0,1,32.49,1,2026-01-10 04:00:00,2026-01-10 08:00:00,E,Roncesvalles Ave,0,0,1,0
2026-01-10,15,10:00,140,10,13.9,0,1,32.49,1,2026-01-10 04:00:00,2026-01-10 08:00:00,E,De Grassi St,0,1,0,0
2026-01-10,15,10:00,140,10,13.9,0,1,32.49,1,2026-01-10 04:00:00,2026-01-10 08:00:00,E,Parliament St at Carlton St,0,0,0,0
2026-01-10,15,10:00,140,10,13.9,0,1,32.49,1,2026-01-10 04:00:00,2026-01-10 08:00:00,E,Parkside Dr East Side,0,0,1,0
2026-01-10,15,10:00,140,10,13.9,0,1,32.49,1,2026-01-10 04:00:00,2026-01-10 08:00:00,E,Dundas St West,0,0,1,0
2026-01-10,15,10:00,140,10,13.9,0,1,32.49,1,2026-01-10 04:00:00,2026-01-10 08:00:00,E,Howard Park Ave at Roncesvalles Ave,0,0,0,0
2026-01-10,15,10:00,140,10,13.9,0,1,32.49,1,2026-01-10 04:00:00,2026-01-10 08:00:00,E,Parliament St,0,0,0,0
2026-01-10,15,10:00,140,10,13.9,0,1,32.49,1,2026-01-10 04:00:00,2026-01-10 08:00:00,E,Parliament St at Gerrard St East,0,1,0,0
2026-01-10,15,10:00,140,10,13.9,0,1,32.49,1,2026-01-10 04:00:00,2026-01-10 08:00:00,E,Sumach St,0,1,0,0
2026-01-10,15,10:00,140,10,13.9,0,1,32.49,1,2026-01-10 04:00:00,2026-01-10 08:00:00,E,Blackburn St,0,1,0,0
2026-01-10,15,10:00,140,10,13.9,0,1,32.49,1,2026-01-10 04:00:00,2026-01-10 08:00:00,E,Logan Ave,0,0,0,0
2026-01-10,15,10:00,140,10,13.9,0,1,32.49,1,2026-01-10 04:00:00,2026-01-10 08:00:00,E,Augusta Ave,0,0,0,0
2026-01-10,15,10:00,140,10,13.9,0,1,32.49,1,2026-01-10 04:00:00,2026-01-10 08:00:00,E,Beverley St,0,0,0,0
2026-01-10,15,10:00,140,10,13.9,0,1,32.49,1,2026-01-10 04:00:00,2026-01-10 08:00:00,E,University Ave (Queen's Park Station,0,1,0,0
2026-01-10,15,10:00,140,10,13.9,0,1,32.49,1,2026-01-10 04:00:00,2026-01-10 08:00:00,E,Elizabeth St,0,1,0,0
2026-01-10,15,10:00,140,10,13.9,0,1,32.49,1,2026-01-10 04:00:00,2026-01-10 08:00:00,E,Greenwood Ave,0,1,0,0
2026-01-10,15,10:00,140,10,13.9,0,1,32.49,1,2026-01-10 04:00:00,2026-01-10 08:00:00,E,Alton Ave,0,1,0,0
2026-01-10,15,10:00,140,10,13.9,0,1,32.49,1,2026-01-10 04:00:00,2026-01-10 08:00:00,E,Coxwell Ave,1,0,0,0
2026-01-10,15,10:00,140,10,13.9,0,1,32.49,1,2026-01-10 04:00:00,2026-01-10 08:00:00,E,Gerrard St East  at Coxwell Ave,0,0,0,0
2026-01-10,15,10:00,140,10,13.9,0,1,32.49,1,2026-01-10 04:00:00,2026-01-10 08:00:00,E,Coxwell Ave at Lower Gerrard St East,0,0,0,0
2026-01-10,15,10:00,140,10,13.9,0,1,32.49,1,2026-01-10 04:00:00,2026-01-10 08:00:00,E,Ashdale Ave,0,0,0,0
2026-01-10,15,10:00,140,10,13.9,0,1,32.49,1,2026-01-10 04:00:00,2026-01-10 08:00:00,E,Howard Park Ave at Indian Rd,0,0,0,0
2026-01-10,15,10:00,140,10,13.9,0,1,32.49,1,2026-01-10 04:00:00,2026-01-10 08:00:00,E,Dundas St West at Howard Park Ave,0,0,0,0
2026-01-10,15,10:00,140,10,13.9,0,1,32.49,1,2026-01-10 04:00:00,2026-01-10 08:00:00,E,Main St at Gerrard St East,0,0,0,0
2026-01-10,15,10:00,140,10,13.9,0,1,32.49,1,2026-01-10 04:00:00,2026-01-10 08:00:00,E,Main St,2,4,0,0
2026-01-10,15,10:00,140,10,13.9,0,1,32.49,1,2026-01-10 04:00:00,2026-01-10 08:00:00,E,Main St at Danforth Ave,0,0,0,0
2026-01-10,15,10:00,140,10,13.9,0,1,32.49,1,2026-01-10 04:00:00,2026-01-10 08:00:00,E,Howard Park Ave at Parkside Dr,0,0,0,0
2026-01-10,15,10:00,140,10,13.9,0,1,32.49,1,2026-01-10 04:00:00,2026-01-10 08:00:00,W,Woodfield Rd,1,1,0,0
2026-01-10,15,10:00,140,10,13.9,0,1,32.49,1,2026-01-10 04:00:00,2026-01-10 08:00:00,W,Coxwell Ave at Gerrard St East,0,0,0,0
2026-01-10,15,10:00,140,10,13.9,0,1,32.49,1,2026-01-10 04:00:00,2026-01-10 08:00:00,W,Euclid Ave,0,0,0,0
2026-01-10,15,10:00,140,10,13.9,0,1,32.49,1,2026-01-10 04:00:00,2026-01-10 08:00:00,W,Bowmore Rd,0,1,0,0
2026-01-10,15,10:00,140,10,13.9,0,1,32.49,1,2026-01-10 04:00:00,2026-01-10 08:00:00,W,Bay St,0,0,0,0
2026-01-10,15,10:00,140,10,13.9,0,1,32.49,1,2026-01-10 04:00:00,2026-01-10 08:00:00,W,Lansdowne Ave,0,0,0,0
2026-01-10,15,10:00,140,10,13.9,0,1,32.49,1,2026-01-10 04:00:00,2026-01-10 08:00:00,W,Indian Rd,0,0,0,0
2026-01-10,15,10:00,140,10,13.9,0,1,32.49,1,2026-01-10 04:00:00,2026-01-10 08:00:00,W,Grace St,0,0,0,0
2026-01-10,15,10:00,140,10,13.9,0,1,32.49,1,2026-01-10 04:00:00,2026-01-10 08:00:00,W,Dufferin St,0,0,0,0
2026-01-10,15,10:00,140,10,13.9,0,1,32.49,1,2026-01-10 04:00:00,2026-01-10 08:00:00,W,Gerrard St East at Beaton Ave,0,0,0,0
2026-01-10,15,10:00,140,10,13.9,0,1,32.49,1,2026-01-10 04:00:00,2026-01-10 08:00:00,W,Bathurst St,0,0,0,0
2026-01-10,15,10:00,140,10,13.9,0,1,32.49,1,2026-01-10 04:00:00,2026-01-10 08:00:00,W,Yonge St - College Station,0,0,0,0
2026-01-10,15,10:00,140,10,13.9,0,1,32.49,1,2026-01-10 04:00:00,2026-01-10 08:00:00,W,Dundas St West at Sterling Rd,0,0,0,0
2026-01-10,15,10:00,140,10,13.9,0,1,32.49,1,2026-01-10 04:00:00,2026-01-10 08:00:00,W,Brock Ave,0,0,0,0
2026-01-10,15,10:00,140,10,13.9,0,1,32.49,1,2026-01-10 04:00:00,2026-01-10 08:00:00,W,Sackville St,0,0,0,0
2026-01-10,15,10:00,140,10,13.9,0,1,32.49,1,2026-01-10 04:00:00,2026-01-10 08:00:00,W,Carlaw Ave,0,0,0,0
2026-01-10,15,10:00,140,10,13.9,0,1,32.49,1,2026-01-10 04:00:00,2026-01-10 08:00:00,W,Borden St,0,0,0,0
2026-01-10,15,10:00,140,10,13.9,0,1,32.49,1,2026-01-10 04:00:00,2026-01-10 08:00:00,W,Dundas St West at Sorauren Ave,0,0,0,0
2026-01-10,15,10:00,140,10,13.9,0,1,32.49,1,2026-01-10 04:00:00,2026-01-10 08:00:00,W,Crawford St,0,0,0,0
2026-01-10,15,10:00,140,10,13.9,0,1,32.49,1,2026-01-10 04:00:00,2026-01-10 08:00:00,W,Pape Ave,0,0,0,0
2026-01-10,15,10:00,140,10,13.9,0,1,32.49,1,2026-01-10 04:00:00,2026-01-10 08:00:00,W,Spadina Ave,0,0,0,0
2026-01-10,15,10:00,140,10,13.9,0,1,32.49,1,2026-01-10 04:00:00,2026-01-10 08:00:00,W,River St,1,1,0,0
2026-01-10,15,10:00,140,10,13.9,0,1,32.49,1,2026-01-10 04:00:00,2026-01-10 08:00:00,W,Marjory Ave,0,0,0,0
2026-01-10,15,10:00,140,10,13.9,0,1,32.49,1,2026-01-10 04:00:00,2026-01-10 08:00:00,W,Kingsmount Park Rd,0,0,0,0
2026-01-10,15,10:00,140,10,13.9,0,1,32.49,1,2026-01-10 04:00:00,2026-01-10 08:00:00,W,Church St,0,0,0,0
2026-01-10,15,10:00,140,10,13.9,0,1,32.49,1,2026-01-10 04:00:00,2026-01-10 08:00:00,W,Ossington Ave,0,0,0,0
2026-01-10,15,10:00,140,10,13.9,0,1,32.49,1,2026-01-10 04:00:00,2026-01-10 08:00:00,W,Woodbine Ave,0,0,0,0
2026-01-10,15,10:00,140,10,13.9,0,1,32.49,1,2026-01-10 04:00:00,2026-01-10 08:00:00,W,Jones Ave,0,0,0,0
2026-01-10,15,10:00,140,10,13.9,0,1,32.49,1,2026-01-10 04:00:00,2026-01-10 08:00:00,W,Golfview Ave,0,0,0,0
2026-01-10,15,10:00,140,10,13.9,0,1,32.49,1,2026-01-10 04:00:00,2026-01-10 08:00:00,W,Leslie St,0,0,0,0
2026-01-10,15,10:00,140,10,13.9,0,1,32.49,1,2026-01-10 04:00:00,2026-01-10 08:00:00,W,St Matthews Rd,0,1,0,0
2026-01-10,15,10:00,140,10,13.9,0,1,32.49,1,2026-01-10 04:00:00,2026-01-10 08:00:00,W,Jarvis St,0,0,0,0
2026-01-10,15,10:00,140,10,13.9,0,1,32.49,1,2026-01-10 04:00:00,2026-01-10 08:00:00,W,Sherbourne St,0,0,0,0
2026-01-10,15,10:00,140,10,13.9,0,1,32.49,1,2026-01-10 04:00:00,2026-01-10 08:00:00,W,St George St,0,1,0,0
2026-01-10,15,10:00,140,10,13.9,0,1,32.49,1,2026-01-10 04:00:00,2026-01-10 08:00:00,W,Dovercourt Rd,0,0,0,0
2026-01-10,15,10:00,140,10,13.9,0,1,32.49,1,2026-01-10 04:00:00,2026-01-10 08:00:00,W,Glenmount Park Rd,0,0,0,0
2026-01-10,15,10:00,140,10,13.9,0,1,32.49,1,2026-01-10 04:00:00,2026-01-10 08:00:00,W,Prust Ave,0,1,0,0
2026-01-10,15,10:00,140,10,13.9,0,1,32.49,1,2026-01-10 04:00:00,2026-01-10 08:00:00,W,Main Street Station at Bay 7,0,0,0,0
2026-01-10,15,10:00,140,10,13.9,0,1,32.49,1,2026-01-10 04:00:00,2026-01-10 08:00:00,W,Norwood Rd,0,0,0,0
2026-01-10,15,10:00,140,10,13.9,0,1,32.49,1,2026-01-10 04:00:00,2026-01-10 08:00:00,W,McCaul St,0,0,0,0
2026-01-10,15,10:00,140,10,13.9,0,1,32.49,1,2026-01-10 04:00:00,2026-01-10 08:00:00,W,Broadview Ave,0,0,0,0
2026-01-10,15,10:00,140,10,13.9,0,1,32.49,1,2026-01-10 04:00:00,2026-01-10 08:00:00,W,Ontario St,0,0,0,0
2026-01-10,15,10:00,140,10,13.9,0,1,32.49,1,2026-01-10 04:00:00,2026-01-10 08:00:00,W,Rusholme Park Cres,0,0,0,0
2026-01-10,15,10:00,140,10,13.9,0,1,32.49,1,2026-01-10 04:00:00,2026-01-10 08:00:00,W,Havelock St,1,1,1,0
2026-01-10,15,10:00,140,10,13.9,0,1,32.49,1,2026-01-10 04:00:00,2026-01-10 08:00:00,W,High Park Loop,0,0,0,0
2026-01-10,15,10:00,140,10,13.9,0,1,32.49,1,2026-01-10 04:00:00,2026-01-10 08:00:00,W,Queens Park (Queen's Park Station),1,1,0,0
2026-01-10,15,10:00,140,10,13.9,0,1,32.49,1,2026-01-10 04:00:00,2026-01-10 08:00:00,W,Roncesvalles Ave,0,0,0,0
2026-01-10,15,10:00,140,10,13.9,0,1,32.49,1,2026-01-10 04:00:00,2026-01-10 08:00:00,W,De Grassi St,0,0,0,0
2026-01-10,15,10:00,140,10,13.9,0,1,32.49,1,2026-01-10 04:00:00,2026-01-10 08:00:00,W,Parliament St at Carlton St,1,1,0,0
2026-01-10,15,10:00,140,10,13.9,0,1,32.49,1,2026-01-10 04:00:00,2026-01-10 08:00:00,W,Parkside Dr East Side,0,0,0,0
2026-01-10,15,10:00,140,10,13.9,0,1,32.49,1,2026-01-10 04:00:00,2026-01-10 08:00:00,W,Dundas St West,0,0,0,0
2026-01-10,15,10:00,140,10,13.9,0,1,32.49,1,2026-01-10 04:00:00,2026-01-10 08:00:00,W,Howard Park Ave at Roncesvalles Ave,0,2,1,0
2026-01-10,15,10:00,140,10,13.9,0,1,32.49,1,2026-01-10 04:00:00,2026-01-10 08:00:00,W,Parliament St,1,1,0,0
2026-01-10,15,10:00,140,10,13.9,0,1,32.49,1,2026-01-10 04:00:00,2026-01-10 08:00:00,W,Parliament St at Gerrard St East,0,0,0,0
2026-01-10,15,10:00,140,10,13.9,0,1,32.49,1,2026-01-10 04:00:00,2026-01-10 08:00:00,W,Sumach St,0,0,0,0
2026-01-10,15,10:00,140,10,13.9,0,1,32.49,1,2026-01-10 04:00:00,2026-01-10 08:00:00,W,Blackburn St,0,0,0,0
2026-01-10,15,10:00,140,10,13.9,0,1,32.49,1,2026-01-10 04:00:00,2026-01-10 08:00:00,W,Logan Ave,0,0,0,0
2026-01-10,15,10:00,140,10,13.9,0,1,32.49,1,2026-01-10 04:00:00,2026-01-10 08:00:00,W,Augusta Ave,0,0,0,0
2026-01-10,15,10:00,140,10,13.9,0,1,32.49,1,2026-01-10 04:00:00,2026-01-10 08:00:00,W,Beverley St,0,0,0,0
2026-01-10,15,10:00,140,10,13.9,0,1,32.49,1,2026-01-10 04:00:00,2026-01-10 08:00:00,W,University Ave (Queen's Park Station,0,0,0,0
2026-01-10,15,10:00,140,10,13.9,0,1,32.49,1,2026-01-10 04:00:00,2026-01-10 08:00:00,W,Elizabeth St,0,0,0,0
2026-01-10,15,10:00,140,10,13.9,0,1,32.49,1,2026-01-10 04:00:00,2026-01-10 08:00:00,W,Greenwood Ave,0,0,0,0
2026-01-10,15,10:00,140,10,13.9,0,1,32.49,1,2026-01-10 04:00:00,2026-01-10 08:00:00,W,Alton Ave,0,0,0,0
2026-01-10,15,10:00,140,10,13.9,0,1,32.49,1,2026-01-10 04:00:00,2026-01-10 08:00:00,W,Coxwell Ave,0,0,0,0
2026-01-10,15,10:00,140,10,13.9,0,1,32.49,1,2026-01-10 04:00:00,2026-01-10 08:00:00,W,Gerrard St East  at Coxwell Ave,0,1,0,0
2026-01-10,15,10:00,140,10,13.9,0,1,32.49,1,2026-01-10 04:00:00,2026-01-10 08:00:00,W,Coxwell Ave at Lower Gerrard St East,0,0,0,0
2026-01-10,15,10:00,140,10,13.9,0,1,32.49,1,2026-01-10 04:00:00,2026-01-10 08:00:00,W,Ashdale Ave,1,2,0,0
2026-01-10,15,10:00,140,10,13.9,0,1,32.49,1,2026-01-10 04:00:00,2026-01-10 08:00:00,W,Howard Park Ave at Indian Rd,0,2,1,0
2026-01-10,15,10:00,140,10,13.9,0,1,32.49,1,2026-01-10 04:00:00,2026-01-10 08:00:00,W,Dundas St West at Howard Park Ave,0,1,1,0
2026-01-10,15,10:00,140,10,13.9,0,1,32.49,1,2026-01-10 04:00:00,2026-01-10 08:00:00,W,Main St at Gerrard St East,0,1,0,0
2026-01-10,15,10:00,140,10,13.9,0,1,32.49,1,2026-01-10 04:00:00,2026-01-10 08:00:00,W,Main St,0,0,0,0
2026-01-10,15,10:00,140,10,13.9,0,1,32.49,1,2026-01-10 04:00:00,2026-01-10 08:00:00,W,Main St at Danforth Ave,0,1,0,0
2026-01-10,15,10:00,140,10,13.9,0,1,32.49,1,2026-01-10 04:00:00,2026-01-10 08:00:00,W,Howard Park Ave at Parkside Dr,0,1,1,0
2026-01-17,15,10:00,140,10,13.9,0,1,32.49,1,2026-01-17 04:00:00,2026-01-17 08:00:00,E,Woodfield Rd,0,0,0,0
2026-01-17,15,10:00,140,10,13.9,0,1,32.49,1,2026-01-17 04:00:00,2026-01-17 08:00:00,E,Coxwell Ave at Gerrard St East,1,2,1,0
2026-01-17,15,10:00,140,10,13.9,0,1,32.49,1,2026-01-17 04:00:00,2026-01-17 08:00:00,E,Euclid Ave,1,1,0,2
2026-01-17,15,10:00,140,10,13.9,0,1,32.49,1,2026-01-17 04:00:00,2026-01-17 08:00:00,E,Bowmore Rd,0,0,0,0
2026-01-17,15,10:00,140,10,13.9,0,1,32.49,1,2026-01-17 04:00:00,2026-01-17 08:00:00,E,Bay St,1,1,0,1
2026-01-17,15,10:00,140,10,13.9,0,1,32.49,1,2026-01-17 04:00:00,2026-01-17 08:00:00,E,Lansdowne Ave,1,1,1,2
2026-01-17,15,10:00,140,10,13.9,0,1,32.49,1,2026-01-17 04:00:00,2026-01-17 08:00:00,E,Indian Rd,0,1,2,2
2026-01-17,15,10:00,140,10,13.9,0,1,32.49,1,2026-01-17 04:00:00,2026-01-17 08:00:00,E,Grace St,0,1,0,1
2026-01-17,15,10:00,140,10,13.9,0,1,32.49,1,2026-01-17 04:00:00,2026-01-17 08:00:00,E,Dufferin St,0,1,1,1
2026-01-17,15,10:00,140,10,13.9,0,1,32.49,1,2026-01-17 04:00:00,2026-01-17 08:00:00,E,Gerrard St East at Beaton Ave,1,3,1,0
2026-01-17,15,10:00,140,10,13.9,0,1,32.49,1,2026-01-17 04:00:00,2026-01-17 08:00:00,E,Bathurst St,2,1,0,2
2026-01-17,15,10:00,140,10,13.9,0,1,32.49,1,2026-01-17 04:00:00,2026-01-17 08:00:00,E,Yonge St - College Station,0,1,0,0
2026-01-17,15,10:00,140,10,13.9,0,1,32.49,1,2026-01-17 04:00:00,2026-01-17 08:00:00,E,Dundas St West at Sterling Rd,0,1,0,2
2026-01-17,15,10:00,140,10,13.9,0,1,32.49,1,2026-01-17 04:00:00,2026-01-17 08:00:00,E,Brock Ave,0,1,0,1
2026-01-17,15,10:00,140,10,13.9,0,1,32.49,1,2026-01-17 04:00:00,2026-01-17 08:00:00,E,Sackville St,1,1,1,0
2026-01-17,15,10:00,140,10,13.9,0,1,32.49,1,2026-01-17 04:00:00,2026-01-17 08:00:00,E,Carlaw Ave,2,1,1,0
2026-01-17,15,10:00,140,10,13.9,0,1,32.49,1,2026-01-17 04:00:00,2026-01-17 08:00:00,E,Borden St,1,1,0,1
2026-01-17,15,10:00,140,10,13.9,0,1,32.49,1,2026-01-17 04:00:00,2026-01-17 08:00:00,E,Dundas St West at Sorauren Ave,0,1,1,2
2026-01-17,15,10:00,140,10,13.9,0,1,32.49,1,2026-01-17 04:00:00,2026-01-17 08:00:00,E,Crawford St,0,1,0,1
2026-01-17,15,10:00,140,10,13.9,0,1,32.49,1,2026-01-17 04:00:00,2026-01-17 08:00:00,E,Pape Ave,0,1,1,0
2026-01-17,15,10:00,140,10,13.9,0,1,32.49,1,2026-01-17 04:00:00,2026-01-17 08:00:00,E,Spadina Ave,1,1,0,1
2026-01-17,15,10:00,140,10,13.9,0,1,32.49,1,2026-01-17 04:00:00,2026-01-17 08:00:00,E,River St,0,0,0,0
2026-01-17,15,10:00,140,10,13.9,0,1,32.49,1,2026-01-17 04:00:00,2026-01-17 08:00:00,E,Marjory Ave,0,1,1,0
2026-01-17,15,10:00,140,10,13.9,0,1,32.49,1,2026-01-17 04:00:00,2026-01-17 08:00:00,E,Kingsmount Park Rd,1,3,1,0
2026-01-17,15,10:00,140,10,13.9,0,1,32.49,1,2026-01-17 04:00:00,2026-01-17 08:00:00,E,Church St,0,1,1,0
2026-01-17,15,10:00,140,10,13.9,0,1,32.49,1,2026-01-17 04:00:00,2026-01-17 08:00:00,E,Ossington Ave,0,1,2,1
2026-01-17,15,10:00,140,10,13.9,0,1,32.49,1,2026-01-17 04:00:00,2026-01-17 08:00:00,E,Woodbine Ave,1,3,1,0
2026-01-17,15,10:00,140,10,13.9,0,1,32.49,1,2026-01-17 04:00:00,2026-01-17 08:00:00,E,Jones Ave,0,1,1,0
2026-01-17,15,10:00,140,10,13.9,0,1,32.49,1,2026-01-17 04:00:00,2026-01-17 08:00:00,E,Golfview Ave,1,2,1,0
2026-01-17,15,10:00,140,10,13.9,0,1,32.49,1,2026-01-17 04:00:00,2026-01-17 08:00:00,E,Leslie St,0,1,1,0
2026-01-17,15,10:00,140,10,13.9,0,1,32.49,1,2026-01-17 04:00:00,2026-01-17 08:00:00,E,St Matthews Rd,0,0,0,0
2026-01-17,15,10:00,140,10,13.9,0,1,32.49,1,2026-01-17 04:00:00,2026-01-17 08:00:00,E,Jarvis St,1,1,3,0
2026-01-17,15,10:00,140,10,13.9,0,1,32.49,1,2026-01-17 04:00:00,2026-01-17 08:00:00,E,Sherbourne St,1,1,1,0
2026-01-17,15,10:00,140,10,13.9,0,1,32.49,1,2026-01-17 04:00:00,2026-01-17 08:00:00,E,St George St,0,0,0,0
2026-01-17,15,10:00,140,10,13.9,0,1,32.49,1,2026-01-17 04:00:00,2026-01-17 08:00:00,E,Dovercourt Rd,0,1,1,1
2026-01-17,15,10:00,140,10,13.9,0,1,32.49,1,2026-01-17 04:00:00,2026-01-17 08:00:00,E,Glenmount Park Rd,1,2,1,0
2026-01-17,15,10:00,140,10,13.9,0,1,32.49,1,2026-01-17 04:00:00,2026-01-17 08:00:00,E,Prust Ave,0,0,0,0
2026-01-17,15,10:00,140,10,13.9,0,1,32.49,1,2026-01-17 04:00:00,2026-01-17 08:00:00,E,Main Street Station at Bay 7,0,0,0,0
2026-01-17,15,10:00,140,10,13.9,0,1,32.49,1,2026-01-17 04:00:00,2026-01-17 08:00:00,E,Norwood Rd,1,2,1,0
2026-01-17,15,10:00,140,10,13.9,0,1,32.49,1,2026-01-17 04:00:00,2026-01-17 08:00:00,E,McCaul St,1,1,0,1
2026-01-17,15,10:00,140,10,13.9,0,1,32.49,1,2026-01-17 04:00:00,2026-01-17 08:00:00,E,Broadview Ave,1,1,1,0
2026-01-17,15,10:00,140,10,13.9,0,1,32.49,1,2026-01-17 04:00:00,2026-01-17 08:00:00,E,Ontario St,1,1,1,0
2026-01-17,15,10:00,140,10,13.9,0,1,32.49,1,2026-01-17 04:00:00,2026-01-17 08:00:00,E,Rusholme Park Cres,0,1,1,1
2026-01-17,15,10:00,140,10,13.9,0,1,32.49,1,2026-01-17 04:00:00,2026-01-17 08:00:00,E,Havelock St,0,0,0,0
2026-01-17,15,10:00,140,10,13.9,0,1,32.49,1,2026-01-17 04:00:00,2026-01-17 08:00:00,E,High Park Loop,0,0,0,0
2026-01-17,15,10:00,140,10,13.9,0,1,32.49,1,2026-01-17 04:00:00,2026-01-17 08:00:00,E,Queens Park (Queen's Park Station),0,0,0,0
2026-01-17,15,10:00,140,10,13.9,0,1,32.49,1,2026-01-17 04:00:00,2026-01-17 08:00:00,E,Roncesvalles Ave,0,1,2,3
2026-01-17,15,10:00,140,10,13.9,0,1,32.49,1,2026-01-17 04:00:00,2026-01-17 08:00:00,E,De Grassi St,0,1,1,0
2026-01-17,15,10:00,140,10,13.9,0,1,32.49,1,2026-01-17 04:00:00,2026-01-17 08:00:00,E,Parliament St at Carlton St,0,0,0,0
2026-01-17,15,10:00,140,10,13.9,0,1,32.49,1,2026-01-17 04:00:00,2026-01-17 08:00:00,E,Parkside Dr East Side,0,1,2,2
2026-01-17,15,10:00,140,10,13.9,0,1,32.49,1,2026-01-17 04:00:00,2026-01-17 08:00:00,E,Dundas St West,0,2,2,1
2026-01-17,15,10:00,140,10,13.9,0,1,32.49,1,2026-01-17 04:00:00,2026-01-17 08:00:00,E,Howard Park Ave at Roncesvalles Ave,0,0,0,0
2026-01-17,15,10:00,140,10,13.9,0,1,32.49,1,2026-01-17 04:00:00,2026-01-17 08:00:00,E,Parliament St,0,0,0,0
2026-01-17,15,10:00,140,10,13.9,0,1,32.49,1,2026-01-17 04:00:00,2026-01-17 08:00:00,E,Parliament St at Gerrard St East,2,1,1,0
2026-01-17,15,10:00,140,10,13.9,0,1,32.49,1,2026-01-17 04:00:00,2026-01-17 08:00:00,E,Sumach St,1,1,1,0
2026-01-17,15,10:00,140,10,13.9,0,1,32.49,1,2026-01-17 04:00:00,2026-01-17 08:00:00,E,Blackburn St,1,1,1,0
2026-01-17,15,10:00,140,10,13.9,0,1,32.49,1,2026-01-17 04:00:00,2026-01-17 08:00:00,E,Logan Ave,0,1,1,0
2026-01-17,15,10:00,140,10,13.9,0,1,32.49,1,2026-01-17 04:00:00,2026-01-17 08:00:00,E,Augusta Ave,1,1,0,1
2026-01-17,15,10:00,140,10,13.9,0,1,32.49,1,2026-01-17 04:00:00,2026-01-17 08:00:00,E,Beverley St,1,1,0,1
2026-01-17,15,10:00,140,10,13.9,0,1,32.49,1,2026-01-17 04:00:00,2026-01-17 08:00:00,E,University Ave (Queen's Park Station,0,1,0,1
2026-01-17,15,10:00,140,10,13.9,0,1,32.49,1,2026-01-17 04:00:00,2026-01-17 08:00:00,E,Elizabeth St,0,1,0,0
2026-01-17,15,10:00,140,10,13.9,0,1,32.49,1,2026-01-17 04:00:00,2026-01-17 08:00:00,E,Greenwood Ave,0,1,1,0
2026-01-17,15,10:00,140,10,13.9,0,1,32.49,1,2026-01-17 04:00:00,2026-01-17 08:00:00,E,Alton Ave,0,1,1,0
2026-01-17,15,10:00,140,10,13.9,0,1,32.49,1,2026-01-17 04:00:00,2026-01-17 08:00:00,E,Coxwell Ave,0,2,1,0
2026-01-17,15,10:00,140,10,13.9,0,1,32.49,1,2026-01-17 04:00:00,2026-01-17 08:00:00,E,Gerrard St East  at Coxwell Ave,0,0,0,0
2026-01-17,15,10:00,140,10,13.9,0,1,32.49,1,2026-01-17 04:00:00,2026-01-17 08:00:00,E,Coxwell Ave at Lower Gerrard St East,0,0,0,0
2026-01-17,15,10:00,140,10,13.9,0,1,32.49,1,2026-01-17 04:00:00,2026-01-17 08:00:00,E,Ashdale Ave,0,0,0,0
2026-01-17,15,10:00,140,10,13.9,0,1,32.49,1,2026-01-17 04:00:00,2026-01-17 08:00:00,E,Howard Park Ave at Indian Rd,0,0,0,0
2026-01-17,15,10:00,140,10,13.9,0,1,32.49,1,2026-01-17 04:00:00,2026-01-17 08:00:00,E,Dundas St West at Howard Park Ave,0,0,0,0
2026-01-17,15,10:00,140,10,13.9,0,1,32.49,1,2026-01-17 04:00:00,2026-01-17 08:00:00,E,Main St at Gerrard St East,0,0,0,0
2026-01-17,15,10:00,140,10,13.9,0,1,32.49,1,2026-01-17 04:00:00,2026-01-17 08:00:00,E,Main St,2,2,1,0
2026-01-17,15,10:00,140,10,13.9,0,1,32.49,1,2026-01-17 04:00:00,2026-01-17 08:00:00,E,Main St at Danforth Ave,0,0,0,0
2026-01-17,15,10:00,140,10,13.9,0,1,32.49,1,2026-01-17 04:00:00,2026-01-17 08:00:00,E,Howard Park Ave at Parkside Dr,0,0,0,0
2026-01-17,15,10:00,140,10,13.9,0,1,32.49,1,2026-01-17 04:00:00,2026-01-17 08:00:00,W,Woodfield Rd,0,3,1,1
2026-01-17,15,10:00,140,10,13.9,0,1,32.49,1,2026-01-17 04:00:00,2026-01-17 08:00:00,W,Coxwell Ave at Gerrard St East,0,0,0,0
2026-01-17,15,10:00,140,10,13.9,0,1,32.49,1,2026-01-17 04:00:00,2026-01-17 08:00:00,W,Euclid Ave,0,0,0,0
2026-01-17,15,10:00,140,10,13.9,0,1,32.49,1,2026-01-17 04:00:00,2026-01-17 08:00:00,W,Bowmore Rd,0,4,2,1
2026-01-17,15,10:00,140,10,13.9,0,1,32.49,1,2026-01-17 04:00:00,2026-01-17 08:00:00,W,Bay St,0,0,0,0
2026-01-17,15,10:00,140,10,13.9,0,1,32.49,1,2026-01-17 04:00:00,2026-01-17 08:00:00,W,Lansdowne Ave,0,0,0,0
2026-01-17,15,10:00,140,10,13.9,0,1,32.49,1,2026-01-17 04:00:00,2026-01-17 08:00:00,W,Indian Rd,0,0,0,0
2026-01-17,15,10:00,140,10,13.9,0,1,32.49,1,2026-01-17 04:00:00,2026-01-17 08:00:00,W,Grace St,0,0,0,0
2026-01-17,15,10:00,140,10,13.9,0,1,32.49,1,2026-01-17 04:00:00,2026-01-17 08:00:00,W,Dufferin St,0,0,0,0
2026-01-17,15,10:00,140,10,13.9,0,1,32.49,1,2026-01-17 04:00:00,2026-01-17 08:00:00,W,Gerrard St East at Beaton Ave,0,0,0,0
2026-01-17,15,10:00,140,10,13.9,0,1,32.49,1,2026-01-17 04:00:00,2026-01-17 08:00:00,W,Bathurst St,0,0,0,0
2026-01-17,15,10:00,140,10,13.9,0,1,32.49,1,2026-01-17 04:00:00,2026-01-17 08:00:00,W,Yonge St - College Station,0,0,0,0
2026-01-17,15,10:00,140,10,13.9,0,1,32.49,1,2026-01-17 04:00:00,2026-01-17 08:00:00,W,Dundas St West at Sterling Rd,0,0,0,0
2026-01-17,15,10:00,140,10,13.9,0,1,32.49,1,2026-01-17 04:00:00,2026-01-17 08:00:00,W,Brock Ave,0,0,0,0
2026-01-17,15,10:00,140,10,13.9,0,1,32.49,1,2026-01-17 04:00:00,2026-01-17 08:00:00,W,Sackville St,0,0,0,0
2026-01-17,15,10:00,140,10,13.9,0,1,32.49,1,2026-01-17 04:00:00,2026-01-17 08:00:00,W,Carlaw Ave,0,0,0,0
2026-01-17,15,10:00,140,10,13.9,0,1,32.49,1,2026-01-17 04:00:00,2026-01-17 08:00:00,W,Borden St,0,0,0,0
2026-01-17,15,10:00,140,10,13.9,0,1,32.49,1,2026-01-17 04:00:00,2026-01-17 08:00:00,W,Dundas St West at Sorauren Ave,0,0,0,0
2026-01-17,15,10:00,140,10,13.9,0,1,32.49,1,2026-01-17 04:00:00,2026-01-17 08:00:00,W,Crawford St,0,0,0,0
2026-01-17,15,10:00,140,10,13.9,0,1,32.49,1,2026-01-17 04:00:00,2026-01-17 08:00:00,W,Pape Ave,0,0,0,0
2026-01-17,15,10:00,140,10,13.9,0,1,32.49,1,2026-01-17 04:00:00,2026-01-17 08:00:00,W,Spadina Ave,0,0,0,0
2026-01-17,15,10:00,140,10,13.9,0,1,32.49,1,2026-01-17 04:00:00,2026-01-17 08:00:00,W,River St,2,4,1,2
2026-01-17,15,10:00,140,10,13.9,0,1,32.49,1,2026-01-17 04:00:00,2026-01-17 08:00:00,W,Marjory Ave,0,0,0,0
2026-01-17,15,10:00,140,10,13.9,0,1,32.49,1,2026-01-17 04:00:00,2026-01-17 08:00:00,W,Kingsmount Park Rd,0,0,0,0
2026-01-17,15,10:00,140,10,13.9,0,1,32.49,1,2026-01-17 04:00:00,2026-01-17 08:00:00,W,Church St,0,0,0,0
2026-01-17,15,10:00,140,10,13.9,0,1,32.49,1,2026-01-17 04:00:00,2026-01-17 08:00:00,W,Ossington Ave,0,0,0,0
2026-01-17,15,10:00,140,10,13.9,0,1,32.49,1,2026-01-17 04:00:00,2026-01-17 08:00:00,W,Woodbine Ave,0,0,0,0
2026-01-17,15,10:00,140,10,13.9,0,1,32.49,1,2026-01-17 04:00:00,2026-01-17 08:00:00,W,Jones Ave,0,0,0,0
2026-01-17,15,10:00,140,10,13.9,0,1,32.49,1,2026-01-17 04:00:00,2026-01-17 08:00:00,W,Golfview Ave,0,0,0,0
2026-01-17,15,10:00,140,10,13.9,0,1,32.49,1,2026-01-17 04:00:00,2026-01-17 08:00:00,W,Leslie St,0,0,0,0
2026-01-17,15,10:00,140,10,13.9,0,1,32.49,1,2026-01-17 04:00:00,2026-01-17 08:00:00,W,St Matthews Rd,2,4,1,2
2026-01-17,15,10:00,140,10,13.9,0,1,32.49,1,2026-01-17 04:00:00,2026-01-17 08:00:00,W,Jarvis St,0,0,0,0
2026-01-17,15,10:00,140,10,13.9,0,1,32.49,1,2026-01-17 04:00:00,2026-01-17 08:00:00,W,Sherbourne St,0,0,0,0
2026-01-17,15,10:00,140,10,13.9,0,1,32.49,1,2026-01-17 04:00:00,2026-01-17 08:00:00,W,St George St,4,2,2,3
2026-01-17,15,10:00,140,10,13.9,0,1,32.49,1,2026-01-17 04:00:00,2026-01-17 08:00:00,W,Dovercourt Rd,0,0,0,0
2026-01-17,15,10:00,140,10,13.9,0,1,32.49,1,2026-01-17 04:00:00,2026-01-17 08:00:00,W,Glenmount Park Rd,0,0,0,0
2026-01-17,15,10:00,140,10,13.9,0,1,32.49,1,2026-01-17 04:00:00,2026-01-17 08:00:00,W,Prust Ave,0,3,1,2
2026-01-17,15,10:00,140,10,13.9,0,1,32.49,1,2026-01-17 04:00:00,2026-01-17 08:00:00,W,Main Street Station at Bay 7,0,0,0,0
2026-01-17,15,10:00,140,10,13.9,0,1,32.49,1,2026-01-17 04:00:00,2026-01-17 08:00:00,W,Norwood Rd,0,0,0,0
2026-01-17,15,10:00,140,10,13.9,0,1,32.49,1,2026-01-17 04:00:00,2026-01-17 08:00:00,W,McCaul St,0,0,0,0
2026-01-17,15,10:00,140,10,13.9,0,1,32.49,1,2026-01-17 04:00:00,2026-01-17 08:00:00,W,Broadview Ave,0,0,0,0
2026-01-17,15,10:00,140,10,13.9,0,1,32.49,1,2026-01-17 04:00:00,2026-01-17 08:00:00,W,Ontario St,0,0,0,0
2026-01-17,15,10:00,140,10,13.9,0,1,32.49,1,2026-01-17 04:00:00,2026-01-17 08:00:00,W,Rusholme Park Cres,0,0,0,0
2026-01-17,15,10:00,140,10,13.9,0,1,32.49,1,2026-01-17 04:00:00,2026-01-17 08:00:00,W,Havelock St,3,2,2,2
2026-01-17,15,10:00,140,10,13.9,0,1,32.49,1,2026-01-17 04:00:00,2026-01-17 08:00:00,W,High Park Loop,0,0,0,0
2026-01-17,15,10:00,140,10,13.9,0,1,32.49,1,2026-01-17 04:00:00,2026-01-17 08:00:00,W,Queens Park (Queen's Park Station),4,3,2,3
2026-01-17,15,10:00,140,10,13.9,0,1,32.49,1,2026-01-17 04:00:00,2026-01-17 08:00:00,W,Roncesvalles Ave,0,0,0,0
2026-01-17,15,10:00,140,10,13.9,0,1,32.49,1,2026-01-17 04:00:00,2026-01-17 08:00:00,W,De Grassi St,0,0,0,0
2026-01-17,15,10:00,140,10,13.9,0,1,32.49,1,2026-01-17 04:00:00,2026-01-17 08:00:00,W,Parliament St at Carlton St,2,4,1,0
2026-01-17,15,10:00,140,10,13.9,0,1,32.49,1,2026-01-17 04:00:00,2026-01-17 08:00:00,W,Parkside Dr East Side,0,0,0,0
2026-01-17,15,10:00,140,10,13.9,0,1,32.49,1,2026-01-17 04:00:00,2026-01-17 08:00:00,W,Dundas St West,0,0,0,0
2026-01-17,15,10:00,140,10,13.9,0,1,32.49,1,2026-01-17 04:00:00,2026-01-17 08:00:00,W,Howard Park Ave at Roncesvalles Ave,1,1,2,0
2026-01-17,15,10:00,140,10,13.9,0,1,32.49,1,2026-01-17 04:00:00,2026-01-17 08:00:00,W,Parliament St,2,4,1,0
2026-01-17,15,10:00,140,10,13.9,0,1,32.49,1,2026-01-17 04:00:00,2026-01-17 08:00:00,W,Parliament St at Gerrard St East,0,0,0,0
2026-01-17,15,10:00,140,10,13.9,0,1,32.49,1,2026-01-17 04:00:00,2026-01-17 08:00:00,W,Sumach St,0,0,0,0
2026-01-17,15,10:00,140,10,13.9,0,1,32.49,1,2026-01-17 04:00:00,2026-01-17 08:00:00,W,Blackburn St,0,0,0,0
2026-01-17,15,10:00,140,10,13.9,0,1,32.49,1,2026-01-17 04:00:00,2026-01-17 08:00:00,W,Logan Ave,0,0,0,0
2026-01-17,15,10:00,140,10,13.9,0,1,32.49,1,2026-01-17 04:00:00,2026-01-17 08:00:00,W,Augusta Ave,0,0,0,0
2026-01-17,15,10:00,140,10,13.9,0,1,32.49,1,2026-01-17 04:00:00,2026-01-17 08:00:00,W,Beverley St,0,0,0,0
2026-01-17,15,10:00,140,10,13.9,0,1,32.49,1,2026-01-17 04:00:00,2026-01-17 08:00:00,W,University Ave (Queen's Park Station,0,0,0,0
2026-01-17,15,10:00,140,10,13.9,0,1,32.49,1,2026-01-17 04:00:00,2026-01-17 08:00:00,W,Elizabeth St,0,0,0,0
2026-01-17,15,10:00,140,10,13.9,0,1,32.49,1,2026-01-17 04:00:00,2026-01-17 08:00:00,W,Greenwood Ave,0,0,0,0
2026-01-17,15,10:00,140,10,13.9,0,1,32.49,1,2026-01-17 04:00:00,2026-01-17 08:00:00,W,Alton Ave,0,0,0,0
2026-01-17,15,10:00,140,10,13.9,0,1,32.49,1,2026-01-17 04:00:00,2026-01-17 08:00:00,W,Coxwell Ave,0,0,0,0
2026-01-17,15,10:00,140,10,13.9,0,1,32.49,1,2026-01-17 04:00:00,2026-01-17 08:00:00,W,Gerrard St East  at Coxwell Ave,0,3,3,1
2026-01-17,15,10:00,140,10,13.9,0,1,32.49,1,2026-01-17 04:00:00,2026-01-17 08:00:00,W,Coxwell Ave at Lower Gerrard St East,1,3,3,3
2026-01-17,15,10:00,140,10,13.9,0,1,32.49,1,2026-01-17 04:00:00,2026-01-17 08:00:00,W,Ashdale Ave,0,3,1,1
2026-01-17,15,10:00,140,10,13.9,0,1,32.49,1,2026-01-17 04:00:00,2026-01-17 08:00:00,W,Howard Park Ave at Indian Rd,1,1,2,0
2026-01-17,15,10:00,140,10,13.9,0,1,32.49,1,2026-01-17 04:00:00,2026-01-17 08:00:00,W,Dundas St West at Howard Park Ave,1,1,1,0
2026-01-17,15,10:00,140,10,13.9,0,1,32.49,1,2026-01-17 04:00:00,2026-01-17 08:00:00,W,Main St at Gerrard St East,0,4,2,2
2026-01-17,15,10:00,140,10,13.9,0,1,32.49,1,2026-01-17 04:00:00,2026-01-17 08:00:00,W,Main St,0,0,0,0
2026-01-17,15,10:00,140,10,13.9,0,1,32.49,1,2026-01-17 04:00:00,2026-01-17 08:00:00,W,Main St at Danforth Ave,0,1,1,0
2026-01-17,15,10:00,140,10,13.9,0,1,32.49,1,2026-01-17 04:00:00,2026-01-17 08:00:00,W,Howard Park Ave at Parkside Dr,1,1,2,0
2026-01-24,15,10:00,140,10,13.9,0,1,32.49,1,2026-01-24 04:00:00,2026-01-24 08:00:00,E,Woodfield Rd,0,0,0,0
2026-01-24,15,10:00,140,10,13.9,0,1,32.49,1,2026-01-24 04:00:00,2026-01-24 08:00:00,E,Coxwell Ave at Gerrard St East,2,2,0,0
2026-01-24,15,10:00,140,10,13.9,0,1,32.49,1,2026-01-24 04:00:00,2026-01-24 08:00:00,E,Euclid Ave,1,1,0,0
2026-01-24,15,10:00,140,10,13.9,0,1,32.49,1,2026-01-24 04:00:00,2026-01-24 08:00:00,E,Bowmore Rd,0,0,0,0
2026-01-24,15,10:00,140,10,13.9,0,1,32.49,1,2026-01-24 04:00:00,2026-01-24 08:00:00,E,Bay St,1,1,0,0
2026-01-24,15,10:00,140,10,13.9,0,1,32.49,1,2026-01-24 04:00:00,2026-01-24 08:00:00,E,Lansdowne Ave,0,1,0,0
2026-01-24,15,10:00,140,10,13.9,0,1,32.49,1,2026-01-24 04:00:00,2026-01-24 08:00:00,E,Indian Rd,0,0,1,0
2026-01-24,15,10:00,140,10,13.9,0,1,32.49,1,2026-01-24 04:00:00,2026-01-24 08:00:00,E,Grace St,0,1,0,0
2026-01-24,15,10:00,140,10,13.9,0,1,32.49,1,2026-01-24 04:00:00,2026-01-24 08:00:00,E,Dufferin St,0,1,0,0
2026-01-24,15,10:00,140,10,13.9,0,1,32.49,1,2026-01-24 04:00:00,2026-01-24 08:00:00,E,Gerrard St East at Beaton Ave,2,2,0,0
2026-01-24,15,10:00,140,10,13.9,0,1,32.49,1,2026-01-24 04:00:00,2026-01-24 08:00:00,E,Bathurst St,1,1,0,0
2026-01-24,15,10:00,140,10,13.9,0,1,32.49,1,2026-01-24 04:00:00,2026-01-24 08:00:00,E,Yonge St - College Station,0,1,0,0
2026-01-24,15,10:00,140,10,13.9,0,1,32.49,1,2026-01-24 04:00:00,2026-01-24 08:00:00,E,Dundas St West at Sterling Rd,0,0,0,0
2026-01-24,15,10:00,140,10,13.9,0,1,32.49,1,2026-01-24 04:00:00,2026-01-24 08:00:00,E,Brock Ave,0,1,0,0
2026-01-24,15,10:00,140,10,13.9,0,1,32.49,1,2026-01-24 04:00:00,2026-01-24 08:00:00,E,Sackville St,0,1,0,0
2026-01-24,15,10:00,140,10,13.9,0,1,32.49,1,2026-01-24 04:00:00,2026-01-24 08:00:00,E,Carlaw Ave,1,1,0,0
2026-01-24,15,10:00,140,10,13.9,0,1,32.49,1,2026-01-24 04:00:00,2026-01-24 08:00:00,E,Borden St,1,1,0,0
2026-01-24,15,10:00,140,10,13.9,0,1,32.49,1,2026-01-24 04:00:00,2026-01-24 08:00:00,E,Dundas St West at Sorauren Ave,0,0,1,0
2026-01-24,15,10:00,140,10,13.9,0,1,32.49,1,2026-01-24 04:00:00,2026-01-24 08:00:00,E,Crawford St,0,1,0,0
2026-01-24,15,10:00,140,10,13.9,0,1,32.49,1,2026-01-24 04:00:00,2026-01-24 08:00:00,E,Pape Ave,1,1,0,0
2026-01-24,15,10:00,140,10,13.9,0,1,32.49,1,2026-01-24 04:00:00,2026-01-24 08:00:00,E,Spadina Ave,1,1,0,0
2026-01-24,15,10:00,140,10,13.9,0,1,32.49,1,2026-01-24 04:00:00,2026-01-24 08:00:00,E,River St,0,0,0,0
2026-01-24,15,10:00,140,10,13.9,0,1,32.49,1,2026-01-24 04:00:00,2026-01-24 08:00:00,E,Marjory Ave,1,1,0,0
2026-01-24,15,10:00,140,10,13.9,0,1,32.49,1,2026-01-24 04:00:00,2026-01-24 08:00:00,E,Kingsmount Park Rd,2,2,0,0
2026-01-24,15,10:00,140,10,13.9,0,1,32.49,1,2026-01-24 04:00:00,2026-01-24 08:00:00,E,Church St,0,1,0,0
2026-01-24,15,10:00,140,10,13.9,0,1,32.49,1,2026-01-24 04:00:00,2026-01-24 08:00:00,E,Ossington Ave,0,0,0,0
2026-01-24,15,10:00,140,10,13.9,0,1,32.49,1,2026-01-24 04:00:00,2026-01-24 08:00:00,E,Woodbine Ave,1,2,0,0
2026-01-24,15,10:00,140,10,13.9,0,1,32.49,1,2026-01-24 04:00:00,2026-01-24 08:00:00,E,Jones Ave,1,1,0,0
2026-01-24,15,10:00,140,10,13.9,0,1,32.49,1,2026-01-24 04:00:00,2026-01-24 08:00:00,E,Golfview Ave,1,2,0,0
2026-01-24,15,10:00,140,10,13.9,0,1,32.49,1,2026-01-24 04:00:00,2026-01-24 08:00:00,E,Leslie St,1,1,0,0
2026-01-24,15,10:00,140,10,13.9,0,1,32.49,1,2026-01-24 04:00:00,2026-01-24 08:00:00,E,St Matthews Rd,0,0,0,0
2026-01-24,15,10:00,140,10,13.9,0,1,32.49,1,2026-01-24 04:00:00,2026-01-24 08:00:00,E,Jarvis St,0,1,0,0
2026-01-24,15,10:00,140,10,13.9,0,1,32.49,1,2026-01-24 04:00:00,2026-01-24 08:00:00,E,Sherbourne St,0,1,0,0
2026-01-24,15,10:00,140,10,13.9,0,1,32.49,1,2026-01-24 04:00:00,2026-01-24 08:00:00,E,St George St,0,0,0,0
2026-01-24,15,10:00,140,10,13.9,0,1,32.49,1,2026-01-24 04:00:00,2026-01-24 08:00:00,E,Dovercourt Rd,0,0,0,0
2026-01-24,15,10:00,140,10,13.9,0,1,32.49,1,2026-01-24 04:00:00,2026-01-24 08:00:00,E,Glenmount Park Rd,1,2,0,0
2026-01-24,15,10:00,140,10,13.9,0,1,32.49,1,2026-01-24 04:00:00,2026-01-24 08:00:00,E,Prust Ave,0,0,0,0
2026-01-24,15,10:00,140,10,13.9,0,1,32.49,1,2026-01-24 04:00:00,2026-01-24 08:00:00,E,Main Street Station at Bay 7,0,0,0,0
2026-01-24,15,10:00,140,10,13.9,0,1,32.49,1,2026-01-24 04:00:00,2026-01-24 08:00:00,E,Norwood Rd,1,2,0,0
2026-01-24,15,10:00,140,10,13.9,0,1,32.49,1,2026-01-24 04:00:00,2026-01-24 08:00:00,E,McCaul St,0,1,0,0
2026-01-24,15,10:00,140,10,13.9,0,1,32.49,1,2026-01-24 04:00:00,2026-01-24 08:00:00,E,Broadview Ave,1,1,0,0
2026-01-24,15,10:00,140,10,13.9,0,1,32.49,1,2026-01-24 04:00:00,2026-01-24 08:00:00,E,Ontario St,0,1,0,0
2026-01-24,15,10:00,140,10,13.9,0,1,32.49,1,2026-01-24 04:00:00,2026-01-24 08:00:00,E,Rusholme Park Cres,0,1,0,0
2026-01-24,15,10:00,140,10,13.9,0,1,32.49,1,2026-01-24 04:00:00,2026-01-24 08:00:00,E,Havelock St,0,0,0,0
2026-01-24,15,10:00,140,10,13.9,0,1,32.49,1,2026-01-24 04:00:00,2026-01-24 08:00:00,E,High Park Loop,0,0,0,0
2026-01-24,15,10:00,140,10,13.9,0,1,32.49,1,2026-01-24 04:00:00,2026-01-24 08:00:00,E,Queens Park (Queen's Park Station),0,0,0,0
2026-01-24,15,10:00,140,10,13.9,0,1,32.49,1,2026-01-24 04:00:00,2026-01-24 08:00:00,E,Roncesvalles Ave,0,0,1,0
2026-01-24,15,10:00,140,10,13.9,0,1,32.49,1,2026-01-24 04:00:00,2026-01-24 08:00:00,E,De Grassi St,1,1,0,0
2026-01-24,15,10:00,140,10,13.9,0,1,32.49,1,2026-01-24 04:00:00,2026-01-24 08:00:00,E,Parliament St at Carlton St,0,0,0,0
2026-01-24,15,10:00,140,10,13.9,0,1,32.49,1,2026-01-24 04:00:00,2026-01-24 08:00:00,E,Parkside Dr East Side,1,0,2,0
2026-01-24,15,10:00,140,10,13.9,0,1,32.49,1,2026-01-24 04:00:00,2026-01-24 08:00:00,E,Dundas St West,0,0,1,0
2026-01-24,15,10:00,140,10,13.9,0,1,32.49,1,2026-01-24 04:00:00,2026-01-24 08:00:00,E,Howard Park Ave at Roncesvalles Ave,0,0,0,0
2026-01-24,15,10:00,140,10,13.9,0,1,32.49,1,2026-01-24 04:00:00,2026-01-24 08:00:00,E,Parliament St,0,0,0,0
2026-01-24,15,10:00,140,10,13.9,0,1,32.49,1,2026-01-24 04:00:00,2026-01-24 08:00:00,E,Parliament St at Gerrard St East,0,1,0,0
2026-01-24,15,10:00,140,10,13.9,0,1,32.49,1,2026-01-24 04:00:00,2026-01-24 08:00:00,E,Sumach St,0,1,0,0
2026-01-24,15,10:00,140,10,13.9,0,1,32.49,1,2026-01-24 04:00:00,2026-01-24 08:00:00,E,Blackburn St,1,1,0,0
2026-01-24,15,10:00,140,10,13.9,0,1,32.49,1,2026-01-24 04:00:00,2026-01-24 08:00:00,E,Logan Ave,1,1,0,0
2026-01-24,15,10:00,140,10,13.9,0,1,32.49,1,2026-01-24 04:00:00,2026-01-24 08:00:00,E,Augusta Ave,1,1,0,0
2026-01-24,15,10:00,140,10,13.9,0,1,32.49,1,2026-01-24 04:00:00,2026-01-24 08:00:00,E,Beverley St,1,1,0,0
2026-01-24,15,10:00,140,10,13.9,0,1,32.49,1,2026-01-24 04:00:00,2026-01-24 08:00:00,E,University Ave (Queen's Park Station,0,1,0,0
2026-01-24,15,10:00,140,10,13.9,0,1,32.49,1,2026-01-24 04:00:00,2026-01-24 08:00:00,E,Elizabeth St,0,1,0,0
2026-01-24,15,10:00,140,10,13.9,0,1,32.49,1,2026-01-24 04:00:00,2026-01-24 08:00:00,E,Greenwood Ave,1,1,0,0
2026-01-24,15,10:00,140,10,13.9,0,1,32.49,1,2026-01-24 04:00:00,2026-01-24 08:00:00,E,Alton Ave,1,1,0,0
2026-01-24,15,10:00,140,10,13.9,0,1,32.49,1,2026-01-24 04:00:00,2026-01-24 08:00:00,E,Coxwell Ave,1,1,0,0
2026-01-24,15,10:00,140,10,13.9,0,1,32.49,1,2026-01-24 04:00:00,2026-01-24 08:00:00,E,Gerrard St East  at Coxwell Ave,0,0,0,0
2026-01-24,15,10:00,140,10,13.9,0,1,32.49,1,2026-01-24 04:00:00,2026-01-24 08:00:00,E,Coxwell Ave at Lower Gerrard St East,0,0,0,0
2026-01-24,15,10:00,140,10,13.9,0,1,32.49,1,2026-01-24 04:00:00,2026-01-24 08:00:00,E,Ashdale Ave,0,0,0,0
2026-01-24,15,10:00,140,10,13.9,0,1,32.49,1,2026-01-24 04:00:00,2026-01-24 08:00:00,E,Howard Park Ave at Indian Rd,0,0,0,0
2026-01-24,15,10:00,140,10,13.9,0,1,32.49,1,2026-01-24 04:00:00,2026-01-24 08:00:00,E,Dundas St West at Howard Park Ave,0,0,0,0
2026-01-24,15,10:00,140,10,13.9,0,1,32.49,1,2026-01-24 04:00:00,2026-01-24 08:00:00,E,Main St at Gerrard St East,0,0,0,0
2026-01-24,15,10:00,140,10,13.9,0,1,32.49,1,2026-01-24 04:00:00,2026-01-24 08:00:00,E,Main St,1,2,0,0
2026-01-24,15,10:00,140,10,13.9,0,1,32.49,1,2026-01-24 04:00:00,2026-01-24 08:00:00,E,Main St at Danforth Ave,0,0,0,0
2026-01-24,15,10:00,140,10,13.9,0,1,32.49,1,2026-01-24 04:00:00,2026-01-24 08:00:00,E,Howard Park Ave at Parkside Dr,0,0,0,0
2026-01-24,15,10:00,140,10,13.9,0,1,32.49,1,2026-01-24 04:00:00,2026-01-24 08:00:00,W,Woodfield Rd,2,2,0,0
2026-01-24,15,10:00,140,10,13.9,0,1,32.49,1,2026-01-24 04:00:00,2026-01-24 08:00:00,W,Coxwell Ave at Gerrard St East,0,0,0,1
2026-01-24,15,10:00,140,10,13.9,0,1,32.49,1,2026-01-24 04:00:00,2026-01-24 08:00:00,W,Euclid Ave,0,0,0,0
2026-01-24,15,10:00,140,10,13.9,0,1,32.49,1,2026-01-24 04:00:00,2026-01-24 08:00:00,W,Bowmore Rd,0,1,0,1
2026-01-24,15,10:00,140,10,13.9,0,1,32.49,1,2026-01-24 04:00:00,2026-01-24 08:00:00,W,Bay St,0,0,0,0
2026-01-24,15,10:00,140,10,13.9,0,1,32.49,1,2026-01-24 04:00:00,2026-01-24 08:00:00,W,Lansdowne Ave,0,0,0,0
2026-01-24,15,10:00,140,10,13.9,0,1,32.49,1,2026-01-24 04:00:00,2026-01-24 08:00:00,W,Indian Rd,0,0,0,0
2026-01-24,15,10:00,140,10,13.9,0,1,32.49,1,2026-01-24 04:00:00,2026-01-24 08:00:00,W,Grace St,0,0,0,0
2026-01-24,15,10:00,140,10,13.9,0,1,32.49,1,2026-01-24 04:00:00,2026-01-24 08:00:00,W,Dufferin St,0,0,0,0
2026-01-24,15,10:00,140,10,13.9,0,1,32.49,1,2026-01-24 04:00:00,2026-01-24 08:00:00,W,Gerrard St East at Beaton Ave,1,0,0,2
2026-01-24,15,10:00,140,10,13.9,0,1,32.49,1,2026-01-24 04:00:00,2026-01-24 08:00:00,W,Bathurst St,0,0,0,0
2026-01-24,15,10:00,140,10,13.9,0,1,32.49,1,2026-01-24 04:00:00,2026-01-24 08:00:00,W,Yonge St - College Station,0,0,0,0
2026-01-24,15,10:00,140,10,13.9,0,1,32.49,1,2026-01-24 04:00:00,2026-01-24 08:00:00,W,Dundas St West at Sterling Rd,0,0,0,0
2026-01-24,15,10:00,140,10,13.9,0,1,32.49,1,2026-01-24 04:00:00,2026-01-24 08:00:00,W,Brock Ave,0,0,0,0
2026-01-24,15,10:00,140,10,13.9,0,1,32.49,1,2026-01-24 04:00:00,2026-01-24 08:00:00,W,Sackville St,0,0,0,0
2026-01-24,15,10:00,140,10,13.9,0,1,32.49,1,2026-01-24 04:00:00,2026-01-24 08:00:00,W,Carlaw Ave,0,0,0,0
2026-01-24,15,10:00,140,10,13.9,0,1,32.49,1,2026-01-24 04:00:00,2026-01-24 08:00:00,W,Borden St,0,0,0,0
2026-01-24,15,10:00,140,10,13.9,0,1,32.49,1,2026-01-24 04:00:00,2026-01-24 08:00:00,W,Dundas St West at Sorauren Ave,0,0,0,0
2026-01-24,15,10:00,140,10,13.9,0,1,32.49,1,2026-01-24 04:00:00,2026-01-24 08:00:00,W,Crawford St,0,0,0,0
2026-01-24,15,10:00,140,10,13.9,0,1,32.49,1,2026-01-24 04:00:00,2026-01-24 08:00:00,W,Pape Ave,0,0,0,0
2026-01-24,15,10:00,140,10,13.9,0,1,32.49,1,2026-01-24 04:00:00,2026-01-24 08:00:00,W,Spadina Ave,0,0,0,0
2026-01-24,15,10:00,140,10,13.9,0,1,32.49,1,2026-01-24 04:00:00,2026-01-24 08:00:00,W,River St,2,2,0,0
2026-01-24,15,10:00,140,10,13.9,0,1,32.49,1,2026-01-24 04:00:00,2026-01-24 08:00:00,W,Marjory Ave,0,0,0,0
2026-01-24,15,10:00,140,10,13.9,0,1,32.49,1,2026-01-24 04:00:00,2026-01-24 08:00:00,W,Kingsmount Park Rd,1,0,0,1
2026-01-24,15,10:00,140,10,13.9,0,1,32.49,1,2026-01-24 04:00:00,2026-01-24 08:00:00,W,Church St,0,0,0,0
2026-01-24,15,10:00,140,10,13.9,0,1,32.49,1,2026-01-24 04:00:00,2026-01-24 08:00:00,W,Ossington Ave,0,0,0,0
2026-01-24,15,10:00,140,10,13.9,0,1,32.49,1,2026-01-24 04:00:00,2026-01-24 08:00:00,W,Woodbine Ave,1,0,0,2
2026-01-24,15,10:00,140,10,13.9,0,1,32.49,1,2026-01-24 04:00:00,2026-01-24 08:00:00,W,Jones Ave,0,0,0,0
2026-01-24,15,10:00,140,10,13.9,0,1,32.49,1,2026-01-24 04:00:00,2026-01-24 08:00:00,W,Golfview Ave,1,0,0,1
2026-01-24,15,10:00,140,10,13.9,0,1,32.49,1,2026-01-24 04:00:00,2026-01-24 08:00:00,W,Leslie St,0,0,0,0
2026-01-24,15,10:00,140,10,13.9,0,1,32.49,1,2026-01-24 04:00:00,2026-01-24 08:00:00,W,St Matthews Rd,1,2,0,0
2026-01-24,15,10:00,140,10,13.9,0,1,32.49,1,2026-01-24 04:00:00,2026-01-24 08:00:00,W,Jarvis St,0,0,0,0
2026-01-24,15,10:00,140,10,13.9,0,1,32.49,1,2026-01-24 04:00:00,2026-01-24 08:00:00,W,Sherbourne St,0,0,0,0
2026-01-24,15,10:00,140,10,13.9,0,1,32.49,1,2026-01-24 04:00:00,2026-01-24 08:00:00,W,St George St,2,3,1,0
2026-01-24,15,10:00,140,10,13.9,0,1,32.49,1,2026-01-24 04:00:00,2026-01-24 08:00:00,W,Dovercourt Rd,0,0,0,0
2026-01-24,15,10:00,140,10,13.9,0,1,32.49,1,2026-01-24 04:00:00,2026-01-24 08:00:00,W,Glenmount Park Rd,1,0,0,1
2026-01-24,15,10:00,140,10,13.9,0,1,32.49,1,2026-01-24 04:00:00,2026-01-24 08:00:00,W,Prust Ave,2,2,0,0
2026-01-24,15,10:00,140,10,13.9,0,1,32.49,1,2026-01-24 04:00:00,2026-01-24 08:00:00,W,Main Street Station at Bay 7,0,0,0,0
2026-01-24,15,10:00,140,10,13.9,0,1,32.49,1,2026-01-24 04:00:00,2026-01-24 08:00:00,W,Norwood Rd,1,0,1,1
2026-01-24,15,10:00,140,10,13.9,0,1,32.49,1,2026-01-24 04:00:00,2026-01-24 08:00:00,W,McCaul St,0,0,0,0
2026-01-24,15,10:00,140,10,13.9,0,1,32.49,1,2026-01-24 04:00:00,2026-01-24 08:00:00,W,Broadview Ave,0,0,0,0
2026-01-24,15,10:00,140,10,13.9,0,1,32.49,1,2026-01-24 04:00:00,2026-01-24 08:00:00,W,Ontario St,0,0,0,0
2026-01-24,15,10:00,140,10,13.9,0,1,32.49,1,2026-01-24 04:00:00,2026-01-24 08:00:00,W,Rusholme Park Cres,0,0,0,0
2026-01-24,15,10:00,140,10,13.9,0,1,32.49,1,2026-01-24 04:00:00,2026-01-24 08:00:00,W,Havelock St,2,2,0,0
2026-01-24,15,10:00,140,10,13.9,0,1,32.49,1,2026-01-24 04:00:00,2026-01-24 08:00:00,W,High Park Loop,0,0,0,0
2026-01-24,15,10:00,140,10,13.9,0,1,32.49,1,2026-01-24 04:00:00,2026-01-24 08:00:00,W,Queens Park (Queen's Park Station),2,2,1,0
2026-01-24,15,10:00,140,10,13.9,0,1,32.49,1,2026-01-24 04:00:00,2026-01-24 08:00:00,W,Roncesvalles Ave,0,0,0,0
2026-01-24,15,10:00,140,10,13.9,0,1,32.49,1,2026-01-24 04:00:00,2026-01-24 08:00:00,W,De Grassi St,0,0,0,0
2026-01-24,15,10:00,140,10,13.9,0,1,32.49,1,2026-01-24 04:00:00,2026-01-24 08:00:00,W,Parliament St at Carlton St,3,2,0,0
2026-01-24,15,10:00,140,10,13.9,0,1,32.49,1,2026-01-24 04:00:00,2026-01-24 08:00:00,W,Parkside Dr East Side,0,0,0,0
2026-01-24,15,10:00,140,10,13.9,0,1,32.49,1,2026-01-24 04:00:00,2026-01-24 08:00:00,W,Dundas St West,0,0,0,0
2026-01-24,15,10:00,140,10,13.9,0,1,32.49,1,2026-01-24 04:00:00,2026-01-24 08:00:00,W,Howard Park Ave at Roncesvalles Ave,0,2,1,0
2026-01-24,15,10:00,140,10,13.9,0,1,32.49,1,2026-01-24 04:00:00,2026-01-24 08:00:00,W,Parliament St,2,2,0,0
2026-01-24,15,10:00,140,10,13.9,0,1,32.49,1,2026-01-24 04:00:00,2026-01-24 08:00:00,W,Parliament St at Gerrard St East,0,0,0,0
2026-01-24,15,10:00,140,10,13.9,0,1,32.49,1,2026-01-24 04:00:00,2026-01-24 08:00:00,W,Sumach St,0,0,0,0
2026-01-24,15,10:00,140,10,13.9,0,1,32.49,1,2026-01-24 04:00:00,2026-01-24 08:00:00,W,Blackburn St,0,0,0,0
2026-01-24,15,10:00,140,10,13.9,0,1,32.49,1,2026-01-24 04:00:00,2026-01-24 08:00:00,W,Logan Ave,0,0,0,0
2026-01-24,15,10:00,140,10,13.9,0,1,32.49,1,2026-01-24 04:00:00,2026-01-24 08:00:00,W,Augusta Ave,0,0,0,0
2026-01-24,15,10:00,140,10,13.9,0,1,32.49,1,2026-01-24 04:00:00,2026-01-24 08:00:00,W,Beverley St,0,0,0,0
2026-01-24,15,10:00,140,10,13.9,0,1,32.49,1,2026-01-24 04:00:00,2026-01-24 08:00:00,W,University Ave (Queen's Park Station,0,0,0,0
2026-01-24,15,10:00,140,10,13.9,0,1,32.49,1,2026-01-24 04:00:00,2026-01-24 08:00:00,W,Elizabeth St,0,0,0,0
2026-01-24,15,10:00,140,10,13.9,0,1,32.49,1,2026-01-24 04:00:00,2026-01-24 08:00:00,W,Greenwood Ave,0,0,0,0
2026-01-24,15,10:00,140,10,13.9,0,1,32.49,1,2026-01-24 04:00:00,2026-01-24 08:00:00,W,Alton Ave,0,0,0,0
2026-01-24,15,10:00,140,10,13.9,0,1,32.49,1,2026-01-24 04:00:00,2026-01-24 08:00:00,W,Coxwell Ave,0,0,0,0
2026-01-24,15,10:00,140,10,13.9,0,1,32.49,1,2026-01-24 04:00:00,2026-01-24 08:00:00,W,Gerrard St East  at Coxwell Ave,0,1,0,1
2026-01-24,15,10:00,140,10,13.9,0,1,32.49,1,2026-01-24 04:00:00,2026-01-24 08:00:00,W,Coxwell Ave at Lower Gerrard St East,0,1,1,1
2026-01-24,15,10:00,140,10,13.9,0,1,32.49,1,2026-01-24 04:00:00,2026-01-24 08:00:00,W,Ashdale Ave,2,2,1,0
2026-01-24,15,10:00,140,10,13.9,0,1,32.49,1,2026-01-24 04:00:00,2026-01-24 08:00:00,W,Howard Park Ave at Indian Rd,0,3,0,0
2026-01-24,15,10:00,140,10,13.9,0,1,32.49,1,2026-01-24 04:00:00,2026-01-24 08:00:00,W,Dundas St West at Howard Park Ave,0,2,1,0
2026-01-24,15,10:00,140,10,13.9,0,1,32.49,1,2026-01-24 04:00:00,2026-01-24 08:00:00,W,Main St at Gerrard St East,0,0,0,1
2026-01-24,15,10:00,140,10,13.9,0,1,32.49,1,2026-01-24 04:00:00,2026-01-24 08:00:00,W,Main St,1,0,0,1
2026-01-24,15,10:00,140,10,13.9,0,1,32.49,1,2026-01-24 04:00:00,2026-01-24 08:00:00,W,Main St at Danforth Ave,0,1,0,1
2026-01-24,15,10:00,140,10,13.9,0,1,32.49,1,2026-01-24 04:00:00,2026-01-24 08:00:00,W,Howard Park Ave at Parkside Dr,1,3,0,0
2026-01-31,15,10:00,140,10,13.9,0,1,32.49,1,2026-01-31 04:00:00,2026-01-31 08:00:00,E,Woodfield Rd,0,0,0,0
2026-01-31,15,10:00,140,10,13.9,0,1,32.49,1,2026-01-31 04:00:00,2026-01-31 08:00:00,E,Coxwell Ave at Gerrard St East,0,4,2,0
2026-01-31,15,10:00,140,10,13.9,0,1,32.49,1,2026-01-31 04:00:00,2026-01-31 08:00:00,E,Euclid Ave,0,0,1,0
2026-01-31,15,10:00,140,10,13.9,0,1,32.49,1,2026-01-31 04:00:00,2026-01-31 08:00:00,E,Bowmore Rd,0,0,0,0
2026-01-31,15,10:00,140,10,13.9,0,1,32.49,1,2026-01-31 04:00:00,2026-01-31 08:00:00,E,Bay St,0,0,1,0
2026-01-31,15,10:00,140,10,13.9,0,1,32.49,1,2026-01-31 04:00:00,2026-01-31 08:00:00,E,Lansdowne Ave,0,0,1,0
2026-01-31,15,10:00,140,10,13.9,0,1,32.49,1,2026-01-31 04:00:00,2026-01-31 08:00:00,E,Indian Rd,0,1,1,0
2026-01-31,15,10:00,140,10,13.9,0,1,32.49,1,2026-01-31 04:00:00,2026-01-31 08:00:00,E,Grace St,0,0,1,0
2026-01-31,15,10:00,140,10,13.9,0,1,32.49,1,2026-01-31 04:00:00,2026-01-31 08:00:00,E,Dufferin St,0,0,1,0
2026-01-31,15,10:00,140,10,13.9,0,1,32.49,1,2026-01-31 04:00:00,2026-01-31 08:00:00,E,Gerrard St East at Beaton Ave,0,4,2,0
2026-01-31,15,10:00,140,10,13.9,0,1,32.49,1,2026-01-31 04:00:00,2026-01-31 08:00:00,E,Bathurst St,0,0,1,0
2026-01-31,15,10:00,140,10,13.9,0,1,32.49,1,2026-01-31 04:00:00,2026-01-31 08:00:00,E,Yonge St - College Station,0,0,1,0
2026-01-31,15,10:00,140,10,13.9,0,1,32.49,1,2026-01-31 04:00:00,2026-01-31 08:00:00,E,Dundas St West at Sterling Rd,0,1,1,0
2026-01-31,15,10:00,140,10,13.9,0,1,32.49,1,2026-01-31 04:00:00,2026-01-31 08:00:00,E,Brock Ave,0,0,1,0
2026-01-31,15,10:00,140,10,13.9,0,1,32.49,1,2026-01-31 04:00:00,2026-01-31 08:00:00,E,Sackville St,1,1,1,0
2026-01-31,15,10:00,140,10,13.9,0,1,32.49,1,2026-01-31 04:00:00,2026-01-31 08:00:00,E,Carlaw Ave,0,2,0,0
2026-01-31,15,10:00,140,10,13.9,0,1,32.49,1,2026-01-31 04:00:00,2026-01-31 08:00:00,E,Borden St,0,0,1,0
2026-01-31,15,10:00,140,10,13.9,0,1,32.49,1,2026-01-31 04:00:00,2026-01-31 08:00:00,E,Dundas St West at Sorauren Ave,0,1,1,0
2026-01-31,15,10:00,140,10,13.9,0,1,32.49,1,2026-01-31 04:00:00,2026-01-31 08:00:00,E,Crawford St,0,0,1,0
2026-01-31,15,10:00,140,10,13.9,0,1,32.49,1,2026-01-31 04:00:00,2026-01-31 08:00:00,E,Pape Ave,0,2,0,0
2026-01-31,15,10:00,140,10,13.9,0,1,32.49,1,2026-01-31 04:00:00,2026-01-31 08:00:00,E,Spadina Ave,1,0,1,0
2026-01-31,15,10:00,140,10,13.9,0,1,32.49,1,2026-01-31 04:00:00,2026-01-31 08:00:00,E,River St,0,0,0,0
2026-01-31,15,10:00,140,10,13.9,0,1,32.49,1,2026-01-31 04:00:00,2026-01-31 08:00:00,E,Marjory Ave,0,2,0,0
2026-01-31,15,10:00,140,10,13.9,0,1,32.49,1,2026-01-31 04:00:00,2026-01-31 08:00:00,E,Kingsmount Park Rd,0,4,2,0
2026-01-31,15,10:00,140,10,13.9,0,1,32.49,1,2026-01-31 04:00:00,2026-01-31 08:00:00,E,Church St,1,0,1,1
2026-01-31,15,10:00,140,10,13.9,0,1,32.49,1,2026-01-31 04:00:00,2026-01-31 08:00:00,E,Ossington Ave,0,0,1,0
2026-01-31,15,10:00,140,10,13.9,0,1,32.49,1,2026-01-31 04:00:00,2026-01-31 08:00:00,E,Woodbine Ave,0,4,2,0
2026-01-31,15,10:00,140,10,13.9,0,1,32.49,1,2026-01-31 04:00:00,2026-01-31 08:00:00,E,Jones Ave,0,2,0,0
2026-01-31,15,10:00,140,10,13.9,0,1,32.49,1,2026-01-31 04:00:00,2026-01-31 08:00:00,E,Golfview Ave,0,4,2,0
2026-01-31,15,10:00,140,10,13.9,0,1,32.49,1,2026-01-31 04:00:00,2026-01-31 08:00:00,E,Leslie St,0,2,0,0
2026-01-31,15,10:00,140,10,13.9,0,1,32.49,1,2026-01-31 04:00:00,2026-01-31 08:00:00,E,St Matthews Rd,0,0,0,0
2026-01-31,15,10:00,140,10,13.9,0,1,32.49,1,2026-01-31 04:00:00,2026-01-31 08:00:00,E,Jarvis St,0,0,1,0
2026-01-31,15,10:00,140,10,13.9,0,1,32.49,1,2026-01-31 04:00:00,2026-01-31 08:00:00,E,Sherbourne St,1,0,1,0
2026-01-31,15,10:00,140,10,13.9,0,1,32.49,1,2026-01-31 04:00:00,2026-01-31 08:00:00,E,St George St,0,0,0,0
2026-01-31,15,10:00,140,10,13.9,0,1,32.49,1,2026-01-31 04:00:00,2026-01-31 08:00:00,E,Dovercourt Rd,0,0,1,0
2026-01-31,15,10:00,140,10,13.9,0,1,32.49,1,2026-01-31 04:00:00,2026-01-31 08:00:00,E,Glenmount Park Rd,0,4,2,0
2026-01-31,15,10:00,140,10,13.9,0,1,32.49,1,2026-01-31 04:00:00,2026-01-31 08:00:00,E,Prust Ave,0,0,0,0
2026-01-31,15,10:00,140,10,13.9,0,1,32.49,1,2026-01-31 04:00:00,2026-01-31 08:00:00,E,Main Street Station at Bay 7,0,0,0,0
2026-01-31,15,10:00,140,10,13.9,0,1,32.49,1,2026-01-31 04:00:00,2026-01-31 08:00:00,E,Norwood Rd,0,4,2,0
2026-01-31,15,10:00,140,10,13.9,0,1,32.49,1,2026-01-31 04:00:00,2026-01-31 08:00:00,E,McCaul St,0,0,1,0
2026-01-31,15,10:00,140,10,13.9,0,1,32.49,1,2026-01-31 04:00:00,2026-01-31 08:00:00,E,Broadview Ave,1,0,1,0
2026-01-31,15,10:00,140,10,13.9,0,1,32.49,1,2026-01-31 04:00:00,2026-01-31 08:00:00,E,Ontario St,1,0,2,0
2026-01-31,15,10:00,140,10,13.9,0,1,32.49,1,2026-01-31 04:00:00,2026-01-31 08:00:00,E,Rusholme Park Cres,0,0,1,0
2026-01-31,15,10:00,140,10,13.9,0,1,32.49,1,2026-01-31 04:00:00,2026-01-31 08:00:00,E,Havelock St,0,0,0,0
2026-01-31,15,10:00,140,10,13.9,0,1,32.49,1,2026-01-31 04:00:00,2026-01-31 08:00:00,E,High Park Loop,0,0,0,0
2026-01-31,15,10:00,140,10,13.9,0,1,32.49,1,2026-01-31 04:00:00,2026-01-31 08:00:00,E,Queens Park (Queen's Park Station),0,0,0,0
2026-01-31,15,10:00,140,10,13.9,0,1,32.49,1,2026-01-31 04:00:00,2026-01-31 08:00:00,E,Roncesvalles Ave,0,1,1,0
2026-01-31,15,10:00,140,10,13.9,0,1,32.49,1,2026-01-31 04:00:00,2026-01-31 08:00:00,E,De Grassi St,0,2,0,0
2026-01-31,15,10:00,140,10,13.9,0,1,32.49,1,2026-01-31 04:00:00,2026-01-31 08:00:00,E,Parliament St at Carlton St,0,0,0,0
2026-01-31,15,10:00,140,10,13.9,0,1,32.49,1,2026-01-31 04:00:00,2026-01-31 08:00:00,E,Parkside Dr East Side,0,1,1,0
2026-01-31,15,10:00,140,10,13.9,0,1,32.49,1,2026-01-31 04:00:00,2026-01-31 08:00:00,E,Dundas St West,0,1,1,0
2026-01-31,15,10:00,140,10,13.9,0,1,32.49,1,2026-01-31 04:00:00,2026-01-31 08:00:00,E,Howard Park Ave at Roncesvalles Ave,0,0,0,0
2026-01-31,15,10:00,140,10,13.9,0,1,32.49,1,2026-01-31 04:00:00,2026-01-31 08:00:00,E,Parliament St,0,0,0,0
2026-01-31,15,10:00,140,10,13.9,0,1,32.49,1,2026-01-31 04:00:00,2026-01-31 08:00:00,E,Parliament St at Gerrard St East,1,1,1,0
2026-01-31,15,10:00,140,10,13.9,0,1,32.49,1,2026-01-31 04:00:00,2026-01-31 08:00:00,E,Sumach St,1,2,1,0
2026-01-31,15,10:00,140,10,13.9,0,1,32.49,1,2026-01-31 04:00:00,2026-01-31 08:00:00,E,Blackburn St,1,3,1,0
2026-01-31,15,10:00,140,10,13.9,0,1,32.49,1,2026-01-31 04:00:00,2026-01-31 08:00:00,E,Logan Ave,0,2,0,0
2026-01-31,15,10:00,140,10,13.9,0,1,32.49,1,2026-01-31 04:00:00,2026-01-31 08:00:00,E,Augusta Ave,1,0,1,0
2026-01-31,15,10:00,140,10,13.9,0,1,32.49,1,2026-01-31 04:00:00,2026-01-31 08:00:00,E,Beverley St,0,0,1,0
2026-01-31,15,10:00,140,10,13.9,0,1,32.49,1,2026-01-31 04:00:00,2026-01-31 08:00:00,E,University Ave (Queen's Park Station,0,0,1,0
2026-01-31,15,10:00,140,10,13.9,0,1,32.49,1,2026-01-31 04:00:00,2026-01-31 08:00:00,E,Elizabeth St,0,0,1,0
2026-01-31,15,10:00,140,10,13.9,0,1,32.49,1,2026-01-31 04:00:00,2026-01-31 08:00:00,E,Greenwood Ave,0,2,0,0
2026-01-31,15,10:00,140,10,13.9,0,1,32.49,1,2026-01-31 04:00:00,2026-01-31 08:00:00,E,Alton Ave,0,2,0,0
2026-01-31,15,10:00,140,10,13.9,0,1,32.49,1,2026-01-31 04:00:00,2026-01-31 08:00:00,E,Coxwell Ave,0,2,0,0
2026-01-31,15,10:00,140,10,13.9,0,1,32.49,1,2026-01-31 04:00:00,2026-01-31 08:00:00,E,Gerrard St East  at Coxwell Ave,0,0,0,0
2026-01-31,15,10:00,140,10,13.9,0,1,32.49,1,2026-01-31 04:00:00,2026-01-31 08:00:00,E,Coxwell Ave at Lower Gerrard St East,0,0,0,0
2026-01-31,15,10:00,140,10,13.9,0,1,32.49,1,2026-01-31 04:00:00,2026-01-31 08:00:00,E,Ashdale Ave,0,0,0,0
2026-01-31,15,10:00,140,10,13.9,0,1,32.49,1,2026-01-31 04:00:00,2026-01-31 08:00:00,E,Howard Park Ave at Indian Rd,0,0,0,0
2026-01-31,15,10:00,140,10,13.9,0,1,32.49,1,2026-01-31 04:00:00,2026-01-31 08:00:00,E,Dundas St West at Howard Park Ave,0,0,0,0
2026-01-31,15,10:00,140,10,13.9,0,1,32.49,1,2026-01-31 04:00:00,2026-01-31 08:00:00,E,Main St at Gerrard St East,0,0,0,0
2026-01-31,15,10:00,140,10,13.9,0,1,32.49,1,2026-01-31 04:00:00,2026-01-31 08:00:00,E,Main St,0,4,2,0
2026-01-31,15,10:00,140,10,13.9,0,1,32.49,1,2026-01-31 04:00:00,2026-01-31 08:00:00,E,Main St at Danforth Ave,0,0,0,0
2026-01-31,15,10:00,140,10,13.9,0,1,32.49,1,2026-01-31 04:00:00,2026-01-31 08:00:00,E,Howard Park Ave at Parkside Dr,0,0,0,0
2026-01-31,15,10:00,140,10,13.9,0,1,32.49,1,2026-01-31 04:00:00,2026-01-31 08:00:00,W,Woodfield Rd,1,2,1,0
2026-01-31,15,10:00,140,10,13.9,0,1,32.49,1,2026-01-31 04:00:00,2026-01-31 08:00:00,W,Coxwell Ave at Gerrard St East,0,0,0,0
2026-01-31,15,10:00,140,10,13.9,0,1,32.49,1,2026-01-31 04:00:00,2026-01-31 08:00:00,W,Euclid Ave,0,0,0,0
2026-01-31,15,10:00,140,10,13.9,0,1,32.49,1,2026-01-31 04:00:00,2026-01-31 08:00:00,W,Bowmore Rd,0,1,1,0
2026-01-31,15,10:00,140,10,13.9,0,1,32.49,1,2026-01-31 04:00:00,2026-01-31 08:00:00,W,Bay St,0,0,0,0
2026-01-31,15,10:00,140,10,13.9,0,1,32.49,1,2026-01-31 04:00:00,2026-01-31 08:00:00,W,Lansdowne Ave,0,0,0,0
2026-01-31,15,10:00,140,10,13.9,0,1,32.49,1,2026-01-31 04:00:00,2026-01-31 08:00:00,W,Indian Rd,0,0,0,0
2026-01-31,15,10:00,140,10,13.9,0,1,32.49,1,2026-01-31 04:00:00,2026-01-31 08:00:00,W,Grace St,0,0,0,0
2026-01-31,15,10:00,140,10,13.9,0,1,32.49,1,2026-01-31 04:00:00,2026-01-31 08:00:00,W,Dufferin St,0,0,0,0
2026-01-31,15,10:00,140,10,13.9,0,1,32.49,1,2026-01-31 04:00:00,2026-01-31 08:00:00,W,Gerrard St East at Beaton Ave,0,0,0,0
2026-01-31,15,10:00,140,10,13.9,0,1,32.49,1,2026-01-31 04:00:00,2026-01-31 08:00:00,W,Bathurst St,0,0,0,0
2026-01-31,15,10:00,140,10,13.9,0,1,32.49,1,2026-01-31 04:00:00,2026-01-31 08:00:00,W,Yonge St - College Station,0,0,0,0
2026-01-31,15,10:00,140,10,13.9,0,1,32.49,1,2026-01-31 04:00:00,2026-01-31 08:00:00,W,Dundas St West at Sterling Rd,0,0,0,0
2026-01-31,15,10:00,140,10,13.9,0,1,32.49,1,2026-01-31 04:00:00,2026-01-31 08:00:00,W,Brock Ave,0,0,0,0
2026-01-31,15,10:00,140,10,13.9,0,1,32.49,1,2026-01-31 04:00:00,2026-01-31 08:00:00,W,Sackville St,0,0,0,0
2026-01-31,15,10:00,140,10,13.9,0,1,32.49,1,2026-01-31 04:00:00,2026-01-31 08:00:00,W,Carlaw Ave,0,0,0,0
2026-01-31,15,10:00,140,10,13.9,0,1,32.49,1,2026-01-31 04:00:00,2026-01-31 08:00:00,W,Borden St,0,0,0,0
2026-01-31,15,10:00,140,10,13.9,0,1,32.49,1,2026-01-31 04:00:00,2026-01-31 08:00:00,W,Dundas St West at Sorauren Ave,0,0,0,0
2026-01-31,15,10:00,140,10,13.9,0,1,32.49,1,2026-01-31 04:00:00,2026-01-31 08:00:00,W,Crawford St,0,0,0,0
2026-01-31,15,10:00,140,10,13.9,0,1,32.49,1,2026-01-31 04:00:00,2026-01-31 08:00:00,W,Pape Ave,0,0,0,0
2026-01-31,15,10:00,140,10,13.9,0,1,32.49,1,2026-01-31 04:00:00,2026-01-31 08:00:00,W,Spadina Ave,0,0,0,0
2026-01-31,15,10:00,140,10,13.9,0,1,32.49,1,2026-01-31 04:00:00,2026-01-31 08:00:00,W,River St,1,3,1,0
2026-01-31,15,10:00,140,10,13.9,0,1,32.49,1,2026-01-31 04:00:00,2026-01-31 08:00:00,W,Marjory Ave,0,0,0,0
2026-01-31,15,10:00,140,10,13.9,0,1,32.49,1,2026-01-31 04:00:00,2026-01-31 08:00:00,W,Kingsmount Park Rd,0,0,0,0
2026-01-31,15,10:00,140,10,13.9,0,1,32.49,1,2026-01-31 04:00:00,2026-01-31 08:00:00,W,Church St,0,0,0,0
2026-01-31,15,10:00,140,10,13.9,0,1,32.49,1,2026-01-31 04:00:00,2026-01-31 08:00:00,W,Ossington Ave,0,0,0,0
2026-01-31,15,10:00,140,10,13.9,0,1,32.49,1,2026-01-31 04:00:00,2026-01-31 08:00:00,W,Woodbine Ave,0,0,0,0
2026-01-31,15,10:00,140,10,13.9,0,1,32.49,1,2026-01-31 04:00:00,2026-01-31 08:00:00,W,Jones Ave,0,0,0,0
2026-01-31,15,10:00,140,10,13.9,0,1,32.49,1,2026-01-31 04:00:00,2026-01-31 08:00:00,W,Golfview Ave,0,0,0,0
2026-01-31,15,10:00,140,10,13.9,0,1,32.49,1,2026-01-31 04:00:00,2026-01-31 08:00:00,W,Leslie St,0,0,0,0
2026-01-31,15,10:00,140,10,13.9,0,1,32.49,1,2026-01-31 04:00:00,2026-01-31 08:00:00,W,St Matthews Rd,1,3,1,0
2026-01-31,15,10:00,140,10,13.9,0,1,32.49,1,2026-01-31 04:00:00,2026-01-31 08:00:00,W,Jarvis St,0,0,0,0
2026-01-31,15,10:00,140,10,13.9,0,1,32.49,1,2026-01-31 04:00:00,2026-01-31 08:00:00,W,Sherbourne St,0,0,0,0
2026-01-31,15,10:00,140,10,13.9,0,1,32.49,1,2026-01-31 04:00:00,2026-01-31 08:00:00,W,St George St,2,2,1,0
2026-01-31,15,10:00,140,10,13.9,0,1,32.49,1,2026-01-31 04:00:00,2026-01-31 08:00:00,W,Dovercourt Rd,0,0,0,0
2026-01-31,15,10:00,140,10,13.9,0,1,32.49,1,2026-01-31 04:00:00,2026-01-31 08:00:00,W,Glenmount Park Rd,0,0,0,0
2026-01-31,15,10:00,140,10,13.9,0,1,32.49,1,2026-01-31 04:00:00,2026-01-31 08:00:00,W,Prust Ave,1,3,1,0
2026-01-31,15,10:00,140,10,13.9,0,1,32.49,1,2026-01-31 04:00:00,2026-01-31 08:00:00,W,Main Street Station at Bay 7,0,0,0,0
2026-01-31,15,10:00,140,10,13.9,0,1,32.49,1,2026-01-31 04:00:00,2026-01-31 08:00:00,W,Norwood Rd,0,0,0,0
2026-01-31,15,10:00,140,10,13.9,0,1,32.49,1,2026-01-31 04:00:00,2026-01-31 08:00:00,W,McCaul St,0,0,0,0
2026-01-31,15,10:00,140,10,13.9,0,1,32.49,1,2026-01-31 04:00:00,2026-01-31 08:00:00,W,Broadview Ave,0,0,0,0
2026-01-31,15,10:00,140,10,13.9,0,1,32.49,1,2026-01-31 04:00:00,2026-01-31 08:00:00,W,Ontario St,0,0,0,0
2026-01-31,15,10:00,140,10,13.9,0,1,32.49,1,2026-01-31 04:00:00,2026-01-31 08:00:00,W,Rusholme Park Cres,0,0,0,0
2026-01-31,15,10:00,140,10,13.9,0,1,32.49,1,2026-01-31 04:00:00,2026-01-31 08:00:00,W,Havelock St,2,2,1,0
2026-01-31,15,10:00,140,10,13.9,0,1,32.49,1,2026-01-31 04:00:00,2026-01-31 08:00:00,W,High Park Loop,0,0,0,0
2026-01-31,15,10:00,140,10,13.9,0,1,32.49,1,2026-01-31 04:00:00,2026-01-31 08:00:00,W,Queens Park (Queen's Park Station),3,2,1,0
2026-01-31,15,10:00,140,10,13.9,0,1,32.49,1,2026-01-31 04:00:00,2026-01-31 08:00:00,W,Roncesvalles Ave,0,0,0,0
2026-01-31,15,10:00,140,10,13.9,0,1,32.49,1,2026-01-31 04:00:00,2026-01-31 08:00:00,W,De Grassi St,0,0,0,0
2026-01-31,15,10:00,140,10,13.9,0,1,32.49,1,2026-01-31 04:00:00,2026-01-31 08:00:00,W,Parliament St at Carlton St,1,3,1,0
2026-01-31,15,10:00,140,10,13.9,0,1,32.49,1,2026-01-31 04:00:00,2026-01-31 08:00:00,W,Parkside Dr East Side,0,0,0,0
2026-01-31,15,10:00,140,10,13.9,0,1,32.49,1,2026-01-31 04:00:00,2026-01-31 08:00:00,W,Dundas St West,0,0,0,0
2026-01-31,15,10:00,140,10,13.9,0,1,32.49,1,2026-01-31 04:00:00,2026-01-31 08:00:00,W,Howard Park Ave at Roncesvalles Ave,1,0,0,0
2026-01-31,15,10:00,140,10,13.9,0,1,32.49,1,2026-01-31 04:00:00,2026-01-31 08:00:00,W,Parliament St,1,3,1,0
2026-01-31,15,10:00,140,10,13.9,0,1,32.49,1,2026-01-31 04:00:00,2026-01-31 08:00:00,W,Parliament St at Gerrard St East,0,0,0,0
2026-01-31,15,10:00,140,10,13.9,0,1,32.49,1,2026-01-31 04:00:00,2026-01-31 08:00:00,W,Sumach St,0,0,0,0
2026-01-31,15,10:00,140,10,13.9,0,1,32.49,1,2026-01-31 04:00:00,2026-01-31 08:00:00,W,Blackburn St,0,0,0,0
2026-01-31,15,10:00,140,10,13.9,0,1,32.49,1,2026-01-31 04:00:00,2026-01-31 08:00:00,W,Logan Ave,0,0,0,0
2026-01-31,15,10:00,140,10,13.9,0,1,32.49,1,2026-01-31 04:00:00,2026-01-31 08:00:00,W,Augusta Ave,0,0,0,0
2026-01-31,15,10:00,140,10,13.9,0,1,32.49,1,2026-01-31 04:00:00,2026-01-31 08:00:00,W,Beverley St,0,0,0,0
2026-01-31,15,10:00,140,10,13.9,0,1,32.49,1,2026-01-31 04:00:00,2026-01-31 08:00:00,W,University Ave (Queen's Park Station,0,0,0,0
2026-01-31,15,10:00,140,10,13.9,0,1,32.49,1,2026-01-31 04:00:00,2026-01-31 08:00:00,W,Elizabeth St,0,0,0,0
2026-01-31,15,10:00,140,10,13.9,0,1,32.49,1,2026-01-31 04:00:00,2026-01-31 08:00:00,W,Greenwood Ave,0,0,0,0
2026-01-31,15,10:00,140,10,13.9,0,1,32.49,1,2026-01-31 04:00:00,2026-01-31 08:00:00,W,Alton Ave,0,0,0,0
2026-01-31,15,10:00,140,10,13.9,0,1,32.49,1,2026-01-31 04:00:00,2026-01-31 08:00:00,W,Coxwell Ave,0,0,0,0
2026-01-31,15,10:00,140,10,13.9,0,1,32.49,1,2026-01-31 04:00:00,2026-01-31 08:00:00,W,Gerrard St East  at Coxwell Ave,0,1,1,0
2026-01-31,15,10:00,140,10,13.9,0,1,32.49,1,2026-01-31 04:00:00,2026-01-31 08:00:00,W,Coxwell Ave at Lower Gerrard St East,0,1,1,0
2026-01-31,15,10:00,140,10,13.9,0,1,32.49,1,2026-01-31 04:00:00,2026-01-31 08:00:00,W,Ashdale Ave,1,2,1,0
2026-01-31,15,10:00,140,10,13.9,0,1,32.49,1,2026-01-31 04:00:00,2026-01-31 08:00:00,W,Howard Park Ave at Indian Rd,1,0,0,1
2026-01-31,15,10:00,140,10,13.9,0,1,32.49,1,2026-01-31 04:00:00,2026-01-31 08:00:00,W,Dundas St West at Howard Park Ave,1,1,0,0
2026-01-31,15,10:00,140,10,13.9,0,1,32.49,1,2026-01-31 04:00:00,2026-01-31 08:00:00,W,Main St at Gerrard St East,0,1,2,0
2026-01-31,15,10:00,140,10,13.9,0,1,32.49,1,2026-01-31 04:00:00,2026-01-31 08:00:00,W,Main St,0,0,0,0
2026-01-31,15,10:00,140,10,13.9,0,1,32.49,1,2026-01-31 04:00:00,2026-01-31 08:00:00,W,Main St at Danforth Ave,0,1,2,0
2026-01-31,15,10:00,140,10,13.9,0,1,32.49,1,2026-01-31 04:00:00,2026-01-31 08:00:00,W,Howard Park Ave at Parkside Dr,1,0,0,1
2026-02-07,15,10:00,140,10,13.9,0,1,32.49,1,2026-02-07 04:00:00,2026-02-07 08:00:00,E,Woodfield Rd,0,0,0,0
2026-02-07,15,10:00,140,10,13.9,0,1,32.49,1,2026-02-07 04:00:00,2026-02-07 08:00:00,E,Coxwell Ave at Gerrard St East,2,3,1,0
2026-02-07,15,10:00,140,10,13.9,0,1,32.49,1,2026-02-07 04:00:00,2026-02-07 08:00:00,E,Euclid Ave,0,3,0,0
2026-02-07,15,10:00,140,10,13.9,0,1,32.49,1,2026-02-07 04:00:00,2026-02-07 08:00:00,E,Bowmore Rd,0,0,0,0
2026-02-07,15,10:00,140,10,13.9,0,1,32.49,1,2026-02-07 04:00:00,2026-02-07 08:00:00,E,Bay St,1,3,0,0
2026-02-07,15,10:00,140,10,13.9,0,1,32.49,1,2026-02-07 04:00:00,2026-02-07 08:00:00,E,Lansdowne Ave,0,2,0,0
2026-02-07,15,10:00,140,10,13.9,0,1,32.49,1,2026-02-07 04:00:00,2026-02-07 08:00:00,E,Indian Rd,0,1,0,0
2026-02-07,15,10:00,140,10,13.9,0,1,32.49,1,2026-02-07 04:00:00,2026-02-07 08:00:00,E,Grace St,0,3,0,0
2026-02-07,15,10:00,140,10,13.9,0,1,32.49,1,2026-02-07 04:00:00,2026-02-07 08:00:00,E,Dufferin St,0,3,0,0
2026-02-07,15,10:00,140,10,13.9,0,1,32.49,1,2026-02-07 04:00:00,2026-02-07 08:00:00,E,Gerrard St East at Beaton Ave,1,4,1,0
2026-02-07,15,10:00,140,10,13.9,0,1,32.49,1,2026-02-07 04:00:00,2026-02-07 08:00:00,E,Bathurst St,0,3,0,0
2026-02-07,15,10:00,140,10,13.9,0,1,32.49,1,2026-02-07 04:00:00,2026-02-07 08:00:00,E,Yonge St - College Station,1,3,0,0
2026-02-07,15,10:00,140,10,13.9,0,1,32.49,1,2026-02-07 04:00:00,2026-02-07 08:00:00,E,Dundas St West at Sterling Rd,0,1,0,0
2026-02-07,15,10:00,140,10,13.9,0,1,32.49,1,2026-02-07 04:00:00,2026-02-07 08:00:00,E,Brock Ave,0,3,0,0
2026-02-07,15,10:00,140,10,13.9,0,1,32.49,1,2026-02-07 04:00:00,2026-02-07 08:00:00,E,Sackville St,1,3,0,0
2026-02-07,15,10:00,140,10,13.9,0,1,32.49,1,2026-02-07 04:00:00,2026-02-07 08:00:00,E,Carlaw Ave,2,2,0,0
2026-02-07,15,10:00,140,10,13.9,0,1,32.49,1,2026-02-07 04:00:00,2026-02-07 08:00:00,E,Borden St,0,3,0,0
2026-02-07,15,10:00,140,10,13.9,0,1,32.49,1,2026-02-07 04:00:00,2026-02-07 08:00:00,E,Dundas St West at Sorauren Ave,0,1,0,0
2026-02-07,15,10:00,140,10,13.9,0,1,32.49,1,2026-02-07 04:00:00,2026-02-07 08:00:00,E,Crawford St,0,3,0,0
2026-02-07,15,10:00,140,10,13.9,0,1,32.49,1,2026-02-07 04:00:00,2026-02-07 08:00:00,E,Pape Ave,2,1,0,0
2026-02-07,15,10:00,140,10,13.9,0,1,32.49,1,2026-02-07 04:00:00,2026-02-07 08:00:00,E,Spadina Ave,0,3,0,0
2026-02-07,15,10:00,140,10,13.9,0,1,32.49,1,2026-02-07 04:00:00,2026-02-07 08:00:00,E,River St,0,0,0,0
2026-02-07,15,10:00,140,10,13.9,0,1,32.49,1,2026-02-07 04:00:00,2026-02-07 08:00:00,E,Marjory Ave,2,1,0,0
2026-02-07,15,10:00,140,10,13.9,0,1,32.49,1,2026-02-07 04:00:00,2026-02-07 08:00:00,E,Kingsmount Park Rd,1,4,1,0
2026-02-07,15,10:00,140,10,13.9,0,1,32.49,1,2026-02-07 04:00:00,2026-02-07 08:00:00,E,Church St,1,3,0,0
2026-02-07,15,10:00,140,10,13.9,0,1,32.49,1,2026-02-07 04:00:00,2026-02-07 08:00:00,E,Ossington Ave,0,3,0,0
2026-02-07,15,10:00,140,10,13.9,0,1,32.49,1,2026-02-07 04:00:00,2026-02-07 08:00:00,E,Woodbine Ave,1,4,1,0
2026-02-07,15,10:00,140,10,13.9,0,1,32.49,1,2026-02-07 04:00:00,2026-02-07 08:00:00,E,Jones Ave,2,1,0,0
2026-02-07,15,10:00,140,10,13.9,0,1,32.49,1,2026-02-07 04:00:00,2026-02-07 08:00:00,E,Golfview Ave,1,4,1,0
2026-02-07,15,10:00,140,10,13.9,0,1,32.49,1,2026-02-07 04:00:00,2026-02-07 08:00:00,E,Leslie St,2,1,0,0
2026-02-07,15,10:00,140,10,13.9,0,1,32.49,1,2026-02-07 04:00:00,2026-02-07 08:00:00,E,St Matthews Rd,0,0,0,0
2026-02-07,15,10:00,140,10,13.9,0,1,32.49,1,2026-02-07 04:00:00,2026-02-07 08:00:00,E,Jarvis St,1,3,0,0
2026-02-07,15,10:00,140,10,13.9,0,1,32.49,1,2026-02-07 04:00:00,2026-02-07 08:00:00,E,Sherbourne St,1,3,0,0
2026-02-07,15,10:00,140,10,13.9,0,1,32.49,1,2026-02-07 04:00:00,2026-02-07 08:00:00,E,St George St,0,0,0,0
2026-02-07,15,10:00,140,10,13.9,0,1,32.49,1,2026-02-07 04:00:00,2026-02-07 08:00:00,E,Dovercourt Rd,0,3,0,0
2026-02-07,15,10:00,140,10,13.9,0,1,32.49,1,2026-02-07 04:00:00,2026-02-07 08:00:00,E,Glenmount Park Rd,1,4,1,0
2026-02-07,15,10:00,140,10,13.9,0,1,32.49,1,2026-02-07 04:00:00,2026-02-07 08:00:00,E,Prust Ave,0,0,0,0
2026-02-07,15,10:00,140,10,13.9,0,1,32.49,1,2026-02-07 04:00:00,2026-02-07 08:00:00,E,Main Street Station at Bay 7,0,0,0,0
2026-02-07,15,10:00,140,10,13.9,0,1,32.49,1,2026-02-07 04:00:00,2026-02-07 08:00:00,E,Norwood Rd,2,4,1,0
2026-02-07,15,10:00,140,10,13.9,0,1,32.49,1,2026-02-07 04:00:00,2026-02-07 08:00:00,E,McCaul St,0,3,0,0
2026-02-07,15,10:00,140,10,13.9,0,1,32.49,1,2026-02-07 04:00:00,2026-02-07 08:00:00,E,Broadview Ave,2,2,0,0
2026-02-07,15,10:00,140,10,13.9,0,1,32.49,1,2026-02-07 04:00:00,2026-02-07 08:00:00,E,Ontario St,1,3,0,0
2026-02-07,15,10:00,140,10,13.9,0,1,32.49,1,2026-02-07 04:00:00,2026-02-07 08:00:00,E,Rusholme Park Cres,0,3,0,0
2026-02-07,15,10:00,140,10,13.9,0,1,32.49,1,2026-02-07 04:00:00,2026-02-07 08:00:00,E,Havelock St,0,0,0,0
2026-02-07,15,10:00,140,10,13.9,0,1,32.49,1,2026-02-07 04:00:00,2026-02-07 08:00:00,E,High Park Loop,0,0,0,0
2026-02-07,15,10:00,140,10,13.9,0,1,32.49,1,2026-02-07 04:00:00,2026-02-07 08:00:00,E,Queens Park (Queen's Park Station),0,0,0,0
2026-02-07,15,10:00,140,10,13.9,0,1,32.49,1,2026-02-07 04:00:00,2026-02-07 08:00:00,E,Roncesvalles Ave,0,1,0,0
2026-02-07,15,10:00,140,10,13.9,0,1,32.49,1,2026-02-07 04:00:00,2026-02-07 08:00:00,E,De Grassi St,1,2,0,0
2026-02-07,15,10:00,140,10,13.9,0,1,32.49,1,2026-02-07 04:00:00,2026-02-07 08:00:00,E,Parliament St at Carlton St,0,0,0,0
2026-02-07,15,10:00,140,10,13.9,0,1,32.49,1,2026-02-07 04:00:00,2026-02-07 08:00:00,E,Parkside Dr East Side,0,3,0,0
2026-02-07,15,10:00,140,10,13.9,0,1,32.49,1,2026-02-07 04:00:00,2026-02-07 08:00:00,E,Dundas St West,0,1,0,0
2026-02-07,15,10:00,140,10,13.9,0,1,32.49,1,2026-02-07 04:00:00,2026-02-07 08:00:00,E,Howard Park Ave at Roncesvalles Ave,0,0,0,0
2026-02-07,15,10:00,140,10,13.9,0,1,32.49,1,2026-02-07 04:00:00,2026-02-07 08:00:00,E,Parliament St,0,0,0,0
2026-02-07,15,10:00,140,10,13.9,0,1,32.49,1,2026-02-07 04:00:00,2026-02-07 08:00:00,E,Parliament St at Gerrard St East,1,3,0,0
2026-02-07,15,10:00,140,10,13.9,0,1,32.49,1,2026-02-07 04:00:00,2026-02-07 08:00:00,E,Sumach St,1,3,0,0
2026-02-07,15,10:00,140,10,13.9,0,1,32.49,1,2026-02-07 04:00:00,2026-02-07 08:00:00,E,Blackburn St,2,2,0,0
2026-02-07,15,10:00,140,10,13.9,0,1,32.49,1,2026-02-07 04:00:00,2026-02-07 08:00:00,E,Logan Ave,2,2,0,0
2026-02-07,15,10:00,140,10,13.9,0,1,32.49,1,2026-02-07 04:00:00,2026-02-07 08:00:00,E,Augusta Ave,0,3,0,0
2026-02-07,15,10:00,140,10,13.9,0,1,32.49,1,2026-02-07 04:00:00,2026-02-07 08:00:00,E,Beverley St,0,3,0,0
2026-02-07,15,10:00,140,10,13.9,0,1,32.49,1,2026-02-07 04:00:00,2026-02-07 08:00:00,E,University Ave (Queen's Park Station,1,3,0,0
2026-02-07,15,10:00,140,10,13.9,0,1,32.49,1,2026-02-07 04:00:00,2026-02-07 08:00:00,E,Elizabeth St,1,3,0,0
2026-02-07,15,10:00,140,10,13.9,0,1,32.49,1,2026-02-07 04:00:00,2026-02-07 08:00:00,E,Greenwood Ave,2,2,0,0
2026-02-07,15,10:00,140,10,13.9,0,1,32.49,1,2026-02-07 04:00:00,2026-02-07 08:00:00,E,Alton Ave,2,1,0,0
2026-02-07,15,10:00,140,10,13.9,0,1,32.49,1,2026-02-07 04:00:00,2026-02-07 08:00:00,E,Coxwell Ave,3,2,0,0
2026-02-07,15,10:00,140,10,13.9,0,1,32.49,1,2026-02-07 04:00:00,2026-02-07 08:00:00,E,Gerrard St East  at Coxwell Ave,0,0,0,0
2026-02-07,15,10:00,140,10,13.9,0,1,32.49,1,2026-02-07 04:00:00,2026-02-07 08:00:00,E,Coxwell Ave at Lower Gerrard St East,0,0,0,0
2026-02-07,15,10:00,140,10,13.9,0,1,32.49,1,2026-02-07 04:00:00,2026-02-07 08:00:00,E,Ashdale Ave,0,0,0,0
2026-02-07,15,10:00,140,10,13.9,0,1,32.49,1,2026-02-07 04:00:00,2026-02-07 08:00:00,E,Howard Park Ave at Indian Rd,0,0,0,0
2026-02-07,15,10:00,140,10,13.9,0,1,32.49,1,2026-02-07 04:00:00,2026-02-07 08:00:00,E,Dundas St West at Howard Park Ave,0,0,0,0
2026-02-07,15,10:00,140,10,13.9,0,1,32.49,1,2026-02-07 04:00:00,2026-02-07 08:00:00,E,Main St at Gerrard St East,0,0,0,0
2026-02-07,15,10:00,140,10,13.9,0,1,32.49,1,2026-02-07 04:00:00,2026-02-07 08:00:00,E,Main St,1,3,1,0
2026-02-07,15,10:00,140,10,13.9,0,1,32.49,1,2026-02-07 04:00:00,2026-02-07 08:00:00,E,Main St at Danforth Ave,0,0,0,0
2026-02-07,15,10:00,140,10,13.9,0,1,32.49,1,2026-02-07 04:00:00,2026-02-07 08:00:00,E,Howard Park Ave at Parkside Dr,0,0,0,0
2026-02-07,15,10:00,140,10,13.9,0,1,32.49,1,2026-02-07 04:00:00,2026-02-07 08:00:00,W,Woodfield Rd,0,2,0,0
2026-02-07,15,10:00,140,10,13.9,0,1,32.49,1,2026-02-07 04:00:00,2026-02-07 08:00:00,W,Coxwell Ave at Gerrard St East,0,0,0,0
2026-02-07,15,10:00,140,10,13.9,0,1,32.49,1,2026-02-07 04:00:00,2026-02-07 08:00:00,W,Euclid Ave,0,0,0,0
2026-02-07,15,10:00,140,10,13.9,0,1,32.49,1,2026-02-07 04:00:00,2026-02-07 08:00:00,W,Bowmore Rd,0,3,0,1
2026-02-07,15,10:00,140,10,13.9,0,1,32.49,1,2026-02-07 04:00:00,2026-02-07 08:00:00,W,Bay St,0,0,0,0
2026-02-07,15,10:00,140,10,13.9,0,1,32.49,1,2026-02-07 04:00:00,2026-02-07 08:00:00,W,Lansdowne Ave,0,0,0,0
2026-02-07,15,10:00,140,10,13.9,0,1,32.49,1,2026-02-07 04:00:00,2026-02-07 08:00:00,W,Indian Rd,0,0,0,0
2026-02-07,15,10:00,140,10,13.9,0,1,32.49,1,2026-02-07 04:00:00,2026-02-07 08:00:00,W,Grace St,0,0,0,0
2026-02-07,15,10:00,140,10,13.9,0,1,32.49,1,2026-02-07 04:00:00,2026-02-07 08:00:00,W,Dufferin St,0,0,0,0
2026-02-07,15,10:00,140,10,13.9,0,1,32.49,1,2026-02-07 04:00:00,2026-02-07 08:00:00,W,Gerrard St East at Beaton Ave,0,0,0,0
2026-02-07,15,10:00,140,10,13.9,0,1,32.49,1,2026-02-07 04:00:00,2026-02-07 08:00:00,W,Bathurst St,0,0,0,0
2026-02-07,15,10:00,140,10,13.9,0,1,32.49,1,2026-02-07 04:00:00,2026-02-07 08:00:00,W,Yonge St - College Station,0,0,0,0
2026-02-07,15,10:00,140,10,13.9,0,1,32.49,1,2026-02-07 04:00:00,2026-02-07 08:00:00,W,Dundas St West at Sterling Rd,0,0,0,0
2026-02-07,15,10:00,140,10,13.9,0,1,32.49,1,2026-02-07 04:00:00,2026-02-07 08:00:00,W,Brock Ave,0,0,0,0
2026-02-07,15,10:00,140,10,13.9,0,1,32.49,1,2026-02-07 04:00:00,2026-02-07 08:00:00,W,Sackville St,0,0,0,0
2026-02-07,15,10:00,140,10,13.9,0,1,32.49,1,2026-02-07 04:00:00,2026-02-07 08:00:00,W,Carlaw Ave,0,0,0,0
2026-02-07,15,10:00,140,10,13.9,0,1,32.49,1,2026-02-07 04:00:00,2026-02-07 08:00:00,W,Borden St,0,0,0,0
2026-02-07,15,10:00,140,10,13.9,0,1,32.49,1,2026-02-07 04:00:00,2026-02-07 08:00:00,W,Dundas St West at Sorauren Ave,0,0,0,0
2026-02-07,15,10:00,140,10,13.9,0,1,32.49,1,2026-02-07 04:00:00,2026-02-07 08:00:00,W,Crawford St,0,0,0,0
2026-02-07,15,10:00,140,10,13.9,0,1,32.49,1,2026-02-07 04:00:00,2026-02-07 08:00:00,W,Pape Ave,0,0,0,0
2026-02-07,15,10:00,140,10,13.9,0,1,32.49,1,2026-02-07 04:00:00,2026-02-07 08:00:00,W,Spadina Ave,0,0,0,0
2026-02-07,15,10:00,140,10,13.9,0,1,32.49,1,2026-02-07 04:00:00,2026-02-07 08:00:00,W,River St,0,4,2,0
2026-02-07,15,10:00,140,10,13.9,0,1,32.49,1,2026-02-07 04:00:00,2026-02-07 08:00:00,W,Marjory Ave,0,0,0,0
2026-02-07,15,10:00,140,10,13.9,0,1,32.49,1,2026-02-07 04:00:00,2026-02-07 08:00:00,W,Kingsmount Park Rd,0,0,0,0
2026-02-07,15,10:00,140,10,13.9,0,1,32.49,1,2026-02-07 04:00:00,2026-02-07 08:00:00,W,Church St,0,0,0,0
2026-02-07,15,10:00,140,10,13.9,0,1,32.49,1,2026-02-07 04:00:00,2026-02-07 08:00:00,W,Ossington Ave,0,0,0,0
2026-02-07,15,10:00,140,10,13.9,0,1,32.49,1,2026-02-07 04:00:00,2026-02-07 08:00:00,W,Woodbine Ave,0,0,0,0
2026-02-07,15,10:00,140,10,13.9,0,1,32.49,1,2026-02-07 04:00:00,2026-02-07 08:00:00,W,Jones Ave,0,0,0,0
2026-02-07,15,10:00,140,10,13.9,0,1,32.49,1,2026-02-07 04:00:00,2026-02-07 08:00:00,W,Golfview Ave,0,0,0,0
2026-02-07,15,10:00,140,10,13.9,0,1,32.49,1,2026-02-07 04:00:00,2026-02-07 08:00:00,W,Leslie St,0,0,0,0
2026-02-07,15,10:00,140,10,13.9,0,1,32.49,1,2026-02-07 04:00:00,2026-02-07 08:00:00,W,St Matthews Rd,0,3,2,0
2026-02-07,15,10:00,140,10,13.9,0,1,32.49,1,2026-02-07 04:00:00,2026-02-07 08:00:00,W,Jarvis St,0,0,0,0
2026-02-07,15,10:00,140,10,13.9,0,1,32.49,1,2026-02-07 04:00:00,2026-02-07 08:00:00,W,Sherbourne St,0,0,0,0
2026-02-07,15,10:00,140,10,13.9,0,1,32.49,1,2026-02-07 04:00:00,2026-02-07 08:00:00,W,St George St,0,3,2,0
2026-02-07,15,10:00,140,10,13.9,0,1,32.49,1,2026-02-07 04:00:00,2026-02-07 08:00:00,W,Dovercourt Rd,0,0,0,0
2026-02-07,15,10:00,140,10,13.9,0,1,32.49,1,2026-02-07 04:00:00,2026-02-07 08:00:00,W,Glenmount Park Rd,0,0,0,0
2026-02-07,15,10:00,140,10,13.9,0,1,32.49,1,2026-02-07 04:00:00,2026-02-07 08:00:00,W,Prust Ave,0,2,0,0
2026-02-07,15,10:00,140,10,13.9,0,1,32.49,1,2026-02-07 04:00:00,2026-02-07 08:00:00,W,Main Street Station at Bay 7,0,0,0,0
2026-02-07,15,10:00,140,10,13.9,0,1,32.49,1,2026-02-07 04:00:00,2026-02-07 08:00:00,W,Norwood Rd,0,0,0,0
2026-02-07,15,10:00,140,10,13.9,0,1,32.49,1,2026-02-07 04:00:00,2026-02-07 08:00:00,W,McCaul St,0,0,0,0
2026-02-07,15,10:00,140,10,13.9,0,1,32.49,1,2026-02-07 04:00:00,2026-02-07 08:00:00,W,Broadview Ave,0,0,0,0
2026-02-07,15,10:00,140,10,13.9,0,1,32.49,1,2026-02-07 04:00:00,2026-02-07 08:00:00,W,Ontario St,0,0,0,0
2026-02-07,15,10:00,140,10,13.9,0,1,32.49,1,2026-02-07 04:00:00,2026-02-07 08:00:00,W,Rusholme Park Cres,0,0,0,0
2026-02-07,15,10:00,140,10,13.9,0,1,32.49,1,2026-02-07 04:00:00,2026-02-07 08:00:00,W,Havelock St,2,2,2,0
2026-02-07,15,10:00,140,10,13.9,0,1,32.49,1,2026-02-07 04:00:00,2026-02-07 08:00:00,W,High Park Loop,0,0,0,0
2026-02-07,15,10:00,140,10,13.9,0,1,32.49,1,2026-02-07 04:00:00,2026-02-07 08:00:00,W,Queens Park (Queen's Park Station),0,3,3,0
2026-02-07,15,10:00,140,10,13.9,0,1,32.49,1,2026-02-07 04:00:00,2026-02-07 08:00:00,W,Roncesvalles Ave,0,0,0,0
2026-02-07,15,10:00,140,10,13.9,0,1,32.49,1,2026-02-07 04:00:00,2026-02-07 08:00:00,W,De Grassi St,0,0,0,0
2026-02-07,15,10:00,140,10,13.9,0,1,32.49,1,2026-02-07 04:00:00,2026-02-07 08:00:00,W,Parliament St at Carlton St,0,4,2,0
2026-02-07,15,10:00,140,10,13.9,0,1,32.49,1,2026-02-07 04:00:00,2026-02-07 08:00:00,W,Parkside Dr East Side,0,0,0,0
2026-02-07,15,10:00,140,10,13.9,0,1,32.49,1,2026-02-07 04:00:00,2026-02-07 08:00:00,W,Dundas St West,0,0,0,0
2026-02-07,15,10:00,140,10,13.9,0,1,32.49,1,2026-02-07 04:00:00,2026-02-07 08:00:00,W,Howard Park Ave at Roncesvalles Ave,0,4,0,0
2026-02-07,15,10:00,140,10,13.9,0,1,32.49,1,2026-02-07 04:00:00,2026-02-07 08:00:00,W,Parliament St,1,4,2,0
2026-02-07,15,10:00,140,10,13.9,0,1,32.49,1,2026-02-07 04:00:00,2026-02-07 08:00:00,W,Parliament St at Gerrard St East,0,0,0,0
2026-02-07,15,10:00,140,10,13.9,0,1,32.49,1,2026-02-07 04:00:00,2026-02-07 08:00:00,W,Sumach St,0,0,0,0
2026-02-07,15,10:00,140,10,13.9,0,1,32.49,1,2026-02-07 04:00:00,2026-02-07 08:00:00,W,Blackburn St,0,0,0,0
2026-02-07,15,10:00,140,10,13.9,0,1,32.49,1,2026-02-07 04:00:00,2026-02-07 08:00:00,W,Logan Ave,0,0,0,0
2026-02-07,15,10:00,140,10,13.9,0,1,32.49,1,2026-02-07 04:00:00,2026-02-07 08:00:00,W,Augusta Ave,0,0,0,0
2026-02-07,15,10:00,140,10,13.9,0,1,32.49,1,2026-02-07 04:00:00,2026-02-07 08:00:00,W,Beverley St,0,0,0,0
2026-02-07,15,10:00,140,10,13.9,0,1,32.49,1,2026-02-07 04:00:00,2026-02-07 08:00:00,W,University Ave (Queen's Park Station,0,0,0,0
2026-02-07,15,10:00,140,10,13.9,0,1,32.49,1,2026-02-07 04:00:00,2026-02-07 08:00:00,W,Elizabeth St,0,0,0,0
2026-02-07,15,10:00,140,10,13.9,0,1,32.49,1,2026-02-07 04:00:00,2026-02-07 08:00:00,W,Greenwood Ave,0,0,0,0
2026-02-07,15,10:00,140,10,13.9,0,1,32.49,1,2026-02-07 04:00:00,2026-02-07 08:00:00,W,Alton Ave,0,0,0,0
2026-02-07,15,10:00,140,10,13.9,0,1,32.49,1,2026-02-07 04:00:00,2026-02-07 08:00:00,W,Coxwell Ave,0,0,0,0
2026-02-07,15,10:00,140,10,13.9,0,1,32.49,1,2026-02-07 04:00:00,2026-02-07 08:00:00,W,Gerrard St East  at Coxwell Ave,0,4,0,1
2026-02-07,15,10:00,140,10,13.9,0,1,32.49,1,2026-02-07 04:00:00,2026-02-07 08:00:00,W,Coxwell Ave at Lower Gerrard St East,0,2,0,1
2026-02-07,15,10:00,140,10,13.9,0,1,32.49,1,2026-02-07 04:00:00,2026-02-07 08:00:00,W,Ashdale Ave,0,2,0,0
2026-02-07,15,10:00,140,10,13.9,0,1,32.49,1,2026-02-07 04:00:00,2026-02-07 08:00:00,W,Howard Park Ave at Indian Rd,0,4,0,0
2026-02-07,15,10:00,140,10,13.9,0,1,32.49,1,2026-02-07 04:00:00,2026-02-07 08:00:00,W,Dundas St West at Howard Park Ave,0,4,0,0
2026-02-07,15,10:00,140,10,13.9,0,1,32.49,1,2026-02-07 04:00:00,2026-02-07 08:00:00,W,Main St at Gerrard St East,0,4,1,2
2026-02-07,15,10:00,140,10,13.9,0,1,32.49,1,2026-02-07 04:00:00,2026-02-07 08:00:00,W,Main St,0,0,0,0
2026-02-07,15,10:00,140,10,13.9,0,1,32.49,1,2026-02-07 04:00:00,2026-02-07 08:00:00,W,Main St at Danforth Ave,0,2,0,0
2026-02-07,15,10:00,140,10,13.9,0,1,32.49,1,2026-02-07 04:00:00,2026-02-07 08:00:00,W,Howard Park Ave at Parkside Dr,1,4,0,0
2026-02-14,15,10:00,140,10,13.9,0,1,32.49,1,2026-02-14 04:00:00,2026-02-14 08:00:00,E,Woodfield Rd,0,0,0,0
2026-02-14,15,10:00,140,10,13.9,0,1,32.49,1,2026-02-14 04:00:00,2026-02-14 08:00:00,E,Coxwell Ave at Gerrard St East,0,2,0,0
2026-02-14,15,10:00,140,10,13.9,0,1,32.49,1,2026-02-14 04:00:00,2026-02-14 08:00:00,E,Euclid Ave,0,1,0,0
2026-02-14,15,10:00,140,10,13.9,0,1,32.49,1,2026-02-14 04:00:00,2026-02-14 08:00:00,E,Bowmore Rd,0,0,0,0
2026-02-14,15,10:00,140,10,13.9,0,1,32.49,1,2026-02-14 04:00:00,2026-02-14 08:00:00,E,Bay St,0,1,0,0
2026-02-14,15,10:00,140,10,13.9,0,1,32.49,1,2026-02-14 04:00:00,2026-02-14 08:00:00,E,Lansdowne Ave,0,1,0,0
2026-02-14,15,10:00,140,10,13.9,0,1,32.49,1,2026-02-14 04:00:00,2026-02-14 08:00:00,E,Indian Rd,0,1,1,0
2026-02-14,15,10:00,140,10,13.9,0,1,32.49,1,2026-02-14 04:00:00,2026-02-14 08:00:00,E,Grace St,0,1,0,0
2026-02-14,15,10:00,140,10,13.9,0,1,32.49,1,2026-02-14 04:00:00,2026-02-14 08:00:00,E,Dufferin St,0,1,0,0
2026-02-14,15,10:00,140,10,13.9,0,1,32.49,1,2026-02-14 04:00:00,2026-02-14 08:00:00,E,Gerrard St East at Beaton Ave,0,2,0,0
2026-02-14,15,10:00,140,10,13.9,0,1,32.49,1,2026-02-14 04:00:00,2026-02-14 08:00:00,E,Bathurst St,0,1,0,0
2026-02-14,15,10:00,140,10,13.9,0,1,32.49,1,2026-02-14 04:00:00,2026-02-14 08:00:00,E,Yonge St - College Station,0,1,0,0
2026-02-14,15,10:00,140,10,13.9,0,1,32.49,1,2026-02-14 04:00:00,2026-02-14 08:00:00,E,Dundas St West at Sterling Rd,0,1,1,0
2026-02-14,15,10:00,140,10,13.9,0,1,32.49,1,2026-02-14 04:00:00,2026-02-14 08:00:00,E,Brock Ave,0,1,0,0
2026-02-14,15,10:00,140,10,13.9,0,1,32.49,1,2026-02-14 04:00:00,2026-02-14 08:00:00,E,Sackville St,0,0,0,0
2026-02-14,15,10:00,140,10,13.9,0,1,32.49,1,2026-02-14 04:00:00,2026-02-14 08:00:00,E,Carlaw Ave,0,0,0,0
2026-02-14,15,10:00,140,10,13.9,0,1,32.49,1,2026-02-14 04:00:00,2026-02-14 08:00:00,E,Borden St,0,1,0,0
2026-02-14,15,10:00,140,10,13.9,0,1,32.49,1,2026-02-14 04:00:00,2026-02-14 08:00:00,E,Dundas St West at Sorauren Ave,0,1,1,0
2026-02-14,15,10:00,140,10,13.9,0,1,32.49,1,2026-02-14 04:00:00,2026-02-14 08:00:00,E,Crawford St,0,1,0,0
2026-02-14,15,10:00,140,10,13.9,0,1,32.49,1,2026-02-14 04:00:00,2026-02-14 08:00:00,E,Pape Ave,0,0,0,0
2026-02-14,15,10:00,140,10,13.9,0,1,32.49,1,2026-02-14 04:00:00,2026-02-14 08:00:00,E,Spadina Ave,0,1,0,0
2026-02-14,15,10:00,140,10,13.9,0,1,32.49,1,2026-02-14 04:00:00,2026-02-14 08:00:00,E,River St,0,0,0,0
2026-02-14,15,10:00,140,10,13.9,0,1,32.49,1,2026-02-14 04:00:00,2026-02-14 08:00:00,E,Marjory Ave,0,0,0,0
2026-02-14,15,10:00,140,10,13.9,0,1,32.49,1,2026-02-14 04:00:00,2026-02-14 08:00:00,E,Kingsmount Park Rd,0,2,0,0
2026-02-14,15,10:00,140,10,13.9,0,1,32.49,1,2026-02-14 04:00:00,2026-02-14 08:00:00,E,Church St,0,1,0,0
2026-02-14,15,10:00,140,10,13.9,0,1,32.49,1,2026-02-14 04:00:00,2026-02-14 08:00:00,E,Ossington Ave,0,1,0,0
2026-02-14,15,10:00,140,10,13.9,0,1,32.49,1,2026-02-14 04:00:00,2026-02-14 08:00:00,E,Woodbine Ave,0,2,0,0
2026-02-14,15,10:00,140,10,13.9,0,1,32.49,1,2026-02-14 04:00:00,2026-02-14 08:00:00,E,Jones Ave,0,0,0,0
2026-02-14,15,10:00,140,10,13.9,0,1,32.49,1,2026-02-14 04:00:00,2026-02-14 08:00:00,E,Golfview Ave,0,2,0,0
2026-02-14,15,10:00,140,10,13.9,0,1,32.49,1,2026-02-14 04:00:00,2026-02-14 08:00:00,E,Leslie St,0,0,0,0
2026-02-14,15,10:00,140,10,13.9,0,1,32.49,1,2026-02-14 04:00:00,2026-02-14 08:00:00,E,St Matthews Rd,0,0,0,0
2026-02-14,15,10:00,140,10,13.9,0,1,32.49,1,2026-02-14 04:00:00,2026-02-14 08:00:00,E,Jarvis St,0,1,0,0
2026-02-14,15,10:00,140,10,13.9,0,1,32.49,1,2026-02-14 04:00:00,2026-02-14 08:00:00,E,Sherbourne St,0,1,0,0
2026-02-14,15,10:00,140,10,13.9,0,1,32.49,1,2026-02-14 04:00:00,2026-02-14 08:00:00,E,St George St,0,0,0,0
2026-02-14,15,10:00,140,10,13.9,0,1,32.49,1,2026-02-14 04:00:00,2026-02-14 08:00:00,E,Dovercourt Rd,0,1,0,0
2026-02-14,15,10:00,140,10,13.9,0,1,32.49,1,2026-02-14 04:00:00,2026-02-14 08:00:00,E,Glenmount Park Rd,0,2,0,0
2026-02-14,15,10:00,140,10,13.9,0,1,32.49,1,2026-02-14 04:00:00,2026-02-14 08:00:00,E,Prust Ave,0,0,0,0
2026-02-14,15,10:00,140,10,13.9,0,1,32.49,1,2026-02-14 04:00:00,2026-02-14 08:00:00,E,Main Street Station at Bay 7,0,0,0,0
2026-02-14,15,10:00,140,10,13.9,0,1,32.49,1,2026-02-14 04:00:00,2026-02-14 08:00:00,E,Norwood Rd,0,2,0,0
2026-02-14,15,10:00,140,10,13.9,0,1,32.49,1,2026-02-14 04:00:00,2026-02-14 08:00:00,E,McCaul St,0,1,0,0
2026-02-14,15,10:00,140,10,13.9,0,1,32.49,1,2026-02-14 04:00:00,2026-02-14 08:00:00,E,Broadview Ave,0,0,0,0
2026-02-14,15,10:00,140,10,13.9,0,1,32.49,1,2026-02-14 04:00:00,2026-02-14 08:00:00,E,Ontario St,0,1,0,0
2026-02-14,15,10:00,140,10,13.9,0,1,32.49,1,2026-02-14 04:00:00,2026-02-14 08:00:00,E,Rusholme Park Cres,0,1,0,0
2026-02-14,15,10:00,140,10,13.9,0,1,32.49,1,2026-02-14 04:00:00,2026-02-14 08:00:00,E,Havelock St,0,0,0,0
2026-02-14,15,10:00,140,10,13.9,0,1,32.49,1,2026-02-14 04:00:00,2026-02-14 08:00:00,E,High Park Loop,0,0,0,0
2026-02-14,15,10:00,140,10,13.9,0,1,32.49,1,2026-02-14 04:00:00,2026-02-14 08:00:00,E,Queens Park (Queen's Park Station),0,0,0,0
2026-02-14,15,10:00,140,10,13.9,0,1,32.49,1,2026-02-14 04:00:00,2026-02-14 08:00:00,E,Roncesvalles Ave,0,1,1,0
2026-02-14,15,10:00,140,10,13.9,0,1,32.49,1,2026-02-14 04:00:00,2026-02-14 08:00:00,E,De Grassi St,0,0,0,0
2026-02-14,15,10:00,140,10,13.9,0,1,32.49,1,2026-02-14 04:00:00,2026-02-14 08:00:00,E,Parliament St at Carlton St,0,0,0,0
2026-02-14,15,10:00,140,10,13.9,0,1,32.49,1,2026-02-14 04:00:00,2026-02-14 08:00:00,E,Parkside Dr East Side,0,1,1,0
2026-02-14,15,10:00,140,10,13.9,0,1,32.49,1,2026-02-14 04:00:00,2026-02-14 08:00:00,E,Dundas St West,0,1,1,0
2026-02-14,15,10:00,140,10,13.9,0,1,32.49,1,2026-02-14 04:00:00,2026-02-14 08:00:00,E,Howard Park Ave at Roncesvalles Ave,0,0,0,0
2026-02-14,15,10:00,140,10,13.9,0,1,32.49,1,2026-02-14 04:00:00,2026-02-14 08:00:00,E,Parliament St,0,0,0,0
2026-02-14,15,10:00,140,10,13.9,0,1,32.49,1,2026-02-14 04:00:00,2026-02-14 08:00:00,E,Parliament St at Gerrard St East,0,1,0,0
2026-02-14,15,10:00,140,10,13.9,0,1,32.49,1,2026-02-14 04:00:00,2026-02-14 08:00:00,E,Sumach St,0,0,0,0
2026-02-14,15,10:00,140,10,13.9,0,1,32.49,1,2026-02-14 04:00:00,2026-02-14 08:00:00,E,Blackburn St,0,0,0,0
2026-02-14,15,10:00,140,10,13.9,0,1,32.49,1,2026-02-14 04:00:00,2026-02-14 08:00:00,E,Logan Ave,0,0,0,0
2026-02-14,15,10:00,140,10,13.9,0,1,32.49,1,2026-02-14 04:00:00,2026-02-14 08:00:00,E,Augusta Ave,0,1,0,0
2026-02-14,15,10:00,140,10,13.9,0,1,32.49,1,2026-02-14 04:00:00,2026-02-14 08:00:00,E,Beverley St,0,1,0,0
2026-02-14,15,10:00,140,10,13.9,0,1,32.49,1,2026-02-14 04:00:00,2026-02-14 08:00:00,E,University Ave (Queen's Park Station,0,1,0,0
2026-02-14,15,10:00,140,10,13.9,0,1,32.49,1,2026-02-14 04:00:00,2026-02-14 08:00:00,E,Elizabeth St,0,1,0,0
2026-02-14,15,10:00,140,10,13.9,0,1,32.49,1,2026-02-14 04:00:00,2026-02-14 08:00:00,E,Greenwood Ave,0,0,0,0
2026-02-14,15,10:00,140,10,13.9,0,1,32.49,1,2026-02-14 04:00:00,2026-02-14 08:00:00,E,Alton Ave,0,0,0,0
2026-02-14,15,10:00,140,10,13.9,0,1,32.49,1,2026-02-14 04:00:00,2026-02-14 08:00:00,E,Coxwell Ave,0,0,0,0
2026-02-14,15,10:00,140,10,13.9,0,1,32.49,1,2026-02-14 04:00:00,2026-02-14 08:00:00,E,Gerrard St East  at Coxwell Ave,0,0,0,0
2026-02-14,15,10:00,140,10,13.9,0,1,32.49,1,2026-02-14 04:00:00,2026-02-14 08:00:00,E,Coxwell Ave at Lower Gerrard St East,0,0,0,0
2026-02-14,15,10:00,140,10,13.9,0,1,32.49,1,2026-02-14 04:00:00,2026-02-14 08:00:00,E,Ashdale Ave,0,0,0,0
2026-02-14,15,10:00,140,10,13.9,0,1,32.49,1,2026-02-14 04:00:00,2026-02-14 08:00:00,E,Howard Park Ave at Indian Rd,0,0,0,0
2026-02-14,15,10:00,140,10,13.9,0,1,32.49,1,2026-02-14 04:00:00,2026-02-14 08:00:00,E,Dundas St West at Howard Park Ave,0,0,0,0
2026-02-14,15,10:00,140,10,13.9,0,1,32.49,1,2026-02-14 04:00:00,2026-02-14 08:00:00,E,Main St at Gerrard St East,0,0,0,0
2026-02-14,15,10:00,140,10,13.9,0,1,32.49,1,2026-02-14 04:00:00,2026-02-14 08:00:00,E,Main St,1,2,0,0
2026-02-14,15,10:00,140,10,13.9,0,1,32.49,1,2026-02-14 04:00:00,2026-02-14 08:00:00,E,Main St at Danforth Ave,0,0,0,0
2026-02-14,15,10:00,140,10,13.9,0,1,32.49,1,2026-02-14 04:00:00,2026-02-14 08:00:00,E,Howard Park Ave at Parkside Dr,0,0,0,0
2026-02-14,15,10:00,140,10,13.9,0,1,32.49,1,2026-02-14 04:00:00,2026-02-14 08:00:00,W,Woodfield Rd,2,2,1,0
2026-02-14,15,10:00,140,10,13.9,0,1,32.49,1,2026-02-14 04:00:00,2026-02-14 08:00:00,W,Coxwell Ave at Gerrard St East,0,0,0,0
2026-02-14,15,10:00,140,10,13.9,0,1,32.49,1,2026-02-14 04:00:00,2026-02-14 08:00:00,W,Euclid Ave,0,0,0,0
2026-02-14,15,10:00,140,10,13.9,0,1,32.49,1,2026-02-14 04:00:00,2026-02-14 08:00:00,W,Bowmore Rd,0,2,0,0
2026-02-14,15,10:00,140,10,13.9,0,1,32.49,1,2026-02-14 04:00:00,2026-02-14 08:00:00,W,Bay St,0,0,0,0
2026-02-14,15,10:00,140,10,13.9,0,1,32.49,1,2026-02-14 04:00:00,2026-02-14 08:00:00,W,Lansdowne Ave,0,0,0,0
2026-02-14,15,10:00,140,10,13.9,0,1,32.49,1,2026-02-14 04:00:00,2026-02-14 08:00:00,W,Indian Rd,0,0,0,0
2026-02-14,15,10:00,140,10,13.9,0,1,32.49,1,2026-02-14 04:00:00,2026-02-14 08:00:00,W,Grace St,0,0,0,0
2026-02-14,15,10:00,140,10,13.9,0,1,32.49,1,2026-02-14 04:00:00,2026-02-14 08:00:00,W,Dufferin St,0,0,0,0
2026-02-14,15,10:00,140,10,13.9,0,1,32.49,1,2026-02-14 04:00:00,2026-02-14 08:00:00,W,Gerrard St East at Beaton Ave,0,0,0,0
2026-02-14,15,10:00,140,10,13.9,0,1,32.49,1,2026-02-14 04:00:00,2026-02-14 08:00:00,W,Bathurst St,0,0,0,0
2026-02-14,15,10:00,140,10,13.9,0,1,32.49,1,2026-02-14 04:00:00,2026-02-14 08:00:00,W,Yonge St - College Station,0,0,0,0
2026-02-14,15,10:00,140,10,13.9,0,1,32.49,1,2026-02-14 04:00:00,2026-02-14 08:00:00,W,Dundas St West at Sterling Rd,0,0,0,0
2026-02-14,15,10:00,140,10,13.9,0,1,32.49,1,2026-02-14 04:00:00,2026-02-14 08:00:00,W,Brock Ave,0,0,0,0
2026-02-14,15,10:00,140,10,13.9,0,1,32.49,1,2026-02-14 04:00:00,2026-02-14 08:00:00,W,Sackville St,0,0,0,0
2026-02-14,15,10:00,140,10,13.9,0,1,32.49,1,2026-02-14 04:00:00,2026-02-14 08:00:00,W,Carlaw Ave,0,0,0,0
2026-02-14,15,10:00,140,10,13.9,0,1,32.49,1,2026-02-14 04:00:00,2026-02-14 08:00:00,W,Borden St,0,0,0,0
2026-02-14,15,10:00,140,10,13.9,0,1,32.49,1,2026-02-14 04:00:00,2026-02-14 08:00:00,W,Dundas St West at Sorauren Ave,0,0,0,0
2026-02-14,15,10:00,140,10,13.9,0,1,32.49,1,2026-02-14 04:00:00,2026-02-14 08:00:00,W,Crawford St,0,0,0,0
2026-02-14,15,10:00,140,10,13.9,0,1,32.49,1,2026-02-14 04:00:00,2026-02-14 08:00:00,W,Pape Ave,0,0,0,0
2026-02-14,15,10:00,140,10,13.9,0,1,32.49,1,2026-02-14 04:00:00,2026-02-14 08:00:00,W,Spadina Ave,0,0,0,0
2026-02-14,15,10:00,140,10,13.9,0,1,32.49,1,2026-02-14 04:00:00,2026-02-14 08:00:00,W,River St,1,2,1,0
2026-02-14,15,10:00,140,10,13.9,0,1,32.49,1,2026-02-14 04:00:00,2026-02-14 08:00:00,W,Marjory Ave,0,0,0,0
2026-02-14,15,10:00,140,10,13.9,0,1,32.49,1,2026-02-14 04:00:00,2026-02-14 08:00:00,W,Kingsmount Park Rd,0,0,0,0
2026-02-14,15,10:00,140,10,13.9,0,1,32.49,1,2026-02-14 04:00:00,2026-02-14 08:00:00,W,Church St,0,0,0,0
2026-02-14,15,10:00,140,10,13.9,0,1,32.49,1,2026-02-14 04:00:00,2026-02-14 08:00:00,W,Ossington Ave,0,0,0,0
2026-02-14,15,10:00,140,10,13.9,0,1,32.49,1,2026-02-14 04:00:00,2026-02-14 08:00:00,W,Woodbine Ave,0,0,0,0
2026-02-14,15,10:00,140,10,13.9,0,1,32.49,1,2026-02-14 04:00:00,2026-02-14 08:00:00,W,Jones Ave,0,0,0,0
2026-02-14,15,10:00,140,10,13.9,0,1,32.49,1,2026-02-14 04:00:00,2026-02-14 08:00:00,W,Golfview Ave,0,0,0,0
2026-02-14,15,10:00,140,10,13.9,0,1,32.49,1,2026-02-14 04:00:00,2026-02-14 08:00:00,W,Leslie St,0,0,0,0
2026-02-14,15,10:00,140,10,13.9,0,1,32.49,1,2026-02-14 04:00:00,2026-02-14 08:00:00,W,St Matthews Rd,1,2,2,0
2026-02-14,15,10:00,140,10,13.9,0,1,32.49,1,2026-02-14 04:00:00,2026-02-14 08:00:00,W,Jarvis St,0,0,0,0
2026-02-14,15,10:00,140,10,13.9,0,1,32.49,1,2026-02-14 04:00:00,2026-02-14 08:00:00,W,Sherbourne St,0,0,0,0
2026-02-14,15,10:00,140,10,13.9,0,1,32.49,1,2026-02-14 04:00:00,2026-02-14 08:00:00,W,St George St,2,2,1,0
2026-02-14,15,10:00,140,10,13.9,0,1,32.49,1,2026-02-14 04:00:00,2026-02-14 08:00:00,W,Dovercourt Rd,0,0,0,0
2026-02-14,15,10:00,140,10,13.9,0,1,32.49,1,2026-02-14 04:00:00,2026-02-14 08:00:00,W,Glenmount Park Rd,0,0,0,0
2026-02-14,15,10:00,140,10,13.9,0,1,32.49,1,2026-02-14 04:00:00,2026-02-14 08:00:00,W,Prust Ave,2,2,1,0
2026-02-14,15,10:00,140,10,13.9,0,1,32.49,1,2026-02-14 04:00:00,2026-02-14 08:00:00,W,Main Street Station at Bay 7,0,0,0,0
2026-02-14,15,10:00,140,10,13.9,0,1,32.49,1,2026-02-14 04:00:00,2026-02-14 08:00:00,W,Norwood Rd,0,0,0,0
2026-02-14,15,10:00,140,10,13.9,0,1,32.49,1,2026-02-14 04:00:00,2026-02-14 08:00:00,W,McCaul St,0,0,0,0
2026-02-14,15,10:00,140,10,13.9,0,1,32.49,1,2026-02-14 04:00:00,2026-02-14 08:00:00,W,Broadview Ave,0,0,0,0
2026-02-14,15,10:00,140,10,13.9,0,1,32.49,1,2026-02-14 04:00:00,2026-02-14 08:00:00,W,Ontario St,0,0,0,0
2026-02-14,15,10:00,140,10,13.9,0,1,32.49,1,2026-02-14 04:00:00,2026-02-14 08:00:00,W,Rusholme Park Cres,0,0,0,0
2026-02-14,15,10:00,140,10,13.9,0,1,32.49,1,2026-02-14 04:00:00,2026-02-14 08:00:00,W,Havelock St,1,3,1,0
2026-02-14,15,10:00,140,10,13.9,0,1,32.49,1,2026-02-14 04:00:00,2026-02-14 08:00:00,W,High Park Loop,0,0,0,0
2026-02-14,15,10:00,140,10,13.9,0,1,32.49,1,2026-02-14 04:00:00,2026-02-14 08:00:00,W,Queens Park (Queen's Park Station),1,2,1,0
2026-02-14,15,10:00,140,10,13.9,0,1,32.49,1,2026-02-14 04:00:00,2026-02-14 08:00:00,W,Roncesvalles Ave,0,0,0,0
2026-02-14,15,10:00,140,10,13.9,0,1,32.49,1,2026-02-14 04:00:00,2026-02-14 08:00:00,W,De Grassi St,0,0,0,0
2026-02-14,15,10:00,140,10,13.9,0,1,32.49,1,2026-02-14 04:00:00,2026-02-14 08:00:00,W,Parliament St at Carlton St,1,2,0,0
2026-02-14,15,10:00,140,10,13.9,0,1,32.49,1,2026-02-14 04:00:00,2026-02-14 08:00:00,W,Parkside Dr East Side,0,0,0,0
2026-02-14,15,10:00,140,10,13.9,0,1,32.49,1,2026-02-14 04:00:00,2026-02-14 08:00:00,W,Dundas St West,0,0,0,0
2026-02-14,15,10:00,140,10,13.9,0,1,32.49,1,2026-02-14 04:00:00,2026-02-14 08:00:00,W,Howard Park Ave at Roncesvalles Ave,0,2,1,0
2026-02-14,15,10:00,140,10,13.9,0,1,32.49,1,2026-02-14 04:00:00,2026-02-14 08:00:00,W,Parliament St,1,2,1,0
2026-02-14,15,10:00,140,10,13.9,0,1,32.49,1,2026-02-14 04:00:00,2026-02-14 08:00:00,W,Parliament St at Gerrard St East,0,0,0,0
2026-02-14,15,10:00,140,10,13.9,0,1,32.49,1,2026-02-14 04:00:00,2026-02-14 08:00:00,W,Sumach St,0,0,0,0
2026-02-14,15,10:00,140,10,13.9,0,1,32.49,1,2026-02-14 04:00:00,2026-02-14 08:00:00,W,Blackburn St,0,0,0,0
2026-02-14,15,10:00,140,10,13.9,0,1,32.49,1,2026-02-14 04:00:00,2026-02-14 08:00:00,W,Logan Ave,0,0,0,0
2026-02-14,15,10:00,140,10,13.9,0,1,32.49,1,2026-02-14 04:00:00,2026-02-14 08:00:00,W,Augusta Ave,0,0,0,0
2026-02-14,15,10:00,140,10,13.9,0,1,32.49,1,2026-02-14 04:00:00,2026-02-14 08:00:00,W,Beverley St,0,0,0,0
2026-02-14,15,10:00,140,10,13.9,0,1,32.49,1,2026-02-14 04:00:00,2026-02-14 08:00:00,W,University Ave (Queen's Park Station,0,0,0,0
2026-02-14,15,10:00,140,10,13.9,0,1,32.49,1,2026-02-14 04:00:00,2026-02-14 08:00:00,W,Elizabeth St,0,0,0,0
2026-02-14,15,10:00,140,10,13.9,0,1,32.49,1,2026-02-14 04:00:00,2026-02-14 08:00:00,W,Greenwood Ave,0,0,0,0
2026-02-14,15,10:00,140,10,13.9,0,1,32.49,1,2026-02-14 04:00:00,2026-02-14 08:00:00,W,Alton Ave,0,0,0,0
2026-02-14,15,10:00,140,10,13.9,0,1,32.49,1,2026-02-14 04:00:00,2026-02-14 08:00:00,W,Coxwell Ave,0,0,0,0
2026-02-14,15,10:00,140,10,13.9,0,1,32.49,1,2026-02-14 04:00:00,2026-02-14 08:00:00,W,Gerrard St East  at Coxwell Ave,0,2,0,0
2026-02-14,15,10:00,140,10,13.9,0,1,32.49,1,2026-02-14 04:00:00,2026-02-14 08:00:00,W,Coxwell Ave at Lower Gerrard St East,0,2,0,0
2026-02-14,15,10:00,140,10,13.9,0,1,32.49,1,2026-02-14 04:00:00,2026-02-14 08:00:00,W,Ashdale Ave,3,2,1,0
2026-02-14,15,10:00,140,10,13.9,0,1,32.49,1,2026-02-14 04:00:00,2026-02-14 08:00:00,W,Howard Park Ave at Indian Rd,1,2,2,0
2026-02-14,15,10:00,140,10,13.9,0,1,32.49,1,2026-02-14 04:00:00,2026-02-14 08:00:00,W,Dundas St West at Howard Park Ave,0,2,1,0
2026-02-14,15,10:00,140,10,13.9,0,1,32.49,1,2026-02-14 04:00:00,2026-02-14 08:00:00,W,Main St at Gerrard St East,0,1,0,0
2026-02-14,15,10:00,140,10,13.9,0,1,32.49,1,2026-02-14 04:00:00,2026-02-14 08:00:00,W,Main St,0,0,0,0
2026-02-14,15,10:00,140,10,13.9,0,1,32.49,1,2026-02-14 04:00:00,2026-02-14 08:00:00,W,Main St at Danforth Ave,0,0,0,0
2026-02-14,15,10:00,140,10,13.9,0,1,32.49,1,2026-02-14 04:00:00,2026-02-14 08:00:00,W,Howard Park Ave at Parkside Dr,1,2,1,0
2026-02-21,15,10:00,140,10,13.9,0,1,32.49,1,2026-02-21 04:00:00,2026-02-21 08:00:00,E,Woodfield Rd,0,0,0,0
2026-02-21,15,10:00,140,10,13.9,0,1,32.49,1,2026-02-21 04:00:00,2026-02-21 08:00:00,E,Coxwell Ave at Gerrard St East,0,3,1,0
2026-02-21,15,10:00,140,10,13.9,0,1,32.49,1,2026-02-21 04:00:00,2026-02-21 08:00:00,E,Euclid Ave,2,0,1,0
2026-02-21,15,10:00,140,10,13.9,0,1,32.49,1,2026-02-21 04:00:00,2026-02-21 08:00:00,E,Bowmore Rd,0,0,0,0
2026-02-21,15,10:00,140,10,13.9,0,1,32.49,1,2026-02-21 04:00:00,2026-02-21 08:00:00,E,Bay St,1,1,1,0
2026-02-21,15,10:00,140,10,13.9,0,1,32.49,1,2026-02-21 04:00:00,2026-02-21 08:00:00,E,Lansdowne Ave,1,0,0,0
2026-02-21,15,10:00,140,10,13.9,0,1,32.49,1,2026-02-21 04:00:00,2026-02-21 08:00:00,E,Indian Rd,0,0,0,0
2026-02-21,15,10:00,140,10,13.9,0,1,32.49,1,2026-02-21 04:00:00,2026-02-21 08:00:00,E,Grace St,2,0,1,0
2026-02-21,15,10:00,140,10,13.9,0,1,32.49,1,2026-02-21 04:00:00,2026-02-21 08:00:00,E,Dufferin St,0,0,0,0
2026-02-21,15,10:00,140,10,13.9,0,1,32.49,1,2026-02-21 04:00:00,2026-02-21 08:00:00,E,Gerrard St East at Beaton Ave,0,3,1,0
2026-02-21,15,10:00,140,10,13.9,0,1,32.49,1,2026-02-21 04:00:00,2026-02-21 08:00:00,E,Bathurst St,2,0,1,0
2026-02-21,15,10:00,140,10,13.9,0,1,32.49,1,2026-02-21 04:00:00,2026-02-21 08:00:00,E,Yonge St - College Station,1,1,1,0
2026-02-21,15,10:00,140,10,13.9,0,1,32.49,1,2026-02-21 04:00:00,2026-02-21 08:00:00,E,Dundas St West at Sterling Rd,0,0,0,0
2026-02-21,15,10:00,140,10,13.9,0,1,32.49,1,2026-02-21 04:00:00,2026-02-21 08:00:00,E,Brock Ave,1,0,0,0
2026-02-21,15,10:00,140,10,13.9,0,1,32.49,1,2026-02-21 04:00:00,2026-02-21 08:00:00,E,Sackville St,1,2,1,0
2026-02-21,15,10:00,140,10,13.9,0,1,32.49,1,2026-02-21 04:00:00,2026-02-21 08:00:00,E,Carlaw Ave,0,2,1,0
2026-02-21,15,10:00,140,10,13.9,0,1,32.49,1,2026-02-21 04:00:00,2026-02-21 08:00:00,E,Borden St,2,0,1,0
2026-02-21,15,10:00,140,10,13.9,0,1,32.49,1,2026-02-21 04:00:00,2026-02-21 08:00:00,E,Dundas St West at Sorauren Ave,0,0,0,0
2026-02-21,15,10:00,140,10,13.9,0,1,32.49,1,2026-02-21 04:00:00,2026-02-21 08:00:00,E,Crawford St,1,0,0,0
2026-02-21,15,10:00,140,10,13.9,0,1,32.49,1,2026-02-21 04:00:00,2026-02-21 08:00:00,E,Pape Ave,0,2,1,0
2026-02-21,15,10:00,140,10,13.9,0,1,32.49,1,2026-02-21 04:00:00,2026-02-21 08:00:00,E,Spadina Ave,2,1,1,0
2026-02-21,15,10:00,140,10,13.9,0,1,32.49,1,2026-02-21 04:00:00,2026-02-21 08:00:00,E,River St,0,0,0,0
2026-02-21,15,10:00,140,10,13.9,0,1,32.49,1,2026-02-21 04:00:00,2026-02-21 08:00:00,E,Marjory Ave,0,2,1,0
2026-02-21,15,10:00,140,10,13.9,0,1,32.49,1,2026-02-21 04:00:00,2026-02-21 08:00:00,E,Kingsmount Park Rd,0,3,1,0
2026-02-21,15,10:00,140,10,13.9,0,1,32.49,1,2026-02-21 04:00:00,2026-02-21 08:00:00,E,Church St,1,1,1,0
2026-02-21,15,10:00,140,10,13.9,0,1,32.49,1,2026-02-21 04:00:00,2026-02-21 08:00:00,E,Ossington Ave,1,0,0,0
2026-02-21,15,10:00,140,10,13.9,0,1,32.49,1,2026-02-21 04:00:00,2026-02-21 08:00:00,E,Woodbine Ave,0,3,1,0
2026-02-21,15,10:00,140,10,13.9,0,1,32.49,1,2026-02-21 04:00:00,2026-02-21 08:00:00,E,Jones Ave,0,2,1,0
2026-02-21,15,10:00,140,10,13.9,0,1,32.49,1,2026-02-21 04:00:00,2026-02-21 08:00:00,E,Golfview Ave,0,3,0,0
2026-02-21,15,10:00,140,10,13.9,0,1,32.49,1,2026-02-21 04:00:00,2026-02-21 08:00:00,E,Leslie St,0,2,1,0
2026-02-21,15,10:00,140,10,13.9,0,1,32.49,1,2026-02-21 04:00:00,2026-02-21 08:00:00,E,St Matthews Rd,0,0,0,0
2026-02-21,15,10:00,140,10,13.9,0,1,32.49,1,2026-02-21 04:00:00,2026-02-21 08:00:00,E,Jarvis St,1,1,1,0
2026-02-21,15,10:00,140,10,13.9,0,1,32.49,1,2026-02-21 04:00:00,2026-02-21 08:00:00,E,Sherbourne St,1,1,1,0
2026-02-21,15,10:00,140,10,13.9,0,1,32.49,1,2026-02-21 04:00:00,2026-02-21 08:00:00,E,St George St,0,0,0,0
2026-02-21,15,10:00,140,10,13.9,0,1,32.49,1,2026-02-21 04:00:00,2026-02-21 08:00:00,E,Dovercourt Rd,0,0,0,0
2026-02-21,15,10:00,140,10,13.9,0,1,32.49,1,2026-02-21 04:00:00,2026-02-21 08:00:00,E,Glenmount Park Rd,0,3,0,0
2026-02-21,15,10:00,140,10,13.9,0,1,32.49,1,2026-02-21 04:00:00,2026-02-21 08:00:00,E,Prust Ave,0,0,0,0
2026-02-21,15,10:00,140,10,13.9,0,1,32.49,1,2026-02-21 04:00:00,2026-02-21 08:00:00,E,Main Street Station at Bay 7,0,0,0,0
2026-02-21,15,10:00,140,10,13.9,0,1,32.49,1,2026-02-21 04:00:00,2026-02-21 08:00:00,E,Norwood Rd,0,3,0,0
2026-02-21,15,10:00,140,10,13.9,0,1,32.49,1,2026-02-21 04:00:00,2026-02-21 08:00:00,E,McCaul St,1,1,1,0
2026-02-21,15,10:00,140,10,13.9,0,1,32.49,1,2026-02-21 04:00:00,2026-02-21 08:00:00,E,Broadview Ave,1,1,1,0
2026-02-21,15,10:00,140,10,13.9,0,1,32.49,1,2026-02-21 04:00:00,2026-02-21 08:00:00,E,Ontario St,1,1,1,0
2026-02-21,15,10:00,140,10,13.9,0,1,32.49,1,2026-02-21 04:00:00,2026-02-21 08:00:00,E,Rusholme Park Cres,0,0,0,0
2026-02-21,15,10:00,140,10,13.9,0,1,32.49,1,2026-02-21 04:00:00,2026-02-21 08:00:00,E,Havelock St,0,0,0,0
2026-02-21,15,10:00,140,10,13.9,0,1,32.49,1,2026-02-21 04:00:00,2026-02-21 08:00:00,E,High Park Loop,0,0,0,0
2026-02-21,15,10:00,140,10,13.9,0,1,32.49,1,2026-02-21 04:00:00,2026-02-21 08:00:00,E,Queens Park (Queen's Park Station),0,0,0,0
2026-02-21,15,10:00,140,10,13.9,0,1,32.49,1,2026-02-21 04:00:00,2026-02-21 08:00:00,E,Roncesvalles Ave,0,0,0,0
2026-02-21,15,10:00,140,10,13.9,0,1,32.49,1,2026-02-21 04:00:00,2026-02-21 08:00:00,E,De Grassi St,0,2,1,0
2026-02-21,15,10:00,140,10,13.9,0,1,32.49,1,2026-02-21 04:00:00,2026-02-21 08:00:00,E,Parliament St at Carlton St,0,0,0,0
2026-02-21,15,10:00,140,10,13.9,0,1,32.49,1,2026-02-21 04:00:00,2026-02-21 08:00:00,E,Parkside Dr East Side,0,0,0,0
2026-02-21,15,10:00,140,10,13.9,0,1,32.49,1,2026-02-21 04:00:00,2026-02-21 08:00:00,E,Dundas St West,0,0,0,0
2026-02-21,15,10:00,140,10,13.9,0,1,32.49,1,2026-02-21 04:00:00,2026-02-21 08:00:00,E,Howard Park Ave at Roncesvalles Ave,0,0,0,0
2026-02-21,15,10:00,140,10,13.9,0,1,32.49,1,2026-02-21 04:00:00,2026-02-21 08:00:00,E,Parliament St,0,0,0,0
2026-02-21,15,10:00,140,10,13.9,0,1,32.49,1,2026-02-21 04:00:00,2026-02-21 08:00:00,E,Parliament St at Gerrard St East,1,1,1,0
2026-02-21,15,10:00,140,10,13.9,0,1,32.49,1,2026-02-21 04:00:00,2026-02-21 08:00:00,E,Sumach St,1,2,1,0
2026-02-21,15,10:00,140,10,13.9,0,1,32.49,1,2026-02-21 04:00:00,2026-02-21 08:00:00,E,Blackburn St,1,1,1,0
2026-02-21,15,10:00,140,10,13.9,0,1,32.49,1,2026-02-21 04:00:00,2026-02-21 08:00:00,E,Logan Ave,0,2,1,0
2026-02-21,15,10:00,140,10,13.9,0,1,32.49,1,2026-02-21 04:00:00,2026-02-21 08:00:00,E,Augusta Ave,2,0,1,0
2026-02-21,15,10:00,140,10,13.9,0,1,32.49,1,2026-02-21 04:00:00,2026-02-21 08:00:00,E,Beverley St,2,1,1,0
2026-02-21,15,10:00,140,10,13.9,0,1,32.49,1,2026-02-21 04:00:00,2026-02-21 08:00:00,E,University Ave (Queen's Park Station,1,1,1,0
2026-02-21,15,10:00,140,10,13.9,0,1,32.49,1,2026-02-21 04:00:00,2026-02-21 08:00:00,E,Elizabeth St,1,1,1,0
2026-02-21,15,10:00,140,10,13.9,0,1,32.49,1,2026-02-21 04:00:00,2026-02-21 08:00:00,E,Greenwood Ave,0,2,1,0
2026-02-21,15,10:00,140,10,13.9,0,1,32.49,1,2026-02-21 04:00:00,2026-02-21 08:00:00,E,Alton Ave,0,2,1,0
2026-02-21,15,10:00,140,10,13.9,0,1,32.49,1,2026-02-21 04:00:00,2026-02-21 08:00:00,E,Coxwell Ave,0,2,1,0
2026-02-21,15,10:00,140,10,13.9,0,1,32.49,1,2026-02-21 04:00:00,2026-02-21 08:00:00,E,Gerrard St East  at Coxwell Ave,0,0,0,0
2026-02-21,15,10:00,140,10,13.9,0,1,32.49,1,2026-02-21 04:00:00,2026-02-21 08:00:00,E,Coxwell Ave at Lower Gerrard St East,0,0,0,0
2026-02-21,15,10:00,140,10,13.9,0,1,32.49,1,2026-02-21 04:00:00,2026-02-21 08:00:00,E,Ashdale Ave,0,0,0,0
2026-02-21,15,10:00,140,10,13.9,0,1,32.49,1,2026-02-21 04:00:00,2026-02-21 08:00:00,E,Howard Park Ave at Indian Rd,0,0,0,0
2026-02-21,15,10:00,140,10,13.9,0,1,32.49,1,2026-02-21 04:00:00,2026-02-21 08:00:00,E,Dundas St West at Howard Park Ave,0,0,0,0
2026-02-21,15,10:00,140,10,13.9,0,1,32.49,1,2026-02-21 04:00:00,2026-02-21 08:00:00,E,Main St at Gerrard St East,0,0,0,0
2026-02-21,15,10:00,140,10,13.9,0,1,32.49,1,2026-02-21 04:00:00,2026-02-21 08:00:00,E,Main St,0,3,0,0
2026-02-21,15,10:00,140,10,13.9,0,1,32.49,1,2026-02-21 04:00:00,2026-02-21 08:00:00,E,Main St at Danforth Ave,0,0,0,0
2026-02-21,15,10:00,140,10,13.9,0,1,32.49,1,2026-02-21 04:00:00,2026-02-21 08:00:00,E,Howard Park Ave at Parkside Dr,0,0,0,0
2026-02-21,15,10:00,140,10,13.9,0,1,32.49,1,2026-02-21 04:00:00,2026-02-21 08:00:00,W,Woodfield Rd,1,1,0,0
2026-02-21,15,10:00,140,10,13.9,0,1,32.49,1,2026-02-21 04:00:00,2026-02-21 08:00:00,W,Coxwell Ave at Gerrard St East,0,0,0,0
2026-02-21,15,10:00,140,10,13.9,0,1,32.49,1,2026-02-21 04:00:00,2026-02-21 08:00:00,W,Euclid Ave,0,0,0,0
2026-02-21,15,10:00,140,10,13.9,0,1,32.49,1,2026-02-21 04:00:00,2026-02-21 08:00:00,W,Bowmore Rd,0,1,0,0
2026-02-21,15,10:00,140,10,13.9,0,1,32.49,1,2026-02-21 04:00:00,2026-02-21 08:00:00,W,Bay St,0,0,0,0
2026-02-21,15,10:00,140,10,13.9,0,1,32.49,1,2026-02-21 04:00:00,2026-02-21 08:00:00,W,Lansdowne Ave,0,0,0,0
2026-02-21,15,10:00,140,10,13.9,0,1,32.49,1,2026-02-21 04:00:00,2026-02-21 08:00:00,W,Indian Rd,0,0,0,0
2026-02-21,15,10:00,140,10,13.9,0,1,32.49,1,2026-02-21 04:00:00,2026-02-21 08:00:00,W,Grace St,0,0,0,0
2026-02-21,15,10:00,140,10,13.9,0,1,32.49,1,2026-02-21 04:00:00,2026-02-21 08:00:00,W,Dufferin St,0,0,0,0
2026-02-21,15,10:00,140,10,13.9,0,1,32.49,1,2026-02-21 04:00:00,2026-02-21 08:00:00,W,Gerrard St East at Beaton Ave,0,0,0,0
2026-02-21,15,10:00,140,10,13.9,0,1,32.49,1,2026-02-21 04:00:00,2026-02-21 08:00:00,W,Bathurst St,0,0,0,0
2026-02-21,15,10:00,140,10,13.9,0,1,32.49,1,2026-02-21 04:00:00,2026-02-21 08:00:00,W,Yonge St - College Station,0,0,0,0
2026-02-21,15,10:00,140,10,13.9,0,1,32.49,1,2026-02-21 04:00:00,2026-02-21 08:00:00,W,Dundas St West at Sterling Rd,0,0,0,0
2026-02-21,15,10:00,140,10,13.9,0,1,32.49,1,2026-02-21 04:00:00,2026-02-21 08:00:00,W,Brock Ave,0,0,0,0
2026-02-21,15,10:00,140,10,13.9,0,1,32.49,1,2026-02-21 04:00:00,2026-02-21 08:00:00,W,Sackville St,0,0,0,0
2026-02-21,15,10:00,140,10,13.9,0,1,32.49,1,2026-02-21 04:00:00,2026-02-21 08:00:00,W,Carlaw Ave,0,0,0,0
2026-02-21,15,10:00,140,10,13.9,0,1,32.49,1,2026-02-21 04:00:00,2026-02-21 08:00:00,W,Borden St,0,0,0,0
2026-02-21,15,10:00,140,10,13.9,0,1,32.49,1,2026-02-21 04:00:00,2026-02-21 08:00:00,W,Dundas St West at Sorauren Ave,0,0,0,0
2026-02-21,15,10:00,140,10,13.9,0,1,32.49,1,2026-02-21 04:00:00,2026-02-21 08:00:00,W,Crawford St,0,0,0,0
2026-02-21,15,10:00,140,10,13.9,0,1,32.49,1,2026-02-21 04:00:00,2026-02-21 08:00:00,W,Pape Ave,0,0,0,0
2026-02-21,15,10:00,140,10,13.9,0,1,32.49,1,2026-02-21 04:00:00,2026-02-21 08:00:00,W,Spadina Ave,0,0,0,0
2026-02-21,15,10:00,140,10,13.9,0,1,32.49,1,2026-02-21 04:00:00,2026-02-21 08:00:00,W,River St,2,1,0,0
2026-02-21,15,10:00,140,10,13.9,0,1,32.49,1,2026-02-21 04:00:00,2026-02-21 08:00:00,W,Marjory Ave,0,0,0,0
2026-02-21,15,10:00,140,10,13.9,0,1,32.49,1,2026-02-21 04:00:00,2026-02-21 08:00:00,W,Kingsmount Park Rd,0,0,0,0
2026-02-21,15,10:00,140,10,13.9,0,1,32.49,1,2026-02-21 04:00:00,2026-02-21 08:00:00,W,Church St,0,0,0,0
2026-02-21,15,10:00,140,10,13.9,0,1,32.49,1,2026-02-21 04:00:00,2026-02-21 08:00:00,W,Ossington Ave,0,0,0,0
2026-02-21,15,10:00,140,10,13.9,0,1,32.49,1,2026-02-21 04:00:00,2026-02-21 08:00:00,W,Woodbine Ave,0,0,0,0
2026-02-21,15,10:00,140,10,13.9,0,1,32.49,1,2026-02-21 04:00:00,2026-02-21 08:00:00,W,Jones Ave,0,0,0,0
2026-02-21,15,10:00,140,10,13.9,0,1,32.49,1,2026-02-21 04:00:00,2026-02-21 08:00:00,W,Golfview Ave,0,0,0,0
2026-02-21,15,10:00,140,10,13.9,0,1,32.49,1,2026-02-21 04:00:00,2026-02-21 08:00:00,W,Leslie St,0,0,0,0
2026-02-21,15,10:00,140,10,13.9,0,1,32.49,1,2026-02-21 04:00:00,2026-02-21 08:00:00,W,St Matthews Rd,0,1,0,0
2026-02-21,15,10:00,140,10,13.9,0,1,32.49,1,2026-02-21 04:00:00,2026-02-21 08:00:00,W,Jarvis St,0,0,0,0
2026-02-21,15,10:00,140,10,13.9,0,1,32.49,1,2026-02-21 04:00:00,2026-02-21 08:00:00,W,Sherbourne St,0,0,0,0
2026-02-21,15,10:00,140,10,13.9,0,1,32.49,1,2026-02-21 04:00:00,2026-02-21 08:00:00,W,St George St,2,1,0,0
2026-02-21,15,10:00,140,10,13.9,0,1,32.49,1,2026-02-21 04:00:00,2026-02-21 08:00:00,W,Dovercourt Rd,0,0,0,0
2026-02-21,15,10:00,140,10,13.9,0,1,32.49,1,2026-02-21 04:00:00,2026-02-21 08:00:00,W,Glenmount Park Rd,0,0,0,0
2026-02-21,15,10:00,140,10,13.9,0,1,32.49,1,2026-02-21 04:00:00,2026-02-21 08:00:00,W,Prust Ave,1,1,0,0
2026-02-21,15,10:00,140,10,13.9,0,1,32.49,1,2026-02-21 04:00:00,2026-02-21 08:00:00,W,Main Street Station at Bay 7,0,0,0,0
2026-02-21,15,10:00,140,10,13.9,0,1,32.49,1,2026-02-21 04:00:00,2026-02-21 08:00:00,W,Norwood Rd,0,0,0,0
2026-02-21,15,10:00,140,10,13.9,0,1,32.49,1,2026-02-21 04:00:00,2026-02-21 08:00:00,W,McCaul St,0,0,0,0
2026-02-21,15,10:00,140,10,13.9,0,1,32.49,1,2026-02-21 04:00:00,2026-02-21 08:00:00,W,Broadview Ave,0,0,0,0
2026-02-21,15,10:00,140,10,13.9,0,1,32.49,1,2026-02-21 04:00:00,2026-02-21 08:00:00,W,Ontario St,0,0,0,0
2026-02-21,15,10:00,140,10,13.9,0,1,32.49,1,2026-02-21 04:00:00,2026-02-21 08:00:00,W,Rusholme Park Cres,0,0,0,0
2026-02-21,15,10:00,140,10,13.9,0,1,32.49,1,2026-02-21 04:00:00,2026-02-21 08:00:00,W,Havelock St,1,1,0,0
2026-02-21,15,10:00,140,10,13.9,0,1,32.49,1,2026-02-21 04:00:00,2026-02-21 08:00:00,W,High Park Loop,0,0,0,0
2026-02-21,15,10:00,140,10,13.9,0,1,32.49,1,2026-02-21 04:00:00,2026-02-21 08:00:00,W,Queens Park (Queen's Park Station),2,1,0,0
2026-02-21,15,10:00,140,10,13.9,0,1,32.49,1,2026-02-21 04:00:00,2026-02-21 08:00:00,W,Roncesvalles Ave,0,0,0,0
2026-02-21,15,10:00,140,10,13.9,0,1,32.49,1,2026-02-21 04:00:00,2026-02-21 08:00:00,W,De Grassi St,0,0,0,0
2026-02-21,15,10:00,140,10,13.9,0,1,32.49,1,2026-02-21 04:00:00,2026-02-21 08:00:00,W,Parliament St at Carlton St,2,1,0,0
2026-02-21,15,10:00,140,10,13.9,0,1,32.49,1,2026-02-21 04:00:00,2026-02-21 08:00:00,W,Parkside Dr East Side,0,0,0,0
2026-02-21,15,10:00,140,10,13.9,0,1,32.49,1,2026-02-21 04:00:00,2026-02-21 08:00:00,W,Dundas St West,0,0,0,0
2026-02-21,15,10:00,140,10,13.9,0,1,32.49,1,2026-02-21 04:00:00,2026-02-21 08:00:00,W,Howard Park Ave at Roncesvalles Ave,1,1,1,0
2026-02-21,15,10:00,140,10,13.9,0,1,32.49,1,2026-02-21 04:00:00,2026-02-21 08:00:00,W,Parliament St,2,1,0,0
2026-02-21,15,10:00,140,10,13.9,0,1,32.49,1,2026-02-21 04:00:00,2026-02-21 08:00:00,W,Parliament St at Gerrard St East,0,0,0,0
2026-02-21,15,10:00,140,10,13.9,0,1,32.49,1,2026-02-21 04:00:00,2026-02-21 08:00:00,W,Sumach St,0,0,0,0
2026-02-21,15,10:00,140,10,13.9,0,1,32.49,1,2026-02-21 04:00:00,2026-02-21 08:00:00,W,Blackburn St,0,0,0,0
2026-02-21,15,10:00,140,10,13.9,0,1,32.49,1,2026-02-21 04:00:00,2026-02-21 08:00:00,W,Logan Ave,0,0,0,0
2026-02-21,15,10:00,140,10,13.9,0,1,32.49,1,2026-02-21 04:00:00,2026-02-21 08:00:00,W,Augusta Ave,0,0,0,0
2026-02-21,15,10:00,140,10,13.9,0,1,32.49,1,2026-02-21 04:00:00,2026-02-21 08:00:00,W,Beverley St,0,0,0,0
2026-02-21,15,10:00,140,10,13.9,0,1,32.49,1,2026-02-21 04:00:00,2026-02-21 08:00:00,W,University Ave (Queen's Park Station,0,0,0,0
2026-02-21,15,10:00,140,10,13.9,0,1,32.49,1,2026-02-21 04:00:00,2026-02-21 08:00:00,W,Elizabeth St,0,0,0,0
2026-02-21,15,10:00,140,10,13.9,0,1,32.49,1,2026-02-21 04:00:00,2026-02-21 08:00:00,W,Greenwood Ave,0,0,0,0
2026-02-21,15,10:00,140,10,13.9,0,1,32.49,1,2026-02-21 04:00:00,2026-02-21 08:00:00,W,Alton Ave,0,0,0,0
2026-02-21,15,10:00,140,10,13.9,0,1,32.49,1,2026-02-21 04:00:00,2026-02-21 08:00:00,W,Coxwell Ave,0,0,0,0
2026-02-21,15,10:00,140,10,13.9,0,1,32.49,1,2026-02-21 04:00:00,2026-02-21 08:00:00,W,Gerrard St East  at Coxwell Ave,0,1,0,0
2026-02-21,15,10:00,140,10,13.9,0,1,32.49,1,2026-02-21 04:00:00,2026-02-21 08:00:00,W,Coxwell Ave at Lower Gerrard St East,0,1,0,0
2026-02-21,15,10:00,140,10,13.9,0,1,32.49,1,2026-02-21 04:00:00,2026-02-21 08:00:00,W,Ashdale Ave,1,1,0,0
2026-02-21,15,10:00,140,10,13.9,0,1,32.49,1,2026-02-21 04:00:00,2026-02-21 08:00:00,W,Howard Park Ave at Indian Rd,1,1,2,0
2026-02-21,15,10:00,140,10,13.9,0,1,32.49,1,2026-02-21 04:00:00,2026-02-21 08:00:00,W,Dundas St West at Howard Park Ave,1,1,1,0
2026-02-21,15,10:00,140,10,13.9,0,1,32.49,1,2026-02-21 04:00:00,2026-02-21 08:00:00,W,Main St at Gerrard St East,0,1,0,0
2026-02-21,15,10:00,140,10,13.9,0,1,32.49,1,2026-02-21 04:00:00,2026-02-21 08:00:00,W,Main St,0,0,0,0
2026-02-21,15,10:00,140,10,13.9,0,1,32.49,1,2026-02-21 04:00:00,2026-02-21 08:00:00,W,Main St at Danforth Ave,0,1,0,0
2026-02-21,15,10:00,140,10,13.9,0,1,32.49,1,2026-02-21 04:00:00,2026-02-21 08:00:00,W,Howard Park Ave at Parkside Dr,1,1,2,0
2026-02-28,15,10:00,140,10,13.9,0,1,32.49,1,2026-02-28 04:00:00,2026-02-28 08:00:00,E,Woodfield Rd,0,0,0,0
2026-02-28,15,10:00,140,10,13.9,0,1,32.49,1,2026-02-28 04:00:00,2026-02-28 08:00:00,E,Coxwell Ave at Gerrard St East,0,2,1,0
2026-02-28,15,10:00,140,10,13.9,0,1,32.49,1,2026-02-28 04:00:00,2026-02-28 08:00:00,E,Euclid Ave,0,0,0,0
2026-02-28,15,10:00,140,10,13.9,0,1,32.49,1,2026-02-28 04:00:00,2026-02-28 08:00:00,E,Bowmore Rd,0,0,0,0
2026-02-28,15,10:00,140,10,13.9,0,1,32.49,1,2026-02-28 04:00:00,2026-02-28 08:00:00,E,Bay St,0,0,0,0
2026-02-28,15,10:00,140,10,13.9,0,1,32.49,1,2026-02-28 04:00:00,2026-02-28 08:00:00,E,Lansdowne Ave,0,0,0,0
2026-02-28,15,10:00,140,10,13.9,0,1,32.49,1,2026-02-28 04:00:00,2026-02-28 08:00:00,E,Indian Rd,0,0,0,0
2026-02-28,15,10:00,140,10,13.9,0,1,32.49,1,2026-02-28 04:00:00,2026-02-28 08:00:00,E,Grace St,0,0,0,0
2026-02-28,15,10:00,140,10,13.9,0,1,32.49,1,2026-02-28 04:00:00,2026-02-28 08:00:00,E,Dufferin St,0,0,0,0
2026-02-28,15,10:00,140,10,13.9,0,1,32.49,1,2026-02-28 04:00:00,2026-02-28 08:00:00,E,Gerrard St East at Beaton Ave,0,1,1,0
2026-02-28,15,10:00,140,10,13.9,0,1,32.49,1,2026-02-28 04:00:00,2026-02-28 08:00:00,E,Bathurst St,0,0,0,0
2026-02-28,15,10:00,140,10,13.9,0,1,32.49,1,2026-02-28 04:00:00,2026-02-28 08:00:00,E,Yonge St - College Station,0,0,0,0
2026-02-28,15,10:00,140,10,13.9,0,1,32.49,1,2026-02-28 04:00:00,2026-02-28 08:00:00,E,Dundas St West at Sterling Rd,0,0,0,0
2026-02-28,15,10:00,140,10,13.9,0,1,32.49,1,2026-02-28 04:00:00,2026-02-28 08:00:00,E,Brock Ave,0,0,0,0
2026-02-28,15,10:00,140,10,13.9,0,1,32.49,1,2026-02-28 04:00:00,2026-02-28 08:00:00,E,Sackville St,0,0,0,0
2026-02-28,15,10:00,140,10,13.9,0,1,32.49,1,2026-02-28 04:00:00,2026-02-28 08:00:00,E,Carlaw Ave,0,0,0,0
2026-02-28,15,10:00,140,10,13.9,0,1,32.49,1,2026-02-28 04:00:00,2026-02-28 08:00:00,E,Borden St,0,0,0,0
2026-02-28,15,10:00,140,10,13.9,0,1,32.49,1,2026-02-28 04:00:00,2026-02-28 08:00:00,E,Dundas St West at Sorauren Ave,0,0,0,0
2026-02-28,15,10:00,140,10,13.9,0,1,32.49,1,2026-02-28 04:00:00,2026-02-28 08:00:00,E,Crawford St,0,0,0,0
2026-02-28,15,10:00,140,10,13.9,0,1,32.49,1,2026-02-28 04:00:00,2026-02-28 08:00:00,E,Pape Ave,0,0,0,0
2026-02-28,15,10:00,140,10,13.9,0,1,32.49,1,2026-02-28 04:00:00,2026-02-28 08:00:00,E,Spadina Ave,0,0,0,0
2026-02-28,15,10:00,140,10,13.9,0,1,32.49,1,2026-02-28 04:00:00,2026-02-28 08:00:00,E,River St,0,0,0,0
2026-02-28,15,10:00,140,10,13.9,0,1,32.49,1,2026-02-28 04:00:00,2026-02-28 08:00:00,E,Marjory Ave,1,0,0,0
2026-02-28,15,10:00,140,10,13.9,0,1,32.49,1,2026-02-28 04:00:00,2026-02-28 08:00:00,E,Kingsmount Park Rd,1,2,0,0
2026-02-28,15,10:00,140,10,13.9,0,1,32.49,1,2026-02-28 04:00:00,2026-02-28 08:00:00,E,Church St,0,0,0,0
2026-02-28,15,10:00,140,10,13.9,0,1,32.49,1,2026-02-28 04:00:00,2026-02-28 08:00:00,E,Ossington Ave,0,0,0,0
2026-02-28,15,10:00,140,10,13.9,0,1,32.49,1,2026-02-28 04:00:00,2026-02-28 08:00:00,E,Woodbine Ave,1,1,0,0
2026-02-28,15,10:00,140,10,13.9,0,1,32.49,1,2026-02-28 04:00:00,2026-02-28 08:00:00,E,Jones Ave,1,0,0,0
2026-02-28,15,10:00,140,10,13.9,0,1,32.49,1,2026-02-28 04:00:00,2026-02-28 08:00:00,E,Golfview Ave,1,1,0,0
2026-02-28,15,10:00,140,10,13.9,0,1,32.49,1,2026-02-28 04:00:00,2026-02-28 08:00:00,E,Leslie St,1,0,0,0
2026-02-28,15,10:00,140,10,13.9,0,1,32.49,1,2026-02-28 04:00:00,2026-02-28 08:00:00,E,St Matthews Rd,0,0,0,0
2026-02-28,15,10:00,140,10,13.9,0,1,32.49,1,2026-02-28 04:00:00,2026-02-28 08:00:00,E,Jarvis St,0,0,0,0
2026-02-28,15,10:00,140,10,13.9,0,1,32.49,1,2026-02-28 04:00:00,2026-02-28 08:00:00,E,Sherbourne St,0,0,0,0
2026-02-28,15,10:00,140,10,13.9,0,1,32.49,1,2026-02-28 04:00:00,2026-02-28 08:00:00,E,St George St,0,0,0,0
2026-02-28,15,10:00,140,10,13.9,0,1,32.49,1,2026-02-28 04:00:00,2026-02-28 08:00:00,E,Dovercourt Rd,0,0,0,0
2026-02-28,15,10:00,140,10,13.9,0,1,32.49,1,2026-02-28 04:00:00,2026-02-28 08:00:00,E,Glenmount Park Rd,1,1,0,0
2026-02-28,15,10:00,140,10,13.9,0,1,32.49,1,2026-02-28 04:00:00,2026-02-28 08:00:00,E,Prust Ave,0,0,0,0
2026-02-28,15,10:00,140,10,13.9,0,1,32.49,1,2026-02-28 04:00:00,2026-02-28 08:00:00,E,Main Street Station at Bay 7,0,0,0,0
2026-02-28,15,10:00,140,10,13.9,0,1,32.49,1,2026-02-28 04:00:00,2026-02-28 08:00:00,E,Norwood Rd,1,1,0,0
2026-02-28,15,10:00,140,10,13.9,0,1,32.49,1,2026-02-28 04:00:00,2026-02-28 08:00:00,E,McCaul St,0,0,0,0
2026-02-28,15,10:00,140,10,13.9,0,1,32.49,1,2026-02-28 04:00:00,2026-02-28 08:00:00,E,Broadview Ave,0,0,0,0
2026-02-28,15,10:00,140,10,13.9,0,1,32.49,1,2026-02-28 04:00:00,2026-02-28 08:00:00,E,Ontario St,0,0,0,0
2026-02-28,15,10:00,140,10,13.9,0,1,32.49,1,2026-02-28 04:00:00,2026-02-28 08:00:00,E,Rusholme Park Cres,0,0,0,0
2026-02-28,15,10:00,140,10,13.9,0,1,32.49,1,2026-02-28 04:00:00,2026-02-28 08:00:00,E,Havelock St,0,0,0,0
2026-02-28,15,10:00,140,10,13.9,0,1,32.49,1,2026-02-28 04:00:00,2026-02-28 08:00:00,E,High Park Loop,0,0,0,0
2026-02-28,15,10:00,140,10,13.9,0,1,32.49,1,2026-02-28 04:00:00,2026-02-28 08:00:00,E,Queens Park (Queen's Park Station),0,0,0,0
2026-02-28,15,10:00,140,10,13.9,0,1,32.49,1,2026-02-28 04:00:00,2026-02-28 08:00:00,E,Roncesvalles Ave,0,0,0,0
2026-02-28,15,10:00,140,10,13.9,0,1,32.49,1,2026-02-28 04:00:00,2026-02-28 08:00:00,E,De Grassi St,0,0,0,0
2026-02-28,15,10:00,140,10,13.9,0,1,32.49,1,2026-02-28 04:00:00,2026-02-28 08:00:00,E,Parliament St at Carlton St,0,0,0,0
2026-02-28,15,10:00,140,10,13.9,0,1,32.49,1,2026-02-28 04:00:00,2026-02-28 08:00:00,E,Parkside Dr East Side,0,0,0,0
2026-02-28,15,10:00,140,10,13.9,0,1,32.49,1,2026-02-28 04:00:00,2026-02-28 08:00:00,E,Dundas St West,0,0,0,0
2026-02-28,15,10:00,140,10,13.9,0,1,32.49,1,2026-02-28 04:00:00,2026-02-28 08:00:00,E,Howard Park Ave at Roncesvalles Ave,0,0,0,0
2026-02-28,15,10:00,140,10,13.9,0,1,32.49,1,2026-02-28 04:00:00,2026-02-28 08:00:00,E,Parliament St,0,0,0,0
2026-02-28,15,10:00,140,10,13.9,0,1,32.49,1,2026-02-28 04:00:00,2026-02-28 08:00:00,E,Parliament St at Gerrard St East,0,0,0,0
2026-02-28,15,10:00,140,10,13.9,0,1,32.49,1,2026-02-28 04:00:00,2026-02-28 08:00:00,E,Sumach St,0,0,0,0
2026-02-28,15,10:00,140,10,13.9,0,1,32.49,1,2026-02-28 04:00:00,2026-02-28 08:00:00,E,Blackburn St,0,0,0,0
2026-02-28,15,10:00,140,10,13.9,0,1,32.49,1,2026-02-28 04:00:00,2026-02-28 08:00:00,E,Logan Ave,0,0,0,0
2026-02-28,15,10:00,140,10,13.9,0,1,32.49,1,2026-02-28 04:00:00,2026-02-28 08:00:00,E,Augusta Ave,0,0,0,0
2026-02-28,15,10:00,140,10,13.9,0,1,32.49,1,2026-02-28 04:00:00,2026-02-28 08:00:00,E,Beverley St,0,0,0,0
2026-02-28,15,10:00,140,10,13.9,0,1,32.49,1,2026-02-28 04:00:00,2026-02-28 08:00:00,E,University Ave (Queen's Park Station,0,0,0,0
2026-02-28,15,10:00,140,10,13.9,0,1,32.49,1,2026-02-28 04:00:00,2026-02-28 08:00:00,E,Elizabeth St,0,0,0,0
2026-02-28,15,10:00,140,10,13.9,0,1,32.49,1,2026-02-28 04:00:00,2026-02-28 08:00:00,E,Greenwood Ave,0,0,0,0
2026-02-28,15,10:00,140,10,13.9,0,1,32.49,1,2026-02-28 04:00:00,2026-02-28 08:00:00,E,Alton Ave,0,0,0,0
2026-02-28,15,10:00,140,10,13.9,0,1,32.49,1,2026-02-28 04:00:00,2026-02-28 08:00:00,E,Coxwell Ave,0,0,0,0
2026-02-28,15,10:00,140,10,13.9,0,1,32.49,1,2026-02-28 04:00:00,2026-02-28 08:00:00,E,Gerrard St East  at Coxwell Ave,0,0,0,0
2026-02-28,15,10:00,140,10,13.9,0,1,32.49,1,2026-02-28 04:00:00,2026-02-28 08:00:00,E,Coxwell Ave at Lower Gerrard St East,0,0,0,0
2026-02-28,15,10:00,140,10,13.9,0,1,32.49,1,2026-02-28 04:00:00,2026-02-28 08:00:00,E,Ashdale Ave,0,0,0,0
2026-02-28,15,10:00,140,10,13.9,0,1,32.49,1,2026-02-28 04:00:00,2026-02-28 08:00:00,E,Howard Park Ave at Indian Rd,0,0,0,0
2026-02-28,15,10:00,140,10,13.9,0,1,32.49,1,2026-02-28 04:00:00,2026-02-28 08:00:00,E,Dundas St West at Howard Park Ave,0,0,0,0
2026-02-28,15,10:00,140,10,13.9,0,1,32.49,1,2026-02-28 04:00:00,2026-02-28 08:00:00,E,Main St at Gerrard St East,0,0,0,0
2026-02-28,15,10:00,140,10,13.9,0,1,32.49,1,2026-02-28 04:00:00,2026-02-28 08:00:00,E,Main St,1,2,0,0
2026-02-28,15,10:00,140,10,13.9,0,1,32.49,1,2026-02-28 04:00:00,2026-02-28 08:00:00,E,Main St at Danforth Ave,0,0,0,0
2026-02-28,15,10:00,140,10,13.9,0,1,32.49,1,2026-02-28 04:00:00,2026-02-28 08:00:00,E,Howard Park Ave at Parkside Dr,0,0,0,0
2026-02-28,15,10:00,140,10,13.9,0,1,32.49,1,2026-02-28 04:00:00,2026-02-28 08:00:00,W,Woodfield Rd,1,1,0,0
2026-02-28,15,10:00,140,10,13.9,0,1,32.49,1,2026-02-28 04:00:00,2026-02-28 08:00:00,W,Coxwell Ave at Gerrard St East,0,0,0,0
2026-02-28,15,10:00,140,10,13.9,0,1,32.49,1,2026-02-28 04:00:00,2026-02-28 08:00:00,W,Euclid Ave,0,0,0,0
2026-02-28,15,10:00,140,10,13.9,0,1,32.49,1,2026-02-28 04:00:00,2026-02-28 08:00:00,W,Bowmore Rd,0,1,0,0
2026-02-28,15,10:00,140,10,13.9,0,1,32.49,1,2026-02-28 04:00:00,2026-02-28 08:00:00,W,Bay St,0,0,0,0
2026-02-28,15,10:00,140,10,13.9,0,1,32.49,1,2026-02-28 04:00:00,2026-02-28 08:00:00,W,Lansdowne Ave,0,0,0,0
2026-02-28,15,10:00,140,10,13.9,0,1,32.49,1,2026-02-28 04:00:00,2026-02-28 08:00:00,W,Indian Rd,0,0,0,0
2026-02-28,15,10:00,140,10,13.9,0,1,32.49,1,2026-02-28 04:00:00,2026-02-28 08:00:00,W,Grace St,0,0,0,0
2026-02-28,15,10:00,140,10,13.9,0,1,32.49,1,2026-02-28 04:00:00,2026-02-28 08:00:00,W,Dufferin St,0,0,0,0
2026-02-28,15,10:00,140,10,13.9,0,1,32.49,1,2026-02-28 04:00:00,2026-02-28 08:00:00,W,Gerrard St East at Beaton Ave,0,0,0,0
2026-02-28,15,10:00,140,10,13.9,0,1,32.49,1,2026-02-28 04:00:00,2026-02-28 08:00:00,W,Bathurst St,0,0,0,0
2026-02-28,15,10:00,140,10,13.9,0,1,32.49,1,2026-02-28 04:00:00,2026-02-28 08:00:00,W,Yonge St - College Station,0,0,0,0
2026-02-28,15,10:00,140,10,13.9,0,1,32.49,1,2026-02-28 04:00:00,2026-02-28 08:00:00,W,Dundas St West at Sterling Rd,0,0,0,0
2026-02-28,15,10:00,140,10,13.9,0,1,32.49,1,2026-02-28 04:00:00,2026-02-28 08:00:00,W,Brock Ave,0,0,0,0
2026-02-28,15,10:00,140,10,13.9,0,1,32.49,1,2026-02-28 04:00:00,2026-02-28 08:00:00,W,Sackville St,0,0,0,0
2026-02-28,15,10:00,140,10,13.9,0,1,32.49,1,2026-02-28 04:00:00,2026-02-28 08:00:00,W,Carlaw Ave,0,0,0,0
2026-02-28,15,10:00,140,10,13.9,0,1,32.49,1,2026-02-28 04:00:00,2026-02-28 08:00:00,W,Borden St,0,0,0,0
2026-02-28,15,10:00,140,10,13.9,0,1,32.49,1,2026-02-28 04:00:00,2026-02-28 08:00:00,W,Dundas St West at Sorauren Ave,0,0,0,0
2026-02-28,15,10:00,140,10,13.9,0,1,32.49,1,2026-02-28 04:00:00,2026-02-28 08:00:00,W,Crawford St,0,0,0,0
2026-02-28,15,10:00,140,10,13.9,0,1,32.49,1,2026-02-28 04:00:00,2026-02-28 08:00:00,W,Pape Ave,0,0,0,0
2026-02-28,15,10:00,140,10,13.9,0,1,32.49,1,2026-02-28 04:00:00,2026-02-28 08:00:00,W,Spadina Ave,0,0,0,0
2026-02-28,15,10:00,140,10,13.9,0,1,32.49,1,2026-02-28 04:00:00,2026-02-28 08:00:00,W,River St,0,1,0,0
2026-02-28,15,10:00,140,10,13.9,0,1,32.49,1,2026-02-28 04:00:00,2026-02-28 08:00:00,W,Marjory Ave,0,0,0,0
2026-02-28,15,10:00,140,10,13.9,0,1,32.49,1,2026-02-28 04:00:00,2026-02-28 08:00:00,W,Kingsmount Park Rd,0,0,0,0
2026-02-28,15,10:00,140,10,13.9,0,1,32.49,1,2026-02-28 04:00:00,2026-02-28 08:00:00,W,Church St,0,0,0,0
2026-02-28,15,10:00,140,10,13.9,0,1,32.49,1,2026-02-28 04:00:00,2026-02-28 08:00:00,W,Ossington Ave,0,0,0,0
2026-02-28,15,10:00,140,10,13.9,0,1,32.49,1,2026-02-28 04:00:00,2026-02-28 08:00:00,W,Woodbine Ave,0,0,0,0
2026-02-28,15,10:00,140,10,13.9,0,1,32.49,1,2026-02-28 04:00:00,2026-02-28 08:00:00,W,Jones Ave,0,0,0,0
2026-02-28,15,10:00,140,10,13.9,0,1,32.49,1,2026-02-28 04:00:00,2026-02-28 08:00:00,W,Golfview Ave,0,0,0,0
2026-02-28,15,10:00,140,10,13.9,0,1,32.49,1,2026-02-28 04:00:00,2026-02-28 08:00:00,W,Leslie St,0,0,0,0
2026-02-28,15,10:00,140,10,13.9,0,1,32.49,1,2026-02-28 04:00:00,2026-02-28 08:00:00,W,St Matthews Rd,0,1,0,0
2026-02-28,15,10:00,140,10,13.9,0,1,32.49,1,2026-02-28 04:00:00,2026-02-28 08:00:00,W,Jarvis St,0,0,0,0
2026-02-28,15,10:00,140,10,13.9,0,1,32.49,1,2026-02-28 04:00:00,2026-02-28 08:00:00,W,Sherbourne St,0,0,0,0
2026-02-28,15,10:00,140,10,13.9,0,1,32.49,1,2026-02-28 04:00:00,2026-02-28 08:00:00,W,St George St,0,0,0,0
2026-02-28,15,10:00,140,10,13.9,0,1,32.49,1,2026-02-28 04:00:00,2026-02-28 08:00:00,W,Dovercourt Rd,0,0,0,0
2026-02-28,15,10:00,140,10,13.9,0,1,32.49,1,2026-02-28 04:00:00,2026-02-28 08:00:00,W,Glenmount Park Rd,0,0,0,0
2026-02-28,15,10:00,140,10,13.9,0,1,32.49,1,2026-02-28 04:00:00,2026-02-28 08:00:00,W,Prust Ave,1,1,0,0
2026-02-28,15,10:00,140,10,13.9,0,1,32.49,1,2026-02-28 04:00:00,2026-02-28 08:00:00,W,Main Street Station at Bay 7,0,0,0,0
2026-02-28,15,10:00,140,10,13.9,0,1,32.49,1,2026-02-28 04:00:00,2026-02-28 08:00:00,W,Norwood Rd,0,0,0,0
2026-02-28,15,10:00,140,10,13.9,0,1,32.49,1,2026-02-28 04:00:00,2026-02-28 08:00:00,W,McCaul St,0,0,0,0
2026-02-28,15,10:00,140,10,13.9,0,1,32.49,1,2026-02-28 04:00:00,2026-02-28 08:00:00,W,Broadview Ave,0,0,0,0
2026-02-28,15,10:00,140,10,13.9,0,1,32.49,1,2026-02-28 04:00:00,2026-02-28 08:00:00,W,Ontario St,0,0,0,0
2026-02-28,15,10:00,140,10,13.9,0,1,32.49,1,2026-02-28 04:00:00,2026-02-28 08:00:00,W,Rusholme Park Cres,0,0,0,0
2026-02-28,15,10:00,140,10,13.9,0,1,32.49,1,2026-02-28 04:00:00,2026-02-28 08:00:00,W,Havelock St,0,0,1,0
2026-02-28,15,10:00,140,10,13.9,0,1,32.49,1,2026-02-28 04:00:00,2026-02-28 08:00:00,W,High Park Loop,0,0,0,0
2026-02-28,15,10:00,140,10,13.9,0,1,32.49,1,2026-02-28 04:00:00,2026-02-28 08:00:00,W,Queens Park (Queen's Park Station),0,0,0,0
2026-02-28,15,10:00,140,10,13.9,0,1,32.49,1,2026-02-28 04:00:00,2026-02-28 08:00:00,W,Roncesvalles Ave,0,0,0,0
2026-02-28,15,10:00,140,10,13.9,0,1,32.49,1,2026-02-28 04:00:00,2026-02-28 08:00:00,W,De Grassi St,0,0,0,0
2026-02-28,15,10:00,140,10,13.9,0,1,32.49,1,2026-02-28 04:00:00,2026-02-28 08:00:00,W,Parliament St at Carlton St,0,1,0,0
2026-02-28,15,10:00,140,10,13.9,0,1,32.49,1,2026-02-28 04:00:00,2026-02-28 08:00:00,W,Parkside Dr East Side,0,0,0,0
2026-02-28,15,10:00,140,10,13.9,0,1,32.49,1,2026-02-28 04:00:00,2026-02-28 08:00:00,W,Dundas St West,0,0,0,0
2026-02-28,15,10:00,140,10,13.9,0,1,32.49,1,2026-02-28 04:00:00,2026-02-28 08:00:00,W,Howard Park Ave at Roncesvalles Ave,0,0,1,0
2026-02-28,15,10:00,140,10,13.9,0,1,32.49,1,2026-02-28 04:00:00,2026-02-28 08:00:00,W,Parliament St,0,1,0,0
2026-02-28,15,10:00,140,10,13.9,0,1,32.49,1,2026-02-28 04:00:00,2026-02-28 08:00:00,W,Parliament St at Gerrard St East,0,0,0,0
2026-02-28,15,10:00,140,10,13.9,0,1,32.49,1,2026-02-28 04:00:00,2026-02-28 08:00:00,W,Sumach St,0,0,0,0
2026-02-28,15,10:00,140,10,13.9,0,1,32.49,1,2026-02-28 04:00:00,2026-02-28 08:00:00,W,Blackburn St,0,0,0,0
2026-02-28,15,10:00,140,10,13.9,0,1,32.49,1,2026-02-28 04:00:00,2026-02-28 08:00:00,W,Logan Ave,0,0,0,0
2026-02-28,15,10:00,140,10,13.9,0,1,32.49,1,2026-02-28 04:00:00,2026-02-28 08:00:00,W,Augusta Ave,0,0,0,0
2026-02-28,15,10:00,140,10,13.9,0,1,32.49,1,2026-02-28 04:00:00,2026-02-28 08:00:00,W,Beverley St,0,0,0,0
2026-02-28,15,10:00,140,10,13.9,0,1,32.49,1,2026-02-28 04:00:00,2026-02-28 08:00:00,W,University Ave (Queen's Park Station,0,0,0,0
2026-02-28,15,10:00,140,10,13.9,0,1,32.49,1,2026-02-28 04:00:00,2026-02-28 08:00:00,W,Elizabeth St,0,0,0,0
2026-02-28,15,10:00,140,10,13.9,0,1,32.49,1,2026-02-28 04:00:00,2026-02-28 08:00:00,W,Greenwood Ave,0,0,0,0
2026-02-28,15,10:00,140,10,13.9,0,1,32.49,1,2026-02-28 04:00:00,2026-02-28 08:00:00,W,Alton Ave,0,0,0,0
2026-02-28,15,10:00,140,10,13.9,0,1,32.49,1,2026-02-28 04:00:00,2026-02-28 08:00:00,W,Coxwell Ave,0,0,0,0
2026-02-28,15,10:00,140,10,13.9,0,1,32.49,1,2026-02-28 04:00:00,2026-02-28 08:00:00,W,Gerrard St East  at Coxwell Ave,0,1,0,0
2026-02-28,15,10:00,140,10,13.9,0,1,32.49,1,2026-02-28 04:00:00,2026-02-28 08:00:00,W,Coxwell Ave at Lower Gerrard St East,0,1,0,0
2026-02-28,15,10:00,140,10,13.9,0,1,32.49,1,2026-02-28 04:00:00,2026-02-28 08:00:00,W,Ashdale Ave,1,0,0,0
2026-02-28,15,10:00,140,10,13.9,0,1,32.49,1,2026-02-28 04:00:00,2026-02-28 08:00:00,W,Howard Park Ave at Indian Rd,0,1,1,0
2026-02-28,15,10:00,140,10,13.9,0,1,32.49,1,2026-02-28 04:00:00,2026-02-28 08:00:00,W,Dundas St West at Howard Park Ave,0,0,1,0
2026-02-28,15,10:00,140,10,13.9,0,1,32.49,1,2026-02-28 04:00:00,2026-02-28 08:00:00,W,Main St at Gerrard St East,0,1,0,0
2026-02-28,15,10:00,140,10,13.9,0,1,32.49,1,2026-02-28 04:00:00,2026-02-28 08:00:00,W,Main St,0,0,0,0
2026-02-28,15,10:00,140,10,13.9,0,1,32.49,1,2026-02-28 04:00:00,2026-02-28 08:00:00,W,Main St at Danforth Ave,0,1,0,0
2026-02-28,15,10:00,140,10,13.9,0,1,32.49,1,2026-02-28 04:00:00,2026-02-28 08:00:00,W,Howard Park Ave at Parkside Dr,0,1,1,0
