raw_notice,notice_kind,station,route_number,route_name,body,notice_action,notice_status,direction,segment_from,segment_to,via,cause,start_datetime,end_datetime,route_tag,shown_from,shown_to,date,time,timezone,year_assumed,source_file,source_record_start_line
103 Introducing new service changes,other,,103,Introducing,new service changes,other,unknown,,,,,,,,,,,,,America/Toronto,2025,TTCnotices5062025.txt,4618
164 Castlefield Introducing new service changes,other,,164,Castlefield,Introducing new service changes,other,unknown,,,,,,,,,,,,,America/Toronto,2025,TTCnotices5062025.txt,4622
166 Introducing new service changes,other,,166,Introducing,new service changes,other,unknown,,,,,,,,,,,,,America/Toronto,2025,TTCnotices5062025.txt,4660
169 Temporary route change due to Metrolinx Ontario Line work,other,,169,Temporary,route change due to Metrolinx Ontario Line work,other,unknown,,,,,,,,,,,,,America/Toronto,2025,TTCnotices5062025.txt,4683
191 Underhill - Introducing new service changes,other,,191,Underhill,- Introducing new service changes,other,unknown,,,,,,,,,,,,,America/Toronto,2025,TTCnotices5062025.txt,4631
203 Seasonal service,other,,203,Seasonal,service,other,unknown,,,,,,,,,,,,,America/Toronto,2025,TTCnotices5062025.txt,4550
386 Introducing new service changes,other,,386,Introducing,new service changes,other,unknown,,,,,,,,,,,,,America/Toronto,2025,TTCnotices5062025.txt,4664
406 New Community Bus route,other,,406,New,Community Bus route,other,unknown,,,,,,,,,,,,,America/Toronto,2025,TTCnotices5062025.txt,4554
"506 Carlton: Detour eastbound via Spadina Ave, Dundas St W, Bay St and College St due to a blocked track. Started Wed Jan 1 2025 2:59",route,,506,Carlton,"Detour eastbound via Spadina Ave, Dundas St W, Bay St and College St due to a blocked track. Started Wed Jan 1 2025 2:59",detour,disruption,eastbound,,,"Spadina Ave, Dundas St W, Bay St and College St",a blocked track,2025-01-01T02:59:00-05:00,,506-Carlton,2025-01-01T03:00:00-05:00,2025-01-01T03:52:00-05:00,2025-01-01,02:59,America/Toronto,2025,TTCnotices5062025.txt,484
506 Carlton Regular service has resumed eastbound near Main Street Station. Started Wed Jan 1 2025 3:52 Until Wed Jan 1 2025 4:07,route,,506,Carlton,Regular service has resumed eastbound near Main Street Station. Started Wed Jan 1 2025 3:52 Until Wed Jan 1 2025 4:07,service_resumed,resumed,eastbound,Main Street Station,,,,2025-01-01T03:52:00-05:00,2025-01-01T04:07:00-05:00,506-Carlton,2025-01-01T03:54:00-05:00,2025-01-01T04:08:00-05:00,2025-01-01,03:52,America/Toronto,2025,TTCnotices5062025.txt,487
"506 Carlton: Detour westbound via Coxwell Ave, Queen St E, Broadview Ave, Dundas St E and Parliament St while we respond to a medical emergency. Started Wed Jan 1 2025 18:41",route,,506,Carlton,"Detour westbound via Coxwell Ave, Queen St E, Broadview Ave, Dundas St E and Parliament St while we respond to a medical emergency. Started Wed Jan 1 2025 18:41",detour,disruption,westbound,,,"Coxwell Ave, Queen St E, Broadview Ave, Dundas St E and Parliament St",we respond to a medical emergency,2025-01-01T18:41:00-05:00,,506-Carlton,2025-01-01T18:42:00-05:00,2025-01-01T18:50:00-05:00,2025-01-01,18:41,America/Toronto,2025,TTCnotices5062025.txt,490
506 Carlton Regular service has resumed westbound near Gerrard St East at Jones Ave. Started Wed Jan 1 2025 18:50 Until Wed Jan 1 2025 19:05,route,,506,Carlton,Regular service has resumed westbound near Gerrard St East at Jones Ave. Started Wed Jan 1 2025 18:50 Until Wed Jan 1 2025 19:05,service_resumed,resumed,westbound,Gerrard St East at Jones Ave,,,,2025-01-01T18:50:00-05:00,2025-01-01T19:05:00-05:00,506-Carlton,2025-01-01T18:52:00-05:00,2025-01-01T19:04:00-05:00,2025-01-01,18:50,America/Toronto,2025,TTCnotices5062025.txt,493
Queen’s Park: Elevator out of service between concourse and Line 1 platform. Started Sat Jan 4 2025 7:57,accessibility,Queen’s Park,,,Elevator out of service between concourse and Line 1 platform. Started Sat Jan 4 2025 7:57,elevator_out_of_service,disruption,,concourse,Line 1 platform,,,2025-01-04T07:57:00-05:00,,506-Carlton,2025-01-04T07:58:00-05:00,2025-01-04T07:58:00-05:00,2025-01-04,07:57,America/Toronto,2025,TTCnotices5062025.txt,1
Queen’s Park: Elevator out of service between concourse and Line 1 platform. Started Sat Jan 4 2025 7:58,accessibility,Queen’s Park,,,Elevator out of service between concourse and Line 1 platform. Started Sat Jan 4 2025 7:58,elevator_out_of_service,disruption,,concourse,Line 1 platform,,,2025-01-04T07:58:00-05:00,,506-Carlton,2025-01-04T07:58:00-05:00,2025-01-04T11:26:00-05:00,2025-01-04,07:58,America/Toronto,2025,TTCnotices5062025.txt,4
506 Carlton: No service between High Park Loop and College St at Lansdowne Ave due to a fire. Started Sat Jan 4 2025 9:18,route,,506,Carlton,No service between High Park Loop and College St at Lansdowne Ave due to a fire. Started Sat Jan 4 2025 9:18,no_service,disruption,,High Park Loop,College St at Lansdowne Ave,,a fire,2025-01-04T09:18:00-05:00,,506-Carlton,2025-01-04T09:20:00-05:00,2025-01-04T09:32:00-05:00,2025-01-04,09:18,America/Toronto,2025,TTCnotices5062025.txt,496
506 Carlton Regular service has resumed between High Park Loop and College St at Lansdowne Ave. Started Sat Jan 4 2025 9:31 Until Sat Jan 4 2025 9:46,route,,506,Carlton,Regular service has resumed between High Park Loop and College St at Lansdowne Ave. Started Sat Jan 4 2025 9:31 Until Sat Jan 4 2025 9:46,service_resumed,resumed,,High Park Loop,College St at Lansdowne Ave,,,2025-01-04T09:31:00-05:00,2025-01-04T09:46:00-05:00,506-Carlton,2025-01-04T09:32:00-05:00,2025-01-04T09:46:00-05:00,2025-01-04,09:31,America/Toronto,2025,TTCnotices5062025.txt,499
Queen’s Park: Elevator back in service between concourse and Line 1 platform. Started Sat Jan 4 2025 11:27 Until Sat Jan 4 2025 11:42,accessibility,Queen’s Park,,,Elevator back in service between concourse and Line 1 platform. Started Sat Jan 4 2025 11:27 Until Sat Jan 4 2025 11:42,elevator_back_in_service,resumed,,concourse,Line 1 platform,,,2025-01-04T11:27:00-05:00,2025-01-04T11:42:00-05:00,506-Carlton,2025-01-04T11:28:00-05:00,2025-01-04T11:42:00-05:00,2025-01-04,11:27,America/Toronto,2025,TTCnotices5062025.txt,7
506 Carlton Regular service has resumed eastbound near College St at Ossington Ave. Started Sun Jan 5 2025 1:00 Until Sun Jan 5 2025 1:15,route,,506,Carlton,Regular service has resumed eastbound near College St at Ossington Ave. Started Sun Jan 5 2025 1:00 Until Sun Jan 5 2025 1:15,service_resumed,resumed,eastbound,College St at Ossington Ave,,,,2025-01-05T01:00:00-05:00,2025-01-05T01:15:00-05:00,506-Carlton,2025-01-05T01:02:00-05:00,2025-01-05T01:08:00-05:00,2025-01-05,01:00,America/Toronto,2025,TTCnotices5062025.txt,505
506 Carlton: Detour eastbound via Bathurst St and Dundas St W due to a security incident. Started Sun Jan 5 2025 1:00,route,,506,Carlton,Detour eastbound via Bathurst St and Dundas St W due to a security incident. Started Sun Jan 5 2025 1:00,detour,disruption,eastbound,,,Bathurst St and Dundas St W,a security incident,2025-01-05T01:00:00-05:00,,506-Carlton,2025-01-05T01:00:00-05:00,,2025-01-05,01:00,America/Toronto,2025,TTCnotices5062025.txt,502
Main Street: Elevator out of service between concourse and Line 2 Kipling platform. Started Sun Jan 5 2025 18:45,accessibility,Main Street,,,Elevator out of service between concourse and Line 2 Kipling platform. Started Sun Jan 5 2025 18:45,elevator_out_of_service,disruption,,concourse,Line 2 Kipling platform,,,2025-01-05T18:45:00-05:00,,506-Carlton,2025-01-05T18:46:00-05:00,2025-01-06T08:58:00-05:00,2025-01-05,18:45,America/Toronto,2025,TTCnotices5062025.txt,10
Main Street: Elevator back in service between concourse and Line 2 Kipling platform. Started Mon Jan 6 2025 8:58 Until Mon Jan 6 2025 9:13,accessibility,Main Street,,,Elevator back in service between concourse and Line 2 Kipling platform. Started Mon Jan 6 2025 8:58 Until Mon Jan 6 2025 9:13,elevator_back_in_service,resumed,,concourse,Line 2 Kipling platform,,,2025-01-06T08:58:00-05:00,2025-01-06T09:13:00-05:00,506-Carlton,2025-01-06T09:00:00-05:00,2025-01-06T09:12:00-05:00,2025-01-06,08:58,America/Toronto,2025,TTCnotices5062025.txt,13
506 Carlton: No service between High Park Loop and College St at Lansdowne Ave while we respond to a medical emergency. Started Tue Jan 7 2025 2:20,route,,506,Carlton,No service between High Park Loop and College St at Lansdowne Ave while we respond to a medical emergency. Started Tue Jan 7 2025 2:20,no_service,disruption,,High Park Loop,College St at Lansdowne Ave,,we respond to a medical emergency,2025-01-07T02:20:00-05:00,,506-Carlton,2025-01-07T02:20:00-05:00,2025-01-07T02:40:00-05:00,2025-01-07,02:20,America/Toronto,2025,TTCnotices5062025.txt,508
506 Carlton Regular service has resumed between High Park Loop and College St at Lansdowne Ave. Started Tue Jan 7 2025 2:40 Until Tue Jan 7 2025 2:55,route,,506,Carlton,Regular service has resumed between High Park Loop and College St at Lansdowne Ave. Started Tue Jan 7 2025 2:40 Until Tue Jan 7 2025 2:55,service_resumed,resumed,,High Park Loop,College St at Lansdowne Ave,,,2025-01-07T02:40:00-05:00,2025-01-07T02:55:00-05:00,506-Carlton,2025-01-07T02:42:00-05:00,2025-01-07T02:54:00-05:00,2025-01-07,02:40,America/Toronto,2025,TTCnotices5062025.txt,511
506 Carlton: Delays westbound near Gerrard St East at Broadview Ave due to a security incident. Started Tue Jan 7 2025 12:11,route,,506,Carlton,Delays westbound near Gerrard St East at Broadview Ave due to a security incident. Started Tue Jan 7 2025 12:11,delay,disruption,westbound,Gerrard St East at Broadview Ave,,,a security incident,2025-01-07T12:11:00-05:00,,506-Carlton,2025-01-07T12:12:00-05:00,2025-01-07T12:16:00-05:00,2025-01-07,12:11,America/Toronto,2025,TTCnotices5062025.txt,514
"506 Carlton: Detour westbound via Coxwell Ave, Queen St W, Broadview Ave, Dundas St W and Parliament St due to a security incident. Started Tue Jan 7 2025 12:17",route,,506,Carlton,"Detour westbound via Coxwell Ave, Queen St W, Broadview Ave, Dundas St W and Parliament St due to a security incident. Started Tue Jan 7 2025 12:17",detour,disruption,westbound,,,"Coxwell Ave, Queen St W, Broadview Ave, Dundas St W and Parliament St",a security incident,2025-01-07T12:17:00-05:00,,506-Carlton,2025-01-07T12:18:00-05:00,2025-01-07T12:26:00-05:00,2025-01-07,12:17,America/Toronto,2025,TTCnotices5062025.txt,517
506 Carlton Regular service has resumed westbound near Gerrard St East at Broadview Ave. Started Tue Jan 7 2025 12:25 Until Tue Jan 7 2025 12:40,route,,506,Carlton,Regular service has resumed westbound near Gerrard St East at Broadview Ave. Started Tue Jan 7 2025 12:25 Until Tue Jan 7 2025 12:40,service_resumed,resumed,westbound,Gerrard St East at Broadview Ave,,,,2025-01-07T12:25:00-05:00,2025-01-07T12:40:00-05:00,506-Carlton,2025-01-07T12:26:00-05:00,2025-01-07T12:40:00-05:00,2025-01-07,12:25,America/Toronto,2025,TTCnotices5062025.txt,520
"506 Carlton: Detour westbound via Mccaul St, Dundas St W and Spadina Ave due to a collision. Started Tue Jan 7 2025 23:08",route,,506,Carlton,"Detour westbound via Mccaul St, Dundas St W and Spadina Ave due to a collision. Started Tue Jan 7 2025 23:08",detour,disruption,westbound,,,"Mccaul St, Dundas St W and Spadina Ave",a collision,2025-01-07T23:08:00-05:00,,506-Carlton,2025-01-07T23:10:00-05:00,2025-01-07T23:32:00-05:00,2025-01-07,23:08,America/Toronto,2025,TTCnotices5062025.txt,523
"506 Carlton: Detour via Mccaul St, Dundas St W and Spadina Ave due to a collision. Started Tue Jan 7 2025 23:32",route,,506,Carlton,"Detour via Mccaul St, Dundas St W and Spadina Ave due to a collision. Started Tue Jan 7 2025 23:32",detour,disruption,,,,"Mccaul St, Dundas St W and Spadina Ave",a collision,2025-01-07T23:32:00-05:00,,506-Carlton,2025-01-07T23:32:00-05:00,2025-01-07T23:52:00-05:00,2025-01-07,23:32,America/Toronto,2025,TTCnotices5062025.txt,526
506 Carlton Regular service has resumed near College St at Spadina Ave. Started Tue Jan 7 2025 23:52 Until Wed Jan 8 2025 0:07,route,,506,Carlton,Regular service has resumed near College St at Spadina Ave. Started Tue Jan 7 2025 23:52 Until Wed Jan 8 2025 0:07,service_resumed,resumed,,College St at Spadina Ave,,,,2025-01-07T23:52:00-05:00,2025-01-08T00:07:00-05:00,506-Carlton,2025-01-07T23:54:00-05:00,2025-01-08T00:08:00-05:00,2025-01-07,23:52,America/Toronto,2025,TTCnotices5062025.txt,529
506 Carlton: No service between Gerrard St East at Coxwell Ave and Main Street Station while we respond to a medical emergency. Started Wed Jan 8 2025 12:26,route,,506,Carlton,No service between Gerrard St East at Coxwell Ave and Main Street Station while we respond to a medical emergency. Started Wed Jan 8 2025 12:26,no_service,disruption,,Gerrard St East at Coxwell Ave,Main Street Station,,we respond to a medical emergency,2025-01-08T12:26:00-05:00,,506-Carlton,2025-01-08T12:28:00-05:00,2025-01-08T12:47:00-05:00,2025-01-08,12:26,America/Toronto,2025,TTCnotices5062025.txt,532
506 Carlton Regular service has resumed between Gerrard St East at Coxwell Ave and Main Street Station. Started Wed Jan 8 2025 12:47 Until Wed Jan 8 2025 13:02,route,,506,Carlton,Regular service has resumed between Gerrard St East at Coxwell Ave and Main Street Station. Started Wed Jan 8 2025 12:47 Until Wed Jan 8 2025 13:02,service_resumed,resumed,,Gerrard St East at Coxwell Ave,Main Street Station,,,2025-01-08T12:47:00-05:00,2025-01-08T13:02:00-05:00,506-Carlton,2025-01-08T12:48:00-05:00,2025-01-08T13:02:00-05:00,2025-01-08,12:47,America/Toronto,2025,TTCnotices5062025.txt,535
506 Carlton: No service between Main Street Station and Coxwell Ave at Lower Gerrard St East while we fix a mechanical problem. Started Thu Jan 9 2025 7:51,route,,506,Carlton,No service between Main Street Station and Coxwell Ave at Lower Gerrard St East while we fix a mechanical problem. Started Thu Jan 9 2025 7:51,no_service,disruption,,Main Street Station,Coxwell Ave at Lower Gerrard St East,,we fix a mechanical problem,2025-01-09T07:51:00-05:00,,506-Carlton,2025-01-09T07:52:00-05:00,2025-01-09T08:00:00-05:00,2025-01-09,07:51,America/Toronto,2025,TTCnotices5062025.txt,538
506 Carlton Regular service has resumed between Main Street Station and Coxwell Ave at Lower Gerrard St East. Started Thu Jan 9 2025 8:00 Until Thu Jan 9 2025 8:15,route,,506,Carlton,Regular service has resumed between Main Street Station and Coxwell Ave at Lower Gerrard St East. Started Thu Jan 9 2025 8:00 Until Thu Jan 9 2025 8:15,service_resumed,resumed,,Main Street Station,Coxwell Ave at Lower Gerrard St East,,,2025-01-09T08:00:00-05:00,2025-01-09T08:15:00-05:00,506-Carlton,2025-01-09T08:02:00-05:00,2025-01-09T08:15:00-05:00,2025-01-09,08:00,America/Toronto,2025,TTCnotices5062025.txt,541
"506 Carlton: Detour via Broadview Ave, Dundas St E and Parliament St due to a blocked track. Started Thu Jan 9 2025 15:26",route,,506,Carlton,"Detour via Broadview Ave, Dundas St E and Parliament St due to a blocked track. Started Thu Jan 9 2025 15:26",detour,disruption,,,,"Broadview Ave, Dundas St E and Parliament St",a blocked track,2025-01-09T15:26:00-05:00,,506-Carlton,2025-01-09T15:28:00-05:00,2025-01-09T15:40:00-05:00,2025-01-09,15:26,America/Toronto,2025,TTCnotices5062025.txt,544
506 Carlton: No service between Main Street Station and Gerrard St East at Coxwell Ave due to a blocked track. Shuttle buses are on the way. Started Thu Jan 9 2025 15:40,route,,506,Carlton,No service between Main Street Station and Gerrard St East at Coxwell Ave due to a blocked track. Shuttle buses are on the way. Started Thu Jan 9 2025 15:40,no_service,disruption,,Main Street Station,Gerrard St East at Coxwell Ave,,a blocked track. Shuttle buses are on the way,2025-01-09T15:40:00-05:00,,506-Carlton,2025-01-09T15:41:00-05:00,2025-01-09T16:26:00-05:00,2025-01-09,15:40,America/Toronto,2025,TTCnotices5062025.txt,547
506 Carlton Regular service has resumed between Main Street Station and Gerrard St East at Coxwell Ave. Started Thu Jan 9 2025 16:27 Until Thu Jan 9 2025 16:42,route,,506,Carlton,Regular service has resumed between Main Street Station and Gerrard St East at Coxwell Ave. Started Thu Jan 9 2025 16:27 Until Thu Jan 9 2025 16:42,service_resumed,resumed,,Main Street Station,Gerrard St East at Coxwell Ave,,,2025-01-09T16:27:00-05:00,2025-01-09T16:42:00-05:00,506-Carlton,2025-01-09T16:28:00-05:00,2025-01-09T16:43:00-05:00,2025-01-09,16:27,America/Toronto,2025,TTCnotices5062025.txt,550
"506 Carlton: Detour eastbound via Broadview Ave, Queen St E and Coxwell Ave due to a collision. Started Fri Jan 10 2025 21:11",route,,506,Carlton,"Detour eastbound via Broadview Ave, Queen St E and Coxwell Ave due to a collision. Started Fri Jan 10 2025 21:11",detour,disruption,eastbound,,,"Broadview Ave, Queen St E and Coxwell Ave",a collision,2025-01-10T21:11:00-05:00,,506-Carlton,2025-01-10T21:12:00-05:00,2025-01-10T21:38:00-05:00,2025-01-10,21:11,America/Toronto,2025,TTCnotices5062025.txt,553
506 Carlton Regular service has resumed eastbound near Gerrard St East at Leslie St. Started Fri Jan 10 2025 21:38 Until Fri Jan 10 2025 21:53,route,,506,Carlton,Regular service has resumed eastbound near Gerrard St East at Leslie St. Started Fri Jan 10 2025 21:38 Until Fri Jan 10 2025 21:53,service_resumed,resumed,eastbound,Gerrard St East at Leslie St,,,,2025-01-10T21:38:00-05:00,2025-01-10T21:53:00-05:00,506-Carlton,2025-01-10T21:40:00-05:00,2025-01-10T21:52:00-05:00,2025-01-10,21:38,America/Toronto,2025,TTCnotices5062025.txt,556
506 Carlton: Delays between Carlton St at Yonge St - College Station and High Park Loop due to weather conditions. Started Sat Jan 11 2025 12:51,route,,506,Carlton,Delays between Carlton St at Yonge St - College Station and High Park Loop due to weather conditions. Started Sat Jan 11 2025 12:51,delay,disruption,,Carlton St at Yonge St - College Station,High Park Loop,,weather conditions,2025-01-11T12:51:00-05:00,,506-Carlton,2025-01-11T12:52:00-05:00,2025-01-11T15:42:00-05:00,2025-01-11,12:51,America/Toronto,2025,TTCnotices5062025.txt,559
506 Carlton: Delays between Carlton St at Yonge St - College Station and High Park Loop due to weather conditions. Started Sat Jan 11 2025 15:43 Until Sat Jan 11 2025 16:00,route,,506,Carlton,Delays between Carlton St at Yonge St - College Station and High Park Loop due to weather conditions. Started Sat Jan 11 2025 15:43 Until Sat Jan 11 2025 16:00,delay,disruption,,Carlton St at Yonge St - College Station,High Park Loop,,weather conditions,2025-01-11T15:43:00-05:00,2025-01-11T16:00:00-05:00,506-Carlton,2025-01-11T15:44:00-05:00,2025-01-11T16:00:00-05:00,2025-01-11,15:43,America/Toronto,2025,TTCnotices5062025.txt,562
506 Carlton Regular service has resumed between Carlton St at Yonge St - College Station and High Park Loop. Started Sat Jan 11 2025 16:00 Until Sat Jan 11 2025 16:15,route,,506,Carlton,Regular service has resumed between Carlton St at Yonge St - College Station and High Park Loop. Started Sat Jan 11 2025 16:00 Until Sat Jan 11 2025 16:15,service_resumed,resumed,,Carlton St at Yonge St - College Station,High Park Loop,,,2025-01-11T16:00:00-05:00,2025-01-11T16:15:00-05:00,506-Carlton,2025-01-11T16:00:00-05:00,2025-01-11T16:14:00-05:00,2025-01-11,16:00,America/Toronto,2025,TTCnotices5062025.txt,565
"506 Carlton: Detour eastbound via Ossington Ave, Dundas St W and Bay St due to a blocked track. Started Sat Jan 11 2025 16:57",route,,506,Carlton,"Detour eastbound via Ossington Ave, Dundas St W and Bay St due to a blocked track. Started Sat Jan 11 2025 16:57",detour,disruption,eastbound,,,"Ossington Ave, Dundas St W and Bay St",a blocked track,2025-01-11T16:57:00-05:00,,506-Carlton,2025-01-11T16:58:00-05:00,2025-01-11T17:20:00-05:00,2025-01-11,16:57,America/Toronto,2025,TTCnotices5062025.txt,568
506 Carlton Regular service has resumed eastbound near College St at Spadina Ave. Started Sat Jan 11 2025 17:20 Until Sat Jan 11 2025 17:35,route,,506,Carlton,Regular service has resumed eastbound near College St at Spadina Ave. Started Sat Jan 11 2025 17:20 Until Sat Jan 11 2025 17:35,service_resumed,resumed,eastbound,College St at Spadina Ave,,,,2025-01-11T17:20:00-05:00,2025-01-11T17:35:00-05:00,506-Carlton,2025-01-11T17:22:00-05:00,2025-01-11T17:36:00-05:00,2025-01-11,17:20,America/Toronto,2025,TTCnotices5062025.txt,571
"506 Carlton: Detour westbound via Parliament St, Dundas St E and Church St due to a blocked track. Started Sat Jan 11 2025 23:02",route,,506,Carlton,"Detour westbound via Parliament St, Dundas St E and Church St due to a blocked track. Started Sat Jan 11 2025 23:02",detour,disruption,westbound,,,"Parliament St, Dundas St E and Church St",a blocked track,2025-01-11T23:02:00-05:00,,506-Carlton,2025-01-11T23:04:00-05:00,2025-01-11T23:20:00-05:00,2025-01-11,23:02,America/Toronto,2025,TTCnotices5062025.txt,574
506 Carlton Regular service has resumed westbound near Parliament St at Carlton St. Started Sat Jan 11 2025 23:20 Until Sat Jan 11 2025 23:35,route,,506,Carlton,Regular service has resumed westbound near Parliament St at Carlton St. Started Sat Jan 11 2025 23:20 Until Sat Jan 11 2025 23:35,service_resumed,resumed,westbound,Parliament St at Carlton St,,,,2025-01-11T23:20:00-05:00,2025-01-11T23:35:00-05:00,506-Carlton,2025-01-11T23:22:00-05:00,2025-01-11T23:24:00-05:00,2025-01-11,23:20,America/Toronto,2025,TTCnotices5062025.txt,577
"Main Street: Elevator out of service between Main St entrance, concourse and Line 2 Kennedy platform. Started Sun Jan 12 2025 3:29",accessibility,Main Street,,,"Elevator out of service between Main St entrance, concourse and Line 2 Kennedy platform. Started Sun Jan 12 2025 3:29",elevator_out_of_service,disruption,,"Main St entrance, concourse",Line 2 Kennedy platform,,,2025-01-12T03:29:00-05:00,,506-Carlton,2025-01-12T03:30:00-05:00,2025-01-12T10:00:00-05:00,2025-01-12,03:29,America/Toronto,2025,TTCnotices5062025.txt,16
506 Carlton: No service between Main Street Station and Gerrard St East at Coxwell Ave due to a security incident. Started Sun Jan 12 2025 6:55,route,,506,Carlton,No service between Main Street Station and Gerrard St East at Coxwell Ave due to a security incident. Started Sun Jan 12 2025 6:55,no_service,disruption,,Main Street Station,Gerrard St East at Coxwell Ave,,a security incident,2025-01-12T06:55:00-05:00,,506-Carlton,2025-01-12T06:56:00-05:00,2025-01-12T07:08:00-05:00,2025-01-12,06:55,America/Toronto,2025,TTCnotices5062025.txt,580
506 Carlton Regular service has resumed between Main Street Station and Gerrard St East at Coxwell Ave. Started Sun Jan 12 2025 7:08 Until Sun Jan 12 2025 7:23,route,,506,Carlton,Regular service has resumed between Main Street Station and Gerrard St East at Coxwell Ave. Started Sun Jan 12 2025 7:08 Until Sun Jan 12 2025 7:23,service_resumed,resumed,,Main Street Station,Gerrard St East at Coxwell Ave,,,2025-01-12T07:08:00-05:00,2025-01-12T07:23:00-05:00,506-Carlton,2025-01-12T07:10:00-05:00,2025-01-12T07:22:00-05:00,2025-01-12,07:08,America/Toronto,2025,TTCnotices5062025.txt,583
506 Carlton: No service near College St at Lansdowne Ave due to a blocked track. Started Sun Jan 12 2025 7:30,route,,506,Carlton,No service near College St at Lansdowne Ave due to a blocked track. Started Sun Jan 12 2025 7:30,no_service,disruption,,College St at Lansdowne Ave,,,a blocked track,2025-01-12T07:30:00-05:00,,506-Carlton,2025-01-12T07:30:00-05:00,2025-01-12T07:30:00-05:00,2025-01-12,07:30,America/Toronto,2025,TTCnotices5062025.txt,586
506 Carlton: No service between College St at Lansdowne Ave and High Park Loop due to a blocked track. Started Sun Jan 12 2025 7:31,route,,506,Carlton,No service between College St at Lansdowne Ave and High Park Loop due to a blocked track. Started Sun Jan 12 2025 7:31,no_service,disruption,,College St at Lansdowne Ave,High Park Loop,,a blocked track,2025-01-12T07:31:00-05:00,,506-Carlton,2025-01-12T07:32:00-05:00,2025-01-12T07:38:00-05:00,2025-01-12,07:31,America/Toronto,2025,TTCnotices5062025.txt,589
506 Carlton Regular service has resumed between College St at Lansdowne Ave and High Park Loop. Started Sun Jan 12 2025 7:38 Until Sun Jan 12 2025 7:53,route,,506,Carlton,Regular service has resumed between College St at Lansdowne Ave and High Park Loop. Started Sun Jan 12 2025 7:38 Until Sun Jan 12 2025 7:53,service_resumed,resumed,,College St at Lansdowne Ave,High Park Loop,,,2025-01-12T07:38:00-05:00,2025-01-12T07:53:00-05:00,506-Carlton,2025-01-12T07:40:00-05:00,2025-01-12T07:52:00-05:00,2025-01-12,07:38,America/Toronto,2025,TTCnotices5062025.txt,592
"Main Street: Elevator back in service between Main St entrance, concourse and Line 2 Kennedy platform. Started Sun Jan 12 2025 10:00 Until Sun Jan 12 2025 10:15",accessibility,Main Street,,,"Elevator back in service between Main St entrance, concourse and Line 2 Kennedy platform. Started Sun Jan 12 2025 10:00 Until Sun Jan 12 2025 10:15",elevator_back_in_service,resumed,,"Main St entrance, concourse",Line 2 Kennedy platform,,,2025-01-12T10:00:00-05:00,2025-01-12T10:15:00-05:00,506-Carlton,2025-01-12T10:02:00-05:00,2025-01-12T10:16:00-05:00,2025-01-12,10:00,America/Toronto,2025,TTCnotices5062025.txt,19
"506 Carlton: Detour eastbound via Spadina Ave, Dundas St E and Bay St due to a security incident. Started Mon Jan 13 2025 18:16",route,,506,Carlton,"Detour eastbound via Spadina Ave, Dundas St E and Bay St due to a security incident. Started Mon Jan 13 2025 18:16",detour,disruption,eastbound,,,"Spadina Ave, Dundas St E and Bay St",a security incident,2025-01-13T18:16:00-05:00,,506-Carlton,2025-01-13T18:18:00-05:00,2025-01-13T18:48:00-05:00,2025-01-13,18:16,America/Toronto,2025,TTCnotices5062025.txt,595
506 Carlton Regular service has resumed eastbound near College St at Spadina Ave. Started Mon Jan 13 2025 18:48 Until Mon Jan 13 2025 19:03,route,,506,Carlton,Regular service has resumed eastbound near College St at Spadina Ave. Started Mon Jan 13 2025 18:48 Until Mon Jan 13 2025 19:03,service_resumed,resumed,eastbound,College St at Spadina Ave,,,,2025-01-13T18:48:00-05:00,2025-01-13T19:03:00-05:00,506-Carlton,2025-01-13T18:50:00-05:00,2025-01-13T19:04:00-05:00,2025-01-13,18:48,America/Toronto,2025,TTCnotices5062025.txt,598
"506 Carlton: Detour westbound via Mccaul St, Queen St W, Bathurst St, Dundas St W and Ossington Ave due to a collision. Started Tue Jan 14 2025 6:56",route,,506,Carlton,"Detour westbound via Mccaul St, Queen St W, Bathurst St, Dundas St W and Ossington Ave due to a collision. Started Tue Jan 14 2025 6:56",detour,disruption,westbound,,,"Mccaul St, Queen St W, Bathurst St, Dundas St W and Ossington Ave",a collision,2025-01-14T06:56:00-05:00,,506-Carlton,2025-01-14T06:56:00-05:00,2025-01-14T07:22:00-05:00,2025-01-14,06:56,America/Toronto,2025,TTCnotices5062025.txt,601
506 Carlton Regular service has resumed westbound near College St at McCaul St. Started Tue Jan 14 2025 7:22 Until Tue Jan 14 2025 7:37,route,,506,Carlton,Regular service has resumed westbound near College St at McCaul St. Started Tue Jan 14 2025 7:22 Until Tue Jan 14 2025 7:37,service_resumed,resumed,westbound,College St at McCaul St,,,,2025-01-14T07:22:00-05:00,2025-01-14T07:37:00-05:00,506-Carlton,2025-01-14T07:24:00-05:00,2025-01-14T07:38:00-05:00,2025-01-14,07:22,America/Toronto,2025,TTCnotices5062025.txt,604
Main Street: Elevator out of service between concourse and Line 2 Kipling platform. Started Tue Jan 14 2025 20:38,accessibility,Main Street,,,Elevator out of service between concourse and Line 2 Kipling platform. Started Tue Jan 14 2025 20:38,elevator_out_of_service,disruption,,concourse,Line 2 Kipling platform,,,2025-01-14T20:38:00-05:00,,506-Carlton,2025-01-14T20:40:00-05:00,2025-01-14T22:24:00-05:00,2025-01-14,20:38,America/Toronto,2025,TTCnotices5062025.txt,22
Main Street: Elevator back in service between concourse and Line 2 Kipling platform. Started Tue Jan 14 2025 22:24 Until Tue Jan 14 2025 22:39,accessibility,Main Street,,,Elevator back in service between concourse and Line 2 Kipling platform. Started Tue Jan 14 2025 22:24 Until Tue Jan 14 2025 22:39,elevator_back_in_service,resumed,,concourse,Line 2 Kipling platform,,,2025-01-14T22:24:00-05:00,2025-01-14T22:39:00-05:00,506-Carlton,2025-01-14T22:26:00-05:00,2025-01-14T22:38:00-05:00,2025-01-14,22:24,America/Toronto,2025,TTCnotices5062025.txt,25
"506 Carlton: Detour eastbound via Ossington Ave, Dundas St W and Mccaul St due to a collision. Started Wed Jan 15 2025 8:21",route,,506,Carlton,"Detour eastbound via Ossington Ave, Dundas St W and Mccaul St due to a collision. Started Wed Jan 15 2025 8:21",detour,disruption,eastbound,,,"Ossington Ave, Dundas St W and Mccaul St",a collision,2025-01-15T08:21:00-05:00,,506-Carlton,2025-01-15T08:22:00-05:00,2025-01-15T08:24:00-05:00,2025-01-15,08:21,America/Toronto,2025,TTCnotices5062025.txt,607
"506 Carlton: Detour via Ossington Ave, Dundas St W and Mccaul St due to a collision. Started Wed Jan 15 2025 8:25",route,,506,Carlton,"Detour via Ossington Ave, Dundas St W and Mccaul St due to a collision. Started Wed Jan 15 2025 8:25",detour,disruption,,,,"Ossington Ave, Dundas St W and Mccaul St",a collision,2025-01-15T08:25:00-05:00,,506-Carlton,2025-01-15T08:26:00-05:00,2025-01-15T08:52:00-05:00,2025-01-15,08:25,America/Toronto,2025,TTCnotices5062025.txt,610
"506 Carlton: Detour westbound via Mccaul St, Dundas St W and Ossington Ave due to a collision. Started Wed Jan 15 2025 8:51",route,,506,Carlton,"Detour westbound via Mccaul St, Dundas St W and Ossington Ave due to a collision. Started Wed Jan 15 2025 8:51",detour,disruption,westbound,,,"Mccaul St, Dundas St W and Ossington Ave",a collision,2025-01-15T08:51:00-05:00,,506-Carlton,2025-01-15T08:52:00-05:00,2025-01-15T08:56:00-05:00,2025-01-15,08:51,America/Toronto,2025,TTCnotices5062025.txt,613
"506 Carlton: Detour eastbound via Ossington Ave, Dundas St W and Bay St due to a collision. Started Wed Jan 15 2025 8:52",route,,506,Carlton,"Detour eastbound via Ossington Ave, Dundas St W and Bay St due to a collision. Started Wed Jan 15 2025 8:52",detour,disruption,eastbound,,,"Ossington Ave, Dundas St W and Bay St",a collision,2025-01-15T08:52:00-05:00,,506-Carlton,2025-01-15T08:54:00-05:00,2025-01-15T11:52:00-05:00,2025-01-15,08:52,America/Toronto,2025,TTCnotices5062025.txt,616
506 Carlton Regular service has resumed westbound near Main Street Station. Started Wed Jan 15 2025 8:56 Until Wed Jan 15 2025 9:11,route,,506,Carlton,Regular service has resumed westbound near Main Street Station. Started Wed Jan 15 2025 8:56 Until Wed Jan 15 2025 9:11,service_resumed,resumed,westbound,Main Street Station,,,,2025-01-15T08:56:00-05:00,2025-01-15T09:11:00-05:00,506-Carlton,2025-01-15T08:58:00-05:00,2025-01-15T09:10:00-05:00,2025-01-15,08:56,America/Toronto,2025,TTCnotices5062025.txt,619
506 Carlton Regular service has resumed eastbound near College St at Spadina Ave. Started Wed Jan 15 2025 11:52 Until Wed Jan 15 2025 12:07,route,,506,Carlton,Regular service has resumed eastbound near College St at Spadina Ave. Started Wed Jan 15 2025 11:52 Until Wed Jan 15 2025 12:07,service_resumed,resumed,eastbound,College St at Spadina Ave,,,,2025-01-15T11:52:00-05:00,2025-01-15T12:07:00-05:00,506-Carlton,2025-01-15T11:54:00-05:00,2025-01-15T12:06:00-05:00,2025-01-15,11:52,America/Toronto,2025,TTCnotices5062025.txt,622
"506 Carlton: Detour via Spadina Ave, Dundas St W and Bay St due to a collision. Started Thu Jan 16 2025 5:46",route,,506,Carlton,"Detour via Spadina Ave, Dundas St W and Bay St due to a collision. Started Thu Jan 16 2025 5:46",detour,disruption,,,,"Spadina Ave, Dundas St W and Bay St",a collision,2025-01-16T05:46:00-05:00,,506-Carlton,2025-01-16T05:48:00-05:00,2025-01-16T06:36:00-05:00,2025-01-16,05:46,America/Toronto,2025,TTCnotices5062025.txt,625
Queen’s Park: Elevator out of service between College St northeast entrance and concourse. Started Thu Jan 16 2025 5:47,accessibility,Queen’s Park,,,Elevator out of service between College St northeast entrance and concourse. Started Thu Jan 16 2025 5:47,elevator_out_of_service,disruption,,College St northeast entrance,concourse,,,2025-01-16T05:47:00-05:00,,506-Carlton,2025-01-16T05:48:00-05:00,,2025-01-16,05:47,America/Toronto,2025,TTCnotices5062025.txt,28
Queen’s Park: Elevator out of service between College St northeast entrance and concourse. Started Thu Jan 16 2025 5:47,accessibility,Queen’s Park,,,Elevator out of service between College St northeast entrance and concourse. Started Thu Jan 16 2025 5:47,elevator_out_of_service,disruption,,College St northeast entrance,concourse,,,2025-01-16T05:47:00-05:00,,506-Carlton,2025-01-16T05:48:00-05:00,2025-01-16T17:48:00-05:00,2025-01-16,05:47,America/Toronto,2025,TTCnotices5062025.txt,31
506 Carlton Regular service has resumed near College St at University Ave - Queen's Park Station. Started Thu Jan 16 2025 6:37 Until Thu Jan 16 2025 6:52,route,,506,Carlton,Regular service has resumed near College St at University Ave - Queen's Park Station. Started Thu Jan 16 2025 6:37 Until Thu Jan 16 2025 6:52,service_resumed,resumed,,College St at University Ave - Queen's Park Station,,,,2025-01-16T06:37:00-05:00,2025-01-16T06:52:00-05:00,506-Carlton,2025-01-16T06:38:00-05:00,2025-01-16T06:52:00-05:00,2025-01-16,06:37,America/Toronto,2025,TTCnotices5062025.txt,628
Queen’s Park: Elevator back in service between College St northeast entrance and concourse. Started Thu Jan 16 2025 17:50 Until Thu Jan 16 2025 18:05,accessibility,Queen’s Park,,,Elevator back in service between College St northeast entrance and concourse. Started Thu Jan 16 2025 17:50 Until Thu Jan 16 2025 18:05,elevator_back_in_service,resumed,,College St northeast entrance,concourse,,,2025-01-16T17:50:00-05:00,2025-01-16T18:05:00-05:00,506-Carlton,2025-01-16T17:54:00-05:00,2025-01-16T18:06:00-05:00,2025-01-16,17:50,America/Toronto,2025,TTCnotices5062025.txt,34
506 Carlton: No service between Gerrard St East at Coxwell Ave and Main Street Station while we respond to a medical emergency. Started Fri Jan 17 2025 5:45,route,,506,Carlton,No service between Gerrard St East at Coxwell Ave and Main Street Station while we respond to a medical emergency. Started Fri Jan 17 2025 5:45,no_service,disruption,,Gerrard St East at Coxwell Ave,Main Street Station,,we respond to a medical emergency,2025-01-17T05:45:00-05:00,,506-Carlton,2025-01-17T05:46:00-05:00,2025-01-17T05:56:00-05:00,2025-01-17,05:45,America/Toronto,2025,TTCnotices5062025.txt,631
506 Carlton Regular service has resumed between Gerrard St East at Coxwell Ave and Main Street Station. Started Fri Jan 17 2025 5:57 Until Fri Jan 17 2025 6:12,route,,506,Carlton,Regular service has resumed between Gerrard St East at Coxwell Ave and Main Street Station. Started Fri Jan 17 2025 5:57 Until Fri Jan 17 2025 6:12,service_resumed,resumed,,Gerrard St East at Coxwell Ave,Main Street Station,,,2025-01-17T05:57:00-05:00,2025-01-17T06:12:00-05:00,506-Carlton,2025-01-17T05:58:00-05:00,2025-01-17T06:12:00-05:00,2025-01-17,05:57,America/Toronto,2025,TTCnotices5062025.txt,634
"506 Carlton: Detour via Parliament St, Queen St E and Coxwell Ave due to a fire. Started Fri Jan 17 2025 13:42",route,,506,Carlton,"Detour via Parliament St, Queen St E and Coxwell Ave due to a fire. Started Fri Jan 17 2025 13:42",detour,disruption,,,,"Parliament St, Queen St E and Coxwell Ave",a fire,2025-01-17T13:42:00-05:00,,506-Carlton,2025-01-17T13:44:00-05:00,2025-01-17T14:02:00-05:00,2025-01-17,13:42,America/Toronto,2025,TTCnotices5062025.txt,637
506 Carlton Regular service has resumed near Gerrard St East at Greenwood Ave. Started Fri Jan 17 2025 14:02 Until Fri Jan 17 2025 14:17,route,,506,Carlton,Regular service has resumed near Gerrard St East at Greenwood Ave. Started Fri Jan 17 2025 14:02 Until Fri Jan 17 2025 14:17,service_resumed,resumed,,Gerrard St East at Greenwood Ave,,,,2025-01-17T14:02:00-05:00,2025-01-17T14:17:00-05:00,506-Carlton,2025-01-17T14:02:00-05:00,2025-01-17T14:16:00-05:00,2025-01-17,14:02,America/Toronto,2025,TTCnotices5062025.txt,640
506 Carlton: Delays between High Park Loop and Gerrard St East at Parliament St due to a fire. Started Fri Jan 17 2025 14:43,route,,506,Carlton,Delays between High Park Loop and Gerrard St East at Parliament St due to a fire. Started Fri Jan 17 2025 14:43,delay,disruption,,High Park Loop,Gerrard St East at Parliament St,,a fire,2025-01-17T14:43:00-05:00,,506-Carlton,2025-01-17T14:44:00-05:00,2025-01-17T19:20:00-05:00,2025-01-17,14:43,America/Toronto,2025,TTCnotices5062025.txt,643
506 Carlton Regular service has resumed eastbound near Gerrard St East at Broadview Ave. Started Fri Jan 17 2025 15:22 Until Fri Jan 17 2025 15:37,route,,506,Carlton,Regular service has resumed eastbound near Gerrard St East at Broadview Ave. Started Fri Jan 17 2025 15:22 Until Fri Jan 17 2025 15:37,service_resumed,resumed,eastbound,Gerrard St East at Broadview Ave,,,,2025-01-17T15:22:00-05:00,2025-01-17T15:37:00-05:00,506-Carlton,2025-01-17T15:24:00-05:00,2025-01-17T15:38:00-05:00,2025-01-17,15:22,America/Toronto,2025,TTCnotices5062025.txt,646
506 Carlton Regular service has resumed between High Park Loop and Gerrard St East at Parliament St. Started Fri Jan 17 2025 19:20 Until Fri Jan 17 2025 19:35,route,,506,Carlton,Regular service has resumed between High Park Loop and Gerrard St East at Parliament St. Started Fri Jan 17 2025 19:20 Until Fri Jan 17 2025 19:35,service_resumed,resumed,,High Park Loop,Gerrard St East at Parliament St,,,2025-01-17T19:20:00-05:00,2025-01-17T19:35:00-05:00,506-Carlton,2025-01-17T19:22:00-05:00,2025-01-17T19:36:00-05:00,2025-01-17,19:20,America/Toronto,2025,TTCnotices5062025.txt,649
"506 Carlton: Detour via Parliament St, Dundas St E and Church St due to a blocked track. Started Sun Jan 19 2025 19:04",route,,506,Carlton,"Detour via Parliament St, Dundas St E and Church St due to a blocked track. Started Sun Jan 19 2025 19:04",detour,disruption,,,,"Parliament St, Dundas St E and Church St",a blocked track,2025-01-19T19:04:00-05:00,,506-Carlton,2025-01-19T19:04:00-05:00,2025-01-19T20:12:00-05:00,2025-01-19,19:04,America/Toronto,2025,TTCnotices5062025.txt,652
506 Carlton Regular service has resumed near Carlton St at Parliament St. Started Sun Jan 19 2025 20:11 Until Sun Jan 19 2025 20:26,route,,506,Carlton,Regular service has resumed near Carlton St at Parliament St. Started Sun Jan 19 2025 20:11 Until Sun Jan 19 2025 20:26,service_resumed,resumed,,Carlton St at Parliament St,,,,2025-01-19T20:11:00-05:00,2025-01-19T20:26:00-05:00,506-Carlton,2025-01-19T20:12:00-05:00,2025-01-19T20:26:00-05:00,2025-01-19,20:11,America/Toronto,2025,TTCnotices5062025.txt,655
Queen’s Park: Elevator out of service between College St northeast entrance and concourse. Started Sun Jan 19 2025 21:35,accessibility,Queen’s Park,,,Elevator out of service between College St northeast entrance and concourse. Started Sun Jan 19 2025 21:35,elevator_out_of_service,disruption,,College St northeast entrance,concourse,,,2025-01-19T21:35:00-05:00,,506-Carlton,2025-01-19T21:36:00-05:00,2025-01-19T23:20:00-05:00,2025-01-19,21:35,America/Toronto,2025,TTCnotices5062025.txt,37
Queen’s Park: Elevator back in service between College St northeast entrance and concourse. Started Sun Jan 19 2025 23:20 Until Sun Jan 19 2025 23:35,accessibility,Queen’s Park,,,Elevator back in service between College St northeast entrance and concourse. Started Sun Jan 19 2025 23:20 Until Sun Jan 19 2025 23:35,elevator_back_in_service,resumed,,College St northeast entrance,concourse,,,2025-01-19T23:20:00-05:00,2025-01-19T23:35:00-05:00,506-Carlton,2025-01-19T23:20:00-05:00,2025-01-19T23:34:00-05:00,2025-01-19,23:20,America/Toronto,2025,TTCnotices5062025.txt,40
506 Carlton: No service westbound near Howard Park Ave at Parkside Dr while we respond to a medical emergency. Started Mon Jan 20 2025 2:32,route,,506,Carlton,No service westbound near Howard Park Ave at Parkside Dr while we respond to a medical emergency. Started Mon Jan 20 2025 2:32,no_service,disruption,westbound,Howard Park Ave at Parkside Dr,,,we respond to a medical emergency,2025-01-20T02:32:00-05:00,,506-Carlton,2025-01-20T02:32:00-05:00,2025-01-20T02:58:00-05:00,2025-01-20,02:32,America/Toronto,2025,TTCnotices5062025.txt,658
506 Carlton Regular service has resumed westbound near Howard Park Ave at Parkside Dr. Started Mon Jan 20 2025 2:58 Until Mon Jan 20 2025 3:13,route,,506,Carlton,Regular service has resumed westbound near Howard Park Ave at Parkside Dr. Started Mon Jan 20 2025 2:58 Until Mon Jan 20 2025 3:13,service_resumed,resumed,westbound,Howard Park Ave at Parkside Dr,,,,2025-01-20T02:58:00-05:00,2025-01-20T03:13:00-05:00,506-Carlton,2025-01-20T03:00:00-05:00,2025-01-20T03:12:00-05:00,2025-01-20,02:58,America/Toronto,2025,TTCnotices5062025.txt,661
506 Carlton Regular service has resumed between High Park Loop and College St at Lansdowne Ave. Started Mon Jan 20 2025 10:41 Until Mon Jan 20 2025 10:56,route,,506,Carlton,Regular service has resumed between High Park Loop and College St at Lansdowne Ave. Started Mon Jan 20 2025 10:41 Until Mon Jan 20 2025 10:56,service_resumed,resumed,,High Park Loop,College St at Lansdowne Ave,,,2025-01-20T10:41:00-05:00,2025-01-20T10:56:00-05:00,506-Carlton,2025-01-20T10:42:00-05:00,2025-01-20T10:56:00-05:00,2025-01-20,10:41,America/Toronto,2025,TTCnotices5062025.txt,664
Queen’s Park: Elevator out of service between College St northeast entrance and concourse. Started Tue Jan 21 2025 7:29,accessibility,Queen’s Park,,,Elevator out of service between College St northeast entrance and concourse. Started Tue Jan 21 2025 7:29,elevator_out_of_service,disruption,,College St northeast entrance,concourse,,,2025-01-21T07:29:00-05:00,,506-Carlton,2025-01-21T07:30:00-05:00,2025-01-21T10:48:00-05:00,2025-01-21,07:29,America/Toronto,2025,TTCnotices5062025.txt,43
Queen’s Park: Elevator back in service between College St northeast entrance and concourse. Started Tue Jan 21 2025 10:49 Until Tue Jan 21 2025 11:04,accessibility,Queen’s Park,,,Elevator back in service between College St northeast entrance and concourse. Started Tue Jan 21 2025 10:49 Until Tue Jan 21 2025 11:04,elevator_back_in_service,resumed,,College St northeast entrance,concourse,,,2025-01-21T10:49:00-05:00,2025-01-21T11:04:00-05:00,506-Carlton,2025-01-21T10:50:00-05:00,2025-01-21T11:05:00-05:00,2025-01-21,10:49,America/Toronto,2025,TTCnotices5062025.txt,46
506 Carlton: Detour westbound via Bathurst St and Dundas St W due to police activity. Started Thu Jan 23 2025 23:45,route,,506,Carlton,Detour westbound via Bathurst St and Dundas St W due to police activity. Started Thu Jan 23 2025 23:45,detour,disruption,westbound,,,Bathurst St and Dundas St W,police activity,2025-01-23T23:45:00-05:00,,506-Carlton,2025-01-23T23:46:00-05:00,2025-01-24T00:06:00-05:00,2025-01-23,23:45,America/Toronto,2025,TTCnotices5062025.txt,667
506 Carlton Regular service has resumed westbound near College St at Lansdowne Ave. Started Fri Jan 24 2025 0:07 Until Fri Jan 24 2025 0:22,route,,506,Carlton,Regular service has resumed westbound near College St at Lansdowne Ave. Started Fri Jan 24 2025 0:07 Until Fri Jan 24 2025 0:22,service_resumed,resumed,westbound,College St at Lansdowne Ave,,,,2025-01-24T00:07:00-05:00,2025-01-24T00:22:00-05:00,506-Carlton,2025-01-24T00:08:00-05:00,2025-01-24T00:22:00-05:00,2025-01-24,00:07,America/Toronto,2025,TTCnotices5062025.txt,670
Main Street: Elevator out of service between concourse and Line 2 Kipling platform. Started Fri Jan 24 2025 10:43,accessibility,Main Street,,,Elevator out of service between concourse and Line 2 Kipling platform. Started Fri Jan 24 2025 10:43,elevator_out_of_service,disruption,,concourse,Line 2 Kipling platform,,,2025-01-24T10:43:00-05:00,,506-Carlton,2025-01-24T10:44:00-05:00,2025-01-24T14:44:00-05:00,2025-01-24,10:43,America/Toronto,2025,TTCnotices5062025.txt,49
506 Carlton: Delays between College St at University Ave - Queen's Park Station and College St at Bay St due to road work. Started Fri Jan 24 2025 11:00,route,,506,Carlton,Delays between College St at University Ave - Queen's Park Station and College St at Bay St due to road work. Started Fri Jan 24 2025 11:00,delay,disruption,,College St at University Ave - Queen's Park Station,College St at Bay St,,road work,2025-01-24T11:00:00-05:00,,506-Carlton,2025-01-24T11:02:00-05:00,2025-01-24T21:11:00-05:00,2025-01-24,11:00,America/Toronto,2025,TTCnotices5062025.txt,673
Main Street: Elevator back in service between concourse and Line 2 Kipling platform. Started Fri Jan 24 2025 14:44 Until Fri Jan 24 2025 14:59,accessibility,Main Street,,,Elevator back in service between concourse and Line 2 Kipling platform. Started Fri Jan 24 2025 14:44 Until Fri Jan 24 2025 14:59,elevator_back_in_service,resumed,,concourse,Line 2 Kipling platform,,,2025-01-24T14:44:00-05:00,2025-01-24T14:59:00-05:00,506-Carlton,2025-01-24T14:46:00-05:00,2025-01-24T14:58:00-05:00,2025-01-24,14:44,America/Toronto,2025,TTCnotices5062025.txt,52
506 Carlton Regular service has resumed between College St at University Ave - Queen's Park Station and College St at Bay St. Started Fri Jan 24 2025 21:11 Until Fri Jan 24 2025 21:26,route,,506,Carlton,Regular service has resumed between College St at University Ave - Queen's Park Station and College St at Bay St. Started Fri Jan 24 2025 21:11 Until Fri Jan 24 2025 21:26,service_resumed,resumed,,College St at University Ave - Queen's Park Station,College St at Bay St,,,2025-01-24T21:11:00-05:00,2025-01-24T21:26:00-05:00,506-Carlton,2025-01-24T21:12:00-05:00,2025-01-24T21:27:00-05:00,2025-01-24,21:11,America/Toronto,2025,TTCnotices5062025.txt,676
"506 Carlton: Detour westbound via Parliament St, Dundas St E and Church St while we fix a mechanical problem. Started Sat Jan 25 2025 14:05",route,,506,Carlton,"Detour westbound via Parliament St, Dundas St E and Church St while we fix a mechanical problem. Started Sat Jan 25 2025 14:05",detour,disruption,westbound,,,"Parliament St, Dundas St E and Church St",we fix a mechanical problem,2025-01-25T14:05:00-05:00,,506-Carlton,2025-01-25T14:06:00-05:00,2025-01-25T14:32:00-05:00,2025-01-25,14:05,America/Toronto,2025,TTCnotices5062025.txt,679
506 Carlton Regular service has resumed westbound near Carlton St at Ontario St. Started Sat Jan 25 2025 14:33 Until Sat Jan 25 2025 14:48,route,,506,Carlton,Regular service has resumed westbound near Carlton St at Ontario St. Started Sat Jan 25 2025 14:33 Until Sat Jan 25 2025 14:48,service_resumed,resumed,westbound,Carlton St at Ontario St,,,,2025-01-25T14:33:00-05:00,2025-01-25T14:48:00-05:00,506-Carlton,2025-01-25T14:34:00-05:00,2025-01-25T14:48:00-05:00,2025-01-25,14:33,America/Toronto,2025,TTCnotices5062025.txt,682
"506 Carlton: Detour eastbound via Bay St, Dundas St W and Ossington Ave due to a collision. Started Sun Jan 26 2025 0:54",route,,506,Carlton,"Detour eastbound via Bay St, Dundas St W and Ossington Ave due to a collision. Started Sun Jan 26 2025 0:54",detour,disruption,eastbound,,,"Bay St, Dundas St W and Ossington Ave",a collision,2025-01-26T00:54:00-05:00,,506-Carlton,2025-01-26T00:56:00-05:00,2025-01-26T01:12:00-05:00,2025-01-26,00:54,America/Toronto,2025,TTCnotices5062025.txt,685
506 Carlton Regular service has resumed eastbound near College St at Augusta Ave. Started Sun Jan 26 2025 1:13 Until Sun Jan 26 2025 1:28,route,,506,Carlton,Regular service has resumed eastbound near College St at Augusta Ave. Started Sun Jan 26 2025 1:13 Until Sun Jan 26 2025 1:28,service_resumed,resumed,eastbound,College St at Augusta Ave,,,,2025-01-26T01:13:00-05:00,2025-01-26T01:28:00-05:00,506-Carlton,2025-01-26T01:14:00-05:00,2025-01-26T01:14:00-05:00,2025-01-26,01:13,America/Toronto,2025,TTCnotices5062025.txt,688
"506 Carlton: Detour westbound via Bay St, Dundas St W and Ossington Ave due to a collision. Started Mon Jan 27 2025 15:52",route,,506,Carlton,"Detour westbound via Bay St, Dundas St W and Ossington Ave due to a collision. Started Mon Jan 27 2025 15:52",detour,disruption,westbound,,,"Bay St, Dundas St W and Ossington Ave",a collision,2025-01-27T15:52:00-05:00,,506-Carlton,2025-01-27T15:54:00-05:00,2025-01-27T17:28:00-05:00,2025-01-27,15:52,America/Toronto,2025,TTCnotices5062025.txt,691
506 Carlton Regular service has resumed westbound near College St at Spadina Ave. Started Mon Jan 27 2025 17:27 Until Mon Jan 27 2025 17:42,route,,506,Carlton,Regular service has resumed westbound near College St at Spadina Ave. Started Mon Jan 27 2025 17:27 Until Mon Jan 27 2025 17:42,service_resumed,resumed,westbound,College St at Spadina Ave,,,,2025-01-27T17:27:00-05:00,2025-01-27T17:42:00-05:00,506-Carlton,2025-01-27T17:28:00-05:00,2025-01-27T17:42:00-05:00,2025-01-27,17:27,America/Toronto,2025,TTCnotices5062025.txt,694
506 Carlton: Detour westbound via Bathurst St and Dundas St W due to a collision. Started Tue Jan 28 2025 20:24,route,,506,Carlton,Detour westbound via Bathurst St and Dundas St W due to a collision. Started Tue Jan 28 2025 20:24,detour,disruption,westbound,,,Bathurst St and Dundas St W,a collision,2025-01-28T20:24:00-05:00,,506-Carlton,2025-01-28T20:24:00-05:00,2025-01-28T20:46:00-05:00,2025-01-28,20:24,America/Toronto,2025,TTCnotices5062025.txt,697
506 Carlton Regular service has resumed westbound near College St at Dufferin St. Started Tue Jan 28 2025 20:47 Until Tue Jan 28 2025 21:02,route,,506,Carlton,Regular service has resumed westbound near College St at Dufferin St. Started Tue Jan 28 2025 20:47 Until Tue Jan 28 2025 21:02,service_resumed,resumed,westbound,College St at Dufferin St,,,,2025-01-28T20:47:00-05:00,2025-01-28T21:02:00-05:00,506-Carlton,2025-01-28T20:48:00-05:00,2025-01-28T21:02:00-05:00,2025-01-28,20:47,America/Toronto,2025,TTCnotices5062025.txt,700
"506 Carlton: Detour eastbound via Spadina Ave, Dundas St W and Bay St due to a collision. Started Sat Feb 1 2025 16:47",route,,506,Carlton,"Detour eastbound via Spadina Ave, Dundas St W and Bay St due to a collision. Started Sat Feb 1 2025 16:47",detour,disruption,eastbound,,,"Spadina Ave, Dundas St W and Bay St",a collision,2025-02-01T16:47:00-05:00,,506-Carlton,2025-02-01T16:48:00-05:00,2025-02-01T17:14:00-05:00,2025-02-01,16:47,America/Toronto,2025,TTCnotices5062025.txt,703
506 Carlton Regular service has resumed eastbound near College St at Elizabeth St. Started Sat Feb 1 2025 17:14 Until Sat Feb 1 2025 17:29,route,,506,Carlton,Regular service has resumed eastbound near College St at Elizabeth St. Started Sat Feb 1 2025 17:14 Until Sat Feb 1 2025 17:29,service_resumed,resumed,eastbound,College St at Elizabeth St,,,,2025-02-01T17:14:00-05:00,2025-02-01T17:29:00-05:00,506-Carlton,2025-02-01T17:16:00-05:00,2025-02-01T17:28:00-05:00,2025-02-01,17:14,America/Toronto,2025,TTCnotices5062025.txt,706
"506 Carlton: Detour westbound via Parliament St, Dundas St E and Church St due to a blocked track. Started Sat Feb 1 2025 22:03",route,,506,Carlton,"Detour westbound via Parliament St, Dundas St E and Church St due to a blocked track. Started Sat Feb 1 2025 22:03",detour,disruption,westbound,,,"Parliament St, Dundas St E and Church St",a blocked track,2025-02-01T22:03:00-05:00,,506-Carlton,2025-02-01T22:04:00-05:00,2025-02-01T22:32:00-05:00,2025-02-01,22:03,America/Toronto,2025,TTCnotices5062025.txt,709
506 Carlton Regular service has resumed westbound near Carlton St at Church St. Started Sat Feb 1 2025 22:33 Until Sat Feb 1 2025 22:48,route,,506,Carlton,Regular service has resumed westbound near Carlton St at Church St. Started Sat Feb 1 2025 22:33 Until Sat Feb 1 2025 22:48,service_resumed,resumed,westbound,Carlton St at Church St,,,,2025-02-01T22:33:00-05:00,2025-02-01T22:48:00-05:00,506-Carlton,2025-02-01T22:34:00-05:00,2025-02-01T22:46:00-05:00,2025-02-01,22:33,America/Toronto,2025,TTCnotices5062025.txt,712
506 Carlton: No service between Main Street Station and Coxwell Ave at Lower Gerrard St East due to a security incident. Started Sun Feb 2 2025 7:16,route,,506,Carlton,No service between Main Street Station and Coxwell Ave at Lower Gerrard St East due to a security incident. Started Sun Feb 2 2025 7:16,no_service,disruption,,Main Street Station,Coxwell Ave at Lower Gerrard St East,,a security incident,2025-02-02T07:16:00-05:00,,506-Carlton,2025-02-02T07:16:00-05:00,2025-02-02T20:24:00-05:00,2025-02-02,07:16,America/Toronto,2025,TTCnotices5062025.txt,715
506 Carlton Regular service has resumed between Main Street Station and Coxwell Ave at Lower Gerrard St East. Started Sun Feb 2 2025 20:24 Until Sun Feb 2 2025 20:39,route,,506,Carlton,Regular service has resumed between Main Street Station and Coxwell Ave at Lower Gerrard St East. Started Sun Feb 2 2025 20:24 Until Sun Feb 2 2025 20:39,service_resumed,resumed,,Main Street Station,Coxwell Ave at Lower Gerrard St East,,,2025-02-02T20:24:00-05:00,2025-02-02T20:39:00-05:00,506-Carlton,2025-02-02T20:26:00-05:00,2025-02-02T20:40:00-05:00,2025-02-02,20:24,America/Toronto,2025,TTCnotices5062025.txt,718
"506 Carlton: Detour eastbound via Parliament St, Queen St E, Broadview Ave and Gerrard St E due to a collision. Started Mon Feb 3 2025 7:16",route,,506,Carlton,"Detour eastbound via Parliament St, Queen St E, Broadview Ave and Gerrard St E due to a collision. Started Mon Feb 3 2025 7:16",detour,disruption,eastbound,,,"Parliament St, Queen St E, Broadview Ave and Gerrard St E",a collision,2025-02-03T07:16:00-05:00,,506-Carlton,2025-02-03T07:18:00-05:00,2025-02-03T08:30:00-05:00,2025-02-03,07:16,America/Toronto,2025,TTCnotices5062025.txt,721
"506 Carlton: Detour westbound via Gerrard St E, Broadview Ave, Dundas St E and Parliament St due to a collision. Started Mon Feb 3 2025 7:18",route,,506,Carlton,"Detour westbound via Gerrard St E, Broadview Ave, Dundas St E and Parliament St due to a collision. Started Mon Feb 3 2025 7:18",detour,disruption,westbound,,,"Gerrard St E, Broadview Ave, Dundas St E and Parliament St",a collision,2025-02-03T07:18:00-05:00,,506-Carlton,2025-02-03T07:20:00-05:00,2025-02-03T08:28:00-05:00,2025-02-03,07:18,America/Toronto,2025,TTCnotices5062025.txt,724
506 Carlton Regular service has resumed eastbound near Gerrard St East at River St. Started Mon Feb 3 2025 8:29 Until Mon Feb 3 2025 8:44,route,,506,Carlton,Regular service has resumed eastbound near Gerrard St East at River St. Started Mon Feb 3 2025 8:29 Until Mon Feb 3 2025 8:44,service_resumed,resumed,eastbound,Gerrard St East at River St,,,,2025-02-03T08:29:00-05:00,2025-02-03T08:44:00-05:00,506-Carlton,2025-02-03T08:30:00-05:00,2025-02-03T08:45:00-05:00,2025-02-03,08:29,America/Toronto,2025,TTCnotices5062025.txt,730
506 Carlton Regular service has resumed westbound near Gerrard St East at River St. Started Mon Feb 3 2025 8:29 Until Mon Feb 3 2025 8:44,route,,506,Carlton,Regular service has resumed westbound near Gerrard St East at River St. Started Mon Feb 3 2025 8:29 Until Mon Feb 3 2025 8:44,service_resumed,resumed,westbound,Gerrard St East at River St,,,,2025-02-03T08:29:00-05:00,2025-02-03T08:44:00-05:00,506-Carlton,2025-02-03T08:30:00-05:00,2025-02-03T08:44:00-05:00,2025-02-03,08:29,America/Toronto,2025,TTCnotices5062025.txt,727
Wellesley: Elevator out of service between Wellesley St entrance to Line 1 Finch platform. Started Tue Feb 4 2025 13:27,accessibility,Wellesley,,,Elevator out of service between Wellesley St entrance to Line 1 Finch platform. Started Tue Feb 4 2025 13:27,elevator_out_of_service,disruption,,,,,,2025-02-04T13:27:00-05:00,,506-Carlton,2025-02-04T13:28:00-05:00,2025-02-04T14:32:00-05:00,2025-02-04,13:27,America/Toronto,2025,TTCnotices5062025.txt,55
Wellesley: Elevator back in service between Wellesley St entrance to Line 1 Finch platform. Started Tue Feb 4 2025 14:31 Until Tue Feb 4 2025 14:46,accessibility,Wellesley,,,Elevator back in service between Wellesley St entrance to Line 1 Finch platform. Started Tue Feb 4 2025 14:31 Until Tue Feb 4 2025 14:46,elevator_back_in_service,resumed,,,,,,2025-02-04T14:31:00-05:00,2025-02-04T14:46:00-05:00,506-Carlton,2025-02-04T14:32:00-05:00,2025-02-04T14:46:00-05:00,2025-02-04,14:31,America/Toronto,2025,TTCnotices5062025.txt,58
"506 Carlton: Detour westbound via Parliament St, Dundas St E and Bay St while we deal with a disruptive customer. Started Wed Feb 5 2025 2:57",route,,506,Carlton,"Detour westbound via Parliament St, Dundas St E and Bay St while we deal with a disruptive customer. Started Wed Feb 5 2025 2:57",detour,disruption,westbound,,,"Parliament St, Dundas St E and Bay St",we deal with a disruptive customer,2025-02-05T02:57:00-05:00,,506-Carlton,2025-02-05T02:58:00-05:00,2025-02-05T03:04:00-05:00,2025-02-05,02:57,America/Toronto,2025,TTCnotices5062025.txt,733
506 Carlton Regular service has resumed westbound near College St at Bay St. Started Wed Feb 5 2025 3:05 Until Wed Feb 5 2025 3:20,route,,506,Carlton,Regular service has resumed westbound near College St at Bay St. Started Wed Feb 5 2025 3:05 Until Wed Feb 5 2025 3:20,service_resumed,resumed,westbound,College St at Bay St,,,,2025-02-05T03:05:00-05:00,2025-02-05T03:20:00-05:00,506-Carlton,2025-02-05T03:06:00-05:00,2025-02-05T03:20:00-05:00,2025-02-05,03:05,America/Toronto,2025,TTCnotices5062025.txt,736
"506 Carlton: Detour eastbound via Ossington Ave, Dundas St W and Bay St while we deal with an operational problem. Started Wed Feb 5 2025 18:59",route,,506,Carlton,"Detour eastbound via Ossington Ave, Dundas St W and Bay St while we deal with an operational problem. Started Wed Feb 5 2025 18:59",detour,disruption,eastbound,,,"Ossington Ave, Dundas St W and Bay St",we deal with an operational problem,2025-02-05T18:59:00-05:00,,506-Carlton,2025-02-05T19:00:00-05:00,2025-02-05T19:10:00-05:00,2025-02-05,18:59,America/Toronto,2025,TTCnotices5062025.txt,739
"506 Carlton: Detour eastbound via Ossington Ave, Dundas St W and Bay St while we deal with an operational problem. Started Wed Feb 5 2025 19:11 Shuttle buses ordered.",route,,506,Carlton,"Detour eastbound via Ossington Ave, Dundas St W and Bay St while we deal with an operational problem. Started Wed Feb 5 2025 19:11 Shuttle buses ordered.",detour,disruption,eastbound,,,"Ossington Ave, Dundas St W and Bay St",we deal with an operational problem,2025-02-05T19:11:00-05:00,,506-Carlton,2025-02-05T19:12:00-05:00,2025-02-05T19:22:00-05:00,2025-02-05,19:11,America/Toronto,2025,TTCnotices5062025.txt,742
506 Carlton Regular service has resumed eastbound near College St at Spadina Ave. Started Wed Feb 5 2025 19:23 Until Wed Feb 5 2025 19:38 Shuttle buses ordered.,route,,506,Carlton,Regular service has resumed eastbound near College St at Spadina Ave. Started Wed Feb 5 2025 19:23 Until Wed Feb 5 2025 19:38 Shuttle buses ordered.,service_resumed,resumed,eastbound,College St at Spadina Ave,,,,2025-02-05T19:23:00-05:00,2025-02-05T19:38:00-05:00,506-Carlton,2025-02-05T19:24:00-05:00,2025-02-05T19:38:00-05:00,2025-02-05,19:23,America/Toronto,2025,TTCnotices5062025.txt,746
"506 Carlton: Detour westbound via Parliament St, Dundas St E and Adelaide St E due to a blocked track. Started Thu Feb 6 2025 14:01",route,,506,Carlton,"Detour westbound via Parliament St, Dundas St E and Adelaide St E due to a blocked track. Started Thu Feb 6 2025 14:01",detour,disruption,westbound,,,"Parliament St, Dundas St E and Adelaide St E",a blocked track,2025-02-06T14:01:00-05:00,,506-Carlton,2025-02-06T14:02:00-05:00,2025-02-06T14:16:00-05:00,2025-02-06,14:01,America/Toronto,2025,TTCnotices5062025.txt,750
506 Carlton Regular service has resumed westbound near Parliament St at Carlton St. Started Thu Feb 6 2025 14:15 Until Thu Feb 6 2025 14:30,route,,506,Carlton,Regular service has resumed westbound near Parliament St at Carlton St. Started Thu Feb 6 2025 14:15 Until Thu Feb 6 2025 14:30,service_resumed,resumed,westbound,Parliament St at Carlton St,,,,2025-02-06T14:15:00-05:00,2025-02-06T14:30:00-05:00,506-Carlton,2025-02-06T14:16:00-05:00,2025-02-06T14:30:00-05:00,2025-02-06,14:15,America/Toronto,2025,TTCnotices5062025.txt,753
506 Carlton: No service between Main Street Station and Gerrard St East at Coxwell Ave due to police activity. Started Thu Feb 6 2025 21:22,route,,506,Carlton,No service between Main Street Station and Gerrard St East at Coxwell Ave due to police activity. Started Thu Feb 6 2025 21:22,no_service,disruption,,Main Street Station,Gerrard St East at Coxwell Ave,,police activity,2025-02-06T21:22:00-05:00,,506-Carlton,2025-02-06T21:24:00-05:00,2025-02-06T21:28:00-05:00,2025-02-06,21:22,America/Toronto,2025,TTCnotices5062025.txt,756
506 Carlton Regular service has resumed between Main Street Station and Gerrard St East at Coxwell Ave. Started Thu Feb 6 2025 21:29 Until Thu Feb 6 2025 21:44,route,,506,Carlton,Regular service has resumed between Main Street Station and Gerrard St East at Coxwell Ave. Started Thu Feb 6 2025 21:29 Until Thu Feb 6 2025 21:44,service_resumed,resumed,,Main Street Station,Gerrard St East at Coxwell Ave,,,2025-02-06T21:29:00-05:00,2025-02-06T21:44:00-05:00,506-Carlton,2025-02-06T21:30:00-05:00,2025-02-06T21:38:00-05:00,2025-02-06,21:29,America/Toronto,2025,TTCnotices5062025.txt,759
506 Carlton: Delays eastbound from Parliament St at Gerrard St East to Gerrard St East at Carlaw Ave due to construction. Started Fri Feb 7 2025 13:09,route,,506,Carlton,Delays eastbound from Parliament St at Gerrard St East to Gerrard St East at Carlaw Ave due to construction. Started Fri Feb 7 2025 13:09,delay,disruption,eastbound,Parliament St at Gerrard St East,Gerrard St East at Carlaw Ave,,construction,2025-02-07T13:09:00-05:00,,506-Carlton,2025-02-07T13:10:00-05:00,2025-02-07T23:32:00-05:00,2025-02-07,13:09,America/Toronto,2025,TTCnotices5062025.txt,762
"506 Carlton: Detour westbound via Carlton St, Bay St, Dundas St W and Spadina Ave while we respond to a medical emergency. Started Fri Feb 7 2025 13:55",route,,506,Carlton,"Detour westbound via Carlton St, Bay St, Dundas St W and Spadina Ave while we respond to a medical emergency. Started Fri Feb 7 2025 13:55",detour,disruption,westbound,,,"Carlton St, Bay St, Dundas St W and Spadina Ave",we respond to a medical emergency,2025-02-07T13:55:00-05:00,,506-Carlton,2025-02-07T13:57:00-05:00,2025-02-07T14:26:00-05:00,2025-02-07,13:55,America/Toronto,2025,TTCnotices5062025.txt,765
"506 Carlton: Detour westbound via Gerrard St W, Parliament St, Dundas St W and Spadina Ave while we respond to a medical emergency. Started Fri Feb 7 2025 14:22",route,,506,Carlton,"Detour westbound via Gerrard St W, Parliament St, Dundas St W and Spadina Ave while we respond to a medical emergency. Started Fri Feb 7 2025 14:22",detour,disruption,westbound,,,"Gerrard St W, Parliament St, Dundas St W and Spadina Ave",we respond to a medical emergency,2025-02-07T14:22:00-05:00,,506-Carlton,2025-02-07T14:24:00-05:00,2025-02-07T14:54:00-05:00,2025-02-07,14:22,America/Toronto,2025,TTCnotices5062025.txt,768
506 Carlton Regular service has resumed westbound near College St at Spadina Ave. Started Fri Feb 7 2025 14:25 Until Fri Feb 7 2025 14:40,route,,506,Carlton,Regular service has resumed westbound near College St at Spadina Ave. Started Fri Feb 7 2025 14:25 Until Fri Feb 7 2025 14:40,service_resumed,resumed,westbound,College St at Spadina Ave,,,,2025-02-07T14:25:00-05:00,2025-02-07T14:40:00-05:00,506-Carlton,2025-02-07T14:26:00-05:00,2025-02-07T14:40:00-05:00,2025-02-07,14:25,America/Toronto,2025,TTCnotices5062025.txt,771
"506 Carlton: Detour eastbound via College St, Ossington Ave, Dundas St E and Bay St due to a collision. Started Fri Feb 7 2025 14:31",route,,506,Carlton,"Detour eastbound via College St, Ossington Ave, Dundas St E and Bay St due to a collision. Started Fri Feb 7 2025 14:31",detour,disruption,eastbound,,,"College St, Ossington Ave, Dundas St E and Bay St",a collision,2025-02-07T14:31:00-05:00,,506-Carlton,2025-02-07T14:32:00-05:00,2025-02-07T14:44:00-05:00,2025-02-07,14:31,America/Toronto,2025,TTCnotices5062025.txt,774
"506 Carlton: Detour via Parliament St, Dundas St E and Ossington Ave due to a collision. Started Fri Feb 7 2025 14:45",route,,506,Carlton,"Detour via Parliament St, Dundas St E and Ossington Ave due to a collision. Started Fri Feb 7 2025 14:45",detour,disruption,,,,"Parliament St, Dundas St E and Ossington Ave",a collision,2025-02-07T14:45:00-05:00,,506-Carlton,2025-02-07T14:46:00-05:00,2025-02-07T15:02:00-05:00,2025-02-07,14:45,America/Toronto,2025,TTCnotices5062025.txt,777
506 Carlton Regular service has resumed westbound near Parliament St at Carlton St. Started Fri Feb 7 2025 14:53 Until Fri Feb 7 2025 15:08,route,,506,Carlton,Regular service has resumed westbound near Parliament St at Carlton St. Started Fri Feb 7 2025 14:53 Until Fri Feb 7 2025 15:08,service_resumed,resumed,westbound,Parliament St at Carlton St,,,,2025-02-07T14:53:00-05:00,2025-02-07T15:08:00-05:00,506-Carlton,2025-02-07T14:54:00-05:00,2025-02-07T15:09:00-05:00,2025-02-07,14:53,America/Toronto,2025,TTCnotices5062025.txt,780
506 Carlton Regular service has resumed near College St at Bathurst St. Started Fri Feb 7 2025 15:05 Until Fri Feb 7 2025 15:20,route,,506,Carlton,Regular service has resumed near College St at Bathurst St. Started Fri Feb 7 2025 15:05 Until Fri Feb 7 2025 15:20,service_resumed,resumed,,College St at Bathurst St,,,,2025-02-07T15:05:00-05:00,2025-02-07T15:20:00-05:00,506-Carlton,2025-02-07T15:06:00-05:00,2025-02-07T15:20:00-05:00,2025-02-07,15:05,America/Toronto,2025,TTCnotices5062025.txt,783
506 Carlton: No service between College St at Lansdowne Ave and High Park Loop due to a security incident. Started Sat Feb 8 2025 6:39,route,,506,Carlton,No service between College St at Lansdowne Ave and High Park Loop due to a security incident. Started Sat Feb 8 2025 6:39,no_service,disruption,,College St at Lansdowne Ave,High Park Loop,,a security incident,2025-02-08T06:39:00-05:00,,506-Carlton,2025-02-08T06:40:00-05:00,2025-02-08T06:54:00-05:00,2025-02-08,06:39,America/Toronto,2025,TTCnotices5062025.txt,786
506 Carlton: No service between College St at Lansdowne Ave and High Park Loop due to a security incident. Shuttle buses are on the way. Started Sat Feb 8 2025 6:54,route,,506,Carlton,No service between College St at Lansdowne Ave and High Park Loop due to a security incident. Shuttle buses are on the way. Started Sat Feb 8 2025 6:54,no_service,disruption,,College St at Lansdowne Ave,High Park Loop,,a security incident. Shuttle buses are on the way,2025-02-08T06:54:00-05:00,,506-Carlton,2025-02-08T06:56:00-05:00,,2025-02-08,06:54,America/Toronto,2025,TTCnotices5062025.txt,789
506 Carlton Regular service has resumed between College St at Lansdowne Ave and High Park Loop. Started Sat Feb 8 2025 6:55 Until Sat Feb 8 2025 7:10,route,,506,Carlton,Regular service has resumed between College St at Lansdowne Ave and High Park Loop. Started Sat Feb 8 2025 6:55 Until Sat Feb 8 2025 7:10,service_resumed,resumed,,College St at Lansdowne Ave,High Park Loop,,,2025-02-08T06:55:00-05:00,2025-02-08T07:10:00-05:00,506-Carlton,2025-02-08T06:56:00-05:00,2025-02-08T07:10:00-05:00,2025-02-08,06:55,America/Toronto,2025,TTCnotices5062025.txt,792
506 Carlton: Detour westbound via Bathurst St and Dundas St W due to a collision. Started Sat Feb 8 2025 21:11,route,,506,Carlton,Detour westbound via Bathurst St and Dundas St W due to a collision. Started Sat Feb 8 2025 21:11,detour,disruption,westbound,,,Bathurst St and Dundas St W,a collision,2025-02-08T21:11:00-05:00,,506-Carlton,2025-02-08T21:12:00-05:00,2025-02-08T22:44:00-05:00,2025-02-08,21:11,America/Toronto,2025,TTCnotices5062025.txt,795
506 Carlton Regular service has resumed westbound near College St at Brock Ave. Started Sat Feb 8 2025 22:44 Until Sat Feb 8 2025 22:59,route,,506,Carlton,Regular service has resumed westbound near College St at Brock Ave. Started Sat Feb 8 2025 22:44 Until Sat Feb 8 2025 22:59,service_resumed,resumed,westbound,College St at Brock Ave,,,,2025-02-08T22:44:00-05:00,2025-02-08T22:59:00-05:00,506-Carlton,2025-02-08T22:46:00-05:00,2025-02-08T23:00:00-05:00,2025-02-08,22:44,America/Toronto,2025,TTCnotices5062025.txt,798
506 Carlton: No service westbound from College St at Lansdowne Ave to High Park Loop due to a track problem. Started Mon Feb 10 2025 8:28,route,,506,Carlton,No service westbound from College St at Lansdowne Ave to High Park Loop due to a track problem. Started Mon Feb 10 2025 8:28,no_service,disruption,westbound,College St at Lansdowne Ave,High Park Loop,,a track problem,2025-02-10T08:28:00-05:00,,506-Carlton,2025-02-10T08:30:00-05:00,2025-02-10T08:32:00-05:00,2025-02-10,08:28,America/Toronto,2025,TTCnotices5062025.txt,801
506 Carlton Regular service has resumed westbound from College St at Lansdowne Ave to High Park Loop. Started Mon Feb 10 2025 8:32 Until Mon Feb 10 2025 8:47,route,,506,Carlton,Regular service has resumed westbound from College St at Lansdowne Ave to High Park Loop. Started Mon Feb 10 2025 8:32 Until Mon Feb 10 2025 8:47,service_resumed,resumed,westbound,College St at Lansdowne Ave,High Park Loop,,,2025-02-10T08:32:00-05:00,2025-02-10T08:47:00-05:00,506-Carlton,2025-02-10T08:32:00-05:00,2025-02-10T08:46:00-05:00,2025-02-10,08:32,America/Toronto,2025,TTCnotices5062025.txt,804
506 Carlton: No service between Main Street Station and Coxwell Ave at Lower Gerrard St East due to a blocked track. Started Mon Feb 10 2025 8:50,route,,506,Carlton,No service between Main Street Station and Coxwell Ave at Lower Gerrard St East due to a blocked track. Started Mon Feb 10 2025 8:50,no_service,disruption,,Main Street Station,Coxwell Ave at Lower Gerrard St East,,a blocked track,2025-02-10T08:50:00-05:00,,506-Carlton,2025-02-10T08:52:00-05:00,2025-02-10T12:26:00-05:00,2025-02-10,08:50,America/Toronto,2025,TTCnotices5062025.txt,807
506 Carlton Regular service has resumed between Main Street Station and Coxwell Ave at Lower Gerrard St East. Started Mon Feb 10 2025 12:25 Until Mon Feb 10 2025 12:40,route,,506,Carlton,Regular service has resumed between Main Street Station and Coxwell Ave at Lower Gerrard St East. Started Mon Feb 10 2025 12:25 Until Mon Feb 10 2025 12:40,service_resumed,resumed,,Main Street Station,Coxwell Ave at Lower Gerrard St East,,,2025-02-10T12:25:00-05:00,2025-02-10T12:40:00-05:00,506-Carlton,2025-02-10T12:26:00-05:00,2025-02-10T12:40:00-05:00,2025-02-10,12:25,America/Toronto,2025,TTCnotices5062025.txt,810
"506 Carlton: Detour eastbound via Broadview Ave, Queen St E, Coxwell Ave and Main St due to a blocked track. Started Wed Feb 12 2025 14:43",route,,506,Carlton,"Detour eastbound via Broadview Ave, Queen St E, Coxwell Ave and Main St due to a blocked track. Started Wed Feb 12 2025 14:43",detour,disruption,eastbound,,,"Broadview Ave, Queen St E, Coxwell Ave and Main St",a blocked track,2025-02-12T14:43:00-05:00,,506-Carlton,2025-02-12T14:44:00-05:00,2025-02-12T15:28:00-05:00,2025-02-12,14:43,America/Toronto,2025,TTCnotices5062025.txt,813
506 Carlton Regular service has resumed eastbound near Gerrard St East at Greenwood Ave. Started Wed Feb 12 2025 15:27 Until Wed Feb 12 2025 15:42,route,,506,Carlton,Regular service has resumed eastbound near Gerrard St East at Greenwood Ave. Started Wed Feb 12 2025 15:27 Until Wed Feb 12 2025 15:42,service_resumed,resumed,eastbound,Gerrard St East at Greenwood Ave,,,,2025-02-12T15:27:00-05:00,2025-02-12T15:42:00-05:00,506-Carlton,2025-02-12T15:28:00-05:00,2025-02-12T15:42:00-05:00,2025-02-12,15:27,America/Toronto,2025,TTCnotices5062025.txt,816
"506 Carlton: Detour eastbound via Church St, Dundas St E and Parliament St while we deal with an operational problem. Started Wed Feb 12 2025 20:11",route,,506,Carlton,"Detour eastbound via Church St, Dundas St E and Parliament St while we deal with an operational problem. Started Wed Feb 12 2025 20:11",detour,disruption,eastbound,,,"Church St, Dundas St E and Parliament St",we deal with an operational problem,2025-02-12T20:11:00-05:00,,506-Carlton,2025-02-12T20:12:00-05:00,2025-02-12T20:14:00-05:00,2025-02-12,20:11,America/Toronto,2025,TTCnotices5062025.txt,819
"506 Carlton: Detour eastbound via Church St, Dundas St E, Parliament St and Gerrard St E while we deal with an operational problem. Started Wed Feb 12 2025 20:14",route,,506,Carlton,"Detour eastbound via Church St, Dundas St E, Parliament St and Gerrard St E while we deal with an operational problem. Started Wed Feb 12 2025 20:14",detour,disruption,eastbound,,,"Church St, Dundas St E, Parliament St and Gerrard St E",we deal with an operational problem,2025-02-12T20:14:00-05:00,,506-Carlton,2025-02-12T20:16:00-05:00,2025-02-13T04:16:00-05:00,2025-02-12,20:14,America/Toronto,2025,TTCnotices5062025.txt,822
"506 Carlton: Detour via Broadview Ave, Dundas St W and Parliament St while we deal with an operational problem. Started Thu Feb 13 2025 3:32",route,,506,Carlton,"Detour via Broadview Ave, Dundas St W and Parliament St while we deal with an operational problem. Started Thu Feb 13 2025 3:32",detour,disruption,,,,"Broadview Ave, Dundas St W and Parliament St",we deal with an operational problem,2025-02-13T03:32:00-05:00,,506-Carlton,2025-02-13T03:32:00-05:00,2025-02-13T03:38:00-05:00,2025-02-13,03:32,America/Toronto,2025,TTCnotices5062025.txt,825
"506 Carlton: Detour westbound via Bathurst St, Dundas St W and Lansdowne Ave while we deal with an operational problem. Started Thu Feb 13 2025 4:51",route,,506,Carlton,"Detour westbound via Bathurst St, Dundas St W and Lansdowne Ave while we deal with an operational problem. Started Thu Feb 13 2025 4:51",detour,disruption,westbound,,,"Bathurst St, Dundas St W and Lansdowne Ave",we deal with an operational problem,2025-02-13T04:51:00-05:00,,506-Carlton,2025-02-13T04:52:00-05:00,2025-02-13T04:54:00-05:00,2025-02-13,04:51,America/Toronto,2025,TTCnotices5062025.txt,828
506 Carlton: No service westbound from College St at Lansdowne Ave to High Park Loop while we deal with an operational problem. Started Thu Feb 13 2025 4:55,route,,506,Carlton,No service westbound from College St at Lansdowne Ave to High Park Loop while we deal with an operational problem. Started Thu Feb 13 2025 4:55,no_service,disruption,westbound,College St at Lansdowne Ave,High Park Loop,,we deal with an operational problem,2025-02-13T04:55:00-05:00,,506-Carlton,2025-02-13T04:56:00-05:00,2025-02-13T05:14:00-05:00,2025-02-13,04:55,America/Toronto,2025,TTCnotices5062025.txt,831
506 Carlton: No service westbound from College St at Lansdowne Ave to High Park Loop while we fix a mechanical problem. Started Thu Feb 13 2025 5:14,route,,506,Carlton,No service westbound from College St at Lansdowne Ave to High Park Loop while we fix a mechanical problem. Started Thu Feb 13 2025 5:14,no_service,disruption,westbound,College St at Lansdowne Ave,High Park Loop,,we fix a mechanical problem,2025-02-13T05:14:00-05:00,,506-Carlton,2025-02-13T05:14:00-05:00,2025-02-13T05:36:00-05:00,2025-02-13,05:14,America/Toronto,2025,TTCnotices5062025.txt,834
506 Carlton: No service westbound from College St at Lansdowne Ave to High Park Loop due to a streetcar derailment. Shuttle buses are on the way. Started Thu Feb 13 2025 5:36,route,,506,Carlton,No service westbound from College St at Lansdowne Ave to High Park Loop due to a streetcar derailment. Shuttle buses are on the way. Started Thu Feb 13 2025 5:36,no_service,disruption,westbound,College St at Lansdowne Ave,High Park Loop,,a streetcar derailment. Shuttle buses are on the way,2025-02-13T05:36:00-05:00,,506-Carlton,2025-02-13T05:38:00-05:00,2025-02-13T06:14:00-05:00,2025-02-13,05:36,America/Toronto,2025,TTCnotices5062025.txt,837
506 Carlton: No service westbound from College St at Lansdowne Ave to High Park Loop due to a streetcar derailment. Shuttle buses are running from College St at Lansdowne Ave to High Park Loop. Started Thu Feb 13 2025 6:13,route,,506,Carlton,No service westbound from College St at Lansdowne Ave to High Park Loop due to a streetcar derailment. Shuttle buses are running from College St at Lansdowne Ave to High Park Loop. Started Thu Feb 13 2025 6:13,no_service,disruption,westbound,College St at Lansdowne Ave,High Park Loop,,a streetcar derailment. Shuttle buses are running from College St at Lansdowne Ave to High Park Loop,2025-02-13T06:13:00-05:00,,506-Carlton,2025-02-13T06:14:00-05:00,2025-02-13T06:36:00-05:00,2025-02-13,06:13,America/Toronto,2025,TTCnotices5062025.txt,840
506 Carlton: No service westbound near College St at Bathurst St due to streetcar derailment and operational issue. Shuttle buses are running from College St at Bathurst St to College St at Bathurst St. Started Thu Feb 13 2025 6:36,route,,506,Carlton,No service westbound near College St at Bathurst St due to streetcar derailment and operational issue. Shuttle buses are running from College St at Bathurst St to College St at Bathurst St. Started Thu Feb 13 2025 6:36,no_service,disruption,westbound,College St at Bathurst St,College St at Bathurst St,,streetcar derailment and operational issue. Shuttle buses are running from College St at Bathurst St to College St at Bathurst St,2025-02-13T06:36:00-05:00,,506-Carlton,2025-02-13T06:38:00-05:00,2025-02-13T10:26:00-05:00,2025-02-13,06:36,America/Toronto,2025,TTCnotices5062025.txt,843
"506 Carlton: Detour westbound via Broadview Ave, Dundas St E and Church St due to a fire. Started Thu Feb 13 2025 10:10",route,,506,Carlton,"Detour westbound via Broadview Ave, Dundas St E and Church St due to a fire. Started Thu Feb 13 2025 10:10",detour,disruption,westbound,,,"Broadview Ave, Dundas St E and Church St",a fire,2025-02-13T10:10:00-05:00,,506-Carlton,2025-02-13T10:12:00-05:00,2025-02-13T12:26:00-05:00,2025-02-13,10:10,America/Toronto,2025,TTCnotices5062025.txt,846
506 Carlton: No service westbound from College St at Bathurst St to High Park Loop due to streetcar derailment and operational issue. Shuttle buses are running from College St at Bathurst St to High Park Loop. Started Thu Feb 13 2025 10:26,route,,506,Carlton,No service westbound from College St at Bathurst St to High Park Loop due to streetcar derailment and operational issue. Shuttle buses are running from College St at Bathurst St to High Park Loop. Started Thu Feb 13 2025 10:26,no_service,disruption,westbound,College St at Bathurst St,High Park Loop,,streetcar derailment and operational issue. Shuttle buses are running from College St at Bathurst St to High Park Loop,2025-02-13T10:26:00-05:00,,506-Carlton,2025-02-13T10:28:00-05:00,2025-02-13T15:15:00-05:00,2025-02-13,10:26,America/Toronto,2025,TTCnotices5062025.txt,849
"506 Carlton: Detour westbound via Broadview Ave, Dundas St E and Church St due to a fire. Started Thu Feb 13 2025 12:25",route,,506,Carlton,"Detour westbound via Broadview Ave, Dundas St E and Church St due to a fire. Started Thu Feb 13 2025 12:25",detour,disruption,westbound,,,"Broadview Ave, Dundas St E and Church St",a fire,2025-02-13T12:25:00-05:00,,506-Carlton,2025-02-13T12:26:00-05:00,2025-02-13T13:54:00-05:00,2025-02-13,12:25,America/Toronto,2025,TTCnotices5062025.txt,852
"506 Carlton: Detour eastbound via Spadina Ave, Dundas St E and Broadview Ave due to a blocked track. Started Thu Feb 13 2025 12:42",route,,506,Carlton,"Detour eastbound via Spadina Ave, Dundas St E and Broadview Ave due to a blocked track. Started Thu Feb 13 2025 12:42",detour,disruption,eastbound,,,"Spadina Ave, Dundas St E and Broadview Ave",a blocked track,2025-02-13T12:42:00-05:00,,506-Carlton,2025-02-13T12:44:00-05:00,2025-02-13T16:40:00-05:00,2025-02-13,12:42,America/Toronto,2025,TTCnotices5062025.txt,855
506 Carlton Regular service has resumed westbound near Gerrard St East at Parliament St. Started Thu Feb 13 2025 13:54 Until Thu Feb 13 2025 14:09,route,,506,Carlton,Regular service has resumed westbound near Gerrard St East at Parliament St. Started Thu Feb 13 2025 13:54 Until Thu Feb 13 2025 14:09,service_resumed,resumed,westbound,Gerrard St East at Parliament St,,,,2025-02-13T13:54:00-05:00,2025-02-13T14:09:00-05:00,506-Carlton,2025-02-13T13:56:00-05:00,2025-02-13T14:08:00-05:00,2025-02-13,13:54,America/Toronto,2025,TTCnotices5062025.txt,858
506 Carlton: Detour via Bathurst St and Bathurst Station due to a blocked track. Started Thu Feb 13 2025 14:33,route,,506,Carlton,Detour via Bathurst St and Bathurst Station due to a blocked track. Started Thu Feb 13 2025 14:33,detour,disruption,,,,Bathurst St and Bathurst Station,a blocked track,2025-02-13T14:33:00-05:00,,506-Carlton,2025-02-13T14:34:00-05:00,2025-02-13T14:56:00-05:00,2025-02-13,14:33,America/Toronto,2025,TTCnotices5062025.txt,861
506 Carlton Regular service has resumed near College St at Spadina Ave. Started Thu Feb 13 2025 14:56 Until Thu Feb 13 2025 15:11,route,,506,Carlton,Regular service has resumed near College St at Spadina Ave. Started Thu Feb 13 2025 14:56 Until Thu Feb 13 2025 15:11,service_resumed,resumed,,College St at Spadina Ave,,,,2025-02-13T14:56:00-05:00,2025-02-13T15:11:00-05:00,506-Carlton,2025-02-13T14:58:00-05:00,2025-02-13T15:10:00-05:00,2025-02-13,14:56,America/Toronto,2025,TTCnotices5062025.txt,864
506 Carlton Regular service has resumed westbound from College St at Bathurst St to High Park Loop. Started Thu Feb 13 2025 15:15 Until Thu Feb 13 2025 15:30,route,,506,Carlton,Regular service has resumed westbound from College St at Bathurst St to High Park Loop. Started Thu Feb 13 2025 15:15 Until Thu Feb 13 2025 15:30,service_resumed,resumed,westbound,College St at Bathurst St,High Park Loop,,,2025-02-13T15:15:00-05:00,2025-02-13T15:30:00-05:00,506-Carlton,2025-02-13T15:16:00-05:00,2025-02-13T15:18:00-05:00,2025-02-13,15:15,America/Toronto,2025,TTCnotices5062025.txt,867
506 Carlton: No service between High Park Loop and College St at Bathurst St due to a streetcar derailment. Started Thu Feb 13 2025 15:19,route,,506,Carlton,No service between High Park Loop and College St at Bathurst St due to a streetcar derailment. Started Thu Feb 13 2025 15:19,no_service,disruption,,High Park Loop,College St at Bathurst St,,a streetcar derailment,2025-02-13T15:19:00-05:00,,506-Carlton,2025-02-13T15:20:00-05:00,2025-02-13T16:10:00-05:00,2025-02-13,15:19,America/Toronto,2025,TTCnotices5062025.txt,870
506 Carlton Regular service has resumed between High Park Loop and College St at Bathurst St. Started Thu Feb 13 2025 16:10 Until Thu Feb 13 2025 16:25,route,,506,Carlton,Regular service has resumed between High Park Loop and College St at Bathurst St. Started Thu Feb 13 2025 16:10 Until Thu Feb 13 2025 16:25,service_resumed,resumed,,High Park Loop,College St at Bathurst St,,,2025-02-13T16:10:00-05:00,2025-02-13T16:25:00-05:00,506-Carlton,2025-02-13T16:12:00-05:00,2025-02-13T16:24:00-05:00,2025-02-13,16:10,America/Toronto,2025,TTCnotices5062025.txt,873
506 Carlton Regular service has resumed eastbound near College St at Spadina Ave. Started Thu Feb 13 2025 16:39 Until Thu Feb 13 2025 16:54,route,,506,Carlton,Regular service has resumed eastbound near College St at Spadina Ave. Started Thu Feb 13 2025 16:39 Until Thu Feb 13 2025 16:54,service_resumed,resumed,eastbound,College St at Spadina Ave,,,,2025-02-13T16:39:00-05:00,2025-02-13T16:54:00-05:00,506-Carlton,2025-02-13T16:40:00-05:00,2025-02-13T16:54:00-05:00,2025-02-13,16:39,America/Toronto,2025,TTCnotices5062025.txt,876
"506 Carlton: Detour eastbound via Broadview Ave, Queen St E and Coxwell Ave due to a blocked track. Started Thu Feb 13 2025 19:26",route,,506,Carlton,"Detour eastbound via Broadview Ave, Queen St E and Coxwell Ave due to a blocked track. Started Thu Feb 13 2025 19:26",detour,disruption,eastbound,,,"Broadview Ave, Queen St E and Coxwell Ave",a blocked track,2025-02-13T19:26:00-05:00,,506-Carlton,2025-02-13T19:28:00-05:00,2025-02-13T20:34:00-05:00,2025-02-13,19:26,America/Toronto,2025,TTCnotices5062025.txt,879
506 Carlton Regular service has resumed eastbound near Gerrard St East at Broadview Ave. Started Thu Feb 13 2025 20:34 Until Thu Feb 13 2025 20:49,route,,506,Carlton,Regular service has resumed eastbound near Gerrard St East at Broadview Ave. Started Thu Feb 13 2025 20:34 Until Thu Feb 13 2025 20:49,service_resumed,resumed,eastbound,Gerrard St East at Broadview Ave,,,,2025-02-13T20:34:00-05:00,2025-02-13T20:49:00-05:00,506-Carlton,2025-02-13T20:36:00-05:00,2025-02-13T20:50:00-05:00,2025-02-13,20:34,America/Toronto,2025,TTCnotices5062025.txt,882
"506 Carlton: Detour eastbound via Broadview Ave, Queen St E and Coxwell Ave due to a blocked track. Started Thu Feb 13 2025 21:08",route,,506,Carlton,"Detour eastbound via Broadview Ave, Queen St E and Coxwell Ave due to a blocked track. Started Thu Feb 13 2025 21:08",detour,disruption,eastbound,,,"Broadview Ave, Queen St E and Coxwell Ave",a blocked track,2025-02-13T21:08:00-05:00,,506-Carlton,2025-02-13T21:09:00-05:00,2025-02-14T01:56:00-05:00,2025-02-13,21:08,America/Toronto,2025,TTCnotices5062025.txt,885
"506 Carlton: Detour westbound via Bathurst St, Dundas St W and Ossington Ave due to a blocked track. Started Thu Feb 13 2025 21:57",route,,506,Carlton,"Detour westbound via Bathurst St, Dundas St W and Ossington Ave due to a blocked track. Started Thu Feb 13 2025 21:57",detour,disruption,westbound,,,"Bathurst St, Dundas St W and Ossington Ave",a blocked track,2025-02-13T21:57:00-05:00,,506-Carlton,2025-02-13T21:58:00-05:00,2025-02-13T23:26:00-05:00,2025-02-13,21:57,America/Toronto,2025,TTCnotices5062025.txt,888
506 Carlton Regular service has resumed westbound near College St at Euclid Ave. Started Thu Feb 13 2025 23:25 Until Thu Feb 13 2025 23:40,route,,506,Carlton,Regular service has resumed westbound near College St at Euclid Ave. Started Thu Feb 13 2025 23:25 Until Thu Feb 13 2025 23:40,service_resumed,resumed,westbound,College St at Euclid Ave,,,,2025-02-13T23:25:00-05:00,2025-02-13T23:40:00-05:00,506-Carlton,2025-02-13T23:26:00-05:00,2025-02-13T23:40:00-05:00,2025-02-13,23:25,America/Toronto,2025,TTCnotices5062025.txt,891
506 Carlton Regular service has resumed eastbound near Gerrard St East at Broadview Ave. Started Fri Feb 14 2025 1:57 Until Fri Feb 14 2025 2:12,route,,506,Carlton,Regular service has resumed eastbound near Gerrard St East at Broadview Ave. Started Fri Feb 14 2025 1:57 Until Fri Feb 14 2025 2:12,service_resumed,resumed,eastbound,Gerrard St East at Broadview Ave,,,,2025-02-14T01:57:00-05:00,2025-02-14T02:12:00-05:00,506-Carlton,2025-02-14T01:58:00-05:00,2025-02-14T02:12:00-05:00,2025-02-14,01:57,America/Toronto,2025,TTCnotices5062025.txt,894
506 Carlton: Delays westbound near College St at Euclid Ave due to a blocked track. Started Fri Feb 14 2025 6:07,route,,506,Carlton,Delays westbound near College St at Euclid Ave due to a blocked track. Started Fri Feb 14 2025 6:07,delay,disruption,westbound,College St at Euclid Ave,,,a blocked track,2025-02-14T06:07:00-05:00,,506-Carlton,2025-02-14T06:08:00-05:00,2025-02-14T06:14:00-05:00,2025-02-14,06:07,America/Toronto,2025,TTCnotices5062025.txt,897
"506 Carlton: Detour westbound via Bathurst St, Dundas St W and Ossington Ave due to a blocked track. Started Fri Feb 14 2025 6:15",route,,506,Carlton,"Detour westbound via Bathurst St, Dundas St W and Ossington Ave due to a blocked track. Started Fri Feb 14 2025 6:15",detour,disruption,westbound,,,"Bathurst St, Dundas St W and Ossington Ave",a blocked track,2025-02-14T06:15:00-05:00,,506-Carlton,2025-02-14T06:16:00-05:00,2025-02-14T06:34:00-05:00,2025-02-14,06:15,America/Toronto,2025,TTCnotices5062025.txt,900
"506 Carlton: Detour westbound via Bay St, Dundas St W and Ossington Ave due to a blocked track. Started Fri Feb 14 2025 6:34",route,,506,Carlton,"Detour westbound via Bay St, Dundas St W and Ossington Ave due to a blocked track. Started Fri Feb 14 2025 6:34",detour,disruption,westbound,,,"Bay St, Dundas St W and Ossington Ave",a blocked track,2025-02-14T06:34:00-05:00,,506-Carlton,2025-02-14T06:36:00-05:00,2025-02-14T06:58:00-05:00,2025-02-14,06:34,America/Toronto,2025,TTCnotices5062025.txt,903
506 Carlton Regular service has resumed westbound near College St at Euclid Ave. Started Fri Feb 14 2025 6:58 Until Fri Feb 14 2025 7:13,route,,506,Carlton,Regular service has resumed westbound near College St at Euclid Ave. Started Fri Feb 14 2025 6:58 Until Fri Feb 14 2025 7:13,service_resumed,resumed,westbound,College St at Euclid Ave,,,,2025-02-14T06:58:00-05:00,2025-02-14T07:13:00-05:00,506-Carlton,2025-02-14T06:59:00-05:00,2025-02-14T07:12:00-05:00,2025-02-14,06:58,America/Toronto,2025,TTCnotices5062025.txt,906
506 Carlton: Delays between Main Street Station and High Park Loop due to weather conditions. Started Fri Feb 14 2025 7:55,route,,506,Carlton,Delays between Main Street Station and High Park Loop due to weather conditions. Started Fri Feb 14 2025 7:55,delay,disruption,,Main Street Station,High Park Loop,,weather conditions,2025-02-14T07:55:00-05:00,,506-Carlton,2025-02-14T07:56:00-05:00,2025-02-14T07:58:00-05:00,2025-02-14,07:55,America/Toronto,2025,TTCnotices5062025.txt,909
506 Carlton: Delays between Main Street Station and High Park Loop due to City snow removal. Started Fri Feb 14 2025 7:58,route,,506,Carlton,Delays between Main Street Station and High Park Loop due to City snow removal. Started Fri Feb 14 2025 7:58,delay,disruption,,Main Street Station,High Park Loop,,City snow removal,2025-02-14T07:58:00-05:00,,506-Carlton,2025-02-14T08:00:00-05:00,2025-02-14T22:18:00-05:00,2025-02-14,07:58,America/Toronto,2025,TTCnotices5062025.txt,912
"506 Carlton: Detour westbound via Bay St, Dundas St W and Ossington Ave due to a blocked track. Started Fri Feb 14 2025 9:49",route,,506,Carlton,"Detour westbound via Bay St, Dundas St W and Ossington Ave due to a blocked track. Started Fri Feb 14 2025 9:49",detour,disruption,westbound,,,"Bay St, Dundas St W and Ossington Ave",a blocked track,2025-02-14T09:49:00-05:00,,506-Carlton,2025-02-14T09:50:00-05:00,2025-02-14T09:56:00-05:00,2025-02-14,09:49,America/Toronto,2025,TTCnotices5062025.txt,915
506 Carlton Regular service has resumed westbound near College St at Euclid Ave. Started Fri Feb 14 2025 9:56 Until Fri Feb 14 2025 10:11,route,,506,Carlton,Regular service has resumed westbound near College St at Euclid Ave. Started Fri Feb 14 2025 9:56 Until Fri Feb 14 2025 10:11,service_resumed,resumed,westbound,College St at Euclid Ave,,,,2025-02-14T09:56:00-05:00,2025-02-14T10:11:00-05:00,506-Carlton,2025-02-14T09:58:00-05:00,2025-02-14T10:12:00-05:00,2025-02-14,09:56,America/Toronto,2025,TTCnotices5062025.txt,918
506 Carlton: No service between College St at Lansdowne Ave and High Park Loop due to a blocked track. Started Fri Feb 14 2025 12:00,route,,506,Carlton,No service between College St at Lansdowne Ave and High Park Loop due to a blocked track. Started Fri Feb 14 2025 12:00,no_service,disruption,,College St at Lansdowne Ave,High Park Loop,,a blocked track,2025-02-14T12:00:00-05:00,,506-Carlton,2025-02-14T12:00:00-05:00,2025-02-14T12:24:00-05:00,2025-02-14,12:00,America/Toronto,2025,TTCnotices5062025.txt,921
506 Carlton Regular service has resumed between College St at Lansdowne Ave and High Park Loop. Started Fri Feb 14 2025 12:23 Until Fri Feb 14 2025 12:38,route,,506,Carlton,Regular service has resumed between College St at Lansdowne Ave and High Park Loop. Started Fri Feb 14 2025 12:23 Until Fri Feb 14 2025 12:38,service_resumed,resumed,,College St at Lansdowne Ave,High Park Loop,,,2025-02-14T12:23:00-05:00,2025-02-14T12:38:00-05:00,506-Carlton,2025-02-14T12:24:00-05:00,2025-02-14T12:38:00-05:00,2025-02-14,12:23,America/Toronto,2025,TTCnotices5062025.txt,924
"506 Carlton: Detour westbound via Parliament St, Dundas St E and Bay St due to a collision. Started Fri Feb 14 2025 12:50",route,,506,Carlton,"Detour westbound via Parliament St, Dundas St E and Bay St due to a collision. Started Fri Feb 14 2025 12:50",detour,disruption,westbound,,,"Parliament St, Dundas St E and Bay St",a collision,2025-02-14T12:50:00-05:00,,506-Carlton,2025-02-14T12:52:00-05:00,2025-02-14T15:46:00-05:00,2025-02-14,12:50,America/Toronto,2025,TTCnotices5062025.txt,927
"506 Carlton: Detour via Parliament St, Dundas St W and Ossington Ave due to a collision. Started Fri Feb 14 2025 13:49",route,,506,Carlton,"Detour via Parliament St, Dundas St W and Ossington Ave due to a collision. Started Fri Feb 14 2025 13:49",detour,disruption,,,,"Parliament St, Dundas St W and Ossington Ave",a collision,2025-02-14T13:49:00-05:00,,506-Carlton,2025-02-14T13:50:00-05:00,2025-02-14T14:04:00-05:00,2025-02-14,13:49,America/Toronto,2025,TTCnotices5062025.txt,930
"506 Carlton: Detour via Bathurst St, Dundas St W and Ossington Ave due to a collision. Started Fri Feb 14 2025 14:05",route,,506,Carlton,"Detour via Bathurst St, Dundas St W and Ossington Ave due to a collision. Started Fri Feb 14 2025 14:05",detour,disruption,,,,"Bathurst St, Dundas St W and Ossington Ave",a collision,2025-02-14T14:05:00-05:00,,506-Carlton,2025-02-14T14:06:00-05:00,2025-02-14T14:36:00-05:00,2025-02-14,14:05,America/Toronto,2025,TTCnotices5062025.txt,933
506 Carlton Regular service has resumed near College St at Euclid Ave. Started Fri Feb 14 2025 14:37 Until Fri Feb 14 2025 14:52,route,,506,Carlton,Regular service has resumed near College St at Euclid Ave. Started Fri Feb 14 2025 14:37 Until Fri Feb 14 2025 14:52,service_resumed,resumed,,College St at Euclid Ave,,,,2025-02-14T14:37:00-05:00,2025-02-14T14:52:00-05:00,506-Carlton,2025-02-14T14:38:00-05:00,2025-02-14T14:52:00-05:00,2025-02-14,14:37,America/Toronto,2025,TTCnotices5062025.txt,936
506 Carlton Regular service has resumed westbound near Parliament St at Carlton St. Started Fri Feb 14 2025 15:46 Until Fri Feb 14 2025 16:01,route,,506,Carlton,Regular service has resumed westbound near Parliament St at Carlton St. Started Fri Feb 14 2025 15:46 Until Fri Feb 14 2025 16:01,service_resumed,resumed,westbound,Parliament St at Carlton St,,,,2025-02-14T15:46:00-05:00,2025-02-14T16:01:00-05:00,506-Carlton,2025-02-14T15:48:00-05:00,2025-02-14T16:00:00-05:00,2025-02-14,15:46,America/Toronto,2025,TTCnotices5062025.txt,939
506 Carlton: No service between High Park Loop and College St at Bathurst St due to a blocked track. Started Fri Feb 14 2025 21:12,route,,506,Carlton,No service between High Park Loop and College St at Bathurst St due to a blocked track. Started Fri Feb 14 2025 21:12,no_service,disruption,,High Park Loop,College St at Bathurst St,,a blocked track,2025-02-14T21:12:00-05:00,,506-Carlton,2025-02-14T21:14:00-05:00,2025-02-14T21:40:00-05:00,2025-02-14,21:12,America/Toronto,2025,TTCnotices5062025.txt,942
506 Carlton: Delays between Main Street Station and High Park Loop due to weather conditions. Started Fri Feb 14 2025 22:35 Longer than normal travel times along route due to snow build up.,route,,506,Carlton,Delays between Main Street Station and High Park Loop due to weather conditions. Started Fri Feb 14 2025 22:35 Longer than normal travel times along route due to snow build up.,delay,disruption,,Main Street Station,High Park Loop,,weather conditions,2025-02-14T22:35:00-05:00,,506-Carlton,2025-02-14T22:36:00-05:00,2025-02-15T01:32:00-05:00,2025-02-14,22:35,America/Toronto,2025,TTCnotices5062025.txt,945
"506 Carlton: Detour via Bathurst St, Dundas St W and Ossington Ave due to a blocked track. Started Fri Feb 14 2025 22:57",route,,506,Carlton,"Detour via Bathurst St, Dundas St W and Ossington Ave due to a blocked track. Started Fri Feb 14 2025 22:57",detour,disruption,,,,"Bathurst St, Dundas St W and Ossington Ave",a blocked track,2025-02-14T22:57:00-05:00,,506-Carlton,2025-02-14T22:58:00-05:00,2025-02-15T00:38:00-05:00,2025-02-14,22:57,America/Toronto,2025,TTCnotices5062025.txt,949
"506 Carlton: Detour eastbound via Ossington Ave, Dundas St W and Bathurst St due to a blocked track. Started Sat Feb 15 2025 0:38",route,,506,Carlton,"Detour eastbound via Ossington Ave, Dundas St W and Bathurst St due to a blocked track. Started Sat Feb 15 2025 0:38",detour,disruption,eastbound,,,"Ossington Ave, Dundas St W and Bathurst St",a blocked track,2025-02-15T00:38:00-05:00,,506-Carlton,2025-02-15T00:40:00-05:00,2025-02-15T01:06:00-05:00,2025-02-15,00:38,America/Toronto,2025,TTCnotices5062025.txt,952
506 Carlton Regular service has resumed eastbound near College St at Grace St. Started Sat Feb 15 2025 1:06 Until Sat Feb 15 2025 1:21,route,,506,Carlton,Regular service has resumed eastbound near College St at Grace St. Started Sat Feb 15 2025 1:06 Until Sat Feb 15 2025 1:21,service_resumed,resumed,eastbound,College St at Grace St,,,,2025-02-15T01:06:00-05:00,2025-02-15T01:21:00-05:00,506-Carlton,2025-02-15T01:08:00-05:00,2025-02-15T01:20:00-05:00,2025-02-15,01:06,America/Toronto,2025,TTCnotices5062025.txt,955
"506 Carlton: Detour via Ossington Ave, Dundas St W and Bathurst St due to a security incident. Started Sat Feb 15 2025 1:33",route,,506,Carlton,"Detour via Ossington Ave, Dundas St W and Bathurst St due to a security incident. Started Sat Feb 15 2025 1:33",detour,disruption,,,,"Ossington Ave, Dundas St W and Bathurst St",a security incident,2025-02-15T01:33:00-05:00,,506-Carlton,2025-02-15T01:34:00-05:00,2025-02-15T02:14:00-05:00,2025-02-15,01:33,America/Toronto,2025,TTCnotices5062025.txt,958
506 Carlton Regular service has resumed near College St at Euclid Ave. Started Sat Feb 15 2025 2:15 Until Sat Feb 15 2025 2:30,route,,506,Carlton,Regular service has resumed near College St at Euclid Ave. Started Sat Feb 15 2025 2:15 Until Sat Feb 15 2025 2:30,service_resumed,resumed,,College St at Euclid Ave,,,,2025-02-15T02:15:00-05:00,2025-02-15T02:30:00-05:00,506-Carlton,2025-02-15T02:16:00-05:00,2025-02-15T02:30:00-05:00,2025-02-15,02:15,America/Toronto,2025,TTCnotices5062025.txt,961
506 Carlton: No service eastbound from Gerrard St East at Coxwell Ave to Main Street Station due to a blocked track. Started Sat Feb 15 2025 10:40,route,,506,Carlton,No service eastbound from Gerrard St East at Coxwell Ave to Main Street Station due to a blocked track. Started Sat Feb 15 2025 10:40,no_service,disruption,eastbound,Gerrard St East at Coxwell Ave,Main Street Station,,a blocked track,2025-02-15T10:40:00-05:00,,506-Carlton,2025-02-15T10:41:00-05:00,2025-02-15T10:44:00-05:00,2025-02-15,10:40,America/Toronto,2025,TTCnotices5062025.txt,964
506 Carlton Regular service has resumed eastbound from Gerrard St East at Coxwell Ave to Main Street Station. Started Sat Feb 15 2025 10:44 Until Sat Feb 15 2025 10:59,route,,506,Carlton,Regular service has resumed eastbound from Gerrard St East at Coxwell Ave to Main Street Station. Started Sat Feb 15 2025 10:44 Until Sat Feb 15 2025 10:59,service_resumed,resumed,eastbound,Gerrard St East at Coxwell Ave,Main Street Station,,,2025-02-15T10:44:00-05:00,2025-02-15T10:59:00-05:00,506-Carlton,2025-02-15T10:46:00-05:00,2025-02-15T10:58:00-05:00,2025-02-15,10:44,America/Toronto,2025,TTCnotices5062025.txt,967
506 Carlton: Delays between Main Street Station and High Park Loop due to weather conditions. Started Sat Feb 15 2025 11:02,route,,506,Carlton,Delays between Main Street Station and High Park Loop due to weather conditions. Started Sat Feb 15 2025 11:02,delay,disruption,,Main Street Station,High Park Loop,,weather conditions,2025-02-15T11:02:00-05:00,,506-Carlton,2025-02-15T11:02:00-05:00,2025-02-15T23:34:00-05:00,2025-02-15,11:02,America/Toronto,2025,TTCnotices5062025.txt,970
506 Carlton: No service between Howard Park Ave at Roncesvalles Ave and College St at Lansdowne Ave due to emergency vehicles blocking the tracks. Started Sat Feb 15 2025 11:36,route,,506,Carlton,No service between Howard Park Ave at Roncesvalles Ave and College St at Lansdowne Ave due to emergency vehicles blocking the tracks. Started Sat Feb 15 2025 11:36,no_service,disruption,,Howard Park Ave at Roncesvalles Ave,College St at Lansdowne Ave,,emergency vehicles blocking the tracks,2025-02-15T11:36:00-05:00,,506-Carlton,2025-02-15T11:38:00-05:00,2025-02-15T11:42:00-05:00,2025-02-15,11:36,America/Toronto,2025,TTCnotices5062025.txt,973
506 Carlton Regular service has resumed between Howard Park Ave at Roncesvalles Ave and College St at Lansdowne Ave. Started Sat Feb 15 2025 11:42 Until Sat Feb 15 2025 11:57,route,,506,Carlton,Regular service has resumed between Howard Park Ave at Roncesvalles Ave and College St at Lansdowne Ave. Started Sat Feb 15 2025 11:42 Until Sat Feb 15 2025 11:57,service_resumed,resumed,,Howard Park Ave at Roncesvalles Ave,College St at Lansdowne Ave,,,2025-02-15T11:42:00-05:00,2025-02-15T11:57:00-05:00,506-Carlton,2025-02-15T11:44:00-05:00,2025-02-15T11:58:00-05:00,2025-02-15,11:42,America/Toronto,2025,TTCnotices5062025.txt,976
"506 Carlton: Detour via College St, Spadina Ave and Parliament St due to a demonstration. Started Sat Feb 15 2025 11:51",route,,506,Carlton,"Detour via College St, Spadina Ave and Parliament St due to a demonstration. Started Sat Feb 15 2025 11:51",detour,disruption,,,,"College St, Spadina Ave and Parliament St",a demonstration,2025-02-15T11:51:00-05:00,,506-Carlton,2025-02-15T11:52:00-05:00,2025-02-15T12:12:00-05:00,2025-02-15,11:51,America/Toronto,2025,TTCnotices5062025.txt,979
506 Carlton Regular service has resumed near College St at University Ave - Queen's Park Station. Started Sat Feb 15 2025 12:12 Until Sat Feb 15 2025 12:27,route,,506,Carlton,Regular service has resumed near College St at University Ave - Queen's Park Station. Started Sat Feb 15 2025 12:12 Until Sat Feb 15 2025 12:27,service_resumed,resumed,,College St at University Ave - Queen's Park Station,,,,2025-02-15T12:12:00-05:00,2025-02-15T12:27:00-05:00,506-Carlton,2025-02-15T12:14:00-05:00,2025-02-15T12:28:00-05:00,2025-02-15,12:12,America/Toronto,2025,TTCnotices5062025.txt,982
"506 Carlton: Detour eastbound via Broadview Ave, Queen St E and Coxwell Ave due to a collision. Started Sat Feb 15 2025 12:31",route,,506,Carlton,"Detour eastbound via Broadview Ave, Queen St E and Coxwell Ave due to a collision. Started Sat Feb 15 2025 12:31",detour,disruption,eastbound,,,"Broadview Ave, Queen St E and Coxwell Ave",a collision,2025-02-15T12:31:00-05:00,,506-Carlton,2025-02-15T12:32:00-05:00,2025-02-15T13:02:00-05:00,2025-02-15,12:31,America/Toronto,2025,TTCnotices5062025.txt,985
506 Carlton Regular service has resumed eastbound near Gerrard St East at Broadview Ave. Started Sat Feb 15 2025 13:02 Until Sat Feb 15 2025 13:17,route,,506,Carlton,Regular service has resumed eastbound near Gerrard St East at Broadview Ave. Started Sat Feb 15 2025 13:02 Until Sat Feb 15 2025 13:17,service_resumed,resumed,eastbound,Gerrard St East at Broadview Ave,,,,2025-02-15T13:02:00-05:00,2025-02-15T13:17:00-05:00,506-Carlton,2025-02-15T13:04:00-05:00,2025-02-15T13:18:00-05:00,2025-02-15,13:02,America/Toronto,2025,TTCnotices5062025.txt,988
"506 Carlton: Detour via Ossington Ave, Dundas St W and Bathurst St due to water flooding. Started Sat Feb 15 2025 14:24",route,,506,Carlton,"Detour via Ossington Ave, Dundas St W and Bathurst St due to water flooding. Started Sat Feb 15 2025 14:24",detour,disruption,,,,"Ossington Ave, Dundas St W and Bathurst St",water flooding,2025-02-15T14:24:00-05:00,,506-Carlton,2025-02-15T14:26:00-05:00,2025-02-15T15:22:00-05:00,2025-02-15,14:24,America/Toronto,2025,TTCnotices5062025.txt,991
506 Carlton: No service between High Park Loop and College St at Lansdowne Ave due to a blocked track. Started Sat Feb 15 2025 14:40,route,,506,Carlton,No service between High Park Loop and College St at Lansdowne Ave due to a blocked track. Started Sat Feb 15 2025 14:40,no_service,disruption,,High Park Loop,College St at Lansdowne Ave,,a blocked track,2025-02-15T14:40:00-05:00,,506-Carlton,2025-02-15T14:42:00-05:00,2025-02-15T15:24:00-05:00,2025-02-15,14:40,America/Toronto,2025,TTCnotices5062025.txt,997
506 Carlton: No service between College St at Ossington Ave and College St at Bathurst St due to a blocked track. Started Sat Feb 15 2025 14:41,route,,506,Carlton,No service between College St at Ossington Ave and College St at Bathurst St due to a blocked track. Started Sat Feb 15 2025 14:41,no_service,disruption,,College St at Ossington Ave,College St at Bathurst St,,a blocked track,2025-02-15T14:41:00-05:00,,506-Carlton,2025-02-15T14:42:00-05:00,2025-02-15T15:24:00-05:00,2025-02-15,14:41,America/Toronto,2025,TTCnotices5062025.txt,994
506 Carlton Regular service has resumed near College St at Ossington Ave. Started Sat Feb 15 2025 15:21 Until Sat Feb 15 2025 15:36,route,,506,Carlton,Regular service has resumed near College St at Ossington Ave. Started Sat Feb 15 2025 15:21 Until Sat Feb 15 2025 15:36,service_resumed,resumed,,College St at Ossington Ave,,,,2025-02-15T15:21:00-05:00,2025-02-15T15:36:00-05:00,506-Carlton,2025-02-15T15:22:00-05:00,2025-02-15T15:37:00-05:00,2025-02-15,15:21,America/Toronto,2025,TTCnotices5062025.txt,1000
506 Carlton Regular service has resumed between College St at Ossington Ave and College St at Bathurst St. Started Sat Feb 15 2025 15:24 Until Sat Feb 15 2025 15:39,route,,506,Carlton,Regular service has resumed between College St at Ossington Ave and College St at Bathurst St. Started Sat Feb 15 2025 15:24 Until Sat Feb 15 2025 15:39,service_resumed,resumed,,College St at Ossington Ave,College St at Bathurst St,,,2025-02-15T15:24:00-05:00,2025-02-15T15:39:00-05:00,506-Carlton,2025-02-15T15:26:00-05:00,2025-02-15T15:39:00-05:00,2025-02-15,15:24,America/Toronto,2025,TTCnotices5062025.txt,1006
506 Carlton Regular service has resumed between High Park Loop and College St at Lansdowne Ave. Started Sat Feb 15 2025 15:24 Until Sat Feb 15 2025 15:39,route,,506,Carlton,Regular service has resumed between High Park Loop and College St at Lansdowne Ave. Started Sat Feb 15 2025 15:24 Until Sat Feb 15 2025 15:39,service_resumed,resumed,,High Park Loop,College St at Lansdowne Ave,,,2025-02-15T15:24:00-05:00,2025-02-15T15:39:00-05:00,506-Carlton,2025-02-15T15:24:00-05:00,2025-02-15T15:39:00-05:00,2025-02-15,15:24,America/Toronto,2025,TTCnotices5062025.txt,1003
"506 Carlton: Detour via Broadview Ave, Queen St E and Coxwell Ave due to a blocked track. Started Sat Feb 15 2025 15:35",route,,506,Carlton,"Detour via Broadview Ave, Queen St E and Coxwell Ave due to a blocked track. Started Sat Feb 15 2025 15:35",detour,disruption,,,,"Broadview Ave, Queen St E and Coxwell Ave",a blocked track,2025-02-15T15:35:00-05:00,,506-Carlton,2025-02-15T15:36:00-05:00,2025-02-15T15:47:00-05:00,2025-02-15,15:35,America/Toronto,2025,TTCnotices5062025.txt,1009
506 Carlton Regular service has resumed near Gerrard St East at Jones Ave. Started Sat Feb 15 2025 15:46 Until Sat Feb 15 2025 16:01,route,,506,Carlton,Regular service has resumed near Gerrard St East at Jones Ave. Started Sat Feb 15 2025 15:46 Until Sat Feb 15 2025 16:01,service_resumed,resumed,,Gerrard St East at Jones Ave,,,,2025-02-15T15:46:00-05:00,2025-02-15T16:01:00-05:00,506-Carlton,2025-02-15T15:48:00-05:00,2025-02-15T16:02:00-05:00,2025-02-15,15:46,America/Toronto,2025,TTCnotices5062025.txt,1012
Wellesley: Elevator out of service between Wellesley St entrance to Line 1 Finch platform. Started Sat Feb 15 2025 17:23,accessibility,Wellesley,,,Elevator out of service between Wellesley St entrance to Line 1 Finch platform. Started Sat Feb 15 2025 17:23,elevator_out_of_service,disruption,,,,,,2025-02-15T17:23:00-05:00,,506-Carlton,2025-02-15T17:24:00-05:00,2025-02-15T20:05:00-05:00,2025-02-15,17:23,America/Toronto,2025,TTCnotices5062025.txt,61
"506 Carlton: Detour via Broadview Ave, Queen St E and Coxwell Ave due to a blocked track. Started Sat Feb 15 2025 18:16",route,,506,Carlton,"Detour via Broadview Ave, Queen St E and Coxwell Ave due to a blocked track. Started Sat Feb 15 2025 18:16",detour,disruption,,,,"Broadview Ave, Queen St E and Coxwell Ave",a blocked track,2025-02-15T18:16:00-05:00,,506-Carlton,2025-02-15T18:18:00-05:00,2025-02-15T20:08:00-05:00,2025-02-15,18:16,America/Toronto,2025,TTCnotices5062025.txt,1015
506 Carlton: No service between Main Street Station and Coxwell Ave at Lower Gerrard St East due to a blocked track. Started Sat Feb 15 2025 19:30,route,,506,Carlton,No service between Main Street Station and Coxwell Ave at Lower Gerrard St East due to a blocked track. Started Sat Feb 15 2025 19:30,no_service,disruption,,Main Street Station,Coxwell Ave at Lower Gerrard St East,,a blocked track,2025-02-15T19:30:00-05:00,,506-Carlton,2025-02-15T19:32:00-05:00,2025-02-15T20:32:00-05:00,2025-02-15,19:30,America/Toronto,2025,TTCnotices5062025.txt,1018
Wellesley: Elevator back in service between Wellesley St entrance to Line 1 Finch platform. Started Sat Feb 15 2025 20:04 Until Sat Feb 15 2025 20:19,accessibility,Wellesley,,,Elevator back in service between Wellesley St entrance to Line 1 Finch platform. Started Sat Feb 15 2025 20:04 Until Sat Feb 15 2025 20:19,elevator_back_in_service,resumed,,,,,,2025-02-15T20:04:00-05:00,2025-02-15T20:19:00-05:00,506-Carlton,2025-02-15T20:06:00-05:00,2025-02-15T20:18:00-05:00,2025-02-15,20:04,America/Toronto,2025,TTCnotices5062025.txt,64
506 Carlton Regular service has resumed near Gerrard St East at Logan Ave. Started Sat Feb 15 2025 20:08 Until Sat Feb 15 2025 20:23,route,,506,Carlton,Regular service has resumed near Gerrard St East at Logan Ave. Started Sat Feb 15 2025 20:08 Until Sat Feb 15 2025 20:23,service_resumed,resumed,,Gerrard St East at Logan Ave,,,,2025-02-15T20:08:00-05:00,2025-02-15T20:23:00-05:00,506-Carlton,2025-02-15T20:10:00-05:00,2025-02-15T20:22:00-05:00,2025-02-15,20:08,America/Toronto,2025,TTCnotices5062025.txt,1021
506 Carlton Regular service has resumed between Main Street Station and Coxwell Ave at Lower Gerrard St East. Started Sat Feb 15 2025 20:32 Until Sat Feb 15 2025 20:47,route,,506,Carlton,Regular service has resumed between Main Street Station and Coxwell Ave at Lower Gerrard St East. Started Sat Feb 15 2025 20:32 Until Sat Feb 15 2025 20:47,service_resumed,resumed,,Main Street Station,Coxwell Ave at Lower Gerrard St East,,,2025-02-15T20:32:00-05:00,2025-02-15T20:47:00-05:00,506-Carlton,2025-02-15T20:34:00-05:00,2025-02-15T20:46:00-05:00,2025-02-15,20:32,America/Toronto,2025,TTCnotices5062025.txt,1024
"506 Carlton: Detour eastbound via Ossington Ave, Dundas St W and Bay St due to a blocked track. Started Sat Feb 15 2025 20:34",route,,506,Carlton,"Detour eastbound via Ossington Ave, Dundas St W and Bay St due to a blocked track. Started Sat Feb 15 2025 20:34",detour,disruption,eastbound,,,"Ossington Ave, Dundas St W and Bay St",a blocked track,2025-02-15T20:34:00-05:00,,506-Carlton,2025-02-15T20:36:00-05:00,2025-02-15T20:52:00-05:00,2025-02-15,20:34,America/Toronto,2025,TTCnotices5062025.txt,1027
506 Carlton Regular service has resumed eastbound near College St at Spadina Ave. Started Sat Feb 15 2025 20:53 Until Sat Feb 15 2025 21:08,route,,506,Carlton,Regular service has resumed eastbound near College St at Spadina Ave. Started Sat Feb 15 2025 20:53 Until Sat Feb 15 2025 21:08,service_resumed,resumed,eastbound,College St at Spadina Ave,,,,2025-02-15T20:53:00-05:00,2025-02-15T21:08:00-05:00,506-Carlton,2025-02-15T20:54:00-05:00,2025-02-15T21:08:00-05:00,2025-02-15,20:53,America/Toronto,2025,TTCnotices5062025.txt,1030
"506 Carlton: Detour westbound via Bathurst St, Dundas St W and Ossington Ave due to a blocked track. Started Sat Feb 15 2025 21:13",route,,506,Carlton,"Detour westbound via Bathurst St, Dundas St W and Ossington Ave due to a blocked track. Started Sat Feb 15 2025 21:13",detour,disruption,westbound,,,"Bathurst St, Dundas St W and Ossington Ave",a blocked track,2025-02-15T21:13:00-05:00,,506-Carlton,2025-02-15T21:14:00-05:00,2025-02-15T21:36:00-05:00,2025-02-15,21:13,America/Toronto,2025,TTCnotices5062025.txt,1033
506 Carlton Regular service has resumed westbound near College St at Euclid Ave. Started Sat Feb 15 2025 21:35 Until Sat Feb 15 2025 21:50,route,,506,Carlton,Regular service has resumed westbound near College St at Euclid Ave. Started Sat Feb 15 2025 21:35 Until Sat Feb 15 2025 21:50,service_resumed,resumed,westbound,College St at Euclid Ave,,,,2025-02-15T21:35:00-05:00,2025-02-15T21:50:00-05:00,506-Carlton,2025-02-15T21:36:00-05:00,2025-02-15T21:44:00-05:00,2025-02-15,21:35,America/Toronto,2025,TTCnotices5062025.txt,1036
"506 Carlton: Detour eastbound via Broadview Ave, Queen St E and Coxwell Ave due to a blocked track. Started Sat Feb 15 2025 21:37",route,,506,Carlton,"Detour eastbound via Broadview Ave, Queen St E and Coxwell Ave due to a blocked track. Started Sat Feb 15 2025 21:37",detour,disruption,eastbound,,,"Broadview Ave, Queen St E and Coxwell Ave",a blocked track,2025-02-15T21:37:00-05:00,,506-Carlton,2025-02-15T21:38:00-05:00,2025-02-15T21:58:00-05:00,2025-02-15,21:37,America/Toronto,2025,TTCnotices5062025.txt,1039
506 Carlton Regular service has resumed eastbound near Gerrard St East at Logan Ave. Started Sat Feb 15 2025 21:59 Until Sat Feb 15 2025 22:14,route,,506,Carlton,Regular service has resumed eastbound near Gerrard St East at Logan Ave. Started Sat Feb 15 2025 21:59 Until Sat Feb 15 2025 22:14,service_resumed,resumed,eastbound,Gerrard St East at Logan Ave,,,,2025-02-15T21:59:00-05:00,2025-02-15T22:14:00-05:00,506-Carlton,2025-02-15T22:00:00-05:00,2025-02-15T22:08:00-05:00,2025-02-15,21:59,America/Toronto,2025,TTCnotices5062025.txt,1042
"506 Carlton: Detour westbound via Coxwell Ave, Queen St E and Broadview Ave due to a blocked track. Started Sat Feb 15 2025 22:09",route,,506,Carlton,"Detour westbound via Coxwell Ave, Queen St E and Broadview Ave due to a blocked track. Started Sat Feb 15 2025 22:09",detour,disruption,westbound,,,"Coxwell Ave, Queen St E and Broadview Ave",a blocked track,2025-02-15T22:09:00-05:00,,506-Carlton,2025-02-15T22:10:00-05:00,2025-02-15T22:12:00-05:00,2025-02-15,22:09,America/Toronto,2025,TTCnotices5062025.txt,1045
"506 Carlton: Detour via Coxwell Ave, Queen St E and Broadview Ave due to a blocked track. Started Sat Feb 15 2025 22:12",route,,506,Carlton,"Detour via Coxwell Ave, Queen St E and Broadview Ave due to a blocked track. Started Sat Feb 15 2025 22:12",detour,disruption,,,,"Coxwell Ave, Queen St E and Broadview Ave",a blocked track,2025-02-15T22:12:00-05:00,,506-Carlton,2025-02-15T22:14:00-05:00,2025-02-15T22:52:00-05:00,2025-02-15,22:12,America/Toronto,2025,TTCnotices5062025.txt,1048
506 Carlton Regular service has resumed near Gerrard St East at Greenwood Ave. Started Sat Feb 15 2025 22:53 Until Sat Feb 15 2025 23:08,route,,506,Carlton,Regular service has resumed near Gerrard St East at Greenwood Ave. Started Sat Feb 15 2025 22:53 Until Sat Feb 15 2025 23:08,service_resumed,resumed,,Gerrard St East at Greenwood Ave,,,,2025-02-15T22:53:00-05:00,2025-02-15T23:08:00-05:00,506-Carlton,2025-02-15T22:54:00-05:00,2025-02-15T23:08:00-05:00,2025-02-15,22:53,America/Toronto,2025,TTCnotices5062025.txt,1051
"506 Carlton: Detour eastbound via Broadview Ave, Queen St E and Coxwell Ave due to a blocked track. Started Sat Feb 15 2025 23:20",route,,506,Carlton,"Detour eastbound via Broadview Ave, Queen St E and Coxwell Ave due to a blocked track. Started Sat Feb 15 2025 23:20",detour,disruption,eastbound,,,"Broadview Ave, Queen St E and Coxwell Ave",a blocked track,2025-02-15T23:20:00-05:00,,506-Carlton,2025-02-15T23:22:00-05:00,2025-02-16T00:28:00-05:00,2025-02-15,23:20,America/Toronto,2025,TTCnotices5062025.txt,1054
506 Carlton Regular service has resumed eastbound near Gerrard St East at Broadview Ave. Started Sun Feb 16 2025 0:28 Until Sun Feb 16 2025 0:43,route,,506,Carlton,Regular service has resumed eastbound near Gerrard St East at Broadview Ave. Started Sun Feb 16 2025 0:28 Until Sun Feb 16 2025 0:43,service_resumed,resumed,eastbound,Gerrard St East at Broadview Ave,,,,2025-02-16T00:28:00-05:00,2025-02-16T00:43:00-05:00,506-Carlton,2025-02-16T00:30:00-05:00,2025-02-16T00:42:00-05:00,2025-02-16,00:28,America/Toronto,2025,TTCnotices5062025.txt,1057
506 Carlton: No service between Gerrard St East at Coxwell Ave and Main Street Station due to a blocked track. Started Sun Feb 16 2025 1:14,route,,506,Carlton,No service between Gerrard St East at Coxwell Ave and Main Street Station due to a blocked track. Started Sun Feb 16 2025 1:14,no_service,disruption,,Gerrard St East at Coxwell Ave,Main Street Station,,a blocked track,2025-02-16T01:14:00-05:00,,506-Carlton,2025-02-16T01:16:00-05:00,2025-02-16T03:20:00-05:00,2025-02-16,01:14,America/Toronto,2025,TTCnotices5062025.txt,1060
"506 Carlton: Detour westbound via Bathurst St, Dundas St W and Ossington Ave due to a blocked track. Started Sun Feb 16 2025 1:16",route,,506,Carlton,"Detour westbound via Bathurst St, Dundas St W and Ossington Ave due to a blocked track. Started Sun Feb 16 2025 1:16",detour,disruption,westbound,,,"Bathurst St, Dundas St W and Ossington Ave",a blocked track,2025-02-16T01:16:00-05:00,,506-Carlton,2025-02-16T01:18:00-05:00,2025-02-16T02:48:00-05:00,2025-02-16,01:16,America/Toronto,2025,TTCnotices5062025.txt,1063
"506 Carlton: Detour via Dundas St W, Bathurst St and College St due to a blocked track. Started Sun Feb 16 2025 9:17",route,,506,Carlton,"Detour via Dundas St W, Bathurst St and College St due to a blocked track. Started Sun Feb 16 2025 9:17",detour,disruption,,,,"Dundas St W, Bathurst St and College St",a blocked track,2025-02-16T09:17:00-05:00,,506-Carlton,2025-02-16T09:18:00-05:00,2025-02-16T11:12:00-05:00,2025-02-16,09:17,America/Toronto,2025,TTCnotices5062025.txt,1066
506 Carlton: Delays eastbound near Gerrard St East at Kingsmount Park Rd due to weather conditions. Started Sun Feb 16 2025 11:00,route,,506,Carlton,Delays eastbound near Gerrard St East at Kingsmount Park Rd due to weather conditions. Started Sun Feb 16 2025 11:00,delay,disruption,eastbound,Gerrard St East at Kingsmount Park Rd,,,weather conditions,2025-02-16T11:00:00-05:00,,506-Carlton,2025-02-16T11:02:00-05:00,2025-02-17T03:34:00-05:00,2025-02-16,11:00,America/Toronto,2025,TTCnotices5062025.txt,1069
506 Carlton Regular service has resumed near College St at Dufferin St. Started Sun Feb 16 2025 11:12 Until Sun Feb 16 2025 11:27,route,,506,Carlton,Regular service has resumed near College St at Dufferin St. Started Sun Feb 16 2025 11:12 Until Sun Feb 16 2025 11:27,service_resumed,resumed,,College St at Dufferin St,,,,2025-02-16T11:12:00-05:00,2025-02-16T11:27:00-05:00,506-Carlton,2025-02-16T11:12:00-05:00,2025-02-16T11:26:00-05:00,2025-02-16,11:12,America/Toronto,2025,TTCnotices5062025.txt,1072
"506 Carlton: Detour via Dundas St E, Bathurst St and College St due to a collision. Started Sun Feb 16 2025 11:56",route,,506,Carlton,"Detour via Dundas St E, Bathurst St and College St due to a collision. Started Sun Feb 16 2025 11:56",detour,disruption,,,,"Dundas St E, Bathurst St and College St",a collision,2025-02-16T11:56:00-05:00,,506-Carlton,2025-02-16T11:58:00-05:00,2025-02-16T16:32:00-05:00,2025-02-16,11:56,America/Toronto,2025,TTCnotices5062025.txt,1075
"506 Carlton: Detour westbound via Coxwell Ave, Queen St W and Parliament St due to a blocked track. Started Sun Feb 16 2025 14:18",route,,506,Carlton,"Detour westbound via Coxwell Ave, Queen St W and Parliament St due to a blocked track. Started Sun Feb 16 2025 14:18",detour,disruption,westbound,,,"Coxwell Ave, Queen St W and Parliament St",a blocked track,2025-02-16T14:18:00-05:00,,506-Carlton,2025-02-16T14:20:00-05:00,2025-02-16T14:22:00-05:00,2025-02-16,14:18,America/Toronto,2025,TTCnotices5062025.txt,1078
506 Carlton Regular service has resumed westbound near Gerrard St East at Coxwell Ave. Started Sun Feb 16 2025 14:22 Until Sun Feb 16 2025 14:37,route,,506,Carlton,Regular service has resumed westbound near Gerrard St East at Coxwell Ave. Started Sun Feb 16 2025 14:22 Until Sun Feb 16 2025 14:37,service_resumed,resumed,westbound,Gerrard St East at Coxwell Ave,,,,2025-02-16T14:22:00-05:00,2025-02-16T14:37:00-05:00,506-Carlton,2025-02-16T14:24:00-05:00,2025-02-16T14:36:00-05:00,2025-02-16,14:22,America/Toronto,2025,TTCnotices5062025.txt,1081
"506 Carlton: Detour westbound via Coxwell Ave, Queen St E and Parliament St due to a blocked track. Started Sun Feb 16 2025 15:12",route,,506,Carlton,"Detour westbound via Coxwell Ave, Queen St E and Parliament St due to a blocked track. Started Sun Feb 16 2025 15:12",detour,disruption,westbound,,,"Coxwell Ave, Queen St E and Parliament St",a blocked track,2025-02-16T15:12:00-05:00,,506-Carlton,2025-02-16T15:14:00-05:00,2025-02-17T03:34:00-05:00,2025-02-16,15:12,America/Toronto,2025,TTCnotices5062025.txt,1084
"506 Carlton: Detour via Parliament St, Queen St E and Coxwell Ave due to a blocked track. Started Sun Feb 16 2025 15:25",route,,506,Carlton,"Detour via Parliament St, Queen St E and Coxwell Ave due to a blocked track. Started Sun Feb 16 2025 15:25",detour,disruption,,,,"Parliament St, Queen St E and Coxwell Ave",a blocked track,2025-02-16T15:25:00-05:00,,506-Carlton,2025-02-16T15:26:00-05:00,2025-02-17T03:34:00-05:00,2025-02-16,15:25,America/Toronto,2025,TTCnotices5062025.txt,1087
506 Carlton Regular service has resumed near College St at Dufferin St. Started Sun Feb 16 2025 16:31 Until Sun Feb 16 2025 16:46,route,,506,Carlton,Regular service has resumed near College St at Dufferin St. Started Sun Feb 16 2025 16:31 Until Sun Feb 16 2025 16:46,service_resumed,resumed,,College St at Dufferin St,,,,2025-02-16T16:31:00-05:00,2025-02-16T16:46:00-05:00,506-Carlton,2025-02-16T16:32:00-05:00,2025-02-16T16:46:00-05:00,2025-02-16,16:31,America/Toronto,2025,TTCnotices5062025.txt,1090
"506 Carlton: Detour eastbound via Broadview Ave, Queen St E and Coxwell Ave due to a blocked track. Started Sun Feb 16 2025 17:37",route,,506,Carlton,"Detour eastbound via Broadview Ave, Queen St E and Coxwell Ave due to a blocked track. Started Sun Feb 16 2025 17:37",detour,disruption,eastbound,,,"Broadview Ave, Queen St E and Coxwell Ave",a blocked track,2025-02-16T17:37:00-05:00,,506-Carlton,2025-02-16T17:38:00-05:00,2025-02-16T18:14:00-05:00,2025-02-16,17:37,America/Toronto,2025,TTCnotices5062025.txt,1093
506 Carlton Regular service has resumed eastbound near Gerrard St East at Woodfield Rd. Started Sun Feb 16 2025 18:15 Until Sun Feb 16 2025 18:30,route,,506,Carlton,Regular service has resumed eastbound near Gerrard St East at Woodfield Rd. Started Sun Feb 16 2025 18:15 Until Sun Feb 16 2025 18:30,service_resumed,resumed,eastbound,Gerrard St East at Woodfield Rd,,,,2025-02-16T18:15:00-05:00,2025-02-16T18:30:00-05:00,506-Carlton,2025-02-16T18:16:00-05:00,2025-02-16T18:30:00-05:00,2025-02-16,18:15,America/Toronto,2025,TTCnotices5062025.txt,1096
506 Carlton: Detour via Coxwell Ave due to a blocked track. Started Sun Feb 16 2025 18:40,route,,506,Carlton,Detour via Coxwell Ave due to a blocked track. Started Sun Feb 16 2025 18:40,detour,disruption,,,,Coxwell Ave,a blocked track,2025-02-16T18:40:00-05:00,,506-Carlton,2025-02-16T18:42:00-05:00,2025-02-16T18:58:00-05:00,2025-02-16,18:40,America/Toronto,2025,TTCnotices5062025.txt,1099
506 Carlton Regular service has resumed near Gerrard St East at Coxwell Ave. Started Sun Feb 16 2025 18:58 Until Sun Feb 16 2025 19:13,route,,506,Carlton,Regular service has resumed near Gerrard St East at Coxwell Ave. Started Sun Feb 16 2025 18:58 Until Sun Feb 16 2025 19:13,service_resumed,resumed,,Gerrard St East at Coxwell Ave,,,,2025-02-16T18:58:00-05:00,2025-02-16T19:13:00-05:00,506-Carlton,2025-02-16T19:00:00-05:00,2025-02-16T19:14:00-05:00,2025-02-16,18:58,America/Toronto,2025,TTCnotices5062025.txt,1108
506 Carlton: No service between Main Street Station and Gerrard St East at Broadview Ave due to a blocked track. Shuttle buses are on the way. Started Sun Feb 16 2025 18:58,route,,506,Carlton,No service between Main Street Station and Gerrard St East at Broadview Ave due to a blocked track. Shuttle buses are on the way. Started Sun Feb 16 2025 18:58,no_service,disruption,,Main Street Station,Gerrard St East at Broadview Ave,,a blocked track. Shuttle buses are on the way,2025-02-16T18:58:00-05:00,,506-Carlton,2025-02-16T18:58:00-05:00,2025-02-16T21:46:00-05:00,2025-02-16,18:58,America/Toronto,2025,TTCnotices5062025.txt,1102
506 Carlton: No service between Main Street Station and Gerrard St East at Coxwell Ave due to a blocked track. Shuttle buses are on the way. Started Sun Feb 16 2025 18:58,route,,506,Carlton,No service between Main Street Station and Gerrard St East at Coxwell Ave due to a blocked track. Shuttle buses are on the way. Started Sun Feb 16 2025 18:58,no_service,disruption,,Main Street Station,Gerrard St East at Coxwell Ave,,a blocked track. Shuttle buses are on the way,2025-02-16T18:58:00-05:00,,506-Carlton,2025-02-16T19:00:00-05:00,2025-02-17T03:34:00-05:00,2025-02-16,18:58,America/Toronto,2025,TTCnotices5062025.txt,1105
"506 Carlton: Detour eastbound via College St, Ossington Ave, Dundas St E, Bathurst St, College St and Bay St due to a blocked track. Started Sun Feb 16 2025 20:25",route,,506,Carlton,"Detour eastbound via College St, Ossington Ave, Dundas St E, Bathurst St, College St and Bay St due to a blocked track. Started Sun Feb 16 2025 20:25",detour,disruption,eastbound,,,"College St, Ossington Ave, Dundas St E, Bathurst St, College St and Bay St",a blocked track,2025-02-16T20:25:00-05:00,,506-Carlton,2025-02-16T20:26:00-05:00,2025-02-16T22:24:00-05:00,2025-02-16,20:25,America/Toronto,2025,TTCnotices5062025.txt,1111
506 Carlton Regular service has resumed between Main Street Station and Gerrard St East at Broadview Ave. Started Sun Feb 16 2025 21:46 Until Sun Feb 16 2025 22:01,route,,506,Carlton,Regular service has resumed between Main Street Station and Gerrard St East at Broadview Ave. Started Sun Feb 16 2025 21:46 Until Sun Feb 16 2025 22:01,service_resumed,resumed,,Main Street Station,Gerrard St East at Broadview Ave,,,2025-02-16T21:46:00-05:00,2025-02-16T22:01:00-05:00,506-Carlton,2025-02-16T21:46:00-05:00,2025-02-16T22:00:00-05:00,2025-02-16,21:46,America/Toronto,2025,TTCnotices5062025.txt,1114
506 Carlton Regular service has resumed eastbound near College St at Brock Ave. Started Sun Feb 16 2025 22:24 Until Sun Feb 16 2025 22:39,route,,506,Carlton,Regular service has resumed eastbound near College St at Brock Ave. Started Sun Feb 16 2025 22:24 Until Sun Feb 16 2025 22:39,service_resumed,resumed,eastbound,College St at Brock Ave,,,,2025-02-16T22:24:00-05:00,2025-02-16T22:39:00-05:00,506-Carlton,2025-02-16T22:26:00-05:00,2025-02-16T22:38:00-05:00,2025-02-16,22:24,America/Toronto,2025,TTCnotices5062025.txt,1117
506 Carlton: No service between Main Street Station and Gerrard St East at Broadview Ave due to a blocked track. Started Sun Feb 16 2025 23:23,route,,506,Carlton,No service between Main Street Station and Gerrard St East at Broadview Ave due to a blocked track. Started Sun Feb 16 2025 23:23,no_service,disruption,,Main Street Station,Gerrard St East at Broadview Ave,,a blocked track,2025-02-16T23:23:00-05:00,,506-Carlton,2025-02-16T23:24:00-05:00,2025-02-17T03:34:00-05:00,2025-02-16,23:23,America/Toronto,2025,TTCnotices5062025.txt,1120
506 Carlton: Detour via Bathurst St and Dundas St W due to a blocked track. Started Mon Feb 17 2025 0:19,route,,506,Carlton,Detour via Bathurst St and Dundas St W due to a blocked track. Started Mon Feb 17 2025 0:19,detour,disruption,,,,Bathurst St and Dundas St W,a blocked track,2025-02-17T00:19:00-05:00,,506-Carlton,2025-02-17T00:20:00-05:00,2025-02-17T03:34:00-05:00,2025-02-17,00:19,America/Toronto,2025,TTCnotices5062025.txt,1123
506 Carlton: Detour westbound via Bathurst St and Bathurst Station due to a blocked track. Started Mon Feb 17 2025 3:17,route,,506,Carlton,Detour westbound via Bathurst St and Bathurst Station due to a blocked track. Started Mon Feb 17 2025 3:17,detour,disruption,westbound,,,Bathurst St and Bathurst Station,a blocked track,2025-02-17T03:17:00-05:00,,506-Carlton,2025-02-17T03:18:00-05:00,2025-02-17T03:34:00-05:00,2025-02-17,03:17,America/Toronto,2025,TTCnotices5062025.txt,1126
"506 Carlton: Detour via Bay St, Dundas St W and Ossington Ave while we deal with an operational problem. Started Mon Feb 17 2025 7:48",route,,506,Carlton,"Detour via Bay St, Dundas St W and Ossington Ave while we deal with an operational problem. Started Mon Feb 17 2025 7:48",detour,disruption,,,,"Bay St, Dundas St W and Ossington Ave",we deal with an operational problem,2025-02-17T07:48:00-05:00,,506-Carlton,2025-02-17T07:50:00-05:00,2025-02-17T08:36:00-05:00,2025-02-17,07:48,America/Toronto,2025,TTCnotices5062025.txt,1129
"506 Carlton: Detour via Broadview Ave, Dundas St E and Parliament St due to weather conditions. Started Mon Feb 17 2025 8:15",route,,506,Carlton,"Detour via Broadview Ave, Dundas St E and Parliament St due to weather conditions. Started Mon Feb 17 2025 8:15",detour,disruption,,,,"Broadview Ave, Dundas St E and Parliament St",weather conditions,2025-02-17T08:15:00-05:00,,506-Carlton,2025-02-17T08:16:00-05:00,2025-02-17T08:34:00-05:00,2025-02-17,08:15,America/Toronto,2025,TTCnotices5062025.txt,1132
506 Carlton Regular service has resumed near Gerrard St East at Broadview Ave. Started Mon Feb 17 2025 8:34 Until Mon Feb 17 2025 8:49,route,,506,Carlton,Regular service has resumed near Gerrard St East at Broadview Ave. Started Mon Feb 17 2025 8:34 Until Mon Feb 17 2025 8:49,service_resumed,resumed,,Gerrard St East at Broadview Ave,,,,2025-02-17T08:34:00-05:00,2025-02-17T08:49:00-05:00,506-Carlton,2025-02-17T08:36:00-05:00,2025-02-17T08:50:00-05:00,2025-02-17,08:34,America/Toronto,2025,TTCnotices5062025.txt,1135
506 Carlton Regular service has resumed near College St at Bathurst St. Started Mon Feb 17 2025 8:37 Until Mon Feb 17 2025 8:52,route,,506,Carlton,Regular service has resumed near College St at Bathurst St. Started Mon Feb 17 2025 8:37 Until Mon Feb 17 2025 8:52,service_resumed,resumed,,College St at Bathurst St,,,,2025-02-17T08:37:00-05:00,2025-02-17T08:52:00-05:00,506-Carlton,2025-02-17T08:38:00-05:00,2025-02-17T08:52:00-05:00,2025-02-17,08:37,America/Toronto,2025,TTCnotices5062025.txt,1138
"506 Carlton: Detour westbound via Coxwell Ave, Queen St E, Broadview Ave, Dundas St E and Parliament St due to a collision. Started Mon Feb 17 2025 9:55",route,,506,Carlton,"Detour westbound via Coxwell Ave, Queen St E, Broadview Ave, Dundas St E and Parliament St due to a collision. Started Mon Feb 17 2025 9:55",detour,disruption,westbound,,,"Coxwell Ave, Queen St E, Broadview Ave, Dundas St E and Parliament St",a collision,2025-02-17T09:55:00-05:00,,506-Carlton,2025-02-17T09:56:00-05:00,2025-02-17T09:56:00-05:00,2025-02-17,09:55,America/Toronto,2025,TTCnotices5062025.txt,1141
506 Carlton Regular service has resumed westbound near Gerrard St East at Broadview Ave. Started Mon Feb 17 2025 9:56 Until Mon Feb 17 2025 10:11,route,,506,Carlton,Regular service has resumed westbound near Gerrard St East at Broadview Ave. Started Mon Feb 17 2025 9:56 Until Mon Feb 17 2025 10:11,service_resumed,resumed,westbound,Gerrard St East at Broadview Ave,,,,2025-02-17T09:56:00-05:00,2025-02-17T10:11:00-05:00,506-Carlton,2025-02-17T09:58:00-05:00,2025-02-17T10:12:00-05:00,2025-02-17,09:56,America/Toronto,2025,TTCnotices5062025.txt,1144
506 Carlton: Delays westbound near Gerrard St East at Woodfield Rd due to a blocked track. Started Mon Feb 17 2025 10:27,route,,506,Carlton,Delays westbound near Gerrard St East at Woodfield Rd due to a blocked track. Started Mon Feb 17 2025 10:27,delay,disruption,westbound,Gerrard St East at Woodfield Rd,,,a blocked track,2025-02-17T10:27:00-05:00,,506-Carlton,2025-02-17T10:28:00-05:00,2025-02-17T11:38:00-05:00,2025-02-17,10:27,America/Toronto,2025,TTCnotices5062025.txt,1147
506 Carlton Regular service has resumed westbound near Gerrard St East at Woodfield Rd. Started Mon Feb 17 2025 11:38 Until Mon Feb 17 2025 11:53,route,,506,Carlton,Regular service has resumed westbound near Gerrard St East at Woodfield Rd. Started Mon Feb 17 2025 11:38 Until Mon Feb 17 2025 11:53,service_resumed,resumed,westbound,Gerrard St East at Woodfield Rd,,,,2025-02-17T11:38:00-05:00,2025-02-17T11:53:00-05:00,506-Carlton,2025-02-17T11:40:00-05:00,2025-02-17T11:52:00-05:00,2025-02-17,11:38,America/Toronto,2025,TTCnotices5062025.txt,1150
506 Carlton: No service eastbound from Gerrard St East at Woodbine Ave to Main Street Station due to a blocked track. Started Mon Feb 17 2025 12:56,route,,506,Carlton,No service eastbound from Gerrard St East at Woodbine Ave to Main Street Station due to a blocked track. Started Mon Feb 17 2025 12:56,no_service,disruption,eastbound,Gerrard St East at Woodbine Ave,Main Street Station,,a blocked track,2025-02-17T12:56:00-05:00,,506-Carlton,2025-02-17T12:58:00-05:00,2025-02-17T14:38:00-05:00,2025-02-17,12:56,America/Toronto,2025,TTCnotices5062025.txt,1153
506 Carlton: Delays westbound near Gerrard St East at Broadview Ave due to a blocked track. Started Mon Feb 17 2025 13:20,route,,506,Carlton,Delays westbound near Gerrard St East at Broadview Ave due to a blocked track. Started Mon Feb 17 2025 13:20,delay,disruption,westbound,Gerrard St East at Broadview Ave,,,a blocked track,2025-02-17T13:20:00-05:00,,506-Carlton,2025-02-17T13:22:00-05:00,2025-02-17T15:54:00-05:00,2025-02-17,13:20,America/Toronto,2025,TTCnotices5062025.txt,1156
"506 Carlton: Detour westbound via Coxwell Ave, Queen St E and Parliament St due to a blocked track. Started Mon Feb 17 2025 13:54",route,,506,Carlton,"Detour westbound via Coxwell Ave, Queen St E and Parliament St due to a blocked track. Started Mon Feb 17 2025 13:54",detour,disruption,westbound,,,"Coxwell Ave, Queen St E and Parliament St",a blocked track,2025-02-17T13:54:00-05:00,,506-Carlton,2025-02-17T13:56:00-05:00,2025-02-17T14:06:00-05:00,2025-02-17,13:54,America/Toronto,2025,TTCnotices5062025.txt,1159
506 Carlton Regular service has resumed westbound near Gerrard St East at Greenwood Ave. Started Mon Feb 17 2025 14:06 Until Mon Feb 17 2025 14:21,route,,506,Carlton,Regular service has resumed westbound near Gerrard St East at Greenwood Ave. Started Mon Feb 17 2025 14:06 Until Mon Feb 17 2025 14:21,service_resumed,resumed,westbound,Gerrard St East at Greenwood Ave,,,,2025-02-17T14:06:00-05:00,2025-02-17T14:21:00-05:00,506-Carlton,2025-02-17T14:06:00-05:00,2025-02-17T14:20:00-05:00,2025-02-17,14:06,America/Toronto,2025,TTCnotices5062025.txt,1162
506 Carlton Regular service has resumed eastbound from Gerrard St East at Woodbine Ave to Main Street Station. Started Mon Feb 17 2025 14:37 Until Mon Feb 17 2025 14:52,route,,506,Carlton,Regular service has resumed eastbound from Gerrard St East at Woodbine Ave to Main Street Station. Started Mon Feb 17 2025 14:37 Until Mon Feb 17 2025 14:52,service_resumed,resumed,eastbound,Gerrard St East at Woodbine Ave,Main Street Station,,,2025-02-17T14:37:00-05:00,2025-02-17T14:52:00-05:00,506-Carlton,2025-02-17T14:38:00-05:00,2025-02-17T14:53:00-05:00,2025-02-17,14:37,America/Toronto,2025,TTCnotices5062025.txt,1165
"506 Carlton: Detour eastbound via Dundas St W, Bathurst St and College St due to a blocked track. Started Mon Feb 17 2025 14:51",route,,506,Carlton,"Detour eastbound via Dundas St W, Bathurst St and College St due to a blocked track. Started Mon Feb 17 2025 14:51",detour,disruption,eastbound,,,"Dundas St W, Bathurst St and College St",a blocked track,2025-02-17T14:51:00-05:00,,506-Carlton,2025-02-17T14:53:00-05:00,2025-02-17T16:47:00-05:00,2025-02-17,14:51,America/Toronto,2025,TTCnotices5062025.txt,1168
506 Carlton Regular service has resumed westbound near Gerrard St East at Broadview Ave. Started Mon Feb 17 2025 15:55 Until Mon Feb 17 2025 16:10,route,,506,Carlton,Regular service has resumed westbound near Gerrard St East at Broadview Ave. Started Mon Feb 17 2025 15:55 Until Mon Feb 17 2025 16:10,service_resumed,resumed,westbound,Gerrard St East at Broadview Ave,,,,2025-02-17T15:55:00-05:00,2025-02-17T16:10:00-05:00,506-Carlton,2025-02-17T15:56:00-05:00,2025-02-17T16:10:00-05:00,2025-02-17,15:55,America/Toronto,2025,TTCnotices5062025.txt,1171
506 Carlton Regular service has resumed eastbound near College St at Dovercourt Rd. Started Mon Feb 17 2025 16:46 Until Mon Feb 17 2025 17:01,route,,506,Carlton,Regular service has resumed eastbound near College St at Dovercourt Rd. Started Mon Feb 17 2025 16:46 Until Mon Feb 17 2025 17:01,service_resumed,resumed,eastbound,College St at Dovercourt Rd,,,,2025-02-17T16:46:00-05:00,2025-02-17T17:01:00-05:00,506-Carlton,2025-02-17T16:48:00-05:00,2025-02-17T17:02:00-05:00,2025-02-17,16:46,America/Toronto,2025,TTCnotices5062025.txt,1174
"506 Carlton: Detour via Broadview Ave, Dundas St E and Parliament St due to a blocked track. Started Mon Feb 17 2025 18:16",route,,506,Carlton,"Detour via Broadview Ave, Dundas St E and Parliament St due to a blocked track. Started Mon Feb 17 2025 18:16",detour,disruption,,,,"Broadview Ave, Dundas St E and Parliament St",a blocked track,2025-02-17T18:16:00-05:00,,506-Carlton,2025-02-17T18:16:00-05:00,2025-02-17T19:32:00-05:00,2025-02-17,18:16,America/Toronto,2025,TTCnotices5062025.txt,1177
"506 Carlton: Detour westbound via Bathurst St, Dundas St W and Ossington Ave due to a blocked track. Started Mon Feb 17 2025 19:10",route,,506,Carlton,"Detour westbound via Bathurst St, Dundas St W and Ossington Ave due to a blocked track. Started Mon Feb 17 2025 19:10",detour,disruption,westbound,,,"Bathurst St, Dundas St W and Ossington Ave",a blocked track,2025-02-17T19:10:00-05:00,,506-Carlton,2025-02-17T19:10:00-05:00,2025-02-17T19:13:00-05:00,2025-02-17,19:10,America/Toronto,2025,TTCnotices5062025.txt,1180
506 Carlton Regular service has resumed westbound near College St at Euclid Ave. Started Mon Feb 17 2025 19:12 Until Mon Feb 17 2025 19:27,route,,506,Carlton,Regular service has resumed westbound near College St at Euclid Ave. Started Mon Feb 17 2025 19:12 Until Mon Feb 17 2025 19:27,service_resumed,resumed,westbound,College St at Euclid Ave,,,,2025-02-17T19:12:00-05:00,2025-02-17T19:27:00-05:00,506-Carlton,2025-02-17T19:14:00-05:00,2025-02-17T19:26:00-05:00,2025-02-17,19:12,America/Toronto,2025,TTCnotices5062025.txt,1183
"506 Carlton: Detour via Broadview Ave, Dundas St E and Parliament St due to a blocked track. Started Mon Feb 17 2025 19:32 Shuttle buses operating.",route,,506,Carlton,"Detour via Broadview Ave, Dundas St E and Parliament St due to a blocked track. Started Mon Feb 17 2025 19:32 Shuttle buses operating.",detour,disruption,,,,"Broadview Ave, Dundas St E and Parliament St",a blocked track,2025-02-17T19:32:00-05:00,,506-Carlton,2025-02-17T19:34:00-05:00,2025-02-18T00:32:00-05:00,2025-02-17,19:32,America/Toronto,2025,TTCnotices5062025.txt,1186
"506 Carlton: Detour westbound via Bathurst St, Dundas St W and Ossington Ave due to a blocked track. Started Mon Feb 17 2025 21:02",route,,506,Carlton,"Detour westbound via Bathurst St, Dundas St W and Ossington Ave due to a blocked track. Started Mon Feb 17 2025 21:02",detour,disruption,westbound,,,"Bathurst St, Dundas St W and Ossington Ave",a blocked track,2025-02-17T21:02:00-05:00,,506-Carlton,2025-02-17T21:02:00-05:00,2025-02-17T22:44:00-05:00,2025-02-17,21:02,America/Toronto,2025,TTCnotices5062025.txt,1190
506 Carlton: No service between Gerrard St East at Broadview Ave and Gerrard St East at Parliament St due to a blocked track. Started Mon Feb 17 2025 21:30,route,,506,Carlton,No service between Gerrard St East at Broadview Ave and Gerrard St East at Parliament St due to a blocked track. Started Mon Feb 17 2025 21:30,no_service,disruption,,Gerrard St East at Broadview Ave,Gerrard St East at Parliament St,,a blocked track,2025-02-17T21:30:00-05:00,,506-Carlton,2025-02-17T21:32:00-05:00,2025-02-18T00:32:00-05:00,2025-02-17,21:30,America/Toronto,2025,TTCnotices5062025.txt,1193
506 Carlton Regular service has resumed westbound near College St at Euclid Ave. Started Mon Feb 17 2025 22:45 Until Mon Feb 17 2025 23:00,route,,506,Carlton,Regular service has resumed westbound near College St at Euclid Ave. Started Mon Feb 17 2025 22:45 Until Mon Feb 17 2025 23:00,service_resumed,resumed,westbound,College St at Euclid Ave,,,,2025-02-17T22:45:00-05:00,2025-02-17T23:00:00-05:00,506-Carlton,2025-02-17T22:46:00-05:00,,2025-02-17,22:45,America/Toronto,2025,TTCnotices5062025.txt,1196
506 Carlton Regular service has resumed between Gerrard St East at Broadview Ave and Gerrard St East at Parliament St. Started Tue Feb 18 2025 0:32 Until Tue Feb 18 2025 0:47,route,,506,Carlton,Regular service has resumed between Gerrard St East at Broadview Ave and Gerrard St East at Parliament St. Started Tue Feb 18 2025 0:32 Until Tue Feb 18 2025 0:47,service_resumed,resumed,,Gerrard St East at Broadview Ave,Gerrard St East at Parliament St,,,2025-02-18T00:32:00-05:00,2025-02-18T00:47:00-05:00,506-Carlton,2025-02-18T00:34:00-05:00,2025-02-18T00:46:00-05:00,2025-02-18,00:32,America/Toronto,2025,TTCnotices5062025.txt,1203
506 Carlton Regular service has resumed near Gerrard St East at De Grassi St. Started Tue Feb 18 2025 0:32 Until Tue Feb 18 2025 0:47 Shuttle buses operating.,route,,506,Carlton,Regular service has resumed near Gerrard St East at De Grassi St. Started Tue Feb 18 2025 0:32 Until Tue Feb 18 2025 0:47 Shuttle buses operating.,service_resumed,resumed,,Gerrard St East at De Grassi St,,,,2025-02-18T00:32:00-05:00,2025-02-18T00:47:00-05:00,506-Carlton,2025-02-18T00:34:00-05:00,2025-02-18T00:46:00-05:00,2025-02-18,00:32,America/Toronto,2025,TTCnotices5062025.txt,1199
"506 Carlton: Detour westbound via Parliament St, Dundas St E and Bay St due to a track problem. Started Tue Feb 18 2025 5:13",route,,506,Carlton,"Detour westbound via Parliament St, Dundas St E and Bay St due to a track problem. Started Tue Feb 18 2025 5:13",detour,disruption,westbound,,,"Parliament St, Dundas St E and Bay St",a track problem,2025-02-18T05:13:00-05:00,,506-Carlton,2025-02-18T05:14:00-05:00,2025-02-18T05:58:00-05:00,2025-02-18,05:13,America/Toronto,2025,TTCnotices5062025.txt,1206
506 Carlton Regular service has resumed westbound near Gerrard St East at Parliament St. Started Tue Feb 18 2025 5:59 Until Tue Feb 18 2025 6:14,route,,506,Carlton,Regular service has resumed westbound near Gerrard St East at Parliament St. Started Tue Feb 18 2025 5:59 Until Tue Feb 18 2025 6:14,service_resumed,resumed,westbound,Gerrard St East at Parliament St,,,,2025-02-18T05:59:00-05:00,2025-02-18T06:14:00-05:00,506-Carlton,2025-02-18T06:00:00-05:00,2025-02-18T06:14:00-05:00,2025-02-18,05:59,America/Toronto,2025,TTCnotices5062025.txt,1209
506 Carlton: Delays eastbound near Howard Park Ave at Dundas St West while we fix a door problem. Started Tue Feb 18 2025 7:45,route,,506,Carlton,Delays eastbound near Howard Park Ave at Dundas St West while we fix a door problem. Started Tue Feb 18 2025 7:45,delay,disruption,eastbound,Howard Park Ave at Dundas St West,,,we fix a door problem,2025-02-18T07:45:00-05:00,,506-Carlton,2025-02-18T07:46:00-05:00,2025-02-18T08:14:00-05:00,2025-02-18,07:45,America/Toronto,2025,TTCnotices5062025.txt,1212
506 Carlton Regular service has resumed eastbound near Howard Park Ave at Dundas St West. Started Tue Feb 18 2025 8:13 Until Tue Feb 18 2025 8:28,route,,506,Carlton,Regular service has resumed eastbound near Howard Park Ave at Dundas St West. Started Tue Feb 18 2025 8:13 Until Tue Feb 18 2025 8:28,service_resumed,resumed,eastbound,Howard Park Ave at Dundas St West,,,,2025-02-18T08:13:00-05:00,2025-02-18T08:28:00-05:00,506-Carlton,2025-02-18T08:14:00-05:00,2025-02-18T08:28:00-05:00,2025-02-18,08:13,America/Toronto,2025,TTCnotices5062025.txt,1215
506 Carlton: Delays westbound near College St at Ossington Ave due to a blocked track. Started Tue Feb 18 2025 8:52,route,,506,Carlton,Delays westbound near College St at Ossington Ave due to a blocked track. Started Tue Feb 18 2025 8:52,delay,disruption,westbound,College St at Ossington Ave,,,a blocked track,2025-02-18T08:52:00-05:00,,506-Carlton,2025-02-18T08:54:00-05:00,2025-02-18T09:26:00-05:00,2025-02-18,08:52,America/Toronto,2025,TTCnotices5062025.txt,1218
506 Carlton Regular service has resumed westbound near College St at Ossington Ave. Started Tue Feb 18 2025 9:26 Until Tue Feb 18 2025 9:41,route,,506,Carlton,Regular service has resumed westbound near College St at Ossington Ave. Started Tue Feb 18 2025 9:26 Until Tue Feb 18 2025 9:41,service_resumed,resumed,westbound,College St at Ossington Ave,,,,2025-02-18T09:26:00-05:00,2025-02-18T09:41:00-05:00,506-Carlton,2025-02-18T09:28:00-05:00,2025-02-18T09:42:00-05:00,2025-02-18,09:26,America/Toronto,2025,TTCnotices5062025.txt,1221
506 Carlton: Delays westbound near Gerrard St East at Jones Ave due to a blocked track. Started Tue Feb 18 2025 9:57,route,,506,Carlton,Delays westbound near Gerrard St East at Jones Ave due to a blocked track. Started Tue Feb 18 2025 9:57,delay,disruption,westbound,Gerrard St East at Jones Ave,,,a blocked track,2025-02-18T09:57:00-05:00,,506-Carlton,2025-02-18T09:58:00-05:00,2025-02-18T10:54:00-05:00,2025-02-18,09:57,America/Toronto,2025,TTCnotices5062025.txt,1224
506 Carlton: Delays westbound near Gerrard St East at Woodbine Ave due to a blocked track. Started Tue Feb 18 2025 10:25,route,,506,Carlton,Delays westbound near Gerrard St East at Woodbine Ave due to a blocked track. Started Tue Feb 18 2025 10:25,delay,disruption,westbound,Gerrard St East at Woodbine Ave,,,a blocked track,2025-02-18T10:25:00-05:00,,506-Carlton,2025-02-18T10:26:00-05:00,2025-02-18T10:54:00-05:00,2025-02-18,10:25,America/Toronto,2025,TTCnotices5062025.txt,1227
506 Carlton Regular service has resumed westbound near Gerrard St East at Jones Ave. Started Tue Feb 18 2025 10:55 Until Tue Feb 18 2025 11:10,route,,506,Carlton,Regular service has resumed westbound near Gerrard St East at Jones Ave. Started Tue Feb 18 2025 10:55 Until Tue Feb 18 2025 11:10,service_resumed,resumed,westbound,Gerrard St East at Jones Ave,,,,2025-02-18T10:55:00-05:00,2025-02-18T11:10:00-05:00,506-Carlton,2025-02-18T10:56:00-05:00,2025-02-18T11:10:00-05:00,2025-02-18,10:55,America/Toronto,2025,TTCnotices5062025.txt,1230
506 Carlton Regular service has resumed westbound near Gerrard St East at Woodbine Ave. Started Tue Feb 18 2025 10:55 Until Tue Feb 18 2025 11:10,route,,506,Carlton,Regular service has resumed westbound near Gerrard St East at Woodbine Ave. Started Tue Feb 18 2025 10:55 Until Tue Feb 18 2025 11:10,service_resumed,resumed,westbound,Gerrard St East at Woodbine Ave,,,,2025-02-18T10:55:00-05:00,2025-02-18T11:10:00-05:00,506-Carlton,2025-02-18T10:56:00-05:00,2025-02-18T11:10:00-05:00,2025-02-18,10:55,America/Toronto,2025,TTCnotices5062025.txt,1233
506 Carlton: Delays westbound near College St at Grace St due to a blocked track. Started Tue Feb 18 2025 11:40,route,,506,Carlton,Delays westbound near College St at Grace St due to a blocked track. Started Tue Feb 18 2025 11:40,delay,disruption,westbound,College St at Grace St,,,a blocked track,2025-02-18T11:40:00-05:00,,506-Carlton,2025-02-18T11:42:00-05:00,2025-02-18T12:02:00-05:00,2025-02-18,11:40,America/Toronto,2025,TTCnotices5062025.txt,1236
"506 Carlton: Detour westbound via College St, Dundas St W, Bathurst St and Ossington Ave due to a blocked track. Started Tue Feb 18 2025 12:01",route,,506,Carlton,"Detour westbound via College St, Dundas St W, Bathurst St and Ossington Ave due to a blocked track. Started Tue Feb 18 2025 12:01",detour,disruption,westbound,,,"College St, Dundas St W, Bathurst St and Ossington Ave",a blocked track,2025-02-18T12:01:00-05:00,,506-Carlton,2025-02-18T12:02:00-05:00,2025-02-18T12:22:00-05:00,2025-02-18,12:01,America/Toronto,2025,TTCnotices5062025.txt,1239
"506 Carlton: Detour eastbound via Broadview Ave, Queen St E and Coxwell Ave due to a blocked track. Started Tue Feb 18 2025 12:08",route,,506,Carlton,"Detour eastbound via Broadview Ave, Queen St E and Coxwell Ave due to a blocked track. Started Tue Feb 18 2025 12:08",detour,disruption,eastbound,,,"Broadview Ave, Queen St E and Coxwell Ave",a blocked track,2025-02-18T12:08:00-05:00,,506-Carlton,2025-02-18T12:08:00-05:00,2025-02-18T12:24:00-05:00,2025-02-18,12:08,America/Toronto,2025,TTCnotices5062025.txt,1242
506 Carlton: Delays eastbound near Gerrard St East at Pape Ave due to a blocked track. Started Tue Feb 18 2025 12:09,route,,506,Carlton,Delays eastbound near Gerrard St East at Pape Ave due to a blocked track. Started Tue Feb 18 2025 12:09,delay,disruption,eastbound,Gerrard St East at Pape Ave,,,a blocked track,2025-02-18T12:09:00-05:00,,506-Carlton,2025-02-18T12:10:00-05:00,2025-02-18T12:44:00-05:00,2025-02-18,12:09,America/Toronto,2025,TTCnotices5062025.txt,1245
506 Carlton: Delays westbound near Gerrard St East at Greenwood Ave due to a blocked track. Started Tue Feb 18 2025 12:10,route,,506,Carlton,Delays westbound near Gerrard St East at Greenwood Ave due to a blocked track. Started Tue Feb 18 2025 12:10,delay,disruption,westbound,Gerrard St East at Greenwood Ave,,,a blocked track,2025-02-18T12:10:00-05:00,,506-Carlton,2025-02-18T12:12:00-05:00,2025-02-18T12:16:00-05:00,2025-02-18,12:10,America/Toronto,2025,TTCnotices5062025.txt,1248
"506 Carlton: Detour westbound via Coxwell Ave, Queen St E, Broadview Ave, Dundas St E and Parliament St due to a blocked track. Started Tue Feb 18 2025 12:17",route,,506,Carlton,"Detour westbound via Coxwell Ave, Queen St E, Broadview Ave, Dundas St E and Parliament St due to a blocked track. Started Tue Feb 18 2025 12:17",detour,disruption,westbound,,,"Coxwell Ave, Queen St E, Broadview Ave, Dundas St E and Parliament St",a blocked track,2025-02-18T12:17:00-05:00,,506-Carlton,2025-02-18T12:18:00-05:00,2025-02-18T13:00:00-05:00,2025-02-18,12:17,America/Toronto,2025,TTCnotices5062025.txt,1251
"506 Carlton: Detour eastbound via Parliament St, Dundas St E, Broadview Ave, Queen St E and Coxwell Ave due to a blocked track. Started Tue Feb 18 2025 12:19",route,,506,Carlton,"Detour eastbound via Parliament St, Dundas St E, Broadview Ave, Queen St E and Coxwell Ave due to a blocked track. Started Tue Feb 18 2025 12:19",detour,disruption,eastbound,,,"Parliament St, Dundas St E, Broadview Ave, Queen St E and Coxwell Ave",a blocked track,2025-02-18T12:19:00-05:00,,506-Carlton,2025-02-18T12:20:00-05:00,2025-02-18T12:58:00-05:00,2025-02-18,12:19,America/Toronto,2025,TTCnotices5062025.txt,1254
506 Carlton Regular service has resumed westbound near College St at Grace St. Started Tue Feb 18 2025 12:22 Until Tue Feb 18 2025 12:37,route,,506,Carlton,Regular service has resumed westbound near College St at Grace St. Started Tue Feb 18 2025 12:22 Until Tue Feb 18 2025 12:37,service_resumed,resumed,westbound,College St at Grace St,,,,2025-02-18T12:22:00-05:00,2025-02-18T12:37:00-05:00,506-Carlton,2025-02-18T12:24:00-05:00,2025-02-18T12:36:00-05:00,2025-02-18,12:22,America/Toronto,2025,TTCnotices5062025.txt,1257
506 Carlton Regular service has resumed eastbound near Gerrard St East at Greenwood Ave. Started Tue Feb 18 2025 12:24 Until Tue Feb 18 2025 12:39,route,,506,Carlton,Regular service has resumed eastbound near Gerrard St East at Greenwood Ave. Started Tue Feb 18 2025 12:24 Until Tue Feb 18 2025 12:39,service_resumed,resumed,eastbound,Gerrard St East at Greenwood Ave,,,,2025-02-18T12:24:00-05:00,2025-02-18T12:39:00-05:00,506-Carlton,2025-02-18T12:25:00-05:00,2025-02-18T12:40:00-05:00,2025-02-18,12:24,America/Toronto,2025,TTCnotices5062025.txt,1260
506 Carlton Regular service has resumed eastbound near Gerrard St East at Pape Ave. Started Tue Feb 18 2025 12:45 Until Tue Feb 18 2025 13:00,route,,506,Carlton,Regular service has resumed eastbound near Gerrard St East at Pape Ave. Started Tue Feb 18 2025 12:45 Until Tue Feb 18 2025 13:00,service_resumed,resumed,eastbound,Gerrard St East at Pape Ave,,,,2025-02-18T12:45:00-05:00,2025-02-18T13:00:00-05:00,506-Carlton,2025-02-18T12:46:00-05:00,2025-02-18T13:00:00-05:00,2025-02-18,12:45,America/Toronto,2025,TTCnotices5062025.txt,1263
506 Carlton Regular service has resumed eastbound near Gerrard St East at Greenwood Ave. Started Tue Feb 18 2025 12:59 Until Tue Feb 18 2025 13:14,route,,506,Carlton,Regular service has resumed eastbound near Gerrard St East at Greenwood Ave. Started Tue Feb 18 2025 12:59 Until Tue Feb 18 2025 13:14,service_resumed,resumed,eastbound,Gerrard St East at Greenwood Ave,,,,2025-02-18T12:59:00-05:00,2025-02-18T13:14:00-05:00,506-Carlton,2025-02-18T13:00:00-05:00,2025-02-18T13:14:00-05:00,2025-02-18,12:59,America/Toronto,2025,TTCnotices5062025.txt,1269
506 Carlton Regular service has resumed westbound near Gerrard St East at Greenwood Ave. Started Tue Feb 18 2025 12:59 Until Tue Feb 18 2025 13:14,route,,506,Carlton,Regular service has resumed westbound near Gerrard St East at Greenwood Ave. Started Tue Feb 18 2025 12:59 Until Tue Feb 18 2025 13:14,service_resumed,resumed,westbound,Gerrard St East at Greenwood Ave,,,,2025-02-18T12:59:00-05:00,2025-02-18T13:14:00-05:00,506-Carlton,2025-02-18T13:00:00-05:00,2025-02-18T13:14:00-05:00,2025-02-18,12:59,America/Toronto,2025,TTCnotices5062025.txt,1266
"506 Carlton: Detour eastbound via Coxwell Ave, Queen St E, Broadview Ave, Dundas St E and Parliament St due to a blocked track. Started Tue Feb 18 2025 13:13",route,,506,Carlton,"Detour eastbound via Coxwell Ave, Queen St E, Broadview Ave, Dundas St E and Parliament St due to a blocked track. Started Tue Feb 18 2025 13:13",detour,disruption,eastbound,,,"Coxwell Ave, Queen St E, Broadview Ave, Dundas St E and Parliament St",a blocked track,2025-02-18T13:13:00-05:00,,506-Carlton,2025-02-18T13:14:00-05:00,2025-02-18T14:18:00-05:00,2025-02-18,13:13,America/Toronto,2025,TTCnotices5062025.txt,1272
"506 Carlton: Detour eastbound via Broadview Ave, Queen St E and Coxwell Ave due to a collision. Started Tue Feb 18 2025 13:55",route,,506,Carlton,"Detour eastbound via Broadview Ave, Queen St E and Coxwell Ave due to a collision. Started Tue Feb 18 2025 13:55",detour,disruption,eastbound,,,"Broadview Ave, Queen St E and Coxwell Ave",a collision,2025-02-18T13:55:00-05:00,,506-Carlton,2025-02-18T13:56:00-05:00,,2025-02-18,13:55,America/Toronto,2025,TTCnotices5062025.txt,1275
"506 Carlton: Detour via Coxwell Ave, Queen St E and Parliament St due to a collision. Started Tue Feb 18 2025 13:56 Shuttle buses operating.",route,,506,Carlton,"Detour via Coxwell Ave, Queen St E and Parliament St due to a collision. Started Tue Feb 18 2025 13:56 Shuttle buses operating.",detour,disruption,,,,"Coxwell Ave, Queen St E and Parliament St",a collision,2025-02-18T13:56:00-05:00,,506-Carlton,2025-02-18T13:58:00-05:00,2025-02-18T13:58:00-05:00,2025-02-18,13:56,America/Toronto,2025,TTCnotices5062025.txt,1282
"506 Carlton: Detour eastbound via Broadview Ave, Queen St E and Coxwell Ave due to a collision. Started Tue Feb 18 2025 13:57 Shuttle buses ordered.",route,,506,Carlton,"Detour eastbound via Broadview Ave, Queen St E and Coxwell Ave due to a collision. Started Tue Feb 18 2025 13:57 Shuttle buses ordered.",detour,disruption,eastbound,,,"Broadview Ave, Queen St E and Coxwell Ave",a collision,2025-02-18T13:57:00-05:00,,506-Carlton,2025-02-18T13:58:00-05:00,2025-02-18T15:03:00-05:00,2025-02-18,13:57,America/Toronto,2025,TTCnotices5062025.txt,1278
"506 Carlton: Detour via Coxwell Ave, Queen St E and Parliament St due to a collision. Started Tue Feb 18 2025 13:57 Shuttle buses ordered.",route,,506,Carlton,"Detour via Coxwell Ave, Queen St E and Parliament St due to a collision. Started Tue Feb 18 2025 13:57 Shuttle buses ordered.",detour,disruption,,,,"Coxwell Ave, Queen St E and Parliament St",a collision,2025-02-18T13:57:00-05:00,,506-Carlton,2025-02-18T13:58:00-05:00,2025-02-18T15:03:00-05:00,2025-02-18,13:57,America/Toronto,2025,TTCnotices5062025.txt,1286
506 Carlton Regular service has resumed eastbound near Gerrard St East at Greenwood Ave. Started Tue Feb 18 2025 14:18 Until Tue Feb 18 2025 14:33,route,,506,Carlton,Regular service has resumed eastbound near Gerrard St East at Greenwood Ave. Started Tue Feb 18 2025 14:18 Until Tue Feb 18 2025 14:33,service_resumed,resumed,eastbound,Gerrard St East at Greenwood Ave,,,,2025-02-18T14:18:00-05:00,2025-02-18T14:33:00-05:00,506-Carlton,2025-02-18T14:20:00-05:00,2025-02-18T14:32:00-05:00,2025-02-18,14:18,America/Toronto,2025,TTCnotices5062025.txt,1290
506 Carlton Regular service has resumed eastbound near Coxwell Ave at Gerrard St East. Started Tue Feb 18 2025 15:03 Until Tue Feb 18 2025 15:18 Shuttle buses ordered.,route,,506,Carlton,Regular service has resumed eastbound near Coxwell Ave at Gerrard St East. Started Tue Feb 18 2025 15:03 Until Tue Feb 18 2025 15:18 Shuttle buses ordered.,service_resumed,resumed,eastbound,Coxwell Ave at Gerrard St East,,,,2025-02-18T15:03:00-05:00,2025-02-18T15:18:00-05:00,506-Carlton,2025-02-18T15:04:00-05:00,2025-02-18T15:18:00-05:00,2025-02-18,15:03,America/Toronto,2025,TTCnotices5062025.txt,1293
506 Carlton Regular service has resumed near Gerrard St East at Coxwell Ave. Started Tue Feb 18 2025 15:03 Until Tue Feb 18 2025 15:18 Shuttle buses ordered.,route,,506,Carlton,Regular service has resumed near Gerrard St East at Coxwell Ave. Started Tue Feb 18 2025 15:03 Until Tue Feb 18 2025 15:18 Shuttle buses ordered.,service_resumed,resumed,,Gerrard St East at Coxwell Ave,,,,2025-02-18T15:03:00-05:00,2025-02-18T15:18:00-05:00,506-Carlton,2025-02-18T15:04:00-05:00,2025-02-18T15:18:00-05:00,2025-02-18,15:03,America/Toronto,2025,TTCnotices5062025.txt,1297
"506 Carlton: Detour eastbound via Dundas St W, Spadina Ave and College St due to a blocked track. Started Tue Feb 18 2025 15:36",route,,506,Carlton,"Detour eastbound via Dundas St W, Spadina Ave and College St due to a blocked track. Started Tue Feb 18 2025 15:36",detour,disruption,eastbound,,,"Dundas St W, Spadina Ave and College St",a blocked track,2025-02-18T15:36:00-05:00,,506-Carlton,2025-02-18T15:36:00-05:00,2025-02-18T16:54:00-05:00,2025-02-18,15:36,America/Toronto,2025,TTCnotices5062025.txt,1301
506 Carlton: Detour eastbound via Bathurst St and Spadina Ave due to a blocked track. Started Tue Feb 18 2025 16:54,route,,506,Carlton,Detour eastbound via Bathurst St and Spadina Ave due to a blocked track. Started Tue Feb 18 2025 16:54,detour,disruption,eastbound,,,Bathurst St and Spadina Ave,a blocked track,2025-02-18T16:54:00-05:00,,506-Carlton,2025-02-18T16:56:00-05:00,2025-02-18T18:10:00-05:00,2025-02-18,16:54,America/Toronto,2025,TTCnotices5062025.txt,1304
506 Carlton Regular service has resumed eastbound near College St at Dufferin St. Started Tue Feb 18 2025 18:10 Until Tue Feb 18 2025 18:25,route,,506,Carlton,Regular service has resumed eastbound near College St at Dufferin St. Started Tue Feb 18 2025 18:10 Until Tue Feb 18 2025 18:25,service_resumed,resumed,eastbound,College St at Dufferin St,,,,2025-02-18T18:10:00-05:00,2025-02-18T18:25:00-05:00,506-Carlton,2025-02-18T18:12:00-05:00,2025-02-18T18:26:00-05:00,2025-02-18,18:10,America/Toronto,2025,TTCnotices5062025.txt,1307
"506 Carlton: Detour westbound via Coxwell Ave, Queen St E and Parliament St due to a blocked track. Started Tue Feb 18 2025 19:58",route,,506,Carlton,"Detour westbound via Coxwell Ave, Queen St E and Parliament St due to a blocked track. Started Tue Feb 18 2025 19:58",detour,disruption,westbound,,,"Coxwell Ave, Queen St E and Parliament St",a blocked track,2025-02-18T19:58:00-05:00,,506-Carlton,2025-02-18T20:00:00-05:00,2025-02-19T01:38:00-05:00,2025-02-18,19:58,America/Toronto,2025,TTCnotices5062025.txt,1310
"506 Carlton: Detour westbound via Bathurst St, Dundas St W and Ossington Ave due to a blocked track. Started Tue Feb 18 2025 20:31",route,,506,Carlton,"Detour westbound via Bathurst St, Dundas St W and Ossington Ave due to a blocked track. Started Tue Feb 18 2025 20:31",detour,disruption,westbound,,,"Bathurst St, Dundas St W and Ossington Ave",a blocked track,2025-02-18T20:31:00-05:00,,506-Carlton,2025-02-18T20:32:00-05:00,2025-02-19T01:38:00-05:00,2025-02-18,20:31,America/Toronto,2025,TTCnotices5062025.txt,1313
"506 Carlton: Detour westbound via Coxwell Ave, Queen St E and Parliament St due to a collision. Started Tue Feb 18 2025 20:34",route,,506,Carlton,"Detour westbound via Coxwell Ave, Queen St E and Parliament St due to a collision. Started Tue Feb 18 2025 20:34",detour,disruption,westbound,,,"Coxwell Ave, Queen St E and Parliament St",a collision,2025-02-18T20:34:00-05:00,,506-Carlton,2025-02-18T20:34:00-05:00,2025-02-19T01:38:00-05:00,2025-02-18,20:34,America/Toronto,2025,TTCnotices5062025.txt,1316
506 Carlton: No service westbound from College St at Bathurst St to College St at Lansdowne Ave due to a collision. Started Tue Feb 18 2025 21:40,route,,506,Carlton,No service westbound from College St at Bathurst St to College St at Lansdowne Ave due to a collision. Started Tue Feb 18 2025 21:40,no_service,disruption,westbound,College St at Bathurst St,College St at Lansdowne Ave,,a collision,2025-02-18T21:40:00-05:00,,506-Carlton,2025-02-18T21:42:00-05:00,2025-02-18T22:26:00-05:00,2025-02-18,21:40,America/Toronto,2025,TTCnotices5062025.txt,1319
"506 Carlton: Detour eastbound via Dundas St W, Bathurst St and College St due to a blocked track. Started Tue Feb 18 2025 22:13 Shuttle buses operating between Bathurst Station to Lansdowne Loop.",route,,506,Carlton,"Detour eastbound via Dundas St W, Bathurst St and College St due to a blocked track. Started Tue Feb 18 2025 22:13 Shuttle buses operating between Bathurst Station to Lansdowne Loop.",detour,disruption,eastbound,,,"Dundas St W, Bathurst St and College St",a blocked track,2025-02-18T22:13:00-05:00,,506-Carlton,2025-02-18T22:14:00-05:00,2025-02-18T22:50:00-05:00,2025-02-18,22:13,America/Toronto,2025,TTCnotices5062025.txt,1322
506 Carlton Regular service has resumed westbound from College St at Bathurst St to College St at Lansdowne Ave. Started Tue Feb 18 2025 22:27 Until Tue Feb 18 2025 22:42,route,,506,Carlton,Regular service has resumed westbound from College St at Bathurst St to College St at Lansdowne Ave. Started Tue Feb 18 2025 22:27 Until Tue Feb 18 2025 22:42,service_resumed,resumed,westbound,College St at Bathurst St,College St at Lansdowne Ave,,,2025-02-18T22:27:00-05:00,2025-02-18T22:42:00-05:00,506-Carlton,2025-02-18T22:28:00-05:00,2025-02-18T22:42:00-05:00,2025-02-18,22:27,America/Toronto,2025,TTCnotices5062025.txt,1326
506 Carlton Regular service has resumed eastbound near College St at Euclid Ave. Started Tue Feb 18 2025 22:51 Until Tue Feb 18 2025 23:06 Shuttle buses operating between Bathurst Station to Lansdowne Loop.,route,,506,Carlton,Regular service has resumed eastbound near College St at Euclid Ave. Started Tue Feb 18 2025 22:51 Until Tue Feb 18 2025 23:06 Shuttle buses operating between Bathurst Station to Lansdowne Loop.,service_resumed,resumed,eastbound,College St at Euclid Ave,,,,2025-02-18T22:51:00-05:00,2025-02-18T23:06:00-05:00,506-Carlton,2025-02-18T22:52:00-05:00,2025-02-18T23:06:00-05:00,2025-02-18,22:51,America/Toronto,2025,TTCnotices5062025.txt,1329
"506 Carlton: Detour westbound via Coxwell Ave, Queen St E and Parliament St due to a blocked track. Started Tue Feb 18 2025 23:20",route,,506,Carlton,"Detour westbound via Coxwell Ave, Queen St E and Parliament St due to a blocked track. Started Tue Feb 18 2025 23:20",detour,disruption,westbound,,,"Coxwell Ave, Queen St E and Parliament St",a blocked track,2025-02-18T23:20:00-05:00,,506-Carlton,2025-02-18T23:22:00-05:00,,2025-02-18,23:20,America/Toronto,2025,TTCnotices5062025.txt,1333
506 Carlton Regular service has resumed westbound near Gerrard St East at Broadview Ave. Started Tue Feb 18 2025 23:21 Until Tue Feb 18 2025 23:36,route,,506,Carlton,Regular service has resumed westbound near Gerrard St East at Broadview Ave. Started Tue Feb 18 2025 23:21 Until Tue Feb 18 2025 23:36,service_resumed,resumed,westbound,Gerrard St East at Broadview Ave,,,,2025-02-18T23:21:00-05:00,2025-02-18T23:36:00-05:00,506-Carlton,2025-02-18T23:22:00-05:00,2025-02-18T23:36:00-05:00,2025-02-18,23:21,America/Toronto,2025,TTCnotices5062025.txt,1336
506 Carlton Regular service has resumed westbound near College St at Ossington Ave. Started Wed Feb 19 2025 1:38 Until Wed Feb 19 2025 1:53,route,,506,Carlton,Regular service has resumed westbound near College St at Ossington Ave. Started Wed Feb 19 2025 1:38 Until Wed Feb 19 2025 1:53,service_resumed,resumed,westbound,College St at Ossington Ave,,,,2025-02-19T01:38:00-05:00,2025-02-19T01:53:00-05:00,506-Carlton,2025-02-19T01:40:00-05:00,2025-02-19T01:52:00-05:00,2025-02-19,01:38,America/Toronto,2025,TTCnotices5062025.txt,1342
506 Carlton Regular service has resumed westbound near Gerrard St East at Coxwell Ave. Started Wed Feb 19 2025 1:38 Until Wed Feb 19 2025 1:53,route,,506,Carlton,Regular service has resumed westbound near Gerrard St East at Coxwell Ave. Started Wed Feb 19 2025 1:38 Until Wed Feb 19 2025 1:53,service_resumed,resumed,westbound,Gerrard St East at Coxwell Ave,,,,2025-02-19T01:38:00-05:00,2025-02-19T01:53:00-05:00,506-Carlton,2025-02-19T01:40:00-05:00,2025-02-19T01:52:00-05:00,2025-02-19,01:38,America/Toronto,2025,TTCnotices5062025.txt,1339
"506 Carlton: Detour via Broadview Ave, Queen St E and Coxwell Ave due to a blocked track. Started Wed Feb 19 2025 2:25",route,,506,Carlton,"Detour via Broadview Ave, Queen St E and Coxwell Ave due to a blocked track. Started Wed Feb 19 2025 2:25",detour,disruption,,,,"Broadview Ave, Queen St E and Coxwell Ave",a blocked track,2025-02-19T02:25:00-05:00,,506-Carlton,2025-02-19T02:26:00-05:00,2025-02-19T02:58:00-05:00,2025-02-19,02:25,America/Toronto,2025,TTCnotices5062025.txt,1345
506 Carlton Regular service has resumed near Gerrard St East at Pape Ave. Started Wed Feb 19 2025 2:58 Until Wed Feb 19 2025 3:13,route,,506,Carlton,Regular service has resumed near Gerrard St East at Pape Ave. Started Wed Feb 19 2025 2:58 Until Wed Feb 19 2025 3:13,service_resumed,resumed,,Gerrard St East at Pape Ave,,,,2025-02-19T02:58:00-05:00,2025-02-19T03:13:00-05:00,506-Carlton,2025-02-19T02:58:00-05:00,2025-02-19T03:12:00-05:00,2025-02-19,02:58,America/Toronto,2025,TTCnotices5062025.txt,1348
"506 Carlton: Detour westbound via Bathurst St, Dundas St W and Howard Park Ave due to a blocked track. Started Wed Feb 19 2025 9:56",route,,506,Carlton,"Detour westbound via Bathurst St, Dundas St W and Howard Park Ave due to a blocked track. Started Wed Feb 19 2025 9:56",detour,disruption,westbound,,,"Bathurst St, Dundas St W and Howard Park Ave",a blocked track,2025-02-19T09:56:00-05:00,,506-Carlton,2025-02-19T09:58:00-05:00,2025-02-19T10:14:00-05:00,2025-02-19,09:56,America/Toronto,2025,TTCnotices5062025.txt,1351
506 Carlton Regular service has resumed westbound near College St at Ossington Ave. Started Wed Feb 19 2025 10:15 Until Wed Feb 19 2025 10:30,route,,506,Carlton,Regular service has resumed westbound near College St at Ossington Ave. Started Wed Feb 19 2025 10:15 Until Wed Feb 19 2025 10:30,service_resumed,resumed,westbound,College St at Ossington Ave,,,,2025-02-19T10:15:00-05:00,2025-02-19T10:30:00-05:00,506-Carlton,2025-02-19T10:16:00-05:00,2025-02-19T10:30:00-05:00,2025-02-19,10:15,America/Toronto,2025,TTCnotices5062025.txt,1354
"506 Carlton: Detour via Coxwell Ave, Queen St E and Parliament St due to a blocked track. Started Wed Feb 19 2025 10:30",route,,506,Carlton,"Detour via Coxwell Ave, Queen St E and Parliament St due to a blocked track. Started Wed Feb 19 2025 10:30",detour,disruption,,,,"Coxwell Ave, Queen St E and Parliament St",a blocked track,2025-02-19T10:30:00-05:00,,506-Carlton,2025-02-19T10:32:00-05:00,2025-02-19T12:17:00-05:00,2025-02-19,10:30,America/Toronto,2025,TTCnotices5062025.txt,1357
506 Carlton Regular service has resumed near Gerrard St East at Woodfield Rd. Started Wed Feb 19 2025 12:16 Until Wed Feb 19 2025 12:31,route,,506,Carlton,Regular service has resumed near Gerrard St East at Woodfield Rd. Started Wed Feb 19 2025 12:16 Until Wed Feb 19 2025 12:31,service_resumed,resumed,,Gerrard St East at Woodfield Rd,,,,2025-02-19T12:16:00-05:00,2025-02-19T12:31:00-05:00,506-Carlton,2025-02-19T12:18:00-05:00,2025-02-19T12:32:00-05:00,2025-02-19,12:16,America/Toronto,2025,TTCnotices5062025.txt,1360
506 Carlton: No service between Main Street Station and Coxwell Ave at Lower Gerrard St East due to a collision. Shuttle buses are on the way. Started Wed Feb 19 2025 12:51,route,,506,Carlton,No service between Main Street Station and Coxwell Ave at Lower Gerrard St East due to a collision. Shuttle buses are on the way. Started Wed Feb 19 2025 12:51,no_service,disruption,,Main Street Station,Coxwell Ave at Lower Gerrard St East,,a collision. Shuttle buses are on the way,2025-02-19T12:51:00-05:00,,506-Carlton,2025-02-19T12:52:00-05:00,2025-02-19T18:40:00-05:00,2025-02-19,12:51,America/Toronto,2025,TTCnotices5062025.txt,1366
506 Carlton: No service between Main Street Station and Coxwell Ave at Lower Gerrard St East due to a collision. Started Wed Feb 19 2025 12:51,route,,506,Carlton,No service between Main Street Station and Coxwell Ave at Lower Gerrard St East due to a collision. Started Wed Feb 19 2025 12:51,no_service,disruption,,Main Street Station,Coxwell Ave at Lower Gerrard St East,,a collision,2025-02-19T12:51:00-05:00,,506-Carlton,2025-02-19T12:52:00-05:00,,2025-02-19,12:51,America/Toronto,2025,TTCnotices5062025.txt,1363
506 Carlton: No service between High Park Loop and College St at Lansdowne Ave due to a blocked track. Started Wed Feb 19 2025 13:08,route,,506,Carlton,No service between High Park Loop and College St at Lansdowne Ave due to a blocked track. Started Wed Feb 19 2025 13:08,no_service,disruption,,High Park Loop,College St at Lansdowne Ave,,a blocked track,2025-02-19T13:08:00-05:00,,506-Carlton,2025-02-19T13:10:00-05:00,2025-02-19T18:40:00-05:00,2025-02-19,13:08,America/Toronto,2025,TTCnotices5062025.txt,1369
506 Carlton: No service between College St at Lansdowne Ave and High Park Loop due to a blocked track. Started Wed Feb 19 2025 13:10,route,,506,Carlton,No service between College St at Lansdowne Ave and High Park Loop due to a blocked track. Started Wed Feb 19 2025 13:10,no_service,disruption,,College St at Lansdowne Ave,High Park Loop,,a blocked track,2025-02-19T13:10:00-05:00,,506-Carlton,2025-02-19T13:11:00-05:00,2025-02-19T13:45:00-05:00,2025-02-19,13:10,America/Toronto,2025,TTCnotices5062025.txt,1372
506 Carlton Regular service has resumed between College St at Lansdowne Ave and High Park Loop. Started Wed Feb 19 2025 13:44 Until Wed Feb 19 2025 13:59,route,,506,Carlton,Regular service has resumed between College St at Lansdowne Ave and High Park Loop. Started Wed Feb 19 2025 13:44 Until Wed Feb 19 2025 13:59,service_resumed,resumed,,College St at Lansdowne Ave,High Park Loop,,,2025-02-19T13:44:00-05:00,2025-02-19T13:59:00-05:00,506-Carlton,2025-02-19T13:46:00-05:00,2025-02-19T13:58:00-05:00,2025-02-19,13:44,America/Toronto,2025,TTCnotices5062025.txt,1375
"506 Carlton: Detour eastbound via Broadview Ave, Queen St E and Coxwell Ave due to a collision. Started Wed Feb 19 2025 14:40",route,,506,Carlton,"Detour eastbound via Broadview Ave, Queen St E and Coxwell Ave due to a collision. Started Wed Feb 19 2025 14:40",detour,disruption,eastbound,,,"Broadview Ave, Queen St E and Coxwell Ave",a collision,2025-02-19T14:40:00-05:00,,506-Carlton,2025-02-19T14:41:00-05:00,2025-02-19T21:02:00-05:00,2025-02-19,14:40,America/Toronto,2025,TTCnotices5062025.txt,1378
"506 Carlton: Detour westbound via Coxwell Ave, Queen St E and Parliament St due to a blocked track. Started Wed Feb 19 2025 17:59",route,,506,Carlton,"Detour westbound via Coxwell Ave, Queen St E and Parliament St due to a blocked track. Started Wed Feb 19 2025 17:59",detour,disruption,westbound,,,"Coxwell Ave, Queen St E and Parliament St",a blocked track,2025-02-19T17:59:00-05:00,,506-Carlton,2025-02-19T18:04:00-05:00,2025-02-19T18:42:00-05:00,2025-02-19,17:59,America/Toronto,2025,TTCnotices5062025.txt,1381
506 Carlton Regular service has resumed between High Park Loop and College St at Lansdowne Ave. Started Wed Feb 19 2025 18:41 Until Wed Feb 19 2025 18:56,route,,506,Carlton,Regular service has resumed between High Park Loop and College St at Lansdowne Ave. Started Wed Feb 19 2025 18:41 Until Wed Feb 19 2025 18:56,service_resumed,resumed,,High Park Loop,College St at Lansdowne Ave,,,2025-02-19T18:41:00-05:00,2025-02-19T18:56:00-05:00,506-Carlton,2025-02-19T18:42:00-05:00,2025-02-19T18:56:00-05:00,2025-02-19,18:41,America/Toronto,2025,TTCnotices5062025.txt,1384
506 Carlton Regular service has resumed between Main Street Station and Coxwell Ave at Lower Gerrard St East. Started Wed Feb 19 2025 18:41 Until Wed Feb 19 2025 18:56,route,,506,Carlton,Regular service has resumed between Main Street Station and Coxwell Ave at Lower Gerrard St East. Started Wed Feb 19 2025 18:41 Until Wed Feb 19 2025 18:56,service_resumed,resumed,,Main Street Station,Coxwell Ave at Lower Gerrard St East,,,2025-02-19T18:41:00-05:00,2025-02-19T18:56:00-05:00,506-Carlton,2025-02-19T18:42:00-05:00,2025-02-19T18:56:00-05:00,2025-02-19,18:41,America/Toronto,2025,TTCnotices5062025.txt,1387
506 Carlton Regular service has resumed westbound near Gerrard St East at Broadview Ave. Started Wed Feb 19 2025 18:41 Until Wed Feb 19 2025 18:56,route,,506,Carlton,Regular service has resumed westbound near Gerrard St East at Broadview Ave. Started Wed Feb 19 2025 18:41 Until Wed Feb 19 2025 18:56,service_resumed,resumed,westbound,Gerrard St East at Broadview Ave,,,,2025-02-19T18:41:00-05:00,2025-02-19T18:56:00-05:00,506-Carlton,2025-02-19T18:42:00-05:00,2025-02-19T18:56:00-05:00,2025-02-19,18:41,America/Toronto,2025,TTCnotices5062025.txt,1390
506 Carlton: No service between Coxwell Ave at Gerrard St East and Main Street Station due to a blocked track. Started Wed Feb 19 2025 19:15,route,,506,Carlton,No service between Coxwell Ave at Gerrard St East and Main Street Station due to a blocked track. Started Wed Feb 19 2025 19:15,no_service,disruption,,Coxwell Ave at Gerrard St East,Main Street Station,,a blocked track,2025-02-19T19:15:00-05:00,,506-Carlton,2025-02-19T19:16:00-05:00,2025-02-20T03:38:00-05:00,2025-02-19,19:15,America/Toronto,2025,TTCnotices5062025.txt,1393
506 Carlton: Detour westbound via Bathurst St and Dundas St W due to a blocked track. Started Wed Feb 19 2025 19:19,route,,506,Carlton,Detour westbound via Bathurst St and Dundas St W due to a blocked track. Started Wed Feb 19 2025 19:19,detour,disruption,westbound,,,Bathurst St and Dundas St W,a blocked track,2025-02-19T19:19:00-05:00,,506-Carlton,2025-02-19T19:20:00-05:00,2025-02-19T20:30:00-05:00,2025-02-19,19:19,America/Toronto,2025,TTCnotices5062025.txt,1396
506 Carlton Regular service has resumed westbound near College St at Ossington Ave. Started Wed Feb 19 2025 20:30 Until Wed Feb 19 2025 20:45,route,,506,Carlton,Regular service has resumed westbound near College St at Ossington Ave. Started Wed Feb 19 2025 20:30 Until Wed Feb 19 2025 20:45,service_resumed,resumed,westbound,College St at Ossington Ave,,,,2025-02-19T20:30:00-05:00,2025-02-19T20:45:00-05:00,506-Carlton,2025-02-19T20:30:00-05:00,2025-02-19T20:44:00-05:00,2025-02-19,20:30,America/Toronto,2025,TTCnotices5062025.txt,1399
506 Carlton: Detour eastbound via Queen St E and Coxwell Ave due to a blocked track. Started Wed Feb 19 2025 20:31,route,,506,Carlton,Detour eastbound via Queen St E and Coxwell Ave due to a blocked track. Started Wed Feb 19 2025 20:31,detour,disruption,eastbound,,,Queen St E and Coxwell Ave,a blocked track,2025-02-19T20:31:00-05:00,,506-Carlton,2025-02-19T20:32:00-05:00,2025-02-20T03:46:00-05:00,2025-02-19,20:31,America/Toronto,2025,TTCnotices5062025.txt,1402
"506 Carlton: Detour westbound via Broadview Ave, Queen St E and Parliament St due to a blocked track. Started Wed Feb 19 2025 20:42",route,,506,Carlton,"Detour westbound via Broadview Ave, Queen St E and Parliament St due to a blocked track. Started Wed Feb 19 2025 20:42",detour,disruption,westbound,,,"Broadview Ave, Queen St E and Parliament St",a blocked track,2025-02-19T20:42:00-05:00,,506-Carlton,2025-02-19T20:42:00-05:00,2025-02-19T21:00:00-05:00,2025-02-19,20:42,America/Toronto,2025,TTCnotices5062025.txt,1405
506 Carlton Regular service has resumed westbound near Gerrard St East at Woodfield Rd. Started Wed Feb 19 2025 21:00 Until Wed Feb 19 2025 21:15,route,,506,Carlton,Regular service has resumed westbound near Gerrard St East at Woodfield Rd. Started Wed Feb 19 2025 21:00 Until Wed Feb 19 2025 21:15,service_resumed,resumed,westbound,Gerrard St East at Woodfield Rd,,,,2025-02-19T21:00:00-05:00,2025-02-19T21:15:00-05:00,506-Carlton,2025-02-19T21:02:00-05:00,2025-02-19T21:14:00-05:00,2025-02-19,21:00,America/Toronto,2025,TTCnotices5062025.txt,1408
506 Carlton Regular service has resumed eastbound near Gerrard St East at Broadview Ave. Started Wed Feb 19 2025 21:03 Until Wed Feb 19 2025 21:18,route,,506,Carlton,Regular service has resumed eastbound near Gerrard St East at Broadview Ave. Started Wed Feb 19 2025 21:03 Until Wed Feb 19 2025 21:18,service_resumed,resumed,eastbound,Gerrard St East at Broadview Ave,,,,2025-02-19T21:03:00-05:00,2025-02-19T21:18:00-05:00,506-Carlton,2025-02-19T21:04:00-05:00,2025-02-19T21:18:00-05:00,2025-02-19,21:03,America/Toronto,2025,TTCnotices5062025.txt,1411
506 Carlton: Detour eastbound via Dundas St W and Bathurst St due to a blocked track. Started Wed Feb 19 2025 21:51,route,,506,Carlton,Detour eastbound via Dundas St W and Bathurst St due to a blocked track. Started Wed Feb 19 2025 21:51,detour,disruption,eastbound,,,Dundas St W and Bathurst St,a blocked track,2025-02-19T21:51:00-05:00,,506-Carlton,2025-02-19T21:52:00-05:00,2025-02-19T22:42:00-05:00,2025-02-19,21:51,America/Toronto,2025,TTCnotices5062025.txt,1414
506 Carlton Regular service has resumed eastbound near College St at Ossington Ave. Started Wed Feb 19 2025 22:42 Until Wed Feb 19 2025 22:57,route,,506,Carlton,Regular service has resumed eastbound near College St at Ossington Ave. Started Wed Feb 19 2025 22:42 Until Wed Feb 19 2025 22:57,service_resumed,resumed,eastbound,College St at Ossington Ave,,,,2025-02-19T22:42:00-05:00,2025-02-19T22:57:00-05:00,506-Carlton,2025-02-19T22:44:00-05:00,2025-02-19T22:56:00-05:00,2025-02-19,22:42,America/Toronto,2025,TTCnotices5062025.txt,1417
"506 Carlton: Detour westbound via Bathurst St, Dundas St W and Ossington Ave due to a blocked track. Started Wed Feb 19 2025 23:07",route,,506,Carlton,"Detour westbound via Bathurst St, Dundas St W and Ossington Ave due to a blocked track. Started Wed Feb 19 2025 23:07",detour,disruption,westbound,,,"Bathurst St, Dundas St W and Ossington Ave",a blocked track,2025-02-19T23:07:00-05:00,,506-Carlton,2025-02-19T23:08:00-05:00,2025-02-20T03:34:00-05:00,2025-02-19,23:07,America/Toronto,2025,TTCnotices5062025.txt,1420
506 Carlton: No service between Main Street Station and Gerrard St East at Coxwell Ave due to a blocked track. Started Wed Feb 19 2025 23:19,route,,506,Carlton,No service between Main Street Station and Gerrard St East at Coxwell Ave due to a blocked track. Started Wed Feb 19 2025 23:19,no_service,disruption,,Main Street Station,Gerrard St East at Coxwell Ave,,a blocked track,2025-02-19T23:19:00-05:00,,506-Carlton,2025-02-19T23:20:00-05:00,2025-02-19T23:24:00-05:00,2025-02-19,23:19,America/Toronto,2025,TTCnotices5062025.txt,1423
506 Carlton Regular service has resumed between Main Street Station and Gerrard St East at Coxwell Ave. Started Wed Feb 19 2025 23:24 Until Wed Feb 19 2025 23:39,route,,506,Carlton,Regular service has resumed between Main Street Station and Gerrard St East at Coxwell Ave. Started Wed Feb 19 2025 23:24 Until Wed Feb 19 2025 23:39,service_resumed,resumed,,Main Street Station,Gerrard St East at Coxwell Ave,,,2025-02-19T23:24:00-05:00,2025-02-19T23:39:00-05:00,506-Carlton,2025-02-19T23:26:00-05:00,2025-02-19T23:38:00-05:00,2025-02-19,23:24,America/Toronto,2025,TTCnotices5062025.txt,1426
Main Street: Elevator out of service between concourse and Line 2 Kipling platform. Started Thu Feb 20 2025 1:48,accessibility,Main Street,,,Elevator out of service between concourse and Line 2 Kipling platform. Started Thu Feb 20 2025 1:48,elevator_out_of_service,disruption,,concourse,Line 2 Kipling platform,,,2025-02-20T01:48:00-05:00,,506-Carlton,2025-02-20T01:48:00-05:00,2025-02-20T05:58:00-05:00,2025-02-20,01:48,America/Toronto,2025,TTCnotices5062025.txt,67
506 Carlton Regular service has resumed westbound near College St at Euclid Ave. Started Thu Feb 20 2025 3:34 Until Thu Feb 20 2025 3:49,route,,506,Carlton,Regular service has resumed westbound near College St at Euclid Ave. Started Thu Feb 20 2025 3:34 Until Thu Feb 20 2025 3:49,service_resumed,resumed,westbound,College St at Euclid Ave,,,,2025-02-20T03:34:00-05:00,2025-02-20T03:49:00-05:00,506-Carlton,2025-02-20T03:36:00-05:00,2025-02-20T03:48:00-05:00,2025-02-20,03:34,America/Toronto,2025,TTCnotices5062025.txt,1429
506 Carlton Regular service has resumed between Coxwell Ave at Gerrard St East and Main Street Station. Started Thu Feb 20 2025 3:38 Until Thu Feb 20 2025 3:53,route,,506,Carlton,Regular service has resumed between Coxwell Ave at Gerrard St East and Main Street Station. Started Thu Feb 20 2025 3:38 Until Thu Feb 20 2025 3:53,service_resumed,resumed,,Coxwell Ave at Gerrard St East,Main Street Station,,,2025-02-20T03:38:00-05:00,2025-02-20T03:53:00-05:00,506-Carlton,2025-02-20T03:40:00-05:00,2025-02-20T03:54:00-05:00,2025-02-20,03:38,America/Toronto,2025,TTCnotices5062025.txt,1432
506 Carlton Regular service has resumed eastbound near Gerrard St East at Broadview Ave. Started Thu Feb 20 2025 3:47 Until Thu Feb 20 2025 4:02,route,,506,Carlton,Regular service has resumed eastbound near Gerrard St East at Broadview Ave. Started Thu Feb 20 2025 3:47 Until Thu Feb 20 2025 4:02,service_resumed,resumed,eastbound,Gerrard St East at Broadview Ave,,,,2025-02-20T03:47:00-05:00,2025-02-20T04:02:00-05:00,506-Carlton,2025-02-20T03:48:00-05:00,2025-02-20T04:02:00-05:00,2025-02-20,03:47,America/Toronto,2025,TTCnotices5062025.txt,1435
"506 Carlton: Detour westbound via Bay St, Dundas St E and Ossington Ave due to a blocked track. Started Thu Feb 20 2025 5:49",route,,506,Carlton,"Detour westbound via Bay St, Dundas St E and Ossington Ave due to a blocked track. Started Thu Feb 20 2025 5:49",detour,disruption,westbound,,,"Bay St, Dundas St E and Ossington Ave",a blocked track,2025-02-20T05:49:00-05:00,,506-Carlton,2025-02-20T05:50:00-05:00,2025-02-20T06:56:00-05:00,2025-02-20,05:49,America/Toronto,2025,TTCnotices5062025.txt,1438
Main Street: Elevator back in service between concourse and Line 2 Kipling platform. Started Thu Feb 20 2025 5:57 Until Thu Feb 20 2025 6:12,accessibility,Main Street,,,Elevator back in service between concourse and Line 2 Kipling platform. Started Thu Feb 20 2025 5:57 Until Thu Feb 20 2025 6:12,elevator_back_in_service,resumed,,concourse,Line 2 Kipling platform,,,2025-02-20T05:57:00-05:00,2025-02-20T06:12:00-05:00,506-Carlton,2025-02-20T05:58:00-05:00,2025-02-20T06:12:00-05:00,2025-02-20,05:57,America/Toronto,2025,TTCnotices5062025.txt,70
506 Carlton Regular service has resumed westbound near College St at Bathurst St. Started Thu Feb 20 2025 6:56 Until Thu Feb 20 2025 7:11,route,,506,Carlton,Regular service has resumed westbound near College St at Bathurst St. Started Thu Feb 20 2025 6:56 Until Thu Feb 20 2025 7:11,service_resumed,resumed,westbound,College St at Bathurst St,,,,2025-02-20T06:56:00-05:00,2025-02-20T07:11:00-05:00,506-Carlton,2025-02-20T06:58:00-05:00,2025-02-20T07:11:00-05:00,2025-02-20,06:56,America/Toronto,2025,TTCnotices5062025.txt,1441
"506 Carlton: Detour eastbound via Broadview Ave, Queen St E and Coxwell Ave due to a blocked track. Started Thu Feb 20 2025 10:12",route,,506,Carlton,"Detour eastbound via Broadview Ave, Queen St E and Coxwell Ave due to a blocked track. Started Thu Feb 20 2025 10:12",detour,disruption,eastbound,,,"Broadview Ave, Queen St E and Coxwell Ave",a blocked track,2025-02-20T10:12:00-05:00,,506-Carlton,2025-02-20T10:14:00-05:00,2025-02-20T10:16:00-05:00,2025-02-20,10:12,America/Toronto,2025,TTCnotices5062025.txt,1444
506 Carlton Regular service has resumed eastbound near Gerrard St East at Broadview Ave. Started Thu Feb 20 2025 10:16 Until Thu Feb 20 2025 10:31,route,,506,Carlton,Regular service has resumed eastbound near Gerrard St East at Broadview Ave. Started Thu Feb 20 2025 10:16 Until Thu Feb 20 2025 10:31,service_resumed,resumed,eastbound,Gerrard St East at Broadview Ave,,,,2025-02-20T10:16:00-05:00,2025-02-20T10:31:00-05:00,506-Carlton,2025-02-20T10:18:00-05:00,2025-02-20T10:32:00-05:00,2025-02-20,10:16,America/Toronto,2025,TTCnotices5062025.txt,1447
"506 Carlton: Detour eastbound via Ossington Ave, Dundas St E and Bathurst St due to a blocked track. Started Thu Feb 20 2025 12:10",route,,506,Carlton,"Detour eastbound via Ossington Ave, Dundas St E and Bathurst St due to a blocked track. Started Thu Feb 20 2025 12:10",detour,disruption,eastbound,,,"Ossington Ave, Dundas St E and Bathurst St",a blocked track,2025-02-20T12:10:00-05:00,,506-Carlton,2025-02-20T12:12:00-05:00,2025-02-20T12:22:00-05:00,2025-02-20,12:10,America/Toronto,2025,TTCnotices5062025.txt,1453
"506 Carlton: Detour westbound via Coxwell Ave, Queen St E and Parliament St due to a blocked track. Started Thu Feb 20 2025 12:10",route,,506,Carlton,"Detour westbound via Coxwell Ave, Queen St E and Parliament St due to a blocked track. Started Thu Feb 20 2025 12:10",detour,disruption,westbound,,,"Coxwell Ave, Queen St E and Parliament St",a blocked track,2025-02-20T12:10:00-05:00,,506-Carlton,2025-02-20T12:12:00-05:00,2025-02-20T12:28:00-05:00,2025-02-20,12:10,America/Toronto,2025,TTCnotices5062025.txt,1450
506 Carlton Regular service has resumed eastbound near College St at Ossington Ave. Started Thu Feb 20 2025 12:21 Until Thu Feb 20 2025 12:36,route,,506,Carlton,Regular service has resumed eastbound near College St at Ossington Ave. Started Thu Feb 20 2025 12:21 Until Thu Feb 20 2025 12:36,service_resumed,resumed,eastbound,College St at Ossington Ave,,,,2025-02-20T12:21:00-05:00,2025-02-20T12:36:00-05:00,506-Carlton,2025-02-20T12:22:00-05:00,2025-02-20T12:36:00-05:00,2025-02-20,12:21,America/Toronto,2025,TTCnotices5062025.txt,1456
506 Carlton Regular service has resumed westbound near Gerrard St East at Greenwood Ave. Started Thu Feb 20 2025 12:28 Until Thu Feb 20 2025 12:43,route,,506,Carlton,Regular service has resumed westbound near Gerrard St East at Greenwood Ave. Started Thu Feb 20 2025 12:28 Until Thu Feb 20 2025 12:43,service_resumed,resumed,westbound,Gerrard St East at Greenwood Ave,,,,2025-02-20T12:28:00-05:00,2025-02-20T12:43:00-05:00,506-Carlton,2025-02-20T12:30:00-05:00,2025-02-20T12:40:00-05:00,2025-02-20,12:28,America/Toronto,2025,TTCnotices5062025.txt,1459
"506 Carlton: Detour eastbound via Broadview Ave, Queen St E and Coxwell Ave due to a blocked track. Started Thu Feb 20 2025 12:40",route,,506,Carlton,"Detour eastbound via Broadview Ave, Queen St E and Coxwell Ave due to a blocked track. Started Thu Feb 20 2025 12:40",detour,disruption,eastbound,,,"Broadview Ave, Queen St E and Coxwell Ave",a blocked track,2025-02-20T12:40:00-05:00,,506-Carlton,2025-02-20T12:40:00-05:00,2025-02-20T13:06:00-05:00,2025-02-20,12:40,America/Toronto,2025,TTCnotices5062025.txt,1462
506 Carlton Regular service has resumed eastbound near Gerrard St East at Broadview Ave. Started Thu Feb 20 2025 13:06 Until Thu Feb 20 2025 13:21,route,,506,Carlton,Regular service has resumed eastbound near Gerrard St East at Broadview Ave. Started Thu Feb 20 2025 13:06 Until Thu Feb 20 2025 13:21,service_resumed,resumed,eastbound,Gerrard St East at Broadview Ave,,,,2025-02-20T13:06:00-05:00,2025-02-20T13:21:00-05:00,506-Carlton,2025-02-20T13:08:00-05:00,2025-02-20T13:20:00-05:00,2025-02-20,13:06,America/Toronto,2025,TTCnotices5062025.txt,1465
"506 Carlton: Detour westbound via Coxwell Ave, Queen St E and Parliament St due to a blocked track. Started Thu Feb 20 2025 13:53",route,,506,Carlton,"Detour westbound via Coxwell Ave, Queen St E and Parliament St due to a blocked track. Started Thu Feb 20 2025 13:53",detour,disruption,westbound,,,"Coxwell Ave, Queen St E and Parliament St",a blocked track,2025-02-20T13:53:00-05:00,,506-Carlton,2025-02-20T13:54:00-05:00,2025-02-20T14:12:00-05:00,2025-02-20,13:53,America/Toronto,2025,TTCnotices5062025.txt,1468
506 Carlton: No service between High Park Loop and College St at Lansdowne Ave due to a blocked track. Started Thu Feb 20 2025 13:54,route,,506,Carlton,No service between High Park Loop and College St at Lansdowne Ave due to a blocked track. Started Thu Feb 20 2025 13:54,no_service,disruption,,High Park Loop,College St at Lansdowne Ave,,a blocked track,2025-02-20T13:54:00-05:00,,506-Carlton,2025-02-20T13:55:00-05:00,2025-02-20T14:14:00-05:00,2025-02-20,13:54,America/Toronto,2025,TTCnotices5062025.txt,1471
"506 Carlton: Detour westbound via Bathurst St, Dundas St W and Howard Park Ave due to a blocked track. Started Thu Feb 20 2025 14:07",route,,506,Carlton,"Detour westbound via Bathurst St, Dundas St W and Howard Park Ave due to a blocked track. Started Thu Feb 20 2025 14:07",detour,disruption,westbound,,,"Bathurst St, Dundas St W and Howard Park Ave",a blocked track,2025-02-20T14:07:00-05:00,,506-Carlton,2025-02-20T14:08:00-05:00,2025-02-20T14:12:00-05:00,2025-02-20,14:07,America/Toronto,2025,TTCnotices5062025.txt,1474
"506 Carlton: Detour westbound via Coxwell Ave, Queen St E and Parliament St due to a blocked track. Started Thu Feb 20 2025 14:11",route,,506,Carlton,"Detour westbound via Coxwell Ave, Queen St E and Parliament St due to a blocked track. Started Thu Feb 20 2025 14:11",detour,disruption,westbound,,,"Coxwell Ave, Queen St E and Parliament St",a blocked track,2025-02-20T14:11:00-05:00,,506-Carlton,2025-02-20T14:12:00-05:00,2025-02-20T16:14:00-05:00,2025-02-20,14:11,America/Toronto,2025,TTCnotices5062025.txt,1477
506 Carlton Regular service has resumed westbound near College St at Ossington Ave. Started Thu Feb 20 2025 14:12 Until Thu Feb 20 2025 14:27,route,,506,Carlton,Regular service has resumed westbound near College St at Ossington Ave. Started Thu Feb 20 2025 14:12 Until Thu Feb 20 2025 14:27,service_resumed,resumed,westbound,College St at Ossington Ave,,,,2025-02-20T14:12:00-05:00,2025-02-20T14:27:00-05:00,506-Carlton,2025-02-20T14:14:00-05:00,2025-02-20T14:28:00-05:00,2025-02-20,14:12,America/Toronto,2025,TTCnotices5062025.txt,1480
506 Carlton Regular service has resumed between High Park Loop and College St at Lansdowne Ave. Started Thu Feb 20 2025 14:14 Until Thu Feb 20 2025 14:29,route,,506,Carlton,Regular service has resumed between High Park Loop and College St at Lansdowne Ave. Started Thu Feb 20 2025 14:14 Until Thu Feb 20 2025 14:29,service_resumed,resumed,,High Park Loop,College St at Lansdowne Ave,,,2025-02-20T14:14:00-05:00,2025-02-20T14:29:00-05:00,506-Carlton,2025-02-20T14:16:00-05:00,2025-02-20T14:28:00-05:00,2025-02-20,14:14,America/Toronto,2025,TTCnotices5062025.txt,1483
506 Carlton Regular service has resumed westbound near Gerrard St East at Greenwood Ave. Started Thu Feb 20 2025 14:17 Until Thu Feb 20 2025 14:32,route,,506,Carlton,Regular service has resumed westbound near Gerrard St East at Greenwood Ave. Started Thu Feb 20 2025 14:17 Until Thu Feb 20 2025 14:32,service_resumed,resumed,westbound,Gerrard St East at Greenwood Ave,,,,2025-02-20T14:17:00-05:00,2025-02-20T14:32:00-05:00,506-Carlton,2025-02-20T14:18:00-05:00,2025-02-20T14:32:00-05:00,2025-02-20,14:17,America/Toronto,2025,TTCnotices5062025.txt,1486
506 Carlton: No service between High Park Loop and College St at Lansdowne Ave due to a blocked track. Started Thu Feb 20 2025 15:45,route,,506,Carlton,No service between High Park Loop and College St at Lansdowne Ave due to a blocked track. Started Thu Feb 20 2025 15:45,no_service,disruption,,High Park Loop,College St at Lansdowne Ave,,a blocked track,2025-02-20T15:45:00-05:00,,506-Carlton,2025-02-20T15:46:00-05:00,2025-02-20T16:00:00-05:00,2025-02-20,15:45,America/Toronto,2025,TTCnotices5062025.txt,1489
506 Carlton Regular service has resumed between High Park Loop and College St at Lansdowne Ave. Started Thu Feb 20 2025 16:01 Until Thu Feb 20 2025 16:16,route,,506,Carlton,Regular service has resumed between High Park Loop and College St at Lansdowne Ave. Started Thu Feb 20 2025 16:01 Until Thu Feb 20 2025 16:16,service_resumed,resumed,,High Park Loop,College St at Lansdowne Ave,,,2025-02-20T16:01:00-05:00,2025-02-20T16:16:00-05:00,506-Carlton,2025-02-20T16:02:00-05:00,2025-02-20T16:16:00-05:00,2025-02-20,16:01,America/Toronto,2025,TTCnotices5062025.txt,1492
"506 Carlton: Detour westbound via Coxwell Ave, Queen St E and Parliament St due to a blocked track. Started Thu Feb 20 2025 16:14",route,,506,Carlton,"Detour westbound via Coxwell Ave, Queen St E and Parliament St due to a blocked track. Started Thu Feb 20 2025 16:14",detour,disruption,westbound,,,"Coxwell Ave, Queen St E and Parliament St",a blocked track,2025-02-20T16:14:00-05:00,,506-Carlton,2025-02-20T16:14:00-05:00,2025-02-20T18:38:00-05:00,2025-02-20,16:14,America/Toronto,2025,TTCnotices5062025.txt,1495
506 Carlton: Detour eastbound via Dundas St W and Bathurst St due to a blocked track. Started Thu Feb 20 2025 16:17,route,,506,Carlton,Detour eastbound via Dundas St W and Bathurst St due to a blocked track. Started Thu Feb 20 2025 16:17,detour,disruption,eastbound,,,Dundas St W and Bathurst St,a blocked track,2025-02-20T16:17:00-05:00,,506-Carlton,2025-02-20T16:18:00-05:00,2025-02-20T16:58:00-05:00,2025-02-20,16:17,America/Toronto,2025,TTCnotices5062025.txt,1498
506 Carlton: No service westbound from Dundas St West at Howard Park Ave to High Park Loop due to a blocked track. Started Thu Feb 20 2025 16:22,route,,506,Carlton,No service westbound from Dundas St West at Howard Park Ave to High Park Loop due to a blocked track. Started Thu Feb 20 2025 16:22,no_service,disruption,westbound,Dundas St West at Howard Park Ave,High Park Loop,,a blocked track,2025-02-20T16:22:00-05:00,,506-Carlton,2025-02-20T16:24:00-05:00,2025-02-20T16:38:00-05:00,2025-02-20,16:22,America/Toronto,2025,TTCnotices5062025.txt,1501
506 Carlton Regular service has resumed westbound from Dundas St West at Howard Park Ave to High Park Loop. Started Thu Feb 20 2025 16:39 Until Thu Feb 20 2025 16:54,route,,506,Carlton,Regular service has resumed westbound from Dundas St West at Howard Park Ave to High Park Loop. Started Thu Feb 20 2025 16:39 Until Thu Feb 20 2025 16:54,service_resumed,resumed,westbound,Dundas St West at Howard Park Ave,High Park Loop,,,2025-02-20T16:39:00-05:00,2025-02-20T16:54:00-05:00,506-Carlton,2025-02-20T16:40:00-05:00,2025-02-20T16:54:00-05:00,2025-02-20,16:39,America/Toronto,2025,TTCnotices5062025.txt,1504
506 Carlton Regular service has resumed eastbound near College St at Dovercourt Rd. Started Thu Feb 20 2025 16:57 Until Thu Feb 20 2025 17:12,route,,506,Carlton,Regular service has resumed eastbound near College St at Dovercourt Rd. Started Thu Feb 20 2025 16:57 Until Thu Feb 20 2025 17:12,service_resumed,resumed,eastbound,College St at Dovercourt Rd,,,,2025-02-20T16:57:00-05:00,2025-02-20T17:12:00-05:00,506-Carlton,2025-02-20T16:58:00-05:00,2025-02-20T17:12:00-05:00,2025-02-20,16:57,America/Toronto,2025,TTCnotices5062025.txt,1507
"506 Carlton: Detour eastbound via Broadview Ave, Queen St E and Coxwell Ave while we deal with a disruptive customer. Started Thu Feb 20 2025 18:11",route,,506,Carlton,"Detour eastbound via Broadview Ave, Queen St E and Coxwell Ave while we deal with a disruptive customer. Started Thu Feb 20 2025 18:11",detour,disruption,eastbound,,,"Broadview Ave, Queen St E and Coxwell Ave",we deal with a disruptive customer,2025-02-20T18:11:00-05:00,,506-Carlton,2025-02-20T18:12:00-05:00,2025-02-20T18:42:00-05:00,2025-02-20,18:11,America/Toronto,2025,TTCnotices5062025.txt,1510
"506 Carlton: Detour westbound via Coxwell Ave, Queen St E and Parliament St due to a blocked track. Started Thu Feb 20 2025 18:38",route,,506,Carlton,"Detour westbound via Coxwell Ave, Queen St E and Parliament St due to a blocked track. Started Thu Feb 20 2025 18:38",detour,disruption,westbound,,,"Coxwell Ave, Queen St E and Parliament St",a blocked track,2025-02-20T18:38:00-05:00,,506-Carlton,2025-02-20T18:40:00-05:00,2025-02-20T23:08:00-05:00,2025-02-20,18:38,America/Toronto,2025,TTCnotices5062025.txt,1513
506 Carlton Regular service has resumed eastbound near Gerrard St East at Pape Ave. Started Thu Feb 20 2025 18:41 Until Thu Feb 20 2025 18:56,route,,506,Carlton,Regular service has resumed eastbound near Gerrard St East at Pape Ave. Started Thu Feb 20 2025 18:41 Until Thu Feb 20 2025 18:56,service_resumed,resumed,eastbound,Gerrard St East at Pape Ave,,,,2025-02-20T18:41:00-05:00,2025-02-20T18:56:00-05:00,506-Carlton,2025-02-20T18:42:00-05:00,2025-02-20T18:56:00-05:00,2025-02-20,18:41,America/Toronto,2025,TTCnotices5062025.txt,1516
506 Carlton: Detour eastbound via Dundas St W and Bathurst St due to a blocked track. Started Thu Feb 20 2025 18:53,route,,506,Carlton,Detour eastbound via Dundas St W and Bathurst St due to a blocked track. Started Thu Feb 20 2025 18:53,detour,disruption,eastbound,,,Dundas St W and Bathurst St,a blocked track,2025-02-20T18:53:00-05:00,,506-Carlton,2025-02-20T18:54:00-05:00,2025-02-20T19:14:00-05:00,2025-02-20,18:53,America/Toronto,2025,TTCnotices5062025.txt,1519
506 Carlton: Detour via Dundas St W and Bathurst St due to a blocked track. Started Thu Feb 20 2025 19:14,route,,506,Carlton,Detour via Dundas St W and Bathurst St due to a blocked track. Started Thu Feb 20 2025 19:14,detour,disruption,,,,Dundas St W and Bathurst St,a blocked track,2025-02-20T19:14:00-05:00,,506-Carlton,2025-02-20T19:16:00-05:00,2025-02-20T20:41:00-05:00,2025-02-20,19:14,America/Toronto,2025,TTCnotices5062025.txt,1522
506 Carlton: Detour via 2a W Kingston Rd Ramp due to a blocked track. Started Thu Feb 20 2025 20:40,route,,506,Carlton,Detour via 2a W Kingston Rd Ramp due to a blocked track. Started Thu Feb 20 2025 20:40,detour,disruption,,,,2a W Kingston Rd Ramp,a blocked track,2025-02-20T20:40:00-05:00,,506-Carlton,2025-02-20T20:42:00-05:00,2025-02-20T23:42:00-05:00,2025-02-20,20:40,America/Toronto,2025,TTCnotices5062025.txt,1525
506 Carlton Regular service has resumed westbound near Gerrard St East at Woodfield Rd. Started Thu Feb 20 2025 23:07 Until Thu Feb 20 2025 23:22,route,,506,Carlton,Regular service has resumed westbound near Gerrard St East at Woodfield Rd. Started Thu Feb 20 2025 23:07 Until Thu Feb 20 2025 23:22,service_resumed,resumed,westbound,Gerrard St East at Woodfield Rd,,,,2025-02-20T23:07:00-05:00,2025-02-20T23:22:00-05:00,506-Carlton,2025-02-20T23:08:00-05:00,2025-02-20T23:23:00-05:00,2025-02-20,23:07,America/Toronto,2025,TTCnotices5062025.txt,1528
"506 Carlton: Detour westbound via Bathurst St, Dundas St W and Ossington Ave due to a blocked track. Started Fri Feb 21 2025 0:48",route,,506,Carlton,"Detour westbound via Bathurst St, Dundas St W and Ossington Ave due to a blocked track. Started Fri Feb 21 2025 0:48",detour,disruption,westbound,,,"Bathurst St, Dundas St W and Ossington Ave",a blocked track,2025-02-21T00:48:00-05:00,,506-Carlton,2025-02-21T00:50:00-05:00,2025-02-21T01:16:00-05:00,2025-02-21,00:48,America/Toronto,2025,TTCnotices5062025.txt,1531
506 Carlton Regular service has resumed westbound near College St at Bathurst St. Started Fri Feb 21 2025 1:15 Until Fri Feb 21 2025 1:30,route,,506,Carlton,Regular service has resumed westbound near College St at Bathurst St. Started Fri Feb 21 2025 1:15 Until Fri Feb 21 2025 1:30,service_resumed,resumed,westbound,College St at Bathurst St,,,,2025-02-21T01:15:00-05:00,2025-02-21T01:30:00-05:00,506-Carlton,2025-02-21T01:16:00-05:00,2025-02-21T01:30:00-05:00,2025-02-21,01:15,America/Toronto,2025,TTCnotices5062025.txt,1534
506 Carlton: Detour westbound via Bathurst St and Dundas St W due to a collision. Started Fri Feb 21 2025 9:06,route,,506,Carlton,Detour westbound via Bathurst St and Dundas St W due to a collision. Started Fri Feb 21 2025 9:06,detour,disruption,westbound,,,Bathurst St and Dundas St W,a collision,2025-02-21T09:06:00-05:00,,506-Carlton,2025-02-21T09:06:00-05:00,2025-02-21T10:15:00-05:00,2025-02-21,09:06,America/Toronto,2025,TTCnotices5062025.txt,1537
506 Carlton Regular service has resumed westbound near College St at Ossington Ave. Started Fri Feb 21 2025 10:15 Until Fri Feb 21 2025 10:30,route,,506,Carlton,Regular service has resumed westbound near College St at Ossington Ave. Started Fri Feb 21 2025 10:15 Until Fri Feb 21 2025 10:30,service_resumed,resumed,westbound,College St at Ossington Ave,,,,2025-02-21T10:15:00-05:00,2025-02-21T10:30:00-05:00,506-Carlton,2025-02-21T10:16:00-05:00,2025-02-21T10:30:00-05:00,2025-02-21,10:15,America/Toronto,2025,TTCnotices5062025.txt,1540
"506 Carlton: Detour eastbound via Dundas St W, Bathurst St and College St due to a blocked track. Started Fri Feb 21 2025 13:18",route,,506,Carlton,"Detour eastbound via Dundas St W, Bathurst St and College St due to a blocked track. Started Fri Feb 21 2025 13:18",detour,disruption,eastbound,,,"Dundas St W, Bathurst St and College St",a blocked track,2025-02-21T13:18:00-05:00,,506-Carlton,2025-02-21T13:18:00-05:00,2025-02-21T17:10:00-05:00,2025-02-21,13:18,America/Toronto,2025,TTCnotices5062025.txt,1543
"506 Carlton: Detour eastbound via Dundas St E, Bathurst St and College St due to a blocked track. Started Fri Feb 21 2025 16:07",route,,506,Carlton,"Detour eastbound via Dundas St E, Bathurst St and College St due to a blocked track. Started Fri Feb 21 2025 16:07",detour,disruption,eastbound,,,"Dundas St E, Bathurst St and College St",a blocked track,2025-02-21T16:07:00-05:00,,506-Carlton,2025-02-21T16:08:00-05:00,2025-02-21T21:54:00-05:00,2025-02-21,16:07,America/Toronto,2025,TTCnotices5062025.txt,1546
506 Carlton: No service between High Park Loop and College St at Lansdowne Ave due to a blocked track. Started Fri Feb 21 2025 16:57,route,,506,Carlton,No service between High Park Loop and College St at Lansdowne Ave due to a blocked track. Started Fri Feb 21 2025 16:57,no_service,disruption,,High Park Loop,College St at Lansdowne Ave,,a blocked track,2025-02-21T16:57:00-05:00,,506-Carlton,2025-02-21T16:58:00-05:00,2025-02-21T17:00:00-05:00,2025-02-21,16:57,America/Toronto,2025,TTCnotices5062025.txt,1549
506 Carlton Regular service has resumed between High Park Loop and College St at Lansdowne Ave. Started Fri Feb 21 2025 16:59 Until Fri Feb 21 2025 17:14,route,,506,Carlton,Regular service has resumed between High Park Loop and College St at Lansdowne Ave. Started Fri Feb 21 2025 16:59 Until Fri Feb 21 2025 17:14,service_resumed,resumed,,High Park Loop,College St at Lansdowne Ave,,,2025-02-21T16:59:00-05:00,2025-02-21T17:14:00-05:00,506-Carlton,2025-02-21T17:00:00-05:00,2025-02-21T17:14:00-05:00,2025-02-21,16:59,America/Toronto,2025,TTCnotices5062025.txt,1552
506 Carlton Regular service has resumed eastbound near College St at Dovercourt Rd. Started Fri Feb 21 2025 17:10 Until Fri Feb 21 2025 17:25,route,,506,Carlton,Regular service has resumed eastbound near College St at Dovercourt Rd. Started Fri Feb 21 2025 17:10 Until Fri Feb 21 2025 17:25,service_resumed,resumed,eastbound,College St at Dovercourt Rd,,,,2025-02-21T17:10:00-05:00,2025-02-21T17:25:00-05:00,506-Carlton,2025-02-21T17:10:00-05:00,2025-02-21T17:24:00-05:00,2025-02-21,17:10,America/Toronto,2025,TTCnotices5062025.txt,1555
506 Carlton: No service between High Park Loop and College St at Lansdowne Ave due to a blocked track. Started Fri Feb 21 2025 18:00,route,,506,Carlton,No service between High Park Loop and College St at Lansdowne Ave due to a blocked track. Started Fri Feb 21 2025 18:00,no_service,disruption,,High Park Loop,College St at Lansdowne Ave,,a blocked track,2025-02-21T18:00:00-05:00,,506-Carlton,2025-02-21T18:02:00-05:00,2025-02-21T19:14:00-05:00,2025-02-21,18:00,America/Toronto,2025,TTCnotices5062025.txt,1558
"506 Carlton: Detour westbound via Coxwell Ave, Queen St E and Parliament St due to a blocked track. Started Fri Feb 21 2025 19:00",route,,506,Carlton,"Detour westbound via Coxwell Ave, Queen St E and Parliament St due to a blocked track. Started Fri Feb 21 2025 19:00",detour,disruption,westbound,,,"Coxwell Ave, Queen St E and Parliament St",a blocked track,2025-02-21T19:00:00-05:00,,506-Carlton,2025-02-21T19:02:00-05:00,2025-02-21T20:02:00-05:00,2025-02-21,19:00,America/Toronto,2025,TTCnotices5062025.txt,1561
506 Carlton Regular service has resumed between High Park Loop and College St at Lansdowne Ave. Started Fri Feb 21 2025 19:14 Until Fri Feb 21 2025 19:29,route,,506,Carlton,Regular service has resumed between High Park Loop and College St at Lansdowne Ave. Started Fri Feb 21 2025 19:14 Until Fri Feb 21 2025 19:29,service_resumed,resumed,,High Park Loop,College St at Lansdowne Ave,,,2025-02-21T19:14:00-05:00,2025-02-21T19:29:00-05:00,506-Carlton,2025-02-21T19:16:00-05:00,2025-02-21T19:30:00-05:00,2025-02-21,19:14,America/Toronto,2025,TTCnotices5062025.txt,1564
506 Carlton Regular service has resumed westbound near Gerrard St East at De Grassi St. Started Fri Feb 21 2025 20:02 Until Fri Feb 21 2025 20:17,route,,506,Carlton,Regular service has resumed westbound near Gerrard St East at De Grassi St. Started Fri Feb 21 2025 20:02 Until Fri Feb 21 2025 20:17,service_resumed,resumed,westbound,Gerrard St East at De Grassi St,,,,2025-02-21T20:02:00-05:00,2025-02-21T20:17:00-05:00,506-Carlton,2025-02-21T20:03:00-05:00,2025-02-21T20:16:00-05:00,2025-02-21,20:02,America/Toronto,2025,TTCnotices5062025.txt,1567
506 Carlton: No service between High Park Loop and College St at Lansdowne Ave due to a collision. Started Fri Feb 21 2025 21:04,route,,506,Carlton,No service between High Park Loop and College St at Lansdowne Ave due to a collision. Started Fri Feb 21 2025 21:04,no_service,disruption,,High Park Loop,College St at Lansdowne Ave,,a collision,2025-02-21T21:04:00-05:00,,506-Carlton,2025-02-21T21:06:00-05:00,2025-02-21T21:53:00-05:00,2025-02-21,21:04,America/Toronto,2025,TTCnotices5062025.txt,1570
506 Carlton: No service between Main Street Station and Gerrard St East at Broadview Ave due to a blocked track. Started Fri Feb 21 2025 21:09,route,,506,Carlton,No service between Main Street Station and Gerrard St East at Broadview Ave due to a blocked track. Started Fri Feb 21 2025 21:09,no_service,disruption,,Main Street Station,Gerrard St East at Broadview Ave,,a blocked track,2025-02-21T21:09:00-05:00,,506-Carlton,2025-02-21T21:10:00-05:00,2025-02-21T21:58:00-05:00,2025-02-21,21:09,America/Toronto,2025,TTCnotices5062025.txt,1573
506 Carlton Regular service has resumed between High Park Loop and College St at Lansdowne Ave. Started Fri Feb 21 2025 21:52 Until Fri Feb 21 2025 22:07,route,,506,Carlton,Regular service has resumed between High Park Loop and College St at Lansdowne Ave. Started Fri Feb 21 2025 21:52 Until Fri Feb 21 2025 22:07,service_resumed,resumed,,High Park Loop,College St at Lansdowne Ave,,,2025-02-21T21:52:00-05:00,2025-02-21T22:07:00-05:00,506-Carlton,2025-02-21T21:54:00-05:00,2025-02-21T22:08:00-05:00,2025-02-21,21:52,America/Toronto,2025,TTCnotices5062025.txt,1576
506 Carlton Regular service has resumed eastbound near College St at Ossington Ave. Started Fri Feb 21 2025 21:54 Until Fri Feb 21 2025 22:09,route,,506,Carlton,Regular service has resumed eastbound near College St at Ossington Ave. Started Fri Feb 21 2025 21:54 Until Fri Feb 21 2025 22:09,service_resumed,resumed,eastbound,College St at Ossington Ave,,,,2025-02-21T21:54:00-05:00,2025-02-21T22:09:00-05:00,506-Carlton,2025-02-21T21:56:00-05:00,2025-02-21T22:10:00-05:00,2025-02-21,21:54,America/Toronto,2025,TTCnotices5062025.txt,1579
506 Carlton Regular service has resumed between Main Street Station and Gerrard St East at Broadview Ave. Started Fri Feb 21 2025 21:59 Until Fri Feb 21 2025 22:14,route,,506,Carlton,Regular service has resumed between Main Street Station and Gerrard St East at Broadview Ave. Started Fri Feb 21 2025 21:59 Until Fri Feb 21 2025 22:14,service_resumed,resumed,,Main Street Station,Gerrard St East at Broadview Ave,,,2025-02-21T21:59:00-05:00,2025-02-21T22:14:00-05:00,506-Carlton,2025-02-21T22:00:00-05:00,2025-02-21T22:14:00-05:00,2025-02-21,21:59,America/Toronto,2025,TTCnotices5062025.txt,1582
506 Carlton: Detour westbound via Bathurst St and Dundas St W due to a blocked track. Started Fri Feb 21 2025 22:33,route,,506,Carlton,Detour westbound via Bathurst St and Dundas St W due to a blocked track. Started Fri Feb 21 2025 22:33,detour,disruption,westbound,,,Bathurst St and Dundas St W,a blocked track,2025-02-21T22:33:00-05:00,,506-Carlton,2025-02-21T22:34:00-05:00,2025-02-21T22:52:00-05:00,2025-02-21,22:33,America/Toronto,2025,TTCnotices5062025.txt,1585
506 Carlton: No service westbound from College St at Bathurst St to Howard Park Ave at Parkside Dr due to a blocked track. Started Fri Feb 21 2025 22:52,route,,506,Carlton,No service westbound from College St at Bathurst St to Howard Park Ave at Parkside Dr due to a blocked track. Started Fri Feb 21 2025 22:52,no_service,disruption,westbound,College St at Bathurst St,Howard Park Ave at Parkside Dr,,a blocked track,2025-02-21T22:52:00-05:00,,506-Carlton,2025-02-21T22:54:00-05:00,2025-02-22T03:20:00-05:00,2025-02-21,22:52,America/Toronto,2025,TTCnotices5062025.txt,1588
506 Carlton: No service between Main Street Station and Gerrard St East at Coxwell Ave due to a blocked track. Started Fri Feb 21 2025 23:29,route,,506,Carlton,No service between Main Street Station and Gerrard St East at Coxwell Ave due to a blocked track. Started Fri Feb 21 2025 23:29,no_service,disruption,,Main Street Station,Gerrard St East at Coxwell Ave,,a blocked track,2025-02-21T23:29:00-05:00,,506-Carlton,2025-02-21T23:30:00-05:00,2025-02-22T03:20:00-05:00,2025-02-21,23:29,America/Toronto,2025,TTCnotices5062025.txt,1591
"506 Carlton: Detour westbound via Gerrard St E, Coxwell Ave and Queen St E due to a collision. Started Sat Feb 22 2025 9:41",route,,506,Carlton,"Detour westbound via Gerrard St E, Coxwell Ave and Queen St E due to a collision. Started Sat Feb 22 2025 9:41",detour,disruption,westbound,,,"Gerrard St E, Coxwell Ave and Queen St E",a collision,2025-02-22T09:41:00-05:00,,506-Carlton,2025-02-22T09:42:00-05:00,2025-02-22T11:18:00-05:00,2025-02-22,09:41,America/Toronto,2025,TTCnotices5062025.txt,1594
506 Carlton: Delays westbound near Dundas St West at Howard Park Ave due to a blocked track. Started Sat Feb 22 2025 10:13,route,,506,Carlton,Delays westbound near Dundas St West at Howard Park Ave due to a blocked track. Started Sat Feb 22 2025 10:13,delay,disruption,westbound,Dundas St West at Howard Park Ave,,,a blocked track,2025-02-22T10:13:00-05:00,,506-Carlton,2025-02-22T10:14:00-05:00,2025-02-22T10:34:00-05:00,2025-02-22,10:13,America/Toronto,2025,TTCnotices5062025.txt,1597
506 Carlton Regular service has resumed westbound near Dundas St West at Howard Park Ave. Started Sat Feb 22 2025 10:34 Until Sat Feb 22 2025 10:49,route,,506,Carlton,Regular service has resumed westbound near Dundas St West at Howard Park Ave. Started Sat Feb 22 2025 10:34 Until Sat Feb 22 2025 10:49,service_resumed,resumed,westbound,Dundas St West at Howard Park Ave,,,,2025-02-22T10:34:00-05:00,2025-02-22T10:49:00-05:00,506-Carlton,2025-02-22T10:36:00-05:00,2025-02-22T10:48:00-05:00,2025-02-22,10:34,America/Toronto,2025,TTCnotices5062025.txt,1600
506 Carlton: No service between Main Street Station and Gerrard St East at Coxwell Ave due to a blocked track. Shuttle buses are on the way. Started Sat Feb 22 2025 10:36,route,,506,Carlton,No service between Main Street Station and Gerrard St East at Coxwell Ave due to a blocked track. Shuttle buses are on the way. Started Sat Feb 22 2025 10:36,no_service,disruption,,Main Street Station,Gerrard St East at Coxwell Ave,,a blocked track. Shuttle buses are on the way,2025-02-22T10:36:00-05:00,,506-Carlton,2025-02-22T10:38:00-05:00,2025-02-22T11:14:00-05:00,2025-02-22,10:36,America/Toronto,2025,TTCnotices5062025.txt,1603
506 Carlton: No service between Main Street Station and Gerrard St East at Coxwell Ave due to a blocked track. Shuttle buses are running between Main Street Station and Gerrard St East at Coxwell Ave. Started Sat Feb 22 2025 11:13,route,,506,Carlton,No service between Main Street Station and Gerrard St East at Coxwell Ave due to a blocked track. Shuttle buses are running between Main Street Station and Gerrard St East at Coxwell Ave. Started Sat Feb 22 2025 11:13,no_service,disruption,,Main Street Station,Gerrard St East at Coxwell Ave,,a blocked track. Shuttle buses are running between Main Street Station and Gerrard St East at Coxwell Ave,2025-02-22T11:13:00-05:00,,506-Carlton,2025-02-22T11:14:00-05:00,2025-02-22T11:18:00-05:00,2025-02-22,11:13,America/Toronto,2025,TTCnotices5062025.txt,1606
506 Carlton Regular service has resumed between Main Street Station and Gerrard St East at Coxwell Ave. Started Sat Feb 22 2025 11:18 Until Sat Feb 22 2025 11:33,route,,506,Carlton,Regular service has resumed between Main Street Station and Gerrard St East at Coxwell Ave. Started Sat Feb 22 2025 11:18 Until Sat Feb 22 2025 11:33,service_resumed,resumed,,Main Street Station,Gerrard St East at Coxwell Ave,,,2025-02-22T11:18:00-05:00,2025-02-22T11:33:00-05:00,506-Carlton,2025-02-22T11:20:00-05:00,2025-02-22T11:22:00-05:00,2025-02-22,11:18,America/Toronto,2025,TTCnotices5062025.txt,1612
506 Carlton Regular service has resumed westbound near Gerrard St East at Woodfield Rd. Started Sat Feb 22 2025 11:19 Until Sat Feb 22 2025 11:34,route,,506,Carlton,Regular service has resumed westbound near Gerrard St East at Woodfield Rd. Started Sat Feb 22 2025 11:19 Until Sat Feb 22 2025 11:34,service_resumed,resumed,westbound,Gerrard St East at Woodfield Rd,,,,2025-02-22T11:19:00-05:00,2025-02-22T11:34:00-05:00,506-Carlton,2025-02-22T11:20:00-05:00,2025-02-22T11:35:00-05:00,2025-02-22,11:19,America/Toronto,2025,TTCnotices5062025.txt,1609
506 Carlton: No service between Main Street Station and Gerrard St East at Coxwell Ave due to a blocked track. Started Sat Feb 22 2025 11:24,route,,506,Carlton,No service between Main Street Station and Gerrard St East at Coxwell Ave due to a blocked track. Started Sat Feb 22 2025 11:24,no_service,disruption,,Main Street Station,Gerrard St East at Coxwell Ave,,a blocked track,2025-02-22T11:24:00-05:00,,506-Carlton,2025-02-22T11:24:00-05:00,2025-02-22T17:38:00-05:00,2025-02-22,11:24,America/Toronto,2025,TTCnotices5062025.txt,1615
"506 Carlton: Detour westbound via Bathurst St, Dundas St W and Ossington Ave due to a blocked track. Started Sat Feb 22 2025 12:04",route,,506,Carlton,"Detour westbound via Bathurst St, Dundas St W and Ossington Ave due to a blocked track. Started Sat Feb 22 2025 12:04",detour,disruption,westbound,,,"Bathurst St, Dundas St W and Ossington Ave",a blocked track,2025-02-22T12:04:00-05:00,,506-Carlton,2025-02-22T12:04:00-05:00,2025-02-22T12:26:00-05:00,2025-02-22,12:04,America/Toronto,2025,TTCnotices5062025.txt,1618
506 Carlton Regular service has resumed westbound near College St at Euclid Ave. Started Sat Feb 22 2025 12:27 Until Sat Feb 22 2025 12:42,route,,506,Carlton,Regular service has resumed westbound near College St at Euclid Ave. Started Sat Feb 22 2025 12:27 Until Sat Feb 22 2025 12:42,service_resumed,resumed,westbound,College St at Euclid Ave,,,,2025-02-22T12:27:00-05:00,2025-02-22T12:42:00-05:00,506-Carlton,2025-02-22T12:28:00-05:00,2025-02-22T12:43:00-05:00,2025-02-22,12:27,America/Toronto,2025,TTCnotices5062025.txt,1621
"506 Carlton: Detour westbound via Coxwell Ave, Queen St W and Parliament St due to a blocked track. Started Sat Feb 22 2025 16:46",route,,506,Carlton,"Detour westbound via Coxwell Ave, Queen St W and Parliament St due to a blocked track. Started Sat Feb 22 2025 16:46",detour,disruption,westbound,,,"Coxwell Ave, Queen St W and Parliament St",a blocked track,2025-02-22T16:46:00-05:00,,506-Carlton,2025-02-22T16:46:00-05:00,2025-02-22T16:58:00-05:00,2025-02-22,16:46,America/Toronto,2025,TTCnotices5062025.txt,1624
506 Carlton Regular service has resumed westbound near Main St at Gerrard St East. Started Sat Feb 22 2025 16:59 Until Sat Feb 22 2025 17:14,route,,506,Carlton,Regular service has resumed westbound near Main St at Gerrard St East. Started Sat Feb 22 2025 16:59 Until Sat Feb 22 2025 17:14,service_resumed,resumed,westbound,Main St at Gerrard St East,,,,2025-02-22T16:59:00-05:00,2025-02-22T17:14:00-05:00,506-Carlton,2025-02-22T17:00:00-05:00,2025-02-22T17:15:00-05:00,2025-02-22,16:59,America/Toronto,2025,TTCnotices5062025.txt,1627
506 Carlton Regular service has resumed between Main Street Station and Gerrard St East at Coxwell Ave. Started Sat Feb 22 2025 17:37 Until Sat Feb 22 2025 17:52,route,,506,Carlton,Regular service has resumed between Main Street Station and Gerrard St East at Coxwell Ave. Started Sat Feb 22 2025 17:37 Until Sat Feb 22 2025 17:52,service_resumed,resumed,,Main Street Station,Gerrard St East at Coxwell Ave,,,2025-02-22T17:37:00-05:00,2025-02-22T17:52:00-05:00,506-Carlton,2025-02-22T17:38:00-05:00,2025-02-22T17:52:00-05:00,2025-02-22,17:37,America/Toronto,2025,TTCnotices5062025.txt,1630
"506 Carlton: Detour eastbound via Dundas St E, Bathurst St and College St due to a blocked track. Started Sat Feb 22 2025 18:37",route,,506,Carlton,"Detour eastbound via Dundas St E, Bathurst St and College St due to a blocked track. Started Sat Feb 22 2025 18:37",detour,disruption,eastbound,,,"Dundas St E, Bathurst St and College St",a blocked track,2025-02-22T18:37:00-05:00,,506-Carlton,2025-02-22T18:38:00-05:00,2025-02-22T21:40:00-05:00,2025-02-22,18:37,America/Toronto,2025,TTCnotices5062025.txt,1633
"506 Carlton: Detour eastbound via Ossington Ave, Dundas St E and Bathurst St due to a collision. Started Sat Feb 22 2025 20:53",route,,506,Carlton,"Detour eastbound via Ossington Ave, Dundas St E and Bathurst St due to a collision. Started Sat Feb 22 2025 20:53",detour,disruption,eastbound,,,"Ossington Ave, Dundas St E and Bathurst St",a collision,2025-02-22T20:53:00-05:00,,506-Carlton,2025-02-22T20:54:00-05:00,2025-02-22T22:44:00-05:00,2025-02-22,20:53,America/Toronto,2025,TTCnotices5062025.txt,1636
506 Carlton Regular service has resumed eastbound near College St at Ossington Ave. Started Sat Feb 22 2025 22:45 Until Sat Feb 22 2025 23:00,route,,506,Carlton,Regular service has resumed eastbound near College St at Ossington Ave. Started Sat Feb 22 2025 22:45 Until Sat Feb 22 2025 23:00,service_resumed,resumed,eastbound,College St at Ossington Ave,,,,2025-02-22T22:45:00-05:00,2025-02-22T23:00:00-05:00,506-Carlton,2025-02-22T22:46:00-05:00,2025-02-22T23:00:00-05:00,2025-02-22,22:45,America/Toronto,2025,TTCnotices5062025.txt,1639
"506 Carlton: Detour westbound via Bay St, Dundas St W, Mccaul St, Queen St W, Bathurst St and Dundas St W due to a blocked track. Started Sat Feb 22 2025 23:29",route,,506,Carlton,"Detour westbound via Bay St, Dundas St W, Mccaul St, Queen St W, Bathurst St and Dundas St W due to a blocked track. Started Sat Feb 22 2025 23:29",detour,disruption,westbound,,,"Bay St, Dundas St W, Mccaul St, Queen St W, Bathurst St and Dundas St W",a blocked track,2025-02-22T23:29:00-05:00,,506-Carlton,2025-02-22T23:30:00-05:00,2025-02-22T23:38:00-05:00,2025-02-22,23:29,America/Toronto,2025,TTCnotices5062025.txt,1642
506 Carlton Regular service has resumed westbound near Dundas St West at Sorauren Ave. Started Sat Feb 22 2025 23:38 Until Sat Feb 22 2025 23:53,route,,506,Carlton,Regular service has resumed westbound near Dundas St West at Sorauren Ave. Started Sat Feb 22 2025 23:38 Until Sat Feb 22 2025 23:53,service_resumed,resumed,westbound,Dundas St West at Sorauren Ave,,,,2025-02-22T23:38:00-05:00,2025-02-22T23:53:00-05:00,506-Carlton,2025-02-22T23:40:00-05:00,2025-02-22T23:52:00-05:00,2025-02-22,23:38,America/Toronto,2025,TTCnotices5062025.txt,1645
"506 Carlton: Detour eastbound via Ossington Ave, Dundas St W and Bathurst St due to a blocked track. Started Sun Feb 23 2025 0:52",route,,506,Carlton,"Detour eastbound via Ossington Ave, Dundas St W and Bathurst St due to a blocked track. Started Sun Feb 23 2025 0:52",detour,disruption,eastbound,,,"Ossington Ave, Dundas St W and Bathurst St",a blocked track,2025-02-23T00:52:00-05:00,,506-Carlton,2025-02-23T00:54:00-05:00,2025-02-23T01:24:00-05:00,2025-02-23,00:52,America/Toronto,2025,TTCnotices5062025.txt,1648
506 Carlton Regular service has resumed eastbound near College St at Ossington Ave. Started Sun Feb 23 2025 1:25 Until Sun Feb 23 2025 1:40,route,,506,Carlton,Regular service has resumed eastbound near College St at Ossington Ave. Started Sun Feb 23 2025 1:25 Until Sun Feb 23 2025 1:40,service_resumed,resumed,eastbound,College St at Ossington Ave,,,,2025-02-23T01:25:00-05:00,2025-02-23T01:40:00-05:00,506-Carlton,2025-02-23T01:26:00-05:00,2025-02-23T01:40:00-05:00,2025-02-23,01:25,America/Toronto,2025,TTCnotices5062025.txt,1651
506 Carlton: Detour westbound via Bathurst St and Dundas St W due to a blocked track. Started Sun Feb 23 2025 1:52,route,,506,Carlton,Detour westbound via Bathurst St and Dundas St W due to a blocked track. Started Sun Feb 23 2025 1:52,detour,disruption,westbound,,,Bathurst St and Dundas St W,a blocked track,2025-02-23T01:52:00-05:00,,506-Carlton,2025-02-23T01:54:00-05:00,2025-02-23T02:06:00-05:00,2025-02-23,01:52,America/Toronto,2025,TTCnotices5062025.txt,1654
506 Carlton: No service between Main Street Station and Coxwell Ave at Lower Gerrard St East due to a blocked track. Started Sun Feb 23 2025 10:15,route,,506,Carlton,No service between Main Street Station and Coxwell Ave at Lower Gerrard St East due to a blocked track. Started Sun Feb 23 2025 10:15,no_service,disruption,,Main Street Station,Coxwell Ave at Lower Gerrard St East,,a blocked track,2025-02-23T10:15:00-05:00,,506-Carlton,2025-02-23T10:16:00-05:00,2025-02-23T11:12:00-05:00,2025-02-23,10:15,America/Toronto,2025,TTCnotices5062025.txt,1657
506 Carlton: No service between College St at Lansdowne Ave and High Park Loop due to a blocked track. Started Sun Feb 23 2025 10:27,route,,506,Carlton,No service between College St at Lansdowne Ave and High Park Loop due to a blocked track. Started Sun Feb 23 2025 10:27,no_service,disruption,,College St at Lansdowne Ave,High Park Loop,,a blocked track,2025-02-23T10:27:00-05:00,,506-Carlton,2025-02-23T10:28:00-05:00,2025-02-23T14:14:00-05:00,2025-02-23,10:27,America/Toronto,2025,TTCnotices5062025.txt,1660
506 Carlton Regular service has resumed between Main Street Station and Coxwell Ave at Lower Gerrard St East. Started Sun Feb 23 2025 11:13 Until Sun Feb 23 2025 11:28,route,,506,Carlton,Regular service has resumed between Main Street Station and Coxwell Ave at Lower Gerrard St East. Started Sun Feb 23 2025 11:13 Until Sun Feb 23 2025 11:28,service_resumed,resumed,,Main Street Station,Coxwell Ave at Lower Gerrard St East,,,2025-02-23T11:13:00-05:00,2025-02-23T11:28:00-05:00,506-Carlton,2025-02-23T11:14:00-05:00,2025-02-23T11:28:00-05:00,2025-02-23,11:13,America/Toronto,2025,TTCnotices5062025.txt,1663
"506 Carlton: Detour eastbound via Coxwell Ave, Queen St E and Parliament St due to a blocked track. Started Sun Feb 23 2025 11:29",route,,506,Carlton,"Detour eastbound via Coxwell Ave, Queen St E and Parliament St due to a blocked track. Started Sun Feb 23 2025 11:29",detour,disruption,eastbound,,,"Coxwell Ave, Queen St E and Parliament St",a blocked track,2025-02-23T11:29:00-05:00,,506-Carlton,2025-02-23T11:30:00-05:00,2025-02-23T12:08:00-05:00,2025-02-23,11:29,America/Toronto,2025,TTCnotices5062025.txt,1666
506 Carlton Regular service has resumed eastbound near Gerrard St East at Broadview Ave. Started Sun Feb 23 2025 12:08 Until Sun Feb 23 2025 12:23,route,,506,Carlton,Regular service has resumed eastbound near Gerrard St East at Broadview Ave. Started Sun Feb 23 2025 12:08 Until Sun Feb 23 2025 12:23,service_resumed,resumed,eastbound,Gerrard St East at Broadview Ave,,,,2025-02-23T12:08:00-05:00,2025-02-23T12:23:00-05:00,506-Carlton,2025-02-23T12:10:00-05:00,2025-02-23T12:22:00-05:00,2025-02-23,12:08,America/Toronto,2025,TTCnotices5062025.txt,1669
"506 Carlton: Detour westbound via Coxwell Ave, Queen St E and Parliament St due to a blocked track. Started Sun Feb 23 2025 12:20",route,,506,Carlton,"Detour westbound via Coxwell Ave, Queen St E and Parliament St due to a blocked track. Started Sun Feb 23 2025 12:20",detour,disruption,westbound,,,"Coxwell Ave, Queen St E and Parliament St",a blocked track,2025-02-23T12:20:00-05:00,,506-Carlton,2025-02-23T12:21:00-05:00,2025-02-23T12:40:00-05:00,2025-02-23,12:20,America/Toronto,2025,TTCnotices5062025.txt,1672
"506 Carlton: Detour eastbound via Dundas St W, Bathurst St and College St due to a blocked track. Started Sun Feb 23 2025 12:22",route,,506,Carlton,"Detour eastbound via Dundas St W, Bathurst St and College St due to a blocked track. Started Sun Feb 23 2025 12:22",detour,disruption,eastbound,,,"Dundas St W, Bathurst St and College St",a blocked track,2025-02-23T12:22:00-05:00,,506-Carlton,2025-02-23T12:24:00-05:00,2025-02-23T13:28:00-05:00,2025-02-23,12:22,America/Toronto,2025,TTCnotices5062025.txt,1675
506 Carlton Regular service has resumed westbound near Gerrard St East at Greenwood Ave. Started Sun Feb 23 2025 12:40 Until Sun Feb 23 2025 12:55,route,,506,Carlton,Regular service has resumed westbound near Gerrard St East at Greenwood Ave. Started Sun Feb 23 2025 12:40 Until Sun Feb 23 2025 12:55,service_resumed,resumed,westbound,Gerrard St East at Greenwood Ave,,,,2025-02-23T12:40:00-05:00,2025-02-23T12:55:00-05:00,506-Carlton,2025-02-23T12:42:00-05:00,2025-02-23T12:56:00-05:00,2025-02-23,12:40,America/Toronto,2025,TTCnotices5062025.txt,1678
506 Carlton Regular service has resumed eastbound near College St at Dovercourt Rd. Started Sun Feb 23 2025 13:29 Until Sun Feb 23 2025 13:44,route,,506,Carlton,Regular service has resumed eastbound near College St at Dovercourt Rd. Started Sun Feb 23 2025 13:29 Until Sun Feb 23 2025 13:44,service_resumed,resumed,eastbound,College St at Dovercourt Rd,,,,2025-02-23T13:29:00-05:00,2025-02-23T13:44:00-05:00,506-Carlton,2025-02-23T13:30:00-05:00,2025-02-23T13:44:00-05:00,2025-02-23,13:29,America/Toronto,2025,TTCnotices5062025.txt,1681
506 Carlton Regular service has resumed between College St at Lansdowne Ave and High Park Loop. Started Sun Feb 23 2025 14:15 Until Sun Feb 23 2025 14:30,route,,506,Carlton,Regular service has resumed between College St at Lansdowne Ave and High Park Loop. Started Sun Feb 23 2025 14:15 Until Sun Feb 23 2025 14:30,service_resumed,resumed,,College St at Lansdowne Ave,High Park Loop,,,2025-02-23T14:15:00-05:00,2025-02-23T14:30:00-05:00,506-Carlton,2025-02-23T14:16:00-05:00,2025-02-23T14:30:00-05:00,2025-02-23,14:15,America/Toronto,2025,TTCnotices5062025.txt,1684
"506 Carlton: Detour via Coxwell Ave, Queen St E and Parliament St due to a blocked track. Started Sun Feb 23 2025 14:56",route,,506,Carlton,"Detour via Coxwell Ave, Queen St E and Parliament St due to a blocked track. Started Sun Feb 23 2025 14:56",detour,disruption,,,,"Coxwell Ave, Queen St E and Parliament St",a blocked track,2025-02-23T14:56:00-05:00,,506-Carlton,2025-02-23T14:56:00-05:00,,2025-02-23,14:56,America/Toronto,2025,TTCnotices5062025.txt,1687
"506 Carlton: Detour westbound via Coxwell Ave, Queen St E and Parliament St due to a blocked track. Started Sun Feb 23 2025 14:57",route,,506,Carlton,"Detour westbound via Coxwell Ave, Queen St E and Parliament St due to a blocked track. Started Sun Feb 23 2025 14:57",detour,disruption,westbound,,,"Coxwell Ave, Queen St E and Parliament St",a blocked track,2025-02-23T14:57:00-05:00,,506-Carlton,2025-02-23T14:58:00-05:00,2025-02-23T15:02:00-05:00,2025-02-23,14:57,America/Toronto,2025,TTCnotices5062025.txt,1690
506 Carlton Regular service has resumed westbound near Gerrard St East at Coxwell Ave. Started Sun Feb 23 2025 15:02 Until Sun Feb 23 2025 15:17,route,,506,Carlton,Regular service has resumed westbound near Gerrard St East at Coxwell Ave. Started Sun Feb 23 2025 15:02 Until Sun Feb 23 2025 15:17,service_resumed,resumed,westbound,Gerrard St East at Coxwell Ave,,,,2025-02-23T15:02:00-05:00,2025-02-23T15:17:00-05:00,506-Carlton,2025-02-23T15:04:00-05:00,2025-02-23T15:16:00-05:00,2025-02-23,15:02,America/Toronto,2025,TTCnotices5062025.txt,1693
"506 Carlton: Detour westbound via Bathurst St, Dundas St W and Ossington Ave due to a blocked track. Started Sun Feb 23 2025 15:27",route,,506,Carlton,"Detour westbound via Bathurst St, Dundas St W and Ossington Ave due to a blocked track. Started Sun Feb 23 2025 15:27",detour,disruption,westbound,,,"Bathurst St, Dundas St W and Ossington Ave",a blocked track,2025-02-23T15:27:00-05:00,,506-Carlton,2025-02-23T15:28:00-05:00,2025-02-23T15:48:00-05:00,2025-02-23,15:27,America/Toronto,2025,TTCnotices5062025.txt,1696
506 Carlton Regular service has resumed westbound near College St at Bathurst St. Started Sun Feb 23 2025 15:49 Until Sun Feb 23 2025 16:04,route,,506,Carlton,Regular service has resumed westbound near College St at Bathurst St. Started Sun Feb 23 2025 15:49 Until Sun Feb 23 2025 16:04,service_resumed,resumed,westbound,College St at Bathurst St,,,,2025-02-23T15:49:00-05:00,2025-02-23T16:04:00-05:00,506-Carlton,2025-02-23T15:50:00-05:00,2025-02-23T16:04:00-05:00,2025-02-23,15:49,America/Toronto,2025,TTCnotices5062025.txt,1699
506 Carlton: No service between Main Street Station and Gerrard St East at Coxwell Ave due to a collision. Shuttle buses are on the way. Started Sun Feb 23 2025 18:28,route,,506,Carlton,No service between Main Street Station and Gerrard St East at Coxwell Ave due to a collision. Shuttle buses are on the way. Started Sun Feb 23 2025 18:28,no_service,disruption,,Main Street Station,Gerrard St East at Coxwell Ave,,a collision. Shuttle buses are on the way,2025-02-23T18:28:00-05:00,,506-Carlton,2025-02-23T18:30:00-05:00,2025-02-23T19:22:00-05:00,2025-02-23,18:28,America/Toronto,2025,TTCnotices5062025.txt,1702
"506 Carlton: Detour via Coxwell Ave, Queen St E and Parliament St due to a blocked track. Started Sun Feb 23 2025 19:17",route,,506,Carlton,"Detour via Coxwell Ave, Queen St E and Parliament St due to a blocked track. Started Sun Feb 23 2025 19:17",detour,disruption,,,,"Coxwell Ave, Queen St E and Parliament St",a blocked track,2025-02-23T19:17:00-05:00,,506-Carlton,2025-02-23T19:18:00-05:00,2025-02-23T19:22:00-05:00,2025-02-23,19:17,America/Toronto,2025,TTCnotices5062025.txt,1705
506 Carlton Regular service has resumed between Main Street Station and Gerrard St East at Coxwell Ave. Started Sun Feb 23 2025 19:43 Until Sun Feb 23 2025 19:58,route,,506,Carlton,Regular service has resumed between Main Street Station and Gerrard St East at Coxwell Ave. Started Sun Feb 23 2025 19:43 Until Sun Feb 23 2025 19:58,service_resumed,resumed,,Main Street Station,Gerrard St East at Coxwell Ave,,,2025-02-23T19:43:00-05:00,2025-02-23T19:58:00-05:00,506-Carlton,2025-02-23T19:56:00-05:00,2025-02-23T19:58:00-05:00,2025-02-23,19:43,America/Toronto,2025,TTCnotices5062025.txt,1711
506 Carlton Regular service has resumed near Gerrard St East at De Grassi St. Started Sun Feb 23 2025 19:50 Until Sun Feb 23 2025 20:05,route,,506,Carlton,Regular service has resumed near Gerrard St East at De Grassi St. Started Sun Feb 23 2025 19:50 Until Sun Feb 23 2025 20:05,service_resumed,resumed,,Gerrard St East at De Grassi St,,,,2025-02-23T19:50:00-05:00,2025-02-23T20:05:00-05:00,506-Carlton,2025-02-23T19:56:00-05:00,2025-02-23T20:04:00-05:00,2025-02-23,19:50,America/Toronto,2025,TTCnotices5062025.txt,1708
"506 Carlton: Detour westbound via Coxwell Ave, Queen St E and Parliament St due to a blocked track. Started Sun Feb 23 2025 20:53",route,,506,Carlton,"Detour westbound via Coxwell Ave, Queen St E and Parliament St due to a blocked track. Started Sun Feb 23 2025 20:53",detour,disruption,westbound,,,"Coxwell Ave, Queen St E and Parliament St",a blocked track,2025-02-23T20:53:00-05:00,,506-Carlton,2025-02-23T20:54:00-05:00,2025-02-23T22:38:00-05:00,2025-02-23,20:53,America/Toronto,2025,TTCnotices5062025.txt,1714
506 Carlton: No service between High Park Loop and College St at Lansdowne Ave due to a blocked track. Started Sun Feb 23 2025 20:56,route,,506,Carlton,No service between High Park Loop and College St at Lansdowne Ave due to a blocked track. Started Sun Feb 23 2025 20:56,no_service,disruption,,High Park Loop,College St at Lansdowne Ave,,a blocked track,2025-02-23T20:56:00-05:00,,506-Carlton,2025-02-23T20:58:00-05:00,2025-02-23T22:08:00-05:00,2025-02-23,20:56,America/Toronto,2025,TTCnotices5062025.txt,1717
506 Carlton Regular service has resumed between High Park Loop and College St at Lansdowne Ave. Started Sun Feb 23 2025 22:07 Until Sun Feb 23 2025 22:22,route,,506,Carlton,Regular service has resumed between High Park Loop and College St at Lansdowne Ave. Started Sun Feb 23 2025 22:07 Until Sun Feb 23 2025 22:22,service_resumed,resumed,,High Park Loop,College St at Lansdowne Ave,,,2025-02-23T22:07:00-05:00,2025-02-23T22:22:00-05:00,506-Carlton,2025-02-23T22:08:00-05:00,2025-02-23T22:12:00-05:00,2025-02-23,22:07,America/Toronto,2025,TTCnotices5062025.txt,1720
506 Carlton: Detour eastbound via Dundas St E and Bathurst St due to a blocked track. Started Sun Feb 23 2025 22:14,route,,506,Carlton,Detour eastbound via Dundas St E and Bathurst St due to a blocked track. Started Sun Feb 23 2025 22:14,detour,disruption,eastbound,,,Dundas St E and Bathurst St,a blocked track,2025-02-23T22:14:00-05:00,,506-Carlton,2025-02-23T22:16:00-05:00,2025-02-23T22:38:00-05:00,2025-02-23,22:14,America/Toronto,2025,TTCnotices5062025.txt,1723
"506 Carlton: Detour westbound via Coxwell Ave, Queen St E and Parliament St due to a blocked track. Started Sun Feb 23 2025 22:51",route,,506,Carlton,"Detour westbound via Coxwell Ave, Queen St E and Parliament St due to a blocked track. Started Sun Feb 23 2025 22:51",detour,disruption,westbound,,,"Coxwell Ave, Queen St E and Parliament St",a blocked track,2025-02-23T22:51:00-05:00,,506-Carlton,2025-02-23T22:52:00-05:00,2025-02-24T00:36:00-05:00,2025-02-23,22:51,America/Toronto,2025,TTCnotices5062025.txt,1726
506 Carlton Regular service has resumed westbound near Gerrard St East at Greenwood Ave. Started Mon Feb 24 2025 0:37 Until Mon Feb 24 2025 0:52,route,,506,Carlton,Regular service has resumed westbound near Gerrard St East at Greenwood Ave. Started Mon Feb 24 2025 0:37 Until Mon Feb 24 2025 0:52,service_resumed,resumed,westbound,Gerrard St East at Greenwood Ave,,,,2025-02-24T00:37:00-05:00,2025-02-24T00:52:00-05:00,506-Carlton,2025-02-24T00:38:00-05:00,2025-02-24T00:52:00-05:00,2025-02-24,00:37,America/Toronto,2025,TTCnotices5062025.txt,1729
506 Carlton: Detour via Dundas St W and Bathurst St due to a blocked track. Started Mon Feb 24 2025 10:14,route,,506,Carlton,Detour via Dundas St W and Bathurst St due to a blocked track. Started Mon Feb 24 2025 10:14,detour,disruption,,,,Dundas St W and Bathurst St,a blocked track,2025-02-24T10:14:00-05:00,,506-Carlton,2025-02-24T10:14:00-05:00,2025-02-24T10:46:00-05:00,2025-02-24,10:14,America/Toronto,2025,TTCnotices5062025.txt,1732
506 Carlton Regular service has resumed near College St at Dovercourt Rd. Started Mon Feb 24 2025 10:45 Until Mon Feb 24 2025 11:00,route,,506,Carlton,Regular service has resumed near College St at Dovercourt Rd. Started Mon Feb 24 2025 10:45 Until Mon Feb 24 2025 11:00,service_resumed,resumed,,College St at Dovercourt Rd,,,,2025-02-24T10:45:00-05:00,2025-02-24T11:00:00-05:00,506-Carlton,2025-02-24T10:46:00-05:00,2025-02-24T11:00:00-05:00,2025-02-24,10:45,America/Toronto,2025,TTCnotices5062025.txt,1735
506 Carlton: No service between Main Street Station and Gerrard St East at Coxwell Ave due to a blocked track. Started Mon Feb 24 2025 11:47,route,,506,Carlton,No service between Main Street Station and Gerrard St East at Coxwell Ave due to a blocked track. Started Mon Feb 24 2025 11:47,no_service,disruption,,Main Street Station,Gerrard St East at Coxwell Ave,,a blocked track,2025-02-24T11:47:00-05:00,,506-Carlton,2025-02-24T11:48:00-05:00,2025-02-24T12:48:00-05:00,2025-02-24,11:47,America/Toronto,2025,TTCnotices5062025.txt,1738
506 Carlton Regular service has resumed between Main Street Station and Gerrard St East at Coxwell Ave. Started Mon Feb 24 2025 12:48 Until Mon Feb 24 2025 13:03,route,,506,Carlton,Regular service has resumed between Main Street Station and Gerrard St East at Coxwell Ave. Started Mon Feb 24 2025 12:48 Until Mon Feb 24 2025 13:03,service_resumed,resumed,,Main Street Station,Gerrard St East at Coxwell Ave,,,2025-02-24T12:48:00-05:00,2025-02-24T13:03:00-05:00,506-Carlton,2025-02-24T12:50:00-05:00,2025-02-24T13:03:00-05:00,2025-02-24,12:48,America/Toronto,2025,TTCnotices5062025.txt,1741
506 Carlton: No service westbound from Main Street Station to Coxwell Ave at Lower Gerrard St East due to a blocked track. Started Mon Feb 24 2025 14:24,route,,506,Carlton,No service westbound from Main Street Station to Coxwell Ave at Lower Gerrard St East due to a blocked track. Started Mon Feb 24 2025 14:24,no_service,disruption,westbound,Main Street Station,Coxwell Ave at Lower Gerrard St East,,a blocked track,2025-02-24T14:24:00-05:00,,506-Carlton,2025-02-24T14:26:00-05:00,2025-02-24T14:48:00-05:00,2025-02-24,14:24,America/Toronto,2025,TTCnotices5062025.txt,1744
506 Carlton Regular service has resumed westbound from Main Street Station to Coxwell Ave at Lower Gerrard St East. Started Mon Feb 24 2025 14:49 Until Mon Feb 24 2025 15:04,route,,506,Carlton,Regular service has resumed westbound from Main Street Station to Coxwell Ave at Lower Gerrard St East. Started Mon Feb 24 2025 14:49 Until Mon Feb 24 2025 15:04,service_resumed,resumed,westbound,Main Street Station,Coxwell Ave at Lower Gerrard St East,,,2025-02-24T14:49:00-05:00,2025-02-24T15:04:00-05:00,506-Carlton,2025-02-24T14:54:00-05:00,2025-02-24T15:04:00-05:00,2025-02-24,14:49,America/Toronto,2025,TTCnotices5062025.txt,1747
"506 Carlton: Detour westbound via Coxwell Ave, Queen St E and Parliament St due to a blocked track. Started Mon Feb 24 2025 15:14",route,,506,Carlton,"Detour westbound via Coxwell Ave, Queen St E and Parliament St due to a blocked track. Started Mon Feb 24 2025 15:14",detour,disruption,westbound,,,"Coxwell Ave, Queen St E and Parliament St",a blocked track,2025-02-24T15:14:00-05:00,,506-Carlton,2025-02-24T15:16:00-05:00,2025-02-24T15:44:00-05:00,2025-02-24,15:14,America/Toronto,2025,TTCnotices5062025.txt,1750
506 Carlton Regular service has resumed westbound near Gerrard St East at De Grassi St. Started Mon Feb 24 2025 15:44 Until Mon Feb 24 2025 15:59,route,,506,Carlton,Regular service has resumed westbound near Gerrard St East at De Grassi St. Started Mon Feb 24 2025 15:44 Until Mon Feb 24 2025 15:59,service_resumed,resumed,westbound,Gerrard St East at De Grassi St,,,,2025-02-24T15:44:00-05:00,2025-02-24T15:59:00-05:00,506-Carlton,2025-02-24T15:46:00-05:00,2025-02-24T16:00:00-05:00,2025-02-24,15:44,America/Toronto,2025,TTCnotices5062025.txt,1753
506 Carlton: No service between Howard Park Ave at Parkside Dr East Side and Howard Park Ave at Roncesvalles Ave due to a collision. Started Mon Feb 24 2025 17:07,route,,506,Carlton,No service between Howard Park Ave at Parkside Dr East Side and Howard Park Ave at Roncesvalles Ave due to a collision. Started Mon Feb 24 2025 17:07,no_service,disruption,,Howard Park Ave at Parkside Dr East Side,Howard Park Ave at Roncesvalles Ave,,a collision,2025-02-24T17:07:00-05:00,,506-Carlton,2025-02-24T17:08:00-05:00,2025-02-24T17:16:00-05:00,2025-02-24,17:07,America/Toronto,2025,TTCnotices5062025.txt,1756
506 Carlton: No service between Howard Park Ave at Parkside Dr East Side and Howard Park Ave at Dundas St West due to a collision. Started Mon Feb 24 2025 17:15,route,,506,Carlton,No service between Howard Park Ave at Parkside Dr East Side and Howard Park Ave at Dundas St West due to a collision. Started Mon Feb 24 2025 17:15,no_service,disruption,,Howard Park Ave at Parkside Dr East Side,Howard Park Ave at Dundas St West,,a collision,2025-02-24T17:15:00-05:00,,506-Carlton,2025-02-24T17:16:00-05:00,2025-02-24T17:46:00-05:00,2025-02-24,17:15,America/Toronto,2025,TTCnotices5062025.txt,1759
506 Carlton Regular service has resumed between Howard Park Ave at Parkside Dr East Side and Howard Park Ave at Dundas St West. Started Mon Feb 24 2025 17:45 Until Mon Feb 24 2025 18:00,route,,506,Carlton,Regular service has resumed between Howard Park Ave at Parkside Dr East Side and Howard Park Ave at Dundas St West. Started Mon Feb 24 2025 17:45 Until Mon Feb 24 2025 18:00,service_resumed,resumed,,Howard Park Ave at Parkside Dr East Side,Howard Park Ave at Dundas St West,,,2025-02-24T17:45:00-05:00,2025-02-24T18:00:00-05:00,506-Carlton,2025-02-24T17:46:00-05:00,2025-02-24T18:00:00-05:00,2025-02-24,17:45,America/Toronto,2025,TTCnotices5062025.txt,1762
"506 Carlton: Detour eastbound via Broadview Ave, Queen St E and Coxwell Ave due to a blocked track. Started Mon Feb 24 2025 20:15",route,,506,Carlton,"Detour eastbound via Broadview Ave, Queen St E and Coxwell Ave due to a blocked track. Started Mon Feb 24 2025 20:15",detour,disruption,eastbound,,,"Broadview Ave, Queen St E and Coxwell Ave",a blocked track,2025-02-24T20:15:00-05:00,,506-Carlton,2025-02-24T20:16:00-05:00,2025-02-24T21:16:00-05:00,2025-02-24,20:15,America/Toronto,2025,TTCnotices5062025.txt,1765
506 Carlton Regular service has resumed eastbound near Carlton St at Jarvis St. Started Mon Feb 24 2025 21:17 Until Mon Feb 24 2025 21:32,route,,506,Carlton,Regular service has resumed eastbound near Carlton St at Jarvis St. Started Mon Feb 24 2025 21:17 Until Mon Feb 24 2025 21:32,service_resumed,resumed,eastbound,Carlton St at Jarvis St,,,,2025-02-24T21:17:00-05:00,2025-02-24T21:32:00-05:00,506-Carlton,2025-02-24T21:18:00-05:00,2025-02-24T21:32:00-05:00,2025-02-24,21:17,America/Toronto,2025,TTCnotices5062025.txt,1768
"506 Carlton: Detour eastbound via Ossington Ave, Dundas St W and Bathurst St due to a collision. Started Tue Feb 25 2025 9:29",route,,506,Carlton,"Detour eastbound via Ossington Ave, Dundas St W and Bathurst St due to a collision. Started Tue Feb 25 2025 9:29",detour,disruption,eastbound,,,"Ossington Ave, Dundas St W and Bathurst St",a collision,2025-02-25T09:29:00-05:00,,506-Carlton,2025-02-25T09:30:00-05:00,2025-02-25T11:00:00-05:00,2025-02-25,09:29,America/Toronto,2025,TTCnotices5062025.txt,1771
"506 Carlton: Detour eastbound via Broadview Ave, Queen St E and Coxwell Ave due to a blocked track. Started Tue Feb 25 2025 10:06",route,,506,Carlton,"Detour eastbound via Broadview Ave, Queen St E and Coxwell Ave due to a blocked track. Started Tue Feb 25 2025 10:06",detour,disruption,eastbound,,,"Broadview Ave, Queen St E and Coxwell Ave",a blocked track,2025-02-25T10:06:00-05:00,,506-Carlton,2025-02-25T10:08:00-05:00,2025-02-25T10:22:00-05:00,2025-02-25,10:06,America/Toronto,2025,TTCnotices5062025.txt,1774
506 Carlton Regular service has resumed eastbound near Gerrard St East at Jones Ave. Started Tue Feb 25 2025 10:22 Until Tue Feb 25 2025 10:37,route,,506,Carlton,Regular service has resumed eastbound near Gerrard St East at Jones Ave. Started Tue Feb 25 2025 10:22 Until Tue Feb 25 2025 10:37,service_resumed,resumed,eastbound,Gerrard St East at Jones Ave,,,,2025-02-25T10:22:00-05:00,2025-02-25T10:37:00-05:00,506-Carlton,2025-02-25T10:24:00-05:00,2025-02-25T10:36:00-05:00,2025-02-25,10:22,America/Toronto,2025,TTCnotices5062025.txt,1777
506 Carlton Regular service has resumed eastbound near College St at Euclid Ave. Started Tue Feb 25 2025 11:01 Until Tue Feb 25 2025 11:16,route,,506,Carlton,Regular service has resumed eastbound near College St at Euclid Ave. Started Tue Feb 25 2025 11:01 Until Tue Feb 25 2025 11:16,service_resumed,resumed,eastbound,College St at Euclid Ave,,,,2025-02-25T11:01:00-05:00,2025-02-25T11:16:00-05:00,506-Carlton,2025-02-25T11:02:00-05:00,2025-02-25T11:15:00-05:00,2025-02-25,11:01,America/Toronto,2025,TTCnotices5062025.txt,1780
"506 Carlton: Detour eastbound via Broadview Ave, Queen St E and Coxwell Ave due to a blocked track. Started Tue Feb 25 2025 12:13",route,,506,Carlton,"Detour eastbound via Broadview Ave, Queen St E and Coxwell Ave due to a blocked track. Started Tue Feb 25 2025 12:13",detour,disruption,eastbound,,,"Broadview Ave, Queen St E and Coxwell Ave",a blocked track,2025-02-25T12:13:00-05:00,,506-Carlton,2025-02-25T12:14:00-05:00,2025-02-25T12:20:00-05:00,2025-02-25,12:13,America/Toronto,2025,TTCnotices5062025.txt,1783
506 Carlton Regular service has resumed eastbound near Gerrard St East at Leslie St. Started Tue Feb 25 2025 12:20 Until Tue Feb 25 2025 12:35,route,,506,Carlton,Regular service has resumed eastbound near Gerrard St East at Leslie St. Started Tue Feb 25 2025 12:20 Until Tue Feb 25 2025 12:35,service_resumed,resumed,eastbound,Gerrard St East at Leslie St,,,,2025-02-25T12:20:00-05:00,2025-02-25T12:35:00-05:00,506-Carlton,2025-02-25T12:22:00-05:00,2025-02-25T12:34:00-05:00,2025-02-25,12:20,America/Toronto,2025,TTCnotices5062025.txt,1786
"506 Carlton: Detour eastbound via Ossington Ave, Dundas St W and Bay St due to a blocked track. Started Tue Feb 25 2025 16:42",route,,506,Carlton,"Detour eastbound via Ossington Ave, Dundas St W and Bay St due to a blocked track. Started Tue Feb 25 2025 16:42",detour,disruption,eastbound,,,"Ossington Ave, Dundas St W and Bay St",a blocked track,2025-02-25T16:42:00-05:00,,506-Carlton,2025-02-25T16:44:00-05:00,2025-02-25T17:58:00-05:00,2025-02-25,16:42,America/Toronto,2025,TTCnotices5062025.txt,1789
506 Carlton Regular service has resumed eastbound near College St at Augusta Ave. Started Tue Feb 25 2025 17:57 Until Tue Feb 25 2025 18:12,route,,506,Carlton,Regular service has resumed eastbound near College St at Augusta Ave. Started Tue Feb 25 2025 17:57 Until Tue Feb 25 2025 18:12,service_resumed,resumed,eastbound,College St at Augusta Ave,,,,2025-02-25T17:57:00-05:00,2025-02-25T18:12:00-05:00,506-Carlton,2025-02-25T17:58:00-05:00,2025-02-25T18:12:00-05:00,2025-02-25,17:57,America/Toronto,2025,TTCnotices5062025.txt,1792
506 Carlton: No service between Main Street Station and Gerrard St East at Coxwell Ave due to a collision. Started Tue Feb 25 2025 22:50,route,,506,Carlton,No service between Main Street Station and Gerrard St East at Coxwell Ave due to a collision. Started Tue Feb 25 2025 22:50,no_service,disruption,,Main Street Station,Gerrard St East at Coxwell Ave,,a collision,2025-02-25T22:50:00-05:00,,506-Carlton,2025-02-25T22:52:00-05:00,2025-02-25T23:28:00-05:00,2025-02-25,22:50,America/Toronto,2025,TTCnotices5062025.txt,1795
506 Carlton Regular service has resumed between Main Street Station and Gerrard St East at Coxwell Ave. Started Tue Feb 25 2025 23:28 Until Tue Feb 25 2025 23:43,route,,506,Carlton,Regular service has resumed between Main Street Station and Gerrard St East at Coxwell Ave. Started Tue Feb 25 2025 23:28 Until Tue Feb 25 2025 23:43,service_resumed,resumed,,Main Street Station,Gerrard St East at Coxwell Ave,,,2025-02-25T23:28:00-05:00,2025-02-25T23:43:00-05:00,506-Carlton,2025-02-25T23:30:00-05:00,2025-02-25T23:44:00-05:00,2025-02-25,23:28,America/Toronto,2025,TTCnotices5062025.txt,1798
"506 Carlton: Detour eastbound via Broadview Ave, Queen St E and Coxwell Ave due to a blocked track. Started Wed Feb 26 2025 10:28",route,,506,Carlton,"Detour eastbound via Broadview Ave, Queen St E and Coxwell Ave due to a blocked track. Started Wed Feb 26 2025 10:28",detour,disruption,eastbound,,,"Broadview Ave, Queen St E and Coxwell Ave",a blocked track,2025-02-26T10:28:00-05:00,,506-Carlton,2025-02-26T10:30:00-05:00,2025-02-26T10:36:00-05:00,2025-02-26,10:28,America/Toronto,2025,TTCnotices5062025.txt,1801
506 Carlton Regular service has resumed eastbound near Gerrard St East at Leslie St. Started Wed Feb 26 2025 10:35 Until Wed Feb 26 2025 10:50,route,,506,Carlton,Regular service has resumed eastbound near Gerrard St East at Leslie St. Started Wed Feb 26 2025 10:35 Until Wed Feb 26 2025 10:50,service_resumed,resumed,eastbound,Gerrard St East at Leslie St,,,,2025-02-26T10:35:00-05:00,2025-02-26T10:50:00-05:00,506-Carlton,2025-02-26T10:36:00-05:00,2025-02-26T10:50:00-05:00,2025-02-26,10:35,America/Toronto,2025,TTCnotices5062025.txt,1804
506 Carlton: Delays eastbound near Gerrard St East at Jones Ave due to traffic congestion. Started Thu Feb 27 2025 16:50,route,,506,Carlton,Delays eastbound near Gerrard St East at Jones Ave due to traffic congestion. Started Thu Feb 27 2025 16:50,delay,disruption,eastbound,Gerrard St East at Jones Ave,,,traffic congestion,2025-02-27T16:50:00-05:00,,506-Carlton,2025-02-27T16:52:00-05:00,2025-02-28T02:06:00-05:00,2025-02-27,16:50,America/Toronto,2025,TTCnotices5062025.txt,1807
Wellesley: Elevator out of service between Wellesley St entrance to Line 1 Finch platform. Started Fri Feb 28 2025 10:19,accessibility,Wellesley,,,Elevator out of service between Wellesley St entrance to Line 1 Finch platform. Started Fri Feb 28 2025 10:19,elevator_out_of_service,disruption,,,,,,2025-02-28T10:19:00-05:00,,506-Carlton,2025-02-28T10:20:00-05:00,2025-02-28T10:32:00-05:00,2025-02-28,10:19,America/Toronto,2025,TTCnotices5062025.txt,73
Wellesley: Elevator back in service between Wellesley St entrance to Line 1 Finch platform. Started Fri Feb 28 2025 10:33 Until Fri Feb 28 2025 10:48,accessibility,Wellesley,,,Elevator back in service between Wellesley St entrance to Line 1 Finch platform. Started Fri Feb 28 2025 10:33 Until Fri Feb 28 2025 10:48,elevator_back_in_service,resumed,,,,,,2025-02-28T10:33:00-05:00,2025-02-28T10:48:00-05:00,506-Carlton,2025-02-28T10:34:00-05:00,2025-02-28T10:48:00-05:00,2025-02-28,10:33,America/Toronto,2025,TTCnotices5062025.txt,76
506 Carlton: No service between Main Street Station and Gerrard St East at Coxwell Ave while we respond to a medical emergency. Started Sat Mar 1 2025 0:24,route,,506,Carlton,No service between Main Street Station and Gerrard St East at Coxwell Ave while we respond to a medical emergency. Started Sat Mar 1 2025 0:24,no_service,disruption,,Main Street Station,Gerrard St East at Coxwell Ave,,we respond to a medical emergency,2025-03-01T00:24:00-05:00,,506-Carlton,2025-03-01T00:24:00-05:00,2025-03-01T00:38:00-05:00,2025-03-01,00:24,America/Toronto,2025,TTCnotices5062025.txt,1810
506 Carlton Regular service has resumed between Main Street Station and Gerrard St East at Coxwell Ave. Started Sat Mar 1 2025 0:38 Until Sat Mar 1 2025 0:53,route,,506,Carlton,Regular service has resumed between Main Street Station and Gerrard St East at Coxwell Ave. Started Sat Mar 1 2025 0:38 Until Sat Mar 1 2025 0:53,service_resumed,resumed,,Main Street Station,Gerrard St East at Coxwell Ave,,,2025-03-01T00:38:00-05:00,2025-03-01T00:53:00-05:00,506-Carlton,2025-03-01T00:38:00-05:00,2025-03-01T00:52:00-05:00,2025-03-01,00:38,America/Toronto,2025,TTCnotices5062025.txt,1813
"Main Street: Elevator out of service between Main St entrance, concourse and Line 2 Kennedy platform. Started Sat Mar 1 2025 0:53",accessibility,Main Street,,,"Elevator out of service between Main St entrance, concourse and Line 2 Kennedy platform. Started Sat Mar 1 2025 0:53",elevator_out_of_service,disruption,,"Main St entrance, concourse",Line 2 Kennedy platform,,,2025-03-01T00:53:00-05:00,,506-Carlton,2025-03-01T00:54:00-05:00,2025-03-01T07:16:00-05:00,2025-03-01,00:53,America/Toronto,2025,TTCnotices5062025.txt,79
"Main Street: Elevator back in service between Main St entrance, concourse and Line 2 Kennedy platform. Started Sat Mar 1 2025 7:16 Until Sat Mar 1 2025 7:31",accessibility,Main Street,,,"Elevator back in service between Main St entrance, concourse and Line 2 Kennedy platform. Started Sat Mar 1 2025 7:16 Until Sat Mar 1 2025 7:31",elevator_back_in_service,resumed,,"Main St entrance, concourse",Line 2 Kennedy platform,,,2025-03-01T07:16:00-05:00,2025-03-01T07:31:00-05:00,506-Carlton,2025-03-01T07:20:00-05:00,2025-03-01T07:30:00-05:00,2025-03-01,07:16,America/Toronto,2025,TTCnotices5062025.txt,82
506 Carlton: Delays between Coxwell Ave at Lower Gerrard St East and Gerrard St East at Broadview Ave due to traffic congestion. Started Sat Mar 1 2025 13:07,route,,506,Carlton,Delays between Coxwell Ave at Lower Gerrard St East and Gerrard St East at Broadview Ave due to traffic congestion. Started Sat Mar 1 2025 13:07,delay,disruption,,Coxwell Ave at Lower Gerrard St East,Gerrard St East at Broadview Ave,,traffic congestion,2025-03-01T13:07:00-05:00,,506-Carlton,2025-03-01T13:08:00-05:00,2025-03-01T21:58:00-05:00,2025-03-01,13:07,America/Toronto,2025,TTCnotices5062025.txt,1816
"506 Carlton: Detour eastbound via Church St, Dundas St E and Parliament St while we respond to a medical emergency. Started Sat Mar 1 2025 23:28",route,,506,Carlton,"Detour eastbound via Church St, Dundas St E and Parliament St while we respond to a medical emergency. Started Sat Mar 1 2025 23:28",detour,disruption,eastbound,,,"Church St, Dundas St E and Parliament St",we respond to a medical emergency,2025-03-01T23:28:00-05:00,,506-Carlton,2025-03-01T23:28:00-05:00,2025-03-02T01:22:00-05:00,2025-03-01,23:28,America/Toronto,2025,TTCnotices5062025.txt,1819
506 Carlton Regular service has resumed eastbound near Carlton St at Parliament St. Started Sun Mar 2 2025 1:21 Until Sun Mar 2 2025 1:36,route,,506,Carlton,Regular service has resumed eastbound near Carlton St at Parliament St. Started Sun Mar 2 2025 1:21 Until Sun Mar 2 2025 1:36,service_resumed,resumed,eastbound,Carlton St at Parliament St,,,,2025-03-02T01:21:00-05:00,2025-03-02T01:36:00-05:00,506-Carlton,2025-03-02T01:22:00-05:00,2025-03-02T01:28:00-05:00,2025-03-02,01:21,America/Toronto,2025,TTCnotices5062025.txt,1822
Main Street: Elevator out of service between concourse and Line 2 Kipling platform. Started Sun Mar 2 2025 7:59,accessibility,Main Street,,,Elevator out of service between concourse and Line 2 Kipling platform. Started Sun Mar 2 2025 7:59,elevator_out_of_service,disruption,,concourse,Line 2 Kipling platform,,,2025-03-02T07:59:00-05:00,,506-Carlton,2025-03-02T08:00:00-05:00,2025-03-17T12:54:00-04:00,2025-03-02,07:59,America/Toronto,2025,TTCnotices5062025.txt,85
"506 Carlton: Detour via Parliament St, Dundas St E and Church St due to a collision. Started Sun Mar 2 2025 14:32",route,,506,Carlton,"Detour via Parliament St, Dundas St E and Church St due to a collision. Started Sun Mar 2 2025 14:32",detour,disruption,,,,"Parliament St, Dundas St E and Church St",a collision,2025-03-02T14:32:00-05:00,,506-Carlton,2025-03-02T14:34:00-05:00,2025-03-02T15:36:00-05:00,2025-03-02,14:32,America/Toronto,2025,TTCnotices5062025.txt,1825
506 Carlton Regular service has resumed near Carlton St at Jarvis St. Started Sun Mar 2 2025 15:36 Until Sun Mar 2 2025 15:51,route,,506,Carlton,Regular service has resumed near Carlton St at Jarvis St. Started Sun Mar 2 2025 15:36 Until Sun Mar 2 2025 15:51,service_resumed,resumed,,Carlton St at Jarvis St,,,,2025-03-02T15:36:00-05:00,2025-03-02T15:51:00-05:00,506-Carlton,2025-03-02T15:38:00-05:00,2025-03-02T15:50:00-05:00,2025-03-02,15:36,America/Toronto,2025,TTCnotices5062025.txt,1828
506 Carlton: Detour westbound via Bathurst St and Dundas St W while we respond to a medical emergency. Started Mon Mar 3 2025 18:00,route,,506,Carlton,Detour westbound via Bathurst St and Dundas St W while we respond to a medical emergency. Started Mon Mar 3 2025 18:00,detour,disruption,westbound,,,Bathurst St and Dundas St W,we respond to a medical emergency,2025-03-03T18:00:00-05:00,,506-Carlton,2025-03-03T18:02:00-05:00,2025-03-03T18:12:00-05:00,2025-03-03,18:00,America/Toronto,2025,TTCnotices5062025.txt,1831
506 Carlton Regular service has resumed westbound near College St at Dufferin St. Started Mon Mar 3 2025 18:13 Until Mon Mar 3 2025 18:28,route,,506,Carlton,Regular service has resumed westbound near College St at Dufferin St. Started Mon Mar 3 2025 18:13 Until Mon Mar 3 2025 18:28,service_resumed,resumed,westbound,College St at Dufferin St,,,,2025-03-03T18:13:00-05:00,2025-03-03T18:28:00-05:00,506-Carlton,2025-03-03T18:14:00-05:00,2025-03-03T18:28:00-05:00,2025-03-03,18:13,America/Toronto,2025,TTCnotices5062025.txt,1834
"506 Carlton: Detour via Broadview Ave, Dundas St E and Parliament St while we deal with an operational problem. Started Tue Mar 4 2025 4:43",route,,506,Carlton,"Detour via Broadview Ave, Dundas St E and Parliament St while we deal with an operational problem. Started Tue Mar 4 2025 4:43",detour,disruption,,,,"Broadview Ave, Dundas St E and Parliament St",we deal with an operational problem,2025-03-04T04:43:00-05:00,,506-Carlton,2025-03-04T04:44:00-05:00,2025-03-04T04:52:00-05:00,2025-03-04,04:43,America/Toronto,2025,TTCnotices5062025.txt,1837
"506 Carlton: Detour eastbound via Church St, Dundas St E and Broadview Ave while we deal with an operational problem. Started Tue Mar 4 2025 4:51",route,,506,Carlton,"Detour eastbound via Church St, Dundas St E and Broadview Ave while we deal with an operational problem. Started Tue Mar 4 2025 4:51",detour,disruption,eastbound,,,"Church St, Dundas St E and Broadview Ave",we deal with an operational problem,2025-03-04T04:51:00-05:00,,506-Carlton,2025-03-04T04:52:00-05:00,2025-03-04T05:41:00-05:00,2025-03-04,04:51,America/Toronto,2025,TTCnotices5062025.txt,1840
"506 Carlton: Detour westbound via Broadview Ave, Dundas St E and Parliament St while we deal with an operational problem. Started Tue Mar 4 2025 4:54",route,,506,Carlton,"Detour westbound via Broadview Ave, Dundas St E and Parliament St while we deal with an operational problem. Started Tue Mar 4 2025 4:54",detour,disruption,westbound,,,"Broadview Ave, Dundas St E and Parliament St",we deal with an operational problem,2025-03-04T04:54:00-05:00,,506-Carlton,2025-03-04T04:56:00-05:00,2025-03-04T05:41:00-05:00,2025-03-04,04:54,America/Toronto,2025,TTCnotices5062025.txt,1843
506 Carlton Regular service has resumed westbound near Gerrard St East at Broadview Ave. Started Tue Mar 4 2025 5:40 Until Tue Mar 4 2025 5:55,route,,506,Carlton,Regular service has resumed westbound near Gerrard St East at Broadview Ave. Started Tue Mar 4 2025 5:40 Until Tue Mar 4 2025 5:55,service_resumed,resumed,westbound,Gerrard St East at Broadview Ave,,,,2025-03-04T05:40:00-05:00,2025-03-04T05:55:00-05:00,506-Carlton,2025-03-04T05:42:00-05:00,2025-03-04T05:54:00-05:00,2025-03-04,05:40,America/Toronto,2025,TTCnotices5062025.txt,1849
506 Carlton Regular service has resumed eastbound near Gerrard St East at Broadview Ave. Started Tue Mar 4 2025 5:41 Until Tue Mar 4 2025 5:56,route,,506,Carlton,Regular service has resumed eastbound near Gerrard St East at Broadview Ave. Started Tue Mar 4 2025 5:41 Until Tue Mar 4 2025 5:56,service_resumed,resumed,eastbound,Gerrard St East at Broadview Ave,,,,2025-03-04T05:41:00-05:00,2025-03-04T05:56:00-05:00,506-Carlton,2025-03-04T05:42:00-05:00,2025-03-04T05:56:00-05:00,2025-03-04,05:41,America/Toronto,2025,TTCnotices5062025.txt,1846
"506 Carlton: Detour eastbound via Dundas St E, Bathurst St and College St while we respond to a medical emergency. Started Tue Mar 4 2025 10:26",route,,506,Carlton,"Detour eastbound via Dundas St E, Bathurst St and College St while we respond to a medical emergency. Started Tue Mar 4 2025 10:26",detour,disruption,eastbound,,,"Dundas St E, Bathurst St and College St",we respond to a medical emergency,2025-03-04T10:26:00-05:00,,506-Carlton,2025-03-04T10:28:00-05:00,2025-03-04T11:16:00-05:00,2025-03-04,10:26,America/Toronto,2025,TTCnotices5062025.txt,1852
506 Carlton Regular service has resumed eastbound near College St at Brock Ave. Started Tue Mar 4 2025 11:16 Until Tue Mar 4 2025 11:31,route,,506,Carlton,Regular service has resumed eastbound near College St at Brock Ave. Started Tue Mar 4 2025 11:16 Until Tue Mar 4 2025 11:31,service_resumed,resumed,eastbound,College St at Brock Ave,,,,2025-03-04T11:16:00-05:00,2025-03-04T11:31:00-05:00,506-Carlton,2025-03-04T11:18:00-05:00,2025-03-04T11:32:00-05:00,2025-03-04,11:16,America/Toronto,2025,TTCnotices5062025.txt,1855
506 Carlton: Detour eastbound via Bathurst St and Dundas St W while we fix a mechanical problem. Started Wed Mar 5 2025 2:37,route,,506,Carlton,Detour eastbound via Bathurst St and Dundas St W while we fix a mechanical problem. Started Wed Mar 5 2025 2:37,detour,disruption,eastbound,,,Bathurst St and Dundas St W,we fix a mechanical problem,2025-03-05T02:37:00-05:00,,506-Carlton,2025-03-05T02:38:00-05:00,2025-03-05T03:18:00-05:00,2025-03-05,02:37,America/Toronto,2025,TTCnotices5062025.txt,1858
506 Carlton Regular service has resumed eastbound near College St at Grace St. Started Wed Mar 5 2025 3:17 Until Wed Mar 5 2025 3:32,route,,506,Carlton,Regular service has resumed eastbound near College St at Grace St. Started Wed Mar 5 2025 3:17 Until Wed Mar 5 2025 3:32,service_resumed,resumed,eastbound,College St at Grace St,,,,2025-03-05T03:17:00-05:00,2025-03-05T03:32:00-05:00,506-Carlton,2025-03-05T03:18:00-05:00,2025-03-05T03:32:00-05:00,2025-03-05,03:17,America/Toronto,2025,TTCnotices5062025.txt,1861
506 Carlton: No service between Main Street Station and Gerrard St East at Coxwell Ave due to a collision. Started Wed Mar 5 2025 19:51,route,,506,Carlton,No service between Main Street Station and Gerrard St East at Coxwell Ave due to a collision. Started Wed Mar 5 2025 19:51,no_service,disruption,,Main Street Station,Gerrard St East at Coxwell Ave,,a collision,2025-03-05T19:51:00-05:00,,506-Carlton,2025-03-05T19:52:00-05:00,2025-03-05T20:10:00-05:00,2025-03-05,19:51,America/Toronto,2025,TTCnotices5062025.txt,1864
506 Carlton Regular service has resumed between Main Street Station and Gerrard St East at Coxwell Ave. Started Wed Mar 5 2025 20:08 Until Wed Mar 5 2025 20:23,route,,506,Carlton,Regular service has resumed between Main Street Station and Gerrard St East at Coxwell Ave. Started Wed Mar 5 2025 20:08 Until Wed Mar 5 2025 20:23,service_resumed,resumed,,Main Street Station,Gerrard St East at Coxwell Ave,,,2025-03-05T20:08:00-05:00,2025-03-05T20:23:00-05:00,506-Carlton,2025-03-05T20:10:00-05:00,2025-03-05T20:24:00-05:00,2025-03-05,20:08,America/Toronto,2025,TTCnotices5062025.txt,1867
506 Carlton: No service between High Park Loop and Howard Park Ave at Dundas St West while we respond to a medical emergency. Started Wed Mar 5 2025 21:47,route,,506,Carlton,No service between High Park Loop and Howard Park Ave at Dundas St West while we respond to a medical emergency. Started Wed Mar 5 2025 21:47,no_service,disruption,,High Park Loop,Howard Park Ave at Dundas St West,,we respond to a medical emergency,2025-03-05T21:47:00-05:00,,506-Carlton,2025-03-05T21:48:00-05:00,2025-03-05T22:18:00-05:00,2025-03-05,21:47,America/Toronto,2025,TTCnotices5062025.txt,1870
506 Carlton Regular service has resumed between High Park Loop and Howard Park Ave at Dundas St West. Started Wed Mar 5 2025 22:18 Until Wed Mar 5 2025 22:33,route,,506,Carlton,Regular service has resumed between High Park Loop and Howard Park Ave at Dundas St West. Started Wed Mar 5 2025 22:18 Until Wed Mar 5 2025 22:33,service_resumed,resumed,,High Park Loop,Howard Park Ave at Dundas St West,,,2025-03-05T22:18:00-05:00,2025-03-05T22:33:00-05:00,506-Carlton,2025-03-05T22:20:00-05:00,2025-03-05T22:34:00-05:00,2025-03-05,22:18,America/Toronto,2025,TTCnotices5062025.txt,1873
"506 Carlton: Detour eastbound via Ossington Ave, Dundas St W and Spadina Ave due to police activity. Started Sun Mar 9 2025 5:46",route,,506,Carlton,"Detour eastbound via Ossington Ave, Dundas St W and Spadina Ave due to police activity. Started Sun Mar 9 2025 5:46",detour,disruption,eastbound,,,"Ossington Ave, Dundas St W and Spadina Ave",police activity,2025-03-09T05:46:00-04:00,,506-Carlton,2025-03-09T05:48:00-04:00,2025-03-09T05:52:00-04:00,2025-03-09,05:46,America/Toronto,2025,TTCnotices5062025.txt,1876
"506 Carlton: Detour via Ossington Ave, Dundas St W and Bay St due to police activity. Started Sun Mar 9 2025 5:52",route,,506,Carlton,"Detour via Ossington Ave, Dundas St W and Bay St due to police activity. Started Sun Mar 9 2025 5:52",detour,disruption,,,,"Ossington Ave, Dundas St W and Bay St",police activity,2025-03-09T05:52:00-04:00,,506-Carlton,2025-03-09T05:54:00-04:00,2025-03-09T06:36:00-04:00,2025-03-09,05:52,America/Toronto,2025,TTCnotices5062025.txt,1879
506 Carlton: Delays near College St at McCaul St due to a blocked track. Started Sun Mar 9 2025 6:07,route,,506,Carlton,Delays near College St at McCaul St due to a blocked track. Started Sun Mar 9 2025 6:07,delay,disruption,,College St at McCaul St,,,a blocked track,2025-03-09T06:07:00-04:00,,506-Carlton,2025-03-09T06:08:00-04:00,2025-03-09T06:20:00-04:00,2025-03-09,06:07,America/Toronto,2025,TTCnotices5062025.txt,1882
506 Carlton Regular service has resumed near College St at McCaul St. Started Sun Mar 9 2025 6:20 Until Sun Mar 9 2025 6:35,route,,506,Carlton,Regular service has resumed near College St at McCaul St. Started Sun Mar 9 2025 6:20 Until Sun Mar 9 2025 6:35,service_resumed,resumed,,College St at McCaul St,,,,2025-03-09T06:20:00-04:00,2025-03-09T06:35:00-04:00,506-Carlton,2025-03-09T06:22:00-04:00,2025-03-09T06:34:00-04:00,2025-03-09,06:20,America/Toronto,2025,TTCnotices5062025.txt,1885
506 Carlton Regular service has resumed near College St at Spadina Ave. Started Sun Mar 9 2025 6:37 Until Sun Mar 9 2025 6:52,route,,506,Carlton,Regular service has resumed near College St at Spadina Ave. Started Sun Mar 9 2025 6:37 Until Sun Mar 9 2025 6:52,service_resumed,resumed,,College St at Spadina Ave,,,,2025-03-09T06:37:00-04:00,2025-03-09T06:52:00-04:00,506-Carlton,2025-03-09T06:38:00-04:00,2025-03-09T06:52:00-04:00,2025-03-09,06:37,America/Toronto,2025,TTCnotices5062025.txt,1888
"506 Carlton: Detour via Bathurst St, Dundas St W and Ossington Ave due to a collision. Started Mon Mar 10 2025 19:03",route,,506,Carlton,"Detour via Bathurst St, Dundas St W and Ossington Ave due to a collision. Started Mon Mar 10 2025 19:03",detour,disruption,,,,"Bathurst St, Dundas St W and Ossington Ave",a collision,2025-03-10T19:03:00-04:00,,506-Carlton,2025-03-10T19:04:00-04:00,2025-03-10T20:26:00-04:00,2025-03-10,19:03,America/Toronto,2025,TTCnotices5062025.txt,1891
506 Carlton Regular service has resumed near College St at Grace St. Started Mon Mar 10 2025 20:28 Until Mon Mar 10 2025 20:43,route,,506,Carlton,Regular service has resumed near College St at Grace St. Started Mon Mar 10 2025 20:28 Until Mon Mar 10 2025 20:43,service_resumed,resumed,,College St at Grace St,,,,2025-03-10T20:28:00-04:00,2025-03-10T20:43:00-04:00,506-Carlton,2025-03-10T20:28:00-04:00,2025-03-10T20:44:00-04:00,2025-03-10,20:28,America/Toronto,2025,TTCnotices5062025.txt,1894
506 Carlton: Delays eastbound near College St at Yonge St - College Station due to a collision. Started Tue Mar 11 2025 9:59,route,,506,Carlton,Delays eastbound near College St at Yonge St - College Station due to a collision. Started Tue Mar 11 2025 9:59,delay,disruption,eastbound,College St at Yonge St - College Station,,,a collision,2025-03-11T09:59:00-04:00,,506-Carlton,2025-03-11T10:00:00-04:00,2025-03-11T10:55:00-04:00,2025-03-11,09:59,America/Toronto,2025,TTCnotices5062025.txt,1897
506 Carlton Regular service has resumed eastbound near College St at Yonge St - College Station. Started Tue Mar 11 2025 10:55 Until Tue Mar 11 2025 11:10,route,,506,Carlton,Regular service has resumed eastbound near College St at Yonge St - College Station. Started Tue Mar 11 2025 10:55 Until Tue Mar 11 2025 11:10,service_resumed,resumed,eastbound,College St at Yonge St - College Station,,,,2025-03-11T10:55:00-04:00,2025-03-11T11:10:00-04:00,506-Carlton,2025-03-11T10:56:00-04:00,2025-03-11T11:10:00-04:00,2025-03-11,10:55,America/Toronto,2025,TTCnotices5062025.txt,1900
"506 Carlton: Detour eastbound via Broadview Ave, Queen St E and Coxwell Ave due to police activity. Started Wed Mar 12 2025 18:32",route,,506,Carlton,"Detour eastbound via Broadview Ave, Queen St E and Coxwell Ave due to police activity. Started Wed Mar 12 2025 18:32",detour,disruption,eastbound,,,"Broadview Ave, Queen St E and Coxwell Ave",police activity,2025-03-12T18:32:00-04:00,,506-Carlton,2025-03-12T18:34:00-04:00,2025-03-12T18:40:00-04:00,2025-03-12,18:32,America/Toronto,2025,TTCnotices5062025.txt,1903
506 Carlton Regular service has resumed eastbound near Gerrard St East at Carlaw Ave. Started Wed Mar 12 2025 18:40 Until Wed Mar 12 2025 18:55,route,,506,Carlton,Regular service has resumed eastbound near Gerrard St East at Carlaw Ave. Started Wed Mar 12 2025 18:40 Until Wed Mar 12 2025 18:55,service_resumed,resumed,eastbound,Gerrard St East at Carlaw Ave,,,,2025-03-12T18:40:00-04:00,2025-03-12T18:55:00-04:00,506-Carlton,2025-03-12T18:42:00-04:00,2025-03-12T18:54:00-04:00,2025-03-12,18:40,America/Toronto,2025,TTCnotices5062025.txt,1906
"Main Street: Elevator out of service between Main St entrance, concourse and Line 2 Kennedy platform. Started Fri Mar 14 2025 2:01",accessibility,Main Street,,,"Elevator out of service between Main St entrance, concourse and Line 2 Kennedy platform. Started Fri Mar 14 2025 2:01",elevator_out_of_service,disruption,,"Main St entrance, concourse",Line 2 Kennedy platform,,,2025-03-14T02:01:00-04:00,,506-Carlton,2025-03-14T02:02:00-04:00,2025-03-14T06:16:00-04:00,2025-03-14,02:01,America/Toronto,2025,TTCnotices5062025.txt,88
"Main Street: Elevator back in service between Main St entrance, concourse and Line 2 Kennedy platform. Started Fri Mar 14 2025 6:16 Until Fri Mar 14 2025 6:31",accessibility,Main Street,,,"Elevator back in service between Main St entrance, concourse and Line 2 Kennedy platform. Started Fri Mar 14 2025 6:16 Until Fri Mar 14 2025 6:31",elevator_back_in_service,resumed,,"Main St entrance, concourse",Line 2 Kennedy platform,,,2025-03-14T06:16:00-04:00,2025-03-14T06:31:00-04:00,506-Carlton,2025-03-14T06:18:00-04:00,2025-03-14T06:30:00-04:00,2025-03-14,06:16,America/Toronto,2025,TTCnotices5062025.txt,91
"506 Carlton: Detour westbound via Broadview Ave, Dundas St E and Parliament St due to a security incident. Started Fri Mar 14 2025 11:21",route,,506,Carlton,"Detour westbound via Broadview Ave, Dundas St E and Parliament St due to a security incident. Started Fri Mar 14 2025 11:21",detour,disruption,westbound,,,"Broadview Ave, Dundas St E and Parliament St",a security incident,2025-03-14T11:21:00-04:00,,506-Carlton,2025-03-14T11:22:00-04:00,2025-03-14T13:38:00-04:00,2025-03-14,11:21,America/Toronto,2025,TTCnotices5062025.txt,1909
506 Carlton Regular service has resumed westbound near Gerrard St East at Broadview Ave. Started Fri Mar 14 2025 13:39 Until Fri Mar 14 2025 13:54,route,,506,Carlton,Regular service has resumed westbound near Gerrard St East at Broadview Ave. Started Fri Mar 14 2025 13:39 Until Fri Mar 14 2025 13:54,service_resumed,resumed,westbound,Gerrard St East at Broadview Ave,,,,2025-03-14T13:39:00-04:00,2025-03-14T13:54:00-04:00,506-Carlton,2025-03-14T13:40:00-04:00,2025-03-14T13:54:00-04:00,2025-03-14,13:39,America/Toronto,2025,TTCnotices5062025.txt,1912
"506 Carlton: Detour westbound via Bay St, Dundas St W and Spadina Ave due to a collision. Started Sun Mar 16 2025 5:07",route,,506,Carlton,"Detour westbound via Bay St, Dundas St W and Spadina Ave due to a collision. Started Sun Mar 16 2025 5:07",detour,disruption,westbound,,,"Bay St, Dundas St W and Spadina Ave",a collision,2025-03-16T05:07:00-04:00,,506-Carlton,2025-03-16T05:08:00-04:00,2025-03-16T05:56:00-04:00,2025-03-16,05:07,America/Toronto,2025,TTCnotices5062025.txt,1915
506 Carlton Regular service has resumed westbound near College St at Spadina Ave. Started Sun Mar 16 2025 5:57 Until Sun Mar 16 2025 6:12,route,,506,Carlton,Regular service has resumed westbound near College St at Spadina Ave. Started Sun Mar 16 2025 5:57 Until Sun Mar 16 2025 6:12,service_resumed,resumed,westbound,College St at Spadina Ave,,,,2025-03-16T05:57:00-04:00,2025-03-16T06:12:00-04:00,506-Carlton,2025-03-16T05:58:00-04:00,2025-03-16T06:12:00-04:00,2025-03-16,05:57,America/Toronto,2025,TTCnotices5062025.txt,1918
"506 Carlton: Detour eastbound via Church St, Dundas St E and Parliament St due to a security incident. Started Sun Mar 16 2025 6:26",route,,506,Carlton,"Detour eastbound via Church St, Dundas St E and Parliament St due to a security incident. Started Sun Mar 16 2025 6:26",detour,disruption,eastbound,,,"Church St, Dundas St E and Parliament St",a security incident,2025-03-16T06:26:00-04:00,,506-Carlton,2025-03-16T06:28:00-04:00,2025-03-16T07:00:00-04:00,2025-03-16,06:26,America/Toronto,2025,TTCnotices5062025.txt,1921
506 Carlton Regular service has resumed eastbound near Carlton St at Ontario St. Started Sun Mar 16 2025 7:00 Until Sun Mar 16 2025 7:15,route,,506,Carlton,Regular service has resumed eastbound near Carlton St at Ontario St. Started Sun Mar 16 2025 7:00 Until Sun Mar 16 2025 7:15,service_resumed,resumed,eastbound,Carlton St at Ontario St,,,,2025-03-16T07:00:00-04:00,2025-03-16T07:15:00-04:00,506-Carlton,2025-03-16T07:02:00-04:00,2025-03-16T07:14:00-04:00,2025-03-16,07:00,America/Toronto,2025,TTCnotices5062025.txt,1924
Main Street: Elevator back in service between concourse and Line 2 Kipling platform. Started Mon Mar 17 2025 12:55 Until Mon Mar 17 2025 13:10,accessibility,Main Street,,,Elevator back in service between concourse and Line 2 Kipling platform. Started Mon Mar 17 2025 12:55 Until Mon Mar 17 2025 13:10,elevator_back_in_service,resumed,,concourse,Line 2 Kipling platform,,,2025-03-17T12:55:00-04:00,2025-03-17T13:10:00-04:00,506-Carlton,2025-03-17T12:56:00-04:00,2025-03-17T13:10:00-04:00,2025-03-17,12:55,America/Toronto,2025,TTCnotices5062025.txt,94
"506 Carlton: Detour eastbound via Ossington Ave, Dundas St W and Bathurst St while we respond to a medical emergency. Started Tue Mar 18 2025 6:17",route,,506,Carlton,"Detour eastbound via Ossington Ave, Dundas St W and Bathurst St while we respond to a medical emergency. Started Tue Mar 18 2025 6:17",detour,disruption,eastbound,,,"Ossington Ave, Dundas St W and Bathurst St",we respond to a medical emergency,2025-03-18T06:17:00-04:00,,506-Carlton,2025-03-18T06:18:00-04:00,2025-03-18T07:02:00-04:00,2025-03-18,06:17,America/Toronto,2025,TTCnotices5062025.txt,1927
506 Carlton Regular service has resumed eastbound near College St at Euclid Ave. Started Tue Mar 18 2025 7:01 Until Tue Mar 18 2025 7:16,route,,506,Carlton,Regular service has resumed eastbound near College St at Euclid Ave. Started Tue Mar 18 2025 7:01 Until Tue Mar 18 2025 7:16,service_resumed,resumed,eastbound,College St at Euclid Ave,,,,2025-03-18T07:01:00-04:00,2025-03-18T07:16:00-04:00,506-Carlton,2025-03-18T07:02:00-04:00,2025-03-18T07:16:00-04:00,2025-03-18,07:01,America/Toronto,2025,TTCnotices5062025.txt,1930
"Main Street: Elevator out of service between Main St entrance, concourse and Line 2 Kennedy platform. Started Tue Mar 18 2025 7:57",accessibility,Main Street,,,"Elevator out of service between Main St entrance, concourse and Line 2 Kennedy platform. Started Tue Mar 18 2025 7:57",elevator_out_of_service,disruption,,"Main St entrance, concourse",Line 2 Kennedy platform,,,2025-03-18T07:57:00-04:00,,506-Carlton,2025-03-18T07:58:00-04:00,2025-03-18T09:38:00-04:00,2025-03-18,07:57,America/Toronto,2025,TTCnotices5062025.txt,97
"Main Street: Elevator back in service between Main St entrance, concourse and Line 2 Kennedy platform. Started Tue Mar 18 2025 9:38 Until Tue Mar 18 2025 9:53",accessibility,Main Street,,,"Elevator back in service between Main St entrance, concourse and Line 2 Kennedy platform. Started Tue Mar 18 2025 9:38 Until Tue Mar 18 2025 9:53",elevator_back_in_service,resumed,,"Main St entrance, concourse",Line 2 Kennedy platform,,,2025-03-18T09:38:00-04:00,2025-03-18T09:53:00-04:00,506-Carlton,2025-03-18T09:40:00-04:00,2025-03-18T09:54:00-04:00,2025-03-18,09:38,America/Toronto,2025,TTCnotices5062025.txt,100
"506 Carlton: Detour via Bay St, Dundas St E and Parliament St due to a demonstration. Started Tue Mar 18 2025 18:54",route,,506,Carlton,"Detour via Bay St, Dundas St E and Parliament St due to a demonstration. Started Tue Mar 18 2025 18:54",detour,disruption,,,,"Bay St, Dundas St E and Parliament St",a demonstration,2025-03-18T18:54:00-04:00,,506-Carlton,2025-03-18T18:56:00-04:00,2025-03-18T19:02:00-04:00,2025-03-18,18:54,America/Toronto,2025,TTCnotices5062025.txt,1933
506 Carlton Regular service has resumed near College St at Bay St. Started Tue Mar 18 2025 19:03 Until Tue Mar 18 2025 19:18,route,,506,Carlton,Regular service has resumed near College St at Bay St. Started Tue Mar 18 2025 19:03 Until Tue Mar 18 2025 19:18,service_resumed,resumed,,College St at Bay St,,,,2025-03-18T19:03:00-04:00,2025-03-18T19:18:00-04:00,506-Carlton,2025-03-18T19:04:00-04:00,2025-03-18T19:18:00-04:00,2025-03-18,19:03,America/Toronto,2025,TTCnotices5062025.txt,1936
506 Carlton: No service between High Park Loop and College St at Lansdowne Ave while we deal with an operational problem. Shuttle buses are on the way. Started Tue Mar 18 2025 20:52,route,,506,Carlton,No service between High Park Loop and College St at Lansdowne Ave while we deal with an operational problem. Shuttle buses are on the way. Started Tue Mar 18 2025 20:52,no_service,disruption,,High Park Loop,College St at Lansdowne Ave,,we deal with an operational problem. Shuttle buses are on the way,2025-03-18T20:52:00-04:00,,506-Carlton,2025-03-18T20:54:00-04:00,2025-03-18T21:56:00-04:00,2025-03-18,20:52,America/Toronto,2025,TTCnotices5062025.txt,1939
506 Carlton Regular service has resumed between High Park Loop and College St at Lansdowne Ave. Started Tue Mar 18 2025 21:56 Until Tue Mar 18 2025 22:11,route,,506,Carlton,Regular service has resumed between High Park Loop and College St at Lansdowne Ave. Started Tue Mar 18 2025 21:56 Until Tue Mar 18 2025 22:11,service_resumed,resumed,,High Park Loop,College St at Lansdowne Ave,,,2025-03-18T21:56:00-04:00,2025-03-18T22:11:00-04:00,506-Carlton,2025-03-18T21:56:00-04:00,2025-03-18T22:10:00-04:00,2025-03-18,21:56,America/Toronto,2025,TTCnotices5062025.txt,1942
"506 Carlton: Detour eastbound via Ossington Ave, Dundas St W and Bay St due to a collision. Started Wed Mar 19 2025 10:32",route,,506,Carlton,"Detour eastbound via Ossington Ave, Dundas St W and Bay St due to a collision. Started Wed Mar 19 2025 10:32",detour,disruption,eastbound,,,"Ossington Ave, Dundas St W and Bay St",a collision,2025-03-19T10:32:00-04:00,,506-Carlton,2025-03-19T10:34:00-04:00,2025-03-19T10:34:00-04:00,2025-03-19,10:32,America/Toronto,2025,TTCnotices5062025.txt,1948
"506 Carlton: Detour westbound via Spadina Ave, Dundas St W and Ossington Ave due to a collision. Started Wed Mar 19 2025 10:33",route,,506,Carlton,"Detour westbound via Spadina Ave, Dundas St W and Ossington Ave due to a collision. Started Wed Mar 19 2025 10:33",detour,disruption,westbound,,,"Spadina Ave, Dundas St W and Ossington Ave",a collision,2025-03-19T10:33:00-04:00,,506-Carlton,2025-03-19T10:34:00-04:00,2025-03-19T10:34:00-04:00,2025-03-19,10:33,America/Toronto,2025,TTCnotices5062025.txt,1945
506 Carlton Regular service has resumed eastbound near College St at Bathurst St. Started Wed Mar 19 2025 10:34 Until Wed Mar 19 2025 10:49,route,,506,Carlton,Regular service has resumed eastbound near College St at Bathurst St. Started Wed Mar 19 2025 10:34 Until Wed Mar 19 2025 10:49,service_resumed,resumed,eastbound,College St at Bathurst St,,,,2025-03-19T10:34:00-04:00,2025-03-19T10:49:00-04:00,506-Carlton,2025-03-19T10:36:00-04:00,2025-03-19T10:50:00-04:00,2025-03-19,10:34,America/Toronto,2025,TTCnotices5062025.txt,1951
506 Carlton Regular service has resumed westbound near College St at Bathurst St. Started Wed Mar 19 2025 10:34 Until Wed Mar 19 2025 10:49,route,,506,Carlton,Regular service has resumed westbound near College St at Bathurst St. Started Wed Mar 19 2025 10:34 Until Wed Mar 19 2025 10:49,service_resumed,resumed,westbound,College St at Bathurst St,,,,2025-03-19T10:34:00-04:00,2025-03-19T10:49:00-04:00,506-Carlton,2025-03-19T10:36:00-04:00,2025-03-19T10:50:00-04:00,2025-03-19,10:34,America/Toronto,2025,TTCnotices5062025.txt,1954
Wellesley: Elevator out of service between Wellesley St entrance to Line 1 Finch platform. Started Wed Mar 19 2025 20:56,accessibility,Wellesley,,,Elevator out of service between Wellesley St entrance to Line 1 Finch platform. Started Wed Mar 19 2025 20:56,elevator_out_of_service,disruption,,,,,,2025-03-19T20:56:00-04:00,,506-Carlton,2025-03-19T20:58:00-04:00,2025-03-19T23:14:00-04:00,2025-03-19,20:56,America/Toronto,2025,TTCnotices5062025.txt,103
Wellesley: Elevator back in service between Wellesley St entrance to Line 1 Finch platform. Started Wed Mar 19 2025 23:15 Until Wed Mar 19 2025 23:30,accessibility,Wellesley,,,Elevator back in service between Wellesley St entrance to Line 1 Finch platform. Started Wed Mar 19 2025 23:15 Until Wed Mar 19 2025 23:30,elevator_back_in_service,resumed,,,,,,2025-03-19T23:15:00-04:00,2025-03-19T23:30:00-04:00,506-Carlton,2025-03-19T23:16:00-04:00,2025-03-19T23:30:00-04:00,2025-03-19,23:15,America/Toronto,2025,TTCnotices5062025.txt,106
"506 Carlton: Detour westbound via Coxwell Ave, Queen St E and Parliament St while we respond to a medical emergency. Started Thu Mar 20 2025 6:44",route,,506,Carlton,"Detour westbound via Coxwell Ave, Queen St E and Parliament St while we respond to a medical emergency. Started Thu Mar 20 2025 6:44",detour,disruption,westbound,,,"Coxwell Ave, Queen St E and Parliament St",we respond to a medical emergency,2025-03-20T06:44:00-04:00,,506-Carlton,2025-03-20T06:46:00-04:00,2025-03-20T06:48:00-04:00,2025-03-20,06:44,America/Toronto,2025,TTCnotices5062025.txt,1957
506 Carlton Regular service has resumed westbound near Gerrard St East at Logan Ave. Started Thu Mar 20 2025 6:48 Until Thu Mar 20 2025 7:03,route,,506,Carlton,Regular service has resumed westbound near Gerrard St East at Logan Ave. Started Thu Mar 20 2025 6:48 Until Thu Mar 20 2025 7:03,service_resumed,resumed,westbound,Gerrard St East at Logan Ave,,,,2025-03-20T06:48:00-04:00,2025-03-20T07:03:00-04:00,506-Carlton,2025-03-20T06:50:00-04:00,2025-03-20T07:02:00-04:00,2025-03-20,06:48,America/Toronto,2025,TTCnotices5062025.txt,1960
506 Carlton: Streetcars are not stopping near College St at Yonge St - College Station due to a security incident. Started Thu Mar 20 2025 12:19,other,,506,Carlton,Streetcars are not stopping near College St at Yonge St - College Station due to a security incident. Started Thu Mar 20 2025 12:19,other,unknown,,College St at Yonge St - College Station,,,,2025-03-20T12:19:00-04:00,,506-Carlton,2025-03-20T12:20:00-04:00,2025-03-20T12:44:00-04:00,2025-03-20,12:19,America/Toronto,2025,TTCnotices5062025.txt,1963
506 Carlton Regular service has resumed near College St at Yonge St - College Station. Started Thu Mar 20 2025 12:44 Until Thu Mar 20 2025 12:59,route,,506,Carlton,Regular service has resumed near College St at Yonge St - College Station. Started Thu Mar 20 2025 12:44 Until Thu Mar 20 2025 12:59,service_resumed,resumed,,College St at Yonge St - College Station,,,,2025-03-20T12:44:00-04:00,2025-03-20T12:59:00-04:00,506-Carlton,2025-03-20T12:46:00-04:00,2025-03-20T12:58:00-04:00,2025-03-20,12:44,America/Toronto,2025,TTCnotices5062025.txt,1966
"506 Carlton: Detour via Ossington Ave, Dundas St W and Spadina Ave while we respond to a medical emergency. Started Sat Mar 22 2025 20:47",route,,506,Carlton,"Detour via Ossington Ave, Dundas St W and Spadina Ave while we respond to a medical emergency. Started Sat Mar 22 2025 20:47",detour,disruption,,,,"Ossington Ave, Dundas St W and Spadina Ave",we respond to a medical emergency,2025-03-22T20:47:00-04:00,,506-Carlton,2025-03-22T20:48:00-04:00,2025-03-22T21:14:00-04:00,2025-03-22,20:47,America/Toronto,2025,TTCnotices5062025.txt,1969
"506 Carlton: Detour via Ossington Ave, Dundas St W and Bay St while we respond to a medical emergency. Started Sat Mar 22 2025 21:15",route,,506,Carlton,"Detour via Ossington Ave, Dundas St W and Bay St while we respond to a medical emergency. Started Sat Mar 22 2025 21:15",detour,disruption,,,,"Ossington Ave, Dundas St W and Bay St",we respond to a medical emergency,2025-03-22T21:15:00-04:00,,506-Carlton,2025-03-22T21:16:00-04:00,2025-03-22T21:28:00-04:00,2025-03-22,21:15,America/Toronto,2025,TTCnotices5062025.txt,1972
506 Carlton Regular service has resumed near College St at Augusta Ave. Started Sat Mar 22 2025 21:28 Until Sat Mar 22 2025 21:43,route,,506,Carlton,Regular service has resumed near College St at Augusta Ave. Started Sat Mar 22 2025 21:28 Until Sat Mar 22 2025 21:43,service_resumed,resumed,,College St at Augusta Ave,,,,2025-03-22T21:28:00-04:00,2025-03-22T21:43:00-04:00,506-Carlton,2025-03-22T21:30:00-04:00,2025-03-22T21:42:00-04:00,2025-03-22,21:28,America/Toronto,2025,TTCnotices5062025.txt,1975
"506 Carlton: Detour eastbound via Broadview Ave, Queen St E and Coxwell Ave due to a collision. Started Sat Mar 22 2025 22:21",route,,506,Carlton,"Detour eastbound via Broadview Ave, Queen St E and Coxwell Ave due to a collision. Started Sat Mar 22 2025 22:21",detour,disruption,eastbound,,,"Broadview Ave, Queen St E and Coxwell Ave",a collision,2025-03-22T22:21:00-04:00,,506-Carlton,2025-03-22T22:22:00-04:00,2025-03-22T22:46:00-04:00,2025-03-22,22:21,America/Toronto,2025,TTCnotices5062025.txt,1978
506 Carlton Regular service has resumed eastbound near Gerrard St East at Broadview Ave. Started Sat Mar 22 2025 22:45 Until Sat Mar 22 2025 23:00,route,,506,Carlton,Regular service has resumed eastbound near Gerrard St East at Broadview Ave. Started Sat Mar 22 2025 22:45 Until Sat Mar 22 2025 23:00,service_resumed,resumed,eastbound,Gerrard St East at Broadview Ave,,,,2025-03-22T22:45:00-04:00,2025-03-22T23:00:00-04:00,506-Carlton,2025-03-22T22:46:00-04:00,2025-03-22T23:00:00-04:00,2025-03-22,22:45,America/Toronto,2025,TTCnotices5062025.txt,1981
"506 Carlton: Detour eastbound via Parliament St, Queen St E and Broadview Ave due to a security incident. Started Sun Mar 23 2025 9:39",route,,506,Carlton,"Detour eastbound via Parliament St, Queen St E and Broadview Ave due to a security incident. Started Sun Mar 23 2025 9:39",detour,disruption,eastbound,,,"Parliament St, Queen St E and Broadview Ave",a security incident,2025-03-23T09:39:00-04:00,,506-Carlton,2025-03-23T09:40:00-04:00,2025-03-23T10:28:00-04:00,2025-03-23,09:39,America/Toronto,2025,TTCnotices5062025.txt,1984
506 Carlton Regular service has resumed eastbound near Gerrard St East at River St. Started Sun Mar 23 2025 10:28 Until Sun Mar 23 2025 10:43,route,,506,Carlton,Regular service has resumed eastbound near Gerrard St East at River St. Started Sun Mar 23 2025 10:28 Until Sun Mar 23 2025 10:43,service_resumed,resumed,eastbound,Gerrard St East at River St,,,,2025-03-23T10:28:00-04:00,2025-03-23T10:43:00-04:00,506-Carlton,2025-03-23T10:30:00-04:00,2025-03-23T10:42:00-04:00,2025-03-23,10:28,America/Toronto,2025,TTCnotices5062025.txt,1987
"506 Carlton: Detour via Parliament St, Dundas St E and Spadina Ave due to a demonstration. Started Sun Mar 23 2025 17:46",route,,506,Carlton,"Detour via Parliament St, Dundas St E and Spadina Ave due to a demonstration. Started Sun Mar 23 2025 17:46",detour,disruption,,,,"Parliament St, Dundas St E and Spadina Ave",a demonstration,2025-03-23T17:46:00-04:00,,506-Carlton,2025-03-23T17:46:00-04:00,2025-03-23T17:54:00-04:00,2025-03-23,17:46,America/Toronto,2025,TTCnotices5062025.txt,1990
506 Carlton Regular service has resumed near College St at Yonge St - College Station. Started Sun Mar 23 2025 17:54 Until Sun Mar 23 2025 18:09,route,,506,Carlton,Regular service has resumed near College St at Yonge St - College Station. Started Sun Mar 23 2025 17:54 Until Sun Mar 23 2025 18:09,service_resumed,resumed,,College St at Yonge St - College Station,,,,2025-03-23T17:54:00-04:00,2025-03-23T18:09:00-04:00,506-Carlton,2025-03-23T17:56:00-04:00,2025-03-23T18:08:00-04:00,2025-03-23,17:54,America/Toronto,2025,TTCnotices5062025.txt,1993
506 Carlton: No service eastbound from Gerrard St East at Main St to Main Street Station while we deal with a disruptive customer. Started Sun Mar 23 2025 19:35,route,,506,Carlton,No service eastbound from Gerrard St East at Main St to Main Street Station while we deal with a disruptive customer. Started Sun Mar 23 2025 19:35,no_service,disruption,eastbound,Gerrard St East at Main St,Main Street Station,,we deal with a disruptive customer,2025-03-23T19:35:00-04:00,,506-Carlton,2025-03-23T19:36:00-04:00,2025-03-23T19:40:00-04:00,2025-03-23,19:35,America/Toronto,2025,TTCnotices5062025.txt,1996
506 Carlton Regular service has resumed eastbound from Gerrard St East at Main St to Main Street Station. Started Sun Mar 23 2025 19:41 Until Sun Mar 23 2025 19:56,route,,506,Carlton,Regular service has resumed eastbound from Gerrard St East at Main St to Main Street Station. Started Sun Mar 23 2025 19:41 Until Sun Mar 23 2025 19:56,service_resumed,resumed,eastbound,Gerrard St East at Main St,Main Street Station,,,2025-03-23T19:41:00-04:00,2025-03-23T19:56:00-04:00,506-Carlton,2025-03-23T19:42:00-04:00,,2025-03-23,19:41,America/Toronto,2025,TTCnotices5062025.txt,1999
506 Carlton: No service eastbound from Gerrard St East at Main St to Main Street Station while we deal with a disruptive customer. Started Sun Mar 23 2025 19:41 Until Sun Mar 23 2025 19:56,route,,506,Carlton,No service eastbound from Gerrard St East at Main St to Main Street Station while we deal with a disruptive customer. Started Sun Mar 23 2025 19:41 Until Sun Mar 23 2025 19:56,no_service,disruption,eastbound,Gerrard St East at Main St,Main Street Station,,we deal with a disruptive customer,2025-03-23T19:41:00-04:00,2025-03-23T19:56:00-04:00,506-Carlton,2025-03-23T19:42:00-04:00,2025-03-23T20:44:00-04:00,2025-03-23,19:41,America/Toronto,2025,TTCnotices5062025.txt,2002
"506 Carlton: Detour eastbound via Church St, Dundas St E and Parliament St while we respond to a medical emergency. Started Sun Mar 23 2025 20:57",route,,506,Carlton,"Detour eastbound via Church St, Dundas St E and Parliament St while we respond to a medical emergency. Started Sun Mar 23 2025 20:57",detour,disruption,eastbound,,,"Church St, Dundas St E and Parliament St",we respond to a medical emergency,2025-03-23T20:57:00-04:00,,506-Carlton,2025-03-23T20:58:00-04:00,2025-03-23T22:56:00-04:00,2025-03-23,20:57,America/Toronto,2025,TTCnotices5062025.txt,2005
506 Carlton Regular service has resumed eastbound near Carlton St at Sherbourne St. Started Sun Mar 23 2025 22:57 Until Sun Mar 23 2025 23:12,route,,506,Carlton,Regular service has resumed eastbound near Carlton St at Sherbourne St. Started Sun Mar 23 2025 22:57 Until Sun Mar 23 2025 23:12,service_resumed,resumed,eastbound,Carlton St at Sherbourne St,,,,2025-03-23T22:57:00-04:00,2025-03-23T23:12:00-04:00,506-Carlton,2025-03-23T22:58:00-04:00,2025-03-23T23:12:00-04:00,2025-03-23,22:57,America/Toronto,2025,TTCnotices5062025.txt,2008
506 Carlton: Delays westbound near College St at Brock Ave due to a security incident. Started Wed Mar 26 2025 15:13,route,,506,Carlton,Delays westbound near College St at Brock Ave due to a security incident. Started Wed Mar 26 2025 15:13,delay,disruption,westbound,College St at Brock Ave,,,a security incident,2025-03-26T15:13:00-04:00,,506-Carlton,2025-03-26T15:14:00-04:00,2025-03-26T15:16:00-04:00,2025-03-26,15:13,America/Toronto,2025,TTCnotices5062025.txt,2011
506 Carlton: Detour westbound via Bathurst St and Dundas St W due to a security incident. Started Wed Mar 26 2025 15:16,route,,506,Carlton,Detour westbound via Bathurst St and Dundas St W due to a security incident. Started Wed Mar 26 2025 15:16,detour,disruption,westbound,,,Bathurst St and Dundas St W,a security incident,2025-03-26T15:16:00-04:00,,506-Carlton,2025-03-26T15:18:00-04:00,2025-03-26T15:24:00-04:00,2025-03-26,15:16,America/Toronto,2025,TTCnotices5062025.txt,2014
506 Carlton Regular service has resumed westbound near College St at Brock Ave. Started Wed Mar 26 2025 15:23 Until Wed Mar 26 2025 15:38,route,,506,Carlton,Regular service has resumed westbound near College St at Brock Ave. Started Wed Mar 26 2025 15:23 Until Wed Mar 26 2025 15:38,service_resumed,resumed,westbound,College St at Brock Ave,,,,2025-03-26T15:23:00-04:00,2025-03-26T15:38:00-04:00,506-Carlton,2025-03-26T15:24:00-04:00,2025-03-26T15:38:00-04:00,2025-03-26,15:23,America/Toronto,2025,TTCnotices5062025.txt,2017
Main Street: Elevator out of service between concourse and Line 2 Kipling platform. Started Thu Mar 27 2025 5:24,accessibility,Main Street,,,Elevator out of service between concourse and Line 2 Kipling platform. Started Thu Mar 27 2025 5:24,elevator_out_of_service,disruption,,concourse,Line 2 Kipling platform,,,2025-03-27T05:24:00-04:00,,506-Carlton,2025-03-27T05:26:00-04:00,2025-03-27T14:46:00-04:00,2025-03-27,05:24,America/Toronto,2025,TTCnotices5062025.txt,109
Main Street: Elevator back in service between concourse and Line 2 Kipling platform. Started Thu Mar 27 2025 14:45 Until Thu Mar 27 2025 15:00,accessibility,Main Street,,,Elevator back in service between concourse and Line 2 Kipling platform. Started Thu Mar 27 2025 14:45 Until Thu Mar 27 2025 15:00,elevator_back_in_service,resumed,,concourse,Line 2 Kipling platform,,,2025-03-27T14:45:00-04:00,2025-03-27T15:00:00-04:00,506-Carlton,2025-03-27T14:46:00-04:00,2025-03-27T15:00:00-04:00,2025-03-27,14:45,America/Toronto,2025,TTCnotices5062025.txt,112
506 Carlton: No service between Main Street Station and Coxwell Ave at Lower Gerrard St East while we respond to a medical emergency. Started Thu Mar 27 2025 21:14,route,,506,Carlton,No service between Main Street Station and Coxwell Ave at Lower Gerrard St East while we respond to a medical emergency. Started Thu Mar 27 2025 21:14,no_service,disruption,,Main Street Station,Coxwell Ave at Lower Gerrard St East,,we respond to a medical emergency,2025-03-27T21:14:00-04:00,,506-Carlton,2025-03-27T21:16:00-04:00,2025-03-27T21:34:00-04:00,2025-03-27,21:14,America/Toronto,2025,TTCnotices5062025.txt,2020
506 Carlton Regular service has resumed between Main Street Station and Coxwell Ave at Lower Gerrard St East. Started Thu Mar 27 2025 21:34 Until Thu Mar 27 2025 21:49,route,,506,Carlton,Regular service has resumed between Main Street Station and Coxwell Ave at Lower Gerrard St East. Started Thu Mar 27 2025 21:34 Until Thu Mar 27 2025 21:49,service_resumed,resumed,,Main Street Station,Coxwell Ave at Lower Gerrard St East,,,2025-03-27T21:34:00-04:00,2025-03-27T21:49:00-04:00,506-Carlton,2025-03-27T21:35:00-04:00,2025-03-27T21:48:00-04:00,2025-03-27,21:34,America/Toronto,2025,TTCnotices5062025.txt,2023
Main Street: Elevator out of service between concourse and Line 2 Kipling platform. Started Fri Mar 28 2025 7:41,accessibility,Main Street,,,Elevator out of service between concourse and Line 2 Kipling platform. Started Fri Mar 28 2025 7:41,elevator_out_of_service,disruption,,concourse,Line 2 Kipling platform,,,2025-03-28T07:41:00-04:00,,506-Carlton,2025-03-28T07:42:00-04:00,2025-03-28T09:30:00-04:00,2025-03-28,07:41,America/Toronto,2025,TTCnotices5062025.txt,115
Main Street: Elevator back in service between concourse and Line 2 Kipling platform. Started Fri Mar 28 2025 9:29 Until Fri Mar 28 2025 9:44,accessibility,Main Street,,,Elevator back in service between concourse and Line 2 Kipling platform. Started Fri Mar 28 2025 9:29 Until Fri Mar 28 2025 9:44,elevator_back_in_service,resumed,,concourse,Line 2 Kipling platform,,,2025-03-28T09:29:00-04:00,2025-03-28T09:44:00-04:00,506-Carlton,2025-03-28T09:30:00-04:00,2025-03-28T09:44:00-04:00,2025-03-28,09:29,America/Toronto,2025,TTCnotices5062025.txt,118
"506 Carlton: Detour westbound via Parliament St, Dundas St W, Bay St and College St due to a collision. Started Fri Mar 28 2025 17:06",route,,506,Carlton,"Detour westbound via Parliament St, Dundas St W, Bay St and College St due to a collision. Started Fri Mar 28 2025 17:06",detour,disruption,westbound,,,"Parliament St, Dundas St W, Bay St and College St",a collision,2025-03-28T17:06:00-04:00,,506-Carlton,2025-03-28T17:08:00-04:00,2025-03-28T17:54:00-04:00,2025-03-28,17:06,America/Toronto,2025,TTCnotices5062025.txt,2026
"506 Carlton: Detour via Parliament St, Dundas St W, Bay St and College St due to a collision. Started Fri Mar 28 2025 17:53",route,,506,Carlton,"Detour via Parliament St, Dundas St W, Bay St and College St due to a collision. Started Fri Mar 28 2025 17:53",detour,disruption,,,,"Parliament St, Dundas St W, Bay St and College St",a collision,2025-03-28T17:53:00-04:00,,506-Carlton,2025-03-28T17:54:00-04:00,2025-03-28T19:40:00-04:00,2025-03-28,17:53,America/Toronto,2025,TTCnotices5062025.txt,2029
"506 Carlton: Detour via Coxwell Ave, Queen St W, Broadview Ave and Dundas St W due to a collision. Started Fri Mar 28 2025 17:59",route,,506,Carlton,"Detour via Coxwell Ave, Queen St W, Broadview Ave and Dundas St W due to a collision. Started Fri Mar 28 2025 17:59",detour,disruption,,,,"Coxwell Ave, Queen St W, Broadview Ave and Dundas St W",a collision,2025-03-28T17:59:00-04:00,,506-Carlton,2025-03-28T18:00:00-04:00,2025-03-28T19:06:00-04:00,2025-03-28,17:59,America/Toronto,2025,TTCnotices5062025.txt,2032
506 Carlton Regular service has resumed near Gerrard St East at Carlaw Ave. Started Fri Mar 28 2025 19:07 Until Fri Mar 28 2025 19:22,route,,506,Carlton,Regular service has resumed near Gerrard St East at Carlaw Ave. Started Fri Mar 28 2025 19:07 Until Fri Mar 28 2025 19:22,service_resumed,resumed,,Gerrard St East at Carlaw Ave,,,,2025-03-28T19:07:00-04:00,2025-03-28T19:22:00-04:00,506-Carlton,2025-03-28T19:08:00-04:00,2025-03-28T19:22:00-04:00,2025-03-28,19:07,America/Toronto,2025,TTCnotices5062025.txt,2035
506 Carlton Regular service has resumed near Carlton St at Yonge St - College Station. Started Fri Mar 28 2025 19:40 Until Fri Mar 28 2025 19:55,route,,506,Carlton,Regular service has resumed near Carlton St at Yonge St - College Station. Started Fri Mar 28 2025 19:40 Until Fri Mar 28 2025 19:55,service_resumed,resumed,,Carlton St at Yonge St - College Station,,,,2025-03-28T19:40:00-04:00,2025-03-28T19:55:00-04:00,506-Carlton,2025-03-28T19:42:00-04:00,2025-03-28T19:56:00-04:00,2025-03-28,19:40,America/Toronto,2025,TTCnotices5062025.txt,2038
"506 Carlton: Detour eastbound via Parliament St, Queen St E and Broadview Ave while we respond to a medical emergency. Started Sat Mar 29 2025 16:19",route,,506,Carlton,"Detour eastbound via Parliament St, Queen St E and Broadview Ave while we respond to a medical emergency. Started Sat Mar 29 2025 16:19",detour,disruption,eastbound,,,"Parliament St, Queen St E and Broadview Ave",we respond to a medical emergency,2025-03-29T16:19:00-04:00,,506-Carlton,2025-03-29T16:20:00-04:00,2025-03-29T16:40:00-04:00,2025-03-29,16:19,America/Toronto,2025,TTCnotices5062025.txt,2041
506 Carlton Regular service has resumed eastbound near Parliament St at Gerrard St East. Started Sat Mar 29 2025 16:40 Until Sat Mar 29 2025 16:55,route,,506,Carlton,Regular service has resumed eastbound near Parliament St at Gerrard St East. Started Sat Mar 29 2025 16:40 Until Sat Mar 29 2025 16:55,service_resumed,resumed,eastbound,Parliament St at Gerrard St East,,,,2025-03-29T16:40:00-04:00,2025-03-29T16:55:00-04:00,506-Carlton,2025-03-29T16:42:00-04:00,2025-03-29T16:56:00-04:00,2025-03-29,16:40,America/Toronto,2025,TTCnotices5062025.txt,2044
506 Carlton: No service between Main Street Station and Main St at Gerrard St East due to weather conditions. Shuttle buses are running between Main Street Station and Main St at Gerrard St East. Started Sat Mar 29 2025 21:30,route,,506,Carlton,No service between Main Street Station and Main St at Gerrard St East due to weather conditions. Shuttle buses are running between Main Street Station and Main St at Gerrard St East. Started Sat Mar 29 2025 21:30,no_service,disruption,,Main Street Station,Main St at Gerrard St East,,weather conditions. Shuttle buses are running between Main Street Station and Main St at Gerrard St East,2025-03-29T21:30:00-04:00,,506-Carlton,2025-03-29T21:30:00-04:00,2025-03-30T05:24:00-04:00,2025-03-29,21:30,America/Toronto,2025,TTCnotices5062025.txt,2047
506 Carlton Regular service has resumed between Main Street Station and Main St at Gerrard St East. Started Sun Mar 30 2025 5:23 Until Sun Mar 30 2025 5:38,route,,506,Carlton,Regular service has resumed between Main Street Station and Main St at Gerrard St East. Started Sun Mar 30 2025 5:23 Until Sun Mar 30 2025 5:38,service_resumed,resumed,,Main Street Station,Main St at Gerrard St East,,,2025-03-30T05:23:00-04:00,2025-03-30T05:38:00-04:00,506-Carlton,2025-03-30T05:26:00-04:00,2025-03-30T05:38:00-04:00,2025-03-30,05:23,America/Toronto,2025,TTCnotices5062025.txt,2050
Wellesley: Elevator out of service between Wellesley St entrance to Line 1 Vaughan via Union platform. Started Sun Mar 30 2025 11:46,accessibility,Wellesley,,,Elevator out of service between Wellesley St entrance to Line 1 Vaughan via Union platform. Started Sun Mar 30 2025 11:46,elevator_out_of_service,disruption,,,,,,2025-03-30T11:46:00-04:00,,506-Carlton,2025-03-30T11:48:00-04:00,2025-03-31T06:01:00-04:00,2025-03-30,11:46,America/Toronto,2025,TTCnotices5062025.txt,121
Wellesley: Elevator back in service between Wellesley St entrance to Line 1 Vaughan via Union platform. Started Mon Mar 31 2025 6:01 Until Mon Mar 31 2025 6:16,accessibility,Wellesley,,,Elevator back in service between Wellesley St entrance to Line 1 Vaughan via Union platform. Started Mon Mar 31 2025 6:01 Until Mon Mar 31 2025 6:16,elevator_back_in_service,resumed,,,,,,2025-03-31T06:01:00-04:00,2025-03-31T06:16:00-04:00,506-Carlton,2025-03-31T06:02:00-04:00,2025-03-31T06:16:00-04:00,2025-03-31,06:01,America/Toronto,2025,TTCnotices5062025.txt,124
506 Carlton: No service between High Park Loop and College St at Lansdowne Ave while we deal with an operational problem. Started Wed Apr 2 2025 16:16,route,,506,Carlton,No service between High Park Loop and College St at Lansdowne Ave while we deal with an operational problem. Started Wed Apr 2 2025 16:16,no_service,disruption,,High Park Loop,College St at Lansdowne Ave,,we deal with an operational problem,2025-04-02T16:16:00-04:00,,506-Carlton,2025-04-02T16:16:00-04:00,2025-04-02T16:32:00-04:00,2025-04-02,16:16,America/Toronto,2025,TTCnotices5062025.txt,2053
506 Carlton: No service between High Park Loop and College St at Lansdowne Ave while we deal with an operational problem. Shuttle buses are on the way. Started Wed Apr 2 2025 16:33,route,,506,Carlton,No service between High Park Loop and College St at Lansdowne Ave while we deal with an operational problem. Shuttle buses are on the way. Started Wed Apr 2 2025 16:33,no_service,disruption,,High Park Loop,College St at Lansdowne Ave,,we deal with an operational problem. Shuttle buses are on the way,2025-04-02T16:33:00-04:00,,506-Carlton,2025-04-02T16:34:00-04:00,2025-04-02T16:58:00-04:00,2025-04-02,16:33,America/Toronto,2025,TTCnotices5062025.txt,2056
506 Carlton Regular service has resumed between High Park Loop and College St at Lansdowne Ave. Started Wed Apr 2 2025 16:59 Until Wed Apr 2 2025 17:14,route,,506,Carlton,Regular service has resumed between High Park Loop and College St at Lansdowne Ave. Started Wed Apr 2 2025 16:59 Until Wed Apr 2 2025 17:14,service_resumed,resumed,,High Park Loop,College St at Lansdowne Ave,,,2025-04-02T16:59:00-04:00,2025-04-02T17:14:00-04:00,506-Carlton,2025-04-02T17:00:00-04:00,2025-04-02T17:14:00-04:00,2025-04-02,16:59,America/Toronto,2025,TTCnotices5062025.txt,2059
"506 Carlton: Detour eastbound via Ossington Ave, Dundas St W and Bathurst St due to a blocked track. Started Fri Apr 4 2025 10:01",route,,506,Carlton,"Detour eastbound via Ossington Ave, Dundas St W and Bathurst St due to a blocked track. Started Fri Apr 4 2025 10:01",detour,disruption,eastbound,,,"Ossington Ave, Dundas St W and Bathurst St",a blocked track,2025-04-04T10:01:00-04:00,,506-Carlton,2025-04-04T10:02:00-04:00,2025-04-04T12:50:00-04:00,2025-04-04,10:01,America/Toronto,2025,TTCnotices5062025.txt,2062
506 Carlton Regular service has resumed eastbound near College St at Bathurst St. Started Fri Apr 4 2025 12:50 Until Fri Apr 4 2025 13:05,route,,506,Carlton,Regular service has resumed eastbound near College St at Bathurst St. Started Fri Apr 4 2025 12:50 Until Fri Apr 4 2025 13:05,service_resumed,resumed,eastbound,College St at Bathurst St,,,,2025-04-04T12:50:00-04:00,2025-04-04T13:05:00-04:00,506-Carlton,2025-04-04T12:52:00-04:00,2025-04-04T13:04:00-04:00,2025-04-04,12:50,America/Toronto,2025,TTCnotices5062025.txt,2065
"506 Carlton: Detour via Church St, Dundas St E, Parliament St and Gerrard St E due to a blocked track. Started Sat Apr 5 2025 20:50",route,,506,Carlton,"Detour via Church St, Dundas St E, Parliament St and Gerrard St E due to a blocked track. Started Sat Apr 5 2025 20:50",detour,disruption,,,,"Church St, Dundas St E, Parliament St and Gerrard St E",a blocked track,2025-04-05T20:50:00-04:00,,506-Carlton,2025-04-05T20:52:00-04:00,2025-04-05T21:02:00-04:00,2025-04-05,20:50,America/Toronto,2025,TTCnotices5062025.txt,2068
506 Carlton Regular service has resumed near Carlton St at Sherbourne St. Started Sat Apr 5 2025 21:02 Until Sat Apr 5 2025 21:17,route,,506,Carlton,Regular service has resumed near Carlton St at Sherbourne St. Started Sat Apr 5 2025 21:02 Until Sat Apr 5 2025 21:17,service_resumed,resumed,,Carlton St at Sherbourne St,,,,2025-04-05T21:02:00-04:00,2025-04-05T21:17:00-04:00,506-Carlton,2025-04-05T21:02:00-04:00,2025-04-05T21:16:00-04:00,2025-04-05,21:02,America/Toronto,2025,TTCnotices5062025.txt,2071
Wellesley: Elevator out of service between Wellesley St entrance to Line 1 Vaughan via Union platform. Started Sun Apr 6 2025 19:27,accessibility,Wellesley,,,Elevator out of service between Wellesley St entrance to Line 1 Vaughan via Union platform. Started Sun Apr 6 2025 19:27,elevator_out_of_service,disruption,,,,,,2025-04-06T19:27:00-04:00,,506-Carlton,2025-04-06T19:28:00-04:00,2025-04-06T21:20:00-04:00,2025-04-06,19:27,America/Toronto,2025,TTCnotices5062025.txt,127
Wellesley: Elevator back in service between Wellesley St entrance to Line 1 Vaughan via Union platform. Started Sun Apr 6 2025 21:19 Until Sun Apr 6 2025 21:34,accessibility,Wellesley,,,Elevator back in service between Wellesley St entrance to Line 1 Vaughan via Union platform. Started Sun Apr 6 2025 21:19 Until Sun Apr 6 2025 21:34,elevator_back_in_service,resumed,,,,,,2025-04-06T21:19:00-04:00,2025-04-06T21:34:00-04:00,506-Carlton,2025-04-06T21:20:00-04:00,2025-04-06T21:34:00-04:00,2025-04-06,21:19,America/Toronto,2025,TTCnotices5062025.txt,130
506 Carlton: No service between College St at Bathurst St and Howard Park Ave at Parkside Dr while we fix a mechanical problem. Shuttle buses are on the way. Started Mon Apr 7 2025 0:55,route,,506,Carlton,No service between College St at Bathurst St and Howard Park Ave at Parkside Dr while we fix a mechanical problem. Shuttle buses are on the way. Started Mon Apr 7 2025 0:55,no_service,disruption,,College St at Bathurst St,Howard Park Ave at Parkside Dr,,we fix a mechanical problem. Shuttle buses are on the way,2025-04-07T00:55:00-04:00,,506-Carlton,2025-04-07T00:56:00-04:00,2025-04-07T03:02:00-04:00,2025-04-07,00:55,America/Toronto,2025,TTCnotices5062025.txt,2074
506 Carlton Regular service has resumed between College St at Bathurst St and Howard Park Ave at Parkside Dr. Started Mon Apr 7 2025 3:03 Until Mon Apr 7 2025 3:18,route,,506,Carlton,Regular service has resumed between College St at Bathurst St and Howard Park Ave at Parkside Dr. Started Mon Apr 7 2025 3:03 Until Mon Apr 7 2025 3:18,service_resumed,resumed,,College St at Bathurst St,Howard Park Ave at Parkside Dr,,,2025-04-07T03:03:00-04:00,2025-04-07T03:18:00-04:00,506-Carlton,2025-04-07T03:04:00-04:00,2025-04-07T03:18:00-04:00,2025-04-07,03:03,America/Toronto,2025,TTCnotices5062025.txt,2077
"506 Carlton: Detour eastbound via Spadina Ave, Dundas St W and Bay St due to a collision. Started Mon Apr 7 2025 15:23",route,,506,Carlton,"Detour eastbound via Spadina Ave, Dundas St W and Bay St due to a collision. Started Mon Apr 7 2025 15:23",detour,disruption,eastbound,,,"Spadina Ave, Dundas St W and Bay St",a collision,2025-04-07T15:23:00-04:00,,506-Carlton,2025-04-07T15:24:00-04:00,2025-04-07T15:24:00-04:00,2025-04-07,15:23,America/Toronto,2025,TTCnotices5062025.txt,2080
506 Carlton Regular service has resumed eastbound near College St at University Ave - Queen's Park Station. Started Mon Apr 7 2025 15:24 Until Mon Apr 7 2025 15:39,route,,506,Carlton,Regular service has resumed eastbound near College St at University Ave - Queen's Park Station. Started Mon Apr 7 2025 15:24 Until Mon Apr 7 2025 15:39,service_resumed,resumed,eastbound,College St at University Ave - Queen's Park Station,,,,2025-04-07T15:24:00-04:00,2025-04-07T15:39:00-04:00,506-Carlton,2025-04-07T15:26:00-04:00,2025-04-07T15:38:00-04:00,2025-04-07,15:24,America/Toronto,2025,TTCnotices5062025.txt,2083
506 Carlton: No service between High Park Loop and College St at Lansdowne Ave while we respond to a medical emergency. Started Wed Apr 9 2025 1:20,route,,506,Carlton,No service between High Park Loop and College St at Lansdowne Ave while we respond to a medical emergency. Started Wed Apr 9 2025 1:20,no_service,disruption,,High Park Loop,College St at Lansdowne Ave,,we respond to a medical emergency,2025-04-09T01:20:00-04:00,,506-Carlton,2025-04-09T01:22:00-04:00,2025-04-09T01:32:00-04:00,2025-04-09,01:20,America/Toronto,2025,TTCnotices5062025.txt,2086
506 Carlton Regular service has resumed between High Park Loop and College St at Lansdowne Ave. Started Wed Apr 9 2025 1:33 Until Wed Apr 9 2025 1:48,route,,506,Carlton,Regular service has resumed between High Park Loop and College St at Lansdowne Ave. Started Wed Apr 9 2025 1:33 Until Wed Apr 9 2025 1:48,service_resumed,resumed,,High Park Loop,College St at Lansdowne Ave,,,2025-04-09T01:33:00-04:00,2025-04-09T01:48:00-04:00,506-Carlton,2025-04-09T01:34:00-04:00,2025-04-09T01:48:00-04:00,2025-04-09,01:33,America/Toronto,2025,TTCnotices5062025.txt,2089
"506 Carlton: Detour westbound via Broadview Ave, Dundas St E and Parliament St due to a security incident. Started Wed Apr 9 2025 14:41",route,,506,Carlton,"Detour westbound via Broadview Ave, Dundas St E and Parliament St due to a security incident. Started Wed Apr 9 2025 14:41",detour,disruption,westbound,,,"Broadview Ave, Dundas St E and Parliament St",a security incident,2025-04-09T14:41:00-04:00,,506-Carlton,2025-04-09T14:42:00-04:00,2025-04-09T15:28:00-04:00,2025-04-09,14:41,America/Toronto,2025,TTCnotices5062025.txt,2092
506 Carlton Regular service has resumed westbound near Gerrard St East at Parliament St. Started Wed Apr 9 2025 15:27 Until Wed Apr 9 2025 15:42,route,,506,Carlton,Regular service has resumed westbound near Gerrard St East at Parliament St. Started Wed Apr 9 2025 15:27 Until Wed Apr 9 2025 15:42,service_resumed,resumed,westbound,Gerrard St East at Parliament St,,,,2025-04-09T15:27:00-04:00,2025-04-09T15:42:00-04:00,506-Carlton,2025-04-09T15:28:00-04:00,2025-04-09T15:43:00-04:00,2025-04-09,15:27,America/Toronto,2025,TTCnotices5062025.txt,2095
"506 Carlton: Detour via Bathurst St, Dundas St W and Ossington Ave due to a Toronto Fire investigation. Started Thu Apr 10 2025 10:47",route,,506,Carlton,"Detour via Bathurst St, Dundas St W and Ossington Ave due to a Toronto Fire investigation. Started Thu Apr 10 2025 10:47",detour,disruption,,,,"Bathurst St, Dundas St W and Ossington Ave",a Toronto Fire investigation,2025-04-10T10:47:00-04:00,,506-Carlton,2025-04-10T10:48:00-04:00,2025-04-10T12:12:00-04:00,2025-04-10,10:47,America/Toronto,2025,TTCnotices5062025.txt,2098
"506 Temporary route change due to St Francis of Assisi Procession 506carlton–Temporary route change due to St. Francis of Assisi Procession April 18, 2025 - 02:45 PM 64 Temporary route change due to Beaches Easter parade 64 Temporary route change due to Beaches Easter parade April 9, 2025 to April 20, 2025 - 04:30 PM 64 Temporary route change due to Beaches Easter parade 64 Temporary route change due to Beaches Easter parade April 20, 2025 - 11:00 AM to April 20, 2025 - 04:30 PM 506-306 Temporary route change due to streetcar infrastructure work 506|306–Temporary route change due to streetcar infrastructure work May 9, 2025 - 11:00 PM to May 12, 2025 - 04:00 AM",other,,506,Temporary,"route change due to St Francis of Assisi Procession 506carlton–Temporary route change due to St. Francis of Assisi Procession April 18, 2025 - 02:45 PM 64 Temporary route change due to Beaches Easter parade 64 Temporary route change due to Beaches Easter parade April 9, 2025 to April 20, 2025 - 04:30 PM 64 Temporary route change due to Beaches Easter parade 64 Temporary route change due to Beaches Easter parade April 20, 2025 - 11:00 AM to April 20, 2025 - 04:30 PM 506-306 Temporary route change due to streetcar infrastructure work 506|306–Temporary route change due to streetcar infrastructure work May 9, 2025 - 11:00 PM to May 12, 2025 - 04:00 AM",other,unknown,,,,,,2025-04-10T12:02:00-04:00,,506-Carlton,2025-04-10T12:02:00-04:00,2025-04-18T18:06:00-04:00,2025-04-10,12:02,America/Toronto,2025,TTCnotices5062025.txt,4508
506 Carlton Regular service has resumed near College St at Grace St. Started Thu Apr 10 2025 12:12 Until Thu Apr 10 2025 12:27,route,,506,Carlton,Regular service has resumed near College St at Grace St. Started Thu Apr 10 2025 12:12 Until Thu Apr 10 2025 12:27,service_resumed,resumed,,College St at Grace St,,,,2025-04-10T12:12:00-04:00,2025-04-10T12:27:00-04:00,506-Carlton,2025-04-10T12:14:00-04:00,2025-04-10T12:26:00-04:00,2025-04-10,12:12,America/Toronto,2025,TTCnotices5062025.txt,2101
506 Carlton: No service between Main Street Station and Coxwell Ave at Lower Gerrard St East due to a security incident. Started Thu Apr 10 2025 17:22,route,,506,Carlton,No service between Main Street Station and Coxwell Ave at Lower Gerrard St East due to a security incident. Started Thu Apr 10 2025 17:22,no_service,disruption,,Main Street Station,Coxwell Ave at Lower Gerrard St East,,a security incident,2025-04-10T17:22:00-04:00,,506-Carlton,2025-04-10T17:22:00-04:00,2025-04-10T18:20:00-04:00,2025-04-10,17:22,America/Toronto,2025,TTCnotices5062025.txt,2104
506 Carlton Regular service has resumed between Main Street Station and Coxwell Ave at Lower Gerrard St East. Started Thu Apr 10 2025 18:20 Until Thu Apr 10 2025 18:35,route,,506,Carlton,Regular service has resumed between Main Street Station and Coxwell Ave at Lower Gerrard St East. Started Thu Apr 10 2025 18:20 Until Thu Apr 10 2025 18:35,service_resumed,resumed,,Main Street Station,Coxwell Ave at Lower Gerrard St East,,,2025-04-10T18:20:00-04:00,2025-04-10T18:35:00-04:00,506-Carlton,2025-04-10T18:22:00-04:00,2025-04-10T18:36:00-04:00,2025-04-10,18:20,America/Toronto,2025,TTCnotices5062025.txt,2107
"506 Carlton: Detour eastbound via Ossington Ave, Dundas St W and Spadina Ave while we deal with an operational problem. Started Fri Apr 11 2025 11:16",route,,506,Carlton,"Detour eastbound via Ossington Ave, Dundas St W and Spadina Ave while we deal with an operational problem. Started Fri Apr 11 2025 11:16",detour,disruption,eastbound,,,"Ossington Ave, Dundas St W and Spadina Ave",we deal with an operational problem,2025-04-11T11:16:00-04:00,,506-Carlton,2025-04-11T11:18:00-04:00,2025-04-11T11:28:00-04:00,2025-04-11,11:16,America/Toronto,2025,TTCnotices5062025.txt,2110
"506 Carlton: Detour via Ossington Ave, Dundas St W and Bay St while we deal with an operational problem. Started Fri Apr 11 2025 11:28",route,,506,Carlton,"Detour via Ossington Ave, Dundas St W and Bay St while we deal with an operational problem. Started Fri Apr 11 2025 11:28",detour,disruption,,,,"Ossington Ave, Dundas St W and Bay St",we deal with an operational problem,2025-04-11T11:28:00-04:00,,506-Carlton,2025-04-11T11:28:00-04:00,2025-04-11T11:42:00-04:00,2025-04-11,11:28,America/Toronto,2025,TTCnotices5062025.txt,2113
506 Carlton Regular service has resumed near College St at Spadina Ave. Started Fri Apr 11 2025 11:42 Until Fri Apr 11 2025 11:57,route,,506,Carlton,Regular service has resumed near College St at Spadina Ave. Started Fri Apr 11 2025 11:42 Until Fri Apr 11 2025 11:57,service_resumed,resumed,,College St at Spadina Ave,,,,2025-04-11T11:42:00-04:00,2025-04-11T11:57:00-04:00,506-Carlton,2025-04-11T11:44:00-04:00,2025-04-11T11:56:00-04:00,2025-04-11,11:42,America/Toronto,2025,TTCnotices5062025.txt,2116
"506 Carlton: Detour westbound via Parliament St, Dundas St E and Church St while we deal with an operational problem. Started Fri Apr 11 2025 16:37",route,,506,Carlton,"Detour westbound via Parliament St, Dundas St E and Church St while we deal with an operational problem. Started Fri Apr 11 2025 16:37",detour,disruption,westbound,,,"Parliament St, Dundas St E and Church St",we deal with an operational problem,2025-04-11T16:37:00-04:00,,506-Carlton,2025-04-11T16:38:00-04:00,2025-04-11T17:34:00-04:00,2025-04-11,16:37,America/Toronto,2025,TTCnotices5062025.txt,2119
506 Carlton Regular service has resumed westbound near Gerrard St East at Parliament St. Started Fri Apr 11 2025 17:34 Until Fri Apr 11 2025 17:49,route,,506,Carlton,Regular service has resumed westbound near Gerrard St East at Parliament St. Started Fri Apr 11 2025 17:34 Until Fri Apr 11 2025 17:49,service_resumed,resumed,westbound,Gerrard St East at Parliament St,,,,2025-04-11T17:34:00-04:00,2025-04-11T17:49:00-04:00,506-Carlton,2025-04-11T17:36:00-04:00,2025-04-11T17:50:00-04:00,2025-04-11,17:34,America/Toronto,2025,TTCnotices5062025.txt,2122
Wellesley: Elevator out of service between Wellesley St entrance to Line 1 Finch platform. Started Sat Apr 12 2025 9:55,accessibility,Wellesley,,,Elevator out of service between Wellesley St entrance to Line 1 Finch platform. Started Sat Apr 12 2025 9:55,elevator_out_of_service,disruption,,,,,,2025-04-12T09:55:00-04:00,,506-Carlton,2025-04-12T09:56:00-04:00,,2025-04-12,09:55,America/Toronto,2025,TTCnotices5062025.txt,133
Wellesley: Elevator out of service between Wellesley St entrance to Line 1 Finch platform. Started Sat Apr 12 2025 9:56,accessibility,Wellesley,,,Elevator out of service between Wellesley St entrance to Line 1 Finch platform. Started Sat Apr 12 2025 9:56,elevator_out_of_service,disruption,,,,,,2025-04-12T09:56:00-04:00,,506-Carlton,2025-04-12T09:56:00-04:00,2025-04-12T12:54:00-04:00,2025-04-12,09:56,America/Toronto,2025,TTCnotices5062025.txt,136
Wellesley: Elevator back in service between Wellesley St entrance to Line 1 Finch platform. Started Sat Apr 12 2025 12:53 Until Sat Apr 12 2025 13:08,accessibility,Wellesley,,,Elevator back in service between Wellesley St entrance to Line 1 Finch platform. Started Sat Apr 12 2025 12:53 Until Sat Apr 12 2025 13:08,elevator_back_in_service,resumed,,,,,,2025-04-12T12:53:00-04:00,2025-04-12T13:08:00-04:00,506-Carlton,2025-04-12T12:54:00-04:00,2025-04-12T13:09:00-04:00,2025-04-12,12:53,America/Toronto,2025,TTCnotices5062025.txt,139
"506 Carlton: Detour eastbound via Spadina Ave, Dundas St W and Bay St due to overhead issues. Started Sun Apr 13 2025 18:24",route,,506,Carlton,"Detour eastbound via Spadina Ave, Dundas St W and Bay St due to overhead issues. Started Sun Apr 13 2025 18:24",detour,disruption,eastbound,,,"Spadina Ave, Dundas St W and Bay St",overhead issues,2025-04-13T18:24:00-04:00,,506-Carlton,2025-04-13T18:26:00-04:00,2025-04-13T19:30:00-04:00,2025-04-13,18:24,America/Toronto,2025,TTCnotices5062025.txt,2125
506 Carlton Regular service has resumed eastbound near College St at McCaul St. Started Sun Apr 13 2025 19:31 Until Sun Apr 13 2025 19:46,route,,506,Carlton,Regular service has resumed eastbound near College St at McCaul St. Started Sun Apr 13 2025 19:31 Until Sun Apr 13 2025 19:46,service_resumed,resumed,eastbound,College St at McCaul St,,,,2025-04-13T19:31:00-04:00,2025-04-13T19:46:00-04:00,506-Carlton,2025-04-13T19:32:00-04:00,2025-04-13T19:46:00-04:00,2025-04-13,19:31,America/Toronto,2025,TTCnotices5062025.txt,2128
"Main Street: Elevator out of service between Main St entrance, concourse and Line 2 Kennedy platform. Started Tue Apr 15 2025 8:30",accessibility,Main Street,,,"Elevator out of service between Main St entrance, concourse and Line 2 Kennedy platform. Started Tue Apr 15 2025 8:30",elevator_out_of_service,disruption,,"Main St entrance, concourse",Line 2 Kennedy platform,,,2025-04-15T08:30:00-04:00,,506-Carlton,2025-04-15T08:32:00-04:00,2025-04-15T10:18:00-04:00,2025-04-15,08:30,America/Toronto,2025,TTCnotices5062025.txt,142
"Main Street: Elevator back in service between Main St entrance, concourse and Line 2 Kennedy platform. Started Tue Apr 15 2025 10:18 Until Tue Apr 15 2025 10:33",accessibility,Main Street,,,"Elevator back in service between Main St entrance, concourse and Line 2 Kennedy platform. Started Tue Apr 15 2025 10:18 Until Tue Apr 15 2025 10:33",elevator_back_in_service,resumed,,"Main St entrance, concourse",Line 2 Kennedy platform,,,2025-04-15T10:18:00-04:00,2025-04-15T10:33:00-04:00,506-Carlton,2025-04-15T10:20:00-04:00,2025-04-15T10:34:00-04:00,2025-04-15,10:18,America/Toronto,2025,TTCnotices5062025.txt,145
"506 Carlton: Detour eastbound via Ossington Ave, Dundas St W and Bathurst St while we deal with a disruptive customer. Started Tue Apr 15 2025 17:28",route,,506,Carlton,"Detour eastbound via Ossington Ave, Dundas St W and Bathurst St while we deal with a disruptive customer. Started Tue Apr 15 2025 17:28",detour,disruption,eastbound,,,"Ossington Ave, Dundas St W and Bathurst St",we deal with a disruptive customer,2025-04-15T17:28:00-04:00,,506-Carlton,2025-04-15T17:30:00-04:00,2025-04-15T17:34:00-04:00,2025-04-15,17:28,America/Toronto,2025,TTCnotices5062025.txt,2131
506 Carlton Regular service has resumed eastbound near College St at Ossington Ave. Started Tue Apr 15 2025 17:34 Until Tue Apr 15 2025 17:49,route,,506,Carlton,Regular service has resumed eastbound near College St at Ossington Ave. Started Tue Apr 15 2025 17:34 Until Tue Apr 15 2025 17:49,service_resumed,resumed,eastbound,College St at Ossington Ave,,,,2025-04-15T17:34:00-04:00,2025-04-15T17:49:00-04:00,506-Carlton,2025-04-15T17:36:00-04:00,2025-04-15T17:50:00-04:00,2025-04-15,17:34,America/Toronto,2025,TTCnotices5062025.txt,2134
506 Carlton: Delays near College St at Yonge St - College Station due to traffic congestion. Started Thu Apr 17 2025 18:18,route,,506,Carlton,Delays near College St at Yonge St - College Station due to traffic congestion. Started Thu Apr 17 2025 18:18,delay,disruption,,College St at Yonge St - College Station,,,traffic congestion,2025-04-17T18:18:00-04:00,,506-Carlton,2025-04-17T18:20:00-04:00,2025-04-17T20:59:00-04:00,2025-04-17,18:18,America/Toronto,2025,TTCnotices5062025.txt,2137
506 Carlton: No service between High Park Loop and College St at Lansdowne Ave while we fix a mechanical problem. Started Thu Apr 17 2025 19:50,route,,506,Carlton,No service between High Park Loop and College St at Lansdowne Ave while we fix a mechanical problem. Started Thu Apr 17 2025 19:50,no_service,disruption,,High Park Loop,College St at Lansdowne Ave,,we fix a mechanical problem,2025-04-17T19:50:00-04:00,,506-Carlton,2025-04-17T19:52:00-04:00,2025-04-17T19:56:00-04:00,2025-04-17,19:50,America/Toronto,2025,TTCnotices5062025.txt,2140
506 Carlton: No service between High Park Loop and College St at Lansdowne Ave while we fix a mechanical problem. Started Thu Apr 17 2025 19:56,route,,506,Carlton,No service between High Park Loop and College St at Lansdowne Ave while we fix a mechanical problem. Started Thu Apr 17 2025 19:56,no_service,disruption,,High Park Loop,College St at Lansdowne Ave,,we fix a mechanical problem,2025-04-17T19:56:00-04:00,,506-Carlton,2025-04-17T19:58:00-04:00,2025-04-17T20:12:00-04:00,2025-04-17,19:56,America/Toronto,2025,TTCnotices5062025.txt,2143
506 Carlton Regular service has resumed between High Park Loop and College St at Lansdowne Ave. Started Thu Apr 17 2025 20:12 Until Thu Apr 17 2025 20:27,route,,506,Carlton,Regular service has resumed between High Park Loop and College St at Lansdowne Ave. Started Thu Apr 17 2025 20:12 Until Thu Apr 17 2025 20:27,service_resumed,resumed,,High Park Loop,College St at Lansdowne Ave,,,2025-04-17T20:12:00-04:00,2025-04-17T20:27:00-04:00,506-Carlton,2025-04-17T20:14:00-04:00,2025-04-17T20:26:00-04:00,2025-04-17,20:12,America/Toronto,2025,TTCnotices5062025.txt,2146
506 Carlton Regular service has resumed near College St at Yonge St - College Station. Started Thu Apr 17 2025 20:59 Until Thu Apr 17 2025 21:14,route,,506,Carlton,Regular service has resumed near College St at Yonge St - College Station. Started Thu Apr 17 2025 20:59 Until Thu Apr 17 2025 21:14,service_resumed,resumed,,College St at Yonge St - College Station,,,,2025-04-17T20:59:00-04:00,2025-04-17T21:14:00-04:00,506-Carlton,2025-04-17T21:00:00-04:00,2025-04-17T21:12:00-04:00,2025-04-17,20:59,America/Toronto,2025,TTCnotices5062025.txt,2149
506 Carlton: Delays between College St at Spadina Ave and College St at Lansdowne Ave due to an Easter Procession. Started Fri Apr 18 2025 14:08 Until Fri Apr 18 2025 18:30,route,,506,Carlton,Delays between College St at Spadina Ave and College St at Lansdowne Ave due to an Easter Procession. Started Fri Apr 18 2025 14:08 Until Fri Apr 18 2025 18:30,delay,disruption,,College St at Spadina Ave,College St at Lansdowne Ave,,an Easter Procession,2025-04-18T14:08:00-04:00,2025-04-18T18:30:00-04:00,506-Carlton,2025-04-18T14:10:00-04:00,2025-04-18T18:30:00-04:00,2025-04-18,14:08,America/Toronto,2025,TTCnotices5062025.txt,2152
506 Carlton Regular service has resumed between College St at Spadina Ave and College St at Lansdowne Ave. Started Fri Apr 18 2025 18:30 Until Fri Apr 18 2025 18:45,route,,506,Carlton,Regular service has resumed between College St at Spadina Ave and College St at Lansdowne Ave. Started Fri Apr 18 2025 18:30 Until Fri Apr 18 2025 18:45,service_resumed,resumed,,College St at Spadina Ave,College St at Lansdowne Ave,,,2025-04-18T18:30:00-04:00,2025-04-18T18:45:00-04:00,506-Carlton,2025-04-18T18:30:00-04:00,2025-04-18T18:44:00-04:00,2025-04-18,18:30,America/Toronto,2025,TTCnotices5062025.txt,2155
"506 Carlton: Detour westbound via Broadview Ave, Dundas St E and Parliament St while we respond to a medical emergency. Started Fri Apr 18 2025 18:32",route,,506,Carlton,"Detour westbound via Broadview Ave, Dundas St E and Parliament St while we respond to a medical emergency. Started Fri Apr 18 2025 18:32",detour,disruption,westbound,,,"Broadview Ave, Dundas St E and Parliament St",we respond to a medical emergency,2025-04-18T18:32:00-04:00,,506-Carlton,2025-04-18T18:34:00-04:00,2025-04-18T18:50:00-04:00,2025-04-18,18:32,America/Toronto,2025,TTCnotices5062025.txt,2158
506 Carlton Regular service has resumed westbound near Gerrard St East at St Matthews Rd. Started Fri Apr 18 2025 18:50 Until Fri Apr 18 2025 19:05,route,,506,Carlton,Regular service has resumed westbound near Gerrard St East at St Matthews Rd. Started Fri Apr 18 2025 18:50 Until Fri Apr 18 2025 19:05,service_resumed,resumed,westbound,Gerrard St East at St Matthews Rd,,,,2025-04-18T18:50:00-04:00,2025-04-18T19:05:00-04:00,506-Carlton,2025-04-18T18:52:00-04:00,2025-04-18T19:04:00-04:00,2025-04-18,18:50,America/Toronto,2025,TTCnotices5062025.txt,2161
"506 Carlton: Detour eastbound via Spadina Ave, Dundas St W and Bay St while we respond to a medical emergency. Started Fri Apr 18 2025 21:00",route,,506,Carlton,"Detour eastbound via Spadina Ave, Dundas St W and Bay St while we respond to a medical emergency. Started Fri Apr 18 2025 21:00",detour,disruption,eastbound,,,"Spadina Ave, Dundas St W and Bay St",we respond to a medical emergency,2025-04-18T21:00:00-04:00,,506-Carlton,2025-04-18T21:02:00-04:00,2025-04-18T21:28:00-04:00,2025-04-18,21:00,America/Toronto,2025,TTCnotices5062025.txt,2164
506 Carlton Regular service has resumed eastbound near College St at University Ave - Queen's Park Station. Started Fri Apr 18 2025 21:27 Until Fri Apr 18 2025 21:42,route,,506,Carlton,Regular service has resumed eastbound near College St at University Ave - Queen's Park Station. Started Fri Apr 18 2025 21:27 Until Fri Apr 18 2025 21:42,service_resumed,resumed,eastbound,College St at University Ave - Queen's Park Station,,,,2025-04-18T21:27:00-04:00,2025-04-18T21:42:00-04:00,506-Carlton,2025-04-18T21:28:00-04:00,2025-04-18T21:42:00-04:00,2025-04-18,21:27,America/Toronto,2025,TTCnotices5062025.txt,2167
506 Carlton: Detour eastbound via Dundas St E and Bathurst St due to a blocked track. Started Sat Apr 19 2025 16:08,route,,506,Carlton,Detour eastbound via Dundas St E and Bathurst St due to a blocked track. Started Sat Apr 19 2025 16:08,detour,disruption,eastbound,,,Dundas St E and Bathurst St,a blocked track,2025-04-19T16:08:00-04:00,,506-Carlton,2025-04-19T16:10:00-04:00,2025-04-19T17:00:00-04:00,2025-04-19,16:08,America/Toronto,2025,TTCnotices5062025.txt,2170
506 Carlton Regular service has resumed eastbound near College St at Rusholme Park Cres. Started Sat Apr 19 2025 16:59 Until Sat Apr 19 2025 17:14,route,,506,Carlton,Regular service has resumed eastbound near College St at Rusholme Park Cres. Started Sat Apr 19 2025 16:59 Until Sat Apr 19 2025 17:14,service_resumed,resumed,eastbound,College St at Rusholme Park Cres,,,,2025-04-19T16:59:00-04:00,2025-04-19T17:14:00-04:00,506-Carlton,2025-04-19T17:00:00-04:00,2025-04-19T17:14:00-04:00,2025-04-19,16:59,America/Toronto,2025,TTCnotices5062025.txt,2173
Wellesley: Elevator out of service between Wellesley St entrance to Line 1 Finch platform. Started Sat Apr 19 2025 19:05,accessibility,Wellesley,,,Elevator out of service between Wellesley St entrance to Line 1 Finch platform. Started Sat Apr 19 2025 19:05,elevator_out_of_service,disruption,,,,,,2025-04-19T19:05:00-04:00,,506-Carlton,2025-04-19T19:06:00-04:00,2025-04-19T21:50:00-04:00,2025-04-19,19:05,America/Toronto,2025,TTCnotices5062025.txt,148
Wellesley: Elevator back in service between Wellesley St entrance to Line 1 Finch platform. Started Sat Apr 19 2025 21:51 Until Sat Apr 19 2025 22:06,accessibility,Wellesley,,,Elevator back in service between Wellesley St entrance to Line 1 Finch platform. Started Sat Apr 19 2025 21:51 Until Sat Apr 19 2025 22:06,elevator_back_in_service,resumed,,,,,,2025-04-19T21:51:00-04:00,2025-04-19T22:06:00-04:00,506-Carlton,2025-04-19T21:52:00-04:00,2025-04-19T22:06:00-04:00,2025-04-19,21:51,America/Toronto,2025,TTCnotices5062025.txt,151
506 Carlton: Detour westbound via Bathurst St and Dundas St W while we deal with an operational problem. Started Mon Apr 21 2025 17:01,route,,506,Carlton,Detour westbound via Bathurst St and Dundas St W while we deal with an operational problem. Started Mon Apr 21 2025 17:01,detour,disruption,westbound,,,Bathurst St and Dundas St W,we deal with an operational problem,2025-04-21T17:01:00-04:00,,506-Carlton,2025-04-21T17:02:00-04:00,2025-04-21T17:44:00-04:00,2025-04-21,17:01,America/Toronto,2025,TTCnotices5062025.txt,2176
506 Carlton Regular service has resumed westbound near College St at Bathurst St. Started Mon Apr 21 2025 17:45 Until Mon Apr 21 2025 18:00,route,,506,Carlton,Regular service has resumed westbound near College St at Bathurst St. Started Mon Apr 21 2025 17:45 Until Mon Apr 21 2025 18:00,service_resumed,resumed,westbound,College St at Bathurst St,,,,2025-04-21T17:45:00-04:00,2025-04-21T18:00:00-04:00,506-Carlton,2025-04-21T17:46:00-04:00,2025-04-21T18:00:00-04:00,2025-04-21,17:45,America/Toronto,2025,TTCnotices5062025.txt,2179
"506 Carlton: Detour westbound via Bay St, Dundas St W and Ossington Ave while we deal with an operational problem. Started Tue Apr 22 2025 13:36",route,,506,Carlton,"Detour westbound via Bay St, Dundas St W and Ossington Ave while we deal with an operational problem. Started Tue Apr 22 2025 13:36",detour,disruption,westbound,,,"Bay St, Dundas St W and Ossington Ave",we deal with an operational problem,2025-04-22T13:36:00-04:00,,506-Carlton,2025-04-22T13:38:00-04:00,2025-04-22T13:54:00-04:00,2025-04-22,13:36,America/Toronto,2025,TTCnotices5062025.txt,2182
506 Carlton Regular service has resumed westbound near College St at Bathurst St. Started Tue Apr 22 2025 13:54 Until Tue Apr 22 2025 14:09,route,,506,Carlton,Regular service has resumed westbound near College St at Bathurst St. Started Tue Apr 22 2025 13:54 Until Tue Apr 22 2025 14:09,service_resumed,resumed,westbound,College St at Bathurst St,,,,2025-04-22T13:54:00-04:00,2025-04-22T14:09:00-04:00,506-Carlton,2025-04-22T13:56:00-04:00,2025-04-22T14:08:00-04:00,2025-04-22,13:54,America/Toronto,2025,TTCnotices5062025.txt,2185
506 Carlton: Delays eastbound near College St at Yonge St - College Station due to a security incident. Started Wed Apr 23 2025 13:47,route,,506,Carlton,Delays eastbound near College St at Yonge St - College Station due to a security incident. Started Wed Apr 23 2025 13:47,delay,disruption,eastbound,College St at Yonge St - College Station,,,a security incident,2025-04-23T13:47:00-04:00,,506-Carlton,2025-04-23T13:48:00-04:00,2025-04-23T13:48:00-04:00,2025-04-23,13:47,America/Toronto,2025,TTCnotices5062025.txt,2188
"506 Carlton: Detour eastbound via Bay St, Dundas St E and Parliament St due to a security incident. Started Wed Apr 23 2025 13:48",route,,506,Carlton,"Detour eastbound via Bay St, Dundas St E and Parliament St due to a security incident. Started Wed Apr 23 2025 13:48",detour,disruption,eastbound,,,"Bay St, Dundas St E and Parliament St",a security incident,2025-04-23T13:48:00-04:00,,506-Carlton,2025-04-23T13:50:00-04:00,2025-04-23T14:10:00-04:00,2025-04-23,13:48,America/Toronto,2025,TTCnotices5062025.txt,2191
506 Carlton Regular service has resumed eastbound near College St at Yonge St - College Station. Started Wed Apr 23 2025 14:10 Until Wed Apr 23 2025 14:25,route,,506,Carlton,Regular service has resumed eastbound near College St at Yonge St - College Station. Started Wed Apr 23 2025 14:10 Until Wed Apr 23 2025 14:25,service_resumed,resumed,eastbound,College St at Yonge St - College Station,,,,2025-04-23T14:10:00-04:00,2025-04-23T14:25:00-04:00,506-Carlton,2025-04-23T14:10:00-04:00,2025-04-23T14:24:00-04:00,2025-04-23,14:10,America/Toronto,2025,TTCnotices5062025.txt,2194
"506 Carlton: Detour eastbound via Mccaul St, Dundas St W and Bay St due to a blocked track. Started Thu Apr 24 2025 9:59",route,,506,Carlton,"Detour eastbound via Mccaul St, Dundas St W and Bay St due to a blocked track. Started Thu Apr 24 2025 9:59",detour,disruption,eastbound,,,"Mccaul St, Dundas St W and Bay St",a blocked track,2025-04-24T09:59:00-04:00,,506-Carlton,2025-04-24T10:00:00-04:00,2025-04-24T10:44:00-04:00,2025-04-24,09:59,America/Toronto,2025,TTCnotices5062025.txt,2197
506 Carlton Regular service has resumed eastbound near College St at Elizabeth St. Started Thu Apr 24 2025 10:44 Until Thu Apr 24 2025 10:59,route,,506,Carlton,Regular service has resumed eastbound near College St at Elizabeth St. Started Thu Apr 24 2025 10:44 Until Thu Apr 24 2025 10:59,service_resumed,resumed,eastbound,College St at Elizabeth St,,,,2025-04-24T10:44:00-04:00,2025-04-24T10:59:00-04:00,506-Carlton,2025-04-24T10:46:00-04:00,2025-04-24T10:59:00-04:00,2025-04-24,10:44,America/Toronto,2025,TTCnotices5062025.txt,2200
"506 Carlton: Detour via Ossington Ave, Dundas St W and Bay St while we deal with an operational problem. Started Thu Apr 24 2025 15:43",route,,506,Carlton,"Detour via Ossington Ave, Dundas St W and Bay St while we deal with an operational problem. Started Thu Apr 24 2025 15:43",detour,disruption,,,,"Ossington Ave, Dundas St W and Bay St",we deal with an operational problem,2025-04-24T15:43:00-04:00,,506-Carlton,2025-04-24T15:44:00-04:00,2025-04-24T17:32:00-04:00,2025-04-24,15:43,America/Toronto,2025,TTCnotices5062025.txt,2203
506 Carlton: Detour westbound via Spadina Ave and College St while we respond to a medical emergency. Started Thu Apr 24 2025 17:28,route,,506,Carlton,Detour westbound via Spadina Ave and College St while we respond to a medical emergency. Started Thu Apr 24 2025 17:28,detour,disruption,westbound,,,Spadina Ave and College St,we respond to a medical emergency,2025-04-24T17:28:00-04:00,,506-Carlton,2025-04-24T17:30:00-04:00,2025-04-24T17:54:00-04:00,2025-04-24,17:28,America/Toronto,2025,TTCnotices5062025.txt,2206
506 Carlton Regular service has resumed near College St at Borden St. Started Thu Apr 24 2025 17:32 Until Thu Apr 24 2025 17:47,route,,506,Carlton,Regular service has resumed near College St at Borden St. Started Thu Apr 24 2025 17:32 Until Thu Apr 24 2025 17:47,service_resumed,resumed,,College St at Borden St,,,,2025-04-24T17:32:00-04:00,2025-04-24T17:47:00-04:00,506-Carlton,2025-04-24T17:34:00-04:00,2025-04-24T17:46:00-04:00,2025-04-24,17:32,America/Toronto,2025,TTCnotices5062025.txt,2209
506 Carlton Regular service has resumed westbound near College St at Ossington Ave. Started Thu Apr 24 2025 17:54 Until Thu Apr 24 2025 18:09,route,,506,Carlton,Regular service has resumed westbound near College St at Ossington Ave. Started Thu Apr 24 2025 17:54 Until Thu Apr 24 2025 18:09,service_resumed,resumed,westbound,College St at Ossington Ave,,,,2025-04-24T17:54:00-04:00,2025-04-24T18:09:00-04:00,506-Carlton,2025-04-24T17:54:00-04:00,2025-04-24T18:08:00-04:00,2025-04-24,17:54,America/Toronto,2025,TTCnotices5062025.txt,2212
506 Carlton: Detour via Spadina Ave and College St while we respond to a medical emergency. Started Thu Apr 24 2025 17:54,route,,506,Carlton,Detour via Spadina Ave and College St while we respond to a medical emergency. Started Thu Apr 24 2025 17:54,detour,disruption,,,,Spadina Ave and College St,we respond to a medical emergency,2025-04-24T17:54:00-04:00,,506-Carlton,2025-04-24T17:56:00-04:00,2025-04-24T18:08:00-04:00,2025-04-24,17:54,America/Toronto,2025,TTCnotices5062025.txt,2215
506 Carlton Regular service has resumed near College St at Ossington Ave. Started Thu Apr 24 2025 18:08 Until Thu Apr 24 2025 18:23,route,,506,Carlton,Regular service has resumed near College St at Ossington Ave. Started Thu Apr 24 2025 18:08 Until Thu Apr 24 2025 18:23,service_resumed,resumed,,College St at Ossington Ave,,,,2025-04-24T18:08:00-04:00,2025-04-24T18:23:00-04:00,506-Carlton,2025-04-24T18:10:00-04:00,2025-04-24T18:24:00-04:00,2025-04-24,18:08,America/Toronto,2025,TTCnotices5062025.txt,2218
506 Carlton: No service between Main Street Station and Gerrard St East at Coxwell Ave while we respond to a medical emergency. Started Fri Apr 25 2025 10:31,route,,506,Carlton,No service between Main Street Station and Gerrard St East at Coxwell Ave while we respond to a medical emergency. Started Fri Apr 25 2025 10:31,no_service,disruption,,Main Street Station,Gerrard St East at Coxwell Ave,,we respond to a medical emergency,2025-04-25T10:31:00-04:00,,506-Carlton,2025-04-25T10:32:00-04:00,2025-04-25T10:46:00-04:00,2025-04-25,10:31,America/Toronto,2025,TTCnotices5062025.txt,2221
506 Carlton Regular service has resumed between Main Street Station and Gerrard St East at Coxwell Ave. Started Fri Apr 25 2025 10:45 Until Fri Apr 25 2025 11:00,route,,506,Carlton,Regular service has resumed between Main Street Station and Gerrard St East at Coxwell Ave. Started Fri Apr 25 2025 10:45 Until Fri Apr 25 2025 11:00,service_resumed,resumed,,Main Street Station,Gerrard St East at Coxwell Ave,,,2025-04-25T10:45:00-04:00,2025-04-25T11:00:00-04:00,506-Carlton,2025-04-25T10:46:00-04:00,2025-04-25T11:00:00-04:00,2025-04-25,10:45,America/Toronto,2025,TTCnotices5062025.txt,2224
506 Carlton: No service between Main Street Station and Gerrard St East at Coxwell Ave while we respond to a medical emergency. Shuttle buses are on the way. Started Fri Apr 25 2025 19:28,route,,506,Carlton,No service between Main Street Station and Gerrard St East at Coxwell Ave while we respond to a medical emergency. Shuttle buses are on the way. Started Fri Apr 25 2025 19:28,no_service,disruption,,Main Street Station,Gerrard St East at Coxwell Ave,,we respond to a medical emergency. Shuttle buses are on the way,2025-04-25T19:28:00-04:00,,506-Carlton,2025-04-25T19:30:00-04:00,2025-04-25T19:40:00-04:00,2025-04-25,19:28,America/Toronto,2025,TTCnotices5062025.txt,2227
506 Carlton Regular service has resumed between Main Street Station and Gerrard St East at Coxwell Ave. Started Fri Apr 25 2025 19:40 Until Fri Apr 25 2025 19:55,route,,506,Carlton,Regular service has resumed between Main Street Station and Gerrard St East at Coxwell Ave. Started Fri Apr 25 2025 19:40 Until Fri Apr 25 2025 19:55,service_resumed,resumed,,Main Street Station,Gerrard St East at Coxwell Ave,,,2025-04-25T19:40:00-04:00,2025-04-25T19:55:00-04:00,506-Carlton,2025-04-25T19:42:00-04:00,2025-04-25T19:54:00-04:00,2025-04-25,19:40,America/Toronto,2025,TTCnotices5062025.txt,2230
"506 Carlton: Detour via Coxwell Ave, Gerrard St E and Parliament St due to construction. Started Sat Apr 26 2025 9:14",route,,506,Carlton,"Detour via Coxwell Ave, Gerrard St E and Parliament St due to construction. Started Sat Apr 26 2025 9:14",detour,disruption,,,,"Coxwell Ave, Gerrard St E and Parliament St",construction,2025-04-26T09:14:00-04:00,,506-Carlton,2025-04-26T09:16:00-04:00,2025-04-27T02:28:00-04:00,2025-04-26,09:14,America/Toronto,2025,TTCnotices5062025.txt,2233
"506 Carlton: Detour westbound via Coxwell Ave, Dundas St E and Greenwood Ave due to a road closure. Started Sat Apr 26 2025 16:48",route,,506,Carlton,"Detour westbound via Coxwell Ave, Dundas St E and Greenwood Ave due to a road closure. Started Sat Apr 26 2025 16:48",detour,disruption,westbound,,,"Coxwell Ave, Dundas St E and Greenwood Ave",a road closure,2025-04-26T16:48:00-04:00,,506-Carlton,2025-04-26T16:50:00-04:00,2025-04-26T17:12:00-04:00,2025-04-26,16:48,America/Toronto,2025,TTCnotices5062025.txt,2236
506 Carlton Regular service has resumed westbound near Gerrard St East at Coxwell Ave. Started Sat Apr 26 2025 17:12 Until Sat Apr 26 2025 17:27,route,,506,Carlton,Regular service has resumed westbound near Gerrard St East at Coxwell Ave. Started Sat Apr 26 2025 17:12 Until Sat Apr 26 2025 17:27,service_resumed,resumed,westbound,Gerrard St East at Coxwell Ave,,,,2025-04-26T17:12:00-04:00,2025-04-26T17:27:00-04:00,506-Carlton,2025-04-26T17:14:00-04:00,2025-04-26T17:28:00-04:00,2025-04-26,17:12,America/Toronto,2025,TTCnotices5062025.txt,2239
"506 Carlton: Detour eastbound via Ossington Ave, Dundas St W and Bathurst St due to a collision. Started Sat Apr 26 2025 23:10",route,,506,Carlton,"Detour eastbound via Ossington Ave, Dundas St W and Bathurst St due to a collision. Started Sat Apr 26 2025 23:10",detour,disruption,eastbound,,,"Ossington Ave, Dundas St W and Bathurst St",a collision,2025-04-26T23:10:00-04:00,,506-Carlton,2025-04-26T23:10:00-04:00,2025-04-27T00:46:00-04:00,2025-04-26,23:10,America/Toronto,2025,TTCnotices5062025.txt,2242
506 Carlton Regular service has resumed eastbound near College St at Bathurst St. Started Sun Apr 27 2025 0:47 Until Sun Apr 27 2025 1:02,route,,506,Carlton,Regular service has resumed eastbound near College St at Bathurst St. Started Sun Apr 27 2025 0:47 Until Sun Apr 27 2025 1:02,service_resumed,resumed,eastbound,College St at Bathurst St,,,,2025-04-27T00:47:00-04:00,2025-04-27T01:02:00-04:00,506-Carlton,2025-04-27T00:48:00-04:00,2025-04-27T01:02:00-04:00,2025-04-27,00:47,America/Toronto,2025,TTCnotices5062025.txt,2245
506 Carlton: No service between College St at Lansdowne Ave and High Park Loop while we respond to a medical emergency. Started Sun Apr 27 2025 3:56,route,,506,Carlton,No service between College St at Lansdowne Ave and High Park Loop while we respond to a medical emergency. Started Sun Apr 27 2025 3:56,no_service,disruption,,College St at Lansdowne Ave,High Park Loop,,we respond to a medical emergency,2025-04-27T03:56:00-04:00,,506-Carlton,2025-04-27T03:56:00-04:00,2025-04-27T04:38:00-04:00,2025-04-27,03:56,America/Toronto,2025,TTCnotices5062025.txt,2248
506 Carlton Regular service has resumed between College St at Lansdowne Ave and High Park Loop. Started Sun Apr 27 2025 4:39 Until Sun Apr 27 2025 4:54,route,,506,Carlton,Regular service has resumed between College St at Lansdowne Ave and High Park Loop. Started Sun Apr 27 2025 4:39 Until Sun Apr 27 2025 4:54,service_resumed,resumed,,College St at Lansdowne Ave,High Park Loop,,,2025-04-27T04:39:00-04:00,2025-04-27T04:54:00-04:00,506-Carlton,2025-04-27T04:40:00-04:00,2025-04-27T04:54:00-04:00,2025-04-27,04:39,America/Toronto,2025,TTCnotices5062025.txt,2251
"506 Carlton: Detour eastbound via Broadview Ave, Queen St E and Coxwell Ave due to a collision. Started Mon Apr 28 2025 8:46",route,,506,Carlton,"Detour eastbound via Broadview Ave, Queen St E and Coxwell Ave due to a collision. Started Mon Apr 28 2025 8:46",detour,disruption,eastbound,,,"Broadview Ave, Queen St E and Coxwell Ave",a collision,2025-04-28T08:46:00-04:00,,506-Carlton,2025-04-28T08:48:00-04:00,2025-04-28T09:18:00-04:00,2025-04-28,08:46,America/Toronto,2025,TTCnotices5062025.txt,2254
506 Carlton Regular service has resumed eastbound near Gerrard St East at Logan Ave. Started Mon Apr 28 2025 9:18 Until Mon Apr 28 2025 9:33,route,,506,Carlton,Regular service has resumed eastbound near Gerrard St East at Logan Ave. Started Mon Apr 28 2025 9:18 Until Mon Apr 28 2025 9:33,service_resumed,resumed,eastbound,Gerrard St East at Logan Ave,,,,2025-04-28T09:18:00-04:00,2025-04-28T09:33:00-04:00,506-Carlton,2025-04-28T09:20:00-04:00,2025-04-28T09:32:00-04:00,2025-04-28,09:18,America/Toronto,2025,TTCnotices5062025.txt,2257
"506 Carlton: Detour eastbound via Mccaul St, Dundas St E and Bay St due to a collision. Started Tue Apr 29 2025 10:08",route,,506,Carlton,"Detour eastbound via Mccaul St, Dundas St E and Bay St due to a collision. Started Tue Apr 29 2025 10:08",detour,disruption,eastbound,,,"Mccaul St, Dundas St E and Bay St",a collision,2025-04-29T10:08:00-04:00,,506-Carlton,2025-04-29T10:10:00-04:00,2025-04-29T10:14:00-04:00,2025-04-29,10:08,America/Toronto,2025,TTCnotices5062025.txt,2260
506 Carlton Regular service has resumed eastbound near College St at Elizabeth St. Started Tue Apr 29 2025 10:14 Until Tue Apr 29 2025 10:29,route,,506,Carlton,Regular service has resumed eastbound near College St at Elizabeth St. Started Tue Apr 29 2025 10:14 Until Tue Apr 29 2025 10:29,service_resumed,resumed,eastbound,College St at Elizabeth St,,,,2025-04-29T10:14:00-04:00,2025-04-29T10:29:00-04:00,506-Carlton,2025-04-29T10:14:00-04:00,2025-04-29T10:15:00-04:00,2025-04-29,10:14,America/Toronto,2025,TTCnotices5062025.txt,2263
"506 Carlton: Detour eastbound via Mccaul St, Dundas St E and Bay St due to a collision. Started Tue Apr 29 2025 10:14 Until Tue Apr 29 2025 10:29",route,,506,Carlton,"Detour eastbound via Mccaul St, Dundas St E and Bay St due to a collision. Started Tue Apr 29 2025 10:14 Until Tue Apr 29 2025 10:29",detour,disruption,eastbound,,,"Mccaul St, Dundas St E and Bay St",a collision,2025-04-29T10:14:00-04:00,2025-04-29T10:29:00-04:00,506-Carlton,2025-04-29T10:16:00-04:00,2025-04-29T11:17:00-04:00,2025-04-29,10:14,America/Toronto,2025,TTCnotices5062025.txt,2266
"506 Carlton: Detour westbound via Parliament St, Dundas St E and Bay St while we respond to a medical emergency. Started Tue Apr 29 2025 17:40",route,,506,Carlton,"Detour westbound via Parliament St, Dundas St E and Bay St while we respond to a medical emergency. Started Tue Apr 29 2025 17:40",detour,disruption,westbound,,,"Parliament St, Dundas St E and Bay St",we respond to a medical emergency,2025-04-29T17:40:00-04:00,,506-Carlton,2025-04-29T17:40:00-04:00,2025-04-29T18:22:00-04:00,2025-04-29,17:40,America/Toronto,2025,TTCnotices5062025.txt,2269
506 Carlton Regular service has resumed westbound near Main Street Station. Started Tue Apr 29 2025 18:22 Until Tue Apr 29 2025 18:37,route,,506,Carlton,Regular service has resumed westbound near Main Street Station. Started Tue Apr 29 2025 18:22 Until Tue Apr 29 2025 18:37,service_resumed,resumed,westbound,Main Street Station,,,,2025-04-29T18:22:00-04:00,2025-04-29T18:37:00-04:00,506-Carlton,2025-04-29T18:24:00-04:00,2025-04-29T18:36:00-04:00,2025-04-29,18:22,America/Toronto,2025,TTCnotices5062025.txt,2272
506 Carlton: No service between Main Street Station and Gerrard St East at Coxwell Ave due to object stuck on overhead wires. Shuttle buses are on the way. Started Tue Apr 29 2025 22:43,route,,506,Carlton,No service between Main Street Station and Gerrard St East at Coxwell Ave due to object stuck on overhead wires. Shuttle buses are on the way. Started Tue Apr 29 2025 22:43,no_service,disruption,,Main Street Station,Gerrard St East at Coxwell Ave,,object stuck on overhead wires. Shuttle buses are on the way,2025-04-29T22:43:00-04:00,,506-Carlton,2025-04-29T22:44:00-04:00,2025-04-29T23:36:00-04:00,2025-04-29,22:43,America/Toronto,2025,TTCnotices5062025.txt,2275
506 Carlton Regular service has resumed between Main Street Station and Gerrard St East at Coxwell Ave. Started Tue Apr 29 2025 23:37 Until Tue Apr 29 2025 23:52,route,,506,Carlton,Regular service has resumed between Main Street Station and Gerrard St East at Coxwell Ave. Started Tue Apr 29 2025 23:37 Until Tue Apr 29 2025 23:52,service_resumed,resumed,,Main Street Station,Gerrard St East at Coxwell Ave,,,2025-04-29T23:37:00-04:00,2025-04-29T23:52:00-04:00,506-Carlton,2025-04-29T23:38:00-04:00,2025-04-29T23:53:00-04:00,2025-04-29,23:37,America/Toronto,2025,TTCnotices5062025.txt,2278
506 Carlton: No service between High Park Loop and College St at Lansdowne Ave while we deal with an operational problem. Started Wed Apr 30 2025 22:57,route,,506,Carlton,No service between High Park Loop and College St at Lansdowne Ave while we deal with an operational problem. Started Wed Apr 30 2025 22:57,no_service,disruption,,High Park Loop,College St at Lansdowne Ave,,we deal with an operational problem,2025-04-30T22:57:00-04:00,,506-Carlton,2025-04-30T22:58:00-04:00,2025-05-01T00:06:00-04:00,2025-04-30,22:57,America/Toronto,2025,TTCnotices5062025.txt,2281
506 Carlton Regular service has resumed between High Park Loop and College St at Lansdowne Ave. Started Thu May 1 2025 0:06 Until Thu May 1 2025 0:21,route,,506,Carlton,Regular service has resumed between High Park Loop and College St at Lansdowne Ave. Started Thu May 1 2025 0:06 Until Thu May 1 2025 0:21,service_resumed,resumed,,High Park Loop,College St at Lansdowne Ave,,,2025-05-01T00:06:00-04:00,2025-05-01T00:21:00-04:00,506-Carlton,2025-05-01T00:08:00-04:00,2025-05-01T00:22:00-04:00,2025-05-01,00:06,America/Toronto,2025,TTCnotices5062025.txt,2284
"506 Carlton: Detour eastbound via Gerrard St E, Parliament St, Queen St E and Broadview Ave while we deal with an operational problem. Started Thu May 1 2025 11:30",route,,506,Carlton,"Detour eastbound via Gerrard St E, Parliament St, Queen St E and Broadview Ave while we deal with an operational problem. Started Thu May 1 2025 11:30",detour,disruption,eastbound,,,"Gerrard St E, Parliament St, Queen St E and Broadview Ave",we deal with an operational problem,2025-05-01T11:30:00-04:00,,506-Carlton,2025-05-01T11:32:00-04:00,2025-05-01T11:46:00-04:00,2025-05-01,11:30,America/Toronto,2025,TTCnotices5062025.txt,2287
506 Carlton Regular service has resumed eastbound near Gerrard St East at Broadview Ave. Started Thu May 1 2025 11:46 Until Thu May 1 2025 12:01,route,,506,Carlton,Regular service has resumed eastbound near Gerrard St East at Broadview Ave. Started Thu May 1 2025 11:46 Until Thu May 1 2025 12:01,service_resumed,resumed,eastbound,Gerrard St East at Broadview Ave,,,,2025-05-01T11:46:00-04:00,2025-05-01T12:01:00-04:00,506-Carlton,2025-05-01T11:48:00-04:00,2025-05-01T12:01:00-04:00,2025-05-01,11:46,America/Toronto,2025,TTCnotices5062025.txt,2290
506 Carlton: No service between Coxwell Ave at Gerrard St East and Main Street Station while we respond to a medical emergency. Started Fri May 2 2025 1:01,route,,506,Carlton,No service between Coxwell Ave at Gerrard St East and Main Street Station while we respond to a medical emergency. Started Fri May 2 2025 1:01,no_service,disruption,,Coxwell Ave at Gerrard St East,Main Street Station,,we respond to a medical emergency,2025-05-02T01:01:00-04:00,,506-Carlton,2025-05-02T01:02:00-04:00,2025-05-02T01:38:00-04:00,2025-05-02,01:01,America/Toronto,2025,TTCnotices5062025.txt,2293
506 Carlton: No service between Coxwell Ave at Gerrard St East and Main Street Station while we respond to a medical emergency. Started Fri May 2 2025 1:39 Until Fri May 2 2025 1:54,route,,506,Carlton,No service between Coxwell Ave at Gerrard St East and Main Street Station while we respond to a medical emergency. Started Fri May 2 2025 1:39 Until Fri May 2 2025 1:54,no_service,disruption,,Coxwell Ave at Gerrard St East,Main Street Station,,we respond to a medical emergency,2025-05-02T01:39:00-04:00,2025-05-02T01:54:00-04:00,506-Carlton,2025-05-02T01:40:00-04:00,2025-05-02T01:52:00-04:00,2025-05-02,01:39,America/Toronto,2025,TTCnotices5062025.txt,2296
506 Carlton: No service between High Park Loop and College St at Lansdowne Ave while we respond to a medical emergency. Started Sat May 3 2025 9:34,route,,506,Carlton,No service between High Park Loop and College St at Lansdowne Ave while we respond to a medical emergency. Started Sat May 3 2025 9:34,no_service,disruption,,High Park Loop,College St at Lansdowne Ave,,we respond to a medical emergency,2025-05-03T09:34:00-04:00,,506-Carlton,2025-05-03T09:36:00-04:00,2025-05-03T09:48:00-04:00,2025-05-03,09:34,America/Toronto,2025,TTCnotices5062025.txt,2299
506 Carlton: No service between High Park Loop and College St at Lansdowne Ave while we respond to a medical emergency. Started Sat May 3 2025 9:49 Until Sat May 3 2025 10:04,route,,506,Carlton,No service between High Park Loop and College St at Lansdowne Ave while we respond to a medical emergency. Started Sat May 3 2025 9:49 Until Sat May 3 2025 10:04,no_service,disruption,,High Park Loop,College St at Lansdowne Ave,,we respond to a medical emergency,2025-05-03T09:49:00-04:00,2025-05-03T10:04:00-04:00,506-Carlton,2025-05-03T09:50:00-04:00,2025-05-03T10:04:00-04:00,2025-05-03,09:49,America/Toronto,2025,TTCnotices5062025.txt,2302
506 Carlton: Delays near College St at University Ave - Queen's Park Station due to traffic congestion. Started Sat May 3 2025 12:04,route,,506,Carlton,Delays near College St at University Ave - Queen's Park Station due to traffic congestion. Started Sat May 3 2025 12:04,delay,disruption,,College St at University Ave - Queen's Park Station,,,traffic congestion,2025-05-03T12:04:00-04:00,,506-Carlton,2025-05-03T12:06:00-04:00,2025-05-03T15:11:00-04:00,2025-05-03,12:04,America/Toronto,2025,TTCnotices5062025.txt,2305
506 Carlton: Delays near College St at University Ave - Queen's Park Station due to traffic congestion. Started Sat May 3 2025 15:11 Until Sat May 3 2025 15:26,route,,506,Carlton,Delays near College St at University Ave - Queen's Park Station due to traffic congestion. Started Sat May 3 2025 15:11 Until Sat May 3 2025 15:26,delay,disruption,,College St at University Ave - Queen's Park Station,,,traffic congestion,2025-05-03T15:11:00-04:00,2025-05-03T15:26:00-04:00,506-Carlton,2025-05-03T15:12:00-04:00,2025-05-03T15:26:00-04:00,2025-05-03,15:11,America/Toronto,2025,TTCnotices5062025.txt,2308
"506 Carlton: Detour eastbound via College St, Spadina Ave, Dundas St W and Parliament St due to a demonstration. Started Sat May 3 2025 15:48",route,,506,Carlton,"Detour eastbound via College St, Spadina Ave, Dundas St W and Parliament St due to a demonstration. Started Sat May 3 2025 15:48",detour,disruption,eastbound,,,"College St, Spadina Ave, Dundas St W and Parliament St",a demonstration,2025-05-03T15:48:00-04:00,,506-Carlton,2025-05-03T15:48:00-04:00,2025-05-03T15:54:00-04:00,2025-05-03,15:48,America/Toronto,2025,TTCnotices5062025.txt,2311
"506 Carlton: Detour westbound via Parliament St, Dundas St E and Mccaul St due to a demonstration. Started Sat May 3 2025 15:48",route,,506,Carlton,"Detour westbound via Parliament St, Dundas St E and Mccaul St due to a demonstration. Started Sat May 3 2025 15:48",detour,disruption,westbound,,,"Parliament St, Dundas St E and Mccaul St",a demonstration,2025-05-03T15:48:00-04:00,,506-Carlton,2025-05-03T15:50:00-04:00,2025-05-03T15:54:00-04:00,2025-05-03,15:48,America/Toronto,2025,TTCnotices5062025.txt,2314
"506 Carlton: Detour eastbound via College St, Spadina Ave, Dundas St W and Parliament St due to a demonstration. Started Sat May 3 2025 15:54 Until Sat May 3 2025 16:09",route,,506,Carlton,"Detour eastbound via College St, Spadina Ave, Dundas St W and Parliament St due to a demonstration. Started Sat May 3 2025 15:54 Until Sat May 3 2025 16:09",detour,disruption,eastbound,,,"College St, Spadina Ave, Dundas St W and Parliament St",a demonstration,2025-05-03T15:54:00-04:00,2025-05-03T16:09:00-04:00,506-Carlton,2025-05-03T15:54:00-04:00,2025-05-03T16:08:00-04:00,2025-05-03,15:54,America/Toronto,2025,TTCnotices5062025.txt,2317
"506 Carlton: Detour westbound via Bay St, Dundas St E and Spadina Ave due to a demonstration. Started Sat May 3 2025 15:54",route,,506,Carlton,"Detour westbound via Bay St, Dundas St E and Spadina Ave due to a demonstration. Started Sat May 3 2025 15:54",detour,disruption,westbound,,,"Bay St, Dundas St E and Spadina Ave",a demonstration,2025-05-03T15:54:00-04:00,,506-Carlton,2025-05-03T15:56:00-04:00,2025-05-03T16:46:00-04:00,2025-05-03,15:54,America/Toronto,2025,TTCnotices5062025.txt,2320
"506 Carlton: Detour westbound via Bay St, Dundas St E and Spadina Ave due to a demonstration. Started Sat May 3 2025 16:46 Until Sat May 3 2025 17:01",route,,506,Carlton,"Detour westbound via Bay St, Dundas St E and Spadina Ave due to a demonstration. Started Sat May 3 2025 16:46 Until Sat May 3 2025 17:01",detour,disruption,westbound,,,"Bay St, Dundas St E and Spadina Ave",a demonstration,2025-05-03T16:46:00-04:00,2025-05-03T17:01:00-04:00,506-Carlton,2025-05-03T16:48:00-04:00,2025-05-03T17:02:00-04:00,2025-05-03,16:46,America/Toronto,2025,TTCnotices5062025.txt,2323
"506 Carlton: Detour eastbound via Broadview Ave, Queen St E and Coxwell Ave due to a blocked track. Started Sat May 3 2025 23:20",route,,506,Carlton,"Detour eastbound via Broadview Ave, Queen St E and Coxwell Ave due to a blocked track. Started Sat May 3 2025 23:20",detour,disruption,eastbound,,,"Broadview Ave, Queen St E and Coxwell Ave",a blocked track,2025-05-03T23:20:00-04:00,,506-Carlton,2025-05-03T23:20:00-04:00,2025-05-03T23:34:00-04:00,2025-05-03,23:20,America/Toronto,2025,TTCnotices5062025.txt,2326
"506 Carlton: Detour eastbound via Broadview Ave, Queen St E and Coxwell Ave due to a blocked track. Started Sat May 3 2025 23:35 Until Sat May 3 2025 23:50",route,,506,Carlton,"Detour eastbound via Broadview Ave, Queen St E and Coxwell Ave due to a blocked track. Started Sat May 3 2025 23:35 Until Sat May 3 2025 23:50",detour,disruption,eastbound,,,"Broadview Ave, Queen St E and Coxwell Ave",a blocked track,2025-05-03T23:35:00-04:00,2025-05-03T23:50:00-04:00,506-Carlton,2025-05-03T23:36:00-04:00,2025-05-03T23:50:00-04:00,2025-05-03,23:35,America/Toronto,2025,TTCnotices5062025.txt,2329
"506 Carlton: Detour eastbound via Ossington Ave, Dundas St E and Bay St due to weather conditions. Started Sun May 4 2025 1:49",route,,506,Carlton,"Detour eastbound via Ossington Ave, Dundas St E and Bay St due to weather conditions. Started Sun May 4 2025 1:49",detour,disruption,eastbound,,,"Ossington Ave, Dundas St E and Bay St",weather conditions,2025-05-04T01:49:00-04:00,,506-Carlton,2025-05-04T01:50:00-04:00,2025-05-04T03:22:00-04:00,2025-05-04,01:49,America/Toronto,2025,TTCnotices5062025.txt,2332
506 Carlton: Detour eastbound via Dundas St W and Bay St due to a blocked track. Started Sun May 4 2025 14:54,route,,506,Carlton,Detour eastbound via Dundas St W and Bay St due to a blocked track. Started Sun May 4 2025 14:54,detour,disruption,eastbound,,,Dundas St W and Bay St,a blocked track,2025-05-04T14:54:00-04:00,,506-Carlton,2025-05-04T14:56:00-04:00,2025-05-04T15:26:00-04:00,2025-05-04,14:54,America/Toronto,2025,TTCnotices5062025.txt,2335
506 Carlton: Detour eastbound via Dundas St W and Bay St due to a blocked track. Started Sun May 4 2025 15:25 Until Sun May 4 2025 15:40,route,,506,Carlton,Detour eastbound via Dundas St W and Bay St due to a blocked track. Started Sun May 4 2025 15:25 Until Sun May 4 2025 15:40,detour,disruption,eastbound,,,Dundas St W and Bay St,a blocked track,2025-05-04T15:25:00-04:00,2025-05-04T15:40:00-04:00,506-Carlton,2025-05-04T15:26:00-04:00,2025-05-04T15:40:00-04:00,2025-05-04,15:25,America/Toronto,2025,TTCnotices5062025.txt,2338
506 Carlton: Detour westbound via Dundas St W and Lansdowne Avenue while we deal with an operational problem. Started Mon May 5 2025 14:40,route,,506,Carlton,Detour westbound via Dundas St W and Lansdowne Avenue while we deal with an operational problem. Started Mon May 5 2025 14:40,detour,disruption,westbound,,,Dundas St W and Lansdowne Avenue,we deal with an operational problem,2025-05-05T14:40:00-04:00,,506-Carlton,2025-05-05T14:42:00-04:00,2025-05-05T15:04:00-04:00,2025-05-05,14:40,America/Toronto,2025,TTCnotices5062025.txt,2341
506 Carlton: Detour westbound via Dundas St W and Lansdowne Avenue while we deal with an operational problem. Started Mon May 5 2025 14:40,route,,506,Carlton,Detour westbound via Dundas St W and Lansdowne Avenue while we deal with an operational problem. Started Mon May 5 2025 14:40,detour,disruption,westbound,,,Dundas St W and Lansdowne Avenue,we deal with an operational problem,2025-05-05T14:40:00-04:00,,506-Carlton,2025-05-05T15:04:00-04:00,2025-05-05T15:10:00-04:00,2025-05-05,14:40,America/Toronto,2025,TTCnotices5062025.txt,2347
506 Carlton: No service between Howard Park Ave at Parkside Dr and College St at Lansdowne Ave while we deal with an operational problem. Started Mon May 5 2025 15:03,route,,506,Carlton,No service between Howard Park Ave at Parkside Dr and College St at Lansdowne Ave while we deal with an operational problem. Started Mon May 5 2025 15:03,no_service,disruption,,Howard Park Ave at Parkside Dr,College St at Lansdowne Ave,,we deal with an operational problem,2025-05-05T15:03:00-04:00,,506-Carlton,2025-05-05T15:04:00-04:00,2025-05-05T15:10:00-04:00,2025-05-05,15:03,America/Toronto,2025,TTCnotices5062025.txt,2344
506 Carlton: No service between Howard Park Ave at Parkside Dr and College St at Lansdowne Ave while we deal with an operational problem. Started Mon May 5 2025 15:10 Until Mon May 5 2025 15:25,route,,506,Carlton,No service between Howard Park Ave at Parkside Dr and College St at Lansdowne Ave while we deal with an operational problem. Started Mon May 5 2025 15:10 Until Mon May 5 2025 15:25,no_service,disruption,,Howard Park Ave at Parkside Dr,College St at Lansdowne Ave,,we deal with an operational problem,2025-05-05T15:10:00-04:00,2025-05-05T15:25:00-04:00,506-Carlton,2025-05-05T15:10:00-04:00,2025-05-05T15:24:00-04:00,2025-05-05,15:10,America/Toronto,2025,TTCnotices5062025.txt,2350
506 Carlton: No service between Main Street Station and Gerrard St East at Coxwell Ave while we deal with a disruptive customer. Started Mon May 5 2025 17:07 Until Mon May 5 2025 17:22,route,,506,Carlton,No service between Main Street Station and Gerrard St East at Coxwell Ave while we deal with a disruptive customer. Started Mon May 5 2025 17:07 Until Mon May 5 2025 17:22,no_service,disruption,,Main Street Station,Gerrard St East at Coxwell Ave,,we deal with a disruptive customer,2025-05-05T17:07:00-04:00,2025-05-05T17:22:00-04:00,506-Carlton,2025-05-05T17:08:00-04:00,2025-05-05T17:22:00-04:00,2025-05-05,17:07,America/Toronto,2025,TTCnotices5062025.txt,2353
"506 Carlton: Detour eastbound via Bay St, Dundas St E and Parliament St while we respond to a medical emergency. Started Tue May 6 2025 16:14",route,,506,Carlton,"Detour eastbound via Bay St, Dundas St E and Parliament St while we respond to a medical emergency. Started Tue May 6 2025 16:14",detour,disruption,eastbound,,,"Bay St, Dundas St E and Parliament St",we respond to a medical emergency,2025-05-06T16:14:00-04:00,,506-Carlton,2025-05-06T16:16:00-04:00,2025-05-06T16:22:00-04:00,2025-05-06,16:14,America/Toronto,2025,TTCnotices5062025.txt,2356
"506 Temporary route change due to Sporting Life 10K 506carlton–Temporary route change due to Sporting Life 10K May 11, 2025",other,,506,Temporary,"route change due to Sporting Life 10K 506carlton–Temporary route change due to Sporting Life 10K May 11, 2025",other,unknown,,,,,,2025-05-06T16:20:00-04:00,,506-Carlton,2025-05-06T16:20:00-04:00,2025-05-12T00:22:00-04:00,2025-05-06,16:20,America/Toronto,2025,TTCnotices5062025.txt,4526
"506 Carlton: Detour eastbound via Bay St, Dundas St E and Parliament St while we respond to a medical emergency. Started Tue May 6 2025 16:22 Until Tue May 6 2025 16:37",route,,506,Carlton,"Detour eastbound via Bay St, Dundas St E and Parliament St while we respond to a medical emergency. Started Tue May 6 2025 16:22 Until Tue May 6 2025 16:37",detour,disruption,eastbound,,,"Bay St, Dundas St E and Parliament St",we respond to a medical emergency,2025-05-06T16:22:00-04:00,2025-05-06T16:37:00-04:00,506-Carlton,2025-05-06T16:24:00-04:00,2025-05-06T16:37:00-04:00,2025-05-06,16:22,America/Toronto,2025,TTCnotices5062025.txt,2359
506 Carlton: No service between Main Street Station and Coxwell Ave at Lower Gerrard St East while we respond to a medical emergency. Started Wed May 7 2025 8:19 Until Wed May 7 2025 8:34,route,,506,Carlton,No service between Main Street Station and Coxwell Ave at Lower Gerrard St East while we respond to a medical emergency. Started Wed May 7 2025 8:19 Until Wed May 7 2025 8:34,no_service,disruption,,Main Street Station,Coxwell Ave at Lower Gerrard St East,,we respond to a medical emergency,2025-05-07T08:19:00-04:00,2025-05-07T08:34:00-04:00,506-Carlton,2025-05-07T08:20:00-04:00,2025-05-07T08:34:00-04:00,2025-05-07,08:19,America/Toronto,2025,TTCnotices5062025.txt,2362
506 Carlton: No service between College St at Lansdowne Ave and High Park Loop due to a collision. Started Wed May 7 2025 15:16,route,,506,Carlton,No service between College St at Lansdowne Ave and High Park Loop due to a collision. Started Wed May 7 2025 15:16,no_service,disruption,,College St at Lansdowne Ave,High Park Loop,,a collision,2025-05-07T15:16:00-04:00,,506-Carlton,2025-05-07T15:16:00-04:00,2025-05-07T16:02:00-04:00,2025-05-07,15:16,America/Toronto,2025,TTCnotices5062025.txt,2365
506 Carlton: No service between College St at Lansdowne Ave and High Park Loop due to a collision. Started Wed May 7 2025 16:03 Until Wed May 7 2025 16:18,route,,506,Carlton,No service between College St at Lansdowne Ave and High Park Loop due to a collision. Started Wed May 7 2025 16:03 Until Wed May 7 2025 16:18,no_service,disruption,,College St at Lansdowne Ave,High Park Loop,,a collision,2025-05-07T16:03:00-04:00,2025-05-07T16:18:00-04:00,506-Carlton,2025-05-07T16:04:00-04:00,2025-05-07T16:18:00-04:00,2025-05-07,16:03,America/Toronto,2025,TTCnotices5062025.txt,2368
"202 Seasonal service Seasonal service May 11, 2025 506-306 Temporary route change due to streetcar infrastructure work 506|306–Temporary route change due to streetcar infrastructure work June 19, 2025 - 11:00 PM to June 20, 2025 - 04:00 AM",other,,202,Seasonal,"service Seasonal service May 11, 2025 506-306 Temporary route change due to streetcar infrastructure work 506|306–Temporary route change due to streetcar infrastructure work June 19, 2025 - 11:00 PM to June 20, 2025 - 04:00 AM",other,unknown,,,,,,2025-05-09T15:22:00-04:00,,506-Carlton,2025-05-09T15:22:00-04:00,2025-05-21T09:30:00-04:00,2025-05-09,15:22,America/Toronto,2025,TTCnotices5062025.txt,4531
506 Carlton: Detour via Bathurst St and Dundas St W due to a collision. Started Sat May 10 2025 9:12,route,,506,Carlton,Detour via Bathurst St and Dundas St W due to a collision. Started Sat May 10 2025 9:12,detour,disruption,,,,Bathurst St and Dundas St W,a collision,2025-05-10T09:12:00-04:00,,506-Carlton,2025-05-10T09:13:00-04:00,2025-05-10T09:38:00-04:00,2025-05-10,09:12,America/Toronto,2025,TTCnotices5062025.txt,2371
506 Carlton Regular service has resumed near College St at Dufferin St. Started Sat May 10 2025 9:37 Until Sat May 10 2025 9:52,route,,506,Carlton,Regular service has resumed near College St at Dufferin St. Started Sat May 10 2025 9:37 Until Sat May 10 2025 9:52,service_resumed,resumed,,College St at Dufferin St,,,,2025-05-10T09:37:00-04:00,2025-05-10T09:52:00-04:00,506-Carlton,2025-05-10T09:38:00-04:00,2025-05-10T09:52:00-04:00,2025-05-10,09:37,America/Toronto,2025,TTCnotices5062025.txt,2374
506 Carlton: Delays near Gerrard St East at Greenwood Ave while we deal with an operational problem. Started Sat May 10 2025 14:23,route,,506,Carlton,Delays near Gerrard St East at Greenwood Ave while we deal with an operational problem. Started Sat May 10 2025 14:23,delay,disruption,,Gerrard St East at Greenwood Ave,,,we deal with an operational problem,2025-05-10T14:23:00-04:00,,506-Carlton,2025-05-10T14:24:00-04:00,2025-05-10T14:26:00-04:00,2025-05-10,14:23,America/Toronto,2025,TTCnotices5062025.txt,2377
506 Carlton: Detour westbound via Queen St E and Broadview Ave while we deal with an operational problem. Started Sat May 10 2025 14:25,route,,506,Carlton,Detour westbound via Queen St E and Broadview Ave while we deal with an operational problem. Started Sat May 10 2025 14:25,detour,disruption,westbound,,,Queen St E and Broadview Ave,we deal with an operational problem,2025-05-10T14:25:00-04:00,,506-Carlton,2025-05-10T14:26:00-04:00,2025-05-10T15:36:00-04:00,2025-05-10,14:25,America/Toronto,2025,TTCnotices5062025.txt,2380
506 Carlton Regular service has resumed westbound near Gerrard St East at Greenwood Ave. Started Sat May 10 2025 15:35 Until Sat May 10 2025 15:50,route,,506,Carlton,Regular service has resumed westbound near Gerrard St East at Greenwood Ave. Started Sat May 10 2025 15:35 Until Sat May 10 2025 15:50,service_resumed,resumed,westbound,Gerrard St East at Greenwood Ave,,,,2025-05-10T15:35:00-04:00,2025-05-10T15:50:00-04:00,506-Carlton,2025-05-10T15:36:00-04:00,2025-05-10T15:50:00-04:00,2025-05-10,15:35,America/Toronto,2025,TTCnotices5062025.txt,2383
Wellesley: Elevator out of service between Wellesley St entrance to Line 1 Finch platform. Started Sat May 10 2025 21:40,accessibility,Wellesley,,,Elevator out of service between Wellesley St entrance to Line 1 Finch platform. Started Sat May 10 2025 21:40,elevator_out_of_service,disruption,,,,,,2025-05-10T21:40:00-04:00,,506-Carlton,2025-05-10T21:40:00-04:00,2025-05-11T00:20:00-04:00,2025-05-10,21:40,America/Toronto,2025,TTCnotices5062025.txt,154
Wellesley: Elevator back in service between Wellesley St entrance to Line 1 Finch platform. Started Sun May 11 2025 0:21 Until Sun May 11 2025 0:36,accessibility,Wellesley,,,Elevator back in service between Wellesley St entrance to Line 1 Finch platform. Started Sun May 11 2025 0:21 Until Sun May 11 2025 0:36,elevator_back_in_service,resumed,,,,,,2025-05-11T00:21:00-04:00,2025-05-11T00:36:00-04:00,506-Carlton,2025-05-11T00:22:00-04:00,2025-05-11T00:36:00-04:00,2025-05-11,00:21,America/Toronto,2025,TTCnotices5062025.txt,157
"Main Street: Elevator out of service between Main St entrance, concourse and Line 2 Kennedy platform. Started Sun May 11 2025 22:23",accessibility,Main Street,,,"Elevator out of service between Main St entrance, concourse and Line 2 Kennedy platform. Started Sun May 11 2025 22:23",elevator_out_of_service,disruption,,"Main St entrance, concourse",Line 2 Kennedy platform,,,2025-05-11T22:23:00-04:00,,506-Carlton,2025-05-11T22:24:00-04:00,2025-05-12T00:16:00-04:00,2025-05-11,22:23,America/Toronto,2025,TTCnotices5062025.txt,160
"506 Carlton: Detour westbound via Queen St E, Broadview Ave, Dundas St E and Parliament St due to a collision. Started Sun May 11 2025 22:56",route,,506,Carlton,"Detour westbound via Queen St E, Broadview Ave, Dundas St E and Parliament St due to a collision. Started Sun May 11 2025 22:56",detour,disruption,westbound,,,"Queen St E, Broadview Ave, Dundas St E and Parliament St",a collision,2025-05-11T22:56:00-04:00,,506-Carlton,2025-05-11T22:58:00-04:00,2025-05-11T23:26:00-04:00,2025-05-11,22:56,America/Toronto,2025,TTCnotices5062025.txt,2386
506 Carlton Regular service has resumed westbound near Gerrard St East at Greenwood Ave. Started Sun May 11 2025 23:26 Until Sun May 11 2025 23:41,route,,506,Carlton,Regular service has resumed westbound near Gerrard St East at Greenwood Ave. Started Sun May 11 2025 23:26 Until Sun May 11 2025 23:41,service_resumed,resumed,westbound,Gerrard St East at Greenwood Ave,,,,2025-05-11T23:26:00-04:00,2025-05-11T23:41:00-04:00,506-Carlton,2025-05-11T23:26:00-04:00,2025-05-11T23:36:00-04:00,2025-05-11,23:26,America/Toronto,2025,TTCnotices5062025.txt,2389
506 Carlton: No service between Main Street Station and Gerrard St East at Coxwell Ave due to construction. Shuttle buses are running between Main Street Station and Gerrard St East at Coxwell Ave. Started Mon May 12 2025 20:10,route,,506,Carlton,No service between Main Street Station and Gerrard St East at Coxwell Ave due to construction. Shuttle buses are running between Main Street Station and Gerrard St East at Coxwell Ave. Started Mon May 12 2025 20:10,no_service,disruption,,Main Street Station,Gerrard St East at Coxwell Ave,,construction. Shuttle buses are running between Main Street Station and Gerrard St East at Coxwell Ave,2025-05-12T20:10:00-04:00,,506-Carlton,2025-05-12T20:12:00-04:00,2025-05-12T20:18:00-04:00,2025-05-12,20:10,America/Toronto,2025,TTCnotices5062025.txt,2392
506 Carlton Regular service has resumed between Main Street Station and Gerrard St East at Coxwell Ave. Started Mon May 12 2025 20:18 Until Mon May 12 2025 20:33,route,,506,Carlton,Regular service has resumed between Main Street Station and Gerrard St East at Coxwell Ave. Started Mon May 12 2025 20:18 Until Mon May 12 2025 20:33,service_resumed,resumed,,Main Street Station,Gerrard St East at Coxwell Ave,,,2025-05-12T20:18:00-04:00,2025-05-12T20:33:00-04:00,506-Carlton,2025-05-12T20:18:00-04:00,2025-05-12T20:25:00-04:00,2025-05-12,20:18,America/Toronto,2025,TTCnotices5062025.txt,2395
506 Carlton: No service between Main Street Station and Gerrard St East at Coxwell Ave due to a blocked track. Shuttle buses are running between Main Street Station and Gerrard St East at Coxwell Ave. Started Mon May 12 2025 20:38,route,,506,Carlton,No service between Main Street Station and Gerrard St East at Coxwell Ave due to a blocked track. Shuttle buses are running between Main Street Station and Gerrard St East at Coxwell Ave. Started Mon May 12 2025 20:38,no_service,disruption,,Main Street Station,Gerrard St East at Coxwell Ave,,a blocked track. Shuttle buses are running between Main Street Station and Gerrard St East at Coxwell Ave,2025-05-12T20:38:00-04:00,,506-Carlton,2025-05-12T20:40:00-04:00,2025-05-12T20:56:00-04:00,2025-05-12,20:38,America/Toronto,2025,TTCnotices5062025.txt,2398
506 Carlton Regular service has resumed between Main Street Station and Gerrard St East at Coxwell Ave. Started Mon May 12 2025 20:56 Until Mon May 12 2025 21:11,route,,506,Carlton,Regular service has resumed between Main Street Station and Gerrard St East at Coxwell Ave. Started Mon May 12 2025 20:56 Until Mon May 12 2025 21:11,service_resumed,resumed,,Main Street Station,Gerrard St East at Coxwell Ave,,,2025-05-12T20:56:00-04:00,2025-05-12T21:11:00-04:00,506-Carlton,2025-05-12T20:58:00-04:00,2025-05-12T21:10:00-04:00,2025-05-12,20:56,America/Toronto,2025,TTCnotices5062025.txt,2401
506 Carlton: Detour via Bathurst St and Dundas St W due to a blocked track. Started Tue May 13 2025 8:50,route,,506,Carlton,Detour via Bathurst St and Dundas St W due to a blocked track. Started Tue May 13 2025 8:50,detour,disruption,,,,Bathurst St and Dundas St W,a blocked track,2025-05-13T08:50:00-04:00,,506-Carlton,2025-05-13T08:52:00-04:00,2025-05-13T09:22:00-04:00,2025-05-13,08:50,America/Toronto,2025,TTCnotices5062025.txt,2407
506 Carlton: Detour via Bathurst St and Dundas St W while we fix a mechanical problem. Started Tue May 13 2025 8:50,route,,506,Carlton,Detour via Bathurst St and Dundas St W while we fix a mechanical problem. Started Tue May 13 2025 8:50,detour,disruption,,,,Bathurst St and Dundas St W,we fix a mechanical problem,2025-05-13T08:50:00-04:00,,506-Carlton,2025-05-13T08:50:00-04:00,,2025-05-13,08:50,America/Toronto,2025,TTCnotices5062025.txt,2404
506 Carlton Regular service has resumed near College St at Dovercourt Rd. Started Tue May 13 2025 9:23 Until Tue May 13 2025 9:38,route,,506,Carlton,Regular service has resumed near College St at Dovercourt Rd. Started Tue May 13 2025 9:23 Until Tue May 13 2025 9:38,service_resumed,resumed,,College St at Dovercourt Rd,,,,2025-05-13T09:23:00-04:00,2025-05-13T09:38:00-04:00,506-Carlton,2025-05-13T09:24:00-04:00,2025-05-13T09:38:00-04:00,2025-05-13,09:23,America/Toronto,2025,TTCnotices5062025.txt,2410
506 Carlton: No service between Main Street Station and Gerrard St East at Coxwell Ave while we respond to a medical emergency. Started Tue May 13 2025 23:05,route,,506,Carlton,No service between Main Street Station and Gerrard St East at Coxwell Ave while we respond to a medical emergency. Started Tue May 13 2025 23:05,no_service,disruption,,Main Street Station,Gerrard St East at Coxwell Ave,,we respond to a medical emergency,2025-05-13T23:05:00-04:00,,506-Carlton,2025-05-13T23:06:00-04:00,2025-05-13T23:58:00-04:00,2025-05-13,23:05,America/Toronto,2025,TTCnotices5062025.txt,2413
506 Carlton Regular service has resumed between Main Street Station and Gerrard St East at Coxwell Ave. Started Tue May 13 2025 23:59 Until Wed May 14 2025 0:14,route,,506,Carlton,Regular service has resumed between Main Street Station and Gerrard St East at Coxwell Ave. Started Tue May 13 2025 23:59 Until Wed May 14 2025 0:14,service_resumed,resumed,,Main Street Station,Gerrard St East at Coxwell Ave,,,2025-05-13T23:59:00-04:00,2025-05-14T00:14:00-04:00,506-Carlton,2025-05-14T00:00:00-04:00,2025-05-14T00:14:00-04:00,2025-05-13,23:59,America/Toronto,2025,TTCnotices5062025.txt,2416
506 Carlton: Delays near College St at Bay St due to traffic congestion. Started Wed May 14 2025 10:55,route,,506,Carlton,Delays near College St at Bay St due to traffic congestion. Started Wed May 14 2025 10:55,delay,disruption,,College St at Bay St,,,traffic congestion,2025-05-14T10:55:00-04:00,,506-Carlton,2025-05-14T10:56:00-04:00,2025-05-14T11:02:00-04:00,2025-05-14,10:55,America/Toronto,2025,TTCnotices5062025.txt,2419
506 Carlton: No service between Main St at Danforth Ave and Gerrard St East at Coxwell Ave due to a collision. Shuttle buses are on the way. Started Wed May 14 2025 12:26,route,,506,Carlton,No service between Main St at Danforth Ave and Gerrard St East at Coxwell Ave due to a collision. Shuttle buses are on the way. Started Wed May 14 2025 12:26,no_service,disruption,,Main St at Danforth Ave,Gerrard St East at Coxwell Ave,,a collision. Shuttle buses are on the way,2025-05-14T12:26:00-04:00,,506-Carlton,2025-05-14T12:26:00-04:00,2025-05-14T14:38:00-04:00,2025-05-14,12:26,America/Toronto,2025,TTCnotices5062025.txt,2422
506 Carlton Regular service has resumed between Main St at Danforth Ave and Gerrard St East at Coxwell Ave. Started Wed May 14 2025 14:38 Until Wed May 14 2025 14:53,route,,506,Carlton,Regular service has resumed between Main St at Danforth Ave and Gerrard St East at Coxwell Ave. Started Wed May 14 2025 14:38 Until Wed May 14 2025 14:53,service_resumed,resumed,,Main St at Danforth Ave,Gerrard St East at Coxwell Ave,,,2025-05-14T14:38:00-04:00,2025-05-14T14:53:00-04:00,506-Carlton,2025-05-14T14:40:00-04:00,2025-05-14T14:54:00-04:00,2025-05-14,14:38,America/Toronto,2025,TTCnotices5062025.txt,2425
"506 Carlton: Detour eastbound via Church St, Dundas St E and Parliament St due to a blocked track. Started Fri May 16 2025 2:08",route,,506,Carlton,"Detour eastbound via Church St, Dundas St E and Parliament St due to a blocked track. Started Fri May 16 2025 2:08",detour,disruption,eastbound,,,"Church St, Dundas St E and Parliament St",a blocked track,2025-05-16T02:08:00-04:00,,506-Carlton,2025-05-16T02:08:00-04:00,,2025-05-16,02:08,America/Toronto,2025,TTCnotices5062025.txt,2428
506 Carlton: Detour via Bathurst St and Dundas St W due to police activity. Started Fri May 16 2025 5:25,route,,506,Carlton,Detour via Bathurst St and Dundas St W due to police activity. Started Fri May 16 2025 5:25,detour,disruption,,,,Bathurst St and Dundas St W,police activity,2025-05-16T05:25:00-04:00,,506-Carlton,2025-05-16T05:26:00-04:00,2025-05-16T05:36:00-04:00,2025-05-16,05:25,America/Toronto,2025,TTCnotices5062025.txt,2431
506 Carlton: Detour westbound via Bathurst St and Dundas St W due to police activity. Started Fri May 16 2025 5:35,route,,506,Carlton,Detour westbound via Bathurst St and Dundas St W due to police activity. Started Fri May 16 2025 5:35,detour,disruption,westbound,,,Bathurst St and Dundas St W,police activity,2025-05-16T05:35:00-04:00,,506-Carlton,2025-05-16T05:36:00-04:00,2025-05-16T07:36:00-04:00,2025-05-16,05:35,America/Toronto,2025,TTCnotices5062025.txt,2434
506 Carlton Regular service has resumed westbound near College St at Dovercourt Rd. Started Fri May 16 2025 7:36 Until Fri May 16 2025 7:51,route,,506,Carlton,Regular service has resumed westbound near College St at Dovercourt Rd. Started Fri May 16 2025 7:36 Until Fri May 16 2025 7:51,service_resumed,resumed,westbound,College St at Dovercourt Rd,,,,2025-05-16T07:36:00-04:00,2025-05-16T07:51:00-04:00,506-Carlton,2025-05-16T07:38:00-04:00,2025-05-16T07:50:00-04:00,2025-05-16,07:36,America/Toronto,2025,TTCnotices5062025.txt,2437
"506 Carlton: Detour westbound via Coxwell Ave, Queen St E and Parliament St due to a collision. Started Fri May 16 2025 14:02",route,,506,Carlton,"Detour westbound via Coxwell Ave, Queen St E and Parliament St due to a collision. Started Fri May 16 2025 14:02",detour,disruption,westbound,,,"Coxwell Ave, Queen St E and Parliament St",a collision,2025-05-16T14:02:00-04:00,,506-Carlton,2025-05-16T14:04:00-04:00,2025-05-16T14:24:00-04:00,2025-05-16,14:02,America/Toronto,2025,TTCnotices5062025.txt,2440
506 Carlton Regular service has resumed westbound near Main Street Station. Started Fri May 16 2025 14:23 Until Fri May 16 2025 14:38,route,,506,Carlton,Regular service has resumed westbound near Main Street Station. Started Fri May 16 2025 14:23 Until Fri May 16 2025 14:38,service_resumed,resumed,westbound,Main Street Station,,,,2025-05-16T14:23:00-04:00,2025-05-16T14:38:00-04:00,506-Carlton,2025-05-16T14:26:00-04:00,2025-05-16T14:39:00-04:00,2025-05-16,14:23,America/Toronto,2025,TTCnotices5062025.txt,2443
506 Carlton: No service between Main Street Station and Coxwell Ave at Lower Gerrard St East while we respond to a medical emergency. Started Fri May 16 2025 17:01,route,,506,Carlton,No service between Main Street Station and Coxwell Ave at Lower Gerrard St East while we respond to a medical emergency. Started Fri May 16 2025 17:01,no_service,disruption,,Main Street Station,Coxwell Ave at Lower Gerrard St East,,we respond to a medical emergency,2025-05-16T17:01:00-04:00,,506-Carlton,2025-05-16T17:02:00-04:00,2025-05-16T17:16:00-04:00,2025-05-16,17:01,America/Toronto,2025,TTCnotices5062025.txt,2446
506 Carlton Regular service has resumed between Main Street Station and Coxwell Ave at Lower Gerrard St East. Started Fri May 16 2025 17:16 Until Fri May 16 2025 17:31,route,,506,Carlton,Regular service has resumed between Main Street Station and Coxwell Ave at Lower Gerrard St East. Started Fri May 16 2025 17:16 Until Fri May 16 2025 17:31,service_resumed,resumed,,Main Street Station,Coxwell Ave at Lower Gerrard St East,,,2025-05-16T17:16:00-04:00,2025-05-16T17:31:00-04:00,506-Carlton,2025-05-16T17:18:00-04:00,2025-05-16T17:32:00-04:00,2025-05-16,17:16,America/Toronto,2025,TTCnotices5062025.txt,2449
"506 Carlton: Detour westbound via Bay St, Dundas St E and Mccaul St while we respond to a medical emergency. Started Fri May 16 2025 18:35",route,,506,Carlton,"Detour westbound via Bay St, Dundas St E and Mccaul St while we respond to a medical emergency. Started Fri May 16 2025 18:35",detour,disruption,westbound,,,"Bay St, Dundas St E and Mccaul St",we respond to a medical emergency,2025-05-16T18:35:00-04:00,,506-Carlton,2025-05-16T18:36:00-04:00,2025-05-16T18:46:00-04:00,2025-05-16,18:35,America/Toronto,2025,TTCnotices5062025.txt,2452
506 Carlton Regular service has resumed westbound near College St at Queen's Park - Queen's Park Station. Started Fri May 16 2025 18:45 Until Fri May 16 2025 19:00,route,,506,Carlton,Regular service has resumed westbound near College St at Queen's Park - Queen's Park Station. Started Fri May 16 2025 18:45 Until Fri May 16 2025 19:00,service_resumed,resumed,westbound,College St at Queen's Park - Queen's Park Station,,,,2025-05-16T18:45:00-04:00,2025-05-16T19:00:00-04:00,506-Carlton,2025-05-16T18:46:00-04:00,2025-05-16T19:00:00-04:00,2025-05-16,18:45,America/Toronto,2025,TTCnotices5062025.txt,2455
506 Carlton: No service between Main Street Station and Gerrard St East at Coxwell Ave while we deal with an operational problem. Shuttle buses are on the way. Started Sat May 17 2025 1:28,route,,506,Carlton,No service between Main Street Station and Gerrard St East at Coxwell Ave while we deal with an operational problem. Shuttle buses are on the way. Started Sat May 17 2025 1:28,no_service,disruption,,Main Street Station,Gerrard St East at Coxwell Ave,,we deal with an operational problem. Shuttle buses are on the way,2025-05-17T01:28:00-04:00,,506-Carlton,2025-05-17T01:30:00-04:00,2025-05-17T02:28:00-04:00,2025-05-17,01:28,America/Toronto,2025,TTCnotices5062025.txt,2458
506 Carlton Regular service has resumed between Main Street Station and Gerrard St East at Coxwell Ave. Started Sat May 17 2025 2:29 Until Sat May 17 2025 2:44,route,,506,Carlton,Regular service has resumed between Main Street Station and Gerrard St East at Coxwell Ave. Started Sat May 17 2025 2:29 Until Sat May 17 2025 2:44,service_resumed,resumed,,Main Street Station,Gerrard St East at Coxwell Ave,,,2025-05-17T02:29:00-04:00,2025-05-17T02:44:00-04:00,506-Carlton,2025-05-17T02:30:00-04:00,2025-05-17T02:44:00-04:00,2025-05-17,02:29,America/Toronto,2025,TTCnotices5062025.txt,2461
"506 Carlton: Detour via Bay St, Dundas St E and Parliament St due to a demonstration. Started Sat May 17 2025 15:31",route,,506,Carlton,"Detour via Bay St, Dundas St E and Parliament St due to a demonstration. Started Sat May 17 2025 15:31",detour,disruption,,,,"Bay St, Dundas St E and Parliament St",a demonstration,2025-05-17T15:31:00-04:00,,506-Carlton,2025-05-17T15:32:00-04:00,2025-05-17T15:57:00-04:00,2025-05-17,15:31,America/Toronto,2025,TTCnotices5062025.txt,2464
506 Carlton Regular service has resumed near College St at Yonge St - College Station. Started Sat May 17 2025 15:56 Until Sat May 17 2025 16:11,route,,506,Carlton,Regular service has resumed near College St at Yonge St - College Station. Started Sat May 17 2025 15:56 Until Sat May 17 2025 16:11,service_resumed,resumed,,College St at Yonge St - College Station,,,,2025-05-17T15:56:00-04:00,2025-05-17T16:11:00-04:00,506-Carlton,2025-05-17T15:58:00-04:00,2025-05-17T16:12:00-04:00,2025-05-17,15:56,America/Toronto,2025,TTCnotices5062025.txt,2467
"506 Carlton: Detour westbound via Coxwell Ave, Queen St E, Broadview Ave, Dundas St E and Church St while we fix a mechanical problem. Started Mon May 19 2025 12:10",route,,506,Carlton,"Detour westbound via Coxwell Ave, Queen St E, Broadview Ave, Dundas St E and Church St while we fix a mechanical problem. Started Mon May 19 2025 12:10",detour,disruption,westbound,,,"Coxwell Ave, Queen St E, Broadview Ave, Dundas St E and Church St",we fix a mechanical problem,2025-05-19T12:10:00-04:00,,506-Carlton,2025-05-19T12:12:00-04:00,2025-05-19T13:54:00-04:00,2025-05-19,12:10,America/Toronto,2025,TTCnotices5062025.txt,2470
506 Carlton Regular service has resumed westbound near Gerrard St East at De Grassi St. Started Mon May 19 2025 13:54 Until Mon May 19 2025 14:09,route,,506,Carlton,Regular service has resumed westbound near Gerrard St East at De Grassi St. Started Mon May 19 2025 13:54 Until Mon May 19 2025 14:09,service_resumed,resumed,westbound,Gerrard St East at De Grassi St,,,,2025-05-19T13:54:00-04:00,2025-05-19T14:09:00-04:00,506-Carlton,2025-05-19T13:56:00-04:00,2025-05-19T14:08:00-04:00,2025-05-19,13:54,America/Toronto,2025,TTCnotices5062025.txt,2473
"506 Carlton: Detour westbound via Broadview Ave, Dundas St E and Church St due to a collision. Started Tue May 20 2025 17:48",route,,506,Carlton,"Detour westbound via Broadview Ave, Dundas St E and Church St due to a collision. Started Tue May 20 2025 17:48",detour,disruption,westbound,,,"Broadview Ave, Dundas St E and Church St",a collision,2025-05-20T17:48:00-04:00,,506-Carlton,2025-05-20T17:50:00-04:00,2025-05-20T18:34:00-04:00,2025-05-20,17:48,America/Toronto,2025,TTCnotices5062025.txt,2476
506 Carlton Regular service has resumed westbound near Carlton St at Sherbourne St. Started Tue May 20 2025 18:34 Until Tue May 20 2025 18:49,route,,506,Carlton,Regular service has resumed westbound near Carlton St at Sherbourne St. Started Tue May 20 2025 18:34 Until Tue May 20 2025 18:49,service_resumed,resumed,westbound,Carlton St at Sherbourne St,,,,2025-05-20T18:34:00-04:00,2025-05-20T18:49:00-04:00,506-Carlton,2025-05-20T18:36:00-04:00,2025-05-20T18:50:00-04:00,2025-05-20,18:34,America/Toronto,2025,TTCnotices5062025.txt,2479
Main Street: Elevator out of service between concourse and Line 2 Kipling platform. Started Wed May 21 2025 11:37,accessibility,Main Street,,,Elevator out of service between concourse and Line 2 Kipling platform. Started Wed May 21 2025 11:37,elevator_out_of_service,disruption,,concourse,Line 2 Kipling platform,,,2025-05-21T11:37:00-04:00,,506-Carlton,2025-05-21T11:38:00-04:00,2025-05-21T14:24:00-04:00,2025-05-21,11:37,America/Toronto,2025,TTCnotices5062025.txt,163
Main Street: Elevator back in service between concourse and Line 2 Kipling platform. Started Wed May 21 2025 14:23 Until Wed May 21 2025 14:38,accessibility,Main Street,,,Elevator back in service between concourse and Line 2 Kipling platform. Started Wed May 21 2025 14:23 Until Wed May 21 2025 14:38,elevator_back_in_service,resumed,,concourse,Line 2 Kipling platform,,,2025-05-21T14:23:00-04:00,2025-05-21T14:38:00-04:00,506-Carlton,2025-05-21T14:24:00-04:00,2025-05-21T14:38:00-04:00,2025-05-21,14:23,America/Toronto,2025,TTCnotices5062025.txt,166
"506 Carlton: Detour eastbound via Ossington Ave, Dundas St W and Bathurst St while we respond to a medical emergency. Started Wed May 21 2025 22:25",route,,506,Carlton,"Detour eastbound via Ossington Ave, Dundas St W and Bathurst St while we respond to a medical emergency. Started Wed May 21 2025 22:25",detour,disruption,eastbound,,,"Ossington Ave, Dundas St W and Bathurst St",we respond to a medical emergency,2025-05-21T22:25:00-04:00,,506-Carlton,2025-05-21T22:26:00-04:00,2025-05-21T23:04:00-04:00,2025-05-21,22:25,America/Toronto,2025,TTCnotices5062025.txt,2482
506 Carlton Regular service has resumed eastbound near College St at Grace St. Started Wed May 21 2025 23:05 Until Wed May 21 2025 23:20,route,,506,Carlton,Regular service has resumed eastbound near College St at Grace St. Started Wed May 21 2025 23:05 Until Wed May 21 2025 23:20,service_resumed,resumed,eastbound,College St at Grace St,,,,2025-05-21T23:05:00-04:00,2025-05-21T23:20:00-04:00,506-Carlton,2025-05-21T23:06:00-04:00,2025-05-21T23:20:00-04:00,2025-05-21,23:05,America/Toronto,2025,TTCnotices5062025.txt,2485
506 Carlton: Detour eastbound via Dundas St W and Bathurst St due to a collision. Started Thu May 22 2025 6:27,route,,506,Carlton,Detour eastbound via Dundas St W and Bathurst St due to a collision. Started Thu May 22 2025 6:27,detour,disruption,eastbound,,,Dundas St W and Bathurst St,a collision,2025-05-22T06:27:00-04:00,,506-Carlton,2025-05-22T06:28:00-04:00,2025-05-22T07:44:00-04:00,2025-05-22,06:27,America/Toronto,2025,TTCnotices5062025.txt,2488
506 Carlton Regular service has resumed eastbound near College St at Lansdowne Ave. Started Thu May 22 2025 7:45 Until Thu May 22 2025 8:00,route,,506,Carlton,Regular service has resumed eastbound near College St at Lansdowne Ave. Started Thu May 22 2025 7:45 Until Thu May 22 2025 8:00,service_resumed,resumed,eastbound,College St at Lansdowne Ave,,,,2025-05-22T07:45:00-04:00,2025-05-22T08:00:00-04:00,506-Carlton,2025-05-22T07:46:00-04:00,2025-05-22T08:00:00-04:00,2025-05-22,07:45,America/Toronto,2025,TTCnotices5062025.txt,2491
506 Carlton: No service between High Park Loop and Dundas St West at Sterling Rd while we respond to a medical emergency. Started Fri May 23 2025 5:23,route,,506,Carlton,No service between High Park Loop and Dundas St West at Sterling Rd while we respond to a medical emergency. Started Fri May 23 2025 5:23,no_service,disruption,,High Park Loop,Dundas St West at Sterling Rd,,we respond to a medical emergency,2025-05-23T05:23:00-04:00,,506-Carlton,2025-05-23T05:24:00-04:00,2025-05-23T05:35:00-04:00,2025-05-23,05:23,America/Toronto,2025,TTCnotices5062025.txt,2494
506 Carlton: No service between High Park Loop and College St at Lansdowne Ave while we respond to a medical emergency. Started Fri May 23 2025 5:25,route,,506,Carlton,No service between High Park Loop and College St at Lansdowne Ave while we respond to a medical emergency. Started Fri May 23 2025 5:25,no_service,disruption,,High Park Loop,College St at Lansdowne Ave,,we respond to a medical emergency,2025-05-23T05:25:00-04:00,,506-Carlton,2025-05-23T05:26:00-04:00,,2025-05-23,05:25,America/Toronto,2025,TTCnotices5062025.txt,2497
506 Carlton Regular service has resumed between High Park Loop and Dundas St West at Sterling Rd. Started Fri May 23 2025 5:35 Until Fri May 23 2025 5:50,route,,506,Carlton,Regular service has resumed between High Park Loop and Dundas St West at Sterling Rd. Started Fri May 23 2025 5:35 Until Fri May 23 2025 5:50,service_resumed,resumed,,High Park Loop,Dundas St West at Sterling Rd,,,2025-05-23T05:35:00-04:00,2025-05-23T05:50:00-04:00,506-Carlton,2025-05-23T05:36:00-04:00,2025-05-23T05:50:00-04:00,2025-05-23,05:35,America/Toronto,2025,TTCnotices5062025.txt,2500
Main Street: Elevator out of service between concourse and Line 2 Kipling platform. Started Fri May 23 2025 5:54,accessibility,Main Street,,,Elevator out of service between concourse and Line 2 Kipling platform. Started Fri May 23 2025 5:54,elevator_out_of_service,disruption,,concourse,Line 2 Kipling platform,,,2025-05-23T05:54:00-04:00,,506-Carlton,2025-05-23T05:56:00-04:00,2025-05-23T08:00:00-04:00,2025-05-23,05:54,America/Toronto,2025,TTCnotices5062025.txt,169
Main Street: Elevator back in service between concourse and Line 2 Kipling platform. Started Fri May 23 2025 8:01 Until Fri May 23 2025 8:16,accessibility,Main Street,,,Elevator back in service between concourse and Line 2 Kipling platform. Started Fri May 23 2025 8:01 Until Fri May 23 2025 8:16,elevator_back_in_service,resumed,,concourse,Line 2 Kipling platform,,,2025-05-23T08:01:00-04:00,2025-05-23T08:16:00-04:00,506-Carlton,2025-05-23T08:02:00-04:00,2025-05-23T08:16:00-04:00,2025-05-23,08:01,America/Toronto,2025,TTCnotices5062025.txt,172
"506 Carlton: Detour eastbound via Broadview Ave, Queen St E and Coxwell Ave due to a collision. Started Fri May 23 2025 17:17",route,,506,Carlton,"Detour eastbound via Broadview Ave, Queen St E and Coxwell Ave due to a collision. Started Fri May 23 2025 17:17",detour,disruption,eastbound,,,"Broadview Ave, Queen St E and Coxwell Ave",a collision,2025-05-23T17:17:00-04:00,,506-Carlton,2025-05-23T17:18:00-04:00,2025-05-23T17:40:00-04:00,2025-05-23,17:17,America/Toronto,2025,TTCnotices5062025.txt,2503
"506 Carlton: Detour westbound via Coxwell Ave, Queen St E, Broadview Ave, Dundas St E and Church St due to a collision. Started Fri May 23 2025 17:18",route,,506,Carlton,"Detour westbound via Coxwell Ave, Queen St E, Broadview Ave, Dundas St E and Church St due to a collision. Started Fri May 23 2025 17:18",detour,disruption,westbound,,,"Coxwell Ave, Queen St E, Broadview Ave, Dundas St E and Church St",a collision,2025-05-23T17:18:00-04:00,,506-Carlton,2025-05-23T17:20:00-04:00,2025-05-23T17:40:00-04:00,2025-05-23,17:18,America/Toronto,2025,TTCnotices5062025.txt,2506
506 Carlton Regular service has resumed eastbound near Gerrard St East at Broadview Ave. Started Fri May 23 2025 17:39 Until Fri May 23 2025 17:54,route,,506,Carlton,Regular service has resumed eastbound near Gerrard St East at Broadview Ave. Started Fri May 23 2025 17:39 Until Fri May 23 2025 17:54,service_resumed,resumed,eastbound,Gerrard St East at Broadview Ave,,,,2025-05-23T17:39:00-04:00,2025-05-23T17:54:00-04:00,506-Carlton,2025-05-23T17:40:00-04:00,2025-05-23T17:54:00-04:00,2025-05-23,17:39,America/Toronto,2025,TTCnotices5062025.txt,2509
506 Carlton Regular service has resumed westbound near Coxwell Ave at Lower Gerrard St East. Started Fri May 23 2025 17:39 Until Fri May 23 2025 17:54,route,,506,Carlton,Regular service has resumed westbound near Coxwell Ave at Lower Gerrard St East. Started Fri May 23 2025 17:39 Until Fri May 23 2025 17:54,service_resumed,resumed,westbound,Coxwell Ave at Lower Gerrard St East,,,,2025-05-23T17:39:00-04:00,2025-05-23T17:54:00-04:00,506-Carlton,2025-05-23T17:40:00-04:00,2025-05-23T17:54:00-04:00,2025-05-23,17:39,America/Toronto,2025,TTCnotices5062025.txt,2512
"506 Carlton: Detour via Bay St, Dundas St E and Broadview Ave due to a demonstration. Started Sat May 24 2025 16:17",route,,506,Carlton,"Detour via Bay St, Dundas St E and Broadview Ave due to a demonstration. Started Sat May 24 2025 16:17",detour,disruption,,,,"Bay St, Dundas St E and Broadview Ave",a demonstration,2025-05-24T16:17:00-04:00,,506-Carlton,2025-05-24T16:18:00-04:00,2025-05-24T16:24:00-04:00,2025-05-24,16:17,America/Toronto,2025,TTCnotices5062025.txt,2515
"506 Carlton: Detour via Spadina Ave, Dundas St E and Broadview Ave due to a demonstration. Started Sat May 24 2025 16:24",route,,506,Carlton,"Detour via Spadina Ave, Dundas St E and Broadview Ave due to a demonstration. Started Sat May 24 2025 16:24",detour,disruption,,,,"Spadina Ave, Dundas St E and Broadview Ave",a demonstration,2025-05-24T16:24:00-04:00,,506-Carlton,2025-05-24T16:26:00-04:00,2025-05-24T16:36:00-04:00,2025-05-24,16:24,America/Toronto,2025,TTCnotices5062025.txt,2518
506 Carlton Regular service has resumed near College St at Yonge St - College Station. Started Sat May 24 2025 16:35 Until Sat May 24 2025 16:50,route,,506,Carlton,Regular service has resumed near College St at Yonge St - College Station. Started Sat May 24 2025 16:35 Until Sat May 24 2025 16:50,service_resumed,resumed,,College St at Yonge St - College Station,,,,2025-05-24T16:35:00-04:00,2025-05-24T16:50:00-04:00,506-Carlton,2025-05-24T16:36:00-04:00,2025-05-24T16:50:00-04:00,2025-05-24,16:35,America/Toronto,2025,TTCnotices5062025.txt,2521
"506 Carlton: Detour eastbound via Bay St, Dundas St E and Broadview Ave due to a collision. Started Sun May 25 2025 7:34",route,,506,Carlton,"Detour eastbound via Bay St, Dundas St E and Broadview Ave due to a collision. Started Sun May 25 2025 7:34",detour,disruption,eastbound,,,"Bay St, Dundas St E and Broadview Ave",a collision,2025-05-25T07:34:00-04:00,,506-Carlton,2025-05-25T07:36:00-04:00,2025-05-25T08:08:00-04:00,2025-05-25,07:34,America/Toronto,2025,TTCnotices5062025.txt,2524
506 Carlton Regular service has resumed eastbound near College St at Yonge St - College Station. Started Sun May 25 2025 8:08 Until Sun May 25 2025 8:23,route,,506,Carlton,Regular service has resumed eastbound near College St at Yonge St - College Station. Started Sun May 25 2025 8:08 Until Sun May 25 2025 8:23,service_resumed,resumed,eastbound,College St at Yonge St - College Station,,,,2025-05-25T08:08:00-04:00,2025-05-25T08:23:00-04:00,506-Carlton,2025-05-25T08:10:00-04:00,2025-05-25T08:24:00-04:00,2025-05-25,08:08,America/Toronto,2025,TTCnotices5062025.txt,2527
"506 Carlton: Detour eastbound via Church St, Dundas St E and Broadview Ave while we respond to a medical emergency. Started Sun May 25 2025 9:04",route,,506,Carlton,"Detour eastbound via Church St, Dundas St E and Broadview Ave while we respond to a medical emergency. Started Sun May 25 2025 9:04",detour,disruption,eastbound,,,"Church St, Dundas St E and Broadview Ave",we respond to a medical emergency,2025-05-25T09:04:00-04:00,,506-Carlton,2025-05-25T09:05:00-04:00,2025-05-25T09:06:00-04:00,2025-05-25,09:04,America/Toronto,2025,TTCnotices5062025.txt,2530
506 Carlton Regular service has resumed eastbound near Carlton St at Parliament St. Started Sun May 25 2025 9:06 Until Sun May 25 2025 9:21,route,,506,Carlton,Regular service has resumed eastbound near Carlton St at Parliament St. Started Sun May 25 2025 9:06 Until Sun May 25 2025 9:21,service_resumed,resumed,eastbound,Carlton St at Parliament St,,,,2025-05-25T09:06:00-04:00,2025-05-25T09:21:00-04:00,506-Carlton,2025-05-25T09:08:00-04:00,2025-05-25T09:20:00-04:00,2025-05-25,09:06,America/Toronto,2025,TTCnotices5062025.txt,2533
"506 Carlton: Detour westbound via Coxwell Ave, Queen St E, Broadview Ave, Dundas St E and Church St while we fix a mechanical problem. Started Mon May 26 2025 10:39",route,,506,Carlton,"Detour westbound via Coxwell Ave, Queen St E, Broadview Ave, Dundas St E and Church St while we fix a mechanical problem. Started Mon May 26 2025 10:39",detour,disruption,westbound,,,"Coxwell Ave, Queen St E, Broadview Ave, Dundas St E and Church St",we fix a mechanical problem,2025-05-26T10:39:00-04:00,,506-Carlton,2025-05-26T10:40:00-04:00,2025-05-26T10:52:00-04:00,2025-05-26,10:39,America/Toronto,2025,TTCnotices5062025.txt,2536
"506 Carlton: Detour westbound via Coxwell Ave, Queen St E, Broadview Ave, Dundas St E and Church St while we fix a mechanical problem. Started Mon May 26 2025 10:53 Shuttle buses are running.",route,,506,Carlton,"Detour westbound via Coxwell Ave, Queen St E, Broadview Ave, Dundas St E and Church St while we fix a mechanical problem. Started Mon May 26 2025 10:53 Shuttle buses are running.",detour,disruption,westbound,,,"Coxwell Ave, Queen St E, Broadview Ave, Dundas St E and Church St",we fix a mechanical problem,2025-05-26T10:53:00-04:00,,506-Carlton,2025-05-26T10:54:00-04:00,2025-05-26T11:32:00-04:00,2025-05-26,10:53,America/Toronto,2025,TTCnotices5062025.txt,2539
506 Carlton Regular service has resumed westbound near Gerrard St East at Carlaw Ave. Started Mon May 26 2025 11:31 Until Mon May 26 2025 11:46 Shuttle buses are running.,route,,506,Carlton,Regular service has resumed westbound near Gerrard St East at Carlaw Ave. Started Mon May 26 2025 11:31 Until Mon May 26 2025 11:46 Shuttle buses are running.,service_resumed,resumed,westbound,Gerrard St East at Carlaw Ave,,,,2025-05-26T11:31:00-04:00,2025-05-26T11:46:00-04:00,506-Carlton,2025-05-26T11:32:00-04:00,2025-05-26T11:46:00-04:00,2025-05-26,11:31,America/Toronto,2025,TTCnotices5062025.txt,2543
506 Carlton: No service between High Park Loop and College St at Lansdowne Ave while we respond to a medical emergency. Started Wed May 28 2025 7:14,route,,506,Carlton,No service between High Park Loop and College St at Lansdowne Ave while we respond to a medical emergency. Started Wed May 28 2025 7:14,no_service,disruption,,High Park Loop,College St at Lansdowne Ave,,we respond to a medical emergency,2025-05-28T07:14:00-04:00,,506-Carlton,2025-05-28T07:16:00-04:00,2025-05-28T13:02:00-04:00,2025-05-28,07:14,America/Toronto,2025,TTCnotices5062025.txt,2547
506 Carlton Regular service has resumed between High Park Loop and College St at Lansdowne Ave. Started Wed May 28 2025 13:03 Until Wed May 28 2025 13:18,route,,506,Carlton,Regular service has resumed between High Park Loop and College St at Lansdowne Ave. Started Wed May 28 2025 13:03 Until Wed May 28 2025 13:18,service_resumed,resumed,,High Park Loop,College St at Lansdowne Ave,,,2025-05-28T13:03:00-04:00,2025-05-28T13:18:00-04:00,506-Carlton,2025-05-28T13:04:00-04:00,2025-05-28T13:18:00-04:00,2025-05-28,13:03,America/Toronto,2025,TTCnotices5062025.txt,2550
"506 Temporary route change due to Taste of Little Italy 506carlton–Temporary route change due to Taste of Little Italy June 13, 2025 - 03:00 PM to June 16, 2025 - 03:00 AM",other,,506,Temporary,"route change due to Taste of Little Italy 506carlton–Temporary route change due to Taste of Little Italy June 13, 2025 - 03:00 PM to June 16, 2025 - 03:00 AM",other,unknown,,,,,,2025-05-30T11:34:00-04:00,,506-Carlton,2025-05-30T11:34:00-04:00,2025-06-16T03:40:00-04:00,2025-05-30,11:34,America/Toronto,2025,TTCnotices5062025.txt,4540
"506 Carlton: Detour via Church St, Dundas St E, Broadview Ave and Parliament St due to a blocked track. Started Fri May 30 2025 22:52",route,,506,Carlton,"Detour via Church St, Dundas St E, Broadview Ave and Parliament St due to a blocked track. Started Fri May 30 2025 22:52",detour,disruption,,,,"Church St, Dundas St E, Broadview Ave and Parliament St",a blocked track,2025-05-30T22:52:00-04:00,,506-Carlton,2025-05-30T22:54:00-04:00,2025-05-30T22:56:00-04:00,2025-05-30,22:52,America/Toronto,2025,TTCnotices5062025.txt,2553
506 Carlton Regular service has resumed near Carlton St at Parliament St. Started Fri May 30 2025 22:57 Until Fri May 30 2025 23:12,route,,506,Carlton,Regular service has resumed near Carlton St at Parliament St. Started Fri May 30 2025 22:57 Until Fri May 30 2025 23:12,service_resumed,resumed,,Carlton St at Parliament St,,,,2025-05-30T22:57:00-04:00,2025-05-30T23:12:00-04:00,506-Carlton,2025-05-30T22:58:00-04:00,2025-05-30T23:12:00-04:00,2025-05-30,22:57,America/Toronto,2025,TTCnotices5062025.txt,2556
506 Carlton: No service between Gerrard St East at Coxwell Ave and Main Street Station while we respond to a medical emergency. Started Sun Jun 1 2025 8:02,route,,506,Carlton,No service between Gerrard St East at Coxwell Ave and Main Street Station while we respond to a medical emergency. Started Sun Jun 1 2025 8:02,no_service,disruption,,Gerrard St East at Coxwell Ave,Main Street Station,,we respond to a medical emergency,2025-06-01T08:02:00-04:00,,506-Carlton,2025-06-01T08:02:00-04:00,2025-06-01T08:06:00-04:00,2025-06-01,08:02,America/Toronto,2025,TTCnotices5062025.txt,2559
506 Carlton Regular service has resumed between Gerrard St East at Coxwell Ave and Main Street Station. Started Sun Jun 1 2025 8:06 Until Sun Jun 1 2025 8:21,route,,506,Carlton,Regular service has resumed between Gerrard St East at Coxwell Ave and Main Street Station. Started Sun Jun 1 2025 8:06 Until Sun Jun 1 2025 8:21,service_resumed,resumed,,Gerrard St East at Coxwell Ave,Main Street Station,,,2025-06-01T08:06:00-04:00,2025-06-01T08:21:00-04:00,506-Carlton,2025-06-01T08:08:00-04:00,2025-06-01T08:22:00-04:00,2025-06-01,08:06,America/Toronto,2025,TTCnotices5062025.txt,2562
506 Carlton: Delays between Main Street Station and High Park Loop due to traffic congestion. Started Sun Jun 1 2025 15:49,route,,506,Carlton,Delays between Main Street Station and High Park Loop due to traffic congestion. Started Sun Jun 1 2025 15:49,delay,disruption,,Main Street Station,High Park Loop,,traffic congestion,2025-06-01T15:49:00-04:00,,506-Carlton,2025-06-01T15:50:00-04:00,2025-06-01T20:52:00-04:00,2025-06-01,15:49,America/Toronto,2025,TTCnotices5062025.txt,2565
"506 Carlton: Detour via Bay St, Dundas St W and Spadina Ave due to a collision. Started Sun Jun 1 2025 18:06",route,,506,Carlton,"Detour via Bay St, Dundas St W and Spadina Ave due to a collision. Started Sun Jun 1 2025 18:06",detour,disruption,,,,"Bay St, Dundas St W and Spadina Ave",a collision,2025-06-01T18:06:00-04:00,,506-Carlton,2025-06-01T18:06:00-04:00,2025-06-01T18:38:00-04:00,2025-06-01,18:06,America/Toronto,2025,TTCnotices5062025.txt,2568
506 Carlton Regular service has resumed near College St at Elizabeth St. Started Sun Jun 1 2025 18:38 Until Sun Jun 1 2025 18:53,route,,506,Carlton,Regular service has resumed near College St at Elizabeth St. Started Sun Jun 1 2025 18:38 Until Sun Jun 1 2025 18:53,service_resumed,resumed,,College St at Elizabeth St,,,,2025-06-01T18:38:00-04:00,2025-06-01T18:53:00-04:00,506-Carlton,2025-06-01T18:40:00-04:00,2025-06-01T18:52:00-04:00,2025-06-01,18:38,America/Toronto,2025,TTCnotices5062025.txt,2571
506 Carlton Regular service has resumed between Main Street Station and High Park Loop. Started Sun Jun 1 2025 20:52 Until Sun Jun 1 2025 21:07,route,,506,Carlton,Regular service has resumed between Main Street Station and High Park Loop. Started Sun Jun 1 2025 20:52 Until Sun Jun 1 2025 21:07,service_resumed,resumed,,Main Street Station,High Park Loop,,,2025-06-01T20:52:00-04:00,2025-06-01T21:07:00-04:00,506-Carlton,2025-06-01T20:54:00-04:00,2025-06-01T21:08:00-04:00,2025-06-01,20:52,America/Toronto,2025,TTCnotices5062025.txt,2574
506 Carlton: No service between High Park Loop and College St at Lansdowne Ave while we deal with a disruptive customer. Started Mon Jun 2 2025 3:28,route,,506,Carlton,No service between High Park Loop and College St at Lansdowne Ave while we deal with a disruptive customer. Started Mon Jun 2 2025 3:28,no_service,disruption,,High Park Loop,College St at Lansdowne Ave,,we deal with a disruptive customer,2025-06-02T03:28:00-04:00,,506-Carlton,2025-06-02T03:28:00-04:00,2025-06-02T03:46:00-04:00,2025-06-02,03:28,America/Toronto,2025,TTCnotices5062025.txt,2577
506 Carlton Regular service has resumed between High Park Loop and College St at Lansdowne Ave. Started Mon Jun 2 2025 3:46 Until Mon Jun 2 2025 4:01,route,,506,Carlton,Regular service has resumed between High Park Loop and College St at Lansdowne Ave. Started Mon Jun 2 2025 3:46 Until Mon Jun 2 2025 4:01,service_resumed,resumed,,High Park Loop,College St at Lansdowne Ave,,,2025-06-02T03:46:00-04:00,2025-06-02T04:01:00-04:00,506-Carlton,2025-06-02T03:48:00-04:00,2025-06-02T04:00:00-04:00,2025-06-02,03:46,America/Toronto,2025,TTCnotices5062025.txt,2580
506 Carlton: Detour westbound via Bathurst St and Dundas St W due to a security incident. Started Mon Jun 2 2025 4:43,route,,506,Carlton,Detour westbound via Bathurst St and Dundas St W due to a security incident. Started Mon Jun 2 2025 4:43,detour,disruption,westbound,,,Bathurst St and Dundas St W,a security incident,2025-06-02T04:43:00-04:00,,506-Carlton,2025-06-02T04:44:00-04:00,2025-06-02T05:02:00-04:00,2025-06-02,04:43,America/Toronto,2025,TTCnotices5062025.txt,2583
506 Carlton Regular service has resumed westbound near College St at Dufferin St. Started Mon Jun 2 2025 5:03 Until Mon Jun 2 2025 5:18,route,,506,Carlton,Regular service has resumed westbound near College St at Dufferin St. Started Mon Jun 2 2025 5:03 Until Mon Jun 2 2025 5:18,service_resumed,resumed,westbound,College St at Dufferin St,,,,2025-06-02T05:03:00-04:00,2025-06-02T05:18:00-04:00,506-Carlton,2025-06-02T05:04:00-04:00,2025-06-02T05:18:00-04:00,2025-06-02,05:03,America/Toronto,2025,TTCnotices5062025.txt,2586
506 Carlton: No service between High Park Loop and College St at Lansdowne Ave due to a security incident. Started Mon Jun 2 2025 11:01,route,,506,Carlton,No service between High Park Loop and College St at Lansdowne Ave due to a security incident. Started Mon Jun 2 2025 11:01,no_service,disruption,,High Park Loop,College St at Lansdowne Ave,,a security incident,2025-06-02T11:01:00-04:00,,506-Carlton,2025-06-02T11:02:00-04:00,2025-06-02T11:10:00-04:00,2025-06-02,11:01,America/Toronto,2025,TTCnotices5062025.txt,2589
506 Carlton Regular service has resumed between High Park Loop and College St at Lansdowne Ave. Started Mon Jun 2 2025 11:11 Until Mon Jun 2 2025 11:26,route,,506,Carlton,Regular service has resumed between High Park Loop and College St at Lansdowne Ave. Started Mon Jun 2 2025 11:11 Until Mon Jun 2 2025 11:26,service_resumed,resumed,,High Park Loop,College St at Lansdowne Ave,,,2025-06-02T11:11:00-04:00,2025-06-02T11:26:00-04:00,506-Carlton,2025-06-02T11:14:00-04:00,2025-06-02T11:26:00-04:00,2025-06-02,11:11,America/Toronto,2025,TTCnotices5062025.txt,2592
506 Carlton: No service between Main Street Station and Coxwell Ave at Lower Gerrard St East while we fix a mechanical problem. Shuttle buses are on the way. Started Mon Jun 2 2025 14:47,route,,506,Carlton,No service between Main Street Station and Coxwell Ave at Lower Gerrard St East while we fix a mechanical problem. Shuttle buses are on the way. Started Mon Jun 2 2025 14:47,no_service,disruption,,Main Street Station,Coxwell Ave at Lower Gerrard St East,,we fix a mechanical problem. Shuttle buses are on the way,2025-06-02T14:47:00-04:00,,506-Carlton,2025-06-02T14:48:00-04:00,2025-06-02T15:16:00-04:00,2025-06-02,14:47,America/Toronto,2025,TTCnotices5062025.txt,2595
506 Carlton Regular service has resumed between Main Street Station and Coxwell Ave at Lower Gerrard St East. Started Mon Jun 2 2025 15:16 Until Mon Jun 2 2025 15:31,route,,506,Carlton,Regular service has resumed between Main Street Station and Coxwell Ave at Lower Gerrard St East. Started Mon Jun 2 2025 15:16 Until Mon Jun 2 2025 15:31,service_resumed,resumed,,Main Street Station,Coxwell Ave at Lower Gerrard St East,,,2025-06-02T15:16:00-04:00,2025-06-02T15:31:00-04:00,506-Carlton,2025-06-02T15:18:00-04:00,2025-06-02T15:30:00-04:00,2025-06-02,15:16,America/Toronto,2025,TTCnotices5062025.txt,2598
"506 Carlton: Detour eastbound via Church St, Dundas St E and Broadview Ave due to a blocked track. Started Mon Jun 2 2025 19:25",route,,506,Carlton,"Detour eastbound via Church St, Dundas St E and Broadview Ave due to a blocked track. Started Mon Jun 2 2025 19:25",detour,disruption,eastbound,,,"Church St, Dundas St E and Broadview Ave",a blocked track,2025-06-02T19:25:00-04:00,,506-Carlton,2025-06-02T19:26:00-04:00,2025-06-02T20:34:00-04:00,2025-06-02,19:25,America/Toronto,2025,TTCnotices5062025.txt,2601
506 Carlton Regular service has resumed eastbound near Carlton St at Jarvis St. Started Mon Jun 2 2025 20:35 Until Mon Jun 2 2025 20:50,route,,506,Carlton,Regular service has resumed eastbound near Carlton St at Jarvis St. Started Mon Jun 2 2025 20:35 Until Mon Jun 2 2025 20:50,service_resumed,resumed,eastbound,Carlton St at Jarvis St,,,,2025-06-02T20:35:00-04:00,2025-06-02T20:50:00-04:00,506-Carlton,2025-06-02T20:36:00-04:00,2025-06-02T20:50:00-04:00,2025-06-02,20:35,America/Toronto,2025,TTCnotices5062025.txt,2604
506 Carlton: Detour westbound via Dundas St W and Spadina Ave while we respond to a medical emergency. Started Tue Jun 3 2025 0:21,route,,506,Carlton,Detour westbound via Dundas St W and Spadina Ave while we respond to a medical emergency. Started Tue Jun 3 2025 0:21,detour,disruption,westbound,,,Dundas St W and Spadina Ave,we respond to a medical emergency,2025-06-03T00:21:00-04:00,,506-Carlton,2025-06-03T00:22:00-04:00,2025-06-03T00:44:00-04:00,2025-06-03,00:21,America/Toronto,2025,TTCnotices5062025.txt,2607
506 Carlton Regular service has resumed westbound near College St at Bay St. Started Tue Jun 3 2025 0:45 Until Tue Jun 3 2025 1:00,route,,506,Carlton,Regular service has resumed westbound near College St at Bay St. Started Tue Jun 3 2025 0:45 Until Tue Jun 3 2025 1:00,service_resumed,resumed,westbound,College St at Bay St,,,,2025-06-03T00:45:00-04:00,2025-06-03T01:00:00-04:00,506-Carlton,2025-06-03T00:46:00-04:00,2025-06-03T01:00:00-04:00,2025-06-03,00:45,America/Toronto,2025,TTCnotices5062025.txt,2610
506 Carlton: No service between Gerrard St East at Coxwell Ave and Main Street Station while we deal with a disruptive customer. Started Tue Jun 3 2025 23:11,route,,506,Carlton,No service between Gerrard St East at Coxwell Ave and Main Street Station while we deal with a disruptive customer. Started Tue Jun 3 2025 23:11,no_service,disruption,,Gerrard St East at Coxwell Ave,Main Street Station,,we deal with a disruptive customer,2025-06-03T23:11:00-04:00,,506-Carlton,2025-06-03T23:12:00-04:00,2025-06-04T01:24:00-04:00,2025-06-03,23:11,America/Toronto,2025,TTCnotices5062025.txt,2613
506 Carlton Regular service has resumed between Gerrard St East at Coxwell Ave and Main Street Station. Started Wed Jun 4 2025 1:24 Until Wed Jun 4 2025 1:39,route,,506,Carlton,Regular service has resumed between Gerrard St East at Coxwell Ave and Main Street Station. Started Wed Jun 4 2025 1:24 Until Wed Jun 4 2025 1:39,service_resumed,resumed,,Gerrard St East at Coxwell Ave,Main Street Station,,,2025-06-04T01:24:00-04:00,2025-06-04T01:39:00-04:00,506-Carlton,2025-06-04T01:24:00-04:00,2025-06-04T01:38:00-04:00,2025-06-04,01:24,America/Toronto,2025,TTCnotices5062025.txt,2616
506 Carlton: Delays eastbound near Coxwell Ave at Gerrard St East due to traffic congestion. Started Wed Jun 4 2025 9:02,route,,506,Carlton,Delays eastbound near Coxwell Ave at Gerrard St East due to traffic congestion. Started Wed Jun 4 2025 9:02,delay,disruption,eastbound,Coxwell Ave at Gerrard St East,,,traffic congestion,2025-06-04T09:02:00-04:00,,506-Carlton,2025-06-04T09:04:00-04:00,2025-06-04T11:34:00-04:00,2025-06-04,09:02,America/Toronto,2025,TTCnotices5062025.txt,2619
506 Carlton Regular service has resumed eastbound near Coxwell Ave at Gerrard St East. Started Wed Jun 4 2025 11:34 Until Wed Jun 4 2025 11:49,route,,506,Carlton,Regular service has resumed eastbound near Coxwell Ave at Gerrard St East. Started Wed Jun 4 2025 11:34 Until Wed Jun 4 2025 11:49,service_resumed,resumed,eastbound,Coxwell Ave at Gerrard St East,,,,2025-06-04T11:34:00-04:00,2025-06-04T11:49:00-04:00,506-Carlton,2025-06-04T11:34:00-04:00,2025-06-04T11:48:00-04:00,2025-06-04,11:34,America/Toronto,2025,TTCnotices5062025.txt,2622
"Main Street: Elevator out of service between Main St entrance, concourse and Line 2 Kennedy platform. Started Wed Jun 4 2025 12:47",accessibility,Main Street,,,"Elevator out of service between Main St entrance, concourse and Line 2 Kennedy platform. Started Wed Jun 4 2025 12:47",elevator_out_of_service,disruption,,"Main St entrance, concourse",Line 2 Kennedy platform,,,2025-06-04T12:47:00-04:00,,506-Carlton,2025-06-04T12:48:00-04:00,2025-06-04T14:52:00-04:00,2025-06-04,12:47,America/Toronto,2025,TTCnotices5062025.txt,175
"Main Street: Elevator back in service between Main St entrance, concourse and Line 2 Kennedy platform. Started Wed Jun 4 2025 14:53 Until Wed Jun 4 2025 15:08",accessibility,Main Street,,,"Elevator back in service between Main St entrance, concourse and Line 2 Kennedy platform. Started Wed Jun 4 2025 14:53 Until Wed Jun 4 2025 15:08",elevator_back_in_service,resumed,,"Main St entrance, concourse",Line 2 Kennedy platform,,,2025-06-04T14:53:00-04:00,2025-06-04T15:08:00-04:00,506-Carlton,2025-06-04T14:54:00-04:00,2025-06-04T15:08:00-04:00,2025-06-04,14:53,America/Toronto,2025,TTCnotices5062025.txt,178
506 Carlton: Detour westbound via Bathurst St and Dundas St E due to a blocked track. Started Wed Jun 4 2025 16:28,route,,506,Carlton,Detour westbound via Bathurst St and Dundas St E due to a blocked track. Started Wed Jun 4 2025 16:28,detour,disruption,westbound,,,Bathurst St and Dundas St E,a blocked track,2025-06-04T16:28:00-04:00,,506-Carlton,2025-06-04T16:30:00-04:00,2025-06-04T18:48:00-04:00,2025-06-04,16:28,America/Toronto,2025,TTCnotices5062025.txt,2625
506 Carlton Regular service has resumed westbound near College St at Dufferin St. Started Wed Jun 4 2025 18:48 Until Wed Jun 4 2025 19:03,route,,506,Carlton,Regular service has resumed westbound near College St at Dufferin St. Started Wed Jun 4 2025 18:48 Until Wed Jun 4 2025 19:03,service_resumed,resumed,westbound,College St at Dufferin St,,,,2025-06-04T18:48:00-04:00,2025-06-04T19:03:00-04:00,506-Carlton,2025-06-04T18:50:00-04:00,2025-06-04T19:04:00-04:00,2025-06-04,18:48,America/Toronto,2025,TTCnotices5062025.txt,2628
506 Carlton: Detour westbound via Bathurst St and Dundas St E due to a blocked track. Started Wed Jun 4 2025 18:52,route,,506,Carlton,Detour westbound via Bathurst St and Dundas St E due to a blocked track. Started Wed Jun 4 2025 18:52,detour,disruption,westbound,,,Bathurst St and Dundas St E,a blocked track,2025-06-04T18:52:00-04:00,,506-Carlton,2025-06-04T18:54:00-04:00,2025-06-04T19:06:00-04:00,2025-06-04,18:52,America/Toronto,2025,TTCnotices5062025.txt,2631
506 Carlton Regular service has resumed westbound near College St at Dufferin St. Started Wed Jun 4 2025 19:06 Until Wed Jun 4 2025 19:21,route,,506,Carlton,Regular service has resumed westbound near College St at Dufferin St. Started Wed Jun 4 2025 19:06 Until Wed Jun 4 2025 19:21,service_resumed,resumed,westbound,College St at Dufferin St,,,,2025-06-04T19:06:00-04:00,2025-06-04T19:21:00-04:00,506-Carlton,2025-06-04T19:08:00-04:00,2025-06-04T19:20:00-04:00,2025-06-04,19:06,America/Toronto,2025,TTCnotices5062025.txt,2634
506 Carlton: Delays eastbound near Parliament St at Gerrard St East due to traffic congestion. Started Thu Jun 5 2025 9:19,route,,506,Carlton,Delays eastbound near Parliament St at Gerrard St East due to traffic congestion. Started Thu Jun 5 2025 9:19,delay,disruption,eastbound,Parliament St at Gerrard St East,,,traffic congestion,2025-06-05T09:19:00-04:00,,506-Carlton,2025-06-05T09:20:00-04:00,2025-06-05T12:56:00-04:00,2025-06-05,09:19,America/Toronto,2025,TTCnotices5062025.txt,2637
506 Carlton Regular service has resumed eastbound near Parliament St at Gerrard St East. Started Thu Jun 5 2025 12:56 Until Thu Jun 5 2025 13:11,route,,506,Carlton,Regular service has resumed eastbound near Parliament St at Gerrard St East. Started Thu Jun 5 2025 12:56 Until Thu Jun 5 2025 13:11,service_resumed,resumed,eastbound,Parliament St at Gerrard St East,,,,2025-06-05T12:56:00-04:00,2025-06-05T13:11:00-04:00,506-Carlton,2025-06-05T12:58:00-04:00,2025-06-05T13:10:00-04:00,2025-06-05,12:56,America/Toronto,2025,TTCnotices5062025.txt,2640
"506 Carlton: Detour westbound via Broadview Ave, Dundas St E and Church St while we respond to a medical emergency. Started Thu Jun 5 2025 22:56",route,,506,Carlton,"Detour westbound via Broadview Ave, Dundas St E and Church St while we respond to a medical emergency. Started Thu Jun 5 2025 22:56",detour,disruption,westbound,,,"Broadview Ave, Dundas St E and Church St",we respond to a medical emergency,2025-06-05T22:56:00-04:00,,506-Carlton,2025-06-05T22:58:00-04:00,2025-06-05T23:16:00-04:00,2025-06-05,22:56,America/Toronto,2025,TTCnotices5062025.txt,2643
506 Carlton Regular service has resumed westbound near Carlton St at Sherbourne St. Started Thu Jun 5 2025 23:16 Until Thu Jun 5 2025 23:31,route,,506,Carlton,Regular service has resumed westbound near Carlton St at Sherbourne St. Started Thu Jun 5 2025 23:16 Until Thu Jun 5 2025 23:31,service_resumed,resumed,westbound,Carlton St at Sherbourne St,,,,2025-06-05T23:16:00-04:00,2025-06-05T23:31:00-04:00,506-Carlton,2025-06-05T23:16:00-04:00,2025-06-05T23:28:00-04:00,2025-06-05,23:16,America/Toronto,2025,TTCnotices5062025.txt,2646
506 Carlton: Delays eastbound near Gerrard St East at Coxwell Ave while we respond to a medical emergency. Started Fri Jun 6 2025 10:58,route,,506,Carlton,Delays eastbound near Gerrard St East at Coxwell Ave while we respond to a medical emergency. Started Fri Jun 6 2025 10:58,delay,disruption,eastbound,Gerrard St East at Coxwell Ave,,,we respond to a medical emergency,2025-06-06T10:58:00-04:00,,506-Carlton,2025-06-06T11:00:00-04:00,2025-06-06T11:04:00-04:00,2025-06-06,10:58,America/Toronto,2025,TTCnotices5062025.txt,2649
506 Carlton Regular service has resumed eastbound near Gerrard St East at Coxwell Ave. Started Fri Jun 6 2025 11:04 Until Fri Jun 6 2025 11:19,route,,506,Carlton,Regular service has resumed eastbound near Gerrard St East at Coxwell Ave. Started Fri Jun 6 2025 11:04 Until Fri Jun 6 2025 11:19,service_resumed,resumed,eastbound,Gerrard St East at Coxwell Ave,,,,2025-06-06T11:04:00-04:00,2025-06-06T11:19:00-04:00,506-Carlton,2025-06-06T11:06:00-04:00,2025-06-06T11:18:00-04:00,2025-06-06,11:04,America/Toronto,2025,TTCnotices5062025.txt,2652
"506 Carlton: Detour eastbound via Church St, Dundas St E, Broadview Ave and Gerrard St E due to a blocked track. Started Fri Jun 6 2025 13:18",route,,506,Carlton,"Detour eastbound via Church St, Dundas St E, Broadview Ave and Gerrard St E due to a blocked track. Started Fri Jun 6 2025 13:18",detour,disruption,eastbound,,,"Church St, Dundas St E, Broadview Ave and Gerrard St E",a blocked track,2025-06-06T13:18:00-04:00,,506-Carlton,2025-06-06T13:20:00-04:00,2025-06-06T13:28:00-04:00,2025-06-06,13:18,America/Toronto,2025,TTCnotices5062025.txt,2655
506 Carlton Regular service has resumed eastbound near Carlton St at Parliament St. Started Fri Jun 6 2025 13:29 Until Fri Jun 6 2025 13:44,route,,506,Carlton,Regular service has resumed eastbound near Carlton St at Parliament St. Started Fri Jun 6 2025 13:29 Until Fri Jun 6 2025 13:44,service_resumed,resumed,eastbound,Carlton St at Parliament St,,,,2025-06-06T13:29:00-04:00,2025-06-06T13:44:00-04:00,506-Carlton,2025-06-06T13:30:00-04:00,2025-06-06T13:44:00-04:00,2025-06-06,13:29,America/Toronto,2025,TTCnotices5062025.txt,2658
"506 Carlton: Detour via College St, Bathurst St and Bathurst Station while we respond to a medical emergency. Started Fri Jun 6 2025 23:32",route,,506,Carlton,"Detour via College St, Bathurst St and Bathurst Station while we respond to a medical emergency. Started Fri Jun 6 2025 23:32",detour,disruption,,,,"College St, Bathurst St and Bathurst Station",we respond to a medical emergency,2025-06-06T23:32:00-04:00,,506-Carlton,2025-06-06T23:32:00-04:00,2025-06-06T23:36:00-04:00,2025-06-06,23:32,America/Toronto,2025,TTCnotices5062025.txt,2661
"506 Carlton: Detour via College St, Bathurst St and Bathurst Station while we respond to a medical emergency. Started Fri Jun 6 2025 23:36 Shuttle buses operating.",route,,506,Carlton,"Detour via College St, Bathurst St and Bathurst Station while we respond to a medical emergency. Started Fri Jun 6 2025 23:36 Shuttle buses operating.",detour,disruption,,,,"College St, Bathurst St and Bathurst Station",we respond to a medical emergency,2025-06-06T23:36:00-04:00,,506-Carlton,2025-06-06T23:38:00-04:00,2025-06-07T00:12:00-04:00,2025-06-06,23:36,America/Toronto,2025,TTCnotices5062025.txt,2664
506 Carlton Regular service has resumed near College St at Dufferin St. Started Sat Jun 7 2025 0:12 Until Sat Jun 7 2025 0:27 Shuttle buses operating.,route,,506,Carlton,Regular service has resumed near College St at Dufferin St. Started Sat Jun 7 2025 0:12 Until Sat Jun 7 2025 0:27 Shuttle buses operating.,service_resumed,resumed,,College St at Dufferin St,,,,2025-06-07T00:12:00-04:00,2025-06-07T00:27:00-04:00,506-Carlton,2025-06-07T00:14:00-04:00,2025-06-07T00:26:00-04:00,2025-06-07,00:12,America/Toronto,2025,TTCnotices5062025.txt,2668
"506 Carlton: Detour eastbound via Church St, Dundas St E, Broadview Ave and Gerrard St E due to a collision. Started Sat Jun 7 2025 14:53",route,,506,Carlton,"Detour eastbound via Church St, Dundas St E, Broadview Ave and Gerrard St E due to a collision. Started Sat Jun 7 2025 14:53",detour,disruption,eastbound,,,"Church St, Dundas St E, Broadview Ave and Gerrard St E",a collision,2025-06-07T14:53:00-04:00,,506-Carlton,2025-06-07T14:56:00-04:00,2025-06-07T15:46:00-04:00,2025-06-07,14:53,America/Toronto,2025,TTCnotices5062025.txt,2672
506 Carlton Regular service has resumed eastbound near Parliament St at Gerrard St East. Started Sat Jun 7 2025 15:46 Until Sat Jun 7 2025 16:01,route,,506,Carlton,Regular service has resumed eastbound near Parliament St at Gerrard St East. Started Sat Jun 7 2025 15:46 Until Sat Jun 7 2025 16:01,service_resumed,resumed,eastbound,Parliament St at Gerrard St East,,,,2025-06-07T15:46:00-04:00,2025-06-07T16:01:00-04:00,506-Carlton,2025-06-07T15:46:00-04:00,2025-06-07T16:00:00-04:00,2025-06-07,15:46,America/Toronto,2025,TTCnotices5062025.txt,2675
"506 Carlton: Detour westbound via Mccaul St, Queen St W, Spadina Ave and College St while we respond to a medical emergency. Started Sat Jun 7 2025 16:24",route,,506,Carlton,"Detour westbound via Mccaul St, Queen St W, Spadina Ave and College St while we respond to a medical emergency. Started Sat Jun 7 2025 16:24",detour,disruption,westbound,,,"Mccaul St, Queen St W, Spadina Ave and College St",we respond to a medical emergency,2025-06-07T16:24:00-04:00,,506-Carlton,2025-06-07T16:26:00-04:00,2025-06-07T16:52:00-04:00,2025-06-07,16:24,America/Toronto,2025,TTCnotices5062025.txt,2678
506 Carlton Regular service has resumed westbound near College St at Spadina Ave. Started Sat Jun 7 2025 16:53 Until Sat Jun 7 2025 17:08,route,,506,Carlton,Regular service has resumed westbound near College St at Spadina Ave. Started Sat Jun 7 2025 16:53 Until Sat Jun 7 2025 17:08,service_resumed,resumed,westbound,College St at Spadina Ave,,,,2025-06-07T16:53:00-04:00,2025-06-07T17:08:00-04:00,506-Carlton,2025-06-07T16:54:00-04:00,2025-06-07T17:08:00-04:00,2025-06-07,16:53,America/Toronto,2025,TTCnotices5062025.txt,2681
"506 Carlton: Detour eastbound via Ossington Ave, Dundas St W and Bathurst St due to a collision. Started Sat Jun 7 2025 23:21",route,,506,Carlton,"Detour eastbound via Ossington Ave, Dundas St W and Bathurst St due to a collision. Started Sat Jun 7 2025 23:21",detour,disruption,eastbound,,,"Ossington Ave, Dundas St W and Bathurst St",a collision,2025-06-07T23:21:00-04:00,,506-Carlton,2025-06-07T23:22:00-04:00,2025-06-07T23:38:00-04:00,2025-06-07,23:21,America/Toronto,2025,TTCnotices5062025.txt,2684
506 Carlton Regular service has resumed eastbound near College St at Crawford St. Started Sat Jun 7 2025 23:38 Until Sat Jun 7 2025 23:53,route,,506,Carlton,Regular service has resumed eastbound near College St at Crawford St. Started Sat Jun 7 2025 23:38 Until Sat Jun 7 2025 23:53,service_resumed,resumed,eastbound,College St at Crawford St,,,,2025-06-07T23:38:00-04:00,2025-06-07T23:53:00-04:00,506-Carlton,2025-06-07T23:40:00-04:00,2025-06-07T23:54:00-04:00,2025-06-07,23:38,America/Toronto,2025,TTCnotices5062025.txt,2687
"506 Carlton: Detour via Broadview Ave, Queen St E and Coxwell Ave due to a collision. Started Sun Jun 8 2025 9:25",route,,506,Carlton,"Detour via Broadview Ave, Queen St E and Coxwell Ave due to a collision. Started Sun Jun 8 2025 9:25",detour,disruption,,,,"Broadview Ave, Queen St E and Coxwell Ave",a collision,2025-06-08T09:25:00-04:00,,506-Carlton,2025-06-08T09:26:00-04:00,2025-06-08T10:36:00-04:00,2025-06-08,09:25,America/Toronto,2025,TTCnotices5062025.txt,2690
506 Carlton Regular service has resumed near Gerrard St East at Pape Ave. Started Sun Jun 8 2025 10:36 Until Sun Jun 8 2025 10:51,route,,506,Carlton,Regular service has resumed near Gerrard St East at Pape Ave. Started Sun Jun 8 2025 10:36 Until Sun Jun 8 2025 10:51,service_resumed,resumed,,Gerrard St East at Pape Ave,,,,2025-06-08T10:36:00-04:00,2025-06-08T10:51:00-04:00,506-Carlton,2025-06-08T10:38:00-04:00,2025-06-08T10:50:00-04:00,2025-06-08,10:36,America/Toronto,2025,TTCnotices5062025.txt,2693
506 Carlton: Delays between College St at Bathurst St and College St at Ossington Ave due to an event. Started Sun Jun 8 2025 17:06,route,,506,Carlton,Delays between College St at Bathurst St and College St at Ossington Ave due to an event. Started Sun Jun 8 2025 17:06,delay,disruption,,College St at Bathurst St,College St at Ossington Ave,,an event,2025-06-08T17:06:00-04:00,,506-Carlton,2025-06-08T17:08:00-04:00,2025-06-09T01:28:00-04:00,2025-06-08,17:06,America/Toronto,2025,TTCnotices5062025.txt,2696
"506 Carlton: Detour eastbound via Church St, Dundas St E and Broadview Ave while we respond to a medical emergency. Started Sun Jun 8 2025 23:55",route,,506,Carlton,"Detour eastbound via Church St, Dundas St E and Broadview Ave while we respond to a medical emergency. Started Sun Jun 8 2025 23:55",detour,disruption,eastbound,,,"Church St, Dundas St E and Broadview Ave",we respond to a medical emergency,2025-06-08T23:55:00-04:00,,506-Carlton,2025-06-08T23:56:00-04:00,2025-06-09T00:14:00-04:00,2025-06-08,23:55,America/Toronto,2025,TTCnotices5062025.txt,2699
506 Carlton Regular service has resumed eastbound near Gerrard St East at Blackburn St. Started Mon Jun 9 2025 0:15 Until Mon Jun 9 2025 0:30,route,,506,Carlton,Regular service has resumed eastbound near Gerrard St East at Blackburn St. Started Mon Jun 9 2025 0:15 Until Mon Jun 9 2025 0:30,service_resumed,resumed,eastbound,Gerrard St East at Blackburn St,,,,2025-06-09T00:15:00-04:00,2025-06-09T00:30:00-04:00,506-Carlton,2025-06-09T00:16:00-04:00,2025-06-09T00:30:00-04:00,2025-06-09,00:15,America/Toronto,2025,TTCnotices5062025.txt,2702
"506 Temporary route change due to Journey to Conquer Cancer 506carlton–Temporary route change due to Journey to Conquer Cancer June 15, 2025 - 09:00 AM to June 15, 2025 - 01:00 PM",other,,506,Temporary,"route change due to Journey to Conquer Cancer 506carlton–Temporary route change due to Journey to Conquer Cancer June 15, 2025 - 09:00 AM to June 15, 2025 - 01:00 PM",other,unknown,,,,,,2025-06-09T10:38:00-04:00,,506-Carlton,2025-06-09T10:38:00-04:00,2025-06-15T13:40:00-04:00,2025-06-09,10:38,America/Toronto,2025,TTCnotices5062025.txt,4545
Wellesley: Elevator out of service between Wellesley St entrance to Line 1 Finch platform. Started Mon Jun 9 2025 18:57,accessibility,Wellesley,,,Elevator out of service between Wellesley St entrance to Line 1 Finch platform. Started Mon Jun 9 2025 18:57,elevator_out_of_service,disruption,,,,,,2025-06-09T18:57:00-04:00,,506-Carlton,2025-06-09T18:58:00-04:00,2025-06-09T21:12:00-04:00,2025-06-09,18:57,America/Toronto,2025,TTCnotices5062025.txt,181
506 Carlton: Delays near College St at Bay St due to a demonstration. Started Mon Jun 9 2025 19:16,route,,506,Carlton,Delays near College St at Bay St due to a demonstration. Started Mon Jun 9 2025 19:16,delay,disruption,,College St at Bay St,,,a demonstration,2025-06-09T19:16:00-04:00,,506-Carlton,2025-06-09T19:18:00-04:00,2025-06-09T19:20:00-04:00,2025-06-09,19:16,America/Toronto,2025,TTCnotices5062025.txt,2705
506 Carlton Regular service has resumed near College St at Bay St. Started Mon Jun 9 2025 19:20 Until Mon Jun 9 2025 19:35,route,,506,Carlton,Regular service has resumed near College St at Bay St. Started Mon Jun 9 2025 19:20 Until Mon Jun 9 2025 19:35,service_resumed,resumed,,College St at Bay St,,,,2025-06-09T19:20:00-04:00,2025-06-09T19:35:00-04:00,506-Carlton,2025-06-09T19:22:00-04:00,2025-06-09T19:34:00-04:00,2025-06-09,19:20,America/Toronto,2025,TTCnotices5062025.txt,2708
Wellesley: Elevator back in service between Wellesley St entrance to Line 1 Finch platform. Started Mon Jun 9 2025 21:12 Until Mon Jun 9 2025 21:27,accessibility,Wellesley,,,Elevator back in service between Wellesley St entrance to Line 1 Finch platform. Started Mon Jun 9 2025 21:12 Until Mon Jun 9 2025 21:27,elevator_back_in_service,resumed,,,,,,2025-06-09T21:12:00-04:00,2025-06-09T21:27:00-04:00,506-Carlton,2025-06-09T21:14:00-04:00,2025-06-09T21:28:00-04:00,2025-06-09,21:12,America/Toronto,2025,TTCnotices5062025.txt,184
506 Carlton: Detour westbound via Dundas St W and Church St due to a security incident. Started Tue Jun 10 2025 22:02,route,,506,Carlton,Detour westbound via Dundas St W and Church St due to a security incident. Started Tue Jun 10 2025 22:02,detour,disruption,westbound,,,Dundas St W and Church St,a security incident,2025-06-10T22:02:00-04:00,,506-Carlton,2025-06-10T22:02:00-04:00,2025-06-10T22:08:00-04:00,2025-06-10,22:02,America/Toronto,2025,TTCnotices5062025.txt,2711
506 Carlton: Detour westbound via Dundas St W and Church St while we respond to a medical emergency. Started Tue Jun 10 2025 22:08,route,,506,Carlton,Detour westbound via Dundas St W and Church St while we respond to a medical emergency. Started Tue Jun 10 2025 22:08,detour,disruption,westbound,,,Dundas St W and Church St,we respond to a medical emergency,2025-06-10T22:08:00-04:00,,506-Carlton,2025-06-10T22:10:00-04:00,2025-06-10T22:32:00-04:00,2025-06-10,22:08,America/Toronto,2025,TTCnotices5062025.txt,2714
506 Carlton Regular service has resumed westbound near Gerrard St East at Broadview Ave. Started Tue Jun 10 2025 22:32 Until Tue Jun 10 2025 22:47,route,,506,Carlton,Regular service has resumed westbound near Gerrard St East at Broadview Ave. Started Tue Jun 10 2025 22:32 Until Tue Jun 10 2025 22:47,service_resumed,resumed,westbound,Gerrard St East at Broadview Ave,,,,2025-06-10T22:32:00-04:00,2025-06-10T22:47:00-04:00,506-Carlton,2025-06-10T22:34:00-04:00,2025-06-10T22:46:00-04:00,2025-06-10,22:32,America/Toronto,2025,TTCnotices5062025.txt,2717
506 Carlton: No service eastbound from High Park Loop to College St at Lansdowne Ave while we respond to a medical emergency. Started Wed Jun 11 2025 10:05,route,,506,Carlton,No service eastbound from High Park Loop to College St at Lansdowne Ave while we respond to a medical emergency. Started Wed Jun 11 2025 10:05,no_service,disruption,eastbound,High Park Loop,College St at Lansdowne Ave,,we respond to a medical emergency,2025-06-11T10:05:00-04:00,,506-Carlton,2025-06-11T10:06:00-04:00,2025-06-11T10:06:00-04:00,2025-06-11,10:05,America/Toronto,2025,TTCnotices5062025.txt,2720
506 Carlton: No service eastbound from High Park Loop to College St at Lansdowne Ave while we respond to a medical emergency. Shuttle buses are on the way. Started Wed Jun 11 2025 10:06,route,,506,Carlton,No service eastbound from High Park Loop to College St at Lansdowne Ave while we respond to a medical emergency. Shuttle buses are on the way. Started Wed Jun 11 2025 10:06,no_service,disruption,eastbound,High Park Loop,College St at Lansdowne Ave,,we respond to a medical emergency. Shuttle buses are on the way,2025-06-11T10:06:00-04:00,,506-Carlton,2025-06-11T10:08:00-04:00,2025-06-11T10:32:00-04:00,2025-06-11,10:06,America/Toronto,2025,TTCnotices5062025.txt,2723
506 Carlton Regular service has resumed eastbound from High Park Loop to College St at Lansdowne Ave. Started Wed Jun 11 2025 10:32 Until Wed Jun 11 2025 10:47,route,,506,Carlton,Regular service has resumed eastbound from High Park Loop to College St at Lansdowne Ave. Started Wed Jun 11 2025 10:32 Until Wed Jun 11 2025 10:47,service_resumed,resumed,eastbound,High Park Loop,College St at Lansdowne Ave,,,2025-06-11T10:32:00-04:00,2025-06-11T10:47:00-04:00,506-Carlton,2025-06-11T10:32:00-04:00,2025-06-11T10:46:00-04:00,2025-06-11,10:32,America/Toronto,2025,TTCnotices5062025.txt,2726
"506 Carlton: Detour eastbound via Church St, Dundas St E and Broadview Ave while we respond to a medical emergency. Started Wed Jun 11 2025 21:53",route,,506,Carlton,"Detour eastbound via Church St, Dundas St E and Broadview Ave while we respond to a medical emergency. Started Wed Jun 11 2025 21:53",detour,disruption,eastbound,,,"Church St, Dundas St E and Broadview Ave",we respond to a medical emergency,2025-06-11T21:53:00-04:00,,506-Carlton,2025-06-11T21:54:00-04:00,2025-06-11T22:40:00-04:00,2025-06-11,21:53,America/Toronto,2025,TTCnotices5062025.txt,2729
506 Carlton Regular service has resumed eastbound near Carlton St at Jarvis St. Started Wed Jun 11 2025 22:40 Until Wed Jun 11 2025 22:55,route,,506,Carlton,Regular service has resumed eastbound near Carlton St at Jarvis St. Started Wed Jun 11 2025 22:40 Until Wed Jun 11 2025 22:55,service_resumed,resumed,eastbound,Carlton St at Jarvis St,,,,2025-06-11T22:40:00-04:00,2025-06-11T22:55:00-04:00,506-Carlton,2025-06-11T22:42:00-04:00,2025-06-11T22:54:00-04:00,2025-06-11,22:40,America/Toronto,2025,TTCnotices5062025.txt,2732
"506 Carlton: Detour westbound via Broadview Ave, Dundas St E and Church St while we respond to a medical emergency. Started Thu Jun 12 2025 22:14",route,,506,Carlton,"Detour westbound via Broadview Ave, Dundas St E and Church St while we respond to a medical emergency. Started Thu Jun 12 2025 22:14",detour,disruption,westbound,,,"Broadview Ave, Dundas St E and Church St",we respond to a medical emergency,2025-06-12T22:14:00-04:00,,506-Carlton,2025-06-12T22:14:00-04:00,2025-06-12T22:44:00-04:00,2025-06-12,22:14,America/Toronto,2025,TTCnotices5062025.txt,2735
506 Carlton Regular service has resumed westbound near Carlton St at Church St. Started Thu Jun 12 2025 22:44 Until Thu Jun 12 2025 22:59,route,,506,Carlton,Regular service has resumed westbound near Carlton St at Church St. Started Thu Jun 12 2025 22:44 Until Thu Jun 12 2025 22:59,service_resumed,resumed,westbound,Carlton St at Church St,,,,2025-06-12T22:44:00-04:00,2025-06-12T22:59:00-04:00,506-Carlton,2025-06-12T22:46:00-04:00,2025-06-12T22:58:00-04:00,2025-06-12,22:44,America/Toronto,2025,TTCnotices5062025.txt,2738
Main Street: Elevator out of service between concourse and Line 2 Kipling platform. Started Fri Jun 13 2025 10:02,accessibility,Main Street,,,Elevator out of service between concourse and Line 2 Kipling platform. Started Fri Jun 13 2025 10:02,elevator_out_of_service,disruption,,concourse,Line 2 Kipling platform,,,2025-06-13T10:02:00-04:00,,506-Carlton,2025-06-13T10:04:00-04:00,2025-06-13T11:36:00-04:00,2025-06-13,10:02,America/Toronto,2025,TTCnotices5062025.txt,187
Main Street: Elevator back in service between concourse and Line 2 Kipling platform. Started Fri Jun 13 2025 11:36 Until Fri Jun 13 2025 11:51,accessibility,Main Street,,,Elevator back in service between concourse and Line 2 Kipling platform. Started Fri Jun 13 2025 11:36 Until Fri Jun 13 2025 11:51,elevator_back_in_service,resumed,,concourse,Line 2 Kipling platform,,,2025-06-13T11:36:00-04:00,2025-06-13T11:51:00-04:00,506-Carlton,2025-06-13T11:38:00-04:00,2025-06-13T11:51:00-04:00,2025-06-13,11:36,America/Toronto,2025,TTCnotices5062025.txt,190
506 Carlton: Delays near College St at Dufferin St due to taste of Little Italy Event. Started Sat Jun 14 2025 11:30,route,,506,Carlton,Delays near College St at Dufferin St due to taste of Little Italy Event. Started Sat Jun 14 2025 11:30,delay,disruption,,College St at Dufferin St,,,taste of Little Italy Event,2025-06-14T11:30:00-04:00,,506-Carlton,2025-06-14T11:32:00-04:00,2025-06-15T02:50:00-04:00,2025-06-14,11:30,America/Toronto,2025,TTCnotices5062025.txt,2741
506 Carlton: No service between College St at Lansdowne Ave and High Park Loop due to a collision. Started Sat Jun 14 2025 16:31,route,,506,Carlton,No service between College St at Lansdowne Ave and High Park Loop due to a collision. Started Sat Jun 14 2025 16:31,no_service,disruption,,College St at Lansdowne Ave,High Park Loop,,a collision,2025-06-14T16:31:00-04:00,,506-Carlton,2025-06-14T16:32:00-04:00,2025-06-14T17:56:00-04:00,2025-06-14,16:31,America/Toronto,2025,TTCnotices5062025.txt,2744
506 Carlton Regular service has resumed between College St at Lansdowne Ave and High Park Loop. Started Sat Jun 14 2025 17:56 Until Sat Jun 14 2025 18:11,route,,506,Carlton,Regular service has resumed between College St at Lansdowne Ave and High Park Loop. Started Sat Jun 14 2025 17:56 Until Sat Jun 14 2025 18:11,service_resumed,resumed,,College St at Lansdowne Ave,High Park Loop,,,2025-06-14T17:56:00-04:00,2025-06-14T18:11:00-04:00,506-Carlton,2025-06-14T17:58:00-04:00,2025-06-14T18:10:00-04:00,2025-06-14,17:56,America/Toronto,2025,TTCnotices5062025.txt,2747
506 Carlton Regular service has resumed near College St at Dufferin St. Started Sun Jun 15 2025 2:50 Until Sun Jun 15 2025 3:05,route,,506,Carlton,Regular service has resumed near College St at Dufferin St. Started Sun Jun 15 2025 2:50 Until Sun Jun 15 2025 3:05,service_resumed,resumed,,College St at Dufferin St,,,,2025-06-15T02:50:00-04:00,2025-06-15T03:05:00-04:00,506-Carlton,2025-06-15T02:50:00-04:00,2025-06-15T03:04:00-04:00,2025-06-15,02:50,America/Toronto,2025,TTCnotices5062025.txt,2750
506 Carlton: No service between Main Street Station and Coxwell Ave at Lower Gerrard St East while we fix a mechanical problem. Shuttle buses are on the way. Started Sun Jun 15 2025 9:51,route,,506,Carlton,No service between Main Street Station and Coxwell Ave at Lower Gerrard St East while we fix a mechanical problem. Shuttle buses are on the way. Started Sun Jun 15 2025 9:51,no_service,disruption,,Main Street Station,Coxwell Ave at Lower Gerrard St East,,we fix a mechanical problem. Shuttle buses are on the way,2025-06-15T09:51:00-04:00,,506-Carlton,2025-06-15T09:52:00-04:00,2025-06-15T09:54:00-04:00,2025-06-15,09:51,America/Toronto,2025,TTCnotices5062025.txt,2753
506 Carlton Regular service has resumed between Main Street Station and Coxwell Ave at Lower Gerrard St East. Started Sun Jun 15 2025 9:54 Until Sun Jun 15 2025 10:09,route,,506,Carlton,Regular service has resumed between Main Street Station and Coxwell Ave at Lower Gerrard St East. Started Sun Jun 15 2025 9:54 Until Sun Jun 15 2025 10:09,service_resumed,resumed,,Main Street Station,Coxwell Ave at Lower Gerrard St East,,,2025-06-15T09:54:00-04:00,2025-06-15T10:09:00-04:00,506-Carlton,2025-06-15T09:56:00-04:00,2025-06-15T10:10:00-04:00,2025-06-15,09:54,America/Toronto,2025,TTCnotices5062025.txt,2756
"506 Carlton: Detour eastbound via Ossington Ave, Dundas St W and Bathurst St while we respond to a medical emergency. Started Tue Jun 17 2025 13:28",route,,506,Carlton,"Detour eastbound via Ossington Ave, Dundas St W and Bathurst St while we respond to a medical emergency. Started Tue Jun 17 2025 13:28",detour,disruption,eastbound,,,"Ossington Ave, Dundas St W and Bathurst St",we respond to a medical emergency,2025-06-17T13:28:00-04:00,,506-Carlton,2025-06-17T13:29:00-04:00,2025-06-17T13:38:00-04:00,2025-06-17,13:28,America/Toronto,2025,TTCnotices5062025.txt,2759
"506 Carlton: Detour eastbound via Ossington Ave, Dundas St W, Spadina Ave and College St while we respond to a medical emergency. Started Tue Jun 17 2025 13:38",route,,506,Carlton,"Detour eastbound via Ossington Ave, Dundas St W, Spadina Ave and College St while we respond to a medical emergency. Started Tue Jun 17 2025 13:38",detour,disruption,eastbound,,,"Ossington Ave, Dundas St W, Spadina Ave and College St",we respond to a medical emergency,2025-06-17T13:38:00-04:00,,506-Carlton,2025-06-17T13:40:00-04:00,2025-06-17T13:52:00-04:00,2025-06-17,13:38,America/Toronto,2025,TTCnotices5062025.txt,2762
506 Carlton Regular service has resumed eastbound near College St at Augusta Ave. Started Tue Jun 17 2025 13:52 Until Tue Jun 17 2025 14:07,route,,506,Carlton,Regular service has resumed eastbound near College St at Augusta Ave. Started Tue Jun 17 2025 13:52 Until Tue Jun 17 2025 14:07,service_resumed,resumed,eastbound,College St at Augusta Ave,,,,2025-06-17T13:52:00-04:00,2025-06-17T14:07:00-04:00,506-Carlton,2025-06-17T13:54:00-04:00,2025-06-17T14:08:00-04:00,2025-06-17,13:52,America/Toronto,2025,TTCnotices5062025.txt,2765
"506 Carlton: Detour westbound via Broadview Ave, Dundas St E and Church St due to a collision. Started Tue Jun 17 2025 19:07",route,,506,Carlton,"Detour westbound via Broadview Ave, Dundas St E and Church St due to a collision. Started Tue Jun 17 2025 19:07",detour,disruption,westbound,,,"Broadview Ave, Dundas St E and Church St",a collision,2025-06-17T19:07:00-04:00,,506-Carlton,2025-06-17T19:08:00-04:00,2025-06-17T19:40:00-04:00,2025-06-17,19:07,America/Toronto,2025,TTCnotices5062025.txt,2768
506 Carlton Regular service has resumed westbound near Gerrard St East at Broadview Ave. Started Tue Jun 17 2025 19:41 Until Tue Jun 17 2025 19:56,route,,506,Carlton,Regular service has resumed westbound near Gerrard St East at Broadview Ave. Started Tue Jun 17 2025 19:41 Until Tue Jun 17 2025 19:56,service_resumed,resumed,westbound,Gerrard St East at Broadview Ave,,,,2025-06-17T19:41:00-04:00,2025-06-17T19:56:00-04:00,506-Carlton,2025-06-17T19:42:00-04:00,2025-06-17T19:56:00-04:00,2025-06-17,19:41,America/Toronto,2025,TTCnotices5062025.txt,2771
"506 Carlton: Detour via Mccaul St, Queen St W, Roncesvalles Ave and High Park due to no power to overhead wires. Started Thu Jun 19 2025 7:19 Shuttle buses ordered.",route,,506,Carlton,"Detour via Mccaul St, Queen St W, Roncesvalles Ave and High Park due to no power to overhead wires. Started Thu Jun 19 2025 7:19 Shuttle buses ordered.",detour,disruption,,,,"Mccaul St, Queen St W, Roncesvalles Ave and High Park",no power to overhead wires,2025-06-19T07:19:00-04:00,,506-Carlton,2025-06-19T07:20:00-04:00,2025-06-19T07:22:00-04:00,2025-06-19,07:19,America/Toronto,2025,TTCnotices5062025.txt,2774
"506 Carlton: Detour via Mccaul St, Queen St W, Roncesvalles Ave, Lansdowne Avenue and High Park due to no power to overhead wires. Started Thu Jun 19 2025 7:23 Shuttle buses ordered.",route,,506,Carlton,"Detour via Mccaul St, Queen St W, Roncesvalles Ave, Lansdowne Avenue and High Park due to no power to overhead wires. Started Thu Jun 19 2025 7:23 Shuttle buses ordered.",detour,disruption,,,,"Mccaul St, Queen St W, Roncesvalles Ave, Lansdowne Avenue and High Park",no power to overhead wires,2025-06-19T07:23:00-04:00,,506-Carlton,2025-06-19T07:24:00-04:00,2025-06-19T09:36:00-04:00,2025-06-19,07:23,America/Toronto,2025,TTCnotices5062025.txt,2778
506 Carlton Regular service has resumed near College St at Bathurst St. Started Thu Jun 19 2025 9:36 Until Thu Jun 19 2025 9:51 Shuttle buses ordered.,route,,506,Carlton,Regular service has resumed near College St at Bathurst St. Started Thu Jun 19 2025 9:36 Until Thu Jun 19 2025 9:51 Shuttle buses ordered.,service_resumed,resumed,,College St at Bathurst St,,,,2025-06-19T09:36:00-04:00,2025-06-19T09:51:00-04:00,506-Carlton,2025-06-19T09:38:00-04:00,2025-06-19T09:50:00-04:00,2025-06-19,09:36,America/Toronto,2025,TTCnotices5062025.txt,2782
"506 Carlton: Detour westbound via Coxwell Ave, Queen St E, Broadview Ave, Dundas St E and Church St while we deal with an operational problem. Started Fri Jun 20 2025 13:20",route,,506,Carlton,"Detour westbound via Coxwell Ave, Queen St E, Broadview Ave, Dundas St E and Church St while we deal with an operational problem. Started Fri Jun 20 2025 13:20",detour,disruption,westbound,,,"Coxwell Ave, Queen St E, Broadview Ave, Dundas St E and Church St",we deal with an operational problem,2025-06-20T13:20:00-04:00,,506-Carlton,2025-06-20T13:22:00-04:00,2025-06-20T14:42:00-04:00,2025-06-20,13:20,America/Toronto,2025,TTCnotices5062025.txt,2786
506 Carlton Regular service has resumed westbound near Gerrard St East at Broadview Ave. Started Fri Jun 20 2025 14:42 Until Fri Jun 20 2025 14:57,route,,506,Carlton,Regular service has resumed westbound near Gerrard St East at Broadview Ave. Started Fri Jun 20 2025 14:42 Until Fri Jun 20 2025 14:57,service_resumed,resumed,westbound,Gerrard St East at Broadview Ave,,,,2025-06-20T14:42:00-04:00,2025-06-20T14:57:00-04:00,506-Carlton,2025-06-20T14:44:00-04:00,2025-06-20T14:57:00-04:00,2025-06-20,14:42,America/Toronto,2025,TTCnotices5062025.txt,2789
"203 Seasonal service June 23, 2025",other,,203,Seasonal,"service June 23, 2025",other,unknown,,,,,,2025-06-20T22:42:00-04:00,,,2025-06-20T22:42:00-04:00,2025-07-12T00:50:00-04:00,2025-06-20,22:42,America/Toronto,2025,TTCnotices5062025.txt,4551
"406 New Community Bus route June 24, 2025",other,,406,New,"Community Bus route June 24, 2025",other,unknown,,,,,,2025-06-20T23:42:00-04:00,,,2025-06-20T23:42:00-04:00,2025-07-12T00:50:00-04:00,2025-06-20,23:42,America/Toronto,2025,TTCnotices5062025.txt,4555
506 Carlton: Detour westbound via Dundas St W and Ossington Ave due to a collision. Started Sat Jun 21 2025 21:41,route,,506,Carlton,Detour westbound via Dundas St W and Ossington Ave due to a collision. Started Sat Jun 21 2025 21:41,detour,disruption,westbound,,,Dundas St W and Ossington Ave,a collision,2025-06-21T21:41:00-04:00,,506-Carlton,2025-06-21T21:42:00-04:00,2025-06-21T22:01:00-04:00,2025-06-21,21:41,America/Toronto,2025,TTCnotices5062025.txt,2792
506 Carlton Regular service has resumed westbound near College St at Bathurst St. Started Sat Jun 21 2025 22:01 Until Sat Jun 21 2025 22:16,route,,506,Carlton,Regular service has resumed westbound near College St at Bathurst St. Started Sat Jun 21 2025 22:01 Until Sat Jun 21 2025 22:16,service_resumed,resumed,westbound,College St at Bathurst St,,,,2025-06-21T22:01:00-04:00,2025-06-21T22:16:00-04:00,506-Carlton,2025-06-21T22:02:00-04:00,2025-06-21T22:16:00-04:00,2025-06-21,22:01,America/Toronto,2025,TTCnotices5062025.txt,2795
"Main Street: Elevator out of service between Main St entrance, concourse and Line 2 Kennedy platform. Started Sun Jun 22 2025 9:36",accessibility,Main Street,,,"Elevator out of service between Main St entrance, concourse and Line 2 Kennedy platform. Started Sun Jun 22 2025 9:36",elevator_out_of_service,disruption,,"Main St entrance, concourse",Line 2 Kennedy platform,,,2025-06-22T09:36:00-04:00,,506-Carlton,2025-06-22T09:38:00-04:00,2025-06-22T09:38:00-04:00,2025-06-22,09:36,America/Toronto,2025,TTCnotices5062025.txt,193
"506 Carlton: Detour via Church St, Dundas St E and Broadview Ave while we fix a mechanical problem. Started Sun Jun 22 2025 12:35",route,,506,Carlton,"Detour via Church St, Dundas St E and Broadview Ave while we fix a mechanical problem. Started Sun Jun 22 2025 12:35",detour,disruption,,,,"Church St, Dundas St E and Broadview Ave",we fix a mechanical problem,2025-06-22T12:35:00-04:00,,506-Carlton,2025-06-22T12:36:00-04:00,2025-06-23T04:52:00-04:00,2025-06-22,12:35,America/Toronto,2025,TTCnotices5062025.txt,2798
"506 Carlton: Detour via Broadview Ave, Dundas St E and Bay St while we fix a mechanical problem. Started Sun Jun 22 2025 16:58",route,,506,Carlton,"Detour via Broadview Ave, Dundas St E and Bay St while we fix a mechanical problem. Started Sun Jun 22 2025 16:58",detour,disruption,,,,"Broadview Ave, Dundas St E and Bay St",we fix a mechanical problem,2025-06-22T16:58:00-04:00,,506-Carlton,2025-06-22T17:00:00-04:00,2025-06-22T17:00:00-04:00,2025-06-22,16:58,America/Toronto,2025,TTCnotices5062025.txt,2801
506 Carlton Regular service has resumed near College St at Beverley St. Started Sun Jun 22 2025 17:00 Until Sun Jun 22 2025 17:15,route,,506,Carlton,Regular service has resumed near College St at Beverley St. Started Sun Jun 22 2025 17:00 Until Sun Jun 22 2025 17:15,service_resumed,resumed,,College St at Beverley St,,,,2025-06-22T17:00:00-04:00,2025-06-22T17:15:00-04:00,506-Carlton,2025-06-22T17:02:00-04:00,2025-06-22T17:14:00-04:00,2025-06-22,17:00,America/Toronto,2025,TTCnotices5062025.txt,2804
"506 Carlton: Detour westbound via Coxwell Ave, Queen St E, Broadview Ave, Dundas St E and Church St while we fix a mechanical problem. Started Sun Jun 22 2025 21:30",route,,506,Carlton,"Detour westbound via Coxwell Ave, Queen St E, Broadview Ave, Dundas St E and Church St while we fix a mechanical problem. Started Sun Jun 22 2025 21:30",detour,disruption,westbound,,,"Coxwell Ave, Queen St E, Broadview Ave, Dundas St E and Church St",we fix a mechanical problem,2025-06-22T21:30:00-04:00,,506-Carlton,2025-06-22T21:30:00-04:00,2025-06-22T22:14:00-04:00,2025-06-22,21:30,America/Toronto,2025,TTCnotices5062025.txt,2807
506 Carlton Regular service has resumed westbound near Gerrard St East at Broadview Ave. Started Sun Jun 22 2025 22:15 Until Sun Jun 22 2025 22:30,route,,506,Carlton,Regular service has resumed westbound near Gerrard St East at Broadview Ave. Started Sun Jun 22 2025 22:15 Until Sun Jun 22 2025 22:30,service_resumed,resumed,westbound,Gerrard St East at Broadview Ave,,,,2025-06-22T22:15:00-04:00,2025-06-22T22:30:00-04:00,506-Carlton,2025-06-22T22:16:00-04:00,2025-06-22T22:30:00-04:00,2025-06-22,22:15,America/Toronto,2025,TTCnotices5062025.txt,2810
"506 Carlton: Detour via Church St, Dundas St E and Broadview Ave while we fix a mechanical problem. Started Sun Jun 22 2025 23:49",route,,506,Carlton,"Detour via Church St, Dundas St E and Broadview Ave while we fix a mechanical problem. Started Sun Jun 22 2025 23:49",detour,disruption,,,,"Church St, Dundas St E and Broadview Ave",we fix a mechanical problem,2025-06-22T23:49:00-04:00,,506-Carlton,2025-06-22T23:50:00-04:00,2025-06-23T02:24:00-04:00,2025-06-22,23:49,America/Toronto,2025,TTCnotices5062025.txt,2813
506 Carlton Regular service has resumed near Carlton St at Parliament St. Started Mon Jun 23 2025 2:24 Until Mon Jun 23 2025 2:39,route,,506,Carlton,Regular service has resumed near Carlton St at Parliament St. Started Mon Jun 23 2025 2:24 Until Mon Jun 23 2025 2:39,service_resumed,resumed,,Carlton St at Parliament St,,,,2025-06-23T02:24:00-04:00,2025-06-23T02:39:00-04:00,506-Carlton,2025-06-23T02:26:00-04:00,2025-06-23T02:38:00-04:00,2025-06-23,02:24,America/Toronto,2025,TTCnotices5062025.txt,2816
506 Carlton Regular service has resumed near Parliament St at Gerrard St East. Started Mon Jun 23 2025 4:53 Until Mon Jun 23 2025 5:08,route,,506,Carlton,Regular service has resumed near Parliament St at Gerrard St East. Started Mon Jun 23 2025 4:53 Until Mon Jun 23 2025 5:08,service_resumed,resumed,,Parliament St at Gerrard St East,,,,2025-06-23T04:53:00-04:00,2025-06-23T05:08:00-04:00,506-Carlton,2025-06-23T04:54:00-04:00,2025-06-23T05:08:00-04:00,2025-06-23,04:53,America/Toronto,2025,TTCnotices5062025.txt,2819
506 Carlton: No service near Gerrard St East at Coxwell Ave due to a fire. Started Mon Jun 23 2025 4:56,route,,506,Carlton,No service near Gerrard St East at Coxwell Ave due to a fire. Started Mon Jun 23 2025 4:56,no_service,disruption,,Gerrard St East at Coxwell Ave,,,a fire,2025-06-23T04:56:00-04:00,,506-Carlton,2025-06-23T04:56:00-04:00,2025-06-23T06:10:00-04:00,2025-06-23,04:56,America/Toronto,2025,TTCnotices5062025.txt,2822
506 Carlton Regular service has resumed near Gerrard St East at Coxwell Ave. Started Mon Jun 23 2025 6:10 Until Mon Jun 23 2025 6:25,route,,506,Carlton,Regular service has resumed near Gerrard St East at Coxwell Ave. Started Mon Jun 23 2025 6:10 Until Mon Jun 23 2025 6:25,service_resumed,resumed,,Gerrard St East at Coxwell Ave,,,,2025-06-23T06:10:00-04:00,2025-06-23T06:25:00-04:00,506-Carlton,2025-06-23T06:12:00-04:00,2025-06-23T06:26:00-04:00,2025-06-23,06:10,America/Toronto,2025,TTCnotices5062025.txt,2825
506 Carlton: Detour westbound via Bathurst St and Dundas St W while we fix a mechanical problem. Started Mon Jun 23 2025 14:37,route,,506,Carlton,Detour westbound via Bathurst St and Dundas St W while we fix a mechanical problem. Started Mon Jun 23 2025 14:37,detour,disruption,westbound,,,Bathurst St and Dundas St W,we fix a mechanical problem,2025-06-23T14:37:00-04:00,,506-Carlton,2025-06-23T14:38:00-04:00,2025-06-23T16:18:00-04:00,2025-06-23,14:37,America/Toronto,2025,TTCnotices5062025.txt,2828
506 Carlton Regular service has resumed westbound near College St at Ossington Ave. Started Mon Jun 23 2025 16:19 Until Mon Jun 23 2025 16:34,route,,506,Carlton,Regular service has resumed westbound near College St at Ossington Ave. Started Mon Jun 23 2025 16:19 Until Mon Jun 23 2025 16:34,service_resumed,resumed,westbound,College St at Ossington Ave,,,,2025-06-23T16:19:00-04:00,2025-06-23T16:34:00-04:00,506-Carlton,2025-06-23T16:20:00-04:00,2025-06-23T16:34:00-04:00,2025-06-23,16:19,America/Toronto,2025,TTCnotices5062025.txt,2831
Main Street: Elevator out of service between concourse and Line 2 Kipling platform. Started Mon Jun 23 2025 22:41,accessibility,Main Street,,,Elevator out of service between concourse and Line 2 Kipling platform. Started Mon Jun 23 2025 22:41,elevator_out_of_service,disruption,,concourse,Line 2 Kipling platform,,,2025-06-23T22:41:00-04:00,,506-Carlton,2025-06-23T22:42:00-04:00,2025-06-24T05:34:00-04:00,2025-06-23,22:41,America/Toronto,2025,TTCnotices5062025.txt,196
Main Street: Elevator back in service between concourse and Line 2 Kipling platform. Started Tue Jun 24 2025 5:34 Until Tue Jun 24 2025 5:49,accessibility,Main Street,,,Elevator back in service between concourse and Line 2 Kipling platform. Started Tue Jun 24 2025 5:34 Until Tue Jun 24 2025 5:49,elevator_back_in_service,resumed,,concourse,Line 2 Kipling platform,,,2025-06-24T05:34:00-04:00,2025-06-24T05:49:00-04:00,506-Carlton,2025-06-24T05:34:00-04:00,2025-06-24T05:48:00-04:00,2025-06-24,05:34,America/Toronto,2025,TTCnotices5062025.txt,199
Wellesley: Elevator out of service between Wellesley St entrance to Line 1 Finch platform. Started Tue Jun 24 2025 19:04,accessibility,Wellesley,,,Elevator out of service between Wellesley St entrance to Line 1 Finch platform. Started Tue Jun 24 2025 19:04,elevator_out_of_service,disruption,,,,,,2025-06-24T19:04:00-04:00,,506-Carlton,2025-06-24T19:06:00-04:00,2025-06-24T20:22:00-04:00,2025-06-24,19:04,America/Toronto,2025,TTCnotices5062025.txt,202
Wellesley: Elevator out of service between Wellesley St entrance to Line 1 Vaughan via Union platform. Started Tue Jun 24 2025 19:04,accessibility,Wellesley,,,Elevator out of service between Wellesley St entrance to Line 1 Vaughan via Union platform. Started Tue Jun 24 2025 19:04,elevator_out_of_service,disruption,,,,,,2025-06-24T19:04:00-04:00,,506-Carlton,2025-06-24T19:06:00-04:00,2025-06-24T20:22:00-04:00,2025-06-24,19:04,America/Toronto,2025,TTCnotices5062025.txt,205
Wellesley: Elevator back in service between Wellesley St entrance to Line 1 Finch platform. Started Tue Jun 24 2025 20:22 Until Tue Jun 24 2025 20:37,accessibility,Wellesley,,,Elevator back in service between Wellesley St entrance to Line 1 Finch platform. Started Tue Jun 24 2025 20:22 Until Tue Jun 24 2025 20:37,elevator_back_in_service,resumed,,,,,,2025-06-24T20:22:00-04:00,2025-06-24T20:37:00-04:00,506-Carlton,2025-06-24T20:24:00-04:00,2025-06-24T20:38:00-04:00,2025-06-24,20:22,America/Toronto,2025,TTCnotices5062025.txt,208
Wellesley: Elevator back in service between Wellesley St entrance to Line 1 Vaughan via Union platform. Started Tue Jun 24 2025 20:22 Until Tue Jun 24 2025 20:37,accessibility,Wellesley,,,Elevator back in service between Wellesley St entrance to Line 1 Vaughan via Union platform. Started Tue Jun 24 2025 20:22 Until Tue Jun 24 2025 20:37,elevator_back_in_service,resumed,,,,,,2025-06-24T20:22:00-04:00,2025-06-24T20:37:00-04:00,506-Carlton,2025-06-24T20:24:00-04:00,2025-06-24T20:38:00-04:00,2025-06-24,20:22,America/Toronto,2025,TTCnotices5062025.txt,211
Wellesley: Elevator out of service between Wellesley St entrance to Line 1 Finch platform. Started Tue Jun 24 2025 20:28,accessibility,Wellesley,,,Elevator out of service between Wellesley St entrance to Line 1 Finch platform. Started Tue Jun 24 2025 20:28,elevator_out_of_service,disruption,,,,,,2025-06-24T20:28:00-04:00,,506-Carlton,2025-06-24T20:30:00-04:00,2025-06-24T23:18:00-04:00,2025-06-24,20:28,America/Toronto,2025,TTCnotices5062025.txt,214
Wellesley: Elevator out of service between Wellesley St entrance to Line 1 Vaughan via Union platform. Started Tue Jun 24 2025 20:28,accessibility,Wellesley,,,Elevator out of service between Wellesley St entrance to Line 1 Vaughan via Union platform. Started Tue Jun 24 2025 20:28,elevator_out_of_service,disruption,,,,,,2025-06-24T20:28:00-04:00,,506-Carlton,2025-06-24T20:30:00-04:00,2025-06-24T23:18:00-04:00,2025-06-24,20:28,America/Toronto,2025,TTCnotices5062025.txt,217
Wellesley: Elevator back in service between Wellesley St entrance to Line 1 Finch platform. Started Tue Jun 24 2025 23:17 Until Tue Jun 24 2025 23:32,accessibility,Wellesley,,,Elevator back in service between Wellesley St entrance to Line 1 Finch platform. Started Tue Jun 24 2025 23:17 Until Tue Jun 24 2025 23:32,elevator_back_in_service,resumed,,,,,,2025-06-24T23:17:00-04:00,2025-06-24T23:32:00-04:00,506-Carlton,2025-06-24T23:18:00-04:00,2025-06-24T23:32:00-04:00,2025-06-24,23:17,America/Toronto,2025,TTCnotices5062025.txt,220
Wellesley: Elevator back in service between Wellesley St entrance to Line 1 Vaughan via Union platform. Started Tue Jun 24 2025 23:18 Until Tue Jun 24 2025 23:33,accessibility,Wellesley,,,Elevator back in service between Wellesley St entrance to Line 1 Vaughan via Union platform. Started Tue Jun 24 2025 23:18 Until Tue Jun 24 2025 23:33,elevator_back_in_service,resumed,,,,,,2025-06-24T23:18:00-04:00,2025-06-24T23:33:00-04:00,506-Carlton,2025-06-24T23:18:00-04:00,2025-06-24T23:32:00-04:00,2025-06-24,23:18,America/Toronto,2025,TTCnotices5062025.txt,223
"506 Temporary route change due to Pride events 2025 506carlton–Temporary route change due to Pride events 2025 June 27, 2025 - 08:00 PM to June 28, 2025 - 05:30 PM 506-306 Temporary route change due to Festival of South Asia 506|306–Temporary route change due to Festival of South Asia July 19, 2025 - 01:00 AM to July 21, 2025 - 04:00 AM 506-306 Temporary route change due to streetcar infrastructure work 506|306–Temporary route change due to streetcar infrastructure work July 25, 2025 - 11:00 PM to July 28, 2025 - 04:00 AM 65 365 506 306 Temporary route change due to Cabbagetown Festival 65|506|365|306–Temporary route change due to Cabbagetown Festival September 6, 2025 - 11:00 AM to September 7, 2025 - 07:00 PM",other,,506,Temporary,"route change due to Pride events 2025 506carlton–Temporary route change due to Pride events 2025 June 27, 2025 - 08:00 PM to June 28, 2025 - 05:30 PM 506-306 Temporary route change due to Festival of South Asia 506|306–Temporary route change due to Festival of South Asia July 19, 2025 - 01:00 AM to July 21, 2025 - 04:00 AM 506-306 Temporary route change due to streetcar infrastructure work 506|306–Temporary route change due to streetcar infrastructure work July 25, 2025 - 11:00 PM to July 28, 2025 - 04:00 AM 65 365 506 306 Temporary route change due to Cabbagetown Festival 65|506|365|306–Temporary route change due to Cabbagetown Festival September 6, 2025 - 11:00 AM to September 7, 2025 - 07:00 PM",other,unknown,,,,,,2025-06-25T16:44:00-04:00,,506-Carlton,2025-06-25T16:44:00-04:00,2025-06-29T00:44:00-04:00,2025-06-25,16:44,America/Toronto,2025,TTCnotices5062025.txt,4558
506 Carlton: No service between Main Street Station and Coxwell Ave at Lower Gerrard St East while we respond to a medical emergency. Started Thu Jun 26 2025 16:39,route,,506,Carlton,No service between Main Street Station and Coxwell Ave at Lower Gerrard St East while we respond to a medical emergency. Started Thu Jun 26 2025 16:39,no_service,disruption,,Main Street Station,Coxwell Ave at Lower Gerrard St East,,we respond to a medical emergency,2025-06-26T16:39:00-04:00,,506-Carlton,2025-06-26T16:40:00-04:00,2025-06-26T16:56:00-04:00,2025-06-26,16:39,America/Toronto,2025,TTCnotices5062025.txt,2834
506 Carlton Regular service has resumed between Main Street Station and Coxwell Ave at Lower Gerrard St East. Started Thu Jun 26 2025 16:56 Until Thu Jun 26 2025 17:11,route,,506,Carlton,Regular service has resumed between Main Street Station and Coxwell Ave at Lower Gerrard St East. Started Thu Jun 26 2025 16:56 Until Thu Jun 26 2025 17:11,service_resumed,resumed,,Main Street Station,Coxwell Ave at Lower Gerrard St East,,,2025-06-26T16:56:00-04:00,2025-06-26T17:11:00-04:00,506-Carlton,2025-06-26T16:58:00-04:00,2025-06-26T17:10:00-04:00,2025-06-26,16:56,America/Toronto,2025,TTCnotices5062025.txt,2837
"506 Carlton: Detour via Mccaul St, Dundas St W, Dundas St E and Broadview Ave due to overhead repairs. Started Thu Jun 26 2025 23:00 Until Fri Jun 27 2025 4:00 Shuttle buses operating.",route,,506,Carlton,"Detour via Mccaul St, Dundas St W, Dundas St E and Broadview Ave due to overhead repairs. Started Thu Jun 26 2025 23:00 Until Fri Jun 27 2025 4:00 Shuttle buses operating.",detour,disruption,,,,"Mccaul St, Dundas St W, Dundas St E and Broadview Ave",overhead repairs,2025-06-26T23:00:00-04:00,2025-06-27T04:00:00-04:00,506-Carlton,2025-06-26T23:00:00-04:00,2025-06-27T04:00:00-04:00,2025-06-26,23:00,America/Toronto,2025,TTCnotices5062025.txt,2840
506 Carlton Regular service has resumed near College St at Bay St. Started Fri Jun 27 2025 4:00 Until Fri Jun 27 2025 4:15 Shuttle buses operating.,route,,506,Carlton,Regular service has resumed near College St at Bay St. Started Fri Jun 27 2025 4:00 Until Fri Jun 27 2025 4:15 Shuttle buses operating.,service_resumed,resumed,,College St at Bay St,,,,2025-06-27T04:00:00-04:00,2025-06-27T04:15:00-04:00,506-Carlton,2025-06-27T04:00:00-04:00,2025-06-27T04:14:00-04:00,2025-06-27,04:00,America/Toronto,2025,TTCnotices5062025.txt,2844
"506 Carlton: Detour eastbound via Broadview Ave, Queen St E and Coxwell Ave due to an event. Started Fri Jun 27 2025 20:49",route,,506,Carlton,"Detour eastbound via Broadview Ave, Queen St E and Coxwell Ave due to an event. Started Fri Jun 27 2025 20:49",detour,disruption,eastbound,,,"Broadview Ave, Queen St E and Coxwell Ave",an event,2025-06-27T20:49:00-04:00,,506-Carlton,2025-06-27T20:50:00-04:00,2025-06-27T20:56:00-04:00,2025-06-27,20:49,America/Toronto,2025,TTCnotices5062025.txt,2848
"506 Carlton: Detour westbound via Bathurst St, Dundas St W and Spadina Ave due to an event. Started Fri Jun 27 2025 20:55",route,,506,Carlton,"Detour westbound via Bathurst St, Dundas St W and Spadina Ave due to an event. Started Fri Jun 27 2025 20:55",detour,disruption,westbound,,,"Bathurst St, Dundas St W and Spadina Ave",an event,2025-06-27T20:55:00-04:00,,506-Carlton,2025-06-27T20:56:00-04:00,2025-06-27T23:02:00-04:00,2025-06-27,20:55,America/Toronto,2025,TTCnotices5062025.txt,2851
"506 Carlton: Detour eastbound via Broadview Ave, Queen St E and Coxwell Ave due to an event. Started Fri Jun 27 2025 20:56",route,,506,Carlton,"Detour eastbound via Broadview Ave, Queen St E and Coxwell Ave due to an event. Started Fri Jun 27 2025 20:56",detour,disruption,eastbound,,,"Broadview Ave, Queen St E and Coxwell Ave",an event,2025-06-27T20:56:00-04:00,,506-Carlton,2025-06-27T20:58:00-04:00,2025-06-27T21:12:00-04:00,2025-06-27,20:56,America/Toronto,2025,TTCnotices5062025.txt,2854
506 Carlton: No service eastbound from College St at Spadina Ave to Gerrard St East at Broadview Ave due to an event. Started Fri Jun 27 2025 21:13,route,,506,Carlton,No service eastbound from College St at Spadina Ave to Gerrard St East at Broadview Ave due to an event. Started Fri Jun 27 2025 21:13,no_service,disruption,eastbound,College St at Spadina Ave,Gerrard St East at Broadview Ave,,an event,2025-06-27T21:13:00-04:00,,506-Carlton,2025-06-27T21:14:00-04:00,2025-06-27T23:02:00-04:00,2025-06-27,21:13,America/Toronto,2025,TTCnotices5062025.txt,2857
506 Carlton Regular service has resumed eastbound from College St at Spadina Ave to Gerrard St East at Broadview Ave. Started Fri Jun 27 2025 23:03 Until Fri Jun 27 2025 23:18,route,,506,Carlton,Regular service has resumed eastbound from College St at Spadina Ave to Gerrard St East at Broadview Ave. Started Fri Jun 27 2025 23:03 Until Fri Jun 27 2025 23:18,service_resumed,resumed,eastbound,College St at Spadina Ave,Gerrard St East at Broadview Ave,,,2025-06-27T23:03:00-04:00,2025-06-27T23:18:00-04:00,506-Carlton,2025-06-27T23:04:00-04:00,2025-06-27T23:18:00-04:00,2025-06-27,23:03,America/Toronto,2025,TTCnotices5062025.txt,2860
506 Carlton Regular service has resumed westbound near Carlton St at Church St. Started Fri Jun 27 2025 23:03 Until Fri Jun 27 2025 23:18,route,,506,Carlton,Regular service has resumed westbound near Carlton St at Church St. Started Fri Jun 27 2025 23:03 Until Fri Jun 27 2025 23:18,service_resumed,resumed,westbound,Carlton St at Church St,,,,2025-06-27T23:03:00-04:00,2025-06-27T23:18:00-04:00,506-Carlton,2025-06-27T23:04:00-04:00,2025-06-27T23:18:00-04:00,2025-06-27,23:03,America/Toronto,2025,TTCnotices5062025.txt,2863
506 Carlton: Delays eastbound near Coxwell Ave at Gerrard St East due to a blocked track. Shuttle buses are running at Coxwell Ave at Gerrard St East. Started Sat Jun 28 2025 11:09,route,,506,Carlton,Delays eastbound near Coxwell Ave at Gerrard St East due to a blocked track. Shuttle buses are running at Coxwell Ave at Gerrard St East. Started Sat Jun 28 2025 11:09,delay,disruption,eastbound,Coxwell Ave at Gerrard St East,,,a blocked track. Shuttle buses are running at Coxwell Ave at Gerrard St East,2025-06-28T11:09:00-04:00,,506-Carlton,2025-06-28T11:10:00-04:00,2025-06-28T11:11:00-04:00,2025-06-28,11:09,America/Toronto,2025,TTCnotices5062025.txt,2866
506 Carlton Regular service has resumed eastbound near Coxwell Ave at Gerrard St East. Started Sat Jun 28 2025 11:11 Until Sat Jun 28 2025 11:26,route,,506,Carlton,Regular service has resumed eastbound near Coxwell Ave at Gerrard St East. Started Sat Jun 28 2025 11:11 Until Sat Jun 28 2025 11:26,service_resumed,resumed,eastbound,Coxwell Ave at Gerrard St East,,,,2025-06-28T11:11:00-04:00,2025-06-28T11:26:00-04:00,506-Carlton,2025-06-28T11:12:00-04:00,2025-06-28T11:26:00-04:00,2025-06-28,11:11,America/Toronto,2025,TTCnotices5062025.txt,2869
506 Carlton: No service between Coxwell Ave at Gerrard St East and Main Street Station while we respond to a medical emergency. Started Sun Jun 29 2025 1:51,route,,506,Carlton,No service between Coxwell Ave at Gerrard St East and Main Street Station while we respond to a medical emergency. Started Sun Jun 29 2025 1:51,no_service,disruption,,Coxwell Ave at Gerrard St East,Main Street Station,,we respond to a medical emergency,2025-06-29T01:51:00-04:00,,506-Carlton,2025-06-29T01:52:00-04:00,2025-06-29T02:06:00-04:00,2025-06-29,01:51,America/Toronto,2025,TTCnotices5062025.txt,2872
506 Carlton Regular service has resumed between Coxwell Ave at Gerrard St East and Main Street Station. Started Sun Jun 29 2025 2:07 Until Sun Jun 29 2025 2:22,route,,506,Carlton,Regular service has resumed between Coxwell Ave at Gerrard St East and Main Street Station. Started Sun Jun 29 2025 2:07 Until Sun Jun 29 2025 2:22,service_resumed,resumed,,Coxwell Ave at Gerrard St East,Main Street Station,,,2025-06-29T02:07:00-04:00,2025-06-29T02:22:00-04:00,506-Carlton,2025-06-29T02:08:00-04:00,2025-06-29T02:22:00-04:00,2025-06-29,02:07,America/Toronto,2025,TTCnotices5062025.txt,2875
"506 Carlton: Detour via Ossington Ave, Dundas St W, Bathurst St and Bathurst Station due to Pride Parade. Started Sun Jun 29 2025 9:55 Until Sun Jun 29 2025 19:00",route,,506,Carlton,"Detour via Ossington Ave, Dundas St W, Bathurst St and Bathurst Station due to Pride Parade. Started Sun Jun 29 2025 9:55 Until Sun Jun 29 2025 19:00",detour,disruption,,,,"Ossington Ave, Dundas St W, Bathurst St and Bathurst Station",Pride Parade,2025-06-29T09:55:00-04:00,2025-06-29T19:00:00-04:00,,,,2025-06-29,09:55,America/Toronto,2025,TTCnotices5062025.txt,2878
"506 Carlton replacement buses will operate on College Street, in the west end, between Dovercourt Road and Bay Street. Transfer points: Westbound streetcars: board on College Street (north side), east of Dovercourt Road. Eastbound buses: board on College Street (south side), west of Dovercourt Road.",other,,506,Carlton,"replacement buses will operate on College Street, in the west end, between Dovercourt Road and Bay Street. Transfer points: Westbound streetcars: board on College Street (north side), east of Dovercourt Road. Eastbound buses: board on College Street (south side), west of Dovercourt Road.",other,unknown,eastbound,Dovercourt Road,"Bay Street. Transfer points: Westbound streetcars: board on College Street (north side), east of Dovercourt Road. Eastbound buses: board on College Street (south side), west of Dovercourt Road",,,2025-06-29T09:56:00-04:00,,506-Carlton,2025-06-29T09:56:00-04:00,2025-06-29T16:56:00-04:00,2025-06-29,09:56,America/Toronto,2025,TTCnotices5062025.txt,2879
"506 Carlton: Detour via Gerrard St E, Broadview Ave, Dundas St E, Parliament St and Gerrard St E due to Pride Parade. Started Sun Jun 29 2025 9:57",route,,506,Carlton,"Detour via Gerrard St E, Broadview Ave, Dundas St E, Parliament St and Gerrard St E due to Pride Parade. Started Sun Jun 29 2025 9:57",detour,disruption,,,,"Gerrard St E, Broadview Ave, Dundas St E, Parliament St and Gerrard St E",Pride Parade,2025-06-29T09:57:00-04:00,,,,,2025-06-29,09:57,America/Toronto,2025,TTCnotices5062025.txt,2882
"506 Carlton replacement buses will operate between Broadview Avenue and Church Street on Gerrard, Parliament and Carlton streets. Transfer points: Westbound buses: board on Gerrard Street (north side), east of Sackville Street. Eastbound streetcars: board on Gerrard Street (south side), west of Sackville Street.",other,,506,Carlton,"replacement buses will operate between Broadview Avenue and Church Street on Gerrard, Parliament and Carlton streets. Transfer points: Westbound buses: board on Gerrard Street (north side), east of Sackville Street. Eastbound streetcars: board on Gerrard Street (south side), west of Sackville Street.",other,unknown,eastbound,Broadview Avenue,"Church Street on Gerrard, Parliament and Carlton streets. Transfer points: Westbound buses: board on Gerrard Street (north side), east of Sackville Street. Eastbound streetcars: board on Gerrard Street (south side), west of Sackville Street",,,2025-06-29T09:58:00-04:00,,506-Carlton,2025-06-29T09:58:00-04:00,2025-06-29T10:04:00-04:00,2025-06-29,09:58,America/Toronto,2025,TTCnotices5062025.txt,2883
"506 Carlton: Detour via Gerrard St E, Broadview Ave, Dundas St E, Parliament St and Gerrard St E due to Pride Parade. Started Sun Jun 29 2025 10:05 Until Sun Jun 29 2025 19:00",route,,506,Carlton,"Detour via Gerrard St E, Broadview Ave, Dundas St E, Parliament St and Gerrard St E due to Pride Parade. Started Sun Jun 29 2025 10:05 Until Sun Jun 29 2025 19:00",detour,disruption,,,,"Gerrard St E, Broadview Ave, Dundas St E, Parliament St and Gerrard St E",Pride Parade,2025-06-29T10:05:00-04:00,2025-06-29T19:00:00-04:00,,,,2025-06-29,10:05,America/Toronto,2025,TTCnotices5062025.txt,2886
"506 Carlton replacement buses will operate between Broadview Avenue and Church Street on Gerrard, Parliament and Carlton streets. Transfer points: Westbound buses: board on Gerrard Street (north side), east of Sackville Street. Eastbound streetcars: board on Gerrard Street (south side), west of Sackville Street.",other,,506,Carlton,"replacement buses will operate between Broadview Avenue and Church Street on Gerrard, Parliament and Carlton streets. Transfer points: Westbound buses: board on Gerrard Street (north side), east of Sackville Street. Eastbound streetcars: board on Gerrard Street (south side), west of Sackville Street.",other,unknown,eastbound,Broadview Avenue,"Church Street on Gerrard, Parliament and Carlton streets. Transfer points: Westbound buses: board on Gerrard Street (north side), east of Sackville Street. Eastbound streetcars: board on Gerrard Street (south side), west of Sackville Street",,,2025-06-29T10:06:00-04:00,,506-Carlton,2025-06-29T10:06:00-04:00,2025-06-29T19:00:00-04:00,2025-06-29,10:06,America/Toronto,2025,TTCnotices5062025.txt,2887
"506 Carlton: Detour via Carlton St, Parliament St, Gerrard St E, Mathews Gt, Jack Layton Way, Broadview Ave and Gerrard St E due to Pride Parade. Started Sun Jun 29 2025 12:39",route,,506,Carlton,"Detour via Carlton St, Parliament St, Gerrard St E, Mathews Gt, Jack Layton Way, Broadview Ave and Gerrard St E due to Pride Parade. Started Sun Jun 29 2025 12:39",detour,disruption,,,,"Carlton St, Parliament St, Gerrard St E, Mathews Gt, Jack Layton Way, Broadview Ave and Gerrard St E",Pride Parade,2025-06-29T12:39:00-04:00,,506-Carlton,2025-06-29T12:40:00-04:00,2025-06-29T20:24:00-04:00,2025-06-29,12:39,America/Toronto,2025,TTCnotices5062025.txt,2890
"506 Carlton: Detour westbound via Gerrard St E, Broadview Ave, Queen St E and Coxwell Ave due to weather conditions. Started Sun Jun 29 2025 13:34",route,,506,Carlton,"Detour westbound via Gerrard St E, Broadview Ave, Queen St E and Coxwell Ave due to weather conditions. Started Sun Jun 29 2025 13:34",detour,disruption,westbound,,,"Gerrard St E, Broadview Ave, Queen St E and Coxwell Ave",weather conditions,2025-06-29T13:34:00-04:00,,506-Carlton,2025-06-29T13:36:00-04:00,2025-06-29T13:42:00-04:00,2025-06-29,13:34,America/Toronto,2025,TTCnotices5062025.txt,2893
"506 Carlton: Detour eastbound via Gerrard St E, Broadview Ave, Queen St E and Coxwell Ave due to weather conditions. Started Sun Jun 29 2025 13:47",route,,506,Carlton,"Detour eastbound via Gerrard St E, Broadview Ave, Queen St E and Coxwell Ave due to weather conditions. Started Sun Jun 29 2025 13:47",detour,disruption,eastbound,,,"Gerrard St E, Broadview Ave, Queen St E and Coxwell Ave",weather conditions,2025-06-29T13:47:00-04:00,,506-Carlton,2025-06-29T13:48:00-04:00,2025-06-29T14:10:00-04:00,2025-06-29,13:47,America/Toronto,2025,TTCnotices5062025.txt,2896
506 Carlton Regular service has resumed eastbound near Gerrard St East at Broadview Ave. Started Sun Jun 29 2025 14:11 Until Sun Jun 29 2025 14:26,route,,506,Carlton,Regular service has resumed eastbound near Gerrard St East at Broadview Ave. Started Sun Jun 29 2025 14:11 Until Sun Jun 29 2025 14:26,service_resumed,resumed,eastbound,Gerrard St East at Broadview Ave,,,,2025-06-29T14:11:00-04:00,2025-06-29T14:26:00-04:00,506-Carlton,2025-06-29T14:12:00-04:00,2025-06-29T14:26:00-04:00,2025-06-29,14:11,America/Toronto,2025,TTCnotices5062025.txt,2899
"506 Carlton: Detour via Ossington Ave, Dundas St W, Spadina Ave and College St due to Pride Parade. Started Sun Jun 29 2025 16:56 Until Sun Jun 29 2025 19:00",route,,506,Carlton,"Detour via Ossington Ave, Dundas St W, Spadina Ave and College St due to Pride Parade. Started Sun Jun 29 2025 16:56 Until Sun Jun 29 2025 19:00",detour,disruption,,,,"Ossington Ave, Dundas St W, Spadina Ave and College St",Pride Parade,2025-06-29T16:56:00-04:00,2025-06-29T19:00:00-04:00,,,,2025-06-29,16:56,America/Toronto,2025,TTCnotices5062025.txt,2902
"506 Carlton replacement buses will operate on College Street, in the west end, between Dovercourt Road and Bay Street. Transfer points: Westbound streetcars: board on College Street (north side), east of Dovercourt Road. Eastbound buses: board on College Street (south side), west of Dovercourt Road.",other,,506,Carlton,"replacement buses will operate on College Street, in the west end, between Dovercourt Road and Bay Street. Transfer points: Westbound streetcars: board on College Street (north side), east of Dovercourt Road. Eastbound buses: board on College Street (south side), west of Dovercourt Road.",other,unknown,eastbound,Dovercourt Road,"Bay Street. Transfer points: Westbound streetcars: board on College Street (north side), east of Dovercourt Road. Eastbound buses: board on College Street (south side), west of Dovercourt Road",,,2025-06-29T16:58:00-04:00,,506-Carlton,2025-06-29T16:58:00-04:00,2025-06-29T19:00:00-04:00,2025-06-29,16:58,America/Toronto,2025,TTCnotices5062025.txt,2903
506 Carlton Regular service has resumed near College St at Yonge St - College Station. Started Sun Jun 29 2025 19:00 Until Sun Jun 29 2025 19:15,route,,506,Carlton,Regular service has resumed near College St at Yonge St - College Station. Started Sun Jun 29 2025 19:00 Until Sun Jun 29 2025 19:15,service_resumed,resumed,,College St at Yonge St - College Station,,,,2025-06-29T19:00:00-04:00,2025-06-29T19:15:00-04:00,,,,2025-06-29,19:00,America/Toronto,2025,TTCnotices5062025.txt,2910
506 Carlton Regular service has resumed near High Park Loop. Started Sun Jun 29 2025 19:00 Until Sun Jun 29 2025 19:15,route,,506,Carlton,Regular service has resumed near High Park Loop. Started Sun Jun 29 2025 19:00 Until Sun Jun 29 2025 19:15,service_resumed,resumed,,High Park Loop,,,,2025-06-29T19:00:00-04:00,2025-06-29T19:15:00-04:00,,,,2025-06-29,19:00,America/Toronto,2025,TTCnotices5062025.txt,2906
"506 Carlton replacement buses will operate between Broadview Avenue and Church Street on Gerrard, Parliament and Carlton streets. Transfer points: Westbound buses: board on Gerrard Street (north side), east of Sackville Street. Eastbound streetcars: board on Gerrard Street (south side), west of Sackville Street.",other,,506,Carlton,"replacement buses will operate between Broadview Avenue and Church Street on Gerrard, Parliament and Carlton streets. Transfer points: Westbound buses: board on Gerrard Street (north side), east of Sackville Street. Eastbound streetcars: board on Gerrard Street (south side), west of Sackville Street.",other,unknown,eastbound,Broadview Avenue,"Church Street on Gerrard, Parliament and Carlton streets. Transfer points: Westbound buses: board on Gerrard Street (north side), east of Sackville Street. Eastbound streetcars: board on Gerrard Street (south side), west of Sackville Street",,,2025-06-29T19:00:00-04:00,,506-Carlton,2025-06-29T19:00:00-04:00,2025-06-29T19:14:00-04:00,2025-06-29,19:00,America/Toronto,2025,TTCnotices5062025.txt,2911
"506 Carlton replacement buses will operate on College Street, in the west end, between Dovercourt Road and Bay Street. Transfer points: Westbound streetcars: board on College Street (north side), east of Dovercourt Road. Eastbound buses: board on College Street (south side), west of Dovercourt Road.",other,,506,Carlton,"replacement buses will operate on College Street, in the west end, between Dovercourt Road and Bay Street. Transfer points: Westbound streetcars: board on College Street (north side), east of Dovercourt Road. Eastbound buses: board on College Street (south side), west of Dovercourt Road.",other,unknown,eastbound,Dovercourt Road,"Bay Street. Transfer points: Westbound streetcars: board on College Street (north side), east of Dovercourt Road. Eastbound buses: board on College Street (south side), west of Dovercourt Road",,,2025-06-29T19:00:00-04:00,,506-Carlton,2025-06-29T19:00:00-04:00,2025-06-29T19:14:00-04:00,2025-06-29,19:00,America/Toronto,2025,TTCnotices5062025.txt,2907
506 Carlton Regular service has resumed near Carlton St at Jarvis St. Started Sun Jun 29 2025 20:25 Until Sun Jun 29 2025 20:40,route,,506,Carlton,Regular service has resumed near Carlton St at Jarvis St. Started Sun Jun 29 2025 20:25 Until Sun Jun 29 2025 20:40,service_resumed,resumed,,Carlton St at Jarvis St,,,,2025-06-29T20:25:00-04:00,2025-06-29T20:40:00-04:00,506-Carlton,2025-06-29T20:26:00-04:00,2025-06-29T20:40:00-04:00,2025-06-29,20:25,America/Toronto,2025,TTCnotices5062025.txt,2914
506 Carlton: No service between Main Street Station and Gerrard St East at Coxwell Ave due to a blocked track. Started Sun Jun 29 2025 22:35,route,,506,Carlton,No service between Main Street Station and Gerrard St East at Coxwell Ave due to a blocked track. Started Sun Jun 29 2025 22:35,no_service,disruption,,Main Street Station,Gerrard St East at Coxwell Ave,,a blocked track,2025-06-29T22:35:00-04:00,,506-Carlton,2025-06-29T22:36:00-04:00,2025-06-29T23:44:00-04:00,2025-06-29,22:35,America/Toronto,2025,TTCnotices5062025.txt,2917
"506 Carlton: Detour eastbound via Ossington Ave, Dundas St W and Bathurst St due to a blocked track. Started Sun Jun 29 2025 22:45",route,,506,Carlton,"Detour eastbound via Ossington Ave, Dundas St W and Bathurst St due to a blocked track. Started Sun Jun 29 2025 22:45",detour,disruption,eastbound,,,"Ossington Ave, Dundas St W and Bathurst St",a blocked track,2025-06-29T22:45:00-04:00,,506-Carlton,2025-06-29T22:46:00-04:00,2025-06-29T22:48:00-04:00,2025-06-29,22:45,America/Toronto,2025,TTCnotices5062025.txt,2920
506 Carlton Regular service has resumed eastbound near College St at Grace St. Started Sun Jun 29 2025 22:48 Until Sun Jun 29 2025 23:03,route,,506,Carlton,Regular service has resumed eastbound near College St at Grace St. Started Sun Jun 29 2025 22:48 Until Sun Jun 29 2025 23:03,service_resumed,resumed,eastbound,College St at Grace St,,,,2025-06-29T22:48:00-04:00,2025-06-29T23:03:00-04:00,506-Carlton,2025-06-29T22:50:00-04:00,2025-06-29T23:02:00-04:00,2025-06-29,22:48,America/Toronto,2025,TTCnotices5062025.txt,2923
506 Carlton Regular service has resumed between Main Street Station and Gerrard St East at Coxwell Ave. Started Sun Jun 29 2025 23:45 Until Mon Jun 30 2025 0:00,route,,506,Carlton,Regular service has resumed between Main Street Station and Gerrard St East at Coxwell Ave. Started Sun Jun 29 2025 23:45 Until Mon Jun 30 2025 0:00,service_resumed,resumed,,Main Street Station,Gerrard St East at Coxwell Ave,,,2025-06-29T23:45:00-04:00,2025-06-30T00:00:00-04:00,506-Carlton,2025-06-29T23:46:00-04:00,2025-06-30T00:00:00-04:00,2025-06-29,23:45,America/Toronto,2025,TTCnotices5062025.txt,2926
506 Carlton: Detour via Bathurst St and Dundas St E due to a blocked track. Started Mon Jun 30 2025 21:42,route,,506,Carlton,Detour via Bathurst St and Dundas St E due to a blocked track. Started Mon Jun 30 2025 21:42,detour,disruption,,,,Bathurst St and Dundas St E,a blocked track,2025-06-30T21:42:00-04:00,,506-Carlton,2025-06-30T21:42:00-04:00,2025-06-30T21:58:00-04:00,2025-06-30,21:42,America/Toronto,2025,TTCnotices5062025.txt,2929
506 Carlton Regular service has resumed near College St at Ossington Ave. Started Mon Jun 30 2025 21:59 Until Mon Jun 30 2025 22:14,route,,506,Carlton,Regular service has resumed near College St at Ossington Ave. Started Mon Jun 30 2025 21:59 Until Mon Jun 30 2025 22:14,service_resumed,resumed,,College St at Ossington Ave,,,,2025-06-30T21:59:00-04:00,2025-06-30T22:14:00-04:00,506-Carlton,2025-06-30T22:00:00-04:00,2025-06-30T22:15:00-04:00,2025-06-30,21:59,America/Toronto,2025,TTCnotices5062025.txt,2932
"506 Carlton: Detour westbound via Broadview Ave, Dundas St E, Parliament St and College St due to police activity. Started Wed Jul 2 2025 0:40",route,,506,Carlton,"Detour westbound via Broadview Ave, Dundas St E, Parliament St and College St due to police activity. Started Wed Jul 2 2025 0:40",detour,disruption,westbound,,,"Broadview Ave, Dundas St E, Parliament St and College St",police activity,2025-07-02T00:40:00-04:00,,506-Carlton,2025-07-02T00:40:00-04:00,2025-07-02T00:48:00-04:00,2025-07-02,00:40,America/Toronto,2025,TTCnotices5062025.txt,2935
"506 Carlton: Detour westbound via Bay St, Dundas St W and Ossington Ave due to police activity. Started Wed Jul 2 2025 0:48",route,,506,Carlton,"Detour westbound via Bay St, Dundas St W and Ossington Ave due to police activity. Started Wed Jul 2 2025 0:48",detour,disruption,westbound,,,"Bay St, Dundas St W and Ossington Ave",police activity,2025-07-02T00:48:00-04:00,,506-Carlton,2025-07-02T00:48:00-04:00,2025-07-02T00:52:00-04:00,2025-07-02,00:48,America/Toronto,2025,TTCnotices5062025.txt,2938
506 Carlton Regular service has resumed westbound near Gerrard St East at River St. Started Wed Jul 2 2025 0:49 Until Wed Jul 2 2025 1:04,route,,506,Carlton,Regular service has resumed westbound near Gerrard St East at River St. Started Wed Jul 2 2025 0:49 Until Wed Jul 2 2025 1:04,service_resumed,resumed,westbound,Gerrard St East at River St,,,,2025-07-02T00:49:00-04:00,2025-07-02T01:04:00-04:00,506-Carlton,2025-07-02T00:50:00-04:00,2025-07-02T01:04:00-04:00,2025-07-02,00:49,America/Toronto,2025,TTCnotices5062025.txt,2941
506 Carlton Regular service has resumed westbound near College St at Bay St. Started Wed Jul 2 2025 0:53 Until Wed Jul 2 2025 1:08,route,,506,Carlton,Regular service has resumed westbound near College St at Bay St. Started Wed Jul 2 2025 0:53 Until Wed Jul 2 2025 1:08,service_resumed,resumed,westbound,College St at Bay St,,,,2025-07-02T00:53:00-04:00,2025-07-02T01:08:00-04:00,506-Carlton,2025-07-02T00:54:00-04:00,2025-07-02T01:08:00-04:00,2025-07-02,00:53,America/Toronto,2025,TTCnotices5062025.txt,2944
Queen's Park: Elevator out of service between College St northeast entrance and concourse. Started Thu Jul 3 2025 13:26,accessibility,Queen's Park,,,Elevator out of service between College St northeast entrance and concourse. Started Thu Jul 3 2025 13:26,elevator_out_of_service,disruption,,College St northeast entrance,concourse,,,2025-07-03T13:26:00-04:00,,506-Carlton,2025-07-03T13:26:00-04:00,2025-07-03T15:30:00-04:00,2025-07-03,13:26,America/Toronto,2025,TTCnotices5062025.txt,226
Queen's Park: Elevator back in service between College St northeast entrance and concourse. Started Thu Jul 3 2025 15:31 Until Thu Jul 3 2025 15:46,accessibility,Queen's Park,,,Elevator back in service between College St northeast entrance and concourse. Started Thu Jul 3 2025 15:31 Until Thu Jul 3 2025 15:46,elevator_back_in_service,resumed,,College St northeast entrance,concourse,,,2025-07-03T15:31:00-04:00,2025-07-03T15:46:00-04:00,506-Carlton,2025-07-03T15:32:00-04:00,2025-07-03T15:46:00-04:00,2025-07-03,15:31,America/Toronto,2025,TTCnotices5062025.txt,229
506 Carlton: No service between Gerrard St East at Coxwell Ave and Main Street Station due to a blocked track. Started Fri Jul 4 2025 18:26,route,,506,Carlton,No service between Gerrard St East at Coxwell Ave and Main Street Station due to a blocked track. Started Fri Jul 4 2025 18:26,no_service,disruption,,Gerrard St East at Coxwell Ave,Main Street Station,,a blocked track,2025-07-04T18:26:00-04:00,,506-Carlton,2025-07-04T18:26:00-04:00,2025-07-04T18:46:00-04:00,2025-07-04,18:26,America/Toronto,2025,TTCnotices5062025.txt,2947
506 Carlton Regular service has resumed between Gerrard St East at Coxwell Ave and Main Street Station. Started Fri Jul 4 2025 18:46 Until Fri Jul 4 2025 19:01,route,,506,Carlton,Regular service has resumed between Gerrard St East at Coxwell Ave and Main Street Station. Started Fri Jul 4 2025 18:46 Until Fri Jul 4 2025 19:01,service_resumed,resumed,,Gerrard St East at Coxwell Ave,Main Street Station,,,2025-07-04T18:46:00-04:00,2025-07-04T19:01:00-04:00,506-Carlton,2025-07-04T18:48:00-04:00,2025-07-04T19:00:00-04:00,2025-07-04,18:46,America/Toronto,2025,TTCnotices5062025.txt,2950
"506 Carlton: Detour via Spadina Ave, Dundas St W and Bay St due to a demonstration. Started Sat Jul 5 2025 15:19",route,,506,Carlton,"Detour via Spadina Ave, Dundas St W and Bay St due to a demonstration. Started Sat Jul 5 2025 15:19",detour,disruption,,,,"Spadina Ave, Dundas St W and Bay St",a demonstration,2025-07-05T15:19:00-04:00,,506-Carlton,2025-07-05T15:20:00-04:00,2025-07-05T15:30:00-04:00,2025-07-05,15:19,America/Toronto,2025,TTCnotices5062025.txt,2953
506 Carlton Regular service has resumed near College St at University Ave - Queen's Park Station. Started Sat Jul 5 2025 15:30 Until Sat Jul 5 2025 15:45,route,,506,Carlton,Regular service has resumed near College St at University Ave - Queen's Park Station. Started Sat Jul 5 2025 15:30 Until Sat Jul 5 2025 15:45,service_resumed,resumed,,College St at University Ave - Queen's Park Station,,,,2025-07-05T15:30:00-04:00,2025-07-05T15:45:00-04:00,506-Carlton,2025-07-05T15:32:00-04:00,2025-07-05T15:44:00-04:00,2025-07-05,15:30,America/Toronto,2025,TTCnotices5062025.txt,2956
506 Carlton: No service between Main Street Station and Coxwell Ave at Lower Gerrard St East due to a security incident. Started Sat Jul 5 2025 18:22,route,,506,Carlton,No service between Main Street Station and Coxwell Ave at Lower Gerrard St East due to a security incident. Started Sat Jul 5 2025 18:22,no_service,disruption,,Main Street Station,Coxwell Ave at Lower Gerrard St East,,a security incident,2025-07-05T18:22:00-04:00,,506-Carlton,2025-07-05T18:24:00-04:00,2025-07-05T19:09:00-04:00,2025-07-05,18:22,America/Toronto,2025,TTCnotices5062025.txt,2959
506 Carlton Regular service has resumed between Main Street Station and Coxwell Ave at Lower Gerrard St East. Started Sat Jul 5 2025 19:09 Until Sat Jul 5 2025 19:24,route,,506,Carlton,Regular service has resumed between Main Street Station and Coxwell Ave at Lower Gerrard St East. Started Sat Jul 5 2025 19:09 Until Sat Jul 5 2025 19:24,service_resumed,resumed,,Main Street Station,Coxwell Ave at Lower Gerrard St East,,,2025-07-05T19:09:00-04:00,2025-07-05T19:24:00-04:00,506-Carlton,2025-07-05T19:10:00-04:00,2025-07-05T19:24:00-04:00,2025-07-05,19:09,America/Toronto,2025,TTCnotices5062025.txt,2962
506 Carlton: No service between High Park Loop and College St at Lansdowne Ave due to a fire. Started Sun Jul 6 2025 9:08,route,,506,Carlton,No service between High Park Loop and College St at Lansdowne Ave due to a fire. Started Sun Jul 6 2025 9:08,no_service,disruption,,High Park Loop,College St at Lansdowne Ave,,a fire,2025-07-06T09:08:00-04:00,,506-Carlton,2025-07-06T09:08:00-04:00,2025-07-06T09:42:00-04:00,2025-07-06,09:08,America/Toronto,2025,TTCnotices5062025.txt,2965
506 Carlton: No service between Main Street Station and Gerrard St East at Coxwell Ave due to a fire. Started Sun Jul 6 2025 9:11,route,,506,Carlton,No service between Main Street Station and Gerrard St East at Coxwell Ave due to a fire. Started Sun Jul 6 2025 9:11,no_service,disruption,,Main Street Station,Gerrard St East at Coxwell Ave,,a fire,2025-07-06T09:11:00-04:00,,506-Carlton,2025-07-06T09:12:00-04:00,2025-07-06T09:28:00-04:00,2025-07-06,09:11,America/Toronto,2025,TTCnotices5062025.txt,2968
506 Carlton Regular service has resumed between Main Street Station and Gerrard St East at Coxwell Ave. Started Sun Jul 6 2025 9:28 Until Sun Jul 6 2025 9:43,route,,506,Carlton,Regular service has resumed between Main Street Station and Gerrard St East at Coxwell Ave. Started Sun Jul 6 2025 9:28 Until Sun Jul 6 2025 9:43,service_resumed,resumed,,Main Street Station,Gerrard St East at Coxwell Ave,,,2025-07-06T09:28:00-04:00,2025-07-06T09:43:00-04:00,506-Carlton,2025-07-06T09:30:00-04:00,2025-07-06T09:42:00-04:00,2025-07-06,09:28,America/Toronto,2025,TTCnotices5062025.txt,2971
506 Carlton Regular service has resumed between High Park Loop and College St at Lansdowne Ave. Started Sun Jul 6 2025 9:43 Until Sun Jul 6 2025 9:58,route,,506,Carlton,Regular service has resumed between High Park Loop and College St at Lansdowne Ave. Started Sun Jul 6 2025 9:43 Until Sun Jul 6 2025 9:58,service_resumed,resumed,,High Park Loop,College St at Lansdowne Ave,,,2025-07-06T09:43:00-04:00,2025-07-06T09:58:00-04:00,506-Carlton,2025-07-06T09:44:00-04:00,2025-07-06T09:58:00-04:00,2025-07-06,09:43,America/Toronto,2025,TTCnotices5062025.txt,2974
506 Carlton: No service between Main Street Station and Coxwell Ave at Lower Gerrard St East due to a collision. Started Mon Jul 7 2025 6:01,route,,506,Carlton,No service between Main Street Station and Coxwell Ave at Lower Gerrard St East due to a collision. Started Mon Jul 7 2025 6:01,no_service,disruption,,Main Street Station,Coxwell Ave at Lower Gerrard St East,,a collision,2025-07-07T06:01:00-04:00,,506-Carlton,2025-07-07T06:02:00-04:00,2025-07-07T06:16:00-04:00,2025-07-07,06:01,America/Toronto,2025,TTCnotices5062025.txt,2977
506 Carlton Regular service has resumed between Main Street Station and Coxwell Ave at Lower Gerrard St East. Started Mon Jul 7 2025 6:16 Until Mon Jul 7 2025 6:31,route,,506,Carlton,Regular service has resumed between Main Street Station and Coxwell Ave at Lower Gerrard St East. Started Mon Jul 7 2025 6:16 Until Mon Jul 7 2025 6:31,service_resumed,resumed,,Main Street Station,Coxwell Ave at Lower Gerrard St East,,,2025-07-07T06:16:00-04:00,2025-07-07T06:31:00-04:00,506-Carlton,2025-07-07T06:18:00-04:00,2025-07-07T06:32:00-04:00,2025-07-07,06:16,America/Toronto,2025,TTCnotices5062025.txt,2980
506 Carlton: Detour eastbound via Dundas St E and Bathurst St while we respond to a medical emergency. Started Mon Jul 7 2025 17:25,route,,506,Carlton,Detour eastbound via Dundas St E and Bathurst St while we respond to a medical emergency. Started Mon Jul 7 2025 17:25,detour,disruption,eastbound,,,Dundas St E and Bathurst St,we respond to a medical emergency,2025-07-07T17:25:00-04:00,,506-Carlton,2025-07-07T17:26:00-04:00,2025-07-07T17:36:00-04:00,2025-07-07,17:25,America/Toronto,2025,TTCnotices5062025.txt,2983
506 Carlton Regular service has resumed eastbound near College St at Dufferin St. Started Mon Jul 7 2025 17:35 Until Mon Jul 7 2025 17:50,route,,506,Carlton,Regular service has resumed eastbound near College St at Dufferin St. Started Mon Jul 7 2025 17:35 Until Mon Jul 7 2025 17:50,service_resumed,resumed,eastbound,College St at Dufferin St,,,,2025-07-07T17:35:00-04:00,2025-07-07T17:50:00-04:00,506-Carlton,2025-07-07T17:36:00-04:00,2025-07-07T17:50:00-04:00,2025-07-07,17:35,America/Toronto,2025,TTCnotices5062025.txt,2986
506 Carlton: Detour eastbound via Dundas St W and Bathurst St while we respond to a medical emergency. Started Mon Jul 7 2025 17:37,route,,506,Carlton,Detour eastbound via Dundas St W and Bathurst St while we respond to a medical emergency. Started Mon Jul 7 2025 17:37,detour,disruption,eastbound,,,Dundas St W and Bathurst St,we respond to a medical emergency,2025-07-07T17:37:00-04:00,,506-Carlton,2025-07-07T17:38:00-04:00,,2025-07-07,17:37,America/Toronto,2025,TTCnotices5062025.txt,2989
506 Carlton: Detour eastbound via Dundas St W and Bathurst St while we respond to a medical emergency. Started Mon Jul 7 2025 17:37,route,,506,Carlton,Detour eastbound via Dundas St W and Bathurst St while we respond to a medical emergency. Started Mon Jul 7 2025 17:37,detour,disruption,eastbound,,,Dundas St W and Bathurst St,we respond to a medical emergency,2025-07-07T17:37:00-04:00,,506-Carlton,2025-07-07T17:38:00-04:00,2025-07-07T18:20:00-04:00,2025-07-07,17:37,America/Toronto,2025,TTCnotices5062025.txt,2992
506 Carlton Regular service has resumed eastbound near College St at Dufferin St. Started Mon Jul 7 2025 18:20 Until Mon Jul 7 2025 18:35,route,,506,Carlton,Regular service has resumed eastbound near College St at Dufferin St. Started Mon Jul 7 2025 18:20 Until Mon Jul 7 2025 18:35,service_resumed,resumed,eastbound,College St at Dufferin St,,,,2025-07-07T18:20:00-04:00,2025-07-07T18:35:00-04:00,506-Carlton,2025-07-07T18:22:00-04:00,2025-07-07T18:34:00-04:00,2025-07-07,18:20,America/Toronto,2025,TTCnotices5062025.txt,2995
506 Carlton: Detour via Spadina Ave and Dundas St E while we deal with an operational problem. Started Wed Jul 9 2025 9:28,route,,506,Carlton,Detour via Spadina Ave and Dundas St E while we deal with an operational problem. Started Wed Jul 9 2025 9:28,detour,disruption,,,,Spadina Ave and Dundas St E,we deal with an operational problem,2025-07-09T09:28:00-04:00,,506-Carlton,2025-07-09T09:30:00-04:00,2025-07-09T10:20:00-04:00,2025-07-09,09:28,America/Toronto,2025,TTCnotices5062025.txt,2998
506 Carlton Regular service has resumed near College St at Spadina Ave. Started Wed Jul 9 2025 10:20 Until Wed Jul 9 2025 10:35,route,,506,Carlton,Regular service has resumed near College St at Spadina Ave. Started Wed Jul 9 2025 10:20 Until Wed Jul 9 2025 10:35,service_resumed,resumed,,College St at Spadina Ave,,,,2025-07-09T10:20:00-04:00,2025-07-09T10:35:00-04:00,506-Carlton,2025-07-09T10:22:00-04:00,2025-07-09T10:36:00-04:00,2025-07-09,10:20,America/Toronto,2025,TTCnotices5062025.txt,3001
"506 Carlton: Detour eastbound via Broadview Ave, Queen St E and Coxwell Ave while we deal with a disruptive customer. Started Wed Jul 9 2025 17:20",route,,506,Carlton,"Detour eastbound via Broadview Ave, Queen St E and Coxwell Ave while we deal with a disruptive customer. Started Wed Jul 9 2025 17:20",detour,disruption,eastbound,,,"Broadview Ave, Queen St E and Coxwell Ave",we deal with a disruptive customer,2025-07-09T17:20:00-04:00,,506-Carlton,2025-07-09T17:22:00-04:00,2025-07-09T18:16:00-04:00,2025-07-09,17:20,America/Toronto,2025,TTCnotices5062025.txt,3004
506 Carlton Regular service has resumed eastbound near Gerrard St East at Logan Ave. Started Wed Jul 9 2025 18:16 Until Wed Jul 9 2025 18:31,route,,506,Carlton,Regular service has resumed eastbound near Gerrard St East at Logan Ave. Started Wed Jul 9 2025 18:16 Until Wed Jul 9 2025 18:31,service_resumed,resumed,eastbound,Gerrard St East at Logan Ave,,,,2025-07-09T18:16:00-04:00,2025-07-09T18:31:00-04:00,506-Carlton,2025-07-09T18:18:00-04:00,2025-07-09T18:32:00-04:00,2025-07-09,18:16,America/Toronto,2025,TTCnotices5062025.txt,3007
"506 Carlton: Detour westbound via Parliament St, Dundas St E and Church St due to a security incident. Started Thu Jul 10 2025 15:47",route,,506,Carlton,"Detour westbound via Parliament St, Dundas St E and Church St due to a security incident. Started Thu Jul 10 2025 15:47",detour,disruption,westbound,,,"Parliament St, Dundas St E and Church St",a security incident,2025-07-10T15:47:00-04:00,,506-Carlton,2025-07-10T15:48:00-04:00,2025-07-10T16:20:00-04:00,2025-07-10,15:47,America/Toronto,2025,TTCnotices5062025.txt,3010
506 Carlton Regular service has resumed westbound near Carlton St at Jarvis St. Started Thu Jul 10 2025 16:20 Until Thu Jul 10 2025 16:35,route,,506,Carlton,Regular service has resumed westbound near Carlton St at Jarvis St. Started Thu Jul 10 2025 16:20 Until Thu Jul 10 2025 16:35,service_resumed,resumed,westbound,Carlton St at Jarvis St,,,,2025-07-10T16:20:00-04:00,2025-07-10T16:35:00-04:00,506-Carlton,2025-07-10T16:22:00-04:00,2025-07-10T16:34:00-04:00,2025-07-10,16:20,America/Toronto,2025,TTCnotices5062025.txt,3013
"506 Carlton: Detour eastbound via College St, Spadina Ave, Dundas St E, Parliament St and Gerrard St E due to a blocked track. Started Sat Jul 12 2025 17:36",route,,506,Carlton,"Detour eastbound via College St, Spadina Ave, Dundas St E, Parliament St and Gerrard St E due to a blocked track. Started Sat Jul 12 2025 17:36",detour,disruption,eastbound,,,"College St, Spadina Ave, Dundas St E, Parliament St and Gerrard St E",a blocked track,2025-07-12T17:36:00-04:00,,506-Carlton,2025-07-12T17:36:00-04:00,2025-07-12T17:42:00-04:00,2025-07-12,17:36,America/Toronto,2025,TTCnotices5062025.txt,3016
"506 Carlton: Detour via College St, Spadina Ave, Dundas St E, Parliament St and Gerrard St E due to a blocked track. Started Sat Jul 12 2025 17:42",route,,506,Carlton,"Detour via College St, Spadina Ave, Dundas St E, Parliament St and Gerrard St E due to a blocked track. Started Sat Jul 12 2025 17:42",detour,disruption,,,,"College St, Spadina Ave, Dundas St E, Parliament St and Gerrard St E",a blocked track,2025-07-12T17:42:00-04:00,,506-Carlton,2025-07-12T17:44:00-04:00,2025-07-12T21:20:00-04:00,2025-07-12,17:42,America/Toronto,2025,TTCnotices5062025.txt,3019
506 Carlton Regular service has resumed near College St at Bay St. Started Sat Jul 12 2025 21:19 Until Sat Jul 12 2025 21:34,route,,506,Carlton,Regular service has resumed near College St at Bay St. Started Sat Jul 12 2025 21:19 Until Sat Jul 12 2025 21:34,service_resumed,resumed,,College St at Bay St,,,,2025-07-12T21:19:00-04:00,2025-07-12T21:34:00-04:00,506-Carlton,2025-07-12T21:20:00-04:00,2025-07-12T21:34:00-04:00,2025-07-12,21:19,America/Toronto,2025,TTCnotices5062025.txt,3022
"506 Carlton: Detour via Church St, Dundas St E and Parliament St due to a track problem. Started Sun Jul 13 2025 10:42",route,,506,Carlton,"Detour via Church St, Dundas St E and Parliament St due to a track problem. Started Sun Jul 13 2025 10:42",detour,disruption,,,,"Church St, Dundas St E and Parliament St",a track problem,2025-07-13T10:42:00-04:00,,506-Carlton,2025-07-13T10:44:00-04:00,2025-07-13T11:00:00-04:00,2025-07-13,10:42,America/Toronto,2025,TTCnotices5062025.txt,3025
"506 Carlton: Detour westbound via Parliament St, Dundas St E and Spadina Ave due to a track problem. Started Sun Jul 13 2025 11:00",route,,506,Carlton,"Detour westbound via Parliament St, Dundas St E and Spadina Ave due to a track problem. Started Sun Jul 13 2025 11:00",detour,disruption,westbound,,,"Parliament St, Dundas St E and Spadina Ave",a track problem,2025-07-13T11:00:00-04:00,,506-Carlton,2025-07-13T11:02:00-04:00,2025-07-13T12:06:00-04:00,2025-07-13,11:00,America/Toronto,2025,TTCnotices5062025.txt,3031
"506 Carlton: Detour eastbound via Church St, Dundas St E and Parliament St due to a track problem. Started Sun Jul 13 2025 11:01",route,,506,Carlton,"Detour eastbound via Church St, Dundas St E and Parliament St due to a track problem. Started Sun Jul 13 2025 11:01",detour,disruption,eastbound,,,"Church St, Dundas St E and Parliament St",a track problem,2025-07-13T11:01:00-04:00,,506-Carlton,2025-07-13T11:02:00-04:00,2025-07-13T12:06:00-04:00,2025-07-13,11:01,America/Toronto,2025,TTCnotices5062025.txt,3028
506 Carlton: Delays near Carlton St at Church St while we complete track work. Started Sun Jul 13 2025 11:31,route,,506,Carlton,Delays near Carlton St at Church St while we complete track work. Started Sun Jul 13 2025 11:31,delay,disruption,,Carlton St at Church St,,,we complete track work,2025-07-13T11:31:00-04:00,,506-Carlton,2025-07-13T11:32:00-04:00,2025-07-13T14:10:00-04:00,2025-07-13,11:31,America/Toronto,2025,TTCnotices5062025.txt,3034
506 Carlton Regular service has resumed eastbound near Carlton St at Church St. Started Sun Jul 13 2025 12:06 Until Sun Jul 13 2025 12:21,route,,506,Carlton,Regular service has resumed eastbound near Carlton St at Church St. Started Sun Jul 13 2025 12:06 Until Sun Jul 13 2025 12:21,service_resumed,resumed,eastbound,Carlton St at Church St,,,,2025-07-13T12:06:00-04:00,2025-07-13T12:21:00-04:00,506-Carlton,2025-07-13T12:08:00-04:00,2025-07-13T12:20:00-04:00,2025-07-13,12:06,America/Toronto,2025,TTCnotices5062025.txt,3040
506 Carlton Regular service has resumed westbound near Carlton St at Church St. Started Sun Jul 13 2025 12:06 Until Sun Jul 13 2025 12:21,route,,506,Carlton,Regular service has resumed westbound near Carlton St at Church St. Started Sun Jul 13 2025 12:06 Until Sun Jul 13 2025 12:21,service_resumed,resumed,westbound,Carlton St at Church St,,,,2025-07-13T12:06:00-04:00,2025-07-13T12:21:00-04:00,506-Carlton,2025-07-13T12:08:00-04:00,2025-07-13T12:20:00-04:00,2025-07-13,12:06,America/Toronto,2025,TTCnotices5062025.txt,3037
506 Carlton Regular service has resumed near Carlton St at Church St. Started Sun Jul 13 2025 14:10 Until Sun Jul 13 2025 14:25,route,,506,Carlton,Regular service has resumed near Carlton St at Church St. Started Sun Jul 13 2025 14:10 Until Sun Jul 13 2025 14:25,service_resumed,resumed,,Carlton St at Church St,,,,2025-07-13T14:10:00-04:00,2025-07-13T14:25:00-04:00,506-Carlton,2025-07-13T14:10:00-04:00,2025-07-13T14:24:00-04:00,2025-07-13,14:10,America/Toronto,2025,TTCnotices5062025.txt,3043
"506 Carlton: Detour via Parliament St, Dundas St E and Mccaul St due to overhead issue. Started Sun Jul 13 2025 15:09",route,,506,Carlton,"Detour via Parliament St, Dundas St E and Mccaul St due to overhead issue. Started Sun Jul 13 2025 15:09",detour,disruption,,,,"Parliament St, Dundas St E and Mccaul St",overhead issue,2025-07-13T15:09:00-04:00,,506-Carlton,2025-07-13T15:10:00-04:00,2025-07-13T17:04:00-04:00,2025-07-13,15:09,America/Toronto,2025,TTCnotices5062025.txt,3046
506 Carlton Regular service has resumed near College St at Bay St. Started Sun Jul 13 2025 17:04 Until Sun Jul 13 2025 17:19,route,,506,Carlton,Regular service has resumed near College St at Bay St. Started Sun Jul 13 2025 17:04 Until Sun Jul 13 2025 17:19,service_resumed,resumed,,College St at Bay St,,,,2025-07-13T17:04:00-04:00,2025-07-13T17:19:00-04:00,506-Carlton,2025-07-13T17:04:00-04:00,2025-07-13T17:18:00-04:00,2025-07-13,17:04,America/Toronto,2025,TTCnotices5062025.txt,3049
506 Carlton: Detour eastbound via Dundas St W and Bathurst St due to a collision. Started Mon Jul 14 2025 7:57,route,,506,Carlton,Detour eastbound via Dundas St W and Bathurst St due to a collision. Started Mon Jul 14 2025 7:57,detour,disruption,eastbound,,,Dundas St W and Bathurst St,a collision,2025-07-14T07:57:00-04:00,,506-Carlton,2025-07-14T07:58:00-04:00,2025-07-14T08:16:00-04:00,2025-07-14,07:57,America/Toronto,2025,TTCnotices5062025.txt,3052
506 Carlton Regular service has resumed eastbound near College St at Lansdowne Ave. Started Mon Jul 14 2025 8:16 Until Mon Jul 14 2025 8:31,route,,506,Carlton,Regular service has resumed eastbound near College St at Lansdowne Ave. Started Mon Jul 14 2025 8:16 Until Mon Jul 14 2025 8:31,service_resumed,resumed,eastbound,College St at Lansdowne Ave,,,,2025-07-14T08:16:00-04:00,2025-07-14T08:31:00-04:00,506-Carlton,2025-07-14T08:18:00-04:00,2025-07-14T08:32:00-04:00,2025-07-14,08:16,America/Toronto,2025,TTCnotices5062025.txt,3055
506 Carlton: Detour via Bathurst St and Dundas St W due to a collision. Started Mon Jul 14 2025 19:21,route,,506,Carlton,Detour via Bathurst St and Dundas St W due to a collision. Started Mon Jul 14 2025 19:21,detour,disruption,,,,Bathurst St and Dundas St W,a collision,2025-07-14T19:21:00-04:00,,506-Carlton,2025-07-14T19:24:00-04:00,2025-07-14T22:48:00-04:00,2025-07-14,19:21,America/Toronto,2025,TTCnotices5062025.txt,3058
506 Carlton Regular service has resumed near College St at Dufferin St. Started Mon Jul 14 2025 22:49 Until Mon Jul 14 2025 23:04,route,,506,Carlton,Regular service has resumed near College St at Dufferin St. Started Mon Jul 14 2025 22:49 Until Mon Jul 14 2025 23:04,service_resumed,resumed,,College St at Dufferin St,,,,2025-07-14T22:49:00-04:00,2025-07-14T23:04:00-04:00,506-Carlton,2025-07-14T22:50:00-04:00,2025-07-14T23:04:00-04:00,2025-07-14,22:49,America/Toronto,2025,TTCnotices5062025.txt,3061
506 Carlton: No service between Main Street Station and Gerrard St East at Coxwell Ave due to a collision. Started Tue Jul 15 2025 0:52,route,,506,Carlton,No service between Main Street Station and Gerrard St East at Coxwell Ave due to a collision. Started Tue Jul 15 2025 0:52,no_service,disruption,,Main Street Station,Gerrard St East at Coxwell Ave,,a collision,2025-07-15T00:52:00-04:00,,506-Carlton,2025-07-15T00:52:00-04:00,2025-07-15T01:24:00-04:00,2025-07-15,00:52,America/Toronto,2025,TTCnotices5062025.txt,3064
506 Carlton: No service between Main Street Station and Gerrard St East at Coxwell Ave due to a collision. Shuttle buses are running between Main Street Station and Gerrard St East at Coxwell Ave. Started Tue Jul 15 2025 1:24,route,,506,Carlton,No service between Main Street Station and Gerrard St East at Coxwell Ave due to a collision. Shuttle buses are running between Main Street Station and Gerrard St East at Coxwell Ave. Started Tue Jul 15 2025 1:24,no_service,disruption,,Main Street Station,Gerrard St East at Coxwell Ave,,a collision. Shuttle buses are running between Main Street Station and Gerrard St East at Coxwell Ave,2025-07-15T01:24:00-04:00,,506-Carlton,2025-07-15T01:24:00-04:00,2025-07-15T02:32:00-04:00,2025-07-15,01:24,America/Toronto,2025,TTCnotices5062025.txt,3067
"506 Carlton: Detour eastbound via Broadview Ave, Queen St E and Coxwell Ave while we fix a mechanical problem. Started Wed Jul 16 2025 23:55",route,,506,Carlton,"Detour eastbound via Broadview Ave, Queen St E and Coxwell Ave while we fix a mechanical problem. Started Wed Jul 16 2025 23:55",detour,disruption,eastbound,,,"Broadview Ave, Queen St E and Coxwell Ave",we fix a mechanical problem,2025-07-16T23:55:00-04:00,,506-Carlton,2025-07-16T23:56:00-04:00,2025-07-16T23:56:00-04:00,2025-07-16,23:55,America/Toronto,2025,TTCnotices5062025.txt,3071
"506 Carlton: Detour eastbound via Broadview Ave, Queen St E and Coxwell Ave while we fix a mechanical problem. Started Wed Jul 16 2025 23:56 Shuttle buses are on the way.",route,,506,Carlton,"Detour eastbound via Broadview Ave, Queen St E and Coxwell Ave while we fix a mechanical problem. Started Wed Jul 16 2025 23:56 Shuttle buses are on the way.",detour,disruption,eastbound,,,"Broadview Ave, Queen St E and Coxwell Ave",we fix a mechanical problem,2025-07-16T23:56:00-04:00,,506-Carlton,2025-07-16T23:56:00-04:00,2025-07-17T00:02:00-04:00,2025-07-16,23:56,America/Toronto,2025,TTCnotices5062025.txt,3074
506 Carlton Regular service has resumed eastbound near Coxwell Ave at Gerrard St East. Started Thu Jul 17 2025 0:03 Until Thu Jul 17 2025 0:18 Shuttle buses are on the way.,route,,506,Carlton,Regular service has resumed eastbound near Coxwell Ave at Gerrard St East. Started Thu Jul 17 2025 0:03 Until Thu Jul 17 2025 0:18 Shuttle buses are on the way.,service_resumed,resumed,eastbound,Coxwell Ave at Gerrard St East,,,,2025-07-17T00:03:00-04:00,2025-07-17T00:18:00-04:00,506-Carlton,2025-07-17T00:04:00-04:00,2025-07-17T00:18:00-04:00,2025-07-17,00:03,America/Toronto,2025,TTCnotices5062025.txt,3078
506 Carlton: Delays near College St at Yonge St - College Station due to traffic congestion. Started Thu Jul 17 2025 13:33,route,,506,Carlton,Delays near College St at Yonge St - College Station due to traffic congestion. Started Thu Jul 17 2025 13:33,delay,disruption,,College St at Yonge St - College Station,,,traffic congestion,2025-07-17T13:33:00-04:00,,506-Carlton,2025-07-17T13:34:00-04:00,2025-07-17T19:52:00-04:00,2025-07-17,13:33,America/Toronto,2025,TTCnotices5062025.txt,3082
506 Carlton Regular service has resumed near College St at Yonge St - College Station. Started Thu Jul 17 2025 19:52 Until Thu Jul 17 2025 20:07,route,,506,Carlton,Regular service has resumed near College St at Yonge St - College Station. Started Thu Jul 17 2025 19:52 Until Thu Jul 17 2025 20:07,service_resumed,resumed,,College St at Yonge St - College Station,,,,2025-07-17T19:52:00-04:00,2025-07-17T20:07:00-04:00,506-Carlton,2025-07-17T19:52:00-04:00,2025-07-17T20:06:00-04:00,2025-07-17,19:52,America/Toronto,2025,TTCnotices5062025.txt,3085
"506 Carlton: Detour eastbound via Church St, Dundas St E and Broadview Ave while we respond to a medical emergency. Started Fri Jul 18 2025 0:55",route,,506,Carlton,"Detour eastbound via Church St, Dundas St E and Broadview Ave while we respond to a medical emergency. Started Fri Jul 18 2025 0:55",detour,disruption,eastbound,,,"Church St, Dundas St E and Broadview Ave",we respond to a medical emergency,2025-07-18T00:55:00-04:00,,506-Carlton,2025-07-18T00:56:00-04:00,2025-07-18T01:24:00-04:00,2025-07-18,00:55,America/Toronto,2025,TTCnotices5062025.txt,3088
506 Carlton Regular service has resumed eastbound near Gerrard St East at Sumach St. Started Fri Jul 18 2025 1:24 Until Fri Jul 18 2025 1:39,route,,506,Carlton,Regular service has resumed eastbound near Gerrard St East at Sumach St. Started Fri Jul 18 2025 1:24 Until Fri Jul 18 2025 1:39,service_resumed,resumed,eastbound,Gerrard St East at Sumach St,,,,2025-07-18T01:24:00-04:00,2025-07-18T01:39:00-04:00,506-Carlton,2025-07-18T01:26:00-04:00,2025-07-18T01:38:00-04:00,2025-07-18,01:24,America/Toronto,2025,TTCnotices5062025.txt,3091
506 Carlton: Delays westbound near College St at McCaul St while we respond to a medical emergency. Started Fri Jul 18 2025 9:29,route,,506,Carlton,Delays westbound near College St at McCaul St while we respond to a medical emergency. Started Fri Jul 18 2025 9:29,delay,disruption,westbound,College St at McCaul St,,,we respond to a medical emergency,2025-07-18T09:29:00-04:00,,506-Carlton,2025-07-18T09:30:00-04:00,2025-07-18T09:38:00-04:00,2025-07-18,09:29,America/Toronto,2025,TTCnotices5062025.txt,3094
"506 Carlton: Detour westbound via Parliament St, Dundas St W and Spadina Ave while we deal with a disruptive customer. Started Fri Jul 18 2025 9:39",route,,506,Carlton,"Detour westbound via Parliament St, Dundas St W and Spadina Ave while we deal with a disruptive customer. Started Fri Jul 18 2025 9:39",detour,disruption,westbound,,,"Parliament St, Dundas St W and Spadina Ave",we deal with a disruptive customer,2025-07-18T09:39:00-04:00,,506-Carlton,2025-07-18T09:40:00-04:00,2025-07-18T09:56:00-04:00,2025-07-18,09:39,America/Toronto,2025,TTCnotices5062025.txt,3097
506 Carlton: Delays eastbound near College St at McCaul St while we respond to a medical emergency. Started Fri Jul 18 2025 9:45,route,,506,Carlton,Delays eastbound near College St at McCaul St while we respond to a medical emergency. Started Fri Jul 18 2025 9:45,delay,disruption,eastbound,College St at McCaul St,,,we respond to a medical emergency,2025-07-18T09:45:00-04:00,,506-Carlton,2025-07-18T09:46:00-04:00,2025-07-18T09:46:00-04:00,2025-07-18,09:45,America/Toronto,2025,TTCnotices5062025.txt,3100
506 Carlton Regular service has resumed eastbound near College St at McCaul St. Started Fri Jul 18 2025 9:46 Until Fri Jul 18 2025 10:01,route,,506,Carlton,Regular service has resumed eastbound near College St at McCaul St. Started Fri Jul 18 2025 9:46 Until Fri Jul 18 2025 10:01,service_resumed,resumed,eastbound,College St at McCaul St,,,,2025-07-18T09:46:00-04:00,2025-07-18T10:01:00-04:00,506-Carlton,2025-07-18T09:48:00-04:00,2025-07-18T10:02:00-04:00,2025-07-18,09:46,America/Toronto,2025,TTCnotices5062025.txt,3103
506 Carlton Regular service has resumed westbound near College St at McCaul St. Started Fri Jul 18 2025 9:58 Until Fri Jul 18 2025 10:13,route,,506,Carlton,Regular service has resumed westbound near College St at McCaul St. Started Fri Jul 18 2025 9:58 Until Fri Jul 18 2025 10:13,service_resumed,resumed,westbound,College St at McCaul St,,,,2025-07-18T09:58:00-04:00,2025-07-18T10:13:00-04:00,506-Carlton,2025-07-18T10:00:00-04:00,2025-07-18T10:12:00-04:00,2025-07-18,09:58,America/Toronto,2025,TTCnotices5062025.txt,3106
506 Carlton: No service near College St at Lansdowne Ave while we respond to a medical emergency. Started Fri Jul 18 2025 10:34,route,,506,Carlton,No service near College St at Lansdowne Ave while we respond to a medical emergency. Started Fri Jul 18 2025 10:34,no_service,disruption,,College St at Lansdowne Ave,,,we respond to a medical emergency,2025-07-18T10:34:00-04:00,,506-Carlton,2025-07-18T10:36:00-04:00,2025-07-18T10:40:00-04:00,2025-07-18,10:34,America/Toronto,2025,TTCnotices5062025.txt,3109
506 Carlton Regular service has resumed near College St at Lansdowne Ave. Started Fri Jul 18 2025 10:39 Until Fri Jul 18 2025 10:54,route,,506,Carlton,Regular service has resumed near College St at Lansdowne Ave. Started Fri Jul 18 2025 10:39 Until Fri Jul 18 2025 10:54,service_resumed,resumed,,College St at Lansdowne Ave,,,,2025-07-18T10:39:00-04:00,2025-07-18T10:54:00-04:00,506-Carlton,2025-07-18T10:40:00-04:00,2025-07-18T10:54:00-04:00,2025-07-18,10:39,America/Toronto,2025,TTCnotices5062025.txt,3112
506 Carlton: Delays near College St at Dufferin St due to a festival. Started Sun Jul 20 2025 12:21,route,,506,Carlton,Delays near College St at Dufferin St due to a festival. Started Sun Jul 20 2025 12:21,delay,disruption,,College St at Dufferin St,,,a festival,2025-07-20T12:21:00-04:00,,506-Carlton,2025-07-20T12:22:00-04:00,2025-07-20T21:56:00-04:00,2025-07-20,12:21,America/Toronto,2025,TTCnotices5062025.txt,3115
506 Carlton: Delays near College St at Dufferin St due to a festival. Started Sun Jul 20 2025 21:56 Until Mon Jul 21 2025 2:00,route,,506,Carlton,Delays near College St at Dufferin St due to a festival. Started Sun Jul 20 2025 21:56 Until Mon Jul 21 2025 2:00,delay,disruption,,College St at Dufferin St,,,a festival,2025-07-20T21:56:00-04:00,2025-07-21T02:00:00-04:00,506-Carlton,2025-07-20T21:58:00-04:00,2025-07-21T02:00:00-04:00,2025-07-20,21:56,America/Toronto,2025,TTCnotices5062025.txt,3118
506 Carlton Regular service has resumed near College St at Dufferin St. Started Mon Jul 21 2025 2:00 Until Mon Jul 21 2025 2:15,route,,506,Carlton,Regular service has resumed near College St at Dufferin St. Started Mon Jul 21 2025 2:00 Until Mon Jul 21 2025 2:15,service_resumed,resumed,,College St at Dufferin St,,,,2025-07-21T02:00:00-04:00,2025-07-21T02:15:00-04:00,506-Carlton,2025-07-21T02:00:00-04:00,2025-07-21T02:14:00-04:00,2025-07-21,02:00,America/Toronto,2025,TTCnotices5062025.txt,3121
506 Carlton: No service between Gerrard St East at Coxwell Ave and Main Street Station due to a blocked track. Started Tue Jul 22 2025 13:00,route,,506,Carlton,No service between Gerrard St East at Coxwell Ave and Main Street Station due to a blocked track. Started Tue Jul 22 2025 13:00,no_service,disruption,,Gerrard St East at Coxwell Ave,Main Street Station,,a blocked track,2025-07-22T13:00:00-04:00,,506-Carlton,2025-07-22T13:00:00-04:00,2025-07-22T13:34:00-04:00,2025-07-22,13:00,America/Toronto,2025,TTCnotices5062025.txt,3124
506 Carlton Regular service has resumed between Gerrard St East at Coxwell Ave and Main Street Station. Started Tue Jul 22 2025 13:34 Until Tue Jul 22 2025 13:49,route,,506,Carlton,Regular service has resumed between Gerrard St East at Coxwell Ave and Main Street Station. Started Tue Jul 22 2025 13:34 Until Tue Jul 22 2025 13:49,service_resumed,resumed,,Gerrard St East at Coxwell Ave,Main Street Station,,,2025-07-22T13:34:00-04:00,2025-07-22T13:49:00-04:00,506-Carlton,2025-07-22T13:36:00-04:00,2025-07-22T13:48:00-04:00,2025-07-22,13:34,America/Toronto,2025,TTCnotices5062025.txt,3127
506 Carlton: Delays eastbound near Dundas St West at Sorauren Ave due to a blocked track. Started Thu Jul 24 2025 10:35,route,,506,Carlton,Delays eastbound near Dundas St West at Sorauren Ave due to a blocked track. Started Thu Jul 24 2025 10:35,delay,disruption,eastbound,Dundas St West at Sorauren Ave,,,a blocked track,2025-07-24T10:35:00-04:00,,506-Carlton,2025-07-24T10:36:00-04:00,2025-07-24T10:44:00-04:00,2025-07-24,10:35,America/Toronto,2025,TTCnotices5062025.txt,3130
506 Carlton Regular service has resumed eastbound near Dundas St West at Sorauren Ave. Started Thu Jul 24 2025 10:45 Until Thu Jul 24 2025 11:00,route,,506,Carlton,Regular service has resumed eastbound near Dundas St West at Sorauren Ave. Started Thu Jul 24 2025 10:45 Until Thu Jul 24 2025 11:00,service_resumed,resumed,eastbound,Dundas St West at Sorauren Ave,,,,2025-07-24T10:45:00-04:00,2025-07-24T11:00:00-04:00,506-Carlton,2025-07-24T10:46:00-04:00,2025-07-24T11:00:00-04:00,2025-07-24,10:45,America/Toronto,2025,TTCnotices5062025.txt,3133
Wellesley: Elevator out of service between Wellesley St entrance to Line 1 Finch platform. Started Thu Jul 24 2025 19:24,accessibility,Wellesley,,,Elevator out of service between Wellesley St entrance to Line 1 Finch platform. Started Thu Jul 24 2025 19:24,elevator_out_of_service,disruption,,,,,,2025-07-24T19:24:00-04:00,,506-Carlton,2025-07-24T19:26:00-04:00,2025-07-24T22:34:00-04:00,2025-07-24,19:24,America/Toronto,2025,TTCnotices5062025.txt,232
506 Carlton: No service eastbound from High Park Loop to College St at Lansdowne Ave due to a blocked track. Started Thu Jul 24 2025 21:25,route,,506,Carlton,No service eastbound from High Park Loop to College St at Lansdowne Ave due to a blocked track. Started Thu Jul 24 2025 21:25,no_service,disruption,eastbound,High Park Loop,College St at Lansdowne Ave,,a blocked track,2025-07-24T21:25:00-04:00,,506-Carlton,2025-07-24T21:26:00-04:00,2025-07-24T21:34:00-04:00,2025-07-24,21:25,America/Toronto,2025,TTCnotices5062025.txt,3136
506 Carlton Regular service has resumed eastbound from High Park Loop to College St at Lansdowne Ave. Started Thu Jul 24 2025 21:34 Until Thu Jul 24 2025 21:49,route,,506,Carlton,Regular service has resumed eastbound from High Park Loop to College St at Lansdowne Ave. Started Thu Jul 24 2025 21:34 Until Thu Jul 24 2025 21:49,service_resumed,resumed,eastbound,High Park Loop,College St at Lansdowne Ave,,,2025-07-24T21:34:00-04:00,2025-07-24T21:49:00-04:00,506-Carlton,2025-07-24T21:36:00-04:00,2025-07-24T21:48:00-04:00,2025-07-24,21:34,America/Toronto,2025,TTCnotices5062025.txt,3139
Wellesley: Elevator back in service between Wellesley St entrance to Line 1 Finch platform. Started Thu Jul 24 2025 22:33 Until Thu Jul 24 2025 22:48,accessibility,Wellesley,,,Elevator back in service between Wellesley St entrance to Line 1 Finch platform. Started Thu Jul 24 2025 22:33 Until Thu Jul 24 2025 22:48,elevator_back_in_service,resumed,,,,,,2025-07-24T22:33:00-04:00,2025-07-24T22:48:00-04:00,506-Carlton,2025-07-24T22:34:00-04:00,2025-07-24T22:48:00-04:00,2025-07-24,22:33,America/Toronto,2025,TTCnotices5062025.txt,235
"506 Carlton: Detour eastbound via Spadina Ave, Dundas St W and Parliament St while we deal with an operational problem. Started Fri Jul 25 2025 23:33",route,,506,Carlton,"Detour eastbound via Spadina Ave, Dundas St W and Parliament St while we deal with an operational problem. Started Fri Jul 25 2025 23:33",detour,disruption,eastbound,,,"Spadina Ave, Dundas St W and Parliament St",we deal with an operational problem,2025-07-25T23:33:00-04:00,,506-Carlton,2025-07-25T23:34:00-04:00,2025-07-26T00:06:00-04:00,2025-07-25,23:33,America/Toronto,2025,TTCnotices5062025.txt,3142
506 Carlton Regular service has resumed eastbound near College St at McCaul St. Started Sat Jul 26 2025 0:06 Until Sat Jul 26 2025 0:21,route,,506,Carlton,Regular service has resumed eastbound near College St at McCaul St. Started Sat Jul 26 2025 0:06 Until Sat Jul 26 2025 0:21,service_resumed,resumed,eastbound,College St at McCaul St,,,,2025-07-26T00:06:00-04:00,2025-07-26T00:21:00-04:00,506-Carlton,2025-07-26T00:06:00-04:00,2025-07-26T00:20:00-04:00,2025-07-26,00:06,America/Toronto,2025,TTCnotices5062025.txt,3145
506 Carlton: Detour via Dundas St W and Bathurst St due to a collision. Started Sat Jul 26 2025 9:57,route,,506,Carlton,Detour via Dundas St W and Bathurst St due to a collision. Started Sat Jul 26 2025 9:57,detour,disruption,,,,Dundas St W and Bathurst St,a collision,2025-07-26T09:57:00-04:00,,506-Carlton,2025-07-26T09:58:00-04:00,2025-07-26T10:37:00-04:00,2025-07-26,09:57,America/Toronto,2025,TTCnotices5062025.txt,3148
506 Carlton Regular service has resumed near College St at Brock Ave. Started Sat Jul 26 2025 10:37 Until Sat Jul 26 2025 10:52,route,,506,Carlton,Regular service has resumed near College St at Brock Ave. Started Sat Jul 26 2025 10:37 Until Sat Jul 26 2025 10:52,service_resumed,resumed,,College St at Brock Ave,,,,2025-07-26T10:37:00-04:00,2025-07-26T10:52:00-04:00,506-Carlton,2025-07-26T10:38:00-04:00,2025-07-26T10:52:00-04:00,2025-07-26,10:37,America/Toronto,2025,TTCnotices5062025.txt,3151
"506 Carlton: Detour via Parliament St, Dundas St E and Broadview Ave due to a collision. Started Sun Jul 27 2025 14:59",route,,506,Carlton,"Detour via Parliament St, Dundas St E and Broadview Ave due to a collision. Started Sun Jul 27 2025 14:59",detour,disruption,,,,"Parliament St, Dundas St E and Broadview Ave",a collision,2025-07-27T14:59:00-04:00,,506-Carlton,2025-07-27T15:00:00-04:00,2025-07-27T15:24:00-04:00,2025-07-27,14:59,America/Toronto,2025,TTCnotices5062025.txt,3154
506 Carlton Regular service has resumed near Gerrard St East at Blackburn St. Started Sun Jul 27 2025 15:26 Until Sun Jul 27 2025 15:41,route,,506,Carlton,Regular service has resumed near Gerrard St East at Blackburn St. Started Sun Jul 27 2025 15:26 Until Sun Jul 27 2025 15:41,service_resumed,resumed,,Gerrard St East at Blackburn St,,,,2025-07-27T15:26:00-04:00,2025-07-27T15:41:00-04:00,506-Carlton,2025-07-27T15:28:00-04:00,2025-07-27T15:40:00-04:00,2025-07-27,15:26,America/Toronto,2025,TTCnotices5062025.txt,3157
"506 Carlton: Detour eastbound via Ossington Ave, Dundas St E and Parliament St due to a security incident. Started Sun Jul 27 2025 21:03",route,,506,Carlton,"Detour eastbound via Ossington Ave, Dundas St E and Parliament St due to a security incident. Started Sun Jul 27 2025 21:03",detour,disruption,eastbound,,,"Ossington Ave, Dundas St E and Parliament St",a security incident,2025-07-27T21:03:00-04:00,,506-Carlton,2025-07-27T21:04:00-04:00,2025-07-27T21:30:00-04:00,2025-07-27,21:03,America/Toronto,2025,TTCnotices5062025.txt,3160
506 Carlton Regular service has resumed eastbound near College St at Borden St. Started Sun Jul 27 2025 21:31 Until Sun Jul 27 2025 21:46,route,,506,Carlton,Regular service has resumed eastbound near College St at Borden St. Started Sun Jul 27 2025 21:31 Until Sun Jul 27 2025 21:46,service_resumed,resumed,eastbound,College St at Borden St,,,,2025-07-27T21:31:00-04:00,2025-07-27T21:46:00-04:00,506-Carlton,2025-07-27T21:32:00-04:00,2025-07-27T21:46:00-04:00,2025-07-27,21:31,America/Toronto,2025,TTCnotices5062025.txt,3163
"506 Carlton: Detour via Ossington Ave, Dundas St W and Broadview Ave while we deal with an operational problem. Started Mon Jul 28 2025 14:59",route,,506,Carlton,"Detour via Ossington Ave, Dundas St W and Broadview Ave while we deal with an operational problem. Started Mon Jul 28 2025 14:59",detour,disruption,,,,"Ossington Ave, Dundas St W and Broadview Ave",we deal with an operational problem,2025-07-28T14:59:00-04:00,,506-Carlton,2025-07-28T15:00:00-04:00,2025-07-28T15:24:00-04:00,2025-07-28,14:59,America/Toronto,2025,TTCnotices5062025.txt,3166
506 Carlton Regular service has resumed near College St at Ossington Ave. Started Mon Jul 28 2025 15:25 Until Mon Jul 28 2025 15:40,route,,506,Carlton,Regular service has resumed near College St at Ossington Ave. Started Mon Jul 28 2025 15:25 Until Mon Jul 28 2025 15:40,service_resumed,resumed,,College St at Ossington Ave,,,,2025-07-28T15:25:00-04:00,2025-07-28T15:40:00-04:00,506-Carlton,2025-07-28T15:26:00-04:00,2025-07-28T15:40:00-04:00,2025-07-28,15:25,America/Toronto,2025,TTCnotices5062025.txt,3169
Wellesley: Elevator out of service between Wellesley St entrance to Line 1 Vaughan via Union platform. Started Tue Jul 29 2025 8:07,accessibility,Wellesley,,,Elevator out of service between Wellesley St entrance to Line 1 Vaughan via Union platform. Started Tue Jul 29 2025 8:07,elevator_out_of_service,disruption,,,,,,2025-07-29T08:07:00-04:00,,506-Carlton,2025-07-29T08:08:00-04:00,2025-07-29T16:16:00-04:00,2025-07-29,08:07,America/Toronto,2025,TTCnotices5062025.txt,238
Queen's Park: Elevator out of service between College St northeast entrance and concourse. Started Tue Jul 29 2025 16:02,accessibility,Queen's Park,,,Elevator out of service between College St northeast entrance and concourse. Started Tue Jul 29 2025 16:02,elevator_out_of_service,disruption,,College St northeast entrance,concourse,,,2025-07-29T16:02:00-04:00,,506-Carlton,2025-07-29T16:04:00-04:00,2025-07-30T06:00:00-04:00,2025-07-29,16:02,America/Toronto,2025,TTCnotices5062025.txt,241
Wellesley: Elevator back in service between Wellesley St entrance to Line 1 Vaughan via Union platform. Started Tue Jul 29 2025 16:15 Until Tue Jul 29 2025 16:30,accessibility,Wellesley,,,Elevator back in service between Wellesley St entrance to Line 1 Vaughan via Union platform. Started Tue Jul 29 2025 16:15 Until Tue Jul 29 2025 16:30,elevator_back_in_service,resumed,,,,,,2025-07-29T16:15:00-04:00,2025-07-29T16:30:00-04:00,506-Carlton,2025-07-29T16:16:00-04:00,2025-07-29T16:30:00-04:00,2025-07-29,16:15,America/Toronto,2025,TTCnotices5062025.txt,244
506 Carlton: No service between Main Street Station and Coxwell Ave at Lower Gerrard St East due to a security incident. Started Tue Jul 29 2025 23:00,route,,506,Carlton,No service between Main Street Station and Coxwell Ave at Lower Gerrard St East due to a security incident. Started Tue Jul 29 2025 23:00,no_service,disruption,,Main Street Station,Coxwell Ave at Lower Gerrard St East,,a security incident,2025-07-29T23:00:00-04:00,,506-Carlton,2025-07-29T23:00:00-04:00,2025-07-29T23:02:00-04:00,2025-07-29,23:00,America/Toronto,2025,TTCnotices5062025.txt,3172
506 Carlton Regular service has resumed between Main Street Station and Coxwell Ave at Lower Gerrard St East. Started Tue Jul 29 2025 23:03 Until Tue Jul 29 2025 23:18,route,,506,Carlton,Regular service has resumed between Main Street Station and Coxwell Ave at Lower Gerrard St East. Started Tue Jul 29 2025 23:03 Until Tue Jul 29 2025 23:18,service_resumed,resumed,,Main Street Station,Coxwell Ave at Lower Gerrard St East,,,2025-07-29T23:03:00-04:00,2025-07-29T23:18:00-04:00,506-Carlton,2025-07-29T23:04:00-04:00,2025-07-29T23:18:00-04:00,2025-07-29,23:03,America/Toronto,2025,TTCnotices5062025.txt,3175
Queen's Park: Elevator back in service between College St northeast entrance and concourse. Started Wed Jul 30 2025 6:00 Until Wed Jul 30 2025 6:15,accessibility,Queen's Park,,,Elevator back in service between College St northeast entrance and concourse. Started Wed Jul 30 2025 6:00 Until Wed Jul 30 2025 6:15,elevator_back_in_service,resumed,,College St northeast entrance,concourse,,,2025-07-30T06:00:00-04:00,2025-07-30T06:15:00-04:00,506-Carlton,2025-07-30T06:02:00-04:00,2025-07-30T06:14:00-04:00,2025-07-30,06:00,America/Toronto,2025,TTCnotices5062025.txt,247
506 Carlton: No service westbound from Main Street Station to Coxwell Ave at Lower Gerrard St East while we respond to a medical emergency. Started Fri Aug 1 2025 11:21,route,,506,Carlton,No service westbound from Main Street Station to Coxwell Ave at Lower Gerrard St East while we respond to a medical emergency. Started Fri Aug 1 2025 11:21,no_service,disruption,westbound,Main Street Station,Coxwell Ave at Lower Gerrard St East,,we respond to a medical emergency,2025-08-01T11:21:00-04:00,,506-Carlton,2025-08-01T11:24:00-04:00,2025-08-01T11:24:00-04:00,2025-08-01,11:21,America/Toronto,2025,TTCnotices5062025.txt,3178
506 Carlton Regular service has resumed westbound from Main Street Station to Coxwell Ave at Lower Gerrard St East. Started Fri Aug 1 2025 11:24 Until Fri Aug 1 2025 11:39,route,,506,Carlton,Regular service has resumed westbound from Main Street Station to Coxwell Ave at Lower Gerrard St East. Started Fri Aug 1 2025 11:24 Until Fri Aug 1 2025 11:39,service_resumed,resumed,westbound,Main Street Station,Coxwell Ave at Lower Gerrard St East,,,2025-08-01T11:24:00-04:00,2025-08-01T11:39:00-04:00,506-Carlton,2025-08-01T11:24:00-04:00,2025-08-01T11:38:00-04:00,2025-08-01,11:24,America/Toronto,2025,TTCnotices5062025.txt,3181
506 Carlton: No service between College St at Lansdowne Ave and Howard Park Ave at Parkside Dr while we respond to a medical emergency. Started Sat Aug 2 2025 0:00,route,,506,Carlton,No service between College St at Lansdowne Ave and Howard Park Ave at Parkside Dr while we respond to a medical emergency. Started Sat Aug 2 2025 0:00,no_service,disruption,,College St at Lansdowne Ave,Howard Park Ave at Parkside Dr,,we respond to a medical emergency,2025-08-02T00:00:00-04:00,,506-Carlton,2025-08-02T00:02:00-04:00,2025-08-02T00:44:00-04:00,2025-08-02,00:00,America/Toronto,2025,TTCnotices5062025.txt,3184
506 Carlton: No service between College St at Lansdowne Ave and Howard Park Ave at Parkside Dr while we respond to a medical emergency. Started Sat Aug 2 2025 0:00,route,,506,Carlton,No service between College St at Lansdowne Ave and Howard Park Ave at Parkside Dr while we respond to a medical emergency. Started Sat Aug 2 2025 0:00,no_service,disruption,,College St at Lansdowne Ave,Howard Park Ave at Parkside Dr,,we respond to a medical emergency,2025-08-02T00:00:00-04:00,,506-Carlton,2025-08-02T00:44:00-04:00,2025-08-02T01:32:00-04:00,2025-08-02,00:00,America/Toronto,2025,TTCnotices5062025.txt,3190
506 Carlton Regular service has resumed between College St at Lansdowne Ave and Howard Park Ave at Parkside Dr. Started Sat Aug 2 2025 0:44 Until Sat Aug 2 2025 0:59,route,,506,Carlton,Regular service has resumed between College St at Lansdowne Ave and Howard Park Ave at Parkside Dr. Started Sat Aug 2 2025 0:44 Until Sat Aug 2 2025 0:59,service_resumed,resumed,,College St at Lansdowne Ave,Howard Park Ave at Parkside Dr,,,2025-08-02T00:44:00-04:00,2025-08-02T00:59:00-04:00,506-Carlton,2025-08-02T00:44:00-04:00,2025-08-02T00:58:00-04:00,2025-08-02,00:44,America/Toronto,2025,TTCnotices5062025.txt,3187
506 Carlton Regular service has resumed between College St at Lansdowne Ave and Howard Park Ave at Parkside Dr. Started Sat Aug 2 2025 1:33 Until Sat Aug 2 2025 1:48,route,,506,Carlton,Regular service has resumed between College St at Lansdowne Ave and Howard Park Ave at Parkside Dr. Started Sat Aug 2 2025 1:33 Until Sat Aug 2 2025 1:48,service_resumed,resumed,,College St at Lansdowne Ave,Howard Park Ave at Parkside Dr,,,2025-08-02T01:33:00-04:00,2025-08-02T01:48:00-04:00,506-Carlton,2025-08-02T01:34:00-04:00,2025-08-02T01:48:00-04:00,2025-08-02,01:33,America/Toronto,2025,TTCnotices5062025.txt,3193
506 Carlton: No service between Howard Park Ave at Dundas St West and College St at Lansdowne Ave due to a collision. Started Sat Aug 2 2025 22:52,route,,506,Carlton,No service between Howard Park Ave at Dundas St West and College St at Lansdowne Ave due to a collision. Started Sat Aug 2 2025 22:52,no_service,disruption,,Howard Park Ave at Dundas St West,College St at Lansdowne Ave,,a collision,2025-08-02T22:52:00-04:00,,506-Carlton,2025-08-02T22:54:00-04:00,2025-08-03T00:39:00-04:00,2025-08-02,22:52,America/Toronto,2025,TTCnotices5062025.txt,3196
506 Carlton Regular service has resumed between Howard Park Ave at Dundas St West and College St at Lansdowne Ave. Started Sun Aug 3 2025 0:38 Until Sun Aug 3 2025 0:53,route,,506,Carlton,Regular service has resumed between Howard Park Ave at Dundas St West and College St at Lansdowne Ave. Started Sun Aug 3 2025 0:38 Until Sun Aug 3 2025 0:53,service_resumed,resumed,,Howard Park Ave at Dundas St West,College St at Lansdowne Ave,,,2025-08-03T00:38:00-04:00,2025-08-03T00:53:00-04:00,506-Carlton,2025-08-03T00:40:00-04:00,2025-08-03T00:52:00-04:00,2025-08-03,00:38,America/Toronto,2025,TTCnotices5062025.txt,3199
506 Carlton: No service between High Park Loop and College St at Lansdowne Ave while we respond to a medical emergency. Started Sun Aug 3 2025 16:39,route,,506,Carlton,No service between High Park Loop and College St at Lansdowne Ave while we respond to a medical emergency. Started Sun Aug 3 2025 16:39,no_service,disruption,,High Park Loop,College St at Lansdowne Ave,,we respond to a medical emergency,2025-08-03T16:39:00-04:00,,506-Carlton,2025-08-03T16:40:00-04:00,2025-08-03T17:18:00-04:00,2025-08-03,16:39,America/Toronto,2025,TTCnotices5062025.txt,3202
506 Carlton Regular service has resumed between High Park Loop and College St at Lansdowne Ave. Started Sun Aug 3 2025 17:17 Until Sun Aug 3 2025 17:32,route,,506,Carlton,Regular service has resumed between High Park Loop and College St at Lansdowne Ave. Started Sun Aug 3 2025 17:17 Until Sun Aug 3 2025 17:32,service_resumed,resumed,,High Park Loop,College St at Lansdowne Ave,,,2025-08-03T17:17:00-04:00,2025-08-03T17:32:00-04:00,506-Carlton,2025-08-03T17:18:00-04:00,2025-08-03T17:32:00-04:00,2025-08-03,17:17,America/Toronto,2025,TTCnotices5062025.txt,3205
"Main Street: Elevator out of service between Main St entrance, concourse and Line 2 Kennedy platform. Started Sun Aug 3 2025 20:02",accessibility,Main Street,,,"Elevator out of service between Main St entrance, concourse and Line 2 Kennedy platform. Started Sun Aug 3 2025 20:02",elevator_out_of_service,disruption,,"Main St entrance, concourse",Line 2 Kennedy platform,,,2025-08-03T20:02:00-04:00,,506-Carlton,2025-08-03T20:04:00-04:00,2025-08-03T23:54:00-04:00,2025-08-03,20:02,America/Toronto,2025,TTCnotices5062025.txt,250
506 Carlton: No service between Main Street Station and Gerrard St East at Coxwell Ave due to a blocked track. Started Sun Aug 3 2025 20:49,route,,506,Carlton,No service between Main Street Station and Gerrard St East at Coxwell Ave due to a blocked track. Started Sun Aug 3 2025 20:49,no_service,disruption,,Main Street Station,Gerrard St East at Coxwell Ave,,a blocked track,2025-08-03T20:49:00-04:00,,506-Carlton,2025-08-03T20:50:00-04:00,2025-08-03T21:00:00-04:00,2025-08-03,20:49,America/Toronto,2025,TTCnotices5062025.txt,3208
506 Carlton Regular service has resumed between Main Street Station and Gerrard St East at Coxwell Ave. Started Sun Aug 3 2025 21:01 Until Sun Aug 3 2025 21:16,route,,506,Carlton,Regular service has resumed between Main Street Station and Gerrard St East at Coxwell Ave. Started Sun Aug 3 2025 21:01 Until Sun Aug 3 2025 21:16,service_resumed,resumed,,Main Street Station,Gerrard St East at Coxwell Ave,,,2025-08-03T21:01:00-04:00,2025-08-03T21:16:00-04:00,506-Carlton,2025-08-03T21:02:00-04:00,2025-08-03T21:16:00-04:00,2025-08-03,21:01,America/Toronto,2025,TTCnotices5062025.txt,3211
"Main Street: Elevator back in service between Main St entrance, concourse and Line 2 Kennedy platform. Started Sun Aug 3 2025 23:55 Until Mon Aug 4 2025 0:10",accessibility,Main Street,,,"Elevator back in service between Main St entrance, concourse and Line 2 Kennedy platform. Started Sun Aug 3 2025 23:55 Until Mon Aug 4 2025 0:10",elevator_back_in_service,resumed,,"Main St entrance, concourse",Line 2 Kennedy platform,,,2025-08-03T23:55:00-04:00,2025-08-04T00:10:00-04:00,506-Carlton,2025-08-03T23:56:00-04:00,2025-08-04T00:10:00-04:00,2025-08-03,23:55,America/Toronto,2025,TTCnotices5062025.txt,253
506 Carlton: Detour eastbound via Dundas St W and Bathurst St due to a blocked track. Started Mon Aug 4 2025 16:11,route,,506,Carlton,Detour eastbound via Dundas St W and Bathurst St due to a blocked track. Started Mon Aug 4 2025 16:11,detour,disruption,eastbound,,,Dundas St W and Bathurst St,a blocked track,2025-08-04T16:11:00-04:00,,506-Carlton,2025-08-04T16:12:00-04:00,2025-08-04T16:52:00-04:00,2025-08-04,16:11,America/Toronto,2025,TTCnotices5062025.txt,3214
506 Carlton Regular service has resumed eastbound near College St at Dufferin St. Started Mon Aug 4 2025 16:51 Until Mon Aug 4 2025 17:06,route,,506,Carlton,Regular service has resumed eastbound near College St at Dufferin St. Started Mon Aug 4 2025 16:51 Until Mon Aug 4 2025 17:06,service_resumed,resumed,eastbound,College St at Dufferin St,,,,2025-08-04T16:51:00-04:00,2025-08-04T17:06:00-04:00,506-Carlton,2025-08-04T16:54:00-04:00,2025-08-04T17:06:00-04:00,2025-08-04,16:51,America/Toronto,2025,TTCnotices5062025.txt,3217
"Main Street: Elevator out of service between Main St entrance, concourse and Line 2 Kennedy platform. Started Tue Aug 5 2025 5:44",accessibility,Main Street,,,"Elevator out of service between Main St entrance, concourse and Line 2 Kennedy platform. Started Tue Aug 5 2025 5:44",elevator_out_of_service,disruption,,"Main St entrance, concourse",Line 2 Kennedy platform,,,2025-08-05T05:44:00-04:00,,506-Carlton,2025-08-05T05:46:00-04:00,2025-08-05T07:56:00-04:00,2025-08-05,05:44,America/Toronto,2025,TTCnotices5062025.txt,256
"Main Street: Elevator back in service between Main St entrance, concourse and Line 2 Kennedy platform. Started Tue Aug 5 2025 7:56 Until Tue Aug 5 2025 8:11",accessibility,Main Street,,,"Elevator back in service between Main St entrance, concourse and Line 2 Kennedy platform. Started Tue Aug 5 2025 7:56 Until Tue Aug 5 2025 8:11",elevator_back_in_service,resumed,,"Main St entrance, concourse",Line 2 Kennedy platform,,,2025-08-05T07:56:00-04:00,2025-08-05T08:11:00-04:00,506-Carlton,2025-08-05T07:58:00-04:00,2025-08-05T08:10:00-04:00,2025-08-05,07:56,America/Toronto,2025,TTCnotices5062025.txt,259
"506 Carlton: Detour eastbound via Church St, Dundas St E and Broadview Ave due to a collision. Started Tue Aug 5 2025 17:44",route,,506,Carlton,"Detour eastbound via Church St, Dundas St E and Broadview Ave due to a collision. Started Tue Aug 5 2025 17:44",detour,disruption,eastbound,,,"Church St, Dundas St E and Broadview Ave",a collision,2025-08-05T17:44:00-04:00,,506-Carlton,2025-08-05T17:46:00-04:00,,2025-08-05,17:44,America/Toronto,2025,TTCnotices5062025.txt,3220
506 Carlton Regular service has resumed eastbound near Parliament St at Gerrard St East. Started Tue Aug 5 2025 17:45 Until Tue Aug 5 2025 18:00,route,,506,Carlton,Regular service has resumed eastbound near Parliament St at Gerrard St East. Started Tue Aug 5 2025 17:45 Until Tue Aug 5 2025 18:00,service_resumed,resumed,eastbound,Parliament St at Gerrard St East,,,,2025-08-05T17:45:00-04:00,2025-08-05T18:00:00-04:00,506-Carlton,2025-08-05T17:46:00-04:00,2025-08-05T18:00:00-04:00,2025-08-05,17:45,America/Toronto,2025,TTCnotices5062025.txt,3223
506 Carlton: No service between High Park Loop and College St at Lansdowne Ave due to a fire. Started Tue Aug 5 2025 20:08,route,,506,Carlton,No service between High Park Loop and College St at Lansdowne Ave due to a fire. Started Tue Aug 5 2025 20:08,no_service,disruption,,High Park Loop,College St at Lansdowne Ave,,a fire,2025-08-05T20:08:00-04:00,,506-Carlton,2025-08-05T20:10:00-04:00,2025-08-05T20:18:00-04:00,2025-08-05,20:08,America/Toronto,2025,TTCnotices5062025.txt,3226
506 Carlton Regular service has resumed between High Park Loop and College St at Lansdowne Ave. Started Tue Aug 5 2025 20:18 Until Tue Aug 5 2025 20:33,route,,506,Carlton,Regular service has resumed between High Park Loop and College St at Lansdowne Ave. Started Tue Aug 5 2025 20:18 Until Tue Aug 5 2025 20:33,service_resumed,resumed,,High Park Loop,College St at Lansdowne Ave,,,2025-08-05T20:18:00-04:00,2025-08-05T20:33:00-04:00,506-Carlton,2025-08-05T20:20:00-04:00,2025-08-05T20:32:00-04:00,2025-08-05,20:18,America/Toronto,2025,TTCnotices5062025.txt,3229
506 Carlton: No service between Main Street Station and Coxwell Ave at Lower Gerrard St East while we respond to a medical emergency. Started Tue Aug 5 2025 20:58,route,,506,Carlton,No service between Main Street Station and Coxwell Ave at Lower Gerrard St East while we respond to a medical emergency. Started Tue Aug 5 2025 20:58,no_service,disruption,,Main Street Station,Coxwell Ave at Lower Gerrard St East,,we respond to a medical emergency,2025-08-05T20:58:00-04:00,,506-Carlton,2025-08-05T20:58:00-04:00,2025-08-05T21:44:00-04:00,2025-08-05,20:58,America/Toronto,2025,TTCnotices5062025.txt,3232
506 Carlton Regular service has resumed between Main Street Station and Coxwell Ave at Lower Gerrard St East. Started Tue Aug 5 2025 21:43 Until Tue Aug 5 2025 21:58,route,,506,Carlton,Regular service has resumed between Main Street Station and Coxwell Ave at Lower Gerrard St East. Started Tue Aug 5 2025 21:43 Until Tue Aug 5 2025 21:58,service_resumed,resumed,,Main Street Station,Coxwell Ave at Lower Gerrard St East,,,2025-08-05T21:43:00-04:00,2025-08-05T21:58:00-04:00,506-Carlton,2025-08-05T21:46:00-04:00,2025-08-05T21:58:00-04:00,2025-08-05,21:43,America/Toronto,2025,TTCnotices5062025.txt,3235
"506 Carlton: Detour westbound via Mccaul St, Queen St E and Ossington Ave due to a security incident. Started Wed Aug 6 2025 18:40",route,,506,Carlton,"Detour westbound via Mccaul St, Queen St E and Ossington Ave due to a security incident. Started Wed Aug 6 2025 18:40",detour,disruption,westbound,,,"Mccaul St, Queen St E and Ossington Ave",a security incident,2025-08-06T18:40:00-04:00,,506-Carlton,2025-08-06T18:42:00-04:00,2025-08-06T21:02:00-04:00,2025-08-06,18:40,America/Toronto,2025,TTCnotices5062025.txt,3238
506 Carlton: Delays near College St at Bathurst St due to traffic congestion. Started Wed Aug 6 2025 19:41,route,,506,Carlton,Delays near College St at Bathurst St due to traffic congestion. Started Wed Aug 6 2025 19:41,delay,disruption,,College St at Bathurst St,,,traffic congestion,2025-08-06T19:41:00-04:00,,506-Carlton,2025-08-06T19:42:00-04:00,2025-08-06T21:02:00-04:00,2025-08-06,19:41,America/Toronto,2025,TTCnotices5062025.txt,3241
506 Carlton Regular service has resumed near College St at Bathurst St. Started Wed Aug 6 2025 21:03 Until Wed Aug 6 2025 21:18,route,,506,Carlton,Regular service has resumed near College St at Bathurst St. Started Wed Aug 6 2025 21:03 Until Wed Aug 6 2025 21:18,service_resumed,resumed,,College St at Bathurst St,,,,2025-08-06T21:03:00-04:00,2025-08-06T21:18:00-04:00,506-Carlton,2025-08-06T21:04:00-04:00,2025-08-06T21:18:00-04:00,2025-08-06,21:03,America/Toronto,2025,TTCnotices5062025.txt,3247
506 Carlton Regular service has resumed westbound near College St at Bathurst St. Started Wed Aug 6 2025 21:03 Until Wed Aug 6 2025 21:18,route,,506,Carlton,Regular service has resumed westbound near College St at Bathurst St. Started Wed Aug 6 2025 21:03 Until Wed Aug 6 2025 21:18,service_resumed,resumed,westbound,College St at Bathurst St,,,,2025-08-06T21:03:00-04:00,2025-08-06T21:18:00-04:00,506-Carlton,2025-08-06T21:04:00-04:00,2025-08-06T21:18:00-04:00,2025-08-06,21:03,America/Toronto,2025,TTCnotices5062025.txt,3244
"506 Carlton: Detour eastbound via Mccaul St, Dundas St W, Broadview Ave and Gerrard St E while we deal with an operational problem. Started Thu Aug 7 2025 4:55",route,,506,Carlton,"Detour eastbound via Mccaul St, Dundas St W, Broadview Ave and Gerrard St E while we deal with an operational problem. Started Thu Aug 7 2025 4:55",detour,disruption,eastbound,,,"Mccaul St, Dundas St W, Broadview Ave and Gerrard St E",we deal with an operational problem,2025-08-07T04:55:00-04:00,,506-Carlton,2025-08-07T04:56:00-04:00,2025-08-07T05:40:00-04:00,2025-08-07,04:55,America/Toronto,2025,TTCnotices5062025.txt,3250
506 Carlton Regular service has resumed eastbound near Gerrard St East at Broadview Ave. Started Thu Aug 7 2025 5:39 Until Thu Aug 7 2025 5:54,route,,506,Carlton,Regular service has resumed eastbound near Gerrard St East at Broadview Ave. Started Thu Aug 7 2025 5:39 Until Thu Aug 7 2025 5:54,service_resumed,resumed,eastbound,Gerrard St East at Broadview Ave,,,,2025-08-07T05:39:00-04:00,2025-08-07T05:54:00-04:00,506-Carlton,2025-08-07T05:42:00-04:00,2025-08-07T05:54:00-04:00,2025-08-07,05:39,America/Toronto,2025,TTCnotices5062025.txt,3253
506 Carlton: Delays between Main Street Station and High Park Loop due to traffic congestion. Started Thu Aug 7 2025 22:33,route,,506,Carlton,Delays between Main Street Station and High Park Loop due to traffic congestion. Started Thu Aug 7 2025 22:33,delay,disruption,,Main Street Station,High Park Loop,,traffic congestion,2025-08-07T22:33:00-04:00,,506-Carlton,2025-08-07T22:34:00-04:00,2025-08-08T02:34:00-04:00,2025-08-07,22:33,America/Toronto,2025,TTCnotices5062025.txt,3256
506 Carlton: Delays near College St at Spadina Ave due to traffic congestion. Started Fri Aug 8 2025 22:10,route,,506,Carlton,Delays near College St at Spadina Ave due to traffic congestion. Started Fri Aug 8 2025 22:10,delay,disruption,,College St at Spadina Ave,,,traffic congestion,2025-08-08T22:10:00-04:00,,506-Carlton,2025-08-08T22:12:00-04:00,2025-08-09T02:00:00-04:00,2025-08-08,22:10,America/Toronto,2025,TTCnotices5062025.txt,3259
Wellesley: Elevator out of service between Wellesley St entrance to Line 1 Vaughan via Union platform. Started Mon Aug 11 2025 21:39,accessibility,Wellesley,,,Elevator out of service between Wellesley St entrance to Line 1 Vaughan via Union platform. Started Mon Aug 11 2025 21:39,elevator_out_of_service,disruption,,,,,,2025-08-11T21:39:00-04:00,,506-Carlton,2025-08-11T21:40:00-04:00,2025-08-12T05:10:00-04:00,2025-08-11,21:39,America/Toronto,2025,TTCnotices5062025.txt,262
506 Carlton: No service between Main Street Station and Gerrard St East at Broadview Ave while we respond to a medical emergency. Started Mon Aug 11 2025 21:50,route,,506,Carlton,No service between Main Street Station and Gerrard St East at Broadview Ave while we respond to a medical emergency. Started Mon Aug 11 2025 21:50,no_service,disruption,,Main Street Station,Gerrard St East at Broadview Ave,,we respond to a medical emergency,2025-08-11T21:50:00-04:00,,506-Carlton,2025-08-11T21:52:00-04:00,2025-08-11T21:58:00-04:00,2025-08-11,21:50,America/Toronto,2025,TTCnotices5062025.txt,3262
506 Carlton: No service between Main Street Station and Gerrard St East at Broadview Ave while we respond to a medical emergency. Shuttle buses are running between Main Street Station and Gerrard St East at Broadview Ave. Started Mon Aug 11 2025 21:57,route,,506,Carlton,No service between Main Street Station and Gerrard St East at Broadview Ave while we respond to a medical emergency. Shuttle buses are running between Main Street Station and Gerrard St East at Broadview Ave. Started Mon Aug 11 2025 21:57,no_service,disruption,,Main Street Station,Gerrard St East at Broadview Ave,,we respond to a medical emergency. Shuttle buses are running between Main Street Station and Gerrard St East at Broadview Ave,2025-08-11T21:57:00-04:00,,506-Carlton,2025-08-11T21:58:00-04:00,2025-08-12T00:18:00-04:00,2025-08-11,21:57,America/Toronto,2025,TTCnotices5062025.txt,3265
Main Street: Elevator out of service between concourse and Line 2 Kipling platform. Started Mon Aug 11 2025 23:12,accessibility,Main Street,,,Elevator out of service between concourse and Line 2 Kipling platform. Started Mon Aug 11 2025 23:12,elevator_out_of_service,disruption,,concourse,Line 2 Kipling platform,,,2025-08-11T23:12:00-04:00,,506-Carlton,2025-08-11T23:14:00-04:00,2025-08-12T05:10:00-04:00,2025-08-11,23:12,America/Toronto,2025,TTCnotices5062025.txt,265
506 Carlton Regular service has resumed between Main Street Station and Gerrard St East at Broadview Ave. Started Tue Aug 12 2025 0:19 Until Tue Aug 12 2025 0:34,route,,506,Carlton,Regular service has resumed between Main Street Station and Gerrard St East at Broadview Ave. Started Tue Aug 12 2025 0:19 Until Tue Aug 12 2025 0:34,service_resumed,resumed,,Main Street Station,Gerrard St East at Broadview Ave,,,2025-08-12T00:19:00-04:00,2025-08-12T00:34:00-04:00,506-Carlton,2025-08-12T00:20:00-04:00,2025-08-12T00:34:00-04:00,2025-08-12,00:19,America/Toronto,2025,TTCnotices5062025.txt,3268
"Main Street: Elevator out of service between Main St entrance, concourse and Line 2 Kennedy platform. Started Tue Aug 12 2025 4:20",accessibility,Main Street,,,"Elevator out of service between Main St entrance, concourse and Line 2 Kennedy platform. Started Tue Aug 12 2025 4:20",elevator_out_of_service,disruption,,"Main St entrance, concourse",Line 2 Kennedy platform,,,2025-08-12T04:20:00-04:00,,506-Carlton,2025-08-12T04:22:00-04:00,2025-08-12T07:58:00-04:00,2025-08-12,04:20,America/Toronto,2025,TTCnotices5062025.txt,268
Main Street: Elevator back in service between concourse and Line 2 Kipling platform. Started Tue Aug 12 2025 5:10 Until Tue Aug 12 2025 5:25,accessibility,Main Street,,,Elevator back in service between concourse and Line 2 Kipling platform. Started Tue Aug 12 2025 5:10 Until Tue Aug 12 2025 5:25,elevator_back_in_service,resumed,,concourse,Line 2 Kipling platform,,,2025-08-12T05:10:00-04:00,2025-08-12T05:25:00-04:00,506-Carlton,2025-08-12T05:10:00-04:00,2025-08-12T05:24:00-04:00,2025-08-12,05:10,America/Toronto,2025,TTCnotices5062025.txt,271
Wellesley: Elevator back in service between Wellesley St entrance to Line 1 Vaughan via Union platform. Started Tue Aug 12 2025 5:10 Until Tue Aug 12 2025 5:25,accessibility,Wellesley,,,Elevator back in service between Wellesley St entrance to Line 1 Vaughan via Union platform. Started Tue Aug 12 2025 5:10 Until Tue Aug 12 2025 5:25,elevator_back_in_service,resumed,,,,,,2025-08-12T05:10:00-04:00,2025-08-12T05:25:00-04:00,506-Carlton,2025-08-12T05:10:00-04:00,2025-08-12T05:24:00-04:00,2025-08-12,05:10,America/Toronto,2025,TTCnotices5062025.txt,274
"Main Street: Elevator back in service between Main St entrance, concourse and Line 2 Kennedy platform. Started Tue Aug 12 2025 7:58 Until Tue Aug 12 2025 8:13",accessibility,Main Street,,,"Elevator back in service between Main St entrance, concourse and Line 2 Kennedy platform. Started Tue Aug 12 2025 7:58 Until Tue Aug 12 2025 8:13",elevator_back_in_service,resumed,,"Main St entrance, concourse",Line 2 Kennedy platform,,,2025-08-12T07:58:00-04:00,2025-08-12T08:13:00-04:00,506-Carlton,2025-08-12T08:00:00-04:00,2025-08-12T08:14:00-04:00,2025-08-12,07:58,America/Toronto,2025,TTCnotices5062025.txt,277
506 Carlton: Detour westbound via Bathurst St and Dundas St W due to a blocked track. Started Tue Aug 12 2025 16:27,route,,506,Carlton,Detour westbound via Bathurst St and Dundas St W due to a blocked track. Started Tue Aug 12 2025 16:27,detour,disruption,westbound,,,Bathurst St and Dundas St W,a blocked track,2025-08-12T16:27:00-04:00,,506-Carlton,2025-08-12T16:28:00-04:00,2025-08-12T16:48:00-04:00,2025-08-12,16:27,America/Toronto,2025,TTCnotices5062025.txt,3271
506 Carlton Regular service has resumed westbound near College St at Lansdowne Ave. Started Tue Aug 12 2025 16:48 Until Tue Aug 12 2025 17:03,route,,506,Carlton,Regular service has resumed westbound near College St at Lansdowne Ave. Started Tue Aug 12 2025 16:48 Until Tue Aug 12 2025 17:03,service_resumed,resumed,westbound,College St at Lansdowne Ave,,,,2025-08-12T16:48:00-04:00,2025-08-12T17:03:00-04:00,506-Carlton,2025-08-12T16:50:00-04:00,2025-08-12T17:02:00-04:00,2025-08-12,16:48,America/Toronto,2025,TTCnotices5062025.txt,3274
"506 306 Temporary route change due to streetcar infrastructure work 506|306–Temporary route change due to streetcar infrastructure work August 15, 2025 - 08:00 PM to August 18, 2025 - 04:00 AM",other,,506,306,"Temporary route change due to streetcar infrastructure work 506|306–Temporary route change due to streetcar infrastructure work August 15, 2025 - 08:00 PM to August 18, 2025 - 04:00 AM",other,unknown,,,,,,2025-08-13T10:56:00-04:00,,506-Carlton,2025-08-13T10:56:00-04:00,2025-08-18T04:02:00-04:00,2025-08-13,10:56,America/Toronto,2025,TTCnotices5062025.txt,4578
"306 506 Temporary route change due to streetcar infrastructure work 506|306–Temporary route change due to streetcar infrastructure work August 18, 2025 - 04:00 AM to August 29, 2025 - 04:00 PM 506-306-29 Temporary route change due to streetcar infrastructure work 506|306–Temporary route change due to streetcar infrastructure work August 29, 2025 - 03:00 PM to September 1, 2025 - 04:00 AM",other,,306,506,"Temporary route change due to streetcar infrastructure work 506|306–Temporary route change due to streetcar infrastructure work August 18, 2025 - 04:00 AM to August 29, 2025 - 04:00 PM 506-306-29 Temporary route change due to streetcar infrastructure work 506|306–Temporary route change due to streetcar infrastructure work August 29, 2025 - 03:00 PM to September 1, 2025 - 04:00 AM",other,unknown,,,,,,2025-08-13T11:56:00-04:00,,506-Carlton,2025-08-13T11:56:00-04:00,2025-08-22T11:09:00-04:00,2025-08-13,11:56,America/Toronto,2025,TTCnotices5062025.txt,4583
"506 Temporary route change due to Pakistan and India Independence Day 506carlton–Temporary route change due to Pakistan and India Independence Day August 14, 2025 - 06:00 PM to August 15, 2025 - 01:00 AM",other,,506,Temporary,"route change due to Pakistan and India Independence Day 506carlton–Temporary route change due to Pakistan and India Independence Day August 14, 2025 - 06:00 PM to August 15, 2025 - 01:00 AM",other,unknown,,,,,,2025-08-13T12:56:00-04:00,,506-Carlton,2025-08-13T12:56:00-04:00,2025-08-15T01:58:00-04:00,2025-08-13,12:56,America/Toronto,2025,TTCnotices5062025.txt,4593
"506 Carlton: Detour eastbound via Mccaul St, Dundas St W and Parliament St due to a security incident. Started Wed Aug 13 2025 22:15",route,,506,Carlton,"Detour eastbound via Mccaul St, Dundas St W and Parliament St due to a security incident. Started Wed Aug 13 2025 22:15",detour,disruption,eastbound,,,"Mccaul St, Dundas St W and Parliament St",a security incident,2025-08-13T22:15:00-04:00,,506-Carlton,2025-08-13T22:16:00-04:00,2025-08-13T23:44:00-04:00,2025-08-13,22:15,America/Toronto,2025,TTCnotices5062025.txt,3277
506 Carlton Regular service has resumed eastbound near College St at Yonge St - College Station. Started Wed Aug 13 2025 23:44 Until Wed Aug 13 2025 23:59,route,,506,Carlton,Regular service has resumed eastbound near College St at Yonge St - College Station. Started Wed Aug 13 2025 23:44 Until Wed Aug 13 2025 23:59,service_resumed,resumed,eastbound,College St at Yonge St - College Station,,,,2025-08-13T23:44:00-04:00,2025-08-13T23:59:00-04:00,506-Carlton,2025-08-13T23:44:00-04:00,2025-08-13T23:58:00-04:00,2025-08-13,23:44,America/Toronto,2025,TTCnotices5062025.txt,3280
"506 Carlton: Detour eastbound via Church St, Dundas St E and Broadview Ave due to a collision. Started Thu Aug 14 2025 3:25",route,,506,Carlton,"Detour eastbound via Church St, Dundas St E and Broadview Ave due to a collision. Started Thu Aug 14 2025 3:25",detour,disruption,eastbound,,,"Church St, Dundas St E and Broadview Ave",a collision,2025-08-14T03:25:00-04:00,,506-Carlton,2025-08-14T03:26:00-04:00,2025-08-14T03:26:00-04:00,2025-08-14,03:25,America/Toronto,2025,TTCnotices5062025.txt,3283
506 Carlton Regular service has resumed eastbound near Gerrard St East at River St. Started Thu Aug 14 2025 3:26 Until Thu Aug 14 2025 3:41,route,,506,Carlton,Regular service has resumed eastbound near Gerrard St East at River St. Started Thu Aug 14 2025 3:26 Until Thu Aug 14 2025 3:41,service_resumed,resumed,eastbound,Gerrard St East at River St,,,,2025-08-14T03:26:00-04:00,2025-08-14T03:41:00-04:00,506-Carlton,2025-08-14T03:28:00-04:00,2025-08-14T03:40:00-04:00,2025-08-14,03:26,America/Toronto,2025,TTCnotices5062025.txt,3286
"Main Street: Elevator out of service between Main St entrance, concourse and Line 2 Kennedy platform. Started Fri Aug 15 2025 6:02",accessibility,Main Street,,,"Elevator out of service between Main St entrance, concourse and Line 2 Kennedy platform. Started Fri Aug 15 2025 6:02",elevator_out_of_service,disruption,,"Main St entrance, concourse",Line 2 Kennedy platform,,,2025-08-15T06:02:00-04:00,,506-Carlton,2025-08-15T06:02:00-04:00,2025-08-15T08:02:00-04:00,2025-08-15,06:02,America/Toronto,2025,TTCnotices5062025.txt,280
"Main Street: Elevator back in service between Main St entrance, concourse and Line 2 Kennedy platform. Started Fri Aug 15 2025 8:02 Until Fri Aug 15 2025 8:17",accessibility,Main Street,,,"Elevator back in service between Main St entrance, concourse and Line 2 Kennedy platform. Started Fri Aug 15 2025 8:02 Until Fri Aug 15 2025 8:17",elevator_back_in_service,resumed,,"Main St entrance, concourse",Line 2 Kennedy platform,,,2025-08-15T08:02:00-04:00,2025-08-15T08:17:00-04:00,506-Carlton,2025-08-15T08:04:00-04:00,2025-08-15T08:16:00-04:00,2025-08-15,08:02,America/Toronto,2025,TTCnotices5062025.txt,283
"Main Street: Elevator out of service between Main St entrance, concourse and Line 2 Kennedy platform. Started Fri Aug 15 2025 12:45",accessibility,Main Street,,,"Elevator out of service between Main St entrance, concourse and Line 2 Kennedy platform. Started Fri Aug 15 2025 12:45",elevator_out_of_service,disruption,,"Main St entrance, concourse",Line 2 Kennedy platform,,,2025-08-15T12:45:00-04:00,,506-Carlton,2025-08-15T12:46:00-04:00,2025-08-15T15:10:00-04:00,2025-08-15,12:45,America/Toronto,2025,TTCnotices5062025.txt,286
"Main Street: Elevator back in service between Main St entrance, concourse and Line 2 Kennedy platform. Started Fri Aug 15 2025 15:10 Until Fri Aug 15 2025 15:25",accessibility,Main Street,,,"Elevator back in service between Main St entrance, concourse and Line 2 Kennedy platform. Started Fri Aug 15 2025 15:10 Until Fri Aug 15 2025 15:25",elevator_back_in_service,resumed,,"Main St entrance, concourse",Line 2 Kennedy platform,,,2025-08-15T15:10:00-04:00,2025-08-15T15:25:00-04:00,506-Carlton,2025-08-15T15:12:00-04:00,2025-08-15T15:26:00-04:00,2025-08-15,15:10,America/Toronto,2025,TTCnotices5062025.txt,289
"Main Street: Elevator out of service between Main St entrance, concourse and Line 2 Kennedy platform. Started Fri Aug 15 2025 23:25",accessibility,Main Street,,,"Elevator out of service between Main St entrance, concourse and Line 2 Kennedy platform. Started Fri Aug 15 2025 23:25",elevator_out_of_service,disruption,,"Main St entrance, concourse",Line 2 Kennedy platform,,,2025-08-15T23:25:00-04:00,,506-Carlton,2025-08-15T23:26:00-04:00,2025-08-16T01:48:00-04:00,2025-08-15,23:25,America/Toronto,2025,TTCnotices5062025.txt,292
"Main Street: Elevator back in service between Main St entrance, concourse and Line 2 Kennedy platform. Started Sat Aug 16 2025 1:49 Until Sat Aug 16 2025 2:04",accessibility,Main Street,,,"Elevator back in service between Main St entrance, concourse and Line 2 Kennedy platform. Started Sat Aug 16 2025 1:49 Until Sat Aug 16 2025 2:04",elevator_back_in_service,resumed,,"Main St entrance, concourse",Line 2 Kennedy platform,,,2025-08-16T01:49:00-04:00,2025-08-16T02:04:00-04:00,506-Carlton,2025-08-16T01:50:00-04:00,2025-08-16T02:04:00-04:00,2025-08-16,01:49,America/Toronto,2025,TTCnotices5062025.txt,295
"Main Street: Elevator out of service between Main St entrance, concourse and Line 2 Kennedy platform. Started Sat Aug 16 2025 11:22",accessibility,Main Street,,,"Elevator out of service between Main St entrance, concourse and Line 2 Kennedy platform. Started Sat Aug 16 2025 11:22",elevator_out_of_service,disruption,,"Main St entrance, concourse",Line 2 Kennedy platform,,,2025-08-16T11:22:00-04:00,,506-Carlton,2025-08-16T11:24:00-04:00,2025-08-16T16:01:00-04:00,2025-08-16,11:22,America/Toronto,2025,TTCnotices5062025.txt,298
506 Carlton: Delays near College St at Spadina Ave due to a demonstration. Started Sat Aug 16 2025 12:42,route,,506,Carlton,Delays near College St at Spadina Ave due to a demonstration. Started Sat Aug 16 2025 12:42,delay,disruption,,College St at Spadina Ave,,,a demonstration,2025-08-16T12:42:00-04:00,,506-Carlton,2025-08-16T12:44:00-04:00,2025-08-16T12:46:00-04:00,2025-08-16,12:42,America/Toronto,2025,TTCnotices5062025.txt,3289
506 Carlton Regular service has resumed near College St at Spadina Ave. Started Sat Aug 16 2025 12:46 Until Sat Aug 16 2025 13:01,route,,506,Carlton,Regular service has resumed near College St at Spadina Ave. Started Sat Aug 16 2025 12:46 Until Sat Aug 16 2025 13:01,service_resumed,resumed,,College St at Spadina Ave,,,,2025-08-16T12:46:00-04:00,2025-08-16T13:01:00-04:00,506-Carlton,2025-08-16T12:46:00-04:00,2025-08-16T13:00:00-04:00,2025-08-16,12:46,America/Toronto,2025,TTCnotices5062025.txt,3292
506 Carlton: No service between Main Street Station and Main St at Gerrard St East due to a collision. Shuttle buses are running between Main Street Station and Main St at Gerrard St East. Started Sat Aug 16 2025 15:30,route,,506,Carlton,No service between Main Street Station and Main St at Gerrard St East due to a collision. Shuttle buses are running between Main Street Station and Main St at Gerrard St East. Started Sat Aug 16 2025 15:30,no_service,disruption,,Main Street Station,Main St at Gerrard St East,,a collision. Shuttle buses are running between Main Street Station and Main St at Gerrard St East,2025-08-16T15:30:00-04:00,,506-Carlton,2025-08-16T15:32:00-04:00,2025-08-16T15:32:00-04:00,2025-08-16,15:30,America/Toronto,2025,TTCnotices5062025.txt,3295
506 Carlton: No service between Main Street Station and Main St at Gerrard St East due to a blocked track. Shuttle buses are running between Main Street Station and Main St at Gerrard St East. Started Sat Aug 16 2025 15:33,route,,506,Carlton,No service between Main Street Station and Main St at Gerrard St East due to a blocked track. Shuttle buses are running between Main Street Station and Main St at Gerrard St East. Started Sat Aug 16 2025 15:33,no_service,disruption,,Main Street Station,Main St at Gerrard St East,,a blocked track. Shuttle buses are running between Main Street Station and Main St at Gerrard St East,2025-08-16T15:33:00-04:00,,506-Carlton,2025-08-16T15:34:00-04:00,2025-08-16T15:46:00-04:00,2025-08-16,15:33,America/Toronto,2025,TTCnotices5062025.txt,3298
506 Carlton Regular service has resumed between Main Street Station and Main St at Gerrard St East. Started Sat Aug 16 2025 15:47 Until Sat Aug 16 2025 16:02,route,,506,Carlton,Regular service has resumed between Main Street Station and Main St at Gerrard St East. Started Sat Aug 16 2025 15:47 Until Sat Aug 16 2025 16:02,service_resumed,resumed,,Main Street Station,Main St at Gerrard St East,,,2025-08-16T15:47:00-04:00,2025-08-16T16:02:00-04:00,506-Carlton,2025-08-16T15:48:00-04:00,2025-08-16T16:02:00-04:00,2025-08-16,15:47,America/Toronto,2025,TTCnotices5062025.txt,3301
"Main Street: Elevator back in service between Main St entrance, concourse and Line 2 Kennedy platform. Started Sat Aug 16 2025 16:00 Until Sat Aug 16 2025 16:15",accessibility,Main Street,,,"Elevator back in service between Main St entrance, concourse and Line 2 Kennedy platform. Started Sat Aug 16 2025 16:00 Until Sat Aug 16 2025 16:15",elevator_back_in_service,resumed,,"Main St entrance, concourse",Line 2 Kennedy platform,,,2025-08-16T16:00:00-04:00,2025-08-16T16:15:00-04:00,506-Carlton,2025-08-16T16:02:00-04:00,2025-08-16T16:14:00-04:00,2025-08-16,16:00,America/Toronto,2025,TTCnotices5062025.txt,301
"506 Carlton: Detour via Spadina Ave, Dundas St E and Parliament St due to a demonstration. Started Sat Aug 16 2025 16:36",route,,506,Carlton,"Detour via Spadina Ave, Dundas St E and Parliament St due to a demonstration. Started Sat Aug 16 2025 16:36",detour,disruption,,,,"Spadina Ave, Dundas St E and Parliament St",a demonstration,2025-08-16T16:36:00-04:00,,506-Carlton,2025-08-16T16:38:00-04:00,2025-08-16T16:38:00-04:00,2025-08-16,16:36,America/Toronto,2025,TTCnotices5062025.txt,3304
506 Carlton Regular service has resumed near College St at Bay St. Started Sat Aug 16 2025 16:38 Until Sat Aug 16 2025 16:53,route,,506,Carlton,Regular service has resumed near College St at Bay St. Started Sat Aug 16 2025 16:38 Until Sat Aug 16 2025 16:53,service_resumed,resumed,,College St at Bay St,,,,2025-08-16T16:38:00-04:00,2025-08-16T16:53:00-04:00,506-Carlton,2025-08-16T16:40:00-04:00,2025-08-16T16:52:00-04:00,2025-08-16,16:38,America/Toronto,2025,TTCnotices5062025.txt,3307
"Main Street: Elevator out of service between Main St entrance, concourse and Line 2 Kennedy platform. Started Sat Aug 16 2025 18:54",accessibility,Main Street,,,"Elevator out of service between Main St entrance, concourse and Line 2 Kennedy platform. Started Sat Aug 16 2025 18:54",elevator_out_of_service,disruption,,"Main St entrance, concourse",Line 2 Kennedy platform,,,2025-08-16T18:54:00-04:00,,506-Carlton,2025-08-16T18:56:00-04:00,2025-08-18T17:16:00-04:00,2025-08-16,18:54,America/Toronto,2025,TTCnotices5062025.txt,304
"506 Carlton: Detour westbound via Mccaul St, Queen St W, Bathurst St, Dundas St W and Ossington Ave while we respond to a medical emergency. Started Sun Aug 17 2025 2:08",route,,506,Carlton,"Detour westbound via Mccaul St, Queen St W, Bathurst St, Dundas St W and Ossington Ave while we respond to a medical emergency. Started Sun Aug 17 2025 2:08",detour,disruption,westbound,,,"Mccaul St, Queen St W, Bathurst St, Dundas St W and Ossington Ave",we respond to a medical emergency,2025-08-17T02:08:00-04:00,,506-Carlton,2025-08-17T02:10:00-04:00,2025-08-17T02:10:00-04:00,2025-08-17,02:08,America/Toronto,2025,TTCnotices5062025.txt,3310
506 Carlton Regular service has resumed westbound near College St at Spadina Ave. Started Sun Aug 17 2025 2:10 Until Sun Aug 17 2025 2:25,route,,506,Carlton,Regular service has resumed westbound near College St at Spadina Ave. Started Sun Aug 17 2025 2:10 Until Sun Aug 17 2025 2:25,service_resumed,resumed,westbound,College St at Spadina Ave,,,,2025-08-17T02:10:00-04:00,2025-08-17T02:25:00-04:00,506-Carlton,2025-08-17T02:10:00-04:00,2025-08-17T02:24:00-04:00,2025-08-17,02:10,America/Toronto,2025,TTCnotices5062025.txt,3313
"506 Carlton: Detour westbound via Mccaul St, Queen St E and Spadina Ave due to a collision. Started Mon Aug 18 2025 9:38",route,,506,Carlton,"Detour westbound via Mccaul St, Queen St E and Spadina Ave due to a collision. Started Mon Aug 18 2025 9:38",detour,disruption,westbound,,,"Mccaul St, Queen St E and Spadina Ave",a collision,2025-08-18T09:38:00-04:00,,506-Carlton,2025-08-18T09:40:00-04:00,2025-08-18T10:02:00-04:00,2025-08-18,09:38,America/Toronto,2025,TTCnotices5062025.txt,3316
506 Carlton Regular service has resumed westbound near College St at McCaul St. Started Mon Aug 18 2025 10:03 Until Mon Aug 18 2025 10:18,route,,506,Carlton,Regular service has resumed westbound near College St at McCaul St. Started Mon Aug 18 2025 10:03 Until Mon Aug 18 2025 10:18,service_resumed,resumed,westbound,College St at McCaul St,,,,2025-08-18T10:03:00-04:00,2025-08-18T10:18:00-04:00,506-Carlton,2025-08-18T10:04:00-04:00,2025-08-18T10:18:00-04:00,2025-08-18,10:03,America/Toronto,2025,TTCnotices5062025.txt,3319
"506 Carlton: Detour via Broadview Ave, Queen St E and Coxwell Ave due to a collision. Started Mon Aug 18 2025 13:39",route,,506,Carlton,"Detour via Broadview Ave, Queen St E and Coxwell Ave due to a collision. Started Mon Aug 18 2025 13:39",detour,disruption,,,,"Broadview Ave, Queen St E and Coxwell Ave",a collision,2025-08-18T13:39:00-04:00,,506-Carlton,2025-08-18T13:40:00-04:00,2025-08-18T13:52:00-04:00,2025-08-18,13:39,America/Toronto,2025,TTCnotices5062025.txt,3322
506 Carlton Regular service has resumed near Gerrard St East at Carlaw Ave. Started Mon Aug 18 2025 13:52 Until Mon Aug 18 2025 14:07,route,,506,Carlton,Regular service has resumed near Gerrard St East at Carlaw Ave. Started Mon Aug 18 2025 13:52 Until Mon Aug 18 2025 14:07,service_resumed,resumed,,Gerrard St East at Carlaw Ave,,,,2025-08-18T13:52:00-04:00,2025-08-18T14:07:00-04:00,506-Carlton,2025-08-18T13:54:00-04:00,2025-08-18T14:06:00-04:00,2025-08-18,13:52,America/Toronto,2025,TTCnotices5062025.txt,3325
"Main Street: Elevator back in service between Main St entrance, concourse and Line 2 Kennedy platform. Started Mon Aug 18 2025 17:15 Until Mon Aug 18 2025 17:30",accessibility,Main Street,,,"Elevator back in service between Main St entrance, concourse and Line 2 Kennedy platform. Started Mon Aug 18 2025 17:15 Until Mon Aug 18 2025 17:30",elevator_back_in_service,resumed,,"Main St entrance, concourse",Line 2 Kennedy platform,,,2025-08-18T17:15:00-04:00,2025-08-18T17:30:00-04:00,506-Carlton,2025-08-18T17:16:00-04:00,2025-08-18T17:30:00-04:00,2025-08-18,17:15,America/Toronto,2025,TTCnotices5062025.txt,307
506 Carlton: No service between College St at Lansdowne Ave and High Park Loop due to a security incident. Started Tue Aug 19 2025 1:31,route,,506,Carlton,No service between College St at Lansdowne Ave and High Park Loop due to a security incident. Started Tue Aug 19 2025 1:31,no_service,disruption,,College St at Lansdowne Ave,High Park Loop,,a security incident,2025-08-19T01:31:00-04:00,,506-Carlton,2025-08-19T01:32:00-04:00,2025-08-19T02:02:00-04:00,2025-08-19,01:31,America/Toronto,2025,TTCnotices5062025.txt,3328
506 Carlton Regular service has resumed between College St at Lansdowne Ave and High Park Loop. Started Tue Aug 19 2025 2:02 Until Tue Aug 19 2025 2:17,route,,506,Carlton,Regular service has resumed between College St at Lansdowne Ave and High Park Loop. Started Tue Aug 19 2025 2:02 Until Tue Aug 19 2025 2:17,service_resumed,resumed,,College St at Lansdowne Ave,High Park Loop,,,2025-08-19T02:02:00-04:00,2025-08-19T02:17:00-04:00,506-Carlton,2025-08-19T02:04:00-04:00,2025-08-19T02:08:00-04:00,2025-08-19,02:02,America/Toronto,2025,TTCnotices5062025.txt,3331
"Main Street: Elevator out of service between Main St entrance, concourse and Line 2 Kennedy platform. Started Tue Aug 19 2025 2:25",accessibility,Main Street,,,"Elevator out of service between Main St entrance, concourse and Line 2 Kennedy platform. Started Tue Aug 19 2025 2:25",elevator_out_of_service,disruption,,"Main St entrance, concourse",Line 2 Kennedy platform,,,2025-08-19T02:25:00-04:00,,506-Carlton,2025-08-19T02:26:00-04:00,2025-08-19T15:36:00-04:00,2025-08-19,02:25,America/Toronto,2025,TTCnotices5062025.txt,310
506 Carlton: Detour via Coxwell Station while we deal with an operational problem. Started Tue Aug 19 2025 6:31 Buses on planned diversion have been re-routed to Coxwell Station.,route,,506,Carlton,Detour via Coxwell Station while we deal with an operational problem. Started Tue Aug 19 2025 6:31 Buses on planned diversion have been re-routed to Coxwell Station.,detour,disruption,,,,Coxwell Station,we deal with an operational problem,2025-08-19T06:31:00-04:00,,506-Carlton,2025-08-19T06:32:00-04:00,2025-08-19T15:54:00-04:00,2025-08-19,06:31,America/Toronto,2025,TTCnotices5062025.txt,3334
506 Carlton: Delays near Gerrard St East at Jones Ave due to traffic congestion. Started Tue Aug 19 2025 7:24,route,,506,Carlton,Delays near Gerrard St East at Jones Ave due to traffic congestion. Started Tue Aug 19 2025 7:24,delay,disruption,,Gerrard St East at Jones Ave,,,traffic congestion,2025-08-19T07:24:00-04:00,,506-Carlton,2025-08-19T07:26:00-04:00,2025-08-20T02:56:00-04:00,2025-08-19,07:24,America/Toronto,2025,TTCnotices5062025.txt,3338
"506 Carlton: Detour via Ossington Ave, Dundas St W and Broadview Ave due to a collision. Started Tue Aug 19 2025 13:58",route,,506,Carlton,"Detour via Ossington Ave, Dundas St W and Broadview Ave due to a collision. Started Tue Aug 19 2025 13:58",detour,disruption,,,,"Ossington Ave, Dundas St W and Broadview Ave",a collision,2025-08-19T13:58:00-04:00,,506-Carlton,2025-08-19T14:00:00-04:00,2025-08-19T14:10:00-04:00,2025-08-19,13:58,America/Toronto,2025,TTCnotices5062025.txt,3341
506 Carlton Regular service has resumed near College St at Bathurst St. Started Tue Aug 19 2025 14:11 Until Tue Aug 19 2025 14:26,route,,506,Carlton,Regular service has resumed near College St at Bathurst St. Started Tue Aug 19 2025 14:11 Until Tue Aug 19 2025 14:26,service_resumed,resumed,,College St at Bathurst St,,,,2025-08-19T14:11:00-04:00,2025-08-19T14:26:00-04:00,506-Carlton,2025-08-19T14:12:00-04:00,2025-08-19T14:26:00-04:00,2025-08-19,14:11,America/Toronto,2025,TTCnotices5062025.txt,3344
"Main Street: Elevator back in service between Main St entrance, concourse and Line 2 Kennedy platform. Started Tue Aug 19 2025 15:37 Until Tue Aug 19 2025 15:52",accessibility,Main Street,,,"Elevator back in service between Main St entrance, concourse and Line 2 Kennedy platform. Started Tue Aug 19 2025 15:37 Until Tue Aug 19 2025 15:52",elevator_back_in_service,resumed,,"Main St entrance, concourse",Line 2 Kennedy platform,,,2025-08-19T15:37:00-04:00,2025-08-19T15:52:00-04:00,506-Carlton,2025-08-19T15:38:00-04:00,2025-08-19T15:52:00-04:00,2025-08-19,15:37,America/Toronto,2025,TTCnotices5062025.txt,313
506 Carlton: Detour to Main Street Station while we deal with an operational problem. Started Tue Aug 19 2025 15:53 Replacement buses planned to operate to Coxwell Station during streetcar infrastructure work are now operating both ways from Main Street Station.,route,,506,Carlton,Detour to Main Street Station while we deal with an operational problem. Started Tue Aug 19 2025 15:53 Replacement buses planned to operate to Coxwell Station during streetcar infrastructure work are now operating both ways from Main Street Station.,detour,disruption,,,,,we deal with an operational problem,2025-08-19T15:53:00-04:00,,506-Carlton,2025-08-19T15:56:00-04:00,2025-08-19T16:02:00-04:00,2025-08-19,15:53,America/Toronto,2025,TTCnotices5062025.txt,3347
506 Carlton: Detour to Main Street Station during streetcar infrastructure work. Started Tue Aug 19 2025 16:02 Replacement buses planned to operate to Coxwell Station during streetcar infrastructure work are now operating both ways from Main Street Station.,route,,506,Carlton,Detour to Main Street Station during streetcar infrastructure work. Started Tue Aug 19 2025 16:02 Replacement buses planned to operate to Coxwell Station during streetcar infrastructure work are now operating both ways from Main Street Station.,detour,disruption,,,,,,2025-08-19T16:02:00-04:00,,506-Carlton,2025-08-19T16:04:00-04:00,2025-08-20T05:16:00-04:00,2025-08-19,16:02,America/Toronto,2025,TTCnotices5062025.txt,3351
"506 Carlton: Detour westbound via Broadview Ave, Queen St E, Church St, Richmond St E, York St, Queen St E, Mccaul St and College St due to a blocked track. Started Tue Aug 19 2025 17:07",route,,506,Carlton,"Detour westbound via Broadview Ave, Queen St E, Church St, Richmond St E, York St, Queen St E, Mccaul St and College St due to a blocked track. Started Tue Aug 19 2025 17:07",detour,disruption,westbound,,,"Broadview Ave, Queen St E, Church St, Richmond St E, York St, Queen St E, Mccaul St and College St",a blocked track,2025-08-19T17:07:00-04:00,,506-Carlton,2025-08-19T17:08:00-04:00,2025-08-19T17:52:00-04:00,2025-08-19,17:07,America/Toronto,2025,TTCnotices5062025.txt,3355
506 Carlton Regular service has resumed westbound near Carlton St at Sherbourne St. Started Tue Aug 19 2025 17:53 Until Tue Aug 19 2025 18:08,route,,506,Carlton,Regular service has resumed westbound near Carlton St at Sherbourne St. Started Tue Aug 19 2025 17:53 Until Tue Aug 19 2025 18:08,service_resumed,resumed,westbound,Carlton St at Sherbourne St,,,,2025-08-19T17:53:00-04:00,2025-08-19T18:08:00-04:00,506-Carlton,2025-08-19T17:54:00-04:00,2025-08-19T18:08:00-04:00,2025-08-19,17:53,America/Toronto,2025,TTCnotices5062025.txt,3358
506 Carlton: No service between Main Street Station and Gerrard St East at Coxwell Ave while we deal with an operational problem. Shuttle buses are running between Main Street Station and High Park Loop. Started Tue Aug 19 2025 22:51,route,,506,Carlton,No service between Main Street Station and Gerrard St East at Coxwell Ave while we deal with an operational problem. Shuttle buses are running between Main Street Station and High Park Loop. Started Tue Aug 19 2025 22:51,no_service,disruption,,Main Street Station,Gerrard St East at Coxwell Ave,,we deal with an operational problem. Shuttle buses are running between Main Street Station and High Park Loop,2025-08-19T22:51:00-04:00,,506-Carlton,2025-08-19T22:52:00-04:00,2025-08-19T23:56:00-04:00,2025-08-19,22:51,America/Toronto,2025,TTCnotices5062025.txt,3361
506 Carlton Regular service has resumed between Main Street Station and Gerrard St East at Coxwell Ave. Started Tue Aug 19 2025 23:57 Until Wed Aug 20 2025 0:12,route,,506,Carlton,Regular service has resumed between Main Street Station and Gerrard St East at Coxwell Ave. Started Tue Aug 19 2025 23:57 Until Wed Aug 20 2025 0:12,service_resumed,resumed,,Main Street Station,Gerrard St East at Coxwell Ave,,,2025-08-19T23:57:00-04:00,2025-08-20T00:12:00-04:00,506-Carlton,2025-08-19T23:58:00-04:00,2025-08-20T00:12:00-04:00,2025-08-19,23:57,America/Toronto,2025,TTCnotices5062025.txt,3364
506 Carlton Regular service has resumed near Gerrard St East at Jones Ave. Started Wed Aug 20 2025 2:56 Until Wed Aug 20 2025 3:11,route,,506,Carlton,Regular service has resumed near Gerrard St East at Jones Ave. Started Wed Aug 20 2025 2:56 Until Wed Aug 20 2025 3:11,service_resumed,resumed,,Gerrard St East at Jones Ave,,,,2025-08-20T02:56:00-04:00,2025-08-20T03:11:00-04:00,506-Carlton,2025-08-20T02:58:00-04:00,2025-08-20T03:10:00-04:00,2025-08-20,02:56,America/Toronto,2025,TTCnotices5062025.txt,3367
"506 Carlton: Detour westbound via Coxwell Ave, Queen St E, Broadview Ave, Dundas St E and Church St while we respond to a medical emergency. Started Wed Aug 20 2025 18:00",route,,506,Carlton,"Detour westbound via Coxwell Ave, Queen St E, Broadview Ave, Dundas St E and Church St while we respond to a medical emergency. Started Wed Aug 20 2025 18:00",detour,disruption,westbound,,,"Coxwell Ave, Queen St E, Broadview Ave, Dundas St E and Church St",we respond to a medical emergency,2025-08-20T18:00:00-04:00,,506-Carlton,2025-08-20T18:02:00-04:00,2025-08-20T18:30:00-04:00,2025-08-20,18:00,America/Toronto,2025,TTCnotices5062025.txt,3370
506 Carlton Regular service has resumed westbound near Gerrard St East at Broadview Ave. Started Wed Aug 20 2025 18:29 Until Wed Aug 20 2025 18:44,route,,506,Carlton,Regular service has resumed westbound near Gerrard St East at Broadview Ave. Started Wed Aug 20 2025 18:29 Until Wed Aug 20 2025 18:44,service_resumed,resumed,westbound,Gerrard St East at Broadview Ave,,,,2025-08-20T18:29:00-04:00,2025-08-20T18:44:00-04:00,506-Carlton,2025-08-20T18:30:00-04:00,2025-08-20T18:44:00-04:00,2025-08-20,18:29,America/Toronto,2025,TTCnotices5062025.txt,3373
"506 Carlton: Detour eastbound via Spadina Ave, Adelaide St E, Church St, Queen St E and Broadview Ave while we respond to a medical emergency. Started Thu Aug 21 2025 5:54",route,,506,Carlton,"Detour eastbound via Spadina Ave, Adelaide St E, Church St, Queen St E and Broadview Ave while we respond to a medical emergency. Started Thu Aug 21 2025 5:54",detour,disruption,eastbound,,,"Spadina Ave, Adelaide St E, Church St, Queen St E and Broadview Ave",we respond to a medical emergency,2025-08-21T05:54:00-04:00,,506-Carlton,2025-08-21T05:56:00-04:00,2025-08-21T06:02:00-04:00,2025-08-21,05:54,America/Toronto,2025,TTCnotices5062025.txt,3376
506 Carlton Regular service has resumed eastbound near Gerrard St East at Broadview Ave. Started Thu Aug 21 2025 6:03 Until Thu Aug 21 2025 6:18,route,,506,Carlton,Regular service has resumed eastbound near Gerrard St East at Broadview Ave. Started Thu Aug 21 2025 6:03 Until Thu Aug 21 2025 6:18,service_resumed,resumed,eastbound,Gerrard St East at Broadview Ave,,,,2025-08-21T06:03:00-04:00,2025-08-21T06:18:00-04:00,506-Carlton,2025-08-21T06:05:00-04:00,2025-08-21T06:18:00-04:00,2025-08-21,06:03,America/Toronto,2025,TTCnotices5062025.txt,3379
506 Carlton Regular service has resumed westbound near Dundas St West at Howard Park Ave. Started Thu Aug 21 2025 17:20 Until Thu Aug 21 2025 17:35,route,,506,Carlton,Regular service has resumed westbound near Dundas St West at Howard Park Ave. Started Thu Aug 21 2025 17:20 Until Thu Aug 21 2025 17:35,service_resumed,resumed,westbound,Dundas St West at Howard Park Ave,,,,2025-08-21T17:20:00-04:00,2025-08-21T17:35:00-04:00,506-Carlton,2025-08-21T17:22:00-04:00,2025-08-21T17:36:00-04:00,2025-08-21,17:20,America/Toronto,2025,TTCnotices5062025.txt,3385
"506 Carlton: Detour westbound via Broadview Ave, Queen St E, Church St, Richmond St W, York St and Mccaul St due to a collision. Started Thu Aug 21 2025 17:20",route,,506,Carlton,"Detour westbound via Broadview Ave, Queen St E, Church St, Richmond St W, York St and Mccaul St due to a collision. Started Thu Aug 21 2025 17:20",detour,disruption,westbound,,,"Broadview Ave, Queen St E, Church St, Richmond St W, York St and Mccaul St",a collision,2025-08-21T17:20:00-04:00,,506-Carlton,2025-08-21T17:20:00-04:00,,2025-08-21,17:20,America/Toronto,2025,TTCnotices5062025.txt,3382
"506 Carlton: Detour westbound via Coxwell Ave, Queen St E, Broadview Ave, Dundas St E, Church St and College St while we fix a mechanical problem. Started Thu Aug 21 2025 18:55",route,,506,Carlton,"Detour westbound via Coxwell Ave, Queen St E, Broadview Ave, Dundas St E, Church St and College St while we fix a mechanical problem. Started Thu Aug 21 2025 18:55",detour,disruption,westbound,,,"Coxwell Ave, Queen St E, Broadview Ave, Dundas St E, Church St and College St",we fix a mechanical problem,2025-08-21T18:55:00-04:00,,506-Carlton,2025-08-21T18:56:00-04:00,2025-08-21T19:48:00-04:00,2025-08-21,18:55,America/Toronto,2025,TTCnotices5062025.txt,3388
506 Carlton Regular service has resumed westbound near Gerrard St East at Pape Ave. Started Thu Aug 21 2025 19:48 Until Thu Aug 21 2025 20:03,route,,506,Carlton,Regular service has resumed westbound near Gerrard St East at Pape Ave. Started Thu Aug 21 2025 19:48 Until Thu Aug 21 2025 20:03,service_resumed,resumed,westbound,Gerrard St East at Pape Ave,,,,2025-08-21T19:48:00-04:00,2025-08-21T20:03:00-04:00,506-Carlton,2025-08-21T19:48:00-04:00,2025-08-21T20:02:00-04:00,2025-08-21,19:48,America/Toronto,2025,TTCnotices5062025.txt,3391
"306 506 Temporary route change due to streetcar infrastructure work 506|306–Temporary route change due to streetcar infrastructure work August 18, 2025 - 04:00 AM to August 29, 2025 - 04:00 AM",other,,306,506,"Temporary route change due to streetcar infrastructure work 506|306–Temporary route change due to streetcar infrastructure work August 18, 2025 - 04:00 AM to August 29, 2025 - 04:00 AM",other,unknown,,,,,,2025-08-22T11:10:00-04:00,,506-Carlton,2025-08-22T11:10:00-04:00,2025-08-29T04:20:00-04:00,2025-08-22,11:10,America/Toronto,2025,TTCnotices5062025.txt,4598
506 Carlton: Delays between Carlton St at Church St and Gerrard St East at Broadview Ave due to construction. Started Sat Aug 23 2025 7:38 Customers may experience delays of up to 15 minutes.,route,,506,Carlton,Delays between Carlton St at Church St and Gerrard St East at Broadview Ave due to construction. Started Sat Aug 23 2025 7:38 Customers may experience delays of up to 15 minutes.,delay,disruption,,Carlton St at Church St,Gerrard St East at Broadview Ave,,construction,2025-08-23T07:38:00-04:00,,506-Carlton,2025-08-23T07:40:00-04:00,2025-08-25T10:46:00-04:00,2025-08-23,07:38,America/Toronto,2025,TTCnotices5062025.txt,3394
"506 Carlton: Detour westbound via Bathurst St, Dundas St W and High Park while we respond to a medical emergency. Started Sat Aug 23 2025 17:29",route,,506,Carlton,"Detour westbound via Bathurst St, Dundas St W and High Park while we respond to a medical emergency. Started Sat Aug 23 2025 17:29",detour,disruption,westbound,,,"Bathurst St, Dundas St W and High Park",we respond to a medical emergency,2025-08-23T17:29:00-04:00,,506-Carlton,2025-08-23T17:30:00-04:00,2025-08-23T18:00:00-04:00,2025-08-23,17:29,America/Toronto,2025,TTCnotices5062025.txt,3398
506 Carlton Regular service has resumed westbound from College St at Euclid Ave to Dundas St West at Sterling Rd. Started Sat Aug 23 2025 18:00 Until Sat Aug 23 2025 18:15,route,,506,Carlton,Regular service has resumed westbound from College St at Euclid Ave to Dundas St West at Sterling Rd. Started Sat Aug 23 2025 18:00 Until Sat Aug 23 2025 18:15,service_resumed,resumed,westbound,College St at Euclid Ave,Dundas St West at Sterling Rd,,,2025-08-23T18:00:00-04:00,2025-08-23T18:15:00-04:00,506-Carlton,2025-08-23T18:02:00-04:00,2025-08-23T18:16:00-04:00,2025-08-23,18:00,America/Toronto,2025,TTCnotices5062025.txt,3401
506 Carlton: Delays between Carlton St at Church St and Gerrard St East at Broadview Ave while we complete track work. Started Sun Aug 24 2025 7:15,route,,506,Carlton,Delays between Carlton St at Church St and Gerrard St East at Broadview Ave while we complete track work. Started Sun Aug 24 2025 7:15,delay,disruption,,Carlton St at Church St,Gerrard St East at Broadview Ave,,we complete track work,2025-08-24T07:15:00-04:00,,506-Carlton,2025-08-24T07:16:00-04:00,2025-08-25T10:44:00-04:00,2025-08-24,07:15,America/Toronto,2025,TTCnotices5062025.txt,3404
"506 Carlton: Detour via Mccaul St, Dundas St E and Broadview Ave due to a demonstration. Started Sun Aug 24 2025 17:44",route,,506,Carlton,"Detour via Mccaul St, Dundas St E and Broadview Ave due to a demonstration. Started Sun Aug 24 2025 17:44",detour,disruption,,,,"Mccaul St, Dundas St E and Broadview Ave",a demonstration,2025-08-24T17:44:00-04:00,,506-Carlton,2025-08-24T17:45:00-04:00,2025-08-24T18:24:00-04:00,2025-08-24,17:44,America/Toronto,2025,TTCnotices5062025.txt,3407
506 Carlton Regular service has resumed between College St at McCaul St and Gerrard St East at Broadview Ave. Started Sun Aug 24 2025 18:23 Until Sun Aug 24 2025 18:38,route,,506,Carlton,Regular service has resumed between College St at McCaul St and Gerrard St East at Broadview Ave. Started Sun Aug 24 2025 18:23 Until Sun Aug 24 2025 18:38,service_resumed,resumed,,College St at McCaul St,Gerrard St East at Broadview Ave,,,2025-08-24T18:23:00-04:00,2025-08-24T18:38:00-04:00,506-Carlton,2025-08-24T18:24:00-04:00,2025-08-24T18:38:00-04:00,2025-08-24,18:23,America/Toronto,2025,TTCnotices5062025.txt,3410
"506 Carlton: Detour eastbound via Ossington Ave, Dundas St E and Bathurst St due to a security incident. Started Mon Aug 25 2025 8:34",route,,506,Carlton,"Detour eastbound via Ossington Ave, Dundas St E and Bathurst St due to a security incident. Started Mon Aug 25 2025 8:34",detour,disruption,eastbound,,,"Ossington Ave, Dundas St E and Bathurst St",a security incident,2025-08-25T08:34:00-04:00,,506-Carlton,2025-08-25T08:36:00-04:00,2025-08-25T08:44:00-04:00,2025-08-25,08:34,America/Toronto,2025,TTCnotices5062025.txt,3413
"506 Carlton: Detour via Ossington Ave, Dundas St E and Bathurst St due to a security incident. Started Mon Aug 25 2025 8:45",route,,506,Carlton,"Detour via Ossington Ave, Dundas St E and Bathurst St due to a security incident. Started Mon Aug 25 2025 8:45",detour,disruption,,,,"Ossington Ave, Dundas St E and Bathurst St",a security incident,2025-08-25T08:45:00-04:00,,506-Carlton,2025-08-25T08:46:00-04:00,2025-08-25T08:58:00-04:00,2025-08-25,08:45,America/Toronto,2025,TTCnotices5062025.txt,3416
"506 Carlton: Detour eastbound via Ossington Ave, Dundas St E and Bathurst St due to a security incident. Started Mon Aug 25 2025 8:57",route,,506,Carlton,"Detour eastbound via Ossington Ave, Dundas St E and Bathurst St due to a security incident. Started Mon Aug 25 2025 8:57",detour,disruption,eastbound,,,"Ossington Ave, Dundas St E and Bathurst St",a security incident,2025-08-25T08:57:00-04:00,,506-Carlton,2025-08-25T08:58:00-04:00,2025-08-25T11:50:00-04:00,2025-08-25,08:57,America/Toronto,2025,TTCnotices5062025.txt,3419
506 Carlton Regular service has resumed eastbound from College St at Ossington Ave to College St at Bathurst St. Started Mon Aug 25 2025 11:49 Until Mon Aug 25 2025 12:04,route,,506,Carlton,Regular service has resumed eastbound from College St at Ossington Ave to College St at Bathurst St. Started Mon Aug 25 2025 11:49 Until Mon Aug 25 2025 12:04,service_resumed,resumed,eastbound,College St at Ossington Ave,College St at Bathurst St,,,2025-08-25T11:49:00-04:00,2025-08-25T12:04:00-04:00,506-Carlton,2025-08-25T11:50:00-04:00,2025-08-25T12:04:00-04:00,2025-08-25,11:49,America/Toronto,2025,TTCnotices5062025.txt,3422
506 Carlton: No service between Main Street Station and Coxwell Ave at Lower Gerrard St East due to a blocked track. Started Tue Aug 26 2025 14:30,route,,506,Carlton,No service between Main Street Station and Coxwell Ave at Lower Gerrard St East due to a blocked track. Started Tue Aug 26 2025 14:30,no_service,disruption,,Main Street Station,Coxwell Ave at Lower Gerrard St East,,a blocked track,2025-08-26T14:30:00-04:00,,506-Carlton,2025-08-26T14:32:00-04:00,2025-08-26T15:16:00-04:00,2025-08-26,14:30,America/Toronto,2025,TTCnotices5062025.txt,3425
"506 Carlton: Detour via Coxwell Ave, Dundas St E, Kingston Rd, Woodbine Ave and Gerrard St E due to a blocked track. Started Tue Aug 26 2025 14:38",route,,506,Carlton,"Detour via Coxwell Ave, Dundas St E, Kingston Rd, Woodbine Ave and Gerrard St E due to a blocked track. Started Tue Aug 26 2025 14:38",detour,disruption,,,,"Coxwell Ave, Dundas St E, Kingston Rd, Woodbine Ave and Gerrard St E",a blocked track,2025-08-26T14:38:00-04:00,,506-Carlton,2025-08-26T14:40:00-04:00,2025-08-26T15:16:00-04:00,2025-08-26,14:38,America/Toronto,2025,TTCnotices5062025.txt,3428
506 Carlton Regular service has resumed between Gerrard St East at Coxwell Ave and Gerrard St East at Woodbine Ave. Started Tue Aug 26 2025 15:15 Until Tue Aug 26 2025 15:30,route,,506,Carlton,Regular service has resumed between Gerrard St East at Coxwell Ave and Gerrard St East at Woodbine Ave. Started Tue Aug 26 2025 15:15 Until Tue Aug 26 2025 15:30,service_resumed,resumed,,Gerrard St East at Coxwell Ave,Gerrard St East at Woodbine Ave,,,2025-08-26T15:15:00-04:00,2025-08-26T15:30:00-04:00,506-Carlton,2025-08-26T15:16:00-04:00,2025-08-26T15:30:00-04:00,2025-08-26,15:15,America/Toronto,2025,TTCnotices5062025.txt,3431
506 Carlton Regular service has resumed between Main Street Station and Coxwell Ave at Lower Gerrard St East. Started Tue Aug 26 2025 15:16 Until Tue Aug 26 2025 15:31,route,,506,Carlton,Regular service has resumed between Main Street Station and Coxwell Ave at Lower Gerrard St East. Started Tue Aug 26 2025 15:16 Until Tue Aug 26 2025 15:31,service_resumed,resumed,,Main Street Station,Coxwell Ave at Lower Gerrard St East,,,2025-08-26T15:16:00-04:00,2025-08-26T15:31:00-04:00,506-Carlton,2025-08-26T15:18:00-04:00,2025-08-26T15:30:00-04:00,2025-08-26,15:16,America/Toronto,2025,TTCnotices5062025.txt,3434
"506 Carlton: Detour eastbound via Ossington Ave, Dundas St W and Bathurst St due to a collision. Started Fri Aug 29 2025 22:49",route,,506,Carlton,"Detour eastbound via Ossington Ave, Dundas St W and Bathurst St due to a collision. Started Fri Aug 29 2025 22:49",detour,disruption,eastbound,,,"Ossington Ave, Dundas St W and Bathurst St",a collision,2025-08-29T22:49:00-04:00,,506-Carlton,2025-08-29T22:50:00-04:00,2025-08-29T22:52:00-04:00,2025-08-29,22:49,America/Toronto,2025,TTCnotices5062025.txt,3438
506 Carlton Regular service has resumed eastbound from College St at Crawford St to College St at Euclid Ave. Started Fri Aug 29 2025 22:52 Until Fri Aug 29 2025 23:07,route,,506,Carlton,Regular service has resumed eastbound from College St at Crawford St to College St at Euclid Ave. Started Fri Aug 29 2025 22:52 Until Fri Aug 29 2025 23:07,service_resumed,resumed,eastbound,College St at Crawford St,College St at Euclid Ave,,,2025-08-29T22:52:00-04:00,2025-08-29T23:07:00-04:00,506-Carlton,2025-08-29T22:54:00-04:00,2025-08-29T23:06:00-04:00,2025-08-29,22:52,America/Toronto,2025,TTCnotices5062025.txt,3441
506 Carlton: No service between Main Street Station and Coxwell Ave at Gerrard St East while we respond to a medical emergency. Started Sat Aug 30 2025 15:13,route,,506,Carlton,No service between Main Street Station and Coxwell Ave at Gerrard St East while we respond to a medical emergency. Started Sat Aug 30 2025 15:13,no_service,disruption,,Main Street Station,Coxwell Ave at Gerrard St East,,we respond to a medical emergency,2025-08-30T15:13:00-04:00,,506-Carlton,2025-08-30T15:14:00-04:00,2025-08-30T15:28:00-04:00,2025-08-30,15:13,America/Toronto,2025,TTCnotices5062025.txt,3444
506 Carlton Regular service has resumed between Main Street Station and Coxwell Ave at Gerrard St East. Started Sat Aug 30 2025 15:29 Until Sat Aug 30 2025 15:44,route,,506,Carlton,Regular service has resumed between Main Street Station and Coxwell Ave at Gerrard St East. Started Sat Aug 30 2025 15:29 Until Sat Aug 30 2025 15:44,service_resumed,resumed,,Main Street Station,Coxwell Ave at Gerrard St East,,,2025-08-30T15:29:00-04:00,2025-08-30T15:44:00-04:00,506-Carlton,2025-08-30T15:30:00-04:00,2025-08-30T15:42:00-04:00,2025-08-30,15:29,America/Toronto,2025,TTCnotices5062025.txt,3447
"506 Carlton: Detour westbound via Coxwell Ave, Queen St E, Broadview Ave, Dundas St E and Parliament St due to a fire. Started Sat Aug 30 2025 23:42",route,,506,Carlton,"Detour westbound via Coxwell Ave, Queen St E, Broadview Ave, Dundas St E and Parliament St due to a fire. Started Sat Aug 30 2025 23:42",detour,disruption,westbound,,,"Coxwell Ave, Queen St E, Broadview Ave, Dundas St E and Parliament St",a fire,2025-08-30T23:42:00-04:00,,506-Carlton,2025-08-30T23:44:00-04:00,2025-08-30T23:44:00-04:00,2025-08-30,23:42,America/Toronto,2025,TTCnotices5062025.txt,3453
"506 Carlton: Detour eastbound via Broadview Ave, Queen St E and Coxwell Ave due to a fire. Started Sat Aug 30 2025 23:44",route,,506,Carlton,"Detour eastbound via Broadview Ave, Queen St E and Coxwell Ave due to a fire. Started Sat Aug 30 2025 23:44",detour,disruption,eastbound,,,"Broadview Ave, Queen St E and Coxwell Ave",a fire,2025-08-30T23:44:00-04:00,,506-Carlton,2025-08-30T23:44:00-04:00,2025-08-31T00:06:00-04:00,2025-08-30,23:44,America/Toronto,2025,TTCnotices5062025.txt,3450
"506 Carlton: Detour westbound via Coxwell Ave, Queen St E, Broadview Ave, Dundas St E and Parliament St due to a fire. Started Sat Aug 30 2025 23:44",route,,506,Carlton,"Detour westbound via Coxwell Ave, Queen St E, Broadview Ave, Dundas St E and Parliament St due to a fire. Started Sat Aug 30 2025 23:44",detour,disruption,westbound,,,"Coxwell Ave, Queen St E, Broadview Ave, Dundas St E and Parliament St",a fire,2025-08-30T23:44:00-04:00,,506-Carlton,2025-08-30T23:44:00-04:00,2025-08-31T00:18:00-04:00,2025-08-30,23:44,America/Toronto,2025,TTCnotices5062025.txt,3456
506 Carlton Regular service has resumed eastbound from Gerrard St East at Pape Ave to Coxwell Ave at Gerrard St East. Started Sun Aug 31 2025 0:07 Until Sun Aug 31 2025 0:22,route,,506,Carlton,Regular service has resumed eastbound from Gerrard St East at Pape Ave to Coxwell Ave at Gerrard St East. Started Sun Aug 31 2025 0:07 Until Sun Aug 31 2025 0:22,service_resumed,resumed,eastbound,Gerrard St East at Pape Ave,Coxwell Ave at Gerrard St East,,,2025-08-31T00:07:00-04:00,2025-08-31T00:22:00-04:00,506-Carlton,2025-08-31T00:08:00-04:00,2025-08-31T00:22:00-04:00,2025-08-31,00:07,America/Toronto,2025,TTCnotices5062025.txt,3459
506 Carlton Regular service has resumed westbound from Gerrard St East at Pape Ave to Gerrard St East at Jones Ave. Started Sun Aug 31 2025 0:19 Until Sun Aug 31 2025 0:34,route,,506,Carlton,Regular service has resumed westbound from Gerrard St East at Pape Ave to Gerrard St East at Jones Ave. Started Sun Aug 31 2025 0:19 Until Sun Aug 31 2025 0:34,service_resumed,resumed,westbound,Gerrard St East at Pape Ave,Gerrard St East at Jones Ave,,,2025-08-31T00:19:00-04:00,2025-08-31T00:34:00-04:00,506-Carlton,2025-08-31T00:20:00-04:00,2025-08-31T00:34:00-04:00,2025-08-31,00:19,America/Toronto,2025,TTCnotices5062025.txt,3462
"506 Temporary route change due to Constantine Yorkville Run 506carlton–Temporary route change due to Constantine Yorkville Run September 7, 2025",other,,506,Temporary,"route change due to Constantine Yorkville Run 506carlton–Temporary route change due to Constantine Yorkville Run September 7, 2025",other,unknown,,,,,,2025-09-01T23:28:00-04:00,,506-Carlton,2025-09-01T23:28:00-04:00,2025-09-07T12:34:00-04:00,2025-09-01,23:28,America/Toronto,2025,TTCnotices5062025.txt,4603
"506 Temporary route change due to Jesus in the City Parade 506carlton–Temporary route change due to Jesus in the City Parade September 6, 2025",other,,506,Temporary,"route change due to Jesus in the City Parade 506carlton–Temporary route change due to Jesus in the City Parade September 6, 2025",other,unknown,,,,,,2025-09-01T23:28:00-04:00,,506-Carlton,2025-09-01T23:28:00-04:00,2025-09-07T00:32:00-04:00,2025-09-01,23:28,America/Toronto,2025,TTCnotices5062025.txt,4608
"506 Carlton: Detour westbound via Coxwell Ave, Queen St E and Parliament St due to a collision. Started Tue Sep 2 2025 18:34",route,,506,Carlton,"Detour westbound via Coxwell Ave, Queen St E and Parliament St due to a collision. Started Tue Sep 2 2025 18:34",detour,disruption,westbound,,,"Coxwell Ave, Queen St E and Parliament St",a collision,2025-09-02T18:34:00-04:00,,506-Carlton,2025-09-02T18:36:00-04:00,2025-09-02T19:54:00-04:00,2025-09-02,18:34,America/Toronto,2025,TTCnotices5062025.txt,3465
506 Carlton Regular service has resumed westbound from Gerrard St East at Ashdale Ave to Gerrard St East at Sackville St. Started Tue Sep 2 2025 19:54 Until Tue Sep 2 2025 20:09,route,,506,Carlton,Regular service has resumed westbound from Gerrard St East at Ashdale Ave to Gerrard St East at Sackville St. Started Tue Sep 2 2025 19:54 Until Tue Sep 2 2025 20:09,service_resumed,resumed,westbound,Gerrard St East at Ashdale Ave,Gerrard St East at Sackville St,,,2025-09-02T19:54:00-04:00,2025-09-02T20:09:00-04:00,506-Carlton,2025-09-02T19:56:00-04:00,2025-09-02T20:08:00-04:00,2025-09-02,19:54,America/Toronto,2025,TTCnotices5062025.txt,3468
"506 Carlton: Detour westbound via Mccaul St, Queen St W and Spadina Ave while we respond to a medical emergency. Started Wed Sep 3 11:59",route,,506,Carlton,"Detour westbound via Mccaul St, Queen St W and Spadina Ave while we respond to a medical emergency. Started Wed Sep 3 11:59",detour,disruption,westbound,,,"Mccaul St, Queen St W and Spadina Ave",we respond to a medical emergency,2025-09-03T11:59:00-04:00,,506-Carlton,2025-09-03T12:00:00-04:00,2025-09-03T12:30:00-04:00,2025-09-03,11:59,America/Toronto,2025,TTCnotices5062025.txt,3471
506 Carlton Regular service has resumed westbound from College St at Spadina Ave to College St at Augusta Ave. Started Wed Sep 3 12:30 Until Wed Sep 3 12:45,route,,506,Carlton,Regular service has resumed westbound from College St at Spadina Ave to College St at Augusta Ave. Started Wed Sep 3 12:30 Until Wed Sep 3 12:45,service_resumed,resumed,westbound,College St at Spadina Ave,College St at Augusta Ave,,,2025-09-03T12:30:00-04:00,2025-09-03T12:45:00-04:00,506-Carlton,2025-09-03T12:32:00-04:00,2025-09-03T12:44:00-04:00,2025-09-03,12:30,America/Toronto,2025,TTCnotices5062025.txt,3474
"506 Carlton: Detour eastbound via Ossington Ave, Dundas St W and Parliament St due to a collision. Started Wed Sep 3 21:22",route,,506,Carlton,"Detour eastbound via Ossington Ave, Dundas St W and Parliament St due to a collision. Started Wed Sep 3 21:22",detour,disruption,eastbound,,,"Ossington Ave, Dundas St W and Parliament St",a collision,2025-09-03T21:22:00-04:00,,506-Carlton,2025-09-03T21:22:00-04:00,2025-09-03T22:04:00-04:00,2025-09-03,21:22,America/Toronto,2025,TTCnotices5062025.txt,3477
"506 Carlton: Detour westbound via Mccaul St, Queen St W and Bathurst St due to a collision. Started Wed Sep 3 21:25",route,,506,Carlton,"Detour westbound via Mccaul St, Queen St W and Bathurst St due to a collision. Started Wed Sep 3 21:25",detour,disruption,westbound,,,"Mccaul St, Queen St W and Bathurst St",a collision,2025-09-03T21:25:00-04:00,,506-Carlton,2025-09-03T21:26:00-04:00,2025-09-03T22:04:00-04:00,2025-09-03,21:25,America/Toronto,2025,TTCnotices5062025.txt,3480
"506 Carlton: Detour westbound via Mccaul St, Queen St W and Bathurst St due to a collision. Started Wed Sep 3 22:04 Shuttle buses have been ordered.",route,,506,Carlton,"Detour westbound via Mccaul St, Queen St W and Bathurst St due to a collision. Started Wed Sep 3 22:04 Shuttle buses have been ordered.",detour,disruption,westbound,,,"Mccaul St, Queen St W and Bathurst St",a collision,2025-09-03T22:04:00-04:00,,506-Carlton,2025-09-03T22:06:00-04:00,2025-09-03T22:36:00-04:00,2025-09-03,22:04,America/Toronto,2025,TTCnotices5062025.txt,3487
"506 Carlton: Detour eastbound via Ossington Ave, Dundas St W and Parliament St due to a collision. Started Wed Sep 3 22:05 Shuttle buses ordered.",route,,506,Carlton,"Detour eastbound via Ossington Ave, Dundas St W and Parliament St due to a collision. Started Wed Sep 3 22:05 Shuttle buses ordered.",detour,disruption,eastbound,,,"Ossington Ave, Dundas St W and Parliament St",a collision,2025-09-03T22:05:00-04:00,,506-Carlton,2025-09-03T22:06:00-04:00,2025-09-03T22:36:00-04:00,2025-09-03,22:05,America/Toronto,2025,TTCnotices5062025.txt,3483
"506 Carlton: Detour eastbound via Ossington Ave, Dundas St W and Parliament St due to a collision. Started Wed Sep 3 22:37 Shuttle buses are operating from College and Lansdowne to Gerrard and Broadview.",route,,506,Carlton,"Detour eastbound via Ossington Ave, Dundas St W and Parliament St due to a collision. Started Wed Sep 3 22:37 Shuttle buses are operating from College and Lansdowne to Gerrard and Broadview.",detour,disruption,eastbound,College and Lansdowne,Gerrard and Broadview,"Ossington Ave, Dundas St W and Parliament St",a collision,2025-09-03T22:37:00-04:00,,506-Carlton,2025-09-03T22:38:00-04:00,2025-09-03T23:44:00-04:00,2025-09-03,22:37,America/Toronto,2025,TTCnotices5062025.txt,3495
"506 Carlton: Detour westbound via Mccaul St, Queen St W and Bathurst St due to a collision. Started Wed Sep 3 22:37 Shuttle buses are operating from College and Lansdowne to Gerrard and Broadview.",route,,506,Carlton,"Detour westbound via Mccaul St, Queen St W and Bathurst St due to a collision. Started Wed Sep 3 22:37 Shuttle buses are operating from College and Lansdowne to Gerrard and Broadview.",detour,disruption,westbound,College and Lansdowne,Gerrard and Broadview,"Mccaul St, Queen St W and Bathurst St",a collision,2025-09-03T22:37:00-04:00,,506-Carlton,2025-09-03T22:38:00-04:00,2025-09-03T23:44:00-04:00,2025-09-03,22:37,America/Toronto,2025,TTCnotices5062025.txt,3491
506 Carlton: Delays between Main Street Station and High Park Loop due to a collision at College and Spadina. Started Wed Sep 3 23:07,route,,506,Carlton,Delays between Main Street Station and High Park Loop due to a collision at College and Spadina. Started Wed Sep 3 23:07,delay,disruption,,Main Street Station,High Park Loop,,a collision at College and Spadina,2025-09-03T23:07:00-04:00,,506-Carlton,2025-09-03T23:08:00-04:00,2025-09-03T23:44:00-04:00,2025-09-03,23:07,America/Toronto,2025,TTCnotices5062025.txt,3499
506 Carlton Regular service has resumed between Main Street Station and High Park Loop. Started Wed Sep 3 23:43 Until Wed Sep 3 23:58,route,,506,Carlton,Regular service has resumed between Main Street Station and High Park Loop. Started Wed Sep 3 23:43 Until Wed Sep 3 23:58,service_resumed,resumed,,Main Street Station,High Park Loop,,,2025-09-03T23:43:00-04:00,2025-09-03T23:58:00-04:00,506-Carlton,2025-09-03T23:44:00-04:00,2025-09-03T23:58:00-04:00,2025-09-03,23:43,America/Toronto,2025,TTCnotices5062025.txt,3502
506 Carlton Regular service has resumed eastbound from College St at Ossington Ave to Carlton St at Parliament St. Started Wed Sep 3 23:44 Until Wed Sep 3 23:59 Shuttle buses are operating from College and Lansdowne to Gerrard and Broadview.,route,,506,Carlton,Regular service has resumed eastbound from College St at Ossington Ave to Carlton St at Parliament St. Started Wed Sep 3 23:44 Until Wed Sep 3 23:59 Shuttle buses are operating from College and Lansdowne to Gerrard and Broadview.,service_resumed,resumed,eastbound,College St at Ossington Ave,Carlton St at Parliament St,,,2025-09-03T23:44:00-04:00,2025-09-03T23:59:00-04:00,506-Carlton,2025-09-03T23:46:00-04:00,2025-09-03T23:58:00-04:00,2025-09-03,23:44,America/Toronto,2025,TTCnotices5062025.txt,3505
506 Carlton Regular service has resumed westbound from College St at McCaul St to College St at Bathurst St. Started Wed Sep 3 23:44 Until Wed Sep 3 23:59 Shuttle buses are operating from College and Lansdowne to Gerrard and Broadview.,route,,506,Carlton,Regular service has resumed westbound from College St at McCaul St to College St at Bathurst St. Started Wed Sep 3 23:44 Until Wed Sep 3 23:59 Shuttle buses are operating from College and Lansdowne to Gerrard and Broadview.,service_resumed,resumed,westbound,College St at McCaul St,College St at Bathurst St,,,2025-09-03T23:44:00-04:00,2025-09-03T23:59:00-04:00,506-Carlton,2025-09-03T23:46:00-04:00,2025-09-03T23:58:00-04:00,2025-09-03,23:44,America/Toronto,2025,TTCnotices5062025.txt,3509
"506 Carlton: Detour westbound via Parliament St, Dundas St W and Mccaul St due to a collision. Started Fri Sep 5 18:30",route,,506,Carlton,"Detour westbound via Parliament St, Dundas St W and Mccaul St due to a collision. Started Fri Sep 5 18:30",detour,disruption,westbound,,,"Parliament St, Dundas St W and Mccaul St",a collision,2025-09-05T18:30:00-04:00,,506-Carlton,2025-09-05T18:32:00-04:00,2025-09-05T19:10:00-04:00,2025-09-05,18:30,America/Toronto,2025,TTCnotices5062025.txt,3513
506 Carlton Regular service has resumed westbound from College St at Bay St to College St at McCaul St. Started Fri Sep 5 19:09 Until Fri Sep 5 19:24,route,,506,Carlton,Regular service has resumed westbound from College St at Bay St to College St at McCaul St. Started Fri Sep 5 19:09 Until Fri Sep 5 19:24,service_resumed,resumed,westbound,College St at Bay St,College St at McCaul St,,,2025-09-05T19:09:00-04:00,2025-09-05T19:24:00-04:00,506-Carlton,2025-09-05T19:10:00-04:00,2025-09-05T19:24:00-04:00,2025-09-05,19:09,America/Toronto,2025,TTCnotices5062025.txt,3516
506 Carlton: Delays near Gerrard St East at Pape Ave due to traffic congestion. Started Sat Sep 6 13:01,route,,506,Carlton,Delays near Gerrard St East at Pape Ave due to traffic congestion. Started Sat Sep 6 13:01,delay,disruption,,Gerrard St East at Pape Ave,,,traffic congestion,2025-09-06T13:01:00-04:00,,506-Carlton,2025-09-06T13:02:00-04:00,2025-09-06T21:22:00-04:00,2025-09-06,13:01,America/Toronto,2025,TTCnotices5062025.txt,3519
506 Carlton: No service between Carlton St at Jarvis St and Carlton St at Parliament St due to a road closure. Started Sat Sep 6 13:38,route,,506,Carlton,No service between Carlton St at Jarvis St and Carlton St at Parliament St due to a road closure. Started Sat Sep 6 13:38,no_service,disruption,,Carlton St at Jarvis St,Carlton St at Parliament St,,a road closure,2025-09-06T13:38:00-04:00,,506-Carlton,2025-09-06T13:40:00-04:00,2025-09-07T07:56:00-04:00,2025-09-06,13:38,America/Toronto,2025,TTCnotices5062025.txt,3522
506 Carlton: No service near Main Street Station due to a security incident. Started Sat Sep 6 17:28,route,,506,Carlton,No service near Main Street Station due to a security incident. Started Sat Sep 6 17:28,no_service,disruption,,Main Street Station,,,a security incident,2025-09-06T17:28:00-04:00,,506-Carlton,2025-09-06T17:30:00-04:00,2025-09-06T17:30:00-04:00,2025-09-06,17:28,America/Toronto,2025,TTCnotices5062025.txt,3525
506 Carlton Regular service has resumed near Main Street Station. Started Sat Sep 6 17:31 Until Sat Sep 6 17:46,route,,506,Carlton,Regular service has resumed near Main Street Station. Started Sat Sep 6 17:31 Until Sat Sep 6 17:46,service_resumed,resumed,,Main Street Station,,,,2025-09-06T17:31:00-04:00,2025-09-06T17:46:00-04:00,506-Carlton,2025-09-06T17:32:00-04:00,2025-09-06T17:46:00-04:00,2025-09-06,17:31,America/Toronto,2025,TTCnotices5062025.txt,3528
506 Carlton: No service between Main Street Station and Coxwell Ave at Lower Gerrard St East while we respond to a medical emergency. Started Sun Sep 7 8:23,route,,506,Carlton,No service between Main Street Station and Coxwell Ave at Lower Gerrard St East while we respond to a medical emergency. Started Sun Sep 7 8:23,no_service,disruption,,Main Street Station,Coxwell Ave at Lower Gerrard St East,,we respond to a medical emergency,2025-09-07T08:23:00-04:00,,506-Carlton,2025-09-07T08:24:00-04:00,2025-09-07T08:30:00-04:00,2025-09-07,08:23,America/Toronto,2025,TTCnotices5062025.txt,3531
506 Carlton Regular service has resumed between Main Street Station and Coxwell Ave at Lower Gerrard St East. Started Sun Sep 7 8:31 Until Sun Sep 7 8:46,route,,506,Carlton,Regular service has resumed between Main Street Station and Coxwell Ave at Lower Gerrard St East. Started Sun Sep 7 8:31 Until Sun Sep 7 8:46,service_resumed,resumed,,Main Street Station,Coxwell Ave at Lower Gerrard St East,,,2025-09-07T08:31:00-04:00,2025-09-07T08:46:00-04:00,506-Carlton,2025-09-07T08:32:00-04:00,2025-09-07T08:46:00-04:00,2025-09-07,08:31,America/Toronto,2025,TTCnotices5062025.txt,3534
506 Carlton: No service between Main Street Station and Coxwell Ave at Lower Gerrard St East while we respond to a medical emergency. Started Sun Sep 7 9:11,route,,506,Carlton,No service between Main Street Station and Coxwell Ave at Lower Gerrard St East while we respond to a medical emergency. Started Sun Sep 7 9:11,no_service,disruption,,Main Street Station,Coxwell Ave at Lower Gerrard St East,,we respond to a medical emergency,2025-09-07T09:11:00-04:00,,506-Carlton,2025-09-07T09:12:00-04:00,2025-09-07T09:16:00-04:00,2025-09-07,09:11,America/Toronto,2025,TTCnotices5062025.txt,3537
506 Carlton Regular service has resumed between Main Street Station and Coxwell Ave at Lower Gerrard St East. Started Sun Sep 7 9:16 Until Sun Sep 7 9:31,route,,506,Carlton,Regular service has resumed between Main Street Station and Coxwell Ave at Lower Gerrard St East. Started Sun Sep 7 9:16 Until Sun Sep 7 9:31,service_resumed,resumed,,Main Street Station,Coxwell Ave at Lower Gerrard St East,,,2025-09-07T09:16:00-04:00,2025-09-07T09:31:00-04:00,506-Carlton,2025-09-07T09:18:00-04:00,2025-09-07T09:30:00-04:00,2025-09-07,09:16,America/Toronto,2025,TTCnotices5062025.txt,3540
"506 Carlton: Detour eastbound via Broadview Ave, Queen St E and Coxwell Ave while we respond to a medical emergency. Started Sun Sep 7 16:52",route,,506,Carlton,"Detour eastbound via Broadview Ave, Queen St E and Coxwell Ave while we respond to a medical emergency. Started Sun Sep 7 16:52",detour,disruption,eastbound,,,"Broadview Ave, Queen St E and Coxwell Ave",we respond to a medical emergency,2025-09-07T16:52:00-04:00,,506-Carlton,2025-09-07T16:54:00-04:00,2025-09-07T17:04:00-04:00,2025-09-07,16:52,America/Toronto,2025,TTCnotices5062025.txt,3543
506 Carlton Regular service has resumed eastbound from Gerrard St East at Carlaw Ave to Gerrard St East at Coxwell Ave. Started Sun Sep 7 17:03 Until Sun Sep 7 17:18,route,,506,Carlton,Regular service has resumed eastbound from Gerrard St East at Carlaw Ave to Gerrard St East at Coxwell Ave. Started Sun Sep 7 17:03 Until Sun Sep 7 17:18,service_resumed,resumed,eastbound,Gerrard St East at Carlaw Ave,Gerrard St East at Coxwell Ave,,,2025-09-07T17:03:00-04:00,2025-09-07T17:18:00-04:00,506-Carlton,2025-09-07T17:04:00-04:00,2025-09-07T17:18:00-04:00,2025-09-07,17:03,America/Toronto,2025,TTCnotices5062025.txt,3546
506 Carlton: No service between College St at Lansdowne Ave and High Park Loop while we deal with a disruptive customer. Started Sun Sep 7 22:39,route,,506,Carlton,No service between College St at Lansdowne Ave and High Park Loop while we deal with a disruptive customer. Started Sun Sep 7 22:39,no_service,disruption,,College St at Lansdowne Ave,High Park Loop,,we deal with a disruptive customer,2025-09-07T22:39:00-04:00,,506-Carlton,2025-09-07T22:40:00-04:00,2025-09-07T23:16:00-04:00,2025-09-07,22:39,America/Toronto,2025,TTCnotices5062025.txt,3549
506 Carlton Regular service has resumed between College St at Lansdowne Ave and High Park Loop. Started Sun Sep 7 23:17 Until Sun Sep 7 23:32,route,,506,Carlton,Regular service has resumed between College St at Lansdowne Ave and High Park Loop. Started Sun Sep 7 23:17 Until Sun Sep 7 23:32,service_resumed,resumed,,College St at Lansdowne Ave,High Park Loop,,,2025-09-07T23:17:00-04:00,2025-09-07T23:32:00-04:00,506-Carlton,2025-09-07T23:18:00-04:00,2025-09-07T23:32:00-04:00,2025-09-07,23:17,America/Toronto,2025,TTCnotices5062025.txt,3552
506 Carlton: No service between Main Street Station and Gerrard St East at Coxwell Ave due to a blocked track. Started Mon Sep 8 19:24,route,,506,Carlton,No service between Main Street Station and Gerrard St East at Coxwell Ave due to a blocked track. Started Mon Sep 8 19:24,no_service,disruption,,Main Street Station,Gerrard St East at Coxwell Ave,,a blocked track,2025-09-08T19:24:00-04:00,,506-Carlton,2025-09-08T19:26:00-04:00,2025-09-08T21:08:00-04:00,2025-09-08,19:24,America/Toronto,2025,TTCnotices5062025.txt,3556
506 Carlton Regular service has resumed between Main Street Station and Gerrard St East at Coxwell Ave. Started Mon Sep 8 21:08 Until Mon Sep 8 21:23,route,,506,Carlton,Regular service has resumed between Main Street Station and Gerrard St East at Coxwell Ave. Started Mon Sep 8 21:08 Until Mon Sep 8 21:23,service_resumed,resumed,,Main Street Station,Gerrard St East at Coxwell Ave,,,2025-09-08T21:08:00-04:00,2025-09-08T21:23:00-04:00,506-Carlton,2025-09-08T21:10:00-04:00,2025-09-08T21:24:00-04:00,2025-09-08,21:08,America/Toronto,2025,TTCnotices5062025.txt,3559
"506 Carlton: Detour eastbound via Spadina Ave, Dundas St W and Parliament St due to a blocked track. Started Tue Sep 9 15:57",route,,506,Carlton,"Detour eastbound via Spadina Ave, Dundas St W and Parliament St due to a blocked track. Started Tue Sep 9 15:57",detour,disruption,eastbound,,,"Spadina Ave, Dundas St W and Parliament St",a blocked track,2025-09-09T15:57:00-04:00,,506-Carlton,2025-09-09T15:58:00-04:00,2025-09-09T16:44:00-04:00,2025-09-09,15:57,America/Toronto,2025,TTCnotices5062025.txt,3562
506 Carlton Regular service has resumed eastbound from College St at McCaul St to Parliament St at Gerrard St East. Started Tue Sep 9 16:43 Until Tue Sep 9 16:58,route,,506,Carlton,Regular service has resumed eastbound from College St at McCaul St to Parliament St at Gerrard St East. Started Tue Sep 9 16:43 Until Tue Sep 9 16:58,service_resumed,resumed,eastbound,College St at McCaul St,Parliament St at Gerrard St East,,,2025-09-09T16:43:00-04:00,2025-09-09T16:58:00-04:00,506-Carlton,2025-09-09T16:44:00-04:00,2025-09-09T16:56:00-04:00,2025-09-09,16:43,America/Toronto,2025,TTCnotices5062025.txt,3565
"506 Carlton: Detour westbound via Broadview Ave, Dundas St E and Parliament St due to a collision. Started Fri Sep 12 15:09",route,,506,Carlton,"Detour westbound via Broadview Ave, Dundas St E and Parliament St due to a collision. Started Fri Sep 12 15:09",detour,disruption,westbound,,,"Broadview Ave, Dundas St E and Parliament St",a collision,2025-09-12T15:09:00-04:00,,506-Carlton,2025-09-12T15:10:00-04:00,2025-09-12T15:16:00-04:00,2025-09-12,15:09,America/Toronto,2025,TTCnotices5062025.txt,3568
506 Carlton Regular service has resumed westbound from Gerrard St East at Broadview Ave to Carlton St at Ontario St. Started Fri Sep 12 15:16 Until Fri Sep 12 15:31,route,,506,Carlton,Regular service has resumed westbound from Gerrard St East at Broadview Ave to Carlton St at Ontario St. Started Fri Sep 12 15:16 Until Fri Sep 12 15:31,service_resumed,resumed,westbound,Gerrard St East at Broadview Ave,Carlton St at Ontario St,,,2025-09-12T15:16:00-04:00,2025-09-12T15:31:00-04:00,506-Carlton,2025-09-12T15:18:00-04:00,2025-09-12T15:30:00-04:00,2025-09-12,15:16,America/Toronto,2025,TTCnotices5062025.txt,3571
"506 Carlton: Detour westbound via Broadview Ave, Dundas St W and Parliament St due to a collision. Started Fri Sep 12 15:18",route,,506,Carlton,"Detour westbound via Broadview Ave, Dundas St W and Parliament St due to a collision. Started Fri Sep 12 15:18",detour,disruption,westbound,,,"Broadview Ave, Dundas St W and Parliament St",a collision,2025-09-12T15:18:00-04:00,,506-Carlton,2025-09-12T15:20:00-04:00,2025-09-12T15:50:00-04:00,2025-09-12,15:18,America/Toronto,2025,TTCnotices5062025.txt,3574
506 Carlton Regular service has resumed westbound from Gerrard St East at Broadview Ave to Carlton St at Ontario St. Started Fri Sep 12 15:49 Until Fri Sep 12 16:04,route,,506,Carlton,Regular service has resumed westbound from Gerrard St East at Broadview Ave to Carlton St at Ontario St. Started Fri Sep 12 15:49 Until Fri Sep 12 16:04,service_resumed,resumed,westbound,Gerrard St East at Broadview Ave,Carlton St at Ontario St,,,2025-09-12T15:49:00-04:00,2025-09-12T16:04:00-04:00,506-Carlton,2025-09-12T15:50:00-04:00,2025-09-12T16:04:00-04:00,2025-09-12,15:49,America/Toronto,2025,TTCnotices5062025.txt,3577
"506 Carlton: Detour via Coxwell Ave, Queen St E and Parliament St due to a collision. Started Sat Sep 13 13:40",route,,506,Carlton,"Detour via Coxwell Ave, Queen St E and Parliament St due to a collision. Started Sat Sep 13 13:40",detour,disruption,,,,"Coxwell Ave, Queen St E and Parliament St",a collision,2025-09-13T13:40:00-04:00,,506-Carlton,2025-09-13T13:42:00-04:00,2025-09-13T14:42:00-04:00,2025-09-13,13:40,America/Toronto,2025,TTCnotices5062025.txt,3580
506 Carlton Regular service has resumed between Gerrard St East at Coxwell Ave and Gerrard St East at Sackville St. Started Sat Sep 13 14:42 Until Sat Sep 13 14:57,route,,506,Carlton,Regular service has resumed between Gerrard St East at Coxwell Ave and Gerrard St East at Sackville St. Started Sat Sep 13 14:42 Until Sat Sep 13 14:57,service_resumed,resumed,,Gerrard St East at Coxwell Ave,Gerrard St East at Sackville St,,,2025-09-13T14:42:00-04:00,2025-09-13T14:57:00-04:00,506-Carlton,2025-09-13T14:44:00-04:00,2025-09-13T14:56:00-04:00,2025-09-13,14:42,America/Toronto,2025,TTCnotices5062025.txt,3583
"506 Carlton: Detour eastbound via Parliament St, Queen St E and Broadview Ave due to a collision. Started Sat Sep 13 17:12",route,,506,Carlton,"Detour eastbound via Parliament St, Queen St E and Broadview Ave due to a collision. Started Sat Sep 13 17:12",detour,disruption,eastbound,,,"Parliament St, Queen St E and Broadview Ave",a collision,2025-09-13T17:12:00-04:00,,506-Carlton,2025-09-13T17:14:00-04:00,2025-09-13T17:40:00-04:00,2025-09-13,17:12,America/Toronto,2025,TTCnotices5062025.txt,3586
506 Carlton Regular service has resumed eastbound from Parliament St at Gerrard St East to Gerrard St East at Blackburn St. Started Sat Sep 13 17:40 Until Sat Sep 13 17:55,route,,506,Carlton,Regular service has resumed eastbound from Parliament St at Gerrard St East to Gerrard St East at Blackburn St. Started Sat Sep 13 17:40 Until Sat Sep 13 17:55,service_resumed,resumed,eastbound,Parliament St at Gerrard St East,Gerrard St East at Blackburn St,,,2025-09-13T17:40:00-04:00,2025-09-13T17:55:00-04:00,506-Carlton,2025-09-13T17:42:00-04:00,2025-09-13T17:54:00-04:00,2025-09-13,17:40,America/Toronto,2025,TTCnotices5062025.txt,3589
Queen's Park: Elevator out of service between College St northeast entrance and concourse. Started Sun Sep 14 11:03,accessibility,Queen's Park,,,Elevator out of service between College St northeast entrance and concourse. Started Sun Sep 14 11:03,elevator_out_of_service,disruption,,College St northeast entrance,concourse,,,2025-09-14T11:03:00-04:00,,506-Carlton,2025-09-14T11:04:00-04:00,2025-09-14T11:12:00-04:00,2025-09-14,11:03,America/Toronto,2025,TTCnotices5062025.txt,316
Queen's Park: Elevator back in service between College St northeast entrance and concourse. Started Sun Sep 14 11:13 Until Sun Sep 14 11:28,accessibility,Queen's Park,,,Elevator back in service between College St northeast entrance and concourse. Started Sun Sep 14 11:13 Until Sun Sep 14 11:28,elevator_back_in_service,resumed,,College St northeast entrance,concourse,,,2025-09-14T11:13:00-04:00,2025-09-14T11:28:00-04:00,506-Carlton,2025-09-14T11:14:00-04:00,2025-09-14T11:29:00-04:00,2025-09-14,11:13,America/Toronto,2025,TTCnotices5062025.txt,319
506 Carlton: No service between Howard Park Ave at Roncesvalles Ave and College St at Lansdowne Ave due to police activity. Started Sun Sep 14 18:56,route,,506,Carlton,No service between Howard Park Ave at Roncesvalles Ave and College St at Lansdowne Ave due to police activity. Started Sun Sep 14 18:56,no_service,disruption,,Howard Park Ave at Roncesvalles Ave,College St at Lansdowne Ave,,police activity,2025-09-14T18:56:00-04:00,,506-Carlton,2025-09-14T18:56:00-04:00,2025-09-14T22:24:00-04:00,2025-09-14,18:56,America/Toronto,2025,TTCnotices5062025.txt,3592
"506 306 Temporary route change due to CIBC Run for the Cure 506|306–Temporary route change due to CIBC Run for the Cure October 5, 2025 - 08:00 AM to October 5, 2025 - 01:00 PM",other,,506,306,"Temporary route change due to CIBC Run for the Cure 506|306–Temporary route change due to CIBC Run for the Cure October 5, 2025 - 08:00 AM to October 5, 2025 - 01:00 PM",other,unknown,,,,,,2025-09-30T15:10:00-04:00,,506-Carlton,2025-09-30T15:10:00-04:00,2025-10-05T13:18:00-04:00,2025-09-30,15:10,America/Toronto,2025,TTCnotices5062025.txt,4613
506 Carlton Regular service has resumed eastbound from College St at Grace St to College St at University Ave - Queen's Park Station. Started Thu Oct 2 20:09 Until Thu Oct 2 20:24,route,,506,Carlton,Regular service has resumed eastbound from College St at Grace St to College St at University Ave - Queen's Park Station. Started Thu Oct 2 20:09 Until Thu Oct 2 20:24,service_resumed,resumed,eastbound,College St at Grace St,College St at University Ave - Queen's Park Station,,,2025-10-02T20:09:00-04:00,2025-10-02T20:24:00-04:00,506-Carlton,2025-10-02T20:18:00-04:00,2025-10-02T20:24:00-04:00,2025-10-02,20:09,America/Toronto,2025,TTCnotices5062025.txt,3595
506 Carlton: Detour westbound via Lansdowne Avenue and High Park due to a collision. Started Fri Oct 3 19:44,route,,506,Carlton,Detour westbound via Lansdowne Avenue and High Park due to a collision. Started Fri Oct 3 19:44,detour,disruption,westbound,,,Lansdowne Avenue and High Park,a collision,2025-10-03T19:44:00-04:00,,506-Carlton,2025-10-03T19:44:00-04:00,2025-10-03T21:02:00-04:00,2025-10-03,19:44,America/Toronto,2025,TTCnotices5062025.txt,3598
506 Carlton Regular service has resumed westbound from Dundas St West at Sterling Rd to High Park Loop. Started Fri Oct 3 21:01 Until Fri Oct 3 21:16,route,,506,Carlton,Regular service has resumed westbound from Dundas St West at Sterling Rd to High Park Loop. Started Fri Oct 3 21:01 Until Fri Oct 3 21:16,service_resumed,resumed,westbound,Dundas St West at Sterling Rd,High Park Loop,,,2025-10-03T21:01:00-04:00,2025-10-03T21:16:00-04:00,506-Carlton,2025-10-03T21:02:00-04:00,2025-10-03T21:16:00-04:00,2025-10-03,21:01,America/Toronto,2025,TTCnotices5062025.txt,3601
"506 Carlton: Detour westbound via Mccaul St, Queen St W, Roncesvalles Ave, Howard Park Ave and Lansdowne Avenue due to a blocked track. Started Sat Oct 4 6:36",route,,506,Carlton,"Detour westbound via Mccaul St, Queen St W, Roncesvalles Ave, Howard Park Ave and Lansdowne Avenue due to a blocked track. Started Sat Oct 4 6:36",detour,disruption,westbound,,,"Mccaul St, Queen St W, Roncesvalles Ave, Howard Park Ave and Lansdowne Avenue",a blocked track,2025-10-04T06:36:00-04:00,,506-Carlton,2025-10-04T06:38:00-04:00,2025-10-04T06:48:00-04:00,2025-10-04,06:36,America/Toronto,2025,TTCnotices5062025.txt,3604
"506 Carlton: Detour eastbound via Ossington Ave, Dundas St W, Bathurst St, Queen St W and Mccaul St due to a blocked track. Started Sat Oct 4 6:38",route,,506,Carlton,"Detour eastbound via Ossington Ave, Dundas St W, Bathurst St, Queen St W and Mccaul St due to a blocked track. Started Sat Oct 4 6:38",detour,disruption,eastbound,,,"Ossington Ave, Dundas St W, Bathurst St, Queen St W and Mccaul St",a blocked track,2025-10-04T06:38:00-04:00,,506-Carlton,2025-10-04T06:38:00-04:00,2025-10-04T06:48:00-04:00,2025-10-04,06:38,America/Toronto,2025,TTCnotices5062025.txt,3607
"506 Carlton: Detour via Queen St W, Bathurst St, Dundas St W and Ossington Ave due to a blocked track. Started Sat Oct 4 6:54",route,,506,Carlton,"Detour via Queen St W, Bathurst St, Dundas St W and Ossington Ave due to a blocked track. Started Sat Oct 4 6:54",detour,disruption,,,,"Queen St W, Bathurst St, Dundas St W and Ossington Ave",a blocked track,2025-10-04T06:54:00-04:00,,506-Carlton,2025-10-04T06:56:00-04:00,2025-10-04T07:36:00-04:00,2025-10-04,06:54,America/Toronto,2025,TTCnotices5062025.txt,3610
"506 Carlton: Detour via Queen St W, Bathurst St, Dundas St W and Ossington Ave due to an event. Started Sat Oct 4 7:37",route,,506,Carlton,"Detour via Queen St W, Bathurst St, Dundas St W and Ossington Ave due to an event. Started Sat Oct 4 7:37",detour,disruption,,,,"Queen St W, Bathurst St, Dundas St W and Ossington Ave",an event,2025-10-04T07:37:00-04:00,,506-Carlton,2025-10-04T07:38:00-04:00,2025-10-04T08:00:00-04:00,2025-10-04,07:37,America/Toronto,2025,TTCnotices5062025.txt,3613
"506 Carlton: Detour via Mccaul St, Queen St W, Bathurst St, Dundas St W and Ossington Ave due to Nuit Blanche and CIBC Run for the Cure. Started Sat Oct 4 8:00",route,,506,Carlton,"Detour via Mccaul St, Queen St W, Bathurst St, Dundas St W and Ossington Ave due to Nuit Blanche and CIBC Run for the Cure. Started Sat Oct 4 8:00",detour,disruption,,,,"Mccaul St, Queen St W, Bathurst St, Dundas St W and Ossington Ave",Nuit Blanche and CIBC Run for the Cure,2025-10-04T08:00:00-04:00,,506-Carlton,2025-10-04T08:00:00-04:00,2025-10-04T09:28:00-04:00,2025-10-04,08:00,America/Toronto,2025,TTCnotices5062025.txt,3616
506 Carlton Regular service has resumed between College St at McCaul St and Dundas St West at Howard Park Ave. Started Sat Oct 4 9:29 Until Sat Oct 4 9:44,route,,506,Carlton,Regular service has resumed between College St at McCaul St and Dundas St West at Howard Park Ave. Started Sat Oct 4 9:29 Until Sat Oct 4 9:44,service_resumed,resumed,,College St at McCaul St,Dundas St West at Howard Park Ave,,,2025-10-04T09:29:00-04:00,2025-10-04T09:44:00-04:00,506-Carlton,2025-10-04T09:30:00-04:00,2025-10-04T09:44:00-04:00,2025-10-04,09:29,America/Toronto,2025,TTCnotices5062025.txt,3619
506 Carlton: No service between Main Street Station and Coxwell Ave at Lower Gerrard St East while we respond to a medical emergency. Started Sat Oct 4 21:39,route,,506,Carlton,No service between Main Street Station and Coxwell Ave at Lower Gerrard St East while we respond to a medical emergency. Started Sat Oct 4 21:39,no_service,disruption,,Main Street Station,Coxwell Ave at Lower Gerrard St East,,we respond to a medical emergency,2025-10-04T21:39:00-04:00,,506-Carlton,2025-10-04T21:40:00-04:00,2025-10-04T21:45:00-04:00,2025-10-04,21:39,America/Toronto,2025,TTCnotices5062025.txt,3622
506 Carlton: No service between Main Street Station and Coxwell Ave at Lower Gerrard St East while we respond to a medical emergency. Shuttle buses are on the way. Started Sat Oct 4 21:44,route,,506,Carlton,No service between Main Street Station and Coxwell Ave at Lower Gerrard St East while we respond to a medical emergency. Shuttle buses are on the way. Started Sat Oct 4 21:44,no_service,disruption,,Main Street Station,Coxwell Ave at Lower Gerrard St East,,we respond to a medical emergency. Shuttle buses are on the way,2025-10-04T21:44:00-04:00,,506-Carlton,2025-10-04T21:46:00-04:00,2025-10-04T21:50:00-04:00,2025-10-04,21:44,America/Toronto,2025,TTCnotices5062025.txt,3625
506 Carlton Regular service has resumed between Main Street Station and Coxwell Ave at Lower Gerrard St East. Started Sat Oct 4 21:51 Until Sat Oct 4 22:06,route,,506,Carlton,Regular service has resumed between Main Street Station and Coxwell Ave at Lower Gerrard St East. Started Sat Oct 4 21:51 Until Sat Oct 4 22:06,service_resumed,resumed,,Main Street Station,Coxwell Ave at Lower Gerrard St East,,,2025-10-04T21:51:00-04:00,2025-10-04T22:06:00-04:00,506-Carlton,2025-10-04T21:52:00-04:00,2025-10-04T22:06:00-04:00,2025-10-04,21:51,America/Toronto,2025,TTCnotices5062025.txt,3628
"506 Carlton: Detour westbound via Broadview Ave, Dundas St E and Parliament St due to a blocked track. Started Sat Oct 4 23:11",route,,506,Carlton,"Detour westbound via Broadview Ave, Dundas St E and Parliament St due to a blocked track. Started Sat Oct 4 23:11",detour,disruption,westbound,,,"Broadview Ave, Dundas St E and Parliament St",a blocked track,2025-10-04T23:11:00-04:00,,506-Carlton,2025-10-04T23:12:00-04:00,2025-10-04T23:44:00-04:00,2025-10-04,23:11,America/Toronto,2025,TTCnotices5062025.txt,3631
506 Carlton Regular service has resumed westbound from Gerrard St East at Broadview Ave to Gerrard St East at Parliament St. Started Sat Oct 4 23:44 Until Sat Oct 4 23:59,route,,506,Carlton,Regular service has resumed westbound from Gerrard St East at Broadview Ave to Gerrard St East at Parliament St. Started Sat Oct 4 23:44 Until Sat Oct 4 23:59,service_resumed,resumed,westbound,Gerrard St East at Broadview Ave,Gerrard St East at Parliament St,,,2025-10-04T23:44:00-04:00,2025-10-04T23:59:00-04:00,506-Carlton,2025-10-04T23:46:00-04:00,2025-10-04T23:58:00-04:00,2025-10-04,23:44,America/Toronto,2025,TTCnotices5062025.txt,3634
506 Carlton: No service westbound from College St at Bay St to College St at McCaul St due to CIBC Marathon. Shuttle buses are running from College St at Bay St to College St at McCaul St. Started Sun Oct 5 7:46,route,,506,Carlton,No service westbound from College St at Bay St to College St at McCaul St due to CIBC Marathon. Shuttle buses are running from College St at Bay St to College St at McCaul St. Started Sun Oct 5 7:46,no_service,disruption,westbound,College St at Bay St,College St at McCaul St,,CIBC Marathon. Shuttle buses are running from College St at Bay St to College St at McCaul St,2025-10-05T07:46:00-04:00,,506-Carlton,2025-10-05T07:48:00-04:00,2025-10-05T22:12:00-04:00,2025-10-05,07:46,America/Toronto,2025,TTCnotices5062025.txt,3637
506 Carlton: No service eastbound from College St at Bay St to Carlton St at Parliament St due to CIBC Marathon. Shuttle buses are running from College St at Bay St to Carlton St at Parliament St. Started Sun Oct 5 7:47,route,,506,Carlton,No service eastbound from College St at Bay St to Carlton St at Parliament St due to CIBC Marathon. Shuttle buses are running from College St at Bay St to Carlton St at Parliament St. Started Sun Oct 5 7:47,no_service,disruption,eastbound,College St at Bay St,Carlton St at Parliament St,,CIBC Marathon. Shuttle buses are running from College St at Bay St to Carlton St at Parliament St,2025-10-05T07:47:00-04:00,,506-Carlton,2025-10-05T07:48:00-04:00,2025-10-05T13:04:00-04:00,2025-10-05,07:47,America/Toronto,2025,TTCnotices5062025.txt,3640
506 Carlton: No service between Coxwell Ave at Gerrard St East and Main Street Station while we fix a mechanical problem. Started Sun Oct 5 12:16,route,,506,Carlton,No service between Coxwell Ave at Gerrard St East and Main Street Station while we fix a mechanical problem. Started Sun Oct 5 12:16,no_service,disruption,,Coxwell Ave at Gerrard St East,Main Street Station,,we fix a mechanical problem,2025-10-05T12:16:00-04:00,,506-Carlton,2025-10-05T12:16:00-04:00,2025-10-05T12:32:00-04:00,2025-10-05,12:16,America/Toronto,2025,TTCnotices5062025.txt,3643
506 Carlton Regular service has resumed between Coxwell Ave at Gerrard St East and Main Street Station. Started Sun Oct 5 12:33 Until Sun Oct 5 12:48,route,,506,Carlton,Regular service has resumed between Coxwell Ave at Gerrard St East and Main Street Station. Started Sun Oct 5 12:33 Until Sun Oct 5 12:48,service_resumed,resumed,,Coxwell Ave at Gerrard St East,Main Street Station,,,2025-10-05T12:33:00-04:00,2025-10-05T12:48:00-04:00,506-Carlton,2025-10-05T12:34:00-04:00,2025-10-05T12:48:00-04:00,2025-10-05,12:33,America/Toronto,2025,TTCnotices5062025.txt,3646
506 Carlton Regular service has resumed eastbound from College St at Bay St to Carlton St at Parliament St. Started Sun Oct 5 13:04 Until Sun Oct 5 13:19,route,,506,Carlton,Regular service has resumed eastbound from College St at Bay St to Carlton St at Parliament St. Started Sun Oct 5 13:04 Until Sun Oct 5 13:19,service_resumed,resumed,eastbound,College St at Bay St,Carlton St at Parliament St,,,2025-10-05T13:04:00-04:00,2025-10-05T13:19:00-04:00,506-Carlton,2025-10-05T13:04:00-04:00,2025-10-05T13:18:00-04:00,2025-10-05,13:04,America/Toronto,2025,TTCnotices5062025.txt,3649
Wellesley: Elevator out of service between Wellesley St entrance to Line 1 Finch platform. Started Sun Oct 5 14:33,accessibility,Wellesley,,,Elevator out of service between Wellesley St entrance to Line 1 Finch platform. Started Sun Oct 5 14:33,elevator_out_of_service,disruption,,,,,,2025-10-05T14:33:00-04:00,,506-Carlton,2025-10-05T14:34:00-04:00,2025-10-05T16:32:00-04:00,2025-10-05,14:33,America/Toronto,2025,TTCnotices5062025.txt,322
506 Carlton: Delays between Gerrard St East at Broadview Ave and College St at Spadina Ave due to an earlier road closure. Started Sun Oct 5 14:47 Until Sun Oct 5 17:00,route,,506,Carlton,Delays between Gerrard St East at Broadview Ave and College St at Spadina Ave due to an earlier road closure. Started Sun Oct 5 14:47 Until Sun Oct 5 17:00,delay,disruption,,Gerrard St East at Broadview Ave,College St at Spadina Ave,,an earlier road closure,2025-10-05T14:47:00-04:00,2025-10-05T17:00:00-04:00,506-Carlton,2025-10-05T14:48:00-04:00,2025-10-05T17:00:00-04:00,2025-10-05,14:47,America/Toronto,2025,TTCnotices5062025.txt,3652
Wellesley: Elevator back in service between Wellesley St entrance to Line 1 Finch platform. Started Sun Oct 5 16:32 Until Sun Oct 5 16:47,accessibility,Wellesley,,,Elevator back in service between Wellesley St entrance to Line 1 Finch platform. Started Sun Oct 5 16:32 Until Sun Oct 5 16:47,elevator_back_in_service,resumed,,,,,,2025-10-05T16:32:00-04:00,2025-10-05T16:47:00-04:00,506-Carlton,2025-10-05T16:33:00-04:00,2025-10-05T16:47:00-04:00,2025-10-05,16:32,America/Toronto,2025,TTCnotices5062025.txt,325
506 Carlton Regular service has resumed between Gerrard St East at Broadview Ave and College St at Spadina Ave. Started Sun Oct 5 17:00 Until Sun Oct 5 17:15,route,,506,Carlton,Regular service has resumed between Gerrard St East at Broadview Ave and College St at Spadina Ave. Started Sun Oct 5 17:00 Until Sun Oct 5 17:15,service_resumed,resumed,,Gerrard St East at Broadview Ave,College St at Spadina Ave,,,2025-10-05T17:00:00-04:00,2025-10-05T17:15:00-04:00,506-Carlton,2025-10-05T17:00:00-04:00,2025-10-05T17:15:00-04:00,2025-10-05,17:00,America/Toronto,2025,TTCnotices5062025.txt,3655
506 Carlton: No service between Main Street Station and Coxwell Ave at Lower Gerrard St East due to a collision. Started Sun Oct 5 22:17,route,,506,Carlton,No service between Main Street Station and Coxwell Ave at Lower Gerrard St East due to a collision. Started Sun Oct 5 22:17,no_service,disruption,,Main Street Station,Coxwell Ave at Lower Gerrard St East,,a collision,2025-10-05T22:17:00-04:00,,506-Carlton,2025-10-05T22:18:00-04:00,2025-10-05T22:36:00-04:00,2025-10-05,22:17,America/Toronto,2025,TTCnotices5062025.txt,3658
506 Carlton: No service between Main Street Station and Coxwell Ave at Lower Gerrard St East due to a collision. Shuttle buses are on the way. Started Sun Oct 5 22:36,route,,506,Carlton,No service between Main Street Station and Coxwell Ave at Lower Gerrard St East due to a collision. Shuttle buses are on the way. Started Sun Oct 5 22:36,no_service,disruption,,Main Street Station,Coxwell Ave at Lower Gerrard St East,,a collision. Shuttle buses are on the way,2025-10-05T22:36:00-04:00,,506-Carlton,2025-10-05T22:36:00-04:00,2025-10-05T23:16:00-04:00,2025-10-05,22:36,America/Toronto,2025,TTCnotices5062025.txt,3661
506 Carlton: No service between Main Street Station and Coxwell Ave at Lower Gerrard St East due to a collision. Shuttle buses are running between Main Street Station and Coxwell Ave at Lower Gerrard St East. Started Sun Oct 5 23:17,route,,506,Carlton,No service between Main Street Station and Coxwell Ave at Lower Gerrard St East due to a collision. Shuttle buses are running between Main Street Station and Coxwell Ave at Lower Gerrard St East. Started Sun Oct 5 23:17,no_service,disruption,,Main Street Station,Coxwell Ave at Lower Gerrard St East,,a collision. Shuttle buses are running between Main Street Station and Coxwell Ave at Lower Gerrard St East,2025-10-05T23:17:00-04:00,,506-Carlton,2025-10-05T23:18:00-04:00,2025-10-06T00:42:00-04:00,2025-10-05,23:17,America/Toronto,2025,TTCnotices5062025.txt,3664
506 Carlton Regular service has resumed between Main Street Station and Coxwell Ave at Lower Gerrard St East. Started Mon Oct 6 0:42 Until Mon Oct 6 0:57,route,,506,Carlton,Regular service has resumed between Main Street Station and Coxwell Ave at Lower Gerrard St East. Started Mon Oct 6 0:42 Until Mon Oct 6 0:57,service_resumed,resumed,,Main Street Station,Coxwell Ave at Lower Gerrard St East,,,2025-10-06T00:42:00-04:00,2025-10-06T00:57:00-04:00,506-Carlton,2025-10-06T00:44:00-04:00,2025-10-06T00:56:00-04:00,2025-10-06,00:42,America/Toronto,2025,TTCnotices5062025.txt,3667
"506 Carlton: Detour eastbound via Parliament St, Dundas St E and Church St while we respond to a medical emergency. Started Tue Oct 7 8:26",route,,506,Carlton,"Detour eastbound via Parliament St, Dundas St E and Church St while we respond to a medical emergency. Started Tue Oct 7 8:26",detour,disruption,eastbound,,,"Parliament St, Dundas St E and Church St",we respond to a medical emergency,2025-10-07T08:26:00-04:00,,506-Carlton,2025-10-07T08:28:00-04:00,2025-10-07T08:44:00-04:00,2025-10-07,08:26,America/Toronto,2025,TTCnotices5062025.txt,3670
506 Carlton Regular service has resumed eastbound near Carlton St at Jarvis St. Started Tue Oct 7 8:45 Until Tue Oct 7 9:00,route,,506,Carlton,Regular service has resumed eastbound near Carlton St at Jarvis St. Started Tue Oct 7 8:45 Until Tue Oct 7 9:00,service_resumed,resumed,eastbound,Carlton St at Jarvis St,,,,2025-10-07T08:45:00-04:00,2025-10-07T09:00:00-04:00,506-Carlton,2025-10-07T08:46:00-04:00,2025-10-07T09:00:00-04:00,2025-10-07,08:45,America/Toronto,2025,TTCnotices5062025.txt,3673
"506 Carlton: Detour westbound via Coxwell Ave, Queen St E, Broadview Ave, Dundas St E and Parliament St due to a blocked track. Started Wed Oct 8 14:38",route,,506,Carlton,"Detour westbound via Coxwell Ave, Queen St E, Broadview Ave, Dundas St E and Parliament St due to a blocked track. Started Wed Oct 8 14:38",detour,disruption,westbound,,,"Coxwell Ave, Queen St E, Broadview Ave, Dundas St E and Parliament St",a blocked track,2025-10-08T14:38:00-04:00,,506-Carlton,2025-10-08T14:38:00-04:00,2025-10-08T15:00:00-04:00,2025-10-08,14:38,America/Toronto,2025,TTCnotices5062025.txt,3676
506 Carlton Regular service has resumed westbound from Gerrard St East at Logan Ave to Gerrard St East at Parliament St. Started Wed Oct 8 15:00 Until Wed Oct 8 15:15,route,,506,Carlton,Regular service has resumed westbound from Gerrard St East at Logan Ave to Gerrard St East at Parliament St. Started Wed Oct 8 15:00 Until Wed Oct 8 15:15,service_resumed,resumed,westbound,Gerrard St East at Logan Ave,Gerrard St East at Parliament St,,,2025-10-08T15:00:00-04:00,2025-10-08T15:15:00-04:00,506-Carlton,2025-10-08T15:02:00-04:00,2025-10-08T15:16:00-04:00,2025-10-08,15:00,America/Toronto,2025,TTCnotices5062025.txt,3679
"506 Carlton: Detour eastbound via Bay St, Dundas St E and Parliament St due to a blocked track. Started Wed Oct 8 19:22",route,,506,Carlton,"Detour eastbound via Bay St, Dundas St E and Parliament St due to a blocked track. Started Wed Oct 8 19:22",detour,disruption,eastbound,,,"Bay St, Dundas St E and Parliament St",a blocked track,2025-10-08T19:22:00-04:00,,506-Carlton,2025-10-08T19:22:00-04:00,2025-10-08T21:34:00-04:00,2025-10-08,19:22,America/Toronto,2025,TTCnotices5062025.txt,3682
506 Carlton: No service between Main Street Station and Gerrard St East at Coxwell Ave due to a collision. Started Wed Oct 8 19:51,route,,506,Carlton,No service between Main Street Station and Gerrard St East at Coxwell Ave due to a collision. Started Wed Oct 8 19:51,no_service,disruption,,Main Street Station,Gerrard St East at Coxwell Ave,,a collision,2025-10-08T19:51:00-04:00,,506-Carlton,2025-10-08T19:52:00-04:00,2025-10-08T19:58:00-04:00,2025-10-08,19:51,America/Toronto,2025,TTCnotices5062025.txt,3685
506 Carlton: No service between Main Street Station and Gerrard St East at Coxwell Ave due to a collision. Started Wed Oct 8 19:51,route,,506,Carlton,No service between Main Street Station and Gerrard St East at Coxwell Ave due to a collision. Started Wed Oct 8 19:51,no_service,disruption,,Main Street Station,Gerrard St East at Coxwell Ave,,a collision,2025-10-08T19:51:00-04:00,,506-Carlton,2025-10-08T19:58:00-04:00,2025-10-08T22:16:00-04:00,2025-10-08,19:51,America/Toronto,2025,TTCnotices5062025.txt,3688
506 Carlton: No service near College St at Yonge St - College Station due to a Toronto Police Investigation. Started Wed Oct 8 21:32,route,,506,Carlton,No service near College St at Yonge St - College Station due to a Toronto Police Investigation. Started Wed Oct 8 21:32,no_service,disruption,,College St at Yonge St - College Station,,,a Toronto Police Investigation,2025-10-08T21:32:00-04:00,,506-Carlton,2025-10-08T21:34:00-04:00,2025-10-08T22:22:00-04:00,2025-10-08,21:32,America/Toronto,2025,TTCnotices5062025.txt,3691
"506 Carlton: Detour eastbound via Bay St, Dundas St E and Parliament St due to a Toronto Police Investigation. Started Wed Oct 8 21:34",route,,506,Carlton,"Detour eastbound via Bay St, Dundas St E and Parliament St due to a Toronto Police Investigation. Started Wed Oct 8 21:34",detour,disruption,eastbound,,,"Bay St, Dundas St E and Parliament St",a Toronto Police Investigation,2025-10-08T21:34:00-04:00,,506-Carlton,2025-10-08T21:34:00-04:00,2025-10-08T22:20:00-04:00,2025-10-08,21:34,America/Toronto,2025,TTCnotices5062025.txt,3694
506 Carlton Regular service has resumed between Main Street Station and Gerrard St East at Coxwell Ave. Started Wed Oct 8 22:16 Until Wed Oct 8 22:31,route,,506,Carlton,Regular service has resumed between Main Street Station and Gerrard St East at Coxwell Ave. Started Wed Oct 8 22:16 Until Wed Oct 8 22:31,service_resumed,resumed,,Main Street Station,Gerrard St East at Coxwell Ave,,,2025-10-08T22:16:00-04:00,2025-10-08T22:31:00-04:00,506-Carlton,2025-10-08T22:18:00-04:00,,2025-10-08,22:16,America/Toronto,2025,TTCnotices5062025.txt,3697
506 Carlton Regular service has resumed eastbound near College St at Yonge St - College Station. Started Wed Oct 8 22:21 Until Wed Oct 8 22:36,route,,506,Carlton,Regular service has resumed eastbound near College St at Yonge St - College Station. Started Wed Oct 8 22:21 Until Wed Oct 8 22:36,service_resumed,resumed,eastbound,College St at Yonge St - College Station,,,,2025-10-08T22:21:00-04:00,2025-10-08T22:36:00-04:00,506-Carlton,2025-10-08T22:22:00-04:00,2025-10-08T22:36:00-04:00,2025-10-08,22:21,America/Toronto,2025,TTCnotices5062025.txt,3700
506 Carlton Regular service has resumed near College St at Yonge St - College Station. Started Wed Oct 8 22:22 Until Wed Oct 8 22:37,route,,506,Carlton,Regular service has resumed near College St at Yonge St - College Station. Started Wed Oct 8 22:22 Until Wed Oct 8 22:37,service_resumed,resumed,,College St at Yonge St - College Station,,,,2025-10-08T22:22:00-04:00,2025-10-08T22:37:00-04:00,506-Carlton,2025-10-08T22:24:00-04:00,2025-10-08T22:36:00-04:00,2025-10-08,22:22,America/Toronto,2025,TTCnotices5062025.txt,3703
"506 Carlton: Detour via Broadview Ave, Dundas St W and Church St while we fix a mechanical problem. Started Thu Oct 9 8:19",route,,506,Carlton,"Detour via Broadview Ave, Dundas St W and Church St while we fix a mechanical problem. Started Thu Oct 9 8:19",detour,disruption,,,,"Broadview Ave, Dundas St W and Church St",we fix a mechanical problem,2025-10-09T08:19:00-04:00,,506-Carlton,2025-10-09T08:20:00-04:00,2025-10-09T10:18:00-04:00,2025-10-09,08:19,America/Toronto,2025,TTCnotices5062025.txt,3706
506 Carlton Regular service has resumed between Gerrard St East at Broadview Ave and Carlton St at Church St. Started Thu Oct 9 10:18 Until Thu Oct 9 10:33,route,,506,Carlton,Regular service has resumed between Gerrard St East at Broadview Ave and Carlton St at Church St. Started Thu Oct 9 10:18 Until Thu Oct 9 10:33,service_resumed,resumed,,Gerrard St East at Broadview Ave,Carlton St at Church St,,,2025-10-09T10:18:00-04:00,2025-10-09T10:33:00-04:00,506-Carlton,2025-10-09T10:20:00-04:00,2025-10-09T10:34:00-04:00,2025-10-09,10:18,America/Toronto,2025,TTCnotices5062025.txt,3709
"103 Mount Pleasant North - Introducing new service changes October 12, 2025",other,,103,Mount,"Pleasant North - Introducing new service changes October 12, 2025",other,unknown,,,,,,2025-10-09T13:24:00-04:00,,,2025-10-09T13:24:00-04:00,2025-11-01T00:56:00-04:00,2025-10-09,13:24,America/Toronto,2025,TTCnotices5062025.txt,4619
"164 Castlefield Introducing new service changes October 12, 2025",other,,164,Castlefield,"Introducing new service changes October 12, 2025",other,unknown,,,,,,2025-10-09T15:26:00-04:00,,,2025-10-09T15:26:00-04:00,2025-11-01T00:56:00-04:00,2025-10-09,15:26,America/Toronto,2025,TTCnotices5062025.txt,4623
"306 506 Route change due to track and overhead work 506|306–Route change due to track and overhead work at the intersection of College Street and McCaul Street October 12, 2025 to late 2025",other,,306,506,"Route change due to track and overhead work 506|306–Route change due to track and overhead work at the intersection of College Street and McCaul Street October 12, 2025 to late 2025",other,unknown,,,,,,2025-10-09T15:26:00-04:00,,506-Carlton,2025-10-09T15:26:00-04:00,2025-12-21T05:50:00-05:00,2025-10-09,15:26,America/Toronto,2025,TTCnotices5062025.txt,4626
"191 Underhill - Introducing new service changes October 12, 2025",other,,191,Underhill,"- Introducing new service changes October 12, 2025",other,unknown,,,,,,2025-10-09T16:26:00-04:00,,,2025-10-09T16:26:00-04:00,2025-11-01T00:56:00-04:00,2025-10-09,16:26,America/Toronto,2025,TTCnotices5062025.txt,4632
506 Carlton: Detour eastbound via Dundas St E and Bathurst St due to a blocked track. Started Fri Oct 10 7:32,route,,506,Carlton,Detour eastbound via Dundas St E and Bathurst St due to a blocked track. Started Fri Oct 10 7:32,detour,disruption,eastbound,,,Dundas St E and Bathurst St,a blocked track,2025-10-10T07:32:00-04:00,,506-Carlton,2025-10-10T07:34:00-04:00,2025-10-10T07:36:00-04:00,2025-10-10,07:32,America/Toronto,2025,TTCnotices5062025.txt,3712
506 Carlton Regular service has resumed eastbound from College St at Ossington Ave to College St at Bathurst St. Started Fri Oct 10 7:36 Until Fri Oct 10 7:51,route,,506,Carlton,Regular service has resumed eastbound from College St at Ossington Ave to College St at Bathurst St. Started Fri Oct 10 7:36 Until Fri Oct 10 7:51,service_resumed,resumed,eastbound,College St at Ossington Ave,College St at Bathurst St,,,2025-10-10T07:36:00-04:00,2025-10-10T07:51:00-04:00,506-Carlton,2025-10-10T07:38:00-04:00,2025-10-10T07:50:00-04:00,2025-10-10,07:36,America/Toronto,2025,TTCnotices5062025.txt,3715
506 Carlton: No service between Gerrard St East at Coxwell Ave and Main Street Station while we respond to a medical emergency. Started Sun Oct 12 19:24,route,,506,Carlton,No service between Gerrard St East at Coxwell Ave and Main Street Station while we respond to a medical emergency. Started Sun Oct 12 19:24,no_service,disruption,,Gerrard St East at Coxwell Ave,Main Street Station,,we respond to a medical emergency,2025-10-12T19:24:00-04:00,,506-Carlton,2025-10-12T19:26:00-04:00,2025-10-12T19:30:00-04:00,2025-10-12,19:24,America/Toronto,2025,TTCnotices5062025.txt,3718
506 Carlton Regular service has resumed between Gerrard St East at Coxwell Ave and Main Street Station. Started Sun Oct 12 19:30 Until Sun Oct 12 19:45,route,,506,Carlton,Regular service has resumed between Gerrard St East at Coxwell Ave and Main Street Station. Started Sun Oct 12 19:30 Until Sun Oct 12 19:45,service_resumed,resumed,,Gerrard St East at Coxwell Ave,Main Street Station,,,2025-10-12T19:30:00-04:00,2025-10-12T19:45:00-04:00,506-Carlton,2025-10-12T19:32:00-04:00,2025-10-12T19:44:00-04:00,2025-10-12,19:30,America/Toronto,2025,TTCnotices5062025.txt,3721
506 Carlton: Delays westbound near Carlton St at Church St due to a security incident. Started Mon Oct 13 10:52,route,,506,Carlton,Delays westbound near Carlton St at Church St due to a security incident. Started Mon Oct 13 10:52,delay,disruption,westbound,Carlton St at Church St,,,a security incident,2025-10-13T10:52:00-04:00,,506-Carlton,2025-10-13T10:54:00-04:00,2025-10-13T11:02:00-04:00,2025-10-13,10:52,America/Toronto,2025,TTCnotices5062025.txt,3724
506 Carlton Regular service has resumed westbound near Carlton St at Church St. Started Mon Oct 13 11:02 Until Mon Oct 13 11:17,route,,506,Carlton,Regular service has resumed westbound near Carlton St at Church St. Started Mon Oct 13 11:02 Until Mon Oct 13 11:17,service_resumed,resumed,westbound,Carlton St at Church St,,,,2025-10-13T11:02:00-04:00,2025-10-13T11:17:00-04:00,506-Carlton,2025-10-13T11:04:00-04:00,2025-10-13T11:18:00-04:00,2025-10-13,11:02,America/Toronto,2025,TTCnotices5062025.txt,3727
506 Carlton: No service between High Park Loop and College St at Bathurst St while we deal with an operational problem. Started Mon Oct 13 20:49,route,,506,Carlton,No service between High Park Loop and College St at Bathurst St while we deal with an operational problem. Started Mon Oct 13 20:49,no_service,disruption,,High Park Loop,College St at Bathurst St,,we deal with an operational problem,2025-10-13T20:49:00-04:00,,506-Carlton,2025-10-13T20:50:00-04:00,2025-10-13T21:34:00-04:00,2025-10-13,20:49,America/Toronto,2025,TTCnotices5062025.txt,3730
506 Carlton: No service between High Park Loop and College St at Bathurst St while we deal with an operational problem. Shuttle buses are running between High Park Loop and College St at Bathurst St. Started Mon Oct 13 21:35,route,,506,Carlton,No service between High Park Loop and College St at Bathurst St while we deal with an operational problem. Shuttle buses are running between High Park Loop and College St at Bathurst St. Started Mon Oct 13 21:35,no_service,disruption,,High Park Loop,College St at Bathurst St,,we deal with an operational problem. Shuttle buses are running between High Park Loop and College St at Bathurst St,2025-10-13T21:35:00-04:00,,506-Carlton,2025-10-13T21:36:00-04:00,2025-10-13T21:46:00-04:00,2025-10-13,21:35,America/Toronto,2025,TTCnotices5062025.txt,3733
506 Carlton Regular service has resumed between High Park Loop and College St at Bathurst St. Started Mon Oct 13 21:47 Until Mon Oct 13 22:02,route,,506,Carlton,Regular service has resumed between High Park Loop and College St at Bathurst St. Started Mon Oct 13 21:47 Until Mon Oct 13 22:02,service_resumed,resumed,,High Park Loop,College St at Bathurst St,,,2025-10-13T21:47:00-04:00,2025-10-13T22:02:00-04:00,506-Carlton,2025-10-13T21:48:00-04:00,2025-10-13T22:00:00-04:00,2025-10-13,21:47,America/Toronto,2025,TTCnotices5062025.txt,3736
"506 Carlton: Detour eastbound via Ossington Ave, Dundas St W and Bay St while we deal with an operational problem. Started Tue Oct 14 13:37",route,,506,Carlton,"Detour eastbound via Ossington Ave, Dundas St W and Bay St while we deal with an operational problem. Started Tue Oct 14 13:37",detour,disruption,eastbound,,,"Ossington Ave, Dundas St W and Bay St",we deal with an operational problem,2025-10-14T13:37:00-04:00,,506-Carlton,2025-10-14T13:38:00-04:00,2025-10-14T14:56:00-04:00,2025-10-14,13:37,America/Toronto,2025,TTCnotices5062025.txt,3739
506 Carlton Regular service has resumed eastbound near College St at Spadina Ave. Started Tue Oct 14 14:56 Until Tue Oct 14 15:11,route,,506,Carlton,Regular service has resumed eastbound near College St at Spadina Ave. Started Tue Oct 14 14:56 Until Tue Oct 14 15:11,service_resumed,resumed,eastbound,College St at Spadina Ave,,,,2025-10-14T14:56:00-04:00,2025-10-14T15:11:00-04:00,506-Carlton,2025-10-14T14:58:00-04:00,2025-10-14T15:12:00-04:00,2025-10-14,14:56,America/Toronto,2025,TTCnotices5062025.txt,3742
"506 Carlton: Detour eastbound via Church St, Dundas St E and Parliament St while we fix a mechanical problem. Started Tue Oct 14 16:33",route,,506,Carlton,"Detour eastbound via Church St, Dundas St E and Parliament St while we fix a mechanical problem. Started Tue Oct 14 16:33",detour,disruption,eastbound,,,"Church St, Dundas St E and Parliament St",we fix a mechanical problem,2025-10-14T16:33:00-04:00,,506-Carlton,2025-10-14T16:34:00-04:00,2025-10-14T16:42:00-04:00,2025-10-14,16:33,America/Toronto,2025,TTCnotices5062025.txt,3745
506 Carlton Regular service has resumed eastbound from Carlton St at Sherbourne St to Parliament St at Gerrard St East. Started Tue Oct 14 16:43 Until Tue Oct 14 16:58,route,,506,Carlton,Regular service has resumed eastbound from Carlton St at Sherbourne St to Parliament St at Gerrard St East. Started Tue Oct 14 16:43 Until Tue Oct 14 16:58,service_resumed,resumed,eastbound,Carlton St at Sherbourne St,Parliament St at Gerrard St East,,,2025-10-14T16:43:00-04:00,2025-10-14T16:58:00-04:00,506-Carlton,2025-10-14T16:44:00-04:00,2025-10-14T16:58:00-04:00,2025-10-14,16:43,America/Toronto,2025,TTCnotices5062025.txt,3748
"506 306 Temporary route change due to TCS Waterfront Marathon 506|306Carlton–Temporary route change due to TCS Waterfront Marathon October 19, 2025 - 06:00 AM to October 19, 2025 - 12:00 PM",other,,506,306,"Temporary route change due to TCS Waterfront Marathon 506|306Carlton–Temporary route change due to TCS Waterfront Marathon October 19, 2025 - 06:00 AM to October 19, 2025 - 12:00 PM",other,unknown,,,,,,2025-10-15T21:34:00-04:00,,506-Carlton,2025-10-15T21:34:00-04:00,2025-10-20T00:42:00-04:00,2025-10-15,21:34,America/Toronto,2025,TTCnotices5062025.txt,4635
506 Carlton: No service between Main Street Station and Coxwell Ave at Lower Gerrard St East due to a security incident. Started Fri Oct 17 20:02,route,,506,Carlton,No service between Main Street Station and Coxwell Ave at Lower Gerrard St East due to a security incident. Started Fri Oct 17 20:02,no_service,disruption,,Main Street Station,Coxwell Ave at Lower Gerrard St East,,a security incident,2025-10-17T20:02:00-04:00,,506-Carlton,2025-10-17T20:04:00-04:00,2025-10-17T20:32:00-04:00,2025-10-17,20:02,America/Toronto,2025,TTCnotices5062025.txt,3751
506 Carlton Regular service has resumed between Main Street Station and Coxwell Ave at Lower Gerrard St East. Started Fri Oct 17 20:32 Until Fri Oct 17 20:47,route,,506,Carlton,Regular service has resumed between Main Street Station and Coxwell Ave at Lower Gerrard St East. Started Fri Oct 17 20:32 Until Fri Oct 17 20:47,service_resumed,resumed,,Main Street Station,Coxwell Ave at Lower Gerrard St East,,,2025-10-17T20:32:00-04:00,2025-10-17T20:47:00-04:00,506-Carlton,2025-10-17T20:34:00-04:00,2025-10-17T20:48:00-04:00,2025-10-17,20:32,America/Toronto,2025,TTCnotices5062025.txt,3754
506 Carlton: No service between Main Street Station and Coxwell Ave at Lower Gerrard St East while we deal with a disruptive customer. Started Fri Oct 17 22:41,route,,506,Carlton,No service between Main Street Station and Coxwell Ave at Lower Gerrard St East while we deal with a disruptive customer. Started Fri Oct 17 22:41,no_service,disruption,,Main Street Station,Coxwell Ave at Lower Gerrard St East,,we deal with a disruptive customer,2025-10-17T22:41:00-04:00,,506-Carlton,2025-10-17T22:42:00-04:00,2025-10-17T22:48:00-04:00,2025-10-17,22:41,America/Toronto,2025,TTCnotices5062025.txt,3757
506 Carlton Regular service has resumed between Main Street Station and Coxwell Ave at Lower Gerrard St East. Started Fri Oct 17 22:48 Until Fri Oct 17 23:03,route,,506,Carlton,Regular service has resumed between Main Street Station and Coxwell Ave at Lower Gerrard St East. Started Fri Oct 17 22:48 Until Fri Oct 17 23:03,service_resumed,resumed,,Main Street Station,Coxwell Ave at Lower Gerrard St East,,,2025-10-17T22:48:00-04:00,2025-10-17T23:03:00-04:00,506-Carlton,2025-10-17T22:48:00-04:00,2025-10-17T23:02:00-04:00,2025-10-17,22:48,America/Toronto,2025,TTCnotices5062025.txt,3760
"Main Street: Elevator out of service between Main St entrance, concourse and Line 2 Kennedy platform. Started Sat Oct 18 3:52",accessibility,Main Street,,,"Elevator out of service between Main St entrance, concourse and Line 2 Kennedy platform. Started Sat Oct 18 3:52",elevator_out_of_service,disruption,,"Main St entrance, concourse",Line 2 Kennedy platform,,,2025-10-18T03:52:00-04:00,,506-Carlton,2025-10-18T03:54:00-04:00,2025-10-18T07:42:00-04:00,2025-10-18,03:52,America/Toronto,2025,TTCnotices5062025.txt,328
"Main Street: Elevator back in service between Main St entrance, concourse and Line 2 Kennedy platform. Started Sat Oct 18 7:43 Until Sat Oct 18 7:58",accessibility,Main Street,,,"Elevator back in service between Main St entrance, concourse and Line 2 Kennedy platform. Started Sat Oct 18 7:43 Until Sat Oct 18 7:58",elevator_back_in_service,resumed,,"Main St entrance, concourse",Line 2 Kennedy platform,,,2025-10-18T07:43:00-04:00,2025-10-18T07:58:00-04:00,506-Carlton,2025-10-18T07:44:00-04:00,2025-10-18T07:58:00-04:00,2025-10-18,07:43,America/Toronto,2025,TTCnotices5062025.txt,331
"506 Carlton: Detour via Spadina Ave, Dundas St W and Parliament St due to a collision. Started Sat Oct 18 18:06",route,,506,Carlton,"Detour via Spadina Ave, Dundas St W and Parliament St due to a collision. Started Sat Oct 18 18:06",detour,disruption,,,,"Spadina Ave, Dundas St W and Parliament St",a collision,2025-10-18T18:06:00-04:00,,506-Carlton,2025-10-18T18:08:00-04:00,2025-10-18T18:16:00-04:00,2025-10-18,18:06,America/Toronto,2025,TTCnotices5062025.txt,3763
"506 Carlton: Detour via Spadina Ave, Adelaide St W, Church St, Dundas St E and Broadview Ave due to a collision. Started Sat Oct 18 18:16",route,,506,Carlton,"Detour via Spadina Ave, Adelaide St W, Church St, Dundas St E and Broadview Ave due to a collision. Started Sat Oct 18 18:16",detour,disruption,,,,"Spadina Ave, Adelaide St W, Church St, Dundas St E and Broadview Ave",a collision,2025-10-18T18:16:00-04:00,,506-Carlton,2025-10-18T18:18:00-04:00,2025-10-18T18:20:00-04:00,2025-10-18,18:16,America/Toronto,2025,TTCnotices5062025.txt,3766
"506 Carlton: Detour via Spadina Ave, Dundas St E and Parliament St due to a collision. Started Sat Oct 18 18:21",route,,506,Carlton,"Detour via Spadina Ave, Dundas St E and Parliament St due to a collision. Started Sat Oct 18 18:21",detour,disruption,,,,"Spadina Ave, Dundas St E and Parliament St",a collision,2025-10-18T18:21:00-04:00,,506-Carlton,2025-10-18T18:22:00-04:00,2025-10-18T18:30:00-04:00,2025-10-18,18:21,America/Toronto,2025,TTCnotices5062025.txt,3769
"506 Carlton: Detour eastbound via Spadina Ave, Dundas St E and Parliament St due to a collision. Started Sat Oct 18 18:30",route,,506,Carlton,"Detour eastbound via Spadina Ave, Dundas St E and Parliament St due to a collision. Started Sat Oct 18 18:30",detour,disruption,eastbound,,,"Spadina Ave, Dundas St E and Parliament St",a collision,2025-10-18T18:30:00-04:00,,506-Carlton,2025-10-18T18:30:00-04:00,2025-10-18T18:33:00-04:00,2025-10-18,18:30,America/Toronto,2025,TTCnotices5062025.txt,3772
506 Carlton Regular service has resumed eastbound from High Park Loop to Main Street Station. Started Sat Oct 18 18:33 Until Sat Oct 18 18:48,route,,506,Carlton,Regular service has resumed eastbound from High Park Loop to Main Street Station. Started Sat Oct 18 18:33 Until Sat Oct 18 18:48,service_resumed,resumed,eastbound,High Park Loop,Main Street Station,,,2025-10-18T18:33:00-04:00,2025-10-18T18:48:00-04:00,506-Carlton,2025-10-18T18:34:00-04:00,2025-10-18T18:49:00-04:00,2025-10-18,18:33,America/Toronto,2025,TTCnotices5062025.txt,3775
506 Carlton: No service eastbound from Gerrard St East at Bowmore Rd to Main Street Station due to a collision. Started Sun Oct 19 0:05,route,,506,Carlton,No service eastbound from Gerrard St East at Bowmore Rd to Main Street Station due to a collision. Started Sun Oct 19 0:05,no_service,disruption,eastbound,Gerrard St East at Bowmore Rd,Main Street Station,,a collision,2025-10-19T00:05:00-04:00,,506-Carlton,2025-10-19T00:06:00-04:00,2025-10-19T00:32:00-04:00,2025-10-19,00:05,America/Toronto,2025,TTCnotices5062025.txt,3778
506 Carlton Regular service has resumed eastbound from Gerrard St East at Bowmore Rd to Main Street Station. Started Sun Oct 19 0:32 Until Sun Oct 19 0:47,route,,506,Carlton,Regular service has resumed eastbound from Gerrard St East at Bowmore Rd to Main Street Station. Started Sun Oct 19 0:32 Until Sun Oct 19 0:47,service_resumed,resumed,eastbound,Gerrard St East at Bowmore Rd,Main Street Station,,,2025-10-19T00:32:00-04:00,2025-10-19T00:47:00-04:00,506-Carlton,2025-10-19T00:34:00-04:00,2025-10-19T00:46:00-04:00,2025-10-19,00:32,America/Toronto,2025,TTCnotices5062025.txt,3781
Queen's Park: Elevator out of service between College St northeast entrance and concourse. Started Sun Oct 19 9:05,accessibility,Queen's Park,,,Elevator out of service between College St northeast entrance and concourse. Started Sun Oct 19 9:05,elevator_out_of_service,disruption,,College St northeast entrance,concourse,,,2025-10-19T09:05:00-04:00,,506-Carlton,2025-10-19T09:06:00-04:00,2025-10-19T10:50:00-04:00,2025-10-19,09:05,America/Toronto,2025,TTCnotices5062025.txt,334
Queen's Park: Elevator back in service between College St northeast entrance and concourse. Started Sun Oct 19 10:49 Until Sun Oct 19 11:04,accessibility,Queen's Park,,,Elevator back in service between College St northeast entrance and concourse. Started Sun Oct 19 10:49 Until Sun Oct 19 11:04,elevator_back_in_service,resumed,,College St northeast entrance,concourse,,,2025-10-19T10:49:00-04:00,2025-10-19T11:04:00-04:00,506-Carlton,2025-10-19T10:50:00-04:00,2025-10-19T11:04:00-04:00,2025-10-19,10:49,America/Toronto,2025,TTCnotices5062025.txt,337
"506 Carlton: Detour westbound via Broadview Ave, Dundas St E and Parliament St due to a collision. Started Sun Oct 19 14:51",route,,506,Carlton,"Detour westbound via Broadview Ave, Dundas St E and Parliament St due to a collision. Started Sun Oct 19 14:51",detour,disruption,westbound,,,"Broadview Ave, Dundas St E and Parliament St",a collision,2025-10-19T14:51:00-04:00,,506-Carlton,2025-10-19T14:52:00-04:00,2025-10-19T15:20:00-04:00,2025-10-19,14:51,America/Toronto,2025,TTCnotices5062025.txt,3784
506 Carlton Regular service has resumed westbound from Gerrard St East at Broadview Ave to Gerrard St East at Parliament St. Started Sun Oct 19 15:21 Until Sun Oct 19 15:36,route,,506,Carlton,Regular service has resumed westbound from Gerrard St East at Broadview Ave to Gerrard St East at Parliament St. Started Sun Oct 19 15:21 Until Sun Oct 19 15:36,service_resumed,resumed,westbound,Gerrard St East at Broadview Ave,Gerrard St East at Parliament St,,,2025-10-19T15:21:00-04:00,2025-10-19T15:36:00-04:00,506-Carlton,2025-10-19T15:22:00-04:00,2025-10-19T15:36:00-04:00,2025-10-19,15:21,America/Toronto,2025,TTCnotices5062025.txt,3787
"506 Carlton: Detour via Bathurst St, College St and Spadina Ave due to a blocked track. Started Sun Oct 19 16:35",route,,506,Carlton,"Detour via Bathurst St, College St and Spadina Ave due to a blocked track. Started Sun Oct 19 16:35",detour,disruption,,,,"Bathurst St, College St and Spadina Ave",a blocked track,2025-10-19T16:35:00-04:00,,506-Carlton,2025-10-19T16:36:00-04:00,2025-10-19T16:46:00-04:00,2025-10-19,16:35,America/Toronto,2025,TTCnotices5062025.txt,3790
"506 Carlton: Detour via Bathurst St, College St and Spadina Ave due to a blocked track. Started Sun Oct 19 16:46 Shuttles buses have been ordered.",route,,506,Carlton,"Detour via Bathurst St, College St and Spadina Ave due to a blocked track. Started Sun Oct 19 16:46 Shuttles buses have been ordered.",detour,disruption,,,,"Bathurst St, College St and Spadina Ave",a blocked track,2025-10-19T16:46:00-04:00,,506-Carlton,2025-10-19T16:48:00-04:00,2025-10-19T17:36:00-04:00,2025-10-19,16:46,America/Toronto,2025,TTCnotices5062025.txt,3793
506 Carlton Regular service has resumed between College St at Bathurst St and College St at Spadina Ave. Started Sun Oct 19 17:37 Until Sun Oct 19 17:52 Shuttles buses have been ordered.,route,,506,Carlton,Regular service has resumed between College St at Bathurst St and College St at Spadina Ave. Started Sun Oct 19 17:37 Until Sun Oct 19 17:52 Shuttles buses have been ordered.,service_resumed,resumed,,College St at Bathurst St,College St at Spadina Ave,,,2025-10-19T17:37:00-04:00,2025-10-19T17:52:00-04:00,506-Carlton,2025-10-19T17:38:00-04:00,2025-10-19T17:52:00-04:00,2025-10-19,17:37,America/Toronto,2025,TTCnotices5062025.txt,3797
506 Carlton: No service between Dundas St West at Bay St and Parliament St at Gerrard St East due to a collision. Started Tue Oct 21 20:56,route,,506,Carlton,No service between Dundas St West at Bay St and Parliament St at Gerrard St East due to a collision. Started Tue Oct 21 20:56,no_service,disruption,,Dundas St West at Bay St,Parliament St at Gerrard St East,,a collision,2025-10-21T20:56:00-04:00,,506-Carlton,2025-10-21T20:58:00-04:00,2025-10-21T20:58:00-04:00,2025-10-21,20:56,America/Toronto,2025,TTCnotices5062025.txt,3801
"506 Carlton: Detour via Spadina Ave, Queen St E, York St, Adelaide St E, Church St and Queen St E due to a collision. Started Tue Oct 21 20:58",route,,506,Carlton,"Detour via Spadina Ave, Queen St E, York St, Adelaide St E, Church St and Queen St E due to a collision. Started Tue Oct 21 20:58",detour,disruption,,,,"Spadina Ave, Queen St E, York St, Adelaide St E, Church St and Queen St E",a collision,2025-10-21T20:58:00-04:00,,506-Carlton,2025-10-21T21:00:00-04:00,2025-10-21T21:30:00-04:00,2025-10-21,20:58,America/Toronto,2025,TTCnotices5062025.txt,3804
506 Carlton Regular service has resumed between Dundas St West at Bay St and Parliament St at Gerrard St East. Started Tue Oct 21 21:31 Until Tue Oct 21 21:46,route,,506,Carlton,Regular service has resumed between Dundas St West at Bay St and Parliament St at Gerrard St East. Started Tue Oct 21 21:31 Until Tue Oct 21 21:46,service_resumed,resumed,,Dundas St West at Bay St,Parliament St at Gerrard St East,,,2025-10-21T21:31:00-04:00,2025-10-21T21:46:00-04:00,506-Carlton,2025-10-21T21:32:00-04:00,2025-10-21T21:46:00-04:00,2025-10-21,21:31,America/Toronto,2025,TTCnotices5062025.txt,3807
Queen's Park: Elevator out of service between College St northeast entrance and concourse. Started Wed Oct 22 8:32,accessibility,Queen's Park,,,Elevator out of service between College St northeast entrance and concourse. Started Wed Oct 22 8:32,elevator_out_of_service,disruption,,College St northeast entrance,concourse,,,2025-10-22T08:32:00-04:00,,506-Carlton,2025-10-22T08:34:00-04:00,2025-10-22T10:14:00-04:00,2025-10-22,08:32,America/Toronto,2025,TTCnotices5062025.txt,340
Queen's Park: Elevator back in service between College St northeast entrance and concourse. Started Wed Oct 22 10:14 Until Wed Oct 22 10:29,accessibility,Queen's Park,,,Elevator back in service between College St northeast entrance and concourse. Started Wed Oct 22 10:14 Until Wed Oct 22 10:29,elevator_back_in_service,resumed,,College St northeast entrance,concourse,,,2025-10-22T10:14:00-04:00,2025-10-22T10:29:00-04:00,506-Carlton,2025-10-22T10:14:00-04:00,2025-10-22T10:28:00-04:00,2025-10-22,10:14,America/Toronto,2025,TTCnotices5062025.txt,343
Main Street: Elevator out of service between concourse and Line 2 Kipling platform. Started Wed Oct 22 18:14,accessibility,Main Street,,,Elevator out of service between concourse and Line 2 Kipling platform. Started Wed Oct 22 18:14,elevator_out_of_service,disruption,,concourse,Line 2 Kipling platform,,,2025-10-22T18:14:00-04:00,,506-Carlton,2025-10-22T18:14:00-04:00,2025-10-22T21:08:00-04:00,2025-10-22,18:14,America/Toronto,2025,TTCnotices5062025.txt,346
Main Street: Elevator back in service between concourse and Line 2 Kipling platform. Started Wed Oct 22 21:08 Until Wed Oct 22 21:23,accessibility,Main Street,,,Elevator back in service between concourse and Line 2 Kipling platform. Started Wed Oct 22 21:08 Until Wed Oct 22 21:23,elevator_back_in_service,resumed,,concourse,Line 2 Kipling platform,,,2025-10-22T21:08:00-04:00,2025-10-22T21:23:00-04:00,506-Carlton,2025-10-22T21:10:00-04:00,2025-10-22T21:22:00-04:00,2025-10-22,21:08,America/Toronto,2025,TTCnotices5062025.txt,349
506 Carlton: No service between High Park Loop and Dundas St West at Howard Park Ave while we respond to a medical emergency. Started Thu Oct 23 0:27,route,,506,Carlton,No service between High Park Loop and Dundas St West at Howard Park Ave while we respond to a medical emergency. Started Thu Oct 23 0:27,no_service,disruption,,High Park Loop,Dundas St West at Howard Park Ave,,we respond to a medical emergency,2025-10-23T00:27:00-04:00,,,,,2025-10-23,00:27,America/Toronto,2025,TTCnotices5062025.txt,3810
506 Carlton service has been extended to Dundas West Station.,other,,506,Carlton,service has been extended to Dundas West Station.,other,unknown,,,,,,2025-10-23T00:28:00-04:00,,506-Carlton,2025-10-23T00:28:00-04:00,2025-10-23T00:36:00-04:00,2025-10-23,00:28,America/Toronto,2025,TTCnotices5062025.txt,3811
506 Carlton Regular service has resumed between High Park Loop and Dundas St West at Howard Park Ave. Started Thu Oct 23 0:37 Until Thu Oct 23 0:52,route,,506,Carlton,Regular service has resumed between High Park Loop and Dundas St West at Howard Park Ave. Started Thu Oct 23 0:37 Until Thu Oct 23 0:52,service_resumed,resumed,,High Park Loop,Dundas St West at Howard Park Ave,,,2025-10-23T00:37:00-04:00,2025-10-23T00:52:00-04:00,,,,2025-10-23,00:37,America/Toronto,2025,TTCnotices5062025.txt,3814
506 Carlton service has been extended to Dundas West Station.,other,,506,Carlton,service has been extended to Dundas West Station.,other,unknown,,,,,,2025-10-23T00:38:00-04:00,,506-Carlton,2025-10-23T00:38:00-04:00,2025-10-23T00:52:00-04:00,2025-10-23,00:38,America/Toronto,2025,TTCnotices5062025.txt,3815
506 Carlton: No service between Main Street Station and Coxwell Ave at Lower Gerrard St East while we deal with an operational problem. Started Fri Oct 24 5:11,route,,506,Carlton,No service between Main Street Station and Coxwell Ave at Lower Gerrard St East while we deal with an operational problem. Started Fri Oct 24 5:11,no_service,disruption,,Main Street Station,Coxwell Ave at Lower Gerrard St East,,we deal with an operational problem,2025-10-24T05:11:00-04:00,,506-Carlton,2025-10-24T05:12:00-04:00,2025-10-24T05:22:00-04:00,2025-10-24,05:11,America/Toronto,2025,TTCnotices5062025.txt,3818
506 Carlton: No service between Main Street Station and Coxwell Ave at Lower Gerrard St East while we deal with an operational problem. Started Fri Oct 24 5:11,route,,506,Carlton,No service between Main Street Station and Coxwell Ave at Lower Gerrard St East while we deal with an operational problem. Started Fri Oct 24 5:11,no_service,disruption,,Main Street Station,Coxwell Ave at Lower Gerrard St East,,we deal with an operational problem,2025-10-24T05:11:00-04:00,,506-Carlton,2025-10-24T05:24:00-04:00,2025-10-24T05:36:00-04:00,2025-10-24,05:11,America/Toronto,2025,TTCnotices5062025.txt,3824
506 Carlton Regular service has resumed between Main Street Station and Coxwell Ave at Lower Gerrard St East. Started Fri Oct 24 5:23 Until Fri Oct 24 5:38,route,,506,Carlton,Regular service has resumed between Main Street Station and Coxwell Ave at Lower Gerrard St East. Started Fri Oct 24 5:23 Until Fri Oct 24 5:38,service_resumed,resumed,,Main Street Station,Coxwell Ave at Lower Gerrard St East,,,2025-10-24T05:23:00-04:00,2025-10-24T05:38:00-04:00,506-Carlton,2025-10-24T05:24:00-04:00,2025-10-24T05:36:00-04:00,2025-10-24,05:23,America/Toronto,2025,TTCnotices5062025.txt,3821
506 Carlton Regular service has resumed between Main Street Station and Coxwell Ave at Lower Gerrard St East. Started Fri Oct 24 5:36 Until Fri Oct 24 5:51,route,,506,Carlton,Regular service has resumed between Main Street Station and Coxwell Ave at Lower Gerrard St East. Started Fri Oct 24 5:36 Until Fri Oct 24 5:51,service_resumed,resumed,,Main Street Station,Coxwell Ave at Lower Gerrard St East,,,2025-10-24T05:36:00-04:00,2025-10-24T05:51:00-04:00,506-Carlton,2025-10-24T05:38:00-04:00,2025-10-24T05:52:00-04:00,2025-10-24,05:36,America/Toronto,2025,TTCnotices5062025.txt,3827
"506 Carlton: Detour eastbound via Broadview Ave, Queen St E and Coxwell Ave due to a security incident. Started Fri Oct 24 10:44",route,,506,Carlton,"Detour eastbound via Broadview Ave, Queen St E and Coxwell Ave due to a security incident. Started Fri Oct 24 10:44",detour,disruption,eastbound,,,"Broadview Ave, Queen St E and Coxwell Ave",a security incident,2025-10-24T10:44:00-04:00,,506-Carlton,2025-10-24T10:46:00-04:00,2025-10-24T11:02:00-04:00,2025-10-24,10:44,America/Toronto,2025,TTCnotices5062025.txt,3830
506 Carlton Regular service has resumed eastbound from Gerrard St East at Logan Ave to Gerrard St East at Coxwell Ave. Started Fri Oct 24 11:02 Until Fri Oct 24 11:17,route,,506,Carlton,Regular service has resumed eastbound from Gerrard St East at Logan Ave to Gerrard St East at Coxwell Ave. Started Fri Oct 24 11:02 Until Fri Oct 24 11:17,service_resumed,resumed,eastbound,Gerrard St East at Logan Ave,Gerrard St East at Coxwell Ave,,,2025-10-24T11:02:00-04:00,2025-10-24T11:17:00-04:00,506-Carlton,2025-10-24T11:02:00-04:00,2025-10-24T11:16:00-04:00,2025-10-24,11:02,America/Toronto,2025,TTCnotices5062025.txt,3833
506 Carlton: Detour via Dundas St E and Parliament St due to a demonstration. Started Fri Oct 24 11:23,route,,506,Carlton,Detour via Dundas St E and Parliament St due to a demonstration. Started Fri Oct 24 11:23,detour,disruption,,,,Dundas St E and Parliament St,a demonstration,2025-10-24T11:23:00-04:00,,506-Carlton,2025-10-24T11:24:00-04:00,2025-10-24T11:56:00-04:00,2025-10-24,11:23,America/Toronto,2025,TTCnotices5062025.txt,3836
"506 306 Temporary route change due to streetcar infrastructure work 506|306–Temporary route change due to streetcar infrastructure work October 24, 2025 - 11:00 PM to October 27, 2025 - 04:00 AM",other,,506,306,"Temporary route change due to streetcar infrastructure work 506|306–Temporary route change due to streetcar infrastructure work October 24, 2025 - 11:00 PM to October 27, 2025 - 04:00 AM",other,unknown,,,,,,2025-10-24T11:50:00-04:00,,506-Carlton,2025-10-24T11:50:00-04:00,2025-10-27T04:50:00-04:00,2025-10-24,11:50,America/Toronto,2025,TTCnotices5062025.txt,4640
506 Carlton Regular service has resumed between College St at Bay St and Carlton St at Parliament St. Started Fri Oct 24 11:56 Until Fri Oct 24 12:11,route,,506,Carlton,Regular service has resumed between College St at Bay St and Carlton St at Parliament St. Started Fri Oct 24 11:56 Until Fri Oct 24 12:11,service_resumed,resumed,,College St at Bay St,Carlton St at Parliament St,,,2025-10-24T11:56:00-04:00,2025-10-24T12:11:00-04:00,506-Carlton,2025-10-24T11:58:00-04:00,2025-10-24T12:10:00-04:00,2025-10-24,11:56,America/Toronto,2025,TTCnotices5062025.txt,3839
"506 Carlton: Detour westbound via Parliament St, Dundas St E and Spadina Ave while we respond to a medical emergency. Started Fri Oct 24 16:52",route,,506,Carlton,"Detour westbound via Parliament St, Dundas St E and Spadina Ave while we respond to a medical emergency. Started Fri Oct 24 16:52",detour,disruption,westbound,,,"Parliament St, Dundas St E and Spadina Ave",we respond to a medical emergency,2025-10-24T16:52:00-04:00,,506-Carlton,2025-10-24T16:54:00-04:00,2025-10-24T17:40:00-04:00,2025-10-24,16:52,America/Toronto,2025,TTCnotices5062025.txt,3842
506 Carlton Regular service has resumed westbound from Gerrard St East at Parliament St to Bay St at Dundas St West. Started Fri Oct 24 17:40 Until Fri Oct 24 17:55,route,,506,Carlton,Regular service has resumed westbound from Gerrard St East at Parliament St to Bay St at Dundas St West. Started Fri Oct 24 17:40 Until Fri Oct 24 17:55,service_resumed,resumed,westbound,Gerrard St East at Parliament St,Bay St at Dundas St West,,,2025-10-24T17:40:00-04:00,2025-10-24T17:55:00-04:00,506-Carlton,2025-10-24T17:42:00-04:00,2025-10-24T17:56:00-04:00,2025-10-24,17:40,America/Toronto,2025,TTCnotices5062025.txt,3845
"506 Carlton: Detour westbound via Coxwell Ave, Queen St E, Broadview Ave and Gerrard St E due to a security incident. Started Fri Oct 24 20:05",route,,506,Carlton,"Detour westbound via Coxwell Ave, Queen St E, Broadview Ave and Gerrard St E due to a security incident. Started Fri Oct 24 20:05",detour,disruption,westbound,,,"Coxwell Ave, Queen St E, Broadview Ave and Gerrard St E",a security incident,2025-10-24T20:05:00-04:00,,506-Carlton,2025-10-24T20:06:00-04:00,2025-10-24T20:10:00-04:00,2025-10-24,20:05,America/Toronto,2025,TTCnotices5062025.txt,3848
506 Carlton Regular service has resumed westbound from Gerrard St East at Leslie St to Gerrard St East at Broadview Ave. Started Fri Oct 24 20:10 Until Fri Oct 24 20:25,route,,506,Carlton,Regular service has resumed westbound from Gerrard St East at Leslie St to Gerrard St East at Broadview Ave. Started Fri Oct 24 20:10 Until Fri Oct 24 20:25,service_resumed,resumed,westbound,Gerrard St East at Leslie St,Gerrard St East at Broadview Ave,,,2025-10-24T20:10:00-04:00,2025-10-24T20:25:00-04:00,506-Carlton,2025-10-24T20:12:00-04:00,2025-10-24T20:24:00-04:00,2025-10-24,20:10,America/Toronto,2025,TTCnotices5062025.txt,3851
"506 Carlton: Detour eastbound via Broadview Ave, Dundas St E and Carlton St due to construction. Started Sat Oct 25 2:53",route,,506,Carlton,"Detour eastbound via Broadview Ave, Dundas St E and Carlton St due to construction. Started Sat Oct 25 2:53",detour,disruption,eastbound,,,"Broadview Ave, Dundas St E and Carlton St",construction,2025-10-25T02:53:00-04:00,,506-Carlton,2025-10-25T02:54:00-04:00,2025-10-25T03:42:00-04:00,2025-10-25,02:53,America/Toronto,2025,TTCnotices5062025.txt,3854
506 Carlton Regular service has resumed eastbound from Gerrard St East at Logan Ave to Gerrard St East at Carlaw Ave. Started Sat Oct 25 3:43 Until Sat Oct 25 3:58,route,,506,Carlton,Regular service has resumed eastbound from Gerrard St East at Logan Ave to Gerrard St East at Carlaw Ave. Started Sat Oct 25 3:43 Until Sat Oct 25 3:58,service_resumed,resumed,eastbound,Gerrard St East at Logan Ave,Gerrard St East at Carlaw Ave,,,2025-10-25T03:43:00-04:00,2025-10-25T03:58:00-04:00,506-Carlton,2025-10-25T03:44:00-04:00,2025-10-25T03:58:00-04:00,2025-10-25,03:43,America/Toronto,2025,TTCnotices5062025.txt,3857
"506 Carlton: Detour eastbound via Church St, Dundas St E and Broadview Ave while we fix a mechanical problem. Started Sun Oct 26 22:55",route,,506,Carlton,"Detour eastbound via Church St, Dundas St E and Broadview Ave while we fix a mechanical problem. Started Sun Oct 26 22:55",detour,disruption,eastbound,,,"Church St, Dundas St E and Broadview Ave",we fix a mechanical problem,2025-10-26T22:55:00-04:00,,506-Carlton,2025-10-26T22:56:00-04:00,2025-10-26T23:32:00-04:00,2025-10-26,22:55,America/Toronto,2025,TTCnotices5062025.txt,3860
506 Carlton Regular service has resumed eastbound from Parliament St at Gerrard St East to Gerrard St East at River St. Started Sun Oct 26 23:33 Until Sun Oct 26 23:48,route,,506,Carlton,Regular service has resumed eastbound from Parliament St at Gerrard St East to Gerrard St East at River St. Started Sun Oct 26 23:33 Until Sun Oct 26 23:48,service_resumed,resumed,eastbound,Parliament St at Gerrard St East,Gerrard St East at River St,,,2025-10-26T23:33:00-04:00,2025-10-26T23:48:00-04:00,506-Carlton,2025-10-26T23:34:00-04:00,2025-10-26T23:48:00-04:00,2025-10-26,23:33,America/Toronto,2025,TTCnotices5062025.txt,3863
506 Carlton: No service between High Park Loop and College St at Lansdowne Ave while we respond to a medical emergency. Started Sun Oct 26 23:46,route,,506,Carlton,No service between High Park Loop and College St at Lansdowne Ave while we respond to a medical emergency. Started Sun Oct 26 23:46,no_service,disruption,,High Park Loop,College St at Lansdowne Ave,,we respond to a medical emergency,2025-10-26T23:46:00-04:00,,506-Carlton,2025-10-26T23:46:00-04:00,2025-10-27T00:04:00-04:00,2025-10-26,23:46,America/Toronto,2025,TTCnotices5062025.txt,3866
506 Carlton Regular service has resumed between High Park Loop and College St at Lansdowne Ave. Started Mon Oct 27 0:05 Until Mon Oct 27 0:20,route,,506,Carlton,Regular service has resumed between High Park Loop and College St at Lansdowne Ave. Started Mon Oct 27 0:05 Until Mon Oct 27 0:20,service_resumed,resumed,,High Park Loop,College St at Lansdowne Ave,,,2025-10-27T00:05:00-04:00,2025-10-27T00:20:00-04:00,506-Carlton,2025-10-27T00:06:00-04:00,2025-10-27T00:20:00-04:00,2025-10-27,00:05,America/Toronto,2025,TTCnotices5062025.txt,3869
"506 Carlton: Detour westbound via Parliament St, Dundas St E and Spadina Ave due to a blocked track. Started Mon Oct 27 22:09",route,,506,Carlton,"Detour westbound via Parliament St, Dundas St E and Spadina Ave due to a blocked track. Started Mon Oct 27 22:09",detour,disruption,westbound,,,"Parliament St, Dundas St E and Spadina Ave",a blocked track,2025-10-27T22:09:00-04:00,,506-Carlton,2025-10-27T22:10:00-04:00,2025-10-27T22:18:00-04:00,2025-10-27,22:09,America/Toronto,2025,TTCnotices5062025.txt,3872
"506 Carlton: Detour westbound via Parliament St, Dundas St E and Spadina Ave due to a blocked track. Started Mon Oct 27 22:09",route,,506,Carlton,"Detour westbound via Parliament St, Dundas St E and Spadina Ave due to a blocked track. Started Mon Oct 27 22:09",detour,disruption,westbound,,,"Parliament St, Dundas St E and Spadina Ave",a blocked track,2025-10-27T22:09:00-04:00,,506-Carlton,2025-10-27T22:20:00-04:00,2025-10-27T22:23:00-04:00,2025-10-27,22:09,America/Toronto,2025,TTCnotices5062025.txt,3875
506 Carlton Regular service has resumed westbound from Gerrard St East at Parliament St to College St at Spadina Ave. Started Mon Oct 27 22:23 Until Mon Oct 27 22:38,route,,506,Carlton,Regular service has resumed westbound from Gerrard St East at Parliament St to College St at Spadina Ave. Started Mon Oct 27 22:23 Until Mon Oct 27 22:38,service_resumed,resumed,westbound,Gerrard St East at Parliament St,College St at Spadina Ave,,,2025-10-27T22:23:00-04:00,2025-10-27T22:38:00-04:00,506-Carlton,2025-10-27T22:24:00-04:00,2025-10-27T22:38:00-04:00,2025-10-27,22:23,America/Toronto,2025,TTCnotices5062025.txt,3878
506 Carlton: Delays between College St at Spadina Ave and College St at Lansdowne Ave due to a traffic light problem. Started Tue Oct 28 10:38,route,,506,Carlton,Delays between College St at Spadina Ave and College St at Lansdowne Ave due to a traffic light problem. Started Tue Oct 28 10:38,delay,disruption,,College St at Spadina Ave,College St at Lansdowne Ave,,a traffic light problem,2025-10-28T10:38:00-04:00,,506-Carlton,2025-10-28T10:40:00-04:00,2025-10-28T16:34:00-04:00,2025-10-28,10:38,America/Toronto,2025,TTCnotices5062025.txt,3881
506 Carlton: No service westbound from College St at Lansdowne Ave to High Park Loop due to a collision. Started Tue Oct 28 11:22,route,,506,Carlton,No service westbound from College St at Lansdowne Ave to High Park Loop due to a collision. Started Tue Oct 28 11:22,no_service,disruption,westbound,College St at Lansdowne Ave,High Park Loop,,a collision,2025-10-28T11:22:00-04:00,,506-Carlton,2025-10-28T11:24:00-04:00,2025-10-28T12:24:00-04:00,2025-10-28,11:22,America/Toronto,2025,TTCnotices5062025.txt,3884
506 Carlton Regular service has resumed westbound from College St at Lansdowne Ave to High Park Loop. Started Tue Oct 28 12:24 Until Tue Oct 28 12:39,route,,506,Carlton,Regular service has resumed westbound from College St at Lansdowne Ave to High Park Loop. Started Tue Oct 28 12:24 Until Tue Oct 28 12:39,service_resumed,resumed,westbound,College St at Lansdowne Ave,High Park Loop,,,2025-10-28T12:24:00-04:00,2025-10-28T12:39:00-04:00,506-Carlton,2025-10-28T12:24:00-04:00,2025-10-28T12:38:00-04:00,2025-10-28,12:24,America/Toronto,2025,TTCnotices5062025.txt,3887
506 Carlton Regular service has resumed between College St at Spadina Ave and College St at Lansdowne Ave. Started Tue Oct 28 16:34 Until Tue Oct 28 16:49,route,,506,Carlton,Regular service has resumed between College St at Spadina Ave and College St at Lansdowne Ave. Started Tue Oct 28 16:34 Until Tue Oct 28 16:49,service_resumed,resumed,,College St at Spadina Ave,College St at Lansdowne Ave,,,2025-10-28T16:34:00-04:00,2025-10-28T16:49:00-04:00,506-Carlton,2025-10-28T16:36:00-04:00,2025-10-28T16:50:00-04:00,2025-10-28,16:34,America/Toronto,2025,TTCnotices5062025.txt,3890
506 Carlton: Detour westbound via Parliament St and Dundas St W due to a collision. Started Tue Oct 28 17:23,route,,506,Carlton,Detour westbound via Parliament St and Dundas St W due to a collision. Started Tue Oct 28 17:23,detour,disruption,westbound,,,Parliament St and Dundas St W,a collision,2025-10-28T17:23:00-04:00,,506-Carlton,2025-10-28T17:24:00-04:00,2025-10-28T18:22:00-04:00,2025-10-28,17:23,America/Toronto,2025,TTCnotices5062025.txt,3893
506 Carlton Regular service has resumed westbound near Carlton St at Church St. Started Tue Oct 28 18:23 Until Tue Oct 28 18:38,route,,506,Carlton,Regular service has resumed westbound near Carlton St at Church St. Started Tue Oct 28 18:23 Until Tue Oct 28 18:38,service_resumed,resumed,westbound,Carlton St at Church St,,,,2025-10-28T18:23:00-04:00,2025-10-28T18:38:00-04:00,506-Carlton,2025-10-28T18:24:00-04:00,2025-10-28T18:38:00-04:00,2025-10-28,18:23,America/Toronto,2025,TTCnotices5062025.txt,3896
Queen's Park: Elevator out of service between College St northeast entrance and concourse. Started Wed Oct 29 20:06,accessibility,Queen's Park,,,Elevator out of service between College St northeast entrance and concourse. Started Wed Oct 29 20:06,elevator_out_of_service,disruption,,College St northeast entrance,concourse,,,2025-10-29T20:06:00-04:00,,506-Carlton,2025-10-29T20:06:00-04:00,2025-10-29T21:12:00-04:00,2025-10-29,20:06,America/Toronto,2025,TTCnotices5062025.txt,352
Queen's Park: Elevator back in service between College St northeast entrance and concourse. Started Wed Oct 29 21:12 Until Wed Oct 29 21:27,accessibility,Queen's Park,,,Elevator back in service between College St northeast entrance and concourse. Started Wed Oct 29 21:12 Until Wed Oct 29 21:27,elevator_back_in_service,resumed,,College St northeast entrance,concourse,,,2025-10-29T21:12:00-04:00,2025-10-29T21:27:00-04:00,506-Carlton,2025-10-29T21:14:00-04:00,2025-10-29T21:28:00-04:00,2025-10-29,21:12,America/Toronto,2025,TTCnotices5062025.txt,355
St Patrick: Elevator out of service between concourse and Line 1 platform. Started Thu Oct 30 8:58,accessibility,St Patrick,,,Elevator out of service between concourse and Line 1 platform. Started Thu Oct 30 8:58,elevator_out_of_service,disruption,,concourse,Line 1 platform,,,2025-10-30T08:58:00-04:00,,506-Carlton,2025-10-30T08:58:00-04:00,2025-10-30T10:38:00-04:00,2025-10-30,08:58,America/Toronto,2025,TTCnotices5062025.txt,358
St Patrick: Elevator back in service between concourse and Line 1 platform. Started Thu Oct 30 10:39 Until Thu Oct 30 10:54,accessibility,St Patrick,,,Elevator back in service between concourse and Line 1 platform. Started Thu Oct 30 10:39 Until Thu Oct 30 10:54,elevator_back_in_service,resumed,,concourse,Line 1 platform,,,2025-10-30T10:39:00-04:00,2025-10-30T10:54:00-04:00,506-Carlton,2025-10-30T10:40:00-04:00,2025-10-30T10:54:00-04:00,2025-10-30,10:39,America/Toronto,2025,TTCnotices5062025.txt,361
"506 306 Temporary route change due to streetcar infrastructure work 506|306–Temporary route change due to streetcar infrastructure work October 31, 2025 - 11:00 PM to November 3, 2025 - 04:00 AM",other,,506,306,"Temporary route change due to streetcar infrastructure work 506|306–Temporary route change due to streetcar infrastructure work October 31, 2025 - 11:00 PM to November 3, 2025 - 04:00 AM",other,unknown,,,,,,2025-10-31T00:56:00-04:00,,506-Carlton,2025-10-31T00:56:00-04:00,2025-11-02T00:58:00-04:00,2025-10-31,00:56,America/Toronto,2025,TTCnotices5062025.txt,4645
"506 Carlton: Detour westbound via Parliament St, Queen St E, Church St, Richmond St E, York St, Queen St W and Spadina Ave due to a collision. Started Fri Oct 31 23:38",route,,506,Carlton,"Detour westbound via Parliament St, Queen St E, Church St, Richmond St E, York St, Queen St W and Spadina Ave due to a collision. Started Fri Oct 31 23:38",detour,disruption,westbound,,,"Parliament St, Queen St E, Church St, Richmond St E, York St, Queen St W and Spadina Ave",a collision,2025-10-31T23:38:00-04:00,,506-Carlton,2025-10-31T23:38:00-04:00,2025-11-01T00:38:00-04:00,2025-10-31,23:38,America/Toronto,2025,TTCnotices5062025.txt,3900
506 Carlton Regular service has resumed westbound near Gerrard St East at Parliament St. Started Sat Nov 1 0:37 Until Sat Nov 1 0:52,route,,506,Carlton,Regular service has resumed westbound near Gerrard St East at Parliament St. Started Sat Nov 1 0:37 Until Sat Nov 1 0:52,service_resumed,resumed,westbound,Gerrard St East at Parliament St,,,,2025-11-01T00:37:00-04:00,2025-11-01T00:52:00-04:00,506-Carlton,2025-11-01T00:38:00-04:00,2025-11-01T00:52:00-04:00,2025-11-01,00:37,America/Toronto,2025,TTCnotices5062025.txt,3903
506 Carlton: No service between Main Street Station and Gerrard St East at Coxwell Ave due to a security incident. Started Sat Nov 1 0:53,route,,506,Carlton,No service between Main Street Station and Gerrard St East at Coxwell Ave due to a security incident. Started Sat Nov 1 0:53,no_service,disruption,,Main Street Station,Gerrard St East at Coxwell Ave,,a security incident,2025-11-01T00:53:00-04:00,,506-Carlton,2025-11-01T00:54:00-04:00,2025-11-01T01:46:00-04:00,2025-11-01,00:53,America/Toronto,2025,TTCnotices5062025.txt,3906
506 Carlton Regular service has resumed between Main Street Station and Gerrard St East at Coxwell Ave. Started Sat Nov 1 1:46 Until Sat Nov 1 2:01,route,,506,Carlton,Regular service has resumed between Main Street Station and Gerrard St East at Coxwell Ave. Started Sat Nov 1 1:46 Until Sat Nov 1 2:01,service_resumed,resumed,,Main Street Station,Gerrard St East at Coxwell Ave,,,2025-11-01T01:46:00-04:00,2025-11-01T02:01:00-04:00,506-Carlton,2025-11-01T01:48:00-04:00,2025-11-01T02:02:00-04:00,2025-11-01,01:46,America/Toronto,2025,TTCnotices5062025.txt,3909
"506 306 Temporary route change due to streetcar infrastructure work 506|306–Temporary route change due to streetcar infrastructure work November 7, 2025 to November 9, 2025",other,,506,306,"Temporary route change due to streetcar infrastructure work 506|306–Temporary route change due to streetcar infrastructure work November 7, 2025 to November 9, 2025",other,unknown,,,,,,2025-11-02T00:58:00-04:00,,506-Carlton,2025-11-02T00:58:00-04:00,2025-11-10T04:08:00-05:00,2025-11-02,00:58,America/Toronto,2025,TTCnotices5062025.txt,4650
"506 Carlton: Detour westbound via Parliament St, Dundas St W and Church St due to a security incident. Started Mon Nov 3 0:09",route,,506,Carlton,"Detour westbound via Parliament St, Dundas St W and Church St due to a security incident. Started Mon Nov 3 0:09",detour,disruption,westbound,,,"Parliament St, Dundas St W and Church St",a security incident,2025-11-03T00:09:00-05:00,,506-Carlton,2025-11-03T00:10:00-05:00,2025-11-03T00:18:00-05:00,2025-11-03,00:09,America/Toronto,2025,TTCnotices5062025.txt,3912
506 Carlton Regular service has resumed westbound from Gerrard St East at Parliament St to Carlton St at Church St. Started Mon Nov 3 0:18 Until Mon Nov 3 0:33,route,,506,Carlton,Regular service has resumed westbound from Gerrard St East at Parliament St to Carlton St at Church St. Started Mon Nov 3 0:18 Until Mon Nov 3 0:33,service_resumed,resumed,westbound,Gerrard St East at Parliament St,Carlton St at Church St,,,2025-11-03T00:18:00-05:00,2025-11-03T00:33:00-05:00,506-Carlton,2025-11-03T00:18:00-05:00,2025-11-03T00:32:00-05:00,2025-11-03,00:18,America/Toronto,2025,TTCnotices5062025.txt,3915
"506 Carlton: Detour westbound via Parliament St, Dundas St E, Church St, Richmond St W, York St, Queen St W and Spadina Ave while we deal with an operational problem. Started Mon Nov 3 9:24",route,,506,Carlton,"Detour westbound via Parliament St, Dundas St E, Church St, Richmond St W, York St, Queen St W and Spadina Ave while we deal with an operational problem. Started Mon Nov 3 9:24",detour,disruption,westbound,,,"Parliament St, Dundas St E, Church St, Richmond St W, York St, Queen St W and Spadina Ave",we deal with an operational problem,2025-11-03T09:24:00-05:00,,506-Carlton,2025-11-03T09:26:00-05:00,2025-11-03T09:36:00-05:00,2025-11-03,09:24,America/Toronto,2025,TTCnotices5062025.txt,3918
506 Carlton Regular service has resumed westbound from Gerrard St East at Parliament St to Dundas St West at Spadina Ave. Started Mon Nov 3 9:35 Until Mon Nov 3 9:50,route,,506,Carlton,Regular service has resumed westbound from Gerrard St East at Parliament St to Dundas St West at Spadina Ave. Started Mon Nov 3 9:35 Until Mon Nov 3 9:50,service_resumed,resumed,westbound,Gerrard St East at Parliament St,Dundas St West at Spadina Ave,,,2025-11-03T09:35:00-05:00,2025-11-03T09:50:00-05:00,506-Carlton,2025-11-03T09:36:00-05:00,2025-11-03T09:50:00-05:00,2025-11-03,09:35,America/Toronto,2025,TTCnotices5062025.txt,3921
"506 Carlton: Detour via Broadview Ave, Queen St E and Coxwell Ave due to a fire. Started Tue Nov 4 10:03",route,,506,Carlton,"Detour via Broadview Ave, Queen St E and Coxwell Ave due to a fire. Started Tue Nov 4 10:03",detour,disruption,,,,"Broadview Ave, Queen St E and Coxwell Ave",a fire,2025-11-04T10:03:00-05:00,,506-Carlton,2025-11-04T10:04:00-05:00,2025-11-04T10:24:00-05:00,2025-11-04,10:03,America/Toronto,2025,TTCnotices5062025.txt,3924
506 Carlton Regular service has resumed between Gerrard St East at Broadview Ave and Gerrard St East at Coxwell Ave. Started Tue Nov 4 10:24 Until Tue Nov 4 10:39,route,,506,Carlton,Regular service has resumed between Gerrard St East at Broadview Ave and Gerrard St East at Coxwell Ave. Started Tue Nov 4 10:24 Until Tue Nov 4 10:39,service_resumed,resumed,,Gerrard St East at Broadview Ave,Gerrard St East at Coxwell Ave,,,2025-11-04T10:24:00-05:00,2025-11-04T10:39:00-05:00,506-Carlton,2025-11-04T10:24:00-05:00,2025-11-04T10:38:00-05:00,2025-11-04,10:24,America/Toronto,2025,TTCnotices5062025.txt,3927
"506 Carlton: Detour via Church St, Dundas St E and Broadview Ave due to a collision. Started Wed Nov 5 16:07",route,,506,Carlton,"Detour via Church St, Dundas St E and Broadview Ave due to a collision. Started Wed Nov 5 16:07",detour,disruption,,,,"Church St, Dundas St E and Broadview Ave",a collision,2025-11-05T16:07:00-05:00,,506-Carlton,2025-11-05T16:08:00-05:00,2025-11-05T16:26:00-05:00,2025-11-05,16:07,America/Toronto,2025,TTCnotices5062025.txt,3930
"506 Carlton: Detour eastbound via Church St, Dundas St E and Broadview Ave due to a collision. Started Wed Nov 5 16:26",route,,506,Carlton,"Detour eastbound via Church St, Dundas St E and Broadview Ave due to a collision. Started Wed Nov 5 16:26",detour,disruption,eastbound,,,"Church St, Dundas St E and Broadview Ave",a collision,2025-11-05T16:26:00-05:00,,506-Carlton,2025-11-05T16:28:00-05:00,2025-11-05T19:16:00-05:00,2025-11-05,16:26,America/Toronto,2025,TTCnotices5062025.txt,3936
"506 Carlton: Detour westbound via Broadview Ave, Dundas St E and Parliament St due to a collision. Started Wed Nov 5 16:27",route,,506,Carlton,"Detour westbound via Broadview Ave, Dundas St E and Parliament St due to a collision. Started Wed Nov 5 16:27",detour,disruption,westbound,,,"Broadview Ave, Dundas St E and Parliament St",a collision,2025-11-05T16:27:00-05:00,,506-Carlton,2025-11-05T16:28:00-05:00,2025-11-05T19:16:00-05:00,2025-11-05,16:27,America/Toronto,2025,TTCnotices5062025.txt,3933
506 Carlton Regular service has resumed westbound from Gerrard St East at Broadview Ave to Gerrard St East at Parliament St. Started Wed Nov 5 19:15 Until Wed Nov 5 19:30,route,,506,Carlton,Regular service has resumed westbound from Gerrard St East at Broadview Ave to Gerrard St East at Parliament St. Started Wed Nov 5 19:15 Until Wed Nov 5 19:30,service_resumed,resumed,westbound,Gerrard St East at Broadview Ave,Gerrard St East at Parliament St,,,2025-11-05T19:15:00-05:00,2025-11-05T19:30:00-05:00,506-Carlton,2025-11-05T19:16:00-05:00,2025-11-05T19:30:00-05:00,2025-11-05,19:15,America/Toronto,2025,TTCnotices5062025.txt,3942
506 Carlton Regular service has resumed eastbound from Carlton St at Church St to Gerrard St East at Broadview Ave. Started Wed Nov 5 19:16 Until Wed Nov 5 19:31,route,,506,Carlton,Regular service has resumed eastbound from Carlton St at Church St to Gerrard St East at Broadview Ave. Started Wed Nov 5 19:16 Until Wed Nov 5 19:31,service_resumed,resumed,eastbound,Carlton St at Church St,Gerrard St East at Broadview Ave,,,2025-11-05T19:16:00-05:00,2025-11-05T19:31:00-05:00,506-Carlton,2025-11-05T19:16:00-05:00,2025-11-05T19:30:00-05:00,2025-11-05,19:16,America/Toronto,2025,TTCnotices5062025.txt,3939
506 Carlton: No service between Gerrard St East at Coxwell Ave and Gerrard St East at Broadview Ave while we deal with an operational problem. Started Wed Nov 5 23:27,route,,506,Carlton,No service between Gerrard St East at Coxwell Ave and Gerrard St East at Broadview Ave while we deal with an operational problem. Started Wed Nov 5 23:27,no_service,disruption,,Gerrard St East at Coxwell Ave,Gerrard St East at Broadview Ave,,we deal with an operational problem,2025-11-05T23:27:00-05:00,,506-Carlton,2025-11-05T23:28:00-05:00,2025-11-05T23:48:00-05:00,2025-11-05,23:27,America/Toronto,2025,TTCnotices5062025.txt,3945
506 Carlton Regular service has resumed between Gerrard St East at Coxwell Ave and Gerrard St East at Broadview Ave. Started Wed Nov 5 23:49 Until Thu Nov 6 0:04,route,,506,Carlton,Regular service has resumed between Gerrard St East at Coxwell Ave and Gerrard St East at Broadview Ave. Started Wed Nov 5 23:49 Until Thu Nov 6 0:04,service_resumed,resumed,,Gerrard St East at Coxwell Ave,Gerrard St East at Broadview Ave,,,2025-11-05T23:49:00-05:00,2025-11-06T00:04:00-05:00,506-Carlton,2025-11-05T23:50:00-05:00,2025-11-06T00:02:00-05:00,2025-11-05,23:49,America/Toronto,2025,TTCnotices5062025.txt,3948
506 Carlton: No service between High Park Loop and College St at Lansdowne Ave while we respond to a medical emergency. Started Thu Nov 6 5:06,route,,506,Carlton,No service between High Park Loop and College St at Lansdowne Ave while we respond to a medical emergency. Started Thu Nov 6 5:06,no_service,disruption,,High Park Loop,College St at Lansdowne Ave,,we respond to a medical emergency,2025-11-06T05:06:00-05:00,,506-Carlton,2025-11-06T05:08:00-05:00,2025-11-06T05:12:00-05:00,2025-11-06,05:06,America/Toronto,2025,TTCnotices5062025.txt,3951
506 Carlton: No service near High Park Loop while we respond to a medical emergency. Started Thu Nov 6 5:12,route,,506,Carlton,No service near High Park Loop while we respond to a medical emergency. Started Thu Nov 6 5:12,no_service,disruption,,High Park Loop,,,we respond to a medical emergency,2025-11-06T05:12:00-05:00,,506-Carlton,2025-11-06T05:14:00-05:00,2025-11-06T05:30:00-05:00,2025-11-06,05:12,America/Toronto,2025,TTCnotices5062025.txt,3954
506 Carlton Regular service has resumed near High Park Loop. Started Thu Nov 6 5:29 Until Thu Nov 6 5:44,route,,506,Carlton,Regular service has resumed near High Park Loop. Started Thu Nov 6 5:29 Until Thu Nov 6 5:44,service_resumed,resumed,,High Park Loop,,,,2025-11-06T05:29:00-05:00,2025-11-06T05:44:00-05:00,506-Carlton,2025-11-06T05:30:00-05:00,2025-11-06T05:44:00-05:00,2025-11-06,05:29,America/Toronto,2025,TTCnotices5062025.txt,3957
"506 Carlton: Detour westbound via Parliament St, Dundas St E and Spadina Ave while we respond to a medical emergency. Started Thu Nov 6 23:01",route,,506,Carlton,"Detour westbound via Parliament St, Dundas St E and Spadina Ave while we respond to a medical emergency. Started Thu Nov 6 23:01",detour,disruption,westbound,,,"Parliament St, Dundas St E and Spadina Ave",we respond to a medical emergency,2025-11-06T23:01:00-05:00,,506-Carlton,2025-11-06T23:02:00-05:00,2025-11-06T23:10:00-05:00,2025-11-06,23:01,America/Toronto,2025,TTCnotices5062025.txt,3960
506 Carlton Regular service has resumed westbound near College St at Bay St. Started Thu Nov 6 23:11 Until Thu Nov 6 23:26,route,,506,Carlton,Regular service has resumed westbound near College St at Bay St. Started Thu Nov 6 23:11 Until Thu Nov 6 23:26,service_resumed,resumed,westbound,College St at Bay St,,,,2025-11-06T23:11:00-05:00,2025-11-06T23:26:00-05:00,506-Carlton,2025-11-06T23:12:00-05:00,2025-11-06T23:26:00-05:00,2025-11-06,23:11,America/Toronto,2025,TTCnotices5062025.txt,3963
"506 Carlton: Detour westbound via Spadina Ave, College St and Bathurst St while we respond to a medical emergency. Started Fri Nov 7 7:44",route,,506,Carlton,"Detour westbound via Spadina Ave, College St and Bathurst St while we respond to a medical emergency. Started Fri Nov 7 7:44",detour,disruption,westbound,,,"Spadina Ave, College St and Bathurst St",we respond to a medical emergency,2025-11-07T07:44:00-05:00,,506-Carlton,2025-11-07T07:46:00-05:00,2025-11-07T08:12:00-05:00,2025-11-07,07:44,America/Toronto,2025,TTCnotices5062025.txt,3966
506 Carlton Regular service has resumed westbound from Dundas St West at Spadina Ave to Spadina Ave at Nassau St. Started Fri Nov 7 8:13 Until Fri Nov 7 8:28,route,,506,Carlton,Regular service has resumed westbound from Dundas St West at Spadina Ave to Spadina Ave at Nassau St. Started Fri Nov 7 8:13 Until Fri Nov 7 8:28,service_resumed,resumed,westbound,Dundas St West at Spadina Ave,Spadina Ave at Nassau St,,,2025-11-07T08:13:00-05:00,2025-11-07T08:28:00-05:00,506-Carlton,2025-11-07T08:14:00-05:00,2025-11-07T08:28:00-05:00,2025-11-07,08:13,America/Toronto,2025,TTCnotices5062025.txt,3969
506 Carlton: No service between Main Street Station and Coxwell Ave at Lower Gerrard St East due to a collision. Started Fri Nov 7 15:27,route,,506,Carlton,No service between Main Street Station and Coxwell Ave at Lower Gerrard St East due to a collision. Started Fri Nov 7 15:27,no_service,disruption,,Main Street Station,Coxwell Ave at Lower Gerrard St East,,a collision,2025-11-07T15:27:00-05:00,,506-Carlton,2025-11-07T15:28:00-05:00,2025-11-07T16:10:00-05:00,2025-11-07,15:27,America/Toronto,2025,TTCnotices5062025.txt,3972
506 Carlton Regular service has resumed between Main Street Station and Coxwell Ave at Lower Gerrard St East. Started Fri Nov 7 16:11 Until Fri Nov 7 16:26,route,,506,Carlton,Regular service has resumed between Main Street Station and Coxwell Ave at Lower Gerrard St East. Started Fri Nov 7 16:11 Until Fri Nov 7 16:26,service_resumed,resumed,,Main Street Station,Coxwell Ave at Lower Gerrard St East,,,2025-11-07T16:11:00-05:00,2025-11-07T16:26:00-05:00,506-Carlton,2025-11-07T16:12:00-05:00,2025-11-07T16:26:00-05:00,2025-11-07,16:11,America/Toronto,2025,TTCnotices5062025.txt,3975
506 Carlton: No service between High Park Loop and College St at Lansdowne Ave while we complete maintenance work. Shuttle buses are running between High Park Loop and College St at Lansdowne Ave. Started Sat Nov 8 2:36,route,,506,Carlton,No service between High Park Loop and College St at Lansdowne Ave while we complete maintenance work. Shuttle buses are running between High Park Loop and College St at Lansdowne Ave. Started Sat Nov 8 2:36,no_service,disruption,,High Park Loop,College St at Lansdowne Ave,,we complete maintenance work. Shuttle buses are running between High Park Loop and College St at Lansdowne Ave,2025-11-08T02:36:00-05:00,,506-Carlton,2025-11-08T02:36:00-05:00,2025-11-08T03:04:00-05:00,2025-11-08,02:36,America/Toronto,2025,TTCnotices5062025.txt,3978
506 Carlton Regular service has resumed between High Park Loop and College St at Lansdowne Ave. Started Sat Nov 8 3:05 Until Sat Nov 8 3:20,route,,506,Carlton,Regular service has resumed between High Park Loop and College St at Lansdowne Ave. Started Sat Nov 8 3:05 Until Sat Nov 8 3:20,service_resumed,resumed,,High Park Loop,College St at Lansdowne Ave,,,2025-11-08T03:05:00-05:00,2025-11-08T03:20:00-05:00,506-Carlton,2025-11-08T03:06:00-05:00,2025-11-08T03:20:00-05:00,2025-11-08,03:05,America/Toronto,2025,TTCnotices5062025.txt,3981
"506 Carlton: Detour eastbound via Church St, Dundas St E and Broadview Ave due to a collision. Started Mon Nov 10 7:17",route,,506,Carlton,"Detour eastbound via Church St, Dundas St E and Broadview Ave due to a collision. Started Mon Nov 10 7:17",detour,disruption,eastbound,,,"Church St, Dundas St E and Broadview Ave",a collision,2025-11-10T07:17:00-05:00,,506-Carlton,2025-11-10T07:18:00-05:00,2025-11-10T07:26:00-05:00,2025-11-10,07:17,America/Toronto,2025,TTCnotices5062025.txt,3984
506 Carlton Regular service has resumed eastbound from Carlton St at Church St to Gerrard St East at Broadview Ave. Started Mon Nov 10 7:26 Until Mon Nov 10 7:41,route,,506,Carlton,Regular service has resumed eastbound from Carlton St at Church St to Gerrard St East at Broadview Ave. Started Mon Nov 10 7:26 Until Mon Nov 10 7:41,service_resumed,resumed,eastbound,Carlton St at Church St,Gerrard St East at Broadview Ave,,,2025-11-10T07:26:00-05:00,2025-11-10T07:41:00-05:00,506-Carlton,2025-11-10T07:28:00-05:00,2025-11-10T07:42:00-05:00,2025-11-10,07:26,America/Toronto,2025,TTCnotices5062025.txt,3987
Wellesley: Elevator out of service between Wellesley St entrance to Line 1 Finch platform. Started Mon Nov 10 16:35,accessibility,Wellesley,,,Elevator out of service between Wellesley St entrance to Line 1 Finch platform. Started Mon Nov 10 16:35,elevator_out_of_service,disruption,,,,,,2025-11-10T16:35:00-05:00,,506-Carlton,2025-11-10T16:36:00-05:00,2025-11-10T17:30:00-05:00,2025-11-10,16:35,America/Toronto,2025,TTCnotices5062025.txt,364
Wellesley: Elevator back in service between Wellesley St entrance to Line 1 Finch platform. Started Mon Nov 10 17:30 Until Mon Nov 10 17:45,accessibility,Wellesley,,,Elevator back in service between Wellesley St entrance to Line 1 Finch platform. Started Mon Nov 10 17:30 Until Mon Nov 10 17:45,elevator_back_in_service,resumed,,,,,,2025-11-10T17:30:00-05:00,2025-11-10T17:45:00-05:00,506-Carlton,2025-11-10T17:30:00-05:00,2025-11-10T17:44:00-05:00,2025-11-10,17:30,America/Toronto,2025,TTCnotices5062025.txt,367
506 Carlton: Detour eastbound via Ossington Ave and Dundas St W due to a blocked track. Started Mon Nov 10 18:31,route,,506,Carlton,Detour eastbound via Ossington Ave and Dundas St W due to a blocked track. Started Mon Nov 10 18:31,detour,disruption,eastbound,,,Ossington Ave and Dundas St W,a blocked track,2025-11-10T18:31:00-05:00,,506-Carlton,2025-11-10T18:32:00-05:00,2025-11-10T18:36:00-05:00,2025-11-10,18:31,America/Toronto,2025,TTCnotices5062025.txt,3990
506 Carlton Regular service has resumed eastbound from College St at Ossington Ave to Dundas St West at Beverley St. Started Mon Nov 10 18:36 Until Mon Nov 10 18:51,route,,506,Carlton,Regular service has resumed eastbound from College St at Ossington Ave to Dundas St West at Beverley St. Started Mon Nov 10 18:36 Until Mon Nov 10 18:51,service_resumed,resumed,eastbound,College St at Ossington Ave,Dundas St West at Beverley St,,,2025-11-10T18:36:00-05:00,2025-11-10T18:51:00-05:00,506-Carlton,2025-11-10T18:38:00-05:00,2025-11-10T18:50:00-05:00,2025-11-10,18:36,America/Toronto,2025,TTCnotices5062025.txt,3993
506 Carlton: No service between High Park Loop and College St at Lansdowne Ave while we respond to a medical emergency. Started Mon Nov 10 21:32,route,,506,Carlton,No service between High Park Loop and College St at Lansdowne Ave while we respond to a medical emergency. Started Mon Nov 10 21:32,no_service,disruption,,High Park Loop,College St at Lansdowne Ave,,we respond to a medical emergency,2025-11-10T21:32:00-05:00,,506-Carlton,2025-11-10T21:34:00-05:00,2025-11-10T22:00:00-05:00,2025-11-10,21:32,America/Toronto,2025,TTCnotices5062025.txt,3996
506 Carlton Regular service has resumed between High Park Loop and College St at Lansdowne Ave. Started Mon Nov 10 22:00 Until Mon Nov 10 22:15,route,,506,Carlton,Regular service has resumed between High Park Loop and College St at Lansdowne Ave. Started Mon Nov 10 22:00 Until Mon Nov 10 22:15,service_resumed,resumed,,High Park Loop,College St at Lansdowne Ave,,,2025-11-10T22:00:00-05:00,2025-11-10T22:15:00-05:00,506-Carlton,2025-11-10T22:02:00-05:00,2025-11-10T22:16:00-05:00,2025-11-10,22:00,America/Toronto,2025,TTCnotices5062025.txt,3999
"506 Carlton: Detour westbound via Coxwell Ave, Queen St E and Parliament St while we respond to a medical emergency. Started Wed Nov 12 18:27",route,,506,Carlton,"Detour westbound via Coxwell Ave, Queen St E and Parliament St while we respond to a medical emergency. Started Wed Nov 12 18:27",detour,disruption,westbound,,,"Coxwell Ave, Queen St E and Parliament St",we respond to a medical emergency,2025-11-12T18:27:00-05:00,,506-Carlton,2025-11-12T18:28:00-05:00,2025-11-12T18:50:00-05:00,2025-11-12,18:27,America/Toronto,2025,TTCnotices5062025.txt,4002
506 Carlton Regular service has resumed westbound from Gerrard St East at Pape Ave to Carlton St at Ontario St. Started Wed Nov 12 18:50 Until Wed Nov 12 19:05,route,,506,Carlton,Regular service has resumed westbound from Gerrard St East at Pape Ave to Carlton St at Ontario St. Started Wed Nov 12 18:50 Until Wed Nov 12 19:05,service_resumed,resumed,westbound,Gerrard St East at Pape Ave,Carlton St at Ontario St,,,2025-11-12T18:50:00-05:00,2025-11-12T19:05:00-05:00,506-Carlton,2025-11-12T18:52:00-05:00,2025-11-12T19:06:00-05:00,2025-11-12,18:50,America/Toronto,2025,TTCnotices5062025.txt,4005
506 Carlton: No service between High Park Loop and College St at Lansdowne Ave while we respond to a medical emergency. Started Thu Nov 13 1:37,route,,506,Carlton,No service between High Park Loop and College St at Lansdowne Ave while we respond to a medical emergency. Started Thu Nov 13 1:37,no_service,disruption,,High Park Loop,College St at Lansdowne Ave,,we respond to a medical emergency,2025-11-13T01:37:00-05:00,,506-Carlton,2025-11-13T01:38:00-05:00,2025-11-13T02:00:00-05:00,2025-11-13,01:37,America/Toronto,2025,TTCnotices5062025.txt,4008
506 Carlton Regular service has resumed between High Park Loop and College St at Lansdowne Ave. Started Thu Nov 13 2:01 Until Thu Nov 13 2:16,route,,506,Carlton,Regular service has resumed between High Park Loop and College St at Lansdowne Ave. Started Thu Nov 13 2:01 Until Thu Nov 13 2:16,service_resumed,resumed,,High Park Loop,College St at Lansdowne Ave,,,2025-11-13T02:01:00-05:00,2025-11-13T02:16:00-05:00,506-Carlton,2025-11-13T02:02:00-05:00,2025-11-13T02:16:00-05:00,2025-11-13,02:01,America/Toronto,2025,TTCnotices5062025.txt,4011
506 Carlton: No service between High Park Loop and College St at Lansdowne Ave due to a collision. Started Fri Nov 14 13:50 Customers can utilize 505 Dundas service to get closer to High Park Station.,route,,506,Carlton,No service between High Park Loop and College St at Lansdowne Ave due to a collision. Started Fri Nov 14 13:50 Customers can utilize 505 Dundas service to get closer to High Park Station.,no_service,disruption,,High Park Loop,College St at Lansdowne Ave,,a collision,2025-11-14T13:50:00-05:00,,506-Carlton,2025-11-14T13:52:00-05:00,2025-11-14T14:28:00-05:00,2025-11-14,13:50,America/Toronto,2025,TTCnotices5062025.txt,4014
506 Carlton Regular service has resumed between High Park Loop and College St at Lansdowne Ave. Started Fri Nov 14 14:27 Until Fri Nov 14 14:42 Customers can utilize 505 Dundas service to get closer to High Park Station.,route,,506,Carlton,Regular service has resumed between High Park Loop and College St at Lansdowne Ave. Started Fri Nov 14 14:27 Until Fri Nov 14 14:42 Customers can utilize 505 Dundas service to get closer to High Park Station.,service_resumed,resumed,,High Park Loop,College St at Lansdowne Ave,,,2025-11-14T14:27:00-05:00,2025-11-14T14:42:00-05:00,506-Carlton,2025-11-14T14:28:00-05:00,2025-11-14T14:42:00-05:00,2025-11-14,14:27,America/Toronto,2025,TTCnotices5062025.txt,4018
"506 306 Route change due to TTC streetcar infrastructure work 506|306–Route change due to TTC streetcar infrastructure work at Carlton Street and Parliament and Gerrard Street East between Coxwell Avenue and Main Street Station. November 17, 2025 - 09:00 AM to November 30, 2025 - 04:00 AM",other,,506,306,"Route change due to TTC streetcar infrastructure work 506|306–Route change due to TTC streetcar infrastructure work at Carlton Street and Parliament and Gerrard Street East between Coxwell Avenue and Main Street Station. November 17, 2025 - 09:00 AM to November 30, 2025 - 04:00 AM",other,unknown,,Coxwell Avenue,"Main Street Station. November 17, 2025 - 09:00 AM to November 30, 2025 - 04:00 AM",,,2025-11-14T18:16:00-05:00,,506-Carlton,2025-11-14T18:16:00-05:00,2025-11-17T14:16:00-05:00,2025-11-14,18:16,America/Toronto,2025,TTCnotices5062025.txt,4655
"166 Toryork - Introducing new service changes November 17, 2025",other,,166,Toryork,"- Introducing new service changes November 17, 2025",other,unknown,,,,,,2025-11-15T17:16:00-05:00,,,2025-11-15T17:16:00-05:00,2025-12-20T00:48:00-05:00,2025-11-15,17:16,America/Toronto,2025,TTCnotices5062025.txt,4661
"386 Scarborough - Introducing new service changes November 16, 2025",other,,386,Scarborough,"- Introducing new service changes November 16, 2025",other,unknown,,,,,,2025-11-15T17:16:00-05:00,,,2025-11-15T17:16:00-05:00,2025-12-20T00:48:00-05:00,2025-11-15,17:16,America/Toronto,2025,TTCnotices5062025.txt,4665
"506 Carlton: Detour via Bay St, Dundas St W and Ossington Ave due to police activity. Started Sun Nov 16 1:13 Shuttle buses ordered.",route,,506,Carlton,"Detour via Bay St, Dundas St W and Ossington Ave due to police activity. Started Sun Nov 16 1:13 Shuttle buses ordered.",detour,disruption,,,,"Bay St, Dundas St W and Ossington Ave",police activity,2025-11-16T01:13:00-05:00,,506-Carlton,2025-11-16T01:14:00-05:00,2025-11-16T01:14:00-05:00,2025-11-16,01:13,America/Toronto,2025,TTCnotices5062025.txt,4022
506 Carlton Regular service has resumed near College St at Borden St. Started Sun Nov 16 1:15 Until Sun Nov 16 1:30 Shuttle buses ordered.,route,,506,Carlton,Regular service has resumed near College St at Borden St. Started Sun Nov 16 1:15 Until Sun Nov 16 1:30 Shuttle buses ordered.,service_resumed,resumed,,College St at Borden St,,,,2025-11-16T01:15:00-05:00,2025-11-16T01:30:00-05:00,506-Carlton,2025-11-16T01:16:00-05:00,2025-11-16T01:30:00-05:00,2025-11-16,01:15,America/Toronto,2025,TTCnotices5062025.txt,4026
"506 Carlton: Detour eastbound via Spadina Ave, Adelaide St W, Church St, Queen St W and Parliament St due to a collision. Started Sun Nov 16 19:39",route,,506,Carlton,"Detour eastbound via Spadina Ave, Adelaide St W, Church St, Queen St W and Parliament St due to a collision. Started Sun Nov 16 19:39",detour,disruption,eastbound,,,"Spadina Ave, Adelaide St W, Church St, Queen St W and Parliament St",a collision,2025-11-16T19:39:00-05:00,,506-Carlton,2025-11-16T19:40:00-05:00,2025-11-16T19:54:00-05:00,2025-11-16,19:39,America/Toronto,2025,TTCnotices5062025.txt,4030
506 Carlton Regular service has resumed eastbound near College St at Spadina Ave. Started Sun Nov 16 19:54 Until Sun Nov 16 20:09,route,,506,Carlton,Regular service has resumed eastbound near College St at Spadina Ave. Started Sun Nov 16 19:54 Until Sun Nov 16 20:09,service_resumed,resumed,eastbound,College St at Spadina Ave,,,,2025-11-16T19:54:00-05:00,2025-11-16T20:09:00-05:00,506-Carlton,2025-11-16T19:56:00-05:00,2025-11-16T20:08:00-05:00,2025-11-16,19:54,America/Toronto,2025,TTCnotices5062025.txt,4033
"Main Street: Elevator out of service between Main St entrance, concourse and Line 2 Kennedy platform. Started Mon Nov 17 2:56",accessibility,Main Street,,,"Elevator out of service between Main St entrance, concourse and Line 2 Kennedy platform. Started Mon Nov 17 2:56",elevator_out_of_service,disruption,,"Main St entrance, concourse",Line 2 Kennedy platform,,,2025-11-17T02:56:00-05:00,,506-Carlton,2025-11-17T02:58:00-05:00,2025-11-17T06:36:00-05:00,2025-11-17,02:56,America/Toronto,2025,TTCnotices5062025.txt,370
Queen's Park: Elevator out of service between College St northeast entrance and concourse. Started Mon Nov 17 5:38,accessibility,Queen's Park,,,Elevator out of service between College St northeast entrance and concourse. Started Mon Nov 17 5:38,elevator_out_of_service,disruption,,College St northeast entrance,concourse,,,2025-11-17T05:38:00-05:00,,506-Carlton,2025-11-17T05:40:00-05:00,2025-11-17T12:00:00-05:00,2025-11-17,05:38,America/Toronto,2025,TTCnotices5062025.txt,373
"Main Street: Elevator back in service between Main St entrance, concourse and Line 2 Kennedy platform. Started Mon Nov 17 6:36 Until Mon Nov 17 6:51",accessibility,Main Street,,,"Elevator back in service between Main St entrance, concourse and Line 2 Kennedy platform. Started Mon Nov 17 6:36 Until Mon Nov 17 6:51",elevator_back_in_service,resumed,,"Main St entrance, concourse",Line 2 Kennedy platform,,,2025-11-17T06:36:00-05:00,2025-11-17T06:51:00-05:00,506-Carlton,2025-11-17T06:38:00-05:00,2025-11-17T06:50:00-05:00,2025-11-17,06:36,America/Toronto,2025,TTCnotices5062025.txt,376
Main Street: Elevator out of service between concourse and Line 2 Kipling platform. Started Mon Nov 17 9:10,accessibility,Main Street,,,Elevator out of service between concourse and Line 2 Kipling platform. Started Mon Nov 17 9:10,elevator_out_of_service,disruption,,concourse,Line 2 Kipling platform,,,2025-11-17T09:10:00-05:00,,506-Carlton,2025-11-17T09:10:00-05:00,2025-11-17T14:38:00-05:00,2025-11-17,09:10,America/Toronto,2025,TTCnotices5062025.txt,379
"506 306 Route change due to TTC streetcar infrastructure work 506|306–Route change due to TTC streetcar infrastructure work at Carlton Street and Parliament Street and Gerrard Street East between Coxwell Avenue and Main Street Station. November 17, 2025 - 09:00 AM to November 30, 2025 - 04:00 AM",other,,506,306,"Route change due to TTC streetcar infrastructure work 506|306–Route change due to TTC streetcar infrastructure work at Carlton Street and Parliament Street and Gerrard Street East between Coxwell Avenue and Main Street Station. November 17, 2025 - 09:00 AM to November 30, 2025 - 04:00 AM",other,unknown,,Coxwell Avenue,"Main Street Station. November 17, 2025 - 09:00 AM to November 30, 2025 - 04:00 AM",,,2025-11-17T14:18:00-05:00,,506-Carlton,2025-11-17T14:18:00-05:00,2025-11-25T16:24:00-05:00,2025-11-17,14:18,America/Toronto,2025,TTCnotices5062025.txt,4668
Main Street: Elevator back in service between concourse and Line 2 Kipling platform. Started Mon Nov 17 14:38 Until Mon Nov 17 14:53,accessibility,Main Street,,,Elevator back in service between concourse and Line 2 Kipling platform. Started Mon Nov 17 14:38 Until Mon Nov 17 14:53,elevator_back_in_service,resumed,,concourse,Line 2 Kipling platform,,,2025-11-17T14:38:00-05:00,2025-11-17T14:53:00-05:00,506-Carlton,2025-11-17T14:40:00-05:00,2025-11-17T14:54:00-05:00,2025-11-17,14:38,America/Toronto,2025,TTCnotices5062025.txt,382
506 Carlton: No service between Gerrard St East at Main St and Main Street Station at Bay 7 while we deal with a disruptive customer. Started Tue Nov 18 23:05,route,,506,Carlton,No service between Gerrard St East at Main St and Main Street Station at Bay 7 while we deal with a disruptive customer. Started Tue Nov 18 23:05,no_service,disruption,,Gerrard St East at Main St,Main Street Station at Bay 7,,we deal with a disruptive customer,2025-11-18T23:05:00-05:00,,506-Carlton,2025-11-18T23:06:00-05:00,2025-11-18T23:17:00-05:00,2025-11-18,23:05,America/Toronto,2025,TTCnotices5062025.txt,4036
506 Carlton Regular service has resumed between Gerrard St East at Main St and Main Street Station at Bay 7. Started Tue Nov 18 23:16 Until Tue Nov 18 23:31,route,,506,Carlton,Regular service has resumed between Gerrard St East at Main St and Main Street Station at Bay 7. Started Tue Nov 18 23:16 Until Tue Nov 18 23:31,service_resumed,resumed,,Gerrard St East at Main St,Main Street Station at Bay 7,,,2025-11-18T23:16:00-05:00,2025-11-18T23:31:00-05:00,506-Carlton,2025-11-18T23:18:00-05:00,2025-11-18T23:31:00-05:00,2025-11-18,23:16,America/Toronto,2025,TTCnotices5062025.txt,4039
506 Carlton: Detour westbound via Dundas St W and Ossington Ave while we fix a mechanical problem. Started Tue Nov 18 23:46,route,,506,Carlton,Detour westbound via Dundas St W and Ossington Ave while we fix a mechanical problem. Started Tue Nov 18 23:46,detour,disruption,westbound,,,Dundas St W and Ossington Ave,we fix a mechanical problem,2025-11-18T23:46:00-05:00,,506-Carlton,2025-11-18T23:48:00-05:00,2025-11-18T23:54:00-05:00,2025-11-18,23:46,America/Toronto,2025,TTCnotices5062025.txt,4042
506 Carlton Regular service has resumed westbound from College St at Spadina Ave to Dundas St West at Sorauren Ave. Started Tue Nov 18 23:54 Until Wed Nov 19 0:09,route,,506,Carlton,Regular service has resumed westbound from College St at Spadina Ave to Dundas St West at Sorauren Ave. Started Tue Nov 18 23:54 Until Wed Nov 19 0:09,service_resumed,resumed,westbound,College St at Spadina Ave,Dundas St West at Sorauren Ave,,,2025-11-18T23:54:00-05:00,2025-11-19T00:09:00-05:00,506-Carlton,2025-11-18T23:56:00-05:00,2025-11-19T00:08:00-05:00,2025-11-18,23:54,America/Toronto,2025,TTCnotices5062025.txt,4045
"506 Carlton: Detour eastbound via Spadina Ave, Queen St W and Broadview Ave while we fix a mechanical problem. Started Wed Nov 19 3:10",route,,506,Carlton,"Detour eastbound via Spadina Ave, Queen St W and Broadview Ave while we fix a mechanical problem. Started Wed Nov 19 3:10",detour,disruption,eastbound,,,"Spadina Ave, Queen St W and Broadview Ave",we fix a mechanical problem,2025-11-19T03:10:00-05:00,,506-Carlton,2025-11-19T03:12:00-05:00,2025-11-19T05:10:00-05:00,2025-11-19,03:10,America/Toronto,2025,TTCnotices5062025.txt,4048
"506 Carlton: Detour westbound via Broadview Ave, Dundas St E and Church St while we deal with a disruptive customer. Started Wed Nov 19 3:19",route,,506,Carlton,"Detour westbound via Broadview Ave, Dundas St E and Church St while we deal with a disruptive customer. Started Wed Nov 19 3:19",detour,disruption,westbound,,,"Broadview Ave, Dundas St E and Church St",we deal with a disruptive customer,2025-11-19T03:19:00-05:00,,506-Carlton,2025-11-19T03:20:00-05:00,2025-11-19T03:34:00-05:00,2025-11-19,03:19,America/Toronto,2025,TTCnotices5062025.txt,4051
506 Carlton Regular service has resumed westbound from Gerrard St East at Sackville St to Bay St at Gerrard St West. Started Wed Nov 19 3:35 Until Wed Nov 19 3:50,route,,506,Carlton,Regular service has resumed westbound from Gerrard St East at Sackville St to Bay St at Gerrard St West. Started Wed Nov 19 3:35 Until Wed Nov 19 3:50,service_resumed,resumed,westbound,Gerrard St East at Sackville St,Bay St at Gerrard St West,,,2025-11-19T03:35:00-05:00,2025-11-19T03:50:00-05:00,506-Carlton,2025-11-19T03:36:00-05:00,2025-11-19T03:50:00-05:00,2025-11-19,03:35,America/Toronto,2025,TTCnotices5062025.txt,4054
506 Carlton Regular service has resumed eastbound from Carlton St at Parliament St to Gerrard St East at Marjory Ave. Started Wed Nov 19 5:09 Until Wed Nov 19 5:24,route,,506,Carlton,Regular service has resumed eastbound from Carlton St at Parliament St to Gerrard St East at Marjory Ave. Started Wed Nov 19 5:09 Until Wed Nov 19 5:24,service_resumed,resumed,eastbound,Carlton St at Parliament St,Gerrard St East at Marjory Ave,,,2025-11-19T05:09:00-05:00,2025-11-19T05:24:00-05:00,506-Carlton,2025-11-19T05:10:00-05:00,2025-11-19T05:24:00-05:00,2025-11-19,05:09,America/Toronto,2025,TTCnotices5062025.txt,4057
"506 Carlton: Detour via Parliament St, Dundas St E and Spadina Ave while we complete track work. Started Wed Nov 19 10:18",route,,506,Carlton,"Detour via Parliament St, Dundas St E and Spadina Ave while we complete track work. Started Wed Nov 19 10:18",detour,disruption,,,,"Parliament St, Dundas St E and Spadina Ave",we complete track work,2025-11-19T10:18:00-05:00,,506-Carlton,2025-11-19T10:20:00-05:00,2025-11-19T11:44:00-05:00,2025-11-19,10:18,America/Toronto,2025,TTCnotices5062025.txt,4060
506 Carlton: Delays between Main Street Station at Bay 7 and High Park Loop due to construction. Started Wed Nov 19 15:54 Shuttle buses operating between Broadview and Main Station as well as between Spadina and Lansdowne Customers can expect delays of 20- 30 minutes.,route,,506,Carlton,Delays between Main Street Station at Bay 7 and High Park Loop due to construction. Started Wed Nov 19 15:54 Shuttle buses operating between Broadview and Main Station as well as between Spadina and Lansdowne Customers can expect delays of 20- 30 minutes.,delay,disruption,,Main Street Station at Bay 7,High Park Loop,,construction,2025-11-19T15:54:00-05:00,,506-Carlton,2025-11-19T15:56:00-05:00,2025-11-19T15:56:00-05:00,2025-11-19,15:54,America/Toronto,2025,TTCnotices5062025.txt,4063
506 Carlton: Delays between Main Street Station at Bay 7 and High Park Loop due to construction. Started Wed Nov 19 15:56 Until Thu Nov 20 2:33 Shuttle buses operating between Broadview and Main Station as well as between Spadina and Lansdowne Customers can expect delays of 20- 30 minutes.,route,,506,Carlton,Delays between Main Street Station at Bay 7 and High Park Loop due to construction. Started Wed Nov 19 15:56 Until Thu Nov 20 2:33 Shuttle buses operating between Broadview and Main Station as well as between Spadina and Lansdowne Customers can expect delays of 20- 30 minutes.,delay,disruption,,Main Street Station at Bay 7,High Park Loop,,construction,2025-11-19T15:56:00-05:00,2025-11-20T02:33:00-05:00,506-Carlton,2025-11-19T15:58:00-05:00,2025-11-19T20:24:00-05:00,2025-11-19,15:56,America/Toronto,2025,TTCnotices5062025.txt,4067
506 Carlton: No service eastbound from College St at Bay St to Carlton St at Parliament St due to a security incident. Started Wed Nov 19 16:18,route,,506,Carlton,No service eastbound from College St at Bay St to Carlton St at Parliament St due to a security incident. Started Wed Nov 19 16:18,no_service,disruption,eastbound,College St at Bay St,Carlton St at Parliament St,,a security incident,2025-11-19T16:18:00-05:00,,506-Carlton,2025-11-19T16:20:00-05:00,2025-11-19T17:02:00-05:00,2025-11-19,16:18,America/Toronto,2025,TTCnotices5062025.txt,4071
506 Carlton: No service between High Park Loop and College St at Lansdowne Ave while we respond to a medical emergency. Started Wed Nov 19 16:58,route,,506,Carlton,No service between High Park Loop and College St at Lansdowne Ave while we respond to a medical emergency. Started Wed Nov 19 16:58,no_service,disruption,,High Park Loop,College St at Lansdowne Ave,,we respond to a medical emergency,2025-11-19T16:58:00-05:00,,506-Carlton,2025-11-19T17:00:00-05:00,2025-11-19T17:24:00-05:00,2025-11-19,16:58,America/Toronto,2025,TTCnotices5062025.txt,4074
506 Carlton Regular service has resumed eastbound from College St at Bay St to Carlton St at Parliament St. Started Wed Nov 19 17:02 Until Wed Nov 19 17:17,route,,506,Carlton,Regular service has resumed eastbound from College St at Bay St to Carlton St at Parliament St. Started Wed Nov 19 17:02 Until Wed Nov 19 17:17,service_resumed,resumed,eastbound,College St at Bay St,Carlton St at Parliament St,,,2025-11-19T17:02:00-05:00,2025-11-19T17:17:00-05:00,506-Carlton,2025-11-19T17:04:00-05:00,2025-11-19T17:18:00-05:00,2025-11-19,17:02,America/Toronto,2025,TTCnotices5062025.txt,4077
506 Carlton Regular service has resumed between High Park Loop and College St at Lansdowne Ave. Started Wed Nov 19 17:23 Until Wed Nov 19 17:38,route,,506,Carlton,Regular service has resumed between High Park Loop and College St at Lansdowne Ave. Started Wed Nov 19 17:23 Until Wed Nov 19 17:38,service_resumed,resumed,,High Park Loop,College St at Lansdowne Ave,,,2025-11-19T17:23:00-05:00,2025-11-19T17:38:00-05:00,506-Carlton,2025-11-19T17:24:00-05:00,2025-11-19T17:38:00-05:00,2025-11-19,17:23,America/Toronto,2025,TTCnotices5062025.txt,4080
506 Carlton Regular service has resumed between Main Street Station at Bay 7 and High Park Loop. Started Wed Nov 19 20:24 Until Wed Nov 19 20:39 Shuttle buses operating between Broadview and Main Station as well as between Spadina and Lansdowne Customers can expect delays of 20- 30 minutes.,route,,506,Carlton,Regular service has resumed between Main Street Station at Bay 7 and High Park Loop. Started Wed Nov 19 20:24 Until Wed Nov 19 20:39 Shuttle buses operating between Broadview and Main Station as well as between Spadina and Lansdowne Customers can expect delays of 20- 30 minutes.,service_resumed,resumed,,Main Street Station at Bay 7,High Park Loop,,,2025-11-19T20:24:00-05:00,2025-11-19T20:39:00-05:00,506-Carlton,2025-11-19T20:26:00-05:00,2025-11-19T20:38:00-05:00,2025-11-19,20:24,America/Toronto,2025,TTCnotices5062025.txt,4083
"506 Carlton: Detour via Gerrard St E, Broadview Ave, Dundas St E and Church St due to construction. Started Wed Nov 19 21:26",route,,506,Carlton,"Detour via Gerrard St E, Broadview Ave, Dundas St E and Church St due to construction. Started Wed Nov 19 21:26",detour,disruption,,,,"Gerrard St E, Broadview Ave, Dundas St E and Church St",construction,2025-11-19T21:26:00-05:00,,506-Carlton,2025-11-19T21:26:00-05:00,2025-11-19T21:35:00-05:00,2025-11-19,21:26,America/Toronto,2025,TTCnotices5062025.txt,4087
506 Carlton Regular service has resumed between Gerrard St East at Broadview Ave and Carlton St at Church St. Started Wed Nov 19 21:34 Until Wed Nov 19 21:49,route,,506,Carlton,Regular service has resumed between Gerrard St East at Broadview Ave and Carlton St at Church St. Started Wed Nov 19 21:34 Until Wed Nov 19 21:49,service_resumed,resumed,,Gerrard St East at Broadview Ave,Carlton St at Church St,,,2025-11-19T21:34:00-05:00,2025-11-19T21:49:00-05:00,506-Carlton,2025-11-19T21:36:00-05:00,2025-11-19T21:44:00-05:00,2025-11-19,21:34,America/Toronto,2025,TTCnotices5062025.txt,4090
"506 Carlton: Detour eastbound via Spadina Ave, Queen St W, York St, Adelaide St W, Church St, Queen St E and Parliament St due to a security incident. Started Wed Nov 19 22:44",route,,506,Carlton,"Detour eastbound via Spadina Ave, Queen St W, York St, Adelaide St W, Church St, Queen St E and Parliament St due to a security incident. Started Wed Nov 19 22:44",detour,disruption,eastbound,,,"Spadina Ave, Queen St W, York St, Adelaide St W, Church St, Queen St E and Parliament St",a security incident,2025-11-19T22:44:00-05:00,,506-Carlton,2025-11-19T22:46:00-05:00,2025-11-19T22:48:00-05:00,2025-11-19,22:44,America/Toronto,2025,TTCnotices5062025.txt,4093
506 Carlton Regular service has resumed eastbound near Carlton St at Jarvis St. Started Wed Nov 19 22:49 Until Wed Nov 19 23:04,route,,506,Carlton,Regular service has resumed eastbound near Carlton St at Jarvis St. Started Wed Nov 19 22:49 Until Wed Nov 19 23:04,service_resumed,resumed,eastbound,Carlton St at Jarvis St,,,,2025-11-19T22:49:00-05:00,2025-11-19T23:04:00-05:00,506-Carlton,2025-11-19T22:50:00-05:00,2025-11-19T23:04:00-05:00,2025-11-19,22:49,America/Toronto,2025,TTCnotices5062025.txt,4096
Main Street: Elevator out of service between concourse and Line 2 Kipling platform. Started Thu Nov 20 16:25,accessibility,Main Street,,,Elevator out of service between concourse and Line 2 Kipling platform. Started Thu Nov 20 16:25,elevator_out_of_service,disruption,,concourse,Line 2 Kipling platform,,,2025-11-20T16:25:00-05:00,,506-Carlton,2025-11-20T16:26:00-05:00,2025-11-20T18:28:00-05:00,2025-11-20,16:25,America/Toronto,2025,TTCnotices5062025.txt,385
Main Street: Elevator back in service between concourse and Line 2 Kipling platform. Started Thu Nov 20 18:28 Until Thu Nov 20 18:43,accessibility,Main Street,,,Elevator back in service between concourse and Line 2 Kipling platform. Started Thu Nov 20 18:28 Until Thu Nov 20 18:43,elevator_back_in_service,resumed,,concourse,Line 2 Kipling platform,,,2025-11-20T18:28:00-05:00,2025-11-20T18:43:00-05:00,506-Carlton,2025-11-20T18:28:00-05:00,2025-11-20T18:42:00-05:00,2025-11-20,18:28,America/Toronto,2025,TTCnotices5062025.txt,388
"506 Carlton: Detour eastbound via Church St, King St E and Parliament St while we respond to a medical emergency. Started Thu Nov 20 22:54 Shuttle buses are running.",route,,506,Carlton,"Detour eastbound via Church St, King St E and Parliament St while we respond to a medical emergency. Started Thu Nov 20 22:54 Shuttle buses are running.",detour,disruption,eastbound,,,"Church St, King St E and Parliament St",we respond to a medical emergency,2025-11-20T22:54:00-05:00,,506-Carlton,2025-11-20T22:54:00-05:00,2025-11-20T23:09:00-05:00,2025-11-20,22:54,America/Toronto,2025,TTCnotices5062025.txt,4099
506 Carlton Regular service has resumed eastbound from Carlton St at Church St to Parliament St at Gerrard St East. Started Thu Nov 20 23:09 Until Thu Nov 20 23:24 Shuttle buses are running.,route,,506,Carlton,Regular service has resumed eastbound from Carlton St at Church St to Parliament St at Gerrard St East. Started Thu Nov 20 23:09 Until Thu Nov 20 23:24 Shuttle buses are running.,service_resumed,resumed,eastbound,Carlton St at Church St,Parliament St at Gerrard St East,,,2025-11-20T23:09:00-05:00,2025-11-20T23:24:00-05:00,506-Carlton,2025-11-20T23:10:00-05:00,2025-11-20T23:24:00-05:00,2025-11-20,23:09,America/Toronto,2025,TTCnotices5062025.txt,4103
Queen's Park: Elevator out of service between College St northeast entrance and concourse. Started Fri Nov 21 7:36,accessibility,Queen's Park,,,Elevator out of service between College St northeast entrance and concourse. Started Fri Nov 21 7:36,elevator_out_of_service,disruption,,College St northeast entrance,concourse,,,2025-11-21T07:36:00-05:00,,506-Carlton,2025-11-21T07:38:00-05:00,2025-11-21T08:58:00-05:00,2025-11-21,07:36,America/Toronto,2025,TTCnotices5062025.txt,391
"506 Carlton: Detour westbound via Dundas St W, Church St, Richmond St W, York St, Queen St W, Spadina Ave and Dundas St W due to a collision. Started Fri Nov 21 8:44",route,,506,Carlton,"Detour westbound via Dundas St W, Church St, Richmond St W, York St, Queen St W, Spadina Ave and Dundas St W due to a collision. Started Fri Nov 21 8:44",detour,disruption,westbound,,,"Dundas St W, Church St, Richmond St W, York St, Queen St W, Spadina Ave and Dundas St W",a collision,2025-11-21T08:44:00-05:00,,506-Carlton,2025-11-21T08:44:00-05:00,2025-11-21T10:07:00-05:00,2025-11-21,08:44,America/Toronto,2025,TTCnotices5062025.txt,4107
506 Carlton Regular service has resumed westbound from Dundas St West at University Ave - St Patrick Station to Dundas St West at Spadina Ave. Started Fri Nov 21 10:06 Until Fri Nov 21 10:21,route,,506,Carlton,Regular service has resumed westbound from Dundas St West at University Ave - St Patrick Station to Dundas St West at Spadina Ave. Started Fri Nov 21 10:06 Until Fri Nov 21 10:21,service_resumed,resumed,westbound,Dundas St West at University Ave - St Patrick Station,Dundas St West at Spadina Ave,,,2025-11-21T10:06:00-05:00,2025-11-21T10:21:00-05:00,506-Carlton,2025-11-21T10:08:00-05:00,2025-11-21T10:22:00-05:00,2025-11-21,10:06,America/Toronto,2025,TTCnotices5062025.txt,4110
"506 Carlton: Detour eastbound via Dundas St E, Broadview Ave and Gerrard St E while we respond to a medical emergency. Started Fri Nov 21 14:50",route,,506,Carlton,"Detour eastbound via Dundas St E, Broadview Ave and Gerrard St E while we respond to a medical emergency. Started Fri Nov 21 14:50",detour,disruption,eastbound,,,"Dundas St E, Broadview Ave and Gerrard St E",we respond to a medical emergency,2025-11-21T14:50:00-05:00,,506-Carlton,2025-11-21T14:52:00-05:00,2025-11-21T14:52:00-05:00,2025-11-21,14:50,America/Toronto,2025,TTCnotices5062025.txt,4113
"506 Carlton: Detour eastbound via Dundas St E, Broadview Ave and Gerrard St E while we respond to a medical emergency. Started Fri Nov 21 14:52 Shuttle buses operating to supplement service.",route,,506,Carlton,"Detour eastbound via Dundas St E, Broadview Ave and Gerrard St E while we respond to a medical emergency. Started Fri Nov 21 14:52 Shuttle buses operating to supplement service.",detour,disruption,eastbound,,,"Dundas St E, Broadview Ave and Gerrard St E",we respond to a medical emergency,2025-11-21T14:52:00-05:00,,506-Carlton,2025-11-21T14:54:00-05:00,2025-11-21T15:08:00-05:00,2025-11-21,14:52,America/Toronto,2025,TTCnotices5062025.txt,4116
506 Carlton Regular service has resumed eastbound from Gerrard St East at Broadview Ave to Gerrard St East at Logan Ave. Started Fri Nov 21 15:07 Until Fri Nov 21 15:22 Shuttle buses operating to supplement service.,route,,506,Carlton,Regular service has resumed eastbound from Gerrard St East at Broadview Ave to Gerrard St East at Logan Ave. Started Fri Nov 21 15:07 Until Fri Nov 21 15:22 Shuttle buses operating to supplement service.,service_resumed,resumed,eastbound,Gerrard St East at Broadview Ave,Gerrard St East at Logan Ave,,,2025-11-21T15:07:00-05:00,2025-11-21T15:22:00-05:00,506-Carlton,2025-11-21T15:10:00-05:00,2025-11-21T15:22:00-05:00,2025-11-21,15:07,America/Toronto,2025,TTCnotices5062025.txt,4120
506 Carlton: No service between High Park Loop and College St at Lansdowne Ave due to a security incident. Started Sat Nov 22 2:03,route,,506,Carlton,No service between High Park Loop and College St at Lansdowne Ave due to a security incident. Started Sat Nov 22 2:03,no_service,disruption,,High Park Loop,College St at Lansdowne Ave,,a security incident,2025-11-22T02:03:00-05:00,,506-Carlton,2025-11-22T02:04:00-05:00,2025-11-22T02:48:00-05:00,2025-11-22,02:03,America/Toronto,2025,TTCnotices5062025.txt,4124
506 Carlton Regular service has resumed between High Park Loop and College St at Lansdowne Ave. Started Sat Nov 22 2:49 Until Sat Nov 22 3:04,route,,506,Carlton,Regular service has resumed between High Park Loop and College St at Lansdowne Ave. Started Sat Nov 22 2:49 Until Sat Nov 22 3:04,service_resumed,resumed,,High Park Loop,College St at Lansdowne Ave,,,2025-11-22T02:49:00-05:00,2025-11-22T03:04:00-05:00,506-Carlton,2025-11-22T02:50:00-05:00,2025-11-22T03:04:00-05:00,2025-11-22,02:49,America/Toronto,2025,TTCnotices5062025.txt,4127
"506 Carlton: Detour westbound via Parliament St, Queen St E, Church St, Richmond St W, York St, Queen St W and Spadina Ave due to a security incident. Started Sun Nov 23 10:49",route,,506,Carlton,"Detour westbound via Parliament St, Queen St E, Church St, Richmond St W, York St, Queen St W and Spadina Ave due to a security incident. Started Sun Nov 23 10:49",detour,disruption,westbound,,,"Parliament St, Queen St E, Church St, Richmond St W, York St, Queen St W and Spadina Ave",a security incident,2025-11-23T10:49:00-05:00,,506-Carlton,2025-11-23T10:50:00-05:00,,2025-11-23,10:49,America/Toronto,2025,TTCnotices5062025.txt,4130
506 Carlton Regular service has resumed westbound from Gerrard St East at Parliament St to College St at Spadina Ave. Started Sun Nov 23 10:51 Until Sun Nov 23 11:06,route,,506,Carlton,Regular service has resumed westbound from Gerrard St East at Parliament St to College St at Spadina Ave. Started Sun Nov 23 10:51 Until Sun Nov 23 11:06,service_resumed,resumed,westbound,Gerrard St East at Parliament St,College St at Spadina Ave,,,2025-11-23T10:51:00-05:00,2025-11-23T11:06:00-05:00,506-Carlton,2025-11-23T10:52:00-05:00,2025-11-23T11:06:00-05:00,2025-11-23,10:51,America/Toronto,2025,TTCnotices5062025.txt,4133
506 Carlton: No service between Coxwell Ave at Gerrard St East and Main Street Station at Bay 7 due to police activity. Started Sun Nov 23 11:24,route,,506,Carlton,No service between Coxwell Ave at Gerrard St East and Main Street Station at Bay 7 due to police activity. Started Sun Nov 23 11:24,no_service,disruption,,Coxwell Ave at Gerrard St East,Main Street Station at Bay 7,,police activity,2025-11-23T11:24:00-05:00,,506-Carlton,2025-11-23T11:26:00-05:00,2025-11-23T11:58:00-05:00,2025-11-23,11:24,America/Toronto,2025,TTCnotices5062025.txt,4136
506 Carlton Regular service has resumed between Coxwell Ave at Gerrard St East and Main Street Station at Bay 7. Started Sun Nov 23 11:58 Until Sun Nov 23 12:13,route,,506,Carlton,Regular service has resumed between Coxwell Ave at Gerrard St East and Main Street Station at Bay 7. Started Sun Nov 23 11:58 Until Sun Nov 23 12:13,service_resumed,resumed,,Coxwell Ave at Gerrard St East,Main Street Station at Bay 7,,,2025-11-23T11:58:00-05:00,2025-11-23T12:13:00-05:00,506-Carlton,2025-11-23T11:58:00-05:00,2025-11-23T12:12:00-05:00,2025-11-23,11:58,America/Toronto,2025,TTCnotices5062025.txt,4139
506 Carlton: Delays between Main Street Station at Bay 7 and High Park Loop due to Santa Claus Parade. Started Sun Nov 23 12:22,route,,506,Carlton,Delays between Main Street Station at Bay 7 and High Park Loop due to Santa Claus Parade. Started Sun Nov 23 12:22,delay,disruption,,Main Street Station at Bay 7,High Park Loop,,Santa Claus Parade,2025-11-23T12:22:00-05:00,,506-Carlton,2025-11-23T12:24:00-05:00,2025-11-23T18:54:00-05:00,2025-11-23,12:22,America/Toronto,2025,TTCnotices5062025.txt,4142
"506 Carlton: Detour westbound via Bathurst St, Dundas St W and Ossington Ave due to a collision. Started Sun Nov 23 13:06",route,,506,Carlton,"Detour westbound via Bathurst St, Dundas St W and Ossington Ave due to a collision. Started Sun Nov 23 13:06",detour,disruption,westbound,,,"Bathurst St, Dundas St W and Ossington Ave",a collision,2025-11-23T13:06:00-05:00,,506-Carlton,2025-11-23T13:08:00-05:00,2025-11-23T13:50:00-05:00,2025-11-23,13:06,America/Toronto,2025,TTCnotices5062025.txt,4145
506 Carlton Regular service has resumed westbound from College St at Bathurst St to College St at Ossington Ave. Started Sun Nov 23 13:50 Until Sun Nov 23 14:05,route,,506,Carlton,Regular service has resumed westbound from College St at Bathurst St to College St at Ossington Ave. Started Sun Nov 23 13:50 Until Sun Nov 23 14:05,service_resumed,resumed,westbound,College St at Bathurst St,College St at Ossington Ave,,,2025-11-23T13:50:00-05:00,2025-11-23T14:05:00-05:00,506-Carlton,2025-11-23T13:50:00-05:00,2025-11-23T14:04:00-05:00,2025-11-23,13:50,America/Toronto,2025,TTCnotices5062025.txt,4148
506 Carlton Regular service has resumed between Main Street Station at Bay 7 and High Park Loop. Started Sun Nov 23 18:54 Until Sun Nov 23 19:09,route,,506,Carlton,Regular service has resumed between Main Street Station at Bay 7 and High Park Loop. Started Sun Nov 23 18:54 Until Sun Nov 23 19:09,service_resumed,resumed,,Main Street Station at Bay 7,High Park Loop,,,2025-11-23T18:54:00-05:00,2025-11-23T19:09:00-05:00,506-Carlton,2025-11-23T18:56:00-05:00,2025-11-23T19:08:00-05:00,2025-11-23,18:54,America/Toronto,2025,TTCnotices5062025.txt,4151
"506 Carlton: Detour westbound via Church St, Richmond St W, York St, Queen St W and Spadina Ave due to a collision. Started Sun Nov 23 21:25",route,,506,Carlton,"Detour westbound via Church St, Richmond St W, York St, Queen St W and Spadina Ave due to a collision. Started Sun Nov 23 21:25",detour,disruption,westbound,,,"Church St, Richmond St W, York St, Queen St W and Spadina Ave",a collision,2025-11-23T21:25:00-05:00,,506-Carlton,2025-11-23T21:26:00-05:00,2025-11-23T22:10:00-05:00,2025-11-23,21:25,America/Toronto,2025,TTCnotices5062025.txt,4154
506 Carlton Regular service has resumed westbound from Carlton St at Church St to College St at Spadina Ave. Started Sun Nov 23 22:09 Until Sun Nov 23 22:24,route,,506,Carlton,Regular service has resumed westbound from Carlton St at Church St to College St at Spadina Ave. Started Sun Nov 23 22:09 Until Sun Nov 23 22:24,service_resumed,resumed,westbound,Carlton St at Church St,College St at Spadina Ave,,,2025-11-23T22:09:00-05:00,2025-11-23T22:24:00-05:00,506-Carlton,2025-11-23T22:10:00-05:00,2025-11-23T22:24:00-05:00,2025-11-23,22:09,America/Toronto,2025,TTCnotices5062025.txt,4157
Queen's Park: Elevator out of service between concourse and Line 1 platform. Started Mon Nov 24 19:26,accessibility,Queen's Park,,,Elevator out of service between concourse and Line 1 platform. Started Mon Nov 24 19:26,elevator_out_of_service,disruption,,concourse,Line 1 platform,,,2025-11-24T19:26:00-05:00,,506-Carlton,2025-11-24T19:28:00-05:00,2025-11-25T10:26:00-05:00,2025-11-24,19:26,America/Toronto,2025,TTCnotices5062025.txt,394
Queen's Park: Elevator back in service between concourse and Line 1 platform. Started Tue Nov 25 10:26 Until Tue Nov 25 10:41,accessibility,Queen's Park,,,Elevator back in service between concourse and Line 1 platform. Started Tue Nov 25 10:26 Until Tue Nov 25 10:41,elevator_back_in_service,resumed,,concourse,Line 1 platform,,,2025-11-25T10:26:00-05:00,2025-11-25T10:41:00-05:00,506-Carlton,2025-11-25T10:28:00-05:00,2025-11-25T10:42:00-05:00,2025-11-25,10:26,America/Toronto,2025,TTCnotices5062025.txt,397
"506 306 Route change due to TTC streetcar infrastructure work 506|306–Route change due to TTC streetcar infrastructure work at Carlton Street and Parliament Street. November 18, 2025 - 10:00 PM to November 30, 2025 - 05:00 AM",other,,506,306,"Route change due to TTC streetcar infrastructure work 506|306–Route change due to TTC streetcar infrastructure work at Carlton Street and Parliament Street. November 18, 2025 - 10:00 PM to November 30, 2025 - 05:00 AM",other,unknown,,,,,,2025-11-25T16:26:00-05:00,,506-Carlton,2025-11-25T16:26:00-05:00,2025-11-28T18:28:00-05:00,2025-11-25,16:26,America/Toronto,2025,TTCnotices5062025.txt,4673
506 Carlton: No service between Gerrard St East at Broadview Ave and Gerrard St East at Coxwell Ave due to a collision. Shuttle buses are on the way. Started Tue Nov 25 17:16,route,,506,Carlton,No service between Gerrard St East at Broadview Ave and Gerrard St East at Coxwell Ave due to a collision. Shuttle buses are on the way. Started Tue Nov 25 17:16,no_service,disruption,,Gerrard St East at Broadview Ave,Gerrard St East at Coxwell Ave,,a collision. Shuttle buses are on the way,2025-11-25T17:16:00-05:00,,506-Carlton,2025-11-25T17:16:00-05:00,2025-11-25T17:38:00-05:00,2025-11-25,17:16,America/Toronto,2025,TTCnotices5062025.txt,4160
506 Carlton Regular service has resumed between Gerrard St East at Broadview Ave and Gerrard St East at Coxwell Ave. Started Tue Nov 25 17:39 Until Tue Nov 25 17:54,route,,506,Carlton,Regular service has resumed between Gerrard St East at Broadview Ave and Gerrard St East at Coxwell Ave. Started Tue Nov 25 17:39 Until Tue Nov 25 17:54,service_resumed,resumed,,Gerrard St East at Broadview Ave,Gerrard St East at Coxwell Ave,,,2025-11-25T17:39:00-05:00,2025-11-25T17:54:00-05:00,506-Carlton,2025-11-25T17:40:00-05:00,2025-11-25T17:54:00-05:00,2025-11-25,17:39,America/Toronto,2025,TTCnotices5062025.txt,4163
"506 Carlton: Detour via Parliament St, King St E and Church St due to a collision. Started Tue Nov 25 18:35",route,,506,Carlton,"Detour via Parliament St, King St E and Church St due to a collision. Started Tue Nov 25 18:35",detour,disruption,,,,"Parliament St, King St E and Church St",a collision,2025-11-25T18:35:00-05:00,,506-Carlton,2025-11-25T18:36:00-05:00,2025-11-25T18:58:00-05:00,2025-11-25,18:35,America/Toronto,2025,TTCnotices5062025.txt,4166
506 Carlton Regular service has resumed near Carlton St at Sherbourne St. Started Tue Nov 25 18:57 Until Tue Nov 25 19:12,route,,506,Carlton,Regular service has resumed near Carlton St at Sherbourne St. Started Tue Nov 25 18:57 Until Tue Nov 25 19:12,service_resumed,resumed,,Carlton St at Sherbourne St,,,,2025-11-25T18:57:00-05:00,2025-11-25T19:12:00-05:00,506-Carlton,2025-11-25T18:58:00-05:00,2025-11-25T19:12:00-05:00,2025-11-25,18:57,America/Toronto,2025,TTCnotices5062025.txt,4169
"506 Carlton: Detour eastbound via Broadview Ave, Queen St E and Coxwell Ave due to a blocked track. Started Wed Nov 26 1:27",route,,506,Carlton,"Detour eastbound via Broadview Ave, Queen St E and Coxwell Ave due to a blocked track. Started Wed Nov 26 1:27",detour,disruption,eastbound,,,"Broadview Ave, Queen St E and Coxwell Ave",a blocked track,2025-11-26T01:27:00-05:00,,506-Carlton,2025-11-26T01:28:00-05:00,2025-11-26T01:28:00-05:00,2025-11-26,01:27,America/Toronto,2025,TTCnotices5062025.txt,4172
506 Carlton Regular service has resumed eastbound from Gerrard St East at Logan Ave to Gerrard St East at Coxwell Ave. Started Wed Nov 26 1:28 Until Wed Nov 26 1:43,route,,506,Carlton,Regular service has resumed eastbound from Gerrard St East at Logan Ave to Gerrard St East at Coxwell Ave. Started Wed Nov 26 1:28 Until Wed Nov 26 1:43,service_resumed,resumed,eastbound,Gerrard St East at Logan Ave,Gerrard St East at Coxwell Ave,,,2025-11-26T01:28:00-05:00,2025-11-26T01:43:00-05:00,506-Carlton,2025-11-26T01:28:00-05:00,2025-11-26T01:42:00-05:00,2025-11-26,01:28,America/Toronto,2025,TTCnotices5062025.txt,4175
Queen's Park: Elevator out of service between College St northeast entrance and concourse. Started Wed Nov 26 7:19,accessibility,Queen's Park,,,Elevator out of service between College St northeast entrance and concourse. Started Wed Nov 26 7:19,elevator_out_of_service,disruption,,College St northeast entrance,concourse,,,2025-11-26T07:19:00-05:00,,506-Carlton,2025-11-26T07:20:00-05:00,2025-11-26T11:08:00-05:00,2025-11-26,07:19,America/Toronto,2025,TTCnotices5062025.txt,400
"506 Carlton: Detour via Broadview Ave, Queen St W and Coxwell Ave due to construction. Started Wed Nov 26 9:02 Shuttle buses operating.",route,,506,Carlton,"Detour via Broadview Ave, Queen St W and Coxwell Ave due to construction. Started Wed Nov 26 9:02 Shuttle buses operating.",detour,disruption,,,,"Broadview Ave, Queen St W and Coxwell Ave",construction,2025-11-26T09:02:00-05:00,,506-Carlton,2025-11-26T09:04:00-05:00,2025-11-27T02:16:00-05:00,2025-11-26,09:02,America/Toronto,2025,TTCnotices5062025.txt,4178
Queen's Park: Elevator back in service between College St northeast entrance and concourse. Started Wed Nov 26 11:07 Until Wed Nov 26 11:22,accessibility,Queen's Park,,,Elevator back in service between College St northeast entrance and concourse. Started Wed Nov 26 11:07 Until Wed Nov 26 11:22,elevator_back_in_service,resumed,,College St northeast entrance,concourse,,,2025-11-26T11:07:00-05:00,2025-11-26T11:22:00-05:00,506-Carlton,2025-11-26T11:08:00-05:00,2025-11-26T11:22:00-05:00,2025-11-26,11:07,America/Toronto,2025,TTCnotices5062025.txt,403
Queen's Park: Elevator out of service between College St northeast entrance and concourse. Started Wed Nov 26 15:41,accessibility,Queen's Park,,,Elevator out of service between College St northeast entrance and concourse. Started Wed Nov 26 15:41,elevator_out_of_service,disruption,,College St northeast entrance,concourse,,,2025-11-26T15:41:00-05:00,,506-Carlton,2025-11-26T15:42:00-05:00,2025-11-26T19:16:00-05:00,2025-11-26,15:41,America/Toronto,2025,TTCnotices5062025.txt,406
Queen's Park: Elevator back in service between College St northeast entrance and concourse. Started Wed Nov 26 19:15 Until Wed Nov 26 19:30,accessibility,Queen's Park,,,Elevator back in service between College St northeast entrance and concourse. Started Wed Nov 26 19:15 Until Wed Nov 26 19:30,elevator_back_in_service,resumed,,College St northeast entrance,concourse,,,2025-11-26T19:15:00-05:00,2025-11-26T19:30:00-05:00,506-Carlton,2025-11-26T19:16:00-05:00,2025-11-26T19:30:00-05:00,2025-11-26,19:15,America/Toronto,2025,TTCnotices5062025.txt,409
"506 Carlton: Detour westbound via Dundas St W, Ossington Ave and College St while we deal with an operational problem. Started Thu Nov 27 1:09",route,,506,Carlton,"Detour westbound via Dundas St W, Ossington Ave and College St while we deal with an operational problem. Started Thu Nov 27 1:09",detour,disruption,westbound,,,"Dundas St W, Ossington Ave and College St",we deal with an operational problem,2025-11-27T01:09:00-05:00,,506-Carlton,2025-11-27T01:10:00-05:00,2025-11-27T01:34:00-05:00,2025-11-27,01:09,America/Toronto,2025,TTCnotices5062025.txt,4182
506 Carlton Regular service has resumed westbound from College St at Bathurst St to College St at Ossington Ave. Started Thu Nov 27 1:35 Until Thu Nov 27 1:50,route,,506,Carlton,Regular service has resumed westbound from College St at Bathurst St to College St at Ossington Ave. Started Thu Nov 27 1:35 Until Thu Nov 27 1:50,service_resumed,resumed,westbound,College St at Bathurst St,College St at Ossington Ave,,,2025-11-27T01:35:00-05:00,2025-11-27T01:50:00-05:00,506-Carlton,2025-11-27T01:36:00-05:00,2025-11-27T01:50:00-05:00,2025-11-27,01:35,America/Toronto,2025,TTCnotices5062025.txt,4185
Queen's Park: Elevator out of service between College St northeast entrance and concourse. Started Thu Nov 27 4:33,accessibility,Queen's Park,,,Elevator out of service between College St northeast entrance and concourse. Started Thu Nov 27 4:33,elevator_out_of_service,disruption,,College St northeast entrance,concourse,,,2025-11-27T04:33:00-05:00,,506-Carlton,2025-11-27T04:34:00-05:00,2025-11-27T05:46:00-05:00,2025-11-27,04:33,America/Toronto,2025,TTCnotices5062025.txt,412
"506 Carlton: Detour eastbound via Church St, Dundas St E, Broadview Ave, Queen St E, Coxwell Ave and Gerrard St E due to emergency sewer main repairs. Started Thu Nov 27 4:41 Shuttle buses are operating from Main Street Station to College and Spadina.",route,,506,Carlton,"Detour eastbound via Church St, Dundas St E, Broadview Ave, Queen St E, Coxwell Ave and Gerrard St E due to emergency sewer main repairs. Started Thu Nov 27 4:41 Shuttle buses are operating from Main Street Station to College and Spadina.",detour,disruption,eastbound,Main Street Station,College and Spadina,"Church St, Dundas St E, Broadview Ave, Queen St E, Coxwell Ave and Gerrard St E",emergency sewer main repairs,2025-11-27T04:41:00-05:00,,506-Carlton,2025-11-27T04:42:00-05:00,2025-11-27T06:26:00-05:00,2025-11-27,04:41,America/Toronto,2025,TTCnotices5062025.txt,4192
"506 Carlton: Detour westbound via Coxwell Ave, Queen St E, Broadview Ave, Dundas St E and Church St due to emergency sewer main repairs. Started Thu Nov 27 4:41 Shuttle buses are operating from Main Street Station to College and Spadina.",route,,506,Carlton,"Detour westbound via Coxwell Ave, Queen St E, Broadview Ave, Dundas St E and Church St due to emergency sewer main repairs. Started Thu Nov 27 4:41 Shuttle buses are operating from Main Street Station to College and Spadina.",detour,disruption,westbound,Main Street Station,College and Spadina,"Coxwell Ave, Queen St E, Broadview Ave, Dundas St E and Church St",emergency sewer main repairs,2025-11-27T04:41:00-05:00,,506-Carlton,2025-11-27T04:42:00-05:00,2025-11-27T06:26:00-05:00,2025-11-27,04:41,America/Toronto,2025,TTCnotices5062025.txt,4188
Queen's Park: Elevator back in service between College St northeast entrance and concourse. Started Thu Nov 27 5:46 Until Thu Nov 27 6:01,accessibility,Queen's Park,,,Elevator back in service between College St northeast entrance and concourse. Started Thu Nov 27 5:46 Until Thu Nov 27 6:01,elevator_back_in_service,resumed,,College St northeast entrance,concourse,,,2025-11-27T05:46:00-05:00,2025-11-27T06:01:00-05:00,506-Carlton,2025-11-27T05:48:00-05:00,2025-11-27T06:00:00-05:00,2025-11-27,05:46,America/Toronto,2025,TTCnotices5062025.txt,415
"506 Carlton: Detour via College St, Spadina Ave, Dundas St W, Broadview Ave, Queen St E and Coxwell Ave due to emergency sewer main repairs. Started Thu Nov 27 6:26 Shuttle buses are operating from Main Street Station to College and Lansdowne.",route,,506,Carlton,"Detour via College St, Spadina Ave, Dundas St W, Broadview Ave, Queen St E and Coxwell Ave due to emergency sewer main repairs. Started Thu Nov 27 6:26 Shuttle buses are operating from Main Street Station to College and Lansdowne.",detour,disruption,,Main Street Station,College and Lansdowne,"College St, Spadina Ave, Dundas St W, Broadview Ave, Queen St E and Coxwell Ave",emergency sewer main repairs,2025-11-27T06:26:00-05:00,,506-Carlton,2025-11-27T06:26:00-05:00,2025-11-27T13:56:00-05:00,2025-11-27,06:26,America/Toronto,2025,TTCnotices5062025.txt,4196
Queen's Park: Elevator out of service between concourse and Line 1 platform. Started Thu Nov 27 7:20,accessibility,Queen's Park,,,Elevator out of service between concourse and Line 1 platform. Started Thu Nov 27 7:20,elevator_out_of_service,disruption,,concourse,Line 1 platform,,,2025-11-27T07:20:00-05:00,,506-Carlton,2025-11-27T07:20:00-05:00,2025-11-27T12:38:00-05:00,2025-11-27,07:20,America/Toronto,2025,TTCnotices5062025.txt,418
"506 306 Temporary route change due to sewer main repairs 506|306–Temporary route change due to sewer main repairs November 26, 2025 - 09:00 AM to December 1, 2025 - 04:00 AM",other,,506,306,"Temporary route change due to sewer main repairs 506|306–Temporary route change due to sewer main repairs November 26, 2025 - 09:00 AM to December 1, 2025 - 04:00 AM",other,unknown,,,,,,2025-11-27T09:28:00-05:00,,506-Carlton,2025-11-27T09:28:00-05:00,2025-11-30T14:30:00-05:00,2025-11-27,09:28,America/Toronto,2025,TTCnotices5062025.txt,4678
"169 Temporary route change due to Metrolinx Ontario Line work November 27, 2025 - 09:00 PM to December 2, 2025 - 05:00 AM",other,,169,Temporary,"route change due to Metrolinx Ontario Line work November 27, 2025 - 09:00 PM to December 2, 2025 - 05:00 AM",other,unknown,,,,,,2025-11-27T11:28:00-05:00,,,2025-11-27T11:28:00-05:00,2025-12-01T16:30:00-05:00,2025-11-27,11:28,America/Toronto,2025,TTCnotices5062025.txt,4684
Queen's Park: Elevator back in service between concourse and Line 1 platform. Started Thu Nov 27 12:38 Until Thu Nov 27 12:53,accessibility,Queen's Park,,,Elevator back in service between concourse and Line 1 platform. Started Thu Nov 27 12:38 Until Thu Nov 27 12:53,elevator_back_in_service,resumed,,concourse,Line 1 platform,,,2025-11-27T12:38:00-05:00,2025-11-27T12:53:00-05:00,506-Carlton,2025-11-27T12:40:00-05:00,2025-11-27T12:52:00-05:00,2025-11-27,12:38,America/Toronto,2025,TTCnotices5062025.txt,421
Queen's Park: Elevator out of service between College St northeast entrance and concourse. Started Thu Nov 27 14:10,accessibility,Queen's Park,,,Elevator out of service between College St northeast entrance and concourse. Started Thu Nov 27 14:10,elevator_out_of_service,disruption,,College St northeast entrance,concourse,,,2025-11-27T14:10:00-05:00,,506-Carlton,2025-11-27T14:10:00-05:00,2025-11-27T15:08:00-05:00,2025-11-27,14:10,America/Toronto,2025,TTCnotices5062025.txt,424
Queen's Park: Elevator back in service between College St northeast entrance and concourse. Started Thu Nov 27 15:08 Until Thu Nov 27 15:23,accessibility,Queen's Park,,,Elevator back in service between College St northeast entrance and concourse. Started Thu Nov 27 15:08 Until Thu Nov 27 15:23,elevator_back_in_service,resumed,,College St northeast entrance,concourse,,,2025-11-27T15:08:00-05:00,2025-11-27T15:23:00-05:00,506-Carlton,2025-11-27T15:08:00-05:00,2025-11-27T15:22:00-05:00,2025-11-27,15:08,America/Toronto,2025,TTCnotices5062025.txt,427
506 Carlton: No service between College St at Lansdowne Ave and High Park Loop due to a collision. Shuttle buses are on the way. Started Thu Nov 27 18:28,route,,506,Carlton,No service between College St at Lansdowne Ave and High Park Loop due to a collision. Shuttle buses are on the way. Started Thu Nov 27 18:28,no_service,disruption,,College St at Lansdowne Ave,High Park Loop,,a collision. Shuttle buses are on the way,2025-11-27T18:28:00-05:00,,506-Carlton,2025-11-27T18:30:00-05:00,2025-11-27T18:30:00-05:00,2025-11-27,18:28,America/Toronto,2025,TTCnotices5062025.txt,4200
506 Carlton Regular service has resumed between College St at Lansdowne Ave and High Park Loop. Started Thu Nov 27 18:30 Until Thu Nov 27 18:45,route,,506,Carlton,Regular service has resumed between College St at Lansdowne Ave and High Park Loop. Started Thu Nov 27 18:30 Until Thu Nov 27 18:45,service_resumed,resumed,,College St at Lansdowne Ave,High Park Loop,,,2025-11-27T18:30:00-05:00,2025-11-27T18:45:00-05:00,506-Carlton,2025-11-27T18:32:00-05:00,2025-11-27T18:46:00-05:00,2025-11-27,18:30,America/Toronto,2025,TTCnotices5062025.txt,4203
"506 Carlton: Detour via Spadina Ave, Dundas St W, Broadview Ave, Queen St E and Coxwell Ave due to planned track work. Started Fri Nov 28 5:30 Shuttle buses are running from College and Lansdowne to Main Street Station.",route,,506,Carlton,"Detour via Spadina Ave, Dundas St W, Broadview Ave, Queen St E and Coxwell Ave due to planned track work. Started Fri Nov 28 5:30 Shuttle buses are running from College and Lansdowne to Main Street Station.",detour,disruption,,College and Lansdowne,Main Street Station,"Spadina Ave, Dundas St W, Broadview Ave, Queen St E and Coxwell Ave",planned track work,2025-11-28T05:30:00-05:00,,506-Carlton,2025-11-28T05:30:00-05:00,2025-11-29T03:48:00-05:00,2025-11-28,05:30,America/Toronto,2025,TTCnotices5062025.txt,4206
"506 306 Temporary route change due to streetcar infrastructure work 506|306–Temporary route change due to streetcar infrastructure work December 2, 2025 - 11:00 PM to December 5, 2025 - 04:00 AM",other,,506,306,"Temporary route change due to streetcar infrastructure work 506|306–Temporary route change due to streetcar infrastructure work December 2, 2025 - 11:00 PM to December 5, 2025 - 04:00 AM",other,unknown,,,,,,2025-11-28T16:28:00-05:00,,506-Carlton,2025-11-28T16:28:00-05:00,2025-12-05T04:34:00-05:00,2025-11-28,16:28,America/Toronto,2025,TTCnotices5062025.txt,4687
506 Carlton Regular service has resumed between College St at Spadina Ave and Gerrard St East at Coxwell Ave. Started Sat Nov 29 3:49 Until Sat Nov 29 4:04 Shuttle buses are running from College and Lansdowne to Main Street Station.,route,,506,Carlton,Regular service has resumed between College St at Spadina Ave and Gerrard St East at Coxwell Ave. Started Sat Nov 29 3:49 Until Sat Nov 29 4:04 Shuttle buses are running from College and Lansdowne to Main Street Station.,service_resumed,resumed,,College St at Spadina Ave,Gerrard St East at Coxwell Ave,,,2025-11-29T03:49:00-05:00,2025-11-29T04:04:00-05:00,506-Carlton,2025-11-29T03:50:00-05:00,2025-11-29T04:04:00-05:00,2025-11-29,03:49,America/Toronto,2025,TTCnotices5062025.txt,4211
506 Carlton: Delays between Coxwell Ave at Gerrard St East and Main Street Station at Bay 7 due to a collision. Started Sat Nov 29 19:51 Buses running between Coxwell Ave at Gerrard St East and Main Street Station.,route,,506,Carlton,Delays between Coxwell Ave at Gerrard St East and Main Street Station at Bay 7 due to a collision. Started Sat Nov 29 19:51 Buses running between Coxwell Ave at Gerrard St East and Main Street Station.,delay,disruption,,Coxwell Ave at Gerrard St East,Main Street Station at Bay 7,,a collision,2025-11-29T19:51:00-05:00,,506-Carlton,2025-11-29T19:52:00-05:00,2025-11-29T19:58:00-05:00,2025-11-29,19:51,America/Toronto,2025,TTCnotices5062025.txt,4215
506 Carlton Regular service has resumed between Coxwell Ave at Gerrard St East and Main Street Station at Bay 7. Started Sat Nov 29 19:59 Until Sat Nov 29 20:14 Buses running between Coxwell Ave at Gerrard St East and Main Street Station.,route,,506,Carlton,Regular service has resumed between Coxwell Ave at Gerrard St East and Main Street Station at Bay 7. Started Sat Nov 29 19:59 Until Sat Nov 29 20:14 Buses running between Coxwell Ave at Gerrard St East and Main Street Station.,service_resumed,resumed,,Coxwell Ave at Gerrard St East,Main Street Station at Bay 7,,,2025-11-29T19:59:00-05:00,2025-11-29T20:14:00-05:00,506-Carlton,2025-11-29T20:00:00-05:00,2025-11-29T20:14:00-05:00,2025-11-29,19:59,America/Toronto,2025,TTCnotices5062025.txt,4219
506 Carlton: Delays between Spadina Ave at College St South Side and Gerrard St East at Coxwell Ave due to weather conditions. Started Sun Nov 30 8:05,route,,506,Carlton,Delays between Spadina Ave at College St South Side and Gerrard St East at Coxwell Ave due to weather conditions. Started Sun Nov 30 8:05,delay,disruption,,Spadina Ave at College St South Side,Gerrard St East at Coxwell Ave,,weather conditions,2025-11-30T08:05:00-05:00,,506-Carlton,2025-11-30T08:06:00-05:00,2025-11-30T23:54:00-05:00,2025-11-30,08:05,America/Toronto,2025,TTCnotices5062025.txt,4223
"506 306 Temporary route change due to sewer main repairs 506|306–Temporary route change due to sewer main repairs November 26, 2025 - 09:00 AM to December 2, 2025 - 04:00 AM",other,,506,306,"Temporary route change due to sewer main repairs 506|306–Temporary route change due to sewer main repairs November 26, 2025 - 09:00 AM to December 2, 2025 - 04:00 AM",other,unknown,,,,,,2025-11-30T14:31:00-05:00,,506-Carlton,2025-11-30T14:31:00-05:00,2025-12-01T12:30:00-05:00,2025-11-30,14:31,America/Toronto,2025,TTCnotices5062025.txt,4692
506 Carlton: No service between Gerrard St East at Broadview Ave and Main Street Station at Bay 7 due to a collision. Shuttle buses are running between Gerrard St East at Broadview Ave and Main Street Station at Bay 7. Started Sun Nov 30 23:49,route,,506,Carlton,No service between Gerrard St East at Broadview Ave and Main Street Station at Bay 7 due to a collision. Shuttle buses are running between Gerrard St East at Broadview Ave and Main Street Station at Bay 7. Started Sun Nov 30 23:49,no_service,disruption,,Gerrard St East at Broadview Ave,Main Street Station at Bay 7,,a collision. Shuttle buses are running between Gerrard St East at Broadview Ave and Main Street Station at Bay 7,2025-11-30T23:49:00-05:00,,506-Carlton,2025-11-30T23:50:00-05:00,2025-12-01T00:04:00-05:00,2025-11-30,23:49,America/Toronto,2025,TTCnotices5062025.txt,4226
506 Carlton Regular service has resumed between Spadina Ave at College St South Side and Gerrard St East at Coxwell Ave. Started Sun Nov 30 23:53 Until Mon Dec 1 0:08,route,,506,Carlton,Regular service has resumed between Spadina Ave at College St South Side and Gerrard St East at Coxwell Ave. Started Sun Nov 30 23:53 Until Mon Dec 1 0:08,service_resumed,resumed,,Spadina Ave at College St South Side,Gerrard St East at Coxwell Ave,,,2025-11-30T23:53:00-05:00,2025-12-01T00:08:00-05:00,506-Carlton,2025-11-30T23:54:00-05:00,2025-12-01T00:08:00-05:00,2025-11-30,23:53,America/Toronto,2025,TTCnotices5062025.txt,4229
506 Carlton Regular service has resumed between Gerrard St East at Broadview Ave and Main Street Station at Bay 7. Started Mon Dec 1 0:05 Until Mon Dec 1 0:20,route,,506,Carlton,Regular service has resumed between Gerrard St East at Broadview Ave and Main Street Station at Bay 7. Started Mon Dec 1 0:05 Until Mon Dec 1 0:20,service_resumed,resumed,,Gerrard St East at Broadview Ave,Main Street Station at Bay 7,,,2025-12-01T00:05:00-05:00,2025-12-01T00:20:00-05:00,506-Carlton,2025-12-01T00:06:00-05:00,2025-12-01T00:20:00-05:00,2025-12-01,00:05,America/Toronto,2025,TTCnotices5062025.txt,4232
"506 306 Temporary route change due to sewer main repairs 506|306–Temporary route change due to sewer main repairs November 26, 2025 - 09:00 AM to December 2, 2025 - 11:00 PM",other,,506,306,"Temporary route change due to sewer main repairs 506|306–Temporary route change due to sewer main repairs November 26, 2025 - 09:00 AM to December 2, 2025 - 11:00 PM",other,unknown,,,,,,2025-12-01T12:32:00-05:00,,506-Carlton,2025-12-01T12:32:00-05:00,2025-12-01T16:30:00-05:00,2025-12-01,12:32,America/Toronto,2025,TTCnotices5062025.txt,4697
"506 Carlton: Detour eastbound via Church St, Dundas St E, Broadview Ave and Gerrard St E due to a security incident. Started Tue Dec 2 0:54",route,,506,Carlton,"Detour eastbound via Church St, Dundas St E, Broadview Ave and Gerrard St E due to a security incident. Started Tue Dec 2 0:54",detour,disruption,eastbound,,,"Church St, Dundas St E, Broadview Ave and Gerrard St E",a security incident,2025-12-02T00:54:00-05:00,,506-Carlton,2025-12-02T00:54:00-05:00,2025-12-02T00:56:00-05:00,2025-12-02,00:54,America/Toronto,2025,TTCnotices5062025.txt,4235
506 Carlton Regular service has resumed eastbound near Gerrard St East at Broadview Ave. Started Tue Dec 2 0:57 Until Tue Dec 2 1:12,route,,506,Carlton,Regular service has resumed eastbound near Gerrard St East at Broadview Ave. Started Tue Dec 2 0:57 Until Tue Dec 2 1:12,service_resumed,resumed,eastbound,Gerrard St East at Broadview Ave,,,,2025-12-02T00:57:00-05:00,2025-12-02T01:12:00-05:00,506-Carlton,2025-12-02T00:58:00-05:00,2025-12-02T01:12:00-05:00,2025-12-02,00:57,America/Toronto,2025,TTCnotices5062025.txt,4238
"506 Carlton: Detour eastbound via Spadina Ave, Adelaide St E, Church St and Parliament St due to a security incident. Started Tue Dec 2 3:44",route,,506,Carlton,"Detour eastbound via Spadina Ave, Adelaide St E, Church St and Parliament St due to a security incident. Started Tue Dec 2 3:44",detour,disruption,eastbound,,,"Spadina Ave, Adelaide St E, Church St and Parliament St",a security incident,2025-12-02T03:44:00-05:00,,506-Carlton,2025-12-02T03:44:00-05:00,2025-12-02T04:10:00-05:00,2025-12-02,03:44,America/Toronto,2025,TTCnotices5062025.txt,4241
506 Carlton Regular service has resumed eastbound near Dundas St West at Bay St. Started Tue Dec 2 4:11 Until Tue Dec 2 4:26,route,,506,Carlton,Regular service has resumed eastbound near Dundas St West at Bay St. Started Tue Dec 2 4:11 Until Tue Dec 2 4:26,service_resumed,resumed,eastbound,Dundas St West at Bay St,,,,2025-12-02T04:11:00-05:00,2025-12-02T04:26:00-05:00,506-Carlton,2025-12-02T04:12:00-05:00,2025-12-02T04:26:00-05:00,2025-12-02,04:11,America/Toronto,2025,TTCnotices5062025.txt,4244
"506 Carlton: Detour westbound via Coxwell Ave, Queen St E and Broadview Ave while we deal with an operational problem. Started Tue Dec 2 10:23",route,,506,Carlton,"Detour westbound via Coxwell Ave, Queen St E and Broadview Ave while we deal with an operational problem. Started Tue Dec 2 10:23",detour,disruption,westbound,,,"Coxwell Ave, Queen St E and Broadview Ave",we deal with an operational problem,2025-12-02T10:23:00-05:00,,506-Carlton,2025-12-02T10:24:00-05:00,2025-12-02T10:26:00-05:00,2025-12-02,10:23,America/Toronto,2025,TTCnotices5062025.txt,4247
"506 Carlton: Detour eastbound via Coxwell Ave, Queen St E and Broadview Ave while we deal with an operational problem. Started Tue Dec 2 10:26",route,,506,Carlton,"Detour eastbound via Coxwell Ave, Queen St E and Broadview Ave while we deal with an operational problem. Started Tue Dec 2 10:26",detour,disruption,eastbound,,,"Coxwell Ave, Queen St E and Broadview Ave",we deal with an operational problem,2025-12-02T10:26:00-05:00,,506-Carlton,2025-12-02T10:28:00-05:00,2025-12-02T10:52:00-05:00,2025-12-02,10:26,America/Toronto,2025,TTCnotices5062025.txt,4250
506 Carlton Regular service has resumed eastbound near Gerrard St East at Broadview Ave. Started Tue Dec 2 10:52 Until Tue Dec 2 11:07,route,,506,Carlton,Regular service has resumed eastbound near Gerrard St East at Broadview Ave. Started Tue Dec 2 10:52 Until Tue Dec 2 11:07,service_resumed,resumed,eastbound,Gerrard St East at Broadview Ave,,,,2025-12-02T10:52:00-05:00,2025-12-02T11:07:00-05:00,506-Carlton,2025-12-02T10:54:00-05:00,2025-12-02T11:06:00-05:00,2025-12-02,10:52,America/Toronto,2025,TTCnotices5062025.txt,4253
"506 Carlton: Detour westbound via Coxwell Ave, Queen St E, Broadview Ave and Dundas St E while we deal with an operational problem. Started Tue Dec 2 12:39",route,,506,Carlton,"Detour westbound via Coxwell Ave, Queen St E, Broadview Ave and Dundas St E while we deal with an operational problem. Started Tue Dec 2 12:39",detour,disruption,westbound,,,"Coxwell Ave, Queen St E, Broadview Ave and Dundas St E",we deal with an operational problem,2025-12-02T12:39:00-05:00,,506-Carlton,2025-12-02T12:40:00-05:00,2025-12-02T12:42:00-05:00,2025-12-02,12:39,America/Toronto,2025,TTCnotices5062025.txt,4256
"506 Carlton: Detour westbound via Coxwell Ave, Queen St E, Broadview Ave, Dundas St E and Parliament St while we deal with an operational problem. Started Tue Dec 2 12:42",route,,506,Carlton,"Detour westbound via Coxwell Ave, Queen St E, Broadview Ave, Dundas St E and Parliament St while we deal with an operational problem. Started Tue Dec 2 12:42",detour,disruption,westbound,,,"Coxwell Ave, Queen St E, Broadview Ave, Dundas St E and Parliament St",we deal with an operational problem,2025-12-02T12:42:00-05:00,,506-Carlton,2025-12-02T12:44:00-05:00,2025-12-02T13:10:00-05:00,2025-12-02,12:42,America/Toronto,2025,TTCnotices5062025.txt,4259
506 Carlton Regular service has resumed westbound from Gerrard St East at Broadview Ave to Parliament St at Carlton St. Started Tue Dec 2 13:10 Until Tue Dec 2 13:25,route,,506,Carlton,Regular service has resumed westbound from Gerrard St East at Broadview Ave to Parliament St at Carlton St. Started Tue Dec 2 13:10 Until Tue Dec 2 13:25,service_resumed,resumed,westbound,Gerrard St East at Broadview Ave,Parliament St at Carlton St,,,2025-12-02T13:10:00-05:00,2025-12-02T13:25:00-05:00,506-Carlton,2025-12-02T13:10:00-05:00,2025-12-02T13:25:00-05:00,2025-12-02,13:10,America/Toronto,2025,TTCnotices5062025.txt,4262
506 Carlton: No service between Coxwell Ave at Gerrard St East and Main Street Station at Bay 7 due to a collision. Started Tue Dec 2 16:58,route,,506,Carlton,No service between Coxwell Ave at Gerrard St East and Main Street Station at Bay 7 due to a collision. Started Tue Dec 2 16:58,no_service,disruption,,Coxwell Ave at Gerrard St East,Main Street Station at Bay 7,,a collision,2025-12-02T16:58:00-05:00,,506-Carlton,2025-12-02T17:00:00-05:00,2025-12-02T17:14:00-05:00,2025-12-02,16:58,America/Toronto,2025,TTCnotices5062025.txt,4265
506 Carlton Regular service has resumed between Coxwell Ave at Gerrard St East and Main Street Station at Bay 7. Started Tue Dec 2 17:15 Until Tue Dec 2 17:30,route,,506,Carlton,Regular service has resumed between Coxwell Ave at Gerrard St East and Main Street Station at Bay 7. Started Tue Dec 2 17:15 Until Tue Dec 2 17:30,service_resumed,resumed,,Coxwell Ave at Gerrard St East,Main Street Station at Bay 7,,,2025-12-02T17:15:00-05:00,2025-12-02T17:30:00-05:00,506-Carlton,2025-12-02T17:16:00-05:00,2025-12-02T17:30:00-05:00,2025-12-02,17:15,America/Toronto,2025,TTCnotices5062025.txt,4268
506 Carlton: No service between Main Street Station at Bay 7 and Gerrard St East at Coxwell Ave while we respond to a medical emergency. Started Tue Dec 2 21:11,route,,506,Carlton,No service between Main Street Station at Bay 7 and Gerrard St East at Coxwell Ave while we respond to a medical emergency. Started Tue Dec 2 21:11,no_service,disruption,,Main Street Station at Bay 7,Gerrard St East at Coxwell Ave,,we respond to a medical emergency,2025-12-02T21:11:00-05:00,,506-Carlton,2025-12-02T21:12:00-05:00,2025-12-02T21:46:00-05:00,2025-12-02,21:11,America/Toronto,2025,TTCnotices5062025.txt,4271
506 Carlton Regular service has resumed between Main Street Station at Bay 7 and Gerrard St East at Coxwell Ave. Started Tue Dec 2 21:46 Until Tue Dec 2 22:01,route,,506,Carlton,Regular service has resumed between Main Street Station at Bay 7 and Gerrard St East at Coxwell Ave. Started Tue Dec 2 21:46 Until Tue Dec 2 22:01,service_resumed,resumed,,Main Street Station at Bay 7,Gerrard St East at Coxwell Ave,,,2025-12-02T21:46:00-05:00,2025-12-02T22:01:00-05:00,506-Carlton,2025-12-02T21:46:00-05:00,2025-12-02T22:00:00-05:00,2025-12-02,21:46,America/Toronto,2025,TTCnotices5062025.txt,4274
506 Carlton: Detour eastbound via Dundas St E and Parliament St while we respond to a medical emergency. Started Wed Dec 3 8:28,route,,506,Carlton,Detour eastbound via Dundas St E and Parliament St while we respond to a medical emergency. Started Wed Dec 3 8:28,detour,disruption,eastbound,,,Dundas St E and Parliament St,we respond to a medical emergency,2025-12-03T08:28:00-05:00,,506-Carlton,2025-12-03T08:30:00-05:00,2025-12-03T08:34:00-05:00,2025-12-03,08:28,America/Toronto,2025,TTCnotices5062025.txt,4277
506 Carlton: Detour eastbound via Dundas St E and Broadview Ave while we respond to a medical emergency. Started Wed Dec 3 8:34,route,,506,Carlton,Detour eastbound via Dundas St E and Broadview Ave while we respond to a medical emergency. Started Wed Dec 3 8:34,detour,disruption,eastbound,,,Dundas St E and Broadview Ave,we respond to a medical emergency,2025-12-03T08:34:00-05:00,,506-Carlton,2025-12-03T08:36:00-05:00,2025-12-03T09:06:00-05:00,2025-12-03,08:34,America/Toronto,2025,TTCnotices5062025.txt,4280
506 Carlton Regular service has resumed eastbound from Dundas St West at Bay St to Gerrard St East at Broadview Ave. Started Wed Dec 3 9:07 Until Wed Dec 3 9:22,route,,506,Carlton,Regular service has resumed eastbound from Dundas St West at Bay St to Gerrard St East at Broadview Ave. Started Wed Dec 3 9:07 Until Wed Dec 3 9:22,service_resumed,resumed,eastbound,Dundas St West at Bay St,Gerrard St East at Broadview Ave,,,2025-12-03T09:07:00-05:00,2025-12-03T09:22:00-05:00,506-Carlton,2025-12-03T09:08:00-05:00,2025-12-03T09:22:00-05:00,2025-12-03,09:07,America/Toronto,2025,TTCnotices5062025.txt,4283
Osgoode: Elevator out of service between concourse and Line 1 platform. Started Wed Dec 3 11:56,accessibility,Osgoode,,,Elevator out of service between concourse and Line 1 platform. Started Wed Dec 3 11:56,elevator_out_of_service,disruption,,concourse,Line 1 platform,,,2025-12-03T11:56:00-05:00,,506-Carlton,2025-12-03T11:58:00-05:00,2025-12-03T17:00:00-05:00,2025-12-03,11:56,America/Toronto,2025,TTCnotices5062025.txt,430
506 Carlton: Delays westbound near College St at Bathurst St while we deal with an operational problem. Started Wed Dec 3 13:05,route,,506,Carlton,Delays westbound near College St at Bathurst St while we deal with an operational problem. Started Wed Dec 3 13:05,delay,disruption,westbound,College St at Bathurst St,,,we deal with an operational problem,2025-12-03T13:05:00-05:00,,506-Carlton,2025-12-03T13:06:00-05:00,2025-12-03T13:38:00-05:00,2025-12-03,13:05,America/Toronto,2025,TTCnotices5062025.txt,4286
506 Carlton Regular service has resumed westbound near College St at Bathurst St. Started Wed Dec 3 13:38 Until Wed Dec 3 13:53,route,,506,Carlton,Regular service has resumed westbound near College St at Bathurst St. Started Wed Dec 3 13:38 Until Wed Dec 3 13:53,service_resumed,resumed,westbound,College St at Bathurst St,,,,2025-12-03T13:38:00-05:00,2025-12-03T13:53:00-05:00,506-Carlton,2025-12-03T13:40:00-05:00,2025-12-03T13:54:00-05:00,2025-12-03,13:38,America/Toronto,2025,TTCnotices5062025.txt,4289
Osgoode: Elevator back in service between concourse and Line 1 platform. Started Wed Dec 3 16:59 Until Wed Dec 3 17:14,accessibility,Osgoode,,,Elevator back in service between concourse and Line 1 platform. Started Wed Dec 3 16:59 Until Wed Dec 3 17:14,elevator_back_in_service,resumed,,concourse,Line 1 platform,,,2025-12-03T16:59:00-05:00,2025-12-03T17:14:00-05:00,506-Carlton,2025-12-03T17:00:00-05:00,2025-12-03T17:14:00-05:00,2025-12-03,16:59,America/Toronto,2025,TTCnotices5062025.txt,433
Main Street: Elevator out of service between concourse and Line 2 Kipling platform. Started Thu Dec 4 13:45,accessibility,Main Street,,,Elevator out of service between concourse and Line 2 Kipling platform. Started Thu Dec 4 13:45,elevator_out_of_service,disruption,,concourse,Line 2 Kipling platform,,,2025-12-04T13:45:00-05:00,,506-Carlton,2025-12-04T13:46:00-05:00,2025-12-04T15:00:00-05:00,2025-12-04,13:45,America/Toronto,2025,TTCnotices5062025.txt,436
Main Street: Elevator back in service between concourse and Line 2 Kipling platform. Started Thu Dec 4 15:01 Until Thu Dec 4 15:16,accessibility,Main Street,,,Elevator back in service between concourse and Line 2 Kipling platform. Started Thu Dec 4 15:01 Until Thu Dec 4 15:16,elevator_back_in_service,resumed,,concourse,Line 2 Kipling platform,,,2025-12-04T15:01:00-05:00,2025-12-04T15:16:00-05:00,506-Carlton,2025-12-04T15:02:00-05:00,2025-12-04T15:16:00-05:00,2025-12-04,15:01,America/Toronto,2025,TTCnotices5062025.txt,439
"506 Carlton: Detour eastbound via Adelaide St E, Church St, Dundas St E, Parliament St and Gerrard St E due to a blocked track. Started Sat Dec 6 14:49",route,,506,Carlton,"Detour eastbound via Adelaide St E, Church St, Dundas St E, Parliament St and Gerrard St E due to a blocked track. Started Sat Dec 6 14:49",detour,disruption,eastbound,,,"Adelaide St E, Church St, Dundas St E, Parliament St and Gerrard St E",a blocked track,2025-12-06T14:49:00-05:00,,506-Carlton,2025-12-06T14:50:00-05:00,2025-12-06T15:34:00-05:00,2025-12-06,14:49,America/Toronto,2025,TTCnotices5062025.txt,4292
506 Carlton Regular service has resumed eastbound from College St at Spadina Ave to Parliament St at Gerrard St East. Started Sat Dec 6 15:34 Until Sat Dec 6 15:49,route,,506,Carlton,Regular service has resumed eastbound from College St at Spadina Ave to Parliament St at Gerrard St East. Started Sat Dec 6 15:34 Until Sat Dec 6 15:49,service_resumed,resumed,eastbound,College St at Spadina Ave,Parliament St at Gerrard St East,,,2025-12-06T15:34:00-05:00,2025-12-06T15:49:00-05:00,506-Carlton,2025-12-06T15:36:00-05:00,2025-12-06T15:48:00-05:00,2025-12-06,15:34,America/Toronto,2025,TTCnotices5062025.txt,4295
506 Carlton: No service between Gerrard St East at Coxwell Ave and Main Street Station at Bay 7 due to a blocked track. Started Mon Dec 8 13:38,route,,506,Carlton,No service between Gerrard St East at Coxwell Ave and Main Street Station at Bay 7 due to a blocked track. Started Mon Dec 8 13:38,no_service,disruption,,Gerrard St East at Coxwell Ave,Main Street Station at Bay 7,,a blocked track,2025-12-08T13:38:00-05:00,,506-Carlton,2025-12-08T13:40:00-05:00,2025-12-08T13:42:00-05:00,2025-12-08,13:38,America/Toronto,2025,TTCnotices5062025.txt,4298
506 Carlton Regular service has resumed between Gerrard St East at Coxwell Ave and Main Street Station at Bay 7. Started Mon Dec 8 13:42 Until Mon Dec 8 13:57,route,,506,Carlton,Regular service has resumed between Gerrard St East at Coxwell Ave and Main Street Station at Bay 7. Started Mon Dec 8 13:42 Until Mon Dec 8 13:57,service_resumed,resumed,,Gerrard St East at Coxwell Ave,Main Street Station at Bay 7,,,2025-12-08T13:42:00-05:00,2025-12-08T13:57:00-05:00,506-Carlton,2025-12-08T13:44:00-05:00,2025-12-08T13:58:00-05:00,2025-12-08,13:42,America/Toronto,2025,TTCnotices5062025.txt,4301
"506 Carlton: Detour eastbound via Church St, Dundas St E, Broadview Ave, Queen St E and Coxwell Ave due to a security incident. Started Mon Dec 8 17:46 Shuttle buses ordered.",route,,506,Carlton,"Detour eastbound via Church St, Dundas St E, Broadview Ave, Queen St E and Coxwell Ave due to a security incident. Started Mon Dec 8 17:46 Shuttle buses ordered.",detour,disruption,eastbound,,,"Church St, Dundas St E, Broadview Ave, Queen St E and Coxwell Ave",a security incident,2025-12-08T17:46:00-05:00,,506-Carlton,2025-12-08T17:48:00-05:00,2025-12-08T18:28:00-05:00,2025-12-08,17:46,America/Toronto,2025,TTCnotices5062025.txt,4304
506 Carlton Regular service has resumed eastbound from High Park Loop to Main Street Station at Bay 7. Started Mon Dec 8 18:28 Until Mon Dec 8 18:43 Shuttle buses ordered.,route,,506,Carlton,Regular service has resumed eastbound from High Park Loop to Main Street Station at Bay 7. Started Mon Dec 8 18:28 Until Mon Dec 8 18:43 Shuttle buses ordered.,service_resumed,resumed,eastbound,High Park Loop,Main Street Station at Bay 7,,,2025-12-08T18:28:00-05:00,2025-12-08T18:43:00-05:00,506-Carlton,2025-12-08T18:28:00-05:00,2025-12-08T18:42:00-05:00,2025-12-08,18:28,America/Toronto,2025,TTCnotices5062025.txt,4308
Queen's Park: Elevator out of service between concourse and Line 1 platform. Started Tue Dec 9 5:53,accessibility,Queen's Park,,,Elevator out of service between concourse and Line 1 platform. Started Tue Dec 9 5:53,elevator_out_of_service,disruption,,concourse,Line 1 platform,,,2025-12-09T05:53:00-05:00,,506-Carlton,2025-12-09T05:54:00-05:00,2025-12-09T09:04:00-05:00,2025-12-09,05:53,America/Toronto,2025,TTCnotices5062025.txt,442
Queen's Park: Elevator back in service between concourse and Line 1 platform. Started Tue Dec 9 9:04 Until Tue Dec 9 9:19,accessibility,Queen's Park,,,Elevator back in service between concourse and Line 1 platform. Started Tue Dec 9 9:04 Until Tue Dec 9 9:19,elevator_back_in_service,resumed,,concourse,Line 1 platform,,,2025-12-09T09:04:00-05:00,2025-12-09T09:19:00-05:00,506-Carlton,2025-12-09T09:06:00-05:00,2025-12-09T09:18:00-05:00,2025-12-09,09:04,America/Toronto,2025,TTCnotices5062025.txt,445
"Main Street: Elevator out of service between Main St entrance, concourse and Line 2 Kennedy platform. Started Tue Dec 9 11:42",accessibility,Main Street,,,"Elevator out of service between Main St entrance, concourse and Line 2 Kennedy platform. Started Tue Dec 9 11:42",elevator_out_of_service,disruption,,"Main St entrance, concourse",Line 2 Kennedy platform,,,2025-12-09T11:42:00-05:00,,506-Carlton,2025-12-09T11:42:00-05:00,2025-12-09T16:00:00-05:00,2025-12-09,11:42,America/Toronto,2025,TTCnotices5062025.txt,448
506 Carlton: No service between Main Street Station at Bay 7 and Gerrard St East at Coxwell Ave due to a collision. Started Tue Dec 9 14:50,route,,506,Carlton,No service between Main Street Station at Bay 7 and Gerrard St East at Coxwell Ave due to a collision. Started Tue Dec 9 14:50,no_service,disruption,,Main Street Station at Bay 7,Gerrard St East at Coxwell Ave,,a collision,2025-12-09T14:50:00-05:00,,506-Carlton,2025-12-09T14:50:00-05:00,2025-12-09T16:34:00-05:00,2025-12-09,14:50,America/Toronto,2025,TTCnotices5062025.txt,4312
"Main Street: Elevator back in service between Main St entrance, concourse and Line 2 Kennedy platform. Started Tue Dec 9 15:59 Until Tue Dec 9 16:14",accessibility,Main Street,,,"Elevator back in service between Main St entrance, concourse and Line 2 Kennedy platform. Started Tue Dec 9 15:59 Until Tue Dec 9 16:14",elevator_back_in_service,resumed,,"Main St entrance, concourse",Line 2 Kennedy platform,,,2025-12-09T15:59:00-05:00,2025-12-09T16:14:00-05:00,506-Carlton,2025-12-09T16:00:00-05:00,2025-12-09T16:14:00-05:00,2025-12-09,15:59,America/Toronto,2025,TTCnotices5062025.txt,451
506 Carlton Regular service has resumed between Main Street Station at Bay 7 and Gerrard St East at Coxwell Ave. Started Tue Dec 9 16:35 Until Tue Dec 9 16:50,route,,506,Carlton,Regular service has resumed between Main Street Station at Bay 7 and Gerrard St East at Coxwell Ave. Started Tue Dec 9 16:35 Until Tue Dec 9 16:50,service_resumed,resumed,,Main Street Station at Bay 7,Gerrard St East at Coxwell Ave,,,2025-12-09T16:35:00-05:00,2025-12-09T16:50:00-05:00,506-Carlton,2025-12-09T16:36:00-05:00,2025-12-09T16:50:00-05:00,2025-12-09,16:35,America/Toronto,2025,TTCnotices5062025.txt,4315
"506 Carlton: Detour eastbound via Spadina Ave, Adelaide St E, Church St, Dundas St E and Parliament St while we respond to a medical emergency. Started Tue Dec 9 16:45",route,,506,Carlton,"Detour eastbound via Spadina Ave, Adelaide St E, Church St, Dundas St E and Parliament St while we respond to a medical emergency. Started Tue Dec 9 16:45",detour,disruption,eastbound,,,"Spadina Ave, Adelaide St E, Church St, Dundas St E and Parliament St",we respond to a medical emergency,2025-12-09T16:45:00-05:00,,506-Carlton,2025-12-09T16:46:00-05:00,2025-12-09T16:52:00-05:00,2025-12-09,16:45,America/Toronto,2025,TTCnotices5062025.txt,4318
506 Carlton Regular service has resumed eastbound from College St at Spadina Ave to Carlton St at Parliament St. Started Tue Dec 9 16:53 Until Tue Dec 9 17:08,route,,506,Carlton,Regular service has resumed eastbound from College St at Spadina Ave to Carlton St at Parliament St. Started Tue Dec 9 16:53 Until Tue Dec 9 17:08,service_resumed,resumed,eastbound,College St at Spadina Ave,Carlton St at Parliament St,,,2025-12-09T16:53:00-05:00,2025-12-09T17:08:00-05:00,506-Carlton,2025-12-09T16:54:00-05:00,2025-12-09T17:08:00-05:00,2025-12-09,16:53,America/Toronto,2025,TTCnotices5062025.txt,4321
"506 Carlton: Detour eastbound via Spadina Ave, Adelaide St E, Church St, Dundas St E and Parliament St due to a collision. Started Tue Dec 9 22:09",route,,506,Carlton,"Detour eastbound via Spadina Ave, Adelaide St E, Church St, Dundas St E and Parliament St due to a collision. Started Tue Dec 9 22:09",detour,disruption,eastbound,,,"Spadina Ave, Adelaide St E, Church St, Dundas St E and Parliament St",a collision,2025-12-09T22:09:00-05:00,,506-Carlton,2025-12-09T22:10:00-05:00,2025-12-09T22:14:00-05:00,2025-12-09,22:09,America/Toronto,2025,TTCnotices5062025.txt,4324
506 Carlton Regular service has resumed eastbound from College St at Spadina Ave to Carlton St at Parliament St. Started Tue Dec 9 22:14 Until Tue Dec 9 22:29,route,,506,Carlton,Regular service has resumed eastbound from College St at Spadina Ave to Carlton St at Parliament St. Started Tue Dec 9 22:14 Until Tue Dec 9 22:29,service_resumed,resumed,eastbound,College St at Spadina Ave,Carlton St at Parliament St,,,2025-12-09T22:14:00-05:00,2025-12-09T22:29:00-05:00,506-Carlton,2025-12-09T22:14:00-05:00,2025-12-09T22:28:00-05:00,2025-12-09,22:14,America/Toronto,2025,TTCnotices5062025.txt,4327
St Patrick: Elevator out of service between concourse and Line 1 platform. Started Thu Dec 11 6:48,accessibility,St Patrick,,,Elevator out of service between concourse and Line 1 platform. Started Thu Dec 11 6:48,elevator_out_of_service,disruption,,concourse,Line 1 platform,,,2025-12-11T06:48:00-05:00,,506-Carlton,2025-12-11T06:48:00-05:00,2025-12-11T13:36:00-05:00,2025-12-11,06:48,America/Toronto,2025,TTCnotices5062025.txt,454
St Patrick: Elevator back in service between concourse and Line 1 platform. Started Thu Dec 11 13:37 Until Thu Dec 11 13:52,accessibility,St Patrick,,,Elevator back in service between concourse and Line 1 platform. Started Thu Dec 11 13:37 Until Thu Dec 11 13:52,elevator_back_in_service,resumed,,concourse,Line 1 platform,,,2025-12-11T13:37:00-05:00,2025-12-11T13:52:00-05:00,506-Carlton,2025-12-11T13:38:00-05:00,2025-12-11T13:52:00-05:00,2025-12-11,13:37,America/Toronto,2025,TTCnotices5062025.txt,457
"506 Carlton: Detour westbound via Dundas St W, Ossington Ave and College St due to a blocked track. Started Thu Dec 11 19:11",route,,506,Carlton,"Detour westbound via Dundas St W, Ossington Ave and College St due to a blocked track. Started Thu Dec 11 19:11",detour,disruption,westbound,,,"Dundas St W, Ossington Ave and College St",a blocked track,2025-12-11T19:11:00-05:00,,506-Carlton,2025-12-11T19:12:00-05:00,2025-12-11T19:36:00-05:00,2025-12-11,19:11,America/Toronto,2025,TTCnotices5062025.txt,4330
506 Carlton Regular service has resumed westbound from Dundas St West at Spadina Ave to College St at Bathurst St. Started Thu Dec 11 19:35 Until Thu Dec 11 19:50,route,,506,Carlton,Regular service has resumed westbound from Dundas St West at Spadina Ave to College St at Bathurst St. Started Thu Dec 11 19:35 Until Thu Dec 11 19:50,service_resumed,resumed,westbound,Dundas St West at Spadina Ave,College St at Bathurst St,,,2025-12-11T19:35:00-05:00,2025-12-11T19:50:00-05:00,506-Carlton,2025-12-11T19:36:00-05:00,2025-12-11T19:50:00-05:00,2025-12-11,19:35,America/Toronto,2025,TTCnotices5062025.txt,4333
506 Carlton: Delays between High Park Loop and Main Street Station at Bay 7 while we deal with an operational problem. Started Sat Dec 13 5:19,route,,506,Carlton,Delays between High Park Loop and Main Street Station at Bay 7 while we deal with an operational problem. Started Sat Dec 13 5:19,delay,disruption,,High Park Loop,Main Street Station at Bay 7,,we deal with an operational problem,2025-12-13T05:19:00-05:00,,506-Carlton,2025-12-13T05:20:00-05:00,2025-12-13T05:42:00-05:00,2025-12-13,05:19,America/Toronto,2025,TTCnotices5062025.txt,4336
506 Carlton Regular service has resumed between High Park Loop and Main Street Station at Bay 7. Started Sat Dec 13 5:43 Until Sat Dec 13 5:58,route,,506,Carlton,Regular service has resumed between High Park Loop and Main Street Station at Bay 7. Started Sat Dec 13 5:43 Until Sat Dec 13 5:58,service_resumed,resumed,,High Park Loop,Main Street Station at Bay 7,,,2025-12-13T05:43:00-05:00,2025-12-13T05:58:00-05:00,506-Carlton,2025-12-13T05:44:00-05:00,2025-12-13T05:58:00-05:00,2025-12-13,05:43,America/Toronto,2025,TTCnotices5062025.txt,4339
"506 Carlton: Detour westbound via Parliament St, King St W and Spadina Ave due to a collision. Started Sat Dec 13 21:14",route,,506,Carlton,"Detour westbound via Parliament St, King St W and Spadina Ave due to a collision. Started Sat Dec 13 21:14",detour,disruption,westbound,,,"Parliament St, King St W and Spadina Ave",a collision,2025-12-13T21:14:00-05:00,,506-Carlton,2025-12-13T21:14:00-05:00,2025-12-13T21:42:00-05:00,2025-12-13,21:14,America/Toronto,2025,TTCnotices5062025.txt,4342
506 Carlton Regular service has resumed westbound near Dundas St West at University Ave - St Patrick Station. Started Sat Dec 13 21:41 Until Sat Dec 13 21:56,route,,506,Carlton,Regular service has resumed westbound near Dundas St West at University Ave - St Patrick Station. Started Sat Dec 13 21:41 Until Sat Dec 13 21:56,service_resumed,resumed,westbound,Dundas St West at University Ave - St Patrick Station,,,,2025-12-13T21:41:00-05:00,2025-12-13T21:56:00-05:00,506-Carlton,2025-12-13T21:42:00-05:00,2025-12-13T21:56:00-05:00,2025-12-13,21:41,America/Toronto,2025,TTCnotices5062025.txt,4345
"506 Carlton: Detour via Parliament St, Dundas St E, Church St, York St, Queen St W and Spadina Ave due to a collision. Started Sat Dec 13 21:46",route,,506,Carlton,"Detour via Parliament St, Dundas St E, Church St, York St, Queen St W and Spadina Ave due to a collision. Started Sat Dec 13 21:46",detour,disruption,,,,"Parliament St, Dundas St E, Church St, York St, Queen St W and Spadina Ave",a collision,2025-12-13T21:46:00-05:00,,506-Carlton,2025-12-13T21:48:00-05:00,2025-12-13T21:52:00-05:00,2025-12-13,21:46,America/Toronto,2025,TTCnotices5062025.txt,4348
"506 Carlton: Detour via Parliament St, Dundas St E, Church St, York St, Queen St W and Spadina Ave due to a collision. Started Sat Dec 13 21:52",route,,506,Carlton,"Detour via Parliament St, Dundas St E, Church St, York St, Queen St W and Spadina Ave due to a collision. Started Sat Dec 13 21:52",detour,disruption,,,,"Parliament St, Dundas St E, Church St, York St, Queen St W and Spadina Ave",a collision,2025-12-13T21:52:00-05:00,,506-Carlton,2025-12-13T21:54:00-05:00,2025-12-13T22:50:00-05:00,2025-12-13,21:52,America/Toronto,2025,TTCnotices5062025.txt,4351
506 Carlton Regular service has resumed near Dundas St West at Beverley St. Started Sat Dec 13 22:51 Until Sat Dec 13 23:06,route,,506,Carlton,Regular service has resumed near Dundas St West at Beverley St. Started Sat Dec 13 22:51 Until Sat Dec 13 23:06,service_resumed,resumed,,Dundas St West at Beverley St,,,,2025-12-13T22:51:00-05:00,2025-12-13T23:06:00-05:00,506-Carlton,2025-12-13T22:52:00-05:00,2025-12-13T23:06:00-05:00,2025-12-13,22:51,America/Toronto,2025,TTCnotices5062025.txt,4354
506 Carlton: Detour via Dundas St E and Parliament St while we deal with a disruptive customer. Started Mon Dec 15 19:01,route,,506,Carlton,Detour via Dundas St E and Parliament St while we deal with a disruptive customer. Started Mon Dec 15 19:01,detour,disruption,,,,Dundas St E and Parliament St,we deal with a disruptive customer,2025-12-15T19:01:00-05:00,,506-Carlton,2025-12-15T19:02:00-05:00,2025-12-15T19:04:00-05:00,2025-12-15,19:01,America/Toronto,2025,TTCnotices5062025.txt,4357
506 Carlton Regular service has resumed near Bay St at Elm St. Started Mon Dec 15 19:05 Until Mon Dec 15 19:20,route,,506,Carlton,Regular service has resumed near Bay St at Elm St. Started Mon Dec 15 19:05 Until Mon Dec 15 19:20,service_resumed,resumed,,Bay St at Elm St,,,,2025-12-15T19:05:00-05:00,2025-12-15T19:20:00-05:00,506-Carlton,2025-12-15T19:06:00-05:00,2025-12-15T19:20:00-05:00,2025-12-15,19:05,America/Toronto,2025,TTCnotices5062025.txt,4360
St Patrick: Elevator out of service between concourse and Line 1 platform. Started Wed Dec 17 7:25,accessibility,St Patrick,,,Elevator out of service between concourse and Line 1 platform. Started Wed Dec 17 7:25,elevator_out_of_service,disruption,,concourse,Line 1 platform,,,2025-12-17T07:25:00-05:00,,506-Carlton,2025-12-17T07:26:00-05:00,2025-12-17T12:56:00-05:00,2025-12-17,07:25,America/Toronto,2025,TTCnotices5062025.txt,460
Osgoode: Elevator out of service between concourse and Line 1 platform. Started Wed Dec 17 9:32,accessibility,Osgoode,,,Elevator out of service between concourse and Line 1 platform. Started Wed Dec 17 9:32,elevator_out_of_service,disruption,,concourse,Line 1 platform,,,2025-12-17T09:32:00-05:00,,506-Carlton,2025-12-17T09:32:00-05:00,2025-12-17T12:18:00-05:00,2025-12-17,09:32,America/Toronto,2025,TTCnotices5062025.txt,463
Osgoode: Elevator back in service between concourse and Line 1 platform. Started Wed Dec 17 12:19 Until Wed Dec 17 12:34,accessibility,Osgoode,,,Elevator back in service between concourse and Line 1 platform. Started Wed Dec 17 12:19 Until Wed Dec 17 12:34,elevator_back_in_service,resumed,,concourse,Line 1 platform,,,2025-12-17T12:19:00-05:00,2025-12-17T12:34:00-05:00,506-Carlton,2025-12-17T12:20:00-05:00,2025-12-17T12:34:00-05:00,2025-12-17,12:19,America/Toronto,2025,TTCnotices5062025.txt,466
St Patrick: Elevator back in service between concourse and Line 1 platform. Started Wed Dec 17 12:55 Until Wed Dec 17 13:10,accessibility,St Patrick,,,Elevator back in service between concourse and Line 1 platform. Started Wed Dec 17 12:55 Until Wed Dec 17 13:10,elevator_back_in_service,resumed,,concourse,Line 1 platform,,,2025-12-17T12:55:00-05:00,2025-12-17T13:10:00-05:00,506-Carlton,2025-12-17T12:56:00-05:00,2025-12-17T13:10:00-05:00,2025-12-17,12:55,America/Toronto,2025,TTCnotices5062025.txt,469
"TMU: Elevator out of service between Toronto Eaton Centre entrance, Line 1 Vaughan via Union platform, and underpass. Started Wed Dec 17 20:33",accessibility,TMU,,,"Elevator out of service between Toronto Eaton Centre entrance, Line 1 Vaughan via Union platform, and underpass. Started Wed Dec 17 20:33",elevator_out_of_service,disruption,,"Toronto Eaton Centre entrance, Line 1 Vaughan via Union platform,",underpass,,,2025-12-17T20:33:00-05:00,,506-Carlton,2025-12-17T20:34:00-05:00,2025-12-24T15:12:00-05:00,2025-12-17,20:33,America/Toronto,2025,TTCnotices5062025.txt,472
506 Carlton: No service between High Park Loop and College St at Lansdowne Ave due to a blocked track. Started Thu Dec 18 23:09,route,,506,Carlton,No service between High Park Loop and College St at Lansdowne Ave due to a blocked track. Started Thu Dec 18 23:09,no_service,disruption,,High Park Loop,College St at Lansdowne Ave,,a blocked track,2025-12-18T23:09:00-05:00,,506-Carlton,2025-12-18T23:10:00-05:00,2025-12-19T00:37:00-05:00,2025-12-18,23:09,America/Toronto,2025,TTCnotices5062025.txt,4363
506 Carlton: No service between High Park Loop and College St at Lansdowne Ave due to a blocked track. Shuttle buses are on the way. Started Fri Dec 19 0:37,route,,506,Carlton,No service between High Park Loop and College St at Lansdowne Ave due to a blocked track. Shuttle buses are on the way. Started Fri Dec 19 0:37,no_service,disruption,,High Park Loop,College St at Lansdowne Ave,,a blocked track. Shuttle buses are on the way,2025-12-19T00:37:00-05:00,,506-Carlton,2025-12-19T00:38:00-05:00,2025-12-19T00:40:00-05:00,2025-12-19,00:37,America/Toronto,2025,TTCnotices5062025.txt,4366
506 Carlton Regular service has resumed between High Park Loop and College St at Lansdowne Ave. Started Fri Dec 19 0:40 Until Fri Dec 19 0:55,route,,506,Carlton,Regular service has resumed between High Park Loop and College St at Lansdowne Ave. Started Fri Dec 19 0:40 Until Fri Dec 19 0:55,service_resumed,resumed,,High Park Loop,College St at Lansdowne Ave,,,2025-12-19T00:40:00-05:00,2025-12-19T00:55:00-05:00,506-Carlton,2025-12-19T00:40:00-05:00,2025-12-19T00:54:00-05:00,2025-12-19,00:40,America/Toronto,2025,TTCnotices5062025.txt,4369
506 Carlton: No service between Gerrard St East at Coxwell Ave and Main Street Station at Bay 7 due to a security incident. Started Fri Dec 19 2:16,route,,506,Carlton,No service between Gerrard St East at Coxwell Ave and Main Street Station at Bay 7 due to a security incident. Started Fri Dec 19 2:16,no_service,disruption,,Gerrard St East at Coxwell Ave,Main Street Station at Bay 7,,a security incident,2025-12-19T02:16:00-05:00,,506-Carlton,2025-12-19T02:16:00-05:00,2025-12-19T02:30:00-05:00,2025-12-19,02:16,America/Toronto,2025,TTCnotices5062025.txt,4372
506 Carlton Regular service has resumed between Gerrard St East at Coxwell Ave and Main Street Station at Bay 7. Started Fri Dec 19 2:29 Until Fri Dec 19 2:44,route,,506,Carlton,Regular service has resumed between Gerrard St East at Coxwell Ave and Main Street Station at Bay 7. Started Fri Dec 19 2:29 Until Fri Dec 19 2:44,service_resumed,resumed,,Gerrard St East at Coxwell Ave,Main Street Station at Bay 7,,,2025-12-19T02:29:00-05:00,2025-12-19T02:44:00-05:00,506-Carlton,2025-12-19T02:32:00-05:00,2025-12-19T02:44:00-05:00,2025-12-19,02:29,America/Toronto,2025,TTCnotices5062025.txt,4375
506 Carlton: No service between Main Street Station at Bay 7 and Gerrard St East at Coxwell Ave while we respond to a medical emergency. Started Sun Dec 21 11:48,route,,506,Carlton,No service between Main Street Station at Bay 7 and Gerrard St East at Coxwell Ave while we respond to a medical emergency. Started Sun Dec 21 11:48,no_service,disruption,,Main Street Station at Bay 7,Gerrard St East at Coxwell Ave,,we respond to a medical emergency,2025-12-21T11:48:00-05:00,,506-Carlton,2025-12-21T11:50:00-05:00,2025-12-21T12:03:00-05:00,2025-12-21,11:48,America/Toronto,2025,TTCnotices5062025.txt,4379
506 Carlton Regular service has resumed between Main Street Station at Bay 7 and Gerrard St East at Coxwell Ave. Started Sun Dec 21 12:03 Until Sun Dec 21 12:18,route,,506,Carlton,Regular service has resumed between Main Street Station at Bay 7 and Gerrard St East at Coxwell Ave. Started Sun Dec 21 12:03 Until Sun Dec 21 12:18,service_resumed,resumed,,Main Street Station at Bay 7,Gerrard St East at Coxwell Ave,,,2025-12-21T12:03:00-05:00,2025-12-21T12:18:00-05:00,506-Carlton,2025-12-21T12:04:00-05:00,2025-12-21T12:18:00-05:00,2025-12-21,12:03,America/Toronto,2025,TTCnotices5062025.txt,4382
Queen's Park: Elevator out of service between concourse and Line 1 platform. Started Sun Dec 21 14:21,accessibility,Queen's Park,,,Elevator out of service between concourse and Line 1 platform. Started Sun Dec 21 14:21,elevator_out_of_service,disruption,,concourse,Line 1 platform,,,2025-12-21T14:21:00-05:00,,506-Carlton,2025-12-21T14:22:00-05:00,2025-12-22T18:22:00-05:00,2025-12-21,14:21,America/Toronto,2025,TTCnotices5062025.txt,475
506 Carlton: Detour via Bathurst St and Dundas St W due to a collision. Started Sun Dec 21 17:15,route,,506,Carlton,Detour via Bathurst St and Dundas St W due to a collision. Started Sun Dec 21 17:15,detour,disruption,,,,Bathurst St and Dundas St W,a collision,2025-12-21T17:15:00-05:00,,506-Carlton,2025-12-21T17:16:00-05:00,2025-12-21T17:38:00-05:00,2025-12-21,17:15,America/Toronto,2025,TTCnotices5062025.txt,4385
506 Carlton: Detour via Bathurst St and Dundas St W due to a collision. Started Sun Dec 21 17:15,route,,506,Carlton,Detour via Bathurst St and Dundas St W due to a collision. Started Sun Dec 21 17:15,detour,disruption,,,,Bathurst St and Dundas St W,a collision,2025-12-21T17:15:00-05:00,,506-Carlton,2025-12-21T17:40:00-05:00,2025-12-21T17:50:00-05:00,2025-12-21,17:15,America/Toronto,2025,TTCnotices5062025.txt,4388
506 Carlton: Detour westbound via Bathurst St and Dundas St W due to a collision. Started Sun Dec 21 17:51,route,,506,Carlton,Detour westbound via Bathurst St and Dundas St W due to a collision. Started Sun Dec 21 17:51,detour,disruption,westbound,,,Bathurst St and Dundas St W,a collision,2025-12-21T17:51:00-05:00,,506-Carlton,2025-12-21T17:52:00-05:00,2025-12-21T18:00:00-05:00,2025-12-21,17:51,America/Toronto,2025,TTCnotices5062025.txt,4391
506 Carlton Regular service has resumed westbound from College St at Ossington Ave to Howard Park Ave at Parkside Dr. Started Sun Dec 21 17:59 Until Sun Dec 21 18:14,route,,506,Carlton,Regular service has resumed westbound from College St at Ossington Ave to Howard Park Ave at Parkside Dr. Started Sun Dec 21 17:59 Until Sun Dec 21 18:14,service_resumed,resumed,westbound,College St at Ossington Ave,Howard Park Ave at Parkside Dr,,,2025-12-21T17:59:00-05:00,2025-12-21T18:14:00-05:00,506-Carlton,2025-12-21T18:00:00-05:00,2025-12-21T18:14:00-05:00,2025-12-21,17:59,America/Toronto,2025,TTCnotices5062025.txt,4394
Queen's Park: Elevator back in service between concourse and Line 1 platform. Started Mon Dec 22 18:22 Until Mon Dec 22 18:37,accessibility,Queen's Park,,,Elevator back in service between concourse and Line 1 platform. Started Mon Dec 22 18:22 Until Mon Dec 22 18:37,elevator_back_in_service,resumed,,concourse,Line 1 platform,,,2025-12-22T18:22:00-05:00,2025-12-22T18:37:00-05:00,506-Carlton,2025-12-22T18:24:00-05:00,2025-12-22T18:38:00-05:00,2025-12-22,18:22,America/Toronto,2025,TTCnotices5062025.txt,478
"506 Carlton: Detour westbound via Broadview Ave, Dundas St E and Parliament St while we respond to a medical emergency. Started Mon Dec 22 18:38",route,,506,Carlton,"Detour westbound via Broadview Ave, Dundas St E and Parliament St while we respond to a medical emergency. Started Mon Dec 22 18:38",detour,disruption,westbound,,,"Broadview Ave, Dundas St E and Parliament St",we respond to a medical emergency,2025-12-22T18:38:00-05:00,,506-Carlton,2025-12-22T18:40:00-05:00,2025-12-22T19:10:00-05:00,2025-12-22,18:38,America/Toronto,2025,TTCnotices5062025.txt,4398
506 Carlton Regular service has resumed westbound near Gerrard St East at River St. Started Mon Dec 22 19:10 Until Mon Dec 22 19:25,route,,506,Carlton,Regular service has resumed westbound near Gerrard St East at River St. Started Mon Dec 22 19:10 Until Mon Dec 22 19:25,service_resumed,resumed,westbound,Gerrard St East at River St,,,,2025-12-22T19:10:00-05:00,2025-12-22T19:25:00-05:00,506-Carlton,2025-12-22T19:12:00-05:00,2025-12-22T19:26:00-05:00,2025-12-22,19:10,America/Toronto,2025,TTCnotices5062025.txt,4401
506 Carlton: Delays between High Park Loop and College St at Lansdowne Ave while we deal with a disruptive customer. Started Tue Dec 23 0:59,route,,506,Carlton,Delays between High Park Loop and College St at Lansdowne Ave while we deal with a disruptive customer. Started Tue Dec 23 0:59,delay,disruption,,High Park Loop,College St at Lansdowne Ave,,we deal with a disruptive customer,2025-12-23T00:59:00-05:00,,506-Carlton,2025-12-23T01:00:00-05:00,2025-12-23T01:04:00-05:00,2025-12-23,00:59,America/Toronto,2025,TTCnotices5062025.txt,4404
506 Carlton: Delays between High Park Loop and College St at Lansdowne Ave while we deal with a disruptive customer. Started Tue Dec 23 0:59,route,,506,Carlton,Delays between High Park Loop and College St at Lansdowne Ave while we deal with a disruptive customer. Started Tue Dec 23 0:59,delay,disruption,,High Park Loop,College St at Lansdowne Ave,,we deal with a disruptive customer,2025-12-23T00:59:00-05:00,,506-Carlton,2025-12-23T01:06:00-05:00,2025-12-23T01:24:00-05:00,2025-12-23,00:59,America/Toronto,2025,TTCnotices5062025.txt,4407
506 Carlton Regular service has resumed between High Park Loop and College St at Lansdowne Ave. Started Tue Dec 23 1:25 Until Tue Dec 23 1:40,route,,506,Carlton,Regular service has resumed between High Park Loop and College St at Lansdowne Ave. Started Tue Dec 23 1:25 Until Tue Dec 23 1:40,service_resumed,resumed,,High Park Loop,College St at Lansdowne Ave,,,2025-12-23T01:25:00-05:00,2025-12-23T01:40:00-05:00,506-Carlton,2025-12-23T01:26:00-05:00,2025-12-23T01:40:00-05:00,2025-12-23,01:25,America/Toronto,2025,TTCnotices5062025.txt,4410
506 Carlton: Delays eastbound near Gerrard St East at De Grassi St while we respond to a medical emergency. Started Wed Dec 24 5:53,route,,506,Carlton,Delays eastbound near Gerrard St East at De Grassi St while we respond to a medical emergency. Started Wed Dec 24 5:53,delay,disruption,eastbound,Gerrard St East at De Grassi St,,,we respond to a medical emergency,2025-12-24T05:53:00-05:00,,506-Carlton,2025-12-24T05:54:00-05:00,2025-12-24T06:04:00-05:00,2025-12-24,05:53,America/Toronto,2025,TTCnotices5062025.txt,4413
506 Carlton Regular service has resumed eastbound near Gerrard St East at De Grassi St. Started Wed Dec 24 6:03 Until Wed Dec 24 6:18,route,,506,Carlton,Regular service has resumed eastbound near Gerrard St East at De Grassi St. Started Wed Dec 24 6:03 Until Wed Dec 24 6:18,service_resumed,resumed,eastbound,Gerrard St East at De Grassi St,,,,2025-12-24T06:03:00-05:00,2025-12-24T06:18:00-05:00,506-Carlton,2025-12-24T06:04:00-05:00,2025-12-24T06:18:00-05:00,2025-12-24,06:03,America/Toronto,2025,TTCnotices5062025.txt,4416
"TMU: Elevator back in service between Toronto Eaton Centre entrance, Line 1 Vaughan via Union platform, and underpass. Started Wed Dec 24 15:14 Until Wed Dec 24 15:29",accessibility,TMU,,,"Elevator back in service between Toronto Eaton Centre entrance, Line 1 Vaughan via Union platform, and underpass. Started Wed Dec 24 15:14 Until Wed Dec 24 15:29",elevator_back_in_service,resumed,,"Toronto Eaton Centre entrance, Line 1 Vaughan via Union platform,",underpass,,,2025-12-24T15:14:00-05:00,2025-12-24T15:29:00-05:00,506-Carlton,2025-12-24T15:14:00-05:00,2025-12-24T15:28:00-05:00,2025-12-24,15:14,America/Toronto,2025,TTCnotices5062025.txt,481
"506 Carlton: Detour eastbound via Church St, Dundas St E and Parliament St while we respond to a medical emergency. Started Wed Dec 24 17:05",route,,506,Carlton,"Detour eastbound via Church St, Dundas St E and Parliament St while we respond to a medical emergency. Started Wed Dec 24 17:05",detour,disruption,eastbound,,,"Church St, Dundas St E and Parliament St",we respond to a medical emergency,2025-12-24T17:05:00-05:00,,506-Carlton,2025-12-24T17:06:00-05:00,2025-12-24T17:18:00-05:00,2025-12-24,17:05,America/Toronto,2025,TTCnotices5062025.txt,4419
506 Carlton Regular service has resumed eastbound from Parliament St at Gerrard St East to Gerrard St East at Broadview Ave. Started Wed Dec 24 17:18 Until Wed Dec 24 17:33,route,,506,Carlton,Regular service has resumed eastbound from Parliament St at Gerrard St East to Gerrard St East at Broadview Ave. Started Wed Dec 24 17:18 Until Wed Dec 24 17:33,service_resumed,resumed,eastbound,Parliament St at Gerrard St East,Gerrard St East at Broadview Ave,,,2025-12-24T17:18:00-05:00,2025-12-24T17:33:00-05:00,506-Carlton,2025-12-24T17:20:00-05:00,2025-12-24T17:34:00-05:00,2025-12-24,17:18,America/Toronto,2025,TTCnotices5062025.txt,4422
506 Carlton: No service between Main Street Station at Bay 7 and Gerrard St East at Coxwell Ave due to a security incident. Started Wed Dec 24 21:09,route,,506,Carlton,No service between Main Street Station at Bay 7 and Gerrard St East at Coxwell Ave due to a security incident. Started Wed Dec 24 21:09,no_service,disruption,,Main Street Station at Bay 7,Gerrard St East at Coxwell Ave,,a security incident,2025-12-24T21:09:00-05:00,,506-Carlton,2025-12-24T21:10:00-05:00,2025-12-24T21:14:00-05:00,2025-12-24,21:09,America/Toronto,2025,TTCnotices5062025.txt,4425
506 Carlton Regular service has resumed between Main Street Station at Bay 7 and Gerrard St East at Coxwell Ave. Started Wed Dec 24 21:15 Until Wed Dec 24 21:30,route,,506,Carlton,Regular service has resumed between Main Street Station at Bay 7 and Gerrard St East at Coxwell Ave. Started Wed Dec 24 21:15 Until Wed Dec 24 21:30,service_resumed,resumed,,Main Street Station at Bay 7,Gerrard St East at Coxwell Ave,,,2025-12-24T21:15:00-05:00,2025-12-24T21:30:00-05:00,506-Carlton,2025-12-24T21:16:00-05:00,2025-12-24T21:28:00-05:00,2025-12-24,21:15,America/Toronto,2025,TTCnotices5062025.txt,4428
506 Carlton: No service eastbound from High Park Loop to College St at Bathurst St while we fix a mechanical problem. Shuttle buses are on the way. Started Fri Dec 26 10:24,route,,506,Carlton,No service eastbound from High Park Loop to College St at Bathurst St while we fix a mechanical problem. Shuttle buses are on the way. Started Fri Dec 26 10:24,no_service,disruption,eastbound,High Park Loop,College St at Bathurst St,,we fix a mechanical problem. Shuttle buses are on the way,2025-12-26T10:24:00-05:00,,506-Carlton,2025-12-26T10:26:00-05:00,2025-12-26T11:08:00-05:00,2025-12-26,10:24,America/Toronto,2025,TTCnotices5062025.txt,4431
506 Carlton: No service eastbound from High Park Loop to College St at Lansdowne Ave while we fix a mechanical problem. Shuttle buses are on the way. Started Fri Dec 26 11:09,route,,506,Carlton,No service eastbound from High Park Loop to College St at Lansdowne Ave while we fix a mechanical problem. Shuttle buses are on the way. Started Fri Dec 26 11:09,no_service,disruption,eastbound,High Park Loop,College St at Lansdowne Ave,,we fix a mechanical problem. Shuttle buses are on the way,2025-12-26T11:09:00-05:00,,506-Carlton,2025-12-26T11:10:00-05:00,2025-12-26T16:14:00-05:00,2025-12-26,11:09,America/Toronto,2025,TTCnotices5062025.txt,4434
506 Carlton Regular service has resumed eastbound from High Park Loop to College St at Lansdowne Ave. Started Fri Dec 26 16:14 Until Fri Dec 26 16:29,route,,506,Carlton,Regular service has resumed eastbound from High Park Loop to College St at Lansdowne Ave. Started Fri Dec 26 16:14 Until Fri Dec 26 16:29,service_resumed,resumed,eastbound,High Park Loop,College St at Lansdowne Ave,,,2025-12-26T16:14:00-05:00,2025-12-26T16:29:00-05:00,506-Carlton,2025-12-26T16:16:00-05:00,2025-12-26T16:30:00-05:00,2025-12-26,16:14,America/Toronto,2025,TTCnotices5062025.txt,4437
506 Carlton: No service between College St at Lansdowne Ave and High Park Loop due to a track problem. Started Sat Dec 27 9:43,route,,506,Carlton,No service between College St at Lansdowne Ave and High Park Loop due to a track problem. Started Sat Dec 27 9:43,no_service,disruption,,College St at Lansdowne Ave,High Park Loop,,a track problem,2025-12-27T09:43:00-05:00,,506-Carlton,2025-12-27T09:44:00-05:00,2025-12-27T10:31:00-05:00,2025-12-27,09:43,America/Toronto,2025,TTCnotices5062025.txt,4441
506 Carlton Regular service has resumed between College St at Lansdowne Ave and High Park Loop. Started Sat Dec 27 10:31 Until Sat Dec 27 10:46,route,,506,Carlton,Regular service has resumed between College St at Lansdowne Ave and High Park Loop. Started Sat Dec 27 10:31 Until Sat Dec 27 10:46,service_resumed,resumed,,College St at Lansdowne Ave,High Park Loop,,,2025-12-27T10:31:00-05:00,2025-12-27T10:46:00-05:00,506-Carlton,2025-12-27T10:32:00-05:00,2025-12-27T10:44:00-05:00,2025-12-27,10:31,America/Toronto,2025,TTCnotices5062025.txt,4444
"506 Carlton: Detour westbound via Broadview Ave, Dundas St E and Parliament St due to a collision. Started Sat Dec 27 14:41",route,,506,Carlton,"Detour westbound via Broadview Ave, Dundas St E and Parliament St due to a collision. Started Sat Dec 27 14:41",detour,disruption,westbound,,,"Broadview Ave, Dundas St E and Parliament St",a collision,2025-12-27T14:41:00-05:00,,506-Carlton,2025-12-27T14:42:00-05:00,2025-12-27T15:04:00-05:00,2025-12-27,14:41,America/Toronto,2025,TTCnotices5062025.txt,4447
506 Carlton Regular service has resumed westbound from Gerrard St East at River St to Gerrard St East at Parliament St. Started Sat Dec 27 15:05 Until Sat Dec 27 15:20,route,,506,Carlton,Regular service has resumed westbound from Gerrard St East at River St to Gerrard St East at Parliament St. Started Sat Dec 27 15:05 Until Sat Dec 27 15:20,service_resumed,resumed,westbound,Gerrard St East at River St,Gerrard St East at Parliament St,,,2025-12-27T15:05:00-05:00,2025-12-27T15:20:00-05:00,506-Carlton,2025-12-27T15:06:00-05:00,2025-12-27T15:20:00-05:00,2025-12-27,15:05,America/Toronto,2025,TTCnotices5062025.txt,4450
"506 Carlton: Detour eastbound via Ossington Ave, Dundas St E and Spadina Ave due to a security incident. Started Sat Dec 27 19:25",route,,506,Carlton,"Detour eastbound via Ossington Ave, Dundas St E and Spadina Ave due to a security incident. Started Sat Dec 27 19:25",detour,disruption,eastbound,,,"Ossington Ave, Dundas St E and Spadina Ave",a security incident,2025-12-27T19:25:00-05:00,,506-Carlton,2025-12-27T19:27:00-05:00,2025-12-27T19:45:00-05:00,2025-12-27,19:25,America/Toronto,2025,TTCnotices5062025.txt,4453
506 Carlton Regular service has resumed eastbound from College St at Spadina Ave to College St at University Ave - Queen's Park Station. Started Sat Dec 27 19:44 Until Sat Dec 27 19:59,route,,506,Carlton,Regular service has resumed eastbound from College St at Spadina Ave to College St at University Ave - Queen's Park Station. Started Sat Dec 27 19:44 Until Sat Dec 27 19:59,service_resumed,resumed,eastbound,College St at Spadina Ave,College St at University Ave - Queen's Park Station,,,2025-12-27T19:44:00-05:00,2025-12-27T19:59:00-05:00,506-Carlton,2025-12-27T19:46:00-05:00,2025-12-27T19:58:00-05:00,2025-12-27,19:44,America/Toronto,2025,TTCnotices5062025.txt,4456
"506 Carlton: Detour eastbound via Mccaul St, Dundas St W and Bay St due to a security incident. Started Sat Dec 27 22:09",route,,506,Carlton,"Detour eastbound via Mccaul St, Dundas St W and Bay St due to a security incident. Started Sat Dec 27 22:09",detour,disruption,eastbound,,,"Mccaul St, Dundas St W and Bay St",a security incident,2025-12-27T22:09:00-05:00,,506-Carlton,2025-12-27T22:10:00-05:00,2025-12-27T22:10:00-05:00,2025-12-27,22:09,America/Toronto,2025,TTCnotices5062025.txt,4459
506 Carlton Regular service has resumed eastbound from College St at McCaul St to Dundas St West at Bay St. Started Sat Dec 27 22:11 Until Sat Dec 27 22:26,route,,506,Carlton,Regular service has resumed eastbound from College St at McCaul St to Dundas St West at Bay St. Started Sat Dec 27 22:11 Until Sat Dec 27 22:26,service_resumed,resumed,eastbound,College St at McCaul St,Dundas St West at Bay St,,,2025-12-27T22:11:00-05:00,2025-12-27T22:26:00-05:00,506-Carlton,2025-12-27T22:12:00-05:00,2025-12-27T22:26:00-05:00,2025-12-27,22:11,America/Toronto,2025,TTCnotices5062025.txt,4462
506 Carlton: No service between College St at Bathurst St and College St at Ossington Ave due to a collision. Started Sun Dec 28 1:37,route,,506,Carlton,No service between College St at Bathurst St and College St at Ossington Ave due to a collision. Started Sun Dec 28 1:37,no_service,disruption,,College St at Bathurst St,College St at Ossington Ave,,a collision,2025-12-28T01:37:00-05:00,,506-Carlton,2025-12-28T01:38:00-05:00,2025-12-28T01:58:00-05:00,2025-12-28,01:37,America/Toronto,2025,TTCnotices5062025.txt,4465
506 Carlton Regular service has resumed between College St at Bathurst St and College St at Ossington Ave. Started Sun Dec 28 1:58 Until Sun Dec 28 2:13,route,,506,Carlton,Regular service has resumed between College St at Bathurst St and College St at Ossington Ave. Started Sun Dec 28 1:58 Until Sun Dec 28 2:13,service_resumed,resumed,,College St at Bathurst St,College St at Ossington Ave,,,2025-12-28T01:58:00-05:00,2025-12-28T02:13:00-05:00,506-Carlton,2025-12-28T02:00:00-05:00,2025-12-28T02:12:00-05:00,2025-12-28,01:58,America/Toronto,2025,TTCnotices5062025.txt,4468
506 Carlton: No service between Main Street Station at Bay 7 and Gerrard St East at Coxwell Ave due to a blocked track. Started Sun Dec 28 20:49,route,,506,Carlton,No service between Main Street Station at Bay 7 and Gerrard St East at Coxwell Ave due to a blocked track. Started Sun Dec 28 20:49,no_service,disruption,,Main Street Station at Bay 7,Gerrard St East at Coxwell Ave,,a blocked track,2025-12-28T20:49:00-05:00,,506-Carlton,2025-12-28T20:50:00-05:00,2025-12-28T20:58:00-05:00,2025-12-28,20:49,America/Toronto,2025,TTCnotices5062025.txt,4471
506 Carlton Regular service has resumed between Main Street Station at Bay 7 and Gerrard St East at Coxwell Ave. Started Sun Dec 28 20:58 Until Sun Dec 28 21:13,route,,506,Carlton,Regular service has resumed between Main Street Station at Bay 7 and Gerrard St East at Coxwell Ave. Started Sun Dec 28 20:58 Until Sun Dec 28 21:13,service_resumed,resumed,,Main Street Station at Bay 7,Gerrard St East at Coxwell Ave,,,2025-12-28T20:58:00-05:00,2025-12-28T21:13:00-05:00,506-Carlton,2025-12-28T21:00:00-05:00,2025-12-28T21:12:00-05:00,2025-12-28,20:58,America/Toronto,2025,TTCnotices5062025.txt,4474
506 Carlton: Detour via Bathurst St and Dundas St W while we fix a mechanical problem. Started Sun Dec 28 21:34,route,,506,Carlton,Detour via Bathurst St and Dundas St W while we fix a mechanical problem. Started Sun Dec 28 21:34,detour,disruption,,,,Bathurst St and Dundas St W,we fix a mechanical problem,2025-12-28T21:34:00-05:00,,506-Carlton,2025-12-28T21:36:00-05:00,2025-12-28T21:36:00-05:00,2025-12-28,21:34,America/Toronto,2025,TTCnotices5062025.txt,4477
506 Carlton: Detour westbound via Bathurst St and Dundas St W while we fix a mechanical problem. Started Sun Dec 28 21:36,route,,506,Carlton,Detour westbound via Bathurst St and Dundas St W while we fix a mechanical problem. Started Sun Dec 28 21:36,detour,disruption,westbound,,,Bathurst St and Dundas St W,we fix a mechanical problem,2025-12-28T21:36:00-05:00,,506-Carlton,2025-12-28T21:38:00-05:00,2025-12-28T22:12:00-05:00,2025-12-28,21:36,America/Toronto,2025,TTCnotices5062025.txt,4480
506 Carlton Regular service has resumed westbound from College St at Bathurst St to Dundas St West at Sterling Rd. Started Sun Dec 28 22:12 Until Sun Dec 28 22:27,route,,506,Carlton,Regular service has resumed westbound from College St at Bathurst St to Dundas St West at Sterling Rd. Started Sun Dec 28 22:12 Until Sun Dec 28 22:27,service_resumed,resumed,westbound,College St at Bathurst St,Dundas St West at Sterling Rd,,,2025-12-28T22:12:00-05:00,2025-12-28T22:27:00-05:00,506-Carlton,2025-12-28T22:14:00-05:00,2025-12-28T22:26:00-05:00,2025-12-28,22:12,America/Toronto,2025,TTCnotices5062025.txt,4483
"506 Carlton: Detour westbound via Bathurst St, Dundas St W and Ossington Ave due to a blocked track. Started Mon Dec 29 1:25",route,,506,Carlton,"Detour westbound via Bathurst St, Dundas St W and Ossington Ave due to a blocked track. Started Mon Dec 29 1:25",detour,disruption,westbound,,,"Bathurst St, Dundas St W and Ossington Ave",a blocked track,2025-12-29T01:25:00-05:00,,506-Carlton,2025-12-29T01:26:00-05:00,2025-12-29T01:32:00-05:00,2025-12-29,01:25,America/Toronto,2025,TTCnotices5062025.txt,4486
506 Carlton Regular service has resumed westbound from College St at Grace St to College St at Dovercourt Rd. Started Mon Dec 29 1:33 Until Mon Dec 29 1:48,route,,506,Carlton,Regular service has resumed westbound from College St at Grace St to College St at Dovercourt Rd. Started Mon Dec 29 1:33 Until Mon Dec 29 1:48,service_resumed,resumed,westbound,College St at Grace St,College St at Dovercourt Rd,,,2025-12-29T01:33:00-05:00,2025-12-29T01:48:00-05:00,506-Carlton,2025-12-29T01:34:00-05:00,2025-12-29T01:34:00-05:00,2025-12-29,01:33,America/Toronto,2025,TTCnotices5062025.txt,4489
506 Carlton: No service between High Park Loop and College St at Lansdowne Ave due to a power failure. Started Mon Dec 29 11:36,route,,506,Carlton,No service between High Park Loop and College St at Lansdowne Ave due to a power failure. Started Mon Dec 29 11:36,no_service,disruption,,High Park Loop,College St at Lansdowne Ave,,a power failure,2025-12-29T11:36:00-05:00,,506-Carlton,2025-12-29T11:38:00-05:00,2025-12-29T15:46:00-05:00,2025-12-29,11:36,America/Toronto,2025,TTCnotices5062025.txt,4492
506 Carlton Regular service has resumed between High Park Loop and College St at Lansdowne Ave. Started Mon Dec 29 15:47 Until Mon Dec 29 16:02,route,,506,Carlton,Regular service has resumed between High Park Loop and College St at Lansdowne Ave. Started Mon Dec 29 15:47 Until Mon Dec 29 16:02,service_resumed,resumed,,High Park Loop,College St at Lansdowne Ave,,,2025-12-29T15:47:00-05:00,2025-12-29T16:02:00-05:00,506-Carlton,2025-12-29T15:48:00-05:00,2025-12-29T16:02:00-05:00,2025-12-29,15:47,America/Toronto,2025,TTCnotices5062025.txt,4495
"506 Carlton: Detour westbound via Parliament St, Dundas St W and Church St due to debris on the tracks. Started Tue Dec 30 10:14",route,,506,Carlton,"Detour westbound via Parliament St, Dundas St W and Church St due to debris on the tracks. Started Tue Dec 30 10:14",detour,disruption,westbound,,,"Parliament St, Dundas St W and Church St",debris on the tracks,2025-12-30T10:14:00-05:00,,506-Carlton,2025-12-30T10:14:00-05:00,2025-12-30T11:48:00-05:00,2025-12-30,10:14,America/Toronto,2025,TTCnotices5062025.txt,4498
"506 Carlton Regular service has resumed westbound from Gerrard St East at Parliament St to Carlton St at Church St. Started Tue Dec 30 11:49 Until Tue Dec 30 12:04 Express Bus 2025 New Years Eve Express Bus December 31, 2024 - 12:00 AM to January 1, 2025 - 02:00 AM",route,,506,Carlton,"Regular service has resumed westbound from Gerrard St East at Parliament St to Carlton St at Church St. Started Tue Dec 30 11:49 Until Tue Dec 30 12:04 Express Bus 2025 New Years Eve Express Bus December 31, 2024 - 12:00 AM to January 1, 2025 - 02:00 AM",service_resumed,resumed,westbound,Gerrard St East at Parliament St,Carlton St at Church St,,,2025-12-30T11:49:00-05:00,2025-12-30T12:04:00-05:00,506-Carlton,2025-12-30T11:50:00-05:00,2025-12-30T12:04:00-05:00,2025-12-30,11:49,America/Toronto,2025,TTCnotices5062025.txt,4501
